data,pm10,so2,no2,o3,co
2021-01-01 00:00:00,31.55,4.63,4.63,8.61,
2021-01-01 01:00:00,29.24,4.79,3.66,8.42,
2021-01-01 02:00:00,27.96,4.56,4.37,8.37,
2021-01-01 03:00:00,15.55,4.53,3.98,8.47,
2021-01-01 04:00:00,6,4.48,3.51,7.87,
2021-01-01 05:00:00,6,4.52,4.66,5.43,
2021-01-01 06:00:00,6,4.42,6.54,2.8,
2021-01-01 07:00:00,15.68,4.55,5.17,5.24,
2021-01-01 08:00:00,6,4.48,1.75,10.92,
2021-01-01 09:00:00,6,4.41,0.47,12.32,
2021-01-01 10:00:00,13.5,4.42,0.47,12.37,
2021-01-01 11:00:00,6,4.5,0.47,13.14,
2021-01-01 12:00:00,6,4.51,0.47,13.31,
2021-01-01 13:00:00,6,4.39,0.47,14.29,
2021-01-01 14:00:00,6,4.42,0.47,15.04,
2021-01-01 15:00:00,6,4.51,0.47,14.9,
2021-01-01 16:00:00,6,4.37,0.47,14.74,
2021-01-01 17:00:00,6,4.25,0.47,15.69,
2021-01-01 18:00:00,6,4.37,0.47,15.28,
2021-01-01 19:00:00,6,4.5,0.99,14.42,
2021-01-01 20:00:00,6,4.28,2.09,12.49,
2021-01-01 21:00:00,6,4.44,4.1,11.49,
2021-01-01 22:00:00,19.31,4.38,6.4,10.59,
2021-01-01 23:00:00,14.93,4.25,6.06,9.84,
2021-01-02 00:00:00,6,4.31,7.73,8.47,
2021-01-02 01:00:00,6,4.18,2.85,8.36,
2021-01-02 02:00:00,6,4.09,5.54,6.96,
2021-01-02 03:00:00,6,5.58,10.49,2.93,
2021-01-02 04:00:00,6,5.53,16.37,0.98,
2021-01-02 05:00:00,6,4.61,11.72,0.98,
2021-01-02 06:00:00,6,4.54,9.9,0.98,
2021-01-02 07:00:00,6,4.88,10.69,2.78,
2021-01-02 08:00:00,6,6.79,15.25,7.35,
2021-01-02 09:00:00,15.36,47.83,20.72,9.74,
2021-01-02 10:00:00,6,13.24,11.83,14.67,
2021-01-02 11:00:00,6,6.91,4.51,20.26,
2021-01-02 12:00:00,6,5.66,5.72,20.15,
2021-01-02 13:00:00,6,5.15,2.32,20.94,
2021-01-02 14:00:00,6,5.04,1.76,20.33,
2021-01-02 15:00:00,12.13,4.92,0.47,15.79,
2021-01-02 16:00:00,6,4.9,0.47,13.8,
2021-01-02 17:00:00,6,4.65,0.47,12.31,
2021-01-02 18:00:00,6,4.54,0.47,11.53,
2021-01-02 19:00:00,6,4.51,0.47,10.76,
2021-01-02 20:00:00,6,4.4,1.44,9.85,
2021-01-02 21:00:00,13.95,4.6,2.25,9.52,
2021-01-02 22:00:00,6,4.59,3.01,8.8,
2021-01-02 23:00:00,20.33,4.67,3.53,8.02,
2021-01-03 00:00:00,17.4,4.7,5.12,6.63,
2021-01-03 01:00:00,13.01,4.61,5.31,5.77,
2021-01-03 02:00:00,15.11,4.72,6.1,3.9,
2021-01-03 03:00:00,14.74,4.55,6.07,2.67,
2021-01-03 04:00:00,6,4.55,4.22,2.61,
2021-01-03 05:00:00,14.52,4.66,4.32,0.98,
2021-01-03 06:00:00,6,4.34,4.51,0.98,
2021-01-03 07:00:00,14.56,4.39,5.47,2.83,
2021-01-03 08:00:00,15.71,4.47,4.62,7.48,
2021-01-03 09:00:00,6,4.43,1.35,11.94,
2021-01-03 10:00:00,6,4.56,1.06,13.59,
2021-01-03 11:00:00,6,4.67,0.47,15.55,
2021-01-03 12:00:00,6,4.99,2.72,16.23,
2021-01-03 13:00:00,6,4.88,3.59,16.7,
2021-01-03 14:00:00,6,4.8,1.78,17.1,
2021-01-03 15:00:00,6,4.93,1.3,15.99,
2021-01-03 16:00:00,12.8,5.0,0.47,17.21,
2021-01-03 17:00:00,6,5.76,0.47,19.14,
2021-01-03 18:00:00,6,5.24,0.47,16.9,
2021-01-03 19:00:00,6,5.02,0.47,16.28,
2021-01-03 20:00:00,18.53,4.83,2.27,13.74,
2021-01-03 21:00:00,15.45,4.72,3.04,12.66,
2021-01-03 22:00:00,19.01,4.74,2.78,11.6,
2021-01-03 23:00:00,16.39,4.6,4.8,10.88,
2021-01-04 00:00:00,24.6,4.71,4.14,10.66,
2021-01-04 01:00:00,13.9,4.45,4.4,9.11,
2021-01-04 02:00:00,6,4.43,5.9,7.41,
2021-01-04 03:00:00,6,4.56,4.3,7.17,
2021-01-04 04:00:00,6,4.78,1.51,8.9,
2021-01-04 05:00:00,6,4.74,3.71,6.46,
2021-01-04 06:00:00,6,4.79,5.53,6.02,
2021-01-04 07:00:00,6,4.78,9.59,5.99,
2021-01-04 08:00:00,6,4.9,13.86,7.97,
2021-01-04 09:00:00,13.09,5.02,11.64,10.69,
2021-01-04 10:00:00,6,4.16,7.15,13.53,
2021-01-04 11:00:00,12.81,4.27,4.07,14.48,
2021-01-04 12:00:00,6,4.34,4.15,14.7,
2021-01-04 13:00:00,6,3.43,4.11,14.89,
2021-01-04 14:00:00,6,4.45,5.81,15.18,
2021-01-04 15:00:00,6,4.48,4.12,17.31,
2021-01-04 16:00:00,6,4.68,4.46,17.46,
2021-01-04 17:00:00,6,4.62,3.62,16.14,
2021-01-04 18:00:00,6,4.83,4.09,12.94,
2021-01-04 19:00:00,6,4.79,6.02,9.96,
2021-01-04 20:00:00,6,4.77,7.83,7.21,
2021-01-04 21:00:00,23.6,4.75,8.53,5.51,
2021-01-04 22:00:00,37,4.76,8.87,5.28,
2021-01-04 23:00:00,20.28,4.66,8.18,4.39,
2021-01-05 00:00:00,16.04,4.5,8.37,3.91,
2021-01-05 01:00:00,6,4.48,8.53,3.26,
2021-01-05 02:00:00,6,4.53,7.51,3.08,
2021-01-05 03:00:00,6,4.34,5.74,3.34,
2021-01-05 04:00:00,6,4.57,5.7,3.27,
2021-01-05 05:00:00,6,4.2,6.04,2.06,
2021-01-05 06:00:00,6,4.5,7.39,0.98,
2021-01-05 07:00:00,6,4.5,9.3,0.98,
2021-01-05 08:00:00,6,4.59,14.2,3.15,
2021-01-05 09:00:00,14.84,4.77,18.38,7.59,
2021-01-05 10:00:00,18.38,4.64,22.51,9.02,
2021-01-05 11:00:00,28.34,4.19,18.69,11.33,
2021-01-05 12:00:00,16.42,5.73,12.5,14.51,
2021-01-05 13:00:00,6,6.64,7.0,16.88,
2021-01-05 14:00:00,15.58,5.75,7.01,19.56,
2021-01-05 15:00:00,6,5.07,6.71,19.04,
2021-01-05 16:00:00,16.87,4.65,7.31,15.22,
2021-01-05 17:00:00,6,4.58,5.15,17.39,
2021-01-05 18:00:00,6,4.81,7.78,14.11,
2021-01-05 19:00:00,13.84,4.78,9.43,10.92,
2021-01-05 20:00:00,19.3,4.73,11.26,11.14,
2021-01-05 21:00:00,6,4.76,9.94,9.42,
2021-01-05 22:00:00,12.02,4.69,8.7,8.77,
2021-01-05 23:00:00,6,4.67,7.58,7.39,
2021-01-06 00:00:00,6,4.61,4.65,7.36,
2021-01-06 01:00:00,6,4.59,2.34,8.3,
2021-01-06 02:00:00,6,4.66,1.81,8.59,
2021-01-06 03:00:00,6,4.59,2.84,6.75,
2021-01-06 04:00:00,6,4.57,2.65,4.65,
2021-01-06 05:00:00,6,4.6,4.37,4.21,
2021-01-06 06:00:00,6,4.65,6.18,4.22,
2021-01-06 07:00:00,6,4.7,10.67,4.07,
2021-01-06 08:00:00,6,4.76,20.45,2.86,
2021-01-06 09:00:00,14.84,4.69,16.86,4.66,
2021-01-06 10:00:00,6,4.83,17.29,7.53,
2021-01-06 11:00:00,15.27,4.97,12.18,10.23,
2021-01-06 12:00:00,13.41,4.88,9.16,14.63,
2021-01-06 13:00:00,6,4.91,10.6,17.83,
2021-01-06 14:00:00,6,4.92,3.79,17.27,
2021-01-06 15:00:00,6,5.03,10.14,22.72,
2021-01-06 16:00:00,6,5.79,9.48,22.31,
2021-01-06 17:00:00,6,6.34,16.27,20.72,
2021-01-06 18:00:00,6,5.82,6.74,21.06,
2021-01-06 19:00:00,6,5.08,10.41,17.06,
2021-01-06 20:00:00,6,4.81,7.67,11.3,
2021-01-06 21:00:00,6,4.79,7.02,8.88,
2021-01-06 22:00:00,14.25,4.77,5.1,7.81,
2021-01-06 23:00:00,6,4.75,3.98,7.95,
2021-01-07 00:00:00,6,4.65,4.16,6.33,
2021-01-07 01:00:00,6,4.72,4.87,5.15,
2021-01-07 02:00:00,6,4.72,7.19,3.53,
2021-01-07 03:00:00,6,4.53,6.0,2.57,
2021-01-07 04:00:00,6,4.91,5.54,0.98,
2021-01-07 05:00:00,6,4.59,6.42,0.98,
2021-01-07 06:00:00,6,4.71,7.27,0.98,
2021-01-07 07:00:00,6,4.68,8.25,0.98,
2021-01-07 08:00:00,6,4.72,20.16,2.96,
2021-01-07 09:00:00,14.59,4.57,26.88,8.79,
2021-01-07 10:00:00,6,4.74,15.41,18.39,
2021-01-07 11:00:00,6,5.21,12.17,24.96,
2021-01-07 12:00:00,6,5.86,7.53,24.84,
2021-01-07 13:00:00,6,6.07,4.02,22.63,
2021-01-07 14:00:00,6,5.93,5.7,22.85,
2021-01-07 15:00:00,6,5.9,6.46,23.52,
2021-01-07 16:00:00,6,5.76,6.46,24.7,
2021-01-07 17:00:00,6,5.65,6.42,21.95,
2021-01-07 18:00:00,6,5.16,7.84,20.25,
2021-01-07 19:00:00,6,4.68,9.53,19.44,
2021-01-07 20:00:00,6,4.72,16.7,14.55,
2021-01-07 21:00:00,6,5.0,21.05,13.28,
2021-01-07 22:00:00,6,5.8,23.08,12.08,
2021-01-07 23:00:00,18.48,5.99,19.82,10.61,
2021-01-08 00:00:00,13.9,6.02,26.02,8.4,
2021-01-08 01:00:00,14.99,10.08,20.33,8.47,
2021-01-08 02:00:00,13.04,16.13,14.93,8.43,
2021-01-08 03:00:00,17.06,11.66,11.33,7.19,
2021-01-08 04:00:00,25.23,9.92,13.7,4.99,
2021-01-08 05:00:00,14.74,10.35,20.51,3.16,
2021-01-08 06:00:00,14.82,11.4,21.59,2.6,
2021-01-08 07:00:00,26.71,10.3,33.39,5.72,
2021-01-08 08:00:00,14.31,9.13,26.77,8.8,
2021-01-08 09:00:00,6,9.44,17.67,19.61,
2021-01-08 10:00:00,6,8.06,14.69,25.08,
2021-01-08 11:00:00,6,9.09,10.38,25.23,
2021-01-08 12:00:00,6,6.87,3.57,16.28,
2021-01-08 13:00:00,6,5.65,3.45,16.73,
2021-01-08 14:00:00,6,5.0,4.86,20.6,
2021-01-08 15:00:00,6,5.01,3.8,26.04,
2021-01-08 16:00:00,6,4.85,5.44,26.13,
2021-01-08 17:00:00,6,4.76,5.03,23.89,
2021-01-08 18:00:00,6,4.64,3.75,22.63,
2021-01-08 19:00:00,6,4.71,5.21,20.53,
2021-01-08 20:00:00,6,4.67,14.69,17.26,
2021-01-08 21:00:00,16.98,5.23,20.96,13.47,
2021-01-08 22:00:00,21.95,5.5,22.89,11.0,
2021-01-08 23:00:00,33.88,5.33,18.28,11.72,
2021-01-09 00:00:00,28.52,5.19,17.02,11.99,
2021-01-09 01:00:00,15.94,4.88,20.27,7.3,
2021-01-09 02:00:00,6,4.88,20.01,5.65,
2021-01-09 03:00:00,13.65,4.78,21.02,3.44,
2021-01-09 04:00:00,6,4.74,24.85,0.98,
2021-01-09 05:00:00,6,4.87,23.28,0.98,
2021-01-09 06:00:00,6,4.77,18.22,2.19,
2021-01-09 07:00:00,6,5.04,21.04,4.16,
2021-01-09 08:00:00,16.96,5.41,23.96,7.81,
2021-01-09 09:00:00,16.56,5.4,18.82,18.01,
2021-01-09 10:00:00,15.61,5.74,15.96,25.21,
2021-01-09 11:00:00,12.32,7.63,13.8,35.08,
2021-01-09 12:00:00,6,7.7,11.84,38.93,
2021-01-09 13:00:00,6,6.42,11.95,35.78,
2021-01-09 14:00:00,6,5.77,5.86,35.3,
2021-01-09 15:00:00,6,5.09,3.17,31.96,
2021-01-09 16:00:00,6,4.88,2.92,28.81,
2021-01-09 17:00:00,6,5.26,2.02,23.98,
2021-01-09 18:00:00,17,8.94,2.55,25.51,
2021-01-09 19:00:00,15.89,6.19,4.29,26.17,
2021-01-09 20:00:00,32.41,5.99,5.15,21.62,
2021-01-09 21:00:00,36.79,5.62,6.84,14.14,
2021-01-09 22:00:00,36.76,5.42,6.48,11.64,
2021-01-09 23:00:00,21.22,5.19,5.75,11.85,
2021-01-10 00:00:00,23.17,5.05,5.7,12.34,
2021-01-10 01:00:00,13.99,5.02,6.03,11.71,
2021-01-10 02:00:00,20.18,5.03,6.62,10.2,
2021-01-10 03:00:00,14.72,4.96,7.4,8.45,
2021-01-10 04:00:00,16.36,4.97,6.74,7.29,
2021-01-10 05:00:00,6,4.82,7.19,5.76,
2021-01-10 06:00:00,16.4,4.77,7.18,4.85,
2021-01-10 07:00:00,13.17,4.84,6.37,4.58,
2021-01-10 08:00:00,6,4.78,9.38,6.74,
2021-01-10 09:00:00,17.21,4.82,8.0,11.13,
2021-01-10 10:00:00,15.05,4.96,3.42,16.64,
2021-01-10 11:00:00,6,5.02,2.45,18.86,
2021-01-10 12:00:00,6,5.03,1.58,19.9,
2021-01-10 13:00:00,6,5.01,4.03,21.1,
2021-01-10 14:00:00,6,5.01,1.81,20.1,
2021-01-10 15:00:00,6,5.0,1.21,21.92,
2021-01-10 16:00:00,6,4.97,1.35,23.18,
2021-01-10 17:00:00,6,4.67,1.59,21.56,
2021-01-10 18:00:00,6,4.8,0.47,19.3,
2021-01-10 19:00:00,6,4.77,2.66,17.03,
2021-01-10 20:00:00,18.55,4.61,4.51,14.01,
2021-01-10 21:00:00,28.32,4.51,9.59,10.67,
2021-01-10 22:00:00,19,4.75,10.96,8.56,
2021-01-10 23:00:00,24.3,4.85,12.49,7.19,
2021-01-11 00:00:00,32.62,4.74,10.71,7.04,
2021-01-12 01:00:00,46.31,5.01,1.22,10.68,
2021-01-12 02:00:00,24.99,5.01,2.74,8.56,
2021-01-12 03:00:00,14.87,5.0,3.38,9.04,
2021-01-12 04:00:00,6,4.98,2.15,9.54,
2021-01-12 05:00:00,6,5.06,7.57,6.41,
2021-01-12 06:00:00,6,5.02,10.43,4.7,
2021-01-12 07:00:00,6,5.02,12.69,3.66,
2021-01-12 08:00:00,6,5.07,11.11,3.71,
2021-01-12 09:00:00,6,5.0,6.67,6.87,
2021-01-12 10:00:00,6,5.04,6.58,9.97,
2021-01-12 11:00:00,6,5.03,5.31,12.23,
2021-01-12 12:00:00,6,5.22,11.63,9.29,
2021-01-12 13:00:00,6,5.15,16.03,10.04,
2021-01-12 14:00:00,6,6.24,3.61,15.65,
2021-01-12 15:00:00,6,6.21,4.85,15.78,
2021-01-12 16:00:00,6,5.81,3.79,14.96,
2021-01-12 17:00:00,6,5.3,3.73,15.04,
2021-01-12 18:00:00,6,5.24,5.63,14.67,
2021-01-12 19:00:00,6,5.3,6.44,13.75,
2021-01-12 20:00:00,6,5.16,5.06,12.48,
2021-01-12 21:00:00,6,5.01,2.81,10.05,
2021-01-12 22:00:00,6,5.12,1.44,8.94,
2021-01-12 23:00:00,6,5.26,1.22,8.66,
2021-01-13 00:00:00,6,5.23,0.47,8.66,
2021-01-13 01:00:00,6,5.21,0.47,9.15,
2021-01-13 02:00:00,6,5.09,0.47,8.96,
2021-01-13 03:00:00,6,4.98,0.47,9.17,
2021-01-13 04:00:00,6,5.02,0.47,8.48,
2021-01-13 05:00:00,13.07,5.08,0.47,7.73,
2021-01-13 06:00:00,21.3,5.06,1.8,7.06,
2021-01-13 07:00:00,13.97,5.04,5.44,6.43,
2021-01-13 08:00:00,17.48,5.08,6.13,6.32,
2021-01-13 09:00:00,6,5.05,3.32,7.4,
2021-01-13 10:00:00,22.1,5.09,0.47,9.17,
2021-01-13 11:00:00,13.01,5.13,0.47,9.71,
2021-01-13 12:00:00,6,5.06,0.98,10.32,
2021-01-13 13:00:00,6,5.14,0.47,10.66,
2021-01-13 14:00:00,6,5.19,0.47,10.84,
2021-01-13 15:00:00,13.66,5.12,0.47,10.32,
2021-01-13 16:00:00,6,5.02,0.47,10.72,
2021-01-13 17:00:00,13.23,5.12,0.47,10.38,
2021-01-13 18:00:00,6,5.13,0.99,9.49,
2021-01-13 19:00:00,6,5.05,1.59,8.9,
2021-01-13 20:00:00,16.68,5.0,3.13,7.86,
2021-01-13 21:00:00,22.07,5.06,4.57,7.1,
2021-01-13 22:00:00,15.68,5.05,2.84,7.4,
2021-01-13 23:00:00,6,5.04,2.81,7.36,
2021-01-14 00:00:00,6,5.03,4.61,5.96,
2021-01-14 01:00:00,6,5.08,7.27,3.87,
2021-01-14 02:00:00,6,5.04,7.7,2.62,
2021-01-14 03:00:00,6,5.0,5.29,3.04,
2021-01-14 04:00:00,6,4.99,6.51,2.08,
2021-01-14 05:00:00,6,5.02,5.98,0.98,
2021-01-14 06:00:00,6,5.02,9.71,0.98,
2021-01-14 07:00:00,6,5.04,10.26,0.98,
2021-01-14 08:00:00,26.38,5.34,9.1,3.83,
2021-01-14 09:00:00,15.45,5.06,2.26,7.92,
2021-01-14 10:00:00,6,5.92,0.47,9.31,
2021-01-14 11:00:00,6,5.94,0.47,10.49,
2021-01-14 12:00:00,6,5.96,0.47,10.97,
2021-01-14 13:00:00,6,5.99,0.47,11.0,
2021-01-14 14:00:00,6,5.6,0.47,11.01,
2021-01-14 15:00:00,6,5.43,0.47,11.17,
2021-01-14 16:00:00,14.56,5.49,0.47,11.06,
2021-01-14 17:00:00,14.75,5.15,0.47,10.72,
2021-01-14 18:00:00,16.4,5.18,2.8,9.27,
2021-01-14 19:00:00,13.24,5.36,4.12,8.17,
2021-01-14 20:00:00,20.48,5.25,3.8,7.13,
2021-01-14 21:00:00,25.63,5.26,6.68,5.87,
2021-01-14 22:00:00,16.1,5.23,6.34,5.52,
2021-01-14 23:00:00,17.62,5.13,2.27,6.07,
2021-01-15 00:00:00,6,5.08,1.26,6.35,
2021-01-15 01:00:00,6,5.05,1.51,5.75,
2021-01-15 02:00:00,6,4.98,0.47,5.76,
2021-01-15 03:00:00,6,4.96,1.26,5.15,
2021-01-15 04:00:00,6,4.87,1.04,4.47,
2021-01-15 05:00:00,6,4.93,1.33,3.56,
2021-01-15 06:00:00,6,5.28,5.72,0.98,
2021-01-15 07:00:00,6,5.45,7.98,0.98,
2021-01-15 08:00:00,6,5.06,3.33,4.64,
2021-01-15 09:00:00,6,5.06,2.24,6.12,
2021-01-15 10:00:00,14.5,5.0,1.1,8.82,
2021-01-15 11:00:00,6,4.94,1.27,9.9,
2021-01-15 12:00:00,6,5.75,1.34,9.83,
2021-01-15 13:00:00,6,5.91,1.0,10.09,
2021-01-15 14:00:00,6,5.78,1.83,10.04,
2021-01-15 15:00:00,6,4.97,1.12,11.69,
2021-01-15 16:00:00,6,4.86,1.47,12.9,
2021-01-15 17:00:00,6,4.94,3.3,12.54,
2021-01-15 18:00:00,6,5.32,5.01,11.23,
2021-01-15 19:00:00,6,5.82,7.18,9.77,
2021-01-15 20:00:00,6,6.01,12.11,8.8,
2021-01-15 21:00:00,25.83,5.76,11.78,7.44,
2021-01-15 22:00:00,25.46,5.92,12.23,6.3,
2021-01-15 23:00:00,17.52,5.39,10.04,5.95,
2021-01-16 00:00:00,6,5.55,9.72,5.88,
2021-01-16 01:00:00,6,5.64,7.62,6.08,
2021-01-16 02:00:00,13.51,5.73,8.81,4.42,
2021-01-16 03:00:00,6,5.72,7.99,3.73,
2021-01-16 04:00:00,19.22,5.68,7.72,3.13,
2021-01-16 05:00:00,6,5.64,7.89,2.34,
2021-01-16 06:00:00,6,5.81,8.24,1.98,
2021-01-16 07:00:00,6,5.93,9.26,1.96,
2021-01-16 08:00:00,6,5.61,7.84,5.03,
2021-01-16 09:00:00,6,5.56,6.13,8.08,
2021-01-16 10:00:00,6,5.61,3.87,11.28,
2021-01-16 11:00:00,6,5.44,7.42,14.1,
2021-01-16 12:00:00,6,5.91,9.49,14.08,
2021-01-16 13:00:00,6,6.33,11.3,14.66,
2021-01-16 14:00:00,6,7.1,,14.87,
2021-01-16 15:00:00,19.01,6.86,,12.86,
2021-01-16 16:00:00,27.96,6.63,10.68,10.39,
2021-01-16 17:00:00,20.22,6.21,13.27,9.84,
2021-01-16 18:00:00,12.01,6.11,6.94,11.78,
2021-01-16 19:00:00,6,6.07,7.01,10.59,
2021-01-16 20:00:00,6,6.02,14.43,6.84,
2021-01-16 21:00:00,6,6.01,,3.64,
2021-01-16 22:00:00,6,6.0,18.97,2.19,
2021-01-16 23:00:00,6,5.97,16.89,2.03,
2021-01-17 00:00:00,6,5.88,22.46,0.98,
2021-01-17 01:00:00,6,5.98,19.18,0.98,
2021-01-17 02:00:00,6,6.06,19.0,0.98,
2021-01-17 03:00:00,6,6.0,16.09,0.98,
2021-01-17 04:00:00,6,6.04,13.53,0.98,
2021-01-17 05:00:00,6,5.98,12.22,0.98,
2021-01-17 06:00:00,6,5.96,9.84,0.98,
2021-01-17 07:00:00,13.61,6.03,12.35,0.98,
2021-01-17 08:00:00,12.87,6.02,18.55,3.52,
2021-01-17 09:00:00,60.81,5.95,8.82,3.78,
2021-01-17 10:00:00,88.75,5.82,13.1,6.14,
2021-01-17 11:00:00,46.85,5.76,7.42,9.1,
2021-01-17 12:00:00,23.46,5.2,2.51,10.89,
2021-01-17 13:00:00,6,5.16,3.13,12.32,
2021-01-17 14:00:00,6,5.13,4.7,15.52,
2021-01-17 15:00:00,6,5.14,5.07,17.56,
2021-01-17 16:00:00,6,5.28,5.72,15.93,
2021-01-17 17:00:00,6,5.38,3.08,14.53,
2021-01-17 18:00:00,6,5.4,4.64,12.28,
2021-01-17 19:00:00,6,5.37,2.57,10.72,
2021-01-17 20:00:00,6,5.52,3.04,10.64,
2021-01-17 21:00:00,6,5.88,3.67,10.85,
2021-01-17 22:00:00,,6.13,8.14,7.54,
2021-01-17 23:00:00,6,6.14,6.53,6.23,
2021-01-18 00:00:00,6,5.96,3.49,5.57,
2021-01-18 01:00:00,6,5.82,5.94,3.8,
2021-01-18 02:00:00,6,5.71,3.36,4.51,
2021-01-18 03:00:00,6,5.82,1.48,4.67,
2021-01-18 04:00:00,6,5.93,1.21,3.93,
2021-01-18 05:00:00,6,5.75,2.02,3.51,
2021-01-18 06:00:00,6,6.08,5.26,4.56,
2021-01-18 07:00:00,6,6.2,10.64,3.68,
2021-01-18 08:00:00,6,6.15,9.59,3.85,
2021-01-18 09:00:00,6,5.38,5.54,6.19,
2021-01-18 10:00:00,43.74,5.12,3.7,8.68,
2021-01-18 11:00:00,22.91,5.21,2.62,11.48,
2021-01-18 12:00:00,13.62,5.29,3.37,12.93,
2021-01-18 13:00:00,6,5.29,4.29,14.97,
2021-01-18 14:00:00,6,5.28,1.85,15.02,
2021-01-18 15:00:00,6,5.3,2.97,14.23,
2021-01-18 16:00:00,6,5.26,2.32,13.23,
2021-01-18 17:00:00,6,5.3,1.03,12.24,
2021-01-18 18:00:00,6,5.29,1.66,11.14,
2021-01-18 19:00:00,6,5.26,5.4,9.71,
2021-01-18 20:00:00,6,5.32,4.53,9.09,
2021-01-18 21:00:00,,5.24,6.75,6.75,
2021-01-18 22:00:00,,5.3,6.14,6.12,
2021-01-18 23:00:00,6,5.25,3.55,6.26,
2021-01-19 00:00:00,6,5.26,5.41,5.03,
2021-01-19 01:00:00,6,5.28,5.58,4.1,
2021-01-19 02:00:00,6,5.23,5.09,2.75,
2021-01-19 03:00:00,6,5.13,5.08,0.98,
2021-01-19 04:00:00,6,5.1,4.69,0.98,
2021-01-19 05:00:00,13.54,5.01,4.67,0.98,
2021-01-19 06:00:00,6,5.15,4.78,0.98,
2021-01-19 07:00:00,6,5.58,3.7,0.98,
2021-01-19 08:00:00,6,5.4,9.64,2.39,
2021-01-19 09:00:00,6,5.3,7.3,6.9,
2021-01-19 10:00:00,19.26,5.31,3.32,10.97,
2021-01-19 11:00:00,12,5.33,2.15,11.51,
2021-01-19 12:00:00,6,5.26,1.57,11.69,
2021-01-19 13:00:00,6,5.25,1.22,11.61,
2021-01-19 14:00:00,6,5.29,1.46,12.18,
2021-01-19 15:00:00,6,5.24,0.47,12.24,
2021-01-19 16:00:00,6,5.17,1.02,12.8,
2021-01-19 17:00:00,6,5.23,0.47,12.41,
2021-01-19 18:00:00,6,5.25,1.02,10.68,
2021-01-19 19:00:00,14.49,5.24,1.65,9.78,
2021-01-19 20:00:00,21.47,5.25,2.36,7.97,
2021-01-19 21:00:00,17.29,5.28,4.28,6.87,
2021-01-19 22:00:00,21.55,5.17,4.2,5.91,
2021-01-19 23:00:00,16.54,5.12,3.13,5.19,
2021-01-20 00:00:00,6,5.2,3.44,4.3,
2021-01-20 01:00:00,6,5.24,4.81,3.47,
2021-01-20 02:00:00,6,5.22,4.37,2.73,
2021-01-20 03:00:00,6,5.08,2.73,2.95,
2021-01-20 04:00:00,13.34,5.19,1.99,3.56,
2021-01-20 05:00:00,24.4,5.16,1.55,3.96,
2021-01-20 06:00:00,13.91,5.24,2.39,4.1,
2021-01-20 07:00:00,6,5.21,6.94,2.32,
2021-01-20 08:00:00,6,5.21,5.21,4.34,
2021-01-20 09:00:00,17.45,5.21,5.44,5.07,
2021-01-20 10:00:00,6,5.22,3.94,6.1,
2021-01-20 11:00:00,16.93,5.22,3.41,7.44,
2021-01-20 12:00:00,6,5.2,2.93,9.39,
2021-01-20 13:00:00,6,5.2,2.7,10.11,
2021-01-20 14:00:00,6,5.21,3.32,9.82,
2021-01-20 15:00:00,6,5.1,2.1,10.46,
2021-01-20 16:00:00,6,5.08,1.39,10.45,
2021-01-20 17:00:00,6,5.13,1.96,9.53,
2021-01-20 18:00:00,6,5.18,2.33,7.78,
2021-01-20 19:00:00,6,5.18,3.11,6.97,
2021-01-20 20:00:00,6,5.22,3.56,7.17,
2021-01-20 21:00:00,27.06,5.14,3.01,7.09,
2021-01-20 22:00:00,16.95,5.15,3.16,6.84,
2021-01-20 23:00:00,6,5.09,3.33,6.75,
2021-01-21 00:00:00,6,5.27,1.16,7.53,
2021-01-21 01:00:00,6,5.29,3.24,6.59,
2021-01-21 02:00:00,6,5.22,1.97,6.98,
2021-01-21 03:00:00,6,5.2,0.47,6.57,
2021-01-21 04:00:00,6,5.21,0.47,6.68,
2021-01-21 05:00:00,6,5.24,0.47,7.82,
2021-01-21 06:00:00,6,5.23,1.1,7.44,
2021-01-21 07:00:00,6,5.25,1.84,6.7,
2021-01-21 08:00:00,6,5.45,3.3,6.05,
2021-01-21 09:00:00,14.39,5.2,3.62,6.48,
2021-01-21 10:00:00,18.3,5.23,1.29,8.13,
2021-01-21 11:00:00,6,5.17,1.68,9.25,
2021-01-21 12:00:00,6,5.14,2.32,10.31,
2021-01-21 13:00:00,6,5.07,1.01,10.21,
2021-01-21 14:00:00,6,5.05,1.9,9.86,
2021-01-21 15:00:00,6,5.11,1.34,11.85,
2021-01-21 16:00:00,6,5.16,2.6,11.35,
2021-01-21 17:00:00,6,5.07,2.38,9.47,
2021-01-21 18:00:00,6,5.08,2.81,8.73,
2021-01-21 19:00:00,6,5.2,3.7,8.69,
2021-01-21 20:00:00,6,5.05,2.69,9.1,
2021-01-21 21:00:00,23.42,5.17,3.39,9.1,
2021-01-21 22:00:00,29.64,5.19,5.4,8.77,
2021-01-21 23:00:00,24.02,5.09,4.4,8.39,
2021-01-22 00:00:00,14.72,5.12,3.3,7.5,
2021-01-22 01:00:00,6,5.01,1.9,7.56,
2021-01-22 02:00:00,6,5.03,2.25,6.71,
2021-01-22 03:00:00,6,5.06,0.47,7.29,
2021-01-22 04:00:00,6,5.01,0.47,6.64,
2021-01-22 05:00:00,6,5.12,0.47,5.7,
2021-01-22 06:00:00,6,5.13,2.61,4.16,
2021-01-22 07:00:00,6,5.22,6.68,3.28,
2021-01-22 08:00:00,6,5.16,4.97,5.04,
2021-01-22 09:00:00,6,5.01,3.81,6.3,
2021-01-22 10:00:00,6,5.12,2.71,8.39,
2021-01-22 11:00:00,6,5.28,2.12,12.63,
2021-01-22 12:00:00,6,5.34,1.18,13.74,
2021-01-22 13:00:00,6,5.61,1.15,13.69,
2021-01-22 14:00:00,6,5.37,1.81,13.3,
2021-01-22 15:00:00,6,5.44,2.01,14.15,
2021-01-22 16:00:00,6,5.34,0.47,13.33,
2021-01-22 17:00:00,6,5.26,1.19,12.34,
2021-01-22 18:00:00,6,5.26,2.79,11.98,
2021-01-22 19:00:00,6,5.28,4.23,10.95,
2021-01-22 20:00:00,6,5.29,5.35,8.83,
2021-01-22 21:00:00,6,5.21,5.54,7.03,
2021-01-22 22:00:00,6,5.19,6.02,6.01,
2021-01-22 23:00:00,12.56,5.2,5.54,5.15,
2021-01-23 00:00:00,6,5.19,7.18,4.02,
2021-01-23 01:00:00,6,5.23,5.77,4.22,
2021-01-23 02:00:00,6,5.1,6.0,3.02,
2021-01-23 03:00:00,6,5.11,4.64,2.96,
2021-01-23 04:00:00,6,5.04,2.89,3.09,
2021-01-23 05:00:00,6,5.06,1.69,3.48,
2021-01-23 06:00:00,6,5.2,2.81,2.7,
2021-01-23 07:00:00,6,5.12,4.34,2.83,
2021-01-23 08:00:00,16.52,5.36,4.45,4.39,
2021-01-23 09:00:00,6,5.08,2.89,7.02,
2021-01-23 10:00:00,6,5.31,2.34,10.16,
2021-01-23 11:00:00,6,5.31,3.54,13.86,
2021-01-23 12:00:00,6,5.37,6.91,16.39,
2021-01-23 13:00:00,6,5.47,2.78,17.35,
2021-01-23 14:00:00,6,5.5,4.51,17.19,
2021-01-23 15:00:00,6,5.52,3.85,16.33,
2021-01-23 16:00:00,6,5.33,1.28,14.68,
2021-01-23 17:00:00,6,5.47,0.47,14.28,
2021-01-23 18:00:00,6,5.9,0.47,13.43,
2021-01-23 19:00:00,,5.99,0.47,12.21,
2021-01-23 20:00:00,17.51,5.83,2.68,9.81,
2021-01-23 21:00:00,18.12,5.66,7.64,8.99,
2021-01-23 22:00:00,20.73,5.56,9.1,7.75,
2021-01-23 23:00:00,22.64,5.62,11.5,5.74,
2021-01-24 00:00:00,12.83,5.6,12.29,3.63,
2021-01-24 01:00:00,6,5.56,11.56,0.98,
2021-01-24 02:00:00,6,5.51,13.97,0.98,
2021-01-24 03:00:00,6,5.49,11.67,0.98,
2021-01-24 04:00:00,29.46,5.4,11.6,0.98,
2021-01-24 05:00:00,17.55,5.51,10.25,0.98,
2021-01-24 06:00:00,17.54,5.42,6.78,0.98,
2021-01-24 07:00:00,18.49,5.36,6.05,0.98,
2021-01-24 08:00:00,24.38,5.23,5.97,3.22,
2021-01-24 09:00:00,27.8,5.16,4.73,7.06,
2021-01-24 10:00:00,15.44,5.5,5.06,11.32,
2021-01-24 11:00:00,6,19.51,13.83,12.48,
2021-01-24 12:00:00,6,20.33,8.9,13.2,
2021-01-24 13:00:00,6,15.82,5.24,16.38,
2021-01-24 14:00:00,6,10.04,2.99,18.2,
2021-01-24 15:00:00,6,7.93,2.91,22.27,
2021-01-24 16:00:00,6,6.72,2.26,23.74,
2021-01-24 17:00:00,6,6.23,0.47,21.1,
2021-01-24 18:00:00,6,5.69,1.6,18.18,
2021-01-24 19:00:00,6,6.17,11.34,14.1,
2021-01-24 20:00:00,6,5.84,8.98,13.23,
2021-01-24 21:00:00,6,5.56,15.56,8.68,
2021-01-24 22:00:00,6,5.54,24.48,4.23,
2021-01-24 23:00:00,6,5.51,20.05,2.8,
2021-01-25 00:00:00,6,5.43,12.82,5.21,
2021-01-25 01:00:00,6,5.45,9.44,4.95,
2021-01-25 02:00:00,6,5.43,5.73,4.54,
2021-01-25 03:00:00,6,5.34,4.81,2.73,
2021-01-25 04:00:00,6,5.4,5.09,2.22,
2021-01-25 05:00:00,6,5.26,8.71,0.98,
2021-01-25 06:00:00,6,5.35,9.47,0.98,
2021-01-25 07:00:00,6,5.45,10.85,0.98,
2021-01-25 08:00:00,26.83,5.33,15.92,2.23,
2021-01-25 09:00:00,63.23,5.48,14.97,5.43,
2021-01-25 10:00:00,33.1,5.52,11.36,10.99,
2021-01-25 11:00:00,16.76,7.11,12.75,14.11,
2021-01-25 12:00:00,6,15.05,7.66,15.86,
2021-01-25 13:00:00,6,11.96,5.68,17.37,
2021-01-25 14:00:00,6,10.76,8.54,20.19,
2021-01-25 15:00:00,6,13.21,10.41,26.99,
2021-01-25 16:00:00,6,11.0,6.26,18.26,
2021-01-25 17:00:00,6,7.91,5.46,15.22,
2021-01-25 18:00:00,6,6.66,9.13,15.76,
2021-01-25 19:00:00,6,6.03,16.16,13.55,
2021-01-25 20:00:00,6,5.71,14.08,11.36,
2021-01-25 21:00:00,6,5.72,27.03,5.49,
2021-01-25 22:00:00,6,5.66,26.26,4.14,
2021-01-25 23:00:00,6,5.66,22.35,2.82,
2021-01-26 00:00:00,6,5.49,17.81,2.47,
2021-01-26 01:00:00,6,5.28,13.36,2.15,
2021-01-26 02:00:00,12.27,5.26,13.51,0.98,
2021-01-26 03:00:00,6,5.22,8.68,0.98,
2021-01-26 04:00:00,,5.35,7.85,2.0,
2021-01-26 05:00:00,6,5.05,6.64,4.55,
2021-01-26 06:00:00,6,5.32,11.12,3.61,
2021-01-26 07:00:00,,5.45,21.12,0.98,
2021-01-26 08:00:00,6,5.66,22.86,2.73,
2021-01-26 09:00:00,6,6.03,11.95,7.73,
2021-01-26 10:00:00,6,28.61,8.59,10.39,
2021-01-26 11:00:00,6,49.57,7.58,12.76,
2021-01-26 12:00:00,6,23.63,7.89,13.85,
2021-01-26 13:00:00,6,25.88,9.43,13.19,
2021-01-26 14:00:00,6,28.16,14.01,12.82,
2021-01-26 15:00:00,6,27.38,29.87,7.03,
2021-01-26 16:00:00,6,14.02,25.19,6.03,
2021-01-26 17:00:00,22.06,9.25,24.44,3.83,
2021-01-26 18:00:00,26.81,7.21,15.7,3.08,
2021-01-26 19:00:00,32.97,6.43,14.56,2.5,
2021-01-26 20:00:00,24.47,5.84,20.93,0.98,
2021-01-26 21:00:00,27.39,5.75,31.92,0.98,
2021-01-26 22:00:00,21.1,5.68,13.19,2.54,
2021-01-26 23:00:00,12.75,5.52,7.17,3.59,
2021-01-27 00:00:00,6,5.67,8.0,3.57,
2021-01-27 01:00:00,6,5.45,5.49,4.47,
2021-01-27 02:00:00,6,5.52,2.4,4.88,
2021-01-27 03:00:00,6,5.51,1.27,5.23,
2021-01-27 04:00:00,6,5.49,1.23,6.67,
2021-01-27 05:00:00,6,5.49,3.33,6.03,
2021-01-27 06:00:00,6,5.43,14.18,2.91,
2021-01-27 07:00:00,6,5.58,21.18,0.98,
2021-01-27 08:00:00,12.82,5.56,28.95,0.98,
2021-01-27 09:00:00,20.55,6.71,32.83,4.4,
2021-01-27 10:00:00,39.28,26.88,36.31,3.26,
2021-01-27 11:00:00,23.02,83.15,35.92,4.07,
2021-01-27 12:00:00,13.03,46.74,21.87,6.26,
2021-01-27 13:00:00,6,25.81,13.5,9.08,
2021-01-27 14:00:00,6,21.03,21.37,11.58,
2021-01-27 15:00:00,6,14.73,22.38,8.34,
2021-01-27 16:00:00,12.47,10.19,19.75,7.66,
2021-01-27 17:00:00,40.49,8.12,13.16,7.64,
2021-01-27 18:00:00,21.72,6.68,17.76,7.76,
2021-01-27 19:00:00,12.38,5.86,15.36,5.66,
2021-01-27 20:00:00,6,5.57,14.81,5.41,
2021-01-27 21:00:00,6,5.54,18.48,5.94,
2021-01-27 22:00:00,6,5.46,18.76,4.51,
2021-01-27 23:00:00,6,5.67,16.71,4.65,
2021-01-28 00:00:00,6,5.41,15.96,3.89,
2021-01-28 01:00:00,6,5.19,14.52,3.69,
2021-01-28 02:00:00,6,4.93,,3.88,
2021-01-28 03:00:00,6,4.94,11.02,3.08,
2021-01-28 04:00:00,6,4.78,5.97,4.29,
2021-01-28 05:00:00,6,4.81,9.82,4.04,
2021-01-28 06:00:00,6,4.94,14.56,2.71,
2021-01-28 07:00:00,6,5.01,15.65,2.63,
2021-01-28 08:00:00,6,4.93,13.99,3.57,
2021-01-28 09:00:00,18.45,4.95,10.03,4.71,
2021-01-28 10:00:00,17.78,5.65,7.9,6.95,
2021-01-28 11:00:00,28.41,5.38,7.83,6.61,
2021-01-28 12:00:00,15.8,4.33,8.21,6.52,
2021-01-28 13:00:00,6,4.94,4.71,7.98,
2021-01-28 14:00:00,6,4.98,5.92,8.06,
2021-01-28 15:00:00,6,4.77,5.47,9.03,
2021-01-28 16:00:00,6,4.89,4.67,12.17,
2021-01-28 17:00:00,6,4.94,5.11,12.57,
2021-01-28 18:00:00,6,4.87,5.79,12.02,
2021-01-28 19:00:00,6,4.83,6.02,11.09,
2021-01-28 20:00:00,6,5.0,7.4,9.6,
2021-01-28 21:00:00,6,5.46,13.28,7.27,
2021-01-28 22:00:00,6,5.22,7.87,7.79,
2021-01-28 23:00:00,6,4.82,4.5,7.73,
2021-01-29 00:00:00,6,4.55,2.54,7.78,
2021-01-29 01:00:00,6,4.55,0.47,8.88,
2021-01-29 02:00:00,6,4.75,10.23,3.42,
2021-01-29 03:00:00,6,4.73,3.82,3.11,
2021-01-29 04:00:00,6,4.61,7.61,0.98,
2021-01-29 05:00:00,6,4.76,7.28,0.98,
2021-01-29 06:00:00,6,4.89,8.85,0.98,
2021-01-29 07:00:00,6,5.21,7.49,0.98,
2021-01-29 08:00:00,6,5.01,12.09,0.98,
2021-01-29 09:00:00,53.93,4.97,12.04,4.41,
2021-01-29 10:00:00,39.51,5.54,13.46,6.95,
2021-01-29 11:00:00,20.97,15.56,16.12,6.21,
2021-01-29 12:00:00,6,10.51,13.76,5.07,
2021-01-29 13:00:00,6,14.55,15.82,6.88,
2021-01-29 14:00:00,6,34.19,19.6,7.67,
2021-01-29 15:00:00,6,20.36,6.94,11.62,
2021-01-29 16:00:00,6,11.46,6.61,14.36,
2021-01-29 17:00:00,6,8.66,11.07,12.17,
2021-01-29 18:00:00,6,6.74,13.25,9.38,
2021-01-29 19:00:00,6,6.08,17.44,5.9,
2021-01-29 20:00:00,6,7.68,16.5,5.26,
2021-01-29 21:00:00,6,15.97,13.66,6.89,
2021-01-29 22:00:00,6,10.9,11.97,5.35,
2021-01-29 23:00:00,6,8.6,19.75,2.85,
2021-01-30 00:00:00,6,6.81,17.75,2.77,
2021-01-30 01:00:00,6,6.05,13.8,4.17,
2021-01-30 02:00:00,6,5.82,8.8,4.36,
2021-01-30 03:00:00,6,5.77,11.93,3.11,
2021-01-30 04:00:00,6,5.75,12.48,3.24,
2021-01-30 05:00:00,6,5.61,9.14,3.88,
2021-01-30 06:00:00,6,5.66,11.01,2.78,
2021-01-30 07:00:00,6,5.74,12.48,0.98,
2021-01-30 08:00:00,14.75,5.78,11.3,2.61,
2021-01-30 09:00:00,6,8.33,17.9,5.49,
2021-01-30 10:00:00,17.86,8.83,9.64,6.99,
2021-01-30 11:00:00,6,7.66,3.17,12.01,
2021-01-30 12:00:00,6,6.51,5.24,14.24,
2021-01-30 13:00:00,6,5.88,3.59,15.86,
2021-01-30 14:00:00,6,5.71,2.98,15.59,
2021-01-30 15:00:00,6,5.75,2.26,17.15,
2021-01-30 16:00:00,6,5.8,3.84,17.94,
2021-01-30 17:00:00,6,6.77,7.02,16.78,
2021-01-30 18:00:00,6,7.02,6.84,15.14,
2021-01-30 19:00:00,6,5.97,12.25,13.06,
2021-01-30 20:00:00,6,6.29,19.68,7.03,
2021-01-30 21:00:00,6,6.99,16.29,6.79,
2021-01-30 22:00:00,6,6.11,16.74,4.65,
2021-01-30 23:00:00,6,5.74,23.12,2.02,
2021-01-31 00:00:00,6,5.79,12.96,4.25,
2021-01-31 01:00:00,17.43,5.55,2.35,8.44,
2021-01-31 02:00:00,6,5.21,2.52,7.34,
2021-01-31 03:00:00,6,5.57,6.97,5.83,
2021-01-31 04:00:00,6,5.71,6.12,5.38,
2021-01-31 05:00:00,6,5.52,2.65,6.64,
2021-01-31 06:00:00,6,5.58,8.51,4.1,
2021-01-31 07:00:00,6,5.43,8.79,3.46,
2021-01-31 08:00:00,26.81,5.04,6.66,3.63,
2021-01-31 09:00:00,21.34,5.01,4.95,5.58,
2021-01-31 10:00:00,23.25,5.45,4.15,5.95,
2021-01-31 11:00:00,12.5,5.89,3.62,9.65,
2021-01-31 12:00:00,6,5.96,4.34,14.41,
2021-01-31 13:00:00,6,6.36,3.32,15.73,
2021-01-31 14:00:00,6,7.03,3.25,12.88,
2021-01-31 15:00:00,6,6.08,1.6,11.75,
2021-01-31 16:00:00,6,5.72,1.83,11.34,
2021-01-31 17:00:00,6,5.31,1.62,11.16,
2021-01-31 18:00:00,6,5.3,5.03,9.98,
2021-01-31 19:00:00,6,5.04,5.8,8.49,
2021-01-31 20:00:00,6,5.11,9.16,6.27,
2021-01-31 21:00:00,6,4.92,7.07,6.33,
2021-01-31 22:00:00,6,5.24,10.56,4.92,
2021-01-31 23:00:00,6,5.34,11.87,4.31,
2021-02-01 00:00:00,6,9.59,17.15,2.49,
2021-02-01 01:00:00,6,16.7,9.46,2.4,
2021-02-01 02:00:00,6,11.28,8.59,0.98,
2021-02-01 03:00:00,6,8.98,8.81,0.98,
2021-02-01 04:00:00,15.61,7.48,6.94,0.98,
2021-02-01 05:00:00,6,7.0,8.29,0.98,
2021-02-01 06:00:00,6,6.12,6.15,0.98,
2021-02-01 07:00:00,6,6.01,7.57,0.98,
2021-02-01 08:00:00,12.28,5.97,11.95,2.24,
2021-02-01 09:00:00,6,5.74,9.13,5.47,
2021-02-01 10:00:00,6,5.61,3.8,10.87,
2021-02-01 11:00:00,6,6.62,11.81,13.71,
2021-02-01 12:00:00,6,9.08,6.45,17.81,
2021-02-01 13:00:00,6,7.58,7.28,20.34,
2021-02-01 14:00:00,6,7.16,5.26,17.08,
2021-02-01 15:00:00,6,7.2,2.5,14.03,
2021-02-01 16:00:00,6,7.03,6.0,22.04,
2021-02-01 17:00:00,6,7.26,5.94,18.05,
2021-02-01 18:00:00,6,7.46,11.7,15.29,
2021-02-01 19:00:00,6,8.07,8.41,12.81,
2021-02-01 20:00:00,6,7.54,15.59,8.66,
2021-02-01 21:00:00,6,6.35,19.21,8.54,
2021-02-01 22:00:00,6,5.87,,11.35,
2021-02-01 23:00:00,19.33,5.74,14.02,7.71,
2021-02-02 00:00:00,13.07,5.27,11.36,6.13,
2021-02-02 01:00:00,17.66,5.24,11.38,4.1,
2021-02-02 02:00:00,20.49,5.24,15.57,2.49,
2021-02-02 03:00:00,6,5.28,11.81,2.61,
2021-02-02 04:00:00,17.21,5.33,12.08,0.98,
2021-02-02 05:00:00,14.34,5.24,10.53,0.98,
2021-02-02 06:00:00,28.78,5.37,11.21,0.98,
2021-02-02 07:00:00,19.27,5.34,13.4,0.98,
2021-02-02 08:00:00,25.31,5.68,35.25,5.81,
2021-02-02 09:00:00,17.55,7.35,39.34,15.8,
2021-02-02 10:00:00,17.51,22.75,23.44,13.12,
2021-02-02 11:00:00,21.28,16.29,16.79,24.36,
2021-02-02 12:00:00,18.79,16.17,15.68,30.48,
2021-02-02 13:00:00,14.03,16.36,12.82,29.66,
2021-02-02 14:00:00,6,15.87,18.82,31.16,
2021-02-02 15:00:00,6,15.58,6.68,33.22,
2021-02-02 16:00:00,6,9.29,6.97,24.42,
2021-02-02 17:00:00,13.68,7.54,6.86,16.4,
2021-02-02 18:00:00,35.19,6.26,4.45,14.26,
2021-02-02 19:00:00,20.93,6.19,11.59,10.44,
2021-02-02 20:00:00,18.47,6.07,11.87,7.35,
2021-02-02 21:00:00,13.42,6.24,9.65,6.23,
2021-02-02 22:00:00,6,5.95,14.0,3.97,
2021-02-02 23:00:00,6,5.93,15.77,2.48,
2021-02-03 00:00:00,6,5.55,12.04,2.28,
2021-02-03 01:00:00,6,5.28,9.81,2.06,
2021-02-03 02:00:00,6,5.28,19.7,0.98,
2021-02-03 03:00:00,6,5.34,12.67,0.98,
2021-02-03 04:00:00,6,5.18,13.05,0.98,
2021-02-03 05:00:00,6,5.37,11.05,0.98,
2021-02-03 06:00:00,6,5.17,11.28,0.98,
2021-02-03 07:00:00,13.51,5.6,9.87,0.98,
2021-02-03 08:00:00,13.63,5.57,12.57,0.98,
2021-02-03 09:00:00,47.58,5.77,13.14,3.97,
2021-02-03 10:00:00,24.93,6.61,15.49,8.04,
2021-02-03 11:00:00,13.43,9.33,29.39,11.24,
2021-02-03 12:00:00,6,15.82,26.67,15.03,
2021-02-03 13:00:00,6,11.01,20.69,16.98,
2021-02-03 14:00:00,14.02,8.9,8.51,11.72,
2021-02-03 15:00:00,6,8.17,10.85,7.1,
2021-02-03 16:00:00,6,7.45,13.42,5.93,
2021-02-03 17:00:00,6,7.04,9.79,4.6,
2021-02-03 18:00:00,16.16,6.3,18.45,2.85,
2021-02-03 19:00:00,16.52,6.1,18.44,2.18,
2021-02-03 20:00:00,6,6.02,14.52,0.98,
2021-02-03 21:00:00,6,5.97,15.81,0.98,
2021-02-03 22:00:00,12.44,5.79,11.88,0.98,
2021-02-03 23:00:00,6,5.56,14.8,0.98,
2021-02-04 00:00:00,6,5.14,19.48,0.98,
2021-02-04 01:00:00,6,5.13,14.12,0.98,
2021-02-04 02:00:00,6,5.42,14.82,0.98,
2021-02-04 03:00:00,13.29,5.41,19.8,0.98,
2021-02-04 04:00:00,17.69,5.32,16.99,0.98,
2021-02-04 05:00:00,26.31,5.67,10.9,2.64,
2021-02-04 06:00:00,15.85,5.78,2.96,7.77,
2021-02-04 07:00:00,6,5.77,5.83,8.14,
2021-02-04 08:00:00,6,5.8,5.06,8.77,
2021-02-04 09:00:00,6,5.99,6.69,7.9,
2021-02-04 10:00:00,6,5.74,8.23,7.84,
2021-02-04 11:00:00,6,6.15,8.24,6.26,
2021-02-04 12:00:00,6,5.6,10.03,5.03,
2021-02-04 13:00:00,6,7.3,10.8,6.12,
2021-02-04 14:00:00,6,8.54,5.73,7.85,
2021-02-04 15:00:00,6,8.16,6.49,7.91,
2021-02-04 16:00:00,6,7.46,4.91,10.17,
2021-02-04 17:00:00,6,6.97,5.29,8.98,
2021-02-04 18:00:00,6,6.16,4.78,9.57,
2021-02-04 19:00:00,6,5.99,3.61,10.06,
2021-02-04 20:00:00,6,5.66,7.4,7.59,
2021-02-04 21:00:00,6,5.63,20.59,3.39,
2021-02-04 22:00:00,6,5.7,18.8,3.74,
2021-02-04 23:00:00,6,5.55,10.99,4.41,
2021-02-05 00:00:00,6,8.35,22.02,2.06,
2021-02-05 01:00:00,6,19.14,25.97,0.98,
2021-02-05 02:00:00,6,25.34,22.09,0.98,
2021-02-05 03:00:00,6,17.12,12.92,0.98,
2021-02-05 04:00:00,6,10.63,3.22,3.33,
2021-02-05 05:00:00,6,9.3,7.55,2.57,
2021-02-05 06:00:00,6,9.34,10.49,2.15,
2021-02-05 07:00:00,6,8.79,10.31,2.38,
2021-02-05 08:00:00,6,8.8,7.5,3.4,
2021-02-05 09:00:00,6,9.22,5.1,4.51,
2021-02-05 10:00:00,23.28,7.29,2.34,5.79,
2021-02-05 11:00:00,13.1,6.36,1.78,7.02,
2021-02-05 12:00:00,6,6.21,3.76,7.91,
2021-02-05 13:00:00,6,5.8,2.14,8.18,
2021-02-05 14:00:00,6,5.68,1.08,8.6,
2021-02-05 15:00:00,6,5.71,5.63,7.19,
2021-02-05 16:00:00,6,5.99,5.25,6.77,
2021-02-05 17:00:00,6,5.73,5.3,8.6,
2021-02-05 18:00:00,6,5.65,6.27,8.61,
2021-02-05 19:00:00,6,5.42,4.58,8.08,
2021-02-05 20:00:00,6,5.46,8.32,7.23,
2021-02-05 21:00:00,16.16,5.62,13.87,6.24,
2021-02-05 22:00:00,13.08,5.43,12.72,5.92,
2021-02-05 23:00:00,14.46,5.52,6.23,6.56,
2021-02-06 00:00:00,6,5.54,18.14,2.54,
2021-02-06 01:00:00,13,5.6,17.66,0.98,
2021-02-06 02:00:00,6,5.45,10.21,2.63,
2021-02-06 03:00:00,15.37,5.39,5.66,3.18,
2021-02-06 04:00:00,6,5.45,4.56,3.29,
2021-02-06 05:00:00,,7.22,8.65,3.33,
2021-02-06 06:00:00,6,11.54,8.28,2.72,
2021-02-06 07:00:00,20.23,11.53,12.4,2.1,
2021-02-06 08:00:00,15.31,11.42,13.13,5.09,
2021-02-06 09:00:00,,7.77,6.04,6.45,
2021-02-06 10:00:00,13.31,9.21,8.28,7.53,
2021-02-06 11:00:00,18.61,6.58,2.54,7.6,
2021-02-06 12:00:00,15.56,5.84,1.53,7.49,
2021-02-06 13:00:00,6,5.69,1.44,8.29,
2021-02-06 14:00:00,6,5.68,2.28,9.93,
2021-02-06 15:00:00,6,5.54,1.98,11.41,
2021-02-06 16:00:00,6,5.48,1.77,13.9,
2021-02-06 17:00:00,6,5.52,4.29,14.31,
2021-02-06 18:00:00,6,5.49,6.62,13.63,
2021-02-06 19:00:00,6,5.45,3.21,12.16,
2021-02-06 20:00:00,6,5.47,11.59,7.0,
2021-02-06 21:00:00,6,6.02,24.46,2.46,
2021-02-06 22:00:00,12.12,6.03,24.69,0.98,
2021-02-06 23:00:00,24.15,5.94,18.55,0.98,
2021-02-07 00:00:00,23.75,5.94,17.43,0.98,
2021-02-07 01:00:00,21.65,6.03,12.41,0.98,
2021-02-07 02:00:00,25.7,5.98,17.54,0.98,
2021-02-07 03:00:00,14.75,5.74,21.66,0.98,
2021-02-07 04:00:00,14.43,5.47,13.51,0.98,
2021-02-07 05:00:00,13.8,5.76,11.06,2.18,
2021-02-07 06:00:00,25.58,6.03,17.49,0.98,
2021-02-07 07:00:00,26.31,6.11,9.66,3.23,
2021-02-07 08:00:00,28.92,8.94,9.07,4.56,
2021-02-07 09:00:00,17.6,31.1,16.52,5.75,
2021-02-07 10:00:00,6,11.86,5.07,10.7,
2021-02-07 11:00:00,20.2,7.98,1.99,14.73,
2021-02-07 12:00:00,13.83,6.72,2.68,14.14,
2021-02-07 13:00:00,6,5.99,2.85,14.68,
2021-02-07 14:00:00,6,5.93,2.89,15.25,
2021-02-07 15:00:00,6,5.57,1.11,13.79,
2021-02-07 16:00:00,6,5.49,0.47,12.63,
2021-02-07 17:00:00,6,5.27,0.47,10.93,
2021-02-07 18:00:00,6,5.27,0.47,10.3,
2021-02-07 19:00:00,6,5.32,1.0,9.58,
2021-02-07 20:00:00,6,5.33,3.26,8.18,
2021-02-07 21:00:00,6,5.61,4.59,6.5,
2021-02-07 22:00:00,6,5.68,4.33,6.71,
2021-02-07 23:00:00,20.96,5.86,5.67,5.32,
2021-02-08 00:00:00,17.93,5.67,6.14,4.41,
2021-02-08 01:00:00,6,5.47,8.25,3.2,
2021-02-08 02:00:00,17.31,5.35,4.7,3.8,
2021-02-08 03:00:00,6,5.34,6.09,2.03,
2021-02-08 04:00:00,6,5.36,5.28,0.98,
2021-02-08 05:00:00,13.26,5.3,5.74,0.98,
2021-02-08 06:00:00,6,5.32,6.53,0.98,
2021-02-08 07:00:00,6,5.88,5.9,0.98,
2021-02-08 08:00:00,6,5.98,8.46,0.98,
2021-02-08 09:00:00,12.22,5.64,6.31,5.07,
2021-02-08 10:00:00,6,5.73,3.72,7.91,
2021-02-08 11:00:00,6,5.58,2.25,9.87,
2021-02-08 12:00:00,6,5.3,2.47,9.94,
2021-02-08 13:00:00,6,5.22,1.89,11.63,
2021-02-08 14:00:00,6,5.26,1.7,14.41,
2021-02-08 15:00:00,6,5.15,2.93,12.96,
2021-02-08 16:00:00,6,5.13,2.49,12.62,
2021-02-08 17:00:00,6,5.11,1.14,11.01,
2021-02-08 18:00:00,6,5.16,1.07,9.62,
2021-02-08 19:00:00,6,5.18,2.15,8.24,
2021-02-08 20:00:00,6,5.22,3.7,6.52,
2021-02-08 21:00:00,6,5.14,3.66,5.5,
2021-02-08 22:00:00,21.32,5.21,2.78,5.02,
2021-02-08 23:00:00,26.66,5.17,2.13,5.09,
2021-02-09 00:00:00,15.97,5.36,3.41,4.3,
2021-02-09 01:00:00,6,5.24,,2.9,
2021-02-09 02:00:00,6,5.15,,2.39,
2021-02-09 03:00:00,6,5.21,,2.12,
2021-02-09 04:00:00,15.46,5.15,,0.98,
2021-02-09 05:00:00,6,5.16,,0.98,
2021-02-09 06:00:00,6,5.26,,0.98,
2021-02-09 07:00:00,6,5.6,,0.98,
2021-02-09 08:00:00,6,5.84,,0.98,
2021-02-09 09:00:00,6,10.83,,6.55,
2021-02-09 10:00:00,6,16.76,,20.45,
2021-02-09 11:00:00,6,15.55,,15.1,
2021-02-09 12:00:00,6,11.34,,17.64,
2021-02-09 13:00:00,6,9.45,,18.92,
2021-02-09 14:00:00,,8.19,,,
2021-02-09 15:00:00,,8.39,,22.72,
2021-02-09 16:00:00,,8.05,,6.5,
2021-02-09 17:00:00,,6.9,,4.25,
2021-02-09 18:00:00,6,6.51,,14.03,
2021-02-09 19:00:00,15.82,6.12,,12.93,
2021-02-09 20:00:00,19.33,6.02,,11.62,
2021-02-09 21:00:00,23.48,6.18,,8.2,
2021-02-09 22:00:00,17.32,6.02,,5.83,
2021-02-09 23:00:00,28.18,6.05,,5.42,
2021-02-10 00:00:00,18.65,6.14,,4.22,
2021-02-10 01:00:00,21.83,6.11,,3.29,
2021-02-10 02:00:00,6,6.03,,2.57,
2021-02-10 03:00:00,6,5.9,,2.89,
2021-02-10 04:00:00,6,5.9,,0.98,
2021-02-10 05:00:00,6,6.27,,0.98,
2021-02-10 06:00:00,6,6.09,,0.98,
2021-02-10 07:00:00,12.01,6.36,,0.98,
2021-02-10 08:00:00,24.33,6.88,,2.0,
2021-02-10 09:00:00,13.9,6.91,,7.09,
2021-02-10 10:00:00,6,6.3,,12.86,
2021-02-10 11:00:00,6,6.22,,16.28,
2021-02-10 12:00:00,6,6.2,,19.2,
2021-02-10 13:00:00,6,6.19,,20.61,
2021-02-10 14:00:00,6,13.28,,19.22,
2021-02-10 15:00:00,,,,,
2021-02-10 16:00:00,6,6.72,,,
2021-02-10 17:00:00,6,6.82,,28.21,
2021-02-10 18:00:00,6,5.81,,22.53,
2021-02-10 19:00:00,6,5.77,,18.45,
2021-02-10 20:00:00,12.87,5.68,,14.44,
2021-02-10 21:00:00,20.14,5.77,,13.57,
2021-02-10 22:00:00,22.04,5.72,,11.36,
2021-02-10 23:00:00,26.19,5.74,,10.52,
2021-02-11 00:00:00,16.69,5.66,,9.78,
2021-02-11 01:00:00,22.4,5.61,5.58,6.28,
2021-02-11 02:00:00,12.65,5.64,5.58,5.98,
2021-02-11 03:00:00,6,5.69,6.92,3.44,
2021-02-11 04:00:00,6,5.7,6.98,0.98,
2021-02-11 05:00:00,6,5.75,7.22,0.98,
2021-02-11 06:00:00,6,5.74,8.05,0.98,
2021-02-11 07:00:00,6,6.03,8.18,0.98,
2021-02-11 08:00:00,13.98,6.15,8.56,4.1,
2021-02-11 09:00:00,6,6.38,8.98,9.97,
2021-02-11 10:00:00,6,6.78,6.51,20.93,
2021-02-11 11:00:00,6,6.93,4.78,32.08,
2021-02-11 12:00:00,6,6.93,5.7,38.91,
2021-02-11 13:00:00,6,6.45,4.24,38.09,
2021-02-11 14:00:00,6,6.47,3.98,43.36,
2021-02-11 15:00:00,6,7.06,5.1,46.33,
2021-02-11 16:00:00,6,8.79,4.83,46.66,
2021-02-11 17:00:00,24.02,8.19,3.83,39.07,
2021-02-11 18:00:00,22.1,7.45,7.93,33.53,
2021-02-11 19:00:00,20.12,7.06,11.4,22.31,
2021-02-11 20:00:00,17.34,6.9,12.6,19.19,
2021-02-11 21:00:00,30.63,6.38,11.42,12.26,
2021-02-11 22:00:00,27.94,6.26,12.35,10.85,
2021-02-11 23:00:00,30.91,6.18,11.41,8.3,
2021-02-12 00:00:00,18.74,6.19,14.23,4.32,
2021-02-12 01:00:00,17.51,6.07,13.67,2.99,
2021-02-12 02:00:00,17.97,6.08,11.93,2.49,
2021-02-12 03:00:00,14.71,6.08,9.43,2.14,
2021-02-12 04:00:00,12.61,6.04,7.6,3.56,
2021-02-12 05:00:00,13.48,6.02,7.16,4.18,
2021-02-12 06:00:00,6,6.03,10.05,0.98,
2021-02-12 07:00:00,6,6.26,11.72,0.98,
2021-02-12 08:00:00,6,6.18,12.33,4.44,
2021-02-12 09:00:00,15.46,6.14,13.86,6.26,
2021-02-12 10:00:00,6,7.01,10.42,12.17,
2021-02-12 11:00:00,15.57,7.51,13.92,14.66,
2021-02-12 12:00:00,17.68,7.41,12.4,19.22,
2021-02-12 13:00:00,18.73,7.47,8.74,30.05,
2021-02-12 14:00:00,16.63,6.96,4.04,37.19,
2021-02-12 15:00:00,6,6.27,5.44,41.01,
2021-02-12 16:00:00,6,6.05,6.61,36.02,
2021-02-12 17:00:00,6,6.21,10.15,23.83,
2021-02-12 18:00:00,14.06,6.18,18.27,14.88,
2021-02-12 19:00:00,19.74,6.79,19.52,14.12,
2021-02-12 20:00:00,27.1,7.83,18.82,13.61,
2021-02-12 21:00:00,26.57,7.62,19.12,9.89,
2021-02-12 22:00:00,24.23,7.17,21.77,4.85,
2021-02-12 23:00:00,23.08,6.46,16.19,13.27,
2021-02-13 00:00:00,12.61,6.32,16.14,8.57,
2021-02-13 01:00:00,6,6.26,18.45,3.49,
2021-02-13 02:00:00,6,6.21,16.32,2.73,
2021-02-13 03:00:00,6,6.24,22.88,0.98,
2021-02-13 04:00:00,6,6.28,18.22,0.98,
2021-02-13 05:00:00,6,6.28,15.0,0.98,
2021-02-13 06:00:00,13.98,6.22,15.98,0.98,
2021-02-13 07:00:00,6,6.41,14.53,0.98,
2021-02-13 08:00:00,27.91,6.21,14.93,5.91,
2021-02-13 09:00:00,38.41,6.81,26.17,29.59,
2021-02-13 10:00:00,22.42,29.48,29.92,29.07,
2021-02-13 11:00:00,13.67,40.11,16.27,34.55,
2021-02-13 12:00:00,6,16.97,7.67,42.57,
2021-02-13 13:00:00,6,11.07,6.22,54.89,
2021-02-13 14:00:00,6,9.28,6.66,69.97,
2021-02-13 15:00:00,6,8.98,8.29,60.65,
2021-02-13 16:00:00,6,8.03,4.77,61.8,
2021-02-13 17:00:00,6,7.64,5.55,53.7,
2021-02-13 18:00:00,6,6.7,6.32,47.98,
2021-02-13 19:00:00,6,6.23,7.81,43.7,
2021-02-13 20:00:00,6,6.26,12.68,45.76,
2021-02-13 21:00:00,6,7.46,15.92,41.09,
2021-02-13 22:00:00,17.73,7.98,16.22,32.57,
2021-02-13 23:00:00,14.95,7.85,16.15,27.38,
2021-02-14 00:00:00,34.45,7.57,16.42,17.27,
2021-02-14 01:00:00,33.28,6.88,19.93,10.25,
2021-02-14 02:00:00,18.09,6.31,14.0,7.9,
2021-02-14 03:00:00,18.54,6.26,16.55,7.55,
2021-02-14 04:00:00,16.54,6.31,18.54,4.98,
2021-02-14 05:00:00,6,6.3,11.33,5.72,
2021-02-14 06:00:00,6,6.25,11.75,5.64,
2021-02-14 07:00:00,6,6.22,9.33,4.79,
2021-02-14 08:00:00,6,6.22,8.76,9.34,
2021-02-14 09:00:00,12.51,8.31,8.9,17.89,
2021-02-14 10:00:00,6,31.9,23.31,30.0,
2021-02-14 11:00:00,6,36.75,16.11,54.51,
2021-02-14 12:00:00,6,17.75,9.33,44.51,
2021-02-14 13:00:00,6,20.98,21.51,23.62,
2021-02-14 14:00:00,6,17.44,8.95,35.14,
2021-02-14 15:00:00,6,11.23,5.63,35.86,
2021-02-14 16:00:00,,14.04,8.99,40.69,
2021-02-14 17:00:00,6,35.61,15.95,31.9,
2021-02-14 18:00:00,6,57.26,18.08,29.47,
2021-02-14 19:00:00,6,35.76,9.93,35.52,
2021-02-14 20:00:00,6,14.83,13.35,28.02,
2021-02-14 21:00:00,6,14.08,21.86,19.14,
2021-02-14 22:00:00,6,15.55,17.64,20.84,
2021-02-14 23:00:00,6,18.75,21.79,16.94,
2021-02-15 00:00:00,6,27.75,21.67,12.87,
2021-02-15 01:00:00,6,14.07,8.3,14.39,
2021-02-15 02:00:00,6,9.91,10.62,9.13,
2021-02-15 03:00:00,6,8.34,11.76,7.21,
2021-02-15 04:00:00,6,7.69,13.64,4.69,
2021-02-15 05:00:00,6,6.91,10.43,6.09,
2021-02-15 06:00:00,6,6.54,12.35,5.85,
2021-02-15 07:00:00,6,6.33,20.19,3.53,
2021-02-15 08:00:00,6,6.45,16.73,7.49,
2021-02-15 09:00:00,6,6.73,14.44,10.18,
2021-02-15 10:00:00,6,6.72,13.31,23.18,
2021-02-15 11:00:00,6,22.4,19.35,31.83,
2021-02-15 12:00:00,6,16.66,17.94,42.71,
2021-02-15 13:00:00,6,14.61,10.27,63.94,
2021-02-15 14:00:00,6,12.52,7.86,63.8,
2021-02-15 15:00:00,6,9.25,6.5,50.84,
2021-02-15 16:00:00,6,7.86,4.29,47.69,
2021-02-15 17:00:00,6,6.97,5.0,47.18,
2021-02-15 18:00:00,6,6.36,5.74,44.58,
2021-02-15 19:00:00,6,6.29,13.18,36.98,
2021-02-15 20:00:00,6,6.33,27.54,24.55,
2021-02-15 21:00:00,6,6.3,17.45,27.35,
2021-02-15 22:00:00,6,6.33,21.28,16.89,
2021-02-15 23:00:00,12.05,6.5,22.21,8.87,
2021-02-16 00:00:00,6,6.37,25.12,4.35,
2021-02-16 01:00:00,6,6.27,24.15,3.71,
2021-02-16 02:00:00,6,6.28,22.15,2.52,
2021-02-16 03:00:00,6,6.34,22.36,2.44,
2021-02-16 04:00:00,13.37,6.31,18.29,4.18,
2021-02-16 05:00:00,6,6.95,14.66,3.49,
2021-02-16 06:00:00,6,8.79,13.21,2.57,
2021-02-16 07:00:00,6,8.52,19.2,3.18,
2021-02-16 08:00:00,6,26.2,21.09,6.95,
2021-02-16 09:00:00,6,108.5,19.38,13.05,
2021-02-16 10:00:00,6,24.67,7.33,20.05,
2021-02-16 11:00:00,6,13.73,8.36,25.89,
2021-02-16 12:00:00,6,10.83,8.5,33.66,
2021-02-16 13:00:00,6,9.69,8.33,36.5,
2021-02-16 14:00:00,6,10.42,9.6,35.31,
2021-02-16 15:00:00,6,10.3,5.63,40.45,
2021-02-16 16:00:00,6,8.75,7.86,41.06,
2021-02-16 17:00:00,6,8.22,8.88,41.19,
2021-02-16 18:00:00,6,8.1,8.18,39.77,
2021-02-16 19:00:00,6,6.96,10.64,35.12,
2021-02-16 20:00:00,6,15.4,32.96,14.49,
2021-02-16 21:00:00,6,51.0,45.14,2.17,
2021-02-16 22:00:00,6,61.35,36.79,4.2,
2021-02-16 23:00:00,6,34.49,22.82,11.63,
2021-02-17 00:00:00,6,14.04,14.42,14.37,
2021-02-17 01:00:00,6,9.98,16.54,10.66,
2021-02-17 02:00:00,6,9.07,16.17,4.99,
2021-02-17 03:00:00,6,8.34,12.36,2.51,
2021-02-17 04:00:00,6,7.89,16.44,3.27,
2021-02-17 05:00:00,6,7.81,16.28,6.19,
2021-02-17 06:00:00,6,8.71,26.08,3.89,
2021-02-17 07:00:00,6,11.26,28.83,4.01,
2021-02-17 08:00:00,6,11.31,26.5,15.59,
2021-02-17 09:00:00,6,9.12,11.32,21.74,
2021-02-17 10:00:00,6,13.05,14.15,45.42,
2021-02-17 11:00:00,6,13.17,7.17,41.68,
2021-02-17 12:00:00,6,12.07,6.13,43.84,
2021-02-17 13:00:00,6,9.83,4.04,44.54,
2021-02-17 14:00:00,6,8.23,4.06,43.15,
2021-02-17 15:00:00,6,7.76,5.44,41.3,
2021-02-17 16:00:00,6,6.73,5.46,40.47,
2021-02-17 17:00:00,6,6.95,5.94,40.03,
2021-02-17 18:00:00,6,6.67,10.85,34.99,
2021-02-17 19:00:00,6,6.76,18.75,26.23,
2021-02-17 20:00:00,6,6.54,18.51,24.72,
2021-02-17 21:00:00,6,8.96,23.91,20.74,
2021-02-17 22:00:00,6,9.24,26.27,18.18,
2021-02-17 23:00:00,6,35.15,36.22,9.76,
2021-02-18 00:00:00,6,36.61,24.59,16.65,
2021-02-18 01:00:00,6,35.03,23.68,15.46,
2021-02-18 02:00:00,6,16.14,17.67,15.88,
2021-02-18 03:00:00,6,11.23,17.35,16.24,
2021-02-18 04:00:00,6,13.32,26.54,9.02,
2021-02-18 05:00:00,6,34.57,25.51,9.25,
2021-02-18 06:00:00,6,23.41,23.09,7.52,
2021-02-18 07:00:00,6,13.76,26.61,9.71,
2021-02-18 08:00:00,6,10.86,22.62,18.3,
2021-02-18 09:00:00,6,14.14,11.11,19.18,
2021-02-18 10:00:00,6,10.92,7.22,26.62,
2021-02-18 11:00:00,6,10.23,11.85,,
2021-02-18 12:00:00,6,9.64,8.24,,
2021-02-18 13:00:00,6,8.88,4.49,27.7,
2021-02-18 14:00:00,6,10.21,5.93,36.17,
2021-02-18 15:00:00,6,11.14,6.88,38.06,
2021-02-18 16:00:00,6,10.21,6.63,36.44,
2021-02-18 17:00:00,6,8.79,6.99,26.17,
2021-02-18 18:00:00,6,8.45,8.36,26.8,
2021-02-18 19:00:00,6,7.57,9.89,20.91,
2021-02-18 20:00:00,6,7.22,16.32,13.72,
2021-02-18 21:00:00,6,7.8,19.91,11.2,
2021-02-18 22:00:00,6,7.85,13.67,10.67,
2021-02-18 23:00:00,6,7.23,13.49,8.33,
2021-02-19 00:00:00,6,7.4,15.87,3.72,
2021-02-19 01:00:00,6,7.04,13.05,3.77,
2021-02-19 02:00:00,6,6.72,14.71,0.98,
2021-02-19 03:00:00,6,6.33,12.11,4.38,
2021-02-19 04:00:00,6,6.53,15.53,4.95,
2021-02-19 05:00:00,6,6.76,16.63,0.98,
2021-02-19 06:00:00,6,7.14,15.49,0.98,
2021-02-19 07:00:00,6,7.93,16.98,0.98,
2021-02-19 08:00:00,6,10.87,27.47,8.36,
2021-02-19 09:00:00,6,24.22,18.99,15.44,
2021-02-19 10:00:00,6,16.9,13.29,24.55,
2021-02-19 11:00:00,6,11.49,8.48,38.71,
2021-02-19 12:00:00,6,12.21,8.25,46.03,
2021-02-19 13:00:00,6,9.78,5.43,39.2,
2021-02-19 14:00:00,6,9.93,5.43,44.66,
2021-02-19 15:00:00,6,10.27,8.14,40.98,
2021-02-19 16:00:00,6,8.67,4.89,36.72,
2021-02-19 17:00:00,12.39,7.31,4.62,32.04,
2021-02-19 18:00:00,6,6.78,13.8,29.99,
2021-02-19 19:00:00,6,6.69,11.27,26.01,
2021-02-19 20:00:00,6,6.66,34.27,11.57,
2021-02-19 21:00:00,6,7.1,26.02,11.11,
2021-02-19 22:00:00,6,7.35,20.1,10.49,
2021-02-19 23:00:00,6,7.3,18.77,7.54,
2021-02-20 00:00:00,6,7.41,19.39,4.56,
2021-02-20 01:00:00,6,6.88,15.4,1.99,
2021-02-20 02:00:00,6,6.6,14.21,0.98,
2021-02-20 03:00:00,6,6.59,12.88,0.98,
2021-02-20 04:00:00,6,6.46,15.86,0.98,
2021-02-20 05:00:00,6,6.5,13.96,0.98,
2021-02-20 06:00:00,6,6.57,15.31,0.98,
2021-02-20 07:00:00,6,6.99,17.63,0.98,
2021-02-20 08:00:00,6,7.35,16.98,3.17,
2021-02-20 09:00:00,6,10.24,29.95,35.53,
2021-02-20 10:00:00,6,10.4,16.44,32.36,
2021-02-20 11:00:00,6,11.85,18.59,49.96,
2021-02-20 12:00:00,6,11.46,12.71,77.83,
2021-02-20 13:00:00,6,11.95,11.41,93.18,
2021-02-20 14:00:00,6,9.46,9.61,93.38,
2021-02-20 15:00:00,6,8.15,4.8,70.86,
2021-02-20 16:00:00,6,7.28,6.58,51.01,
2021-02-20 17:00:00,6,6.56,7.42,35.43,
2021-02-20 18:00:00,21.91,6.62,4.78,40.68,
2021-02-20 19:00:00,20.14,6.73,13.07,35.44,
2021-02-20 20:00:00,12.26,6.46,10.01,27.9,
2021-02-20 21:00:00,6,6.37,7.51,29.26,
2021-02-20 22:00:00,6,6.28,9.02,21.73,
2021-02-20 23:00:00,6,6.28,6.51,19.86,
2021-02-21 00:00:00,6,6.3,6.05,17.13,
2021-02-21 01:00:00,6,6.26,5.02,11.8,
2021-02-21 02:00:00,6,6.29,5.13,8.79,
2021-02-21 03:00:00,6,6.24,6.03,5.21,
2021-02-21 04:00:00,6,6.25,2.67,4.81,
2021-02-21 05:00:00,13.59,6.28,0.47,6.67,
2021-02-21 06:00:00,6,6.27,0.47,4.94,
2021-02-21 07:00:00,6,6.22,1.15,3.36,
2021-02-21 08:00:00,6,6.29,3.49,9.98,
2021-02-21 09:00:00,6,6.74,7.81,28.36,
2021-02-21 10:00:00,6,7.04,1.31,45.09,
2021-02-21 11:00:00,6,6.68,2.23,54.1,
2021-02-21 12:00:00,6,7.55,2.08,57.27,
2021-02-21 13:00:00,6,7.62,1.05,60.08,
2021-02-21 14:00:00,6,7.72,1.22,59.93,
2021-02-21 15:00:00,6,6.93,0.47,51.93,
2021-02-21 16:00:00,6,6.43,0.47,46.5,
2021-02-21 17:00:00,6,6.34,0.47,44.26,
2021-02-21 18:00:00,6,6.39,0.47,42.05,
2021-02-21 19:00:00,6,6.47,0.47,38.71,
2021-02-21 20:00:00,6,6.33,0.47,30.18,
2021-02-21 21:00:00,6,6.32,2.13,22.16,
2021-02-21 22:00:00,6,6.27,2.53,18.93,
2021-02-21 23:00:00,6,6.29,3.15,17.88,
2021-02-22 00:00:00,6,6.3,3.57,17.63,
2021-02-22 01:00:00,6,6.28,4.21,16.2,
2021-02-22 02:00:00,6,6.26,6.41,12.46,
2021-02-22 03:00:00,6,6.3,6.55,11.32,
2021-02-22 04:00:00,6,6.32,4.39,8.55,
2021-02-22 05:00:00,6,6.27,3.91,6.32,
2021-02-22 06:00:00,6,6.27,4.91,3.89,
2021-02-22 07:00:00,6,6.57,9.57,0.98,
2021-02-22 08:00:00,6,6.9,11.47,5.14,
2021-02-22 09:00:00,6,7.08,11.54,13.19,
2021-02-22 10:00:00,6,7.75,8.45,28.68,
2021-02-22 11:00:00,6,8.75,14.41,39.38,
2021-02-22 12:00:00,6,9.82,10.11,65.59,
2021-02-22 13:00:00,6,13.42,9.21,60.01,
2021-02-22 14:00:00,6,43.61,15.41,55.23,
2021-02-22 15:00:00,6,22.33,5.05,65.51,
2021-02-22 16:00:00,6,11.08,4.58,65.36,
2021-02-22 17:00:00,6,9.34,4.17,64.03,
2021-02-22 18:00:00,6,8.52,9.55,67.92,
2021-02-22 19:00:00,6,7.91,15.54,54.67,
2021-02-22 20:00:00,6,8.06,23.96,32.7,
2021-02-22 21:00:00,12.21,9.26,19.71,25.13,
2021-02-22 22:00:00,6,8.19,24.0,13.91,
2021-02-22 23:00:00,6,7.9,22.7,10.38,
2021-02-23 00:00:00,6,9.53,27.65,12.92,
2021-02-23 01:00:00,6,16.08,14.27,22.43,
2021-02-23 02:00:00,6,13.31,12.29,19.6,
2021-02-23 03:00:00,6,11.62,9.94,16.75,
2021-02-23 04:00:00,6,10.09,9.51,14.47,
2021-02-23 05:00:00,6,9.36,12.64,15.46,
2021-02-23 06:00:00,6,8.4,9.02,13.7,
2021-02-23 07:00:00,6,8.01,16.81,7.54,
2021-02-23 08:00:00,6,7.76,19.66,8.9,
2021-02-23 09:00:00,12.35,7.06,12.83,16.33,
2021-02-23 10:00:00,6,6.68,11.82,23.87,
2021-02-23 11:00:00,6,13.33,19.29,24.11,
2021-02-23 12:00:00,6,20.06,12.79,29.43,
2021-02-23 13:00:00,6,13.53,8.24,53.39,
2021-02-23 14:00:00,6,10.02,6.68,70.48,
2021-02-23 15:00:00,6,8.74,7.46,74.93,
2021-02-23 16:00:00,6,8.82,12.56,84.86,
2021-02-23 17:00:00,6,8.36,9.43,55.32,
2021-02-23 18:00:00,6,8.59,6.55,34.79,
2021-02-23 19:00:00,6,8.1,8.92,37.1,
2021-02-23 20:00:00,6,7.66,13.46,31.59,
2021-02-23 21:00:00,6,7.07,15.63,25.0,
2021-02-23 22:00:00,6,6.69,11.93,25.63,
2021-02-23 23:00:00,6,6.77,7.25,24.99,
2021-02-24 00:00:00,6,6.73,5.22,22.6,
2021-02-24 01:00:00,6,6.45,0.47,25.7,
2021-02-24 02:00:00,6,6.53,0.47,22.57,
2021-02-24 03:00:00,6,6.49,2.18,14.66,
2021-02-24 04:00:00,6,6.48,1.02,15.81,
2021-02-24 05:00:00,6,6.44,1.54,14.08,
2021-02-24 06:00:00,6,6.41,6.53,10.42,
2021-02-24 07:00:00,6,6.5,13.0,4.62,
2021-02-24 08:00:00,6,6.98,12.3,6.64,
2021-02-24 09:00:00,6,6.51,5.98,20.05,
2021-02-24 10:00:00,6,6.66,3.51,27.35,
2021-02-24 11:00:00,6,6.68,3.43,34.94,
2021-02-24 12:00:00,6,6.55,3.8,44.41,
2021-02-24 13:00:00,6,6.35,2.8,48.21,
2021-02-24 14:00:00,6,6.41,2.49,48.51,
2021-02-24 15:00:00,6,6.4,3.52,51.07,
2021-02-24 16:00:00,6,6.33,3.43,53.83,
2021-02-24 17:00:00,6,6.39,2.16,47.84,
2021-02-24 18:00:00,6,6.38,1.77,38.54,
2021-02-24 19:00:00,6,6.29,3.68,30.71,
2021-02-24 20:00:00,6,6.4,5.07,24.91,
2021-02-24 21:00:00,6,6.53,5.17,26.14,
2021-02-24 22:00:00,6,6.5,4.48,27.08,
2021-02-24 23:00:00,6,6.49,6.42,21.4,
2021-02-25 00:00:00,12.88,6.49,6.56,15.84,
2021-02-25 01:00:00,6,6.52,5.15,13.92,
2021-02-25 02:00:00,6,6.6,6.03,9.34,
2021-02-25 03:00:00,6,6.48,4.35,7.78,
2021-02-25 04:00:00,6,6.35,4.17,5.63,
2021-02-25 05:00:00,6,6.37,4.84,3.65,
2021-02-25 06:00:00,6,6.56,5.4,3.54,
2021-02-25 07:00:00,6,6.64,7.57,0.98,
2021-02-25 08:00:00,6,6.91,8.8,8.18,
2021-02-25 09:00:00,6,6.66,8.09,19.82,
2021-02-25 10:00:00,6,6.54,8.35,27.61,
2021-02-25 11:00:00,6,6.41,1.15,33.01,
2021-02-25 12:00:00,6,6.39,1.44,38.1,
2021-02-25 13:00:00,6,6.47,0.47,40.51,
2021-02-25 14:00:00,6,6.43,0.47,39.86,
2021-02-25 15:00:00,6,6.3,0.47,39.08,
2021-02-25 16:00:00,6,6.28,0.47,35.08,
2021-02-25 17:00:00,6,6.28,0.47,31.83,
2021-02-25 18:00:00,6,6.32,1.6,30.5,
2021-02-25 19:00:00,6,6.32,3.18,29.61,
2021-02-25 20:00:00,6,6.28,5.05,24.58,
2021-02-25 21:00:00,6,6.4,5.21,24.04,
2021-02-25 22:00:00,6,6.67,5.04,18.13,
2021-02-25 23:00:00,6,6.5,4.28,15.3,
2021-02-26 00:00:00,6,6.79,4.88,13.74,
2021-02-26 01:00:00,6,6.81,3.87,12.84,
2021-02-26 02:00:00,6,6.59,4.18,9.99,
2021-02-26 03:00:00,6,6.39,3.72,7.07,
2021-02-26 04:00:00,6,6.46,4.67,4.51,
2021-02-26 05:00:00,6,6.56,5.14,2.94,
2021-02-26 06:00:00,6,6.63,6.26,0.98,
2021-02-26 07:00:00,6,7.1,7.07,0.98,
2021-02-26 08:00:00,6,7.05,11.3,4.11,
2021-02-26 09:00:00,6,6.85,8.9,12.76,
2021-02-26 10:00:00,6,6.6,2.26,23.71,
2021-02-26 11:00:00,6,6.58,1.33,27.64,
2021-02-26 12:00:00,6,6.51,2.14,31.54,
2021-02-26 13:00:00,6,6.52,2.35,39.14,
2021-02-26 14:00:00,6,6.49,1.6,36.37,
2021-02-26 15:00:00,6,6.51,0.47,35.73,
2021-02-26 16:00:00,6,6.68,0.47,29.98,
2021-02-26 17:00:00,6,6.5,0.47,27.77,
2021-02-26 18:00:00,6,6.51,1.35,24.37,
2021-02-26 19:00:00,6,6.49,2.3,21.73,
2021-02-26 20:00:00,6,6.5,3.12,17.21,
2021-02-26 21:00:00,6,6.5,2.78,16.15,
2021-02-26 22:00:00,6,6.5,2.16,17.29,
2021-02-26 23:00:00,6,6.39,1.1,16.92,
2021-02-27 00:00:00,6,6.47,2.26,15.14,
2021-02-27 01:00:00,6,6.75,3.77,12.72,
2021-02-27 02:00:00,6,6.51,3.04,11.53,
2021-02-27 03:00:00,6,6.57,1.8,13.05,
2021-02-27 04:00:00,6,6.58,0.47,14.46,
2021-02-27 05:00:00,6,6.59,1.53,11.34,
2021-02-27 06:00:00,6,6.57,3.93,7.51,
2021-02-27 07:00:00,6,6.67,5.47,6.48,
2021-02-27 08:00:00,6,6.58,3.11,13.0,
2021-02-27 09:00:00,6,6.64,1.06,20.62,
2021-02-27 10:00:00,6,6.6,0.47,26.63,
2021-02-27 11:00:00,6,6.53,0.47,29.41,
2021-02-27 12:00:00,6,6.55,0.47,31.7,
2021-02-27 13:00:00,6,6.53,0.47,31.86,
2021-02-27 14:00:00,6,6.52,0.47,29.8,
2021-02-27 15:00:00,6,6.54,0.47,28.16,
2021-02-27 16:00:00,6,6.52,0.47,28.47,
2021-02-27 17:00:00,6,6.53,0.47,27.55,
2021-02-27 18:00:00,6,6.74,0.47,27.49,
2021-02-27 19:00:00,6,6.72,0.94,24.05,
2021-02-27 20:00:00,6,6.76,1.61,20.1,
2021-02-27 21:00:00,6,6.78,2.32,17.72,
2021-02-27 22:00:00,6,6.76,1.72,16.64,
2021-02-27 23:00:00,6,6.72,1.33,15.07,
2021-02-28 00:00:00,6,6.76,0.47,16.91,
2021-02-28 01:00:00,6,6.76,0.47,17.57,
2021-02-28 02:00:00,6,6.67,0.47,15.21,
2021-02-28 03:00:00,6,6.72,0.47,13.23,
2021-02-28 04:00:00,6,6.75,0.47,13.55,
2021-02-28 05:00:00,6,6.75,0.47,14.07,
2021-02-28 06:00:00,6,6.73,0.47,14.78,
2021-02-28 07:00:00,6,6.72,0.47,16.62,
2021-02-28 08:00:00,6,6.75,0.47,18.6,
2021-02-28 09:00:00,6,6.75,0.47,20.54,
2021-02-28 10:00:00,6,6.75,0.47,22.36,
2021-02-28 11:00:00,6,6.74,0.47,24.19,
2021-02-28 12:00:00,6,6.66,0.47,28.65,
2021-02-28 13:00:00,6,6.71,0.47,29.93,
2021-02-28 14:00:00,6,6.74,0.47,29.16,
2021-02-28 15:00:00,6,6.75,0.47,27.79,
2021-02-28 16:00:00,6,6.65,0.47,27.71,
2021-02-28 17:00:00,6,6.75,0.47,29.96,
2021-02-28 18:00:00,6,6.75,0.47,27.5,
2021-02-28 19:00:00,6,6.73,0.47,23.04,
2021-02-28 20:00:00,6,6.75,0.47,22.79,
2021-02-28 21:00:00,6,6.76,1.63,23.4,
2021-02-28 22:00:00,6,6.76,0.47,29.27,
2021-02-28 23:00:00,6,6.73,0.47,30.03,
2021-03-01 00:00:00,6,6.7,0.47,30.4,
2021-03-01 01:00:00,6,6.74,0.47,29.08,
2021-03-01 02:00:00,6,6.78,0.47,24.79,
2021-03-01 03:00:00,6,6.73,0.47,20.25,
2021-03-01 04:00:00,6,6.69,0.47,16.25,
2021-03-01 05:00:00,6,6.73,1.01,17.68,
2021-03-01 06:00:00,6,6.69,2.21,19.95,
2021-03-01 07:00:00,6,6.71,7.62,12.75,
2021-03-01 08:00:00,6,6.74,7.51,12.85,
2021-03-01 09:00:00,6,6.85,7.03,15.33,
2021-03-01 10:00:00,6,7.03,6.65,19.14,
2021-03-01 11:00:00,6,7.27,5.78,25.55,
2021-03-01 12:00:00,6,7.09,5.07,31.53,
2021-03-01 13:00:00,6,6.98,4.6,37.18,
2021-03-01 14:00:00,6,6.88,3.5,40.22,
2021-03-01 15:00:00,6,6.86,1.68,40.81,
2021-03-01 16:00:00,6,6.78,1.91,36.13,
2021-03-01 17:00:00,6,6.77,3.58,33.11,
2021-03-01 18:00:00,6,6.75,3.83,29.5,
2021-03-01 19:00:00,6,6.73,5.83,23.83,
2021-03-01 20:00:00,6,6.74,4.26,23.04,
2021-03-01 21:00:00,6,6.74,4.39,20.38,
2021-03-01 22:00:00,6,6.78,4.59,18.4,
2021-03-01 23:00:00,6,6.76,6.31,16.26,
2021-03-02 00:00:00,6,6.79,3.21,16.0,
2021-03-02 01:00:00,6,6.7,3.72,12.21,
2021-03-02 02:00:00,6,6.76,3.26,10.63,
2021-03-02 03:00:00,6,6.76,1.81,11.2,
2021-03-02 04:00:00,6,6.74,2.96,8.57,
2021-03-02 05:00:00,6,6.76,4.04,6.72,
2021-03-02 06:00:00,6,6.78,5.66,2.92,
2021-03-02 07:00:00,6,7.17,6.65,0.98,
2021-03-02 08:00:00,6,6.83,9.53,4.55,
2021-03-02 09:00:00,6,6.91,13.14,7.52,
2021-03-02 10:00:00,6,6.9,8.2,22.34,
2021-03-02 11:00:00,6,10.32,10.23,33.94,
2021-03-02 12:00:00,6,39.55,11.19,47.43,
2021-03-02 13:00:00,6,17.41,3.15,56.34,
2021-03-02 14:00:00,6,10.94,4.93,71.15,
2021-03-02 15:00:00,6,9.24,5.99,80.48,
2021-03-02 16:00:00,6,8.35,3.01,65.87,
2021-03-02 17:00:00,6,7.28,1.35,54.44,
2021-03-02 18:00:00,6,6.83,2.64,43.69,
2021-03-02 19:00:00,6,6.79,3.53,36.93,
2021-03-02 20:00:00,6,6.77,5.08,33.24,
2021-03-02 21:00:00,13.42,6.89,4.9,34.73,
2021-03-02 22:00:00,6,8.39,7.72,33.05,
2021-03-02 23:00:00,6,8.9,6.23,31.07,
2021-03-03 00:00:00,6,8.83,5.42,30.02,
2021-03-03 01:00:00,6,8.8,3.17,27.58,
2021-03-03 02:00:00,6,8.3,3.11,19.88,
2021-03-03 03:00:00,6,7.36,3.09,15.49,
2021-03-03 04:00:00,6,6.98,3.04,11.4,
2021-03-03 05:00:00,6,6.91,4.05,8.31,
2021-03-03 06:00:00,6,6.95,8.59,4.09,
2021-03-03 07:00:00,6,6.99,8.89,3.21,
2021-03-03 08:00:00,6,6.93,9.59,6.76,
2021-03-03 09:00:00,6,6.91,11.04,17.05,
2021-03-03 10:00:00,15.27,6.87,8.64,27.29,
2021-03-03 11:00:00,6,7.1,6.97,37.14,
2021-03-03 12:00:00,6,8.28,9.38,42.29,
2021-03-03 13:00:00,6,18.12,14.82,60.42,
2021-03-03 14:00:00,6,21.89,15.52,85.96,
2021-03-03 15:00:00,6,14.72,6.79,75.59,
2021-03-03 16:00:00,6,10.62,4.5,64.48,
2021-03-03 17:00:00,6,8.92,3.75,50.74,
2021-03-03 18:00:00,6,7.48,2.19,37.98,
2021-03-03 19:00:00,6,7.27,5.0,31.31,
2021-03-03 20:00:00,6,7.09,6.14,29.58,
2021-03-03 21:00:00,6,6.9,3.66,35.43,
2021-03-03 22:00:00,6,7.05,3.52,31.81,
2021-03-03 23:00:00,6,6.81,2.45,25.23,
2021-03-04 00:00:00,6,6.97,2.05,20.35,
2021-03-04 01:00:00,6,6.87,1.97,18.73,
2021-03-04 02:00:00,6,7.02,0.47,20.77,
2021-03-04 03:00:00,6,6.95,0.47,22.48,
2021-03-04 04:00:00,6,7.03,0.47,27.35,
2021-03-04 05:00:00,6,7.0,0.47,24.76,
2021-03-04 06:00:00,6,7.06,3.36,17.98,
2021-03-04 07:00:00,6,6.98,8.71,12.33,
2021-03-04 08:00:00,6,7.0,10.83,13.84,
2021-03-04 09:00:00,6,7.04,6.32,24.49,
2021-03-04 10:00:00,6,7.04,4.67,31.15,
2021-03-04 11:00:00,6,7.08,2.97,36.29,
2021-03-04 12:00:00,6,7.18,4.67,37.22,
2021-03-04 13:00:00,6,7.1,5.11,39.3,
2021-03-04 14:00:00,6,7.07,4.49,28.45,
2021-03-04 15:00:00,6,6.99,10.85,20.63,
2021-03-04 16:00:00,6,6.88,14.33,13.79,
2021-03-04 17:00:00,6,6.9,15.22,9.89,
2021-03-04 18:00:00,6,6.93,11.67,18.33,
2021-03-04 19:00:00,6,7.16,13.83,14.49,
2021-03-04 20:00:00,6,7.04,11.08,11.27,
2021-03-04 21:00:00,6,7.07,9.64,15.07,
2021-03-04 22:00:00,6,7.06,9.93,10.2,
2021-03-04 23:00:00,6,7.18,12.98,3.79,
2021-03-05 00:00:00,6,7.27,15.43,2.27,
2021-03-05 01:00:00,6,7.21,9.87,4.99,
2021-03-05 02:00:00,6,7.19,7.16,7.25,
2021-03-05 03:00:00,6,7.14,6.8,5.36,
2021-03-05 04:00:00,6,7.12,7.79,5.23,
2021-03-05 05:00:00,6,7.18,6.31,12.32,
2021-03-05 06:00:00,6,7.06,9.48,9.0,
2021-03-05 07:00:00,6,7.19,9.54,8.03,
2021-03-05 08:00:00,6,7.21,7.06,9.43,
2021-03-05 09:00:00,6,7.17,5.8,11.61,
2021-03-05 10:00:00,6,7.51,8.72,18.82,
2021-03-05 11:00:00,18.58,7.59,7.8,20.3,
2021-03-05 12:00:00,6,8.52,8.32,21.97,
2021-03-05 13:00:00,6,8.85,6.76,25.93,
2021-03-05 14:00:00,6,8.75,8.78,13.37,
2021-03-05 15:00:00,6,7.5,10.06,34.67,
2021-03-05 16:00:00,6,7.66,3.38,23.49,
2021-03-05 17:00:00,6,7.43,8.04,12.93,
2021-03-05 18:00:00,6,7.46,12.69,7.16,
2021-03-05 19:00:00,6,7.33,13.46,4.33,
2021-03-05 20:00:00,6,7.24,12.63,2.69,
2021-03-05 21:00:00,6,7.25,12.93,0.98,
2021-03-05 22:00:00,6,7.21,12.48,0.98,
2021-03-05 23:00:00,6,7.32,12.22,0.98,
2021-03-06 00:00:00,6,7.27,9.85,0.98,
2021-03-06 01:00:00,6,7.37,6.69,0.98,
2021-03-06 02:00:00,6,7.4,4.54,0.98,
2021-03-06 03:00:00,6,7.43,5.03,0.98,
2021-03-06 04:00:00,6,7.19,1.18,2.6,
2021-03-06 05:00:00,6,7.13,0.47,15.15,
2021-03-06 06:00:00,6,7.17,0.47,15.38,
2021-03-06 07:00:00,6,7.22,2.7,10.31,
2021-03-06 08:00:00,6,7.18,6.14,9.68,
2021-03-06 09:00:00,6,7.16,3.65,15.29,
2021-03-06 10:00:00,6,7.15,2.53,18.66,
2021-03-06 11:00:00,6,7.2,3.45,20.35,
2021-03-06 12:00:00,6,7.13,4.79,21.9,
2021-03-06 13:00:00,6,7.32,2.55,29.23,
2021-03-06 14:00:00,6,9.52,4.57,52.21,
2021-03-06 15:00:00,6,9.34,1.14,43.29,
2021-03-06 16:00:00,6,7.49,1.1,34.39,
2021-03-06 17:00:00,6,7.19,1.28,33.86,
2021-03-06 18:00:00,6,7.2,2.63,34.5,
2021-03-06 19:00:00,6,7.11,3.53,26.14,
2021-03-06 20:00:00,6,7.18,13.03,14.4,
2021-03-06 21:00:00,6,7.23,18.66,7.46,
2021-03-06 22:00:00,6,7.28,16.33,4.33,
2021-03-06 23:00:00,6,7.26,12.21,2.99,
2021-03-07 00:00:00,6,7.17,10.48,2.36,
2021-03-07 01:00:00,6,7.13,8.03,0.98,
2021-03-07 02:00:00,6,7.27,6.58,0.98,
2021-03-07 03:00:00,6,7.16,4.43,0.98,
2021-03-07 04:00:00,6,7.19,3.45,0.98,
2021-03-07 05:00:00,6,7.22,4.24,0.98,
2021-03-07 06:00:00,6,7.2,4.29,0.98,
2021-03-07 07:00:00,6,7.17,2.03,0.98,
2021-03-07 08:00:00,6,7.23,5.9,2.25,
2021-03-07 09:00:00,6,7.69,16.32,11.69,
2021-03-07 10:00:00,6,7.76,8.68,34.11,
2021-03-07 11:00:00,6,7.28,2.04,40.52,
2021-03-07 12:00:00,6,7.28,1.5,43.85,
2021-03-07 13:00:00,6,7.53,1.36,41.72,
2021-03-07 14:00:00,6,7.59,1.66,46.47,
2021-03-07 15:00:00,6,7.67,0.47,48.31,
2021-03-07 16:00:00,6,8.6,1.98,52.82,
2021-03-07 17:00:00,6,7.33,0.95,52.0,
2021-03-07 18:00:00,6,7.2,0.47,37.35,
2021-03-07 19:00:00,6,7.25,0.47,31.41,
2021-03-07 20:00:00,6,7.33,1.44,26.95,
2021-03-07 21:00:00,6,7.26,3.65,24.34,
2021-03-07 22:00:00,6,7.26,3.31,21.37,
2021-03-07 23:00:00,6,7.23,5.05,15.18,
2021-03-08 00:00:00,6,7.32,5.47,11.52,
2021-03-08 01:00:00,6,7.45,4.36,9.19,
2021-03-08 02:00:00,6,7.37,4.12,5.7,
2021-03-08 03:00:00,6,7.5,3.84,2.74,
2021-03-08 04:00:00,6,7.48,3.3,0.98,
2021-03-08 05:00:00,6,7.51,3.74,0.98,
2021-03-08 06:00:00,6,7.53,4.43,0.98,
2021-03-08 07:00:00,6,7.64,5.1,0.98,
2021-03-08 08:00:00,6,7.66,9.2,0.98,
2021-03-08 09:00:00,6,7.67,16.8,7.99,
2021-03-08 10:00:00,,9.32,12.21,28.65,
2021-03-08 11:00:00,,27.61,23.36,53.98,
2021-03-08 12:00:00,,56.69,10.18,41.57,
2021-03-08 13:00:00,6,21.76,7.06,49.68,
2021-03-08 14:00:00,6,14.69,4.3,63.07,
2021-03-08 15:00:00,6,12.15,4.6,64.44,
2021-03-08 16:00:00,6,10.12,2.45,57.74,
2021-03-08 17:00:00,6,9.01,5.42,55.95,
2021-03-08 18:00:00,6,8.89,7.74,52.91,
2021-03-08 19:00:00,6,8.21,7.03,38.89,
2021-03-08 20:00:00,12.8,7.67,7.95,28.72,
2021-03-08 21:00:00,14.34,7.73,8.41,24.42,
2021-03-08 22:00:00,17.38,7.61,9.98,16.66,
2021-03-08 23:00:00,23.43,7.63,9.31,9.76,
2021-03-09 00:00:00,21.77,7.55,5.97,10.55,
2021-03-09 01:00:00,13.85,7.54,5.78,10.89,
2021-03-09 02:00:00,14.19,7.54,3.4,12.6,
2021-03-09 03:00:00,12.62,7.52,0.47,17.74,
2021-03-09 04:00:00,6,7.67,2.06,8.39,
2021-03-09 05:00:00,6,7.58,6.92,4.5,
2021-03-09 06:00:00,6,7.59,1.8,13.11,
2021-03-09 07:00:00,6,7.61,3.22,19.94,
2021-03-09 08:00:00,12.22,7.61,5.99,16.69,
2021-03-09 09:00:00,6,,7.78,13.93,
2021-03-09 10:00:00,6,,3.82,,
2021-03-09 11:00:00,6,9.29,2.78,,
2021-03-09 12:00:00,6,8.01,2.45,21.93,
2021-03-09 13:00:00,6,7.89,2.48,23.89,
2021-03-09 14:00:00,6,8.9,4.03,24.06,
2021-03-09 15:00:00,6,7.95,1.64,32.87,
2021-03-09 16:00:00,6,7.95,1.88,28.75,
2021-03-09 17:00:00,6,7.96,1.45,29.95,
2021-03-09 18:00:00,6,7.94,2.81,31.65,
2021-03-09 19:00:00,6,7.95,6.23,26.77,
2021-03-09 20:00:00,6,7.96,10.04,22.17,
2021-03-09 21:00:00,6,7.95,9.37,21.43,
2021-03-09 22:00:00,6,7.99,14.71,12.12,
2021-03-09 23:00:00,14.08,7.94,13.57,7.99,
2021-03-10 00:00:00,6,7.94,11.7,3.31,
2021-03-10 01:00:00,17.35,7.9,9.85,2.47,
2021-03-10 02:00:00,6,7.99,7.58,0.98,
2021-03-10 03:00:00,6,7.93,5.54,0.98,
2021-03-10 04:00:00,6,7.96,6.26,0.98,
2021-03-10 05:00:00,6,7.98,7.42,0.98,
2021-03-10 06:00:00,6,8.18,11.22,0.98,
2021-03-10 07:00:00,6,8.27,18.79,0.98,
2021-03-10 08:00:00,14.31,8.12,29.03,3.52,
2021-03-10 09:00:00,18.57,7.97,18.52,10.91,
2021-03-10 10:00:00,24.95,7.66,7.31,22.09,
2021-03-10 11:00:00,13.83,8.02,7.42,28.62,
2021-03-10 12:00:00,12.69,7.98,4.67,37.34,
2021-03-10 13:00:00,6,8.01,3.15,36.5,
2021-03-10 14:00:00,6,7.92,1.73,37.53,
2021-03-10 15:00:00,6,7.9,0.47,36.46,
2021-03-10 16:00:00,6,7.8,1.75,34.68,
2021-03-10 17:00:00,6,7.94,1.14,33.19,
2021-03-10 18:00:00,6,7.95,3.76,29.46,
2021-03-10 19:00:00,6,7.95,4.58,26.14,
2021-03-10 20:00:00,6,7.85,7.14,22.58,
2021-03-10 21:00:00,22.1,8.01,9.57,15.28,
2021-03-10 22:00:00,20.43,8.05,12.07,10.86,
2021-03-10 23:00:00,32.26,7.98,13.26,5.1,
2021-03-11 00:00:00,18.99,8.03,11.67,2.61,
2021-03-11 01:00:00,24,8.02,9.64,0.98,
2021-03-11 02:00:00,13.94,7.95,6.83,0.98,
2021-03-11 03:00:00,12.34,7.92,5.37,0.98,
2021-03-11 04:00:00,6,8.03,11.6,0.98,
2021-03-11 05:00:00,12.6,8.03,14.23,0.98,
2021-03-11 06:00:00,70.52,8.03,11.51,0.98,
2021-03-11 07:00:00,44.09,7.99,12.42,0.98,
2021-03-11 08:00:00,31.16,8.79,10.69,0.98,
2021-03-11 09:00:00,42.68,28.31,16.71,8.71,
2021-03-11 10:00:00,28.18,22.79,13.88,27.98,
2021-03-11 11:00:00,17.41,18.32,7.86,26.59,
2021-03-11 12:00:00,25.22,16.4,11.6,40.44,
2021-03-11 13:00:00,13.82,11.25,7.01,50.9,
2021-03-11 14:00:00,6,10.01,5.34,48.38,
2021-03-11 15:00:00,6,9.15,4.36,44.35,
2021-03-11 16:00:00,6,8.17,3.38,44.72,
2021-03-11 17:00:00,18.08,8.61,7.2,43.95,
2021-03-11 18:00:00,6,8.11,8.0,44.87,
2021-03-11 19:00:00,19.84,8.03,8.43,28.03,
2021-03-11 20:00:00,25.78,8.04,8.43,19.85,
2021-03-11 21:00:00,19.86,7.96,11.94,14.71,
2021-03-11 22:00:00,25.24,8.03,14.83,8.52,
2021-03-11 23:00:00,25,8.03,14.24,5.43,
2021-03-12 00:00:00,19.47,8.01,11.27,5.94,
2021-03-12 01:00:00,15.51,8.08,9.38,3.88,
2021-03-12 02:00:00,6,8.04,8.97,2.27,
2021-03-12 03:00:00,12.66,7.97,8.22,0.98,
2021-03-12 04:00:00,6,7.97,7.75,0.98,
2021-03-12 05:00:00,6,7.98,5.56,0.98,
2021-03-12 06:00:00,20.49,8.08,6.49,0.98,
2021-03-12 07:00:00,21.71,8.41,8.19,0.98,
2021-03-12 08:00:00,14.01,8.69,23.65,2.08,
2021-03-12 09:00:00,13.13,10.42,27.57,6.53,
2021-03-12 10:00:00,20.51,12.1,14.72,15.29,
2021-03-12 11:00:00,21.05,12.72,9.84,30.73,
2021-03-12 12:00:00,14.63,12.44,8.67,48.98,
2021-03-12 13:00:00,6,10.87,8.6,60.2,
2021-03-12 14:00:00,6,9.83,8.25,69.58,
2021-03-12 15:00:00,6,8.85,7.23,85.32,
2021-03-12 16:00:00,6,8.33,6.26,71.52,
2021-03-12 17:00:00,6,8.14,4.51,37.4,
2021-03-12 18:00:00,,8.08,5.12,34.76,
2021-03-12 19:00:00,19.03,8.05,8.56,28.36,
2021-03-12 20:00:00,19.52,7.97,9.16,22.3,
2021-03-12 21:00:00,21.03,8.0,8.31,18.67,
2021-03-12 22:00:00,24.71,7.9,9.26,15.72,
2021-03-12 23:00:00,37.53,7.98,9.32,14.74,
2021-03-13 00:00:00,,8.02,10.35,11.67,
2021-03-13 01:00:00,13.58,7.97,8.0,13.27,
2021-03-13 02:00:00,15.33,8.02,7.21,10.96,
2021-03-13 03:00:00,,8.01,5.89,9.88,
2021-03-13 04:00:00,,7.99,6.13,4.4,
2021-03-13 05:00:00,12.18,8.01,6.55,0.98,
2021-03-13 06:00:00,,7.97,6.51,0.98,
2021-03-13 07:00:00,,8.04,5.84,0.98,
2021-03-13 08:00:00,,8.06,9.85,0.98,
2021-03-13 09:00:00,,8.93,16.62,10.6,
2021-03-13 10:00:00,,10.67,7.15,25.63,
2021-03-13 11:00:00,13.66,21.48,12.48,41.11,
2021-03-13 12:00:00,17.7,14.24,8.1,60.32,
2021-03-13 13:00:00,,11.37,9.81,75.05,
2021-03-13 14:00:00,6,9.42,8.07,79.46,
2021-03-13 15:00:00,6,9.18,5.2,69.45,
2021-03-13 16:00:00,6,8.86,3.69,70.03,
2021-03-13 17:00:00,6,8.25,5.06,58.98,
2021-03-13 18:00:00,6,8.03,2.12,52.31,
2021-03-13 19:00:00,15.04,8.98,3.08,46.57,
2021-03-13 20:00:00,40.84,9.25,5.46,33.37,
2021-03-13 21:00:00,37.76,8.55,5.14,26.87,
2021-03-13 22:00:00,26.16,8.26,6.5,19.61,
2021-03-13 23:00:00,25.73,8.24,5.12,16.08,
2021-03-14 00:00:00,29.74,8.21,8.95,9.16,
2021-03-14 01:00:00,19.02,8.3,7.62,4.29,
2021-03-14 02:00:00,20.44,8.15,5.9,2.84,
2021-03-14 03:00:00,13.64,8.05,5.06,2.86,
2021-03-14 04:00:00,6,8.08,5.27,0.98,
2021-03-14 05:00:00,6,8.13,4.76,0.98,
2021-03-14 06:00:00,6,8.18,5.54,0.98,
2021-03-14 07:00:00,6,8.02,4.37,0.98,
2021-03-14 08:00:00,6,8.12,7.13,0.98,
2021-03-14 09:00:00,23.73,8.79,10.18,3.92,
2021-03-14 10:00:00,34.51,28.57,21.81,7.27,
2021-03-14 11:00:00,26.13,22.71,7.02,26.65,
2021-03-14 12:00:00,15.68,13.79,5.58,51.93,
2021-03-14 13:00:00,6,10.86,3.82,55.87,
2021-03-14 14:00:00,6,9.6,2.64,52.88,
2021-03-14 15:00:00,6,8.56,0.47,43.01,
2021-03-14 16:00:00,6,8.04,0.47,42.96,
2021-03-14 17:00:00,6,8.14,0.47,40.47,
2021-03-14 18:00:00,6,8.07,0.47,37.27,
2021-03-14 19:00:00,18.5,8.16,2.36,32.13,
2021-03-14 20:00:00,22.69,8.18,2.17,32.62,
2021-03-14 21:00:00,13.25,8.34,3.14,29.73,
2021-03-14 22:00:00,23.27,8.32,4.07,26.27,
2021-03-14 23:00:00,26.75,8.32,2.48,25.17,
2021-03-15 00:00:00,17.59,8.16,2.53,23.87,
2021-03-15 01:00:00,15.56,8.06,2.27,24.01,
2021-03-15 02:00:00,17.65,8.26,2.45,18.41,
2021-03-15 03:00:00,6,8.17,2.73,13.82,
2021-03-15 04:00:00,6,8.14,2.84,11.22,
2021-03-15 05:00:00,6,8.17,3.85,10.6,
2021-03-15 06:00:00,6,8.25,6.7,9.39,
2021-03-15 07:00:00,6,8.25,12.72,3.92,
2021-03-15 08:00:00,14.9,8.33,14.34,6.64,
2021-03-15 09:00:00,13.97,8.23,6.22,22.37,
2021-03-15 10:00:00,6,8.27,3.17,29.28,
2021-03-15 11:00:00,17.03,8.2,2.22,32.43,
2021-03-15 12:00:00,6,8.06,2.65,35.99,
2021-03-15 13:00:00,6,8.22,1.0,37.39,
2021-03-15 14:00:00,6,8.1,1.32,38.47,
2021-03-15 15:00:00,6,7.98,0.47,38.27,
2021-03-15 16:00:00,6,7.77,0.47,38.12,
2021-03-15 17:00:00,6,8.09,1.45,33.81,
2021-03-15 18:00:00,6,8.0,1.58,31.06,
2021-03-15 19:00:00,6,7.95,3.12,25.85,
2021-03-15 20:00:00,21.23,7.92,2.51,25.01,
2021-03-15 21:00:00,20.97,7.98,2.1,24.69,
2021-03-15 22:00:00,19.79,8.12,2.28,24.35,
2021-03-15 23:00:00,14.25,8.01,0.47,26.14,
2021-03-16 00:00:00,13.82,8.14,0.47,26.97,
2021-03-16 01:00:00,13.37,8.16,1.17,24.29,
2021-03-16 02:00:00,6,8.09,0.47,21.17,
2021-03-16 03:00:00,6,7.94,0.47,20.51,
2021-03-16 04:00:00,6,8.1,1.88,16.91,
2021-03-16 05:00:00,6,8.05,2.6,14.39,
2021-03-16 06:00:00,6,7.91,5.05,10.65,
2021-03-16 07:00:00,15.66,7.89,6.7,9.47,
2021-03-16 08:00:00,19.77,8.08,8.35,10.97,
2021-03-16 09:00:00,18.91,8.16,7.11,19.95,
2021-03-16 10:00:00,20.29,8.16,6.45,30.01,
2021-03-16 11:00:00,12.45,8.02,5.33,41.46,
2021-03-16 12:00:00,6,8.03,5.3,50.73,
2021-03-16 13:00:00,6,13.8,10.86,67.22,
2021-03-16 14:00:00,6,23.26,13.02,79.0,
2021-03-16 15:00:00,6,33.54,16.04,97.16,
2021-03-16 16:00:00,6,17.23,10.18,113.3,
2021-03-16 17:00:00,6,11.09,11.92,111.3,
2021-03-16 18:00:00,17.85,9.51,7.64,62.93,
2021-03-16 19:00:00,34.11,8.79,8.22,48.33,
2021-03-16 20:00:00,42.78,8.55,13.88,35.23,
2021-03-16 21:00:00,45.48,8.39,12.38,27.47,
2021-03-16 22:00:00,40.82,8.29,17.36,15.13,
2021-03-16 23:00:00,47.74,8.33,17.6,8.55,
2021-03-17 00:00:00,45.29,8.37,15.82,6.7,
2021-03-17 01:00:00,27.14,8.31,14.13,5.53,
2021-03-17 02:00:00,18.24,8.19,13.3,5.47,
2021-03-17 03:00:00,26.59,8.18,3.18,36.23,
2021-03-17 04:00:00,14.79,8.15,5.88,33.68,
2021-03-17 05:00:00,6,8.38,5.12,31.04,
2021-03-17 06:00:00,6,8.49,6.82,26.93,
2021-03-17 07:00:00,6,8.46,15.58,21.34,
2021-03-17 08:00:00,6,8.37,15.49,23.11,
2021-03-17 09:00:00,6,8.27,13.61,19.99,
2021-03-17 10:00:00,6,8.22,11.48,22.23,
2021-03-17 11:00:00,,7.93,6.65,27.75,
2021-03-17 12:00:00,42.68,7.97,11.7,39.39,
2021-03-17 13:00:00,21.33,8.19,8.32,46.73,
2021-03-17 14:00:00,6,22.24,9.1,43.93,
2021-03-17 15:00:00,6,15.81,6.53,48.2,
2021-03-17 16:00:00,6,11.38,3.37,56.82,
2021-03-17 17:00:00,6,9.47,8.16,48.83,
2021-03-17 18:00:00,6,8.67,7.29,41.5,
2021-03-17 19:00:00,6,8.38,10.12,31.57,
2021-03-17 20:00:00,6,8.31,8.18,32.34,
2021-03-17 21:00:00,6,8.28,7.37,33.1,
2021-03-17 22:00:00,6,8.12,10.2,28.93,
2021-03-17 23:00:00,,8.23,7.83,30.16,
2021-03-18 00:00:00,6,8.49,7.51,28.4,
2021-03-18 01:00:00,6,9.32,4.72,29.69,
2021-03-18 02:00:00,6,8.89,2.9,31.21,
2021-03-18 03:00:00,6,8.43,4.24,27.17,
2021-03-18 04:00:00,6,8.35,5.9,21.62,
2021-03-18 05:00:00,6,8.34,1.62,24.93,
2021-03-18 06:00:00,6,8.21,2.59,23.84,
2021-03-18 07:00:00,6,8.31,6.41,15.0,
2021-03-18 08:00:00,6,8.33,10.84,7.09,
2021-03-18 09:00:00,17.32,8.32,9.83,8.06,
2021-03-18 10:00:00,6,8.31,3.69,18.01,
2021-03-18 11:00:00,6,8.28,2.67,23.93,
2021-03-18 12:00:00,6,8.34,4.8,23.68,
2021-03-18 13:00:00,6,8.35,4.33,27.51,
2021-03-18 14:00:00,6,8.27,2.22,34.1,
2021-03-18 15:00:00,6,8.28,2.58,35.5,
2021-03-18 16:00:00,6,8.34,5.09,37.61,
2021-03-18 17:00:00,6,8.22,5.89,36.0,
2021-03-18 18:00:00,6,8.07,5.53,29.68,
2021-03-18 19:00:00,6,8.08,10.0,21.07,
2021-03-18 20:00:00,6,8.07,12.57,16.0,
2021-03-18 21:00:00,6,8.2,14.71,12.72,
2021-03-18 22:00:00,6,8.19,13.69,12.43,
2021-03-18 23:00:00,33.17,8.24,8.03,14.5,
2021-03-19 00:00:00,22.36,8.18,7.98,7.19,
2021-03-19 01:00:00,16.33,7.96,7.55,5.88,
2021-03-19 02:00:00,6,8.17,8.29,2.97,
2021-03-19 03:00:00,17.88,8.05,7.67,3.36,
2021-03-19 04:00:00,6,8.1,6.22,4.55,
2021-03-19 05:00:00,6,8.12,4.38,6.47,
2021-03-19 06:00:00,6,8.13,6.28,9.13,
2021-03-19 07:00:00,6,8.3,12.27,4.65,
2021-03-19 08:00:00,6,8.29,11.89,8.13,
2021-03-19 09:00:00,16.54,8.66,5.74,20.09,
2021-03-19 10:00:00,19.6,8.39,2.66,28.7,
2021-03-19 11:00:00,6,8.29,1.63,33.36,
2021-03-19 12:00:00,6,8.31,2.19,35.29,
2021-03-19 13:00:00,6,8.25,1.9,36.41,
2021-03-19 14:00:00,6,8.23,1.34,38.41,
2021-03-19 15:00:00,,8.13,1.33,35.72,
2021-03-19 16:00:00,,8.44,2.0,35.88,
2021-03-19 17:00:00,6,8.11,2.1,33.3,
2021-03-19 18:00:00,6,8.28,2.4,30.21,
2021-03-19 19:00:00,6,8.25,3.94,25.61,
2021-03-19 20:00:00,18.59,8.23,5.31,23.59,
2021-03-19 21:00:00,6,8.02,5.83,21.61,
2021-03-19 22:00:00,18.45,8.22,5.86,18.91,
2021-03-19 23:00:00,12.01,8.2,4.89,16.98,
2021-03-20 00:00:00,12.33,8.1,5.17,13.73,
2021-03-20 01:00:00,6,8.05,6.07,10.05,
2021-03-20 02:00:00,12.68,8.29,5.72,10.94,
2021-03-20 03:00:00,6,8.29,5.71,9.72,
2021-03-20 04:00:00,6,8.25,5.06,6.11,
2021-03-20 05:00:00,6,8.3,5.6,4.91,
2021-03-20 06:00:00,6,8.22,6.16,2.34,
2021-03-20 07:00:00,,8.41,9.0,0.98,
2021-03-20 08:00:00,6,8.45,10.11,4.0,
2021-03-20 09:00:00,6,8.54,8.09,13.43,
2021-03-20 10:00:00,6,8.57,6.06,24.48,
2021-03-20 11:00:00,6,8.47,3.37,31.38,
2021-03-20 12:00:00,6,8.39,3.75,35.14,
2021-03-20 13:00:00,6,8.4,4.24,39.57,
2021-03-20 14:00:00,14.36,8.42,3.24,47.55,
2021-03-20 15:00:00,6,8.13,3.22,54.02,
2021-03-20 16:00:00,6,8.42,6.36,58.1,
2021-03-20 17:00:00,6,8.41,5.79,56.6,
2021-03-20 18:00:00,6,8.18,7.89,48.75,
2021-03-20 19:00:00,12.88,8.47,5.72,38.12,
2021-03-20 20:00:00,20.99,8.36,10.34,24.67,
2021-03-20 21:00:00,31.38,8.45,8.52,19.62,
2021-03-20 22:00:00,34.47,8.59,9.91,15.92,
2021-03-20 23:00:00,33.87,8.52,8.95,11.72,
2021-03-21 00:00:00,25.64,8.41,11.74,7.01,
2021-03-21 01:00:00,21.17,8.48,15.03,3.16,
2021-03-21 02:00:00,30.9,8.27,12.21,2.78,
2021-03-21 03:00:00,17.86,8.35,10.21,3.16,
2021-03-21 04:00:00,13.87,7.83,8.18,5.05,
2021-03-21 05:00:00,6,8.34,7.54,13.4,
2021-03-21 06:00:00,6,8.72,7.36,9.45,
2021-03-21 07:00:00,6,8.45,3.96,16.12,
2021-03-21 08:00:00,6,8.04,4.46,15.62,
2021-03-21 09:00:00,12.51,7.81,6.39,9.78,
2021-03-21 10:00:00,6,7.94,6.75,14.47,
2021-03-21 11:00:00,14.93,8.2,7.0,19.11,
2021-03-21 12:00:00,6,8.08,8.87,18.12,
2021-03-21 13:00:00,14.11,7.99,5.97,22.06,
2021-03-21 14:00:00,17.81,8.52,6.31,25.91,
2021-03-21 15:00:00,6,31.08,18.08,20.88,
2021-03-21 16:00:00,6,60.87,16.97,21.33,
2021-03-21 17:00:00,6,23.63,3.79,31.6,
2021-03-21 18:00:00,6,14.38,4.21,31.48,
2021-03-21 19:00:00,6,11.46,9.24,22.77,
2021-03-21 20:00:00,6,10.0,10.83,15.18,
2021-03-21 21:00:00,6,9.41,4.98,22.72,
2021-03-21 22:00:00,6,8.99,2.39,26.11,
2021-03-21 23:00:00,6,8.83,1.94,28.58,
2021-03-22 00:00:00,6,8.7,1.51,27.05,
2021-03-22 01:00:00,6,8.58,1.67,22.39,
2021-03-22 02:00:00,6,8.18,0.99,18.68,
2021-03-22 03:00:00,6,8.46,1.09,17.61,
2021-03-22 04:00:00,6,8.35,1.32,14.14,
2021-03-22 05:00:00,6,8.22,3.68,9.25,
2021-03-22 06:00:00,6,8.21,3.38,10.69,
2021-03-22 07:00:00,6,8.27,3.85,18.93,
2021-03-22 08:00:00,6,8.06,9.73,12.77,
2021-03-22 09:00:00,6,8.26,9.95,12.49,
2021-03-22 10:00:00,6,7.71,8.63,15.36,
2021-03-22 11:00:00,6,7.94,5.73,19.08,
2021-03-22 12:00:00,6,7.74,3.31,27.93,
2021-03-22 13:00:00,6,8.19,1.62,33.37,
2021-03-22 14:00:00,6,7.93,1.85,32.34,
2021-03-22 15:00:00,6,7.94,2.99,31.55,
2021-03-22 16:00:00,6,8.3,5.7,29.14,
2021-03-22 17:00:00,6,8.16,4.45,28.35,
2021-03-22 18:00:00,6,8.34,9.84,21.87,
2021-03-22 19:00:00,13.19,8.25,10.0,21.58,
2021-03-22 20:00:00,6,8.4,7.58,24.24,
2021-03-22 21:00:00,6,8.47,5.56,24.64,
2021-03-22 22:00:00,6,8.64,5.16,22.08,
2021-03-22 23:00:00,6,8.35,4.69,20.38,
2021-03-23 00:00:00,24.12,8.22,4.18,18.97,
2021-03-23 01:00:00,13.17,8.07,3.13,18.83,
2021-03-23 02:00:00,6,8.39,1.24,20.76,
2021-03-23 03:00:00,6,8.07,0.47,20.7,
2021-03-23 04:00:00,6,8.26,0.47,19.99,
2021-03-23 05:00:00,6,7.86,1.09,17.75,
2021-03-23 06:00:00,6,7.89,3.2,14.61,
2021-03-23 07:00:00,6,8.12,10.35,6.86,
2021-03-23 08:00:00,6,8.22,13.32,6.72,
2021-03-23 09:00:00,18.01,7.69,13.59,8.24,
2021-03-23 10:00:00,6,8.0,9.24,12.81,
2021-03-23 11:00:00,6,7.65,9.72,13.07,
2021-03-23 12:00:00,6,7.74,21.19,10.28,
2021-03-23 13:00:00,6,8.2,19.04,14.09,
2021-03-23 14:00:00,14.97,8.62,14.57,13.56,
2021-03-23 15:00:00,24.48,8.85,11.65,20.9,
2021-03-23 16:00:00,14.02,8.89,12.19,27.35,
2021-03-23 17:00:00,6,8.84,10.63,14.83,
2021-03-23 18:00:00,6,8.55,8.39,16.91,
2021-03-23 19:00:00,6,8.26,10.41,12.25,
2021-03-23 20:00:00,6,8.22,6.03,15.99,
2021-03-23 21:00:00,6,8.09,3.04,19.83,
2021-03-23 22:00:00,6,7.95,2.63,22.12,
2021-03-23 23:00:00,6,8.13,1.02,24.82,
2021-03-24 00:00:00,6,7.86,0.47,23.55,
2021-03-24 01:00:00,6,7.97,0.47,23.24,
2021-03-24 02:00:00,6,7.78,0.47,26.07,
2021-03-24 03:00:00,6,7.66,0.47,25.64,
2021-03-24 04:00:00,6,8.15,0.47,21.42,
2021-03-24 05:00:00,6,7.91,0.47,17.55,
2021-03-24 06:00:00,6,7.9,5.55,8.94,
2021-03-24 07:00:00,6,8.27,12.01,3.7,
2021-03-24 08:00:00,6,7.97,12.07,7.71,
2021-03-24 09:00:00,6,8.09,5.5,18.99,
2021-03-24 10:00:00,26.11,7.62,5.71,24.75,
2021-03-24 11:00:00,16.61,7.86,4.62,29.17,
2021-03-24 12:00:00,6,7.65,3.14,31.7,
2021-03-24 13:00:00,6,7.87,1.67,35.58,
2021-03-24 14:00:00,6,7.62,1.39,37.5,
2021-03-24 15:00:00,6,7.84,1.12,37.12,
2021-03-24 16:00:00,6,7.67,1.01,35.14,
2021-03-24 17:00:00,6,7.56,1.76,32.27,
2021-03-24 18:00:00,6,7.45,2.93,27.47,
2021-03-24 19:00:00,6,7.55,5.62,23.2,
2021-03-24 20:00:00,6,7.84,4.81,23.3,
2021-03-24 21:00:00,6,7.64,4.0,22.55,
2021-03-24 22:00:00,6,7.64,4.84,17.57,
2021-03-24 23:00:00,6,7.85,4.72,14.28,
2021-03-25 00:00:00,6,7.68,3.73,11.71,
2021-03-25 01:00:00,6,8.08,5.08,7.8,
2021-03-25 02:00:00,6,7.57,7.4,5.06,
2021-03-25 03:00:00,6,7.81,4.72,5.2,
2021-03-25 04:00:00,6,7.81,4.48,4.0,
2021-03-25 05:00:00,6,8.07,6.26,0.98,
2021-03-25 06:00:00,6,8.28,7.05,0.98,
2021-03-25 07:00:00,6,8.54,7.66,0.98,
2021-03-25 08:00:00,6,8.62,10.99,2.32,
2021-03-25 09:00:00,12.95,8.05,7.6,7.67,
2021-03-25 10:00:00,12.73,8.04,9.32,15.44,
2021-03-25 11:00:00,6,7.81,5.85,24.35,
2021-03-25 12:00:00,6,7.8,6.16,42.85,
2021-03-25 13:00:00,6,7.67,5.18,52.12,
2021-03-25 14:00:00,6,8.05,4.79,45.18,
2021-03-25 15:00:00,6,7.67,4.38,43.19,
2021-03-25 16:00:00,6,7.76,6.53,41.32,
2021-03-25 17:00:00,6,7.41,3.26,48.06,
2021-03-25 18:00:00,6,8.09,5.37,45.18,
2021-03-25 19:00:00,6,8.74,9.88,29.62,
2021-03-25 20:00:00,26.48,8.86,12.35,18.21,
2021-03-25 21:00:00,31.16,8.83,13.55,12.93,
2021-03-25 22:00:00,21.85,8.8,12.39,10.63,
2021-03-25 23:00:00,20.19,23.51,19.68,40.81,
2021-03-26 00:00:00,12.45,13.28,7.44,40.61,
2021-03-26 01:00:00,6,10.4,2.34,43.85,
2021-03-26 02:00:00,6,9.27,1.93,35.52,
2021-03-26 03:00:00,6,8.93,6.84,17.19,
2021-03-26 04:00:00,6,9.12,7.32,15.13,
2021-03-26 05:00:00,6,8.86,6.9,12.81,
2021-03-26 06:00:00,6,8.71,8.86,13.72,
2021-03-26 07:00:00,6,8.79,16.35,4.83,
2021-03-26 08:00:00,6,8.71,16.68,5.81,
2021-03-26 09:00:00,6,8.66,12.99,16.76,
2021-03-26 10:00:00,20.97,8.53,9.41,31.0,
2021-03-26 11:00:00,6,8.81,7.3,33.86,
2021-03-26 12:00:00,6,8.89,10.87,31.4,
2021-03-26 13:00:00,6,16.03,14.23,25.21,
2021-03-26 14:00:00,6,14.34,11.69,34.94,
2021-03-26 15:00:00,6,11.05,11.24,50.17,
2021-03-26 16:00:00,6,9.91,8.27,46.74,
2021-03-26 17:00:00,13.05,8.95,18.56,27.29,
2021-03-26 18:00:00,25,8.74,36.79,10.92,
2021-03-26 19:00:00,27.93,8.7,25.95,20.9,
2021-03-26 20:00:00,18.18,8.81,21.21,19.56,
2021-03-26 21:00:00,18.94,8.79,19.23,19.04,
2021-03-26 22:00:00,6,8.71,15.7,17.73,
2021-03-26 23:00:00,6,8.51,16.19,12.81,
2021-03-27 00:00:00,6,8.22,15.36,8.81,
2021-03-27 01:00:00,6,8.09,11.83,9.94,
2021-03-27 02:00:00,6,7.98,10.1,7.36,
2021-03-27 03:00:00,6,7.79,8.41,10.46,
2021-03-27 04:00:00,,7.78,5.28,14.23,
2021-03-27 05:00:00,6,7.73,7.76,11.75,
2021-03-27 06:00:00,6,7.71,6.93,9.78,
2021-03-27 07:00:00,6,7.68,16.31,3.77,
2021-03-27 08:00:00,6,8.16,19.83,9.07,
2021-03-27 09:00:00,12.07,8.63,13.71,11.49,
2021-03-27 10:00:00,16.33,11.05,16.39,17.31,
2021-03-27 11:00:00,32.81,30.59,12.12,17.15,
2021-03-27 12:00:00,17.27,15.98,5.58,25.08,
2021-03-27 13:00:00,6,12.25,6.06,28.21,
2021-03-27 14:00:00,6,10.54,4.44,27.54,
2021-03-27 15:00:00,6,9.71,5.11,26.89,
2021-03-27 16:00:00,6,9.15,7.15,24.69,
2021-03-27 17:00:00,6,9.06,8.13,24.18,
2021-03-27 18:00:00,6,8.93,12.9,16.05,
2021-03-27 19:00:00,6,8.89,14.38,11.93,
2021-03-27 20:00:00,6,8.53,19.71,4.54,
2021-03-27 21:00:00,16.72,8.88,22.28,0.98,
2021-03-27 22:00:00,23.67,8.67,18.45,0.98,
2021-03-27 23:00:00,34.17,8.38,19.15,0.98,
2021-03-28 00:00:00,28.41,8.1,16.28,2.2,
2021-03-28 01:00:00,22.49,7.82,9.45,2.08,
2021-03-28 02:00:00,13.11,7.77,13.63,0.98,
2021-03-28 03:00:00,15.67,7.85,11.14,1.98,
2021-03-28 04:00:00,15.12,7.71,8.61,0.98,
2021-03-28 05:00:00,6,7.93,8.37,3.05,
2021-03-28 06:00:00,6,7.86,3.33,6.64,
2021-03-28 07:00:00,6,7.73,6.43,7.42,
2021-03-28 08:00:00,6,8.94,7.57,15.94,
2021-03-28 09:00:00,6,9.94,6.63,17.59,
2021-03-28 10:00:00,6,10.24,6.16,18.02,
2021-03-28 11:00:00,6,14.36,2.42,29.83,
2021-03-28 12:00:00,6,10.9,4.97,32.94,
2021-03-28 13:00:00,6,9.79,3.89,44.12,
2021-03-28 14:00:00,6,9.03,2.72,41.8,
2021-03-28 15:00:00,6,10.23,9.24,29.73,
2021-03-28 16:00:00,6,35.74,13.16,27.43,
2021-03-28 17:00:00,6,40.16,7.91,31.24,
2021-03-28 18:00:00,6,26.09,10.91,27.47,
2021-03-28 19:00:00,6,34.32,15.34,18.28,
2021-03-28 20:00:00,6,22.75,16.47,11.77,
2021-03-28 21:00:00,6,15.5,21.73,0.98,
2021-03-28 22:00:00,6,11.67,19.93,2.88,
2021-03-28 23:00:00,6,10.19,16.55,4.37,
2021-03-29 00:00:00,22.35,9.18,9.18,8.9,
2021-03-29 01:00:00,12.6,8.99,4.1,13.53,
2021-03-29 02:00:00,6,9.01,3.72,12.62,
2021-03-29 03:00:00,6,8.82,3.86,11.7,
2021-03-29 04:00:00,6,8.68,2.81,12.3,
2021-03-29 05:00:00,6,8.71,5.23,6.42,
2021-03-29 06:00:00,6,8.64,6.14,8.73,
2021-03-29 07:00:00,6,8.99,12.91,8.02,
2021-03-29 08:00:00,6,9.02,10.3,11.02,
2021-03-29 09:00:00,6,9.57,9.47,12.17,
2021-03-29 10:00:00,6,9.69,5.2,14.1,
2021-03-29 11:00:00,6,12.2,6.94,23.87,
2021-03-29 12:00:00,6,10.85,3.74,31.69,
2021-03-29 13:00:00,6,9.26,2.79,35.91,
2021-03-29 14:00:00,6,9.22,2.7,36.34,
2021-03-29 15:00:00,6,10.15,4.0,36.67,
2021-03-29 16:00:00,6,11.54,4.02,38.5,
2021-03-29 17:00:00,6,9.26,2.82,37.45,
2021-03-29 18:00:00,6,8.79,5.75,33.81,
2021-03-29 19:00:00,6,8.79,11.52,24.96,
2021-03-29 20:00:00,6,8.8,13.01,19.06,
2021-03-29 21:00:00,6,8.87,17.05,15.5,
2021-03-29 22:00:00,6,9.4,14.77,16.77,
2021-03-29 23:00:00,6,22.18,21.15,8.44,
2021-03-30 00:00:00,6,45.56,17.01,10.37,
2021-03-30 01:00:00,6,40.37,15.64,9.82,
2021-03-30 02:00:00,18.6,17.99,8.23,12.67,
2021-03-30 03:00:00,12.94,23.83,13.59,10.97,
2021-03-30 04:00:00,15.03,32.3,22.13,6.72,
2021-03-30 05:00:00,6,14.41,2.57,19.76,
2021-03-30 06:00:00,6,11.21,7.2,16.26,
2021-03-30 07:00:00,6,10.43,17.08,9.09,
2021-03-30 08:00:00,6,9.96,21.88,8.14,
2021-03-30 09:00:00,6,10.11,17.96,10.15,
2021-03-30 10:00:00,23.01,10.49,9.99,18.77,
2021-03-30 11:00:00,14.67,12.29,8.44,26.87,
2021-03-30 12:00:00,6,11.51,9.62,30.23,
2021-03-30 13:00:00,6,9.75,5.71,24.16,
2021-03-30 14:00:00,12.27,9.09,6.89,24.6,
2021-03-30 15:00:00,12,9.01,6.23,24.3,
2021-03-30 16:00:00,6,8.56,5.31,23.78,
2021-03-30 17:00:00,6,8.79,5.23,21.83,
2021-03-30 18:00:00,6,8.7,6.01,21.29,
2021-03-30 19:00:00,6,8.52,13.0,12.14,
2021-03-30 20:00:00,6,8.65,18.88,6.06,
2021-03-30 21:00:00,6,9.36,19.58,0.98,
2021-03-30 22:00:00,6,8.96,15.15,0.98,
2021-03-30 23:00:00,22.08,8.83,13.04,0.98,
2021-03-31 00:00:00,17.01,9.0,14.11,0.98,
2021-03-31 01:00:00,15.31,8.42,17.11,0.98,
2021-03-31 02:00:00,12.26,8.18,12.61,0.98,
2021-03-31 03:00:00,16.42,7.96,7.38,2.72,
2021-03-31 04:00:00,15.72,8.4,8.25,3.27,
2021-03-31 05:00:00,6,8.39,8.26,3.06,
2021-03-31 06:00:00,,8.44,11.86,2.94,
2021-03-31 07:00:00,12.57,8.89,16.28,0.98,
2021-03-31 08:00:00,6,9.0,22.13,5.47,
2021-03-31 09:00:00,,8.79,14.76,8.83,
2021-03-31 10:00:00,,8.93,3.72,14.86,
2021-03-31 11:00:00,6,8.76,1.99,22.85,
2021-03-31 12:00:00,6,8.6,2.32,28.35,
2021-03-31 13:00:00,6,8.27,1.27,31.3,
2021-03-31 14:00:00,6,7.93,1.24,31.85,
2021-03-31 15:00:00,6,8.09,2.34,32.35,
2021-03-31 16:00:00,6,8.01,2.26,31.03,
2021-03-31 17:00:00,6,8.39,2.74,28.36,
2021-03-31 18:00:00,6,8.11,5.31,24.32,
2021-03-31 19:00:00,,8.48,13.53,13.92,
2021-03-31 20:00:00,28.59,8.34,23.1,3.64,
2021-03-31 21:00:00,19.72,8.68,22.59,0.98,
2021-03-31 22:00:00,,8.98,19.84,0.98,
2021-03-31 23:00:00,,8.8,16.36,0.98,
2021-04-01 00:00:00,,8.89,12.62,0.98,
2021-04-01 01:00:00,,8.68,9.32,0.98,
2021-04-01 02:00:00,14.88,8.16,8.3,0.98,
2021-04-01 03:00:00,12.68,8.2,13.75,0.98,
2021-04-01 04:00:00,,,,,
2021-04-01 05:00:00,,,,,
2021-04-01 06:00:00,,,,,
2021-04-01 07:00:00,,9.43,14.12,0.98,
2021-04-01 08:00:00,,10.03,15.74,0.98,
2021-04-01 09:00:00,,9.39,23.16,7.31,
2021-04-01 10:00:00,17.23,19.36,13.25,15.66,
2021-04-01 11:00:00,6,76.28,18.18,23.41,
2021-04-01 12:00:00,6,66.65,13.34,19.81,
2021-04-01 13:00:00,13.17,17.68,9.17,22.77,
2021-04-01 14:00:00,6,14.98,9.01,41.28,
2021-04-01 15:00:00,6,12.24,7.21,43.81,
2021-04-01 16:00:00,6,9.78,1.48,34.51,
2021-04-01 17:00:00,6,9.07,2.08,34.23,
2021-04-01 18:00:00,6,9.11,8.84,26.67,
2021-04-01 19:00:00,6,9.08,16.12,17.15,
2021-04-01 20:00:00,27.73,9.2,16.09,15.78,
2021-04-01 21:00:00,25.01,9.09,9.33,19.79,
2021-04-01 22:00:00,25.13,8.99,8.69,17.7,
2021-04-01 23:00:00,17.4,9.05,13.03,8.73,
2021-04-02 00:00:00,16.9,8.99,13.34,5.37,
2021-04-02 01:00:00,23.8,8.71,9.26,2.02,
2021-04-02 02:00:00,12.96,8.9,8.46,0.98,
2021-04-02 03:00:00,19.91,8.74,8.78,0.98,
2021-04-02 04:00:00,12.85,8.65,4.98,0.98,
2021-04-02 05:00:00,6,8.51,4.52,0.98,
2021-04-02 06:00:00,6,8.79,4.51,0.98,
2021-04-02 07:00:00,6,8.87,4.31,0.98,
2021-04-02 08:00:00,6,9.08,7.59,0.98,
2021-04-02 09:00:00,21.71,10.3,14.55,10.66,
2021-04-02 10:00:00,21.26,22.04,22.89,11.33,
2021-04-02 11:00:00,15.33,13.75,7.15,32.44,
2021-04-02 12:00:00,22.74,9.88,3.01,33.34,
2021-04-02 13:00:00,18.07,9.4,1.57,33.66,
2021-04-02 14:00:00,6,9.28,0.47,34.26,
2021-04-02 15:00:00,6,8.93,0.47,33.92,
2021-04-02 16:00:00,14,9.0,0.47,33.51,
2021-04-02 17:00:00,14.96,8.78,0.47,30.42,
2021-04-02 18:00:00,6,8.59,0.47,31.5,
2021-04-02 19:00:00,6,8.77,0.47,30.92,
2021-04-02 20:00:00,6,8.65,0.97,29.96,
2021-04-02 21:00:00,6,8.87,0.47,29.94,
2021-04-02 22:00:00,6,8.64,0.47,29.82,
2021-04-02 23:00:00,6,8.71,0.47,31.77,
2021-04-03 00:00:00,6,8.57,0.47,29.61,
2021-04-03 01:00:00,6,8.78,1.19,22.3,
2021-04-03 02:00:00,6,8.77,0.47,19.94,
2021-04-03 03:00:00,6,8.5,1.35,15.62,
2021-04-03 04:00:00,6,8.87,1.45,15.26,
2021-04-03 05:00:00,6,9.1,1.96,10.9,
2021-04-03 06:00:00,6,9.18,1.12,19.9,
2021-04-03 07:00:00,6,9.0,3.13,18.83,
2021-04-03 08:00:00,6,8.83,3.93,18.49,
2021-04-03 09:00:00,6,9.07,4.41,19.69,
2021-04-03 10:00:00,6,25.74,14.28,24.89,
2021-04-03 11:00:00,6,18.58,8.53,33.73,
2021-04-03 12:00:00,6,11.57,2.23,33.79,
2021-04-03 13:00:00,6,9.92,3.04,36.83,
2021-04-03 14:00:00,6,9.37,2.97,46.92,
2021-04-03 15:00:00,6,9.31,2.0,48.88,
2021-04-03 16:00:00,16.69,9.12,2.03,41.75,
2021-04-03 17:00:00,6,9.0,1.6,38.93,
2021-04-03 18:00:00,6,9.03,2.22,35.09,
2021-04-03 19:00:00,13.34,9.24,5.66,27.88,
2021-04-03 20:00:00,24.6,9.2,4.81,23.15,
2021-04-03 21:00:00,32.57,9.22,6.34,19.55,
2021-04-03 22:00:00,25.24,8.99,7.44,16.21,
2021-04-03 23:00:00,37.83,8.92,7.57,14.95,
2021-04-04 00:00:00,21.94,9.02,10.04,8.59,
2021-04-04 01:00:00,13.19,8.95,7.4,7.53,
2021-04-04 02:00:00,13.08,8.71,6.43,5.11,
2021-04-04 03:00:00,12.53,8.42,4.88,4.75,
2021-04-04 04:00:00,6,8.64,5.11,0.98,
2021-04-04 05:00:00,6,8.45,4.42,0.98,
2021-04-04 06:00:00,6,8.52,3.65,0.98,
2021-04-04 07:00:00,6,8.76,2.81,0.98,
2021-04-04 08:00:00,6,8.65,2.37,3.45,
2021-04-04 09:00:00,6,8.53,1.75,12.31,
2021-04-04 10:00:00,14.51,8.64,1.49,20.97,
2021-04-04 11:00:00,21.57,8.92,0.47,25.13,
2021-04-04 12:00:00,17.9,8.9,2.05,28.47,
2021-04-04 13:00:00,6,8.62,1.38,32.25,
2021-04-04 14:00:00,6,8.67,2.01,38.43,
2021-04-04 15:00:00,6,8.41,1.41,40.94,
2021-04-04 16:00:00,6,8.62,0.47,39.04,
2021-04-04 17:00:00,6,8.4,0.47,35.67,
2021-04-04 18:00:00,6,8.89,0.98,32.56,
2021-04-04 19:00:00,14.96,9.08,3.67,27.65,
2021-04-04 20:00:00,13.57,9.11,5.5,20.37,
2021-04-04 21:00:00,19.56,8.98,6.14,17.62,
2021-04-04 22:00:00,12.35,9.1,5.77,17.23,
2021-04-04 23:00:00,16.89,8.68,5.78,15.92,
2021-04-05 00:00:00,12.39,8.63,5.38,13.52,
2021-04-05 01:00:00,6,8.61,4.77,12.57,
2021-04-05 02:00:00,6,8.56,6.91,10.05,
2021-04-05 03:00:00,6,8.56,5.03,6.42,
2021-04-05 04:00:00,6,8.64,4.19,6.54,
2021-04-05 05:00:00,6,8.46,2.17,7.42,
2021-04-05 06:00:00,6,8.81,5.48,0.98,
2021-04-05 07:00:00,6,9.09,9.32,0.98,
2021-04-05 08:00:00,6,8.95,10.65,2.74,
2021-04-05 09:00:00,17.84,9.05,10.1,8.98,
2021-04-05 10:00:00,6,8.95,8.84,17.04,
2021-04-05 11:00:00,6,9.05,4.6,27.72,
2021-04-05 12:00:00,6,8.82,3.99,35.88,
2021-04-05 13:00:00,6,8.86,3.9,42.9,
2021-04-05 14:00:00,6,8.61,1.77,48.32,
2021-04-05 15:00:00,6,8.56,4.37,41.95,
2021-04-05 16:00:00,6,8.4,2.69,42.62,
2021-04-05 17:00:00,6,8.98,2.58,40.19,
2021-04-05 18:00:00,6,9.16,4.77,31.11,
2021-04-05 19:00:00,26.13,9.18,8.47,20.17,
2021-04-05 20:00:00,23.07,9.06,9.11,15.58,
2021-04-05 21:00:00,20.19,8.7,9.73,13.11,
2021-04-05 22:00:00,13.06,8.95,11.06,11.4,
2021-04-05 23:00:00,6,8.9,10.41,9.67,
2021-04-06 00:00:00,6,8.87,12.7,4.63,
2021-04-06 01:00:00,17.98,8.76,10.78,5.0,
2021-04-06 02:00:00,14.57,8.7,7.9,2.41,
2021-04-06 03:00:00,16.94,8.36,7.35,3.67,
2021-04-06 04:00:00,14.37,8.5,7.85,2.74,
2021-04-06 05:00:00,12.82,8.48,7.01,3.6,
2021-04-06 06:00:00,6,8.94,9.48,0.98,
2021-04-06 07:00:00,6,8.98,8.82,0.98,
2021-04-06 08:00:00,6,8.93,10.24,2.56,
2021-04-06 09:00:00,29.73,9.28,11.34,10.17,
2021-04-06 10:00:00,16.9,10.73,19.55,15.98,
2021-04-06 11:00:00,6,14.59,26.34,23.12,
2021-04-06 12:00:00,6,23.93,20.26,34.5,
2021-04-06 13:00:00,6,21.73,14.41,52.43,
2021-04-06 14:00:00,6,13.91,7.38,61.88,
2021-04-06 15:00:00,6,10.8,3.65,57.89,
2021-04-06 16:00:00,,10.21,4.55,56.21,
2021-04-06 17:00:00,,9.64,4.76,49.34,
2021-04-06 18:00:00,6,9.72,6.21,41.65,
2021-04-06 19:00:00,23.77,9.77,8.28,32.15,
2021-04-06 20:00:00,22.68,9.56,7.1,26.9,
2021-04-06 21:00:00,26.83,9.44,10.21,18.59,
2021-04-06 22:00:00,,9.38,7.5,16.9,
2021-04-06 23:00:00,,9.09,7.3,14.95,
2021-04-07 00:00:00,,9.21,9.54,10.98,
2021-04-07 01:00:00,,8.94,7.42,8.36,
2021-04-07 02:00:00,,9.21,5.8,7.57,
2021-04-07 03:00:00,,8.8,3.88,6.64,
2021-04-07 04:00:00,,9.02,4.22,3.84,
2021-04-07 05:00:00,6,8.81,5.25,0.98,
2021-04-07 06:00:00,,9.21,6.9,0.98,
2021-04-07 07:00:00,,9.12,10.41,0.98,
2021-04-07 08:00:00,,9.47,15.42,0.98,
2021-04-07 09:00:00,,9.29,17.29,5.67,
2021-04-07 10:00:00,,9.18,5.9,18.58,
2021-04-07 11:00:00,6,8.9,3.36,28.48,
2021-04-07 12:00:00,6,8.66,2.41,32.45,
2021-04-07 13:00:00,,9.26,2.57,32.99,
2021-04-07 14:00:00,,9.09,2.31,34.06,
2021-04-07 15:00:00,6,9.12,2.18,37.96,
2021-04-07 16:00:00,6,9.38,2.01,44.13,
2021-04-07 17:00:00,6,9.41,1.99,42.21,
2021-04-07 18:00:00,,9.4,4.28,34.52,
2021-04-07 19:00:00,6,9.13,7.74,26.65,
2021-04-07 20:00:00,16.05,9.14,10.42,20.7,
2021-04-07 21:00:00,21.8,9.19,8.86,17.8,
2021-04-07 22:00:00,15.11,8.89,9.45,15.05,
2021-04-07 23:00:00,22.83,8.7,9.59,14.22,
2021-04-08 00:00:00,24.8,8.65,10.85,11.22,
2021-04-08 01:00:00,15.68,8.8,6.11,14.33,
2021-04-08 02:00:00,23.38,8.82,3.79,17.35,
2021-04-08 03:00:00,14.92,8.72,6.58,11.05,
2021-04-08 04:00:00,6,8.72,7.41,8.15,
2021-04-08 05:00:00,6,8.8,9.23,3.6,
2021-04-08 06:00:00,6,8.78,10.87,0.98,
2021-04-08 07:00:00,6,8.85,13.52,0.98,
2021-04-08 08:00:00,6,9.09,15.92,0.98,
2021-04-08 09:00:00,16.02,9.15,14.95,9.68,
2021-04-08 10:00:00,17.19,9.05,5.03,20.43,
2021-04-08 11:00:00,12.87,9.01,5.09,26.36,
2021-04-08 12:00:00,6,8.87,3.14,37.89,
2021-04-08 13:00:00,14.34,9.21,3.52,41.37,
2021-04-08 14:00:00,18.37,9.22,5.95,43.74,
2021-04-08 15:00:00,21.87,10.05,6.82,48.15,
2021-04-08 16:00:00,13.76,9.35,4.47,49.6,
2021-04-08 17:00:00,13.21,9.08,7.85,42.78,
2021-04-08 18:00:00,6,9.24,11.44,32.53,
2021-04-08 19:00:00,28.27,9.21,15.04,23.23,
2021-04-08 20:00:00,28.36,9.5,21.79,12.3,
2021-04-08 21:00:00,48.42,9.43,19.43,8.74,
2021-04-08 22:00:00,47.04,9.5,22.5,0.98,
2021-04-08 23:00:00,42.87,9.45,19.94,0.98,
2021-04-09 00:00:00,25.51,9.34,19.44,0.98,
2021-04-09 01:00:00,27.03,9.1,15.59,0.98,
2021-04-09 02:00:00,32.43,9.01,13.57,0.98,
2021-04-09 03:00:00,40.01,8.82,10.97,0.98,
2021-04-09 04:00:00,21.86,8.57,8.29,0.98,
2021-04-09 05:00:00,13.67,8.59,7.21,0.98,
2021-04-09 06:00:00,6,9.15,7.94,0.98,
2021-04-09 07:00:00,18.55,9.64,11.21,0.98,
2021-04-09 08:00:00,14.33,10.24,17.89,0.98,
2021-04-09 09:00:00,27.95,9.48,21.69,4.6,
2021-04-09 10:00:00,29.84,9.43,16.45,22.18,
2021-04-09 11:00:00,26.95,9.56,12.49,34.94,
2021-04-09 12:00:00,15.67,16.03,10.64,41.7,
2021-04-09 13:00:00,16.94,47.41,11.92,47.4,
2021-04-09 14:00:00,6,65.52,13.61,49.18,
2021-04-09 15:00:00,6,43.59,13.44,53.74,
2021-04-09 16:00:00,6,19.72,14.03,54.36,
2021-04-09 17:00:00,6,12.99,6.48,57.09,
2021-04-09 18:00:00,6,10.24,6.54,53.19,
2021-04-09 19:00:00,16.89,10.85,40.15,15.61,
2021-04-09 20:00:00,34.02,10.37,33.68,17.85,
2021-04-09 21:00:00,,9.88,27.74,19.08,
2021-04-09 22:00:00,,9.53,29.81,13.22,
2021-04-09 23:00:00,51.06,9.52,23.47,19.09,
2021-04-10 00:00:00,,9.47,12.44,23.88,
2021-04-10 01:00:00,,9.44,21.15,8.04,
2021-04-10 02:00:00,27.31,9.07,22.7,0.98,
2021-04-10 03:00:00,17.27,9.2,16.89,2.21,
2021-04-10 04:00:00,19.03,9.19,14.42,0.98,
2021-04-10 05:00:00,27.53,9.03,15.75,0.98,
2021-04-10 06:00:00,23.69,9.02,14.97,0.98,
2021-04-10 07:00:00,25.02,8.93,17.17,4.15,
2021-04-10 08:00:00,20.7,9.23,25.45,11.17,
2021-04-10 09:00:00,24.14,10.43,24.65,21.02,
2021-04-10 10:00:00,23.07,10.48,15.99,37.18,
2021-04-10 11:00:00,16.86,13.04,9.84,49.95,
2021-04-10 12:00:00,14.87,39.77,15.15,50.58,
2021-04-10 13:00:00,15.23,56.14,13.21,55.1,
2021-04-10 14:00:00,25.47,33.78,12.9,55.16,
2021-04-10 15:00:00,15.43,39.53,9.62,58.76,
2021-04-10 16:00:00,6,17.59,9.47,59.66,
2021-04-10 17:00:00,6,16.39,12.12,56.01,
2021-04-10 18:00:00,6,11.9,7.07,53.64,
2021-04-10 19:00:00,12.33,10.33,33.27,16.36,
2021-04-10 20:00:00,33.43,9.73,25.18,16.58,
2021-04-10 21:00:00,66.56,9.94,27.42,16.98,
2021-04-10 22:00:00,,9.66,24.87,17.22,
2021-04-10 23:00:00,,9.5,21.72,20.42,
2021-04-11 00:00:00,51.28,9.56,21.66,12.65,
2021-04-11 01:00:00,,9.43,17.11,9.58,
2021-04-11 02:00:00,39.33,9.23,17.91,2.92,
2021-04-11 03:00:00,,9.3,14.23,4.11,
2021-04-11 04:00:00,,9.18,6.31,24.25,
2021-04-11 05:00:00,,9.29,1.03,38.91,
2021-04-11 06:00:00,6,9.37,5.68,31.81,
2021-04-11 07:00:00,6,9.48,11.91,16.16,
2021-04-11 08:00:00,6,9.63,18.76,16.69,
2021-04-11 09:00:00,6,9.58,14.66,27.02,
2021-04-11 10:00:00,6,9.51,6.49,45.29,
2021-04-11 11:00:00,,9.41,4.98,53.04,
2021-04-11 12:00:00,6,70.78,17.47,51.23,
2021-04-11 13:00:00,22.37,59.68,8.04,58.17,
2021-04-11 14:00:00,13.18,20.45,8.11,58.1,
2021-04-11 15:00:00,6,12.69,3.61,60.89,
2021-04-11 16:00:00,15.41,10.99,5.13,47.02,
2021-04-11 17:00:00,30.23,31.25,23.87,30.47,
2021-04-11 18:00:00,36.51,33.43,9.41,27.62,
2021-04-11 19:00:00,,18.2,8.14,25.81,
2021-04-11 20:00:00,,13.59,9.93,23.4,
2021-04-11 21:00:00,,11.93,4.75,30.31,
2021-04-11 22:00:00,,11.17,4.31,25.95,
2021-04-11 23:00:00,18.02,10.56,0.47,22.54,
2021-04-12 00:00:00,6,9.8,1.41,16.58,
2021-04-12 01:00:00,6,9.94,1.33,14.93,
2021-04-12 02:00:00,6,9.83,3.99,11.08,
2021-04-12 03:00:00,6,9.76,4.07,11.09,
2021-04-12 04:00:00,6,10.44,5.76,9.39,
2021-04-12 05:00:00,6,10.27,4.61,12.08,
2021-04-12 06:00:00,6,9.74,8.1,10.33,
2021-04-12 07:00:00,6,9.64,7.98,14.75,
2021-04-12 08:00:00,6,9.52,10.75,11.16,
2021-04-12 09:00:00,,9.57,4.83,21.55,
2021-04-12 10:00:00,,9.82,3.51,27.64,
2021-04-12 11:00:00,,9.5,2.35,29.75,
2021-04-12 12:00:00,,9.82,2.84,28.91,
2021-04-12 13:00:00,,9.24,4.03,30.68,
2021-04-12 14:00:00,,9.28,5.61,36.16,
2021-04-12 15:00:00,,9.46,4.96,37.36,
2021-04-12 16:00:00,6,9.31,5.02,38.3,
2021-04-12 17:00:00,6,9.29,4.71,37.0,
2021-04-12 18:00:00,6,9.3,8.62,28.73,
2021-04-12 19:00:00,6,9.24,17.69,17.0,
2021-04-12 20:00:00,6,9.09,15.92,17.72,
2021-04-12 21:00:00,18.97,9.49,21.76,8.24,
2021-04-12 22:00:00,30.99,9.34,19.02,7.42,
2021-04-12 23:00:00,30.89,9.21,18.01,2.26,
2021-04-13 00:00:00,26.18,8.86,16.68,3.13,
2021-04-13 01:00:00,30.17,8.84,10.92,5.64,
2021-04-13 02:00:00,28,8.62,8.14,4.48,
2021-04-13 03:00:00,21.82,8.79,6.89,2.36,
2021-04-13 04:00:00,14.05,8.66,6.15,2.58,
2021-04-13 05:00:00,12.37,8.82,11.54,0.98,
2021-04-13 06:00:00,6,8.85,11.04,2.36,
2021-04-13 07:00:00,18.8,9.35,16.56,0.98,
2021-04-13 08:00:00,20.4,9.48,20.15,0.98,
2021-04-13 09:00:00,25.33,9.67,29.61,0.98,
2021-04-13 10:00:00,23.13,9.93,18.72,12.21,
2021-04-13 11:00:00,19.07,9.64,10.26,22.97,
2021-04-13 12:00:00,15.12,9.39,3.25,33.14,
2021-04-13 13:00:00,6,9.06,3.71,35.54,
2021-04-13 14:00:00,6,8.87,2.13,39.22,
2021-04-13 15:00:00,6,9.11,2.8,40.07,
2021-04-13 16:00:00,6,8.88,2.97,37.8,
2021-04-13 17:00:00,6,8.81,3.54,34.87,
2021-04-13 18:00:00,6,8.69,5.23,30.51,
2021-04-13 19:00:00,6,8.67,10.87,23.16,
2021-04-13 20:00:00,6,8.78,13.6,18.86,
2021-04-13 21:00:00,24.2,8.72,14.4,16.5,
2021-04-13 22:00:00,16.13,8.81,11.19,16.58,
2021-04-13 23:00:00,27.98,8.73,7.81,17.21,
2021-04-14 00:00:00,21.45,8.74,7.96,15.24,
2021-04-14 01:00:00,12.51,8.63,9.19,11.55,
2021-04-14 02:00:00,15.18,8.74,10.46,6.5,
2021-04-14 03:00:00,6,8.77,8.58,3.98,
2021-04-14 04:00:00,6,8.85,8.77,3.68,
2021-04-14 05:00:00,6,8.8,8.45,2.65,
2021-04-14 06:00:00,6,8.87,11.04,0.98,
2021-04-14 07:00:00,6,9.0,15.15,0.98,
2021-04-14 08:00:00,18.81,9.19,14.51,0.98,
2021-04-14 09:00:00,12.19,9.11,15.7,8.53,
2021-04-14 10:00:00,15.3,8.84,8.36,21.85,
2021-04-14 11:00:00,19.32,9.01,3.84,32.87,
2021-04-14 12:00:00,6,9.5,2.74,37.65,
2021-04-14 13:00:00,6,9.79,2.23,39.53,
2021-04-14 14:00:00,6,11.0,2.77,42.3,
2021-04-14 15:00:00,6,11.04,4.63,42.09,
2021-04-14 16:00:00,6,10.79,3.13,43.82,
2021-04-14 17:00:00,6,10.35,3.56,45.67,
2021-04-14 18:00:00,6,9.74,6.48,38.14,
2021-04-14 19:00:00,13.44,9.82,10.53,30.23,
2021-04-14 20:00:00,32.12,9.71,14.62,23.05,
2021-04-14 21:00:00,23.99,9.75,15.24,17.81,
2021-04-14 22:00:00,19.88,9.55,11.91,17.98,
2021-04-14 23:00:00,33.55,9.17,13.13,12.64,
2021-04-15 00:00:00,20.52,9.02,12.82,7.5,
2021-04-15 01:00:00,13.07,8.72,10.33,6.49,
2021-04-15 02:00:00,6,8.74,10.09,4.86,
2021-04-15 03:00:00,18.46,8.72,7.44,4.94,
2021-04-15 04:00:00,6,8.74,7.44,5.87,
2021-04-15 05:00:00,6,8.86,9.04,0.98,
2021-04-15 06:00:00,17.17,9.19,15.63,0.98,
2021-04-15 07:00:00,6,9.53,16.47,0.98,
2021-04-15 08:00:00,14.62,9.47,15.25,0.98,
2021-04-15 09:00:00,25.43,10.09,12.94,8.28,
2021-04-15 10:00:00,27.72,9.17,7.29,21.72,
2021-04-15 11:00:00,18.74,9.69,7.24,28.0,
2021-04-15 12:00:00,27.14,30.78,14.1,38.97,
2021-04-15 13:00:00,14.34,43.17,14.27,51.82,
2021-04-15 14:00:00,6,22.27,10.33,56.87,
2021-04-15 15:00:00,12.96,12.56,5.91,63.89,
2021-04-15 16:00:00,28.07,10.91,3.71,58.14,
2021-04-15 17:00:00,21.73,9.75,3.06,51.69,
2021-04-15 18:00:00,15.51,9.77,8.35,43.49,
2021-04-15 19:00:00,18.03,9.78,25.55,21.24,
2021-04-15 20:00:00,13.63,11.25,38.03,4.61,
2021-04-15 21:00:00,34.35,10.94,28.17,9.07,
2021-04-15 22:00:00,32.54,10.14,27.26,4.65,
2021-04-15 23:00:00,46.99,10.08,27.22,3.28,
2021-04-16 00:00:00,56.81,10.15,34.58,0.98,
2021-04-16 01:00:00,51.12,10.01,31.14,0.98,
2021-04-16 02:00:00,35.42,9.99,28.85,0.98,
2021-04-16 03:00:00,46.58,9.94,24.26,0.98,
2021-04-16 04:00:00,39.93,9.73,18.99,0.98,
2021-04-16 05:00:00,38.16,9.66,19.11,2.24,
2021-04-16 06:00:00,34.21,9.84,19.01,2.11,
2021-04-16 07:00:00,35,9.66,19.27,0.98,
2021-04-16 08:00:00,38.85,10.0,24.34,0.98,
2021-04-16 09:00:00,36.82,9.98,30.74,14.73,
2021-04-16 10:00:00,39.16,10.64,26.02,22.16,
2021-04-16 11:00:00,33.85,17.08,12.31,34.26,
2021-04-16 12:00:00,24.96,50.37,9.54,40.99,
2021-04-16 13:00:00,13.31,38.3,11.27,46.58,
2021-04-16 14:00:00,6,44.76,10.5,52.57,
2021-04-16 15:00:00,27.44,15.73,5.19,62.5,
2021-04-16 16:00:00,24.73,11.55,5.73,61.06,
2021-04-16 17:00:00,14.55,11.43,6.61,61.86,
2021-04-16 18:00:00,18.56,10.71,7.89,50.91,
2021-04-16 19:00:00,18.24,9.83,16.37,40.73,
2021-04-16 20:00:00,26.99,9.74,16.31,59.79,
2021-04-16 21:00:00,36.41,9.85,13.72,70.65,
2021-04-16 22:00:00,48.04,9.91,13.48,56.07,
2021-04-16 23:00:00,44.14,9.97,14.09,37.26,
2021-04-17 00:00:00,37.27,9.93,13.54,28.44,
2021-04-17 01:00:00,25.25,9.7,14.43,19.07,
2021-04-17 02:00:00,18.26,9.8,10.54,18.68,
2021-04-17 03:00:00,21.62,9.49,9.94,13.36,
2021-04-17 04:00:00,19.85,9.37,9.53,9.3,
2021-04-17 05:00:00,21.01,9.07,9.89,7.97,
2021-04-17 06:00:00,21.82,8.99,10.87,4.82,
2021-04-17 07:00:00,27.08,9.25,14.58,0.98,
2021-04-17 08:00:00,27.5,9.61,16.82,2.91,
2021-04-17 09:00:00,19.69,9.43,17.15,10.73,
2021-04-17 10:00:00,25.36,9.22,13.13,22.86,
2021-04-17 11:00:00,,,,,
2021-04-17 12:00:00,,,,,
2021-04-17 13:00:00,100,10.01,4.04,41.95,
2021-04-17 14:00:00,100,9.78,2.08,43.64,
2021-04-17 15:00:00,100,9.65,2.19,43.7,
2021-04-17 16:00:00,100,9.52,1.52,41.82,
2021-04-17 17:00:00,99.01,9.33,1.98,40.99,
2021-04-17 18:00:00,86.85,9.34,2.03,38.33,
2021-04-17 19:00:00,46.32,9.15,4.86,31.48,
2021-04-17 20:00:00,24.54,9.01,7.42,24.94,
2021-04-17 21:00:00,18,9.16,10.02,17.51,
2021-04-17 22:00:00,32.66,9.05,8.5,15.53,
2021-04-17 23:00:00,17.69,8.93,7.81,14.96,
2021-04-18 00:00:00,18.05,9.08,9.84,7.64,
2021-04-18 01:00:00,6,8.91,10.16,0.98,
2021-04-18 02:00:00,6,8.97,9.6,0.98,
2021-04-18 03:00:00,14.11,8.89,5.99,2.43,
2021-04-18 04:00:00,6,8.85,4.97,0.98,
2021-04-18 05:00:00,6,8.83,5.49,2.17,
2021-04-18 06:00:00,6,8.81,2.74,3.71,
2021-04-18 07:00:00,6,8.85,5.84,0.98,
2021-04-18 08:00:00,6,8.99,6.92,0.98,
2021-04-18 09:00:00,6,8.85,2.94,15.01,
2021-04-18 10:00:00,12.17,8.78,0.47,28.12,
2021-04-18 11:00:00,18.43,8.95,0.47,30.6,
2021-04-18 12:00:00,18.42,8.95,2.07,29.03,
2021-04-18 13:00:00,6,8.96,1.44,31.77,
2021-04-18 14:00:00,6,9.18,0.47,32.31,
2021-04-18 15:00:00,6,8.81,0.47,33.04,
2021-04-18 16:00:00,6,8.93,0.47,29.83,
2021-04-18 17:00:00,6,8.95,0.95,32.63,
2021-04-18 18:00:00,22.39,9.02,1.23,34.07,
2021-04-18 19:00:00,12.13,8.92,4.35,30.5,
2021-04-18 20:00:00,6,8.94,6.76,24.87,
2021-04-18 21:00:00,6,8.92,5.37,24.6,
2021-04-18 22:00:00,6,8.94,6.6,20.9,
2021-04-18 23:00:00,12.58,8.86,7.62,16.83,
2021-04-19 00:00:00,6,8.83,7.71,4.72,
2021-04-19 01:00:00,6,8.88,7.34,3.48,
2021-04-19 02:00:00,6,8.86,6.58,3.62,
2021-04-19 03:00:00,6,8.88,3.97,4.61,
2021-04-19 04:00:00,6,8.91,4.93,0.98,
2021-04-19 05:00:00,6,8.9,6.26,0.98,
2021-04-19 06:00:00,6,8.92,9.32,0.98,
2021-04-19 07:00:00,6,9.53,11.07,0.98,
2021-04-19 08:00:00,6,10.09,12.1,0.98,
2021-04-19 09:00:00,12.51,9.49,19.29,5.07,
2021-04-19 10:00:00,25.71,9.08,10.4,18.07,
2021-04-19 11:00:00,20.24,9.95,10.23,28.55,
2021-04-19 12:00:00,25.93,9.07,3.51,37.51,
2021-04-19 13:00:00,14.34,9.03,2.68,39.16,
2021-04-19 14:00:00,6,9.19,3.47,37.66,
2021-04-19 15:00:00,6,8.93,2.4,35.09,
2021-04-19 16:00:00,6,8.95,1.89,36.25,
2021-04-19 17:00:00,6,8.93,2.19,35.04,
2021-04-19 18:00:00,18.66,9.05,4.69,31.06,
2021-04-19 19:00:00,12.7,8.86,8.57,25.45,
2021-04-19 20:00:00,14.52,9.05,10.2,21.62,
2021-04-19 21:00:00,14.65,8.99,9.21,21.52,
2021-04-19 22:00:00,12.07,9.18,14.11,13.01,
2021-04-19 23:00:00,26.94,9.26,15.6,7.92,
2021-04-20 00:00:00,25.11,8.96,7.22,15.29,
2021-04-20 01:00:00,14.65,8.86,5.67,15.26,
2021-04-20 02:00:00,6,8.86,6.18,10.53,
2021-04-20 03:00:00,6,8.91,6.46,7.7,
2021-04-20 04:00:00,6,8.83,4.34,9.37,
2021-04-20 05:00:00,6,8.84,0.94,18.47,
2021-04-20 06:00:00,14.57,8.9,3.04,18.64,
2021-04-20 07:00:00,6,8.9,5.02,20.88,
2021-04-20 08:00:00,6,8.89,12.66,17.28,
2021-04-20 09:00:00,6,9.51,14.03,,
2021-04-20 10:00:00,6,12.13,8.41,,
2021-04-20 11:00:00,29.96,9.61,4.36,23.83,
2021-04-20 12:00:00,23.97,9.11,2.18,29.26,
2021-04-20 13:00:00,13.2,8.89,2.79,31.29,
2021-04-20 14:00:00,6,8.93,1.85,32.74,
2021-04-20 15:00:00,6,9.03,3.75,30.8,
2021-04-20 16:00:00,6,9.09,1.73,32.6,
2021-04-20 17:00:00,13.68,8.95,2.87,31.72,
2021-04-20 18:00:00,6,8.92,5.46,27.51,
2021-04-20 19:00:00,21.8,8.97,8.68,22.52,
2021-04-20 20:00:00,25.39,8.97,9.12,20.49,
2021-04-20 21:00:00,29.66,8.94,3.81,22.78,
2021-04-20 22:00:00,17.68,8.85,2.5,24.0,
2021-04-20 23:00:00,21.36,8.95,2.67,22.67,
2021-04-21 00:00:00,6,8.88,2.48,21.64,
2021-04-21 01:00:00,6,8.86,3.34,18.38,
2021-04-21 02:00:00,6,8.88,2.61,17.16,
2021-04-21 03:00:00,6,8.93,2.19,16.66,
2021-04-21 04:00:00,6,8.9,2.84,12.28,
2021-04-21 05:00:00,6,9.11,5.12,6.09,
2021-04-21 06:00:00,6,8.93,6.6,4.63,
2021-04-21 07:00:00,6,9.03,7.97,7.45,
2021-04-21 08:00:00,6,9.02,8.28,8.57,
2021-04-21 09:00:00,6,8.99,2.59,21.44,
2021-04-21 10:00:00,18.23,8.89,1.96,28.76,
2021-04-21 11:00:00,16.82,8.97,0.98,32.23,
2021-04-21 12:00:00,6,9.09,1.28,33.98,
2021-04-21 13:00:00,20.82,8.96,0.47,35.06,
2021-04-21 14:00:00,12.64,9.0,0.47,35.99,
2021-04-21 15:00:00,14.35,9.24,1.33,35.89,
2021-04-21 16:00:00,6,9.76,1.17,34.12,
2021-04-21 17:00:00,25.65,9.73,1.4,33.26,
2021-04-21 18:00:00,17.66,9.56,1.51,31.56,
2021-04-21 19:00:00,20.77,8.87,1.79,30.8,
2021-04-21 20:00:00,20,8.91,1.56,32.41,
2021-04-21 21:00:00,21.75,9.11,2.11,29.94,
2021-04-21 22:00:00,15.35,9.36,2.0,28.36,
2021-04-21 23:00:00,16.92,9.01,4.4,25.13,
2021-04-22 00:00:00,6,9.08,4.98,22.83,
2021-04-22 01:00:00,13.69,8.98,2.63,23.97,
2021-04-22 02:00:00,14.93,8.97,3.29,20.46,
2021-04-22 03:00:00,14.72,9.09,2.72,20.88,
2021-04-22 04:00:00,6,9.17,3.9,16.2,
2021-04-22 05:00:00,6,8.98,3.87,12.48,
2021-04-22 06:00:00,13.61,9.11,10.49,4.44,
2021-04-22 07:00:00,16.92,9.28,16.31,0.98,
2021-04-22 08:00:00,12.42,9.72,20.8,2.0,
2021-04-22 09:00:00,24.05,9.11,15.23,12.45,
2021-04-22 10:00:00,21.35,8.91,9.37,25.48,
2021-04-22 11:00:00,19.39,9.02,2.89,34.4,
2021-04-22 12:00:00,15.92,8.94,2.76,36.66,
2021-04-22 13:00:00,15.03,8.84,1.28,38.89,
2021-04-22 14:00:00,6,8.95,1.2,38.24,
2021-04-22 15:00:00,6,8.8,1.12,41.25,
2021-04-22 16:00:00,6,8.96,2.19,41.01,
2021-04-22 17:00:00,19.07,9.07,3.2,39.02,
2021-04-22 18:00:00,13.46,9.03,4.64,34.29,
2021-04-22 19:00:00,19.65,8.88,6.86,28.26,
2021-04-22 20:00:00,24.8,8.88,6.8,26.85,
2021-04-22 21:00:00,18,8.98,5.45,26.08,
2021-04-22 22:00:00,25.17,8.91,4.78,24.61,
2021-04-22 23:00:00,26.13,8.93,7.04,19.68,
2021-04-23 00:00:00,15.12,9.08,7.12,15.39,
2021-04-23 01:00:00,6,9.07,6.66,9.74,
2021-04-23 02:00:00,6,8.98,6.67,8.39,
2021-04-23 03:00:00,6,9.07,7.49,4.91,
2021-04-23 04:00:00,6,9.07,7.0,1.96,
2021-04-23 05:00:00,6,9.05,3.61,6.54,
2021-04-23 06:00:00,6,9.1,6.08,5.7,
2021-04-23 07:00:00,6,9.55,14.21,0.98,
2021-04-23 08:00:00,6,9.69,15.92,0.98,
2021-04-23 09:00:00,17.58,9.94,19.75,2.03,
2021-04-23 10:00:00,35.57,9.11,15.48,13.72,
2021-04-23 11:00:00,27,9.03,5.68,27.5,
2021-04-23 12:00:00,14.08,9.37,5.27,33.28,
2021-04-23 13:00:00,6,9.24,2.21,38.28,
2021-04-23 14:00:00,6,9.28,2.4,35.47,
2021-04-23 15:00:00,6,9.39,2.12,37.93,
2021-04-23 16:00:00,6,9.38,2.93,39.36,
2021-04-23 17:00:00,6,9.42,3.35,39.72,
2021-04-23 18:00:00,6,9.41,6.85,31.22,
2021-04-23 19:00:00,15.58,9.14,10.0,23.13,
2021-04-23 20:00:00,16.84,9.21,10.74,19.66,
2021-04-23 21:00:00,28.86,8.92,11.58,16.52,
2021-04-23 22:00:00,18.9,9.32,13.74,11.74,
2021-04-23 23:00:00,32.66,9.08,14.27,8.31,
2021-04-24 00:00:00,30.61,9.22,17.53,3.36,
2021-04-24 01:00:00,19.57,9.07,12.95,2.26,
2021-04-24 02:00:00,14.1,9.06,9.06,3.22,
2021-04-24 03:00:00,15.28,9.07,7.93,2.07,
2021-04-24 04:00:00,6,9.1,6.88,0.98,
2021-04-24 05:00:00,14.22,9.08,6.34,0.98,
2021-04-24 06:00:00,6,9.07,5.29,0.98,
2021-04-24 07:00:00,6,9.09,7.43,0.98,
2021-04-24 08:00:00,13.83,9.29,9.91,0.98,
2021-04-24 09:00:00,14.43,12.67,60.42,62.34,
2021-04-24 10:00:00,19.51,30.89,33.68,52.17,
2021-04-24 11:00:00,26.46,14.64,14.72,30.23,
2021-04-24 12:00:00,20.38,11.53,11.56,45.04,
2021-04-24 13:00:00,12.53,51.03,24.77,58.24,
2021-04-24 14:00:00,6,30.44,14.51,70.94,
2021-04-24 15:00:00,6,11.52,5.11,59.17,
2021-04-24 16:00:00,18.13,12.34,4.77,76.87,
2021-04-24 17:00:00,19.3,11.05,4.9,63.13,
2021-04-24 18:00:00,13.37,10.08,6.42,52.71,
2021-04-24 19:00:00,23.99,10.29,12.93,35.54,
2021-04-24 20:00:00,25.3,10.34,17.04,27.96,
2021-04-24 21:00:00,27.4,12.46,22.72,17.15,
2021-04-24 22:00:00,35.39,11.12,11.19,29.07,
2021-04-24 23:00:00,29.86,10.21,4.05,26.77,
2021-04-25 00:00:00,,,,,
2021-04-25 01:00:00,,,,,
2021-04-25 02:00:00,27.16,10.09,3.89,14.43,
2021-04-25 03:00:00,,9.64,3.64,21.12,
2021-04-25 04:00:00,,9.4,0.47,20.87,
2021-04-25 05:00:00,,9.36,1.57,20.57,
2021-04-25 06:00:00,,9.4,2.11,18.68,
2021-04-25 07:00:00,6,9.32,3.82,16.25,
2021-04-25 08:00:00,6,9.29,5.31,15.78,
2021-04-25 09:00:00,6,9.32,5.95,15.38,
2021-04-25 10:00:00,6,9.47,4.75,14.0,
2021-04-25 11:00:00,6,9.37,5.16,15.44,
2021-04-25 12:00:00,6,11.86,7.82,21.64,
2021-04-25 13:00:00,6,18.23,8.41,27.45,
2021-04-25 14:00:00,6,12.32,4.48,31.37,
2021-04-25 15:00:00,6,10.38,4.73,27.6,
2021-04-25 16:00:00,6,9.97,3.34,27.63,
2021-04-25 17:00:00,6,9.62,3.85,24.15,
2021-04-25 18:00:00,6,9.22,8.92,15.5,
2021-04-25 19:00:00,6,9.38,13.88,6.68,
2021-04-25 20:00:00,6,9.19,12.33,5.92,
2021-04-25 21:00:00,6,9.13,15.63,2.13,
2021-04-25 22:00:00,12.63,9.14,10.39,10.67,
2021-04-25 23:00:00,6,9.13,3.7,15.3,
2021-04-26 00:00:00,6,9.17,8.37,12.74,
2021-04-26 01:00:00,6,10.01,5.0,16.22,
2021-04-26 02:00:00,6,9.54,4.89,20.22,
2021-04-26 03:00:00,6,9.19,1.6,22.29,
2021-04-26 04:00:00,6,23.86,8.83,14.97,
2021-04-26 05:00:00,6,43.61,24.52,3.01,
2021-04-26 06:00:00,6,14.3,11.14,11.55,
2021-04-26 07:00:00,6,75.09,19.03,5.2,
2021-04-26 08:00:00,6,107.1,18.34,5.84,
2021-04-26 09:00:00,6,38.89,18.18,7.49,
2021-04-26 10:00:00,6,15.11,7.4,14.87,
2021-04-26 11:00:00,6,15.56,7.0,21.43,
2021-04-26 12:00:00,15.79,14.35,6.48,35.26,
2021-04-26 13:00:00,6,12.64,4.59,45.76,
2021-04-26 14:00:00,6,13.28,8.42,37.75,
2021-04-26 15:00:00,6,16.57,7.6,31.13,
2021-04-26 16:00:00,6,16.22,11.12,25.11,
2021-04-26 17:00:00,6,13.7,13.15,29.46,
2021-04-26 18:00:00,6,10.45,16.1,18.36,
2021-04-26 19:00:00,6,10.56,27.11,6.41,
2021-04-26 20:00:00,12.33,10.55,28.89,0.98,
2021-04-26 21:00:00,23.12,10.46,20.48,8.53,
2021-04-26 22:00:00,14.85,9.89,16.18,6.36,
2021-04-26 23:00:00,17.58,9.54,16.98,0.98,
2021-04-27 00:00:00,15.48,9.4,17.53,0.98,
2021-04-27 01:00:00,22.76,9.28,12.41,5.07,
2021-04-27 02:00:00,13.86,9.24,6.89,7.41,
2021-04-27 03:00:00,6,9.26,9.5,5.22,
2021-04-27 04:00:00,6,9.25,11.88,2.7,
2021-04-27 05:00:00,15.07,9.26,10.02,2.42,
2021-04-27 06:00:00,6,9.36,16.88,0.98,
2021-04-27 07:00:00,6,9.7,21.12,0.98,
2021-04-27 08:00:00,6,9.34,20.28,0.98,
2021-04-27 09:00:00,6,9.37,15.13,7.2,
2021-04-27 10:00:00,6,9.29,9.26,16.18,
2021-04-27 11:00:00,6,9.07,5.66,26.39,
2021-04-27 12:00:00,6,9.08,1.82,33.33,
2021-04-27 13:00:00,6,9.54,1.82,38.96,
2021-04-27 14:00:00,6,11.04,4.17,44.2,
2021-04-27 15:00:00,6,9.56,3.69,41.49,
2021-04-27 16:00:00,6,9.36,3.06,42.88,
2021-04-27 17:00:00,6,8.94,4.02,41.42,
2021-04-27 18:00:00,6,9.16,17.48,27.15,
2021-04-27 19:00:00,6,9.35,40.38,5.32,
2021-04-27 20:00:00,6,9.93,35.44,0.98,
2021-04-27 21:00:00,23.94,9.77,31.51,0.98,
2021-04-27 22:00:00,30.38,9.76,26.87,0.98,
2021-04-27 23:00:00,32.23,9.81,19.84,0.98,
2021-04-28 00:00:00,23.95,9.44,13.7,0.98,
2021-04-28 01:00:00,15.99,9.87,22.55,0.98,
2021-04-28 02:00:00,21.08,9.8,24.66,0.98,
2021-04-28 03:00:00,17.76,9.39,20.73,0.98,
2021-04-28 04:00:00,16.2,9.28,12.65,3.04,
2021-04-28 05:00:00,16.54,9.31,8.71,6.8,
2021-04-28 06:00:00,15.37,9.89,17.18,0.98,
2021-04-28 07:00:00,14.46,10.77,20.07,0.98,
2021-04-28 08:00:00,34.54,10.84,17.87,0.98,
2021-04-28 09:00:00,24.73,15.3,29.26,5.58,
2021-04-28 10:00:00,23.36,10.62,14.71,14.14,
2021-04-28 11:00:00,22.26,11.27,14.33,27.23,
2021-04-28 12:00:00,12.62,26.26,13.98,34.69,
2021-04-28 13:00:00,6,19.5,10.4,43.33,
2021-04-28 14:00:00,6,12.23,5.39,52.46,
2021-04-28 15:00:00,6,10.16,3.83,38.14,
2021-04-28 16:00:00,6,9.44,6.97,37.62,
2021-04-28 17:00:00,13.13,9.51,12.14,33.52,
2021-04-28 18:00:00,13.11,9.45,12.33,25.03,
2021-04-28 19:00:00,6,9.5,26.37,8.72,
2021-04-28 20:00:00,17.84,9.84,32.12,0.98,
2021-04-28 21:00:00,18.51,10.34,27.97,0.98,
2021-04-28 22:00:00,22.76,9.76,23.97,0.98,
2021-04-28 23:00:00,31.39,9.35,19.94,0.98,
2021-04-29 00:00:00,18.69,9.37,14.38,0.98,
2021-04-29 01:00:00,12.62,9.34,10.08,0.98,
2021-04-29 02:00:00,14.93,9.32,8.09,0.98,
2021-04-29 03:00:00,22.23,9.31,7.52,0.98,
2021-04-29 04:00:00,14.19,9.37,7.73,0.98,
2021-04-29 05:00:00,14.73,9.35,6.15,0.98,
2021-04-29 06:00:00,12.77,9.32,7.02,0.98,
2021-04-29 07:00:00,6,9.69,11.68,0.98,
2021-04-29 08:00:00,16.82,10.14,16.2,0.98,
2021-04-29 09:00:00,22.13,10.02,25.34,2.94,
2021-04-29 10:00:00,24.74,9.35,11.42,24.02,
2021-04-29 11:00:00,22.79,9.18,9.11,31.89,
2021-04-29 12:00:00,13.67,9.39,9.88,39.68,
2021-04-29 13:00:00,6,9.19,4.81,45.96,
2021-04-29 14:00:00,6,9.32,5.19,45.26,
2021-04-29 15:00:00,6,9.13,4.15,48.18,
2021-04-29 16:00:00,6,9.62,5.87,48.52,
2021-04-29 17:00:00,6,9.61,8.04,44.99,
2021-04-29 18:00:00,13.67,9.38,7.55,33.7,
2021-04-29 19:00:00,6,9.37,15.56,22.34,
2021-04-29 20:00:00,6,9.35,20.88,15.23,
2021-04-29 21:00:00,18,9.59,23.93,9.43,
2021-04-29 22:00:00,28.33,9.57,14.71,14.61,
2021-04-29 23:00:00,23.45,9.71,11.59,14.72,
2021-04-30 00:00:00,18.8,9.66,13.5,11.19,
2021-04-30 01:00:00,18.18,9.77,17.47,3.28,
2021-04-30 02:00:00,6,9.92,13.24,3.39,
2021-04-30 03:00:00,6,9.92,11.27,2.46,
2021-04-30 04:00:00,6,9.82,9.77,0.98,
2021-04-30 05:00:00,6,9.8,8.66,0.98,
2021-04-30 06:00:00,6,9.69,7.5,0.98,
2021-04-30 07:00:00,6,10.2,10.74,0.98,
2021-04-30 08:00:00,6,10.0,13.07,0.98,
2021-04-30 09:00:00,17.97,11.0,24.09,2.63,
2021-04-30 10:00:00,25.9,17.59,26.41,15.96,
2021-04-30 11:00:00,22.89,48.0,45.82,44.61,
2021-04-30 12:00:00,22.19,52.2,34.13,57.15,
2021-04-30 13:00:00,17.23,14.6,11.85,49.73,
2021-04-30 14:00:00,6,13.82,10.73,59.53,
2021-04-30 15:00:00,12.8,10.56,8.4,55.69,
2021-04-30 16:00:00,18.56,10.07,4.72,54.59,
2021-04-30 17:00:00,6,9.88,5.77,50.93,
2021-04-30 18:00:00,6,9.59,9.26,36.93,
2021-04-30 19:00:00,6,10.3,12.29,30.65,
2021-04-30 20:00:00,16.76,10.55,13.64,24.79,
2021-04-30 21:00:00,23.2,10.66,18.34,14.74,
2021-04-30 22:00:00,20.41,10.77,20.65,8.89,
2021-04-30 23:00:00,28.36,10.28,17.55,6.76,
2021-05-01 00:00:00,34.58,9.8,18.26,0.98,
2021-05-01 01:00:00,21.32,9.31,13.76,0.98,
2021-05-01 02:00:00,13.12,9.55,12.34,0.98,
2021-05-01 03:00:00,17.59,9.37,9.52,0.98,
2021-05-01 04:00:00,18.52,9.4,8.88,0.98,
2021-05-01 05:00:00,6,9.43,6.42,0.98,
2021-05-01 06:00:00,6,9.5,5.91,0.98,
2021-05-01 07:00:00,6,9.48,6.09,0.98,
2021-05-01 08:00:00,21.43,9.67,7.3,0.98,
2021-05-01 09:00:00,18.14,9.6,16.39,4.31,
2021-05-01 10:00:00,21.14,9.51,7.79,24.35,
2021-05-01 11:00:00,14.37,9.52,5.55,33.08,
2021-05-01 12:00:00,21.64,9.64,6.25,37.97,
2021-05-01 13:00:00,17.75,9.77,6.39,49.93,
2021-05-01 14:00:00,14.57,10.03,6.4,56.68,
2021-05-01 15:00:00,15.55,9.89,6.25,56.53,
2021-05-01 16:00:00,6,9.89,8.3,51.37,
2021-05-01 17:00:00,6,9.71,9.79,50.56,
2021-05-01 18:00:00,6,9.62,21.43,33.96,
2021-05-01 19:00:00,17.21,9.52,13.99,29.77,
2021-05-01 20:00:00,15.25,10.08,18.37,21.5,
2021-05-01 21:00:00,36.17,10.06,25.69,8.25,
2021-05-01 22:00:00,34.66,9.88,25.2,5.93,
2021-05-01 23:00:00,43.61,9.62,24.66,2.64,
2021-05-02 00:00:00,35.59,9.63,22.15,0.98,
2021-05-02 01:00:00,37.56,9.22,18.14,0.98,
2021-05-02 02:00:00,34.7,9.43,15.9,0.98,
2021-05-02 03:00:00,28.73,9.37,14.8,0.98,
2021-05-02 04:00:00,19.5,9.38,12.56,0.98,
2021-05-02 05:00:00,30.58,9.36,10.24,0.98,
2021-05-02 06:00:00,22.15,9.34,8.96,0.98,
2021-05-02 07:00:00,23.09,9.39,7.92,0.98,
2021-05-02 08:00:00,29.76,9.35,6.22,0.98,
2021-05-02 09:00:00,18.91,9.75,7.61,6.04,
2021-05-02 10:00:00,6,11.52,8.49,20.67,
2021-05-02 11:00:00,12.66,11.09,6.77,35.35,
2021-05-02 12:00:00,26.78,10.41,6.92,43.06,
2021-05-02 13:00:00,21.35,11.36,6.93,55.45,
2021-05-02 14:00:00,18.58,20.28,8.09,61.53,
2021-05-02 15:00:00,14.03,25.04,8.32,63.65,
2021-05-02 16:00:00,12.84,24.88,10.13,64.51,
2021-05-02 17:00:00,6,26.49,10.53,67.24,
2021-05-02 18:00:00,6,18.26,16.83,55.41,
2021-05-02 19:00:00,23.55,12.54,11.66,40.94,
2021-05-02 20:00:00,25.89,10.74,9.75,35.69,
2021-05-02 21:00:00,20.54,10.59,12.78,29.77,
2021-05-02 22:00:00,33.6,10.39,13.27,25.89,
2021-05-02 23:00:00,31.12,10.26,20.45,12.16,
2021-05-03 00:00:00,22.2,9.78,19.05,7.63,
2021-05-03 01:00:00,14.33,9.47,16.32,5.11,
2021-05-03 02:00:00,14.58,9.43,13.6,0.98,
2021-05-03 03:00:00,18.63,9.51,13.15,0.98,
2021-05-03 04:00:00,17.07,9.37,11.4,0.98,
2021-05-03 05:00:00,6,9.46,9.87,0.98,
2021-05-03 06:00:00,17.77,9.56,11.13,0.98,
2021-05-03 07:00:00,12.88,10.11,11.89,0.98,
2021-05-03 08:00:00,25.05,10.26,12.93,0.98,
2021-05-03 09:00:00,32.5,10.36,24.43,3.42,
2021-05-03 10:00:00,21.01,11.18,25.25,,
2021-05-03 11:00:00,24.78,10.17,23.83,,
2021-05-03 12:00:00,32.93,10.59,28.36,45.92,
2021-05-03 13:00:00,26.21,22.83,18.56,59.21,
2021-05-03 14:00:00,23.07,31.11,15.16,64.61,
2021-05-03 15:00:00,13.82,23.6,16.89,64.17,
2021-05-03 16:00:00,6,36.09,18.19,64.25,
2021-05-03 17:00:00,13.9,34.86,25.2,64.01,
2021-05-03 18:00:00,12.74,12.62,34.59,52.35,
2021-05-03 19:00:00,33.36,10.89,26.76,35.99,
2021-05-03 20:00:00,49.89,10.61,29.38,24.88,
2021-05-03 21:00:00,52.38,10.42,24.82,22.49,
2021-05-03 22:00:00,48.64,10.55,31.46,6.79,
2021-05-03 23:00:00,49.1,10.65,29.94,2.38,
2021-05-04 00:00:00,34.41,10.46,27.66,0.98,
2021-05-04 01:00:00,24.58,10.24,22.82,0.98,
2021-05-04 02:00:00,35.51,9.78,20.95,0.98,
2021-05-04 03:00:00,28.47,9.68,8.09,18.35,
2021-05-04 04:00:00,22.65,9.67,4.91,25.55,
2021-05-04 05:00:00,21.51,9.63,10.83,13.3,
2021-05-04 06:00:00,13.36,9.9,19.66,4.42,
2021-05-04 07:00:00,13.46,10.69,28.64,0.98,
2021-05-04 08:00:00,6,10.8,35.6,0.98,
2021-05-04 09:00:00,26.46,10.69,36.5,6.24,
2021-05-04 10:00:00,24.82,18.32,30.8,20.01,
2021-05-04 11:00:00,26.04,48.66,19.96,37.3,
2021-05-04 12:00:00,37.81,18.17,19.38,42.62,
2021-05-04 13:00:00,37.18,13.17,15.24,35.54,
2021-05-04 14:00:00,38.18,11.33,7.47,41.53,
2021-05-04 15:00:00,22.26,10.51,8.39,42.1,
2021-05-04 16:00:00,20.17,10.54,6.28,43.55,
2021-05-04 17:00:00,21.68,9.97,10.72,35.87,
2021-05-04 18:00:00,17.63,9.8,19.85,19.03,
2021-05-04 19:00:00,20.74,9.36,22.54,11.75,
2021-05-04 20:00:00,23.98,9.42,30.99,3.71,
2021-05-04 21:00:00,14.27,9.39,9.11,23.47,
2021-05-04 22:00:00,6,9.36,2.78,29.01,
2021-05-04 23:00:00,19.8,9.43,2.88,27.59,
2021-05-05 00:00:00,6,9.53,0.47,31.13,
2021-05-05 01:00:00,6,9.55,0.47,30.42,
2021-05-05 02:00:00,6,9.44,0.47,28.37,
2021-05-05 03:00:00,6,9.51,0.47,26.8,
2021-05-05 04:00:00,6,9.55,0.47,26.67,
2021-05-05 05:00:00,6,9.46,1.07,23.99,
2021-05-05 06:00:00,14.41,9.48,5.28,14.69,
2021-05-05 07:00:00,6,9.53,11.79,6.48,
2021-05-05 08:00:00,6,9.69,21.38,0.98,
2021-05-05 09:00:00,6,9.63,18.74,2.8,
2021-05-05 10:00:00,6,9.5,18.03,3.93,
2021-05-05 11:00:00,,,,,
2021-05-05 12:00:00,,,,,
2021-05-05 13:00:00,23.25,9.91,13.82,14.98,
2021-05-05 14:00:00,6,9.51,11.27,19.2,
2021-05-05 15:00:00,6,9.57,12.57,16.62,
2021-05-05 16:00:00,6,9.53,11.73,15.72,
2021-05-05 17:00:00,6,9.61,16.13,10.91,
2021-05-05 18:00:00,6,9.56,18.92,13.44,
2021-05-05 19:00:00,6,9.55,20.83,13.31,
2021-05-05 20:00:00,6,9.55,17.97,13.19,
2021-05-05 21:00:00,6,9.46,17.74,11.68,
2021-05-05 22:00:00,6,9.45,20.61,9.38,
2021-05-05 23:00:00,6,9.43,19.68,7.11,
2021-05-06 00:00:00,6,9.5,11.73,13.86,
2021-05-06 01:00:00,6,9.49,11.9,9.9,
2021-05-06 02:00:00,6,9.49,8.98,12.78,
2021-05-06 03:00:00,6,9.44,0.47,25.2,
2021-05-06 04:00:00,6,9.49,0.47,26.9,
2021-05-06 05:00:00,6,9.5,0.47,28.54,
2021-05-06 06:00:00,6,9.56,2.74,26.04,
2021-05-06 07:00:00,6,9.39,8.03,21.44,
2021-05-06 08:00:00,6,9.46,11.05,19.82,
2021-05-06 09:00:00,6,9.45,11.66,18.14,
2021-05-06 10:00:00,6,9.5,19.97,9.44,
2021-05-06 11:00:00,6,9.5,19.61,12.58,
2021-05-06 12:00:00,15.13,9.54,14.18,20.47,
2021-05-06 13:00:00,6,9.53,6.91,21.58,
2021-05-06 14:00:00,6,9.55,5.9,27.35,
2021-05-06 15:00:00,6,9.49,4.73,30.0,
2021-05-06 16:00:00,6,9.47,5.92,28.91,
2021-05-06 17:00:00,6,9.46,4.66,29.98,
2021-05-06 18:00:00,6,9.57,19.13,14.73,
2021-05-06 19:00:00,6,9.54,28.83,6.03,
2021-05-06 20:00:00,14.39,13.03,23.03,8.94,
2021-05-06 21:00:00,6,21.81,23.9,4.72,
2021-05-06 22:00:00,16.36,13.05,16.46,8.26,
2021-05-06 23:00:00,15.1,13.93,18.49,4.07,
2021-05-07 00:00:00,19.47,11.11,15.54,4.75,
2021-05-07 01:00:00,12.01,9.76,9.74,8.73,
2021-05-07 02:00:00,6,9.76,6.47,11.07,
2021-05-07 03:00:00,6,10.16,10.19,5.82,
2021-05-07 04:00:00,6,9.72,8.02,6.69,
2021-05-07 05:00:00,6,9.95,10.66,4.48,
2021-05-07 06:00:00,6,9.75,12.02,2.0,
2021-05-07 07:00:00,12.78,9.69,14.01,0.98,
2021-05-07 08:00:00,21.17,9.9,19.84,0.98,
2021-05-07 09:00:00,16.9,10.14,19.98,6.61,
2021-05-07 10:00:00,15.85,17.2,15.72,12.81,
2021-05-07 11:00:00,12.95,81.53,15.58,16.89,
2021-05-07 12:00:00,23.26,69.0,12.36,22.72,
2021-05-07 13:00:00,18.54,13.52,9.03,28.54,
2021-05-07 14:00:00,12.98,13.44,7.0,47.27,
2021-05-07 15:00:00,6,10.83,4.27,37.05,
2021-05-07 16:00:00,14.42,10.31,5.23,37.11,
2021-05-07 17:00:00,6,9.78,7.83,34.54,
2021-05-07 18:00:00,6,10.81,17.36,20.44,
2021-05-07 19:00:00,6,11.84,36.84,2.37,
2021-05-07 20:00:00,15.99,11.0,28.7,0.98,
2021-05-07 21:00:00,33.89,10.6,25.4,0.98,
2021-05-07 22:00:00,34.39,10.7,22.6,0.98,
2021-05-07 23:00:00,46.63,9.56,17.23,0.98,
2021-05-08 00:00:00,23.5,10.02,13.59,0.98,
2021-05-08 01:00:00,14.98,9.76,10.38,0.98,
2021-05-08 02:00:00,16.7,9.83,12.4,0.98,
2021-05-08 03:00:00,28.29,9.66,11.32,0.98,
2021-05-08 04:00:00,19.17,9.75,9.7,0.98,
2021-05-08 05:00:00,15,9.92,6.73,0.98,
2021-05-08 06:00:00,15.97,9.98,6.08,0.98,
2021-05-08 07:00:00,22.89,10.26,6.39,0.98,
2021-05-08 08:00:00,16.83,10.18,8.13,0.98,
2021-05-08 09:00:00,13.22,11.39,27.11,12.8,
2021-05-08 10:00:00,29.82,20.1,30.39,45.27,
2021-05-08 11:00:00,33.18,14.4,13.77,32.01,
2021-05-08 12:00:00,17.39,11.21,9.96,40.08,
2021-05-08 13:00:00,6,10.45,11.53,52.77,
2021-05-08 14:00:00,6,9.86,10.44,58.09,
2021-05-08 15:00:00,6,9.53,7.34,55.49,
2021-05-08 16:00:00,6,9.37,6.0,49.2,
2021-05-08 17:00:00,6,9.41,5.94,43.73,
2021-05-08 18:00:00,6,9.52,6.22,37.03,
2021-05-08 19:00:00,6,9.75,9.24,26.89,
2021-05-08 20:00:00,14.11,9.65,14.44,17.44,
2021-05-08 21:00:00,25.92,9.59,10.9,18.18,
2021-05-08 22:00:00,21.36,9.61,8.44,18.39,
2021-05-08 23:00:00,13.27,9.55,11.74,8.67,
2021-05-09 00:00:00,21.4,9.59,11.78,6.78,
2021-05-09 01:00:00,27.26,9.59,10.15,5.79,
2021-05-09 02:00:00,15.37,9.61,9.14,0.98,
2021-05-09 03:00:00,6,9.74,8.09,0.98,
2021-05-09 04:00:00,6,9.62,5.38,0.98,
2021-05-09 05:00:00,6,9.62,2.83,0.98,
2021-05-09 06:00:00,6,9.77,3.64,0.98,
2021-05-09 07:00:00,6,9.72,3.94,0.98,
2021-05-09 08:00:00,6,9.82,6.1,0.98,
2021-05-09 09:00:00,6,9.84,9.55,6.21,
2021-05-09 10:00:00,6,27.55,30.88,20.59,
2021-05-09 11:00:00,21.11,38.96,18.19,22.67,
2021-05-09 12:00:00,19.26,17.93,9.7,29.89,
2021-05-09 13:00:00,14.12,30.24,8.15,38.5,
2021-05-09 14:00:00,6,13.14,6.16,52.8,
2021-05-09 15:00:00,6,10.82,3.99,54.04,
2021-05-09 16:00:00,18.45,10.71,4.94,50.78,
2021-05-09 17:00:00,6,10.4,5.56,47.66,
2021-05-09 18:00:00,6,10.49,6.65,44.51,
2021-05-09 19:00:00,6,10.89,9.64,29.31,
2021-05-09 20:00:00,6,10.62,13.55,19.49,
2021-05-09 21:00:00,22.1,10.14,14.62,13.07,
2021-05-09 22:00:00,19.34,9.64,14.26,11.93,
2021-05-09 23:00:00,29.46,9.79,17.09,4.52,
2021-05-10 00:00:00,23.77,9.79,15.08,0.98,
2021-05-10 01:00:00,13.27,10.26,11.59,0.98,
2021-05-10 02:00:00,6,9.75,9.52,0.98,
2021-05-10 03:00:00,16.54,9.86,9.37,0.98,
2021-05-10 04:00:00,6,9.8,9.24,0.98,
2021-05-10 05:00:00,6,9.64,7.27,0.98,
2021-05-10 06:00:00,6,9.65,5.36,0.98,
2021-05-10 07:00:00,6,10.48,8.56,0.98,
2021-05-10 08:00:00,12.28,11.22,12.23,0.98,
2021-05-10 09:00:00,6,11.34,23.32,0.98,
2021-05-10 10:00:00,18.01,16.32,41.48,12.35,
2021-05-10 11:00:00,26.21,12.47,25.78,17.29,
2021-05-10 12:00:00,26.48,67.61,10.62,28.8,
2021-05-10 13:00:00,16.74,103.7,11.68,34.63,
2021-05-10 14:00:00,6,77.24,10.98,43.01,
2021-05-10 15:00:00,14.01,167.6,13.43,40.49,
2021-05-10 16:00:00,19.59,46.26,12.79,39.91,
2021-05-10 17:00:00,12.28,16.05,13.1,41.37,
2021-05-10 18:00:00,6,14.1,25.79,24.11,
2021-05-10 19:00:00,6,13.72,36.65,5.93,
2021-05-10 20:00:00,15.29,13.5,39.25,0.98,
2021-05-10 21:00:00,37.39,11.94,21.6,14.99,
2021-05-10 22:00:00,36,11.05,2.97,26.84,
2021-05-10 23:00:00,20.34,10.94,4.1,25.01,
2021-05-11 00:00:00,6,10.45,2.51,28.74,
2021-05-11 01:00:00,6,10.09,1.01,27.05,
2021-05-11 02:00:00,16.27,10.01,1.44,25.2,
2021-05-11 03:00:00,6,9.82,0.47,26.85,
2021-05-11 04:00:00,6,9.82,0.47,28.11,
2021-05-11 05:00:00,6,10.43,0.47,26.66,
2021-05-11 06:00:00,6,9.89,3.01,22.75,
2021-05-11 07:00:00,6,10.1,8.44,17.77,
2021-05-11 08:00:00,6,10.15,11.43,14.12,
2021-05-11 09:00:00,6,10.11,15.63,11.47,
2021-05-11 10:00:00,6,9.78,10.97,16.12,
2021-05-11 11:00:00,6,9.77,7.87,24.95,
2021-05-11 12:00:00,6,9.59,2.29,33.81,
2021-05-11 13:00:00,6,9.82,2.21,37.47,
2021-05-11 14:00:00,6,9.68,1.46,39.29,
2021-05-11 15:00:00,6,9.56,2.44,38.5,
2021-05-11 16:00:00,6,9.76,3.83,38.14,
2021-05-11 17:00:00,6,9.61,5.18,32.77,
2021-05-11 18:00:00,6,9.58,12.79,22.54,
2021-05-11 19:00:00,6,9.57,18.6,14.52,
2021-05-11 20:00:00,6,9.61,24.21,8.87,
2021-05-11 21:00:00,13.38,9.88,21.95,3.59,
2021-05-11 22:00:00,18.37,9.87,20.8,2.0,
2021-05-11 23:00:00,19.48,9.85,17.68,0.98,
2021-05-12 00:00:00,28.64,9.9,12.86,0.98,
2021-05-12 01:00:00,22.79,9.88,9.78,0.98,
2021-05-12 02:00:00,12.81,9.82,10.33,0.98,
2021-05-12 03:00:00,12.27,9.8,5.78,0.98,
2021-05-12 04:00:00,22.47,9.95,4.61,0.98,
2021-05-12 05:00:00,6,9.97,5.65,0.98,
2021-05-12 06:00:00,6,10.18,6.41,0.98,
2021-05-12 07:00:00,6,10.67,11.7,0.98,
2021-05-12 08:00:00,15.18,11.9,21.21,0.98,
2021-05-12 09:00:00,25.11,23.43,24.7,0.98,
2021-05-12 10:00:00,28.54,14.48,12.63,24.18,
2021-05-12 11:00:00,26.89,11.3,12.3,24.71,
2021-05-12 12:00:00,15.91,10.21,9.41,30.84,
2021-05-12 13:00:00,6,9.93,11.98,34.77,
2021-05-12 14:00:00,6,15.3,11.63,40.48,
2021-05-12 15:00:00,6,37.53,19.16,37.4,
2021-05-12 16:00:00,15.63,14.05,11.08,46.91,
2021-05-12 17:00:00,6,10.58,10.79,41.77,
2021-05-12 18:00:00,6,10.26,19.95,24.87,
2021-05-12 19:00:00,6,12.77,39.11,2.12,
2021-05-12 20:00:00,26.34,11.66,35.93,0.98,
2021-05-12 21:00:00,32.48,11.14,29.08,0.98,
2021-05-12 22:00:00,36.79,10.63,22.03,0.98,
2021-05-12 23:00:00,34.61,10.38,14.25,0.98,
2021-05-13 00:00:00,24.58,10.46,11.09,0.98,
2021-05-13 01:00:00,29.33,9.99,9.62,0.98,
2021-05-13 02:00:00,29.58,9.96,12.72,0.98,
2021-05-13 03:00:00,21.24,9.97,13.77,0.98,
2021-05-13 04:00:00,13.45,9.97,12.49,0.98,
2021-05-13 05:00:00,18.51,9.92,12.04,0.98,
2021-05-13 06:00:00,25.08,9.86,12.54,0.98,
2021-05-13 07:00:00,22.9,9.98,13.36,0.98,
2021-05-13 08:00:00,18.82,11.18,14.25,0.98,
2021-05-13 09:00:00,19.3,11.26,20.78,0.98,
2021-05-13 10:00:00,30.66,37.09,47.1,8.98,
2021-05-13 11:00:00,32.14,83.5,21.52,15.35,
2021-05-13 12:00:00,24.25,174.1,31.8,22.76,
2021-05-13 13:00:00,23.82,117.4,31.89,37.14,
2021-05-13 14:00:00,15.64,67.47,24.11,44.43,
2021-05-13 15:00:00,16.9,79.94,26.26,51.87,
2021-05-13 16:00:00,6,58.37,22.84,56.5,
2021-05-13 17:00:00,19.18,50.82,24.75,55.54,
2021-05-13 18:00:00,16.39,19.2,32.94,34.54,
2021-05-13 19:00:00,22.33,14.65,48.31,7.12,
2021-05-13 20:00:00,27.78,12.92,38.96,0.98,
2021-05-13 21:00:00,26.32,11.73,26.41,6.36,
2021-05-13 22:00:00,24.7,11.11,19.92,9.12,
2021-05-13 23:00:00,34.37,10.92,19.85,2.55,
2021-05-14 00:00:00,23.41,10.34,15.84,0.98,
2021-05-14 01:00:00,21.24,10.3,12.02,0.98,
2021-05-14 02:00:00,22.7,10.38,12.8,0.98,
2021-05-14 03:00:00,25.44,9.98,9.3,0.98,
2021-05-14 04:00:00,27.37,9.78,8.24,0.98,
2021-05-14 05:00:00,18.45,9.67,6.84,0.98,
2021-05-14 06:00:00,18.05,10.19,7.75,0.98,
2021-05-14 07:00:00,14.74,10.48,8.06,0.98,
2021-05-14 08:00:00,23.28,11.13,14.87,0.98,
2021-05-14 09:00:00,22.96,10.83,19.74,0.98,
2021-05-14 10:00:00,34.67,12.01,39.34,0.98,
2021-05-14 11:00:00,36.52,14.25,64.41,2.92,
2021-05-14 12:00:00,31.53,26.26,58.19,14.01,
2021-05-14 13:00:00,23.82,21.99,34.18,34.02,
2021-05-14 14:00:00,,21.14,27.0,42.73,
2021-05-14 15:00:00,,13.67,19.64,54.79,
2021-05-14 16:00:00,,11.71,10.89,55.23,
2021-05-14 17:00:00,6,11.67,15.17,45.33,
2021-05-14 18:00:00,6,11.8,17.35,34.16,
2021-05-14 19:00:00,6,12.56,38.19,9.72,
2021-05-14 20:00:00,32.26,12.36,42.66,4.58,
2021-05-14 21:00:00,56.25,11.5,32.64,8.89,
2021-05-14 22:00:00,39.22,11.69,27.14,2.56,
2021-05-14 23:00:00,42.62,11.69,21.29,0.98,
2021-05-15 00:00:00,32.07,11.68,18.84,0.98,
2021-05-15 01:00:00,43.13,11.42,14.47,0.98,
2021-05-15 02:00:00,29.11,11.37,13.46,0.98,
2021-05-15 03:00:00,33.27,11.4,10.33,0.98,
2021-05-15 04:00:00,27.12,10.78,11.33,0.98,
2021-05-15 05:00:00,16.61,10.83,11.43,0.98,
2021-05-15 06:00:00,18.24,11.61,14.99,0.98,
2021-05-15 07:00:00,23.8,11.64,16.55,0.98,
2021-05-15 08:00:00,48.5,12.38,15.72,0.98,
2021-05-15 09:00:00,48.64,13.4,18.66,0.98,
2021-05-15 10:00:00,40.79,17.35,22.21,4.23,
2021-05-15 11:00:00,29.62,40.08,20.54,14.11,
2021-05-15 12:00:00,31.83,164.3,35.08,22.83,
2021-05-15 13:00:00,47.43,273.2,54.07,45.0,
2021-05-15 14:00:00,44.63,105.6,36.13,71.94,
2021-05-15 15:00:00,39.15,28.83,17.55,69.43,
2021-05-15 16:00:00,26.38,19.27,20.27,65.41,
2021-05-15 17:00:00,29.54,16.27,19.06,51.28,
2021-05-15 18:00:00,25.13,15.59,15.64,25.63,
2021-05-15 19:00:00,26.9,14.7,20.75,17.95,
2021-05-15 20:00:00,23.29,14.06,24.97,10.05,
2021-05-15 21:00:00,37.12,13.78,28.07,3.31,
2021-05-15 22:00:00,40.39,13.02,26.59,4.69,
2021-05-15 23:00:00,40.47,12.49,23.71,4.61,
2021-05-16 00:00:00,39.75,12.37,20.21,0.98,
2021-05-16 01:00:00,40.79,11.99,15.06,0.98,
2021-05-16 02:00:00,23.61,11.7,11.25,2.67,
2021-05-16 03:00:00,20.85,11.61,6.38,4.62,
2021-05-16 04:00:00,15.44,11.55,8.59,0.98,
2021-05-16 05:00:00,12.05,11.64,13.44,0.98,
2021-05-16 06:00:00,17.78,11.69,16.41,0.98,
2021-05-16 07:00:00,19.84,11.45,12.26,3.4,
2021-05-16 08:00:00,24.9,11.56,13.03,2.0,
2021-05-16 09:00:00,24.9,11.75,11.11,2.66,
2021-05-16 10:00:00,31.96,15.05,13.9,6.71,
2021-05-16 11:00:00,38.6,195.3,27.53,5.55,
2021-05-16 12:00:00,48.34,196.1,32.66,10.62,
2021-05-16 13:00:00,42.19,59.87,14.26,26.67,
2021-05-16 14:00:00,23.73,77.07,16.43,34.6,
2021-05-16 15:00:00,13.47,49.92,13.02,45.17,
2021-05-16 16:00:00,6,27.19,6.31,46.76,
2021-05-16 17:00:00,21.14,21.89,8.17,42.9,
2021-05-16 18:00:00,13.84,17.95,9.83,30.3,
2021-05-16 19:00:00,14.71,16.57,26.54,7.03,
2021-05-16 20:00:00,20,15.62,28.75,0.98,
2021-05-16 21:00:00,23.81,15.45,24.48,0.98,
2021-05-16 22:00:00,38.01,13.69,22.85,0.98,
2021-05-16 23:00:00,50.89,13.1,17.33,0.98,
2021-05-17 00:00:00,33.53,12.68,17.24,0.98,
2021-05-17 01:00:00,24.54,11.99,15.64,0.98,
2021-05-17 02:00:00,19.32,11.71,12.55,4.03,
2021-05-17 03:00:00,28.63,12.36,7.55,14.54,
2021-05-17 04:00:00,19.52,11.87,5.55,21.76,
2021-05-17 05:00:00,18.32,11.83,6.91,15.95,
2021-05-17 06:00:00,16.26,11.82,9.74,10.62,
2021-05-17 07:00:00,21.06,12.18,19.02,6.07,
2021-05-17 08:00:00,13.62,40.36,26.09,3.5,
2021-05-17 09:00:00,12.71,39.66,19.43,11.51,
2021-05-17 10:00:00,19.11,19.52,15.08,17.59,
2021-05-17 11:00:00,19.09,16.98,11.25,28.69,
2021-05-17 12:00:00,21.39,26.47,9.64,39.14,
2021-05-17 13:00:00,13.08,17.25,4.27,44.35,
2021-05-17 14:00:00,14.42,15.42,5.31,46.95,
2021-05-17 15:00:00,6,14.47,3.48,47.0,
2021-05-17 16:00:00,6,13.3,5.13,46.46,
2021-05-17 17:00:00,6,12.44,10.52,41.36,
2021-05-17 18:00:00,6,12.23,17.24,29.17,
2021-05-17 19:00:00,6,13.31,18.21,28.97,
2021-05-17 20:00:00,23.06,13.25,22.01,21.84,
2021-05-17 21:00:00,17.25,12.85,27.25,11.67,
2021-05-17 22:00:00,19.16,12.33,27.79,7.03,
2021-05-17 23:00:00,32.8,12.03,23.55,8.93,
2021-05-18 00:00:00,29.06,11.97,20.11,7.16,
2021-05-18 01:00:00,30.57,12.04,16.89,2.79,
2021-05-18 02:00:00,18.55,12.0,14.2,0.98,
2021-05-18 03:00:00,17.13,12.04,14.53,0.98,
2021-05-18 04:00:00,24.99,11.46,15.18,0.98,
2021-05-18 05:00:00,15.69,11.62,18.47,0.98,
2021-05-18 06:00:00,17.43,12.03,20.59,0.98,
2021-05-18 07:00:00,22.04,11.95,22.55,0.98,
2021-05-18 08:00:00,21.37,12.73,27.1,0.98,
2021-05-18 09:00:00,14.65,12.16,34.34,14.16,
2021-05-18 10:00:00,24.65,12.43,26.89,24.56,
2021-05-18 11:00:00,25.48,11.74,16.55,33.81,
2021-05-18 12:00:00,16.91,11.22,8.32,44.84,
2021-05-18 13:00:00,6,12.07,5.54,46.7,
2021-05-18 14:00:00,6,12.17,9.91,48.43,
2021-05-18 15:00:00,6,12.01,4.86,52.44,
2021-05-18 16:00:00,6,11.89,4.23,52.53,
2021-05-18 17:00:00,6,11.76,7.59,47.94,
2021-05-18 18:00:00,6,12.54,27.97,18.51,
2021-05-18 19:00:00,6,12.06,31.07,9.31,
2021-05-18 20:00:00,24.08,11.89,32.09,3.26,
2021-05-18 21:00:00,32.33,11.63,24.1,7.63,
2021-05-18 22:00:00,40.48,12.05,22.56,7.46,
2021-05-18 23:00:00,26.76,11.74,15.66,9.03,
2021-05-19 00:00:00,25.59,11.92,16.38,0.98,
2021-05-19 01:00:00,20.32,11.56,12.04,0.98,
2021-05-19 02:00:00,14.6,11.5,8.59,0.98,
2021-05-19 03:00:00,15.8,10.89,7.5,0.98,
2021-05-19 04:00:00,16.84,11.19,7.06,0.98,
2021-05-19 05:00:00,6,11.25,6.33,0.98,
2021-05-19 06:00:00,6,11.52,8.48,0.98,
2021-05-19 07:00:00,25.58,11.63,11.25,0.98,
2021-05-19 08:00:00,15.57,12.07,15.93,0.98,
2021-05-19 09:00:00,13.32,12.11,36.52,2.54,
2021-05-19 10:00:00,25.26,33.24,95.75,73.52,
2021-05-19 11:00:00,44.72,32.32,48.11,22.54,
2021-05-19 12:00:00,33.82,27.94,19.76,29.27,
2021-05-19 13:00:00,24.47,19.12,17.77,33.43,
2021-05-19 14:00:00,23.77,13.82,10.52,43.5,
2021-05-19 15:00:00,14.32,13.15,10.86,47.49,
2021-05-19 16:00:00,6,18.31,16.95,63.89,
2021-05-19 17:00:00,6,18.49,17.03,56.79,
2021-05-19 18:00:00,16.47,17.36,38.51,25.87,
2021-05-19 19:00:00,29.21,14.31,55.45,0.98,
2021-05-19 20:00:00,45.07,13.29,38.79,3.13,
2021-05-19 21:00:00,47.66,12.78,25.55,8.29,
2021-05-19 22:00:00,51.92,12.26,24.89,6.05,
2021-05-19 23:00:00,30.75,12.22,25.79,0.98,
2021-05-20 00:00:00,39.76,12.04,21.54,0.98,
2021-05-20 01:00:00,31.82,11.94,17.32,0.98,
2021-05-20 02:00:00,30.17,11.42,11.01,0.98,
2021-05-20 03:00:00,23.77,11.2,9.29,0.98,
2021-05-20 04:00:00,13.28,11.09,7.75,0.98,
2021-05-20 05:00:00,6,11.22,10.14,0.98,
2021-05-20 06:00:00,6,11.4,15.4,0.98,
2021-05-20 07:00:00,13.34,13.26,22.04,0.98,
2021-05-20 08:00:00,33.9,13.04,20.02,0.98,
2021-05-20 09:00:00,28.42,12.89,22.31,0.98,
2021-05-20 10:00:00,38.1,12.61,31.2,0.98,
2021-05-20 11:00:00,42.54,14.03,33.41,0.98,
2021-05-20 12:00:00,33.03,14.38,39.59,4.33,
2021-05-20 13:00:00,33.52,13.02,29.5,10.84,
2021-05-20 14:00:00,21.98,12.22,14.59,25.83,
2021-05-20 15:00:00,23.19,12.04,7.34,34.83,
2021-05-20 16:00:00,12.79,11.87,13.7,27.0,
2021-05-20 17:00:00,6,12.05,21.71,16.64,
2021-05-20 18:00:00,19.15,12.23,29.48,6.99,
2021-05-20 19:00:00,29.88,12.36,31.76,2.79,
2021-05-20 20:00:00,28.84,12.31,28.18,0.98,
2021-05-20 21:00:00,33.04,12.32,24.31,2.57,
2021-05-20 22:00:00,34.59,11.98,21.24,5.28,
2021-05-20 23:00:00,29.69,12.01,21.42,2.48,
2021-05-21 00:00:00,26.45,11.93,22.33,2.02,
2021-05-21 01:00:00,33.62,11.54,2.63,20.69,
2021-05-21 02:00:00,20.57,11.73,1.85,19.66,
2021-05-21 03:00:00,6,11.54,2.22,18.73,
2021-05-21 04:00:00,6,11.07,2.94,17.56,
2021-05-21 05:00:00,6,11.3,5.07,14.91,
2021-05-21 06:00:00,6,11.89,9.93,10.99,
2021-05-21 07:00:00,6,11.28,15.0,5.4,
2021-05-21 08:00:00,6,11.73,21.03,0.98,
2021-05-21 09:00:00,6,11.53,17.79,3.99,
2021-05-21 10:00:00,24.74,11.36,15.11,9.4,
2021-05-21 11:00:00,14.23,11.7,13.92,14.42,
2021-05-21 12:00:00,14.27,62.42,24.0,9.88,
2021-05-21 13:00:00,14.88,32.98,27.8,2.69,
2021-05-21 14:00:00,16.57,55.24,27.3,2.62,
2021-05-21 15:00:00,19.88,24.31,28.28,0.98,
2021-05-21 16:00:00,16.75,16.94,27.77,0.98,
2021-05-21 17:00:00,17.72,14.6,30.46,0.98,
2021-05-21 18:00:00,6,14.23,34.22,0.98,
2021-05-21 19:00:00,16.34,12.63,20.29,7.91,
2021-05-21 20:00:00,15.77,12.23,4.95,30.62,
2021-05-21 21:00:00,14.49,12.14,3.14,40.31,
2021-05-21 22:00:00,6,11.2,7.73,29.02,
2021-05-21 23:00:00,6,11.0,5.27,29.64,
2021-05-22 00:00:00,6,11.26,8.35,24.87,
2021-05-22 01:00:00,6,10.98,2.32,32.97,
2021-05-22 02:00:00,6,10.79,0.47,35.79,
2021-05-22 03:00:00,6,10.62,0.47,28.21,
2021-05-22 04:00:00,6,10.61,3.43,15.9,
2021-05-22 05:00:00,6,10.6,3.27,15.12,
2021-05-22 06:00:00,6,10.79,11.42,7.22,
2021-05-22 07:00:00,6,11.28,15.7,0.98,
2021-05-22 08:00:00,15.14,11.36,18.45,2.2,
2021-05-22 09:00:00,22.77,11.48,24.68,8.05,
2021-05-22 10:00:00,27.08,10.75,20.44,7.15,
2021-05-22 11:00:00,28.65,44.46,25.69,8.86,
2021-05-22 12:00:00,26.62,38.16,5.24,19.79,
2021-05-22 13:00:00,20.33,20.54,5.27,25.99,
2021-05-22 14:00:00,6,17.44,3.31,33.07,
2021-05-22 15:00:00,6,15.1,2.81,37.98,
2021-05-22 16:00:00,6,13.84,3.95,40.15,
2021-05-22 17:00:00,6,12.14,4.54,38.64,
2021-05-22 18:00:00,6,13.78,12.23,27.23,
2021-05-22 19:00:00,6,12.52,8.18,21.9,
2021-05-22 20:00:00,6,12.34,8.59,18.31,
2021-05-22 21:00:00,6,12.22,10.54,16.66,
2021-05-22 22:00:00,6,11.82,7.54,20.3,
2021-05-22 23:00:00,6,11.37,4.93,25.73,
2021-05-23 00:00:00,6,166.4,13.34,21.54,
2021-05-23 01:00:00,6,162.4,4.84,25.42,
2021-05-23 02:00:00,6,20.29,4.56,24.71,
2021-05-23 03:00:00,6,41.6,4.57,25.22,
2021-05-23 04:00:00,6,74.48,3.35,28.28,
2021-05-23 05:00:00,6,314.3,5.06,27.84,
2021-05-23 06:00:00,6,46.82,3.32,30.22,
2021-05-23 07:00:00,6,243.3,5.15,29.51,
2021-05-23 08:00:00,6,551.5,14.6,23.67,
2021-05-23 09:00:00,6,444.2,12.51,25.79,
2021-05-23 10:00:00,25.55,231.9,21.5,17.45,
2021-05-23 11:00:00,19.87,108.4,18.44,19.69,
2021-05-23 12:00:00,15.58,103.3,15.53,23.32,
2021-05-23 13:00:00,6,23.76,4.42,31.49,
2021-05-23 14:00:00,6,29.28,12.27,23.88,
2021-05-23 15:00:00,15.41,74.09,20.2,16.84,
2021-05-23 16:00:00,13.06,181.6,19.78,16.48,
2021-05-23 17:00:00,19.33,296.0,16.92,18.83,
2021-05-23 18:00:00,17.98,561.1,11.28,23.19,
2021-05-23 19:00:00,24.2,515.5,15.9,19.34,
2021-05-23 20:00:00,26.79,533.8,18.24,18.29,
2021-05-23 21:00:00,22.99,207.6,28.02,8.69,
2021-05-23 22:00:00,13.84,82.28,29.79,6.19,
2021-05-23 23:00:00,14.15,76.37,26.15,9.47,
2021-05-24 00:00:00,20.36,28.37,8.32,24.98,
2021-05-24 01:00:00,6,19.36,5.02,27.84,
2021-05-24 02:00:00,6,21.04,8.49,23.44,
2021-05-24 03:00:00,6,16.53,2.32,29.16,
2021-05-24 04:00:00,6,16.83,4.51,26.86,
2021-05-24 05:00:00,12.68,14.45,2.74,30.39,
2021-05-24 06:00:00,6,14.18,6.1,26.29,
2021-05-24 07:00:00,6,49.35,16.99,16.42,
2021-05-24 08:00:00,6,15.47,13.31,18.45,
2021-05-24 09:00:00,6,13.92,10.16,21.5,
2021-05-24 10:00:00,6,13.4,4.24,28.12,
2021-05-24 11:00:00,6,14.14,3.47,30.76,
2021-05-24 12:00:00,6,12.65,2.98,34.19,
2021-05-24 13:00:00,6,12.68,2.8,37.09,
2021-05-24 14:00:00,6,12.16,2.19,38.51,
2021-05-24 15:00:00,6,13.9,3.54,38.75,
2021-05-24 16:00:00,6,15.81,6.34,36.27,
2021-05-24 17:00:00,6,12.72,6.47,35.76,
2021-05-24 18:00:00,6,12.45,17.01,23.22,
2021-05-24 19:00:00,6,18.0,35.96,6.93,
2021-05-24 20:00:00,6,40.02,39.32,2.37,
2021-05-24 21:00:00,6,52.83,19.55,12.33,
2021-05-24 22:00:00,13.74,102.0,13.35,14.69,
2021-05-24 23:00:00,15.28,22.81,20.05,6.97,
2021-05-25 00:00:00,32.62,16.66,18.32,7.84,
2021-05-25 01:00:00,20.89,14.53,13.44,11.34,
2021-05-25 02:00:00,13.73,14.39,13.45,11.43,
2021-05-25 03:00:00,18.98,13.7,11.7,13.61,
2021-05-25 04:00:00,15.91,13.08,10.05,14.05,
2021-05-25 05:00:00,6,13.4,12.74,13.61,
2021-05-25 06:00:00,6,13.85,13.15,13.05,
2021-05-25 07:00:00,6,30.16,21.24,6.54,
2021-05-25 08:00:00,6,186.1,25.77,6.61,
2021-05-25 09:00:00,13.78,484.1,20.3,12.52,
2021-05-25 10:00:00,21.13,213.0,12.68,15.84,
2021-05-25 11:00:00,16.67,365.0,12.54,24.15,
2021-05-25 12:00:00,16.87,122.8,9.25,32.26,
2021-05-25 13:00:00,27.48,47.63,8.15,37.63,
2021-05-25 14:00:00,16.01,74.83,9.29,40.94,
2021-05-25 15:00:00,6,127.8,11.12,40.42,
2021-05-25 16:00:00,6,19.85,7.03,44.78,
2021-05-25 17:00:00,6,14.43,8.47,41.12,
2021-05-25 18:00:00,6,15.51,30.99,16.52,
2021-05-25 19:00:00,6,16.45,38.74,5.39,
2021-05-25 20:00:00,22.07,18.8,43.45,0.98,
2021-05-25 21:00:00,29.99,17.56,37.78,0.98,
2021-05-25 22:00:00,43.07,15.69,34.63,0.98,
2021-05-25 23:00:00,45.42,13.99,27.44,4.8,
2021-05-26 00:00:00,26.09,14.36,26.43,2.53,
2021-05-26 01:00:00,24.55,13.55,24.45,0.98,
2021-05-26 02:00:00,21.42,13.83,21.71,0.98,
2021-05-26 03:00:00,34.4,13.08,19.37,0.98,
2021-05-26 04:00:00,24.95,12.77,16.74,0.98,
2021-05-26 05:00:00,24.67,11.98,13.87,0.98,
2021-05-26 06:00:00,23.22,11.54,11.37,0.98,
2021-05-26 07:00:00,20.09,12.24,12.29,0.98,
2021-05-26 08:00:00,15.32,12.83,20.3,0.98,
2021-05-26 09:00:00,29.09,14.55,20.94,0.98,
2021-05-26 10:00:00,24.5,42.87,40.19,5.17,
2021-05-26 11:00:00,33.99,26.69,27.35,13.38,
2021-05-26 12:00:00,25.13,20.09,22.95,19.92,
2021-05-26 13:00:00,14.07,20.42,15.55,46.22,
2021-05-26 14:00:00,13.02,14.79,12.23,58.68,
2021-05-26 15:00:00,6,35.17,13.09,72.9,
2021-05-26 16:00:00,6,19.31,14.18,77.15,
2021-05-26 17:00:00,6,13.89,12.1,50.02,
2021-05-26 18:00:00,6,17.47,37.22,10.06,
2021-05-26 19:00:00,14.91,17.87,46.82,0.98,
2021-05-26 20:00:00,35.4,15.4,39.05,0.98,
2021-05-26 21:00:00,48,14.08,31.04,0.98,
2021-05-26 22:00:00,43.83,13.26,23.63,0.98,
2021-05-26 23:00:00,45.88,13.07,29.6,0.98,
2021-05-27 00:00:00,44.18,12.64,25.39,0.98,
2021-05-27 01:00:00,54.35,12.42,18.21,0.98,
2021-05-27 02:00:00,40.81,12.2,16.71,0.98,
2021-05-27 03:00:00,44.66,11.42,17.84,2.87,
2021-05-27 04:00:00,39.52,12.33,17.28,2.13,
2021-05-27 05:00:00,24.62,12.34,16.1,0.98,
2021-05-27 06:00:00,28.62,11.93,14.51,0.98,
2021-05-27 07:00:00,35.83,11.97,16.01,0.98,
2021-05-27 08:00:00,19.93,11.81,18.89,0.98,
2021-05-27 09:00:00,20.01,12.88,36.37,4.07,
2021-05-27 10:00:00,29.04,18.71,43.17,33.05,
2021-05-27 11:00:00,27.12,51.45,33.27,19.28,
2021-05-27 12:00:00,23.19,116.9,45.63,44.45,
2021-05-27 13:00:00,22.92,21.83,22.78,33.08,
2021-05-27 14:00:00,24.09,15.14,15.09,39.76,
2021-05-27 15:00:00,14.61,13.05,10.6,50.67,
2021-05-27 16:00:00,6,12.24,13.33,49.66,
2021-05-27 17:00:00,6,12.8,18.04,47.15,
2021-05-27 18:00:00,6,15.43,36.47,15.38,
2021-05-27 19:00:00,24.26,15.45,46.7,2.36,
2021-05-27 20:00:00,51.5,13.95,38.52,0.98,
2021-05-27 21:00:00,63.32,12.77,33.36,0.98,
2021-05-27 22:00:00,75.38,12.65,28.99,0.98,
2021-05-27 23:00:00,70.61,12.52,23.8,0.98,
2021-05-28 00:00:00,56.44,12.39,18.13,0.98,
2021-05-28 01:00:00,39.39,12.19,14.11,0.98,
2021-05-28 02:00:00,38.81,12.51,12.08,0.98,
2021-05-28 03:00:00,42.24,12.28,10.38,0.98,
2021-05-28 04:00:00,33.73,12.31,10.6,0.98,
2021-05-28 05:00:00,30.41,12.12,11.06,0.98,
2021-05-28 06:00:00,21.01,12.58,12.65,0.98,
2021-05-28 07:00:00,23.03,12.98,14.54,0.98,
2021-05-28 08:00:00,26.39,13.31,14.36,0.98,
2021-05-28 09:00:00,26.23,13.69,22.3,0.98,
2021-05-28 10:00:00,26.98,13.69,26.47,0.98,
2021-05-28 11:00:00,40.88,13.91,26.15,0.98,
2021-05-28 12:00:00,46.66,13.25,27.94,0.98,
2021-05-28 13:00:00,50.98,11.87,22.92,7.26,
2021-05-28 14:00:00,34.87,12.33,27.95,4.28,
2021-05-28 15:00:00,23.05,12.62,33.4,0.98,
2021-05-28 16:00:00,14.83,11.94,27.5,5.23,
2021-05-28 17:00:00,18,12.32,22.2,12.47,
2021-05-28 18:00:00,6,12.36,17.73,16.54,
2021-05-28 19:00:00,6,12.41,23.48,14.57,
2021-05-28 20:00:00,6,12.38,16.66,21.21,
2021-05-28 21:00:00,6,11.9,6.88,31.16,
2021-05-28 22:00:00,6,11.73,8.42,28.84,
2021-05-28 23:00:00,6,11.43,2.19,41.79,
2021-05-29 00:00:00,6,11.61,3.14,37.59,
2021-05-29 01:00:00,6,10.92,7.95,26.3,
2021-05-29 02:00:00,6,11.04,7.64,22.15,
2021-05-29 03:00:00,6,11.15,3.29,20.32,
2021-05-29 04:00:00,6,11.35,11.24,18.7,
2021-05-29 05:00:00,6,11.97,4.38,17.33,
2021-05-29 06:00:00,6,12.54,10.04,9.05,
2021-05-29 07:00:00,6,12.41,12.86,10.63,
2021-05-29 08:00:00,6,12.25,12.47,10.82,
2021-05-29 09:00:00,6,11.76,10.14,11.7,
2021-05-29 10:00:00,6,11.12,7.66,12.64,
2021-05-29 11:00:00,6,10.75,6.82,18.13,
2021-05-29 12:00:00,6,10.85,4.89,31.89,
2021-05-29 13:00:00,15.02,12.5,6.26,37.92,
2021-05-29 14:00:00,6,47.72,5.08,32.21,
2021-05-29 15:00:00,6,19.57,8.01,34.33,
2021-05-29 16:00:00,6,13.74,3.63,39.27,
2021-05-29 17:00:00,6,13.1,7.44,36.08,
2021-05-29 18:00:00,6,13.29,14.6,27.53,
2021-05-29 19:00:00,6,12.78,20.35,15.38,
2021-05-29 20:00:00,6,12.35,26.37,4.27,
2021-05-29 21:00:00,6,12.35,25.17,3.18,
2021-05-29 22:00:00,32.49,12.65,20.35,3.14,
2021-05-29 23:00:00,22.54,12.67,16.23,0.98,
2021-05-30 00:00:00,33.76,12.5,14.85,0.98,
2021-05-30 01:00:00,27.32,12.41,9.75,8.8,
2021-05-30 02:00:00,35.85,12.06,6.43,10.21,
2021-05-30 03:00:00,20.61,11.6,4.69,11.97,
2021-05-30 04:00:00,6,11.44,3.98,10.36,
2021-05-30 05:00:00,6,10.99,3.44,7.58,
2021-05-30 06:00:00,6,10.94,3.77,6.92,
2021-05-30 07:00:00,6,10.87,5.73,3.06,
2021-05-30 08:00:00,6,11.02,8.28,0.98,
2021-05-30 09:00:00,6,10.82,7.09,13.56,
2021-05-30 10:00:00,13.49,10.8,3.4,24.81,
2021-05-30 11:00:00,17.06,10.71,0.47,34.59,
2021-05-30 12:00:00,6,10.76,1.58,36.94,
2021-05-30 13:00:00,6,10.87,1.47,39.8,
2021-05-30 14:00:00,6,16.28,6.67,57.84,
2021-05-30 15:00:00,6,14.67,4.22,44.43,
2021-05-30 16:00:00,6,11.21,3.75,39.66,
2021-05-30 17:00:00,6,16.28,6.47,35.02,
2021-05-30 18:00:00,6,10.79,11.7,24.45,
2021-05-30 19:00:00,6,11.24,22.38,7.34,
2021-05-30 20:00:00,18.45,11.23,20.57,4.45,
2021-05-30 21:00:00,12.71,11.26,22.68,2.65,
2021-05-30 22:00:00,21.32,10.98,24.64,0.98,
2021-05-30 23:00:00,31.44,11.11,20.76,0.98,
2021-05-31 00:00:00,30.7,10.88,10.6,0.98,
2021-05-31 01:00:00,32.41,10.94,12.83,0.98,
2021-05-31 02:00:00,23.67,10.84,11.86,0.98,
2021-05-31 03:00:00,23.09,10.8,10.8,0.98,
2021-05-31 04:00:00,21.78,10.95,8.91,0.98,
2021-05-31 05:00:00,21.14,10.97,7.39,0.98,
2021-05-31 06:00:00,22.71,10.85,8.66,0.98,
2021-05-31 07:00:00,14.16,11.0,12.36,0.98,
2021-05-31 08:00:00,14.09,11.12,14.57,0.98,
2021-05-31 09:00:00,19.02,11.49,11.57,0.98,
2021-05-31 10:00:00,13.09,11.27,12.55,4.47,
2021-05-31 11:00:00,13.06,12.96,15.23,12.99,
2021-05-31 12:00:00,13.59,82.44,26.7,25.32,
2021-05-31 13:00:00,6,18.9,13.11,25.66,
2021-05-31 14:00:00,6,24.31,16.02,36.24,
2021-05-31 15:00:00,6,19.77,17.46,55.06,
2021-05-31 16:00:00,6,13.08,16.04,45.29,
2021-05-31 17:00:00,6,14.15,19.4,28.31,
2021-05-31 18:00:00,6,34.4,32.41,7.2,
2021-05-31 19:00:00,6,18.43,33.93,0.98,
2021-05-31 20:00:00,31.1,15.16,32.18,0.98,
2021-05-31 21:00:00,55.94,13.38,24.26,0.98,
2021-05-31 22:00:00,52.2,13.35,22.52,0.98,
2021-05-31 23:00:00,64.46,13.46,25.17,0.98,
2021-06-01 00:00:00,61.27,13.12,21.0,0.98,
2021-06-01 01:00:00,65.62,12.0,19.32,0.98,
2021-06-01 02:00:00,53.05,11.04,18.5,0.98,
2021-06-01 03:00:00,35.63,11.42,11.02,0.98,
2021-06-01 04:00:00,25.62,11.42,10.36,0.98,
2021-06-01 05:00:00,16.23,11.08,7.75,0.98,
2021-06-01 06:00:00,17.18,11.69,8.14,0.98,
2021-06-01 07:00:00,31.38,12.29,9.8,0.98,
2021-06-01 08:00:00,28.15,11.99,10.93,0.98,
2021-06-01 09:00:00,34.85,12.81,23.63,0.98,
2021-06-01 10:00:00,35.52,17.92,38.98,4.35,
2021-06-01 11:00:00,22.84,26.22,50.0,15.95,
2021-06-01 12:00:00,29.75,13.38,23.84,27.22,
2021-06-01 13:00:00,21.83,12.49,24.88,33.59,
2021-06-01 14:00:00,14.38,103.7,31.12,41.22,
2021-06-01 15:00:00,18.38,33.21,18.35,47.35,
2021-06-01 16:00:00,6,16.52,23.51,39.04,
2021-06-01 17:00:00,6,22.15,32.28,36.38,
2021-06-01 18:00:00,18.91,17.38,52.43,7.62,
2021-06-01 19:00:00,26.72,15.82,57.61,0.98,
2021-06-01 20:00:00,50.89,14.66,47.64,0.98,
2021-06-01 21:00:00,53.75,13.71,35.22,0.98,
2021-06-01 22:00:00,53.85,13.2,25.55,0.98,
2021-06-01 23:00:00,39.81,12.96,19.89,0.98,
2021-06-02 00:00:00,42.83,12.47,14.63,0.98,
2021-06-02 01:00:00,32.93,12.51,12.78,0.98,
2021-06-02 02:00:00,31.09,12.42,11.37,0.98,
2021-06-02 03:00:00,35.31,12.68,13.79,0.98,
2021-06-02 04:00:00,37.6,12.68,11.99,0.98,
2021-06-02 05:00:00,31.88,12.39,13.6,0.98,
2021-06-02 06:00:00,28.67,12.51,12.75,0.98,
2021-06-02 07:00:00,24.04,12.61,20.19,0.98,
2021-06-02 08:00:00,18.97,16.51,24.2,0.98,
2021-06-02 09:00:00,,17.04,19.41,0.98,
2021-06-02 10:00:00,,20.1,43.19,13.3,
2021-06-02 11:00:00,,243.6,36.66,11.3,
2021-06-02 12:00:00,,43.79,20.22,23.32,
2021-06-02 13:00:00,,56.87,13.43,28.93,
2021-06-02 14:00:00,6,19.96,10.15,37.78,
2021-06-02 15:00:00,6,15.45,7.4,37.03,
2021-06-02 16:00:00,13.44,12.9,7.17,37.71,
2021-06-02 17:00:00,18.23,12.56,15.34,29.13,
2021-06-02 18:00:00,17.54,12.14,38.28,10.67,
2021-06-02 19:00:00,27.23,12.12,44.92,7.36,
2021-06-02 20:00:00,40.39,12.05,34.29,6.07,
2021-06-02 21:00:00,35.26,12.07,29.51,7.78,
2021-06-02 22:00:00,32.79,12.14,20.67,12.31,
2021-06-02 23:00:00,17.75,12.38,23.59,3.66,
2021-06-03 00:00:00,18.53,12.36,23.16,0.98,
2021-06-03 01:00:00,24.49,12.23,17.64,0.98,
2021-06-03 02:00:00,20.19,12.18,13.28,0.98,
2021-06-03 03:00:00,21.29,11.97,7.77,0.98,
2021-06-03 04:00:00,12.66,11.64,5.52,0.98,
2021-06-03 05:00:00,6,11.87,6.77,0.98,
2021-06-03 06:00:00,20.72,12.22,11.6,0.98,
2021-06-03 07:00:00,20.38,12.16,11.62,0.98,
2021-06-03 08:00:00,21.53,12.24,9.34,4.51,
2021-06-03 09:00:00,22.33,11.95,19.45,3.92,
2021-06-03 10:00:00,18.9,12.64,26.16,23.13,
2021-06-03 11:00:00,23.77,25.63,13.59,25.78,
2021-06-03 12:00:00,18.57,105.9,12.22,29.1,
2021-06-03 13:00:00,6,58.26,12.97,34.63,
2021-06-03 14:00:00,6,27.85,10.11,42.64,
2021-06-03 15:00:00,6,25.84,8.45,43.0,
2021-06-03 16:00:00,6,33.61,19.08,34.65,
2021-06-03 17:00:00,6,30.79,15.16,37.47,
2021-06-03 18:00:00,19.32,23.07,25.58,26.89,
2021-06-03 19:00:00,25.8,17.89,39.78,9.51,
2021-06-03 20:00:00,35.27,15.21,35.3,3.42,
2021-06-03 21:00:00,28,14.68,30.6,0.98,
2021-06-03 22:00:00,38.1,13.66,23.02,0.98,
2021-06-03 23:00:00,51.22,13.18,18.21,0.98,
2021-06-04 00:00:00,34.3,12.34,13.56,0.98,
2021-06-04 01:00:00,27.57,12.23,10.15,0.98,
2021-06-04 02:00:00,30.86,12.08,6.65,0.98,
2021-06-04 03:00:00,19.18,11.83,5.17,0.98,
2021-06-04 04:00:00,13,11.59,5.23,0.98,
2021-06-04 05:00:00,21.56,11.1,3.73,0.98,
2021-06-04 06:00:00,20.1,11.64,5.33,0.98,
2021-06-04 07:00:00,16.27,12.71,8.71,0.98,
2021-06-04 08:00:00,22.59,13.51,11.61,0.98,
2021-06-04 09:00:00,27.1,12.68,18.61,0.98,
2021-06-04 10:00:00,34.01,12.52,38.7,2.76,
2021-06-04 11:00:00,42.75,12.66,50.28,15.5,
2021-06-04 12:00:00,33.82,12.01,38.44,29.56,
2021-06-04 13:00:00,26.52,12.2,24.19,33.85,
2021-06-04 14:00:00,18.17,12.13,12.65,41.68,
2021-06-04 15:00:00,23.65,12.27,13.64,44.49,
2021-06-04 16:00:00,14.79,12.09,14.87,43.54,
2021-06-04 17:00:00,15.61,11.7,27.95,24.84,
2021-06-04 18:00:00,20.39,12.35,46.5,3.45,
2021-06-04 19:00:00,32.25,12.0,43.76,0.98,
2021-06-04 20:00:00,35.2,12.13,34.61,0.98,
2021-06-04 21:00:00,56.12,12.28,27.29,0.98,
2021-06-04 22:00:00,47.56,12.63,24.5,0.98,
2021-06-04 23:00:00,48.53,13.03,19.62,0.98,
2021-06-05 00:00:00,42.2,13.78,18.33,0.98,
2021-06-05 01:00:00,48.34,12.31,15.63,0.98,
2021-06-05 02:00:00,48.72,12.14,10.41,0.98,
2021-06-05 03:00:00,38.69,12.42,9.64,0.98,
2021-06-05 04:00:00,39.33,11.9,14.67,0.98,
2021-06-05 05:00:00,23.59,11.05,8.12,13.47,
2021-06-05 06:00:00,14.94,11.04,6.52,22.66,
2021-06-05 07:00:00,6,11.16,9.2,25.64,
2021-06-05 08:00:00,6,11.41,11.74,25.35,
2021-06-05 09:00:00,13.01,11.93,33.42,5.85,
2021-06-05 10:00:00,15.25,11.68,29.93,28.05,
2021-06-05 11:00:00,23.64,11.46,12.39,44.65,
2021-06-05 12:00:00,14.09,11.69,10.99,50.81,
2021-06-05 13:00:00,6,15.55,9.86,55.4,
2021-06-05 14:00:00,6,162.5,10.89,57.07,
2021-06-05 15:00:00,6,29.24,9.53,61.48,
2021-06-05 16:00:00,6,18.18,11.94,60.54,
2021-06-05 17:00:00,6,15.17,18.16,50.89,
2021-06-05 18:00:00,6,13.7,21.54,43.24,
2021-06-05 19:00:00,24.84,13.77,10.14,43.89,
2021-06-05 20:00:00,25.47,12.86,4.9,42.86,
2021-06-05 21:00:00,24.78,12.45,3.26,40.98,
2021-06-05 22:00:00,33.71,12.11,6.06,29.37,
2021-06-05 23:00:00,34.5,12.11,7.55,24.87,
2021-06-06 00:00:00,19.34,11.95,5.03,27.02,
2021-06-06 01:00:00,6,11.74,3.77,32.08,
2021-06-06 02:00:00,6,11.71,1.9,34.57,
2021-06-06 03:00:00,6,11.43,8.69,20.29,
2021-06-06 04:00:00,6,11.61,1.76,22.24,
2021-06-06 05:00:00,6,11.49,5.42,15.72,
2021-06-06 06:00:00,6,11.46,3.5,17.27,
2021-06-06 07:00:00,6,11.32,5.57,15.27,
2021-06-06 08:00:00,6,11.36,8.66,9.18,
2021-06-06 09:00:00,6,11.12,5.07,15.61,
2021-06-06 10:00:00,6,11.02,1.13,26.82,
2021-06-06 11:00:00,12.3,11.35,6.57,24.14,
2021-06-06 12:00:00,35.41,11.37,5.74,21.31,
2021-06-06 13:00:00,24.87,11.41,5.15,22.66,
2021-06-06 14:00:00,18.26,11.17,6.13,22.53,
2021-06-06 15:00:00,19.91,11.16,2.97,26.88,
2021-06-06 16:00:00,21.76,10.85,3.14,26.9,
2021-06-06 17:00:00,12.94,10.91,3.5,27.23,
2021-06-06 18:00:00,12.68,10.91,3.27,27.76,
2021-06-06 19:00:00,6,10.89,5.83,24.29,
2021-06-06 20:00:00,6,10.82,6.77,25.05,
2021-06-06 21:00:00,18.69,10.78,4.85,26.48,
2021-06-06 22:00:00,14.25,10.99,3.46,27.41,
2021-06-06 23:00:00,24.73,10.92,3.67,25.77,
2021-06-07 00:00:00,14.54,10.99,2.95,23.4,
2021-06-07 01:00:00,15.27,10.88,2.97,18.84,
2021-06-07 02:00:00,6,10.97,3.04,10.21,
2021-06-07 03:00:00,6,10.86,1.61,15.59,
2021-06-07 04:00:00,6,10.73,0.47,17.3,
2021-06-07 05:00:00,6,10.75,2.35,11.34,
2021-06-07 06:00:00,6,10.84,3.25,20.13,
2021-06-07 07:00:00,6,10.92,7.61,18.62,
2021-06-07 08:00:00,6,10.98,20.42,5.6,
2021-06-07 09:00:00,6,10.95,12.2,15.71,
2021-06-07 10:00:00,6,10.74,8.3,24.94,
2021-06-07 11:00:00,6,10.84,2.83,38.22,
2021-06-07 12:00:00,6,11.27,2.32,41.61,
2021-06-07 13:00:00,6,10.99,1.62,42.95,
2021-06-07 14:00:00,6,10.88,2.51,41.22,
2021-06-07 15:00:00,6,10.95,2.53,40.48,
2021-06-07 16:00:00,6,11.03,1.96,41.81,
2021-06-07 17:00:00,6,10.93,3.47,39.22,
2021-06-07 18:00:00,6,10.72,4.99,36.82,
2021-06-07 19:00:00,15.63,10.87,8.31,30.75,
2021-06-07 20:00:00,6,10.74,6.12,28.98,
2021-06-07 21:00:00,6,10.76,2.74,32.44,
2021-06-07 22:00:00,6,10.77,1.37,32.57,
2021-06-07 23:00:00,6,10.79,1.13,32.31,
2021-06-08 00:00:00,6,10.68,0.99,31.07,
2021-06-08 01:00:00,6,10.76,0.47,29.17,
2021-06-08 02:00:00,6,10.75,0.47,27.27,
2021-06-08 03:00:00,6,10.75,0.47,26.37,
2021-06-08 04:00:00,6,10.78,1.63,20.13,
2021-06-08 05:00:00,6,10.74,4.0,16.08,
2021-06-08 06:00:00,6,10.83,6.97,18.29,
2021-06-08 07:00:00,6,11.16,16.72,8.67,
2021-06-08 08:00:00,6,11.86,22.91,0.98,
2021-06-08 09:00:00,6,11.9,21.91,0.98,
2021-06-08 10:00:00,6,11.89,23.54,2.58,
2021-06-08 11:00:00,16.56,11.95,25.37,3.36,
2021-06-08 12:00:00,6,11.27,21.89,8.55,
2021-06-08 13:00:00,6,10.92,15.58,15.61,
2021-06-08 14:00:00,6,10.81,12.07,16.93,
2021-06-08 15:00:00,6,10.73,8.5,20.95,
2021-06-08 16:00:00,6,10.87,7.07,25.12,
2021-06-08 17:00:00,6,10.96,10.45,19.54,
2021-06-08 18:00:00,6,10.96,14.4,14.5,
2021-06-08 19:00:00,6,11.08,18.49,10.39,
2021-06-08 20:00:00,12.18,10.81,13.09,17.51,
2021-06-08 21:00:00,6,10.79,10.76,20.53,
2021-06-08 22:00:00,6,10.8,8.1,21.05,
2021-06-08 23:00:00,6,10.77,9.88,17.98,
2021-06-09 00:00:00,6,10.99,8.85,15.74,
2021-06-09 01:00:00,6,10.73,3.86,22.14,
2021-06-09 02:00:00,6,10.65,2.28,27.73,
2021-06-09 03:00:00,6,10.71,0.47,29.18,
2021-06-09 04:00:00,6,10.42,0.47,31.06,
2021-06-09 05:00:00,6,10.52,0.47,31.47,
2021-06-09 06:00:00,6,10.52,1.91,30.78,
2021-06-09 07:00:00,6,10.75,13.36,19.88,
2021-06-09 08:00:00,6,11.02,22.9,5.74,
2021-06-09 09:00:00,6,10.92,21.95,5.98,
2021-06-09 10:00:00,6,10.78,9.55,21.85,
2021-06-09 11:00:00,6,10.75,6.88,25.63,
2021-06-09 12:00:00,6,10.71,4.67,29.32,
2021-06-09 13:00:00,6,10.53,3.05,35.55,
2021-06-09 14:00:00,6,10.62,1.72,43.33,
2021-06-09 15:00:00,6,10.41,1.78,43.87,
2021-06-09 16:00:00,6,10.75,2.77,40.84,
2021-06-09 17:00:00,6,10.61,5.23,35.73,
2021-06-09 18:00:00,6,10.47,13.55,20.81,
2021-06-09 19:00:00,6,10.67,21.12,10.17,
2021-06-09 20:00:00,6,10.84,15.09,13.47,
2021-06-09 21:00:00,6,10.89,14.97,11.02,
2021-06-09 22:00:00,6,10.88,15.35,7.25,
2021-06-09 23:00:00,6,10.66,16.0,4.53,
2021-06-10 00:00:00,6,10.91,15.72,0.98,
2021-06-10 01:00:00,13.67,10.79,12.76,0.98,
2021-06-10 02:00:00,6,10.72,12.04,0.98,
2021-06-10 03:00:00,6,10.8,8.28,0.98,
2021-06-10 04:00:00,6,10.52,6.52,0.98,
2021-06-10 05:00:00,6,10.51,5.58,0.98,
2021-06-10 06:00:00,6,10.8,7.54,0.98,
2021-06-10 07:00:00,6,11.18,9.12,0.98,
2021-06-10 08:00:00,6,11.37,12.72,0.98,
2021-06-10 09:00:00,13.57,11.84,19.59,0.98,
2021-06-10 10:00:00,16.52,12.86,20.97,0.98,
2021-06-10 11:00:00,25.67,12.78,21.66,0.98,
2021-06-10 12:00:00,17.61,13.23,23.73,0.98,
2021-06-10 13:00:00,12.81,12.06,14.18,4.81,
2021-06-10 14:00:00,6,11.16,17.22,2.27,
2021-06-10 15:00:00,13.36,11.22,23.38,3.34,
2021-06-10 16:00:00,6,11.12,18.15,15.72,
2021-06-10 17:00:00,6,10.94,19.91,11.97,
2021-06-10 18:00:00,6,11.36,34.1,0.98,
2021-06-10 19:00:00,6,11.8,37.69,0.98,
2021-06-10 20:00:00,6,11.38,35.81,0.98,
2021-06-10 21:00:00,15.32,11.34,32.82,0.98,
2021-06-10 22:00:00,6,11.27,29.43,0.98,
2021-06-10 23:00:00,6,11.17,26.83,0.98,
2021-06-11 00:00:00,13.43,11.36,21.67,0.98,
2021-06-11 01:00:00,6,11.08,11.44,3.51,
2021-06-11 02:00:00,12.41,10.87,10.17,4.44,
2021-06-11 03:00:00,13.37,10.63,4.55,8.49,
2021-06-11 04:00:00,6,10.7,3.92,10.06,
2021-06-11 05:00:00,6,10.57,5.28,7.66,
2021-06-11 06:00:00,6,10.77,12.78,3.88,
2021-06-11 07:00:00,6,10.71,13.39,3.61,
2021-06-11 08:00:00,6,10.86,12.58,5.13,
2021-06-11 09:00:00,6,10.72,10.56,9.39,
2021-06-11 10:00:00,6,11.04,9.58,12.35,
2021-06-11 11:00:00,6,11.41,8.82,15.78,
2021-06-11 12:00:00,6,12.8,6.87,24.98,
2021-06-11 13:00:00,6,11.9,4.6,30.59,
2021-06-11 14:00:00,6,12.76,6.96,33.87,
2021-06-11 15:00:00,6,12.68,5.84,38.73,
2021-06-11 16:00:00,6,11.16,5.98,38.27,
2021-06-11 17:00:00,6,10.95,12.12,28.95,
2021-06-11 18:00:00,6,10.68,22.91,14.94,
2021-06-11 19:00:00,6,10.83,17.3,14.87,
2021-06-11 20:00:00,6,10.8,29.33,2.56,
2021-06-11 21:00:00,13.38,11.36,28.11,2.72,
2021-06-11 22:00:00,12.16,11.1,26.47,2.05,
2021-06-11 23:00:00,18.28,12.14,20.7,7.4,
2021-06-12 00:00:00,6,19.71,24.21,6.51,
2021-06-12 01:00:00,6,17.49,12.81,14.12,
2021-06-12 02:00:00,6,11.13,3.84,20.71,
2021-06-12 03:00:00,6,12.25,8.72,14.92,
2021-06-12 04:00:00,6,12.43,12.85,10.89,
2021-06-12 05:00:00,6,11.0,5.38,17.54,
2021-06-12 06:00:00,6,12.08,12.24,10.72,
2021-06-12 07:00:00,6,11.82,13.76,5.71,
2021-06-12 08:00:00,6,11.65,19.66,2.18,
2021-06-12 09:00:00,15.35,11.44,16.47,7.31,
2021-06-12 10:00:00,21.05,23.22,12.27,14.93,
2021-06-12 11:00:00,18.72,100.7,11.34,18.63,
2021-06-12 12:00:00,13.59,30.75,5.98,31.06,
2021-06-12 13:00:00,13.36,32.83,10.04,33.22,
2021-06-12 14:00:00,6,82.51,12.3,32.11,
2021-06-12 15:00:00,6,33.68,10.22,35.23,
2021-06-12 16:00:00,6,16.06,10.4,37.96,
2021-06-12 17:00:00,6,19.62,16.23,30.92,
2021-06-12 18:00:00,15.31,14.94,27.94,16.47,
2021-06-12 19:00:00,12.71,12.46,26.83,12.9,
2021-06-12 20:00:00,21.23,12.44,29.89,3.85,
2021-06-12 21:00:00,14.47,11.84,29.2,1.97,
2021-06-12 22:00:00,29.21,12.39,22.63,0.98,
2021-06-12 23:00:00,51.22,12.35,22.77,0.98,
2021-06-13 00:00:00,62.18,11.77,21.42,0.98,
2021-06-13 01:00:00,52.26,11.29,19.99,0.98,
2021-06-13 02:00:00,32.48,11.15,20.29,0.98,
2021-06-13 03:00:00,35.14,11.09,16.88,0.98,
2021-06-13 04:00:00,28.83,11.09,12.6,0.98,
2021-06-13 05:00:00,25.04,10.69,10.1,0.98,
2021-06-13 06:00:00,33.34,10.35,7.61,0.98,
2021-06-13 07:00:00,21.2,10.42,5.42,0.98,
2021-06-13 08:00:00,30.24,10.93,4.63,0.98,
2021-06-13 09:00:00,17.4,10.98,12.55,3.85,
2021-06-13 10:00:00,6,12.5,17.98,8.21,
2021-06-13 11:00:00,12.51,20.12,25.33,30.52,
2021-06-13 12:00:00,12.1,42.0,27.56,25.01,
2021-06-13 13:00:00,24.27,71.32,16.61,30.54,
2021-06-13 14:00:00,14.44,62.18,21.85,47.24,
2021-06-13 15:00:00,14.93,26.32,9.94,68.77,
2021-06-13 16:00:00,13.4,13.65,6.65,61.75,
2021-06-13 17:00:00,13.56,12.0,5.47,49.66,
2021-06-13 18:00:00,20.86,11.47,12.69,30.93,
2021-06-13 19:00:00,22.72,11.54,25.09,11.17,
2021-06-13 20:00:00,20.42,11.41,18.6,14.81,
2021-06-13 21:00:00,32.22,11.36,18.31,13.19,
2021-06-13 22:00:00,33.22,11.39,18.11,6.66,
2021-06-13 23:00:00,31.59,11.07,14.27,0.98,
2021-06-14 00:00:00,23.56,11.13,10.21,0.98,
2021-06-14 01:00:00,16.97,10.94,7.1,0.98,
2021-06-14 02:00:00,22.57,10.72,6.69,0.98,
2021-06-14 03:00:00,23.8,10.68,4.14,0.98,
2021-06-14 04:00:00,15.51,10.35,2.7,0.98,
2021-06-14 05:00:00,13.02,10.25,4.64,0.98,
2021-06-14 06:00:00,6,10.58,5.56,0.98,
2021-06-14 07:00:00,6,11.63,8.23,0.98,
2021-06-14 08:00:00,6,12.23,10.47,0.98,
2021-06-14 09:00:00,19.46,12.22,20.52,0.98,
2021-06-14 10:00:00,30.31,12.99,43.96,0.98,
2021-06-14 11:00:00,36.64,22.04,52.43,4.34,
2021-06-14 12:00:00,30.93,26.94,36.76,15.9,
2021-06-14 13:00:00,25.02,38.89,28.32,29.0,
2021-06-14 14:00:00,25.77,22.84,19.98,43.26,
2021-06-14 15:00:00,13.46,14.36,11.02,47.06,
2021-06-14 16:00:00,6,15.13,12.46,51.56,
2021-06-14 17:00:00,6,16.52,21.81,41.33,
2021-06-14 18:00:00,16.63,15.67,42.18,9.47,
2021-06-14 19:00:00,27.9,16.2,,0.98,
2021-06-14 20:00:00,29.11,14.24,34.27,0.98,
2021-06-14 21:00:00,34.99,14.06,25.45,0.98,
2021-06-14 22:00:00,48.5,13.39,24.01,0.98,
2021-06-14 23:00:00,50.04,13.51,21.98,0.98,
2021-06-15 00:00:00,51.99,12.63,16.76,0.98,
2021-06-15 01:00:00,55.95,12.11,11.24,0.98,
2021-06-15 02:00:00,55.36,12.63,10.9,0.98,
2021-06-15 03:00:00,40.88,11.26,14.93,0.98,
2021-06-15 04:00:00,31.82,11.14,15.47,0.98,
2021-06-15 05:00:00,27.43,11.32,11.08,2.48,
2021-06-15 06:00:00,30.96,11.82,12.33,7.3,
2021-06-15 07:00:00,28.54,11.96,14.22,3.88,
2021-06-15 08:00:00,27.48,12.49,13.24,9.8,
2021-06-15 09:00:00,30.65,12.66,19.04,13.03,
2021-06-15 10:00:00,34.25,12.15,20.24,8.15,
2021-06-15 11:00:00,36.59,12.31,25.2,4.75,
2021-06-15 12:00:00,35.3,11.51,28.48,7.29,
2021-06-15 13:00:00,23.59,11.04,64.39,12.41,
2021-06-15 14:00:00,29.8,11.05,23.15,10.92,
2021-06-15 15:00:00,16.19,11.13,25.68,8.44,
2021-06-15 16:00:00,6,10.95,18.3,19.46,
2021-06-15 17:00:00,6,10.94,11.25,18.2,
2021-06-15 18:00:00,12.43,11.06,14.79,15.46,
2021-06-15 19:00:00,14.89,10.93,12.15,24.48,
2021-06-15 20:00:00,13.25,10.89,12.34,17.38,
2021-06-15 21:00:00,6,10.84,8.88,21.11,
2021-06-15 22:00:00,12.16,10.81,4.9,26.63,
2021-06-15 23:00:00,6,10.88,2.18,32.74,
2021-06-16 00:00:00,6,10.96,3.31,30.04,
2021-06-16 01:00:00,6,10.89,1.12,36.67,
2021-06-16 02:00:00,6,10.71,0.47,37.11,
2021-06-16 03:00:00,6,10.76,0.47,36.45,
2021-06-16 04:00:00,6,10.84,7.24,26.88,
2021-06-16 05:00:00,6,10.98,4.55,28.68,
2021-06-16 06:00:00,6,10.95,9.75,20.17,
2021-06-16 07:00:00,6,10.6,7.94,23.08,
2021-06-16 08:00:00,6,11.12,19.27,6.24,
2021-06-16 09:00:00,6,10.99,28.24,7.84,
2021-06-16 10:00:00,6,11.39,12.7,22.63,
2021-06-16 11:00:00,6,10.74,8.93,32.24,
2021-06-16 12:00:00,6,11.51,5.54,34.71,
2021-06-16 13:00:00,6,11.83,4.24,38.02,
2021-06-16 14:00:00,6,12.05,2.75,43.26,
2021-06-16 15:00:00,,11.64,2.75,41.98,
2021-06-16 16:00:00,6,11.98,4.09,41.52,
2021-06-16 17:00:00,6,11.81,12.12,32.79,
2021-06-16 18:00:00,6,11.17,18.87,20.37,
2021-06-16 19:00:00,6,10.95,32.51,5.17,
2021-06-16 20:00:00,13.47,11.53,31.12,6.47,
2021-06-16 21:00:00,29.57,10.86,21.04,10.54,
2021-06-16 22:00:00,27.75,11.42,25.24,0.98,
2021-06-16 23:00:00,44.98,10.87,21.91,0.98,
2021-06-17 00:00:00,39.95,10.98,18.34,0.98,
2021-06-17 01:00:00,23.36,10.85,20.88,0.98,
2021-06-17 02:00:00,19.46,10.66,5.26,18.09,
2021-06-17 03:00:00,14.84,10.59,1.24,27.63,
2021-06-17 04:00:00,6,10.55,2.58,26.55,
2021-06-17 05:00:00,6,10.66,12.14,7.96,
2021-06-17 06:00:00,15.49,10.59,10.78,9.77,
2021-06-17 07:00:00,6,10.97,20.5,0.98,
2021-06-17 08:00:00,6,11.23,28.93,0.98,
2021-06-17 09:00:00,12.41,11.36,20.25,15.05,
2021-06-17 10:00:00,6,12.03,18.86,21.44,
2021-06-17 11:00:00,,12.13,20.94,17.83,
2021-06-17 12:00:00,6,12.26,16.24,24.17,
2021-06-17 13:00:00,,11.64,14.54,30.12,
2021-06-17 14:00:00,6,11.66,12.52,34.19,
2021-06-17 15:00:00,6,11.49,18.58,31.64,
2021-06-17 16:00:00,6,11.5,19.29,29.94,
2021-06-17 17:00:00,6,10.89,15.35,28.74,
2021-06-17 18:00:00,6,12.45,31.42,4.63,
2021-06-17 19:00:00,18.21,12.68,31.42,0.98,
2021-06-17 20:00:00,33.37,12.4,28.44,0.98,
2021-06-17 21:00:00,45.5,12.33,25.07,0.98,
2021-06-17 22:00:00,40.12,12.25,22.23,0.98,
2021-06-17 23:00:00,37.69,12.27,16.46,0.98,
2021-06-18 00:00:00,23.11,12.18,13.87,0.98,
2021-06-18 01:00:00,29.1,11.48,11.02,0.98,
2021-06-18 02:00:00,25.82,11.46,7.67,0.98,
2021-06-18 03:00:00,17.56,11.43,6.08,0.98,
2021-06-18 04:00:00,18.85,11.51,5.68,0.98,
2021-06-18 05:00:00,15.67,11.79,6.47,0.98,
2021-06-18 06:00:00,6,12.21,14.38,0.98,
2021-06-18 07:00:00,17.87,12.6,17.63,0.98,
2021-06-18 08:00:00,17.08,13.16,16.38,0.98,
2021-06-18 09:00:00,14.08,13.37,17.44,0.98,
2021-06-18 10:00:00,31.92,13.41,26.7,0.98,
2021-06-18 11:00:00,,13.12,37.05,8.54,
2021-06-18 12:00:00,,13.46,20.27,14.56,
2021-06-18 13:00:00,6,12.55,20.24,23.59,
2021-06-18 14:00:00,6,12.03,9.82,33.9,
2021-06-18 15:00:00,6,12.14,5.46,35.94,
2021-06-18 16:00:00,6,11.96,7.48,26.55,
2021-06-18 17:00:00,6,12.05,9.49,25.83,
2021-06-18 18:00:00,6,11.8,14.89,19.32,
2021-06-18 19:00:00,6,11.7,18.29,14.46,
2021-06-18 20:00:00,17.71,12.1,17.7,16.51,
2021-06-18 21:00:00,15.55,12.24,11.27,22.45,
2021-06-18 22:00:00,12.5,12.15,12.6,18.13,
2021-06-18 23:00:00,13.78,11.68,12.24,14.67,
2021-06-19 00:00:00,6,11.55,13.15,8.75,
2021-06-19 01:00:00,13.16,11.63,10.34,4.16,
2021-06-19 02:00:00,12.73,11.72,7.83,4.35,
2021-06-19 03:00:00,6,12.23,7.78,3.51,
2021-06-19 04:00:00,6,11.99,2.66,14.59,
2021-06-19 05:00:00,6,11.97,4.78,7.29,
2021-06-19 06:00:00,6,12.13,6.39,3.61,
2021-06-19 07:00:00,6,12.0,8.69,0.98,
2021-06-19 08:00:00,6,12.2,11.62,0.98,
2021-06-19 09:00:00,6,12.51,13.29,0.98,
2021-06-19 10:00:00,16.93,12.06,16.86,0.98,
2021-06-19 11:00:00,12.96,12.16,30.78,2.14,
2021-06-19 12:00:00,23.02,12.19,36.31,10.27,
2021-06-19 13:00:00,24.13,12.25,32.76,21.03,
2021-06-19 14:00:00,17.74,12.34,29.79,18.29,
2021-06-19 15:00:00,26.35,12.27,17.71,10.81,
2021-06-19 16:00:00,24.14,12.06,13.08,13.9,
2021-06-19 17:00:00,16.07,12.29,22.51,4.56,
2021-06-19 18:00:00,20.25,12.3,27.3,0.98,
2021-06-19 19:00:00,22.83,12.07,18.77,6.67,
2021-06-19 20:00:00,15.44,11.71,16.77,6.12,
2021-06-19 21:00:00,19.67,11.78,18.74,3.7,
2021-06-19 22:00:00,22.45,11.66,13.62,6.5,
2021-06-19 23:00:00,14.98,11.65,11.44,7.06,
2021-06-20 00:00:00,13.52,12.25,14.74,0.98,
2021-06-20 01:00:00,20.25,12.31,11.57,0.98,
2021-06-20 02:00:00,23.16,12.53,10.06,0.98,
2021-06-20 03:00:00,30.52,12.13,7.31,0.98,
2021-06-20 04:00:00,21.7,12.0,6.65,0.98,
2021-06-20 05:00:00,24.21,11.81,6.41,0.98,
2021-06-20 06:00:00,14.15,11.78,5.82,0.98,
2021-06-20 07:00:00,12.54,11.99,5.92,0.98,
2021-06-20 08:00:00,18.43,11.77,5.01,0.98,
2021-06-20 09:00:00,6,11.82,2.6,4.35,
2021-06-20 10:00:00,6,11.71,3.76,5.42,
2021-06-20 11:00:00,6,11.53,4.45,6.59,
2021-06-20 12:00:00,6,11.74,9.92,7.62,
2021-06-20 13:00:00,13.82,11.99,10.2,13.94,
2021-06-20 14:00:00,6,11.85,5.47,16.49,
2021-06-20 15:00:00,15.46,11.35,3.42,16.36,
2021-06-20 16:00:00,6,11.41,4.09,20.34,
2021-06-20 17:00:00,6,11.57,6.78,16.31,
2021-06-20 18:00:00,6,11.21,12.49,10.9,
2021-06-20 19:00:00,6,11.45,18.22,6.58,
2021-06-20 20:00:00,12.24,11.32,6.86,12.93,
2021-06-20 21:00:00,6,11.23,3.63,12.51,
2021-06-20 22:00:00,6,11.85,10.37,3.75,
2021-06-20 23:00:00,6,12.21,8.59,2.69,
2021-06-21 00:00:00,6,12.45,9.76,0.98,
2021-06-21 01:00:00,6,12.24,9.38,0.98,
2021-06-21 02:00:00,6,12.28,7.62,0.98,
2021-06-21 03:00:00,6,12.23,8.32,0.98,
2021-06-21 04:00:00,6,11.32,7.52,2.31,
2021-06-21 05:00:00,13.37,11.41,4.09,8.52,
2021-06-21 06:00:00,6,11.37,5.04,11.27,
2021-06-21 07:00:00,6,11.42,9.71,7.44,
2021-06-21 08:00:00,6,11.41,13.36,8.86,
2021-06-21 09:00:00,6,11.1,7.51,15.23,
2021-06-21 10:00:00,6,11.29,6.84,18.83,
2021-06-21 11:00:00,6,11.99,9.35,20.69,
2021-06-21 12:00:00,6,12.23,5.61,25.63,
2021-06-21 13:00:00,6,11.38,2.69,30.26,
2021-06-21 14:00:00,6,11.48,4.16,24.85,
2021-06-21 15:00:00,6,11.15,7.08,23.56,
2021-06-21 16:00:00,6,11.29,7.42,23.08,
2021-06-21 17:00:00,6,11.29,9.68,20.86,
2021-06-21 18:00:00,6,11.2,12.59,18.76,
2021-06-21 19:00:00,6,11.2,13.87,13.66,
2021-06-21 20:00:00,6,11.22,14.49,11.47,
2021-06-21 21:00:00,6,11.05,10.49,17.0,
2021-06-21 22:00:00,19.89,10.97,5.56,21.33,
2021-06-21 23:00:00,13.5,11.09,4.86,20.48,
2021-06-22 00:00:00,6,11.05,4.28,20.79,
2021-06-22 01:00:00,6,11.13,4.11,19.23,
2021-06-22 02:00:00,6,11.21,4.09,10.54,
2021-06-22 03:00:00,6,11.21,2.88,13.09,
2021-06-22 04:00:00,6,10.97,3.09,13.9,
2021-06-22 05:00:00,6,10.8,1.79,19.5,
2021-06-22 06:00:00,6,11.16,1.7,23.76,
2021-06-22 07:00:00,6,11.08,6.68,20.9,
2021-06-22 08:00:00,6,10.98,12.66,15.35,
2021-06-22 09:00:00,6,10.87,11.57,18.75,
2021-06-22 10:00:00,6,10.98,10.76,20.69,
2021-06-22 11:00:00,13.95,12.73,8.62,24.93,
2021-06-22 12:00:00,6,12.24,8.69,26.83,
2021-06-22 13:00:00,6,11.26,6.12,30.17,
2021-06-22 14:00:00,6,11.08,3.68,34.83,
2021-06-22 15:00:00,6,11.03,2.35,38.53,
2021-06-22 16:00:00,6,11.12,3.68,35.65,
2021-06-22 17:00:00,6,11.04,8.96,24.98,
2021-06-22 18:00:00,6,10.93,17.86,15.59,
2021-06-22 19:00:00,6,11.19,24.64,7.07,
2021-06-22 20:00:00,14.78,11.42,20.55,7.54,
2021-06-22 21:00:00,14.47,11.24,15.37,8.44,
2021-06-22 22:00:00,17.22,10.99,5.9,20.07,
2021-06-22 23:00:00,6,11.14,2.26,24.02,
2021-06-23 00:00:00,6,10.83,1.64,24.02,
2021-06-23 01:00:00,6,11.38,1.14,24.17,
2021-06-23 02:00:00,6,11.19,2.06,23.21,
2021-06-23 03:00:00,6,10.86,4.4,15.07,
2021-06-23 04:00:00,6,10.88,2.47,13.7,
2021-06-23 05:00:00,6,10.97,3.19,12.39,
2021-06-23 06:00:00,6,11.8,9.99,8.62,
2021-06-23 07:00:00,6,12.26,15.78,0.98,
2021-06-23 08:00:00,6,12.65,21.04,0.98,
2021-06-23 09:00:00,6,12.48,21.68,0.98,
2021-06-23 10:00:00,6,12.24,17.89,2.8,
2021-06-23 11:00:00,6,11.55,12.66,13.02,
2021-06-23 12:00:00,6,11.77,7.49,24.59,
2021-06-23 13:00:00,6,11.84,3.72,30.83,
2021-06-23 14:00:00,6,11.7,4.01,32.94,
2021-06-23 15:00:00,6,12.1,5.99,28.92,
2021-06-23 16:00:00,6,11.75,7.44,26.94,
2021-06-23 17:00:00,6,11.9,9.21,24.58,
2021-06-23 18:00:00,6,11.97,18.96,13.29,
2021-06-23 19:00:00,6,12.09,20.84,9.82,
2021-06-23 20:00:00,26.33,12.05,14.37,12.54,
2021-06-23 21:00:00,19.14,12.2,10.3,14.9,
2021-06-23 22:00:00,6,12.19,8.6,14.84,
2021-06-23 23:00:00,6,12.16,9.36,12.59,
2021-06-24 00:00:00,6,12.01,9.5,7.96,
2021-06-24 01:00:00,6,11.64,9.74,5.51,
2021-06-24 02:00:00,6,12.0,4.71,7.16,
2021-06-24 03:00:00,6,11.65,5.98,5.96,
2021-06-24 04:00:00,6,11.48,4.73,8.98,
2021-06-24 05:00:00,6,11.36,6.2,6.12,
2021-06-24 06:00:00,6,11.79,13.17,0.98,
2021-06-24 07:00:00,6,12.16,17.8,0.98,
2021-06-24 08:00:00,6,12.82,22.16,2.21,
2021-06-24 09:00:00,6,12.51,22.61,0.98,
2021-06-24 10:00:00,21.66,12.63,25.28,0.98,
2021-06-24 11:00:00,14.4,11.72,15.05,6.22,
2021-06-24 12:00:00,19.8,12.38,15.69,8.15,
2021-06-24 13:00:00,19.8,12.01,8.26,16.06,
2021-06-24 14:00:00,6,11.8,7.6,21.34,
2021-06-24 15:00:00,6,11.87,11.18,19.01,
2021-06-24 16:00:00,6,12.12,8.06,23.75,
2021-06-24 17:00:00,6,15.74,10.94,20.91,
2021-06-24 18:00:00,6,44.3,21.75,12.44,
2021-06-24 19:00:00,6,23.45,21.38,8.79,
2021-06-24 20:00:00,16.64,19.55,24.01,6.22,
2021-06-24 21:00:00,6,20.95,22.61,9.41,
2021-06-24 22:00:00,13.05,18.0,10.36,13.12,
2021-06-24 23:00:00,18.39,15.81,4.09,16.49,
2021-06-25 00:00:00,6,15.28,3.38,17.31,
2021-06-25 01:00:00,6,14.09,2.75,17.72,
2021-06-25 02:00:00,6,13.13,2.13,17.36,
2021-06-25 03:00:00,6,12.8,0.47,18.38,
2021-06-25 04:00:00,6,13.39,2.25,15.92,
2021-06-25 05:00:00,6,14.82,7.43,9.78,
2021-06-25 06:00:00,6,14.33,9.97,8.65,
2021-06-25 07:00:00,6,13.25,13.18,5.27,
2021-06-25 08:00:00,6,13.36,17.14,2.63,
2021-06-25 09:00:00,6,13.12,17.43,9.75,
2021-06-25 10:00:00,6,16.38,13.44,12.7,
2021-06-25 11:00:00,13.13,26.54,12.23,18.09,
2021-06-25 12:00:00,15.61,16.58,6.56,31.24,
2021-06-25 13:00:00,6,14.85,5.35,32.44,
2021-06-25 14:00:00,6,14.34,6.55,41.11,
2021-06-25 15:00:00,6,14.38,9.7,46.17,
2021-06-25 16:00:00,6,14.5,8.8,46.48,
2021-06-25 17:00:00,6,13.54,12.72,39.17,
2021-06-25 18:00:00,6,13.32,28.94,17.68,
2021-06-25 19:00:00,6,14.2,40.45,0.98,
2021-06-25 20:00:00,26.27,13.73,35.78,0.98,
2021-06-25 21:00:00,33.42,13.14,31.79,0.98,
2021-06-25 22:00:00,32.1,12.8,19.49,13.04,
2021-06-25 23:00:00,24.34,12.58,11.01,20.38,
2021-06-26 00:00:00,14.59,12.35,10.9,19.29,
2021-06-26 01:00:00,16.12,12.1,8.6,18.22,
2021-06-26 02:00:00,6,11.87,10.85,12.37,
2021-06-26 03:00:00,6,12.1,7.89,13.98,
2021-06-26 04:00:00,14.96,11.71,5.27,14.59,
2021-06-26 05:00:00,6,12.19,4.3,13.71,
2021-06-26 06:00:00,6,12.14,6.41,8.58,
2021-06-26 07:00:00,6,12.14,7.0,6.78,
2021-06-26 08:00:00,6,12.34,9.8,10.54,
2021-06-26 09:00:00,6,12.37,11.74,10.47,
2021-06-26 10:00:00,6,12.55,16.66,4.72,
2021-06-26 11:00:00,6,12.41,11.34,9.25,
2021-06-26 12:00:00,6,12.22,13.51,7.55,
2021-06-26 13:00:00,6,12.28,9.67,11.79,
2021-06-26 14:00:00,6,12.13,12.15,11.29,
2021-06-26 15:00:00,6,11.95,13.03,13.24,
2021-06-26 16:00:00,6,11.89,8.34,16.01,
2021-06-26 17:00:00,6,11.85,14.17,7.83,
2021-06-26 18:00:00,6,11.77,11.26,12.27,
2021-06-26 19:00:00,6,11.73,9.86,20.76,
2021-06-26 20:00:00,6,11.52,11.9,20.3,
2021-06-26 21:00:00,6,11.4,7.98,24.07,
2021-06-26 22:00:00,6,11.55,6.69,23.93,
2021-06-26 23:00:00,12.07,11.66,5.5,22.23,
2021-06-27 00:00:00,13.45,11.42,8.18,15.28,
2021-06-27 01:00:00,6,11.34,7.36,14.72,
2021-06-27 02:00:00,6,11.27,3.22,20.84,
2021-06-27 03:00:00,43.58,11.47,2.78,17.26,
2021-06-27 04:00:00,100,11.27,3.93,14.82,
2021-06-27 05:00:00,,12.07,0.47,27.38,
2021-06-27 06:00:00,,11.75,0.47,22.36,
2021-06-27 07:00:00,,12.07,1.09,18.64,
2021-06-27 08:00:00,,11.68,1.4,19.37,
2021-06-27 09:00:00,,12.01,1.19,19.75,
2021-06-27 10:00:00,,12.1,1.69,22.24,
2021-06-27 11:00:00,,11.65,1.77,23.65,
2021-06-27 12:00:00,,12.04,2.82,22.16,
2021-06-27 13:00:00,,12.06,4.8,18.87,
2021-06-27 14:00:00,,12.09,3.64,24.77,
2021-06-27 15:00:00,,12.92,4.42,24.41,
2021-06-27 16:00:00,,12.58,5.84,24.7,
2021-06-27 17:00:00,,13.1,7.9,23.02,
2021-06-27 18:00:00,,12.47,8.59,21.36,
2021-06-27 19:00:00,,12.83,10.09,19.38,
2021-06-27 20:00:00,,12.66,8.93,20.31,
2021-06-27 21:00:00,,12.01,6.21,22.1,
2021-06-27 22:00:00,,11.87,3.22,25.24,
2021-06-27 23:00:00,,11.39,1.01,28.57,
2021-06-28 00:00:00,,12.3,2.28,26.22,
2021-06-28 01:00:00,,13.29,5.35,24.47,
2021-06-28 02:00:00,,11.6,1.29,28.44,
2021-06-28 03:00:00,,11.46,1.07,28.29,
2021-06-28 04:00:00,,11.56,1.92,27.46,
2021-06-28 05:00:00,,11.33,0.47,30.0,
2021-06-28 06:00:00,,120.2,14.62,15.91,
2021-06-28 07:00:00,,287.6,21.5,8.81,
2021-06-28 08:00:00,6,207.4,15.74,12.32,
2021-06-28 09:00:00,,245.6,14.23,17.01,
2021-06-28 10:00:00,,31.81,9.31,24.91,
2021-06-28 11:00:00,,16.28,5.24,30.53,
2021-06-28 12:00:00,,16.29,5.59,30.49,
2021-06-28 13:00:00,,13.51,3.82,34.35,
2021-06-28 14:00:00,,13.04,4.1,37.6,
2021-06-28 15:00:00,,11.86,3.43,39.97,
2021-06-28 16:00:00,,12.49,4.32,38.56,
2021-06-28 17:00:00,,11.88,6.92,35.69,
2021-06-28 18:00:00,,12.27,15.3,23.57,
2021-06-28 19:00:00,,12.92,27.31,7.54,
2021-06-28 20:00:00,,12.99,27.78,3.08,
2021-06-28 21:00:00,,12.21,19.01,10.17,
2021-06-28 22:00:00,,72.13,21.17,9.98,
2021-06-28 23:00:00,,248.3,18.29,15.26,
2021-06-29 00:00:00,,245.1,15.05,17.34,
2021-06-29 01:00:00,,215.5,7.05,22.05,
2021-06-29 02:00:00,,268.6,9.04,20.4,
2021-06-29 03:00:00,,521.9,8.63,21.8,
2021-06-29 04:00:00,,668.5,8.7,22.91,
2021-06-29 05:00:00,6,194.9,13.0,17.28,
2021-06-29 06:00:00,6,55.98,9.85,21.5,
2021-06-29 07:00:00,6,23.86,12.54,17.73,
2021-06-29 08:00:00,6,24.61,15.37,15.63,
2021-06-29 09:00:00,13.26,53.73,21.6,12.39,
2021-06-29 10:00:00,6,56.03,20.45,15.04,
2021-06-29 11:00:00,6,41.21,15.9,20.44,
2021-06-29 12:00:00,6,38.87,13.64,24.75,
2021-06-29 13:00:00,14.46,18.58,8.68,28.1,
2021-06-29 14:00:00,6,19.08,10.36,26.61,
2021-06-29 15:00:00,6,15.24,7.83,26.46,
2021-06-29 16:00:00,18.19,17.98,10.89,23.82,
2021-06-29 17:00:00,22.59,14.94,9.39,26.51,
2021-06-29 18:00:00,14.39,18.23,15.55,17.15,
2021-06-29 19:00:00,12.81,75.85,21.5,12.76,
2021-06-29 20:00:00,6,24.22,16.54,16.0,
2021-06-29 21:00:00,6,25.14,14.81,17.01,
2021-06-29 22:00:00,6,14.15,4.39,26.42,
2021-06-29 23:00:00,6,13.85,4.0,26.94,
2021-06-30 00:00:00,12.96,13.94,3.6,28.55,
2021-06-30 01:00:00,6,17.66,7.0,23.53,
2021-06-30 02:00:00,6,16.76,5.81,24.68,
2021-06-30 03:00:00,6,13.12,0.47,29.6,
2021-06-30 04:00:00,6,12.82,0.47,31.03,
2021-06-30 05:00:00,6,12.88,1.48,28.78,
2021-06-30 06:00:00,6,13.44,6.32,22.88,
2021-06-30 07:00:00,6,15.26,16.65,11.29,
2021-06-30 08:00:00,6,103.2,21.66,5.37,
2021-06-30 09:00:00,12.94,110.7,18.41,8.34,
2021-06-30 10:00:00,15.27,104.2,16.7,10.74,
2021-06-30 11:00:00,16.45,164.6,18.02,11.15,
2021-06-30 12:00:00,16.72,65.58,13.89,16.2,
2021-06-30 13:00:00,6,22.04,6.49,22.87,
2021-06-30 14:00:00,,18.86,7.51,22.72,
2021-06-30 15:00:00,6,17.1,9.47,23.04,
2021-06-30 16:00:00,6,16.31,8.95,25.15,
2021-06-30 17:00:00,6,14.83,8.72,25.22,
2021-06-30 18:00:00,6,14.46,21.95,8.87,
2021-06-30 19:00:00,6,15.14,25.54,4.22,
2021-06-30 20:00:00,6,14.78,24.17,0.98,
2021-06-30 21:00:00,12.41,15.84,25.71,0.98,
2021-06-30 22:00:00,,14.94,22.11,0.98,
2021-06-30 23:00:00,35.92,14.16,19.25,0.98,
2021-07-01 00:00:00,28.81,14.59,21.13,0.98,
2021-07-01 01:00:00,,13.1,12.35,0.98,
2021-07-01 02:00:00,,12.95,8.35,0.98,
2021-07-01 03:00:00,,12.66,5.11,0.98,
2021-07-01 04:00:00,6,13.06,4.33,0.98,
2021-07-01 05:00:00,6,12.73,4.11,0.98,
2021-07-01 06:00:00,6,12.54,3.79,0.98,
2021-07-01 07:00:00,6,12.92,4.18,0.98,
2021-07-01 08:00:00,6,13.66,9.34,0.98,
2021-07-01 09:00:00,28.47,14.3,16.34,0.98,
2021-07-01 10:00:00,,14.57,40.22,2.82,
2021-07-01 11:00:00,,16.08,14.8,3.11,
2021-07-01 12:00:00,6,17.33,50.09,10.77,
2021-07-01 13:00:00,6,16.63,24.22,22.27,
2021-07-01 14:00:00,6,14.84,12.93,28.89,
2021-07-01 15:00:00,6,13.75,8.75,36.2,
2021-07-01 16:00:00,6,13.46,10.15,35.19,
2021-07-01 17:00:00,6,12.92,11.8,32.32,
2021-07-01 18:00:00,6,13.64,42.37,9.74,
2021-07-01 19:00:00,6,14.4,44.12,0.98,
2021-07-01 20:00:00,6,15.28,38.86,0.98,
2021-07-01 21:00:00,6,15.02,35.48,0.98,
2021-07-01 22:00:00,13.27,14.18,28.22,0.98,
2021-07-01 23:00:00,14.9,13.18,20.93,0.98,
2021-07-02 00:00:00,6,12.67,12.73,0.98,
2021-07-02 01:00:00,6,12.46,9.11,0.98,
2021-07-02 02:00:00,14.98,12.15,8.89,0.98,
2021-07-02 03:00:00,6,11.95,5.76,0.98,
2021-07-02 04:00:00,,12.27,4.12,0.98,
2021-07-02 05:00:00,6,11.65,7.74,0.98,
2021-07-02 06:00:00,6,12.0,9.28,0.98,
2021-07-02 07:00:00,6,12.31,10.43,0.98,
2021-07-02 08:00:00,6,13.03,14.44,0.98,
2021-07-02 09:00:00,14.16,13.62,22.15,0.98,
2021-07-02 10:00:00,,14.25,30.7,0.98,
2021-07-02 11:00:00,,17.54,41.8,10.61,
2021-07-02 12:00:00,,25.89,19.79,25.46,
2021-07-02 13:00:00,,103.0,15.04,32.98,
2021-07-02 14:00:00,,27.06,14.82,39.54,
2021-07-02 15:00:00,,26.05,15.88,45.81,
2021-07-02 16:00:00,,25.99,18.7,42.45,
2021-07-02 17:00:00,6,15.36,24.07,36.88,
2021-07-02 18:00:00,6,14.24,38.57,14.36,
2021-07-02 19:00:00,6,17.15,,0.98,
2021-07-02 20:00:00,25.42,16.29,45.12,0.98,
2021-07-02 21:00:00,40.69,15.19,34.36,0.98,
2021-07-02 22:00:00,59.36,15.14,29.34,0.98,
2021-07-02 23:00:00,52.67,13.93,22.38,0.98,
2021-07-03 00:00:00,49.51,14.79,22.85,0.98,
2021-07-03 01:00:00,50.02,13.54,15.37,0.98,
2021-07-03 02:00:00,41.58,13.25,16.17,0.98,
2021-07-03 03:00:00,35.19,13.05,21.05,0.98,
2021-07-03 04:00:00,26.41,12.97,17.02,0.98,
2021-07-03 05:00:00,22.41,13.08,15.13,0.98,
2021-07-03 06:00:00,,12.69,15.01,0.98,
2021-07-03 07:00:00,,12.58,14.48,0.98,
2021-07-03 08:00:00,,13.25,17.85,0.98,
2021-07-03 09:00:00,,13.06,21.41,0.98,
2021-07-03 10:00:00,,12.62,21.4,2.01,
2021-07-03 11:00:00,27.63,13.01,31.24,32.47,
2021-07-03 12:00:00,17.08,12.86,24.31,56.58,
2021-07-03 13:00:00,6,12.79,14.69,46.52,
2021-07-03 14:00:00,6,14.98,16.22,47.28,
2021-07-03 15:00:00,15.32,35.24,20.87,57.54,
2021-07-03 16:00:00,6,16.62,9.12,54.52,
2021-07-03 17:00:00,6,15.85,12.42,51.88,
2021-07-03 18:00:00,6,15.42,42.56,16.23,
2021-07-03 19:00:00,22.28,15.28,51.04,0.98,
2021-07-03 20:00:00,47.95,14.12,40.34,0.98,
2021-07-03 21:00:00,41.39,13.39,33.56,0.98,
2021-07-03 22:00:00,55.63,13.05,31.14,0.98,
2021-07-03 23:00:00,56.18,12.64,22.69,0.98,
2021-07-04 00:00:00,42.98,12.06,18.63,0.98,
2021-07-04 01:00:00,37.05,12.72,13.55,0.98,
2021-07-04 02:00:00,35.43,12.59,11.98,0.98,
2021-07-04 03:00:00,22.87,11.56,7.14,0.98,
2021-07-04 04:00:00,22.64,11.74,8.32,0.98,
2021-07-04 05:00:00,28.42,12.83,10.46,0.98,
2021-07-04 06:00:00,26.06,12.99,10.37,0.98,
2021-07-04 07:00:00,18.56,12.5,10.17,0.98,
2021-07-04 08:00:00,26.88,12.33,14.78,0.98,
2021-07-04 09:00:00,24.15,12.2,13.59,0.98,
2021-07-04 10:00:00,33.91,12.58,17.94,0.98,
2021-07-04 11:00:00,44.97,12.69,22.13,7.56,
2021-07-04 12:00:00,32.79,12.86,18.59,26.03,
2021-07-04 13:00:00,24.84,12.78,18.07,43.39,
2021-07-04 14:00:00,26.27,12.74,12.83,44.21,
2021-07-04 15:00:00,17.89,12.73,6.56,39.09,
2021-07-04 16:00:00,6,12.69,6.33,38.73,
2021-07-04 17:00:00,6,12.71,11.25,32.75,
2021-07-04 18:00:00,6,12.84,22.94,17.1,
2021-07-04 19:00:00,33.25,12.79,25.6,16.94,
2021-07-04 20:00:00,26.78,12.93,29.92,9.52,
2021-07-04 21:00:00,32.78,13.16,36.76,0.98,
2021-07-04 22:00:00,40.58,12.66,29.42,0.98,
2021-07-04 23:00:00,40.07,12.68,20.91,0.98,
2021-07-05 00:00:00,32.03,12.26,17.05,0.98,
2021-07-05 01:00:00,28.47,12.08,13.42,0.98,
2021-07-05 02:00:00,21.78,12.56,12.17,0.98,
2021-07-05 03:00:00,17.35,11.42,11.06,0.98,
2021-07-05 04:00:00,6,11.42,14.76,0.98,
2021-07-05 05:00:00,6,11.44,10.18,0.98,
2021-07-05 06:00:00,,12.01,12.59,0.98,
2021-07-05 07:00:00,,12.75,20.38,0.98,
2021-07-05 08:00:00,,13.43,22.53,0.98,
2021-07-05 09:00:00,,13.94,21.77,0.98,
2021-07-05 10:00:00,41.37,15.67,59.57,0.98,
2021-07-05 11:00:00,50.52,17.44,90.46,11.12,
2021-07-05 12:00:00,66.78,29.26,67.04,42.33,
2021-07-05 13:00:00,35.55,24.16,48.65,39.79,
2021-07-05 14:00:00,29.4,17.1,47.59,34.04,
2021-07-05 15:00:00,22.5,15.11,43.37,38.48,
2021-07-05 16:00:00,,15.38,22.24,39.2,
2021-07-05 17:00:00,,14.94,14.33,34.46,
2021-07-05 18:00:00,,14.91,38.65,8.16,
2021-07-05 19:00:00,12.3,16.09,51.3,0.98,
2021-07-05 20:00:00,35.35,14.75,44.07,0.98,
2021-07-05 21:00:00,63.99,13.54,31.74,3.65,
2021-07-05 22:00:00,65.53,12.91,14.66,17.85,
2021-07-05 23:00:00,53.42,12.87,13.68,15.45,
2021-07-06 00:00:00,41.15,12.9,12.95,13.16,
2021-07-06 01:00:00,25.8,12.71,9.24,10.37,
2021-07-06 02:00:00,14.25,12.59,9.31,7.43,
2021-07-06 03:00:00,6,12.17,13.39,2.72,
2021-07-06 04:00:00,6,12.96,22.71,0.98,
2021-07-06 05:00:00,19.21,12.93,30.83,0.98,
2021-07-06 06:00:00,34.43,14.95,25.74,0.98,
2021-07-06 07:00:00,34.3,18.63,26.82,0.98,
2021-07-06 08:00:00,29.01,17.75,28.33,0.98,
2021-07-06 09:00:00,29.08,25.29,28.73,0.98,
2021-07-06 10:00:00,36.04,21.51,27.79,2.72,
2021-07-06 11:00:00,44.14,17.57,30.28,6.77,
2021-07-06 12:00:00,39.29,16.86,36.56,18.67,
2021-07-06 13:00:00,39.07,16.38,44.82,23.29,
2021-07-06 14:00:00,31.83,14.91,32.86,25.93,
2021-07-06 15:00:00,25.79,14.56,19.38,37.71,
2021-07-06 16:00:00,27.67,14.62,16.91,36.68,
2021-07-06 17:00:00,28.88,14.95,10.77,43.96,
2021-07-06 18:00:00,35.67,15.45,22.68,28.67,
2021-07-06 19:00:00,35.37,14.89,28.12,17.83,
2021-07-06 20:00:00,45.34,14.23,34.43,7.84,
2021-07-06 21:00:00,48.99,13.9,34.97,5.41,
2021-07-06 22:00:00,39.28,13.52,22.72,15.35,
2021-07-06 23:00:00,37.22,13.31,21.65,10.4,
2021-07-07 00:00:00,38.35,13.08,28.33,2.89,
2021-07-07 01:00:00,35.71,12.83,23.53,0.98,
2021-07-07 02:00:00,30.7,12.77,18.22,0.98,
2021-07-07 03:00:00,31.66,12.45,14.55,0.98,
2021-07-07 04:00:00,30.35,12.24,11.89,0.98,
2021-07-07 05:00:00,21.41,12.53,11.57,0.98,
2021-07-07 06:00:00,12.48,13.01,14.87,0.98,
2021-07-07 07:00:00,17.58,13.46,20.87,0.98,
2021-07-07 08:00:00,28.04,14.09,23.24,0.98,
2021-07-07 09:00:00,46.1,14.26,35.25,0.98,
2021-07-07 10:00:00,56.91,287.0,41.78,,
2021-07-07 11:00:00,,299.2,32.27,,
2021-07-07 12:00:00,,13.99,13.73,,
2021-07-07 13:00:00,,12.95,7.64,29.22,
2021-07-07 14:00:00,,13.07,11.37,31.36,
2021-07-07 15:00:00,,22.86,13.48,33.93,
2021-07-07 16:00:00,,25.67,14.38,34.47,
2021-07-07 17:00:00,,17.81,21.5,27.92,
2021-07-07 18:00:00,,16.27,,3.45,
2021-07-07 19:00:00,6,14.85,45.6,2.23,
2021-07-07 20:00:00,49.6,14.6,41.34,2.17,
2021-07-07 21:00:00,58,14.47,38.3,0.98,
2021-07-07 22:00:00,61.18,14.19,31.4,0.98,
2021-07-07 23:00:00,70.39,14.01,25.98,0.98,
2021-07-08 00:00:00,87.94,13.93,22.5,0.98,
2021-07-08 01:00:00,60.96,13.37,21.13,0.98,
2021-07-08 02:00:00,69.55,13.17,27.84,0.98,
2021-07-08 03:00:00,53.16,13.36,24.19,0.98,
2021-07-08 04:00:00,41.13,13.59,19.57,0.98,
2021-07-08 05:00:00,48.2,13.38,15.46,0.98,
2021-07-08 06:00:00,42.82,13.94,15.79,0.98,
2021-07-08 07:00:00,28.75,14.38,19.74,0.98,
2021-07-08 08:00:00,40.59,15.2,19.76,0.98,
2021-07-08 09:00:00,47.4,14.66,38.48,0.98,
2021-07-08 10:00:00,69.49,13.97,69.12,34.01,
2021-07-08 11:00:00,44.58,27.29,56.42,20.09,
2021-07-08 12:00:00,33.01,54.61,46.16,25.28,
2021-07-08 13:00:00,18.67,38.59,34.74,39.53,
2021-07-08 14:00:00,16.58,23.23,32.02,44.46,
2021-07-08 15:00:00,30.13,18.22,11.19,56.41,
2021-07-08 16:00:00,23.89,15.54,10.4,53.89,
2021-07-08 17:00:00,36.43,14.79,17.08,46.39,
2021-07-08 18:00:00,33.99,14.3,35.63,18.65,
2021-07-08 19:00:00,33.86,16.24,55.95,0.98,
2021-07-08 20:00:00,60.88,15.22,48.17,0.98,
2021-07-08 21:00:00,70.57,14.04,38.28,4.53,
2021-07-08 22:00:00,72.66,14.31,34.45,0.98,
2021-07-08 23:00:00,61.71,13.71,28.56,0.98,
2021-07-09 00:00:00,50.48,13.28,24.44,0.98,
2021-07-09 01:00:00,55.69,13.17,12.81,7.33,
2021-07-09 02:00:00,29.31,13.11,7.64,11.65,
2021-07-09 03:00:00,16,12.96,7.67,10.2,
2021-07-09 04:00:00,12.19,12.86,7.57,9.08,
2021-07-09 05:00:00,6,12.75,7.75,6.23,
2021-07-09 06:00:00,6,12.79,11.24,5.3,
2021-07-09 07:00:00,6,12.93,16.46,2.35,
2021-07-09 08:00:00,6,13.14,18.09,0.98,
2021-07-09 09:00:00,6,13.13,19.77,2.02,
2021-07-09 10:00:00,22.46,13.21,21.51,3.27,
2021-07-09 11:00:00,12.48,22.31,31.26,5.7,
2021-07-09 12:00:00,37.09,61.46,38.51,17.35,
2021-07-09 13:00:00,19.53,174.1,74.79,53.37,
2021-07-09 14:00:00,33.66,176.8,87.63,89.77,
2021-07-09 15:00:00,69.87,127.7,64.64,79.69,
2021-07-09 16:00:00,67.17,52.84,35.06,52.1,
2021-07-09 17:00:00,45.76,26.23,22.01,47.53,
2021-07-09 18:00:00,30.67,21.06,35.81,15.93,
2021-07-09 19:00:00,46.21,19.69,34.65,6.8,
2021-07-09 20:00:00,75.07,17.75,32.19,5.53,
2021-07-09 21:00:00,59.41,17.36,30.11,2.73,
2021-07-09 22:00:00,38.33,16.85,26.78,0.98,
2021-07-09 23:00:00,22.29,16.19,22.57,0.98,
2021-07-10 00:00:00,46.31,15.29,17.4,0.98,
2021-07-10 01:00:00,39.08,15.11,14.4,0.98,
2021-07-10 02:00:00,36.7,14.31,14.56,0.98,
2021-07-10 03:00:00,25.02,13.56,9.93,0.98,
2021-07-10 04:00:00,25.88,13.35,9.17,0.98,
2021-07-10 05:00:00,15.9,13.33,7.03,0.98,
2021-07-10 06:00:00,20.55,13.31,7.92,0.98,
2021-07-10 07:00:00,14.93,13.95,18.45,0.98,
2021-07-10 08:00:00,19.37,14.98,27.0,0.98,
2021-07-10 09:00:00,34.8,14.98,33.74,0.98,
2021-07-10 10:00:00,63.11,13.72,36.12,21.54,
2021-07-10 11:00:00,32.16,14.18,20.37,29.82,
2021-07-10 12:00:00,19.23,47.38,13.93,41.62,
2021-07-10 13:00:00,6,156.4,16.31,48.3,
2021-07-10 14:00:00,18.76,137.2,15.38,53.62,
2021-07-10 15:00:00,23.32,192.1,21.37,53.09,
2021-07-10 16:00:00,23.94,61.15,11.76,59.69,
2021-07-10 17:00:00,32.49,97.27,22.52,47.21,
2021-07-10 18:00:00,19.05,25.04,24.92,35.32,
2021-07-10 19:00:00,43.52,19.76,44.68,9.45,
2021-07-10 20:00:00,66.38,19.03,50.58,0.98,
2021-07-10 21:00:00,71.54,17.93,41.06,0.98,
2021-07-10 22:00:00,83.89,16.36,32.13,2.03,
2021-07-10 23:00:00,87.5,15.51,34.45,7.16,
2021-07-11 00:00:00,70.72,15.6,35.55,2.01,
2021-07-11 01:00:00,68.45,14.98,32.14,0.98,
2021-07-11 02:00:00,72,14.11,28.24,0.98,
2021-07-11 03:00:00,62.28,13.53,25.82,0.98,
2021-07-11 04:00:00,62.77,13.31,18.39,5.07,
2021-07-11 05:00:00,61.15,13.29,14.47,4.44,
2021-07-11 06:00:00,50.18,13.23,7.45,11.76,
2021-07-11 07:00:00,27.9,13.27,5.17,16.83,
2021-07-11 08:00:00,33.14,13.24,5.56,18.14,
2021-07-11 09:00:00,40.23,13.18,4.68,25.64,
2021-07-11 10:00:00,21.35,13.19,5.54,28.46,
2021-07-11 11:00:00,27.87,13.22,7.9,29.41,
2021-07-11 12:00:00,20.01,13.31,8.69,33.96,
2021-07-11 13:00:00,13.6,13.19,9.36,42.0,
2021-07-11 14:00:00,15.8,13.27,8.49,53.33,
2021-07-11 15:00:00,19.89,13.03,6.0,54.28,
2021-07-11 16:00:00,36.79,12.99,6.02,49.65,
2021-07-11 17:00:00,21.27,13.05,7.28,40.43,
2021-07-11 18:00:00,42.39,12.97,10.2,33.35,
2021-07-11 19:00:00,48.11,13.51,11.45,29.71,
2021-07-11 20:00:00,43.41,13.35,11.85,30.29,
2021-07-11 21:00:00,33.93,13.31,8.36,35.4,
2021-07-11 22:00:00,30.89,13.13,6.2,37.22,
2021-07-11 23:00:00,35.08,13.12,6.04,36.73,
2021-07-12 00:00:00,28.09,12.87,5.05,32.34,
2021-07-12 01:00:00,21.69,13.07,4.19,27.82,
2021-07-12 02:00:00,28.98,12.79,4.64,20.43,
2021-07-12 03:00:00,18.78,12.6,4.02,17.18,
2021-07-12 04:00:00,6,13.04,7.08,12.54,
2021-07-12 05:00:00,15.75,13.31,10.54,12.62,
2021-07-12 06:00:00,16.76,17.52,17.67,6.03,
2021-07-12 07:00:00,19.63,16.84,17.75,3.77,
2021-07-12 08:00:00,25.73,15.31,19.02,2.87,
2021-07-12 09:00:00,25.62,15.44,21.68,3.22,
2021-07-12 10:00:00,20.6,17.48,16.62,5.53,
2021-07-12 11:00:00,28.72,17.07,18.57,7.5,
2021-07-12 12:00:00,29.04,15.1,21.26,13.67,
2021-07-12 13:00:00,16.29,14.5,22.89,25.34,
2021-07-12 14:00:00,6,13.72,31.45,36.13,
2021-07-12 15:00:00,17.96,13.55,27.69,49.24,
2021-07-12 16:00:00,6,12.94,30.36,40.36,
2021-07-12 17:00:00,28.92,13.34,28.54,29.24,
2021-07-12 18:00:00,57.83,13.05,35.7,10.11,
2021-07-12 19:00:00,61.51,13.14,35.0,6.33,
2021-07-12 20:00:00,81.51,14.15,37.54,0.98,
2021-07-12 21:00:00,74.26,14.3,31.03,0.98,
2021-07-12 22:00:00,51.04,14.28,23.15,0.98,
2021-07-12 23:00:00,80.03,14.77,17.56,0.98,
2021-07-13 00:00:00,51.8,13.67,11.59,0.98,
2021-07-13 01:00:00,33.01,13.79,10.2,0.98,
2021-07-13 02:00:00,35.16,13.52,10.7,0.98,
2021-07-13 03:00:00,35.11,13.45,8.57,0.98,
2021-07-13 04:00:00,32.48,13.37,7.19,0.98,
2021-07-13 05:00:00,28.19,13.22,7.8,0.98,
2021-07-13 06:00:00,22.01,13.6,9.2,0.98,
2021-07-13 07:00:00,25.82,13.43,10.84,0.98,
2021-07-13 08:00:00,35.75,14.34,16.01,0.98,
2021-07-13 09:00:00,45.78,14.22,24.87,0.98,
2021-07-13 10:00:00,60.89,14.38,32.57,0.98,
2021-07-13 11:00:00,57.46,14.86,53.79,7.26,
2021-07-13 12:00:00,40.61,19.98,52.34,22.06,
2021-07-13 13:00:00,56.77,26.15,36.86,40.74,
2021-07-13 14:00:00,65.53,16.47,27.23,38.87,
2021-07-13 15:00:00,61.97,14.5,31.26,36.95,
2021-07-13 16:00:00,48.7,13.52,37.66,35.97,
2021-07-13 17:00:00,72.28,13.68,58.15,28.22,
2021-07-13 18:00:00,86.09,13.87,59.39,12.33,
2021-07-13 19:00:00,85.73,14.45,68.48,0.98,
2021-07-13 20:00:00,,14.34,60.53,0.98,
2021-07-13 21:00:00,,13.97,47.39,0.98,
2021-07-13 22:00:00,,13.84,42.47,0.98,
2021-07-13 23:00:00,,13.74,35.36,0.98,
2021-07-14 00:00:00,91.72,13.72,26.71,0.98,
2021-07-14 01:00:00,74.59,13.7,23.4,0.98,
2021-07-14 02:00:00,72.69,13.56,24.44,0.98,
2021-07-14 03:00:00,63.85,13.42,23.19,0.98,
2021-07-14 04:00:00,53.19,13.3,15.5,4.41,
2021-07-14 05:00:00,43.53,13.39,13.17,11.31,
2021-07-14 06:00:00,34.35,13.63,17.22,9.39,
2021-07-14 07:00:00,38.64,13.92,27.3,3.2,
2021-07-14 08:00:00,38.1,13.62,30.13,2.08,
2021-07-14 09:00:00,54.95,13.88,33.89,2.01,
2021-07-14 10:00:00,55.31,13.74,31.15,5.02,
2021-07-14 11:00:00,,13.53,17.8,15.13,
2021-07-14 12:00:00,,13.07,25.36,26.71,
2021-07-14 13:00:00,6,13.06,11.25,39.73,
2021-07-14 14:00:00,6,13.09,6.08,50.93,
2021-07-14 15:00:00,13.53,13.04,6.98,57.15,
2021-07-14 16:00:00,30.15,13.04,10.29,56.23,
2021-07-14 17:00:00,41.14,13.07,12.65,53.22,
2021-07-14 18:00:00,46.18,13.09,21.48,42.02,
2021-07-14 19:00:00,54.47,13.37,25.22,37.71,
2021-07-14 20:00:00,36.92,13.37,30.27,26.26,
2021-07-14 21:00:00,45.13,13.47,31.0,22.27,
2021-07-14 22:00:00,39.22,13.44,26.73,20.78,
2021-07-14 23:00:00,54.92,13.57,31.13,16.48,
2021-07-15 00:00:00,58,13.43,35.49,5.56,
2021-07-15 01:00:00,53.21,13.31,26.0,7.04,
2021-07-15 02:00:00,61.09,13.33,18.55,13.71,
2021-07-15 03:00:00,48.04,13.23,11.17,25.94,
2021-07-15 04:00:00,28.8,13.18,6.2,38.06,
2021-07-15 05:00:00,17.17,13.11,6.4,40.73,
2021-07-15 06:00:00,20.5,13.4,22.61,12.68,
2021-07-15 07:00:00,23.79,13.39,27.88,7.04,
2021-07-15 08:00:00,42.7,13.35,25.2,10.37,
2021-07-15 09:00:00,27.38,14.12,28.17,6.19,
2021-07-15 10:00:00,25.58,13.04,33.59,2.6,
2021-07-15 11:00:00,33.71,12.67,31.96,6.84,
2021-07-15 12:00:00,29.05,12.38,18.32,17.93,
2021-07-15 13:00:00,17.28,13.03,11.95,23.27,
2021-07-15 14:00:00,6,12.94,22.55,19.62,
2021-07-15 15:00:00,24.46,13.21,28.93,18.45,
2021-07-15 16:00:00,17.91,13.07,24.81,18.57,
2021-07-15 17:00:00,19.55,13.3,26.0,14.47,
2021-07-15 18:00:00,13.33,14.0,14.56,24.13,
2021-07-15 19:00:00,6,13.74,16.33,26.63,
2021-07-15 20:00:00,6,13.53,16.61,22.57,
2021-07-15 21:00:00,6,13.41,9.91,26.02,
2021-07-15 22:00:00,6,13.39,9.78,29.14,
2021-07-15 23:00:00,6,12.95,7.96,27.68,
2021-07-16 00:00:00,6,12.7,6.04,33.75,
2021-07-16 01:00:00,6,12.38,1.72,40.66,
2021-07-16 02:00:00,6,12.44,2.56,35.51,
2021-07-16 03:00:00,6,12.4,3.45,30.68,
2021-07-16 04:00:00,6,12.23,3.21,24.74,
2021-07-16 05:00:00,6,12.25,5.88,16.64,
2021-07-16 06:00:00,6,12.3,13.16,9.7,
2021-07-16 07:00:00,6,13.34,22.63,0.98,
2021-07-16 08:00:00,6,13.9,24.3,0.98,
2021-07-16 09:00:00,32.64,13.55,22.98,5.27,
2021-07-16 10:00:00,29.25,12.43,14.8,29.44,
2021-07-16 11:00:00,17.83,12.71,8.05,40.48,
2021-07-16 12:00:00,6,12.61,7.66,44.23,
2021-07-16 13:00:00,6,13.4,12.0,45.45,
2021-07-16 14:00:00,6,13.15,11.93,46.25,
2021-07-16 15:00:00,6,13.33,11.41,47.12,
2021-07-16 16:00:00,6,12.74,6.66,50.16,
2021-07-16 17:00:00,6,12.92,13.35,45.29,
2021-07-16 18:00:00,12.39,12.57,17.08,33.68,
2021-07-16 19:00:00,18.01,12.44,19.95,23.18,
2021-07-16 20:00:00,23.35,12.36,24.14,16.27,
2021-07-16 21:00:00,15,12.28,15.82,24.79,
2021-07-16 22:00:00,33.81,12.27,15.63,23.91,
2021-07-16 23:00:00,22.76,12.17,13.27,23.71,
2021-07-17 00:00:00,35.59,12.25,10.59,23.3,
2021-07-17 01:00:00,22.95,12.16,8.09,23.6,
2021-07-17 02:00:00,18.78,12.3,9.47,15.8,
2021-07-17 03:00:00,18.24,12.13,7.31,10.49,
2021-07-17 04:00:00,12.7,12.21,11.15,7.04,
2021-07-17 05:00:00,15.87,12.28,13.31,2.98,
2021-07-17 06:00:00,6,12.36,12.95,3.1,
2021-07-17 07:00:00,6,12.51,17.35,0.98,
2021-07-17 08:00:00,23.14,12.74,18.77,0.98,
2021-07-17 09:00:00,23.79,12.49,16.71,6.25,
2021-07-17 10:00:00,16.1,12.99,17.19,8.84,
2021-07-17 11:00:00,19.49,13.35,17.83,11.74,
2021-07-17 12:00:00,26.5,14.17,15.99,14.75,
2021-07-17 13:00:00,17.45,16.43,11.9,24.01,
2021-07-17 14:00:00,6,14.21,8.75,38.1,
2021-07-17 15:00:00,6,13.7,6.75,39.67,
2021-07-17 16:00:00,6,13.17,6.33,44.35,
2021-07-17 17:00:00,6,13.4,6.82,44.14,
2021-07-17 18:00:00,6,13.48,17.51,29.73,
2021-07-17 19:00:00,6,35.08,24.82,18.93,
2021-07-17 20:00:00,17.99,61.73,26.33,15.34,
2021-07-17 21:00:00,20.75,25.03,23.2,15.39,
2021-07-17 22:00:00,20.49,43.75,16.98,19.89,
2021-07-17 23:00:00,21.48,17.02,6.9,30.44,
2021-07-18 00:00:00,25.99,14.89,9.31,24.31,
2021-07-18 01:00:00,15.87,13.59,5.82,28.52,
2021-07-18 02:00:00,6,12.63,4.43,32.84,
2021-07-18 03:00:00,6,13.19,2.98,31.31,
2021-07-18 04:00:00,6,13.11,2.7,31.58,
2021-07-18 05:00:00,6,13.52,3.39,31.74,
2021-07-18 06:00:00,6,12.3,1.71,31.61,
2021-07-18 07:00:00,6,12.61,3.61,30.71,
2021-07-18 08:00:00,6,25.15,21.07,16.88,
2021-07-18 09:00:00,6,19.06,11.54,29.4,
2021-07-18 10:00:00,6,29.71,16.9,29.0,
2021-07-18 11:00:00,17.66,20.68,9.17,37.03,
2021-07-18 12:00:00,20.69,14.33,4.66,42.06,
2021-07-18 13:00:00,19.54,14.52,4.61,43.72,
2021-07-18 14:00:00,15.4,12.76,2.44,47.16,
2021-07-18 15:00:00,25.96,12.81,1.95,48.71,
2021-07-18 16:00:00,19.43,12.72,2.34,47.78,
2021-07-18 17:00:00,23.68,14.56,5.21,43.98,
2021-07-18 18:00:00,27.38,12.03,4.29,44.1,
2021-07-18 19:00:00,28.79,12.71,3.8,43.67,
2021-07-18 20:00:00,18.92,12.45,3.48,43.41,
2021-07-18 21:00:00,16.09,12.21,2.95,42.99,
2021-07-18 22:00:00,18.36,12.35,1.81,44.02,
2021-07-18 23:00:00,20.53,12.3,1.29,44.77,
2021-07-19 00:00:00,12.65,12.34,0.47,44.38,
2021-07-19 01:00:00,6,12.45,1.0,44.05,
2021-07-19 02:00:00,6,12.22,0.47,43.79,
2021-07-19 03:00:00,6,12.35,0.47,43.24,
2021-07-19 04:00:00,6,12.4,0.94,42.5,
2021-07-19 05:00:00,18.1,12.95,2.68,40.58,
2021-07-19 06:00:00,14.16,13.21,5.84,38.4,
2021-07-19 07:00:00,6,12.33,10.8,33.9,
2021-07-19 08:00:00,6,13.03,14.08,30.19,
2021-07-19 09:00:00,6,12.89,12.42,31.68,
2021-07-19 10:00:00,14.6,12.43,9.01,34.5,
2021-07-19 11:00:00,20.33,13.38,7.37,35.73,
2021-07-19 12:00:00,37.03,13.68,7.44,35.81,
2021-07-19 13:00:00,27.46,13.67,8.68,35.16,
2021-07-19 14:00:00,16.45,15.05,8.77,36.25,
2021-07-19 15:00:00,6,15.43,10.29,36.14,
2021-07-19 16:00:00,6,14.53,8.04,39.32,
2021-07-19 17:00:00,6,14.85,11.41,35.75,
2021-07-19 18:00:00,6,13.83,23.57,23.95,
2021-07-19 19:00:00,6,13.58,33.92,11.41,
2021-07-19 20:00:00,20.69,18.19,33.21,7.79,
2021-07-19 21:00:00,28.48,22.76,29.09,8.84,
2021-07-19 22:00:00,26.66,47.1,24.77,10.51,
2021-07-19 23:00:00,33.36,24.73,25.06,9.14,
2021-07-20 00:00:00,23.84,18.25,28.7,5.1,
2021-07-20 01:00:00,18.32,18.43,22.26,8.39,
2021-07-20 02:00:00,28.17,16.57,17.73,9.43,
2021-07-20 03:00:00,30.79,18.43,19.75,7.88,
2021-07-20 04:00:00,28.35,20.76,21.61,7.51,
2021-07-20 05:00:00,23.71,14.82,13.78,10.34,
2021-07-20 06:00:00,20.1,13.85,20.26,3.29,
2021-07-20 07:00:00,25.9,14.21,23.07,0.98,
2021-07-20 08:00:00,34.51,14.78,25.73,0.98,
2021-07-20 09:00:00,36.03,15.38,25.96,3.9,
2021-07-20 10:00:00,43.98,44.37,28.67,16.72,
2021-07-20 11:00:00,27.12,16.43,18.41,29.98,
2021-07-20 12:00:00,24.24,14.91,10.67,34.23,
2021-07-20 13:00:00,23.94,17.15,11.81,41.3,
2021-07-20 14:00:00,15.08,15.5,11.27,47.17,
2021-07-20 15:00:00,6,79.22,19.83,,
2021-07-20 16:00:00,16.17,19.47,13.2,23.58,
2021-07-20 17:00:00,20.09,13.62,12.42,23.96,
2021-07-20 18:00:00,12.62,13.71,25.42,14.89,
2021-07-20 19:00:00,33.95,13.56,37.72,3.66,
2021-07-20 20:00:00,29.12,14.95,,0.98,
2021-07-20 21:00:00,43.87,14.86,39.76,0.98,
2021-07-20 22:00:00,56.41,13.83,30.4,0.98,
2021-07-20 23:00:00,73.22,14.15,23.06,0.98,
2021-07-21 00:00:00,74.89,13.83,19.38,0.98,
2021-07-21 01:00:00,66.33,13.74,16.84,0.98,
2021-07-21 02:00:00,78.12,13.66,11.96,0.98,
2021-07-21 03:00:00,59.49,13.8,12.07,0.98,
2021-07-21 04:00:00,51.37,13.6,13.95,0.98,
2021-07-21 05:00:00,67.38,13.1,12.47,0.98,
2021-07-21 06:00:00,52.15,13.77,16.96,0.98,
2021-07-21 07:00:00,63.27,14.45,21.56,0.98,
2021-07-21 08:00:00,62.09,14.36,19.35,0.98,
2021-07-21 09:00:00,54.71,14.86,30.72,0.98,
2021-07-21 10:00:00,39.19,16.55,28.54,2.67,
2021-07-21 11:00:00,39.43,45.6,43.54,,
2021-07-21 12:00:00,31.93,37.49,31.2,,
2021-07-21 13:00:00,25.58,14.81,14.92,50.97,
2021-07-21 14:00:00,16.29,17.45,15.55,87.71,
2021-07-21 15:00:00,21.71,16.28,13.79,72.94,
2021-07-21 16:00:00,14.71,16.7,14.01,71.39,
2021-07-21 17:00:00,6,16.62,17.59,62.12,
2021-07-21 18:00:00,20.45,15.88,31.26,28.02,
2021-07-21 19:00:00,31.84,16.1,,8.99,
2021-07-21 20:00:00,66.16,13.9,45.82,9.48,
2021-07-21 21:00:00,73.3,13.13,35.71,17.48,
2021-07-21 22:00:00,77.58,12.97,39.6,9.78,
2021-07-21 23:00:00,63.06,12.81,31.37,8.61,
2021-07-22 00:00:00,64.2,12.73,23.58,9.54,
2021-07-22 01:00:00,42.18,12.51,18.52,8.11,
2021-07-22 02:00:00,41.35,12.53,17.51,7.8,
2021-07-22 03:00:00,41.22,12.47,13.4,7.68,
2021-07-22 04:00:00,35.06,12.4,12.53,7.67,
2021-07-22 05:00:00,28.51,12.56,11.3,7.78,
2021-07-22 06:00:00,33.82,12.98,15.77,7.86,
2021-07-22 07:00:00,46.2,13.87,18.73,8.28,
2021-07-22 08:00:00,36.24,14.11,19.05,7.93,
2021-07-22 09:00:00,50.75,14.31,30.55,8.37,
2021-07-22 10:00:00,60,20.24,67.2,22.08,
2021-07-22 11:00:00,55.42,52.96,65.98,32.28,
2021-07-22 12:00:00,44.24,24.85,43.85,56.69,
2021-07-22 13:00:00,39.32,16.88,33.33,67.94,
2021-07-22 14:00:00,25.57,14.71,36.98,82.12,
2021-07-22 15:00:00,29.55,13.73,22.49,88.29,
2021-07-22 16:00:00,31.57,12.96,16.47,89.35,
2021-07-22 17:00:00,46.71,13.48,24.34,72.22,
2021-07-22 18:00:00,33.34,14.24,34.1,51.35,
2021-07-22 19:00:00,62.84,15.56,62.48,13.56,
2021-07-22 20:00:00,75.46,17.01,56.2,15.59,
2021-07-22 21:00:00,94.9,17.54,53.21,9.68,
2021-07-22 22:00:00,99.71,15.32,36.22,9.5,
2021-07-22 23:00:00,100,14.3,33.88,7.82,
2021-07-23 00:00:00,74.03,13.12,27.93,8.26,
2021-07-23 01:00:00,70.12,13.07,26.93,8.14,
2021-07-23 02:00:00,65.77,12.77,16.08,7.45,
2021-07-23 03:00:00,56.12,12.73,12.86,7.69,
2021-07-23 04:00:00,47.27,12.7,10.61,7.59,
2021-07-23 05:00:00,45.76,12.57,8.56,7.69,
2021-07-23 06:00:00,42.85,12.87,11.27,7.9,
2021-07-23 07:00:00,57.63,13.2,13.47,7.84,
2021-07-23 08:00:00,50.88,14.23,17.91,7.89,
2021-07-23 09:00:00,43.76,13.65,43.76,8.86,
2021-07-23 10:00:00,56.44,15.0,97.12,37.45,
2021-07-23 11:00:00,76.81,24.77,64.16,77.88,
2021-07-23 12:00:00,76.83,79.77,86.49,148.5,
2021-07-23 13:00:00,76.07,44.94,77.36,148.3,
2021-07-23 14:00:00,69.18,106.5,104.7,200.7,
2021-07-23 15:00:00,71.84,57.52,71.62,114.8,
2021-07-23 16:00:00,72.36,98.16,60.45,174.6,
2021-07-23 17:00:00,76.75,63.39,60.51,157.2,
2021-07-23 18:00:00,76.22,20.83,78.81,47.48,
2021-07-23 19:00:00,,17.58,76.29,9.85,
2021-07-23 20:00:00,,16.5,67.31,7.92,
2021-07-23 21:00:00,,15.81,52.8,7.56,
2021-07-23 22:00:00,,14.67,42.7,7.73,
2021-07-23 23:00:00,97.69,14.53,31.89,7.75,
2021-07-24 00:00:00,92.81,13.95,25.56,7.57,
2021-07-24 01:00:00,84.99,13.25,20.26,7.89,
2021-07-24 02:00:00,76.22,12.88,17.28,7.82,
2021-07-24 03:00:00,71.8,12.9,14.85,7.75,
2021-07-24 04:00:00,71.36,12.77,12.84,7.73,
2021-07-24 05:00:00,52.84,12.83,12.8,7.82,
2021-07-24 06:00:00,53.94,12.74,13.18,7.58,
2021-07-24 07:00:00,56.98,13.12,18.25,7.73,
2021-07-24 08:00:00,55.41,13.05,19.6,8.04,
2021-07-24 09:00:00,76.89,13.52,39.75,8.14,
2021-07-24 10:00:00,73.4,16.25,100.5,77.28,
2021-07-24 11:00:00,83.02,20.35,74.03,96.84,
2021-07-24 12:00:00,74.47,17.47,55.45,96.31,
2021-07-24 13:00:00,53.95,29.5,27.54,114.2,
2021-07-24 14:00:00,43.61,15.53,15.77,129.4,
2021-07-24 15:00:00,47.36,15.77,14.96,164.5,
2021-07-24 16:00:00,37.65,15.09,19.67,134.7,
2021-07-24 17:00:00,38.21,15.68,23.56,119.5,
2021-07-24 18:00:00,44.21,14.35,80.56,21.69,
2021-07-24 19:00:00,75.87,14.44,71.09,33.62,
2021-07-24 20:00:00,,14.65,82.11,14.41,
2021-07-24 21:00:00,,14.52,59.56,14.33,
2021-07-24 22:00:00,,14.48,52.01,9.15,
2021-07-24 23:00:00,,13.49,36.2,11.85,
2021-07-25 00:00:00,,13.14,34.82,8.06,
2021-07-25 01:00:00,,12.97,27.14,8.24,
2021-07-25 02:00:00,,12.91,19.84,7.89,
2021-07-25 03:00:00,84.28,12.84,13.62,7.84,
2021-07-25 04:00:00,85.78,13.0,13.08,8.11,
2021-07-25 05:00:00,81.55,12.97,12.3,8.01,
2021-07-25 06:00:00,81.68,12.94,14.97,8.19,
2021-07-25 07:00:00,81.79,12.95,15.21,7.8,
2021-07-25 08:00:00,63.61,12.85,19.42,7.87,
2021-07-25 09:00:00,75.66,12.76,21.17,29.17,
2021-07-25 10:00:00,51.69,12.73,13.31,65.12,
2021-07-25 11:00:00,28.31,12.74,11.9,80.54,
2021-07-25 12:00:00,16.57,12.88,11.16,89.39,
2021-07-25 13:00:00,6,12.98,11.9,92.56,
2021-07-25 14:00:00,22.9,13.17,12.01,92.46,
2021-07-25 15:00:00,30.95,18.58,15.52,88.23,
2021-07-25 16:00:00,20.7,13.58,21.54,77.92,
2021-07-25 17:00:00,33.33,13.47,34.56,56.53,
2021-07-25 18:00:00,46.95,13.26,35.7,46.84,
2021-07-25 19:00:00,47.23,13.75,59.47,11.23,
2021-07-25 20:00:00,80.02,14.67,52.58,8.41,
2021-07-25 21:00:00,97.72,14.14,44.21,8.15,
2021-07-25 22:00:00,,14.22,38.74,8.08,
2021-07-25 23:00:00,,14.3,31.67,8.37,
2021-07-26 00:00:00,89.78,14.27,30.27,8.13,
2021-07-26 01:00:00,78.98,13.3,28.73,7.78,
2021-07-26 02:00:00,69.78,13.05,30.41,7.72,
2021-07-26 03:00:00,69.83,12.91,33.67,8.23,
2021-07-26 04:00:00,54.94,12.84,29.93,11.0,
2021-07-26 05:00:00,55.03,12.82,27.01,11.7,
2021-07-26 06:00:00,65.21,12.94,30.19,8.01,
2021-07-26 07:00:00,58.41,13.02,34.83,7.81,
2021-07-26 08:00:00,55.61,14.24,40.94,7.65,
2021-07-26 09:00:00,62.75,14.17,47.42,8.08,
2021-07-26 10:00:00,59.16,13.53,49.59,10.25,
2021-07-26 11:00:00,57.75,14.21,42.02,15.26,
2021-07-26 12:00:00,49.68,14.07,36.55,13.68,
2021-07-26 13:00:00,41.78,13.88,44.31,13.74,
2021-07-26 14:00:00,39.16,13.33,15.45,25.07,
2021-07-26 15:00:00,28.12,13.43,16.26,27.28,
2021-07-26 16:00:00,24.44,13.35,22.21,21.89,
2021-07-26 17:00:00,28.7,13.04,14.79,26.86,
2021-07-26 18:00:00,26.05,13.06,35.66,11.11,
2021-07-26 19:00:00,20.62,13.31,33.05,14.43,
2021-07-26 20:00:00,20.96,12.78,21.49,33.13,
2021-07-26 21:00:00,28.15,12.56,16.89,33.44,
2021-07-26 22:00:00,25.27,12.81,33.77,11.54,
2021-07-26 23:00:00,15.67,13.2,38.31,7.55,
2021-07-27 00:00:00,17.36,12.92,22.61,18.03,
2021-07-27 01:00:00,12.68,12.53,2.19,52.84,
2021-07-27 02:00:00,6,12.22,2.1,49.46,
2021-07-27 03:00:00,6,12.2,1.53,50.16,
2021-07-27 04:00:00,6,12.13,1.2,54.44,
2021-07-27 05:00:00,6,12.27,2.84,53.07,
2021-07-27 06:00:00,6,12.42,11.32,41.23,
2021-07-27 07:00:00,6,12.08,7.5,43.63,
2021-07-27 08:00:00,6,12.25,16.24,34.18,
2021-07-27 09:00:00,6,12.42,16.97,31.96,
2021-07-27 10:00:00,6,12.47,8.85,39.74,
2021-07-27 11:00:00,6,12.36,8.16,41.58,
2021-07-27 12:00:00,6,12.59,5.8,50.1,
2021-07-27 13:00:00,6,12.27,4.2,56.17,
2021-07-27 14:00:00,6,12.29,4.38,56.69,
2021-07-27 15:00:00,6,12.13,5.97,56.9,
2021-07-27 16:00:00,6,12.0,6.82,53.76,
2021-07-27 17:00:00,6,11.99,5.96,56.83,
2021-07-27 18:00:00,6,11.96,10.35,54.79,
2021-07-27 19:00:00,6,12.84,19.78,40.07,
2021-07-27 20:00:00,15.75,17.36,23.35,32.77,
2021-07-27 21:00:00,24.49,13.14,10.9,44.1,
2021-07-27 22:00:00,20.6,12.12,10.81,41.85,
2021-07-27 23:00:00,16.11,20.33,18.4,35.19,
2021-07-28 00:00:00,24.21,82.38,34.8,16.17,
2021-07-28 01:00:00,20.42,168.8,16.2,31.43,
2021-07-28 02:00:00,20.26,91.31,14.1,32.98,
2021-07-28 03:00:00,16.54,27.42,16.53,32.96,
2021-07-28 04:00:00,6,22.24,12.82,36.38,
2021-07-28 05:00:00,12.23,21.59,13.77,36.6,
2021-07-28 06:00:00,15.5,15.8,11.42,40.46,
2021-07-28 07:00:00,14.23,26.01,27.95,26.23,
2021-07-28 08:00:00,6,34.38,31.73,22.82,
2021-07-28 09:00:00,6,31.04,22.84,34.59,
2021-07-28 10:00:00,6,14.18,8.91,50.12,
2021-07-28 11:00:00,6,13.59,7.14,55.39,
2021-07-28 12:00:00,6,13.35,7.23,58.19,
2021-07-28 13:00:00,6,14.42,6.94,61.3,
2021-07-28 14:00:00,13.31,14.14,6.31,60.54,
2021-07-28 15:00:00,6,13.06,7.5,58.67,
2021-07-28 16:00:00,6,12.8,5.73,61.86,
2021-07-28 17:00:00,6,12.51,7.4,59.67,
2021-07-28 18:00:00,15.32,13.01,16.04,48.17,
2021-07-28 19:00:00,25.74,12.92,18.62,38.6,
2021-07-28 20:00:00,20.81,13.03,15.19,35.35,
2021-07-28 21:00:00,27.05,13.71,14.49,34.21,
2021-07-28 22:00:00,23.72,13.22,6.96,50.77,
2021-07-28 23:00:00,14.96,17.68,14.5,38.04,
2021-07-29 00:00:00,13.37,15.46,10.44,40.64,
2021-07-29 01:00:00,6,14.42,5.44,46.79,
2021-07-29 02:00:00,6,13.41,3.18,49.4,
2021-07-29 03:00:00,6,13.59,3.95,46.93,
2021-07-29 04:00:00,6,18.56,10.37,40.6,
2021-07-29 05:00:00,6,15.37,5.42,45.55,
2021-07-29 06:00:00,6,15.52,10.57,40.61,
2021-07-29 07:00:00,19.29,46.52,36.06,15.27,
2021-07-29 08:00:00,17.94,45.81,29.35,22.31,
2021-07-29 09:00:00,6,22.63,15.41,37.2,
2021-07-29 10:00:00,6,16.86,11.71,43.93,
2021-07-29 11:00:00,6,15.96,7.39,53.99,
2021-07-29 12:00:00,6,18.0,7.51,59.99,
2021-07-29 13:00:00,14.29,16.62,7.77,63.34,
2021-07-29 14:00:00,6,15.66,6.63,64.17,
2021-07-29 15:00:00,6,15.85,8.08,65.26,
2021-07-29 16:00:00,6,14.57,7.79,67.14,
2021-07-29 17:00:00,6,14.43,8.78,62.98,
2021-07-29 18:00:00,6,13.68,21.91,45.25,
2021-07-29 19:00:00,6,12.98,33.09,30.29,
2021-07-29 20:00:00,6,20.47,35.92,25.51,
2021-07-29 21:00:00,23.51,14.92,24.85,33.57,
2021-07-29 22:00:00,16.17,27.64,30.71,25.09,
2021-07-29 23:00:00,27.31,14.98,26.31,24.53,
2021-07-30 00:00:00,30.09,13.21,21.32,25.52,
2021-07-30 01:00:00,38.28,13.04,16.69,26.27,
2021-07-30 02:00:00,41.5,13.85,18.12,21.42,
2021-07-30 03:00:00,17.8,12.91,20.03,16.74,
2021-07-30 04:00:00,20.03,13.37,17.04,11.73,
2021-07-30 05:00:00,27.9,13.55,14.67,17.55,
2021-07-30 06:00:00,18.2,13.58,20.68,13.24,
2021-07-30 07:00:00,23.37,15.15,24.14,6.89,
2021-07-30 08:00:00,36,14.85,23.36,6.93,
2021-07-30 09:00:00,42.67,16.63,52.09,16.95,
2021-07-30 10:00:00,46.37,35.73,66.75,37.15,
2021-07-30 11:00:00,33.43,36.2,37.48,45.18,
2021-07-30 12:00:00,24.45,80.52,44.39,46.71,
2021-07-30 13:00:00,20.05,45.41,24.41,55.57,
2021-07-30 14:00:00,12.89,23.76,18.9,63.78,
2021-07-30 15:00:00,6,17.81,17.35,68.95,
2021-07-30 16:00:00,6,16.36,14.82,74.1,
2021-07-30 17:00:00,6,14.52,17.94,73.32,
2021-07-30 18:00:00,6,13.0,23.0,56.38,
2021-07-30 19:00:00,16.24,12.71,31.43,32.11,
2021-07-30 20:00:00,16.97,12.86,26.49,34.19,
2021-07-30 21:00:00,26.72,13.24,40.89,14.76,
2021-07-30 22:00:00,53.84,12.72,25.93,26.26,
2021-07-30 23:00:00,48.38,12.6,28.28,17.55,
2021-07-31 00:00:00,48.57,12.64,24.94,18.55,
2021-07-31 01:00:00,52.86,12.37,23.54,14.91,
2021-07-31 02:00:00,37.59,12.48,19.74,10.97,
2021-07-31 03:00:00,40.78,12.15,16.04,8.41,
2021-07-31 04:00:00,29.22,12.56,15.17,7.16,
2021-07-31 05:00:00,19.36,12.45,11.36,7.3,
2021-07-31 06:00:00,26.84,12.86,10.96,6.88,
2021-07-31 07:00:00,21.72,13.18,16.22,7.04,
2021-07-31 08:00:00,35.38,13.71,13.08,7.08,
2021-07-31 09:00:00,38.29,13.84,23.86,10.46,
2021-07-31 10:00:00,42.14,18.58,46.71,38.68,
2021-07-31 11:00:00,37.16,19.19,27.91,48.67,
2021-07-31 12:00:00,21.21,14.75,14.92,56.1,
2021-07-31 13:00:00,12.57,13.91,15.37,62.97,
2021-07-31 14:00:00,6,12.68,13.4,76.77,
2021-07-31 15:00:00,6,12.52,8.32,71.18,
2021-07-31 16:00:00,6,12.5,6.8,68.58,
2021-07-31 17:00:00,6,12.45,6.95,66.8,
2021-07-31 18:00:00,6,12.62,18.22,52.27,
2021-07-31 19:00:00,6,13.61,33.9,26.26,
2021-07-31 20:00:00,27.55,13.88,29.47,26.56,
2021-07-31 21:00:00,35.61,13.91,36.83,12.43,
2021-07-31 22:00:00,62.56,13.19,30.37,8.21,
2021-07-31 23:00:00,69.2,12.76,25.16,7.63,
2021-08-01 00:00:00,67.44,12.49,17.84,7.39,
2021-08-01 01:00:00,54.66,12.57,12.84,7.43,
2021-08-01 02:00:00,50.99,12.32,13.03,7.24,
2021-08-01 03:00:00,51.08,12.4,9.54,7.22,
2021-08-01 04:00:00,50.35,12.07,9.09,6.96,
2021-08-01 05:00:00,36.91,12.22,9.67,7.06,
2021-08-01 06:00:00,42.69,12.37,10.98,7.12,
2021-08-01 07:00:00,44.73,12.7,10.4,7.05,
2021-08-01 08:00:00,40.02,13.03,14.27,7.34,
2021-08-01 09:00:00,40.28,12.52,14.5,9.75,
2021-08-01 10:00:00,37.92,26.52,30.22,27.19,
2021-08-01 11:00:00,27.38,28.98,22.95,47.05,
2021-08-01 12:00:00,21.15,25.48,19.76,67.23,
2021-08-01 13:00:00,23.02,18.4,17.37,80.81,
2021-08-01 14:00:00,26.19,16.7,14.43,101.7,
2021-08-01 15:00:00,31.79,16.18,11.46,97.57,
2021-08-01 16:00:00,26.31,16.44,14.98,95.57,
2021-08-01 17:00:00,31.28,14.13,8.38,79.23,
2021-08-01 18:00:00,43.08,13.67,9.48,66.86,
2021-08-01 19:00:00,40.03,13.01,14.09,57.16,
2021-08-01 20:00:00,27.05,12.96,34.7,23.46,
2021-08-01 21:00:00,29.92,13.37,36.21,8.93,
2021-08-01 22:00:00,42.64,12.78,31.42,11.91,
2021-08-01 23:00:00,49.08,12.7,27.76,12.84,
2021-08-02 00:00:00,62.65,12.58,14.15,26.87,
2021-08-02 01:00:00,51.3,12.54,11.22,30.12,
2021-08-02 02:00:00,38.26,12.43,3.97,35.95,
2021-08-02 03:00:00,34.2,12.59,3.69,30.57,
2021-08-02 04:00:00,20.49,12.5,3.58,35.55,
2021-08-02 05:00:00,12.13,12.46,4.82,28.91,
2021-08-02 06:00:00,18.18,12.52,10.85,21.53,
2021-08-02 07:00:00,13.48,12.26,11.4,31.11,
2021-08-02 08:00:00,17.96,12.42,20.34,25.35,
2021-08-02 09:00:00,14.86,12.41,21.65,27.46,
2021-08-02 10:00:00,6,12.33,16.41,35.06,
2021-08-02 11:00:00,15.44,12.62,13.53,43.38,
2021-08-02 12:00:00,12.57,18.87,19.36,41.45,
2021-08-02 13:00:00,21.76,27.33,27.97,41.12,
2021-08-02 14:00:00,14.42,15.64,22.8,53.09,
2021-08-02 15:00:00,6,16.18,13.85,60.52,
2021-08-02 16:00:00,15.38,15.02,11.59,59.98,
2021-08-02 17:00:00,6,12.99,16.18,56.03,
2021-08-02 18:00:00,15.28,12.59,20.27,40.11,
2021-08-02 19:00:00,42.84,12.53,24.78,25.25,
2021-08-02 20:00:00,32.11,12.53,18.48,31.47,
2021-08-02 21:00:00,30.82,12.73,21.76,24.12,
2021-08-02 22:00:00,36.49,12.66,17.2,25.08,
2021-08-02 23:00:00,38.45,12.67,18.43,15.25,
2021-08-03 00:00:00,38.77,12.45,19.19,12.6,
2021-08-03 01:00:00,31.74,12.06,14.37,17.96,
2021-08-03 02:00:00,32.71,12.39,12.47,16.96,
2021-08-03 03:00:00,22.97,12.08,18.22,8.52,
2021-08-03 04:00:00,26.41,12.46,20.21,7.53,
2021-08-03 05:00:00,29.75,12.44,18.61,7.31,
2021-08-03 06:00:00,38.01,12.53,19.68,7.42,
2021-08-03 07:00:00,38.03,12.87,20.28,7.32,
2021-08-03 08:00:00,34.55,12.92,21.9,7.58,
2021-08-03 09:00:00,42.46,14.9,24.4,12.05,
2021-08-03 10:00:00,29.89,17.89,38.28,44.39,
2021-08-03 11:00:00,22.1,13.99,13.41,52.13,
2021-08-03 12:00:00,13.9,14.22,14.81,62.02,
2021-08-03 13:00:00,6,16.85,17.66,69.64,
2021-08-03 14:00:00,6,13.62,23.69,76.88,
2021-08-03 15:00:00,16.63,12.75,26.56,77.44,
2021-08-03 16:00:00,18.46,12.65,12.13,71.11,
2021-08-03 17:00:00,21.46,12.6,8.37,59.07,
2021-08-03 18:00:00,26.93,12.47,11.94,53.07,
2021-08-03 19:00:00,34.65,12.81,15.11,48.17,
2021-08-03 20:00:00,26.94,12.56,9.09,53.52,
2021-08-03 21:00:00,33.44,12.63,7.97,54.56,
2021-08-03 22:00:00,26.73,12.38,4.89,54.87,
2021-08-03 23:00:00,16.94,12.33,5.96,45.19,
2021-08-04 00:00:00,6,12.42,4.87,42.02,
2021-08-04 01:00:00,6,12.43,2.84,43.84,
2021-08-04 02:00:00,6,12.33,2.27,47.03,
2021-08-04 03:00:00,6,12.28,2.14,45.51,
2021-08-04 04:00:00,6,11.84,1.28,48.85,
2021-08-04 05:00:00,6,12.11,1.47,44.73,
2021-08-04 06:00:00,6,12.14,4.04,40.88,
2021-08-04 07:00:00,6,12.32,12.64,37.6,
2021-08-04 08:00:00,6,12.38,13.65,35.19,
2021-08-04 09:00:00,6,12.22,12.76,37.92,
2021-08-04 10:00:00,6,12.72,13.25,36.2,
2021-08-04 11:00:00,6,12.99,15.19,33.98,
2021-08-04 12:00:00,6,12.89,18.42,30.65,
2021-08-04 13:00:00,6,12.36,22.12,31.89,
2021-08-04 14:00:00,13,12.38,10.73,43.28,
2021-08-04 15:00:00,6,12.47,9.83,42.62,
2021-08-04 16:00:00,6,12.48,10.44,39.41,
2021-08-04 17:00:00,6,12.19,7.47,50.7,
2021-08-04 18:00:00,6,12.3,10.17,45.18,
2021-08-04 19:00:00,6,12.12,12.54,39.83,
2021-08-04 20:00:00,6,12.19,9.45,43.51,
2021-08-04 21:00:00,16.91,12.08,6.74,47.49,
2021-08-04 22:00:00,6,12.21,6.78,48.11,
2021-08-04 23:00:00,6,12.1,4.06,50.23,
2021-08-05 00:00:00,6,12.05,3.57,48.86,
2021-08-05 01:00:00,6,12.12,2.7,50.36,
2021-08-05 02:00:00,6,12.04,4.29,44.18,
2021-08-05 03:00:00,6,12.04,2.47,42.76,
2021-08-05 04:00:00,6,12.17,2.53,37.83,
2021-08-05 05:00:00,6,12.05,3.44,37.02,
2021-08-05 06:00:00,6,12.12,9.16,26.46,
2021-08-05 07:00:00,6,12.61,19.8,17.89,
2021-08-05 08:00:00,6,12.43,20.16,16.83,
2021-08-05 09:00:00,14.84,12.24,11.6,30.1,
2021-08-05 10:00:00,6,12.95,11.74,35.61,
2021-08-05 11:00:00,6,13.1,7.55,46.82,
2021-08-05 12:00:00,6,13.21,5.84,57.78,
2021-08-05 13:00:00,6,13.09,3.89,62.49,
2021-08-05 14:00:00,6,13.14,3.23,64.79,
2021-08-05 15:00:00,6,12.88,4.57,63.16,
2021-08-05 16:00:00,6,13.02,3.77,62.29,
2021-08-05 17:00:00,6,12.82,5.79,58.41,
2021-08-05 18:00:00,6,12.8,9.67,50.16,
2021-08-05 19:00:00,12.16,12.67,13.8,40.45,
2021-08-05 20:00:00,20.49,12.96,16.61,33.32,
2021-08-05 21:00:00,28.57,12.86,16.25,28.86,
2021-08-05 22:00:00,32.21,13.09,19.15,22.8,
2021-08-05 23:00:00,22.2,13.09,19.65,17.27,
2021-08-06 00:00:00,22.37,12.98,18.25,14.17,
2021-08-06 01:00:00,15.74,12.81,13.44,18.11,
2021-08-06 02:00:00,14.73,12.72,11.91,21.15,
2021-08-06 03:00:00,6,12.5,10.19,23.58,
2021-08-06 04:00:00,6,12.51,10.24,15.11,
2021-08-06 05:00:00,6,12.72,10.8,13.53,
2021-08-06 06:00:00,6,13.25,14.92,7.54,
2021-08-06 07:00:00,6,13.31,17.5,7.33,
2021-08-06 08:00:00,12.42,13.52,18.79,7.89,
2021-08-06 09:00:00,6,14.14,22.37,7.98,
2021-08-06 10:00:00,47.8,13.87,27.6,8.81,
2021-08-06 11:00:00,40.7,13.18,30.35,13.16,
2021-08-06 12:00:00,41.37,13.28,23.29,28.2,
2021-08-06 13:00:00,25.21,13.22,16.58,49.34,
2021-08-06 14:00:00,15.73,13.37,13.28,62.41,
2021-08-06 15:00:00,6,12.88,14.61,69.39,
2021-08-06 16:00:00,6,12.99,21.77,53.34,
2021-08-06 17:00:00,14.77,13.05,16.27,52.04,
2021-08-06 18:00:00,22.97,13.03,31.57,28.97,
2021-08-06 19:00:00,42.47,13.82,45.81,10.16,
2021-08-06 20:00:00,66.85,13.93,43.11,7.84,
2021-08-06 21:00:00,68.2,13.99,37.7,7.88,
2021-08-06 22:00:00,81.06,13.59,28.97,7.54,
2021-08-06 23:00:00,88.26,13.38,24.85,7.66,
2021-08-07 00:00:00,80.37,13.28,18.27,7.38,
2021-08-07 01:00:00,52.3,13.1,13.01,7.45,
2021-08-07 02:00:00,50.83,13.21,13.31,7.43,
2021-08-07 03:00:00,47.94,12.97,9.19,7.19,
2021-08-07 04:00:00,35.04,13.27,8.97,7.43,
2021-08-07 05:00:00,34.74,13.22,10.18,7.58,
2021-08-07 06:00:00,24.45,13.04,13.36,7.32,
2021-08-07 07:00:00,21.28,13.07,12.44,7.17,
2021-08-07 08:00:00,22.22,13.3,12.51,7.53,
2021-08-07 09:00:00,36.22,13.65,30.25,7.92,
2021-08-07 10:00:00,61.53,14.11,48.2,16.43,
2021-08-07 11:00:00,36.06,14.67,21.62,47.43,
2021-08-07 12:00:00,33.14,17.76,23.56,63.66,
2021-08-07 13:00:00,20.44,16.6,14.49,78.86,
2021-08-07 14:00:00,6,13.78,10.95,86.18,
2021-08-07 15:00:00,6,14.23,12.74,83.68,
2021-08-07 16:00:00,6,13.87,14.99,83.42,
2021-08-07 17:00:00,6,13.22,23.47,71.15,
2021-08-07 18:00:00,16.01,13.21,38.33,41.77,
2021-08-07 19:00:00,25.42,13.08,41.29,26.01,
2021-08-07 20:00:00,59.78,13.29,40.13,19.1,
2021-08-07 21:00:00,74.49,13.3,33.9,18.77,
2021-08-07 22:00:00,88.13,13.25,33.42,9.81,
2021-08-07 23:00:00,74.22,13.74,30.19,7.94,
2021-08-08 00:00:00,96.26,13.58,22.89,7.47,
2021-08-08 01:00:00,91.12,13.52,20.07,7.55,
2021-08-08 02:00:00,95.31,13.28,15.07,7.22,
2021-08-08 03:00:00,70.08,13.2,11.92,7.17,
2021-08-08 04:00:00,44.63,13.27,8.25,7.35,
2021-08-08 05:00:00,44.6,12.91,8.78,7.26,
2021-08-08 06:00:00,37.59,13.17,7.74,7.34,
2021-08-08 07:00:00,43.62,12.85,8.75,7.19,
2021-08-08 08:00:00,31.99,12.99,8.46,7.52,
2021-08-08 09:00:00,42.69,12.86,11.18,9.35,
2021-08-08 10:00:00,28.73,13.17,17.48,23.84,
2021-08-08 11:00:00,31.45,13.15,11.77,48.5,
2021-08-08 12:00:00,21.13,14.44,18.41,60.82,
2021-08-08 13:00:00,16.67,46.25,18.44,72.34,
2021-08-08 14:00:00,37.09,42.74,12.11,72.75,
2021-08-08 15:00:00,33.77,17.86,7.9,82.26,
2021-08-08 16:00:00,28.53,15.41,10.47,87.09,
2021-08-08 17:00:00,33.73,15.5,9.78,100.8,
2021-08-08 18:00:00,25.44,15.21,27.09,71.95,
2021-08-08 19:00:00,42.32,13.88,29.97,47.53,
2021-08-08 20:00:00,64.35,13.7,28.59,35.25,
2021-08-08 21:00:00,90.36,13.41,30.07,23.86,
2021-08-08 22:00:00,87.6,13.39,34.73,9.47,
2021-08-08 23:00:00,86.89,13.27,28.42,8.82,
2021-08-09 00:00:00,71.9,13.75,24.07,7.6,
2021-08-09 01:00:00,69.32,13.34,21.22,7.24,
2021-08-09 02:00:00,44.58,13.24,22.36,7.46,
2021-08-09 03:00:00,39.21,13.2,19.52,7.41,
2021-08-09 04:00:00,43.67,13.1,14.91,7.12,
2021-08-09 05:00:00,39.06,13.19,12.71,7.41,
2021-08-09 06:00:00,43.31,13.11,14.94,7.17,
2021-08-09 07:00:00,41.24,13.93,18.75,7.51,
2021-08-09 08:00:00,37.22,15.4,,7.73,
2021-08-09 09:00:00,54.02,14.54,35.98,8.33,
2021-08-09 10:00:00,76.9,14.13,37.39,20.25,
2021-08-09 11:00:00,45.84,15.37,24.35,54.91,
2021-08-09 12:00:00,24.71,42.22,23.37,65.58,
2021-08-09 13:00:00,21.88,28.22,17.32,73.4,
2021-08-09 14:00:00,24.04,17.47,37.6,35.19,
2021-08-09 15:00:00,43.3,14.47,41.34,25.59,
2021-08-09 16:00:00,60.63,13.78,31.66,26.5,
2021-08-09 17:00:00,67.78,13.75,20.17,32.72,
2021-08-09 18:00:00,52.75,13.39,21.6,17.24,
2021-08-09 19:00:00,53.16,13.33,16.97,22.3,
2021-08-09 20:00:00,45.53,13.42,17.91,24.63,
2021-08-09 21:00:00,41.84,13.28,19.92,17.01,
2021-08-09 22:00:00,35.04,13.34,19.57,16.92,
2021-08-09 23:00:00,21.83,13.21,17.24,21.31,
2021-08-10 00:00:00,37.38,13.28,21.22,20.58,
2021-08-10 01:00:00,24.23,13.22,29.57,7.25,
2021-08-10 02:00:00,25.21,13.09,27.68,7.36,
2021-08-10 03:00:00,20.42,13.04,26.24,7.19,
2021-08-10 04:00:00,24.18,12.79,19.18,11.6,
2021-08-10 05:00:00,24.14,12.68,3.2,27.43,
2021-08-10 06:00:00,15.69,12.98,4.95,30.56,
2021-08-10 07:00:00,6,12.64,7.6,34.28,
2021-08-10 08:00:00,6,12.63,15.47,25.79,
2021-08-10 09:00:00,6,12.44,19.89,21.74,
2021-08-10 10:00:00,6,12.46,23.53,20.66,
2021-08-10 11:00:00,6,12.57,14.89,30.52,
2021-08-10 12:00:00,6,12.46,18.18,28.99,
2021-08-10 13:00:00,6,12.64,18.58,29.99,
2021-08-10 14:00:00,6,12.65,13.27,35.66,
2021-08-10 15:00:00,6,12.26,11.5,36.32,
2021-08-10 16:00:00,6,12.28,16.97,32.39,
2021-08-10 17:00:00,6,12.16,18.62,33.51,
2021-08-10 18:00:00,6,12.35,22.56,29.0,
2021-08-10 19:00:00,6,12.45,25.72,24.16,
2021-08-10 20:00:00,6,12.45,17.9,35.34,
2021-08-10 21:00:00,17,12.21,17.74,32.7,
2021-08-10 22:00:00,18.98,12.13,11.06,40.2,
2021-08-10 23:00:00,12.64,12.08,9.23,37.9,
2021-08-11 00:00:00,13.44,12.11,7.14,41.86,
2021-08-11 01:00:00,12.15,12.02,4.81,42.16,
2021-08-11 02:00:00,6,12.02,2.86,46.26,
2021-08-11 03:00:00,6,11.93,1.76,47.66,
2021-08-11 04:00:00,6,11.96,1.02,48.36,
2021-08-11 05:00:00,6,12.16,1.6,49.43,
2021-08-11 06:00:00,6,12.14,9.56,36.55,
2021-08-11 07:00:00,6,12.52,9.57,33.33,
2021-08-11 08:00:00,6,12.61,10.48,37.56,
2021-08-11 09:00:00,6,12.53,8.99,44.07,
2021-08-11 10:00:00,6,12.57,7.22,49.28,
2021-08-11 11:00:00,6,13.67,6.32,52.52,
2021-08-11 12:00:00,6,13.22,7.49,52.66,
2021-08-11 13:00:00,6,12.79,6.87,57.53,
2021-08-11 14:00:00,6,12.8,4.46,61.94,
2021-08-11 15:00:00,6,12.48,8.04,58.99,
2021-08-11 16:00:00,6,12.47,7.23,59.97,
2021-08-11 17:00:00,6,12.43,7.33,59.13,
2021-08-11 18:00:00,6,12.37,13.95,49.02,
2021-08-11 19:00:00,6,12.48,21.67,36.27,
2021-08-11 20:00:00,6,12.79,30.12,25.34,
2021-08-11 21:00:00,26.18,12.7,21.47,34.7,
2021-08-11 22:00:00,30.87,12.7,27.59,19.27,
2021-08-11 23:00:00,30.49,12.51,26.41,11.27,
2021-08-12 00:00:00,30.52,12.43,20.58,10.32,
2021-08-12 01:00:00,31.87,12.27,15.72,7.84,
2021-08-12 02:00:00,35.15,12.65,13.21,7.5,
2021-08-12 03:00:00,20.57,12.21,6.05,16.22,
2021-08-12 04:00:00,12.42,12.02,4.13,21.49,
2021-08-12 05:00:00,12.76,12.04,7.58,13.71,
2021-08-12 06:00:00,6,12.97,15.04,7.68,
2021-08-12 07:00:00,16.81,13.49,17.25,7.42,
2021-08-12 08:00:00,18.82,13.97,22.47,7.76,
2021-08-12 09:00:00,18.1,13.52,23.82,9.36,
2021-08-12 10:00:00,33.88,19.85,27.99,25.28,
2021-08-12 11:00:00,29.24,15.55,22.15,37.0,
2021-08-12 12:00:00,18.91,13.54,15.59,44.78,
2021-08-12 13:00:00,21.8,13.35,6.89,53.97,
2021-08-12 14:00:00,13.78,12.96,5.12,58.63,
2021-08-12 15:00:00,6,12.81,4.31,63.69,
2021-08-12 16:00:00,6,12.65,3.95,65.18,
2021-08-12 17:00:00,6,12.71,5.62,63.13,
2021-08-12 18:00:00,6,13.07,11.32,55.17,
2021-08-12 19:00:00,6,13.11,16.67,46.04,
2021-08-12 20:00:00,21.78,13.15,17.03,40.63,
2021-08-12 21:00:00,24.13,13.04,12.46,44.6,
2021-08-12 22:00:00,16.47,12.77,7.92,49.89,
2021-08-12 23:00:00,24.84,12.74,9.08,45.27,
2021-08-13 00:00:00,22.71,12.71,8.04,42.85,
2021-08-13 01:00:00,13.34,12.7,7.24,42.24,
2021-08-13 02:00:00,21.64,12.56,5.96,39.12,
2021-08-13 03:00:00,15.11,12.59,4.64,33.46,
2021-08-13 04:00:00,6,12.54,3.97,30.6,
2021-08-13 05:00:00,6,12.58,8.32,25.93,
2021-08-13 06:00:00,6,12.69,16.96,14.03,
2021-08-13 07:00:00,6,12.84,19.86,10.96,
2021-08-13 08:00:00,14.65,12.61,19.16,14.44,
2021-08-13 09:00:00,12.18,12.78,21.76,19.43,
2021-08-13 10:00:00,26.7,12.78,12.84,39.72,
2021-08-13 11:00:00,17.29,13.23,5.34,57.07,
2021-08-13 12:00:00,6,12.68,5.49,63.47,
2021-08-13 13:00:00,6,12.77,4.88,66.77,
2021-08-13 14:00:00,6,13.03,5.34,66.57,
2021-08-13 15:00:00,6,12.57,3.17,68.46,
2021-08-13 16:00:00,6,12.64,3.97,66.47,
2021-08-13 17:00:00,6,12.83,5.27,64.32,
2021-08-13 18:00:00,6,12.65,6.8,60.94,
2021-08-13 19:00:00,6,12.81,10.21,53.67,
2021-08-13 20:00:00,17.83,12.81,9.61,51.5,
2021-08-13 21:00:00,13.65,12.66,8.58,48.28,
2021-08-13 22:00:00,6,12.51,6.82,47.89,
2021-08-13 23:00:00,14.57,12.45,6.96,45.34,
2021-08-14 00:00:00,14.59,12.42,5.31,48.24,
2021-08-14 01:00:00,6,12.6,3.16,49.2,
2021-08-14 02:00:00,6,12.62,2.99,44.87,
2021-08-14 03:00:00,6,12.47,2.5,39.6,
2021-08-14 04:00:00,6,12.46,2.75,38.59,
2021-08-14 05:00:00,6,12.55,2.36,40.56,
2021-08-14 06:00:00,6,12.48,7.41,28.72,
2021-08-14 07:00:00,6,12.76,12.48,24.21,
2021-08-14 08:00:00,6,13.11,12.8,25.52,
2021-08-14 09:00:00,6,13.52,11.81,31.52,
2021-08-14 10:00:00,6,13.68,9.62,45.97,
2021-08-14 11:00:00,6,13.55,10.29,50.82,
2021-08-14 12:00:00,6,13.65,8.4,58.86,
2021-08-14 13:00:00,6,14.01,9.38,62.42,
2021-08-14 14:00:00,6,13.87,6.79,62.38,
2021-08-14 15:00:00,6,18.28,7.46,69.65,
2021-08-14 16:00:00,6,22.13,10.59,70.19,
2021-08-14 17:00:00,6,17.23,7.79,71.89,
2021-08-14 18:00:00,16.83,17.04,9.38,61.64,
2021-08-14 19:00:00,30.81,15.92,15.22,47.1,
2021-08-14 20:00:00,30.07,14.67,18.68,38.46,
2021-08-14 21:00:00,42.17,13.88,22.24,26.06,
2021-08-14 22:00:00,28.2,13.77,24.99,17.62,
2021-08-14 23:00:00,32.19,13.68,23.94,12.73,
2021-08-15 00:00:00,27.13,13.27,21.47,13.07,
2021-08-15 01:00:00,16.62,13.32,21.82,8.88,
2021-08-15 02:00:00,24.67,13.24,16.47,10.37,
2021-08-15 03:00:00,23.85,13.12,13.57,10.03,
2021-08-15 04:00:00,16.8,12.89,10.97,13.73,
2021-08-15 05:00:00,18.17,12.74,9.44,11.47,
2021-08-15 06:00:00,6,12.59,8.24,10.75,
2021-08-15 07:00:00,6,12.79,9.9,7.62,
2021-08-15 08:00:00,6,12.84,9.21,8.0,
2021-08-15 09:00:00,6,12.87,10.7,10.88,
2021-08-15 10:00:00,26.61,13.1,10.27,17.1,
2021-08-15 11:00:00,19.15,17.85,12.97,20.4,
2021-08-15 12:00:00,20.61,22.02,14.88,41.05,
2021-08-15 13:00:00,23.86,19.33,17.49,59.75,
2021-08-15 14:00:00,14.61,15.75,9.26,64.09,
2021-08-15 15:00:00,20.14,14.19,5.46,72.03,
2021-08-15 16:00:00,22.09,13.66,4.59,62.85,
2021-08-15 17:00:00,21.7,13.57,5.2,61.22,
2021-08-15 18:00:00,17.63,13.59,5.12,56.34,
2021-08-15 19:00:00,6,13.54,6.86,48.48,
2021-08-15 20:00:00,19.18,13.16,6.08,49.0,
2021-08-15 21:00:00,23.9,13.08,5.55,50.43,
2021-08-15 22:00:00,16.1,13.16,5.56,50.33,
2021-08-15 23:00:00,6,12.58,5.65,48.83,
2021-08-16 00:00:00,6,12.8,4.12,50.56,
2021-08-16 01:00:00,6,12.49,3.48,50.66,
2021-08-16 02:00:00,6,12.77,1.85,50.13,
2021-08-16 03:00:00,6,12.68,1.41,45.43,
2021-08-16 04:00:00,6,13.01,2.25,41.4,
2021-08-16 05:00:00,6,12.57,2.58,40.73,
2021-08-16 06:00:00,6,12.62,5.61,34.19,
2021-08-16 07:00:00,6,13.01,13.29,28.7,
2021-08-16 08:00:00,6,12.93,14.82,28.42,
2021-08-16 09:00:00,6,12.56,10.74,31.97,
2021-08-16 10:00:00,6,13.76,17.11,23.58,
2021-08-16 11:00:00,6,18.38,20.01,24.32,
2021-08-16 12:00:00,17.1,23.44,23.32,25.15,
2021-08-16 13:00:00,24.83,27.52,27.2,27.74,
2021-08-16 14:00:00,30.67,20.35,20.24,44.26,
2021-08-16 15:00:00,20.71,15.62,16.44,55.3,
2021-08-16 16:00:00,23.2,13.89,15.93,54.5,
2021-08-16 17:00:00,18.03,13.73,16.46,45.53,
2021-08-16 18:00:00,33.12,13.72,17.04,41.09,
2021-08-16 19:00:00,26.83,13.79,21.73,33.18,
2021-08-16 20:00:00,23.17,13.69,22.38,27.99,
2021-08-16 21:00:00,42.92,13.73,19.04,28.89,
2021-08-16 22:00:00,34.23,13.83,14.87,34.8,
2021-08-16 23:00:00,29.9,13.77,9.2,39.21,
2021-08-17 00:00:00,33.06,13.65,7.92,38.5,
2021-08-17 01:00:00,24.84,13.46,5.66,42.2,
2021-08-17 02:00:00,26.45,13.76,5.61,36.46,
2021-08-17 03:00:00,18.84,15.05,16.86,22.55,
2021-08-17 04:00:00,18,19.85,19.43,20.12,
2021-08-17 05:00:00,31.59,21.08,13.18,23.52,
2021-08-17 06:00:00,41.98,15.38,11.63,23.59,
2021-08-17 07:00:00,25.46,14.1,15.53,17.48,
2021-08-17 08:00:00,25.96,13.82,16.54,13.68,
2021-08-17 09:00:00,34.31,13.73,14.95,15.74,
2021-08-17 10:00:00,26.16,13.43,12.76,18.69,
2021-08-17 11:00:00,29.97,13.63,13.27,27.48,
2021-08-17 12:00:00,24.09,24.3,26.36,33.26,
2021-08-17 13:00:00,20.77,79.48,48.87,41.37,
2021-08-17 14:00:00,32.19,101.2,59.77,52.77,
2021-08-17 15:00:00,34.51,55.84,48.11,81.5,
2021-08-17 16:00:00,37.93,46.09,49.19,83.9,
2021-08-17 17:00:00,59.56,27.92,50.73,80.32,
2021-08-17 18:00:00,61.96,23.21,56.49,59.49,
2021-08-17 19:00:00,67.16,17.55,38.03,34.97,
2021-08-17 20:00:00,95.73,15.42,34.72,25.58,
2021-08-17 21:00:00,93.99,15.18,38.66,15.35,
2021-08-17 22:00:00,83.05,14.96,34.5,8.08,
2021-08-17 23:00:00,66.14,14.44,28.06,7.37,
2021-08-18 00:00:00,67.37,14.02,20.66,7.1,
2021-08-18 01:00:00,71.11,13.79,19.03,6.97,
2021-08-18 02:00:00,55.16,13.7,16.58,7.0,
2021-08-18 03:00:00,42.79,13.69,15.57,7.31,
2021-08-18 04:00:00,36.66,13.51,12.72,7.21,
2021-08-18 05:00:00,31.82,13.2,13.06,9.2,
2021-08-18 06:00:00,35.91,13.08,10.32,19.81,
2021-08-18 07:00:00,37.47,12.97,8.33,35.45,
2021-08-18 08:00:00,34.25,12.97,12.82,44.55,
2021-08-18 09:00:00,25.59,13.01,13.09,48.72,
2021-08-18 10:00:00,42.48,12.78,8.94,55.65,
2021-08-18 11:00:00,26.93,12.67,7.41,65.36,
2021-08-18 12:00:00,17.99,12.92,8.65,66.89,
2021-08-18 13:00:00,6,13.04,7.43,66.75,
2021-08-18 14:00:00,6,12.92,10.54,67.41,
2021-08-18 15:00:00,6,12.98,7.6,81.65,
2021-08-18 16:00:00,6,12.9,10.17,79.98,
2021-08-18 17:00:00,6,12.87,11.35,74.69,
2021-08-18 18:00:00,6,12.9,21.5,55.67,
2021-08-18 19:00:00,16.34,13.03,33.57,39.38,
2021-08-18 20:00:00,6,13.51,36.0,20.03,
2021-08-18 21:00:00,6,13.57,28.83,11.59,
2021-08-18 22:00:00,12.81,14.3,22.54,8.97,
2021-08-18 23:00:00,25.88,14.65,25.03,8.07,
2021-08-19 00:00:00,40.83,13.71,22.23,7.3,
2021-08-19 01:00:00,31.01,13.25,16.47,7.12,
2021-08-19 02:00:00,25.43,13.32,15.24,7.16,
2021-08-19 03:00:00,29.02,13.29,10.33,7.21,
2021-08-19 04:00:00,19.1,13.06,8.21,7.04,
2021-08-19 05:00:00,19.12,13.0,10.1,7.25,
2021-08-19 06:00:00,21.13,13.4,15.86,7.06,
2021-08-19 07:00:00,29.45,14.59,23.61,7.4,
2021-08-19 08:00:00,46.91,13.72,39.6,13.06,
2021-08-19 09:00:00,35.36,13.64,40.65,32.82,
2021-08-19 10:00:00,33.22,14.21,33.38,58.71,
2021-08-19 11:00:00,28.08,17.66,23.86,79.33,
2021-08-19 12:00:00,31.39,18.4,20.08,92.7,
2021-08-19 13:00:00,19.89,18.46,14.77,105.3,
2021-08-19 14:00:00,15.41,14.8,11.78,110.9,
2021-08-19 15:00:00,15.32,13.88,11.56,116.2,
2021-08-19 16:00:00,22.89,13.72,17.47,113.3,
2021-08-19 17:00:00,18.48,13.37,28.16,100.1,
2021-08-19 18:00:00,21.31,13.69,53.87,63.38,
2021-08-19 19:00:00,27.14,14.68,75.22,21.8,
2021-08-19 20:00:00,,14.85,68.62,8.16,
2021-08-19 21:00:00,100,13.82,62.61,8.21,
2021-08-19 22:00:00,68.39,13.78,41.37,40.78,
2021-08-19 23:00:00,70.98,13.43,13.67,96.5,
2021-08-20 00:00:00,79.45,13.76,11.72,98.24,
2021-08-20 01:00:00,69.09,14.33,10.19,100.9,
2021-08-20 02:00:00,63.65,14.25,9.74,96.7,
2021-08-20 03:00:00,54.13,14.85,10.23,95.68,
2021-08-20 04:00:00,46.13,14.06,9.45,83.98,
2021-08-20 05:00:00,63.78,13.6,8.69,62.43,
2021-08-20 06:00:00,79.89,13.55,5.19,56.17,
2021-08-20 07:00:00,62.27,13.57,11.77,46.07,
2021-08-20 08:00:00,57.01,13.47,5.61,61.62,
2021-08-20 09:00:00,51.15,13.35,9.66,65.64,
2021-08-20 10:00:00,34.83,14.0,9.23,66.07,
2021-08-20 11:00:00,24.17,13.24,7.11,69.05,
2021-08-20 12:00:00,15.15,13.23,6.47,69.78,
2021-08-20 13:00:00,6,13.32,9.06,69.61,
2021-08-20 14:00:00,6,13.4,9.48,70.05,
2021-08-20 15:00:00,6,13.46,15.09,61.21,
2021-08-20 16:00:00,16.95,13.28,14.03,54.23,
2021-08-20 17:00:00,16.05,13.32,26.34,41.83,
2021-08-20 18:00:00,21.3,13.5,33.54,29.21,
2021-08-20 19:00:00,28.16,13.76,50.18,9.94,
2021-08-20 20:00:00,41.04,13.7,40.2,20.8,
2021-08-20 21:00:00,43.11,13.78,15.35,50.52,
2021-08-20 22:00:00,31.35,14.04,13.43,54.14,
2021-08-20 23:00:00,23.47,14.76,31.23,20.67,
2021-08-21 00:00:00,30.31,13.79,17.14,23.36,
2021-08-21 01:00:00,18.77,13.74,7.45,36.85,
2021-08-21 02:00:00,18.8,13.47,4.05,42.81,
2021-08-21 03:00:00,15.55,13.2,2.17,46.5,
2021-08-21 04:00:00,6,12.96,2.65,38.53,
2021-08-21 05:00:00,6,13.05,1.76,50.3,
2021-08-21 06:00:00,6,12.98,1.79,56.49,
2021-08-21 07:00:00,6,13.62,4.41,51.78,
2021-08-21 08:00:00,6,13.62,6.61,44.13,
2021-08-21 09:00:00,6,13.57,7.0,45.05,
2021-08-21 10:00:00,15.65,13.42,5.72,49.12,
2021-08-21 11:00:00,24.36,13.42,14.55,40.05,
2021-08-21 12:00:00,15.78,13.36,18.36,35.11,
2021-08-21 13:00:00,6,13.14,12.72,39.26,
2021-08-21 14:00:00,6,13.22,7.47,48.29,
2021-08-21 15:00:00,6,13.07,7.4,47.68,
2021-08-21 16:00:00,6,12.88,7.81,53.59,
2021-08-21 17:00:00,6,13.12,6.86,54.46,
2021-08-21 18:00:00,15.35,12.75,7.49,50.03,
2021-08-21 19:00:00,12.01,12.78,13.56,36.5,
2021-08-21 20:00:00,6,13.12,13.31,32.44,
2021-08-21 21:00:00,18.43,13.21,14.89,28.45,
2021-08-21 22:00:00,25.97,13.27,18.08,11.58,
2021-08-21 23:00:00,20.73,13.55,19.79,8.26,
2021-08-22 00:00:00,40.9,13.76,19.2,8.42,
2021-08-22 01:00:00,48.58,13.13,14.01,7.46,
2021-08-22 02:00:00,40.5,12.84,10.87,7.06,
2021-08-22 03:00:00,25.54,12.91,8.83,7.0,
2021-08-22 04:00:00,26.55,12.79,7.68,7.26,
2021-08-22 05:00:00,16.31,12.98,7.12,7.09,
2021-08-22 06:00:00,6,12.67,12.45,18.81,
2021-08-22 07:00:00,6,13.25,13.13,47.68,
2021-08-22 08:00:00,17.77,13.94,30.02,9.3,
2021-08-22 09:00:00,29.09,14.18,22.59,34.88,
2021-08-22 10:00:00,24.4,13.83,14.2,64.43,
2021-08-22 11:00:00,22.45,14.72,11.28,84.36,
2021-08-22 12:00:00,21.94,13.95,9.28,97.61,
2021-08-22 13:00:00,29.82,15.41,10.92,98.11,
2021-08-22 14:00:00,17.93,14.8,9.73,101.0,
2021-08-22 15:00:00,6,54.83,12.69,97.12,
2021-08-22 16:00:00,16.7,219.8,39.0,61.63,
2021-08-22 17:00:00,34.23,276.7,57.9,42.29,
2021-08-22 18:00:00,39.99,138.6,22.31,65.33,
2021-08-22 19:00:00,36.3,16.85,20.43,48.22,
2021-08-22 20:00:00,41.54,15.27,46.42,15.21,
2021-08-22 21:00:00,60.63,14.56,42.8,9.07,
2021-08-22 22:00:00,82.61,13.53,36.03,9.5,
2021-08-22 23:00:00,81.71,13.46,35.09,9.85,
2021-08-23 00:00:00,80.03,13.41,24.9,23.44,
2021-08-23 01:00:00,65.69,13.36,6.97,49.22,
2021-08-23 02:00:00,68.6,13.47,2.57,58.46,
2021-08-23 03:00:00,40.58,13.33,2.25,57.23,
2021-08-23 04:00:00,25.2,13.11,3.28,49.13,
2021-08-23 05:00:00,23.83,12.97,3.74,45.44,
2021-08-23 06:00:00,25.84,13.09,4.73,45.33,
2021-08-23 07:00:00,29.94,12.92,8.55,40.8,
2021-08-23 08:00:00,23.79,12.87,10.2,42.75,
2021-08-23 09:00:00,31.52,13.09,7.8,48.96,
2021-08-23 10:00:00,18.37,12.99,5.69,53.88,
2021-08-23 11:00:00,20.38,13.55,9.96,53.27,
2021-08-23 12:00:00,22.84,13.56,7.48,54.87,
2021-08-23 13:00:00,34.69,13.36,4.56,62.15,
2021-08-23 14:00:00,23.03,12.81,3.5,69.25,
2021-08-23 15:00:00,13.3,12.88,4.06,71.19,
2021-08-23 16:00:00,6,12.89,3.71,71.87,
2021-08-23 17:00:00,6,13.28,6.9,68.62,
2021-08-23 18:00:00,19.25,12.9,10.21,62.71,
2021-08-23 19:00:00,16.86,13.19,9.63,59.44,
2021-08-23 20:00:00,30.11,13.02,5.93,63.73,
2021-08-23 21:00:00,38.14,13.06,3.48,66.93,
2021-08-23 22:00:00,30.04,12.77,3.39,64.88,
2021-08-23 23:00:00,28.16,12.61,2.65,60.39,
2021-08-24 00:00:00,29.84,12.87,2.38,58.18,
2021-08-24 01:00:00,31.97,12.7,1.27,57.04,
2021-08-24 02:00:00,28.95,12.87,1.1,58.27,
2021-08-24 03:00:00,18.44,12.84,0.47,60.74,
2021-08-24 04:00:00,6,12.57,0.47,63.28,
2021-08-24 05:00:00,13.75,12.61,0.47,60.5,
2021-08-24 06:00:00,6,12.96,2.51,59.14,
2021-08-24 07:00:00,12.26,12.7,6.2,54.8,
2021-08-24 08:00:00,15.25,12.63,7.58,56.17,
2021-08-24 09:00:00,17.53,13.02,8.07,55.82,
2021-08-24 10:00:00,33.5,12.83,7.25,54.71,
2021-08-24 11:00:00,21.73,12.73,6.64,57.2,
2021-08-24 12:00:00,14.01,12.56,10.44,47.54,
2021-08-24 13:00:00,6,13.52,16.26,42.55,
2021-08-24 14:00:00,6,13.12,11.9,46.02,
2021-08-24 15:00:00,6,15.87,18.37,33.54,
2021-08-24 16:00:00,15.1,18.44,25.03,16.37,
2021-08-24 17:00:00,15.48,14.93,20.98,16.96,
2021-08-24 18:00:00,16.89,14.22,32.84,7.95,
2021-08-24 19:00:00,21.38,14.04,35.49,7.6,
2021-08-24 20:00:00,17.09,14.05,35.08,7.73,
2021-08-24 21:00:00,23.37,13.75,34.28,7.76,
2021-08-24 22:00:00,16.28,13.65,27.97,7.52,
2021-08-24 23:00:00,33.7,13.47,25.62,7.82,
2021-08-25 00:00:00,31.88,13.04,22.17,9.3,
2021-08-25 01:00:00,34.94,12.91,16.21,16.39,
2021-08-25 02:00:00,22.92,13.19,7.66,22.22,
2021-08-25 03:00:00,13.14,13.11,20.81,10.55,
2021-08-25 04:00:00,18.33,13.17,17.14,17.63,
2021-08-25 05:00:00,6,13.5,27.41,8.54,
2021-08-25 06:00:00,6,13.56,20.76,32.47,
2021-08-25 07:00:00,18.48,13.71,34.47,28.56,
2021-08-25 08:00:00,29.64,17.74,31.99,35.47,
2021-08-25 09:00:00,33.17,16.21,20.81,47.45,
2021-08-25 10:00:00,31.57,14.53,15.92,62.08,
2021-08-25 11:00:00,26.69,14.41,16.35,65.18,
2021-08-25 12:00:00,16.12,14.82,22.45,54.42,
2021-08-25 13:00:00,21.38,13.92,13.09,47.76,
2021-08-25 14:00:00,14.22,13.77,16.49,49.52,
2021-08-25 15:00:00,6,13.74,19.22,53.62,
2021-08-25 16:00:00,6,13.57,17.66,57.11,
2021-08-25 17:00:00,6,13.59,18.34,55.2,
2021-08-25 18:00:00,6,13.47,21.29,51.36,
2021-08-25 19:00:00,6,13.37,33.05,33.31,
2021-08-25 20:00:00,6,13.32,31.82,31.96,
2021-08-25 21:00:00,6,13.32,16.18,35.34,
2021-08-25 22:00:00,6,13.06,20.48,38.46,
2021-08-25 23:00:00,6,13.02,12.55,40.23,
2021-08-26 00:00:00,6,13.12,14.9,36.02,
2021-08-26 01:00:00,6,13.12,5.89,54.25,
2021-08-26 02:00:00,6,12.86,4.68,56.28,
2021-08-26 03:00:00,6,13.04,6.92,56.76,
2021-08-26 04:00:00,6,12.69,5.21,61.24,
2021-08-26 05:00:00,6,12.77,2.88,65.15,
2021-08-26 06:00:00,6,12.87,2.84,70.0,
2021-08-26 07:00:00,6,12.91,4.93,67.05,
2021-08-26 08:00:00,6,12.86,8.4,63.63,
2021-08-26 09:00:00,6,12.68,10.47,55.92,
2021-08-26 10:00:00,6,12.76,10.01,56.86,
2021-08-26 11:00:00,6,13.15,10.53,56.66,
2021-08-26 12:00:00,6,13.17,8.81,54.24,
2021-08-26 13:00:00,6,12.93,8.07,56.79,
2021-08-26 14:00:00,6,13.03,15.04,48.24,
2021-08-26 15:00:00,6,13.37,16.52,56.86,
2021-08-26 16:00:00,6,13.09,11.49,60.36,
2021-08-26 17:00:00,6,12.93,12.47,54.39,
2021-08-26 18:00:00,6,12.92,21.4,31.79,
2021-08-26 19:00:00,24.26,12.94,21.22,35.49,
2021-08-26 20:00:00,14.46,12.97,23.58,32.76,
2021-08-26 21:00:00,6,13.1,22.42,36.94,
2021-08-26 22:00:00,19.51,13.0,22.66,25.93,
2021-08-26 23:00:00,24.84,12.9,19.3,21.23,
2021-08-27 00:00:00,22.75,13.21,17.65,15.56,
2021-08-27 01:00:00,15.66,12.97,14.63,14.2,
2021-08-27 02:00:00,28.07,13.0,11.8,10.82,
2021-08-27 03:00:00,17.73,12.77,9.53,12.14,
2021-08-27 04:00:00,6,12.9,7.82,10.42,
2021-08-27 05:00:00,6,12.68,7.3,9.68,
2021-08-27 06:00:00,6,12.84,9.22,8.77,
2021-08-27 07:00:00,6,13.82,14.45,9.42,
2021-08-27 08:00:00,6,13.58,18.33,11.68,
2021-08-27 09:00:00,12.86,13.42,19.2,17.41,
2021-08-27 10:00:00,6,18.05,16.61,24.32,
2021-08-27 11:00:00,15.53,66.73,28.4,40.64,
2021-08-27 12:00:00,6,18.58,17.69,53.03,
2021-08-27 13:00:00,6,36.74,15.96,69.19,
2021-08-27 14:00:00,6,40.46,17.94,71.67,
2021-08-27 15:00:00,6,19.13,15.71,84.13,
2021-08-27 16:00:00,6,13.87,11.54,90.49,
2021-08-27 17:00:00,6,14.02,13.43,78.49,
2021-08-27 18:00:00,6,14.06,12.63,63.98,
2021-08-27 19:00:00,20.13,13.82,16.12,61.27,
2021-08-27 20:00:00,18.02,13.73,17.8,51.83,
2021-08-27 21:00:00,19.55,13.84,17.86,41.88,
2021-08-27 22:00:00,22.53,13.49,15.95,42.34,
2021-08-27 23:00:00,20.55,13.13,9.1,45.71,
2021-08-28 00:00:00,22.9,13.21,7.57,41.15,
2021-08-28 01:00:00,20.91,13.02,9.33,29.87,
2021-08-28 02:00:00,13.49,12.94,9.79,19.9,
2021-08-28 03:00:00,17.58,13.11,11.25,17.45,
2021-08-28 04:00:00,6,12.92,10.09,23.0,
2021-08-28 05:00:00,6,12.76,7.87,25.98,
2021-08-28 06:00:00,14.24,12.77,8.36,21.53,
2021-08-28 07:00:00,6,13.01,12.89,19.63,
2021-08-28 08:00:00,6,12.95,14.3,23.84,
2021-08-28 09:00:00,6,13.06,12.37,27.97,
2021-08-28 10:00:00,6,13.28,14.19,35.83,
2021-08-28 11:00:00,17.15,13.65,13.97,49.12,
2021-08-28 12:00:00,6,17.48,10.04,59.66,
2021-08-28 13:00:00,20.23,25.78,8.48,66.4,
2021-08-28 14:00:00,16.88,26.91,5.87,75.63,
2021-08-28 15:00:00,20.02,21.42,5.5,79.39,
2021-08-28 16:00:00,32.09,16.33,4.03,79.54,
2021-08-28 17:00:00,18.83,14.78,4.57,75.64,
2021-08-28 18:00:00,15.47,13.87,5.61,69.31,
2021-08-28 19:00:00,35.83,14.03,7.67,62.63,
2021-08-28 20:00:00,23.93,13.99,10.29,60.36,
2021-08-28 21:00:00,15.3,14.04,9.94,59.95,
2021-08-28 22:00:00,23.76,14.01,10.49,56.61,
2021-08-28 23:00:00,16.46,13.99,10.89,50.81,
2021-08-29 00:00:00,36.33,14.26,13.23,55.09,
2021-08-29 01:00:00,42.46,14.17,13.63,45.92,
2021-08-29 02:00:00,43.88,14.01,7.64,49.53,
2021-08-29 03:00:00,26.15,14.03,8.12,49.68,
2021-08-29 04:00:00,29.91,13.97,7.83,41.6,
2021-08-29 05:00:00,17.97,13.74,4.95,41.01,
2021-08-29 06:00:00,6,13.58,5.25,38.49,
2021-08-29 07:00:00,6,13.54,13.79,26.83,
2021-08-29 08:00:00,6,13.43,19.68,19.35,
2021-08-29 09:00:00,6,13.66,16.08,48.2,
2021-08-29 10:00:00,23.32,14.1,5.84,53.84,
2021-08-29 11:00:00,16.05,14.22,5.71,58.76,
2021-08-29 12:00:00,6,14.81,6.93,68.24,
2021-08-29 13:00:00,27.16,14.04,7.02,72.16,
2021-08-29 14:00:00,21.9,13.87,5.89,74.4,
2021-08-29 15:00:00,13.96,14.62,5.03,78.62,
2021-08-29 16:00:00,6,14.41,3.69,75.33,
2021-08-29 17:00:00,13.94,14.28,4.07,75.07,
2021-08-29 18:00:00,20.4,13.9,6.07,65.94,
2021-08-29 19:00:00,24.65,13.91,11.14,52.92,
2021-08-29 20:00:00,17.37,14.0,14.55,41.16,
2021-08-29 21:00:00,27.28,13.81,14.0,40.41,
2021-08-29 22:00:00,23.18,13.62,13.26,36.69,
2021-08-29 23:00:00,30.14,13.55,18.16,26.09,
2021-08-30 00:00:00,19.44,13.46,17.14,19.4,
2021-08-30 01:00:00,22.44,13.24,13.63,18.58,
2021-08-30 02:00:00,33.21,13.01,9.7,15.71,
2021-08-30 03:00:00,23.18,12.95,8.91,13.09,
2021-08-30 04:00:00,15.65,12.94,9.19,12.08,
2021-08-30 05:00:00,16.79,12.74,8.91,11.68,
2021-08-30 06:00:00,13.49,13.5,11.85,11.15,
2021-08-30 07:00:00,6,13.85,16.07,10.99,
2021-08-30 08:00:00,14.33,14.06,19.37,14.05,
2021-08-30 09:00:00,29.79,13.92,21.69,19.67,
2021-08-30 10:00:00,21.44,14.61,24.18,26.66,
2021-08-30 11:00:00,32.91,14.87,27.58,46.53,
2021-08-30 12:00:00,21.33,13.8,15.14,60.41,
2021-08-30 13:00:00,12.84,13.67,9.67,68.6,
2021-08-30 14:00:00,19.56,13.54,9.56,67.93,
2021-08-30 15:00:00,13.65,13.07,8.65,72.52,
2021-08-30 16:00:00,6,13.07,8.08,76.83,
2021-08-30 17:00:00,6,13.96,7.34,77.89,
2021-08-30 18:00:00,16.21,13.89,10.74,66.09,
2021-08-30 19:00:00,43.27,13.92,14.84,52.29,
2021-08-30 20:00:00,35.51,13.89,15.3,47.58,
2021-08-30 21:00:00,34.7,13.69,13.73,46.28,
2021-08-30 22:00:00,40.28,13.75,13.32,42.01,
2021-08-30 23:00:00,40.62,13.7,15.54,36.99,
2021-08-31 00:00:00,27.17,13.78,10.27,41.64,
2021-08-31 01:00:00,14.81,13.94,5.63,51.65,
2021-08-31 02:00:00,14.58,15.96,3.38,53.23,
2021-08-31 03:00:00,6,16.04,2.27,56.05,
2021-08-31 04:00:00,6,14.74,1.41,60.1,
2021-08-31 05:00:00,6,14.06,5.4,50.9,
2021-08-31 06:00:00,6,14.06,16.27,26.99,
2021-08-31 07:00:00,6,14.04,28.16,12.8,
2021-08-31 08:00:00,23.17,14.05,26.68,17.27,
2021-08-31 09:00:00,,13.88,22.56,32.23,
2021-08-31 10:00:00,,13.9,15.82,47.07,
2021-08-31 11:00:00,,14.58,9.78,67.17,
2021-08-31 12:00:00,,14.4,15.11,79.17,
2021-08-31 13:00:00,,14.48,18.17,83.68,
2021-08-31 14:00:00,,18.22,19.83,82.8,
2021-08-31 15:00:00,,25.67,23.19,81.82,
2021-08-31 16:00:00,,49.28,24.81,77.11,
2021-08-31 17:00:00,,48.59,27.98,70.36,
2021-08-31 18:00:00,,17.21,19.2,70.57,
2021-08-31 19:00:00,16.06,14.77,23.1,51.4,
2021-08-31 20:00:00,36.82,14.01,25.85,39.34,
2021-08-31 21:00:00,58.22,13.97,22.83,37.39,
2021-08-31 22:00:00,58.84,13.92,27.43,18.45,
2021-08-31 23:00:00,65.63,13.69,23.64,17.44,
2021-09-01 00:00:00,49.11,13.58,20.78,16.91,
2021-09-01 01:00:00,39.13,13.53,20.38,15.96,
2021-09-01 02:00:00,24.99,13.56,18.11,15.79,
2021-09-01 03:00:00,29.86,13.28,16.02,16.91,
2021-09-01 04:00:00,25.33,12.94,13.99,13.25,
2021-09-01 05:00:00,19.06,13.25,14.31,15.52,
2021-09-01 06:00:00,19.12,13.27,17.64,31.9,
2021-09-01 07:00:00,13.8,13.54,22.27,38.19,
2021-09-01 08:00:00,13.85,13.5,24.26,39.21,
2021-09-01 09:00:00,16.32,14.39,18.53,47.7,
2021-09-01 10:00:00,6,14.45,15.93,57.0,
2021-09-01 11:00:00,6,14.52,15.78,65.09,
2021-09-01 12:00:00,6,14.66,16.06,72.07,
2021-09-01 13:00:00,6,15.43,18.73,78.81,
2021-09-01 14:00:00,6,25.2,18.16,85.43,
2021-09-01 15:00:00,6,62.07,10.56,87.17,
2021-09-01 16:00:00,6,59.36,13.44,95.16,
2021-09-01 17:00:00,17.89,26.18,28.62,81.92,
2021-09-01 18:00:00,24.04,17.49,44.46,45.74,
2021-09-01 19:00:00,46.03,15.31,31.77,43.69,
2021-09-01 20:00:00,64.56,15.21,43.86,24.78,
2021-09-01 21:00:00,92.19,15.15,35.43,20.83,
2021-09-01 22:00:00,99.99,14.56,29.16,21.06,
2021-09-01 23:00:00,97.87,14.46,23.6,20.93,
2021-09-02 00:00:00,83.46,14.17,20.08,17.42,
2021-09-02 01:00:00,73.61,13.96,15.5,17.17,
2021-09-02 02:00:00,61.39,13.83,14.51,17.47,
2021-09-02 03:00:00,60.08,13.86,13.29,18.94,
2021-09-02 04:00:00,63.57,13.78,12.78,20.04,
2021-09-02 05:00:00,47.47,13.77,12.79,19.15,
2021-09-02 06:00:00,33.81,14.04,15.23,17.78,
2021-09-02 07:00:00,53.25,14.93,14.61,20.57,
2021-09-02 08:00:00,55.35,14.6,19.52,21.33,
2021-09-02 09:00:00,58.8,14.47,31.05,25.25,
2021-09-02 10:00:00,48.99,14.3,34.5,37.19,
2021-09-02 11:00:00,35.95,14.95,27.7,65.08,
2021-09-02 12:00:00,50.05,52.17,19.42,89.48,
2021-09-02 13:00:00,31.39,49.8,14.09,97.75,
2021-09-02 14:00:00,17.36,124.6,14.79,96.66,
2021-09-02 15:00:00,6,48.91,15.41,88.78,
2021-09-02 16:00:00,6,20.7,20.9,78.74,
2021-09-02 17:00:00,19.44,18.14,34.3,62.01,
2021-09-02 18:00:00,36.38,18.04,47.4,35.98,
2021-09-02 19:00:00,54.17,15.97,47.41,42.69,
2021-09-02 20:00:00,79.28,14.68,41.58,46.96,
2021-09-02 21:00:00,99.63,14.7,42.14,41.42,
2021-09-02 22:00:00,96.61,14.27,29.83,41.66,
2021-09-02 23:00:00,88.04,14.08,13.61,53.38,
2021-09-03 00:00:00,56.68,13.9,18.83,48.77,
2021-09-03 01:00:00,44.57,13.95,21.21,40.83,
2021-09-03 02:00:00,38.04,14.03,22.5,29.97,
2021-09-03 03:00:00,45.8,13.67,15.72,26.07,
2021-09-03 04:00:00,48.88,13.68,16.03,28.91,
2021-09-03 05:00:00,45.04,15.26,29.59,25.09,
2021-09-03 06:00:00,31.76,18.98,18.26,43.71,
2021-09-03 07:00:00,30.31,18.31,28.69,36.13,
2021-09-03 08:00:00,35.26,17.1,19.85,41.97,
2021-09-03 09:00:00,28.67,16.14,9.15,49.02,
2021-09-03 10:00:00,26.69,15.32,7.91,50.66,
2021-09-03 11:00:00,18.72,15.05,7.4,55.61,
2021-09-03 12:00:00,6,15.28,9.2,59.61,
2021-09-03 13:00:00,6,14.63,8.08,69.56,
2021-09-03 14:00:00,6,14.8,8.6,76.48,
2021-09-03 15:00:00,6,14.64,11.83,76.03,
2021-09-03 16:00:00,6,14.91,8.74,77.81,
2021-09-03 17:00:00,12.52,14.33,11.92,59.05,
2021-09-03 18:00:00,17.58,14.29,14.27,54.55,
2021-09-03 19:00:00,20.14,14.12,19.92,48.65,
2021-09-03 20:00:00,26.9,13.73,14.04,56.42,
2021-09-03 21:00:00,20.58,13.81,10.19,64.64,
2021-09-03 22:00:00,12.89,13.76,8.18,63.32,
2021-09-03 23:00:00,20.16,13.75,5.47,65.0,
2021-09-04 00:00:00,18.96,13.75,4.49,62.98,
2021-09-04 01:00:00,13.85,13.76,4.8,58.29,
2021-09-04 02:00:00,17.16,13.77,4.17,58.73,
2021-09-04 03:00:00,12.31,13.8,2.79,59.06,
2021-09-04 04:00:00,6,13.76,3.64,53.45,
2021-09-04 05:00:00,6,13.71,3.57,54.94,
2021-09-04 06:00:00,6,13.72,5.5,51.98,
2021-09-04 07:00:00,6,13.73,7.46,50.21,
2021-09-04 08:00:00,6,13.77,9.5,50.69,
2021-09-04 09:00:00,6,13.78,7.5,65.41,
2021-09-04 10:00:00,6,13.79,7.1,67.84,
2021-09-04 11:00:00,6,13.74,7.24,69.8,
2021-09-04 12:00:00,6,13.79,7.43,68.59,
2021-09-04 13:00:00,13.83,13.78,6.94,75.74,
2021-09-04 14:00:00,6,13.66,3.71,76.52,
2021-09-04 15:00:00,6,13.8,2.73,78.32,
2021-09-04 16:00:00,6,13.93,3.3,78.22,
2021-09-04 17:00:00,6,13.89,3.29,76.39,
2021-09-04 18:00:00,6,13.69,3.9,73.21,
2021-09-04 19:00:00,14.11,13.72,4.81,73.45,
2021-09-04 20:00:00,12.13,13.78,10.64,54.1,
2021-09-04 21:00:00,33,13.72,8.79,54.78,
2021-09-04 22:00:00,20.01,13.77,5.07,59.19,
2021-09-04 23:00:00,13.52,13.75,4.38,56.53,
2021-09-05 00:00:00,14.58,13.72,5.43,49.56,
2021-09-05 01:00:00,6,13.81,6.21,50.51,
2021-09-05 02:00:00,19.2,13.8,4.89,49.4,
2021-09-05 03:00:00,13.01,13.82,6.06,48.0,
2021-09-05 04:00:00,6,15.03,5.44,47.61,
2021-09-05 05:00:00,6,14.44,4.07,47.55,
2021-09-05 06:00:00,6,14.05,11.63,36.64,
2021-09-05 07:00:00,6,13.98,4.53,40.55,
2021-09-05 08:00:00,6,13.79,7.95,36.16,
2021-09-05 09:00:00,6,13.81,8.42,35.88,
2021-09-05 10:00:00,6,13.76,8.56,42.1,
2021-09-05 11:00:00,6,13.72,4.98,57.28,
2021-09-05 12:00:00,6,13.76,5.0,69.74,
2021-09-05 13:00:00,6,13.76,4.42,70.44,
2021-09-05 14:00:00,6,13.76,6.58,66.78,
2021-09-05 15:00:00,6,14.13,5.86,74.02,
2021-09-05 16:00:00,6,17.77,10.69,60.82,
2021-09-05 17:00:00,6,44.51,19.62,45.0,
2021-09-05 18:00:00,6,43.88,18.35,43.97,
2021-09-05 19:00:00,6,22.56,15.6,39.32,
2021-09-05 20:00:00,6,17.74,10.64,52.02,
2021-09-05 21:00:00,6,15.48,14.78,39.07,
2021-09-05 22:00:00,6,15.46,13.78,40.02,
2021-09-05 23:00:00,6,14.47,10.7,42.78,
2021-09-06 00:00:00,12.76,13.77,11.58,33.44,
2021-09-06 01:00:00,6,13.77,9.37,28.99,
2021-09-06 02:00:00,6,13.78,9.47,18.98,
2021-09-06 03:00:00,6,13.72,6.37,31.84,
2021-09-06 04:00:00,6,13.68,3.8,41.12,
2021-09-06 05:00:00,6,13.8,5.05,31.89,
2021-09-06 06:00:00,15.07,13.88,8.05,30.69,
2021-09-06 07:00:00,6,13.92,19.46,18.22,
2021-09-06 08:00:00,13.35,13.83,19.49,22.92,
2021-09-06 09:00:00,21.75,13.83,13.32,54.18,
2021-09-06 10:00:00,12.21,13.87,5.5,73.17,
2021-09-06 11:00:00,6,13.78,4.67,73.47,
2021-09-06 12:00:00,6,13.82,5.1,79.7,
2021-09-06 13:00:00,6,13.93,4.16,83.16,
2021-09-06 14:00:00,6,14.13,3.89,84.56,
2021-09-06 15:00:00,6,14.14,3.32,85.26,
2021-09-06 16:00:00,6,14.16,3.36,83.32,
2021-09-06 17:00:00,6,14.19,4.2,79.14,
2021-09-06 18:00:00,6,13.77,6.32,72.57,
2021-09-06 19:00:00,6,13.79,7.84,65.77,
2021-09-06 20:00:00,22.1,13.79,7.38,62.59,
2021-09-06 21:00:00,21.19,13.95,7.19,64.9,
2021-09-06 22:00:00,19.74,13.88,6.83,63.87,
2021-09-06 23:00:00,6,13.87,6.72,61.5,
2021-09-07 00:00:00,6,13.86,6.53,58.82,
2021-09-07 01:00:00,6,13.82,4.59,60.04,
2021-09-07 02:00:00,6,13.82,3.62,57.04,
2021-09-07 03:00:00,6,13.83,1.41,62.36,
2021-09-07 04:00:00,6,13.79,1.33,55.39,
2021-09-07 05:00:00,6,13.73,2.59,52.51,
2021-09-07 06:00:00,6,13.76,2.5,57.68,
2021-09-07 07:00:00,6,13.82,1.48,61.3,
2021-09-07 08:00:00,6,13.98,4.34,54.8,
2021-09-07 09:00:00,18.8,13.84,5.48,51.34,
2021-09-07 10:00:00,12.64,13.82,6.38,49.08,
2021-09-07 11:00:00,6,13.8,7.44,48.91,
2021-09-07 12:00:00,6,13.72,10.41,49.08,
2021-09-07 13:00:00,12.43,13.73,9.41,53.01,
2021-09-07 14:00:00,19.46,13.69,8.32,54.72,
2021-09-07 15:00:00,24.45,13.74,6.1,55.62,
2021-09-07 16:00:00,13.22,13.88,5.79,60.63,
2021-09-07 17:00:00,6,13.87,6.75,57.45,
2021-09-07 18:00:00,6,13.81,6.14,58.29,
2021-09-07 19:00:00,6,13.83,7.77,55.27,
2021-09-07 20:00:00,6,13.76,7.7,55.58,
2021-09-07 21:00:00,6,13.75,7.49,53.04,
2021-09-07 22:00:00,6,13.81,5.42,52.56,
2021-09-07 23:00:00,6,13.79,7.1,47.34,
2021-09-08 00:00:00,6,13.79,5.01,46.56,
2021-09-08 01:00:00,6,13.87,4.2,46.89,
2021-09-08 02:00:00,6,13.85,1.26,58.06,
2021-09-08 03:00:00,6,13.74,0.47,62.71,
2021-09-08 04:00:00,6,13.84,0.47,58.38,
2021-09-08 05:00:00,21.41,13.7,0.47,60.85,
2021-09-08 06:00:00,14.49,13.92,3.56,59.8,
2021-09-08 07:00:00,6,13.86,10.99,50.18,
2021-09-08 08:00:00,6,13.87,15.78,41.1,
2021-09-08 09:00:00,6,14.3,22.48,26.97,
2021-09-08 10:00:00,16.87,13.8,25.66,25.21,
2021-09-08 11:00:00,6,13.91,17.2,32.77,
2021-09-08 12:00:00,6,13.98,18.39,36.64,
2021-09-08 13:00:00,6,13.93,17.46,36.16,
2021-09-08 14:00:00,6,13.83,20.4,41.76,
2021-09-08 15:00:00,20.93,14.34,16.64,35.08,
2021-09-08 16:00:00,17.86,14.81,18.74,32.07,
2021-09-08 17:00:00,6,14.24,24.03,21.55,
2021-09-08 18:00:00,6,14.3,29.6,18.47,
2021-09-08 19:00:00,6,14.74,32.7,15.32,
2021-09-08 20:00:00,6,14.43,32.67,16.07,
2021-09-08 21:00:00,30.66,14.33,31.56,18.17,
2021-09-08 22:00:00,35.78,14.03,24.07,16.42,
2021-09-08 23:00:00,33.02,14.29,21.55,15.93,
2021-09-09 00:00:00,19.65,14.05,18.26,25.99,
2021-09-09 01:00:00,13.71,14.3,6.23,44.36,
2021-09-09 02:00:00,12.47,14.01,6.16,50.75,
2021-09-09 03:00:00,6,14.06,4.49,53.88,
2021-09-09 04:00:00,6,14.08,0.47,56.54,
2021-09-09 05:00:00,6,14.1,5.19,47.11,
2021-09-09 06:00:00,6,16.49,17.39,31.53,
2021-09-09 07:00:00,6,103.0,26.03,27.6,
2021-09-09 08:00:00,6,186.8,15.41,36.67,
2021-09-09 09:00:00,6,96.36,11.3,42.06,
2021-09-09 10:00:00,6,140.8,12.1,48.77,
2021-09-09 11:00:00,6,161.3,15.19,49.94,
2021-09-09 12:00:00,6,52.6,16.35,51.5,
2021-09-09 13:00:00,6,60.14,14.1,55.82,
2021-09-09 14:00:00,6,24.84,6.92,63.86,
2021-09-09 15:00:00,6,18.16,6.62,64.8,
2021-09-09 16:00:00,15.33,17.05,6.59,61.94,
2021-09-09 17:00:00,12.98,16.7,5.53,52.27,
2021-09-09 18:00:00,25.47,15.87,9.85,44.59,
2021-09-09 19:00:00,18.87,15.33,10.93,46.01,
2021-09-09 20:00:00,6,15.57,10.95,49.81,
2021-09-09 21:00:00,6,138.3,23.49,38.74,
2021-09-09 22:00:00,16.49,188.1,28.4,33.37,
2021-09-09 23:00:00,16.1,27.53,10.56,46.95,
2021-09-10 00:00:00,21.17,19.63,6.72,49.4,
2021-09-10 01:00:00,13.45,18.69,7.46,46.62,
2021-09-10 02:00:00,6,16.44,3.55,49.28,
2021-09-10 03:00:00,6,16.74,6.72,48.87,
2021-09-10 04:00:00,6,23.96,8.07,47.31,
2021-09-10 05:00:00,16.55,120.8,28.57,30.94,
2021-09-10 06:00:00,15.24,113.0,32.18,25.87,
2021-09-10 07:00:00,6,192.3,28.43,33.33,
2021-09-10 08:00:00,19.48,284.1,23.4,39.18,
2021-09-10 09:00:00,29.81,211.9,31.02,31.25,
2021-09-10 10:00:00,33.18,30.4,15.23,47.4,
2021-09-10 11:00:00,17.68,24.37,14.53,49.32,
2021-09-10 12:00:00,6,66.84,22.67,40.53,
2021-09-10 13:00:00,6,18.99,7.44,54.67,
2021-09-10 14:00:00,6,17.22,8.04,55.16,
2021-09-10 15:00:00,6,16.35,8.4,55.08,
2021-09-10 16:00:00,6,15.43,8.14,57.57,
2021-09-10 17:00:00,6,16.76,11.99,58.16,
2021-09-10 18:00:00,6,14.7,8.42,53.88,
2021-09-10 19:00:00,6,14.62,14.77,44.6,
2021-09-10 20:00:00,6,14.74,18.19,38.99,
2021-09-10 21:00:00,25.79,14.74,17.9,37.3,
2021-09-10 22:00:00,16.1,14.74,19.85,32.26,
2021-09-10 23:00:00,6,14.74,15.58,35.7,
2021-09-11 00:00:00,6,14.42,11.09,37.65,
2021-09-11 01:00:00,6,14.34,9.44,37.68,
2021-09-11 02:00:00,6,15.11,10.41,38.16,
2021-09-11 03:00:00,6,14.66,7.15,39.18,
2021-09-11 04:00:00,6,13.82,6.37,34.51,
2021-09-11 05:00:00,6,14.27,5.59,35.28,
2021-09-11 06:00:00,6,14.4,8.93,36.5,
2021-09-11 07:00:00,16.26,14.09,14.69,35.21,
2021-09-11 08:00:00,12.34,25.56,16.08,44.08,
2021-09-11 09:00:00,6,40.68,19.9,37.06,
2021-09-11 10:00:00,6,15.29,9.71,55.66,
2021-09-11 11:00:00,6,15.43,8.23,64.75,
2021-09-11 12:00:00,6,15.56,6.77,74.18,
2021-09-11 13:00:00,6,23.8,10.12,78.48,
2021-09-11 14:00:00,6,17.64,8.11,92.33,
2021-09-11 15:00:00,6,15.3,5.56,101.6,
2021-09-11 16:00:00,6,14.38,5.96,88.48,
2021-09-11 17:00:00,13.42,14.7,10.74,91.51,
2021-09-11 18:00:00,6,14.15,7.52,75.34,
2021-09-11 19:00:00,13.65,13.8,7.51,54.31,
2021-09-11 20:00:00,14.63,13.71,9.57,50.24,
2021-09-11 21:00:00,6,13.71,13.11,48.26,
2021-09-11 22:00:00,20.16,13.58,8.0,51.49,
2021-09-11 23:00:00,33.01,13.39,7.7,44.24,
2021-09-12 00:00:00,21.7,13.37,10.13,35.61,
2021-09-12 01:00:00,19.16,13.29,5.63,37.47,
2021-09-12 02:00:00,13.38,13.27,4.95,31.69,
2021-09-12 03:00:00,6,13.19,7.31,22.51,
2021-09-12 04:00:00,6,13.1,6.13,15.67,
2021-09-12 05:00:00,13.6,13.05,6.2,12.34,
2021-09-12 06:00:00,6,13.13,7.21,11.44,
2021-09-12 07:00:00,6,13.16,6.63,10.57,
2021-09-12 08:00:00,6,13.13,6.82,17.5,
2021-09-12 09:00:00,6,13.38,5.57,27.98,
2021-09-12 10:00:00,6,13.48,4.48,46.51,
2021-09-12 11:00:00,6,13.77,5.41,58.28,
2021-09-12 12:00:00,6,14.17,6.8,69.66,
2021-09-12 13:00:00,,14.07,7.41,81.54,
2021-09-12 14:00:00,,14.04,5.54,95.14,
2021-09-12 15:00:00,,14.03,5.42,91.58,
2021-09-12 16:00:00,,13.71,5.9,89.4,
2021-09-12 17:00:00,,13.64,6.09,88.87,
2021-09-12 18:00:00,,14.59,8.35,77.46,
2021-09-12 19:00:00,,14.58,11.2,65.26,
2021-09-12 20:00:00,,14.68,12.92,55.33,
2021-09-12 21:00:00,,14.57,19.02,43.81,
2021-09-12 22:00:00,,14.51,19.3,35.18,
2021-09-12 23:00:00,,14.53,17.24,31.7,
2021-09-13 00:00:00,,14.13,15.4,25.41,
2021-09-13 01:00:00,,14.09,15.3,22.24,
2021-09-13 02:00:00,,14.08,13.51,18.59,
2021-09-13 03:00:00,,13.71,10.43,19.48,
2021-09-13 04:00:00,,13.48,8.14,22.23,
2021-09-13 05:00:00,,13.51,10.83,19.36,
2021-09-13 06:00:00,,13.66,13.24,14.36,
2021-09-13 07:00:00,,14.12,14.84,12.76,
2021-09-13 08:00:00,,13.92,22.45,23.13,
2021-09-13 09:00:00,,13.65,9.28,47.76,
2021-09-13 10:00:00,,14.12,10.49,46.73,
2021-09-13 11:00:00,,14.37,8.66,55.0,
2021-09-13 12:00:00,,14.79,8.72,54.62,
2021-09-13 13:00:00,,14.02,14.86,46.2,
2021-09-13 14:00:00,,14.3,15.8,41.4,
2021-09-13 15:00:00,,14.0,14.17,39.61,
2021-09-13 16:00:00,,14.25,17.94,38.57,
2021-09-13 17:00:00,,14.4,10.29,58.54,
2021-09-13 18:00:00,,14.54,14.19,61.0,
2021-09-13 19:00:00,,14.51,18.92,55.37,
2021-09-13 20:00:00,,14.62,12.24,64.5,
2021-09-13 21:00:00,,14.08,10.14,55.48,
2021-09-13 22:00:00,,14.71,12.84,49.28,
2021-09-13 23:00:00,,14.44,14.97,44.81,
2021-09-14 00:00:00,,14.39,10.82,46.07,
2021-09-14 01:00:00,,14.56,5.78,51.18,
2021-09-14 02:00:00,,14.52,6.07,43.66,
2021-09-14 03:00:00,,14.22,9.43,33.14,
2021-09-14 04:00:00,,14.47,12.63,30.46,
2021-09-14 05:00:00,,14.48,15.16,27.9,
2021-09-14 06:00:00,,14.61,13.83,32.88,
2021-09-14 07:00:00,,14.77,9.14,44.15,
2021-09-14 08:00:00,,14.64,13.02,47.6,
2021-09-14 09:00:00,,151.1,10.56,59.45,
2021-09-14 10:00:00,,147.6,11.05,63.91,
2021-09-14 11:00:00,,14.41,32.94,40.27,
2021-09-14 12:00:00,,14.43,25.41,50.52,
2021-09-14 13:00:00,,14.4,17.91,56.83,
2021-09-14 14:00:00,,14.44,29.75,49.19,
2021-09-14 15:00:00,,14.45,21.37,57.87,
2021-09-14 16:00:00,,14.36,20.31,60.06,
2021-09-14 17:00:00,,14.38,10.21,73.88,
2021-09-14 18:00:00,,14.34,19.76,54.86,
2021-09-14 19:00:00,,14.49,19.01,60.11,
2021-09-14 20:00:00,,14.6,30.27,31.97,
2021-09-14 21:00:00,,14.65,29.15,27.37,
2021-09-14 22:00:00,,15.3,6.05,51.11,
2021-09-14 23:00:00,,15.33,2.76,52.2,
2021-09-15 00:00:00,,14.85,1.52,54.52,
2021-09-15 01:00:00,,14.64,1.37,51.48,
2021-09-15 02:00:00,,14.07,0.98,59.11,
2021-09-15 03:00:00,,14.15,0.47,60.71,
2021-09-15 04:00:00,,13.92,1.28,57.5,
2021-09-15 05:00:00,,14.15,5.86,49.23,
2021-09-15 06:00:00,,14.11,13.06,33.23,
2021-09-15 07:00:00,,14.55,20.15,25.91,
2021-09-15 08:00:00,,36.19,23.62,22.4,
2021-09-15 09:00:00,,85.16,16.4,40.29,
2021-09-15 10:00:00,,16.82,7.38,62.55,
2021-09-15 11:00:00,,15.24,2.63,74.91,
2021-09-15 12:00:00,,14.73,6.54,74.17,
2021-09-15 13:00:00,,15.05,7.29,77.87,
2021-09-15 14:00:00,,15.69,5.83,89.49,
2021-09-15 15:00:00,,17.42,7.27,96.68,
2021-09-15 16:00:00,,16.97,9.27,109.2,
2021-09-15 17:00:00,,16.19,5.79,98.28,
2021-09-15 18:00:00,,16.07,9.59,80.25,
2021-09-15 19:00:00,,15.12,13.51,59.18,
2021-09-15 20:00:00,,14.63,15.64,50.97,
2021-09-15 21:00:00,,14.62,20.46,41.23,
2021-09-15 22:00:00,,14.27,11.3,49.04,
2021-09-15 23:00:00,,13.75,12.87,42.73,
2021-09-16 00:00:00,,13.87,11.92,41.86,
2021-09-16 01:00:00,,13.75,13.51,30.81,
2021-09-16 02:00:00,,13.61,9.64,32.69,
2021-09-16 03:00:00,,13.6,6.15,36.45,
2021-09-16 04:00:00,,13.55,7.73,23.08,
2021-09-16 05:00:00,,13.46,8.38,15.75,
2021-09-16 06:00:00,,13.89,12.38,13.08,
2021-09-16 07:00:00,,14.74,13.82,9.85,
2021-09-16 08:00:00,,14.92,24.4,18.17,
2021-09-16 09:00:00,,14.83,22.32,33.83,
2021-09-16 10:00:00,,14.68,12.76,54.36,
2021-09-16 11:00:00,,14.46,4.19,69.75,
2021-09-16 12:00:00,,14.75,4.63,70.01,
2021-09-16 13:00:00,,14.54,3.67,72.24,
2021-09-16 14:00:00,,14.46,2.94,75.92,
2021-09-16 15:00:00,,14.44,4.02,77.81,
2021-09-16 16:00:00,,14.53,4.56,74.05,
2021-09-16 17:00:00,,14.66,6.0,71.1,
2021-09-16 18:00:00,,14.58,6.22,67.26,
2021-09-16 19:00:00,,14.19,13.39,55.39,
2021-09-16 20:00:00,,14.31,14.99,48.66,
2021-09-16 21:00:00,,14.22,11.27,50.59,
2021-09-16 22:00:00,,14.24,16.73,37.33,
2021-09-16 23:00:00,,14.02,14.71,37.8,
2021-09-17 00:00:00,,13.76,12.73,24.81,
2021-09-17 01:00:00,,13.93,10.11,27.6,
2021-09-17 02:00:00,,13.5,7.83,30.71,
2021-09-17 03:00:00,,13.61,5.13,27.15,
2021-09-17 04:00:00,,13.75,5.05,29.4,
2021-09-17 05:00:00,,13.45,6.31,29.42,
2021-09-17 06:00:00,,14.07,13.6,19.34,
2021-09-17 07:00:00,,14.82,15.44,13.93,
2021-09-17 08:00:00,,14.93,19.75,21.81,
2021-09-17 09:00:00,,21.86,17.0,40.32,
2021-09-17 10:00:00,,21.11,11.53,40.65,
2021-09-17 11:00:00,,18.96,13.8,42.55,
2021-09-17 12:00:00,,17.97,14.9,41.87,
2021-09-17 13:00:00,,16.99,13.8,43.32,
2021-09-17 14:00:00,,16.26,21.65,31.86,
2021-09-17 15:00:00,,16.97,28.47,18.06,
2021-09-17 16:00:00,,16.43,31.36,17.5,
2021-09-17 17:00:00,,16.08,33.41,19.17,
2021-09-17 18:00:00,,16.17,33.27,18.17,
2021-09-17 19:00:00,,16.21,29.26,18.9,
2021-09-17 20:00:00,,16.49,29.16,18.83,
2021-09-17 21:00:00,,16.35,29.46,22.11,
2021-09-17 22:00:00,,14.88,25.03,17.91,
2021-09-17 23:00:00,,14.81,19.44,19.96,
2021-09-18 00:00:00,,14.49,14.31,19.07,
2021-09-18 01:00:00,,14.42,13.76,13.94,
2021-09-18 02:00:00,,14.44,16.22,11.64,
2021-09-18 03:00:00,,14.29,14.6,11.03,
2021-09-18 04:00:00,,14.61,17.79,10.02,
2021-09-18 05:00:00,,14.3,13.73,12.62,
2021-09-18 06:00:00,,14.51,10.59,13.7,
2021-09-18 07:00:00,,14.71,13.67,9.94,
2021-09-18 08:00:00,,14.64,13.68,12.21,
2021-09-18 09:00:00,,14.72,11.39,18.78,
2021-09-18 10:00:00,,14.79,12.18,20.71,
2021-09-18 11:00:00,,14.61,8.68,30.4,
2021-09-18 12:00:00,,14.93,8.94,48.43,
2021-09-18 13:00:00,,15.43,14.32,70.6,
2021-09-18 14:00:00,,16.96,14.27,92.14,
2021-09-18 15:00:00,,16.26,9.7,106.8,
2021-09-18 16:00:00,,15.07,7.69,105.3,
2021-09-18 17:00:00,,14.56,8.28,93.35,
2021-09-18 18:00:00,,14.48,8.89,69.2,
2021-09-18 19:00:00,,14.63,10.97,55.76,
2021-09-18 20:00:00,,14.71,8.2,64.04,
2021-09-18 21:00:00,,14.59,6.79,60.87,
2021-09-18 22:00:00,,14.62,7.24,55.57,
2021-09-18 23:00:00,,14.71,4.41,61.34,
2021-09-19 00:00:00,,14.73,4.63,60.62,
2021-09-19 01:00:00,,14.6,3.44,60.28,
2021-09-19 02:00:00,,14.6,2.91,55.82,
2021-09-19 03:00:00,,14.62,2.18,54.56,
2021-09-19 04:00:00,,14.69,1.43,51.0,
2021-09-19 05:00:00,,14.62,0.47,53.31,
2021-09-19 06:00:00,,14.42,1.5,57.39,
2021-09-19 07:00:00,,14.91,2.11,59.17,
2021-09-19 08:00:00,,14.83,2.57,59.57,
2021-09-19 09:00:00,,14.87,3.44,64.0,
2021-09-19 10:00:00,,14.94,3.36,67.91,
2021-09-19 11:00:00,,14.92,4.38,67.43,
2021-09-19 12:00:00,,14.75,5.78,71.86,
2021-09-19 13:00:00,,14.78,4.85,80.64,
2021-09-19 14:00:00,,14.69,5.46,80.3,
2021-09-19 15:00:00,,14.59,5.58,75.19,
2021-09-19 16:00:00,,14.58,8.47,66.46,
2021-09-19 17:00:00,,14.54,9.84,58.64,
2021-09-19 18:00:00,,14.72,10.66,59.36,
2021-09-19 19:00:00,,14.6,9.79,46.07,
2021-09-19 20:00:00,,14.57,8.29,57.75,
2021-09-19 21:00:00,,14.48,4.61,69.4,
2021-09-19 22:00:00,,14.59,3.79,71.05,
2021-09-19 23:00:00,,14.4,4.32,60.65,
2021-09-20 00:00:00,,14.37,3.9,58.36,
2021-09-20 01:00:00,,14.57,4.04,59.85,
2021-09-20 02:00:00,,14.19,2.0,70.08,
2021-09-20 03:00:00,,14.27,2.13,54.48,
2021-09-20 04:00:00,,14.47,5.34,26.85,
2021-09-20 05:00:00,,14.59,9.78,15.65,
2021-09-20 06:00:00,,14.53,10.24,15.32,
2021-09-20 07:00:00,,14.6,10.46,12.32,
2021-09-20 08:00:00,,14.83,12.29,28.26,
2021-09-20 09:00:00,,14.29,13.92,35.12,
2021-09-20 10:00:00,,14.28,11.2,43.08,
2021-09-20 11:00:00,,14.33,6.36,47.66,
2021-09-20 12:00:00,,14.1,4.83,55.21,
2021-09-20 13:00:00,,14.84,4.97,74.92,
2021-09-20 14:00:00,,14.3,7.26,80.33,
2021-09-20 15:00:00,,14.47,6.29,79.9,
2021-09-20 16:00:00,,14.72,5.26,72.82,
2021-09-20 17:00:00,,14.56,5.59,60.5,
2021-09-20 18:00:00,,14.45,5.28,59.16,
2021-09-20 19:00:00,,14.4,6.88,60.65,
2021-09-20 20:00:00,,14.47,9.92,46.03,
2021-09-20 21:00:00,,14.33,14.79,26.63,
2021-09-20 22:00:00,,14.37,16.28,27.23,
2021-09-20 23:00:00,,14.35,9.39,35.25,
2021-09-21 00:00:00,,14.43,6.04,40.66,
2021-09-21 01:00:00,,14.47,1.78,47.37,
2021-09-21 02:00:00,,14.45,0.96,54.34,
2021-09-21 03:00:00,,14.69,0.47,59.46,
2021-09-21 04:00:00,,14.77,0.47,63.68,
2021-09-21 05:00:00,,14.76,0.47,64.4,
2021-09-21 06:00:00,,14.15,1.21,64.18,
2021-09-21 07:00:00,,14.85,2.62,65.53,
2021-09-21 08:00:00,,14.6,5.02,67.81,
2021-09-21 09:00:00,,13.86,3.86,73.42,
2021-09-21 10:00:00,,13.85,2.42,76.22,
2021-09-21 11:00:00,,13.75,3.78,76.01,
2021-09-21 12:00:00,,13.71,2.38,82.97,
2021-09-21 13:00:00,,14.67,2.6,78.82,
2021-09-21 14:00:00,,14.72,3.88,76.0,
2021-09-21 15:00:00,,14.62,2.7,74.8,
2021-09-21 16:00:00,,14.7,2.55,75.08,
2021-09-21 17:00:00,,14.65,4.46,70.85,
2021-09-21 18:00:00,,14.59,6.69,64.99,
2021-09-21 19:00:00,,14.12,8.72,55.07,
2021-09-21 20:00:00,,14.32,7.57,54.39,
2021-09-21 21:00:00,,14.05,8.81,49.5,
2021-09-21 22:00:00,,14.06,10.3,46.68,
2021-09-21 23:00:00,,14.05,7.19,49.94,
2021-09-22 00:00:00,,14.08,6.35,48.53,
2021-09-22 01:00:00,,14.01,8.55,33.86,
2021-09-22 02:00:00,,13.94,8.99,25.4,
2021-09-22 03:00:00,,13.88,5.29,21.54,
2021-09-22 04:00:00,,13.65,3.92,25.03,
2021-09-22 05:00:00,,13.71,5.69,20.56,
2021-09-22 06:00:00,,13.78,8.59,15.53,
2021-09-22 07:00:00,,14.51,17.25,14.97,
2021-09-22 08:00:00,,14.3,17.22,26.93,
2021-09-22 09:00:00,,14.62,9.57,50.07,
2021-09-22 10:00:00,,15.22,4.3,68.09,
2021-09-22 11:00:00,,14.6,3.96,72.08,
2021-09-22 12:00:00,,14.61,4.81,73.56,
2021-09-22 13:00:00,,14.51,3.99,74.54,
2021-09-22 14:00:00,,14.16,3.24,76.52,
2021-09-22 15:00:00,,14.32,2.66,73.95,
2021-09-22 16:00:00,,14.37,2.91,76.75,
2021-09-22 17:00:00,,14.59,3.73,73.3,
2021-09-22 18:00:00,,14.38,8.75,64.71,
2021-09-22 19:00:00,,14.61,6.16,63.41,
2021-09-22 20:00:00,,14.47,6.29,64.36,
2021-09-22 21:00:00,,14.19,3.42,63.28,
2021-09-22 22:00:00,,14.23,4.73,59.56,
2021-09-22 23:00:00,,14.1,5.99,57.96,
2021-09-23 00:00:00,,14.39,4.21,57.11,
2021-09-23 01:00:00,,14.16,2.77,55.01,
2021-09-23 02:00:00,,13.97,1.94,52.68,
2021-09-23 03:00:00,,13.6,2.78,41.02,
2021-09-23 04:00:00,,13.61,3.99,29.7,
2021-09-23 05:00:00,,13.64,7.44,24.64,
2021-09-23 06:00:00,,13.87,14.43,14.32,
2021-09-23 07:00:00,,14.95,18.01,19.05,
2021-09-23 08:00:00,,14.61,19.57,38.72,
2021-09-23 09:00:00,,15.2,12.72,60.56,
2021-09-23 10:00:00,,16.4,5.22,65.05,
2021-09-23 11:00:00,,15.19,4.76,67.03,
2021-09-23 12:00:00,,15.45,5.66,68.2,
2021-09-23 13:00:00,,15.26,6.96,63.89,
2021-09-23 14:00:00,,15.11,8.88,52.85,
2021-09-23 15:00:00,,15.08,14.18,52.05,
2021-09-23 16:00:00,,15.51,15.75,51.94,
2021-09-23 17:00:00,,14.88,20.39,46.07,
2021-09-23 18:00:00,,14.7,22.07,35.16,
2021-09-23 19:00:00,,14.64,32.58,19.23,
2021-09-23 20:00:00,,15.04,39.41,12.85,
2021-09-23 21:00:00,,14.32,32.43,17.69,
2021-09-23 22:00:00,,14.32,29.84,21.98,
2021-09-23 23:00:00,,14.05,23.93,28.56,
2021-09-24 00:00:00,,14.5,19.54,29.87,
2021-09-24 01:00:00,,14.34,19.76,26.31,
2021-09-24 02:00:00,,14.24,18.61,25.56,
2021-09-24 03:00:00,,14.17,15.72,24.05,
2021-09-24 04:00:00,,14.31,14.32,21.8,
2021-09-24 05:00:00,,14.09,19.83,20.54,
2021-09-24 06:00:00,,14.32,19.32,18.84,
2021-09-24 07:00:00,,14.3,20.37,16.41,
2021-09-24 08:00:00,,14.33,17.34,22.47,
2021-09-24 09:00:00,,14.45,12.68,31.08,
2021-09-24 10:00:00,,14.55,8.07,42.65,
2021-09-24 11:00:00,,15.26,8.46,47.68,
2021-09-24 12:00:00,,15.06,8.2,66.21,
2021-09-24 13:00:00,,15.06,4.89,73.41,
2021-09-24 14:00:00,,15.08,5.64,74.66,
2021-09-24 15:00:00,,15.04,5.6,73.33,
2021-09-24 16:00:00,,14.56,5.43,74.27,
2021-09-24 17:00:00,,14.54,6.19,74.25,
2021-09-24 18:00:00,,14.79,11.79,55.62,
2021-09-24 19:00:00,,15.18,15.51,41.41,
2021-09-24 20:00:00,,15.63,16.82,38.82,
2021-09-24 21:00:00,,15.27,17.72,38.69,
2021-09-24 22:00:00,,15.2,20.21,32.86,
2021-09-24 23:00:00,,14.83,21.19,18.31,
2021-09-25 00:00:00,,14.09,16.29,16.09,
2021-09-25 01:00:00,,14.05,13.95,12.05,
2021-09-25 02:00:00,,13.8,9.96,13.65,
2021-09-25 03:00:00,,13.91,7.75,10.39,
2021-09-25 04:00:00,,13.75,6.19,8.99,
2021-09-25 05:00:00,,13.65,5.24,8.87,
2021-09-25 06:00:00,,13.83,5.26,8.01,
2021-09-25 07:00:00,,14.1,6.93,10.67,
2021-09-25 08:00:00,,14.0,10.82,14.52,
2021-09-25 09:00:00,,21.46,11.12,19.44,
2021-09-25 10:00:00,,64.91,24.7,37.91,
2021-09-25 11:00:00,,26.57,14.76,58.12,
2021-09-25 12:00:00,,19.86,8.5,77.23,
2021-09-25 13:00:00,,24.66,13.33,84.59,
2021-09-25 14:00:00,,22.71,10.72,102.0,
2021-09-25 15:00:00,,17.58,6.92,111.9,
2021-09-25 16:00:00,,17.0,6.99,120.7,
2021-09-25 17:00:00,,16.07,8.37,129.2,
2021-09-25 18:00:00,,15.04,6.37,86.2,
2021-09-25 19:00:00,,15.25,8.39,64.23,
2021-09-25 20:00:00,,15.69,9.9,59.75,
2021-09-25 21:00:00,,15.58,9.51,57.85,
2021-09-25 22:00:00,,15.69,10.84,56.24,
2021-09-25 23:00:00,,15.59,8.63,48.51,
2021-09-26 00:00:00,,15.13,9.59,35.37,
2021-09-26 01:00:00,,15.03,10.02,36.45,
2021-09-26 02:00:00,,14.81,8.6,20.37,
2021-09-26 03:00:00,,14.55,4.71,26.2,
2021-09-26 04:00:00,,14.1,3.43,28.81,
2021-09-26 05:00:00,,14.33,3.15,32.67,
2021-09-26 06:00:00,,14.39,3.17,31.29,
2021-09-26 07:00:00,,14.63,9.57,17.35,
2021-09-26 08:00:00,,15.27,14.38,16.76,
2021-09-26 09:00:00,,18.04,21.26,14.55,
2021-09-26 10:00:00,,28.05,15.89,29.46,
2021-09-26 11:00:00,,27.69,18.62,53.54,
2021-09-26 12:00:00,,22.04,9.22,72.68,
2021-09-26 13:00:00,,20.1,7.35,98.32,
2021-09-26 14:00:00,,20.99,6.91,111.2,
2021-09-26 15:00:00,,17.98,5.42,113.0,
2021-09-26 16:00:00,,16.95,3.18,84.47,
2021-09-26 17:00:00,,16.15,3.35,78.98,
2021-09-26 18:00:00,,16.46,3.86,81.97,
2021-09-26 19:00:00,,16.26,6.9,76.2,
2021-09-26 20:00:00,,16.3,8.77,61.85,
2021-09-26 21:00:00,,17.18,8.96,61.72,
2021-09-26 22:00:00,,17.74,12.24,54.98,
2021-09-26 23:00:00,,17.4,6.59,53.77,
2021-09-27 00:00:00,,17.34,3.36,60.62,
2021-09-27 01:00:00,,17.21,1.95,71.46,
2021-09-27 02:00:00,,17.31,2.11,67.75,
2021-09-27 03:00:00,,16.87,1.51,65.36,
2021-09-27 04:00:00,,16.51,1.65,64.05,
2021-09-27 05:00:00,,17.17,7.53,47.09,
2021-09-27 06:00:00,,20.73,20.64,31.1,
2021-09-27 07:00:00,,21.73,24.89,25.8,
2021-09-27 08:00:00,,22.07,15.91,38.12,
2021-09-27 09:00:00,,33.65,19.43,36.8,
2021-09-27 10:00:00,,74.08,26.07,39.52,
2021-09-27 11:00:00,,49.8,18.72,55.79,
2021-09-27 12:00:00,,29.42,16.67,92.54,
2021-09-27 13:00:00,,21.1,11.22,119.8,
2021-09-27 14:00:00,,18.98,8.19,115.2,
2021-09-27 15:00:00,,17.71,8.9,106.0,
2021-09-27 16:00:00,,17.49,6.71,102.5,
2021-09-27 17:00:00,,16.05,7.06,96.47,
2021-09-27 18:00:00,,15.07,8.62,86.96,
2021-09-27 19:00:00,,14.89,12.55,63.57,
2021-09-27 20:00:00,,15.21,10.94,64.11,
2021-09-27 21:00:00,,15.24,11.12,59.74,
2021-09-27 22:00:00,,15.41,16.65,39.09,
2021-09-27 23:00:00,,15.56,14.42,24.76,
2021-09-28 00:00:00,,15.35,10.74,28.85,
2021-09-28 01:00:00,,15.71,10.95,31.2,
2021-09-28 02:00:00,,15.24,7.34,36.93,
2021-09-28 03:00:00,,15.41,2.13,59.21,
2021-09-28 04:00:00,,15.29,1.34,65.34,
2021-09-28 05:00:00,,15.47,1.67,71.14,
2021-09-28 06:00:00,,15.28,6.63,62.42,
2021-09-28 07:00:00,,15.14,12.16,52.97,
2021-09-28 08:00:00,,15.21,11.3,57.07,
2021-09-28 09:00:00,,15.3,13.62,58.98,
2021-09-28 10:00:00,,15.4,8.66,65.11,
2021-09-28 11:00:00,,15.31,15.26,58.41,
2021-09-28 12:00:00,,15.2,15.67,58.69,
2021-09-28 13:00:00,,14.68,13.42,65.53,
2021-09-28 14:00:00,,14.44,7.79,64.5,
2021-09-28 15:00:00,,14.93,8.84,62.89,
2021-09-28 16:00:00,,15.02,10.01,65.9,
2021-09-28 17:00:00,,14.72,13.93,51.84,
2021-09-28 18:00:00,,14.88,27.61,29.29,
2021-09-28 19:00:00,,15.05,26.62,31.3,
2021-09-28 20:00:00,,15.4,30.77,24.32,
2021-09-28 21:00:00,,14.84,26.79,23.82,
2021-09-28 22:00:00,,15.25,24.01,27.68,
2021-09-28 23:00:00,,14.9,10.12,45.93,
2021-09-29 00:00:00,,14.97,13.43,38.1,
2021-09-29 01:00:00,,14.96,13.29,35.04,
2021-09-29 02:00:00,,15.28,10.93,36.4,
2021-09-29 03:00:00,,15.11,9.14,36.35,
2021-09-29 04:00:00,,15.15,9.47,38.45,
2021-09-29 05:00:00,,15.09,10.57,32.92,
2021-09-29 06:00:00,,15.07,13.92,26.64,
2021-09-29 07:00:00,,14.97,20.96,17.77,
2021-09-29 08:00:00,,15.04,16.85,29.16,
2021-09-29 09:00:00,,14.91,12.88,36.48,
2021-09-29 10:00:00,,15.11,4.38,50.5,
2021-09-29 11:00:00,,14.44,4.75,53.49,
2021-09-29 12:00:00,,14.49,3.77,65.75,
2021-09-29 13:00:00,,14.49,3.77,68.93,
2021-09-29 14:00:00,,14.4,3.63,68.45,
2021-09-29 15:00:00,,14.92,4.34,67.37,
2021-09-29 16:00:00,,14.76,5.12,68.3,
2021-09-29 17:00:00,,14.72,5.06,64.32,
2021-09-29 18:00:00,,14.9,6.95,60.75,
2021-09-29 19:00:00,,15.02,8.05,57.3,
2021-09-29 20:00:00,,14.88,7.13,58.5,
2021-09-29 21:00:00,,14.8,5.41,60.3,
2021-09-29 22:00:00,,15.02,4.23,58.8,
2021-09-29 23:00:00,,14.8,2.46,62.63,
2021-09-30 00:00:00,,14.59,1.97,62.06,
2021-09-30 01:00:00,,14.72,1.81,59.44,
2021-09-30 02:00:00,,14.54,1.2,60.2,
2021-09-30 03:00:00,,14.28,0.47,58.36,
2021-09-30 04:00:00,,14.11,0.94,55.13,
2021-09-30 05:00:00,,14.22,1.38,50.9,
2021-09-30 06:00:00,,14.37,11.55,36.89,
2021-09-30 07:00:00,,14.53,17.24,33.46,
2021-09-30 08:00:00,,14.8,12.83,45.32,
2021-09-30 09:00:00,,14.95,9.02,57.2,
2021-09-30 10:00:00,,14.49,6.26,63.63,
2021-09-30 11:00:00,,14.39,6.51,62.56,
2021-09-30 12:00:00,,14.36,4.98,68.22,
2021-09-30 13:00:00,,14.3,4.74,71.84,
2021-09-30 14:00:00,,14.85,5.11,74.22,
2021-09-30 15:00:00,,15.09,9.45,66.48,
2021-09-30 16:00:00,,15.13,5.57,72.57,
2021-09-30 17:00:00,,15.12,8.16,62.13,
2021-09-30 18:00:00,,15.11,11.57,52.89,
2021-09-30 19:00:00,,15.14,9.81,53.94,
2021-09-30 20:00:00,,15.3,8.6,56.18,
2021-09-30 21:00:00,,15.16,6.23,58.38,
2021-09-30 22:00:00,,15.04,5.11,62.15,
2021-09-30 23:00:00,,15.07,3.4,62.01,
2021-10-01 00:00:00,,14.8,3.15,60.04,
2021-10-01 01:00:00,,14.67,2.52,56.43,
2021-10-01 02:00:00,,14.89,3.28,52.23,
2021-10-01 03:00:00,,14.9,4.13,42.75,
2021-10-01 04:00:00,,14.5,3.53,32.31,
2021-10-01 05:00:00,,14.97,6.59,25.8,
2021-10-01 06:00:00,,15.14,14.42,12.42,
2021-10-01 07:00:00,,14.93,18.63,13.06,
2021-10-01 08:00:00,,15.11,23.69,15.15,
2021-10-01 09:00:00,,15.1,18.73,23.01,
2021-10-01 10:00:00,,15.16,15.1,31.36,
2021-10-01 11:00:00,,14.8,13.04,31.05,
2021-10-01 12:00:00,,14.69,9.33,42.59,
2021-10-01 13:00:00,,15.16,15.76,43.07,
2021-10-01 14:00:00,,28.07,19.38,42.21,
2021-10-01 15:00:00,,21.85,14.36,61.31,
2021-10-01 16:00:00,,19.97,11.34,68.11,
2021-10-01 17:00:00,,20.53,12.8,58.42,
2021-10-01 18:00:00,,18.64,12.57,43.8,
2021-10-01 19:00:00,,17.38,15.97,35.45,
2021-10-01 20:00:00,,16.64,12.24,43.66,
2021-10-01 21:00:00,,16.15,12.01,52.29,
2021-10-01 22:00:00,,16.11,11.72,54.42,
2021-10-01 23:00:00,,15.71,17.92,43.41,
2021-10-02 00:00:00,,15.64,4.72,65.49,
2021-10-02 01:00:00,,15.48,5.62,53.58,
2021-10-02 02:00:00,,15.29,3.62,57.73,
2021-10-02 03:00:00,,14.9,1.66,65.2,
2021-10-02 04:00:00,,14.79,1.38,58.65,
2021-10-02 05:00:00,,14.98,2.57,57.91,
2021-10-02 06:00:00,,14.94,6.11,51.08,
2021-10-02 07:00:00,,15.22,8.05,60.8,
2021-10-02 08:00:00,,14.96,8.15,61.68,
2021-10-02 09:00:00,,15.18,2.85,78.6,
2021-10-02 10:00:00,,15.46,4.76,79.45,
2021-10-02 11:00:00,,16.67,6.99,85.86,
2021-10-02 12:00:00,,16.6,8.48,100.1,
2021-10-02 13:00:00,,15.45,7.38,109.6,
2021-10-02 14:00:00,,15.0,6.84,95.11,
2021-10-02 15:00:00,,14.96,4.13,87.37,
2021-10-02 16:00:00,,14.51,3.95,77.97,
2021-10-02 17:00:00,,14.4,3.67,75.4,
2021-10-02 18:00:00,,14.73,5.0,75.42,
2021-10-02 19:00:00,,15.08,5.31,72.43,
2021-10-02 20:00:00,,15.34,7.67,72.22,
2021-10-02 21:00:00,,15.36,6.3,71.5,
2021-10-02 22:00:00,,15.17,6.75,65.37,
2021-10-02 23:00:00,,15.34,6.18,61.05,
2021-10-03 00:00:00,,15.16,6.16,56.93,
2021-10-03 01:00:00,,15.47,5.98,47.16,
2021-10-03 02:00:00,,15.46,4.93,46.16,
2021-10-03 03:00:00,,15.18,3.65,43.72,
2021-10-03 04:00:00,,15.06,4.42,37.72,
2021-10-03 05:00:00,,15.4,3.89,37.93,
2021-10-03 06:00:00,,15.28,4.54,37.42,
2021-10-03 07:00:00,,15.29,6.8,36.93,
2021-10-03 08:00:00,,18.18,16.08,30.16,
2021-10-03 09:00:00,,16.16,5.94,45.95,
2021-10-03 10:00:00,,15.93,6.83,47.75,
2021-10-03 11:00:00,,15.84,3.83,54.86,
2021-10-03 12:00:00,,15.27,5.82,77.03,
2021-10-03 13:00:00,,15.48,6.49,74.4,
2021-10-03 14:00:00,,15.78,4.2,70.46,
2021-10-03 15:00:00,,15.37,5.87,70.92,
2021-10-03 16:00:00,,15.41,2.8,66.93,
2021-10-03 17:00:00,,15.45,3.71,64.9,
2021-10-03 18:00:00,,15.6,4.07,66.38,
2021-10-03 19:00:00,,15.59,5.31,67.27,
2021-10-03 20:00:00,,15.44,6.06,59.13,
2021-10-03 21:00:00,,15.58,4.08,60.52,
2021-10-03 22:00:00,,15.5,3.18,63.4,
2021-10-03 23:00:00,,15.39,2.81,66.28,
2021-10-04 00:00:00,,14.99,1.9,64.63,
2021-10-04 01:00:00,,15.05,1.02,64.46,
2021-10-04 02:00:00,,15.24,0.94,63.6,
2021-10-04 03:00:00,,15.21,0.47,63.15,
2021-10-04 04:00:00,,15.07,0.47,60.52,
2021-10-04 05:00:00,,15.05,1.6,56.86,
2021-10-04 06:00:00,,14.53,4.64,50.19,
2021-10-04 07:00:00,,14.49,7.06,51.48,
2021-10-04 08:00:00,,14.64,8.43,47.16,
2021-10-04 09:00:00,,15.41,5.33,52.91,
2021-10-04 10:00:00,,14.72,5.84,49.54,
2021-10-04 11:00:00,,14.51,6.88,47.23,
2021-10-04 12:00:00,,14.49,5.04,52.87,
2021-10-04 13:00:00,,14.37,4.43,59.03,
2021-10-04 14:00:00,,14.99,7.14,67.33,
2021-10-04 15:00:00,,15.29,8.26,73.75,
2021-10-04 16:00:00,,15.27,8.12,75.72,
2021-10-04 17:00:00,,15.36,10.01,71.06,
2021-10-04 18:00:00,,15.09,15.27,52.87,
2021-10-04 19:00:00,,14.97,11.08,52.47,
2021-10-04 20:00:00,,14.82,12.52,52.15,
2021-10-04 21:00:00,,14.46,13.35,47.67,
2021-10-04 22:00:00,,14.68,8.97,51.5,
2021-10-04 23:00:00,,14.76,8.11,46.26,
2021-10-05 00:00:00,,14.45,6.84,45.21,
2021-10-05 01:00:00,,14.24,4.75,43.98,
2021-10-05 02:00:00,,14.36,5.6,35.13,
2021-10-05 03:00:00,,14.34,4.19,29.81,
2021-10-05 04:00:00,,14.36,4.0,19.24,
2021-10-05 05:00:00,,14.41,4.88,17.38,
2021-10-05 06:00:00,,15.0,9.93,15.35,
2021-10-05 07:00:00,,15.63,17.0,12.35,
2021-10-05 08:00:00,,15.38,18.85,25.55,
2021-10-05 09:00:00,,15.02,9.16,50.11,
2021-10-05 10:00:00,,14.75,4.68,65.04,
2021-10-05 11:00:00,,14.66,5.59,68.43,
2021-10-05 12:00:00,,15.19,4.41,77.34,
2021-10-05 13:00:00,,15.4,5.36,90.19,
2021-10-05 14:00:00,,15.38,8.6,107.3,
2021-10-05 15:00:00,,15.24,7.77,102.4,
2021-10-05 16:00:00,,15.25,7.67,83.01,
2021-10-05 17:00:00,,15.25,5.54,76.49,
2021-10-05 18:00:00,,15.38,6.68,67.1,
2021-10-05 19:00:00,,14.63,11.3,59.41,
2021-10-05 20:00:00,,14.79,8.68,60.44,
2021-10-05 21:00:00,,14.77,7.72,62.54,
2021-10-05 22:00:00,,14.37,7.85,59.97,
2021-10-05 23:00:00,,14.27,7.87,55.08,
2021-10-06 00:00:00,,14.63,7.81,51.71,
2021-10-06 01:00:00,,14.3,7.12,46.47,
2021-10-06 02:00:00,,14.61,6.37,41.9,
2021-10-06 03:00:00,,14.28,6.02,40.06,
2021-10-06 04:00:00,,14.65,7.68,30.3,
2021-10-06 05:00:00,,14.71,13.21,22.94,
2021-10-06 06:00:00,,14.86,11.88,16.26,
2021-10-06 07:00:00,,14.96,14.27,13.39,
2021-10-06 08:00:00,,15.28,13.67,20.83,
2021-10-06 09:00:00,,15.46,17.93,31.06,
2021-10-06 10:00:00,,23.65,19.18,29.72,
2021-10-06 11:00:00,,20.77,29.33,29.22,
2021-10-06 12:00:00,,38.39,30.58,41.51,
2021-10-06 13:00:00,,138.6,29.73,51.92,
2021-10-06 14:00:00,,74.83,22.14,70.83,
2021-10-06 15:00:00,,24.39,12.62,67.21,
2021-10-06 16:00:00,,20.5,16.72,60.58,
2021-10-06 17:00:00,,18.69,14.87,65.3,
2021-10-06 18:00:00,,17.97,12.11,70.33,
2021-10-06 19:00:00,,17.66,8.9,67.97,
2021-10-06 20:00:00,,16.46,8.53,68.37,
2021-10-06 21:00:00,,15.64,5.18,73.55,
2021-10-06 22:00:00,,15.38,5.92,70.03,
2021-10-06 23:00:00,,15.13,3.75,71.31,
2021-10-07 00:00:00,,15.27,2.43,74.4,
2021-10-07 01:00:00,,15.02,0.47,71.27,
2021-10-07 02:00:00,,14.83,0.47,67.28,
2021-10-07 03:00:00,,14.88,0.47,65.77,
2021-10-07 04:00:00,,14.69,0.47,64.6,
2021-10-07 05:00:00,,14.36,1.36,58.68,
2021-10-07 06:00:00,,14.53,2.6,54.81,
2021-10-07 07:00:00,,14.53,5.83,51.54,
2021-10-07 08:00:00,,14.62,8.59,48.55,
2021-10-07 09:00:00,,14.29,6.18,59.67,
2021-10-07 10:00:00,,14.62,5.17,59.44,
2021-10-07 11:00:00,,14.62,4.18,66.57,
2021-10-07 12:00:00,,14.85,5.16,66.68,
2021-10-07 13:00:00,,15.02,4.73,69.1,
2021-10-07 14:00:00,,15.24,4.21,78.68,
2021-10-07 15:00:00,,15.43,4.98,74.55,
2021-10-07 16:00:00,,15.35,3.96,65.64,
2021-10-07 17:00:00,,15.16,4.08,64.73,
2021-10-07 18:00:00,,14.9,5.94,56.59,
2021-10-07 19:00:00,,15.01,10.17,50.13,
2021-10-07 20:00:00,,15.37,13.52,44.45,
2021-10-07 21:00:00,,15.13,11.17,48.18,
2021-10-07 22:00:00,,14.83,9.56,44.24,
2021-10-07 23:00:00,,14.72,10.83,36.71,
2021-10-08 00:00:00,,14.62,12.31,23.19,
2021-10-08 01:00:00,,14.67,11.49,22.62,
2021-10-08 02:00:00,,14.49,8.63,26.07,
2021-10-08 03:00:00,,14.96,7.67,29.96,
2021-10-08 04:00:00,,14.53,7.82,17.88,
2021-10-08 05:00:00,,15.49,9.02,23.42,
2021-10-08 06:00:00,,15.33,13.66,22.0,
2021-10-08 07:00:00,,15.92,14.79,10.37,
2021-10-08 08:00:00,,15.24,11.72,27.91,
2021-10-08 09:00:00,,15.12,9.94,40.5,
2021-10-08 10:00:00,,15.31,5.72,61.16,
2021-10-08 11:00:00,,15.34,4.2,63.46,
2021-10-08 12:00:00,,15.35,5.11,72.59,
2021-10-08 13:00:00,,15.64,4.35,73.92,
2021-10-08 14:00:00,,16.49,4.17,75.36,
2021-10-08 15:00:00,,15.24,3.56,72.08,
2021-10-08 16:00:00,,15.47,4.41,74.04,
2021-10-08 17:00:00,,15.67,4.77,69.47,
2021-10-08 18:00:00,,15.49,6.96,63.05,
2021-10-08 19:00:00,,15.25,7.4,54.27,
2021-10-08 20:00:00,,15.38,6.71,52.15,
2021-10-08 21:00:00,,15.43,8.06,51.95,
2021-10-08 22:00:00,,15.4,5.59,50.12,
2021-10-08 23:00:00,,15.43,6.05,52.14,
2021-10-09 00:00:00,,15.24,4.32,47.76,
2021-10-09 01:00:00,,15.45,5.04,41.79,
2021-10-09 02:00:00,,15.45,3.87,39.93,
2021-10-09 03:00:00,,15.45,3.48,37.35,
2021-10-09 04:00:00,,15.44,3.6,33.3,
2021-10-09 05:00:00,,15.46,2.76,42.61,
2021-10-09 06:00:00,,15.34,4.67,35.55,
2021-10-09 07:00:00,,15.35,5.66,39.78,
2021-10-09 08:00:00,,15.22,5.47,46.5,
2021-10-09 09:00:00,,15.39,4.22,45.46,
2021-10-09 10:00:00,,15.6,4.47,54.41,
2021-10-09 11:00:00,,15.57,4.23,64.95,
2021-10-09 12:00:00,,15.73,4.0,59.8,
2021-10-09 13:00:00,,17.12,2.91,70.31,
2021-10-09 14:00:00,,16.4,1.92,60.85,
2021-10-09 15:00:00,,16.11,3.17,65.36,
2021-10-09 16:00:00,,16.54,2.6,63.3,
2021-10-09 17:00:00,,16.16,4.07,58.5,
2021-10-09 18:00:00,,15.72,4.85,58.8,
2021-10-09 19:00:00,,15.45,5.33,50.63,
2021-10-09 20:00:00,,15.48,6.54,55.25,
2021-10-09 21:00:00,,15.46,6.17,54.6,
2021-10-09 22:00:00,,15.39,4.69,58.54,
2021-10-09 23:00:00,,15.48,3.7,55.45,
2021-10-10 00:00:00,,15.26,3.76,56.24,
2021-10-10 01:00:00,,15.17,3.46,53.11,
2021-10-10 02:00:00,,15.34,2.9,53.56,
2021-10-10 03:00:00,,15.42,1.87,55.75,
2021-10-10 04:00:00,,15.44,1.7,49.28,
2021-10-10 05:00:00,,15.35,1.42,45.44,
2021-10-10 06:00:00,,15.31,1.74,49.26,
2021-10-10 07:00:00,,15.4,2.2,48.25,
2021-10-10 08:00:00,,15.36,1.94,48.79,
2021-10-10 09:00:00,,15.51,2.71,48.03,
2021-10-10 10:00:00,,15.46,2.17,59.25,
2021-10-10 11:00:00,,15.57,2.79,63.87,
2021-10-10 12:00:00,,16.24,3.28,65.15,
2021-10-10 13:00:00,,16.34,2.76,71.01,
2021-10-10 14:00:00,,16.73,2.83,71.04,
2021-10-10 15:00:00,,16.73,1.96,67.02,
2021-10-10 16:00:00,,16.42,2.14,64.8,
2021-10-10 17:00:00,,16.45,4.46,65.83,
2021-10-10 18:00:00,,16.88,3.23,63.91,
2021-10-10 19:00:00,,15.85,5.42,59.1,
2021-10-10 20:00:00,,15.54,4.89,57.54,
2021-10-10 21:00:00,,15.5,5.14,55.84,
2021-10-10 22:00:00,,15.49,5.08,50.58,
2021-10-10 23:00:00,,15.5,5.24,50.88,
2021-10-11 00:00:00,,15.5,5.55,48.97,
2021-10-11 01:00:00,,15.54,3.97,43.75,
2021-10-11 02:00:00,,15.41,3.9,47.37,
2021-10-11 03:00:00,,15.46,4.7,40.96,
2021-10-11 04:00:00,,15.33,4.89,38.38,
2021-10-11 05:00:00,,15.45,3.5,43.47,
2021-10-11 06:00:00,,15.41,9.41,35.64,
2021-10-11 07:00:00,,15.53,15.21,26.75,
2021-10-11 08:00:00,,15.48,13.97,45.58,
2021-10-11 09:00:00,,15.53,11.87,41.92,
2021-10-11 10:00:00,,15.82,8.05,49.93,
2021-10-11 11:00:00,,15.63,9.2,61.18,
2021-10-11 12:00:00,,15.65,8.27,50.39,
2021-10-11 13:00:00,,15.78,6.95,51.79,
2021-10-11 14:00:00,,15.62,6.96,52.94,
2021-10-11 15:00:00,,15.67,8.25,44.81,
2021-10-11 16:00:00,,15.93,7.27,48.95,
2021-10-11 17:00:00,,15.61,9.44,39.96,
2021-10-11 18:00:00,,15.78,12.24,29.24,
2021-10-11 19:00:00,,15.69,13.56,33.98,
2021-10-11 20:00:00,,15.7,10.7,26.81,
2021-10-11 21:00:00,,15.45,11.87,22.04,
2021-10-11 22:00:00,,15.22,9.94,34.06,
2021-10-11 23:00:00,,15.27,8.7,32.16,
2021-10-12 00:00:00,,15.33,9.4,37.7,
2021-10-12 01:00:00,,15.38,10.52,23.05,
2021-10-12 02:00:00,,15.4,12.35,13.46,
2021-10-12 03:00:00,,15.24,9.36,16.16,
2021-10-12 04:00:00,,15.46,7.78,12.97,
2021-10-12 05:00:00,,15.28,7.12,13.59,
2021-10-12 06:00:00,,15.37,6.31,11.02,
2021-10-12 07:00:00,,15.09,5.77,27.25,
2021-10-12 08:00:00,,15.35,6.86,20.94,
2021-10-12 09:00:00,,15.37,11.29,31.75,
2021-10-12 10:00:00,,19.37,10.11,55.96,
2021-10-12 11:00:00,,20.23,6.17,56.05,
2021-10-12 12:00:00,,18.73,5.24,62.46,
2021-10-12 13:00:00,,17.74,6.58,106.4,
2021-10-12 14:00:00,,17.56,5.8,108.0,
2021-10-12 15:00:00,,17.26,3.73,110.4,
2021-10-12 16:00:00,,16.59,3.61,109.0,
2021-10-12 17:00:00,,16.04,2.52,101.3,
2021-10-12 18:00:00,,16.72,3.9,90.47,
2021-10-12 19:00:00,,16.39,11.01,70.73,
2021-10-12 20:00:00,,15.71,20.39,43.75,
2021-10-12 21:00:00,,15.59,27.97,31.96,
2021-10-12 22:00:00,,15.65,23.54,27.6,
2021-10-12 23:00:00,,15.67,20.12,29.41,
2021-10-13 00:00:00,,15.56,16.53,23.66,
2021-10-13 01:00:00,,15.59,12.25,21.38,
2021-10-13 02:00:00,,15.59,10.44,20.65,
2021-10-13 03:00:00,,15.57,9.97,29.23,
2021-10-13 04:00:00,,15.47,6.75,10.95,
2021-10-13 05:00:00,,15.53,6.41,9.02,
2021-10-13 06:00:00,,15.56,4.53,7.96,
2021-10-13 07:00:00,,15.53,7.68,10.83,
2021-10-13 08:00:00,,15.42,13.71,12.55,
2021-10-13 09:00:00,,15.57,18.23,36.23,
2021-10-13 10:00:00,,17.17,11.41,49.67,
2021-10-13 11:00:00,,17.73,8.06,58.74,
2021-10-13 12:00:00,,17.36,7.52,89.72,
2021-10-13 13:00:00,,16.79,6.31,77.23,
2021-10-13 14:00:00,,16.01,5.88,81.79,
2021-10-13 15:00:00,,15.56,7.89,86.95,
2021-10-13 16:00:00,,15.58,9.4,75.29,
2021-10-13 17:00:00,,15.45,9.0,69.8,
2021-10-13 18:00:00,,15.49,11.98,61.07,
2021-10-13 19:00:00,,15.4,15.48,46.94,
2021-10-13 20:00:00,,15.31,18.58,34.01,
2021-10-13 21:00:00,,15.22,16.08,30.34,
2021-10-13 22:00:00,,15.36,20.45,19.32,
2021-10-13 23:00:00,,15.59,19.6,16.76,
2021-10-14 00:00:00,,15.53,9.56,42.52,
2021-10-14 01:00:00,,15.62,5.66,54.43,
2021-10-14 02:00:00,,15.63,5.21,58.14,
2021-10-14 03:00:00,,15.67,4.33,52.2,
2021-10-14 04:00:00,,15.52,7.34,30.69,
2021-10-14 05:00:00,,15.71,9.14,22.86,
2021-10-14 06:00:00,,15.69,13.59,11.93,
2021-10-14 07:00:00,,15.77,17.13,10.62,
2021-10-14 08:00:00,,15.67,17.52,14.99,
2021-10-14 09:00:00,,19.14,24.93,35.9,
2021-10-14 10:00:00,,37.2,14.19,57.24,
2021-10-14 11:00:00,,33.25,9.56,70.98,
2021-10-14 12:00:00,,32.23,13.14,70.35,
2021-10-14 13:00:00,,26.76,7.74,82.53,
2021-10-14 14:00:00,,21.29,5.44,96.06,
2021-10-14 15:00:00,,18.68,6.23,106.8,
2021-10-14 16:00:00,,17.49,2.81,110.5,
2021-10-14 17:00:00,,16.52,3.2,105.2,
2021-10-14 18:00:00,,15.66,4.6,94.2,
2021-10-14 19:00:00,,15.53,,74.95,
2021-10-14 20:00:00,,15.38,17.92,60.33,
2021-10-14 21:00:00,,15.35,18.42,47.38,
2021-10-14 22:00:00,,15.21,24.55,24.33,
2021-10-14 23:00:00,,15.33,15.02,32.01,
2021-10-15 00:00:00,,15.66,11.37,30.68,
2021-10-15 01:00:00,,15.75,12.84,24.92,
2021-10-15 02:00:00,,15.61,11.86,19.43,
2021-10-15 03:00:00,,15.88,9.65,17.25,
2021-10-15 04:00:00,,15.61,9.44,18.05,
2021-10-15 05:00:00,,15.62,12.52,21.21,
2021-10-15 06:00:00,,15.65,11.14,32.1,
2021-10-15 07:00:00,,15.71,16.77,40.58,
2021-10-15 08:00:00,,15.85,22.07,35.73,
2021-10-15 09:00:00,,15.67,14.59,50.85,
2021-10-15 10:00:00,,15.49,14.13,56.14,
2021-10-15 11:00:00,,15.53,14.72,43.18,
2021-10-15 12:00:00,,15.41,9.16,45.19,
2021-10-15 13:00:00,,15.69,6.06,49.22,
2021-10-15 14:00:00,,15.97,4.56,51.54,
2021-10-15 15:00:00,,15.88,4.82,52.61,
2021-10-15 16:00:00,,16.29,4.12,57.92,
2021-10-15 17:00:00,,15.73,5.86,47.16,
2021-10-15 18:00:00,,15.71,6.53,47.81,
2021-10-15 19:00:00,,15.67,6.06,52.19,
2021-10-15 20:00:00,,15.48,5.26,56.74,
2021-10-15 21:00:00,,15.65,3.79,63.92,
2021-10-15 22:00:00,,15.4,3.17,64.53,
2021-10-15 23:00:00,,15.36,3.23,63.69,
2021-10-16 00:00:00,,15.19,1.82,65.3,
2021-10-16 01:00:00,,15.43,1.47,66.4,
2021-10-16 02:00:00,,15.27,1.94,57.67,
2021-10-16 03:00:00,,15.45,1.47,54.84,
2021-10-16 04:00:00,,15.31,1.84,52.72,
2021-10-16 05:00:00,,15.36,3.22,47.77,
2021-10-16 06:00:00,,15.46,9.09,40.65,
2021-10-16 07:00:00,,15.46,4.43,49.47,
2021-10-16 08:00:00,,15.55,6.23,48.25,
2021-10-16 09:00:00,,15.1,5.44,45.48,
2021-10-16 10:00:00,,15.31,5.45,49.52,
2021-10-16 11:00:00,,15.36,4.94,48.69,
2021-10-16 12:00:00,,15.04,3.99,52.7,
2021-10-16 13:00:00,,15.24,2.67,51.22,
2021-10-16 14:00:00,,15.44,2.62,50.65,
2021-10-16 15:00:00,,15.3,2.67,54.42,
2021-10-16 16:00:00,,15.51,3.22,53.93,
2021-10-16 17:00:00,,15.48,3.48,53.05,
2021-10-16 18:00:00,,15.38,4.37,50.33,
2021-10-16 19:00:00,,15.48,8.4,37.54,
2021-10-16 20:00:00,,15.44,9.16,34.4,
2021-10-16 21:00:00,,15.52,7.66,37.21,
2021-10-16 22:00:00,,15.43,6.67,36.75,
2021-10-16 23:00:00,,15.32,4.04,39.77,
2021-10-17 00:00:00,,15.58,3.91,41.43,
2021-10-17 01:00:00,,15.32,2.34,47.36,
2021-10-17 02:00:00,,15.4,1.55,48.05,
2021-10-17 03:00:00,,15.41,1.68,48.92,
2021-10-17 04:00:00,,15.26,1.2,50.56,
2021-10-17 05:00:00,,15.37,1.39,44.26,
2021-10-17 06:00:00,,15.34,2.53,40.87,
2021-10-17 07:00:00,,15.63,3.56,41.87,
2021-10-17 08:00:00,,15.75,2.03,50.84,
2021-10-17 09:00:00,,15.66,1.2,57.93,
2021-10-17 10:00:00,,16.18,1.4,60.25,
2021-10-17 11:00:00,,16.18,1.96,61.42,
2021-10-17 12:00:00,,16.4,3.23,62.14,
2021-10-17 13:00:00,,16.57,2.81,62.22,
2021-10-17 14:00:00,,16.53,2.43,64.82,
2021-10-17 15:00:00,,16.51,2.9,66.27,
2021-10-17 16:00:00,,16.53,3.17,65.36,
2021-10-17 17:00:00,,16.33,3.57,60.02,
2021-10-17 18:00:00,,16.31,3.86,57.72,
2021-10-17 19:00:00,,16.19,5.37,53.82,
2021-10-17 20:00:00,,15.95,7.18,47.17,
2021-10-17 21:00:00,,15.71,8.26,43.01,
2021-10-17 22:00:00,,15.71,8.84,38.38,
2021-10-17 23:00:00,,15.79,9.33,33.38,
2021-10-18 00:00:00,,15.56,8.85,26.73,
2021-10-18 01:00:00,,15.69,8.78,23.89,
2021-10-18 02:00:00,,15.64,8.81,14.53,
2021-10-18 03:00:00,,16.14,6.92,15.19,
2021-10-18 04:00:00,,16.19,4.45,16.62,
2021-10-18 05:00:00,,16.29,4.94,12.59,
2021-10-18 06:00:00,,16.26,10.99,8.77,
2021-10-18 07:00:00,,16.42,12.97,8.45,
2021-10-18 08:00:00,,15.88,13.58,17.0,
2021-10-18 09:00:00,,15.42,10.85,31.4,
2021-10-18 10:00:00,,15.98,7.29,46.06,
2021-10-18 11:00:00,,16.03,7.12,55.76,
2021-10-18 12:00:00,,16.06,4.99,63.46,
2021-10-18 13:00:00,,16.35,3.71,68.29,
2021-10-18 14:00:00,,16.28,3.23,71.58,
2021-10-18 15:00:00,,16.31,3.07,67.38,
2021-10-18 16:00:00,,16.44,2.61,65.9,
2021-10-18 17:00:00,,16.22,3.31,63.02,
2021-10-18 18:00:00,,16.3,5.56,56.7,
2021-10-18 19:00:00,,16.28,7.51,51.47,
2021-10-18 20:00:00,,16.1,7.89,46.28,
2021-10-18 21:00:00,,16.05,7.49,44.92,
2021-10-18 22:00:00,,15.57,6.57,43.05,
2021-10-18 23:00:00,,15.18,9.12,33.1,
2021-10-19 00:00:00,,15.63,7.34,29.22,
2021-10-19 01:00:00,,15.26,5.21,28.54,
2021-10-19 02:00:00,,15.4,7.28,18.62,
2021-10-19 03:00:00,,15.28,6.42,14.18,
2021-10-19 04:00:00,,15.31,5.5,9.25,
2021-10-19 05:00:00,,16.19,5.1,6.12,
2021-10-19 06:00:00,,16.36,6.96,4.43,
2021-10-19 07:00:00,,16.88,8.34,4.77,
2021-10-19 08:00:00,,16.33,22.01,13.12,
2021-10-19 09:00:00,,16.86,19.17,31.5,
2021-10-19 10:00:00,,16.35,11.34,49.19,
2021-10-19 11:00:00,,16.5,7.45,65.68,
2021-10-19 12:00:00,,15.61,5.43,71.18,
2021-10-19 13:00:00,,15.19,6.74,63.22,
2021-10-19 14:00:00,,15.55,4.31,69.51,
2021-10-19 15:00:00,,14.92,2.8,73.55,
2021-10-19 16:00:00,,15.08,6.5,63.76,
2021-10-19 17:00:00,,15.66,4.3,71.02,
2021-10-19 18:00:00,,14.9,5.39,71.06,
2021-10-19 19:00:00,,15.05,9.37,63.83,
2021-10-19 20:00:00,,15.0,9.39,61.56,
2021-10-19 21:00:00,,15.07,9.68,56.46,
2021-10-19 22:00:00,,16.03,8.34,52.03,
2021-10-19 23:00:00,,15.92,8.21,44.09,
2021-10-20 00:00:00,,16.27,9.14,36.47,
2021-10-20 01:00:00,,16.05,10.73,19.01,
2021-10-20 02:00:00,,15.77,10.59,14.37,
2021-10-20 03:00:00,,16.18,8.82,16.09,
2021-10-20 04:00:00,,16.04,7.78,12.38,
2021-10-20 05:00:00,,15.41,5.4,12.13,
2021-10-20 06:00:00,,15.94,9.43,6.01,
2021-10-20 07:00:00,,16.33,11.99,5.94,
2021-10-20 08:00:00,,16.38,14.86,23.95,
2021-10-20 09:00:00,,16.37,11.08,39.2,
2021-10-20 10:00:00,,15.57,5.4,56.92,
2021-10-20 11:00:00,,15.32,6.89,,
2021-10-20 12:00:00,,14.73,4.49,73.75,
2021-10-20 13:00:00,,15.13,6.05,76.28,
2021-10-20 14:00:00,,15.79,4.45,81.44,
2021-10-20 15:00:00,,16.07,2.91,72.43,
2021-10-20 16:00:00,,15.95,2.57,67.41,
2021-10-20 17:00:00,,15.54,2.96,62.28,
2021-10-20 18:00:00,,15.51,4.23,59.25,
2021-10-20 19:00:00,,15.84,5.77,55.3,
2021-10-20 20:00:00,,16.08,6.36,52.13,
2021-10-20 21:00:00,,16.37,4.67,51.28,
2021-10-20 22:00:00,,16.5,5.73,48.23,
2021-10-20 23:00:00,,16.35,7.01,44.17,
2021-10-21 00:00:00,,16.39,6.5,39.52,
2021-10-21 01:00:00,,16.34,7.35,34.6,
2021-10-21 02:00:00,,16.25,7.29,24.92,
2021-10-21 03:00:00,,16.37,5.91,23.55,
2021-10-21 04:00:00,,16.28,6.1,15.24,
2021-10-21 05:00:00,,16.35,6.72,11.81,
2021-10-21 06:00:00,,16.61,8.74,6.54,
2021-10-21 07:00:00,,16.85,11.84,9.79,
2021-10-21 08:00:00,,16.63,14.55,16.76,
2021-10-21 09:00:00,,16.42,10.41,31.17,
2021-10-21 10:00:00,,16.76,8.5,49.13,
2021-10-21 11:00:00,,16.28,8.09,65.34,
2021-10-21 12:00:00,,72.94,17.41,72.62,
2021-10-21 13:00:00,,31.54,7.6,86.84,
2021-10-21 14:00:00,,20.91,7.92,96.98,
2021-10-21 15:00:00,,18.43,7.49,123.4,
2021-10-21 16:00:00,,17.41,5.78,118.5,
2021-10-21 17:00:00,,16.57,4.83,99.85,
2021-10-21 18:00:00,,16.58,7.28,90.6,
2021-10-21 19:00:00,,16.91,12.57,58.61,
2021-10-21 20:00:00,,16.73,13.07,50.88,
2021-10-21 21:00:00,,16.61,14.5,42.0,
2021-10-21 22:00:00,,16.59,12.85,38.33,
2021-10-21 23:00:00,,16.63,10.06,37.38,
2021-10-22 00:00:00,,16.71,12.73,23.88,
2021-10-22 01:00:00,,16.99,12.74,11.93,
2021-10-22 02:00:00,,16.36,9.82,10.85,
2021-10-22 03:00:00,,16.1,8.68,7.2,
2021-10-22 04:00:00,,16.18,9.46,5.32,
2021-10-22 05:00:00,,16.15,9.28,3.88,
2021-10-22 06:00:00,,16.32,10.24,4.27,
2021-10-22 07:00:00,,16.83,17.62,5.48,
2021-10-22 08:00:00,,17.88,21.74,8.61,
2021-10-22 09:00:00,,19.92,18.3,18.17,
2021-10-22 10:00:00,,19.34,14.47,34.88,
2021-10-22 11:00:00,,18.24,14.06,57.33,
2021-10-22 12:00:00,,17.42,12.84,77.2,
2021-10-22 13:00:00,,19.86,9.22,107.7,
2021-10-22 14:00:00,,34.36,13.74,115.2,
2021-10-22 15:00:00,,20.24,8.71,140.9,
2021-10-22 16:00:00,,17.76,10.54,113.8,
2021-10-22 17:00:00,,16.86,5.27,78.68,
2021-10-22 18:00:00,,16.85,6.36,74.65,
2021-10-22 19:00:00,,16.7,9.28,55.05,
2021-10-22 20:00:00,,16.64,9.62,51.85,
2021-10-22 21:00:00,,16.68,8.41,52.53,
2021-10-22 22:00:00,,16.65,7.55,51.75,
2021-10-22 23:00:00,,17.79,9.98,45.31,
2021-10-23 00:00:00,,17.98,10.89,33.27,
2021-10-23 01:00:00,,17.7,11.88,29.58,
2021-10-23 02:00:00,,16.96,10.47,23.82,
2021-10-23 03:00:00,,16.65,6.79,20.61,
2021-10-23 04:00:00,,16.56,6.47,17.78,
2021-10-23 05:00:00,,16.5,5.9,20.78,
2021-10-23 06:00:00,,16.51,7.59,13.61,
2021-10-23 07:00:00,,16.49,9.6,16.04,
2021-10-23 08:00:00,,16.45,11.28,18.4,
2021-10-23 09:00:00,,16.59,13.15,30.71,
2021-10-23 10:00:00,,24.24,16.15,52.77,
2021-10-23 11:00:00,,24.46,14.19,69.31,
2021-10-23 12:00:00,,20.01,20.37,90.79,
2021-10-23 13:00:00,,26.29,32.36,71.37,
2021-10-23 14:00:00,,27.4,28.28,53.68,
2021-10-23 15:00:00,,26.67,29.85,48.28,
2021-10-23 16:00:00,,42.97,16.43,66.85,
2021-10-23 17:00:00,,24.99,18.55,54.56,
2021-10-23 18:00:00,,22.15,23.78,40.1,
2021-10-23 19:00:00,,22.11,13.85,45.24,
2021-10-23 20:00:00,,20.71,18.57,37.62,
2021-10-23 21:00:00,,22.77,14.07,39.03,
2021-10-23 22:00:00,,20.45,13.91,36.66,
2021-10-23 23:00:00,,23.0,22.35,25.76,
2021-10-24 00:00:00,,24.26,2.94,60.08,
2021-10-24 01:00:00,,20.37,2.92,41.91,
2021-10-24 02:00:00,,18.4,5.02,33.09,
2021-10-24 03:00:00,,18.14,7.53,39.27,
2021-10-24 04:00:00,,18.08,2.39,31.47,
2021-10-24 05:00:00,,17.27,2.12,42.38,
2021-10-24 06:00:00,,16.9,4.9,30.96,
2021-10-24 07:00:00,,16.63,8.38,30.14,
2021-10-24 08:00:00,,16.64,3.4,43.71,
2021-10-24 09:00:00,,16.64,2.6,46.23,
2021-10-24 10:00:00,,16.64,1.99,60.89,
2021-10-24 11:00:00,,16.56,1.38,56.62,
2021-10-24 12:00:00,,16.6,2.82,59.09,
2021-10-24 13:00:00,,16.7,3.64,62.46,
2021-10-24 14:00:00,,16.64,2.95,60.32,
2021-10-24 15:00:00,,16.62,3.11,62.52,
2021-10-24 16:00:00,,16.72,3.02,66.15,
2021-10-24 17:00:00,,16.6,2.07,68.46,
2021-10-24 18:00:00,,16.57,3.33,62.26,
2021-10-24 19:00:00,,16.6,13.06,44.7,
2021-10-24 20:00:00,,16.73,18.43,25.71,
2021-10-24 21:00:00,,16.61,17.54,23.23,
2021-10-24 22:00:00,,16.57,19.46,14.1,
2021-10-24 23:00:00,,16.38,15.85,13.9,
2021-10-25 00:00:00,,16.52,12.55,10.54,
2021-10-25 01:00:00,,16.27,11.56,6.77,
2021-10-25 02:00:00,,15.86,9.15,4.91,
2021-10-25 03:00:00,,15.99,7.87,6.65,
2021-10-25 04:00:00,,16.01,6.92,4.63,
2021-10-25 05:00:00,,16.46,7.05,7.22,
2021-10-25 06:00:00,,16.53,9.6,9.17,
2021-10-25 07:00:00,,16.4,17.67,7.94,
2021-10-25 08:00:00,,16.53,20.72,14.17,
2021-10-25 09:00:00,,16.39,15.3,37.63,
2021-10-25 10:00:00,,55.32,17.39,58.29,
2021-10-25 11:00:00,,33.99,9.95,60.82,
2021-10-25 12:00:00,,23.95,7.66,76.46,
2021-10-25 13:00:00,,39.09,9.91,76.25,
2021-10-25 14:00:00,,105.4,12.6,70.56,
2021-10-25 15:00:00,,126.2,14.06,64.84,
2021-10-25 16:00:00,,23.18,7.98,74.72,
2021-10-25 17:00:00,,18.19,7.92,82.99,
2021-10-25 18:00:00,,20.3,21.07,67.58,
2021-10-25 19:00:00,,25.02,27.95,43.42,
2021-10-25 20:00:00,,18.68,45.02,11.12,
2021-10-25 21:00:00,,18.05,38.03,12.81,
2021-10-25 22:00:00,,18.12,28.33,16.32,
2021-10-25 23:00:00,,18.15,23.31,8.43,
2021-10-26 00:00:00,,17.64,16.17,15.23,
2021-10-26 01:00:00,,16.72,12.96,9.81,
2021-10-26 02:00:00,,16.64,16.19,7.04,
2021-10-26 03:00:00,,16.57,11.9,6.11,
2021-10-26 04:00:00,,16.38,12.74,11.29,
2021-10-26 05:00:00,,16.49,12.03,9.66,
2021-10-26 06:00:00,,17.45,16.27,7.73,
2021-10-26 07:00:00,,17.28,20.37,5.03,
2021-10-26 08:00:00,,17.23,21.98,16.35,
2021-10-26 09:00:00,,17.59,18.94,46.06,
2021-10-26 10:00:00,,16.83,24.1,57.31,
2021-10-26 11:00:00,,50.25,23.48,78.07,
2021-10-26 12:00:00,,71.14,16.7,95.91,
2021-10-26 13:00:00,,46.53,15.07,113.8,
2021-10-26 14:00:00,,54.28,15.16,143.4,
2021-10-26 15:00:00,,56.21,18.01,155.1,
2021-10-26 16:00:00,,32.6,9.13,136.2,
2021-10-26 17:00:00,,22.52,9.02,149.0,
2021-10-26 18:00:00,,19.33,13.73,124.1,
2021-10-26 19:00:00,,17.53,33.62,53.34,
2021-10-26 20:00:00,,17.29,26.27,52.08,
2021-10-26 21:00:00,,17.27,36.5,24.16,
2021-10-26 22:00:00,,17.47,40.92,10.18,
2021-10-26 23:00:00,,16.87,31.29,7.91,
2021-10-27 00:00:00,,16.86,24.63,7.92,
2021-10-27 01:00:00,,16.81,20.65,5.98,
2021-10-27 02:00:00,,16.54,16.5,11.41,
2021-10-27 03:00:00,,16.62,14.05,16.2,
2021-10-27 04:00:00,,16.22,10.78,22.34,
2021-10-27 05:00:00,,16.13,10.9,20.14,
2021-10-27 06:00:00,,16.56,12.32,13.43,
2021-10-27 07:00:00,,16.8,19.62,6.0,
2021-10-27 08:00:00,,19.02,41.47,20.92,
2021-10-27 09:00:00,,38.41,49.44,86.65,
2021-10-27 10:00:00,,110.1,42.14,61.65,
2021-10-27 11:00:00,,154.1,31.09,119.7,
2021-10-27 12:00:00,,42.83,13.77,143.8,
2021-10-27 13:00:00,,23.63,9.82,146.4,
2021-10-27 14:00:00,,21.84,6.07,144.2,
2021-10-27 15:00:00,,19.03,4.32,112.3,
2021-10-27 16:00:00,,18.6,4.17,120.7,
2021-10-27 17:00:00,,17.69,4.46,113.6,
2021-10-27 18:00:00,,16.93,6.62,104.8,
2021-10-27 19:00:00,,16.82,17.36,75.58,
2021-10-27 20:00:00,,17.02,32.3,42.1,
2021-10-27 21:00:00,,18.15,34.38,29.69,
2021-10-27 22:00:00,,19.94,27.66,36.71,
2021-10-27 23:00:00,,19.41,28.46,25.81,
2021-10-28 00:00:00,,18.55,27.44,14.8,
2021-10-28 01:00:00,,17.85,18.34,8.68,
2021-10-28 02:00:00,,17.1,15.73,8.41,
2021-10-28 03:00:00,,16.92,13.71,6.6,
2021-10-28 04:00:00,,16.8,12.66,5.63,
2021-10-28 05:00:00,,16.7,11.17,5.08,
2021-10-28 06:00:00,,16.77,12.18,3.76,
2021-10-28 07:00:00,,16.85,17.16,7.68,
2021-10-28 08:00:00,,16.84,21.09,12.63,
2021-10-28 09:00:00,,16.95,19.47,34.73,
2021-10-28 10:00:00,,16.58,12.65,67.49,
2021-10-28 11:00:00,,16.54,6.77,86.65,
2021-10-28 12:00:00,,16.76,5.77,87.86,
2021-10-28 13:00:00,,16.78,4.25,88.32,
2021-10-28 14:00:00,,17.18,3.63,80.43,
2021-10-28 15:00:00,,17.09,3.77,75.49,
2021-10-28 16:00:00,,17.07,3.93,69.71,
2021-10-28 17:00:00,,15.95,3.68,71.59,
2021-10-28 18:00:00,,15.17,4.83,64.75,
2021-10-28 19:00:00,,16.24,9.4,50.95,
2021-10-28 20:00:00,,16.83,9.16,46.31,
2021-10-28 21:00:00,,16.14,9.23,42.96,
2021-10-28 22:00:00,,15.2,7.49,38.59,
2021-10-28 23:00:00,,15.42,8.29,30.41,
2021-10-29 00:00:00,,15.0,7.24,27.05,
2021-10-29 01:00:00,,15.23,4.46,28.43,
2021-10-29 02:00:00,,15.27,3.19,31.74,
2021-10-29 03:00:00,,15.04,2.44,31.37,
2021-10-29 04:00:00,,15.26,2.66,36.79,
2021-10-29 05:00:00,,16.01,2.97,48.18,
2021-10-29 06:00:00,,15.31,5.71,55.21,
2021-10-29 07:00:00,,15.17,7.52,49.29,
2021-10-29 08:00:00,,15.6,7.51,37.41,
2021-10-29 09:00:00,,16.05,5.93,43.73,
2021-10-29 10:00:00,,17.18,5.87,57.49,
2021-10-29 11:00:00,,18.22,3.88,72.26,
2021-10-29 12:00:00,,18.38,4.8,82.4,
2021-10-29 13:00:00,,17.41,5.67,80.0,
2021-10-29 14:00:00,,16.8,3.86,68.13,
2021-10-29 15:00:00,,16.04,2.85,64.37,
2021-10-29 16:00:00,,15.91,3.65,58.8,
2021-10-29 17:00:00,,15.55,2.97,52.79,
2021-10-29 18:00:00,,15.35,5.36,44.55,
2021-10-29 19:00:00,,15.78,5.37,37.0,
2021-10-29 20:00:00,,16.18,6.69,32.38,
2021-10-29 21:00:00,,15.67,6.13,33.44,
2021-10-29 22:00:00,,15.23,6.38,31.02,
2021-10-29 23:00:00,,15.12,6.13,33.2,
2021-10-30 00:00:00,,15.13,5.94,29.67,
2021-10-30 01:00:00,,15.12,6.05,31.46,
2021-10-30 02:00:00,,15.17,4.79,31.03,
2021-10-30 03:00:00,,15.14,2.89,32.14,
2021-10-30 04:00:00,,15.11,2.45,31.56,
2021-10-30 05:00:00,,15.15,2.0,31.35,
2021-10-30 06:00:00,,15.18,4.79,25.53,
2021-10-30 07:00:00,,15.15,7.63,28.29,
2021-10-30 08:00:00,,15.24,6.01,37.36,
2021-10-30 09:00:00,,15.12,5.05,45.74,
2021-10-30 10:00:00,,15.26,3.84,57.76,
2021-10-30 11:00:00,,15.29,3.19,62.96,
2021-10-30 12:00:00,,15.16,3.11,68.31,
2021-10-30 13:00:00,,15.33,3.15,67.89,
2021-10-30 14:00:00,,15.27,2.24,66.64,
2021-10-30 15:00:00,,15.11,2.31,64.22,
2021-10-30 16:00:00,,15.19,2.81,64.14,
2021-10-30 17:00:00,,15.34,3.01,62.78,
2021-10-30 18:00:00,,15.17,4.85,53.04,
2021-10-30 19:00:00,,15.02,6.94,47.43,
2021-10-30 20:00:00,,15.41,8.93,40.36,
2021-10-30 21:00:00,,16.04,10.5,32.19,
2021-10-30 22:00:00,,15.96,8.63,30.73,
2021-10-30 23:00:00,,15.31,7.97,28.08,
2021-10-31 00:00:00,,15.19,9.48,24.67,
2021-10-31 01:00:00,,15.13,7.64,24.75,
2021-10-31 02:00:00,,15.16,6.09,27.2,
2021-10-31 03:00:00,,15.11,5.31,26.51,
2021-10-31 04:00:00,,15.19,4.54,25.29,
2021-10-31 05:00:00,,15.16,4.73,24.46,
2021-10-31 06:00:00,,15.11,4.4,21.31,
2021-10-31 07:00:00,,15.21,3.11,26.81,
2021-10-31 08:00:00,,15.24,3.24,31.75,
2021-10-31 09:00:00,,15.27,2.57,40.63,
2021-10-31 10:00:00,,15.67,2.31,49.53,
2021-10-31 11:00:00,,15.36,2.9,52.08,
2021-10-31 12:00:00,,15.41,3.24,56.28,
2021-10-31 13:00:00,,15.36,2.38,60.28,
2021-10-31 14:00:00,,15.39,2.5,61.33,
2021-10-31 15:00:00,,15.54,1.68,63.03,
2021-10-31 16:00:00,,15.52,2.22,60.33,
2021-10-31 17:00:00,,15.52,2.87,54.73,
2021-10-31 18:00:00,,15.39,2.96,51.77,
2021-10-31 19:00:00,,15.19,8.88,39.13,
2021-10-31 20:00:00,,15.22,13.64,29.34,
2021-10-31 21:00:00,,15.86,9.18,26.25,
2021-10-31 22:00:00,,15.6,9.97,23.07,
2021-10-31 23:00:00,,16.32,8.58,21.75,
2021-11-01 00:00:00,,15.18,8.58,19.15,
2021-11-01 01:00:00,,15.22,7.37,18.71,
2021-11-01 02:00:00,,15.15,8.15,12.09,
2021-11-01 03:00:00,,15.35,6.69,10.75,
2021-11-01 04:00:00,,15.74,6.0,10.27,
2021-11-01 05:00:00,,15.38,7.46,5.2,
2021-11-01 06:00:00,,15.4,7.34,3.93,
2021-11-01 07:00:00,,15.74,8.06,6.98,
2021-11-01 08:00:00,,15.39,9.92,13.61,
2021-11-01 09:00:00,,15.68,11.52,30.31,
2021-11-01 10:00:00,,16.37,9.29,44.62,
2021-11-01 11:00:00,,17.57,6.13,58.82,
2021-11-01 12:00:00,,17.39,4.55,56.12,
2021-11-01 13:00:00,,17.02,5.37,55.6,
2021-11-01 14:00:00,,16.01,3.49,64.01,
2021-11-01 15:00:00,,15.53,3.41,74.8,
2021-11-01 16:00:00,,15.92,3.19,71.69,
2021-11-01 17:00:00,,15.72,3.84,58.33,
2021-11-01 18:00:00,,15.78,4.97,48.41,
2021-11-01 19:00:00,,15.56,8.79,37.13,
2021-11-01 20:00:00,,16.35,10.37,26.16,
2021-11-01 21:00:00,,15.92,11.76,19.45,
2021-11-01 22:00:00,,16.26,11.04,15.0,
2021-11-01 23:00:00,,15.47,8.74,13.97,
2021-11-02 00:00:00,,15.53,9.07,11.35,
2021-11-02 01:00:00,,15.4,8.25,9.15,
2021-11-02 02:00:00,,15.49,6.2,10.08,
2021-11-02 03:00:00,,15.47,6.44,7.22,
2021-11-02 04:00:00,,15.37,4.76,6.99,
2021-11-02 05:00:00,,15.36,4.83,4.14,
2021-11-02 06:00:00,,15.2,4.72,2.61,
2021-11-02 07:00:00,,15.13,5.76,4.74,
2021-11-02 08:00:00,,15.32,7.97,13.07,
2021-11-02 09:00:00,,16.15,8.66,23.96,
2021-11-02 10:00:00,,23.11,5.86,38.44,
2021-11-02 11:00:00,,21.56,5.68,65.78,
2021-11-02 12:00:00,,20.93,6.52,79.03,
2021-11-02 13:00:00,,31.56,10.33,106.6,
2021-11-02 14:00:00,,34.73,7.41,123.2,
2021-11-02 15:00:00,,26.05,,120.1,
2021-11-02 16:00:00,,20.76,4.51,114.5,
2021-11-02 17:00:00,,18.76,3.12,73.87,
2021-11-02 18:00:00,,17.87,2.95,57.4,
2021-11-02 19:00:00,,17.48,4.7,49.57,
2021-11-02 20:00:00,,17.24,6.31,39.23,
2021-11-02 21:00:00,,17.38,,30.87,
2021-11-02 22:00:00,,17.09,,25.94,
2021-11-02 23:00:00,,17.14,,22.57,
2021-11-03 00:00:00,,16.44,,21.13,
2021-11-03 01:00:00,,15.84,,18.47,
2021-11-03 02:00:00,,15.65,,18.15,
2021-11-03 03:00:00,,15.67,,12.72,
2021-11-03 04:00:00,,15.59,3.92,9.39,
2021-11-03 05:00:00,,15.61,4.16,11.41,
2021-11-03 06:00:00,,15.66,5.58,6.68,
2021-11-03 07:00:00,,15.82,8.31,4.18,
2021-11-03 08:00:00,,15.51,14.11,4.21,
2021-11-03 09:00:00,,15.59,16.91,5.3,
2021-11-03 10:00:00,,15.59,17.98,6.41,
2021-11-03 11:00:00,,15.65,19.93,7.39,
2021-11-03 12:00:00,,15.62,14.34,9.44,
2021-11-03 13:00:00,,15.61,14.91,11.2,
2021-11-03 14:00:00,,15.62,8.15,24.12,
2021-11-03 15:00:00,,15.49,7.3,24.45,
2021-11-03 16:00:00,,15.6,7.28,28.26,
2021-11-03 17:00:00,,15.57,7.94,36.82,
2021-11-03 18:00:00,,15.59,12.58,31.63,
2021-11-03 19:00:00,,15.58,12.63,24.29,
2021-11-03 20:00:00,,15.51,14.29,14.68,
2021-11-03 21:00:00,,15.48,12.94,11.41,
2021-11-03 22:00:00,,15.55,11.74,30.08,
2021-11-03 23:00:00,,15.49,16.21,23.71,
2021-11-04 00:00:00,,15.5,,22.56,
2021-11-04 01:00:00,,15.56,,20.84,
2021-11-04 02:00:00,,15.51,,13.36,
2021-11-04 03:00:00,,15.52,,15.43,
2021-11-04 04:00:00,,15.47,,16.9,
2021-11-04 05:00:00,,15.56,,8.59,
2021-11-04 06:00:00,,15.64,,4.91,
2021-11-04 07:00:00,,15.52,,7.32,
2021-11-04 08:00:00,,15.58,,15.04,
2021-11-04 09:00:00,,15.52,,26.55,
2021-11-04 10:00:00,,15.85,,97.0,
2021-11-04 11:00:00,,17.08,,94.61,
2021-11-04 12:00:00,,16.67,,97.65,
2021-11-04 13:00:00,,16.08,,92.49,
2021-11-04 14:00:00,,16.3,,91.29,
2021-11-04 15:00:00,,16.49,,93.02,
2021-11-04 16:00:00,,16.59,,90.29,
2021-11-04 17:00:00,,16.09,,83.26,
2021-11-04 18:00:00,,16.21,,79.96,
2021-11-04 19:00:00,,15.54,,61.31,
2021-11-04 20:00:00,,15.37,,50.63,
2021-11-04 21:00:00,,16.45,,39.29,
2021-11-04 22:00:00,,16.04,,32.11,
2021-11-04 23:00:00,,16.53,,21.61,
2021-11-05 00:00:00,,15.92,,16.31,
2021-11-05 01:00:00,,15.54,,15.9,
2021-11-05 02:00:00,,15.56,,14.31,
2021-11-05 03:00:00,,15.51,,7.94,
2021-11-05 04:00:00,,15.51,,9.73,
2021-11-05 05:00:00,,15.48,,16.17,
2021-11-05 06:00:00,,15.51,,16.48,
2021-11-05 07:00:00,,15.55,,16.15,
2021-11-05 08:00:00,,15.54,,20.73,
2021-11-05 09:00:00,,15.52,,31.37,
2021-11-05 10:00:00,,15.83,,46.52,
2021-11-05 11:00:00,,17.25,,77.16,
2021-11-05 12:00:00,,18.58,,99.27,
2021-11-05 13:00:00,,17.69,,115.0,
2021-11-05 14:00:00,,17.48,,121.9,
2021-11-05 15:00:00,,17.5,,108.4,
2021-11-05 16:00:00,,17.01,,87.88,
2021-11-05 17:00:00,,16.17,,70.58,
2021-11-05 18:00:00,,16.0,,59.68,
2021-11-05 19:00:00,,15.72,,47.47,
2021-11-05 20:00:00,,16.88,,37.78,
2021-11-05 21:00:00,,17.21,,25.84,
2021-11-05 22:00:00,,16.8,,24.01,
2021-11-05 23:00:00,,17.2,,27.54,
2021-11-06 00:00:00,,16.01,,28.48,
2021-11-06 01:00:00,,15.71,2.09,29.09,
2021-11-06 02:00:00,,15.82,2.39,27.87,
2021-11-06 03:00:00,,15.87,1.83,26.24,
2021-11-06 04:00:00,,15.94,1.1,27.48,
2021-11-06 05:00:00,,15.74,1.87,22.66,
2021-11-06 06:00:00,,15.72,2.35,18.71,
2021-11-06 07:00:00,,15.65,2.91,20.97,
2021-11-06 08:00:00,,15.8,,22.76,
2021-11-06 09:00:00,,15.83,3.3,27.04,
2021-11-06 10:00:00,,15.8,2.77,33.94,
2021-11-06 11:00:00,,15.84,3.49,38.35,
2021-11-06 12:00:00,,15.86,1.85,45.34,
2021-11-06 13:00:00,,15.89,2.78,38.56,
2021-11-06 14:00:00,,15.83,1.69,36.35,
2021-11-06 15:00:00,,15.75,1.68,36.44,
2021-11-06 16:00:00,,15.81,1.87,39.78,
2021-11-06 17:00:00,,15.85,2.39,40.21,
2021-11-06 18:00:00,,15.79,2.19,42.4,
2021-11-06 19:00:00,,15.79,3.21,39.41,
2021-11-06 20:00:00,,15.54,2.61,38.69,
2021-11-06 21:00:00,,15.47,2.53,39.57,
2021-11-06 22:00:00,,15.62,2.76,37.93,
2021-11-06 23:00:00,,15.64,2.35,37.5,
2021-11-07 00:00:00,,15.59,3.11,36.61,
2021-11-07 01:00:00,,15.61,2.63,39.35,
2021-11-07 02:00:00,,15.43,1.82,38.31,
2021-11-07 03:00:00,,15.44,1.14,37.77,
2021-11-07 04:00:00,,15.57,1.25,44.97,
2021-11-07 05:00:00,,15.67,0.47,51.23,
2021-11-07 06:00:00,,15.54,1.46,46.54,
2021-11-07 07:00:00,,15.49,2.07,57.14,
2021-11-07 08:00:00,,15.79,1.63,68.02,
2021-11-07 09:00:00,,15.57,1.52,72.82,
2021-11-07 10:00:00,,15.66,1.7,64.69,
2021-11-07 11:00:00,,15.81,2.03,60.47,
2021-11-07 12:00:00,,15.54,2.1,62.05,
2021-11-07 13:00:00,,15.5,2.17,68.35,
2021-11-07 14:00:00,,15.6,2.84,62.72,
2021-11-07 15:00:00,,15.74,1.41,73.74,
2021-11-07 16:00:00,,15.69,1.24,66.79,
2021-11-07 17:00:00,,15.58,1.38,65.61,
2021-11-07 18:00:00,,15.52,1.53,56.77,
2021-11-07 19:00:00,,15.54,2.42,48.57,
2021-11-07 20:00:00,,15.85,5.08,42.88,
2021-11-07 21:00:00,,15.71,4.46,41.15,
2021-11-07 22:00:00,,15.57,5.4,39.63,
2021-11-07 23:00:00,,15.49,5.38,34.81,
2021-11-08 00:00:00,,15.74,5.03,32.66,
2021-11-08 01:00:00,,15.44,6.56,22.97,
2021-11-08 02:00:00,,16.58,7.93,17.25,
2021-11-08 03:00:00,,16.57,7.12,14.63,
2021-11-08 04:00:00,,15.82,6.43,12.67,
2021-11-08 05:00:00,,15.78,6.91,12.08,
2021-11-08 06:00:00,,16.11,8.19,10.66,
2021-11-08 07:00:00,,15.81,10.48,8.6,
2021-11-08 08:00:00,,16.26,10.58,26.77,
2021-11-08 09:00:00,,15.51,5.56,44.58,
2021-11-08 10:00:00,,110.2,5.03,,
2021-11-08 11:00:00,,11.51,3.58,54.7,
2021-11-08 12:00:00,,11.39,4.14,57.59,
2021-11-08 13:00:00,,11.42,3.2,67.75,
2021-11-08 14:00:00,,11.49,2.37,64.02,
2021-11-08 15:00:00,,11.43,2.62,60.32,
2021-11-08 16:00:00,,11.42,2.22,56.83,
2021-11-08 17:00:00,,11.4,3.07,54.18,
2021-11-08 18:00:00,,11.44,3.42,49.8,
2021-11-08 19:00:00,,11.75,6.89,41.85,
2021-11-08 20:00:00,,11.68,7.86,38.81,
2021-11-08 21:00:00,,11.87,8.4,36.43,
2021-11-08 22:00:00,,11.75,8.03,32.54,
2021-11-08 23:00:00,,11.75,8.69,22.7,
2021-11-09 00:00:00,,11.56,10.06,12.88,
2021-11-09 01:00:00,,11.42,10.03,10.75,
2021-11-09 02:00:00,,11.5,10.94,5.24,
2021-11-09 03:00:00,,11.7,7.95,3.75,
2021-11-09 04:00:00,,11.81,5.63,4.67,
2021-11-09 05:00:00,,12.15,5.52,3.5,
2021-11-09 06:00:00,,11.9,4.73,3.81,
2021-11-09 07:00:00,,12.72,11.62,4.46,
2021-11-09 08:00:00,,16.69,22.78,23.65,
2021-11-09 09:00:00,,18.92,14.77,28.12,
2021-11-09 10:00:00,,14.26,6.79,51.1,
2021-11-09 11:00:00,,12.67,3.97,56.72,
2021-11-09 12:00:00,,11.78,6.2,59.63,
2021-11-09 13:00:00,,11.47,5.98,60.21,
2021-11-09 14:00:00,,11.52,3.0,61.99,
2021-11-09 15:00:00,,11.35,2.26,64.85,
2021-11-09 16:00:00,,11.48,2.28,70.86,
2021-11-09 17:00:00,,11.45,3.08,66.23,
2021-11-09 18:00:00,,11.59,4.06,64.59,
2021-11-09 19:00:00,,11.95,7.97,52.82,
2021-11-09 20:00:00,,12.1,8.96,42.98,
2021-11-09 21:00:00,,11.72,8.1,38.07,
2021-11-09 22:00:00,,11.93,6.84,36.65,
2021-11-09 23:00:00,,11.76,6.69,33.96,
2021-11-10 00:00:00,,11.7,5.85,31.97,
2021-11-10 01:00:00,,11.8,6.48,24.91,
2021-11-10 02:00:00,,11.48,6.27,17.27,
2021-11-10 03:00:00,,11.45,6.03,12.18,
2021-11-10 04:00:00,,11.5,6.66,12.96,
2021-11-10 05:00:00,,11.54,6.88,8.31,
2021-11-10 06:00:00,,11.45,7.84,8.48,
2021-11-10 07:00:00,,12.27,13.43,7.93,
2021-11-10 08:00:00,,12.13,8.46,30.48,
2021-11-10 09:00:00,,11.67,5.75,44.48,
2021-11-10 10:00:00,,12.29,5.78,50.45,
2021-11-10 11:00:00,,11.64,3.68,53.78,
2021-11-10 12:00:00,,11.5,3.21,57.68,
2021-11-10 13:00:00,,11.36,2.27,59.41,
2021-11-10 14:00:00,,11.25,2.64,55.16,
2021-11-10 15:00:00,,11.32,1.7,51.61,
2021-11-10 16:00:00,,11.29,1.14,55.8,
2021-11-10 17:00:00,,11.55,2.29,51.62,
2021-11-10 18:00:00,,11.69,3.36,49.75,
2021-11-10 19:00:00,,11.69,5.19,42.28,
2021-11-10 20:00:00,,11.95,4.39,40.46,
2021-11-10 21:00:00,,11.48,3.91,39.71,
2021-11-10 22:00:00,,11.65,3.47,38.2,
2021-11-10 23:00:00,,11.37,2.56,38.16,
2021-11-11 00:00:00,,11.36,2.23,38.67,
2021-11-11 01:00:00,,11.29,1.61,38.92,
2021-11-11 02:00:00,,11.67,1.7,37.73,
2021-11-11 03:00:00,,11.43,1.16,38.15,
2021-11-11 04:00:00,,10.99,1.05,38.83,
2021-11-11 05:00:00,,11.38,2.52,36.4,
2021-11-11 06:00:00,,11.25,4.01,33.09,
2021-11-11 07:00:00,,11.41,5.48,34.3,
2021-11-11 08:00:00,,11.08,7.02,39.08,
2021-11-11 09:00:00,,11.63,4.17,49.24,
2021-11-11 10:00:00,,11.81,2.81,56.75,
2021-11-11 11:00:00,,11.36,2.69,57.83,
2021-11-11 12:00:00,,11.62,3.35,58.19,
2021-11-11 13:00:00,,11.63,3.34,59.56,
2021-11-11 14:00:00,,11.69,3.92,58.18,
2021-11-11 15:00:00,,11.68,2.02,57.61,
2021-11-11 16:00:00,,11.81,1.54,53.06,
2021-11-11 17:00:00,,11.74,1.69,51.78,
2021-11-11 18:00:00,,11.81,2.43,48.62,
2021-11-11 19:00:00,,11.66,3.46,46.95,
2021-11-11 20:00:00,,11.37,4.21,45.58,
2021-11-11 21:00:00,,10.79,4.1,42.06,
2021-11-11 22:00:00,,11.32,3.42,42.05,
2021-11-11 23:00:00,,11.57,2.52,42.38,
2021-11-12 00:00:00,,11.47,2.91,40.0,
2021-11-12 01:00:00,,11.11,2.93,39.23,
2021-11-12 02:00:00,,11.2,2.94,36.9,
2021-11-12 03:00:00,,11.44,3.46,34.11,
2021-11-12 04:00:00,,11.67,4.3,27.91,
2021-11-12 05:00:00,,11.89,5.0,24.3,
2021-11-12 06:00:00,,11.88,8.82,19.88,
2021-11-12 07:00:00,,11.69,9.02,27.9,
2021-11-12 08:00:00,,11.75,4.87,39.94,
2021-11-12 09:00:00,,12.31,3.22,46.7,
2021-11-12 10:00:00,,11.84,3.21,50.55,
2021-11-12 11:00:00,,11.99,3.05,53.49,
2021-11-12 12:00:00,,11.88,3.14,54.85,
2021-11-12 13:00:00,,11.81,1.63,58.49,
2021-11-12 14:00:00,,12.58,2.56,55.44,
2021-11-12 15:00:00,,11.38,2.2,55.57,
2021-11-12 16:00:00,,12.31,2.62,54.83,
2021-11-12 17:00:00,,11.66,3.33,51.32,
2021-11-12 18:00:00,,11.69,2.64,48.44,
2021-11-12 19:00:00,,11.73,4.01,42.9,
2021-11-12 20:00:00,,11.87,6.74,39.58,
2021-11-12 21:00:00,,12.29,8.85,34.81,
2021-11-12 22:00:00,,11.49,6.47,34.05,
2021-11-12 23:00:00,,11.41,5.58,36.02,
2021-11-13 00:00:00,,11.52,5.33,35.52,
2021-11-13 01:00:00,,11.47,5.36,34.36,
2021-11-13 02:00:00,,11.58,6.86,28.27,
2021-11-13 03:00:00,,11.45,6.5,21.11,
2021-11-13 04:00:00,,11.4,5.64,19.72,
2021-11-13 05:00:00,,11.48,5.28,23.31,
2021-11-13 06:00:00,,11.46,9.07,15.06,
2021-11-13 07:00:00,,11.57,9.46,19.27,
2021-11-13 08:00:00,,11.53,5.28,35.71,
2021-11-13 09:00:00,,11.58,3.13,41.11,
2021-11-13 10:00:00,,11.69,3.29,46.45,
2021-11-13 11:00:00,,11.7,2.23,51.16,
2021-11-13 12:00:00,,11.73,3.52,51.73,
2021-11-13 13:00:00,,11.8,2.97,55.45,
2021-11-13 14:00:00,,11.76,1.89,62.23,
2021-11-13 15:00:00,,11.77,2.54,65.95,
2021-11-13 16:00:00,,11.99,2.86,66.09,
2021-11-13 17:00:00,,11.83,2.65,62.8,
2021-11-13 18:00:00,,11.88,3.26,53.81,
2021-11-13 19:00:00,,11.87,5.06,48.17,
2021-11-13 20:00:00,,11.75,7.56,40.28,
2021-11-13 21:00:00,,11.77,6.75,38.03,
2021-11-13 22:00:00,,11.72,6.41,36.31,
2021-11-13 23:00:00,,11.59,7.05,32.51,
2021-11-14 00:00:00,,11.66,5.69,33.01,
2021-11-14 01:00:00,,11.68,5.76,29.95,
2021-11-14 02:00:00,,11.77,8.36,17.6,
2021-11-14 03:00:00,,11.76,7.27,18.62,
2021-11-14 04:00:00,,11.67,5.79,16.56,
2021-11-14 05:00:00,,11.65,6.13,13.66,
2021-11-14 06:00:00,,11.71,5.8,11.89,
2021-11-14 07:00:00,,11.77,5.67,18.64,
2021-11-14 08:00:00,,21.69,9.66,31.46,
2021-11-14 09:00:00,,15.5,3.71,49.85,
2021-11-14 10:00:00,,13.46,3.91,58.81,
2021-11-14 11:00:00,,32.76,6.49,68.2,
2021-11-14 12:00:00,,45.17,7.04,84.73,
2021-11-14 13:00:00,,62.42,9.65,95.7,
2021-11-14 14:00:00,,45.05,8.79,111.5,
2021-11-14 15:00:00,,35.83,5.18,128.2,
2021-11-14 16:00:00,,24.12,4.5,120.8,
2021-11-14 17:00:00,,17.34,2.04,100.6,
2021-11-14 18:00:00,,14.09,3.42,91.07,
2021-11-14 19:00:00,,13.72,,56.69,
2021-11-14 20:00:00,,13.83,10.38,47.14,
2021-11-14 21:00:00,,13.83,11.66,35.23,
2021-11-14 22:00:00,,13.74,13.88,29.03,
2021-11-14 23:00:00,,13.12,15.9,20.64,
2021-11-15 00:00:00,,13.13,10.99,20.58,
2021-11-15 01:00:00,,13.36,,25.01,
2021-11-15 02:00:00,,12.38,,28.38,
2021-11-15 03:00:00,,12.13,,25.85,
2021-11-15 04:00:00,,12.12,,25.98,
2021-11-15 05:00:00,,12.13,,22.07,
2021-11-15 06:00:00,,12.1,,16.03,
2021-11-15 07:00:00,,12.1,,13.12,
2021-11-15 08:00:00,,12.16,,15.87,
2021-11-15 09:00:00,,14.0,,31.48,
2021-11-15 10:00:00,,25.14,,47.16,
2021-11-15 11:00:00,,18.83,,77.67,
2021-11-15 12:00:00,,16.43,,96.89,
2021-11-15 13:00:00,,14.81,,106.8,
2021-11-15 14:00:00,,13.85,,111.1,
2021-11-15 15:00:00,,13.76,,107.6,
2021-11-15 16:00:00,,13.24,,101.6,
2021-11-15 17:00:00,,13.32,,92.64,
2021-11-15 18:00:00,,12.63,,77.12,
2021-11-15 19:00:00,,12.29,,64.01,
2021-11-15 20:00:00,,13.17,,40.25,
2021-11-15 21:00:00,,12.63,,30.65,
2021-11-15 22:00:00,,13.11,,28.3,
2021-11-15 23:00:00,,13.03,,24.65,
2021-11-16 00:00:00,,12.44,,17.01,
2021-11-16 01:00:00,,12.23,,16.91,
2021-11-16 02:00:00,,12.09,,11.43,
2021-11-16 03:00:00,,12.07,,9.06,
2021-11-16 04:00:00,,12.1,,11.95,
2021-11-16 05:00:00,,12.1,,5.65,
2021-11-16 06:00:00,,12.13,,4.35,
2021-11-16 07:00:00,,12.48,,3.45,
2021-11-16 08:00:00,,12.58,,7.2,
2021-11-16 09:00:00,,13.74,,37.18,
2021-11-16 10:00:00,,14.45,,47.91,
2021-11-16 11:00:00,,15.89,,67.17,
2021-11-16 12:00:00,,24.21,,52.36,
2021-11-16 13:00:00,,20.1,,65.68,
2021-11-16 14:00:00,,16.44,,76.83,
2021-11-16 15:00:00,,14.55,,83.24,
2021-11-16 16:00:00,,13.75,,92.31,
2021-11-16 17:00:00,,12.4,,80.52,
2021-11-16 18:00:00,,12.55,,81.25,
2021-11-16 19:00:00,,,,,
2021-11-16 20:00:00,,12.32,,51.24,
2021-11-16 21:00:00,,12.37,,39.5,
2021-11-16 22:00:00,,12.38,,41.16,
2021-11-16 23:00:00,,12.42,,35.65,
2021-11-17 00:00:00,,12.69,,30.66,
2021-11-17 01:00:00,,12.33,,25.32,
2021-11-17 02:00:00,,12.27,,20.48,
2021-11-17 03:00:00,,12.33,,25.07,
2021-11-17 04:00:00,,12.33,,24.06,
2021-11-17 05:00:00,,12.36,,24.37,
2021-11-17 06:00:00,,12.22,,16.8,
2021-11-17 07:00:00,,12.34,,15.03,
2021-11-17 08:00:00,,12.61,,28.55,
2021-11-17 09:00:00,,12.24,,32.15,
2021-11-17 10:00:00,,12.09,,30.87,
2021-11-17 11:00:00,,12.1,,33.54,
2021-11-17 12:00:00,,12.04,,37.94,
2021-11-17 13:00:00,,12.08,,39.19,
2021-11-17 14:00:00,,12.07,,36.49,
2021-11-17 15:00:00,,12.1,,34.56,
2021-11-17 16:00:00,,12.09,,35.28,
2021-11-17 17:00:00,,12.08,,42.08,
2021-11-17 18:00:00,,12.03,,37.13,
2021-11-17 19:00:00,,12.05,,33.26,
2021-11-17 20:00:00,,11.78,,32.57,
2021-11-17 21:00:00,,11.84,,31.12,
2021-11-17 22:00:00,,12.0,,26.21,
2021-11-17 23:00:00,,11.83,,23.4,
2021-11-18 00:00:00,,11.92,,23.58,
2021-11-18 01:00:00,,11.98,,22.52,
2021-11-18 02:00:00,,11.85,2.44,25.11,
2021-11-18 03:00:00,,11.88,2.14,24.4,
2021-11-18 04:00:00,,11.82,1.64,25.8,
2021-11-18 05:00:00,,11.81,1.34,25.04,
2021-11-18 06:00:00,,11.83,3.7,20.05,
2021-11-18 07:00:00,,11.96,7.99,17.36,
2021-11-18 08:00:00,,11.98,9.0,18.96,
2021-11-18 09:00:00,,11.97,8.62,20.13,
2021-11-18 10:00:00,,11.97,6.14,24.48,
2021-11-18 11:00:00,,12.0,4.8,25.56,
2021-11-18 12:00:00,,12.03,4.06,29.85,
2021-11-18 13:00:00,,12.0,4.29,32.82,
2021-11-18 14:00:00,,12.08,3.61,35.76,
2021-11-18 15:00:00,,11.92,3.52,35.05,
2021-11-18 16:00:00,,12.02,3.63,35.13,
2021-11-18 17:00:00,,12.1,5.0,33.62,
2021-11-18 18:00:00,,12.03,6.95,28.5,
2021-11-18 19:00:00,,12.14,7.75,27.21,
2021-11-18 20:00:00,,12.23,7.94,26.04,
2021-11-18 21:00:00,,12.07,7.81,26.29,
2021-11-18 22:00:00,,12.08,5.22,37.19,
2021-11-18 23:00:00,,12.05,3.45,34.97,
2021-11-19 00:00:00,,12.1,6.47,25.54,
2021-11-19 01:00:00,,12.08,7.35,19.96,
2021-11-19 02:00:00,,12.09,,21.64,
2021-11-19 03:00:00,,12.05,2.64,24.34,
2021-11-19 04:00:00,,12.12,1.49,30.8,
2021-11-19 05:00:00,,12.09,1.94,30.98,
2021-11-19 06:00:00,,12.06,6.17,17.98,
2021-11-19 07:00:00,,12.07,8.92,18.31,
2021-11-19 08:00:00,,12.08,7.96,21.46,
2021-11-19 09:00:00,,12.18,4.4,32.02,
2021-11-19 10:00:00,,12.3,3.85,37.73,
2021-11-19 11:00:00,,12.17,4.46,41.3,
2021-11-19 12:00:00,,12.29,5.26,45.62,
2021-11-19 13:00:00,,12.33,5.27,47.31,
2021-11-19 14:00:00,,12.36,5.59,46.42,
2021-11-19 15:00:00,,12.32,8.13,44.02,
2021-11-19 16:00:00,,12.29,4.94,49.81,
2021-11-19 17:00:00,,12.24,4.25,52.97,
2021-11-19 18:00:00,,12.3,5.83,45.51,
2021-11-19 19:00:00,,12.31,11.39,31.53,
2021-11-19 20:00:00,,12.15,11.02,27.96,
2021-11-19 21:00:00,,12.09,11.22,23.76,
2021-11-19 22:00:00,,12.05,11.53,19.04,
2021-11-19 23:00:00,,12.08,13.59,11.33,
2021-11-20 00:00:00,,12.01,9.93,13.77,
2021-11-20 01:00:00,,11.99,10.77,6.08,
2021-11-20 02:00:00,,12.04,9.53,2.51,
2021-11-20 03:00:00,,12.11,8.61,0.98,
2021-11-20 04:00:00,,12.02,6.58,0.98,
2021-11-20 05:00:00,,11.96,5.43,0.98,
2021-11-20 06:00:00,,12.0,3.44,0.98,
2021-11-20 07:00:00,,12.01,7.22,5.91,
2021-11-20 08:00:00,,13.78,12.67,15.2,
2021-11-20 09:00:00,,46.12,17.7,34.24,
2021-11-20 10:00:00,,33.01,11.86,53.06,
2021-11-20 11:00:00,,24.47,11.92,77.04,
2021-11-20 12:00:00,,17.71,9.44,87.05,
2021-11-20 13:00:00,,14.4,8.26,104.6,
2021-11-20 14:00:00,,13.86,6.79,83.91,
2021-11-20 15:00:00,,12.94,5.11,72.37,
2021-11-20 16:00:00,,12.42,5.76,72.65,
2021-11-20 17:00:00,,12.45,7.38,69.19,
2021-11-20 18:00:00,,12.8,7.81,63.65,
2021-11-20 19:00:00,,12.96,8.39,53.09,
2021-11-20 20:00:00,,13.89,24.45,23.43,
2021-11-20 21:00:00,,13.95,25.05,11.54,
2021-11-20 22:00:00,,13.78,20.97,7.96,
2021-11-20 23:00:00,,13.8,17.73,3.6,
2021-11-21 00:00:00,,13.16,15.29,2.29,
2021-11-21 01:00:00,,12.58,12.1,2.12,
2021-11-21 02:00:00,,12.22,10.75,0.98,
2021-11-21 03:00:00,,12.29,13.19,0.98,
2021-11-21 04:00:00,,12.19,10.3,0.98,
2021-11-21 05:00:00,,12.15,7.46,0.98,
2021-11-21 06:00:00,,12.07,8.3,2.14,
2021-11-21 07:00:00,,12.82,14.27,22.29,
2021-11-21 08:00:00,,30.89,28.01,33.34,
2021-11-21 09:00:00,,47.84,17.57,36.73,
2021-11-21 10:00:00,,68.33,13.17,46.02,
2021-11-21 11:00:00,,107.9,15.81,53.6,
2021-11-21 12:00:00,,133.5,11.6,67.43,
2021-11-21 13:00:00,,60.35,6.99,88.88,
2021-11-21 14:00:00,,47.66,9.12,103.3,
2021-11-21 15:00:00,,34.5,6.17,114.2,
2021-11-21 16:00:00,,23.57,4.54,115.6,
2021-11-21 17:00:00,,20.0,6.92,113.6,
2021-11-21 18:00:00,,17.18,9.09,93.18,
2021-11-21 19:00:00,,15.64,17.68,70.51,
2021-11-21 20:00:00,,16.11,30.69,36.19,
2021-11-21 21:00:00,,16.37,22.94,42.67,
2021-11-21 22:00:00,,14.78,17.27,47.17,
2021-11-21 23:00:00,,14.17,17.28,30.52,
2021-11-22 00:00:00,,14.17,18.94,16.74,
2021-11-22 01:00:00,,14.08,24.15,4.95,
2021-11-22 02:00:00,,14.06,16.49,6.76,
2021-11-22 03:00:00,,13.34,14.36,7.23,
2021-11-22 04:00:00,,12.8,12.78,3.71,
2021-11-22 05:00:00,,12.64,14.05,3.47,
2021-11-22 06:00:00,,12.91,11.75,2.11,
2021-11-22 07:00:00,,12.74,17.77,7.14,
2021-11-22 08:00:00,,12.74,21.07,32.72,
2021-11-22 09:00:00,,12.71,16.25,58.83,
2021-11-22 10:00:00,,16.91,22.12,67.51,
2021-11-22 11:00:00,,24.01,16.46,104.3,
2021-11-22 12:00:00,,17.6,10.35,109.8,
2021-11-22 13:00:00,,18.09,11.56,116.9,
2021-11-22 14:00:00,,45.82,11.21,89.92,
2021-11-22 15:00:00,,17.18,6.36,103.8,
2021-11-22 16:00:00,,20.42,5.63,108.7,
2021-11-22 17:00:00,,18.13,8.09,106.1,
2021-11-22 18:00:00,,14.76,6.39,105.9,
2021-11-22 19:00:00,,14.05,16.05,95.78,
2021-11-22 20:00:00,,14.68,24.03,58.73,
2021-11-22 21:00:00,,14.07,24.41,48.48,
2021-11-22 22:00:00,,13.71,27.84,26.72,
2021-11-22 23:00:00,,13.42,30.66,9.55,
2021-11-23 00:00:00,,13.44,36.82,9.29,
2021-11-23 01:00:00,,13.93,26.63,23.33,
2021-11-23 02:00:00,,14.31,22.89,25.13,
2021-11-23 03:00:00,,29.32,20.63,32.2,
2021-11-23 04:00:00,,26.71,16.29,24.93,
2021-11-23 05:00:00,,18.13,18.96,13.08,
2021-11-23 06:00:00,,16.08,2.5,73.87,
2021-11-23 07:00:00,,14.75,4.23,76.01,
2021-11-23 08:00:00,,14.52,5.24,70.34,
2021-11-23 09:00:00,,14.11,,63.85,
2021-11-23 10:00:00,,14.17,3.46,58.22,
2021-11-23 11:00:00,,14.01,2.35,52.14,
2021-11-23 12:00:00,,13.14,2.23,47.94,
2021-11-23 13:00:00,,13.22,1.52,49.62,
2021-11-23 14:00:00,,12.71,2.36,49.71,
2021-11-23 15:00:00,,12.42,1.93,50.54,
2021-11-23 16:00:00,,12.53,1.86,51.0,
2021-11-23 17:00:00,,12.59,2.07,50.85,
2021-11-23 18:00:00,,12.51,3.49,47.31,
2021-11-23 19:00:00,,12.54,5.73,40.74,
2021-11-23 20:00:00,,12.38,8.15,34.88,
2021-11-23 21:00:00,,12.38,7.21,32.8,
2021-11-23 22:00:00,,12.36,5.35,31.49,
2021-11-23 23:00:00,,12.28,4.95,30.88,
2021-11-24 00:00:00,,12.29,5.15,29.2,
2021-11-24 01:00:00,,12.23,5.13,25.72,
2021-11-24 02:00:00,,12.36,7.09,16.61,
2021-11-24 03:00:00,,12.55,4.41,21.87,
2021-11-24 04:00:00,,12.34,5.57,14.14,
2021-11-24 05:00:00,,12.44,6.84,9.29,
2021-11-24 06:00:00,,12.5,8.98,10.21,
2021-11-24 07:00:00,,12.7,11.63,7.97,
2021-11-24 08:00:00,,12.39,8.38,24.77,
2021-11-24 09:00:00,,12.32,3.89,38.11,
2021-11-24 10:00:00,,12.38,3.25,45.69,
2021-11-24 11:00:00,,12.36,4.3,56.86,
2021-11-24 12:00:00,,12.38,6.57,65.31,
2021-11-24 13:00:00,,12.33,5.71,63.33,
2021-11-24 14:00:00,,12.85,3.77,64.63,
2021-11-24 15:00:00,,12.36,3.23,64.86,
2021-11-24 16:00:00,,12.22,2.94,60.13,
2021-11-24 17:00:00,,12.22,3.35,60.1,
2021-11-24 18:00:00,,12.17,5.19,52.9,
2021-11-24 19:00:00,,12.31,8.1,44.78,
2021-11-24 20:00:00,,12.36,,39.74,
2021-11-24 21:00:00,,12.41,,27.96,
2021-11-24 22:00:00,,12.53,13.72,19.03,
2021-11-24 23:00:00,,12.45,14.86,12.51,
2021-11-25 00:00:00,,12.3,14.81,6.74,
2021-11-25 01:00:00,,12.21,12.75,5.99,
2021-11-25 02:00:00,,12.33,11.36,5.94,
2021-11-25 03:00:00,,13.05,9.06,4.05,
2021-11-25 04:00:00,,13.76,6.98,6.48,
2021-11-25 05:00:00,,13.8,7.39,3.9,
2021-11-25 06:00:00,,13.62,8.6,2.54,
2021-11-25 07:00:00,,13.95,10.58,5.78,
2021-11-25 08:00:00,,13.69,14.96,10.24,
2021-11-25 09:00:00,,12.77,14.64,28.1,
2021-11-25 10:00:00,,12.49,11.34,54.04,
2021-11-25 11:00:00,,12.58,9.25,82.36,
2021-11-25 12:00:00,,12.51,10.13,100.8,
2021-11-25 13:00:00,,12.42,9.47,105.8,
2021-11-25 14:00:00,,12.3,,113.2,
2021-11-25 15:00:00,,12.34,,115.0,
2021-11-25 16:00:00,,12.34,,96.94,
2021-11-25 17:00:00,,12.38,19.71,69.29,
2021-11-25 18:00:00,,12.37,,48.33,
2021-11-25 19:00:00,,12.54,23.24,29.13,
2021-11-25 20:00:00,,12.6,16.36,33.98,
2021-11-25 21:00:00,,12.54,9.02,43.39,
2021-11-25 22:00:00,,12.55,6.68,45.13,
2021-11-25 23:00:00,,12.49,6.48,39.78,
2021-11-26 00:00:00,,12.51,,26.25,
2021-11-26 01:00:00,,12.4,,21.68,
2021-11-26 02:00:00,,12.45,,26.54,
2021-11-26 03:00:00,,12.39,,29.76,
2021-11-26 04:00:00,,12.6,,22.37,
2021-11-26 05:00:00,,12.61,,17.98,
2021-11-26 06:00:00,,12.63,,29.33,
2021-11-26 07:00:00,,12.6,,26.9,
2021-11-26 08:00:00,,12.58,,34.1,
2021-11-26 09:00:00,,13.66,,35.52,
2021-11-26 10:00:00,,14.37,,47.06,
2021-11-26 11:00:00,,13.99,,51.74,
2021-11-26 12:00:00,,15.18,,50.03,
2021-11-26 13:00:00,,13.97,,52.22,
2021-11-26 14:00:00,,13.97,,57.07,
2021-11-26 15:00:00,,13.47,,53.6,
2021-11-26 16:00:00,,13.29,,47.15,
2021-11-26 17:00:00,,13.49,,45.59,
2021-11-26 18:00:00,,13.05,,45.62,
2021-11-26 19:00:00,,12.52,,41.7,
2021-11-26 20:00:00,,12.45,,27.22,
2021-11-26 21:00:00,,12.54,,33.02,
2021-11-26 22:00:00,,12.5,,44.81,
2021-11-26 23:00:00,,12.6,,38.77,
2021-11-27 00:00:00,,12.63,,40.19,
2021-11-27 01:00:00,,12.58,,40.35,
2021-11-27 02:00:00,,12.5,,39.53,
2021-11-27 03:00:00,,12.52,,38.19,
2021-11-27 04:00:00,,12.53,,34.6,
2021-11-27 05:00:00,,12.46,,30.19,
2021-11-27 06:00:00,,12.48,,31.37,
2021-11-27 07:00:00,,12.59,,19.09,
2021-11-27 08:00:00,,12.63,,17.84,
2021-11-27 09:00:00,,12.55,,35.0,
2021-11-27 10:00:00,,12.53,,36.1,
2021-11-27 11:00:00,,12.45,,32.93,
2021-11-27 12:00:00,,12.62,,37.27,
2021-11-27 13:00:00,,12.56,,35.39,
2021-11-27 14:00:00,,12.56,,40.73,
2021-11-27 15:00:00,,12.5,,41.53,
2021-11-27 16:00:00,,12.53,,40.28,
2021-11-27 17:00:00,,12.57,,41.21,
2021-11-27 18:00:00,,12.51,,35.27,
2021-11-27 19:00:00,,12.55,,31.39,
2021-11-27 20:00:00,,12.55,,26.66,
2021-11-27 21:00:00,,12.55,,22.8,
2021-11-27 22:00:00,,12.55,,21.58,
2021-11-27 23:00:00,,12.49,,23.55,
2021-11-28 00:00:00,,12.41,,22.14,
2021-11-28 01:00:00,,12.57,2.85,23.25,
2021-11-28 02:00:00,,12.49,2.79,20.43,
2021-11-28 03:00:00,,12.5,2.66,18.74,
2021-11-28 04:00:00,,12.39,,16.74,
2021-11-28 05:00:00,,12.54,,9.69,
2021-11-28 06:00:00,,12.51,,5.05,
2021-11-28 07:00:00,,12.98,,12.54,
2021-11-28 08:00:00,,12.65,4.31,22.04,
2021-11-28 09:00:00,,13.31,3.35,35.58,
2021-11-28 10:00:00,,13.39,1.92,44.69,
2021-11-28 11:00:00,,13.18,2.35,47.67,
2021-11-28 12:00:00,,12.87,2.61,46.93,
2021-11-28 13:00:00,,12.92,2.69,61.81,
2021-11-28 14:00:00,,13.62,2.05,68.11,
2021-11-28 15:00:00,,14.05,1.95,72.4,
2021-11-28 16:00:00,,13.99,,71.93,
2021-11-28 17:00:00,,14.23,,60.45,
2021-11-28 18:00:00,,14.37,,48.45,
2021-11-28 19:00:00,,14.13,12.98,35.6,
2021-11-28 20:00:00,,13.67,15.38,21.82,
2021-11-28 21:00:00,,13.36,,25.96,
2021-11-28 22:00:00,,12.93,,30.17,
2021-11-28 23:00:00,,13.07,,15.28,
2021-11-29 00:00:00,,12.83,11.6,6.41,
2021-11-29 01:00:00,,12.71,,8.05,
2021-11-29 02:00:00,,12.61,,11.21,
2021-11-29 03:00:00,,13.59,,8.35,
2021-11-29 04:00:00,,17.94,,14.4,
2021-11-29 05:00:00,,21.57,,21.82,
2021-11-29 06:00:00,,22.18,11.59,21.74,
2021-11-29 07:00:00,,26.52,21.41,15.92,
2021-11-29 08:00:00,,70.94,23.73,28.6,
2021-11-29 09:00:00,,94.17,18.46,45.28,
2021-11-29 10:00:00,,50.15,16.23,53.9,
2021-11-29 11:00:00,,37.03,13.29,57.09,
2021-11-29 12:00:00,,33.84,14.64,57.0,
2021-11-29 13:00:00,,21.03,5.62,67.79,
2021-11-29 14:00:00,,17.26,6.21,63.95,
2021-11-29 15:00:00,,18.51,9.2,59.77,
2021-11-29 16:00:00,,16.07,5.96,61.91,
2021-11-29 17:00:00,,14.4,6.44,59.36,
2021-11-29 18:00:00,,14.25,8.83,54.66,
2021-11-29 19:00:00,,14.08,14.42,45.57,
2021-11-29 20:00:00,,13.91,14.65,42.17,
2021-11-29 21:00:00,,13.88,19.66,32.03,
2021-11-29 22:00:00,,13.64,17.72,32.94,
2021-11-29 23:00:00,,14.7,20.49,30.74,
2021-11-30 00:00:00,,24.09,24.44,19.38,
2021-11-30 01:00:00,,101.6,34.04,6.38,
2021-11-30 02:00:00,,164.6,27.65,12.3,
2021-11-30 03:00:00,,55.25,31.56,5.99,
2021-11-30 04:00:00,,47.35,16.51,26.31,
2021-11-30 05:00:00,,24.46,,31.79,
2021-11-30 06:00:00,,19.73,9.16,26.89,
2021-11-30 07:00:00,,17.79,11.86,25.47,
2021-11-30 08:00:00,,16.67,7.36,30.1,
2021-11-30 09:00:00,,16.38,4.81,39.81,
2021-11-30 10:00:00,,16.52,3.89,44.82,
2021-11-30 11:00:00,,15.66,3.61,50.92,
2021-11-30 12:00:00,,14.3,4.52,45.51,
2021-11-30 13:00:00,,13.93,3.66,49.77,
2021-11-30 14:00:00,,14.02,4.33,51.38,
2021-11-30 15:00:00,,13.54,4.37,51.25,
2021-11-30 16:00:00,,13.0,3.56,51.58,
2021-11-30 17:00:00,,12.75,5.83,44.54,
2021-11-30 18:00:00,,12.68,6.94,38.94,
2021-11-30 19:00:00,,12.63,,34.63,
2021-11-30 20:00:00,,12.58,,28.16,
2021-11-30 21:00:00,,12.76,,21.68,
2021-11-30 22:00:00,,13.24,20.89,7.53,
2021-11-30 23:00:00,,13.37,,20.33,
2021-12-01 00:00:00,,13.26,2.3,20.86,
2021-12-01 01:00:00,,12.96,2.26,19.38,
2021-12-01 02:00:00,,13.11,1.82,22.61,
2021-12-01 03:00:00,,12.96,1.96,21.61,
2021-12-01 04:00:00,,13.1,3.14,13.48,
2021-12-01 05:00:00,,12.9,,12.74,
2021-12-01 06:00:00,,12.8,2.57,15.86,
2021-12-01 07:00:00,,12.8,5.55,12.11,
2021-12-01 08:00:00,,12.76,,16.97,
2021-12-01 09:00:00,,13.08,10.37,12.67,
2021-12-01 10:00:00,,13.94,8.47,17.98,
2021-12-01 11:00:00,,14.33,3.25,22.32,
2021-12-01 12:00:00,,14.28,4.96,22.98,
2021-12-01 13:00:00,,13.97,5.75,24.76,
2021-12-01 14:00:00,,13.42,6.04,27.34,
2021-12-01 15:00:00,,12.92,2.75,32.35,
2021-12-01 16:00:00,,12.94,2.32,33.01,
2021-12-01 17:00:00,,12.76,3.06,32.34,
2021-12-01 18:00:00,,12.62,4.76,29.66,
2021-12-01 19:00:00,,13.0,6.99,26.58,
2021-12-01 20:00:00,,12.87,7.99,24.74,
2021-12-01 21:00:00,,13.67,6.7,25.72,
2021-12-01 22:00:00,,13.7,7.78,21.56,
2021-12-01 23:00:00,,13.3,8.95,18.34,
2021-12-02 00:00:00,,12.3,,18.48,
2021-12-02 01:00:00,,12.43,,16.43,
2021-12-02 02:00:00,,12.4,,12.78,
2021-12-02 03:00:00,,12.43,,8.69,
2021-12-02 04:00:00,,12.28,,8.33,
2021-12-02 05:00:00,,12.37,,6.33,
2021-12-02 06:00:00,,12.37,,3.83,
2021-12-02 07:00:00,,12.27,,10.93,
2021-12-02 08:00:00,,12.34,,28.12,
2021-12-02 09:00:00,,12.45,,37.86,
2021-12-02 10:00:00,,13.1,,44.81,
2021-12-02 11:00:00,,13.23,,46.2,
2021-12-02 12:00:00,,12.6,,43.07,
2021-12-02 13:00:00,,12.58,,43.95,
2021-12-02 14:00:00,,12.9,,46.38,
2021-12-02 15:00:00,,12.59,,45.01,
2021-12-02 16:00:00,,12.63,,44.97,
2021-12-02 17:00:00,,12.56,,41.34,
2021-12-02 18:00:00,,12.59,,40.19,
2021-12-02 19:00:00,,12.6,,38.14,
2021-12-02 20:00:00,,13.62,,34.06,
2021-12-02 21:00:00,,13.54,,29.48,
2021-12-02 22:00:00,,12.91,,21.23,
2021-12-02 23:00:00,,12.65,,17.76,
2021-12-03 00:00:00,,12.69,,20.23,
2021-12-03 01:00:00,,12.51,,19.17,
2021-12-03 02:00:00,,12.42,,19.32,
2021-12-03 03:00:00,,12.37,1.92,21.79,
2021-12-03 04:00:00,,12.4,2.25,20.35,
2021-12-03 05:00:00,,12.37,3.24,18.68,
2021-12-03 06:00:00,,12.48,8.52,11.76,
2021-12-03 07:00:00,,12.54,9.08,17.48,
2021-12-03 08:00:00,,12.7,7.1,25.78,
2021-12-03 09:00:00,,13.39,3.25,37.95,
2021-12-03 10:00:00,,13.22,2.89,43.26,
2021-12-03 11:00:00,,12.69,2.8,46.96,
2021-12-03 12:00:00,,12.83,2.61,50.16,
2021-12-03 13:00:00,,12.76,2.45,52.61,
2021-12-03 14:00:00,,12.81,2.51,52.83,
2021-12-03 15:00:00,,12.83,2.27,50.81,
2021-12-03 16:00:00,,12.88,1.98,49.54,
2021-12-03 17:00:00,,12.82,2.47,50.65,
2021-12-03 18:00:00,,12.8,3.43,46.71,
2021-12-03 19:00:00,,12.75,3.65,37.29,
2021-12-03 20:00:00,,12.74,,31.65,
2021-12-03 21:00:00,,12.77,,27.62,
2021-12-03 22:00:00,,12.72,,26.61,
2021-12-03 23:00:00,,12.67,,22.14,
2021-12-04 00:00:00,,12.7,,16.72,
2021-12-04 01:00:00,,12.68,,12.39,
2021-12-04 02:00:00,,12.64,,10.21,
2021-12-04 03:00:00,,13.64,,11.37,
2021-12-04 04:00:00,,13.96,,10.82,
2021-12-04 05:00:00,,14.27,,8.4,
2021-12-04 06:00:00,,13.19,,7.16,
2021-12-04 07:00:00,,13.58,,10.72,
2021-12-04 08:00:00,,13.89,,22.07,
2021-12-04 09:00:00,,12.92,,33.58,
2021-12-04 10:00:00,,12.87,,43.69,
2021-12-04 11:00:00,,12.8,,49.21,
2021-12-04 12:00:00,,12.83,,53.88,
2021-12-04 13:00:00,,13.01,,55.2,
2021-12-04 14:00:00,,13.06,,61.37,
2021-12-04 15:00:00,,13.12,,61.73,
2021-12-04 16:00:00,,13.09,,56.32,
2021-12-04 17:00:00,,13.06,,44.64,
2021-12-04 18:00:00,,13.07,,37.86,
2021-12-04 19:00:00,,12.96,,32.57,
2021-12-04 20:00:00,,12.8,,27.19,
2021-12-04 21:00:00,,12.78,,26.84,
2021-12-04 22:00:00,,12.72,,25.78,
2021-12-04 23:00:00,,12.76,,24.0,
2021-12-05 00:00:00,,12.85,,22.57,
2021-12-05 01:00:00,,12.64,,20.38,
2021-12-05 02:00:00,,12.79,,20.27,
2021-12-05 03:00:00,,12.6,1.57,21.9,
2021-12-05 04:00:00,,12.78,2.03,19.62,
2021-12-05 05:00:00,,12.7,1.76,17.7,
2021-12-05 06:00:00,,12.8,1.97,17.78,
2021-12-05 07:00:00,,12.76,2.14,18.53,
2021-12-05 08:00:00,,12.83,1.88,20.46,
2021-12-05 09:00:00,,12.74,2.03,25.98,
2021-12-05 10:00:00,,12.74,2.03,33.7,
2021-12-05 11:00:00,,12.91,2.16,40.08,
2021-12-05 12:00:00,,13.08,2.07,43.84,
2021-12-05 13:00:00,,13.25,2.89,49.63,
2021-12-05 14:00:00,,13.33,1.39,48.39,
2021-12-05 15:00:00,,13.31,1.23,50.97,
2021-12-05 16:00:00,,13.55,0.98,45.72,
2021-12-05 17:00:00,,13.31,0.97,42.58,
2021-12-05 18:00:00,,13.17,0.47,39.97,
2021-12-05 19:00:00,,13.03,1.86,33.87,
2021-12-05 20:00:00,,12.86,2.43,29.95,
2021-12-05 21:00:00,,12.82,2.3,27.78,
2021-12-05 22:00:00,,12.78,1.9,26.73,
2021-12-05 23:00:00,,12.77,2.0,26.39,
2021-12-06 00:00:00,,12.79,1.89,25.8,
2021-12-06 01:00:00,,12.77,1.17,24.93,
2021-12-06 02:00:00,,12.7,0.47,22.72,
2021-12-06 03:00:00,,12.82,1.13,16.58,
2021-12-06 04:00:00,,12.78,1.07,17.64,
2021-12-06 05:00:00,,12.83,0.47,37.96,
2021-12-06 06:00:00,,12.77,2.85,45.8,
2021-12-06 07:00:00,,12.89,9.36,18.14,
2021-12-06 08:00:00,,12.86,7.72,15.3,
2021-12-06 09:00:00,,13.23,5.06,16.99,
2021-12-06 10:00:00,,12.8,2.63,17.43,
2021-12-06 11:00:00,,12.78,1.36,29.43,
2021-12-06 12:00:00,,12.4,1.42,33.89,
2021-12-06 13:00:00,,12.73,1.05,33.66,
2021-12-06 14:00:00,,12.78,2.76,31.31,
2021-12-06 15:00:00,,12.76,0.47,34.12,
2021-12-06 16:00:00,,13.0,0.94,32.11,
2021-12-06 17:00:00,,12.78,2.2,29.35,
2021-12-06 18:00:00,,12.6,3.16,27.66,
2021-12-06 19:00:00,,12.75,3.74,25.03,
2021-12-06 20:00:00,,12.79,,22.97,
2021-12-06 21:00:00,,12.81,,20.9,
2021-12-06 22:00:00,,12.84,2.03,22.3,
2021-12-06 23:00:00,,12.83,2.22,21.63,
2021-12-07 00:00:00,,12.86,1.89,23.8,
2021-12-07 01:00:00,,12.74,1.52,24.43,
2021-12-07 02:00:00,,13.7,1.02,24.54,
2021-12-07 03:00:00,,13.13,0.47,25.42,
2021-12-07 04:00:00,,12.78,0.47,23.49,
2021-12-07 05:00:00,,12.74,1.22,22.33,
2021-12-07 06:00:00,,12.82,6.59,13.37,
2021-12-07 07:00:00,,13.1,8.36,12.7,
2021-12-07 08:00:00,,12.87,6.88,19.67,
2021-12-07 09:00:00,,13.7,3.81,31.53,
2021-12-07 10:00:00,,14.15,2.7,40.03,
2021-12-07 11:00:00,,13.07,2.76,41.15,
2021-12-07 12:00:00,,12.7,2.41,42.01,
2021-12-07 13:00:00,,12.96,2.52,43.92,
2021-12-07 14:00:00,,12.82,2.5,44.25,
2021-12-07 15:00:00,,12.74,2.71,43.58,
2021-12-07 16:00:00,,13.11,1.76,44.4,
2021-12-07 17:00:00,,12.8,1.99,41.81,
2021-12-07 18:00:00,,12.81,2.78,39.79,
2021-12-07 19:00:00,,12.79,3.19,33.71,
2021-12-07 20:00:00,,12.74,3.46,30.77,
2021-12-07 21:00:00,,12.95,4.36,28.32,
2021-12-07 22:00:00,,14.04,6.0,24.6,
2021-12-07 23:00:00,,14.19,4.97,24.65,
2021-12-08 00:00:00,,13.31,3.37,25.69,
2021-12-08 01:00:00,,12.97,1.99,26.47,
2021-12-08 02:00:00,,12.86,1.99,24.88,
2021-12-08 03:00:00,,12.85,2.79,18.53,
2021-12-08 04:00:00,,12.72,3.67,12.86,
2021-12-08 05:00:00,,12.68,4.62,9.74,
2021-12-08 06:00:00,,12.65,7.26,6.22,
2021-12-08 07:00:00,,13.05,10.8,8.59,
2021-12-08 08:00:00,,13.41,10.96,14.67,
2021-12-08 09:00:00,,13.74,4.84,33.24,
2021-12-08 10:00:00,,13.23,3.49,37.71,
2021-12-08 11:00:00,,12.8,4.72,37.68,
2021-12-08 12:00:00,,12.92,3.89,43.08,
2021-12-08 13:00:00,,12.86,4.59,47.33,
2021-12-08 14:00:00,,12.88,3.77,47.33,
2021-12-08 15:00:00,,12.82,2.44,46.98,
2021-12-08 16:00:00,,12.8,2.12,45.83,
2021-12-08 17:00:00,,12.79,1.9,43.68,
2021-12-08 18:00:00,,12.85,3.81,39.79,
2021-12-08 19:00:00,,12.8,5.15,36.45,
2021-12-08 20:00:00,,12.78,5.17,33.31,
2021-12-08 21:00:00,,13.3,4.72,32.2,
2021-12-08 22:00:00,,14.31,5.84,27.73,
2021-12-08 23:00:00,,14.15,7.42,20.83,
2021-12-09 00:00:00,,13.61,7.38,15.86,
2021-12-09 01:00:00,,12.83,7.48,12.56,
2021-12-09 02:00:00,,12.62,6.93,9.35,
2021-12-09 03:00:00,,12.69,6.75,6.67,
2021-12-09 04:00:00,,12.68,5.68,6.75,
2021-12-09 05:00:00,,12.65,4.54,7.89,
2021-12-09 06:00:00,,12.71,7.84,5.22,
2021-12-09 07:00:00,,13.0,8.61,10.7,
2021-12-09 08:00:00,,13.68,7.52,16.7,
2021-12-09 09:00:00,,13.49,5.64,28.06,
2021-12-09 10:00:00,,12.91,3.38,35.06,
2021-12-09 11:00:00,,172.5,3.18,,
2021-12-09 12:00:00,,15.09,3.64,41.46,
2021-12-09 13:00:00,,14.25,3.03,42.62,
2021-12-09 14:00:00,,13.95,3.01,42.94,
2021-12-09 15:00:00,,14.02,2.27,42.8,
2021-12-09 16:00:00,,13.96,2.04,39.89,
2021-12-09 17:00:00,,13.92,2.58,39.11,
2021-12-09 18:00:00,,13.85,3.23,37.11,
2021-12-09 19:00:00,,13.76,4.23,32.44,
2021-12-09 20:00:00,,13.71,4.91,29.04,
2021-12-09 21:00:00,,13.69,5.73,28.38,
2021-12-09 22:00:00,,13.64,7.66,25.81,
2021-12-09 23:00:00,,13.84,8.9,20.81,
2021-12-10 00:00:00,,15.34,10.1,17.65,
2021-12-10 01:00:00,,15.26,9.44,14.18,
2021-12-10 02:00:00,,14.56,6.14,14.82,
2021-12-10 03:00:00,,13.76,5.58,10.49,
2021-12-10 04:00:00,,13.61,5.54,8.76,
2021-12-10 05:00:00,,13.66,6.01,4.48,
2021-12-10 06:00:00,,13.71,6.61,2.19,
2021-12-10 07:00:00,,14.08,7.72,7.39,
2021-12-10 08:00:00,,14.09,8.71,17.7,
2021-12-10 09:00:00,,14.5,3.89,34.1,
2021-12-10 10:00:00,,14.84,4.21,41.36,
2021-12-10 11:00:00,,13.78,5.23,51.52,
2021-12-10 12:00:00,,13.8,5.03,53.46,
2021-12-10 13:00:00,,13.77,4.24,52.4,
2021-12-10 14:00:00,,13.7,3.11,54.19,
2021-12-10 15:00:00,,14.22,2.5,53.01,
2021-12-10 16:00:00,,13.89,1.98,51.86,
2021-12-10 17:00:00,,13.78,3.36,48.88,
2021-12-10 18:00:00,,13.8,6.07,41.57,
2021-12-10 19:00:00,,13.71,6.31,38.86,
2021-12-10 20:00:00,,13.71,8.34,28.27,
2021-12-10 21:00:00,,14.05,12.01,21.3,
2021-12-10 22:00:00,,14.13,7.34,23.31,
2021-12-10 23:00:00,,14.11,6.96,22.31,
2021-12-11 00:00:00,,15.31,5.4,23.43,
2021-12-11 01:00:00,,15.66,5.62,20.46,
2021-12-11 02:00:00,,14.75,6.65,11.66,
2021-12-11 03:00:00,,14.2,6.16,12.13,
2021-12-11 04:00:00,,13.65,5.35,12.12,
2021-12-11 05:00:00,,14.02,6.3,8.9,
2021-12-11 06:00:00,,13.69,6.7,7.74,
2021-12-11 07:00:00,,13.67,7.63,10.52,
2021-12-11 08:00:00,,14.16,5.33,22.79,
2021-12-11 09:00:00,,15.25,4.79,36.21,
2021-12-11 10:00:00,,13.86,5.86,40.77,
2021-12-11 11:00:00,,13.87,6.07,49.21,
2021-12-11 12:00:00,,13.81,5.23,63.04,
2021-12-11 13:00:00,,13.81,2.61,58.61,
2021-12-11 14:00:00,,13.87,3.56,57.13,
2021-12-11 15:00:00,,13.99,3.71,59.08,
2021-12-11 16:00:00,,14.01,2.5,59.19,
2021-12-11 17:00:00,,14.05,2.54,58.0,
2021-12-11 18:00:00,,13.82,3.55,47.86,
2021-12-11 19:00:00,,14.0,5.11,48.28,
2021-12-11 20:00:00,,13.79,5.7,39.16,
2021-12-11 21:00:00,,13.81,5.77,39.47,
2021-12-11 22:00:00,,13.8,8.78,31.52,
2021-12-11 23:00:00,,13.81,8.48,26.21,
2021-12-12 00:00:00,,14.09,10.14,18.0,
2021-12-12 01:00:00,,13.83,8.72,16.41,
2021-12-12 02:00:00,,13.86,9.47,10.2,
2021-12-12 03:00:00,,13.75,7.64,8.44,
2021-12-12 04:00:00,,13.7,7.48,7.25,
2021-12-12 05:00:00,,13.71,6.97,6.03,
2021-12-12 06:00:00,,13.76,5.77,5.77,
2021-12-12 07:00:00,,14.07,4.19,12.7,
2021-12-12 08:00:00,,13.82,3.9,26.04,
2021-12-12 09:00:00,,13.83,4.58,35.9,
2021-12-12 10:00:00,,13.96,4.04,49.39,
2021-12-12 11:00:00,,13.96,5.82,63.87,
2021-12-12 12:00:00,,14.09,5.08,70.45,
2021-12-12 13:00:00,,14.31,5.16,67.93,
2021-12-12 14:00:00,,14.95,4.24,67.26,
2021-12-12 15:00:00,,14.31,2.42,65.88,
2021-12-12 16:00:00,,14.17,2.85,64.78,
2021-12-12 17:00:00,,14.15,3.08,59.0,
2021-12-12 18:00:00,,14.33,3.47,54.89,
2021-12-12 19:00:00,,14.59,4.41,43.86,
2021-12-12 20:00:00,,14.09,5.77,37.34,
2021-12-12 21:00:00,,13.99,4.51,33.39,
2021-12-12 22:00:00,,13.86,4.82,29.67,
2021-12-12 23:00:00,,13.84,3.99,29.41,
2021-12-13 00:00:00,,13.87,4.03,25.14,
2021-12-13 01:00:00,,13.81,,24.17,
2021-12-13 02:00:00,,13.7,3.79,21.28,
2021-12-13 03:00:00,,13.39,3.54,16.83,
2021-12-13 04:00:00,,13.75,,14.57,
2021-12-13 05:00:00,,13.8,4.76,14.06,
2021-12-13 06:00:00,,14.02,6.96,7.42,
2021-12-13 07:00:00,,14.02,8.09,6.08,
2021-12-13 08:00:00,,14.02,9.94,10.05,
2021-12-13 09:00:00,,13.63,9.38,25.6,
2021-12-13 10:00:00,,13.37,13.33,49.89,
2021-12-13 11:00:00,,13.73,11.34,59.82,
2021-12-13 12:00:00,,13.81,9.68,65.41,
2021-12-13 13:00:00,,14.13,11.93,76.75,
2021-12-13 14:00:00,,13.96,10.62,87.32,
2021-12-13 15:00:00,,13.89,6.85,84.19,
2021-12-13 16:00:00,,14.34,4.09,88.7,
2021-12-13 17:00:00,,15.95,7.34,86.68,
2021-12-13 18:00:00,,15.73,6.9,84.01,
2021-12-13 19:00:00,,15.11,9.36,68.63,
2021-12-13 20:00:00,,16.19,11.85,54.49,
2021-12-13 21:00:00,,14.37,,50.06,
2021-12-13 22:00:00,,14.08,,42.15,
2021-12-13 23:00:00,,14.03,,41.36,
2021-12-14 00:00:00,,13.98,,38.74,
2021-12-14 01:00:00,,13.97,,36.19,
2021-12-14 02:00:00,,13.76,2.72,34.4,
2021-12-14 03:00:00,,13.83,1.87,34.29,
2021-12-14 04:00:00,,13.84,2.1,31.98,
2021-12-14 05:00:00,,13.47,2.31,24.35,
2021-12-14 06:00:00,,13.75,4.11,19.76,
2021-12-14 07:00:00,,13.52,7.22,19.12,
2021-12-14 08:00:00,,13.72,9.14,18.06,
2021-12-14 09:00:00,,13.68,10.85,16.09,
2021-12-14 10:00:00,,13.76,7.58,22.43,
2021-12-14 11:00:00,,13.8,7.23,22.84,
2021-12-14 12:00:00,,13.66,6.92,26.7,
2021-12-14 13:00:00,,13.68,5.25,30.82,
2021-12-14 14:00:00,,13.89,4.89,34.99,
2021-12-14 15:00:00,,13.91,3.63,38.95,
2021-12-14 16:00:00,,13.73,3.11,35.97,
2021-12-14 17:00:00,,13.77,3.29,34.7,
2021-12-14 18:00:00,,13.64,3.85,32.51,
2021-12-14 19:00:00,,13.7,3.95,33.08,
2021-12-14 20:00:00,,13.6,3.38,32.28,
2021-12-14 21:00:00,,13.81,2.56,30.49,
2021-12-14 22:00:00,,14.01,2.47,28.32,
2021-12-14 23:00:00,,13.88,2.18,28.42,
2021-12-15 00:00:00,,13.79,1.48,28.74,
2021-12-15 01:00:00,,13.87,1.11,28.21,
2021-12-15 02:00:00,,13.79,1.08,27.59,
2021-12-15 03:00:00,,13.39,1.13,26.77,
2021-12-15 04:00:00,,13.67,1.2,26.87,
2021-12-15 05:00:00,,13.38,1.08,26.43,
2021-12-15 06:00:00,,13.3,2.17,24.55,
2021-12-15 07:00:00,,13.71,7.71,20.38,
2021-12-15 08:00:00,,13.5,7.98,22.47,
2021-12-15 09:00:00,,13.52,5.79,28.03,
2021-12-15 10:00:00,,13.41,3.46,36.92,
2021-12-15 11:00:00,,13.72,4.07,43.04,
2021-12-15 12:00:00,,14.07,4.29,50.58,
2021-12-15 13:00:00,,13.94,3.97,53.37,
2021-12-15 14:00:00,,13.87,3.38,57.23,
2021-12-15 15:00:00,,13.94,3.6,55.61,
2021-12-15 16:00:00,,13.83,3.99,52.43,
2021-12-15 17:00:00,,14.38,3.59,46.44,
2021-12-15 18:00:00,,13.85,4.43,39.88,
2021-12-15 19:00:00,,14.37,5.57,33.85,
2021-12-15 20:00:00,,14.33,6.78,28.48,
2021-12-15 21:00:00,,14.1,6.72,26.7,
2021-12-15 22:00:00,,14.12,7.17,24.28,
2021-12-15 23:00:00,,13.92,,26.56,
2021-12-16 00:00:00,,14.06,,26.97,
2021-12-16 01:00:00,6,14.14,,24.63,
2021-12-16 02:00:00,6,14.19,,20.68,
2021-12-16 03:00:00,6,14.79,,14.12,
2021-12-16 04:00:00,6,14.67,,11.39,
2021-12-16 05:00:00,6,14.62,,6.22,
2021-12-16 06:00:00,18.63,14.79,9.54,4.66,
2021-12-16 07:00:00,18.21,14.68,8.93,8.53,
2021-12-16 08:00:00,15.08,14.61,11.75,8.45,
2021-12-16 09:00:00,16.51,14.63,11.34,13.88,
2021-12-16 10:00:00,16.94,14.5,10.37,19.42,
2021-12-16 11:00:00,,,,,
2021-12-16 12:00:00,12.55,13.39,7.77,33.36,
2021-12-16 13:00:00,6,13.37,4.89,37.78,
2021-12-16 14:00:00,6,13.03,3.61,40.11,
2021-12-16 15:00:00,6,13.34,3.12,39.47,
2021-12-16 16:00:00,6,13.79,4.99,35.77,
2021-12-16 17:00:00,6,13.62,3.29,34.45,
2021-12-16 18:00:00,6,13.35,3.59,28.79,
2021-12-16 19:00:00,6,13.64,5.25,25.93,
2021-12-16 20:00:00,6,14.05,9.54,20.17,
2021-12-16 21:00:00,6,14.41,11.15,18.38,
2021-12-16 22:00:00,6,14.52,12.2,19.51,
2021-12-16 23:00:00,6,14.69,11.6,17.61,
2021-12-17 00:00:00,,,,,
2021-12-17 01:00:00,14.13,14.52,13.18,4.83,
2021-12-17 02:00:00,12.46,14.48,13.4,4.73,
2021-12-17 03:00:00,13.56,14.41,,13.2,
2021-12-17 04:00:00,6,14.53,9.01,7.46,
2021-12-17 05:00:00,6,14.32,11.3,2.74,
2021-12-17 06:00:00,6,14.31,10.3,2.27,
2021-12-17 07:00:00,6,14.19,17.13,10.64,
2021-12-17 08:00:00,6,17.18,27.92,27.66,
2021-12-17 09:00:00,19.49,24.02,18.6,46.08,
2021-12-17 10:00:00,19.86,21.54,11.11,50.81,
2021-12-17 11:00:00,12.97,18.74,4.79,55.84,
2021-12-17 12:00:00,6,17.03,3.49,55.84,
2021-12-17 13:00:00,6,15.91,2.85,55.21,
2021-12-17 14:00:00,6,14.76,2.96,51.59,
2021-12-17 15:00:00,6,14.65,2.56,46.49,
2021-12-17 16:00:00,6,14.48,2.33,41.91,
2021-12-17 17:00:00,6,14.64,3.83,42.72,
2021-12-17 18:00:00,6,13.97,3.79,42.31,
2021-12-17 19:00:00,6,14.12,5.02,39.22,
2021-12-17 20:00:00,15.63,13.96,4.64,40.14,
2021-12-17 21:00:00,21.2,14.57,,38.34,
2021-12-17 22:00:00,18.53,14.67,4.48,35.58,
2021-12-17 23:00:00,6,14.83,,31.57,
2021-12-18 00:00:00,12.61,14.86,,30.16,
2021-12-18 01:00:00,14.61,14.55,3.79,26.54,
2021-12-18 02:00:00,13.69,14.66,3.38,23.76,
2021-12-18 03:00:00,6,14.87,2.6,23.99,
2021-12-18 04:00:00,6,14.62,2.02,23.57,
2021-12-18 05:00:00,12.66,14.28,2.73,20.58,
2021-12-18 06:00:00,12.08,14.07,,18.35,
2021-12-18 07:00:00,6,14.07,4.57,19.62,
2021-12-18 08:00:00,6,14.5,4.35,23.2,
2021-12-18 09:00:00,6,14.84,3.77,29.92,
2021-12-18 10:00:00,6,14.5,3.36,34.84,
2021-12-18 11:00:00,6,13.77,2.44,38.6,
2021-12-18 12:00:00,6,13.49,2.54,37.97,
2021-12-18 13:00:00,6,13.34,2.28,37.68,
2021-12-18 14:00:00,6,13.07,1.99,37.02,
2021-12-18 15:00:00,6,13.19,2.65,35.82,
2021-12-18 16:00:00,15.64,13.47,2.05,35.81,
2021-12-18 17:00:00,14.55,13.48,1.76,35.61,
2021-12-18 18:00:00,16.71,13.68,1.65,35.02,
2021-12-18 19:00:00,15.34,14.22,2.17,33.42,
2021-12-18 20:00:00,15.69,14.89,3.95,30.65,
2021-12-18 21:00:00,16.2,15.07,4.28,28.59,
2021-12-18 22:00:00,19.64,14.94,4.37,27.62,
2021-12-18 23:00:00,21.06,15.02,4.73,24.47,
2021-12-19 00:00:00,24.05,14.82,4.2,24.16,
2021-12-19 01:00:00,22.19,14.73,3.75,23.61,
2021-12-19 02:00:00,18.48,14.72,2.5,23.39,
2021-12-19 03:00:00,13.09,14.62,2.76,21.5,
2021-12-19 04:00:00,6,14.34,2.9,18.43,
2021-12-19 05:00:00,15.15,14.41,2.51,18.34,
2021-12-19 06:00:00,15.65,13.93,3.98,17.64,
2021-12-19 07:00:00,6,14.05,5.04,20.11,
2021-12-19 08:00:00,6,14.17,2.89,28.69,
2021-12-19 09:00:00,6,14.68,2.06,34.73,
2021-12-19 10:00:00,6,14.85,2.47,40.03,
2021-12-19 11:00:00,6,14.66,3.23,45.25,
2021-12-19 12:00:00,6,14.46,3.9,50.56,
2021-12-19 13:00:00,6,16.14,4.16,57.64,
2021-12-19 14:00:00,13.88,16.44,2.67,65.01,
2021-12-19 15:00:00,14.79,16.55,3.13,68.46,
2021-12-19 16:00:00,13.8,16.57,3.37,69.42,
2021-12-19 17:00:00,15.18,16.51,3.25,64.46,
2021-12-19 18:00:00,12.83,16.59,4.57,56.02,
2021-12-19 19:00:00,14.4,16.35,5.94,46.72,
2021-12-19 20:00:00,26.43,16.25,8.67,31.64,
2021-12-19 21:00:00,23.26,15.95,10.18,23.36,
2021-12-19 22:00:00,31.08,16.05,14.19,14.71,
2021-12-19 23:00:00,38.07,15.95,15.36,9.41,
2021-12-20 00:00:00,27.16,16.24,12.46,10.78,
2021-12-20 01:00:00,26.03,15.95,11.97,8.8,
2021-12-20 02:00:00,30.28,16.04,13.41,3.07,
2021-12-20 03:00:00,26.78,15.94,11.44,2.7,
2021-12-20 04:00:00,26.62,15.91,8.72,4.78,
2021-12-20 05:00:00,22.94,15.58,8.45,2.7,
2021-12-20 06:00:00,14.45,15.31,6.8,2.08,
2021-12-20 07:00:00,6,15.27,9.62,4.82,
2021-12-20 08:00:00,13,15.36,15.85,24.01,
2021-12-20 09:00:00,12.18,28.76,17.98,35.98,
2021-12-20 10:00:00,6,30.31,10.96,55.24,
2021-12-20 11:00:00,6,52.84,13.02,65.72,
2021-12-20 12:00:00,18.39,31.88,10.06,88.44,
2021-12-20 13:00:00,24.81,20.26,,114.2,
2021-12-20 14:00:00,23.8,17.56,6.05,109.6,
2021-12-20 15:00:00,20.93,15.83,7.27,132.4,
2021-12-20 16:00:00,15.02,15.06,4.04,99.18,
2021-12-20 17:00:00,6,15.02,9.01,90.09,
2021-12-20 18:00:00,6,14.68,6.95,79.56,
2021-12-20 19:00:00,16.63,14.42,8.08,59.68,
2021-12-20 20:00:00,24.87,14.25,13.33,43.86,
2021-12-20 21:00:00,32.44,14.54,16.37,35.39,
2021-12-20 22:00:00,38.46,14.7,18.39,28.02,
2021-12-20 23:00:00,48.61,14.38,,37.24,
2021-12-21 00:00:00,46.12,14.4,,33.45,
2021-12-21 01:00:00,39.97,14.42,,30.93,
2021-12-21 02:00:00,35.96,14.45,,31.42,
2021-12-21 03:00:00,27.31,14.42,4.02,32.74,
2021-12-21 04:00:00,20.58,14.39,3.73,34.97,
2021-12-21 05:00:00,24.18,14.41,5.36,24.46,
2021-12-21 06:00:00,20.42,14.7,9.58,26.61,
2021-12-21 07:00:00,25.79,14.53,13.12,26.7,
2021-12-21 08:00:00,34.16,14.44,11.23,30.8,
2021-12-21 09:00:00,31.64,14.7,14.78,28.45,
2021-12-21 10:00:00,38.34,14.56,19.9,30.34,
2021-12-21 11:00:00,32.24,15.42,15.85,53.16,
2021-12-21 12:00:00,39.4,16.55,14.85,95.23,
2021-12-21 13:00:00,46.18,15.77,12.17,128.3,
2021-12-21 14:00:00,46.96,14.94,11.92,144.6,
2021-12-21 15:00:00,35.69,14.76,8.38,121.7,
2021-12-21 16:00:00,35.71,14.27,5.82,96.36,
2021-12-21 17:00:00,30.2,14.24,4.66,82.79,
2021-12-21 18:00:00,16.68,14.09,7.76,66.0,
2021-12-21 19:00:00,13.82,14.04,11.98,44.85,
2021-12-21 20:00:00,29.11,13.9,9.14,41.59,
2021-12-21 21:00:00,37.6,13.52,9.08,35.26,
2021-12-21 22:00:00,50,13.34,9.16,25.19,
2021-12-21 23:00:00,49.13,13.31,8.75,23.02,
2021-12-22 00:00:00,37.76,13.65,8.35,20.86,
2021-12-22 01:00:00,30.04,13.63,8.53,15.08,
2021-12-22 02:00:00,32,13.59,6.49,19.36,
2021-12-22 03:00:00,29.91,13.91,7.91,16.81,
2021-12-22 04:00:00,23.45,13.96,4.27,19.17,
2021-12-22 05:00:00,26.74,14.24,2.92,27.11,
2021-12-22 06:00:00,21.68,14.42,5.64,19.9,
2021-12-22 07:00:00,14.24,14.57,8.09,16.42,
2021-12-22 08:00:00,17.46,14.39,6.55,24.37,
2021-12-22 09:00:00,14.83,14.12,6.16,27.8,
2021-12-22 10:00:00,15.68,13.85,4.51,34.55,
2021-12-22 11:00:00,13.68,13.88,3.35,40.09,
2021-12-22 12:00:00,6,13.46,2.37,45.78,
2021-12-22 13:00:00,6,13.67,1.56,47.18,
2021-12-22 14:00:00,6,13.15,1.73,48.79,
2021-12-22 15:00:00,6,13.31,1.67,48.82,
2021-12-22 16:00:00,6,13.28,2.19,46.35,
2021-12-22 17:00:00,6,14.39,6.71,40.01,
2021-12-22 18:00:00,6,14.43,6.33,35.11,
2021-12-22 19:00:00,13.9,14.76,10.02,28.97,
2021-12-22 20:00:00,17.17,14.61,7.56,28.33,
2021-12-22 21:00:00,21.12,14.7,10.46,27.03,
2021-12-22 22:00:00,24.8,14.96,7.7,29.78,
2021-12-22 23:00:00,27.69,14.77,7.33,28.26,
2021-12-23 00:00:00,28.22,14.8,9.12,21.51,
2021-12-23 01:00:00,28.11,14.72,9.2,16.54,
2021-12-23 02:00:00,21.26,14.55,9.43,9.12,
2021-12-23 03:00:00,21.51,14.34,11.54,4.6,
2021-12-23 04:00:00,19.23,14.5,10.61,2.69,
2021-12-23 05:00:00,18.07,14.6,13.39,2.81,
2021-12-23 06:00:00,17.2,14.62,16.74,3.51,
2021-12-23 07:00:00,18.58,14.86,47.4,20.16,
2021-12-23 08:00:00,21.41,14.74,23.14,26.2,
2021-12-23 09:00:00,20.96,14.86,4.36,35.03,
2021-12-23 10:00:00,16.34,15.09,3.42,38.83,
2021-12-23 11:00:00,12.1,14.97,4.31,38.65,
2021-12-23 12:00:00,13.47,14.6,4.72,39.62,
2021-12-23 13:00:00,13.84,14.38,2.43,42.51,
2021-12-23 14:00:00,6,13.93,2.8,41.65,
2021-12-23 15:00:00,6,14.16,3.09,42.85,
2021-12-23 16:00:00,6,14.14,3.32,42.76,
2021-12-23 17:00:00,13.35,14.11,2.71,42.64,
2021-12-23 18:00:00,6,14.06,3.1,40.06,
2021-12-23 19:00:00,16.54,13.85,5.58,34.04,
2021-12-23 20:00:00,16.41,13.78,6.77,27.35,
2021-12-23 21:00:00,23.12,14.4,9.4,21.32,
2021-12-23 22:00:00,23.41,14.98,8.07,20.33,
2021-12-23 23:00:00,23.88,15.01,8.1,18.44,
2021-12-24 00:00:00,27.11,14.84,8.91,16.36,
2021-12-24 01:00:00,22.93,14.78,8.73,13.04,
2021-12-24 02:00:00,16.34,14.85,7.92,12.12,
2021-12-24 03:00:00,22.04,14.51,7.07,10.12,
2021-12-24 04:00:00,21.8,13.53,5.39,8.04,
2021-12-24 05:00:00,21.15,13.94,6.03,5.81,
2021-12-24 06:00:00,20.56,14.43,6.49,3.43,
2021-12-24 07:00:00,20.94,14.92,6.7,11.05,
2021-12-24 08:00:00,17.21,14.14,5.21,22.57,
2021-12-24 09:00:00,14.3,14.85,3.55,33.25,
2021-12-24 10:00:00,16.32,14.68,4.08,40.38,
2021-12-24 11:00:00,13.27,13.68,3.39,46.37,
2021-12-24 12:00:00,6,13.56,3.1,51.77,
2021-12-24 13:00:00,6,13.32,3.71,52.12,
2021-12-24 14:00:00,6,13.37,3.25,52.53,
2021-12-24 15:00:00,6,13.44,2.26,50.04,
2021-12-24 16:00:00,6,13.33,3.61,48.42,
2021-12-24 17:00:00,6,13.55,2.83,44.21,
2021-12-24 18:00:00,6,13.41,4.3,38.22,
2021-12-24 19:00:00,21.95,13.64,4.37,34.22,
2021-12-24 20:00:00,34.27,13.72,5.47,31.0,
2021-12-24 21:00:00,37.79,14.4,8.45,26.04,
2021-12-24 22:00:00,36.28,14.83,9.35,21.83,
2021-12-24 23:00:00,42.48,15.03,7.74,18.75,
2021-12-25 00:00:00,44.25,15.05,7.7,16.24,
2021-12-25 01:00:00,51.2,15.2,10.54,9.19,
2021-12-25 02:00:00,43.08,15.06,10.27,3.91,
2021-12-25 03:00:00,25.3,14.94,9.58,4.34,
2021-12-25 04:00:00,24.7,14.75,10.22,4.12,
2021-12-25 05:00:00,30.51,14.47,8.31,3.24,
2021-12-25 06:00:00,25.31,14.17,4.6,2.39,
2021-12-25 07:00:00,24.92,14.3,3.66,7.66,
2021-12-25 08:00:00,23.37,14.16,5.13,23.09,
2021-12-25 09:00:00,13.86,14.75,4.67,39.13,
2021-12-25 10:00:00,6,15.64,3.99,56.2,
2021-12-25 11:00:00,6,19.37,4.48,56.45,
2021-12-25 12:00:00,6,24.58,4.11,51.93,
2021-12-25 13:00:00,13.76,17.52,4.11,69.18,
2021-12-25 14:00:00,12.84,16.15,5.28,91.68,
2021-12-25 15:00:00,6,15.32,2.43,73.8,
2021-12-25 16:00:00,6,14.01,1.42,68.95,
2021-12-25 17:00:00,6,13.86,2.37,70.48,
2021-12-25 18:00:00,6,13.77,2.62,57.28,
2021-12-25 19:00:00,20.72,13.93,2.78,54.05,
2021-12-25 20:00:00,33.98,13.7,6.07,49.99,
2021-12-25 21:00:00,40.59,13.87,11.78,34.99,
2021-12-25 22:00:00,43.33,14.1,10.08,22.61,
2021-12-25 23:00:00,41.75,14.24,8.5,20.79,
2021-12-26 00:00:00,42.46,14.72,11.53,13.7,
2021-12-26 01:00:00,33.08,15.35,9.83,17.58,
2021-12-26 02:00:00,32.89,15.42,8.21,13.18,
2021-12-26 03:00:00,34.98,15.25,6.15,7.68,
2021-12-26 04:00:00,27,14.93,5.94,7.51,
2021-12-26 05:00:00,27.23,14.64,5.45,5.39,
2021-12-26 06:00:00,24.76,14.42,4.82,5.67,
2021-12-26 07:00:00,21.97,14.37,7.49,10.09,
2021-12-26 08:00:00,23.33,15.0,14.99,21.16,
2021-12-26 09:00:00,23.41,17.28,9.05,27.47,
2021-12-26 10:00:00,24.12,18.89,10.81,45.1,
2021-12-26 11:00:00,23.8,21.64,9.08,58.26,
2021-12-26 12:00:00,30.26,19.23,9.05,81.72,
2021-12-26 13:00:00,24.29,18.2,6.68,94.71,
2021-12-26 14:00:00,16.45,16.55,3.56,49.61,
2021-12-26 15:00:00,24.32,15.22,3.28,37.72,
2021-12-26 16:00:00,21.58,15.48,1.76,44.21,
2021-12-26 17:00:00,13.23,14.75,1.51,51.7,
2021-12-26 18:00:00,6,14.35,1.68,55.29,
2021-12-26 19:00:00,6,13.98,2.84,50.26,
2021-12-26 20:00:00,6,13.56,4.2,47.01,
2021-12-26 21:00:00,14.98,13.76,7.5,39.99,
2021-12-26 22:00:00,25.92,14.64,11.52,29.66,
2021-12-26 23:00:00,38.1,14.85,10.95,22.39,
2021-12-27 00:00:00,37.65,15.1,10.79,15.81,
2021-12-27 01:00:00,32.93,15.24,6.24,19.6,
2021-12-27 02:00:00,28.28,15.08,5.56,18.71,
2021-12-27 03:00:00,23.15,15.07,4.34,12.49,
2021-12-27 04:00:00,20.37,14.86,5.42,7.03,
2021-12-27 05:00:00,14.1,14.56,6.65,2.89,
2021-12-27 06:00:00,6,14.17,10.11,11.96,
2021-12-27 07:00:00,6,28.81,15.21,9.55,
2021-12-27 08:00:00,16.76,114.6,14.61,16.76,
2021-12-27 09:00:00,13.13,67.45,9.84,27.78,
2021-12-27 10:00:00,14.96,149.3,18.72,43.98,
2021-12-27 11:00:00,21.58,124.4,15.54,51.28,
2021-12-27 12:00:00,17.04,43.47,10.96,53.73,
2021-12-27 13:00:00,6,19.81,7.2,62.93,
2021-12-27 14:00:00,6,18.58,4.71,71.42,
2021-12-27 15:00:00,6,17.14,4.57,72.6,
2021-12-27 16:00:00,6,15.62,2.35,71.73,
2021-12-27 17:00:00,6,15.71,3.18,75.52,
2021-12-27 18:00:00,6,16.02,6.41,75.7,
2021-12-27 19:00:00,6,19.71,9.39,63.23,
2021-12-27 20:00:00,25.02,19.2,,54.61,
2021-12-27 21:00:00,39.53,17.81,,44.9,
2021-12-27 22:00:00,40.4,17.42,,41.82,
2021-12-27 23:00:00,46.83,16.81,4.77,41.74,
2021-12-28 00:00:00,36.29,15.71,3.42,35.82,
2021-12-28 01:00:00,31.47,15.41,2.78,35.44,
2021-12-28 02:00:00,34.72,15.39,3.19,32.37,
2021-12-28 03:00:00,24.73,15.37,3.95,27.44,
2021-12-28 04:00:00,12.69,15.35,3.93,16.09,
2021-12-28 05:00:00,14.06,15.42,4.94,12.48,
2021-12-28 06:00:00,13.54,15.68,7.9,9.82,
2021-12-28 07:00:00,6,15.44,10.52,7.35,
2021-12-28 08:00:00,23.97,15.43,10.26,17.14,
2021-12-28 09:00:00,23.9,14.98,5.66,35.57,
2021-12-28 10:00:00,13.84,14.35,4.57,48.32,
2021-12-28 11:00:00,6,13.93,4.84,61.97,
2021-12-28 12:00:00,6,13.86,4.05,63.51,
2021-12-28 13:00:00,6,13.85,2.2,60.96,
2021-12-28 14:00:00,6,13.7,2.53,55.99,
2021-12-28 15:00:00,6,13.5,2.85,49.01,
2021-12-28 16:00:00,6,13.73,1.55,47.42,
2021-12-28 17:00:00,6,13.59,1.78,42.37,
2021-12-28 18:00:00,16.02,13.65,2.4,41.61,
2021-12-28 19:00:00,23.84,13.88,4.99,40.32,
2021-12-28 20:00:00,26.58,13.7,4.76,31.87,
2021-12-28 21:00:00,23.77,14.07,5.96,27.3,
2021-12-28 22:00:00,24.37,14.28,5.28,26.36,
2021-12-28 23:00:00,22.86,14.64,4.7,28.39,
2021-12-29 00:00:00,24.01,14.93,3.01,24.61,
2021-12-29 01:00:00,19.74,15.05,4.22,21.78,
2021-12-29 02:00:00,17.43,15.06,3.75,17.25,
2021-12-29 03:00:00,14.88,14.74,4.25,16.42,
2021-12-29 04:00:00,6,14.47,3.4,15.0,
2021-12-29 05:00:00,13.53,14.5,4.34,11.21,
2021-12-29 06:00:00,13.45,14.35,6.76,9.73,
2021-12-29 07:00:00,6,14.7,6.61,10.5,
2021-12-29 08:00:00,15.59,14.6,4.84,22.63,
2021-12-29 09:00:00,17.79,15.12,4.25,30.7,
2021-12-29 10:00:00,18.87,13.99,4.39,42.96,
2021-12-29 11:00:00,19.95,13.61,3.1,52.02,
2021-12-29 12:00:00,14.56,13.71,3.07,55.64,
2021-12-29 13:00:00,6,13.7,2.66,54.66,
2021-12-29 14:00:00,13.62,13.55,2.27,52.01,
2021-12-29 15:00:00,6,13.62,3.04,51.11,
2021-12-29 16:00:00,17.7,13.63,2.48,46.89,
2021-12-29 17:00:00,32.04,13.66,1.75,43.57,
2021-12-29 18:00:00,36.36,13.63,3.21,41.21,
2021-12-29 19:00:00,39.08,13.44,3.33,36.75,
2021-12-29 20:00:00,36.8,13.47,3.72,34.35,
2021-12-29 21:00:00,35.27,13.7,3.36,33.45,
2021-12-29 22:00:00,26.25,14.09,4.04,31.2,
2021-12-29 23:00:00,23.62,14.23,5.57,28.16,
2021-12-30 00:00:00,25.13,14.88,5.25,25.46,
2021-12-30 01:00:00,24.36,15.06,3.57,24.53,
2021-12-30 02:00:00,18.49,15.22,3.42,23.81,
2021-12-30 03:00:00,13.37,15.33,2.43,24.37,
2021-12-30 04:00:00,6,15.35,3.16,19.54,
2021-12-30 05:00:00,6,15.41,2.6,21.46,
2021-12-30 06:00:00,6,15.41,6.34,14.48,
2021-12-30 07:00:00,6,15.64,10.58,14.29,
2021-12-30 08:00:00,17.68,15.3,5.81,24.35,
2021-12-30 09:00:00,17.29,13.97,4.67,32.61,
2021-12-30 10:00:00,12.73,13.76,3.8,46.29,
2021-12-30 11:00:00,18.3,13.76,5.06,52.77,
2021-12-30 12:00:00,22.02,13.61,3.93,55.69,
2021-12-30 13:00:00,16.27,13.78,4.32,61.99,
2021-12-30 14:00:00,12.63,13.61,4.93,64.55,
2021-12-30 15:00:00,13.91,13.55,2.9,63.6,
2021-12-30 16:00:00,22.91,13.65,3.09,58.13,
2021-12-30 17:00:00,27.19,13.56,4.15,54.37,
2021-12-30 18:00:00,32.53,13.54,5.78,45.91,
2021-12-30 19:00:00,30.47,13.57,6.67,41.95,
2021-12-30 20:00:00,32.51,14.3,8.82,32.16,
2021-12-30 21:00:00,32.59,14.41,11.29,25.28,
2021-12-30 22:00:00,33.84,14.22,10.61,21.39,
2021-12-30 23:00:00,30.47,14.12,9.16,19.36,
2021-12-31 00:00:00,32.42,14.14,9.01,16.38,
2021-12-31 01:00:00,34.08,14.72,8.13,18.98,
2021-12-31 02:00:00,30.01,14.48,8.76,13.74,
2021-12-31 03:00:00,29.01,15.22,8.88,8.48,
2021-12-31 04:00:00,30.27,15.38,8.69,6.11,
2021-12-31 05:00:00,28.3,15.49,8.7,4.93,
2021-12-31 06:00:00,13.06,15.77,9.34,4.48,
2021-12-31 07:00:00,6,15.68,10.56,7.27,
2021-12-31 08:00:00,17.92,19.67,14.77,16.82,
2021-12-31 09:00:00,15.84,20.03,11.08,42.47,
2021-12-31 10:00:00,13.86,18.05,8.55,64.45,
2021-12-31 11:00:00,17.5,23.5,8.48,83.2,
2021-12-31 12:00:00,15.61,41.36,13.75,105.1,
2021-12-31 13:00:00,6,59.7,10.72,113.9,
2021-12-31 14:00:00,6,30.29,4.53,90.24,
2021-12-31 15:00:00,6,19.57,5.04,89.83,
2021-12-31 16:00:00,14.2,16.9,3.72,82.87,
2021-12-31 17:00:00,22.66,16.27,4.74,75.74,
2021-12-31 18:00:00,26.87,15.86,4.01,67.62,
2021-12-31 19:00:00,25.64,15.77,4.8,60.38,
2021-12-31 20:00:00,20.64,15.47,7.88,47.61,
2021-12-31 21:00:00,36.96,15.51,14.55,30.73,
2021-12-31 22:00:00,62.94,15.66,23.15,16.98,
2021-12-31 23:00:00,83.03,15.47,13.06,14.79,
