data,pm10,so2,no2,o3,co
2016-08-03 13:00:00,6.0,,,31.4,
2016-08-03 14:00:00,14.81,,,31.9,
2016-08-03 15:00:00,12.2,,,34.5,
2016-08-03 16:00:00,6.0,,,33.1,
2016-08-03 17:00:00,6.0,,,29.2,
2016-08-03 18:00:00,38.5,,,25.3,
2016-08-03 19:00:00,23.09,,,21.1,
2016-08-03 20:00:00,17.08,,,21.7,
2016-08-03 21:00:00,16.12,,,20.3,
2016-08-03 22:00:00,14.48,,,17.0,
2016-08-03 23:00:00,20.25,,,13.6,
2016-08-04 00:00:00,12.57,,,9.5,
2016-08-04 01:00:00,6.0,,,5.3,
2016-08-04 02:00:00,13.57,,,3.7,
2016-08-04 03:00:00,14.45,,,5.2,
2016-08-04 04:00:00,6.0,,,7.3,
2016-08-04 05:00:00,16.43,,,9.2,
2016-08-04 06:00:00,6.0,,,7.2,
2016-08-04 07:00:00,13.81,,,2.5,
2016-08-04 08:00:00,14.04,,,0.8,
2016-08-04 09:00:00,12.34,,,0.39,
2016-08-04 10:00:00,31.48,,,1.5,
2016-08-04 11:00:00,32.35,,,2.4,
2016-08-04 12:00:00,25.34,,,2.8,
2016-08-04 13:00:00,45.7,,,7.8,
2016-08-04 14:00:00,38.47,,,7.2,
2016-08-04 15:00:00,54.71,,,2.1,
2016-08-04 16:00:00,53.44,,,7.2,
2016-08-04 17:00:00,72.01,,,3.9,
2016-08-04 18:00:00,60.58,,,1.5,
2016-08-04 19:00:00,88.55,,,0.39,
2016-08-04 20:00:00,81.68,,,0.39,
2016-08-04 21:00:00,88.12,,,2.5,
2016-08-04 22:00:00,63.76,,,3.6,
2016-08-04 23:00:00,49.07,,,1.1,
2016-08-05 00:00:00,48.72,,,0.39,
2016-08-05 01:00:00,42.87,,,0.39,
2016-08-05 02:00:00,28.59,,,0.39,
2016-08-05 03:00:00,28.05,,,0.39,
2016-08-05 04:00:00,43.85,,,0.39,
2016-08-05 05:00:00,27.27,,,0.39,
2016-08-05 06:00:00,30.5,,,0.39,
2016-08-05 07:00:00,17.15,,,0.39,
2016-08-05 08:00:00,29.9,,,0.39,
2016-08-05 09:00:00,52.17,,,0.39,
2016-08-05 10:00:00,92.67,,,0.39,
2016-08-05 11:00:00,65.5,,,11.3,
2016-08-05 12:00:00,55.07,,,28.1,
2016-08-05 13:00:00,36.04,,,37.7,
2016-08-05 14:00:00,34.67,,,43.7,
2016-08-05 15:00:00,35.65,,,44.3,
2016-08-05 16:00:00,32.33,,,46.0,
2016-08-05 17:00:00,41.7,,,42.4,
2016-08-05 18:00:00,33.63,,,15.7,
2016-08-05 19:00:00,51.76,,,1.7,
2016-08-05 20:00:00,91.2,,,0.39,
2016-08-05 21:00:00,122.8,,,0.39,
2016-08-05 22:00:00,120.5,,,0.39,
2016-08-05 23:00:00,117.4,,,0.39,
2016-08-06 00:00:00,124.3,,,0.39,
2016-08-06 01:00:00,117.0,,,0.39,
2016-08-06 02:00:00,103.4,,,0.39,
2016-08-06 03:00:00,107.6,,,0.39,
2016-08-06 04:00:00,101.2,,,5.3,
2016-08-06 05:00:00,73.54,,,26.1,
2016-08-06 06:00:00,80.84,,,22.6,
2016-08-06 07:00:00,56.99,,,23.4,
2016-08-06 08:00:00,30.3,,,20.5,
2016-08-06 09:00:00,19.84,,,16.5,
2016-08-06 10:00:00,19.38,,,21.0,
2016-08-06 11:00:00,16.5,,,32.2,
2016-08-06 12:00:00,14.71,,,34.9,
2016-08-06 13:00:00,14.62,,,35.8,
2016-08-06 14:00:00,26.54,,,33.1,
2016-08-06 15:00:00,19.99,,,29.1,
2016-08-06 16:00:00,18.62,,,27.2,
2016-08-06 17:00:00,30.02,,,29.5,
2016-08-06 18:00:00,23.01,,,26.3,
2016-08-06 19:00:00,35.13,,,22.7,
2016-08-06 20:00:00,21.41,,,21.4,
2016-08-06 21:00:00,14.46,,,17.2,
2016-08-06 22:00:00,6.0,,,13.0,
2016-08-06 23:00:00,6.0,,,16.2,
2016-08-07 00:00:00,18.67,,,15.9,
2016-08-07 01:00:00,12.88,,,13.5,
2016-08-07 02:00:00,6.0,,,20.6,
2016-08-07 03:00:00,6.0,,,27.7,
2016-08-07 04:00:00,6.0,,,23.1,
2016-08-07 05:00:00,6.0,,,15.4,
2016-08-07 06:00:00,6.0,,,14.6,
2016-08-07 07:00:00,6.0,,,13.9,
2016-08-07 08:00:00,6.0,,,7.0,
2016-08-07 09:00:00,6.0,,,15.5,
2016-08-07 10:00:00,26.95,,,19.8,
2016-08-07 11:00:00,18.06,,,25.0,
2016-08-07 12:00:00,6.0,,,24.9,
2016-08-07 13:00:00,6.0,,,31.7,
2016-08-07 14:00:00,6.0,,,35.9,
2016-08-07 15:00:00,6.0,,,36.5,
2016-08-07 16:00:00,6.0,,,37.5,
2016-08-07 17:00:00,6.0,,,35.3,
2016-08-07 18:00:00,6.0,,,25.6,
2016-08-07 19:00:00,13.05,,,15.4,
2016-08-07 20:00:00,18.73,,,12.7,
2016-08-07 21:00:00,19.68,,,9.9,
2016-08-07 22:00:00,18.89,,,9.8,
2016-08-07 23:00:00,6.0,,,12.4,
2016-08-08 00:00:00,19.48,,,15.2,
2016-08-08 01:00:00,13.79,,,11.2,
2016-08-08 02:00:00,6.0,,,10.8,
2016-08-08 03:00:00,6.0,,,13.6,
2016-08-08 04:00:00,6.0,,,12.2,
2016-08-08 05:00:00,6.0,,,7.6,
2016-08-08 06:00:00,20.37,,,9.5,
2016-08-08 07:00:00,14.12,,,3.0,
2016-08-08 08:00:00,6.0,,,0.39,
2016-08-08 09:00:00,28.16,,,2.1,
2016-08-08 10:00:00,20.33,,,12.0,
2016-08-08 11:00:00,21.05,,,21.6,
2016-08-08 12:00:00,12.25,,,26.0,
2016-08-08 13:00:00,14.29,,,28.8,
2016-08-08 14:00:00,6.0,,,31.7,
2016-08-08 15:00:00,6.0,,,30.5,
2016-08-08 16:00:00,6.0,,,30.0,
2016-08-08 17:00:00,6.0,,,29.6,
2016-08-08 18:00:00,21.1,,,25.2,
2016-08-08 19:00:00,15.07,,,20.1,
2016-08-08 20:00:00,6.0,,,18.9,
2016-08-08 21:00:00,16.6,,,20.0,
2016-08-08 22:00:00,17.57,,,15.5,
2016-08-08 23:00:00,24.06,,,11.3,
2016-08-09 00:00:00,15.31,,,6.3,
2016-08-09 01:00:00,16.76,,,2.3,
2016-08-09 02:00:00,19.64,,,0.39,
2016-08-09 03:00:00,16.49,,,0.39,
2016-08-09 04:00:00,15.87,,,1.4,
2016-08-09 05:00:00,36.14,,,3.0,
2016-08-09 06:00:00,27.7,,,4.5,
2016-08-09 07:00:00,17.36,,,5.3,
2016-08-09 08:00:00,15.81,,,4.0,
2016-08-09 09:00:00,17.25,,,6.0,
2016-08-09 10:00:00,29.0,,,7.7,
2016-08-09 11:00:00,28.25,,,12.5,
2016-08-09 12:00:00,17.03,,,19.3,
2016-08-09 13:00:00,6.0,,,26.3,
2016-08-09 14:00:00,6.0,,,26.1,
2016-08-09 15:00:00,16.04,,,23.8,
2016-08-09 16:00:00,6.0,,,30.1,
2016-08-09 17:00:00,22.23,,,28.9,
2016-08-09 18:00:00,23.99,,,27.4,
2016-08-09 19:00:00,25.75,,,8.9,
2016-08-09 20:00:00,27.2,,,1.9,
2016-08-09 21:00:00,36.0,,,0.39,
2016-08-09 22:00:00,36.11,,,4.1,
2016-08-09 23:00:00,38.22,,,8.3,
2016-08-10 00:00:00,28.62,,,7.5,
2016-08-10 01:00:00,25.22,,,4.0,
2016-08-10 02:00:00,20.8,,,10.2,
2016-08-10 03:00:00,16.63,,,19.2,
2016-08-10 04:00:00,17.21,,,13.6,
2016-08-10 05:00:00,12.68,,,7.4,
2016-08-10 06:00:00,6.0,,,4.3,
2016-08-10 07:00:00,6.0,,,3.3,
2016-08-10 08:00:00,6.0,,,1.2,
2016-08-10 09:00:00,6.0,,,4.1,
2016-08-10 10:00:00,6.0,,,14.8,
2016-08-10 11:00:00,6.0,,,23.3,
2016-08-10 12:00:00,6.0,,,20.9,
2016-08-10 13:00:00,6.0,,,26.8,
2016-08-10 14:00:00,12.51,,,33.2,
2016-08-10 15:00:00,6.0,,,34.5,
2016-08-10 16:00:00,6.0,,,32.8,
2016-08-10 17:00:00,6.0,,,29.9,
2016-08-10 18:00:00,6.0,,,20.2,
2016-08-10 19:00:00,6.0,,,14.1,
2016-08-10 20:00:00,22.73,,,10.2,
2016-08-10 21:00:00,26.64,,,10.7,
2016-08-10 22:00:00,29.11,,,4.3,
2016-08-10 23:00:00,22.27,,,15.6,
2016-08-11 00:00:00,35.29,,,17.0,
2016-08-11 01:00:00,27.54,,,11.3,
2016-08-11 02:00:00,20.47,,,8.9,
2016-08-11 03:00:00,6.0,,,14.5,
2016-08-11 04:00:00,12.5,,,14.7,
2016-08-11 05:00:00,6.0,,,14.5,
2016-08-11 06:00:00,6.0,,,13.7,
2016-08-11 07:00:00,20.41,,,8.3,
2016-08-11 08:00:00,12.88,,,4.2,
2016-08-11 09:00:00,16.34,,,8.7,
2016-08-11 10:00:00,14.94,,,11.8,
2016-08-11 11:00:00,20.24,,,15.2,
2016-08-11 12:00:00,13.93,,,16.3,
2016-08-11 13:00:00,6.0,,,12.8,
2016-08-11 14:00:00,17.49,,,20.1,
2016-08-11 15:00:00,14.57,,,23.9,
2016-08-11 16:00:00,6.0,,,28.7,
2016-08-11 17:00:00,6.0,,,26.7,
2016-08-11 18:00:00,6.0,,,21.5,
2016-08-11 19:00:00,18.15,,,9.8,
2016-08-11 20:00:00,19.21,,,9.2,
2016-08-11 21:00:00,22.94,,,13.6,
2016-08-11 22:00:00,19.22,,,18.9,
2016-08-11 23:00:00,26.02,,,16.5,
2016-08-12 00:00:00,16.3,,,15.7,
2016-08-12 01:00:00,12.79,,,18.8,
2016-08-12 02:00:00,6.0,,,21.6,
2016-08-12 03:00:00,6.0,,,19.0,
2016-08-12 04:00:00,6.0,,,17.4,
2016-08-12 05:00:00,6.0,,,17.5,
2016-08-12 06:00:00,6.0,,,17.6,
2016-08-12 07:00:00,16.76,,,12.7,
2016-08-12 08:00:00,6.0,,,2.4,
2016-08-12 09:00:00,30.42,,,1.2,
2016-08-12 10:00:00,20.28,,,3.3,
2016-08-12 11:00:00,26.57,,,6.8,
2016-08-12 12:00:00,41.48,,,9.3,
2016-08-12 13:00:00,25.14,,,14.8,
2016-08-12 14:00:00,13.28,,,22.9,
2016-08-12 15:00:00,15.85,,,42.3,
2016-08-12 16:00:00,20.99,,,57.1,
2016-08-12 17:00:00,17.7,,,46.9,
2016-08-12 18:00:00,20.98,,,35.6,
2016-08-12 19:00:00,38.1,,,10.9,
2016-08-12 20:00:00,42.38,,,1.0,
2016-08-12 21:00:00,47.51,,,0.9,
2016-08-12 22:00:00,70.43,,,1.0,
2016-08-12 23:00:00,61.23,,,0.39,
2016-08-13 00:00:00,66.2,,,0.39,
2016-08-13 01:00:00,54.84,,,0.39,
2016-08-13 02:00:00,64.95,,,0.39,
2016-08-13 03:00:00,58.38,,,0.39,
2016-08-13 04:00:00,62.12,,,0.39,
2016-08-13 05:00:00,65.31,,,0.39,
2016-08-13 06:00:00,43.1,,,0.39,
2016-08-13 07:00:00,38.32,,,0.39,
2016-08-13 08:00:00,30.64,,,0.39,
2016-08-13 09:00:00,61.55,,,0.39,
2016-08-13 10:00:00,55.62,,,3.7,
2016-08-13 11:00:00,71.61,,,21.4,
2016-08-13 12:00:00,48.78,,,33.2,
2016-08-13 13:00:00,36.24,,,38.0,
2016-08-13 14:00:00,36.07,,,43.0,
2016-08-13 15:00:00,22.49,,,48.4,
2016-08-13 16:00:00,22.43,,,44.7,
2016-08-13 17:00:00,13.37,,,44.4,
2016-08-13 18:00:00,22.35,,,34.8,
2016-08-13 19:00:00,24.86,,,21.0,
2016-08-13 20:00:00,43.72,,,5.8,
2016-08-13 21:00:00,52.88,,,0.8,
2016-08-13 22:00:00,77.48,,,0.39,
2016-08-13 23:00:00,79.57,,,0.39,
2016-08-14 00:00:00,88.28,,,0.39,
2016-08-14 01:00:00,110.4,,,0.9,
2016-08-14 02:00:00,83.84,,,1.5,
2016-08-14 03:00:00,83.06,,,1.0,
2016-08-14 04:00:00,69.86,,,2.1,
2016-08-14 05:00:00,53.97,,,2.8,
2016-08-14 06:00:00,54.07,,,5.2,
2016-08-14 07:00:00,42.34,,,3.7,
2016-08-14 08:00:00,37.22,,,2.2,
2016-08-14 09:00:00,43.14,,,3.9,
2016-08-14 10:00:00,52.28,,,10.7,
2016-08-14 11:00:00,37.88,,,18.9,
2016-08-14 12:00:00,28.39,,,23.7,
2016-08-14 13:00:00,35.46,,,39.1,
2016-08-14 14:00:00,33.25,,,54.3,
2016-08-14 15:00:00,23.03,,,57.7,
2016-08-14 16:00:00,23.39,,,56.4,
2016-08-14 17:00:00,23.59,,,60.7,
2016-08-14 18:00:00,45.33,,,46.6,
2016-08-14 19:00:00,55.89,,,33.7,
2016-08-14 20:00:00,51.14,,,31.5,
2016-08-14 21:00:00,53.16,,,27.2,
2016-08-14 22:00:00,50.24,,,25.1,
2016-08-14 23:00:00,50.6,,,22.8,
2016-08-15 00:00:00,44.26,,,24.9,
2016-08-15 01:00:00,31.4,,,21.8,
2016-08-15 02:00:00,38.85,,,21.7,
2016-08-15 03:00:00,35.53,,,24.7,
2016-08-15 04:00:00,49.62,,,17.3,
2016-08-15 05:00:00,46.66,,,9.0,
2016-08-15 06:00:00,39.61,,,5.3,
2016-08-15 07:00:00,41.61,,,3.8,
2016-08-15 08:00:00,45.84,,,1.0,
2016-08-15 09:00:00,54.78,,,1.0,
2016-08-15 10:00:00,61.53,,,2.2,
2016-08-15 11:00:00,83.85,,,4.0,
2016-08-15 12:00:00,77.85,,,6.7,
2016-08-15 13:00:00,61.43,,,20.5,
2016-08-15 14:00:00,51.02,,,33.0,
2016-08-15 15:00:00,35.78,,,40.8,
2016-08-15 16:00:00,21.46,,,41.4,
2016-08-15 17:00:00,28.5,,,38.8,
2016-08-15 18:00:00,28.54,,,26.9,
2016-08-15 19:00:00,33.54,,,10.9,
2016-08-15 20:00:00,38.84,,,1.3,
2016-08-15 21:00:00,64.37,,,12.0,
2016-08-15 22:00:00,58.24,,,14.9,
2016-08-15 23:00:00,54.0,,,7.8,
2016-08-16 00:00:00,46.19,,,5.7,
2016-08-16 01:00:00,31.9,,,14.3,
2016-08-16 02:00:00,39.61,,,10.7,
2016-08-16 03:00:00,28.22,,,8.4,
2016-08-16 04:00:00,30.47,,,4.8,
2016-08-16 05:00:00,29.99,,,5.8,
2016-08-16 06:00:00,23.71,,,8.1,
2016-08-16 07:00:00,38.88,,,2.1,
2016-08-16 08:00:00,23.25,,,1.3,
2016-08-16 09:00:00,28.22,,,7.3,
2016-08-16 10:00:00,36.09,,,12.1,
2016-08-16 11:00:00,32.16,,,14.3,
2016-08-16 12:00:00,41.05,,,15.8,
2016-08-16 13:00:00,31.37,,,24.8,
2016-08-16 14:00:00,20.89,,,30.4,
2016-08-16 15:00:00,31.36,,,34.0,
2016-08-16 16:00:00,31.62,,,31.5,
2016-08-16 17:00:00,40.08,,,26.8,
2016-08-16 18:00:00,29.22,,,28.0,
2016-08-16 19:00:00,27.18,,,23.0,
2016-08-16 20:00:00,26.66,,,17.7,
2016-08-16 21:00:00,34.77,,,12.8,
2016-08-16 22:00:00,36.63,,,7.7,
2016-08-16 23:00:00,31.03,,,12.5,
2016-08-17 00:00:00,25.48,,,7.6,
2016-08-17 01:00:00,23.83,,,4.8,
2016-08-17 02:00:00,31.52,,,14.0,
2016-08-17 03:00:00,37.91,,,14.8,
2016-08-17 04:00:00,40.96,,,7.1,
2016-08-17 05:00:00,36.77,,,31.4,
2016-08-17 06:00:00,28.28,,,23.7,
2016-08-17 07:00:00,32.23,,,15.1,
2016-08-17 08:00:00,23.02,,,14.7,
2016-08-17 09:00:00,18.28,,,10.5,
2016-08-17 10:00:00,26.01,,,5.4,
2016-08-17 11:00:00,25.29,,,7.6,
2016-08-17 12:00:00,40.37,,,18.6,
2016-08-17 13:00:00,31.94,,,21.9,
2016-08-17 14:00:00,17.48,,,29.1,
2016-08-17 15:00:00,6.0,,,30.2,
2016-08-17 16:00:00,20.13,,,32.1,
2016-08-17 17:00:00,15.64,,,26.4,
2016-08-17 18:00:00,22.0,,,23.7,
2016-08-17 19:00:00,23.68,,,19.9,
2016-08-17 20:00:00,14.82,,,12.2,
2016-08-17 21:00:00,32.47,,,8.7,
2016-08-17 22:00:00,21.49,,,2.1,
2016-08-17 23:00:00,25.99,,,1.3,
2016-08-18 00:00:00,28.0,,,1.3,
2016-08-18 01:00:00,32.48,,,0.8,
2016-08-18 02:00:00,20.36,,,0.39,
2016-08-18 03:00:00,25.83,,,0.39,
2016-08-18 04:00:00,19.47,,,0.39,
2016-08-18 05:00:00,26.55,,,0.9,
2016-08-18 06:00:00,19.77,,,1.0,
2016-08-18 07:00:00,23.58,,,0.39,
2016-08-18 08:00:00,14.42,,,0.39,
2016-08-18 09:00:00,6.0,,,1.3,
2016-08-18 10:00:00,41.94,,,4.2,
2016-08-18 11:00:00,28.84,,,8.4,
2016-08-18 12:00:00,16.41,,,16.5,
2016-08-18 13:00:00,16.03,,,28.3,
2016-08-18 14:00:00,6.0,,,29.6,
2016-08-18 15:00:00,6.0,,,37.8,
2016-08-18 16:00:00,12.79,,,42.8,
2016-08-18 17:00:00,14.99,,,39.4,
2016-08-18 18:00:00,35.97,,,25.3,
2016-08-18 19:00:00,22.49,,,7.6,
2016-08-18 20:00:00,25.05,,,6.2,
2016-08-18 21:00:00,23.49,,,3.9,
2016-08-18 22:00:00,34.22,,,7.4,
2016-08-18 23:00:00,34.41,,,9.3,
2016-08-19 00:00:00,47.02,,,13.4,
2016-08-19 01:00:00,30.24,,,16.6,
2016-08-19 02:00:00,18.32,,,18.1,
2016-08-19 03:00:00,6.0,,,18.8,
2016-08-19 04:00:00,21.71,,,24.1,
2016-08-19 05:00:00,21.49,,,23.8,
2016-08-19 06:00:00,12.12,,,18.8,
2016-08-19 07:00:00,6.0,,,9.3,
2016-08-19 08:00:00,25.71,,,2.8,
2016-08-19 09:00:00,28.06,,,6.3,
2016-08-19 10:00:00,17.85,,,8.0,
2016-08-19 11:00:00,26.42,,,10.7,
2016-08-19 12:00:00,30.27,,,14.9,
2016-08-19 13:00:00,19.79,,,14.2,
2016-08-19 14:00:00,20.59,,,18.1,
2016-08-19 15:00:00,17.45,,,20.6,
2016-08-19 16:00:00,30.95,,,18.7,
2016-08-19 17:00:00,20.34,,,12.0,
2016-08-19 18:00:00,16.37,,,7.5,
2016-08-19 19:00:00,6.0,,,6.1,
2016-08-19 20:00:00,17.28,,,7.2,
2016-08-19 21:00:00,24.3,,,5.4,
2016-08-19 22:00:00,14.85,,,4.0,
2016-08-19 23:00:00,6.0,,,1.4,
2016-08-20 00:00:00,15.14,,,1.0,
2016-08-20 01:00:00,6.0,,,0.39,
2016-08-20 02:00:00,13.43,,,0.39,
2016-08-20 03:00:00,17.2,,,0.39,
2016-08-20 04:00:00,14.64,,,0.39,
2016-08-20 05:00:00,25.93,,,0.39,
2016-08-20 06:00:00,22.47,,,0.39,
2016-08-20 07:00:00,21.62,,,1.3,
2016-08-20 08:00:00,26.23,,,4.7,
2016-08-20 09:00:00,14.96,,,2.5,
2016-08-20 10:00:00,14.84,,,7.5,
2016-08-20 11:00:00,6.0,,,16.1,
2016-08-20 12:00:00,6.0,,,22.7,
2016-08-20 13:00:00,6.0,,,24.1,
2016-08-20 14:00:00,13.37,,,29.9,
2016-08-20 15:00:00,6.0,,,29.4,
2016-08-20 16:00:00,6.0,,,30.4,
2016-08-20 17:00:00,6.0,,,30.8,
2016-08-20 18:00:00,17.41,,,32.3,
2016-08-20 19:00:00,13.29,,,34.7,
2016-08-20 20:00:00,6.0,,,34.8,
2016-08-20 21:00:00,6.0,,,34.4,
2016-08-20 22:00:00,6.0,,,33.2,
2016-08-20 23:00:00,6.0,,,34.3,
2016-08-21 00:00:00,12.87,,,35.6,
2016-08-21 01:00:00,18.02,,,36.9,
2016-08-21 02:00:00,6.0,,,37.9,
2016-08-21 03:00:00,13.7,,,38.2,
2016-08-21 04:00:00,6.0,,,38.1,
2016-08-21 05:00:00,12.09,,,38.4,
2016-08-21 06:00:00,6.0,,,37.5,
2016-08-21 07:00:00,24.5,,,36.5,
2016-08-21 08:00:00,16.33,,,32.4,
2016-08-21 09:00:00,15.17,,,33.0,
2016-08-21 10:00:00,18.78,,,31.8,
2016-08-21 11:00:00,14.21,,,33.6,
2016-08-21 12:00:00,26.33,,,35.1,
2016-08-21 13:00:00,16.88,,,35.4,
2016-08-21 14:00:00,25.25,,,36.7,
2016-08-21 15:00:00,17.77,,,36.6,
2016-08-21 16:00:00,21.08,,,35.9,
2016-08-21 17:00:00,14.1,,,30.9,
2016-08-21 18:00:00,13.95,,,31.8,
2016-08-21 19:00:00,16.31,,,24.6,
2016-08-21 20:00:00,19.5,,,5.2,
2016-08-21 21:00:00,30.19,,,0.39,
2016-08-21 22:00:00,28.56,,,0.39,
2016-08-21 23:00:00,27.41,,,1.0,
2016-08-22 00:00:00,31.76,,,3.8,
2016-08-22 01:00:00,27.6,,,7.4,
2016-08-22 02:00:00,16.67,,,8.1,
2016-08-22 03:00:00,6.0,,,6.2,
2016-08-22 04:00:00,6.0,,,8.5,
2016-08-22 05:00:00,6.0,,,7.9,
2016-08-22 06:00:00,15.79,,,5.1,
2016-08-22 07:00:00,6.0,,,2.6,
2016-08-22 08:00:00,6.0,,,2.0,
2016-08-22 09:00:00,6.0,,,5.2,
2016-08-22 10:00:00,6.0,,,8.5,
2016-08-22 11:00:00,17.03,,,21.8,
2016-08-22 12:00:00,6.0,,,26.9,
2016-08-22 13:00:00,13.25,,,31.8,
2016-08-22 14:00:00,6.0,,,32.0,
2016-08-22 15:00:00,6.0,,,32.1,
2016-08-22 16:00:00,6.0,,,30.4,
2016-08-22 17:00:00,6.0,,,33.3,
2016-08-22 18:00:00,6.0,,,24.7,
2016-08-22 19:00:00,6.0,,,6.3,
2016-08-22 20:00:00,18.93,,,1.4,
2016-08-22 21:00:00,23.78,,,0.8,
2016-08-22 22:00:00,27.94,,,1.0,
2016-08-22 23:00:00,35.7,,,1.1,
2016-08-23 00:00:00,56.0,,,1.5,
2016-08-23 01:00:00,54.98,,,3.9,
2016-08-23 02:00:00,42.02,,,3.1,
2016-08-23 03:00:00,47.55,,,1.1,
2016-08-23 04:00:00,31.27,,,1.4,
2016-08-23 05:00:00,31.88,,,1.3,
2016-08-23 06:00:00,37.72,,,1.0,
2016-08-23 07:00:00,23.44,,,1.0,
2016-08-23 08:00:00,16.67,,,1.0,
2016-08-23 09:00:00,28.5,,,1.4,
2016-08-23 10:00:00,19.89,,,5.5,
2016-08-23 11:00:00,20.3,,,9.4,
2016-08-23 12:00:00,18.55,,,9.3,
2016-08-23 13:00:00,29.41,,,14.9,
2016-08-23 14:00:00,25.97,,,18.1,
2016-08-23 15:00:00,16.14,,,25.6,
2016-08-23 16:00:00,16.04,,,33.9,
2016-08-23 17:00:00,30.46,,,36.9,
2016-08-23 18:00:00,31.26,,,28.5,
2016-08-23 19:00:00,38.32,,,13.5,
2016-08-23 20:00:00,34.54,,,5.3,
2016-08-23 21:00:00,44.06,,,11.1,
2016-08-23 22:00:00,41.5,,,6.0,
2016-08-23 23:00:00,39.47,,,4.0,
2016-08-24 00:00:00,40.6,,,5.9,
2016-08-24 01:00:00,36.0,,,4.6,
2016-08-24 02:00:00,21.04,,,2.7,
2016-08-24 03:00:00,18.34,,,1.0,
2016-08-24 04:00:00,24.06,,,0.8,
2016-08-24 05:00:00,26.61,,,0.9,
2016-08-24 06:00:00,21.37,,,0.9,
2016-08-24 07:00:00,26.53,,,0.9,
2016-08-24 08:00:00,37.33,,,0.9,
2016-08-24 09:00:00,41.32,,,1.3,
2016-08-24 10:00:00,41.31,,,4.2,
2016-08-24 11:00:00,36.94,,,12.6,
2016-08-24 12:00:00,42.23,,,15.7,
2016-08-24 13:00:00,34.03,,,18.5,
2016-08-24 14:00:00,40.73,,,37.8,
2016-08-24 15:00:00,41.57,,,40.8,
2016-08-24 16:00:00,52.77,,,32.0,
2016-08-24 17:00:00,38.57,,,30.6,
2016-08-24 18:00:00,31.98,,,23.2,
2016-08-24 19:00:00,37.07,,,8.9,
2016-08-24 20:00:00,36.65,,,3.2,
2016-08-24 21:00:00,57.28,,,5.7,
2016-08-24 22:00:00,47.16,,,4.8,
2016-08-24 23:00:00,56.03,,,2.1,
2016-08-25 00:00:00,47.67,,,0.39,
2016-08-25 01:00:00,56.21,,,0.39,
2016-08-25 02:00:00,51.93,,,0.8,
2016-08-25 03:00:00,35.59,,,0.39,
2016-08-25 04:00:00,47.07,,,0.8,
2016-08-25 05:00:00,31.93,,,1.0,
2016-08-25 06:00:00,22.99,,,1.0,
2016-08-25 07:00:00,54.88,,,0.9,
2016-08-25 08:00:00,36.2,,,0.39,
2016-08-25 09:00:00,55.99,,,0.39,
2016-08-25 10:00:00,65.66,,,1.0,
2016-08-25 11:00:00,69.78,,,9.1,
2016-08-25 12:00:00,69.27,,,20.3,
2016-08-25 13:00:00,54.74,,,21.9,
2016-08-25 14:00:00,,,,,
2016-08-25 15:00:00,,,,,
2016-08-25 16:00:00,,,,,
2016-08-25 17:00:00,,,,,
2016-08-25 18:00:00,,,,,
2016-08-25 19:00:00,,,,,
2016-08-25 20:00:00,,,,,
2016-08-25 21:00:00,,,,,
2016-08-25 22:00:00,,,,,
2016-08-25 23:00:00,,,,,
2016-08-26 00:00:00,,,,,
2016-08-26 01:00:00,,,,,
2016-08-26 02:00:00,,,,,
2016-08-26 03:00:00,,,,,
2016-08-26 04:00:00,,,,,
2016-08-26 05:00:00,,,,,
2016-08-26 06:00:00,,,,,
2016-08-26 07:00:00,,,,,
2016-08-26 08:00:00,,,,,
2016-08-26 09:00:00,,,,,
2016-08-26 10:00:00,,,,,
2016-08-26 11:00:00,,,,,
2016-08-26 12:00:00,,,,,
2016-08-26 13:00:00,,,,,
2016-08-26 14:00:00,,,,,
2016-08-26 15:00:00,,,,,
2016-08-26 16:00:00,,,,,
2016-08-26 17:00:00,,,,,
2016-08-26 18:00:00,,,,,
2016-08-26 19:00:00,,,,,
2016-08-26 20:00:00,,,,,
2016-08-26 21:00:00,,,,,
2016-08-26 22:00:00,,,,,
2016-08-26 23:00:00,,,,,
2016-08-27 00:00:00,,,,,
2016-08-27 01:00:00,,,,,
2016-08-27 02:00:00,,,,,
2016-08-27 03:00:00,,,,,
2016-08-27 04:00:00,,,,,
2016-08-27 05:00:00,,,,,
2016-08-27 06:00:00,,,,,
2016-08-27 07:00:00,,,,,
2016-08-27 08:00:00,,,,,
2016-08-27 09:00:00,,,,,
2016-08-27 10:00:00,,,,,
2016-08-27 11:00:00,,,,,
2016-08-27 12:00:00,,,,,
2016-08-27 13:00:00,,,,,
2016-08-27 14:00:00,,,,,
2016-08-27 15:00:00,,,,,
2016-08-27 16:00:00,,,,,
2016-08-27 17:00:00,,,,,
2016-08-27 18:00:00,,,,,
2016-08-27 19:00:00,,,,,
2016-08-27 20:00:00,,,,,
2016-08-27 21:00:00,,,,,
2016-08-27 22:00:00,,,,,
2016-08-27 23:00:00,,,,,
2016-08-28 00:00:00,,,,,
2016-08-28 01:00:00,,,,,
2016-08-28 02:00:00,,,,,
2016-08-28 03:00:00,,,,,
2016-08-28 04:00:00,,,,,
2016-08-28 05:00:00,,,,,
2016-08-28 06:00:00,,,,,
2016-08-28 07:00:00,,,,,
2016-08-28 08:00:00,,,,,
2016-08-28 09:00:00,,,,,
2016-08-28 10:00:00,,,,,
2016-08-28 11:00:00,,,,,
2016-08-28 12:00:00,,,,,
2016-08-28 13:00:00,,,,,
2016-08-28 14:00:00,,,,,
2016-08-28 15:00:00,,,,,
2016-08-28 16:00:00,,,,,
2016-08-28 17:00:00,,,,,
2016-08-28 18:00:00,,,,,
2016-08-28 19:00:00,,,,,
2016-08-28 20:00:00,,,,,
2016-08-28 21:00:00,,,,,
2016-08-28 22:00:00,,,,,
2016-08-28 23:00:00,,,,,
2016-08-29 00:00:00,,,,,
2016-08-29 01:00:00,,,,,
2016-08-29 02:00:00,,,,,
2016-08-29 03:00:00,,,,,
2016-08-29 04:00:00,,,,,
2016-08-29 05:00:00,,,,,
2016-08-29 06:00:00,,,,,
2016-08-29 07:00:00,,,,,
2016-08-29 08:00:00,,,,,
2016-08-29 09:00:00,,,,,
2016-08-29 10:00:00,,,,,
2016-08-29 11:00:00,,,,,
2016-08-29 12:00:00,12.68,,,10.4,
2016-08-29 13:00:00,6.0,,,8.1,
2016-08-29 14:00:00,6.0,,,8.3,
2016-08-29 15:00:00,6.0,,,8.4,
2016-08-29 16:00:00,23.13,,,14.9,
2016-08-29 17:00:00,17.72,,,11.5,
2016-08-29 18:00:00,34.24,,,10.0,
2016-08-29 19:00:00,24.99,,,3.1,
2016-08-29 20:00:00,46.14,,,10.1,
2016-08-29 21:00:00,28.22,,,10.9,
2016-08-29 22:00:00,32.87,,,9.0,
2016-08-29 23:00:00,21.3,,,4.9,
2016-08-30 00:00:00,35.21,,,8.4,
2016-08-30 01:00:00,29.95,,,17.0,
2016-08-30 02:00:00,43.85,,,20.6,
2016-08-30 03:00:00,22.63,,,21.6,
2016-08-30 04:00:00,12.26,,,22.7,
2016-08-30 05:00:00,6.0,,,19.7,
2016-08-30 06:00:00,6.0,,,10.1,
2016-08-30 07:00:00,18.58,,,2.3,
2016-08-30 08:00:00,21.13,,,0.9,
2016-08-30 09:00:00,39.97,,,2.1,
2016-08-30 10:00:00,58.65,,,9.2,
2016-08-30 11:00:00,41.21,,,23.5,
2016-08-30 12:00:00,22.87,,,27.2,
2016-08-30 13:00:00,12.93,,,29.9,
2016-08-30 14:00:00,6.0,,,30.3,
2016-08-30 15:00:00,6.0,,,31.0,
2016-08-30 16:00:00,14.96,,,21.9,
2016-08-30 17:00:00,12.65,,,16.1,
2016-08-30 18:00:00,39.21,,,15.7,
2016-08-30 19:00:00,43.4,,,16.1,
2016-08-30 20:00:00,23.27,,,12.5,
2016-08-30 21:00:00,14.21,,,14.2,
2016-08-30 22:00:00,20.06,,,11.5,
2016-08-30 23:00:00,6.0,,,11.2,
2016-08-31 00:00:00,6.0,,,11.7,
2016-08-31 01:00:00,12.17,,,11.1,
2016-08-31 02:00:00,6.0,,,10.1,
2016-08-31 03:00:00,6.0,,,6.9,
2016-08-31 04:00:00,6.0,,,5.3,
2016-08-31 05:00:00,6.0,,,4.6,
2016-08-31 06:00:00,6.0,,,4.6,
2016-08-31 07:00:00,6.0,,,4.4,
2016-08-31 08:00:00,6.0,,,5.2,
2016-08-31 09:00:00,6.0,,,3.5,
2016-08-31 10:00:00,6.0,,,4.3,
2016-08-31 11:00:00,6.0,,,5.6,
2016-08-31 12:00:00,6.0,,,7.2,
2016-08-31 13:00:00,6.0,,,9.9,
2016-08-31 14:00:00,6.0,,,12.1,
2016-08-31 15:00:00,6.0,,,13.3,
2016-08-31 16:00:00,6.0,,,14.9,
2016-08-31 17:00:00,6.0,,,18.2,
2016-08-31 18:00:00,6.0,,,17.6,
2016-08-31 19:00:00,17.81,,,7.3,
2016-08-31 20:00:00,6.0,,,0.9,
2016-08-31 21:00:00,6.0,,,0.9,
2016-08-31 22:00:00,31.6,,,0.39,
2016-08-31 23:00:00,16.48,,,2.4,
2016-09-01 00:00:00,13.65,,,4.2,
2016-09-01 01:00:00,26.35,,,5.0,
2016-09-01 02:00:00,13.87,,,6.5,
2016-09-01 03:00:00,6.0,,,9.8,
2016-09-01 04:00:00,6.0,,,6.7,
2016-09-01 05:00:00,15.07,,,4.5,
2016-09-01 06:00:00,17.2,,,4.8,
2016-09-01 07:00:00,19.43,,,1.7,
2016-09-01 08:00:00,6.0,,,0.39,
2016-09-01 09:00:00,6.0,,,3.8,
2016-09-01 10:00:00,6.0,,,6.9,
2016-09-01 11:00:00,19.29,,,11.1,
2016-09-01 12:00:00,15.46,,,18.9,
2016-09-01 13:00:00,16.19,,,18.7,
2016-09-01 14:00:00,6.0,,,21.5,
2016-09-01 15:00:00,6.0,,,25.3,
2016-09-01 16:00:00,6.0,,,29.9,
2016-09-01 17:00:00,20.5,,,29.0,
2016-09-01 18:00:00,12.74,,,24.7,
2016-09-01 19:00:00,12.73,,,4.6,
2016-09-01 20:00:00,39.42,,,9.5,
2016-09-01 21:00:00,39.05,,,18.7,
2016-09-01 22:00:00,25.81,,,25.6,
2016-09-01 23:00:00,14.96,,,24.5,
2016-09-02 00:00:00,6.0,,,25.2,
2016-09-02 01:00:00,6.0,,,28.0,
2016-09-02 02:00:00,6.0,,,27.9,
2016-09-02 03:00:00,18.03,,,27.7,
2016-09-02 04:00:00,26.05,,,28.4,
2016-09-02 05:00:00,14.76,,,27.3,
2016-09-02 06:00:00,12.42,,,24.2,
2016-09-02 07:00:00,6.0,,,17.0,
2016-09-02 08:00:00,13.48,,,9.1,
2016-09-02 09:00:00,25.54,,,15.7,
2016-09-02 10:00:00,23.48,,,24.9,
2016-09-02 11:00:00,32.75,,,29.2,
2016-09-02 12:00:00,23.8,,,30.0,
2016-09-02 13:00:00,17.09,,,30.1,
2016-09-02 14:00:00,21.84,,,28.5,
2016-09-02 15:00:00,23.96,,,24.2,
2016-09-02 16:00:00,38.86,,,24.6,
2016-09-02 17:00:00,35.27,,,25.0,
2016-09-02 18:00:00,38.16,,,22.0,
2016-09-02 19:00:00,32.19,,,15.0,
2016-09-02 20:00:00,24.48,,,14.0,
2016-09-02 21:00:00,23.79,,,17.2,
2016-09-02 22:00:00,20.31,,,16.6,
2016-09-02 23:00:00,35.81,,,21.1,
2016-09-03 00:00:00,20.1,,,21.4,
2016-09-03 01:00:00,13.85,,,20.7,
2016-09-03 02:00:00,24.43,,,21.8,
2016-09-03 03:00:00,14.95,,,23.6,
2016-09-03 04:00:00,6.0,,,22.8,
2016-09-03 05:00:00,6.0,,,24.5,
2016-09-03 06:00:00,6.0,,,25.1,
2016-09-03 07:00:00,6.0,,,23.9,
2016-09-03 08:00:00,6.0,,,22.2,
2016-09-03 09:00:00,6.0,,,21.1,
2016-09-03 10:00:00,6.0,,,23.7,
2016-09-03 11:00:00,6.0,,,24.1,
2016-09-03 12:00:00,6.0,,,23.4,
2016-09-03 13:00:00,6.0,,,20.2,
2016-09-03 14:00:00,6.0,,,18.3,
2016-09-03 15:00:00,6.0,,,17.4,
2016-09-03 16:00:00,20.39,,,21.0,
2016-09-03 17:00:00,6.0,,,18.9,
2016-09-03 18:00:00,6.0,,,12.8,
2016-09-03 19:00:00,6.0,,,13.6,
2016-09-03 20:00:00,6.0,,,18.0,
2016-09-03 21:00:00,6.0,,,16.3,
2016-09-03 22:00:00,6.0,,,24.3,
2016-09-03 23:00:00,6.0,,,26.8,
2016-09-04 00:00:00,6.0,,,24.0,
2016-09-04 01:00:00,6.0,,,23.1,
2016-09-04 02:00:00,6.0,,,20.3,
2016-09-04 03:00:00,6.0,,,19.3,
2016-09-04 04:00:00,6.0,,,20.9,
2016-09-04 05:00:00,6.0,,,23.7,
2016-09-04 06:00:00,6.0,,,25.0,
2016-09-04 07:00:00,6.0,,,21.8,
2016-09-04 08:00:00,6.0,,,17.7,
2016-09-04 09:00:00,6.0,,,16.6,
2016-09-04 10:00:00,6.0,,,16.6,
2016-09-04 11:00:00,6.0,,,15.2,
2016-09-04 12:00:00,13.17,,,22.4,
2016-09-04 13:00:00,6.0,,,19.6,
2016-09-04 14:00:00,6.0,,,23.4,
2016-09-04 15:00:00,6.0,,,22.7,
2016-09-04 16:00:00,18.97,,,19.9,
2016-09-04 17:00:00,16.64,,,18.6,
2016-09-04 18:00:00,6.0,,,16.9,
2016-09-04 19:00:00,6.0,,,13.4,
2016-09-04 20:00:00,,,,,
2016-09-04 21:00:00,,,,,
2016-09-04 22:00:00,,,,,
2016-09-04 23:00:00,,,,,
2016-09-05 00:00:00,,,,,
2016-09-05 01:00:00,,,,,
2016-09-05 02:00:00,,,,,
2016-09-05 03:00:00,,,,,
2016-09-05 04:00:00,,,,,
2016-09-05 05:00:00,,,,,
2016-09-05 06:00:00,,,,,
2016-09-05 07:00:00,,,,,
2016-09-05 08:00:00,,,,,
2016-09-05 09:00:00,,,,,
2016-09-05 10:00:00,,,,,
2016-09-05 11:00:00,,,,,
2016-09-05 12:00:00,6.0,,,17.9,
2016-09-05 13:00:00,6.0,,,18.3,
2016-09-05 14:00:00,6.0,,,27.7,
2016-09-05 15:00:00,6.0,,,27.6,
2016-09-05 16:00:00,29.29,,,28.8,
2016-09-05 17:00:00,23.52,,,17.4,
2016-09-05 18:00:00,35.03,,,4.2,
2016-09-05 19:00:00,27.14,,,5.8,
2016-09-05 20:00:00,16.71,,,6.5,
2016-09-05 21:00:00,28.58,,,9.5,
2016-09-05 22:00:00,15.21,,,11.5,
2016-09-05 23:00:00,6.0,,,7.5,
2016-09-06 00:00:00,6.0,,,8.8,
2016-09-06 01:00:00,6.0,,,17.3,
2016-09-06 02:00:00,6.0,,,21.4,
2016-09-06 03:00:00,6.0,,,20.6,
2016-09-06 04:00:00,6.0,,,19.3,
2016-09-06 05:00:00,6.0,,,16.7,
2016-09-06 06:00:00,6.0,,,17.9,
2016-09-06 07:00:00,6.0,,,21.2,
2016-09-06 08:00:00,6.0,,,19.2,
2016-09-06 09:00:00,6.0,,,21.2,
2016-09-06 10:00:00,6.0,,,22.4,
2016-09-06 11:00:00,6.0,,,21.7,
2016-09-06 12:00:00,6.0,,,25.2,
2016-09-06 13:00:00,,,,,
2016-09-06 14:00:00,,,,,
2016-09-06 15:00:00,,,,,
2016-09-06 16:00:00,,,,,
2016-09-06 17:00:00,,,,,
2016-09-06 18:00:00,,,,,
2016-09-06 19:00:00,,,,,
2016-09-06 20:00:00,,,,,
2016-09-06 21:00:00,,,,,
2016-09-06 22:00:00,,,,,
2016-09-06 23:00:00,,,,,
2016-09-07 00:00:00,,,,,
2016-09-07 01:00:00,,,,,
2016-09-07 02:00:00,,,,,
2016-09-07 03:00:00,,,,,
2016-09-07 04:00:00,,,,,
2016-09-07 05:00:00,,,,,
2016-09-07 06:00:00,,,,,
2016-09-07 07:00:00,,,,,
2016-09-07 08:00:00,,,,,
2016-09-07 09:00:00,,,,,
2016-09-07 10:00:00,,,,,
2016-09-07 11:00:00,,,,,
2016-09-07 12:00:00,,,,,
2016-09-07 13:00:00,,,,,
2016-09-07 14:00:00,,,,,
2016-09-07 15:00:00,,,,,
2016-09-07 16:00:00,,,,,
2016-09-07 17:00:00,,,,,
2016-09-07 18:00:00,,,,,
2016-09-07 19:00:00,,,,,
2016-09-07 20:00:00,,,,,
2016-09-07 21:00:00,,,,,
2016-09-07 22:00:00,,,,,
2016-09-07 23:00:00,,,,,
2016-09-08 00:00:00,,,,,
2016-09-08 01:00:00,,,,,
2016-09-08 02:00:00,,,,,
2016-09-08 03:00:00,,,,,
2016-09-08 04:00:00,,,,,
2016-09-08 05:00:00,,,,,
2016-09-08 06:00:00,,,,,
2016-09-08 07:00:00,,,,,
2016-09-08 08:00:00,,,,,
2016-09-08 09:00:00,,,,,
2016-09-08 10:00:00,,,,,
2016-09-08 11:00:00,,,,,
2016-09-08 12:00:00,,,,,
2016-09-08 13:00:00,,,,,
2016-09-08 14:00:00,,,,,
2016-09-08 15:00:00,,,,,
2016-09-08 16:00:00,,,,,
2016-09-08 17:00:00,,,,,
2016-09-08 18:00:00,,,,,
2016-09-08 19:00:00,,,,,
2016-09-08 20:00:00,,,,,
2016-09-08 21:00:00,,,,,
2016-09-08 22:00:00,,,,,
2016-09-08 23:00:00,,,,,
2016-09-09 00:00:00,,,,,
2016-09-09 01:00:00,,,,,
2016-09-09 02:00:00,,,,,
2016-09-09 03:00:00,,,,,
2016-09-09 04:00:00,,,,,
2016-09-09 05:00:00,,,,,
2016-09-09 06:00:00,,,,,
2016-09-09 07:00:00,,,,,
2016-09-09 08:00:00,,,,,
2016-09-09 09:00:00,,,,,
2016-09-09 10:00:00,,,,,
2016-09-09 11:00:00,,,,,
2016-09-09 12:00:00,,,,,
2016-09-09 13:00:00,,,,,
2016-09-09 14:00:00,,,,,
2016-09-09 15:00:00,6.0,,,49.4,
2016-09-09 16:00:00,13.4,,,61.4,
2016-09-09 17:00:00,34.83,,,60.2,
2016-09-09 18:00:00,24.84,,,39.9,
2016-09-09 19:00:00,29.25,,,21.2,
2016-09-09 20:00:00,43.49,,,15.6,
2016-09-09 21:00:00,27.78,,,9.4,
2016-09-09 22:00:00,35.22,,,7.9,
2016-09-09 23:00:00,46.67,,,5.0,
2016-09-10 00:00:00,31.33,,,3.6,
2016-09-10 01:00:00,25.44,,,2.2,
2016-09-10 02:00:00,23.08,,,1.1,
2016-09-10 03:00:00,27.25,,,0.39,
2016-09-10 04:00:00,37.42,,,1.0,
2016-09-10 05:00:00,21.86,,,0.9,
2016-09-10 06:00:00,22.93,,,1.0,
2016-09-10 07:00:00,18.44,,,1.0,
2016-09-10 08:00:00,30.52,,,1.7,
2016-09-10 09:00:00,37.67,,,2.5,
2016-09-10 10:00:00,20.76,,,4.9,
2016-09-10 11:00:00,19.18,,,17.3,
2016-09-10 12:00:00,23.48,,,22.9,
2016-09-10 13:00:00,23.94,,,29.0,
2016-09-10 14:00:00,24.59,,,37.3,
2016-09-10 15:00:00,28.81,,,46.8,
2016-09-10 16:00:00,29.75,,,54.8,
2016-09-10 17:00:00,21.69,,,55.0,
2016-09-10 18:00:00,29.09,,,43.4,
2016-09-10 19:00:00,23.37,,,22.2,
2016-09-10 20:00:00,34.27,,,22.4,
2016-09-10 21:00:00,74.67,,,12.5,
2016-09-10 22:00:00,53.21,,,13.1,
2016-09-10 23:00:00,65.53,,,14.5,
2016-09-11 00:00:00,74.23,,,6.3,
2016-09-11 01:00:00,64.21,,,1.7,
2016-09-11 02:00:00,73.71,,,1.0,
2016-09-11 03:00:00,77.61,,,1.0,
2016-09-11 04:00:00,55.83,,,1.0,
2016-09-11 05:00:00,58.38,,,1.0,
2016-09-11 06:00:00,40.38,,,1.0,
2016-09-11 07:00:00,46.72,,,0.9,
2016-09-11 08:00:00,58.71,,,1.2,
2016-09-11 09:00:00,67.15,,,2.4,
2016-09-11 10:00:00,64.75,,,14.3,
2016-09-11 11:00:00,64.49,,,30.8,
2016-09-11 12:00:00,65.87,,,37.6,
2016-09-11 13:00:00,44.82,,,49.3,
2016-09-11 14:00:00,29.81,,,49.9,
2016-09-11 15:00:00,26.97,,,36.5,
2016-09-11 16:00:00,20.42,,,34.8,
2016-09-11 17:00:00,21.77,,,32.8,
2016-09-11 18:00:00,18.59,,,28.1,
2016-09-11 19:00:00,24.18,,,20.9,
2016-09-11 20:00:00,41.79,,,21.5,
2016-09-11 21:00:00,41.41,,,22.8,
2016-09-11 22:00:00,48.42,,,27.6,
2016-09-11 23:00:00,31.91,,,26.8,
2016-09-12 00:00:00,42.75,,,23.5,
2016-09-12 01:00:00,43.87,,,25.1,
2016-09-12 02:00:00,30.28,,,14.6,
2016-09-12 03:00:00,22.54,,,15.5,
2016-09-12 04:00:00,45.07,,,14.4,
2016-09-12 05:00:00,33.63,,,11.8,
2016-09-12 06:00:00,28.81,,,5.9,
2016-09-12 07:00:00,21.43,,,2.2,
2016-09-12 08:00:00,33.64,,,1.0,
2016-09-12 09:00:00,60.45,,,2.0,
2016-09-12 10:00:00,31.99,,,5.0,
2016-09-12 11:00:00,18.21,,,13.8,
2016-09-12 12:00:00,6.0,,,31.1,
2016-09-12 13:00:00,15.58,,,42.5,
2016-09-12 14:00:00,26.13,,,39.5,
2016-09-12 15:00:00,31.73,,,45.3,
2016-09-12 16:00:00,34.78,,,50.4,
2016-09-12 17:00:00,49.28,,,29.8,
2016-09-12 18:00:00,59.38,,,24.2,
2016-09-12 19:00:00,47.75,,,16.7,
2016-09-12 20:00:00,58.75,,,4.8,
2016-09-12 21:00:00,69.83,,,9.4,
2016-09-12 22:00:00,61.26,,,11.5,
2016-09-12 23:00:00,47.51,,,12.6,
2016-09-13 00:00:00,64.14,,,10.6,
2016-09-13 01:00:00,47.01,,,7.5,
2016-09-13 02:00:00,51.78,,,4.6,
2016-09-13 03:00:00,29.72,,,32.0,
2016-09-13 04:00:00,18.09,,,38.4,
2016-09-13 05:00:00,40.31,,,31.2,
2016-09-13 06:00:00,63.08,,,23.9,
2016-09-13 07:00:00,55.37,,,20.3,
2016-09-13 08:00:00,58.58,,,16.7,
2016-09-13 09:00:00,30.65,,,42.9,
2016-09-13 10:00:00,17.68,,,38.9,
2016-09-13 11:00:00,6.0,,,38.7,
2016-09-13 12:00:00,6.0,,,37.6,
2016-09-13 13:00:00,6.0,,,35.3,
2016-09-13 14:00:00,6.0,,,35.2,
2016-09-13 15:00:00,6.0,,,37.8,
2016-09-13 16:00:00,6.0,,,39.0,
2016-09-13 17:00:00,6.0,,,39.8,
2016-09-13 18:00:00,6.0,,,37.8,
2016-09-13 19:00:00,6.0,,,32.1,
2016-09-13 20:00:00,13.17,,,30.2,
2016-09-13 21:00:00,21.66,,,30.9,
2016-09-13 22:00:00,12.45,,,28.2,
2016-09-13 23:00:00,6.0,,,30.9,
2016-09-14 00:00:00,21.57,,,34.0,
2016-09-14 01:00:00,16.59,,,34.6,
2016-09-14 02:00:00,20.18,,,35.0,
2016-09-14 03:00:00,6.0,,,33.1,
2016-09-14 04:00:00,18.5,,,31.3,
2016-09-14 05:00:00,17.96,,,30.6,
2016-09-14 06:00:00,6.0,,,30.0,
2016-09-14 07:00:00,19.26,,,28.4,
2016-09-14 08:00:00,13.05,,,25.5,
2016-09-14 09:00:00,16.16,,,25.9,
2016-09-14 10:00:00,36.08,,,24.6,
2016-09-14 11:00:00,22.96,,,29.0,
2016-09-14 12:00:00,25.47,,,30.3,
2016-09-14 13:00:00,33.12,,,30.3,
2016-09-14 14:00:00,28.14,,,29.9,
2016-09-14 15:00:00,17.21,,,29.4,
2016-09-14 16:00:00,32.92,,,30.6,
2016-09-14 17:00:00,19.91,,,32.5,
2016-09-14 18:00:00,6.0,,,33.4,
2016-09-14 19:00:00,26.09,,,32.9,
2016-09-14 20:00:00,15.3,,,33.8,
2016-09-14 21:00:00,13.79,,,33.6,
2016-09-14 22:00:00,6.0,,,33.6,
2016-09-14 23:00:00,6.0,,,33.9,
2016-09-15 00:00:00,15.38,,,32.6,
2016-09-15 01:00:00,6.0,,,31.1,
2016-09-15 02:00:00,6.0,,,30.4,
2016-09-15 03:00:00,6.0,,,26.5,
2016-09-15 04:00:00,6.0,,,26.6,
2016-09-15 05:00:00,6.0,,,26.5,
2016-09-15 06:00:00,13.1,,,23.5,
2016-09-15 07:00:00,15.67,,,20.0,
2016-09-15 08:00:00,13.04,,,20.7,
2016-09-15 09:00:00,6.0,,,27.6,
2016-09-15 10:00:00,26.05,,,25.4,
2016-09-15 11:00:00,14.63,,,26.5,
2016-09-15 12:00:00,6.0,,,33.1,
2016-09-15 13:00:00,6.0,,,33.9,
2016-09-15 14:00:00,21.78,,,36.3,
2016-09-15 15:00:00,13.48,,,32.3,
2016-09-15 16:00:00,22.15,,,36.7,
2016-09-15 17:00:00,13.87,,,36.9,
2016-09-15 18:00:00,6.0,,,29.0,
2016-09-15 19:00:00,17.2,,,14.0,
2016-09-15 20:00:00,50.55,,,10.6,
2016-09-15 21:00:00,32.28,,,15.3,
2016-09-15 22:00:00,36.95,,,15.2,
2016-09-15 23:00:00,25.33,,,10.2,
2016-09-16 00:00:00,24.47,,,3.5,
2016-09-16 01:00:00,26.83,,,0.9,
2016-09-16 02:00:00,37.8,,,1.4,
2016-09-16 03:00:00,28.54,,,4.0,
2016-09-16 04:00:00,29.53,,,5.2,
2016-09-16 05:00:00,28.1,,,3.9,
2016-09-16 06:00:00,15.94,,,3.0,
2016-09-16 07:00:00,14.8,,,1.5,
2016-09-16 08:00:00,24.33,,,3.1,
2016-09-16 09:00:00,24.43,,,12.4,
2016-09-16 10:00:00,15.02,,,18.5,
2016-09-16 11:00:00,6.0,,,22.8,
2016-09-16 12:00:00,33.67,,,24.1,
2016-09-16 13:00:00,20.83,,,30.4,
2016-09-16 14:00:00,6.0,,,32.5,
2016-09-16 15:00:00,6.0,,,41.5,
2016-09-16 16:00:00,26.93,,,37.2,
2016-09-16 17:00:00,15.65,,,32.3,
2016-09-16 18:00:00,34.35,,,31.3,
2016-09-16 19:00:00,20.63,,,29.0,
2016-09-16 20:00:00,34.9,,,30.7,
2016-09-16 21:00:00,19.51,,,27.1,
2016-09-16 22:00:00,23.46,,,23.0,
2016-09-16 23:00:00,34.27,,,19.7,
2016-09-17 00:00:00,21.85,,,13.9,
2016-09-17 01:00:00,40.06,,,7.5,
2016-09-17 02:00:00,37.12,,,2.0,
2016-09-17 03:00:00,35.81,,,4.0,
2016-09-17 04:00:00,28.74,,,2.7,
2016-09-17 05:00:00,27.66,,,4.4,
2016-09-17 06:00:00,39.67,,,3.6,
2016-09-17 07:00:00,31.96,,,1.4,
2016-09-17 08:00:00,31.21,,,2.8,
2016-09-17 09:00:00,55.85,,,3.7,
2016-09-17 10:00:00,34.93,,,8.8,
2016-09-17 11:00:00,30.21,,,27.2,
2016-09-17 12:00:00,22.57,,,30.8,
2016-09-17 13:00:00,43.04,,,37.6,
2016-09-17 14:00:00,28.32,,,50.6,
2016-09-17 15:00:00,44.69,,,71.7,
2016-09-17 16:00:00,24.42,,,51.0,
2016-09-17 17:00:00,39.54,,,55.3,
2016-09-17 18:00:00,30.13,,,53.0,
2016-09-17 19:00:00,38.31,,,36.8,
2016-09-17 20:00:00,51.36,,,27.6,
2016-09-17 21:00:00,42.96,,,17.1,
2016-09-17 22:00:00,85.34,,,8.1,
2016-09-17 23:00:00,89.79,,,7.6,
2016-09-18 00:00:00,87.7,,,3.9,
2016-09-18 01:00:00,114.0,,,6.0,
2016-09-18 02:00:00,93.1,,,4.8,
2016-09-18 03:00:00,63.7,,,7.7,
2016-09-18 04:00:00,65.53,,,14.3,
2016-09-18 05:00:00,46.87,,,19.1,
2016-09-18 06:00:00,49.58,,,25.2,
2016-09-18 07:00:00,35.71,,,23.7,
2016-09-18 08:00:00,19.19,,,25.2,
2016-09-18 09:00:00,25.43,,,27.6,
2016-09-18 10:00:00,19.07,,,25.3,
2016-09-18 11:00:00,19.74,,,28.2,
2016-09-18 12:00:00,19.75,,,29.3,
2016-09-18 13:00:00,12.84,,,34.2,
2016-09-18 14:00:00,21.62,,,37.3,
2016-09-18 15:00:00,17.83,,,39.2,
2016-09-18 16:00:00,43.16,,,39.4,
2016-09-18 17:00:00,31.91,,,37.8,
2016-09-18 18:00:00,32.18,,,38.8,
2016-09-18 19:00:00,43.29,,,33.4,
2016-09-18 20:00:00,33.51,,,30.9,
2016-09-18 21:00:00,33.38,,,23.6,
2016-09-18 22:00:00,49.44,,,19.3,
2016-09-18 23:00:00,38.5,,,18.6,
2016-09-19 00:00:00,35.35,,,24.7,
2016-09-19 01:00:00,17.94,,,14.8,
2016-09-19 02:00:00,17.8,,,11.0,
2016-09-19 03:00:00,28.52,,,14.4,
2016-09-19 04:00:00,23.22,,,17.9,
2016-09-19 05:00:00,20.97,,,20.0,
2016-09-19 06:00:00,24.43,,,22.1,
2016-09-19 07:00:00,14.12,,,25.5,
2016-09-19 08:00:00,14.8,,,26.9,
2016-09-19 09:00:00,13.24,,,24.1,
2016-09-19 10:00:00,6.0,,,25.4,
2016-09-19 11:00:00,6.0,,,29.5,
2016-09-19 12:00:00,6.0,,,30.6,
2016-09-19 13:00:00,6.0,,,26.7,
2016-09-19 14:00:00,6.0,,,27.1,
2016-09-19 15:00:00,16.67,,,26.5,
2016-09-19 16:00:00,6.0,,,31.4,
2016-09-19 17:00:00,6.0,,,28.2,
2016-09-19 18:00:00,19.57,,,27.6,
2016-09-19 19:00:00,22.64,,,24.0,
2016-09-19 20:00:00,20.64,,,24.2,
2016-09-19 21:00:00,39.11,,,19.2,
2016-09-19 22:00:00,45.84,,,15.5,
2016-09-19 23:00:00,35.16,,,12.0,
2016-09-20 00:00:00,25.87,,,15.8,
2016-09-20 01:00:00,37.72,,,14.4,
2016-09-20 02:00:00,21.31,,,9.7,
2016-09-20 03:00:00,20.09,,,13.0,
2016-09-20 04:00:00,21.8,,,16.0,
2016-09-20 05:00:00,13.09,,,16.7,
2016-09-20 06:00:00,6.0,,,14.3,
2016-09-20 07:00:00,14.3,,,12.3,
2016-09-20 08:00:00,17.97,,,14.4,
2016-09-20 09:00:00,13.6,,,10.4,
2016-09-20 10:00:00,6.0,,,19.3,
2016-09-20 11:00:00,12.73,,,26.0,
2016-09-20 12:00:00,23.74,,,28.7,
2016-09-20 13:00:00,20.4,,,29.4,
2016-09-20 14:00:00,12.16,,,29.0,
2016-09-20 15:00:00,6.0,,,30.1,
2016-09-20 16:00:00,6.0,,,30.4,
2016-09-20 17:00:00,6.0,,,32.3,
2016-09-20 18:00:00,6.0,,,29.6,
2016-09-20 19:00:00,20.13,,,23.7,
2016-09-20 20:00:00,25.08,,,19.1,
2016-09-20 21:00:00,13.74,,,16.8,
2016-09-20 22:00:00,32.09,,,9.3,
2016-09-20 23:00:00,28.38,,,7.1,
2016-09-21 00:00:00,40.14,,,8.9,
2016-09-21 01:00:00,39.12,,,9.6,
2016-09-21 02:00:00,19.69,,,12.8,
2016-09-21 03:00:00,16.19,,,12.8,
2016-09-21 04:00:00,13.3,,,13.7,
2016-09-21 05:00:00,25.72,,,18.3,
2016-09-21 06:00:00,14.73,,,16.0,
2016-09-21 07:00:00,17.98,,,11.0,
2016-09-21 08:00:00,25.97,,,8.8,
2016-09-21 09:00:00,15.14,,,14.0,
2016-09-21 10:00:00,6.0,,,18.2,
2016-09-21 11:00:00,6.0,,,25.0,
2016-09-21 12:00:00,6.0,,,34.0,
2016-09-21 13:00:00,6.0,,,35.3,
2016-09-21 14:00:00,6.0,,,35.2,
2016-09-21 15:00:00,13.84,,,35.7,
2016-09-21 16:00:00,14.18,,,33.5,
2016-09-21 17:00:00,39.46,,,28.9,
2016-09-21 18:00:00,26.13,,,28.2,
2016-09-21 19:00:00,31.69,,,22.8,
2016-09-21 20:00:00,40.02,,,18.3,
2016-09-21 21:00:00,20.49,,,13.8,
2016-09-21 22:00:00,26.49,,,8.5,
2016-09-21 23:00:00,35.27,,,8.2,
2016-09-22 00:00:00,27.04,,,10.7,
2016-09-22 01:00:00,22.57,,,10.9,
2016-09-22 02:00:00,23.66,,,10.3,
2016-09-22 03:00:00,21.86,,,6.8,
2016-09-22 04:00:00,12.49,,,5.1,
2016-09-22 05:00:00,6.0,,,4.0,
2016-09-22 06:00:00,30.88,,,1.4,
2016-09-22 07:00:00,16.51,,,0.9,
2016-09-22 08:00:00,6.0,,,1.0,
2016-09-22 09:00:00,72.75,,,7.5,
2016-09-22 10:00:00,36.69,,,20.6,
2016-09-22 11:00:00,18.32,,,27.6,
2016-09-22 12:00:00,6.0,,,33.0,
2016-09-22 13:00:00,6.0,,,40.9,
2016-09-22 14:00:00,6.0,,,51.5,
2016-09-22 15:00:00,22.31,,,65.9,
2016-09-22 16:00:00,31.43,,,67.6,
2016-09-22 17:00:00,35.04,,,47.5,
2016-09-22 18:00:00,34.06,,,31.4,
2016-09-22 19:00:00,48.49,,,25.0,
2016-09-22 20:00:00,50.53,,,15.2,
2016-09-22 21:00:00,34.74,,,11.0,
2016-09-22 22:00:00,58.58,,,6.8,
2016-09-22 23:00:00,60.65,,,2.9,
2016-09-23 00:00:00,38.63,,,1.0,
2016-09-23 01:00:00,49.32,,,0.39,
2016-09-23 02:00:00,45.78,,,0.8,
2016-09-23 03:00:00,48.4,,,0.39,
2016-09-23 04:00:00,53.79,,,0.8,
2016-09-23 05:00:00,43.52,,,0.9,
2016-09-23 06:00:00,53.74,,,1.0,
2016-09-23 07:00:00,44.95,,,1.0,
2016-09-23 08:00:00,42.75,,,1.9,
2016-09-23 09:00:00,55.26,,,3.4,
2016-09-23 10:00:00,31.16,,,11.8,
2016-09-23 11:00:00,44.45,,,27.6,
2016-09-23 12:00:00,41.78,,,29.5,
2016-09-23 13:00:00,29.24,,,32.2,
2016-09-23 14:00:00,33.09,,,34.5,
2016-09-23 15:00:00,37.66,,,30.4,
2016-09-23 16:00:00,42.89,,,28.0,
2016-09-23 17:00:00,33.47,,,27.5,
2016-09-23 18:00:00,38.07,,,23.0,
2016-09-23 19:00:00,33.1,,,20.5,
2016-09-23 20:00:00,34.23,,,18.5,
2016-09-23 21:00:00,43.8,,,21.7,
2016-09-23 22:00:00,24.41,,,21.3,
2016-09-23 23:00:00,31.73,,,22.5,
2016-09-24 00:00:00,30.31,,,22.9,
2016-09-24 01:00:00,35.48,,,22.0,
2016-09-24 02:00:00,19.22,,,22.5,
2016-09-24 03:00:00,16.26,,,22.5,
2016-09-24 04:00:00,25.23,,,23.1,
2016-09-24 05:00:00,29.41,,,22.2,
2016-09-24 06:00:00,16.55,,,16.8,
2016-09-24 07:00:00,21.23,,,16.8,
2016-09-24 08:00:00,17.12,,,25.0,
2016-09-24 09:00:00,17.29,,,28.3,
2016-09-24 10:00:00,6.0,,,27.9,
2016-09-24 11:00:00,6.0,,,30.0,
2016-09-24 12:00:00,17.65,,,31.7,
2016-09-24 13:00:00,6.0,,,32.9,
2016-09-24 14:00:00,6.0,,,31.4,
2016-09-24 15:00:00,21.55,,,31.7,
2016-09-24 16:00:00,14.74,,,33.1,
2016-09-24 17:00:00,15.26,,,31.6,
2016-09-24 18:00:00,19.88,,,27.0,
2016-09-24 19:00:00,37.09,,,19.9,
2016-09-24 20:00:00,44.46,,,19.8,
2016-09-24 21:00:00,33.84,,,18.3,
2016-09-24 22:00:00,25.63,,,12.9,
2016-09-24 23:00:00,18.71,,,15.6,
2016-09-25 00:00:00,37.25,,,13.1,
2016-09-25 01:00:00,46.95,,,10.3,
2016-09-25 02:00:00,33.64,,,8.7,
2016-09-25 03:00:00,23.68,,,5.0,
2016-09-25 04:00:00,28.16,,,14.1,
2016-09-25 05:00:00,22.02,,,20.8,
2016-09-25 06:00:00,31.2,,,22.1,
2016-09-25 07:00:00,30.55,,,25.6,
2016-09-25 08:00:00,21.64,,,28.6,
2016-09-25 09:00:00,18.51,,,30.7,
2016-09-25 10:00:00,15.0,,,30.5,
2016-09-25 11:00:00,6.0,,,32.6,
2016-09-25 12:00:00,6.0,,,34.1,
2016-09-25 13:00:00,6.0,,,33.6,
2016-09-25 14:00:00,12.13,,,34.3,
2016-09-25 15:00:00,14.01,,,36.3,
2016-09-25 16:00:00,6.0,,,33.2,
2016-09-25 17:00:00,13.13,,,33.3,
2016-09-25 18:00:00,6.0,,,31.6,
2016-09-25 19:00:00,6.0,,,21.7,
2016-09-25 20:00:00,20.15,,,9.7,
2016-09-25 21:00:00,12.17,,,6.8,
2016-09-25 22:00:00,37.75,,,2.4,
2016-09-25 23:00:00,42.36,,,0.8,
2016-09-26 00:00:00,41.98,,,0.9,
2016-09-26 01:00:00,37.8,,,0.8,
2016-09-26 02:00:00,33.41,,,0.39,
2016-09-26 03:00:00,50.89,,,0.39,
2016-09-26 04:00:00,38.49,,,0.9,
2016-09-26 05:00:00,19.79,,,1.7,
2016-09-26 06:00:00,34.08,,,1.5,
2016-09-26 07:00:00,29.8,,,1.0,
2016-09-26 08:00:00,44.73,,,2.1,
2016-09-26 09:00:00,45.41,,,3.9,
2016-09-26 10:00:00,42.08,,,9.5,
2016-09-26 11:00:00,22.09,,,25.2,
2016-09-26 12:00:00,6.0,,,28.5,
2016-09-26 13:00:00,6.0,,,34.0,
2016-09-26 14:00:00,6.0,,,37.2,
2016-09-26 15:00:00,16.59,,,33.9,
2016-09-26 16:00:00,16.19,,,30.2,
2016-09-26 17:00:00,27.58,,,30.5,
2016-09-26 18:00:00,27.55,,,25.0,
2016-09-26 19:00:00,33.92,,,17.9,
2016-09-26 20:00:00,34.22,,,13.5,
2016-09-26 21:00:00,37.47,,,8.2,
2016-09-26 22:00:00,28.71,,,7.8,
2016-09-26 23:00:00,57.29,,,14.3,
2016-09-27 00:00:00,33.32,,,19.8,
2016-09-27 01:00:00,19.16,,,26.2,
2016-09-27 02:00:00,6.0,,,25.5,
2016-09-27 03:00:00,6.0,,,23.3,
2016-09-27 04:00:00,6.0,,,19.0,
2016-09-27 05:00:00,6.0,,,20.0,
2016-09-27 06:00:00,12.06,,,22.2,
2016-09-27 07:00:00,6.0,,,16.0,
2016-09-27 08:00:00,6.0,,,15.5,
2016-09-27 09:00:00,6.0,,,17.9,
2016-09-27 10:00:00,20.06,,,23.6,
2016-09-27 11:00:00,23.81,,,26.2,
2016-09-27 12:00:00,13.99,,,33.1,
2016-09-27 13:00:00,22.91,,,34.2,
2016-09-27 14:00:00,13.84,,,33.0,
2016-09-27 15:00:00,18.11,,,33.1,
2016-09-27 16:00:00,16.78,,,35.0,
2016-09-27 17:00:00,25.85,,,30.7,
2016-09-27 18:00:00,35.42,,,30.3,
2016-09-27 19:00:00,19.9,,,21.6,
2016-09-27 20:00:00,27.42,,,18.6,
2016-09-27 21:00:00,39.7,,,20.1,
2016-09-27 22:00:00,45.65,,,17.8,
2016-09-27 23:00:00,39.48,,,20.0,
2016-09-28 00:00:00,48.92,,,21.2,
2016-09-28 01:00:00,32.59,,,18.4,
2016-09-28 02:00:00,21.53,,,18.8,
2016-09-28 03:00:00,14.36,,,14.1,
2016-09-28 04:00:00,36.48,,,15.1,
2016-09-28 05:00:00,32.86,,,13.2,
2016-09-28 06:00:00,34.12,,,14.7,
2016-09-28 07:00:00,23.17,,,12.4,
2016-09-28 08:00:00,29.85,,,4.9,
2016-09-28 09:00:00,25.49,,,11.5,
2016-09-28 10:00:00,14.77,,,10.8,
2016-09-28 11:00:00,6.0,,,16.5,
2016-09-28 12:00:00,,,,,
2016-09-28 13:00:00,,,,,
2016-09-28 14:00:00,,,,,
2016-09-28 15:00:00,,,,,
2016-09-28 16:00:00,,,,,
2016-09-28 17:00:00,,,,,
2016-09-28 18:00:00,,,,,
2016-09-28 19:00:00,,,,,
2016-09-28 20:00:00,,,,,
2016-09-28 21:00:00,,,,,
2016-09-28 22:00:00,,,,,
2016-09-28 23:00:00,,,,,
2016-09-29 00:00:00,,,,,
2016-09-29 01:00:00,24.53,,,22.7,
2016-09-29 02:00:00,22.76,,,32.9,
2016-09-29 03:00:00,22.66,,,32.4,
2016-09-29 04:00:00,15.97,,,32.0,
2016-09-29 05:00:00,6.0,,,25.4,
2016-09-29 06:00:00,6.0,,,17.0,
2016-09-29 07:00:00,6.0,,,11.4,
2016-09-29 08:00:00,12.61,,,6.2,
2016-09-29 09:00:00,25.23,,,6.3,
2016-09-29 10:00:00,30.94,,,10.3,
2016-09-29 11:00:00,30.96,,,12.0,
2016-09-29 12:00:00,33.19,,,27.1,
2016-09-29 13:00:00,18.43,,,31.2,
2016-09-29 14:00:00,16.24,,,34.3,
2016-09-29 15:00:00,18.83,,,37.7,
2016-09-29 16:00:00,21.25,,,36.5,
2016-09-29 17:00:00,27.12,,,34.6,
2016-09-29 18:00:00,29.67,,,29.4,
2016-09-29 19:00:00,32.81,,,20.5,
2016-09-29 20:00:00,34.44,,,20.8,
2016-09-29 21:00:00,32.86,,,19.4,
2016-09-29 22:00:00,30.95,,,8.1,
2016-09-29 23:00:00,35.38,,,8.9,
2016-09-30 00:00:00,42.54,,,11.1,
2016-09-30 01:00:00,38.58,,,12.8,
2016-09-30 02:00:00,26.89,,,12.5,
2016-09-30 03:00:00,16.23,,,10.5,
2016-09-30 04:00:00,15.79,,,3.8,
2016-09-30 05:00:00,21.46,,,1.8,
2016-09-30 06:00:00,23.62,,,1.2,
2016-09-30 07:00:00,18.23,,,1.0,
2016-09-30 08:00:00,25.06,,,3.2,
2016-09-30 09:00:00,32.42,,,11.6,
2016-09-30 10:00:00,23.72,,,21.6,
2016-09-30 11:00:00,15.42,,,26.4,
2016-09-30 12:00:00,12.15,,,29.4,
2016-09-30 13:00:00,19.08,,,31.5,
2016-09-30 14:00:00,26.21,,,32.4,
2016-09-30 15:00:00,24.3,,,32.1,
2016-09-30 16:00:00,22.23,,,31.0,
2016-09-30 17:00:00,18.56,,,28.4,
2016-09-30 18:00:00,21.6,,,30.4,
2016-09-30 19:00:00,24.3,,,25.5,
2016-09-30 20:00:00,21.56,,,23.0,
2016-09-30 21:00:00,28.48,,,21.0,
2016-09-30 22:00:00,24.41,,,20.5,
2016-09-30 23:00:00,20.61,,,19.8,
2016-10-01 00:00:00,23.24,,,18.3,
2016-10-01 01:00:00,17.55,,,16.8,
2016-10-01 02:00:00,6.0,,,18.0,
2016-10-01 03:00:00,6.0,,,17.1,
2016-10-01 04:00:00,6.0,,,16.6,
2016-10-01 05:00:00,6.0,,,15.2,
2016-10-01 06:00:00,6.0,,,16.0,
2016-10-01 07:00:00,6.0,,,12.3,
2016-10-01 08:00:00,6.0,,,15.2,
2016-10-01 09:00:00,6.0,,,20.7,
2016-10-01 10:00:00,6.0,,,26.7,
2016-10-01 11:00:00,6.0,,,30.0,
2016-10-01 12:00:00,12.84,,,32.5,
2016-10-01 13:00:00,18.24,,,33.1,
2016-10-01 14:00:00,22.12,,,34.5,
2016-10-01 15:00:00,32.04,,,33.9,
2016-10-01 16:00:00,21.11,,,33.4,
2016-10-01 17:00:00,17.97,,,33.1,
2016-10-01 18:00:00,18.66,,,31.9,
2016-10-01 19:00:00,32.82,,,29.1,
2016-10-01 20:00:00,35.51,,,25.2,
2016-10-01 21:00:00,24.6,,,22.8,
2016-10-01 22:00:00,19.98,,,22.4,
2016-10-01 23:00:00,15.72,,,22.2,
2016-10-02 00:00:00,15.54,,,20.5,
2016-10-02 01:00:00,12.65,,,18.2,
2016-10-02 02:00:00,13.75,,,18.7,
2016-10-02 03:00:00,13.13,,,17.7,
2016-10-02 04:00:00,12.8,,,15.9,
2016-10-02 05:00:00,15.45,,,12.5,
2016-10-02 06:00:00,6.0,,,10.8,
2016-10-02 07:00:00,6.0,,,9.4,
2016-10-02 08:00:00,6.0,,,13.4,
2016-10-02 09:00:00,6.0,,,17.1,
2016-10-02 10:00:00,6.0,,,20.6,
2016-10-02 11:00:00,6.0,,,25.1,
2016-10-02 12:00:00,6.0,,,27.3,
2016-10-02 13:00:00,6.0,,,30.1,
2016-10-02 14:00:00,6.0,,,34.4,
2016-10-02 15:00:00,21.43,,,33.9,
2016-10-02 16:00:00,23.07,,,35.2,
2016-10-02 17:00:00,13.9,,,35.9,
2016-10-02 18:00:00,15.17,,,35.2,
2016-10-02 19:00:00,29.34,,,30.0,
2016-10-02 20:00:00,31.89,,,25.7,
2016-10-02 21:00:00,22.57,,,24.1,
2016-10-02 22:00:00,20.87,,,20.6,
2016-10-02 23:00:00,16.34,,,20.3,
2016-10-03 00:00:00,20.03,,,20.0,
2016-10-03 01:00:00,18.57,,,20.2,
2016-10-03 02:00:00,18.23,,,19.5,
2016-10-03 03:00:00,6.0,,,19.2,
2016-10-03 04:00:00,6.0,,,16.1,
2016-10-03 05:00:00,6.0,,,12.0,
2016-10-03 06:00:00,12.98,,,7.5,
2016-10-03 07:00:00,21.17,,,2.7,
2016-10-03 08:00:00,14.8,,,2.9,
2016-10-03 09:00:00,22.56,,,5.3,
2016-10-03 10:00:00,26.16,,,13.5,
2016-10-03 11:00:00,13.42,,,23.9,
2016-10-03 12:00:00,6.0,,,27.6,
2016-10-03 13:00:00,13.09,,,33.7,
2016-10-03 14:00:00,17.76,,,34.0,
2016-10-03 15:00:00,21.98,,,32.2,
2016-10-03 16:00:00,18.67,,,30.0,
2016-10-03 17:00:00,20.16,,,28.7,
2016-10-03 18:00:00,30.82,,,27.6,
2016-10-03 19:00:00,27.91,,,26.0,
2016-10-03 20:00:00,22.87,,,26.0,
2016-10-03 21:00:00,16.27,,,26.9,
2016-10-03 22:00:00,13.48,,,24.4,
2016-10-03 23:00:00,12.72,,,25.7,
2016-10-04 00:00:00,13.11,,,26.9,
2016-10-04 01:00:00,16.31,,,27.4,
2016-10-04 02:00:00,6.0,,,27.1,
2016-10-04 03:00:00,6.0,,,27.3,
2016-10-04 04:00:00,6.0,,,27.7,
2016-10-04 05:00:00,6.0,,,27.0,
2016-10-04 06:00:00,6.0,,,26.1,
2016-10-04 07:00:00,6.0,,,22.1,
2016-10-04 08:00:00,6.0,,,15.8,
2016-10-04 09:00:00,6.0,,,18.7,
2016-10-04 10:00:00,6.0,,,18.9,
2016-10-04 11:00:00,6.0,,,24.5,
2016-10-04 12:00:00,6.0,,,28.5,
2016-10-04 13:00:00,6.0,,,28.7,
2016-10-04 14:00:00,6.0,,,30.2,
2016-10-04 15:00:00,6.0,,,30.5,
2016-10-04 16:00:00,6.0,,,31.3,
2016-10-04 17:00:00,12.56,,,30.9,
2016-10-04 18:00:00,24.69,,,31.3,
2016-10-04 19:00:00,27.55,,,30.5,
2016-10-04 20:00:00,20.12,,,27.9,
2016-10-04 21:00:00,19.52,,,28.2,
2016-10-04 22:00:00,6.0,,,25.2,
2016-10-04 23:00:00,6.0,,,22.6,
2016-10-05 00:00:00,6.0,,,22.9,
2016-10-05 01:00:00,6.0,,,18.4,
2016-10-05 02:00:00,6.0,,,16.0,
2016-10-05 03:00:00,6.0,,,16.7,
2016-10-05 04:00:00,6.0,,,15.1,
2016-10-05 05:00:00,6.0,,,13.2,
2016-10-05 06:00:00,6.0,,,13.0,
2016-10-05 07:00:00,6.0,,,9.0,
2016-10-05 08:00:00,12.73,,,12.4,
2016-10-05 09:00:00,25.7,,,20.1,
2016-10-05 10:00:00,15.32,,,25.0,
2016-10-05 11:00:00,6.0,,,29.8,
2016-10-05 12:00:00,6.0,,,30.5,
2016-10-05 13:00:00,,,,,
2016-10-05 14:00:00,,,,,
2016-10-05 15:00:00,,,,,
2016-10-05 16:00:00,,,,,
2016-10-05 17:00:00,,,,,
2016-10-05 18:00:00,,,,,
2016-10-05 19:00:00,,,,,
2016-10-05 20:00:00,,,,,
2016-10-05 21:00:00,,,,,
2016-10-05 22:00:00,,,,,
2016-10-05 23:00:00,,,,,
2016-10-06 00:00:00,,,,,
2016-10-06 01:00:00,6.0,,,32.3,
2016-10-06 02:00:00,6.0,,,33.3,
2016-10-06 03:00:00,6.0,,,31.5,
2016-10-06 04:00:00,6.0,,,29.9,
2016-10-06 05:00:00,6.0,,,30.1,
2016-10-06 06:00:00,6.0,,,28.1,
2016-10-06 07:00:00,13.82,,,21.0,
2016-10-06 08:00:00,12.69,,,17.8,
2016-10-06 09:00:00,13.34,,,17.2,
2016-10-06 10:00:00,6.0,,,16.0,
2016-10-06 11:00:00,6.0,,,21.4,
2016-10-06 12:00:00,6.0,,,26.1,
2016-10-06 13:00:00,13.56,,,26.5,
2016-10-06 14:00:00,6.0,,,26.0,
2016-10-06 15:00:00,14.29,,,22.6,
2016-10-06 16:00:00,6.0,,,18.9,
2016-10-06 17:00:00,6.0,,,15.1,
2016-10-06 18:00:00,16.38,,,14.6,
2016-10-06 19:00:00,20.82,,,5.5,
2016-10-06 20:00:00,22.85,,,2.6,
2016-10-06 21:00:00,22.35,,,2.2,
2016-10-06 22:00:00,22.15,,,2.5,
2016-10-06 23:00:00,25.74,,,3.1,
2016-10-07 00:00:00,17.19,,,6.0,
2016-10-07 01:00:00,6.0,,,7.2,
2016-10-07 02:00:00,6.0,,,8.4,
2016-10-07 03:00:00,19.69,,,8.7,
2016-10-07 04:00:00,23.78,,,6.2,
2016-10-07 05:00:00,12.88,,,4.3,
2016-10-07 06:00:00,6.0,,,1.0,
2016-10-07 07:00:00,6.0,,,1.2,
2016-10-07 08:00:00,15.76,,,2.7,
2016-10-07 09:00:00,16.71,,,7.1,
2016-10-07 10:00:00,16.84,,,16.7,
2016-10-07 11:00:00,16.45,,,23.3,
2016-10-07 12:00:00,21.03,,,26.3,
2016-10-07 13:00:00,12.67,,,27.8,
2016-10-07 14:00:00,13.74,,,32.8,
2016-10-07 15:00:00,17.39,,,31.5,
2016-10-07 16:00:00,6.0,,,33.2,
2016-10-07 17:00:00,6.0,,,31.7,
2016-10-07 18:00:00,6.0,,,22.4,
2016-10-07 19:00:00,6.0,,,16.6,
2016-10-07 20:00:00,22.36,,,12.9,
2016-10-07 21:00:00,32.51,,,9.5,
2016-10-07 22:00:00,41.05,,,4.7,
2016-10-07 23:00:00,29.28,,,4.0,
2016-10-08 00:00:00,29.57,,,3.4,
2016-10-08 01:00:00,39.59,,,1.3,
2016-10-08 02:00:00,40.59,,,0.8,
2016-10-08 03:00:00,47.68,,,0.8,
2016-10-08 04:00:00,59.19,,,0.9,
2016-10-08 05:00:00,89.67,,,1.1,
2016-10-08 06:00:00,73.4,,,2.6,
2016-10-08 07:00:00,49.32,,,3.7,
2016-10-08 08:00:00,27.62,,,9.8,
2016-10-08 09:00:00,14.43,,,14.4,
2016-10-08 10:00:00,6.0,,,22.8,
2016-10-08 11:00:00,6.0,,,32.1,
2016-10-08 12:00:00,6.0,,,40.7,
2016-10-08 13:00:00,6.0,,,43.5,
2016-10-08 14:00:00,6.0,,,41.8,
2016-10-08 15:00:00,6.0,,,43.8,
2016-10-08 16:00:00,6.0,,,45.3,
2016-10-08 17:00:00,6.0,,,43.6,
2016-10-08 18:00:00,6.0,,,42.3,
2016-10-08 19:00:00,12.14,,,34.5,
2016-10-08 20:00:00,6.0,,,28.8,
2016-10-08 21:00:00,19.42,,,15.3,
2016-10-08 22:00:00,32.0,,,15.5,
2016-10-08 23:00:00,37.07,,,18.2,
2016-10-09 00:00:00,44.27,,,13.4,
2016-10-09 01:00:00,38.34,,,9.2,
2016-10-09 02:00:00,32.76,,,9.0,
2016-10-09 03:00:00,21.89,,,2.9,
2016-10-09 04:00:00,17.95,,,1.1,
2016-10-09 05:00:00,25.06,,,0.9,
2016-10-09 06:00:00,29.52,,,1.0,
2016-10-09 07:00:00,30.95,,,1.4,
2016-10-09 08:00:00,27.26,,,8.7,
2016-10-09 09:00:00,21.19,,,18.1,
2016-10-09 10:00:00,17.8,,,24.2,
2016-10-09 11:00:00,6.0,,,29.1,
2016-10-09 12:00:00,6.0,,,34.4,
2016-10-09 13:00:00,6.0,,,36.9,
2016-10-09 14:00:00,6.0,,,40.9,
2016-10-09 15:00:00,6.0,,,43.3,
2016-10-09 16:00:00,6.0,,,44.9,
2016-10-09 17:00:00,6.0,,,47.0,
2016-10-09 18:00:00,6.0,,,36.5,
2016-10-09 19:00:00,13.06,,,28.2,
2016-10-09 20:00:00,22.56,,,24.1,
2016-10-09 21:00:00,33.63,,,19.3,
2016-10-09 22:00:00,31.66,,,17.9,
2016-10-09 23:00:00,28.91,,,17.9,
2016-10-10 00:00:00,27.21,,,14.2,
2016-10-10 01:00:00,37.86,,,14.6,
2016-10-10 02:00:00,39.87,,,17.2,
2016-10-10 03:00:00,21.42,,,15.5,
2016-10-10 04:00:00,6.0,,,12.9,
2016-10-10 05:00:00,6.0,,,8.4,
2016-10-10 06:00:00,6.0,,,6.0,
2016-10-10 07:00:00,6.0,,,3.3,
2016-10-10 08:00:00,17.81,,,5.8,
2016-10-10 09:00:00,34.86,,,9.4,
2016-10-10 10:00:00,19.43,,,13.5,
2016-10-10 11:00:00,,,,,
2016-10-10 12:00:00,,,,,
2016-10-10 13:00:00,,,,,
2016-10-10 14:00:00,,,,,
2016-10-10 15:00:00,,,,,
2016-10-10 16:00:00,,,,,
2016-10-10 17:00:00,,,,,
2016-10-10 18:00:00,,,,,
2016-10-10 19:00:00,,,,,
2016-10-10 20:00:00,,,,,
2016-10-10 21:00:00,,,,,
2016-10-10 22:00:00,,,,,
2016-10-10 23:00:00,,,,,
2016-10-11 00:00:00,,,,,
2016-10-11 01:00:00,28.07,,,21.4,
2016-10-11 02:00:00,16.07,,,19.4,
2016-10-11 03:00:00,6.0,,,17.8,
2016-10-11 04:00:00,6.0,,,13.2,
2016-10-11 05:00:00,14.52,,,7.2,
2016-10-11 06:00:00,29.32,,,7.8,
2016-10-11 07:00:00,25.46,,,4.8,
2016-10-11 08:00:00,22.47,,,7.0,
2016-10-11 09:00:00,12.92,,,10.2,
2016-10-11 10:00:00,6.0,,,16.2,
2016-10-11 11:00:00,6.0,,,26.9,
2016-10-11 12:00:00,6.0,,,37.6,
2016-10-11 13:00:00,6.0,,,52.4,
2016-10-11 14:00:00,6.0,,,66.1,
2016-10-11 15:00:00,24.68,,,53.9,
2016-10-11 16:00:00,21.88,,,59.6,
2016-10-11 17:00:00,20.75,,,70.1,
2016-10-11 18:00:00,29.23,,,54.8,
2016-10-11 19:00:00,34.38,,,29.1,
2016-10-11 20:00:00,48.83,,,19.6,
2016-10-11 21:00:00,53.98,,,21.3,
2016-10-11 22:00:00,48.25,,,20.6,
2016-10-11 23:00:00,39.4,,,17.8,
2016-10-12 00:00:00,46.96,,,18.2,
2016-10-12 01:00:00,38.7,,,15.8,
2016-10-12 02:00:00,28.42,,,9.4,
2016-10-12 03:00:00,42.92,,,9.3,
2016-10-12 04:00:00,45.91,,,8.9,
2016-10-12 05:00:00,31.95,,,6.9,
2016-10-12 06:00:00,39.19,,,3.3,
2016-10-12 07:00:00,41.88,,,1.9,
2016-10-12 08:00:00,37.73,,,1.8,
2016-10-12 09:00:00,42.19,,,5.6,
2016-10-12 10:00:00,23.62,,,18.8,
2016-10-12 11:00:00,13.62,,,29.0,
2016-10-12 12:00:00,6.0,,,34.8,
2016-10-12 13:00:00,6.0,,,37.8,
2016-10-12 14:00:00,6.0,,,39.3,
2016-10-12 15:00:00,6.0,,,37.7,
2016-10-12 16:00:00,13.3,,,38.6,
2016-10-12 17:00:00,24.61,,,35.8,
2016-10-12 18:00:00,22.96,,,29.5,
2016-10-12 19:00:00,21.05,,,20.9,
2016-10-12 20:00:00,28.73,,,6.3,
2016-10-12 21:00:00,36.72,,,1.9,
2016-10-12 22:00:00,49.93,,,6.5,
2016-10-12 23:00:00,67.89,,,11.8,
2016-10-13 00:00:00,50.77,,,10.7,
2016-10-13 01:00:00,45.44,,,9.4,
2016-10-13 02:00:00,63.01,,,7.7,
2016-10-13 03:00:00,61.46,,,4.9,
2016-10-13 04:00:00,58.08,,,4.6,
2016-10-13 05:00:00,46.1,,,8.9,
2016-10-13 06:00:00,34.64,,,11.4,
2016-10-13 07:00:00,24.52,,,5.3,
2016-10-13 08:00:00,37.53,,,2.7,
2016-10-13 09:00:00,44.44,,,2.9,
2016-10-13 10:00:00,25.34,,,5.8,
2016-10-13 11:00:00,17.61,,,15.7,
2016-10-13 12:00:00,6.0,,,24.9,
2016-10-13 13:00:00,6.0,,,28.6,
2016-10-13 14:00:00,6.0,,,30.6,
2016-10-13 15:00:00,6.0,,,44.0,
2016-10-13 16:00:00,6.0,,,44.5,
2016-10-13 17:00:00,6.0,,,45.0,
2016-10-13 18:00:00,6.0,,,43.2,
2016-10-13 19:00:00,6.0,,,36.9,
2016-10-13 20:00:00,22.36,,,22.4,
2016-10-13 21:00:00,25.35,,,10.3,
2016-10-13 22:00:00,18.29,,,4.3,
2016-10-13 23:00:00,25.64,,,2.9,
2016-10-14 00:00:00,40.25,,,0.39,
2016-10-14 01:00:00,38.6,,,0.8,
2016-10-14 02:00:00,34.29,,,1.0,
2016-10-14 03:00:00,34.19,,,1.0,
2016-10-14 04:00:00,36.59,,,1.7,
2016-10-14 05:00:00,27.93,,,6.9,
2016-10-14 06:00:00,28.83,,,13.6,
2016-10-14 07:00:00,19.31,,,11.5,
2016-10-14 08:00:00,6.0,,,20.0,
2016-10-14 09:00:00,6.0,,,21.0,
2016-10-14 10:00:00,14.04,,,22.8,
2016-10-14 11:00:00,6.0,,,30.8,
2016-10-14 12:00:00,6.0,,,33.9,
2016-10-14 13:00:00,6.0,,,34.0,
2016-10-14 14:00:00,6.0,,,32.8,
2016-10-14 15:00:00,16.89,,,33.9,
2016-10-14 16:00:00,19.09,,,35.3,
2016-10-14 17:00:00,16.11,,,31.7,
2016-10-14 18:00:00,14.36,,,31.9,
2016-10-14 19:00:00,6.0,,,27.3,
2016-10-14 20:00:00,13.67,,,24.5,
2016-10-14 21:00:00,22.89,,,21.9,
2016-10-14 22:00:00,14.06,,,22.0,
2016-10-14 23:00:00,14.03,,,18.4,
2016-10-15 00:00:00,18.55,,,21.5,
2016-10-15 01:00:00,18.73,,,20.5,
2016-10-15 02:00:00,15.07,,,18.0,
2016-10-15 03:00:00,16.1,,,17.4,
2016-10-15 04:00:00,12.73,,,16.6,
2016-10-15 05:00:00,6.0,,,12.7,
2016-10-15 06:00:00,6.0,,,12.5,
2016-10-15 07:00:00,16.66,,,11.2,
2016-10-15 08:00:00,13.57,,,13.7,
2016-10-15 09:00:00,15.07,,,16.2,
2016-10-15 10:00:00,18.53,,,20.6,
2016-10-15 11:00:00,6.0,,,29.1,
2016-10-15 12:00:00,6.0,,,37.5,
2016-10-15 13:00:00,6.0,,,41.5,
2016-10-15 14:00:00,6.0,,,41.7,
2016-10-15 15:00:00,17.08,,,39.7,
2016-10-15 16:00:00,19.56,,,36.1,
2016-10-15 17:00:00,28.93,,,32.8,
2016-10-15 18:00:00,27.56,,,28.9,
2016-10-15 19:00:00,47.52,,,17.6,
2016-10-15 20:00:00,66.94,,,9.3,
2016-10-15 21:00:00,60.36,,,7.3,
2016-10-15 22:00:00,51.3,,,6.7,
2016-10-15 23:00:00,38.74,,,4.5,
2016-10-16 00:00:00,37.97,,,2.8,
2016-10-16 01:00:00,32.02,,,3.7,
2016-10-16 02:00:00,28.3,,,7.3,
2016-10-16 03:00:00,26.97,,,7.5,
2016-10-16 04:00:00,21.81,,,7.5,
2016-10-16 05:00:00,20.25,,,5.3,
2016-10-16 06:00:00,19.47,,,4.7,
2016-10-16 07:00:00,21.81,,,4.3,
2016-10-16 08:00:00,23.37,,,3.8,
2016-10-16 09:00:00,22.59,,,4.7,
2016-10-16 10:00:00,6.0,,,8.4,
2016-10-16 11:00:00,14.01,,,10.8,
2016-10-16 12:00:00,31.53,,,5.9,
2016-10-16 13:00:00,35.76,,,19.2,
2016-10-16 14:00:00,25.61,,,20.8,
2016-10-16 15:00:00,24.55,,,19.1,
2016-10-16 16:00:00,17.97,,,16.3,
2016-10-16 17:00:00,18.14,,,16.3,
2016-10-16 18:00:00,17.49,,,17.4,
2016-10-16 19:00:00,15.2,,,10.6,
2016-10-16 20:00:00,6.0,,,10.8,
2016-10-16 21:00:00,6.0,,,9.0,
2016-10-16 22:00:00,12.19,,,3.9,
2016-10-16 23:00:00,6.0,,,2.2,
2016-10-17 00:00:00,18.97,,,5.7,
2016-10-17 01:00:00,26.16,,,35.8,
2016-10-17 02:00:00,14.0,,,36.7,
2016-10-17 03:00:00,6.0,,,34.3,
2016-10-17 04:00:00,6.0,,,33.8,
2016-10-17 05:00:00,14.53,,,25.4,
2016-10-17 06:00:00,16.08,,,12.1,
2016-10-17 07:00:00,16.41,,,12.3,
2016-10-17 08:00:00,17.3,,,19.5,
2016-10-17 09:00:00,13.02,,,20.9,
2016-10-17 10:00:00,6.0,,,19.4,
2016-10-17 11:00:00,6.0,,,18.4,
2016-10-17 12:00:00,24.67,,,23.2,
2016-10-17 13:00:00,14.88,,,14.8,
2016-10-17 14:00:00,20.66,,,6.4,
2016-10-17 15:00:00,6.0,,,5.1,
2016-10-17 16:00:00,6.0,,,13.9,
2016-10-17 17:00:00,17.7,,,20.0,
2016-10-17 18:00:00,14.12,,,18.1,
2016-10-17 19:00:00,6.0,,,12.4,
2016-10-17 20:00:00,13.21,,,3.7,
2016-10-17 21:00:00,6.0,,,6.0,
2016-10-17 22:00:00,17.18,,,12.0,
2016-10-17 23:00:00,21.08,,,12.5,
2016-10-18 00:00:00,6.0,,,10.6,
2016-10-18 01:00:00,18.46,,,14.6,
2016-10-18 02:00:00,6.0,,,22.7,
2016-10-18 03:00:00,6.0,,,25.2,
2016-10-18 04:00:00,15.28,,,20.3,
2016-10-18 05:00:00,6.0,,,14.7,
2016-10-18 06:00:00,26.08,,,13.1,
2016-10-18 07:00:00,15.2,,,4.6,
2016-10-18 08:00:00,13.04,,,4.8,
2016-10-18 09:00:00,12.11,,,9.9,
2016-10-18 10:00:00,15.65,,,7.5,
2016-10-18 11:00:00,24.88,,,14.6,
2016-10-18 12:00:00,39.54,,,9.6,
2016-10-18 13:00:00,21.18,,,6.7,
2016-10-18 14:00:00,13.68,,,11.7,
2016-10-18 15:00:00,18.32,,,9.6,
2016-10-18 16:00:00,6.0,,,7.2,
2016-10-18 17:00:00,6.0,,,7.9,
2016-10-18 18:00:00,6.0,,,7.0,
2016-10-18 19:00:00,12.99,,,3.2,
2016-10-18 20:00:00,23.91,,,0.9,
2016-10-18 21:00:00,18.49,,,0.9,
2016-10-18 22:00:00,14.47,,,0.39,
2016-10-18 23:00:00,21.1,,,3.1,
2016-10-19 00:00:00,33.64,,,12.7,
2016-10-19 01:00:00,19.54,,,13.2,
2016-10-19 02:00:00,13.01,,,11.9,
2016-10-19 03:00:00,6.0,,,6.2,
2016-10-19 04:00:00,6.0,,,15.6,
2016-10-19 05:00:00,6.0,,,13.0,
2016-10-19 06:00:00,23.79,,,5.0,
2016-10-19 07:00:00,14.38,,,1.4,
2016-10-19 08:00:00,12.34,,,2.3,
2016-10-19 09:00:00,6.0,,,1.0,
2016-10-19 10:00:00,23.72,,,1.9,
2016-10-19 11:00:00,24.51,,,2.4,
2016-10-19 12:00:00,16.84,,,1.4,
2016-10-19 13:00:00,40.34,,,3.0,
2016-10-19 14:00:00,31.47,,,15.5,
2016-10-19 15:00:00,18.97,,,18.9,
2016-10-19 16:00:00,12.22,,,10.4,
2016-10-19 17:00:00,6.0,,,10.0,
2016-10-19 18:00:00,6.0,,,4.8,
2016-10-19 19:00:00,29.24,,,1.4,
2016-10-19 20:00:00,22.92,,,0.9,
2016-10-19 21:00:00,14.03,,,0.9,
2016-10-19 22:00:00,16.85,,,0.39,
2016-10-19 23:00:00,45.98,,,0.8,
2016-10-20 00:00:00,37.47,,,1.3,
2016-10-20 01:00:00,31.48,,,4.7,
2016-10-20 02:00:00,17.77,,,4.1,
2016-10-20 03:00:00,6.0,,,9.3,
2016-10-20 04:00:00,31.38,,,16.4,
2016-10-20 05:00:00,36.76,,,19.1,
2016-10-20 06:00:00,24.15,,,18.8,
2016-10-20 07:00:00,12.18,,,21.5,
2016-10-20 08:00:00,6.0,,,19.6,
2016-10-20 09:00:00,6.0,,,23.4,
2016-10-20 10:00:00,6.0,,,22.3,
2016-10-20 11:00:00,6.0,,,24.3,
2016-10-20 12:00:00,6.0,,,24.5,
2016-10-20 13:00:00,6.0,,,24.2,
2016-10-20 14:00:00,6.0,,,24.7,
2016-10-20 15:00:00,6.0,,,23.5,
2016-10-20 16:00:00,6.0,,,23.1,
2016-10-20 17:00:00,6.0,,,21.4,
2016-10-20 18:00:00,6.0,,,22.5,
2016-10-20 19:00:00,6.0,,,23.8,
2016-10-20 20:00:00,18.92,,,24.0,
2016-10-20 21:00:00,6.0,,,23.9,
2016-10-20 22:00:00,6.0,,,22.5,
2016-10-20 23:00:00,6.0,,,20.5,
2016-10-21 00:00:00,6.0,,,18.4,
2016-10-21 01:00:00,6.0,,,13.7,
2016-10-21 02:00:00,6.0,,,10.7,
2016-10-21 03:00:00,19.14,,,7.1,
2016-10-21 04:00:00,6.0,,,7.5,
2016-10-21 05:00:00,14.25,,,11.4,
2016-10-21 06:00:00,24.5,,,9.0,
2016-10-21 07:00:00,14.47,,,9.5,
2016-10-21 08:00:00,6.0,,,14.5,
2016-10-21 09:00:00,6.0,,,19.6,
2016-10-21 10:00:00,6.0,,,21.5,
2016-10-21 11:00:00,6.0,,,23.5,
2016-10-21 12:00:00,6.0,,,23.8,
2016-10-21 13:00:00,6.0,,,28.2,
2016-10-21 14:00:00,6.0,,,29.8,
2016-10-21 15:00:00,6.0,,,29.3,
2016-10-21 16:00:00,6.0,,,29.2,
2016-10-21 17:00:00,6.0,,,26.3,
2016-10-21 18:00:00,17.5,,,25.0,
2016-10-21 19:00:00,19.69,,,21.6,
2016-10-21 20:00:00,20.87,,,18.5,
2016-10-21 21:00:00,13.14,,,7.9,
2016-10-21 22:00:00,6.0,,,1.7,
2016-10-21 23:00:00,19.48,,,1.0,
2016-10-22 00:00:00,33.87,,,7.0,
2016-10-22 01:00:00,23.62,,,10.7,
2016-10-22 02:00:00,14.54,,,5.7,
2016-10-22 03:00:00,20.27,,,2.1,
2016-10-22 04:00:00,13.45,,,1.5,
2016-10-22 05:00:00,21.64,,,1.0,
2016-10-22 06:00:00,13.4,,,0.8,
2016-10-22 07:00:00,26.78,,,2.0,
2016-10-22 08:00:00,27.62,,,5.8,
2016-10-22 09:00:00,22.9,,,19.0,
2016-10-22 10:00:00,20.0,,,22.9,
2016-10-22 11:00:00,12.42,,,25.9,
2016-10-22 12:00:00,6.0,,,27.5,
2016-10-22 13:00:00,6.0,,,28.9,
2016-10-22 14:00:00,6.0,,,28.9,
2016-10-22 15:00:00,15.53,,,30.3,
2016-10-22 16:00:00,6.0,,,32.9,
2016-10-22 17:00:00,6.0,,,32.1,
2016-10-22 18:00:00,6.0,,,30.3,
2016-10-22 19:00:00,6.0,,,27.3,
2016-10-22 20:00:00,12.79,,,26.5,
2016-10-22 21:00:00,20.62,,,23.2,
2016-10-22 22:00:00,16.67,,,19.8,
2016-10-22 23:00:00,23.69,,,20.2,
2016-10-23 00:00:00,12.54,,,16.5,
2016-10-23 01:00:00,6.0,,,14.1,
2016-10-23 02:00:00,6.0,,,12.0,
2016-10-23 03:00:00,25.07,,,9.5,
2016-10-23 04:00:00,15.66,,,9.4,
2016-10-23 05:00:00,6.0,,,9.7,
2016-10-23 06:00:00,6.0,,,8.1,
2016-10-23 07:00:00,6.0,,,5.0,
2016-10-23 08:00:00,6.0,,,10.0,
2016-10-23 09:00:00,6.0,,,14.3,
2016-10-23 10:00:00,6.0,,,17.7,
2016-10-23 11:00:00,6.0,,,23.4,
2016-10-23 12:00:00,6.0,,,31.0,
2016-10-23 13:00:00,6.0,,,41.2,
2016-10-23 14:00:00,21.5,,,44.6,
2016-10-23 15:00:00,23.18,,,42.7,
2016-10-23 16:00:00,27.08,,,44.7,
2016-10-23 17:00:00,15.32,,,,
2016-10-23 18:00:00,32.93,,,,
2016-10-23 19:00:00,48.29,,,,
2016-10-23 20:00:00,44.51,,,,
2016-10-23 21:00:00,42.52,,,,
2016-10-23 22:00:00,99.61,,,,
2016-10-23 23:00:00,53.76,,,,
2016-10-24 00:00:00,65.22,,,,
2016-10-24 01:00:00,50.1,,,,
2016-10-24 02:00:00,35.27,,,,
2016-10-24 03:00:00,50.47,,,,
2016-10-24 04:00:00,39.26,,,,
2016-10-24 05:00:00,53.73,,,,
2016-10-24 06:00:00,40.08,,,,
2016-10-24 07:00:00,36.93,,,,
2016-10-24 08:00:00,20.22,,,,
2016-10-24 09:00:00,6.0,,,,
2016-10-24 10:00:00,6.0,,,,
2016-10-24 11:00:00,,,,,
2016-10-24 12:00:00,,,,,
2016-10-24 13:00:00,,,,,
2016-10-24 14:00:00,,,,,
2016-10-24 15:00:00,,,,,
2016-10-24 16:00:00,,,,,
2016-10-24 17:00:00,,,,,
2016-10-24 18:00:00,,,,,
2016-10-24 19:00:00,,,,,
2016-10-24 20:00:00,,,,,
2016-10-24 21:00:00,,,,,
2016-10-24 22:00:00,,,,,
2016-10-24 23:00:00,,,,,
2016-10-25 00:00:00,,,,,
2016-10-25 01:00:00,78.84,,,18.0,
2016-10-25 02:00:00,62.19,,,12.9,
2016-10-25 03:00:00,39.26,,,18.3,
2016-10-25 04:00:00,22.33,,,20.8,
2016-10-25 05:00:00,12.5,,,21.3,
2016-10-25 06:00:00,6.0,,,19.9,
2016-10-25 07:00:00,6.0,,,14.3,
2016-10-25 08:00:00,6.0,,,13.8,
2016-10-25 09:00:00,6.0,,,14.4,
2016-10-25 10:00:00,6.0,,,14.6,
2016-10-25 11:00:00,6.0,,,16.4,
2016-10-25 12:00:00,6.0,,,19.7,
2016-10-25 13:00:00,6.0,,,22.0,
2016-10-25 14:00:00,6.0,,,20.1,
2016-10-25 15:00:00,6.0,,,17.9,
2016-10-25 16:00:00,6.0,,,18.6,
2016-10-25 17:00:00,6.0,,,17.8,
2016-10-25 18:00:00,6.0,,,16.9,
2016-10-25 19:00:00,6.0,,,16.5,
2016-10-25 20:00:00,,,,18.2,
2016-10-25 21:00:00,,,,19.0,
2016-10-25 22:00:00,,,,15.3,
2016-10-25 23:00:00,,,,17.8,
2016-10-26 00:00:00,6.0,,,20.5,
2016-10-26 01:00:00,6.0,,,21.1,
2016-10-26 02:00:00,6.0,,,20.0,
2016-10-26 03:00:00,6.0,,,18.9,
2016-10-26 04:00:00,6.0,,,14.6,
2016-10-26 05:00:00,13.81,,,9.5,
2016-10-26 06:00:00,6.0,,,4.5,
2016-10-26 07:00:00,28.86,,,2.4,
2016-10-26 08:00:00,18.06,,,7.0,
2016-10-26 09:00:00,6.0,,,8.9,
2016-10-26 10:00:00,,,,7.3,
2016-10-26 11:00:00,,,,13.4,
2016-10-26 12:00:00,31.28,,,20.8,
2016-10-26 13:00:00,41.92,,,20.6,
2016-10-26 14:00:00,32.9,,,20.4,
2016-10-26 15:00:00,30.57,,,23.4,
2016-10-26 16:00:00,20.9,,,31.1,
2016-10-26 17:00:00,21.45,,,33.1,
2016-10-26 18:00:00,30.25,,,27.7,
2016-10-26 19:00:00,40.32,,,19.6,
2016-10-26 20:00:00,43.48,,,18.2,
2016-10-26 21:00:00,37.35,,,16.3,
2016-10-26 22:00:00,36.48,,,25.6,
2016-10-26 23:00:00,32.12,,,30.1,
2016-10-27 00:00:00,20.82,,,27.2,
2016-10-27 01:00:00,12.5,,,25.0,
2016-10-27 02:00:00,6.0,,,23.0,
2016-10-27 03:00:00,6.0,,,22.0,
2016-10-27 04:00:00,6.0,,,22.4,
2016-10-27 05:00:00,6.0,,,24.7,
2016-10-27 06:00:00,6.0,,,24.9,
2016-10-27 07:00:00,6.0,,,24.9,
2016-10-27 08:00:00,6.0,,,28.5,
2016-10-27 09:00:00,6.0,,,24.2,
2016-10-27 10:00:00,6.0,,,21.9,
2016-10-27 11:00:00,6.0,,,23.9,
2016-10-27 12:00:00,6.0,,,28.5,
2016-10-27 13:00:00,6.0,,,28.9,
2016-10-27 14:00:00,12.52,,,30.0,
2016-10-27 15:00:00,15.98,,,30.1,
2016-10-27 16:00:00,27.07,,,30.0,
2016-10-27 17:00:00,26.03,,,30.4,
2016-10-27 18:00:00,26.03,,,29.6,
2016-10-27 19:00:00,15.82,,,29.2,
2016-10-27 20:00:00,6.0,,,27.3,
2016-10-27 21:00:00,13.73,,,30.8,
2016-10-27 22:00:00,20.85,,,30.7,
2016-10-27 23:00:00,29.82,,,30.3,
2016-10-28 00:00:00,27.7,,,30.6,
2016-10-28 01:00:00,18.78,,,29.8,
2016-10-28 02:00:00,12.08,,,29.9,
2016-10-28 03:00:00,16.48,,,29.0,
2016-10-28 04:00:00,18.96,,,27.9,
2016-10-28 05:00:00,13.63,,,26.9,
2016-10-28 06:00:00,16.77,,,25.1,
2016-10-28 07:00:00,16.21,,,24.0,
2016-10-28 08:00:00,13.15,,,25.6,
2016-10-28 09:00:00,15.13,,,27.8,
2016-10-28 10:00:00,13.3,,,26.9,
2016-10-28 11:00:00,17.19,,,28.9,
2016-10-28 12:00:00,23.26,,,30.3,
2016-10-28 13:00:00,28.02,,,28.2,
2016-10-28 14:00:00,28.68,,,27.7,
2016-10-28 15:00:00,23.91,,,26.9,
2016-10-28 16:00:00,22.78,,,26.6,
2016-10-28 17:00:00,26.4,,,21.2,
2016-10-28 18:00:00,30.95,,,18.0,
2016-10-28 19:00:00,29.93,,,17.1,
2016-10-28 20:00:00,50.05,,,7.4,
2016-10-28 21:00:00,58.86,,,2.1,
2016-10-28 22:00:00,50.42,,,1.5,
2016-10-28 23:00:00,43.09,,,1.0,
2016-10-29 00:00:00,43.67,,,0.39,
2016-10-29 01:00:00,50.53,,,1.0,
2016-10-29 02:00:00,53.48,,,1.0,
2016-10-29 03:00:00,47.28,,,0.39,
2016-10-29 04:00:00,45.98,,,1.0,
2016-10-29 05:00:00,53.54,,,0.9,
2016-10-29 06:00:00,49.76,,,0.9,
2016-10-29 07:00:00,53.42,,,1.1,
2016-10-29 08:00:00,53.67,,,4.1,
2016-10-29 09:00:00,42.96,,,15.5,
2016-10-29 10:00:00,44.45,,,25.0,
2016-10-29 11:00:00,46.39,,,30.6,
2016-10-29 12:00:00,42.23,,,32.4,
2016-10-29 13:00:00,42.4,,,34.7,
2016-10-29 14:00:00,40.72,,,35.4,
2016-10-29 15:00:00,38.16,,,33.7,
2016-10-29 16:00:00,28.66,,,32.1,
2016-10-29 17:00:00,24.4,,,31.5,
2016-10-29 18:00:00,37.23,,,30.9,
2016-10-29 19:00:00,34.57,,,27.3,
2016-10-29 20:00:00,32.66,,,23.6,
2016-10-29 21:00:00,38.22,,,26.2,
2016-10-29 22:00:00,28.24,,,27.6,
2016-10-29 23:00:00,20.98,,,25.5,
2016-10-30 00:00:00,22.69,,,21.2,
2016-10-30 01:00:00,26.15,,,18.6,
2016-10-30 02:00:00,25.73,,,10.4,
2016-10-30 03:00:00,26.81,,,7.4,
2016-10-30 04:00:00,22.11,,,5.9,
2016-10-30 05:00:00,14.58,,,5.7,
2016-10-30 06:00:00,13.04,,,4.3,
2016-10-30 07:00:00,20.01,,,4.1,
2016-10-30 08:00:00,31.49,,,9.4,
2016-10-30 09:00:00,26.09,,,14.0,
2016-10-30 10:00:00,15.72,,,21.2,
2016-10-30 11:00:00,6.0,,,28.5,
2016-10-30 12:00:00,6.0,,,31.9,
2016-10-30 13:00:00,6.0,,,37.3,
2016-10-30 14:00:00,19.71,,,35.7,
2016-10-30 15:00:00,17.28,,,35.1,
2016-10-30 16:00:00,6.0,,,38.0,
2016-10-30 17:00:00,29.05,,,34.6,
2016-10-30 18:00:00,38.89,,,31.5,
2016-10-30 19:00:00,29.39,,,24.3,
2016-10-30 20:00:00,33.29,,,21.9,
2016-10-30 21:00:00,32.27,,,17.2,
2016-10-30 22:00:00,29.03,,,10.5,
2016-10-30 23:00:00,31.15,,,7.0,
2016-10-31 00:00:00,36.06,,,8.9,
2016-11-01 01:00:00,75.96,,,15.6,
2016-11-01 02:00:00,70.9,,,10.6,
2016-11-01 03:00:00,76.47,,,4.8,
2016-11-01 04:00:00,69.75,,,2.8,
2016-11-01 05:00:00,67.79,,,1.9,
2016-11-01 06:00:00,66.06,,,1.0,
2016-11-01 07:00:00,60.36,,,1.0,
2016-11-01 08:00:00,56.93,,,0.9,
2016-11-01 09:00:00,62.69,,,0.39,
2016-11-01 10:00:00,76.76,,,1.0,
2016-11-01 11:00:00,89.01,,,11.8,
2016-11-01 12:00:00,89.17,,,15.4,
2016-11-01 13:00:00,62.1,,,14.5,
2016-11-01 14:00:00,33.78,,,15.1,
2016-11-01 15:00:00,22.33,,,15.9,
2016-11-01 16:00:00,18.42,,,4.0,
2016-11-01 17:00:00,20.51,,,1.5,
2016-11-01 18:00:00,32.12,,,7.2,
2016-11-01 19:00:00,33.54,,,18.0,
2016-11-01 20:00:00,27.96,,,25.7,
2016-11-01 21:00:00,25.53,,,25.4,
2016-11-01 22:00:00,26.87,,,15.5,
2016-11-01 23:00:00,28.41,,,32.6,
2016-11-02 00:00:00,22.16,,,41.1,
2016-11-02 01:00:00,19.57,,,31.7,
2016-11-02 02:00:00,14.83,,,30.9,
2016-11-02 03:00:00,12.95,,,27.0,
2016-11-02 04:00:00,6.0,,,24.5,
2016-11-02 05:00:00,6.0,,,25.3,
2016-11-02 06:00:00,6.0,,,25.5,
2016-11-02 07:00:00,6.0,,,26.9,
2016-11-02 08:00:00,6.0,,,30.7,
2016-11-02 09:00:00,6.0,,,32.3,
2016-11-02 10:00:00,6.0,,,33.2,
2016-11-02 11:00:00,6.0,,,34.0,
2016-11-02 12:00:00,6.0,,,31.3,
2016-11-02 13:00:00,6.0,,,28.9,
2016-11-02 14:00:00,6.0,,,28.9,
2016-11-02 15:00:00,6.0,,,29.9,
2016-11-02 16:00:00,6.0,,,30.6,
2016-11-02 17:00:00,6.0,,,29.0,
2016-11-02 18:00:00,6.0,,,28.3,
2016-11-02 19:00:00,6.0,,,27.1,
2016-11-02 20:00:00,6.0,,,22.4,
2016-11-02 21:00:00,6.0,,,20.3,
2016-11-02 22:00:00,15.78,,,18.8,
2016-11-02 23:00:00,18.69,,,17.3,
2016-11-03 00:00:00,16.28,,,14.8,
2016-11-03 01:00:00,16.51,,,12.4,
2016-11-03 02:00:00,13.02,,,11.9,
2016-11-03 03:00:00,6.0,,,9.2,
2016-11-03 04:00:00,6.0,,,5.2,
2016-11-03 05:00:00,6.0,,,4.6,
2016-11-03 06:00:00,12.48,,,3.8,
2016-11-03 07:00:00,18.26,,,3.6,
2016-11-03 08:00:00,17.43,,,8.3,
2016-11-03 09:00:00,15.1,,,9.8,
2016-11-03 10:00:00,16.05,,,19.0,
2016-11-03 11:00:00,13.38,,,29.5,
2016-11-03 12:00:00,6.0,,,31.8,
2016-11-03 13:00:00,6.0,,,35.0,
2016-11-03 14:00:00,6.0,,,35.5,
2016-11-03 15:00:00,14.59,,,36.4,
2016-11-03 16:00:00,18.11,,,35.1,
2016-11-03 17:00:00,6.0,,,37.5,
2016-11-03 18:00:00,6.0,,,37.6,
2016-11-03 19:00:00,6.0,,,27.3,
2016-11-03 20:00:00,13.69,,,13.2,
2016-11-03 21:00:00,26.69,,,3.4,
2016-11-03 22:00:00,26.35,,,1.5,
2016-11-03 23:00:00,31.92,,,1.0,
2016-11-04 00:00:00,35.4,,,0.9,
2016-11-04 01:00:00,34.01,,,1.0,
2016-11-04 02:00:00,41.12,,,2.6,
2016-11-04 03:00:00,46.83,,,5.5,
2016-11-04 04:00:00,36.3,,,5.1,
2016-11-04 05:00:00,30.89,,,3.8,
2016-11-04 06:00:00,28.01,,,2.3,
2016-11-04 07:00:00,30.98,,,3.5,
2016-11-04 08:00:00,31.94,,,9.0,
2016-11-04 09:00:00,21.24,,,18.3,
2016-11-04 10:00:00,28.58,,,24.1,
2016-11-04 11:00:00,35.29,,,27.5,
2016-11-04 12:00:00,23.87,,,34.1,
2016-11-04 13:00:00,12.8,,,47.6,
2016-11-04 14:00:00,6.0,,,54.5,
2016-11-04 15:00:00,6.0,,,62.8,
2016-11-04 16:00:00,6.0,,,71.0,
2016-11-04 17:00:00,6.0,,,70.8,
2016-11-04 18:00:00,13.38,,,61.4,
2016-11-04 19:00:00,14.43,,,48.8,
2016-11-04 20:00:00,24.75,,,22.8,
2016-11-04 21:00:00,37.08,,,19.7,
2016-11-04 22:00:00,41.69,,,11.4,
2016-11-04 23:00:00,44.81,,,11.3,
2016-11-05 00:00:00,44.36,,,10.1,
2016-11-05 01:00:00,43.19,,,11.4,
2016-11-05 02:00:00,31.27,,,5.6,
2016-11-05 03:00:00,29.34,,,2.9,
2016-11-05 04:00:00,32.44,,,1.0,
2016-11-05 05:00:00,29.59,,,1.0,
2016-11-05 06:00:00,30.3,,,1.0,
2016-11-05 07:00:00,35.8,,,3.0,
2016-11-05 08:00:00,32.24,,,9.4,
2016-11-05 09:00:00,31.84,,,13.7,
2016-11-05 10:00:00,38.47,,,31.6,
2016-11-05 11:00:00,34.51,,,45.0,
2016-11-05 12:00:00,45.22,,,72.7,
2016-11-05 13:00:00,43.92,,,61.8,
2016-11-05 14:00:00,31.66,,,39.8,
2016-11-05 15:00:00,23.34,,,40.1,
2016-11-05 16:00:00,15.36,,,40.9,
2016-11-05 17:00:00,20.32,,,44.3,
2016-11-05 18:00:00,26.97,,,45.0,
2016-11-05 19:00:00,29.74,,,39.5,
2016-11-05 20:00:00,36.0,,,31.6,
2016-11-05 21:00:00,42.32,,,26.9,
2016-11-05 22:00:00,40.52,,,21.7,
2016-11-05 23:00:00,35.12,,,19.8,
2016-11-06 00:00:00,25.11,,,16.1,
2016-11-06 01:00:00,19.12,,,12.7,
2016-11-06 02:00:00,15.89,,,12.6,
2016-11-06 03:00:00,6.0,,,10.7,
2016-11-06 04:00:00,18.07,,,9.4,
2016-11-06 05:00:00,19.23,,,8.9,
2016-11-06 06:00:00,22.07,,,7.4,
2016-11-06 07:00:00,22.28,,,9.5,
2016-11-06 08:00:00,14.35,,,13.4,
2016-11-06 09:00:00,6.0,,,30.6,
2016-11-06 10:00:00,6.0,,,33.9,
2016-11-06 11:00:00,6.0,,,41.1,
2016-11-06 12:00:00,6.0,,,47.7,
2016-11-06 13:00:00,18.64,,,56.8,
2016-11-06 14:00:00,22.37,,,63.5,
2016-11-06 15:00:00,17.32,,,68.0,
2016-11-06 16:00:00,18.07,,,65.1,
2016-11-06 17:00:00,22.07,,,67.4,
2016-11-06 18:00:00,29.72,,,70.0,
2016-11-06 19:00:00,47.61,,,32.7,
2016-11-06 20:00:00,62.64,,,25.4,
2016-11-06 21:00:00,53.4,,,18.6,
2016-11-06 22:00:00,61.27,,,14.0,
2016-11-06 23:00:00,67.83,,,10.6,
2016-11-07 00:00:00,53.03,,,6.9,
2016-11-07 01:00:00,49.93,,,6.2,
2016-11-07 02:00:00,53.01,,,4.5,
2016-11-07 03:00:00,41.1,,,2.5,
2016-11-07 04:00:00,28.81,,,1.4,
2016-11-07 05:00:00,29.52,,,0.9,
2016-11-07 06:00:00,23.31,,,0.9,
2016-11-07 07:00:00,59.01,,,1.0,
2016-11-07 08:00:00,68.02,,,5.5,
2016-11-07 09:00:00,34.7,,,18.4,
2016-11-07 10:00:00,17.33,,,24.7,
2016-11-07 11:00:00,6.0,,,31.3,
2016-11-07 12:00:00,14.21,,,38.9,
2016-11-07 13:00:00,25.17,,,61.8,
2016-11-07 14:00:00,20.14,,,60.5,
2016-11-07 15:00:00,6.0,,,65.7,
2016-11-07 16:00:00,6.0,,,78.5,
2016-11-07 17:00:00,25.8,,,58.5,
2016-11-07 18:00:00,35.99,,,45.6,
2016-11-07 19:00:00,43.08,,,37.2,
2016-11-07 20:00:00,41.04,,,28.6,
2016-11-07 21:00:00,48.2,,,21.7,
2016-11-07 22:00:00,55.62,,,16.6,
2016-11-07 23:00:00,67.42,,,11.8,
2016-11-08 00:00:00,91.3,,,8.2,
2016-11-08 01:00:00,96.79,,,7.4,
2016-11-08 02:00:00,73.35,,,5.7,
2016-11-08 03:00:00,43.91,,,5.3,
2016-11-08 04:00:00,64.21,,,5.3,
2016-11-08 05:00:00,54.7,,,6.4,
2016-11-08 06:00:00,30.05,,,6.2,
2016-11-08 07:00:00,17.85,,,5.7,
2016-11-08 08:00:00,6.0,,,6.1,
2016-11-08 09:00:00,6.0,,,8.8,
2016-11-08 10:00:00,6.0,,,13.2,
2016-11-08 11:00:00,6.0,,,30.4,
2016-11-08 12:00:00,20.08,,,43.3,
2016-11-08 13:00:00,41.27,,,57.6,
2016-11-08 14:00:00,44.35,,,53.3,
2016-11-08 15:00:00,39.08,,,51.6,
2016-11-08 16:00:00,29.37,,,40.4,
2016-11-08 17:00:00,37.32,,,31.6,
2016-11-08 18:00:00,53.12,,,24.2,
2016-11-08 19:00:00,64.69,,,20.4,
2016-11-08 20:00:00,77.65,,,20.6,
2016-11-08 21:00:00,88.0,,,17.3,
2016-11-08 22:00:00,96.61,,,11.6,
2016-11-08 23:00:00,88.13,,,10.1,
2016-11-09 00:00:00,82.18,,,8.7,
2016-11-09 01:00:00,101.2,,,10.0,
2016-11-09 02:00:00,91.59,,,10.9,
2016-11-09 03:00:00,65.52,,,13.8,
2016-11-09 04:00:00,47.84,,,13.9,
2016-11-09 05:00:00,51.54,,,9.8,
2016-11-09 06:00:00,60.71,,,7.0,
2016-11-09 07:00:00,69.52,,,2.9,
2016-11-09 08:00:00,83.46,,,2.0,
2016-11-09 09:00:00,98.57,,,1.7,
2016-11-09 10:00:00,92.01,,,3.1,
2016-11-09 11:00:00,87.52,,,5.7,
2016-11-09 12:00:00,86.16,,,9.8,
2016-11-09 13:00:00,58.24,,,20.0,
2016-11-09 14:00:00,36.07,,,26.6,
2016-11-09 15:00:00,36.33,,,27.8,
2016-11-09 16:00:00,42.05,,,21.5,
2016-11-09 17:00:00,38.35,,,21.9,
2016-11-09 18:00:00,38.36,,,18.2,
2016-11-09 19:00:00,27.07,,,13.3,
2016-11-09 20:00:00,14.4,,,20.1,
2016-11-09 21:00:00,15.39,,,15.1,
2016-11-09 22:00:00,18.72,,,16.3,
2016-11-09 23:00:00,14.92,,,19.9,
2016-11-10 00:00:00,13.94,,,19.4,
2016-11-10 01:00:00,6.0,,,22.2,
2016-11-10 02:00:00,6.0,,,20.9,
2016-11-10 03:00:00,6.0,,,24.7,
2016-11-10 04:00:00,6.0,,,21.4,
2016-11-10 05:00:00,6.0,,,21.7,
2016-11-10 06:00:00,6.0,,,21.6,
2016-11-10 07:00:00,6.0,,,17.2,
2016-11-10 08:00:00,14.86,,,20.7,
2016-11-10 09:00:00,13.83,,,26.8,
2016-11-10 10:00:00,6.0,,,26.5,
2016-11-10 11:00:00,6.0,,,29.1,
2016-11-10 12:00:00,,,,,
2016-11-10 13:00:00,6.0,,,32.9,
2016-11-10 14:00:00,6.0,,,37.1,
2016-11-10 15:00:00,6.0,,,45.3,
2016-11-10 16:00:00,17.7,,,46.7,
2016-11-10 17:00:00,15.14,,,44.0,
2016-11-10 18:00:00,22.24,,,36.8,
2016-11-10 19:00:00,22.3,,,32.1,
2016-11-10 20:00:00,14.19,,,30.5,
2016-11-10 21:00:00,15.8,,,30.1,
2016-11-10 22:00:00,21.07,,,29.0,
2016-11-10 23:00:00,15.67,,,27.3,
2016-11-11 00:00:00,6.0,,,26.2,
2016-11-11 01:00:00,15.78,,,23.4,
2016-11-11 02:00:00,13.3,,,30.6,
2016-11-11 03:00:00,40.89,,,32.7,
2016-11-11 04:00:00,47.04,,,18.1,
2016-11-11 05:00:00,29.19,,,18.9,
2016-11-11 06:00:00,16.12,,,19.0,
2016-11-11 07:00:00,6.0,,,15.6,
2016-11-11 08:00:00,6.0,,,17.6,
2016-11-11 09:00:00,6.0,,,16.1,
2016-11-11 10:00:00,6.0,,,24.6,
2016-11-11 11:00:00,6.0,,,26.9,
2016-11-11 12:00:00,6.0,,,29.2,
2016-11-11 13:00:00,19.8,,,29.4,
2016-11-11 14:00:00,17.61,,,27.1,
2016-11-11 15:00:00,6.0,,,30.0,
2016-11-11 16:00:00,6.0,,,25.1,
2016-11-11 17:00:00,6.0,,,24.2,
2016-11-11 18:00:00,6.0,,,22.5,
2016-11-11 19:00:00,6.0,,,19.8,
2016-11-11 20:00:00,6.0,,,15.7,
2016-11-11 21:00:00,21.8,,,10.0,
2016-11-11 22:00:00,27.91,,,14.6,
2016-11-11 23:00:00,20.39,,,11.0,
2016-11-12 00:00:00,19.7,,,5.0,
2016-11-12 01:00:00,28.38,,,3.5,
2016-11-12 02:00:00,29.23,,,3.0,
2016-11-12 03:00:00,19.93,,,2.1,
2016-11-12 04:00:00,14.14,,,1.1,
2016-11-12 05:00:00,6.0,,,0.8,
2016-11-12 06:00:00,6.0,,,0.9,
2016-11-12 07:00:00,19.26,,,1.6,
2016-11-12 08:00:00,,,,,
2016-11-12 09:00:00,30.93,,,20.3,
2016-11-12 10:00:00,19.02,,,25.5,
2016-11-12 11:00:00,16.55,,,29.2,
2016-11-12 12:00:00,20.67,,,32.7,
2016-11-12 13:00:00,16.71,,,33.7,
2016-11-12 14:00:00,16.01,,,33.6,
2016-11-12 15:00:00,15.89,,,33.7,
2016-11-12 16:00:00,6.0,,,34.2,
2016-11-12 17:00:00,22.46,,,33.4,
2016-11-12 18:00:00,24.61,,,32.1,
2016-11-12 19:00:00,21.24,,,29.8,
2016-11-12 20:00:00,30.71,,,26.6,
2016-11-12 21:00:00,30.13,,,24.5,
2016-11-12 22:00:00,19.92,,,20.8,
2016-11-12 23:00:00,21.62,,,13.9,
2016-11-13 00:00:00,25.88,,,12.9,
2016-11-13 01:00:00,21.89,,,10.1,
2016-11-13 02:00:00,33.13,,,6.5,
2016-11-13 03:00:00,29.78,,,5.6,
2016-11-13 04:00:00,17.65,,,5.7,
2016-11-13 05:00:00,6.0,,,3.3,
2016-11-13 06:00:00,6.0,,,3.0,
2016-11-13 07:00:00,16.2,,,7.6,
2016-11-13 08:00:00,17.16,,,14.4,
2016-11-13 09:00:00,14.88,,,17.6,
2016-11-13 10:00:00,14.31,,,24.0,
2016-11-13 11:00:00,23.42,,,33.0,
2016-11-13 12:00:00,20.25,,,37.9,
2016-11-13 13:00:00,14.38,,,31.9,
2016-11-13 14:00:00,13.45,,,37.1,
2016-11-13 15:00:00,16.65,,,60.0,
2016-11-13 16:00:00,26.8,,,46.4,
2016-11-13 17:00:00,32.04,,,36.0,
2016-11-13 18:00:00,27.6,,,31.2,
2016-11-13 19:00:00,38.59,,,25.0,
2016-11-13 20:00:00,42.89,,,18.4,
2016-11-13 21:00:00,56.57,,,13.6,
2016-11-13 22:00:00,68.66,,,9.6,
2016-11-13 23:00:00,77.78,,,9.4,
2016-11-14 00:00:00,81.91,,,6.1,
2016-11-14 01:00:00,73.17,,,3.4,
2016-11-14 02:00:00,54.24,,,2.8,
2016-11-14 03:00:00,65.71,,,3.5,
2016-11-14 04:00:00,51.96,,,1.2,
2016-11-14 05:00:00,26.27,,,0.39,
2016-11-14 06:00:00,13.12,,,0.8,
2016-11-14 07:00:00,123.7,,,1.0,
2016-11-14 08:00:00,125.7,,,2.7,
2016-11-14 09:00:00,62.8,,,16.4,
2016-11-14 10:00:00,31.36,,,18.9,
2016-11-14 11:00:00,15.73,,,26.4,
2016-11-14 12:00:00,6.0,,,30.4,
2016-11-14 13:00:00,6.0,,,43.4,
2016-11-14 14:00:00,6.0,,,50.1,
2016-11-14 15:00:00,6.0,,,48.6,
2016-11-14 16:00:00,12.56,,,60.8,
2016-11-14 17:00:00,21.05,,,42.4,
2016-11-14 18:00:00,44.48,,,34.1,
2016-11-14 19:00:00,51.1,,,25.7,
2016-11-14 20:00:00,49.68,,,19.6,
2016-11-14 21:00:00,87.05,,,16.3,
2016-11-14 22:00:00,163.6,,,12.5,
2016-11-14 23:00:00,193.6,,,8.7,
2016-11-15 00:00:00,159.4,,,8.1,
2016-11-15 01:00:00,138.1,,,8.5,
2016-11-15 02:00:00,106.8,,,7.7,
2016-11-15 03:00:00,62.31,,,8.0,
2016-11-15 04:00:00,33.01,,,6.6,
2016-11-15 05:00:00,17.51,,,7.4,
2016-11-15 06:00:00,6.0,,,4.6,
2016-11-15 07:00:00,6.0,,,4.3,
2016-11-15 08:00:00,6.0,,,4.3,
2016-11-15 09:00:00,6.0,,,8.8,
2016-11-15 10:00:00,6.0,,,17.1,
2016-11-15 11:00:00,6.0,,,32.5,
2016-11-15 12:00:00,6.0,,,49.5,
2016-11-15 13:00:00,15.48,,,57.8,
2016-11-15 14:00:00,26.3,,,60.4,
2016-11-15 15:00:00,23.94,,,49.4,
2016-11-15 16:00:00,18.53,,,42.7,
2016-11-15 17:00:00,38.36,,,37.3,
2016-11-15 18:00:00,38.31,,,26.0,
2016-11-15 19:00:00,36.48,,,20.2,
2016-11-15 20:00:00,43.27,,,17.3,
2016-11-15 21:00:00,40.46,,,16.2,
2016-11-15 22:00:00,34.21,,,17.0,
2016-11-15 23:00:00,35.48,,,12.8,
2016-11-16 00:00:00,39.7,,,12.0,
2016-11-16 01:00:00,39.87,,,10.9,
2016-11-16 02:00:00,37.31,,,6.7,
2016-11-16 03:00:00,33.47,,,9.7,
2016-11-16 04:00:00,29.47,,,10.1,
2016-11-16 05:00:00,31.15,,,10.3,
2016-11-16 06:00:00,32.04,,,8.6,
2016-11-16 07:00:00,37.13,,,6.0,
2016-11-16 08:00:00,27.98,,,9.5,
2016-11-16 09:00:00,25.2,,,16.8,
2016-11-16 10:00:00,23.11,,,22.6,
2016-11-16 11:00:00,16.42,,,25.6,
2016-11-16 12:00:00,16.73,,,26.4,
2016-11-16 13:00:00,13.08,,,29.0,
2016-11-16 14:00:00,22.24,,,26.8,
2016-11-16 15:00:00,25.79,,,29.5,
2016-11-16 16:00:00,23.14,,,28.9,
2016-11-16 17:00:00,20.36,,,26.8,
2016-11-16 18:00:00,23.37,,,25.2,
2016-11-16 19:00:00,30.09,,,22.8,
2016-11-16 20:00:00,41.8,,,16.9,
2016-11-16 21:00:00,33.92,,,15.1,
2016-11-16 22:00:00,29.3,,,12.9,
2016-11-16 23:00:00,25.9,,,15.8,
2016-11-17 00:00:00,15.8,,,16.2,
2016-11-17 01:00:00,6.0,,,12.9,
2016-11-17 02:00:00,15.61,,,9.6,
2016-11-17 03:00:00,13.84,,,7.0,
2016-11-17 04:00:00,19.25,,,9.1,
2016-11-17 05:00:00,17.39,,,7.3,
2016-11-17 06:00:00,19.07,,,3.7,
2016-11-17 07:00:00,15.16,,,4.2,
2016-11-17 08:00:00,6.0,,,10.3,
2016-11-17 09:00:00,6.0,,,16.4,
2016-11-17 10:00:00,6.0,,,17.0,
2016-11-17 11:00:00,6.0,,,19.4,
2016-11-17 12:00:00,6.0,,,25.1,
2016-11-17 13:00:00,23.08,,,27.3,
2016-11-17 14:00:00,28.78,,,27.1,
2016-11-17 15:00:00,20.47,,,27.5,
2016-11-17 16:00:00,13.04,,,24.8,
2016-11-17 17:00:00,6.0,,,16.9,
2016-11-17 18:00:00,6.0,,,13.8,
2016-11-17 19:00:00,6.0,,,10.2,
2016-11-17 20:00:00,6.0,,,9.4,
2016-11-17 21:00:00,6.0,,,9.5,
2016-11-17 22:00:00,12.97,,,7.1,
2016-11-17 23:00:00,16.89,,,15.4,
2016-11-18 00:00:00,12.51,,,21.3,
2016-11-18 01:00:00,6.0,,,21.3,
2016-11-18 02:00:00,6.0,,,22.7,
2016-11-18 03:00:00,6.0,,,22.3,
2016-11-18 04:00:00,6.0,,,16.9,
2016-11-18 05:00:00,6.0,,,17.3,
2016-11-18 06:00:00,6.0,,,11.7,
2016-11-18 07:00:00,6.0,,,11.8,
2016-11-18 08:00:00,6.0,,,15.5,
2016-11-18 09:00:00,6.0,,,17.0,
2016-11-18 10:00:00,12.4,,,17.8,
2016-11-18 11:00:00,,,,,
2016-11-18 12:00:00,6.0,,,22.2,
2016-11-18 13:00:00,6.0,,,27.1,
2016-11-18 14:00:00,15.67,,,25.8,
2016-11-18 15:00:00,16.3,,,18.8,
2016-11-18 16:00:00,13.23,,,17.4,
2016-11-18 17:00:00,6.0,,,20.6,
2016-11-18 18:00:00,6.0,,,22.0,
2016-11-18 19:00:00,6.0,,,17.9,
2016-11-18 20:00:00,6.0,,,5.9,
2016-11-18 21:00:00,24.23,,,1.8,
2016-11-18 22:00:00,40.36,,,0.9,
2016-11-18 23:00:00,30.03,,,0.9,
2016-11-19 00:00:00,41.83,,,1.0,
2016-11-19 01:00:00,36.7,,,1.0,
2016-11-19 02:00:00,23.45,,,1.0,
2016-11-19 03:00:00,14.92,,,0.9,
2016-11-19 04:00:00,27.52,,,1.0,
2016-11-19 05:00:00,28.71,,,1.1,
2016-11-19 06:00:00,34.37,,,1.3,
2016-11-19 07:00:00,25.06,,,2.1,
2016-11-19 08:00:00,13.64,,,5.3,
2016-11-19 09:00:00,14.89,,,8.5,
2016-11-19 10:00:00,15.83,,,19.2,
2016-11-19 11:00:00,18.86,,,24.2,
2016-11-19 12:00:00,16.28,,,26.7,
2016-11-19 13:00:00,6.0,,,28.2,
2016-11-19 14:00:00,6.0,,,27.3,
2016-11-19 15:00:00,6.0,,,26.8,
2016-11-19 16:00:00,6.0,,,27.3,
2016-11-19 17:00:00,12.25,,,27.0,
2016-11-19 18:00:00,15.65,,,24.7,
2016-11-19 19:00:00,6.0,,,23.2,
2016-11-19 20:00:00,6.0,,,21.2,
2016-11-19 21:00:00,6.0,,,18.4,
2016-11-19 22:00:00,6.0,,,16.3,
2016-11-19 23:00:00,6.0,,,13.7,
2016-11-20 00:00:00,6.0,,,12.7,
2016-11-20 01:00:00,13.93,,,10.7,
2016-11-20 02:00:00,12.24,,,10.3,
2016-11-20 03:00:00,6.0,,,10.2,
2016-11-20 04:00:00,6.0,,,9.1,
2016-11-20 05:00:00,14.07,,,5.8,
2016-11-20 06:00:00,12.76,,,4.0,
2016-11-20 07:00:00,14.91,,,3.5,
2016-11-20 08:00:00,12.57,,,9.0,
2016-11-20 09:00:00,6.0,,,15.0,
2016-11-20 10:00:00,6.0,,,22.4,
2016-11-20 11:00:00,6.0,,,27.1,
2016-11-20 12:00:00,26.44,,,35.1,
2016-11-20 13:00:00,28.36,,,47.3,
2016-11-20 14:00:00,17.81,,,49.2,
2016-11-20 15:00:00,27.61,,,47.0,
2016-11-20 16:00:00,24.37,,,45.4,
2016-11-20 17:00:00,20.16,,,59.6,
2016-11-20 18:00:00,29.12,,,50.0,
2016-11-20 19:00:00,38.59,,,28.7,
2016-11-20 20:00:00,48.04,,,22.7,
2016-11-20 21:00:00,57.49,,,17.7,
2016-11-20 22:00:00,70.71,,,13.6,
2016-11-20 23:00:00,87.51,,,9.6,
2016-11-21 00:00:00,106.4,,,6.4,
2016-11-21 01:00:00,78.6,,,7.7,
2016-11-21 02:00:00,42.3,,,6.0,
2016-11-21 03:00:00,31.45,,,3.8,
2016-11-21 04:00:00,22.29,,,1.9,
2016-11-21 05:00:00,29.23,,,1.7,
2016-11-21 06:00:00,26.48,,,1.0,
2016-11-21 07:00:00,78.29,,,2.6,
2016-11-21 08:00:00,75.81,,,11.9,
2016-11-21 09:00:00,37.86,,,17.3,
2016-11-21 10:00:00,20.61,,,24.9,
2016-11-21 11:00:00,6.0,,,37.7,
2016-11-21 12:00:00,28.64,,,45.0,
2016-11-21 13:00:00,36.08,,,40.3,
2016-11-21 14:00:00,35.17,,,37.3,
2016-11-21 15:00:00,26.16,,,32.6,
2016-11-21 16:00:00,15.88,,,31.7,
2016-11-21 17:00:00,6.0,,,29.4,
2016-11-21 18:00:00,14.66,,,27.9,
2016-11-21 19:00:00,38.56,,,23.8,
2016-11-21 20:00:00,37.42,,,24.1,
2016-11-21 21:00:00,32.11,,,25.7,
2016-11-21 22:00:00,23.21,,,23.7,
2016-11-21 23:00:00,19.13,,,22.9,
2016-11-22 00:00:00,22.36,,,22.9,
2016-11-22 01:00:00,20.96,,,22.5,
2016-11-22 02:00:00,13.75,,,19.8,
2016-11-22 03:00:00,13.43,,,15.7,
2016-11-22 04:00:00,14.93,,,13.7,
2016-11-22 05:00:00,21.45,,,13.6,
2016-11-22 06:00:00,18.82,,,11.8,
2016-11-22 07:00:00,19.08,,,9.3,
2016-11-22 08:00:00,20.55,,,11.3,
2016-11-22 09:00:00,14.91,,,13.6,
2016-11-22 10:00:00,15.96,,,13.8,
2016-11-22 11:00:00,29.24,,,19.9,
2016-11-22 12:00:00,34.44,,,25.6,
2016-11-22 13:00:00,28.53,,,30.6,
2016-11-22 14:00:00,27.81,,,32.8,
2016-11-22 15:00:00,41.31,,,43.3,
2016-11-22 16:00:00,33.99,,,42.2,
2016-11-22 17:00:00,26.86,,,33.2,
2016-11-22 18:00:00,28.23,,,27.3,
2016-11-22 19:00:00,28.29,,,21.3,
2016-11-22 20:00:00,32.99,,,16.1,
2016-11-22 21:00:00,41.41,,,10.6,
2016-11-22 22:00:00,38.54,,,12.0,
2016-11-22 23:00:00,28.83,,,11.1,
2016-11-23 00:00:00,30.82,,,10.7,
2016-11-23 01:00:00,29.72,,,8.4,
2016-11-23 02:00:00,28.56,,,7.5,
2016-11-23 03:00:00,20.17,,,4.9,
2016-11-23 04:00:00,20.88,,,4.2,
2016-11-23 05:00:00,21.4,,,1.2,
2016-11-23 06:00:00,20.81,,,1.3,
2016-11-23 07:00:00,34.26,,,1.7,
2016-11-23 08:00:00,33.3,,,6.9,
2016-11-23 09:00:00,33.85,,,13.6,
2016-11-23 10:00:00,26.98,,,21.3,
2016-11-23 11:00:00,24.24,,,27.4,
2016-11-23 12:00:00,32.17,,,33.0,
2016-11-23 13:00:00,26.26,,,41.8,
2016-11-23 14:00:00,22.46,,,44.9,
2016-11-23 15:00:00,25.52,,,44.1,
2016-11-23 16:00:00,26.71,,,40.3,
2016-11-23 17:00:00,19.88,,,40.9,
2016-11-23 18:00:00,17.11,,,34.7,
2016-11-23 19:00:00,28.03,,,27.9,
2016-11-23 20:00:00,35.41,,,13.8,
2016-11-23 21:00:00,33.55,,,13.2,
2016-11-23 22:00:00,34.32,,,9.4,
2016-11-23 23:00:00,36.37,,,8.5,
2016-11-24 00:00:00,43.7,,,3.6,
2016-11-24 01:00:00,34.66,,,3.3,
2016-11-24 02:00:00,36.39,,,5.2,
2016-11-24 03:00:00,30.26,,,3.6,
2016-11-24 04:00:00,20.4,,,5.0,
2016-11-24 05:00:00,20.29,,,3.1,
2016-11-24 06:00:00,24.49,,,2.1,
2016-11-24 07:00:00,37.33,,,2.0,
2016-11-24 08:00:00,39.3,,,5.0,
2016-11-24 09:00:00,50.7,,,8.1,
2016-11-24 10:00:00,50.7,,,12.2,
2016-11-24 11:00:00,6.0,,,29.9,
2016-11-24 12:00:00,41.1,,,50.6,
2016-11-24 13:00:00,44.0,,,43.4,
2016-11-24 14:00:00,38.11,,,43.2,
2016-11-24 15:00:00,37.86,,,38.3,
2016-11-24 16:00:00,33.03,,,35.6,
2016-11-24 17:00:00,33.23,,,33.5,
2016-11-24 18:00:00,27.22,,,34.1,
2016-11-24 19:00:00,43.27,,,28.5,
2016-11-24 20:00:00,31.58,,,24.3,
2016-11-24 21:00:00,42.6,,,22.4,
2016-11-24 22:00:00,26.4,,,21.6,
2016-11-24 23:00:00,34.37,,,17.8,
2016-11-25 00:00:00,36.64,,,16.1,
2016-11-25 01:00:00,31.96,,,12.7,
2016-11-25 02:00:00,25.85,,,13.1,
2016-11-25 03:00:00,31.0,,,14.3,
2016-11-25 04:00:00,30.45,,,8.1,
2016-11-25 05:00:00,23.19,,,5.2,
2016-11-25 06:00:00,29.96,,,5.2,
2016-11-25 07:00:00,19.99,,,4.3,
2016-11-25 08:00:00,16.02,,,8.8,
2016-11-25 09:00:00,17.33,,,11.0,
2016-11-25 10:00:00,23.64,,,21.5,
2016-11-25 11:00:00,30.86,,,35.5,
2016-11-25 12:00:00,20.49,,,43.3,
2016-11-25 13:00:00,36.52,,,43.1,
2016-11-25 14:00:00,34.08,,,55.7,
2016-11-25 15:00:00,51.6,,,56.1,
2016-11-25 16:00:00,43.87,,,60.8,
2016-11-25 17:00:00,58.0,,,42.1,
2016-11-25 18:00:00,49.34,,,33.5,
2016-11-25 19:00:00,46.36,,,24.0,
2016-11-25 20:00:00,54.39,,,20.0,
2016-11-25 21:00:00,56.95,,,17.1,
2016-11-25 22:00:00,76.97,,,14.5,
2016-11-25 23:00:00,55.74,,,11.5,
2016-11-26 00:00:00,55.66,,,10.6,
2016-11-26 01:00:00,47.89,,,8.5,
2016-11-26 02:00:00,42.34,,,7.5,
2016-11-26 03:00:00,40.57,,,5.5,
2016-11-26 04:00:00,33.11,,,2.9,
2016-11-26 05:00:00,40.32,,,2.7,
2016-11-26 06:00:00,35.89,,,2.4,
2016-11-26 07:00:00,39.87,,,3.8,
2016-11-26 08:00:00,24.8,,,6.9,
2016-11-26 09:00:00,13.98,,,12.6,
2016-11-26 10:00:00,6.0,,,23.9,
2016-11-26 11:00:00,6.0,,,40.7,
2016-11-26 12:00:00,14.27,,,58.8,
2016-11-26 13:00:00,29.65,,,65.5,
2016-11-26 14:00:00,45.99,,,90.8,
2016-11-26 15:00:00,44.03,,,107.7,
2016-11-26 16:00:00,55.58,,,92.4,
2016-11-26 17:00:00,58.83,,,58.6,
2016-11-26 18:00:00,61.21,,,42.4,
2016-11-26 19:00:00,47.96,,,32.0,
2016-11-26 20:00:00,59.59,,,26.8,
2016-11-26 21:00:00,68.4,,,22.0,
2016-11-26 22:00:00,67.73,,,19.5,
2016-11-26 23:00:00,66.17,,,16.0,
2016-11-27 00:00:00,70.58,,,13.7,
2016-11-27 01:00:00,72.76,,,10.6,
2016-11-27 02:00:00,61.39,,,8.8,
2016-11-27 03:00:00,78.59,,,7.9,
2016-11-27 04:00:00,61.78,,,6.0,
2016-11-27 05:00:00,60.11,,,15.9,
2016-11-27 06:00:00,36.5,,,20.2,
2016-11-27 07:00:00,29.5,,,12.3,
2016-11-27 08:00:00,25.2,,,11.6,
2016-11-27 09:00:00,16.31,,,18.7,
2016-11-27 10:00:00,6.0,,,21.5,
2016-11-27 11:00:00,6.0,,,32.1,
2016-11-27 12:00:00,6.0,,,35.7,
2016-11-27 13:00:00,20.49,,,37.6,
2016-11-27 14:00:00,28.04,,,46.0,
2016-11-27 15:00:00,32.05,,,40.2,
2016-11-27 16:00:00,42.54,,,35.9,
2016-11-27 17:00:00,67.27,,,21.2,
2016-11-27 18:00:00,51.18,,,19.4,
2016-11-27 19:00:00,33.22,,,15.4,
2016-11-27 20:00:00,20.17,,,14.7,
2016-11-27 21:00:00,12.74,,,16.8,
2016-11-27 22:00:00,18.45,,,15.9,
2016-11-27 23:00:00,29.98,,,16.3,
2016-11-28 00:00:00,27.74,,,16.9,
2016-11-28 01:00:00,17.89,,,17.8,
2016-11-28 02:00:00,6.0,,,17.1,
2016-11-28 03:00:00,12.92,,,26.4,
2016-11-28 04:00:00,6.0,,,30.7,
2016-11-28 05:00:00,6.0,,,32.9,
2016-11-28 06:00:00,6.0,,,21.7,
2016-11-28 07:00:00,14.13,,,17.4,
2016-11-28 08:00:00,6.0,,,15.8,
2016-11-28 09:00:00,6.0,,,13.0,
2016-11-28 10:00:00,6.0,,,17.1,
2016-11-28 11:00:00,6.0,,,20.6,
2016-11-28 12:00:00,6.0,,,27.2,
2016-11-28 13:00:00,,,,,
2016-11-28 14:00:00,,,,,
2016-11-28 15:00:00,,,,,
2016-11-28 16:00:00,,,,,
2016-11-28 17:00:00,,,,,
2016-11-28 18:00:00,,,,,
2016-11-28 19:00:00,,,,,
2016-11-28 20:00:00,,,,,
2016-11-28 21:00:00,,,,,
2016-11-28 22:00:00,,,,,
2016-11-28 23:00:00,,,,,
2016-11-29 00:00:00,,,,,
2016-11-29 01:00:00,39.32,,,5.7,
2016-11-29 02:00:00,31.22,,,7.0,
2016-11-29 03:00:00,28.89,,,3.9,
2016-11-29 04:00:00,28.41,,,3.2,
2016-11-29 05:00:00,34.0,,,2.2,
2016-11-29 06:00:00,31.51,,,1.4,
2016-11-29 07:00:00,38.43,,,2.1,
2016-11-29 08:00:00,49.13,,,5.3,
2016-11-29 09:00:00,30.94,,,9.8,
2016-11-29 10:00:00,18.76,,,18.6,
2016-11-29 11:00:00,6.0,,,25.4,
2016-11-29 12:00:00,27.08,,,30.3,
2016-11-29 13:00:00,19.16,,,32.3,
2016-11-29 14:00:00,6.0,,,35.0,
2016-11-29 15:00:00,6.0,,,32.5,
2016-11-29 16:00:00,6.0,,,32.5,
2016-11-29 17:00:00,6.0,,,28.9,
2016-11-29 18:00:00,6.0,,,27.2,
2016-11-29 19:00:00,6.0,,,24.7,
2016-11-29 20:00:00,19.92,,,19.2,
2016-11-29 21:00:00,25.62,,,18.0,
2016-11-29 22:00:00,29.35,,,10.2,
2016-11-29 23:00:00,18.8,,,7.1,
2016-11-30 00:00:00,18.49,,,5.6,
2016-11-30 01:00:00,19.89,,,4.0,
2016-11-30 02:00:00,24.83,,,2.4,
2016-11-30 03:00:00,15.51,,,1.8,
2016-11-30 04:00:00,12.2,,,1.5,
2016-11-30 05:00:00,19.79,,,1.0,
2016-11-30 06:00:00,24.03,,,1.1,
2016-11-30 07:00:00,25.98,,,2.1,
2016-11-30 08:00:00,22.29,,,4.5,
2016-11-30 09:00:00,33.01,,,7.0,
2016-11-30 10:00:00,26.46,,,18.4,
2016-11-30 11:00:00,19.85,,,19.8,
2016-11-30 12:00:00,6.0,,,21.7,
2016-11-30 13:00:00,6.0,,,21.4,
2016-11-30 14:00:00,6.0,,,22.8,
2016-11-30 15:00:00,22.31,,,23.6,
2016-11-30 16:00:00,21.52,,,23.6,
2016-11-30 17:00:00,19.66,,,22.2,
2016-11-30 18:00:00,18.2,,,20.7,
2016-11-30 19:00:00,24.29,,,20.6,
2016-11-30 20:00:00,24.5,,,20.1,
2016-11-30 21:00:00,30.81,,,17.1,
2016-11-30 22:00:00,21.12,,,14.5,
2016-11-30 23:00:00,19.61,,,13.6,
2016-12-01 00:00:00,13.81,,,12.8,
2016-12-01 01:00:00,19.21,,,12.7,
2016-12-01 02:00:00,16.91,,,11.3,
2016-12-01 03:00:00,15.89,,,7.3,
2016-12-01 04:00:00,20.51,,,4.8,
2016-12-01 05:00:00,17.91,,,3.8,
2016-12-01 06:00:00,13.95,,,2.3,
2016-12-01 07:00:00,13.63,,,1.6,
2016-12-01 08:00:00,20.09,,,7.5,
2016-12-01 09:00:00,16.29,,,13.8,
2016-12-01 10:00:00,6.0,,,20.7,
2016-12-01 11:00:00,16.46,,,25.9,
2016-12-01 12:00:00,17.89,,,28.2,
2016-12-01 13:00:00,12.4,,,30.6,
2016-12-01 14:00:00,19.84,,,31.8,
2016-12-01 15:00:00,25.15,,,31.7,
2016-12-01 16:00:00,32.33,,,33.3,
2016-12-01 17:00:00,28.6,,,25.4,
2016-12-01 18:00:00,36.79,,,20.8,
2016-12-01 19:00:00,43.0,,,15.9,
2016-12-01 20:00:00,37.39,,,12.7,
2016-12-01 21:00:00,53.01,,,11.2,
2016-12-01 22:00:00,49.96,,,7.8,
2016-12-01 23:00:00,44.44,,,6.9,
2016-12-02 00:00:00,41.32,,,7.1,
2016-12-02 01:00:00,49.61,,,5.7,
2016-12-02 02:00:00,44.76,,,5.2,
2016-12-02 03:00:00,25.53,,,4.8,
2016-12-02 04:00:00,16.59,,,3.1,
2016-12-02 05:00:00,44.42,,,1.7,
2016-12-02 06:00:00,68.36,,,1.0,
2016-12-02 07:00:00,41.87,,,1.0,
2016-12-02 08:00:00,20.92,,,4.9,
2016-12-02 09:00:00,6.0,,,12.9,
2016-12-02 10:00:00,6.0,,,27.2,
2016-12-02 11:00:00,6.0,,,29.8,
2016-12-02 12:00:00,6.0,,,33.3,
2016-12-02 13:00:00,6.0,,,37.7,
2016-12-02 14:00:00,17.64,,,51.8,
2016-12-02 15:00:00,14.3,,,51.0,
2016-12-02 16:00:00,15.51,,,49.1,
2016-12-02 17:00:00,21.29,,,50.7,
2016-12-02 18:00:00,20.67,,,53.3,
2016-12-02 19:00:00,32.42,,,25.4,
2016-12-02 20:00:00,47.23,,,21.3,
2016-12-02 21:00:00,56.39,,,16.8,
2016-12-02 22:00:00,68.22,,,10.9,
2016-12-02 23:00:00,74.86,,,9.9,
2016-12-03 00:00:00,67.88,,,10.2,
2016-12-03 01:00:00,74.13,,,5.1,
2016-12-03 02:00:00,74.54,,,5.1,
2016-12-03 03:00:00,74.01,,,6.1,
2016-12-03 04:00:00,64.5,,,5.0,
2016-12-03 05:00:00,66.42,,,3.7,
2016-12-03 06:00:00,64.51,,,2.2,
2016-12-03 07:00:00,58.82,,,2.1,
2016-12-03 08:00:00,55.67,,,3.9,
2016-12-03 09:00:00,49.17,,,6.6,
2016-12-03 10:00:00,28.22,,,10.6,
2016-12-03 11:00:00,21.98,,,14.6,
2016-12-03 12:00:00,89.52,,,12.2,
2016-12-03 13:00:00,81.61,,,17.2,
2016-12-03 14:00:00,50.8,,,21.2,
2016-12-03 15:00:00,28.71,,,23.0,
2016-12-03 16:00:00,32.2,,,27.7,
2016-12-03 17:00:00,22.56,,,26.0,
2016-12-03 18:00:00,12.17,,,21.9,
2016-12-03 19:00:00,6.0,,,11.8,
2016-12-03 20:00:00,18.19,,,9.7,
2016-12-03 21:00:00,34.87,,,7.7,
2016-12-03 22:00:00,42.13,,,5.9,
2016-12-03 23:00:00,48.79,,,4.6,
2016-12-04 00:00:00,46.04,,,3.2,
2016-12-04 01:00:00,57.56,,,2.9,
2016-12-04 02:00:00,55.2,,,3.9,
2016-12-04 03:00:00,47.36,,,10.7,
2016-12-04 04:00:00,27.41,,,22.1,
2016-12-04 05:00:00,16.7,,,21.7,
2016-12-04 06:00:00,6.0,,,24.8,
2016-12-04 07:00:00,6.0,,,21.2,
2016-12-04 08:00:00,6.0,,,18.4,
2016-12-04 09:00:00,6.0,,,18.8,
2016-12-04 10:00:00,6.0,,,25.1,
2016-12-04 11:00:00,6.0,,,26.2,
2016-12-04 12:00:00,6.0,,,26.4,
2016-12-04 13:00:00,6.0,,,28.5,
2016-12-04 14:00:00,6.0,,,26.9,
2016-12-04 15:00:00,6.0,,,28.0,
2016-12-04 16:00:00,6.0,,,30.3,
2016-12-04 17:00:00,6.0,,,29.7,
2016-12-04 18:00:00,6.0,,,29.7,
2016-12-04 19:00:00,6.0,,,29.3,
2016-12-04 20:00:00,6.0,,,24.6,
2016-12-04 21:00:00,19.49,,,17.9,
2016-12-04 22:00:00,23.81,,,15.1,
2016-12-04 23:00:00,36.66,,,12.3,
2016-12-05 00:00:00,34.03,,,8.9,
2016-12-05 01:00:00,27.66,,,5.4,
2016-12-05 02:00:00,24.97,,,4.0,
2016-12-05 03:00:00,16.02,,,2.2,
2016-12-05 04:00:00,13.88,,,1.0,
2016-12-05 05:00:00,26.1,,,2.1,
2016-12-05 06:00:00,53.68,,,2.9,
2016-12-05 07:00:00,34.47,,,4.6,
2016-12-05 08:00:00,17.62,,,8.9,
2016-12-05 09:00:00,6.0,,,13.8,
2016-12-05 10:00:00,6.0,,,19.9,
2016-12-05 11:00:00,6.0,,,28.2,
2016-12-05 12:00:00,18.88,,,41.0,
2016-12-05 13:00:00,13.73,,,52.5,
2016-12-05 14:00:00,13.89,,,61.3,
2016-12-05 15:00:00,16.46,,,51.7,
2016-12-05 16:00:00,17.84,,,39.0,
2016-12-05 17:00:00,19.57,,,26.2,
2016-12-05 18:00:00,32.85,,,28.1,
2016-12-05 19:00:00,23.96,,,22.9,
2016-12-05 20:00:00,31.47,,,14.7,
2016-12-05 21:00:00,86.24,,,9.2,
2016-12-05 22:00:00,137.4,,,5.9,
2016-12-05 23:00:00,179.0,,,3.4,
2016-12-06 00:00:00,141.2,,,6.8,
2016-12-06 01:00:00,79.2,,,6.2,
2016-12-06 02:00:00,40.82,,,4.4,
2016-12-06 03:00:00,22.33,,,2.2,
2016-12-06 04:00:00,13.57,,,1.3,
2016-12-06 05:00:00,6.0,,,1.0,
2016-12-06 06:00:00,6.0,,,1.2,
2016-12-06 07:00:00,59.62,,,2.0,
2016-12-06 08:00:00,41.54,,,5.7,
2016-12-06 09:00:00,20.82,,,12.6,
2016-12-06 10:00:00,6.0,,,16.7,
2016-12-06 11:00:00,6.0,,,25.3,
2016-12-06 12:00:00,6.0,,,41.8,
2016-12-06 13:00:00,6.0,,,70.8,
2016-12-06 14:00:00,6.0,,,46.6,
2016-12-06 15:00:00,6.0,,,40.0,
2016-12-06 16:00:00,6.0,,,44.3,
2016-12-06 17:00:00,6.0,,,43.5,
2016-12-06 18:00:00,6.0,,,43.3,
2016-12-06 19:00:00,6.0,,,32.9,
2016-12-06 20:00:00,29.32,,,19.4,
2016-12-06 21:00:00,71.24,,,6.1,
2016-12-06 22:00:00,86.39,,,1.2,
2016-12-06 23:00:00,76.54,,,2.4,
2016-12-07 00:00:00,98.42,,,19.9,
2016-12-07 01:00:00,434.9,,,18.6,
2016-12-07 02:00:00,362.3,,,12.7,
2016-12-07 03:00:00,195.5,,,25.4,
2016-12-07 04:00:00,97.75,,,21.5,
2016-12-07 05:00:00,48.81,,,12.6,
2016-12-07 06:00:00,24.38,,,4.7,
2016-12-07 07:00:00,12.23,,,6.3,
2016-12-07 08:00:00,6.0,,,14.1,
2016-12-07 09:00:00,6.0,,,20.4,
2016-12-07 10:00:00,6.0,,,25.0,
2016-12-07 11:00:00,6.0,,,30.0,
2016-12-07 12:00:00,6.0,,,42.6,
2016-12-07 13:00:00,6.0,,,40.8,
2016-12-07 14:00:00,6.0,,,39.0,
2016-12-07 15:00:00,6.0,,,36.3,
2016-12-07 16:00:00,6.0,,,35.6,
2016-12-07 17:00:00,6.0,,,33.2,
2016-12-07 18:00:00,6.0,,,32.1,
2016-12-07 19:00:00,6.0,,,29.8,
2016-12-07 20:00:00,14.71,,,26.9,
2016-12-07 21:00:00,20.19,,,23.4,
2016-12-07 22:00:00,35.53,,,19.7,
2016-12-07 23:00:00,37.21,,,19.7,
2016-12-08 00:00:00,85.97,,,19.6,
2016-12-08 01:00:00,148.0,,,21.5,
2016-12-08 02:00:00,161.1,,,18.6,
2016-12-08 03:00:00,97.98,,,17.1,
2016-12-08 04:00:00,63.22,,,16.4,
2016-12-08 05:00:00,109.6,,,13.0,
2016-12-08 06:00:00,123.7,,,6.5,
2016-12-08 07:00:00,124.0,,,2.4,
2016-12-08 08:00:00,74.86,,,4.9,
2016-12-08 09:00:00,37.97,,,9.3,
2016-12-08 10:00:00,18.96,,,17.7,
2016-12-08 11:00:00,6.0,,,16.5,
2016-12-08 12:00:00,6.0,,,22.6,
2016-12-08 13:00:00,6.0,,,49.0,
2016-12-08 14:00:00,6.0,,,56.6,
2016-12-08 15:00:00,6.0,,,69.3,
2016-12-08 16:00:00,6.0,,,66.9,
2016-12-08 17:00:00,6.0,,,52.9,
2016-12-08 18:00:00,6.0,,,44.7,
2016-12-08 19:00:00,6.0,,,41.5,
2016-12-08 20:00:00,82.81,,,28.5,
2016-12-08 21:00:00,101.7,,,24.6,
2016-12-08 22:00:00,63.12,,,25.5,
2016-12-08 23:00:00,35.77,,,23.2,
2016-12-09 00:00:00,19.62,,,23.4,
2016-12-09 01:00:00,6.0,,,22.8,
2016-12-09 02:00:00,6.0,,,22.1,
2016-12-09 03:00:00,6.0,,,20.7,
2016-12-09 04:00:00,6.0,,,17.1,
2016-12-09 05:00:00,6.0,,,10.9,
2016-12-09 06:00:00,6.0,,,5.0,
2016-12-09 07:00:00,6.0,,,3.4,
2016-12-09 08:00:00,6.0,,,10.3,
2016-12-09 09:00:00,6.0,,,16.6,
2016-12-09 10:00:00,6.0,,,18.7,
2016-12-09 11:00:00,6.0,,,19.2,
2016-12-09 12:00:00,14.39,,,21.6,
2016-12-09 13:00:00,20.55,,,21.3,
2016-12-09 14:00:00,26.43,,,22.4,
2016-12-09 15:00:00,17.64,,,21.8,
2016-12-09 16:00:00,25.83,,,18.9,
2016-12-09 17:00:00,28.17,,,19.4,
2016-12-09 18:00:00,24.67,,,17.8,
2016-12-09 19:00:00,28.67,,,16.6,
2016-12-09 20:00:00,33.85,,,15.6,
2016-12-09 21:00:00,24.49,,,10.0,
2016-12-09 22:00:00,26.72,,,8.1,
2016-12-09 23:00:00,58.19,,,8.1,
2016-12-10 00:00:00,94.42,,,9.2,
2016-12-10 01:00:00,89.99,,,12.0,
2016-12-10 02:00:00,54.51,,,12.8,
2016-12-10 03:00:00,31.96,,,12.5,
2016-12-10 04:00:00,19.46,,,10.5,
2016-12-10 05:00:00,24.02,,,8.2,
2016-12-10 06:00:00,49.34,,,2.6,
2016-12-10 07:00:00,32.4,,,2.6,
2016-12-10 08:00:00,16.83,,,3.6,
2016-12-10 09:00:00,6.0,,,7.3,
2016-12-10 10:00:00,6.0,,,11.9,
2016-12-10 11:00:00,6.0,,,21.3,
2016-12-10 12:00:00,23.1,,,27.7,
2016-12-10 13:00:00,24.72,,,33.7,
2016-12-10 14:00:00,19.58,,,36.2,
2016-12-10 15:00:00,14.02,,,33.8,
2016-12-10 16:00:00,6.0,,,34.3,
2016-12-10 17:00:00,6.0,,,37.0,
2016-12-10 18:00:00,6.0,,,34.5,
2016-12-10 19:00:00,47.75,,,28.3,
2016-12-10 20:00:00,121.4,,,23.2,
2016-12-10 21:00:00,148.6,,,22.7,
2016-12-10 22:00:00,293.0,,,16.9,
2016-12-10 23:00:00,309.3,,,10.7,
2016-12-11 00:00:00,182.1,,,7.3,
2016-12-11 01:00:00,143.3,,,7.3,
2016-12-11 02:00:00,217.1,,,5.1,
2016-12-11 03:00:00,206.0,,,8.2,
2016-12-11 04:00:00,120.2,,,11.1,
2016-12-11 05:00:00,60.61,,,12.0,
2016-12-11 06:00:00,30.38,,,14.2,
2016-12-11 07:00:00,15.17,,,16.4,
2016-12-11 08:00:00,6.0,,,22.7,
2016-12-11 09:00:00,6.0,,,26.5,
2016-12-11 10:00:00,6.0,,,31.4,
2016-12-11 11:00:00,6.0,,,32.4,
2016-12-11 12:00:00,6.0,,,34.4,
2016-12-11 13:00:00,6.0,,,35.9,
2016-12-11 14:00:00,6.0,,,34.7,
2016-12-11 15:00:00,6.0,,,35.0,
2016-12-11 16:00:00,6.0,,,34.7,
2016-12-11 17:00:00,6.0,,,38.2,
2016-12-11 18:00:00,6.0,,,28.9,
2016-12-11 19:00:00,6.0,,,21.2,
2016-12-11 20:00:00,19.36,,,19.8,
2016-12-11 21:00:00,37.69,,,17.2,
2016-12-11 22:00:00,51.99,,,15.3,
2016-12-11 23:00:00,61.72,,,14.2,
2016-12-12 00:00:00,38.33,,,11.7,
2016-12-12 01:00:00,21.61,,,12.4,
2016-12-12 02:00:00,28.4,,,12.5,
2016-12-12 03:00:00,57.05,,,12.0,
2016-12-12 04:00:00,65.76,,,11.7,
2016-12-12 05:00:00,48.39,,,8.1,
2016-12-12 06:00:00,46.64,,,5.4,
2016-12-12 07:00:00,29.86,,,4.4,
2016-12-12 08:00:00,18.28,,,10.1,
2016-12-12 09:00:00,13.97,,,12.8,
2016-12-12 10:00:00,12.34,,,17.0,
2016-12-12 11:00:00,6.0,,,25.3,
2016-12-12 12:00:00,28.85,,,34.7,
2016-12-12 13:00:00,31.07,,,44.0,
2016-12-12 14:00:00,20.78,,,54.1,
2016-12-12 15:00:00,15.53,,,56.5,
2016-12-12 16:00:00,6.0,,,50.6,
2016-12-12 17:00:00,21.21,,,44.8,
2016-12-12 18:00:00,18.28,,,57.3,
2016-12-12 19:00:00,32.97,,,36.3,
2016-12-12 20:00:00,141.4,,,21.1,
2016-12-12 21:00:00,246.6,,,16.0,
2016-12-12 22:00:00,266.8,,,9.4,
2016-12-12 23:00:00,245.2,,,5.0,
2016-12-13 00:00:00,238.0,,,4.1,
2016-12-13 01:00:00,210.8,,,1.4,
2016-12-13 02:00:00,124.6,,,1.1,
2016-12-13 03:00:00,137.6,,,1.1,
2016-12-13 04:00:00,89.94,,,0.9,
2016-12-13 05:00:00,45.9,,,0.9,
2016-12-13 06:00:00,22.92,,,1.1,
2016-12-13 07:00:00,6.0,,,2.2,
2016-12-13 08:00:00,6.0,,,7.4,
2016-12-13 09:00:00,6.0,,,16.9,
2016-12-13 10:00:00,6.0,,,34.4,
2016-12-13 11:00:00,6.0,,,33.2,
2016-12-13 12:00:00,6.0,,,39.1,
2016-12-13 13:00:00,6.0,,,42.1,
2016-12-13 14:00:00,6.0,,,49.2,
2016-12-13 15:00:00,6.0,,,49.9,
2016-12-13 16:00:00,6.0,,,47.5,
2016-12-13 17:00:00,15.97,,,43.1,
2016-12-13 18:00:00,141.8,,,35.9,
2016-12-13 19:00:00,103.7,,,20.5,
2016-12-13 20:00:00,56.22,,,15.0,
2016-12-13 21:00:00,33.23,,,14.1,
2016-12-13 22:00:00,35.91,,,16.2,
2016-12-13 23:00:00,26.98,,,16.7,
2016-12-14 00:00:00,41.42,,,17.4,
2016-12-14 01:00:00,54.49,,,16.2,
2016-12-14 02:00:00,33.47,,,17.3,
2016-12-14 03:00:00,17.16,,,18.3,
2016-12-14 04:00:00,6.0,,,19.1,
2016-12-14 05:00:00,6.0,,,17.2,
2016-12-14 06:00:00,6.0,,,12.9,
2016-12-14 07:00:00,6.0,,,11.4,
2016-12-14 08:00:00,6.0,,,12.7,
2016-12-14 09:00:00,6.0,,,14.7,
2016-12-14 10:00:00,6.0,,,22.1,
2016-12-14 11:00:00,,,,24.4,
2016-12-14 12:00:00,,,,26.8,
2016-12-14 13:00:00,,,,29.4,
2016-12-14 14:00:00,,,,30.6,
2016-12-14 15:00:00,,,,30.1,
2016-12-14 16:00:00,,,,32.0,
2016-12-14 17:00:00,,,,33.8,
2016-12-14 18:00:00,,,,29.6,
2016-12-14 19:00:00,,,,29.8,
2016-12-14 20:00:00,,,,23.9,
2016-12-14 21:00:00,,,,18.5,
2016-12-14 22:00:00,,,,14.2,
2016-12-14 23:00:00,,,,16.2,
2016-12-15 00:00:00,,,,14.9,
2016-12-15 01:00:00,,,,19.5,
2016-12-15 02:00:00,,,,18.9,
2016-12-15 03:00:00,,,,15.9,
2016-12-15 04:00:00,,,,14.6,
2016-12-15 05:00:00,,,,11.4,
2016-12-15 06:00:00,,,,3.0,
2016-12-15 07:00:00,,,,5.5,
2016-12-15 08:00:00,,,,13.4,
2016-12-15 09:00:00,,,,16.9,
2016-12-15 10:00:00,,,,18.7,
2016-12-15 11:00:00,,,,22.1,
2016-12-15 12:00:00,,,,24.1,
2016-12-15 13:00:00,,,,24.3,
2016-12-15 14:00:00,,,,24.9,
2016-12-15 15:00:00,,,,24.0,
2016-12-15 16:00:00,,,,23.1,
2016-12-15 17:00:00,,,,23.2,
2016-12-15 18:00:00,,,,21.5,
2016-12-15 19:00:00,,,,17.9,
2016-12-15 20:00:00,,,,15.7,
2016-12-15 21:00:00,,,,14.6,
2016-12-15 22:00:00,,,,14.4,
2016-12-15 23:00:00,,,,10.3,
2016-12-16 00:00:00,,,,7.9,
2016-12-16 01:00:00,,,,7.4,
2016-12-16 02:00:00,,,,7.0,
2016-12-16 03:00:00,,,,5.2,
2016-12-16 04:00:00,,,,4.3,
2016-12-16 05:00:00,,,,2.5,
2016-12-16 06:00:00,,,,1.2,
2016-12-16 07:00:00,,,,2.0,
2016-12-16 08:00:00,,,,6.3,
2016-12-16 09:00:00,,,,15.7,
2016-12-16 10:00:00,,,,19.9,
2016-12-16 11:00:00,,,,22.4,
2016-12-16 12:00:00,,,,24.2,
2016-12-16 13:00:00,,,,21.9,
2016-12-16 14:00:00,,,,23.9,
2016-12-16 15:00:00,,,,27.9,
2016-12-16 16:00:00,,,,27.3,
2016-12-16 17:00:00,,,,26.1,
2016-12-16 18:00:00,,,,24.3,
2016-12-16 19:00:00,,,,18.9,
2016-12-16 20:00:00,,,,13.8,
2016-12-16 21:00:00,,,,13.2,
2016-12-16 22:00:00,,,,12.5,
2016-12-16 23:00:00,,,,10.9,
2016-12-17 00:00:00,,,,5.3,
2016-12-17 01:00:00,,,,7.1,
2016-12-17 02:00:00,,,,7.4,
2016-12-17 03:00:00,,,,7.3,
2016-12-17 04:00:00,,,,6.7,
2016-12-17 05:00:00,,,,3.3,
2016-12-17 06:00:00,,,,2.0,
2016-12-17 07:00:00,,,,3.9,
2016-12-17 08:00:00,,,,5.4,
2016-12-17 09:00:00,,,,9.4,
2016-12-17 10:00:00,,,,20.3,
2016-12-17 11:00:00,,,,30.2,
2016-12-17 12:00:00,,,,46.1,
2016-12-17 13:00:00,,,,56.9,
2016-12-17 14:00:00,,,,46.4,
2016-12-17 15:00:00,,,,48.4,
2016-12-17 16:00:00,,,,52.1,
2016-12-17 17:00:00,,,,44.7,
2016-12-17 18:00:00,,,,33.8,
2016-12-17 19:00:00,,,,30.0,
2016-12-17 20:00:00,,,,30.7,
2016-12-17 21:00:00,,,,14.6,
2016-12-17 22:00:00,,,,18.3,
2016-12-17 23:00:00,,,,6.6,
2016-12-18 00:00:00,,,,3.8,
2016-12-18 01:00:00,,,,8.8,
2016-12-18 02:00:00,,,,7.2,
2016-12-18 03:00:00,,,,3.3,
2016-12-18 04:00:00,,,,1.6,
2016-12-18 05:00:00,,,,1.6,
2016-12-18 06:00:00,,,,1.1,
2016-12-18 07:00:00,,,,2.5,
2016-12-18 08:00:00,,,,12.7,
2016-12-18 09:00:00,,,,18.4,
2016-12-18 10:00:00,,,,26.7,
2016-12-18 11:00:00,,,,26.7,
2016-12-18 12:00:00,,,,32.0,
2016-12-18 13:00:00,,,,32.6,
2016-12-18 14:00:00,,,,35.5,
2016-12-18 15:00:00,,,,36.9,
2016-12-18 16:00:00,,,,38.8,
2016-12-18 17:00:00,,,,38.2,
2016-12-18 18:00:00,,,,34.1,
2016-12-18 19:00:00,,,,30.2,
2016-12-18 20:00:00,,,,21.6,
2016-12-18 21:00:00,,,,12.0,
2016-12-18 22:00:00,,,,5.8,
2016-12-18 23:00:00,,,,5.7,
2016-12-19 00:00:00,,,,3.1,
2016-12-19 01:00:00,,,,9.1,
2016-12-19 02:00:00,,,,7.7,
2016-12-19 03:00:00,,,,2.5,
2016-12-19 04:00:00,,,,5.1,
2016-12-19 05:00:00,,,,11.6,
2016-12-19 06:00:00,,,,11.0,
2016-12-19 07:00:00,,,,10.4,
2016-12-19 08:00:00,,,,15.8,
2016-12-19 09:00:00,,,,17.3,
2016-12-19 10:00:00,6.0,,,23.2,
2016-12-19 11:00:00,24.54,,,28.0,
2016-12-19 12:00:00,48.86,,,32.6,
2016-12-19 13:00:00,31.89,,,33.6,
2016-12-19 14:00:00,29.49,,,37.6,
2016-12-19 15:00:00,30.84,,,40.3,
2016-12-19 16:00:00,44.14,,,29.0,
2016-12-19 17:00:00,48.25,,,21.8,
2016-12-19 18:00:00,35.16,,,22.8,
2016-12-19 19:00:00,20.84,,,23.3,
2016-12-19 20:00:00,18.92,,,22.7,
2016-12-19 21:00:00,27.14,,,21.3,
2016-12-19 22:00:00,28.37,,,23.0,
2016-12-19 23:00:00,20.93,,,19.4,
2016-12-20 00:00:00,32.08,,,19.7,
2016-12-20 01:00:00,35.83,,,18.3,
2016-12-20 02:00:00,18.8,,,19.5,
2016-12-20 03:00:00,6.0,,,14.1,
2016-12-20 04:00:00,18.24,,,11.3,
2016-12-20 05:00:00,24.77,,,10.2,
2016-12-20 06:00:00,13.48,,,9.7,
2016-12-20 07:00:00,16.08,,,8.7,
2016-12-20 08:00:00,24.88,,,11.7,
2016-12-20 09:00:00,19.31,,,17.4,
2016-12-20 10:00:00,6.0,,,22.2,
2016-12-20 11:00:00,6.0,,,25.9,
2016-12-20 12:00:00,6.0,,,32.1,
2016-12-20 13:00:00,6.0,,,40.8,
2016-12-20 14:00:00,6.0,,,43.6,
2016-12-20 15:00:00,6.0,,,42.3,
2016-12-20 16:00:00,6.0,,,39.6,
2016-12-20 17:00:00,6.0,,,38.1,
2016-12-20 18:00:00,6.0,,,38.4,
2016-12-20 19:00:00,6.0,,,41.9,
2016-12-20 20:00:00,20.32,,,35.9,
2016-12-20 21:00:00,29.73,,,30.3,
2016-12-20 22:00:00,42.11,,,29.8,
2016-12-20 23:00:00,46.03,,,24.1,
2016-12-21 00:00:00,40.02,,,25.6,
