data,pm10,so2,no2,o3,co
2013-01-01 00:00:00,47.9,0.65,9.4,32.7,
2013-01-01 01:00:00,50.5,0.65,8.5,37.7,
2013-01-01 02:00:00,39.0,0.65,7.2,52.0,
2013-01-01 03:00:00,26.0,0.65,16.0,44.9,
2013-01-01 04:00:00,15.8,0.65,5.4,47.9,
2013-01-01 05:00:00,9.4,0.65,22.1,35.3,
2013-01-01 06:00:00,6.2,0.65,9.0,43.5,
2013-01-01 07:00:00,9.7,0.65,12.7,41.4,
2013-01-01 08:00:00,13.8,0.65,10.4,47.6,
2013-01-01 09:00:00,6.9,0.65,7.2,53.9,
2013-01-01 10:00:00,3.8,0.65,5.6,56.2,
2013-01-01 11:00:00,3.1,0.65,7.3,55.2,
2013-01-01 12:00:00,4.0,0.65,9.1,54.5,
2013-01-01 13:00:00,5.1,0.65,9.7,49.6,
2013-01-01 14:00:00,6.0,0.65,7.7,37.8,
2013-01-01 15:00:00,9.4,0.65,6.9,29.5,
2013-01-01 16:00:00,12.2,0.65,6.4,24.0,
2013-01-01 17:00:00,11.2,0.65,6.6,26.3,
2013-01-01 18:00:00,9.5,0.65,6.9,24.3,
2013-01-01 19:00:00,8.4,0.65,10.2,19.4,
2013-01-01 20:00:00,13.1,0.65,9.8,18.8,
2013-01-01 21:00:00,20.7,0.65,10.7,18.7,
2013-01-01 22:00:00,22.4,0.65,10.8,17.6,
2013-01-01 23:00:00,17.6,0.65,9.5,15.4,
2013-01-02 00:00:00,13.4,0.65,7.8,15.6,
2013-01-02 01:00:00,10.8,0.65,3.6,14.0,
2013-01-02 02:00:00,13.4,0.65,4.1,13.0,
2013-01-02 03:00:00,14.8,0.65,4.4,15.4,
2013-01-02 04:00:00,16.5,0.65,5.0,13.1,
2013-01-02 05:00:00,12.8,0.65,9.6,14.6,
2013-01-02 06:00:00,11.0,0.65,20.9,7.6,
2013-01-02 07:00:00,11.4,0.65,20.4,5.9,
2013-01-02 08:00:00,11.3,0.65,19.9,8.2,
2013-01-02 09:00:00,11.6,0.65,15.4,14.1,
2013-01-02 10:00:00,13.2,0.65,12.7,18.2,
2013-01-02 11:00:00,14.7,0.65,9.6,27.6,
2013-01-02 12:00:00,16.8,0.65,9.7,37.8,
2013-01-02 13:00:00,14.2,0.65,8.2,40.2,
2013-01-02 14:00:00,18.0,0.65,6.8,39.5,
2013-01-02 15:00:00,17.1,0.65,4.8,34.3,
2013-01-02 16:00:00,13.8,0.65,5.2,35.3,
2013-01-02 17:00:00,13.3,0.65,6.3,32.8,
2013-01-02 18:00:00,8.2,0.65,6.3,33.0,
2013-01-02 19:00:00,6.2,0.65,6.7,33.1,
2013-01-02 20:00:00,9.2,0.65,9.8,29.9,
2013-01-02 21:00:00,17.6,0.65,9.8,27.7,
2013-01-02 22:00:00,18.4,0.65,11.5,25.3,
2013-01-02 23:00:00,22.4,0.65,12.9,20.8,
2013-01-03 00:00:00,32.8,0.65,14.1,17.8,
2013-01-03 01:00:00,29.6,0.65,9.2,16.8,
2013-01-03 02:00:00,23.8,0.65,11.8,14.1,
2013-01-03 03:00:00,24.9,0.65,9.5,10.7,
2013-01-03 04:00:00,22.0,0.65,8.9,8.2,
2013-01-03 05:00:00,21.5,0.65,11.2,3.8,
2013-01-03 06:00:00,26.2,0.65,16.9,2.1,
2013-01-03 07:00:00,19.8,0.65,18.5,4.4,
2013-01-03 08:00:00,26.3,0.65,15.4,17.3,
2013-01-03 09:00:00,25.6,0.65,8.6,30.3,
2013-01-03 10:00:00,26.9,0.65,8.8,37.0,
2013-01-03 11:00:00,25.3,0.65,7.3,41.9,
2013-01-03 12:00:00,13.8,0.65,8.7,45.5,
2013-01-03 13:00:00,12.6,0.65,7.4,48.7,
2013-01-03 14:00:00,17.5,0.65,6.9,51.0,
2013-01-03 15:00:00,17.4,0.65,8.1,53.4,
2013-01-03 16:00:00,12.4,0.65,6.6,52.2,
2013-01-03 17:00:00,11.1,0.65,7.3,50.1,
2013-01-03 18:00:00,16.3,0.65,7.1,47.4,
2013-01-03 19:00:00,26.3,0.65,8.9,43.7,
2013-01-03 20:00:00,32.5,0.65,10.2,39.3,
2013-01-03 21:00:00,33.0,0.65,10.8,35.9,
2013-01-03 22:00:00,42.1,0.65,12.0,31.6,
2013-01-03 23:00:00,38.5,0.65,8.6,32.1,
2013-01-04 00:00:00,43.0,0.65,6.7,32.7,
2013-01-04 01:00:00,42.3,0.65,3.5,31.4,
2013-01-04 02:00:00,34.2,0.65,4.8,26.9,
2013-01-04 03:00:00,29.5,0.65,6.5,15.0,
2013-01-04 04:00:00,30.1,0.65,8.3,8.3,
2013-01-04 05:00:00,25.6,0.65,12.2,8.0,
2013-01-04 06:00:00,31.5,0.65,18.2,1.9,
2013-01-04 07:00:00,36.4,0.65,21.5,2.8,
2013-01-04 08:00:00,34.3,0.65,19.4,9.5,
2013-01-04 09:00:00,39.6,0.65,10.0,19.6,
2013-01-04 10:00:00,30.0,0.65,8.8,32.4,
2013-01-04 11:00:00,17.8,0.65,8.1,36.1,
2013-01-04 12:00:00,12.8,0.65,7.8,39.7,
2013-01-04 13:00:00,9.4,0.65,6.1,41.1,
2013-01-04 14:00:00,9.9,0.65,5.8,42.7,
2013-01-04 15:00:00,12.7,0.65,9.3,48.2,
2013-01-04 16:00:00,9.8,0.65,9.2,57.6,
2013-01-04 17:00:00,14.3,0.65,14.1,73.7,
2013-01-04 18:00:00,24.6,0.65,9.7,56.8,
2013-01-04 19:00:00,30.5,0.65,10.6,44.4,
2013-01-04 20:00:00,38.4,0.65,13.6,34.0,
2013-01-04 21:00:00,51.0,0.65,15.1,22.4,
2013-01-04 22:00:00,52.8,0.65,21.6,11.4,
2013-01-04 23:00:00,54.1,0.65,22.8,7.4,
2013-01-05 00:00:00,48.3,0.65,21.4,7.5,
2013-01-05 01:00:00,46.5,0.65,16.3,4.3,
2013-01-05 02:00:00,41.4,0.65,14.4,4.0,
2013-01-05 03:00:00,37.2,0.65,10.9,1.8,
2013-01-05 04:00:00,45.0,0.65,13.4,1.5,
2013-01-05 05:00:00,41.3,0.65,12.0,0.5,
2013-01-05 06:00:00,34.7,0.65,12.6,0.5,
2013-01-05 07:00:00,42.3,0.65,13.3,3.1,
2013-01-05 08:00:00,49.5,0.65,13.3,12.1,
2013-01-05 09:00:00,39.1,0.65,12.2,24.8,
2013-01-05 10:00:00,31.0,0.65,7.3,32.8,
2013-01-05 11:00:00,22.8,0.65,6.5,41.6,
2013-01-05 12:00:00,14.4,0.65,9.5,43.9,
2013-01-05 13:00:00,12.4,0.65,12.5,48.0,
2013-01-05 14:00:00,15.4,0.65,12.3,50.7,
2013-01-05 15:00:00,22.5,0.65,12.9,52.3,
2013-01-05 16:00:00,32.1,0.65,12.7,36.9,
2013-01-05 17:00:00,33.3,0.65,14.6,25.8,
2013-01-05 18:00:00,36.1,0.65,13.3,25.9,
2013-01-05 19:00:00,25.1,0.65,13.8,27.1,
2013-01-05 20:00:00,18.0,0.65,11.7,31.6,
2013-01-05 21:00:00,17.5,0.65,14.2,25.3,
2013-01-05 22:00:00,15.6,0.65,10.0,27.6,
2013-01-05 23:00:00,11.1,0.65,16.1,14.0,
2013-01-06 00:00:00,10.5,0.65,20.8,10.4,
2013-01-06 01:00:00,16.5,0.65,21.7,6.3,
2013-01-06 02:00:00,26.7,0.65,17.3,7.0,
2013-01-06 03:00:00,22.7,0.65,14.6,4.8,
2013-01-06 04:00:00,20.3,0.65,13.1,1.2,
2013-01-06 05:00:00,15.5,0.65,15.9,0.5,
2013-01-06 06:00:00,16.2,0.65,16.9,5.8,
2013-01-06 07:00:00,21.6,0.65,14.8,9.5,
2013-01-06 08:00:00,26.4,0.65,11.1,18.7,
2013-01-06 09:00:00,17.2,0.65,19.4,27.9,
2013-01-06 10:00:00,11.7,0.65,15.4,37.4,
2013-01-06 11:00:00,7.9,0.65,13.5,44.3,
2013-01-06 12:00:00,8.2,0.65,16.2,42.8,
2013-01-06 13:00:00,12.7,0.65,8.9,52.9,
2013-01-06 14:00:00,14.2,0.65,8.2,56.1,
2013-01-06 15:00:00,15.1,0.65,8.7,53.5,
2013-01-06 16:00:00,11.0,0.65,8.8,55.7,
2013-01-06 17:00:00,11.8,0.65,10.1,56.5,
2013-01-06 18:00:00,12.2,0.65,12.1,55.1,
2013-01-06 19:00:00,13.6,0.65,12.3,49.0,
2013-01-06 20:00:00,19.0,0.65,18.2,36.4,
2013-01-06 21:00:00,14.3,0.65,25.5,18.2,
2013-01-06 22:00:00,19.8,0.65,18.5,19.5,
2013-01-06 23:00:00,32.7,0.65,21.0,13.3,
2013-01-07 00:00:00,38.4,0.65,21.2,14.6,
2013-01-07 01:00:00,28.1,0.65,15.7,12.3,
2013-01-07 02:00:00,30.4,0.65,14.4,7.0,
2013-01-07 03:00:00,38.4,0.65,17.0,4.3,
2013-01-07 04:00:00,40.8,0.65,13.4,3.9,
2013-01-07 05:00:00,32.1,0.65,11.4,3.5,
2013-01-07 06:00:00,32.2,0.65,19.7,2.0,
2013-01-07 07:00:00,37.3,1.8,20.1,3.0,
2013-01-07 08:00:00,44.4,1.9,27.4,7.2,
2013-01-07 09:00:00,39.6,0.65,17.7,27.6,
2013-01-07 10:00:00,28.0,0.65,12.1,38.9,
2013-01-07 11:00:00,19.6,0.65,14.6,43.9,
2013-01-07 12:00:00,11.2,0.65,20.5,64.8,
2013-01-07 13:00:00,11.5,0.65,18.6,63.2,
2013-01-07 14:00:00,18.4,0.65,21.7,54.0,
2013-01-07 15:00:00,22.9,4.5,27.7,56.4,
2013-01-07 16:00:00,30.0,4.3,26.0,54.8,
2013-01-07 17:00:00,34.1,2.0,31.0,44.2,
2013-01-07 18:00:00,34.5,0.65,43.8,45.3,
2013-01-07 19:00:00,46.3,1.3,44.9,32.5,
2013-01-07 20:00:00,62.5,0.65,22.2,36.0,
2013-01-07 21:00:00,44.6,0.65,20.1,33.1,
2013-01-07 22:00:00,34.5,0.65,19.4,28.3,
2013-01-07 23:00:00,28.2,0.65,16.4,29.1,
2013-01-08 00:00:00,20.2,0.65,17.4,28.9,
2013-01-08 01:00:00,17.0,0.65,11.7,24.9,
2013-01-08 02:00:00,12.7,0.65,17.8,20.1,
2013-01-08 03:00:00,7.5,0.65,16.9,18.3,
2013-01-08 04:00:00,10.5,0.65,8.8,26.0,
2013-01-08 05:00:00,15.5,0.65,6.9,30.9,
2013-01-08 06:00:00,9.0,0.65,18.5,17.1,
2013-01-08 07:00:00,6.9,0.65,33.4,7.6,
2013-01-08 08:00:00,9.1,0.65,37.5,11.5,
2013-01-08 09:00:00,10.5,0.65,27.8,26.3,
2013-01-08 10:00:00,11.9,0.65,17.2,33.6,
2013-01-08 11:00:00,14.4,0.65,15.1,31.7,
2013-01-08 12:00:00,11.4,0.65,10.0,44.0,
2013-01-08 13:00:00,6.6,0.65,11.9,41.0,
2013-01-08 14:00:00,4.5,0.65,9.8,46.9,
2013-01-08 15:00:00,,0.65,10.8,48.5,
2013-01-08 16:00:00,,0.65,11.9,44.8,
2013-01-08 17:00:00,,0.65,8.7,47.1,
2013-01-08 18:00:00,,0.65,12.8,43.8,
2013-01-08 19:00:00,0.3,0.65,12.0,44.4,
2013-01-08 20:00:00,2.1,0.65,14.0,36.9,
2013-01-08 21:00:00,6.7,0.65,17.2,31.7,
2013-01-08 22:00:00,17.7,1.3,26.3,15.0,
2013-01-08 23:00:00,29.9,2.2,22.9,8.3,
2013-01-09 00:00:00,40.4,3.0,26.2,6.6,
2013-01-09 01:00:00,45.6,4.8,16.4,6.0,
2013-01-09 02:00:00,62.2,4.3,17.5,3.6,
2013-01-09 03:00:00,55.8,3.5,15.0,3.0,
2013-01-09 04:00:00,41.5,0.65,13.6,4.2,
2013-01-09 05:00:00,30.8,0.65,12.4,6.0,
2013-01-09 06:00:00,36.2,0.65,20.3,2.6,
2013-01-09 07:00:00,38.1,0.65,30.2,2.7,
2013-01-09 08:00:00,39.3,0.65,37.4,9.3,
2013-01-09 09:00:00,35.1,0.65,18.2,32.0,
2013-01-09 10:00:00,30.9,0.65,9.5,47.2,
2013-01-09 11:00:00,16.8,0.65,7.7,48.1,
2013-01-09 12:00:00,10.6,0.65,5.2,50.3,
2013-01-09 13:00:00,6.5,0.65,5.6,49.6,
2013-01-09 14:00:00,4.9,0.65,5.8,48.2,
2013-01-09 15:00:00,3.3,0.65,5.9,46.6,
2013-01-09 16:00:00,2.5,0.65,5.3,47.9,
2013-01-09 17:00:00,3.3,0.65,6.1,45.2,
2013-01-09 18:00:00,4.3,0.65,6.8,44.9,
2013-01-09 19:00:00,10.9,0.65,6.6,42.4,
2013-01-09 20:00:00,23.9,0.65,9.0,38.8,
2013-01-09 21:00:00,34.6,0.65,8.7,38.2,
2013-01-09 22:00:00,27.5,0.65,11.4,33.6,
2013-01-09 23:00:00,37.8,0.65,9.5,31.8,
2013-01-10 00:00:00,28.3,0.65,8.8,29.0,
2013-01-10 01:00:00,29.2,0.65,5.8,27.8,
2013-01-10 02:00:00,26.7,0.65,5.7,27.1,
2013-01-10 03:00:00,18.1,0.65,5.6,20.0,
2013-01-10 04:00:00,22.9,0.65,7.9,12.4,
2013-01-10 05:00:00,24.1,0.65,9.8,6.5,
2013-01-10 06:00:00,25.4,0.65,18.0,2.1,
2013-01-10 07:00:00,29.7,0.65,20.6,4.9,
2013-01-10 08:00:00,30.4,0.65,19.9,16.1,
2013-01-10 09:00:00,26.8,0.65,15.3,28.0,
2013-01-10 10:00:00,29.7,0.65,8.0,36.3,
2013-01-10 11:00:00,27.5,0.65,6.4,40.4,
2013-01-10 12:00:00,16.9,0.65,6.9,46.8,
2013-01-10 13:00:00,16.6,0.65,7.5,44.1,
2013-01-10 14:00:00,16.1,0.65,6.5,38.1,
2013-01-10 15:00:00,20.2,0.65,5.4,34.8,
2013-01-10 16:00:00,21.6,0.65,4.9,35.4,
2013-01-10 17:00:00,26.3,0.65,4.1,31.3,
2013-01-10 18:00:00,28.6,0.65,5.0,28.4,
2013-01-10 19:00:00,27.6,0.65,6.7,26.1,
2013-01-10 20:00:00,24.5,0.65,7.6,24.4,
2013-01-10 21:00:00,36.6,0.65,12.2,21.0,
2013-01-10 22:00:00,36.9,0.65,17.5,14.9,
2013-01-10 23:00:00,48.1,0.65,17.8,9.6,
2013-01-11 00:00:00,56.6,1.3,13.0,8.1,
2013-01-11 01:00:00,47.3,0.65,12.1,4.2,
2013-01-11 02:00:00,45.4,0.65,12.9,4.2,
2013-01-11 03:00:00,43.3,0.65,9.6,3.9,
2013-01-11 04:00:00,33.6,0.65,7.4,2.8,
2013-01-11 05:00:00,22.4,0.65,10.6,2.4,
2013-01-11 06:00:00,36.3,0.65,14.5,0.5,
2013-01-11 07:00:00,38.8,0.65,14.1,1.8,
2013-01-11 08:00:00,44.5,0.65,16.1,13.3,
2013-01-11 09:00:00,38.6,0.65,15.0,25.0,
2013-01-11 10:00:00,32.0,0.65,6.2,31.1,
2013-01-11 11:00:00,23.3,0.65,5.1,31.8,
2013-01-11 12:00:00,15.6,0.65,6.1,33.7,
2013-01-11 13:00:00,18.2,0.65,4.8,32.1,
2013-01-11 14:00:00,20.9,0.65,3.9,31.5,
2013-01-11 15:00:00,22.1,0.65,4.6,31.6,
2013-01-11 16:00:00,18.7,0.65,4.1,32.8,
2013-01-11 17:00:00,21.8,0.65,6.0,29.6,
2013-01-11 18:00:00,26.5,0.65,5.7,31.0,
2013-01-11 19:00:00,32.7,0.65,7.2,30.1,
2013-01-11 20:00:00,36.9,0.65,8.8,23.8,
2013-01-11 21:00:00,37.8,0.65,13.1,20.1,
2013-01-11 22:00:00,43.3,0.65,19.7,11.2,
2013-01-11 23:00:00,56.2,0.65,18.1,8.4,
2013-01-12 00:00:00,45.0,0.65,15.3,7.6,
2013-01-12 01:00:00,43.1,0.65,9.0,8.2,
2013-01-12 02:00:00,37.2,0.65,9.8,4.6,
2013-01-12 03:00:00,49.0,0.65,11.0,2.6,
2013-01-12 04:00:00,47.3,0.65,10.4,2.0,
2013-01-12 05:00:00,30.6,0.65,11.6,1.5,
2013-01-12 06:00:00,29.4,0.65,12.2,0.5,
2013-01-12 07:00:00,40.7,0.65,19.5,1.1,
2013-01-12 08:00:00,53.0,1.5,23.5,6.2,
2013-01-12 09:00:00,46.6,1.6,22.8,25.3,
2013-01-12 10:00:00,42.9,1.4,8.9,32.9,
2013-01-12 11:00:00,27.9,0.65,6.9,34.9,
2013-01-12 12:00:00,25.8,0.65,5.8,39.8,
2013-01-12 13:00:00,20.4,0.65,6.7,47.8,
2013-01-12 14:00:00,17.9,0.65,7.6,54.1,
2013-01-12 15:00:00,25.7,0.65,8.3,55.8,
2013-01-12 16:00:00,20.8,0.65,6.7,57.7,
2013-01-12 17:00:00,20.5,0.65,6.0,50.6,
2013-01-12 18:00:00,21.2,0.65,4.9,44.3,
2013-01-12 19:00:00,33.4,0.65,5.9,39.1,
2013-01-12 20:00:00,37.5,0.65,6.0,32.7,
2013-01-12 21:00:00,51.9,0.65,12.7,24.6,
2013-01-12 22:00:00,59.6,0.65,13.6,19.9,
2013-01-12 23:00:00,68.1,0.65,11.0,19.6,
2013-01-13 00:00:00,58.7,0.65,8.6,16.8,
2013-01-13 01:00:00,47.5,0.65,10.7,12.8,
2013-01-13 02:00:00,45.8,0.65,12.2,7.8,
2013-01-13 03:00:00,38.8,0.65,11.8,3.9,
2013-01-13 04:00:00,44.2,0.65,10.7,3.1,
2013-01-13 05:00:00,34.4,0.65,9.1,3.1,
2013-01-13 06:00:00,37.9,0.65,9.8,4.1,
2013-01-13 07:00:00,30.4,0.65,7.8,5.2,
2013-01-13 08:00:00,22.4,0.65,8.0,13.3,
2013-01-13 09:00:00,18.6,0.65,4.9,25.5,
2013-01-13 10:00:00,15.6,0.65,5.6,34.5,
2013-01-13 11:00:00,10.0,0.65,7.7,45.9,
2013-01-13 12:00:00,13.6,0.65,9.0,59.6,
2013-01-13 13:00:00,23.8,0.65,5.4,48.6,
2013-01-13 14:00:00,25.0,0.65,3.4,47.9,
2013-01-13 15:00:00,24.1,0.65,3.3,58.3,
2013-01-13 16:00:00,32.2,0.65,4.9,45.1,
2013-01-13 17:00:00,40.3,0.65,3.1,44.3,
2013-01-13 18:00:00,39.4,0.65,3.0,44.5,
2013-01-13 19:00:00,52.3,0.65,3.2,38.1,
2013-01-13 20:00:00,53.4,0.65,5.5,31.4,
2013-01-13 21:00:00,51.2,0.65,7.2,24.5,
2013-01-13 22:00:00,47.1,0.65,7.4,21.3,
2013-01-13 23:00:00,47.6,0.65,7.4,19.2,
2013-01-14 00:00:00,37.4,0.65,6.5,18.9,
2013-01-14 01:00:00,32.9,0.65,5.3,15.5,
2013-01-14 02:00:00,26.6,0.65,6.3,10.9,
2013-01-14 03:00:00,17.6,0.65,8.4,8.2,
2013-01-14 04:00:00,24.5,0.65,10.4,7.3,
2013-01-14 05:00:00,24.7,0.65,13.1,2.6,
2013-01-14 06:00:00,17.1,0.65,15.2,2.3,
2013-01-14 07:00:00,26.3,0.65,17.3,2.6,
2013-01-14 08:00:00,36.2,0.65,22.6,4.6,
2013-01-14 09:00:00,37.4,1.5,29.4,21.1,
2013-01-14 10:00:00,41.0,0.65,15.9,35.0,
2013-01-14 11:00:00,41.7,0.65,10.4,49.5,
2013-01-14 12:00:00,32.6,0.65,7.9,46.0,
2013-01-14 13:00:00,17.6,0.65,7.5,54.3,
2013-01-14 14:00:00,18.1,1.3,7.5,68.9,
2013-01-14 15:00:00,36.8,0.65,5.0,54.1,
2013-01-14 16:00:00,36.0,0.65,4.6,46.4,
2013-01-14 17:00:00,23.3,0.65,5.9,46.9,
2013-01-14 18:00:00,30.1,0.65,6.0,45.8,
2013-01-14 19:00:00,36.5,0.65,5.6,37.7,
2013-01-14 20:00:00,46.4,0.65,7.4,27.7,
2013-01-14 21:00:00,51.9,0.65,8.3,23.6,
2013-01-14 22:00:00,43.3,0.65,9.4,18.4,
2013-01-14 23:00:00,36.6,0.65,7.7,18.3,
2013-01-15 00:00:00,39.2,0.65,11.2,16.3,
2013-01-15 01:00:00,39.8,0.65,7.1,15.1,
2013-01-15 02:00:00,35.4,0.65,6.3,14.0,
2013-01-15 03:00:00,32.0,0.65,6.9,8.3,
2013-01-15 04:00:00,20.2,0.65,6.9,7.3,
2013-01-15 05:00:00,15.3,0.65,9.8,5.4,
2013-01-15 06:00:00,23.7,0.65,15.8,2.3,
2013-01-15 07:00:00,26.3,0.65,14.3,4.8,
2013-01-15 08:00:00,36.3,0.65,12.8,10.8,
2013-01-15 09:00:00,40.2,0.65,9.3,21.9,
2013-01-15 10:00:00,30.5,0.65,8.0,30.8,
2013-01-15 11:00:00,18.1,0.65,5.4,36.0,
2013-01-15 12:00:00,14.5,0.65,5.5,36.8,
2013-01-15 13:00:00,13.1,0.65,5.8,38.3,
2013-01-15 14:00:00,19.6,0.65,6.4,37.6,
2013-01-15 15:00:00,14.4,0.65,4.0,35.9,
2013-01-15 16:00:00,15.8,0.65,5.8,33.6,
2013-01-15 17:00:00,19.9,0.65,6.7,29.2,
2013-01-15 18:00:00,28.1,0.65,6.9,30.4,
2013-01-15 19:00:00,32.4,0.65,5.1,28.2,
2013-01-15 20:00:00,31.6,0.65,9.1,23.0,
2013-01-15 21:00:00,40.8,0.65,9.8,22.2,
2013-01-15 22:00:00,40.4,0.65,8.3,22.4,
2013-01-15 23:00:00,43.7,0.65,9.0,21.3,
2013-01-16 00:00:00,35.7,0.65,8.4,18.3,
2013-01-16 01:00:00,37.7,0.65,6.2,13.9,
2013-01-16 02:00:00,32.5,0.65,7.9,10.9,
2013-01-16 03:00:00,33.6,0.65,8.3,8.2,
2013-01-16 04:00:00,32.8,0.65,10.4,4.8,
2013-01-16 05:00:00,22.3,0.65,12.1,3.9,
2013-01-16 06:00:00,23.3,0.65,16.7,1.1,
2013-01-16 07:00:00,24.0,0.65,14.9,6.4,
2013-01-16 08:00:00,36.7,0.65,10.9,14.5,
2013-01-16 09:00:00,32.7,0.65,11.6,23.7,
2013-01-16 10:00:00,27.4,0.65,8.7,34.0,
2013-01-16 11:00:00,16.3,0.65,7.8,42.6,
2013-01-16 12:00:00,13.0,0.65,6.2,47.2,
2013-01-16 13:00:00,13.2,0.65,6.2,51.6,
2013-01-16 14:00:00,14.6,0.65,6.8,51.9,
2013-01-16 15:00:00,7.7,0.65,6.1,50.7,
2013-01-16 16:00:00,4.7,0.65,5.6,50.0,
2013-01-16 17:00:00,7.7,0.65,7.7,45.4,
2013-01-16 18:00:00,15.1,0.65,7.4,44.8,
2013-01-16 19:00:00,21.9,0.65,8.5,44.9,
2013-01-16 20:00:00,37.1,0.65,11.6,42.9,
2013-01-16 21:00:00,49.8,0.65,12.5,36.9,
2013-01-16 22:00:00,50.0,0.65,11.0,32.7,
2013-01-16 23:00:00,52.3,0.65,9.2,30.5,
2013-01-17 00:00:00,51.8,0.65,7.7,27.4,
2013-01-17 01:00:00,38.1,0.65,9.8,21.7,
2013-01-17 02:00:00,30.6,0.65,11.6,15.4,
2013-01-17 03:00:00,34.3,0.65,11.2,10.0,
2013-01-17 04:00:00,27.6,0.65,8.7,7.4,
2013-01-17 05:00:00,18.9,0.65,14.1,4.0,
2013-01-17 06:00:00,26.3,0.65,16.7,1.0,
2013-01-17 07:00:00,32.4,1.7,25.0,1.9,
2013-01-17 08:00:00,57.1,2.2,53.1,9.7,
2013-01-17 09:00:00,55.4,2.9,51.1,9.2,
2013-01-17 10:00:00,35.2,5.4,26.2,35.2,
2013-01-17 11:00:00,31.0,4.8,25.2,57.2,
2013-01-17 12:00:00,32.5,3.0,23.4,85.6,
2013-01-17 13:00:00,32.5,1.5,13.4,83.0,
2013-01-17 14:00:00,32.8,0.65,10.9,66.9,
2013-01-17 15:00:00,25.7,0.65,8.1,54.6,
2013-01-17 16:00:00,16.4,0.65,6.2,50.2,
2013-01-17 17:00:00,11.6,0.65,8.2,43.6,
2013-01-17 18:00:00,13.5,0.65,7.5,42.2,
2013-01-17 19:00:00,20.2,0.65,8.0,38.8,
2013-01-17 20:00:00,39.2,0.65,9.2,32.5,
2013-01-17 21:00:00,35.7,0.65,9.3,29.5,
2013-01-17 22:00:00,33.7,0.65,7.2,29.5,
2013-01-17 23:00:00,30.5,0.65,6.7,27.6,
2013-01-18 00:00:00,23.9,0.65,5.0,29.8,
2013-01-18 01:00:00,15.8,0.65,3.7,28.1,
2013-01-18 02:00:00,20.1,0.65,3.9,27.1,
2013-01-18 03:00:00,19.4,0.65,4.4,26.1,
2013-01-18 04:00:00,13.9,0.65,4.5,24.2,
2013-01-18 05:00:00,10.8,0.65,5.6,22.5,
2013-01-18 06:00:00,13.7,0.65,11.1,19.5,
2013-01-18 07:00:00,15.9,0.65,14.1,19.1,
2013-01-18 08:00:00,20.4,0.65,17.4,18.5,
2013-01-18 09:00:00,,0.65,10.6,24.9,
2013-01-18 10:00:00,6.9,0.65,6.2,30.6,
2013-01-18 11:00:00,13.3,0.65,6.7,34.9,
2013-01-18 12:00:00,10.9,0.65,7.5,34.5,
2013-01-18 13:00:00,6.5,0.65,7.0,34.9,
2013-01-18 14:00:00,12.2,0.65,5.5,35.6,
2013-01-18 15:00:00,16.8,0.65,8.0,36.0,
2013-01-18 16:00:00,9.3,0.65,6.4,32.2,
2013-01-18 17:00:00,5.4,0.65,8.1,28.1,
2013-01-18 18:00:00,5.2,0.65,11.5,25.4,
2013-01-18 19:00:00,6.2,0.65,7.8,23.2,
2013-01-18 20:00:00,15.7,0.65,11.1,21.1,
2013-01-18 21:00:00,21.8,0.65,12.9,16.2,
2013-01-18 22:00:00,23.0,0.65,16.5,10.1,
2013-01-18 23:00:00,29.6,0.65,21.5,5.8,
2013-01-19 00:00:00,35.4,0.65,18.2,7.2,
2013-01-19 01:00:00,34.0,1.3,11.4,5.8,
2013-01-19 02:00:00,23.4,1.5,13.7,1.7,
2013-01-19 03:00:00,27.9,1.3,12.5,0.5,
2013-01-19 04:00:00,27.2,0.65,13.8,0.5,
2013-01-19 05:00:00,26.5,0.65,20.1,0.5,
2013-01-19 06:00:00,35.5,0.65,18.0,0.5,
2013-01-19 07:00:00,40.3,0.65,18.5,1.3,
2013-01-19 08:00:00,42.7,2.1,23.0,5.6,
2013-01-19 09:00:00,41.2,8.9,24.0,19.6,
2013-01-19 10:00:00,36.4,6.4,14.4,22.6,
2013-01-19 11:00:00,25.1,3.4,10.1,22.6,
2013-01-19 12:00:00,19.2,1.9,11.4,25.7,
2013-01-19 13:00:00,15.2,0.65,10.0,31.2,
2013-01-19 14:00:00,13.7,0.65,8.3,31.2,
2013-01-19 15:00:00,12.4,0.65,7.1,29.1,
2013-01-19 16:00:00,7.9,0.65,7.1,30.2,
2013-01-19 17:00:00,5.0,0.65,6.5,31.5,
2013-01-19 18:00:00,5.0,0.65,6.2,30.2,
2013-01-19 19:00:00,6.2,0.65,8.3,27.0,
2013-01-19 20:00:00,7.6,0.65,12.5,20.9,
2013-01-19 21:00:00,19.4,0.65,14.1,18.2,
2013-01-19 22:00:00,34.1,0.65,8.9,19.6,
2013-01-19 23:00:00,29.4,0.65,4.4,22.0,
2013-01-20 00:00:00,21.9,0.65,4.8,21.8,
2013-01-20 01:00:00,22.7,0.65,3.5,21.0,
2013-01-20 02:00:00,17.5,0.65,4.5,17.6,
2013-01-20 03:00:00,13.5,0.65,4.2,12.3,
2013-01-20 04:00:00,11.0,0.65,3.5,16.2,
2013-01-20 05:00:00,13.2,0.65,4.0,15.6,
2013-01-20 06:00:00,14.8,0.65,4.9,17.1,
2013-01-20 07:00:00,14.7,0.65,6.9,18.1,
2013-01-20 08:00:00,17.8,0.65,4.7,22.2,
2013-01-20 09:00:00,15.1,0.65,2.9,29.3,
2013-01-20 10:00:00,9.0,0.65,3.6,30.6,
2013-01-20 11:00:00,7.3,0.65,3.5,31.7,
2013-01-20 12:00:00,10.8,0.65,3.9,32.2,
2013-01-20 13:00:00,17.2,0.65,3.5,31.3,
2013-01-20 14:00:00,17.3,0.65,2.7,31.8,
2013-01-20 15:00:00,11.8,0.65,3.0,30.8,
2013-01-20 16:00:00,12.5,0.65,2.7,28.7,
2013-01-20 17:00:00,11.7,0.65,3.1,26.8,
2013-01-20 18:00:00,14.6,0.65,3.4,27.5,
2013-01-20 19:00:00,15.9,0.65,3.7,27.6,
2013-01-20 20:00:00,15.7,0.65,4.9,26.3,
2013-01-20 21:00:00,20.0,0.65,7.9,22.2,
2013-01-20 22:00:00,21.8,0.65,7.5,21.0,
2013-01-20 23:00:00,20.6,0.65,5.3,23.0,
2013-01-21 00:00:00,19.8,0.65,5.4,20.9,
2013-01-21 01:00:00,16.0,0.65,4.5,20.8,
2013-01-21 02:00:00,20.1,0.65,4.0,21.4,
2013-01-21 03:00:00,19.6,0.65,4.0,19.0,
2013-01-21 04:00:00,18.5,0.65,5.8,13.4,
2013-01-21 05:00:00,16.8,0.65,10.8,7.8,
2013-01-21 06:00:00,13.7,0.65,17.0,4.5,
2013-01-21 07:00:00,23.1,1.8,21.9,2.5,
2013-01-21 08:00:00,33.8,1.8,14.9,12.5,
2013-01-21 09:00:00,25.7,0.65,6.7,22.2,
2013-01-21 10:00:00,14.7,0.65,4.8,28.7,
2013-01-21 11:00:00,14.6,0.65,6.6,33.7,
2013-01-21 12:00:00,13.3,0.65,5.5,36.2,
2013-01-21 13:00:00,15.0,0.65,5.7,36.9,
2013-01-21 14:00:00,14.4,0.65,6.6,36.9,
2013-01-21 15:00:00,15.0,0.65,4.9,36.0,
2013-01-21 16:00:00,15.9,0.65,4.3,35.3,
2013-01-21 17:00:00,23.8,0.65,4.7,33.6,
2013-01-21 18:00:00,24.8,0.65,5.5,36.1,
2013-01-21 19:00:00,27.8,0.65,5.0,30.1,
2013-01-21 20:00:00,34.1,0.65,6.4,23.9,
2013-01-21 21:00:00,33.9,0.65,5.4,22.7,
2013-01-21 22:00:00,37.8,0.65,4.6,21.8,
2013-01-21 23:00:00,36.6,0.65,5.5,20.3,
2013-01-22 00:00:00,28.3,0.65,5.5,19.4,
2013-01-22 01:00:00,26.0,0.65,5.7,18.1,
2013-01-22 02:00:00,25.7,0.65,6.7,16.5,
2013-01-22 03:00:00,27.2,0.65,9.3,12.2,
2013-01-22 04:00:00,22.4,0.65,7.4,9.3,
2013-01-22 05:00:00,19.1,0.65,9.4,6.8,
2013-01-22 06:00:00,25.1,0.65,14.2,5.0,
2013-01-22 07:00:00,26.6,1.9,16.7,4.1,
2013-01-22 08:00:00,24.9,1.7,13.6,11.5,
2013-01-22 09:00:00,23.5,1.3,13.9,13.8,
2013-01-22 10:00:00,16.3,0.65,6.1,22.5,
2013-01-22 11:00:00,14.1,0.65,7.5,27.8,
2013-01-22 12:00:00,15.7,0.65,4.6,29.3,
2013-01-22 13:00:00,11.8,0.65,5.0,30.8,
2013-01-22 14:00:00,8.1,0.65,7.4,34.4,
2013-01-22 15:00:00,6.3,0.65,6.8,40.2,
2013-01-22 16:00:00,14.4,0.65,4.9,40.3,
2013-01-22 17:00:00,15.6,0.65,8.0,35.0,
2013-01-22 18:00:00,31.5,0.65,8.6,37.8,
2013-01-22 19:00:00,37.5,0.65,7.5,27.3,
2013-01-22 20:00:00,40.6,0.65,9.2,22.4,
2013-01-22 21:00:00,49.0,0.65,13.9,19.0,
2013-01-22 22:00:00,44.3,0.65,16.6,11.3,
2013-01-22 23:00:00,54.3,1.3,15.1,11.0,
2013-01-23 00:00:00,54.3,0.65,11.5,13.4,
2013-01-23 01:00:00,52.2,1.3,13.1,9.8,
2013-01-23 02:00:00,44.0,2.2,15.8,5.4,
2013-01-23 03:00:00,30.8,1.6,9.8,6.8,
2013-01-23 04:00:00,42.2,0.65,10.2,4.5,
2013-01-23 05:00:00,23.5,0.65,8.4,4.0,
2013-01-23 06:00:00,34.1,0.65,15.5,0.5,
2013-01-23 07:00:00,35.5,2.7,22.2,1.7,
2013-01-23 08:00:00,68.7,1.9,16.9,7.5,
2013-01-23 09:00:00,53.1,1.8,20.2,15.3,
2013-01-23 10:00:00,40.7,1.5,17.5,37.0,
2013-01-23 11:00:00,43.4,0.65,20.7,65.4,
2013-01-23 12:00:00,31.9,0.65,19.9,92.0,
2013-01-23 13:00:00,37.4,3.1,18.8,60.5,
2013-01-23 14:00:00,25.9,1.5,12.6,77.3,
2013-01-23 15:00:00,35.0,0.65,12.9,103.6,
2013-01-23 16:00:00,21.7,1.5,10.3,56.3,
2013-01-23 17:00:00,11.8,0.65,12.0,62.1,
2013-01-23 18:00:00,15.9,0.65,13.8,84.4,
2013-01-23 19:00:00,9.8,0.65,16.0,60.0,
2013-01-23 20:00:00,52.4,0.65,23.2,39.2,
2013-01-23 21:00:00,76.1,0.65,33.9,20.7,
2013-01-23 22:00:00,107.8,0.65,21.5,19.0,
2013-01-23 23:00:00,96.4,0.65,25.3,12.7,
2013-01-24 00:00:00,82.9,0.65,26.3,5.2,
2013-01-24 01:00:00,91.7,0.65,20.1,5.1,
2013-01-24 02:00:00,88.6,0.65,19.4,3.9,
2013-01-24 03:00:00,86.4,0.65,15.9,1.4,
2013-01-24 04:00:00,63.5,0.65,17.3,1.7,
2013-01-24 05:00:00,73.0,0.65,19.0,1.7,
2013-01-24 06:00:00,63.8,0.65,23.3,1.2,
2013-01-24 07:00:00,67.8,2.1,32.8,3.9,
2013-01-24 08:00:00,59.0,1.3,25.6,16.6,
2013-01-24 09:00:00,53.8,0.65,14.9,33.9,
2013-01-24 10:00:00,,0.65,14.9,47.8,
2013-01-24 11:00:00,,0.65,13.3,56.1,
2013-01-24 12:00:00,,1.8,17.2,61.5,
2013-01-24 13:00:00,,5.7,16.8,55.4,
2013-01-24 14:00:00,,8.2,15.3,58.0,
2013-01-24 15:00:00,,4.8,10.5,61.0,
2013-01-24 16:00:00,,1.9,24.4,57.0,
2013-01-24 17:00:00,,3.1,39.7,48.4,
2013-01-24 18:00:00,,1.4,39.9,44.4,
2013-01-24 19:00:00,,0.65,27.5,36.4,
2013-01-24 20:00:00,,0.65,20.4,32.4,
2013-01-24 21:00:00,,0.65,22.8,22.4,
2013-01-24 22:00:00,,0.65,26.1,14.1,
2013-01-24 23:00:00,,0.65,24.5,8.8,
2013-01-25 00:00:00,,0.65,21.7,9.8,
2013-01-25 01:00:00,,0.65,26.3,5.2,
2013-01-25 02:00:00,,0.65,21.4,8.2,
2013-01-25 03:00:00,,0.65,25.9,3.7,
2013-01-25 04:00:00,,0.65,22.6,4.2,
2013-01-25 05:00:00,,0.65,22.9,5.1,
2013-01-25 06:00:00,,0.65,26.8,3.0,
2013-01-25 07:00:00,,0.65,24.7,8.0,
2013-01-25 08:00:00,,0.65,27.6,16.1,
2013-01-25 09:00:00,,0.65,27.0,17.2,
2013-01-25 10:00:00,,0.65,19.5,27.7,
2013-01-25 11:00:00,,0.65,12.5,43.2,
2013-01-25 12:00:00,,0.65,14.1,53.2,
2013-01-25 13:00:00,4.5,0.65,22.7,57.9,
2013-01-25 14:00:00,16.8,0.65,15.3,64.9,
2013-01-25 15:00:00,13.9,0.65,11.5,66.9,
2013-01-25 16:00:00,11.1,0.65,12.7,67.0,
2013-01-25 17:00:00,18.5,0.65,16.7,57.5,
2013-01-25 18:00:00,25.0,0.65,10.7,49.9,
2013-01-25 19:00:00,25.1,0.65,14.0,26.9,
2013-01-25 20:00:00,27.3,0.65,11.1,24.6,
2013-01-25 21:00:00,25.8,0.65,10.8,25.5,
2013-01-25 22:00:00,24.4,0.65,12.9,23.3,
2013-01-25 23:00:00,18.0,0.65,10.4,22.9,
2013-01-26 00:00:00,29.2,0.65,7.1,27.1,
2013-01-26 01:00:00,30.2,0.65,5.4,29.8,
2013-01-26 02:00:00,17.9,0.65,4.5,30.2,
2013-01-26 03:00:00,14.9,0.65,4.0,29.9,
2013-01-26 04:00:00,14.0,0.65,4.1,27.2,
2013-01-26 05:00:00,12.4,0.65,6.1,23.4,
2013-01-26 06:00:00,10.0,0.65,11.6,16.8,
2013-01-26 07:00:00,13.9,0.65,26.2,5.5,
2013-01-26 08:00:00,18.6,0.65,21.0,13.3,
2013-01-26 09:00:00,27.7,0.65,8.9,25.6,
2013-01-26 10:00:00,30.5,0.65,8.7,27.7,
2013-01-26 11:00:00,26.6,0.65,12.1,32.2,
2013-01-26 12:00:00,30.3,0.65,8.5,36.3,
2013-01-26 13:00:00,29.4,0.65,6.9,45.4,
2013-01-26 14:00:00,16.5,0.65,6.8,54.1,
2013-01-26 15:00:00,15.0,1.7,10.4,50.3,
2013-01-26 16:00:00,22.6,0.65,6.1,49.1,
2013-01-26 17:00:00,15.9,0.65,9.4,51.3,
2013-01-26 18:00:00,13.7,0.65,8.5,41.0,
2013-01-26 19:00:00,20.6,0.65,9.9,32.6,
2013-01-26 20:00:00,33.2,0.65,11.3,29.5,
2013-01-26 21:00:00,40.4,0.65,20.1,21.8,
2013-01-26 22:00:00,60.0,0.65,18.2,16.5,
2013-01-26 23:00:00,75.5,0.65,17.7,12.8,
2013-01-27 00:00:00,75.6,0.65,14.5,10.9,
2013-01-27 01:00:00,61.4,0.65,11.6,10.4,
2013-01-27 02:00:00,50.3,0.65,10.9,8.8,
2013-01-27 03:00:00,54.9,0.65,9.2,7.2,
2013-01-27 04:00:00,40.8,0.65,7.5,5.5,
2013-01-27 05:00:00,29.5,0.65,8.2,4.8,
2013-01-27 06:00:00,18.8,0.65,10.8,1.7,
2013-01-27 07:00:00,24.1,0.65,11.9,2.8,
2013-01-27 08:00:00,29.7,0.65,29.3,10.2,
2013-01-27 09:00:00,24.9,0.65,31.9,24.7,
2013-01-27 10:00:00,20.8,0.65,10.1,39.2,
2013-01-27 11:00:00,14.6,0.65,8.6,46.6,
2013-01-27 12:00:00,15.2,0.65,7.8,47.9,
2013-01-27 13:00:00,11.0,0.65,6.6,49.8,
2013-01-27 14:00:00,12.7,0.65,7.3,47.0,
2013-01-27 15:00:00,23.4,0.65,5.0,45.5,
2013-01-27 16:00:00,17.0,0.65,5.1,44.8,
2013-01-27 17:00:00,17.0,0.65,4.6,44.2,
2013-01-27 18:00:00,18.3,0.65,3.5,35.7,
2013-01-27 19:00:00,31.5,0.65,4.7,39.7,
2013-01-27 20:00:00,44.5,0.65,6.7,36.7,
2013-01-27 21:00:00,54.0,0.65,10.4,32.7,
2013-01-27 22:00:00,50.3,0.65,11.7,31.8,
2013-01-27 23:00:00,37.9,0.65,11.5,30.9,
2013-01-28 00:00:00,36.2,0.65,10.8,24.4,
2013-01-28 01:00:00,43.1,0.65,7.0,23.8,
2013-01-28 02:00:00,38.4,0.65,9.1,19.4,
2013-01-28 03:00:00,30.5,0.65,12.0,11.8,
2013-01-28 04:00:00,30.3,0.65,10.7,6.4,
2013-01-28 05:00:00,31.4,0.65,13.5,4.8,
2013-01-28 06:00:00,29.3,0.65,17.3,1.5,
2013-01-28 07:00:00,35.2,1.8,21.6,1.4,
2013-01-28 08:00:00,35.7,1.7,18.8,9.0,
2013-01-28 09:00:00,38.3,1.5,17.6,24.5,
2013-01-28 10:00:00,34.8,1.3,17.4,49.6,
2013-01-28 11:00:00,39.4,1.3,13.7,53.5,
2013-01-28 12:00:00,35.6,0.65,10.6,62.0,
2013-01-28 13:00:00,30.5,0.65,8.2,57.5,
2013-01-28 14:00:00,34.1,0.65,10.4,55.7,
2013-01-28 15:00:00,30.8,0.65,8.1,59.2,
2013-01-28 16:00:00,29.9,0.65,6.7,58.5,
2013-01-28 17:00:00,30.5,0.65,7.0,49.8,
2013-01-28 18:00:00,36.8,0.65,6.7,49.7,
2013-01-28 19:00:00,36.1,0.65,7.5,45.1,
2013-01-28 20:00:00,51.9,0.65,7.8,35.5,
2013-01-28 21:00:00,48.9,0.65,9.8,26.8,
2013-01-28 22:00:00,51.0,0.65,10.7,22.1,
2013-01-28 23:00:00,38.2,0.65,9.4,20.8,
2013-01-29 00:00:00,39.1,0.65,9.1,19.7,
2013-01-29 01:00:00,38.8,0.65,8.9,14.4,
2013-01-29 02:00:00,35.2,0.65,9.6,11.0,
2013-01-29 03:00:00,20.3,0.65,10.0,9.0,
2013-01-29 04:00:00,19.8,0.65,11.1,6.9,
2013-01-29 05:00:00,35.7,0.65,12.3,2.4,
2013-01-29 06:00:00,30.0,0.65,17.6,0.5,
2013-01-29 07:00:00,36.0,1.4,20.1,1.2,
2013-01-29 08:00:00,42.7,1.8,23.5,7.3,
2013-01-29 09:00:00,50.9,1.3,21.4,22.3,
2013-01-29 10:00:00,47.4,1.6,36.3,33.8,
2013-01-29 11:00:00,62.9,19.6,36.2,56.5,
2013-01-29 12:00:00,70.9,17.1,38.5,117.0,
2013-01-29 13:00:00,59.6,14.3,18.5,116.4,
2013-01-29 14:00:00,52.6,7.4,15.7,100.2,
2013-01-29 15:00:00,52.2,4.2,13.0,70.9,
2013-01-29 16:00:00,41.6,2.1,7.9,63.9,
2013-01-29 17:00:00,46.2,1.3,7.3,57.5,
2013-01-29 18:00:00,37.6,0.65,11.1,49.4,
2013-01-29 19:00:00,46.3,0.65,10.9,46.7,
2013-01-29 20:00:00,62.2,0.65,12.7,34.0,
2013-01-29 21:00:00,74.7,0.65,14.2,24.3,
2013-01-29 22:00:00,66.0,0.65,14.1,21.3,
2013-01-29 23:00:00,65.8,0.65,12.8,19.1,
2013-01-30 00:00:00,56.8,0.65,10.6,19.6,
2013-01-30 01:00:00,44.9,0.65,6.6,19.1,
2013-01-30 02:00:00,41.4,0.65,6.8,17.2,
2013-01-30 03:00:00,45.3,0.65,7.9,10.5,
2013-01-30 04:00:00,33.1,0.65,9.2,7.4,
2013-01-30 05:00:00,29.4,0.65,15.5,3.2,
2013-01-30 06:00:00,30.1,0.65,18.4,0.5,
2013-01-30 07:00:00,36.9,1.5,17.9,0.5,
2013-01-30 08:00:00,73.5,2.5,30.1,3.5,
2013-01-30 09:00:00,94.1,2.1,33.6,14.5,
2013-01-30 10:00:00,84.7,1.6,24.1,40.8,
2013-01-30 11:00:00,71.8,1.3,15.1,54.2,
2013-01-30 12:00:00,64.7,0.65,11.9,75.0,
2013-01-30 13:00:00,46.2,0.65,11.5,96.5,
2013-01-30 14:00:00,48.6,0.65,10.8,67.7,
2013-01-30 15:00:00,36.9,0.65,9.0,70.8,
2013-01-30 16:00:00,33.3,0.65,8.7,74.4,
2013-01-30 17:00:00,37.2,0.65,10.0,66.0,
2013-01-30 18:00:00,38.9,0.65,13.2,54.6,
2013-01-30 19:00:00,45.5,0.65,14.3,45.2,
2013-01-30 20:00:00,52.3,0.65,16.6,30.0,
2013-01-30 21:00:00,60.1,0.65,20.0,21.1,
2013-01-30 22:00:00,64.6,0.65,20.7,13.8,
2013-01-30 23:00:00,62.4,0.65,23.3,6.8,
2013-01-31 00:00:00,58.3,0.65,22.1,3.0,
2013-01-31 01:00:00,55.4,0.65,16.4,3.5,
2013-01-31 02:00:00,62.9,0.65,14.4,4.3,
2013-01-31 03:00:00,42.7,0.65,14.1,3.8,
2013-01-31 04:00:00,42.5,0.65,15.4,1.4,
2013-01-31 05:00:00,30.6,0.65,12.3,0.5,
2013-01-31 06:00:00,33.1,0.65,13.3,0.5,
2013-01-31 07:00:00,40.6,0.65,15.3,1.1,
2013-01-31 08:00:00,54.0,4.0,33.4,6.6,
2013-01-31 09:00:00,56.3,16.9,30.6,19.5,
2013-01-31 10:00:00,53.6,10.1,25.4,38.5,
2013-01-31 11:00:00,52.2,7.5,16.2,56.8,
2013-01-31 12:00:00,39.4,23.4,19.6,64.1,
2013-01-31 13:00:00,43.3,11.2,13.0,68.3,
2013-01-31 14:00:00,32.0,6.8,19.3,86.9,
2013-01-31 15:00:00,27.9,4.8,13.6,100.6,
2013-01-31 16:00:00,26.1,4.6,16.1,107.8,
2013-01-31 17:00:00,30.3,2.2,17.9,98.0,
2013-01-31 18:00:00,31.2,0.65,11.3,65.9,
2013-01-31 19:00:00,58.7,0.65,10.0,63.3,
2013-01-31 20:00:00,72.0,0.65,14.7,54.6,
2013-01-31 21:00:00,93.5,0.65,17.7,45.1,
2013-01-31 22:00:00,89.2,0.65,23.0,28.8,
2013-01-31 23:00:00,88.1,0.65,23.8,16.8,
2013-02-01 00:00:00,82.0,0.65,21.4,10.9,
2013-02-01 01:00:00,86.3,0.65,16.3,6.7,
2013-02-01 02:00:00,71.1,0.65,15.4,5.1,
2013-02-01 03:00:00,70.4,0.65,15.6,4.6,
2013-02-01 04:00:00,60.8,0.65,14.1,2.9,
2013-02-01 05:00:00,43.3,0.65,15.1,1.2,
2013-02-01 06:00:00,40.2,0.65,19.0,2.0,
2013-02-01 07:00:00,46.3,1.3,19.0,2.0,
2013-02-01 08:00:00,,1.7,20.6,4.7,
2013-02-01 09:00:00,,1.8,29.3,18.4,
2013-02-01 10:00:00,88.8,2.2,31.0,45.9,
2013-02-01 11:00:00,81.5,2.7,18.2,58.6,
2013-02-01 12:00:00,74.4,6.6,16.1,65.2,
2013-02-01 13:00:00,61.4,10.9,15.5,71.6,
2013-02-01 14:00:00,46.5,4.9,12.6,78.3,
2013-02-01 15:00:00,45.3,6.7,16.1,75.2,
2013-02-01 16:00:00,38.0,5.4,18.2,88.2,
2013-02-01 17:00:00,35.2,2.3,11.4,87.0,
2013-02-01 18:00:00,33.6,2.0,15.4,85.8,
2013-02-01 19:00:00,39.6,0.65,12.9,63.7,
2013-02-01 20:00:00,72.0,0.65,18.1,45.9,
2013-02-01 21:00:00,82.6,1.3,21.1,37.4,
2013-02-01 22:00:00,77.7,1.3,22.9,33.4,
2013-02-01 23:00:00,65.8,0.65,16.0,45.1,
2013-02-02 00:00:00,52.1,0.65,23.2,27.5,
2013-02-02 01:00:00,52.4,0.65,12.2,32.8,
2013-02-02 02:00:00,55.0,0.65,10.0,25.7,
2013-02-02 03:00:00,48.0,0.65,11.8,16.8,
2013-02-02 04:00:00,42.8,0.65,21.7,11.3,
2013-02-02 05:00:00,54.3,0.65,17.0,8.7,
2013-02-02 06:00:00,55.8,1.9,22.5,6.8,
2013-02-02 07:00:00,61.6,2.7,36.9,7.5,
2013-02-02 08:00:00,67.6,3.0,39.0,14.4,
2013-02-02 09:00:00,65.6,6.5,32.7,35.3,
2013-02-02 10:00:00,61.2,12.3,18.1,54.3,
2013-02-02 11:00:00,48.3,14.5,15.3,51.0,
2013-02-02 12:00:00,130.1,9.2,18.3,45.7,
2013-02-02 13:00:00,128.9,6.5,10.6,47.9,
2013-02-02 14:00:00,74.3,6.6,25.4,41.7,
2013-02-02 15:00:00,51.2,5.0,20.6,48.3,
2013-02-02 16:00:00,32.7,3.5,15.7,47.4,
2013-02-02 17:00:00,18.1,3.1,14.4,57.0,
2013-02-02 18:00:00,10.9,2.3,14.6,57.6,
2013-02-02 19:00:00,8.2,1.7,20.8,50.3,
2013-02-02 20:00:00,10.9,1.8,23.5,42.3,
2013-02-02 21:00:00,14.5,1.6,26.6,28.2,
2013-02-02 22:00:00,21.5,2.4,25.2,20.5,
2013-02-02 23:00:00,24.7,2.3,24.1,15.9,
2013-02-03 00:00:00,22.3,2.8,19.6,11.9,
2013-02-03 01:00:00,28.2,2.9,14.9,10.6,
2013-02-03 02:00:00,25.3,3.3,18.8,7.3,
2013-02-03 03:00:00,31.8,3.3,19.4,7.8,
2013-02-03 04:00:00,31.8,2.1,21.0,7.3,
2013-02-03 05:00:00,23.3,1.4,15.8,7.6,
2013-02-03 06:00:00,25.1,0.65,15.5,7.6,
2013-02-03 07:00:00,29.2,0.65,17.3,9.1,
2013-02-03 08:00:00,25.1,0.65,14.1,20.4,
2013-02-03 09:00:00,17.9,0.65,7.5,51.2,
2013-02-03 10:00:00,11.3,0.65,7.0,64.8,
2013-02-03 11:00:00,7.2,0.65,7.3,67.8,
2013-02-03 12:00:00,5.9,0.65,7.9,64.9,
2013-02-03 13:00:00,17.4,0.65,5.9,33.5,
2013-02-03 14:00:00,18.7,0.65,3.5,28.9,
2013-02-03 15:00:00,12.7,0.65,3.7,29.9,
2013-02-03 16:00:00,7.5,0.65,5.0,30.1,
2013-02-03 17:00:00,13.5,0.65,8.4,25.2,
2013-02-03 18:00:00,17.2,0.65,9.0,22.9,
2013-02-03 19:00:00,17.2,0.65,11.4,19.6,
2013-02-03 20:00:00,19.7,0.65,9.9,20.3,
2013-02-03 21:00:00,18.9,0.65,12.5,13.6,
2013-02-03 22:00:00,20.4,0.65,13.2,9.6,
2013-02-03 23:00:00,18.2,0.65,15.0,4.2,
2013-02-04 00:00:00,19.3,0.65,16.6,4.5,
2013-02-04 01:00:00,19.1,0.65,9.2,6.4,
2013-02-04 02:00:00,15.3,0.65,9.1,4.3,
2013-02-04 03:00:00,9.9,0.65,8.6,1.6,
2013-02-04 04:00:00,12.2,0.65,13.8,1.1,
2013-02-04 05:00:00,14.1,0.65,21.1,0.5,
2013-02-04 06:00:00,13.3,1.8,22.9,0.5,
2013-02-04 07:00:00,23.6,4.1,25.6,1.7,
2013-02-04 08:00:00,36.8,8.0,37.1,3.5,
2013-02-04 09:00:00,54.3,29.3,53.6,14.6,
2013-02-04 10:00:00,65.1,67.8,43.7,19.7,
2013-02-04 11:00:00,62.5,29.5,23.6,27.5,
2013-02-04 12:00:00,45.4,15.4,11.1,35.0,
2013-02-04 13:00:00,26.8,8.2,6.5,35.0,
2013-02-04 14:00:00,14.8,4.9,5.9,33.8,
2013-02-04 15:00:00,10.0,3.0,6.5,35.3,
2013-02-04 16:00:00,8.2,1.8,5.2,34.7,
2013-02-04 17:00:00,7.3,0.65,6.3,33.9,
2013-02-04 18:00:00,11.9,0.65,6.3,29.6,
2013-02-04 19:00:00,18.0,0.65,7.0,29.0,
2013-02-04 20:00:00,20.0,0.65,9.1,26.5,
2013-02-04 21:00:00,41.7,0.65,16.9,19.2,
2013-02-04 22:00:00,51.1,0.65,17.5,15.3,
2013-02-04 23:00:00,47.0,0.65,9.0,17.4,
2013-02-05 00:00:00,42.3,0.65,11.2,11.5,
2013-02-05 01:00:00,34.0,0.65,10.1,8.2,
2013-02-05 02:00:00,28.0,0.65,11.6,3.5,
2013-02-05 03:00:00,23.8,0.65,12.2,6.1,
2013-02-05 04:00:00,29.7,0.65,11.5,2.1,
2013-02-05 05:00:00,25.2,0.65,12.7,1.0,
2013-02-05 06:00:00,22.6,1.3,15.6,0.5,
2013-02-05 07:00:00,26.8,2.7,17.4,1.4,
2013-02-05 08:00:00,27.8,3.0,18.6,7.7,
2013-02-05 09:00:00,32.1,2.7,15.8,15.1,
2013-02-05 10:00:00,25.4,1.6,9.0,22.3,
2013-02-05 11:00:00,14.2,0.65,6.8,32.4,
2013-02-05 12:00:00,13.9,0.65,6.3,36.5,
2013-02-05 13:00:00,11.7,0.65,5.5,37.3,
2013-02-05 14:00:00,13.1,0.65,6.5,37.7,
2013-02-05 15:00:00,11.1,0.65,4.0,34.0,
2013-02-05 16:00:00,12.0,0.65,5.2,34.6,
2013-02-05 17:00:00,17.5,0.65,5.3,32.9,
2013-02-05 18:00:00,22.6,0.65,6.4,32.1,
2013-02-05 19:00:00,28.8,0.65,6.3,29.6,
2013-02-05 20:00:00,33.1,0.65,8.5,25.3,
2013-02-05 21:00:00,31.4,0.65,8.8,20.4,
2013-02-05 22:00:00,26.1,0.65,8.1,20.2,
2013-02-05 23:00:00,22.4,0.65,5.6,22.0,
2013-02-06 00:00:00,26.2,0.65,4.1,21.7,
2013-02-06 01:00:00,20.0,0.65,3.1,22.3,
2013-02-06 02:00:00,14.6,0.65,4.3,20.8,
2013-02-06 03:00:00,12.7,0.65,3.2,23.6,
2013-02-06 04:00:00,9.2,0.65,3.4,24.4,
2013-02-06 05:00:00,6.8,0.65,7.7,21.7,
2013-02-06 06:00:00,11.6,0.65,11.1,19.8,
2013-02-06 07:00:00,16.9,1.3,20.9,12.8,
2013-02-06 08:00:00,20.6,1.3,12.3,17.0,
2013-02-06 09:00:00,20.1,0.65,8.0,22.5,
2013-02-06 10:00:00,14.4,0.65,6.9,25.3,
2013-02-06 11:00:00,9.1,0.65,8.0,34.7,
2013-02-06 12:00:00,7.8,0.65,8.8,43.4,
2013-02-06 13:00:00,11.4,0.65,5.9,44.5,
2013-02-06 14:00:00,11.2,0.65,6.3,45.9,
2013-02-06 15:00:00,20.7,0.65,5.0,43.1,
2013-02-06 16:00:00,24.0,0.65,4.8,43.1,
2013-02-06 17:00:00,24.7,0.65,7.1,37.9,
2013-02-06 18:00:00,29.9,0.65,7.0,34.4,
2013-02-06 19:00:00,33.7,0.65,8.4,28.3,
2013-02-06 20:00:00,34.6,0.65,10.2,24.1,
2013-02-06 21:00:00,42.6,0.65,10.1,23.1,
2013-02-06 22:00:00,41.8,0.65,9.5,22.2,
2013-02-06 23:00:00,32.4,0.65,8.0,20.5,
2013-02-07 00:00:00,28.3,0.65,8.7,18.9,
2013-02-07 01:00:00,30.9,0.65,8.0,18.7,
2013-02-07 02:00:00,32.2,0.65,5.4,21.2,
2013-02-07 03:00:00,22.9,0.65,5.2,21.8,
2013-02-07 04:00:00,12.5,0.65,5.4,23.0,
2013-02-07 05:00:00,12.1,0.65,10.3,18.9,
2013-02-07 06:00:00,18.8,0.65,22.2,9.0,
2013-02-07 07:00:00,23.3,0.65,23.6,7.6,
2013-02-07 08:00:00,30.6,0.65,15.9,18.9,
2013-02-07 09:00:00,32.6,0.65,9.7,27.1,
2013-02-07 10:00:00,30.5,0.65,9.1,29.1,
2013-02-07 11:00:00,27.3,0.65,6.4,36.9,
2013-02-07 12:00:00,21.1,0.65,6.2,42.3,
2013-02-07 13:00:00,13.2,0.65,5.4,41.4,
2013-02-07 14:00:00,20.8,0.65,5.4,42.7,
2013-02-07 15:00:00,20.7,0.65,4.1,38.1,
2013-02-07 16:00:00,15.9,0.65,4.2,35.2,
2013-02-07 17:00:00,28.3,0.65,5.7,33.3,
2013-02-07 18:00:00,46.1,0.65,5.0,31.5,
2013-02-07 19:00:00,46.7,0.65,5.6,30.6,
2013-02-07 20:00:00,39.6,0.65,8.0,26.9,
2013-02-07 21:00:00,48.9,0.65,9.6,22.2,
2013-02-07 22:00:00,41.3,0.65,8.1,20.7,
2013-02-07 23:00:00,30.3,0.65,6.6,19.1,
2013-02-08 00:00:00,31.7,0.65,6.9,16.0,
2013-02-08 01:00:00,32.4,0.65,7.7,12.0,
2013-02-08 02:00:00,23.1,0.65,10.7,7.6,
2013-02-08 03:00:00,17.8,0.65,10.6,4.5,
2013-02-08 04:00:00,21.8,0.65,12.1,3.4,
2013-02-08 05:00:00,20.4,0.65,15.3,1.0,
2013-02-08 06:00:00,21.6,0.65,16.7,0.5,
2013-02-08 07:00:00,27.6,1.6,17.9,0.5,
2013-02-08 08:00:00,42.5,2.8,23.5,3.6,
2013-02-08 09:00:00,55.8,2.5,20.3,12.3,
2013-02-08 10:00:00,53.1,1.6,11.8,24.0,
2013-02-08 11:00:00,34.3,0.65,15.4,37.3,
2013-02-08 12:00:00,24.0,1.5,17.1,33.8,
2013-02-08 13:00:00,27.1,2.4,11.8,36.5,
2013-02-08 14:00:00,30.9,2.1,9.4,46.1,
2013-02-08 15:00:00,34.3,1.6,12.9,42.4,
2013-02-08 16:00:00,32.5,0.65,11.6,36.5,
2013-02-08 17:00:00,34.2,0.65,12.2,33.4,
2013-02-08 18:00:00,37.9,0.65,14.5,28.3,
2013-02-08 19:00:00,45.8,0.65,17.0,21.0,
2013-02-08 20:00:00,55.2,0.65,22.5,13.8,
2013-02-08 21:00:00,67.6,0.65,22.6,8.9,
2013-02-08 22:00:00,64.6,0.65,20.8,8.5,
2013-02-08 23:00:00,54.6,0.65,14.1,9.6,
2013-02-09 00:00:00,46.0,0.65,11.7,9.3,
2013-02-09 01:00:00,29.8,0.65,8.6,10.4,
2013-02-09 02:00:00,18.6,0.65,14.7,7.6,
2013-02-09 03:00:00,16.8,0.65,11.7,7.3,
2013-02-09 04:00:00,12.4,0.65,11.4,6.9,
2013-02-09 05:00:00,7.3,0.65,9.6,8.2,
2013-02-09 06:00:00,10.4,0.65,12.3,6.2,
2013-02-09 07:00:00,13.4,0.65,15.9,4.8,
2013-02-09 08:00:00,15.7,0.65,17.9,6.0,
2013-02-09 09:00:00,20.4,0.65,13.8,8.3,
2013-02-09 10:00:00,16.8,0.65,11.3,16.4,
2013-02-09 11:00:00,13.8,0.65,12.8,24.7,
2013-02-09 12:00:00,12.9,0.65,7.5,30.7,
2013-02-09 13:00:00,9.4,0.65,5.8,39.5,
2013-02-09 14:00:00,6.5,0.65,6.8,40.7,
2013-02-09 15:00:00,5.2,0.65,5.6,43.6,
2013-02-09 16:00:00,5.7,0.65,5.3,44.7,
2013-02-09 17:00:00,4.6,0.65,5.9,43.2,
2013-02-09 18:00:00,9.3,0.65,4.3,39.9,
2013-02-09 19:00:00,12.9,0.65,4.9,31.8,
2013-02-09 20:00:00,18.4,0.65,8.3,30.4,
2013-02-09 21:00:00,28.7,0.65,11.9,32.6,
2013-02-09 22:00:00,37.0,0.65,13.4,30.3,
2013-02-09 23:00:00,28.1,0.65,12.7,28.7,
2013-02-10 00:00:00,25.9,0.65,11.2,25.3,
2013-02-10 01:00:00,24.8,0.65,7.8,23.3,
2013-02-10 02:00:00,21.6,0.65,6.2,21.7,
2013-02-10 03:00:00,15.2,0.65,6.4,18.2,
2013-02-10 04:00:00,9.4,0.65,8.9,12.1,
2013-02-10 05:00:00,5.6,0.65,10.1,9.1,
2013-02-10 06:00:00,8.9,0.65,11.2,7.0,
2013-02-10 07:00:00,13.0,0.65,13.5,9.1,
2013-02-10 08:00:00,16.1,0.65,12.1,13.1,
2013-02-10 09:00:00,16.6,0.65,11.6,13.2,
2013-02-10 10:00:00,14.8,0.65,10.2,26.2,
2013-02-10 11:00:00,16.7,0.65,15.1,33.7,
2013-02-10 12:00:00,13.8,0.65,10.0,45.3,
2013-02-10 13:00:00,12.2,0.65,7.1,53.9,
2013-02-10 14:00:00,9.9,0.65,9.1,57.7,
2013-02-10 15:00:00,6.5,0.65,10.6,59.9,
2013-02-10 16:00:00,5.4,0.65,11.9,56.5,
2013-02-10 17:00:00,3.7,0.65,6.9,64.5,
2013-02-10 18:00:00,8.2,0.65,8.5,60.1,
2013-02-10 19:00:00,13.4,0.65,8.9,58.0,
2013-02-10 20:00:00,15.1,0.65,12.6,52.1,
2013-02-10 21:00:00,24.7,0.65,21.0,35.4,
2013-02-10 22:00:00,26.9,0.65,32.6,19.2,
2013-02-10 23:00:00,36.8,0.65,24.8,20.9,
2013-02-11 00:00:00,38.0,0.65,19.4,24.3,
2013-02-11 01:00:00,30.3,0.65,16.9,14.5,
2013-02-11 02:00:00,29.7,0.65,14.4,14.7,
2013-02-11 03:00:00,26.7,0.65,15.7,9.0,
2013-02-11 04:00:00,21.4,0.65,13.3,6.2,
2013-02-11 05:00:00,20.2,0.65,15.1,4.9,
2013-02-11 06:00:00,23.4,0.65,21.2,4.0,
2013-02-11 07:00:00,28.3,0.65,23.8,3.7,
2013-02-11 08:00:00,26.9,0.65,38.7,7.5,
2013-02-11 09:00:00,32.3,0.65,22.2,18.0,
2013-02-11 10:00:00,26.8,0.65,15.8,32.4,
2013-02-11 11:00:00,18.0,0.65,15.0,42.1,
2013-02-11 12:00:00,16.7,0.65,14.0,47.7,
2013-02-11 13:00:00,22.1,0.65,13.7,45.7,
2013-02-11 14:00:00,19.2,0.65,7.2,56.1,
2013-02-11 15:00:00,22.5,0.65,17.9,44.9,
2013-02-11 16:00:00,28.4,0.65,21.6,38.2,
2013-02-11 17:00:00,26.7,0.65,25.2,36.4,
2013-02-11 18:00:00,25.0,0.65,26.2,31.4,
2013-02-11 19:00:00,28.6,0.65,28.3,21.1,
2013-02-11 20:00:00,31.2,0.65,26.9,17.4,
2013-02-11 21:00:00,25.9,0.65,23.9,16.6,
2013-02-11 22:00:00,26.0,0.65,27.3,9.8,
2013-02-11 23:00:00,25.3,0.65,23.1,12.1,
2013-02-12 00:00:00,22.9,0.65,20.1,8.6,
2013-02-12 01:00:00,21.1,0.65,10.3,15.7,
2013-02-12 02:00:00,18.7,0.65,10.1,15.2,
2013-02-12 03:00:00,17.5,0.65,14.1,10.1,
2013-02-12 04:00:00,19.6,0.65,15.9,13.1,
2013-02-12 05:00:00,23.6,0.65,8.8,17.6,
2013-02-12 06:00:00,22.3,0.65,16.6,9.5,
2013-02-12 07:00:00,21.5,0.65,20.4,10.1,
2013-02-12 08:00:00,32.0,0.65,22.7,14.8,
2013-02-12 09:00:00,29.3,0.65,19.7,27.1,
2013-02-12 10:00:00,16.2,0.65,8.6,39.6,
2013-02-12 11:00:00,13.5,0.65,12.6,59.7,
2013-02-12 12:00:00,12.6,0.65,12.4,48.1,
2013-02-12 13:00:00,13.5,0.65,9.0,55.0,
2013-02-12 14:00:00,25.3,0.65,12.5,52.1,
2013-02-12 15:00:00,23.9,0.65,10.2,66.6,
2013-02-12 16:00:00,13.6,0.65,8.9,55.1,
2013-02-12 17:00:00,12.7,0.65,8.2,56.8,
2013-02-12 18:00:00,10.5,0.65,8.9,55.6,
2013-02-12 19:00:00,6.9,0.65,16.7,52.0,
2013-02-12 20:00:00,11.2,0.65,23.6,40.1,
2013-02-12 21:00:00,24.0,0.65,21.2,29.4,
2013-02-12 22:00:00,35.4,0.65,21.6,27.9,
2013-02-12 23:00:00,35.6,0.65,17.7,18.7,
2013-02-13 00:00:00,36.4,0.65,24.9,13.1,
2013-02-13 01:00:00,35.3,0.65,25.6,7.4,
2013-02-13 02:00:00,35.2,1.5,25.5,6.0,
2013-02-13 03:00:00,34.0,1.7,20.1,6.0,
2013-02-13 04:00:00,40.4,0.65,18.0,6.7,
2013-02-13 05:00:00,41.6,0.65,19.4,7.4,
2013-02-13 06:00:00,40.3,0.65,31.3,5.1,
2013-02-13 07:00:00,41.7,0.65,30.7,5.5,
2013-02-13 08:00:00,43.4,1.5,29.1,11.1,
2013-02-13 09:00:00,34.0,0.65,19.2,27.7,
2013-02-13 10:00:00,23.2,0.65,18.3,43.3,
2013-02-13 11:00:00,14.8,0.65,18.1,56.8,
2013-02-13 12:00:00,8.4,0.65,14.8,85.1,
2013-02-13 13:00:00,5.4,0.65,11.6,79.7,
2013-02-13 14:00:00,4.6,0.65,8.4,67.8,
2013-02-13 15:00:00,3.9,0.65,16.7,63.1,
2013-02-13 16:00:00,2.4,0.65,27.9,47.9,
2013-02-13 17:00:00,1.2,0.65,38.2,38.7,
2013-02-13 18:00:00,0.6,0.65,34.9,31.6,
2013-02-13 19:00:00,1.0,0.65,36.8,29.0,
2013-02-13 20:00:00,1.5,0.65,35.5,13.1,
2013-02-13 21:00:00,1.9,0.65,37.5,11.8,
2013-02-13 22:00:00,1.4,2.0,36.7,8.1,
2013-02-13 23:00:00,0.7,1.9,28.8,7.2,
2013-02-14 00:00:00,0.4,1.7,23.1,9.7,
2013-02-14 01:00:00,0.2,1.4,17.8,8.2,
2013-02-14 02:00:00,0.1,0.65,13.0,7.9,
2013-02-14 03:00:00,,0.65,13.3,6.1,
2013-02-14 04:00:00,,0.65,12.5,3.9,
2013-02-14 05:00:00,,0.65,16.9,3.8,
2013-02-14 06:00:00,,0.65,22.4,6.3,
2013-02-14 07:00:00,,0.65,25.9,4.4,
2013-02-14 08:00:00,,0.65,32.8,9.7,
2013-02-14 09:00:00,,0.65,36.0,30.1,
2013-02-14 10:00:00,4.4,0.65,23.0,45.6,
2013-02-14 11:00:00,,0.65,39.6,69.3,
2013-02-14 12:00:00,,0.65,24.5,67.6,
2013-02-14 13:00:00,,0.65,17.9,66.1,
2013-02-14 14:00:00,,0.65,15.0,49.8,
2013-02-14 15:00:00,,0.65,20.2,59.6,
2013-02-14 16:00:00,,0.65,20.6,79.8,
2013-02-14 17:00:00,3.3,0.65,15.7,76.9,
2013-02-14 18:00:00,16.0,0.65,17.0,62.9,
2013-02-14 19:00:00,29.5,0.65,14.8,56.0,
2013-02-14 20:00:00,33.1,0.65,11.8,45.5,
2013-02-14 21:00:00,29.8,0.65,18.1,30.3,
2013-02-14 22:00:00,24.6,0.65,22.1,25.2,
2013-02-14 23:00:00,31.1,0.65,24.6,23.8,
2013-02-15 00:00:00,23.5,0.65,12.7,27.8,
2013-02-15 01:00:00,21.3,0.65,5.0,34.4,
2013-02-15 02:00:00,20.0,0.65,5.2,35.4,
2013-02-15 03:00:00,15.9,0.65,3.7,41.9,
2013-02-15 04:00:00,10.6,0.65,4.0,39.7,
2013-02-15 05:00:00,10.1,0.65,7.0,31.1,
2013-02-15 06:00:00,8.6,0.65,36.4,6.2,
2013-02-15 07:00:00,14.0,0.65,37.8,5.6,
2013-02-15 08:00:00,22.0,1.3,46.4,15.0,
2013-02-15 09:00:00,32.3,2.0,41.3,15.8,
2013-02-15 10:00:00,39.4,2.4,23.7,12.8,
2013-02-15 11:00:00,30.6,1.9,25.7,21.6,
2013-02-15 12:00:00,24.4,1.5,17.5,37.1,
2013-02-15 13:00:00,22.1,0.65,12.6,46.3,
2013-02-15 14:00:00,14.7,0.65,10.3,48.3,
2013-02-15 15:00:00,9.2,0.65,11.7,48.8,
2013-02-15 16:00:00,6.8,0.65,10.1,50.7,
2013-02-15 17:00:00,3.5,0.65,13.0,53.5,
2013-02-15 18:00:00,6.2,0.65,12.1,52.4,
2013-02-15 19:00:00,10.6,0.65,14.1,41.5,
2013-02-15 20:00:00,15.5,0.65,22.5,26.8,
2013-02-15 21:00:00,32.2,0.65,16.2,28.8,
2013-02-15 22:00:00,30.6,0.65,15.0,25.1,
2013-02-15 23:00:00,29.2,0.65,13.5,22.6,
2013-02-16 00:00:00,25.9,0.65,10.4,21.5,
2013-02-16 01:00:00,23.5,0.65,12.0,17.1,
2013-02-16 02:00:00,22.8,0.65,12.5,13.7,
2013-02-16 03:00:00,16.1,0.65,11.3,11.0,
2013-02-16 04:00:00,19.3,0.65,11.3,7.7,
2013-02-16 05:00:00,16.8,0.65,11.3,6.5,
2013-02-16 06:00:00,11.5,0.65,14.2,5.7,
2013-02-16 07:00:00,13.2,0.65,16.8,8.5,
2013-02-16 08:00:00,15.4,0.65,11.9,16.3,
2013-02-16 09:00:00,21.6,0.65,11.5,25.0,
2013-02-16 10:00:00,23.0,0.65,9.8,39.9,
2013-02-16 11:00:00,15.7,0.65,7.5,45.5,
2013-02-16 12:00:00,9.4,0.65,6.8,51.9,
2013-02-16 13:00:00,5.9,0.65,6.1,53.1,
2013-02-16 14:00:00,4.8,0.65,6.7,54.6,
2013-02-16 15:00:00,4.2,0.65,7.3,59.6,
2013-02-16 16:00:00,3.4,0.65,8.9,59.8,
2013-02-16 17:00:00,3.5,0.65,8.8,58.6,
2013-02-16 18:00:00,6.3,0.65,7.4,49.0,
2013-02-16 19:00:00,15.6,0.65,6.6,35.6,
2013-02-16 20:00:00,31.6,0.65,6.2,32.5,
2013-02-16 21:00:00,33.5,0.65,7.3,30.7,
2013-02-16 22:00:00,37.8,0.65,8.2,25.2,
2013-02-16 23:00:00,39.3,0.65,9.1,19.9,
2013-02-17 00:00:00,32.8,0.65,11.1,14.5,
2013-02-17 01:00:00,32.8,0.65,9.5,12.0,
2013-02-17 02:00:00,32.0,0.65,9.5,10.9,
2013-02-17 03:00:00,31.4,0.65,10.0,7.6,
2013-02-17 04:00:00,28.4,0.65,8.6,6.6,
2013-02-17 05:00:00,16.0,0.65,8.8,4.7,
2013-02-17 06:00:00,13.9,0.65,8.2,4.0,
2013-02-17 07:00:00,20.7,0.65,8.6,4.7,
2013-02-17 08:00:00,18.8,0.65,12.3,12.0,
2013-02-17 09:00:00,16.7,0.65,12.5,22.3,
2013-02-17 10:00:00,17.1,0.65,13.8,38.5,
2013-02-17 11:00:00,12.3,0.65,10.3,47.7,
2013-02-17 12:00:00,9.8,0.65,12.2,52.1,
2013-02-17 13:00:00,9.5,0.65,15.1,49.0,
2013-02-17 14:00:00,17.4,0.65,12.8,49.6,
2013-02-17 15:00:00,18.8,0.65,8.8,49.4,
2013-02-17 16:00:00,10.9,0.65,8.9,57.2,
2013-02-17 17:00:00,6.7,0.65,11.5,57.2,
2013-02-17 18:00:00,5.9,0.65,7.8,57.4,
2013-02-17 19:00:00,7.3,0.65,10.6,52.2,
2013-02-17 20:00:00,12.4,0.65,19.6,39.1,
2013-02-17 21:00:00,27.0,0.65,24.4,27.8,
2013-02-17 22:00:00,37.7,0.65,13.5,42.8,
2013-02-17 23:00:00,33.2,0.65,11.2,41.9,
2013-02-18 00:00:00,24.1,0.65,10.9,34.9,
2013-02-18 01:00:00,15.6,0.65,23.2,23.2,
2013-02-18 02:00:00,17.3,0.65,26.1,18.2,
2013-02-18 03:00:00,18.3,0.65,23.8,14.2,
2013-02-18 04:00:00,16.0,0.65,9.7,22.4,
2013-02-18 05:00:00,21.5,0.65,18.3,16.0,
2013-02-18 06:00:00,17.2,0.65,16.9,14.7,
2013-02-18 07:00:00,22.5,0.65,34.3,9.3,
2013-02-18 08:00:00,26.7,0.65,37.6,28.3,
2013-02-18 09:00:00,23.6,0.65,31.8,45.0,
2013-02-18 10:00:00,20.5,0.65,13.9,51.7,
2013-02-18 11:00:00,17.5,0.65,9.1,45.7,
2013-02-18 12:00:00,12.3,0.65,10.5,55.0,
2013-02-18 13:00:00,8.3,0.65,10.3,70.3,
2013-02-18 14:00:00,6.1,0.65,10.9,71.7,
2013-02-18 15:00:00,4.8,0.65,13.4,58.2,
2013-02-18 16:00:00,4.0,0.65,13.0,59.8,
2013-02-18 17:00:00,23.6,0.65,9.6,55.5,
2013-02-18 18:00:00,60.0,0.65,13.9,46.4,
2013-02-18 19:00:00,43.1,0.65,17.0,38.5,
2013-02-18 20:00:00,39.6,0.65,11.9,38.3,
2013-02-18 21:00:00,43.5,0.65,11.8,33.3,
2013-02-18 22:00:00,42.0,0.65,10.6,31.6,
2013-02-18 23:00:00,36.4,0.65,8.9,29.5,
2013-02-19 00:00:00,31.5,0.65,8.1,25.7,
2013-02-19 01:00:00,27.3,0.65,3.2,28.6,
2013-02-19 02:00:00,23.3,0.65,2.5,30.5,
2013-02-19 03:00:00,26.7,0.65,2.6,29.5,
2013-02-19 04:00:00,21.1,0.65,3.7,28.4,
2013-02-19 05:00:00,19.9,0.65,3.2,29.8,
2013-02-19 06:00:00,20.1,0.65,5.8,26.0,
2013-02-19 07:00:00,22.5,0.65,11.2,22.1,
2013-02-19 08:00:00,24.7,0.65,15.6,21.4,
2013-02-19 09:00:00,26.1,0.65,11.1,29.7,
2013-02-19 10:00:00,33.9,0.65,6.6,34.1,
2013-02-19 11:00:00,34.0,0.65,8.2,34.2,
2013-02-19 12:00:00,30.8,0.65,7.9,35.9,
2013-02-19 13:00:00,29.7,0.65,7.8,36.9,
2013-02-19 14:00:00,31.4,0.65,7.9,38.0,
2013-02-19 15:00:00,28.6,0.65,9.0,43.8,
2013-02-19 16:00:00,17.7,0.65,7.0,43.4,
2013-02-19 17:00:00,20.5,0.65,9.1,34.7,
2013-02-19 18:00:00,33.9,0.65,9.1,33.6,
2013-02-19 19:00:00,31.3,0.65,8.1,34.2,
2013-02-19 20:00:00,29.9,0.65,11.3,26.5,
2013-02-19 21:00:00,35.6,0.65,12.4,23.3,
2013-02-19 22:00:00,38.0,0.65,9.5,25.0,
2013-02-19 23:00:00,38.5,0.65,7.3,25.7,
2013-02-20 00:00:00,26.3,0.65,5.8,27.3,
2013-02-20 01:00:00,21.5,0.65,3.8,25.5,
2013-02-20 02:00:00,17.5,0.65,3.9,25.3,
2013-02-20 03:00:00,16.5,0.65,3.6,25.3,
2013-02-20 04:00:00,21.2,0.65,3.1,26.0,
2013-02-20 05:00:00,16.7,0.65,3.8,23.7,
2013-02-20 06:00:00,24.2,0.65,4.2,22.4,
2013-02-20 07:00:00,29.9,0.65,8.3,20.1,
2013-02-20 08:00:00,30.8,0.65,11.7,20.5,
2013-02-20 09:00:00,31.7,0.65,10.0,27.9,
2013-02-20 10:00:00,34.7,0.65,7.0,37.1,
2013-02-20 11:00:00,18.9,0.65,8.7,42.6,
2013-02-20 12:00:00,13.4,0.65,9.9,47.4,
2013-02-20 13:00:00,11.1,0.65,9.9,60.7,
2013-02-20 14:00:00,11.3,0.65,8.3,60.0,
2013-02-20 15:00:00,13.2,0.65,6.7,56.1,
2013-02-20 16:00:00,15.5,0.65,10.0,40.7,
2013-02-20 17:00:00,25.2,0.65,13.2,27.1,
2013-02-20 18:00:00,19.2,0.65,21.6,16.9,
2013-02-20 19:00:00,21.5,0.65,22.0,14.8,
2013-02-20 20:00:00,20.9,0.65,23.2,15.0,
2013-02-20 21:00:00,28.2,0.65,17.7,17.6,
2013-02-20 22:00:00,25.4,0.65,20.5,20.1,
2013-02-20 23:00:00,19.8,0.65,11.7,25.0,
2013-02-21 00:00:00,24.2,0.65,13.4,16.9,
2013-02-21 01:00:00,26.3,0.65,19.3,6.5,
2013-02-21 02:00:00,25.8,0.65,19.0,5.5,
2013-02-21 03:00:00,26.9,0.65,22.9,4.9,
2013-02-21 04:00:00,21.8,0.65,22.9,4.9,
2013-02-21 05:00:00,24.4,0.65,19.5,5.2,
2013-02-21 06:00:00,20.9,0.65,21.5,4.9,
2013-02-21 07:00:00,21.6,0.65,23.0,5.3,
2013-02-21 08:00:00,34.7,0.65,26.6,5.5,
2013-02-21 09:00:00,41.7,0.65,23.6,10.8,
2013-02-21 10:00:00,33.9,0.65,21.2,19.0,
2013-02-21 11:00:00,22.7,0.65,28.6,34.2,
2013-02-21 12:00:00,20.7,0.65,23.4,34.9,
2013-02-21 13:00:00,21.5,0.65,12.3,40.0,
2013-02-21 14:00:00,20.1,0.65,14.1,25.7,
2013-02-21 15:00:00,18.2,0.65,18.5,31.9,
2013-02-21 16:00:00,8.9,0.65,12.2,31.4,
2013-02-21 17:00:00,3.6,0.65,14.6,35.0,
2013-02-21 18:00:00,3.1,0.65,15.2,35.2,
2013-02-21 19:00:00,3.1,0.65,25.9,25.9,
2013-02-21 20:00:00,3.3,0.65,33.4,15.8,
2013-02-21 21:00:00,7.1,0.65,35.6,9.2,
2013-02-21 22:00:00,15.9,0.65,12.9,19.4,
2013-02-21 23:00:00,22.2,0.65,11.3,25.9,
2013-02-22 00:00:00,12.6,0.65,8.5,27.6,
2013-02-22 01:00:00,8.0,0.65,5.3,30.8,
2013-02-22 02:00:00,6.0,0.65,6.8,32.3,
2013-02-22 03:00:00,7.0,0.65,4.9,28.6,
2013-02-22 04:00:00,10.7,0.65,8.9,17.7,
2013-02-22 05:00:00,15.0,0.65,7.2,13.9,
2013-02-22 06:00:00,14.2,0.65,9.2,14.4,
2013-02-22 07:00:00,18.8,0.65,16.1,13.4,
2013-02-22 08:00:00,21.6,0.65,22.2,16.0,
2013-02-22 09:00:00,20.6,0.65,17.6,28.6,
2013-02-22 10:00:00,21.8,0.65,16.3,33.9,
2013-02-22 11:00:00,14.3,0.65,7.4,42.9,
2013-02-22 12:00:00,13.4,0.65,7.3,41.7,
2013-02-22 13:00:00,8.4,0.65,7.1,43.2,
2013-02-22 14:00:00,5.5,0.65,6.6,43.3,
2013-02-22 15:00:00,3.9,0.65,7.3,44.3,
2013-02-22 16:00:00,4.2,0.65,4.9,42.7,
2013-02-22 17:00:00,7.6,0.65,5.6,41.8,
2013-02-22 18:00:00,12.5,0.65,6.4,42.0,
2013-02-22 19:00:00,14.2,0.65,8.3,37.9,
2013-02-22 20:00:00,32.1,0.65,13.0,28.2,
2013-02-22 21:00:00,49.2,0.65,18.4,20.8,
2013-02-22 22:00:00,50.3,0.65,23.1,13.8,
2013-02-22 23:00:00,50.0,0.65,23.8,10.0,
2013-02-23 00:00:00,46.6,0.65,16.1,14.6,
2013-02-23 01:00:00,37.5,0.65,12.5,14.9,
2013-02-23 02:00:00,26.8,0.65,13.7,12.0,
2013-02-23 03:00:00,34.2,0.65,14.5,11.8,
2013-02-23 04:00:00,32.7,0.65,9.8,18.2,
2013-02-23 05:00:00,26.9,0.65,7.5,20.6,
2013-02-23 06:00:00,17.3,0.65,6.7,20.5,
2013-02-23 07:00:00,18.3,0.65,19.8,11.1,
2013-02-23 08:00:00,22.1,0.65,20.8,10.9,
2013-02-23 09:00:00,,0.65,10.0,30.2,
2013-02-23 10:00:00,,0.65,6.1,35.1,
2013-02-23 11:00:00,,0.65,7.0,36.8,
2013-02-23 12:00:00,7.9,0.65,7.2,38.6,
2013-02-23 13:00:00,4.8,0.65,7.0,39.7,
2013-02-23 14:00:00,4.3,0.65,6.2,39.5,
2013-02-23 15:00:00,13.7,0.65,7.8,44.9,
2013-02-23 16:00:00,14.8,0.65,5.5,49.9,
2013-02-23 17:00:00,12.0,0.65,5.5,47.1,
2013-02-23 18:00:00,30.4,0.65,5.6,45.1,
2013-02-23 19:00:00,35.1,0.65,7.0,40.8,
2013-02-23 20:00:00,44.0,0.65,12.2,31.0,
2013-02-23 21:00:00,46.4,0.65,14.1,25.9,
2013-02-23 22:00:00,48.0,0.65,14.3,22.6,
2013-02-23 23:00:00,57.9,0.65,12.5,20.5,
2013-02-24 00:00:00,52.8,0.65,12.8,18.0,
2013-02-24 01:00:00,55.9,0.65,13.1,11.4,
2013-02-24 02:00:00,52.7,0.65,13.6,6.8,
2013-02-24 03:00:00,38.7,0.65,12.6,7.0,
2013-02-24 04:00:00,33.0,0.65,13.7,1.8,
2013-02-24 05:00:00,37.2,0.65,14.1,1.9,
2013-02-24 06:00:00,28.0,0.65,11.4,2.5,
2013-02-24 07:00:00,23.7,0.65,13.5,5.0,
2013-02-24 08:00:00,23.1,0.65,11.8,16.5,
2013-02-24 09:00:00,33.9,0.65,7.4,23.2,
2013-02-24 10:00:00,20.7,0.65,10.8,35.0,
2013-02-24 11:00:00,17.0,0.65,8.7,42.7,
2013-02-24 12:00:00,10.2,0.65,9.0,46.5,
2013-02-24 13:00:00,20.1,0.65,10.4,48.6,
2013-02-24 14:00:00,17.4,0.65,8.1,49.8,
2013-02-24 15:00:00,15.5,0.65,10.1,53.1,
2013-02-24 16:00:00,14.9,0.65,8.6,54.4,
2013-02-24 17:00:00,19.1,0.65,10.2,52.4,
2013-02-24 18:00:00,16.7,0.65,8.4,54.1,
2013-02-24 19:00:00,17.0,0.65,19.1,39.8,
2013-02-24 20:00:00,30.2,0.65,32.2,31.0,
2013-02-24 21:00:00,109.6,0.65,25.0,31.5,
2013-02-24 22:00:00,117.4,0.65,29.4,21.9,
2013-02-24 23:00:00,101.5,0.65,14.9,31.5,
2013-02-25 00:00:00,74.9,0.65,10.6,33.3,
2013-02-25 01:00:00,48.9,0.65,7.7,31.8,
2013-02-25 02:00:00,29.6,0.65,8.9,24.5,
2013-02-25 03:00:00,30.1,0.65,9.2,23.3,
2013-02-25 04:00:00,23.1,0.65,8.3,26.0,
2013-02-25 05:00:00,24.0,0.65,11.4,20.7,
2013-02-25 06:00:00,16.8,0.65,19.2,16.4,
2013-02-25 07:00:00,32.0,0.65,29.6,7.4,
2013-02-25 08:00:00,31.8,0.65,21.8,12.4,
2013-02-25 09:00:00,24.6,0.65,22.5,18.6,
2013-02-25 10:00:00,17.6,0.65,25.3,23.6,
2013-02-25 11:00:00,20.2,0.65,29.2,35.2,
2013-02-25 12:00:00,16.9,0.65,22.6,51.0,
2013-02-25 13:00:00,18.0,0.65,17.0,57.3,
2013-02-25 14:00:00,21.3,0.65,14.7,54.0,
2013-02-25 15:00:00,12.4,0.65,12.3,63.8,
2013-02-25 16:00:00,8.4,0.65,17.8,64.1,
2013-02-25 17:00:00,23.2,0.65,27.1,45.3,
2013-02-25 18:00:00,27.3,0.65,34.5,36.2,
2013-02-25 19:00:00,37.5,0.65,24.8,35.7,
2013-02-25 20:00:00,35.3,0.65,21.4,33.6,
2013-02-25 21:00:00,38.9,0.65,22.7,33.2,
2013-02-25 22:00:00,34.7,0.65,17.6,36.9,
2013-02-25 23:00:00,24.6,0.65,21.4,29.5,
2013-02-26 00:00:00,24.7,0.65,21.9,25.0,
2013-02-26 01:00:00,28.0,0.65,11.0,26.2,
2013-02-26 02:00:00,20.6,0.65,11.6,27.3,
2013-02-26 03:00:00,14.5,0.65,8.5,17.3,
2013-02-26 04:00:00,16.1,0.65,9.7,13.2,
2013-02-26 05:00:00,19.2,0.65,18.2,10.9,
2013-02-26 06:00:00,22.1,0.65,17.4,12.1,
2013-02-26 07:00:00,19.4,0.65,18.9,13.0,
2013-02-26 08:00:00,11.4,0.65,24.2,11.4,
2013-02-26 09:00:00,6.7,0.65,21.3,17.3,
2013-02-26 10:00:00,5.3,0.65,20.3,20.2,
2013-02-26 11:00:00,3.9,0.65,18.2,27.8,
2013-02-26 12:00:00,12.0,0.65,10.7,33.1,
2013-02-26 13:00:00,7.6,0.65,13.1,40.4,
2013-02-26 14:00:00,11.6,0.65,16.0,56.7,
2013-02-26 15:00:00,18.0,0.65,17.8,57.5,
2013-02-26 16:00:00,20.1,0.65,14.6,51.7,
2013-02-26 17:00:00,15.0,0.65,12.5,43.0,
2013-02-26 18:00:00,17.5,0.65,19.5,37.3,
2013-02-26 19:00:00,21.3,0.65,22.1,32.3,
2013-02-26 20:00:00,17.2,0.65,46.8,8.0,
2013-02-26 21:00:00,36.5,0.65,33.8,12.0,
2013-02-26 22:00:00,51.3,0.65,23.2,16.7,
2013-02-26 23:00:00,53.9,0.65,26.5,11.2,
2013-02-27 00:00:00,47.1,1.6,24.6,4.6,
2013-02-27 01:00:00,42.3,2.0,27.8,2.3,
2013-02-27 02:00:00,44.5,1.8,20.6,1.8,
2013-02-27 03:00:00,37.8,1.5,17.3,0.5,
2013-02-27 04:00:00,39.0,0.65,14.1,0.5,
2013-02-27 05:00:00,34.0,0.65,21.5,0.5,
2013-02-27 06:00:00,38.8,1.5,21.9,0.5,
2013-02-27 07:00:00,35.6,1.8,26.3,1.1,
2013-02-27 08:00:00,49.0,2.9,27.8,4.3,
2013-02-27 09:00:00,41.6,3.7,29.1,20.8,
2013-02-27 10:00:00,37.7,3.9,17.5,23.0,
2013-02-27 11:00:00,27.6,3.3,15.0,26.7,
2013-02-27 12:00:00,19.5,2.3,8.1,32.9,
2013-02-27 13:00:00,11.5,0.65,11.2,39.7,
2013-02-27 14:00:00,14.4,0.65,14.0,46.1,
2013-02-27 15:00:00,12.9,0.65,14.3,48.5,
2013-02-27 16:00:00,21.3,0.65,15.1,53.7,
2013-02-27 17:00:00,22.6,0.65,17.8,59.5,
2013-02-27 18:00:00,16.4,0.65,19.3,73.6,
2013-02-27 19:00:00,35.9,0.65,17.7,36.7,
2013-02-27 20:00:00,47.7,0.65,17.9,26.6,
2013-02-27 21:00:00,52.9,0.65,32.1,11.6,
2013-02-27 22:00:00,65.2,0.65,35.4,4.2,
2013-02-27 23:00:00,76.7,0.65,24.4,12.5,
2013-02-28 00:00:00,81.5,0.65,19.4,10.3,
2013-02-28 01:00:00,64.2,0.65,15.8,5.0,
2013-02-28 02:00:00,54.8,0.65,11.9,5.2,
2013-02-28 03:00:00,53.1,0.65,9.2,8.0,
2013-02-28 04:00:00,45.3,0.65,12.2,5.4,
2013-02-28 05:00:00,34.3,0.65,13.1,0.5,
2013-02-28 06:00:00,24.6,0.65,12.3,0.5,
2013-02-28 07:00:00,29.0,0.65,14.1,0.5,
2013-02-28 08:00:00,37.7,2.4,26.8,5.4,
2013-02-28 09:00:00,56.3,2.8,27.2,15.5,
2013-02-28 10:00:00,71.8,2.4,25.5,33.2,
2013-02-28 11:00:00,48.7,1.5,11.2,47.2,
2013-02-28 12:00:00,34.4,0.65,8.6,53.1,
2013-02-28 13:00:00,24.6,0.65,8.6,54.6,
2013-02-28 14:00:00,15.1,0.65,7.2,58.6,
2013-02-28 15:00:00,22.7,0.65,7.3,58.5,
2013-02-28 16:00:00,14.8,0.65,7.0,57.3,
2013-02-28 17:00:00,24.4,0.65,7.0,52.8,
2013-02-28 18:00:00,28.6,0.65,7.4,43.4,
2013-02-28 19:00:00,35.9,0.65,10.1,40.9,
2013-02-28 20:00:00,34.4,0.65,18.2,31.3,
2013-02-28 21:00:00,50.7,0.65,20.7,25.3,
2013-02-28 22:00:00,38.3,0.65,18.9,22.4,
2013-02-28 23:00:00,31.3,0.65,18.9,19.2,
2013-03-01 00:00:00,38.8,0.65,24.0,12.1,
2013-03-01 01:00:00,67.9,1.9,13.0,16.3,
2013-03-01 02:00:00,55.7,0.65,9.9,19.4,
2013-03-01 03:00:00,37.8,0.65,7.9,18.6,
2013-03-01 04:00:00,34.3,0.65,8.0,16.3,
2013-03-01 05:00:00,18.3,0.65,13.0,6.5,
2013-03-01 06:00:00,16.3,0.65,16.3,3.1,
2013-03-01 07:00:00,20.8,1.5,18.7,0.5,
2013-03-01 08:00:00,48.7,2.6,27.8,3.8,
2013-03-01 09:00:00,46.1,2.8,25.9,19.8,
2013-03-01 10:00:00,56.1,1.7,15.3,35.3,
2013-03-01 11:00:00,56.5,0.65,9.4,45.7,
2013-03-01 12:00:00,38.7,0.65,9.7,56.6,
2013-03-01 13:00:00,23.1,0.65,10.3,64.6,
2013-03-01 14:00:00,37.8,0.65,11.2,71.5,
2013-03-01 15:00:00,29.4,0.65,8.9,69.0,
2013-03-01 16:00:00,30.1,0.65,10.1,62.0,
2013-03-01 17:00:00,37.9,0.65,9.1,56.5,
2013-03-01 18:00:00,51.2,0.65,8.6,50.3,
2013-03-01 19:00:00,64.1,0.65,12.4,46.2,
2013-03-01 20:00:00,48.8,0.65,17.6,34.8,
2013-03-01 21:00:00,67.1,0.65,14.6,33.0,
2013-03-01 22:00:00,65.1,0.65,17.4,26.4,
2013-03-01 23:00:00,70.8,0.65,22.8,19.5,
2013-03-02 00:00:00,68.7,1.3,21.0,18.0,
2013-03-02 01:00:00,64.1,1.7,20.0,13.7,
2013-03-02 02:00:00,66.0,1.9,17.9,13.9,
2013-03-02 03:00:00,42.6,1.8,11.6,13.9,
2013-03-02 04:00:00,44.8,0.65,10.2,12.4,
2013-03-02 05:00:00,38.1,0.65,16.4,6.9,
2013-03-02 06:00:00,37.3,0.65,19.8,2.8,
2013-03-02 07:00:00,59.3,0.65,25.4,6.4,
2013-03-02 08:00:00,41.7,0.65,46.7,11.3,
2013-03-02 09:00:00,33.8,0.65,30.8,29.2,
2013-03-02 10:00:00,32.2,0.65,17.8,38.6,
2013-03-02 11:00:00,24.3,0.65,15.8,44.7,
2013-03-02 12:00:00,14.8,0.65,13.9,52.7,
2013-03-02 13:00:00,29.5,0.65,14.9,58.8,
2013-03-02 14:00:00,33.8,0.65,13.9,55.2,
2013-03-02 15:00:00,38.0,0.65,16.9,58.5,
2013-03-02 16:00:00,34.2,0.65,16.7,58.7,
2013-03-02 17:00:00,32.2,1.6,27.9,48.1,
2013-03-02 18:00:00,22.9,7.6,24.3,47.7,
2013-03-02 19:00:00,44.5,4.1,40.4,31.1,
2013-03-02 20:00:00,52.8,3.8,51.2,15.9,
2013-03-02 21:00:00,105.0,5.5,53.4,9.6,
2013-03-02 22:00:00,203.8,6.8,46.0,8.4,
2013-03-02 23:00:00,231.3,6.6,31.0,9.5,
2013-03-03 00:00:00,188.5,5.3,19.2,18.6,
2013-03-03 01:00:00,129.8,4.4,36.2,4.6,
2013-03-03 02:00:00,110.9,4.4,34.2,3.0,
2013-03-03 03:00:00,91.9,4.1,28.9,2.7,
2013-03-03 04:00:00,74.7,2.2,24.0,3.0,
2013-03-03 05:00:00,72.7,1.5,23.0,2.8,
2013-03-03 06:00:00,81.7,0.65,15.5,12.5,
2013-03-03 07:00:00,55.8,0.65,16.4,19.7,
2013-03-03 08:00:00,32.3,0.65,26.3,17.0,
2013-03-03 09:00:00,40.4,0.65,23.0,29.6,
2013-03-03 10:00:00,39.8,7.4,13.3,36.7,
2013-03-03 11:00:00,43.7,3.2,12.0,37.1,
2013-03-03 12:00:00,37.9,0.65,22.3,27.7,
2013-03-03 13:00:00,54.2,0.65,24.5,23.9,
2013-03-03 14:00:00,54.2,0.65,20.8,27.5,
2013-03-03 15:00:00,35.4,0.65,11.9,35.3,
2013-03-03 16:00:00,22.1,0.65,12.5,48.4,
2013-03-03 17:00:00,27.4,0.65,14.3,54.2,
2013-03-03 18:00:00,20.8,0.65,14.6,47.6,
2013-03-03 19:00:00,33.0,0.65,12.5,36.6,
2013-03-03 20:00:00,50.3,0.65,21.1,26.4,
2013-03-03 21:00:00,32.9,0.65,17.4,28.1,
2013-03-03 22:00:00,19.4,0.65,19.8,24.0,
2013-03-03 23:00:00,17.2,0.65,28.8,15.4,
2013-03-04 00:00:00,21.7,0.65,25.8,18.2,
2013-03-04 01:00:00,11.4,0.65,16.6,23.1,
2013-03-04 02:00:00,7.7,0.65,18.7,19.7,
2013-03-04 03:00:00,12.1,0.65,11.3,19.3,
2013-03-04 04:00:00,12.0,0.65,10.1,23.6,
2013-03-04 05:00:00,8.3,0.65,6.7,29.3,
2013-03-04 06:00:00,12.2,0.65,6.1,34.9,
2013-03-04 07:00:00,,,,,
2013-03-04 08:00:00,,,,,
2013-03-04 09:00:00,,,,,
2013-03-04 10:00:00,,,,,
2013-03-04 11:00:00,,,,,
2013-03-04 12:00:00,,,,,
2013-03-04 13:00:00,,,,,
2013-03-04 14:00:00,,,,,
2013-03-04 15:00:00,,,,,
2013-03-04 16:00:00,,,,,
2013-03-04 17:00:00,4.0,0.65,14.1,29.8,
2013-03-04 18:00:00,9.8,0.65,12.0,32.4,
2013-03-04 19:00:00,6.5,0.65,20.3,24.8,
2013-03-04 20:00:00,6.5,0.65,23.6,20.1,
2013-03-04 21:00:00,13.8,0.65,32.1,8.7,
2013-03-04 22:00:00,26.6,0.65,33.5,5.2,
2013-03-04 23:00:00,27.1,0.65,24.8,10.9,
2013-03-05 00:00:00,34.0,0.65,14.9,17.3,
2013-03-05 01:00:00,21.5,0.65,9.2,19.9,
2013-03-05 02:00:00,20.9,0.65,6.4,22.7,
2013-03-05 03:00:00,17.1,0.65,6.7,22.5,
2013-03-05 04:00:00,10.7,0.65,8.9,23.8,
2013-03-05 05:00:00,8.9,0.65,7.7,25.4,
2013-03-05 06:00:00,9.5,0.65,8.8,25.9,
2013-03-05 07:00:00,13.2,0.65,19.7,14.3,
2013-03-05 08:00:00,12.1,0.65,32.3,7.1,
2013-03-05 09:00:00,23.7,1.8,25.3,11.2,
2013-03-05 11:00:00,25.6,0.65,19.0,25.0,
2013-03-05 12:00:00,13.4,0.65,13.1,32.2,
2013-03-05 13:00:00,8.3,0.65,28.7,36.1,
2013-03-05 14:00:00,18.0,0.65,23.6,46.4,
2013-03-05 15:00:00,10.6,0.65,16.2,56.8,
2013-03-05 16:00:00,6.8,0.65,12.8,54.0,
2013-03-05 17:00:00,10.6,0.65,13.6,50.5,
2013-03-05 18:00:00,15.4,0.65,19.6,59.6,
2013-03-05 19:00:00,9.2,0.65,17.3,36.9,
2013-03-05 20:00:00,22.7,0.65,20.8,22.0,
2013-03-05 21:00:00,26.5,0.65,33.2,10.6,
2013-03-05 22:00:00,36.3,0.65,35.4,3.2,
2013-03-05 23:00:00,43.0,1.5,26.7,6.4,
2013-03-06 00:00:00,31.9,0.65,20.4,10.2,
2013-03-06 01:00:00,34.0,0.65,14.0,6.3,
2013-03-06 02:00:00,39.8,0.65,17.6,2.9,
2013-03-06 03:00:00,29.6,0.65,15.1,3.3,
2013-03-06 04:00:00,24.2,0.65,10.8,3.5,
2013-03-06 05:00:00,30.0,0.65,9.3,1.8,
2013-03-06 06:00:00,27.6,0.65,10.1,0.5,
2013-03-06 07:00:00,28.7,0.65,18.2,0.5,
2013-03-06 08:00:00,40.0,3.2,33.7,1.7,
2013-03-06 09:00:00,60.1,4.4,32.6,7.8,
2013-03-06 10:00:00,58.1,3.4,21.0,15.7,
2013-03-06 11:00:00,37.3,2.5,13.4,24.4,
2013-03-06 12:00:00,26.9,1.9,13.3,36.1,
2013-03-06 13:00:00,19.5,5.5,20.9,49.1,
2013-03-06 14:00:00,20.1,8.9,19.7,52.0,
2013-03-06 15:00:00,24.3,3.1,12.4,53.8,
2013-03-06 16:00:00,14.5,0.65,14.5,61.4,
2013-03-06 17:00:00,17.0,0.65,19.6,66.7,
2013-03-06 18:00:00,21.5,0.65,18.4,80.2,
2013-03-06 19:00:00,21.7,0.65,22.6,65.9,
2013-03-06 20:00:00,27.9,0.65,15.7,41.4,
2013-03-06 21:00:00,46.5,0.65,16.3,38.4,
2013-03-06 22:00:00,39.7,0.65,14.3,33.8,
2013-03-06 23:00:00,40.5,0.65,21.4,20.9,
2013-03-07 00:00:00,48.0,0.65,21.0,16.5,
2013-03-07 01:00:00,39.7,0.65,18.8,9.0,
2013-03-07 02:00:00,43.4,0.65,15.2,4.7,
2013-03-07 03:00:00,40.1,0.65,17.0,2.3,
2013-03-07 04:00:00,21.3,0.65,14.2,3.1,
2013-03-07 05:00:00,23.7,0.65,10.7,1.2,
2013-03-07 06:00:00,27.6,0.65,10.6,0.5,
2013-03-07 07:00:00,20.1,1.8,18.3,0.5,
2013-03-07 08:00:00,29.8,3.7,54.8,4.9,
2013-03-07 09:00:00,50.7,5.2,85.7,35.7,
2013-03-07 10:00:00,48.1,6.9,45.0,19.5,
2013-03-07 11:00:00,39.6,6.7,31.4,42.1,
2013-03-07 12:00:00,34.4,5.4,27.3,66.2,
2013-03-07 13:00:00,31.0,3.6,21.5,98.2,
2013-03-07 14:00:00,26.4,2.1,17.0,99.2,
2013-03-07 15:00:00,30.7,1.3,12.8,84.4,
2013-03-07 16:00:00,20.4,0.65,11.1,79.1,
2013-03-07 17:00:00,24.6,0.65,13.0,76.7,
2013-03-07 18:00:00,18.8,0.65,15.5,73.0,
2013-03-07 19:00:00,24.9,0.65,19.1,48.0,
2013-03-07 20:00:00,31.1,0.65,19.5,35.5,
2013-03-07 21:00:00,53.9,0.65,20.0,24.9,
2013-03-07 22:00:00,49.8,0.65,24.2,14.9,
2013-03-07 23:00:00,52.0,0.65,21.6,9.3,
2013-03-08 00:00:00,44.7,0.65,21.3,5.6,
2013-03-08 01:00:00,36.4,0.65,16.5,2.8,
2013-03-08 02:00:00,33.7,0.65,18.6,1.8,
2013-03-08 03:00:00,29.4,0.65,17.4,1.3,
2013-03-08 04:00:00,32.6,0.65,16.4,1.1,
2013-03-08 05:00:00,25.9,0.65,24.4,0.5,
2013-03-08 06:00:00,47.3,1.3,24.7,0.5,
2013-03-08 07:00:00,37.3,0.65,24.3,0.5,
2013-03-08 08:00:00,32.9,1.3,27.1,2.6,
2013-03-08 09:00:00,33.5,1.6,33.9,11.0,
2013-03-08 10:00:00,29.3,1.5,50.0,20.5,
2013-03-08 11:00:00,33.1,3.1,63.5,34.5,
2013-03-08 12:00:00,47.5,3.3,45.2,43.8,
2013-03-08 13:00:00,45.5,2.1,31.0,57.3,
2013-03-08 14:00:00,45.6,0.65,20.1,56.8,
2013-03-08 15:00:00,40.9,0.65,26.8,36.8,
2013-03-08 16:00:00,37.8,0.65,28.7,28.2,
2013-03-08 17:00:00,35.8,0.65,28.8,25.1,
2013-03-08 18:00:00,33.4,0.65,30.3,15.1,
2013-03-08 19:00:00,23.7,0.65,42.4,4.8,
2013-03-08 20:00:00,32.6,2.2,44.5,3.2,
2013-03-08 21:00:00,40.1,2.5,24.8,13.1,
2013-03-08 22:00:00,25.6,2.4,32.9,2.9,
2013-03-08 23:00:00,37.3,4.0,36.2,0.5,
2013-03-09 00:00:00,33.3,4.5,31.7,1.1,
2013-03-09 01:00:00,34.5,6.0,25.4,0.5,
2013-03-09 02:00:00,40.8,6.8,22.0,0.5,
2013-03-09 03:00:00,44.3,6.8,24.0,0.5,
2013-03-09 04:00:00,42.9,2.6,21.1,0.5,
2013-03-09 05:00:00,41.2,0.65,27.4,0.5,
2013-03-09 06:00:00,49.7,0.65,22.4,0.5,
2013-03-09 07:00:00,40.1,0.65,19.9,1.4,
2013-03-09 08:00:00,31.0,0.65,25.5,1.2,
2013-03-09 09:00:00,31.2,0.65,25.7,2.0,
2013-03-09 10:00:00,33.6,0.65,20.6,8.2,
2013-03-09 11:00:00,17.9,0.65,15.3,14.6,
2013-03-09 12:00:00,11.1,0.65,15.5,29.3,
2013-03-09 13:00:00,9.3,0.65,25.7,62.1,
2013-03-09 14:00:00,8.8,0.65,12.4,52.2,
2013-03-09 15:00:00,16.1,0.65,14.1,52.6,
2013-03-09 16:00:00,24.8,0.65,25.0,55.3,
2013-03-09 17:00:00,14.2,0.65,26.3,41.7,
2013-03-09 18:00:00,18.9,0.65,21.7,36.1,
2013-03-09 19:00:00,18.8,0.65,23.5,25.1,
2013-03-09 20:00:00,23.1,0.65,33.1,16.2,
2013-03-09 21:00:00,28.0,0.65,40.2,8.7,
2013-03-09 22:00:00,64.8,0.65,32.4,3.9,
2013-03-09 23:00:00,76.2,0.65,24.3,3.2,
2013-03-10 00:00:00,60.5,0.65,23.8,3.0,
2013-03-10 01:00:00,50.8,0.65,18.5,5.0,
2013-03-10 02:00:00,48.3,0.65,19.4,6.9,
2013-03-10 03:00:00,33.1,0.65,17.1,6.0,
2013-03-10 04:00:00,21.8,0.65,13.7,9.7,
2013-03-10 05:00:00,23.6,0.65,11.3,9.9,
2013-03-10 06:00:00,19.3,0.65,13.2,8.6,
2013-03-10 07:00:00,11.2,0.65,11.0,7.9,
2013-03-10 08:00:00,8.9,0.65,15.6,9.4,
2013-03-10 09:00:00,23.8,0.65,8.0,15.8,
2013-03-10 10:00:00,15.2,0.65,7.6,26.4,
2013-03-10 11:00:00,8.6,0.65,14.9,32.4,
2013-03-10 12:00:00,0.5,0.65,10.0,41.9,
2013-03-10 13:00:00,0.3,0.65,10.2,46.8,
2013-03-10 14:00:00,5.9,0.65,9.5,40.8,
2013-03-10 15:00:00,11.7,0.65,8.3,40.0,
2013-03-10 16:00:00,10.3,0.65,8.2,42.9,
2013-03-10 17:00:00,6.2,0.65,10.3,44.1,
2013-03-10 18:00:00,10.3,0.65,11.5,42.4,
2013-03-10 19:00:00,6.9,0.65,20.9,33.0,
2013-03-10 20:00:00,7.3,0.65,28.8,20.8,
2013-03-10 21:00:00,18.1,0.65,21.6,20.7,
2013-03-10 22:00:00,13.8,0.65,19.2,35.8,
2013-03-10 23:00:00,29.4,0.65,11.3,40.6,
2013-03-11 00:00:00,26.0,0.65,6.8,42.8,
2013-03-11 01:00:00,29.1,0.65,4.1,39.9,
2013-03-11 02:00:00,27.3,0.65,3.3,35.2,
2013-03-11 03:00:00,24.3,0.65,2.8,30.5,
2013-03-11 04:00:00,20.7,0.65,3.5,25.7,
2013-03-11 05:00:00,31.7,0.65,8.1,16.2,
2013-03-11 06:00:00,21.3,0.65,10.8,14.7,
2013-03-11 07:00:00,28.6,0.65,24.5,5.6,
2013-03-11 08:00:00,32.3,1.5,24.2,7.4,
2013-03-11 09:00:00,40.9,1.8,18.5,16.7,
2013-03-11 10:00:00,36.5,1.6,12.9,28.5,
2013-03-11 11:00:00,29.1,1.3,10.8,33.4,
2013-03-11 12:00:00,19.8,0.65,9.5,39.9,
2013-03-11 13:00:00,24.8,0.65,12.5,49.4,
2013-03-11 14:00:00,33.9,0.65,17.9,71.2,
2013-03-11 15:00:00,20.1,0.65,16.0,85.9,
2013-03-11 16:00:00,26.6,0.65,18.1,99.0,
2013-03-11 17:00:00,37.6,0.65,20.6,86.0,
2013-03-11 18:00:00,27.6,0.65,17.8,55.4,
2013-03-11 19:00:00,43.6,0.65,19.7,37.7,
2013-03-11 20:00:00,46.5,0.65,24.8,26.4,
2013-03-11 21:00:00,65.7,0.65,25.6,21.1,
2013-03-11 22:00:00,66.6,0.65,29.0,13.4,
2013-03-11 23:00:00,69.8,1.5,30.8,6.0,
2013-03-12 00:00:00,66.7,1.9,26.7,3.2,
2013-03-12 01:00:00,71.9,2.2,24.1,2.3,
2013-03-12 02:00:00,59.8,2.1,21.4,0.5,
2013-03-12 03:00:00,48.1,1.6,16.3,2.0,
2013-03-12 04:00:00,40.8,0.65,13.4,5.8,
2013-03-12 05:00:00,32.0,0.65,11.6,12.8,
2013-03-12 06:00:00,25.8,0.65,19.0,10.1,
2013-03-12 07:00:00,32.5,0.65,27.1,4.5,
2013-03-12 08:00:00,21.8,0.65,27.2,6.0,
2013-03-12 09:00:00,18.2,1.8,28.6,14.1,
2013-03-12 10:00:00,27.8,1.3,27.6,22.6,
2013-03-12 11:00:00,20.7,0.65,24.2,25.6,
2013-03-12 12:00:00,12.4,0.65,21.8,24.5,
2013-03-12 13:00:00,7.3,0.65,23.1,23.0,
2013-03-12 14:00:00,8.8,0.65,20.3,35.3,
2013-03-12 15:00:00,15.3,0.65,29.1,32.6,
2013-03-12 16:00:00,14.7,0.65,36.1,25.9,
2013-03-12 17:00:00,18.9,0.65,25.4,24.6,
2013-03-12 18:00:00,13.0,0.65,37.0,14.3,
2013-03-12 19:00:00,28.4,0.65,37.1,13.5,
2013-03-12 20:00:00,22.6,0.65,40.3,5.2,
2013-03-12 21:00:00,20.5,1.8,33.4,7.6,
2013-03-12 22:00:00,31.9,1.5,18.5,27.2,
2013-03-12 23:00:00,29.5,0.65,11.6,27.5,
2013-03-13 00:00:00,26.9,0.65,12.2,24.7,
2013-03-13 01:00:00,27.7,0.65,8.5,28.2,
2013-03-13 02:00:00,15.0,0.65,6.7,27.1,
2013-03-13 03:00:00,10.9,0.65,6.9,19.1,
2013-03-13 04:00:00,11.5,0.65,8.5,15.2,
2013-03-13 05:00:00,7.4,0.65,15.4,8.7,
2013-03-13 06:00:00,15.6,0.65,22.0,3.7,
2013-03-13 07:00:00,27.5,0.65,31.5,7.6,
2013-03-13 08:00:00,26.9,0.65,27.6,14.2,
2013-03-13 09:00:00,15.6,0.65,25.4,15.7,
2013-03-13 10:00:00,15.3,1.4,16.5,21.8,
2013-03-13 11:00:00,9.8,0.65,12.6,23.1,
2013-03-13 12:00:00,5.8,0.65,10.7,22.7,
2013-03-13 13:00:00,5.3,0.65,10.4,22.9,
2013-03-13 14:00:00,17.3,0.65,7.1,26.1,
2013-03-13 15:00:00,12.3,0.65,9.9,25.2,
2013-03-13 16:00:00,10.8,0.65,11.4,24.5,
2013-03-13 17:00:00,15.1,0.65,9.7,26.6,
2013-03-13 18:00:00,11.3,0.65,11.2,26.4,
2013-03-13 19:00:00,19.1,0.65,24.7,12.6,
2013-03-13 20:00:00,28.6,0.65,34.0,3.5,
2013-03-13 21:00:00,26.6,1.8,34.9,3.9,
2013-03-13 22:00:00,38.5,1.5,24.2,9.9,
2013-03-13 23:00:00,25.7,2.0,24.3,9.7,
2013-03-14 00:00:00,31.0,1.5,9.4,21.9,
2013-03-14 01:00:00,17.0,0.65,6.1,24.9,
2013-03-14 02:00:00,10.6,0.65,7.7,21.5,
2013-03-14 03:00:00,19.1,0.65,4.8,13.2,
2013-03-14 04:00:00,17.8,0.65,6.6,7.1,
2013-03-14 05:00:00,19.4,0.65,7.6,2.2,
2013-03-14 06:00:00,16.1,0.65,11.0,2.3,
2013-03-14 07:00:00,29.7,0.65,17.7,1.3,
2013-03-14 08:00:00,36.0,2.4,21.3,4.2,
2013-03-14 09:00:00,39.2,4.0,26.3,13.4,
2013-03-14 10:00:00,45.8,3.9,28.4,19.1,
2013-03-14 11:00:00,40.3,3.3,16.8,28.9,
2013-03-14 12:00:00,32.7,1.9,6.4,35.9,
2013-03-14 13:00:00,22.1,0.65,7.6,37.3,
2013-03-14 14:00:00,12.4,0.65,6.6,38.6,
2013-03-14 15:00:00,7.5,0.65,7.6,38.7,
2013-03-14 16:00:00,12.2,0.65,9.0,35.0,
2013-03-14 17:00:00,12.2,0.65,10.0,34.1,
2013-03-14 18:00:00,21.0,0.65,12.3,29.2,
2013-03-14 19:00:00,13.1,0.65,15.8,24.1,
2013-03-14 20:00:00,37.7,0.65,19.6,22.0,
2013-03-14 21:00:00,29.9,0.65,13.5,28.1,
2013-03-14 22:00:00,24.9,0.65,9.7,29.0,
2013-03-14 23:00:00,22.8,0.65,8.0,33.0,
2013-03-15 00:00:00,25.4,0.65,5.7,32.0,
2013-03-15 01:00:00,19.3,0.65,4.3,33.1,
2013-03-15 02:00:00,13.8,0.65,3.0,33.4,
2013-03-15 03:00:00,9.1,0.65,3.0,29.8,
2013-03-15 04:00:00,16.4,0.65,5.0,23.1,
2013-03-15 05:00:00,9.3,0.65,4.8,22.9,
2013-03-15 06:00:00,10.3,0.65,5.3,24.3,
2013-03-15 07:00:00,10.9,0.65,10.2,23.1,
2013-03-15 08:00:00,12.7,0.65,14.9,23.3,
2013-03-15 09:00:00,7.4,0.65,14.6,21.7,
2013-03-15 10:00:00,10.9,0.65,13.7,21.1,
2013-03-15 11:00:00,12.5,0.65,11.2,25.3,
2013-03-15 12:00:00,7.5,0.65,8.2,28.0,
2013-03-15 13:00:00,5.7,0.65,10.5,23.8,
2013-03-15 14:00:00,4.2,0.65,11.4,22.6,
2013-03-15 15:00:00,5.5,0.65,10.2,25.8,
2013-03-15 16:00:00,3.7,0.65,9.7,23.9,
2013-03-15 17:00:00,2.8,0.65,9.8,23.4,
2013-03-15 18:00:00,5.8,0.65,13.4,21.4,
2013-03-15 19:00:00,6.3,0.65,16.7,18.7,
2013-03-15 20:00:00,4.5,0.65,18.4,16.1,
2013-03-15 21:00:00,13.0,0.65,15.2,19.9,
2013-03-15 22:00:00,13.2,0.65,10.0,25.9,
2013-03-15 23:00:00,10.2,0.65,12.8,24.4,
2013-03-16 00:00:00,8.7,1.3,13.1,21.1,
2013-03-16 01:00:00,5.3,0.65,8.1,25.9,
2013-03-16 02:00:00,3.5,0.65,7.4,25.8,
2013-03-16 03:00:00,2.8,0.65,5.0,27.3,
2013-03-16 04:00:00,5.5,0.65,6.5,26.0,
2013-03-16 05:00:00,4.2,0.65,5.5,29.3,
2013-03-16 06:00:00,4.2,0.65,5.4,31.8,
2013-03-16 09:00:00,,0.65,9.9,25.1,
2013-03-16 10:00:00,,0.65,10.2,23.3,
2013-03-16 11:00:00,1.0,0.65,12.9,29.6,
2013-03-16 12:00:00,0.8,0.65,10.9,32.4,
2013-03-16 13:00:00,0.4,0.65,12.9,29.6,
2013-03-16 14:00:00,2.1,0.65,7.5,34.2,
2013-03-16 15:00:00,2.5,0.65,5.7,35.1,
2013-03-16 16:00:00,2.7,0.65,7.6,33.9,
2013-03-16 17:00:00,2.8,0.65,11.4,28.1,
2013-03-16 18:00:00,10.5,0.65,10.6,28.8,
2013-03-16 19:00:00,16.6,0.65,13.6,24.8,
2013-03-16 20:00:00,14.0,0.65,13.9,25.4,
2013-03-16 21:00:00,24.0,0.65,14.5,26.1,
2013-03-16 22:00:00,35.4,0.65,18.1,21.4,
2013-03-16 23:00:00,33.8,0.65,23.0,12.0,
2013-03-17 00:00:00,34.1,1.4,22.5,10.5,
2013-03-17 01:00:00,34.6,1.6,18.0,8.7,
2013-03-17 02:00:00,28.4,1.4,13.7,12.2,
2013-03-17 03:00:00,18.9,0.65,13.6,11.6,
2013-03-17 04:00:00,15.9,0.65,10.1,13.4,
2013-03-17 05:00:00,12.7,0.65,10.0,12.2,
2013-03-17 06:00:00,15.1,0.65,10.2,7.6,
2013-03-17 07:00:00,22.5,0.65,17.3,8.4,
2013-03-17 08:00:00,16.5,0.65,16.1,11.1,
2013-03-17 09:00:00,12.2,0.65,10.7,17.1,
2013-03-17 10:00:00,11.2,0.65,7.1,23.6,
2013-03-17 11:00:00,7.4,0.65,7.0,28.6,
2013-03-17 12:00:00,5.2,0.65,6.2,37.2,
2013-03-17 13:00:00,11.3,0.65,4.7,37.7,
2013-03-17 14:00:00,9.7,0.65,5.4,37.8,
2013-03-17 15:00:00,6.4,0.65,3.8,40.5,
2013-03-17 16:00:00,4.8,0.65,3.8,40.8,
2013-03-17 17:00:00,7.3,0.65,3.9,40.2,
2013-03-17 18:00:00,10.8,0.65,4.2,39.5,
2013-03-17 19:00:00,14.9,0.65,8.3,34.9,
2013-03-17 20:00:00,18.4,0.65,15.9,25.4,
2013-03-17 21:00:00,16.7,0.65,22.1,18.3,
2013-03-17 22:00:00,22.5,0.65,25.2,13.3,
2013-03-17 23:00:00,39.9,0.65,24.1,7.5,
2013-03-18 00:00:00,40.8,1.5,22.8,3.6,
2013-03-18 01:00:00,48.7,2.2,16.9,3.0,
2013-03-18 02:00:00,41.2,1.8,16.0,1.5,
2013-03-18 03:00:00,33.7,0.65,10.9,4.3,
2013-03-18 04:00:00,26.1,0.65,9.4,3.8,
2013-03-18 05:00:00,23.3,0.65,9.3,2.4,
2013-03-18 06:00:00,22.3,0.65,9.6,0.5,
2013-03-18 07:00:00,16.7,0.65,13.3,0.5,
2013-03-18 08:00:00,23.4,0.65,18.8,2.2,
2013-03-18 09:00:00,33.4,1.7,21.1,9.5,
2013-03-18 10:00:00,39.6,0.65,10.8,27.1,
2013-03-18 11:00:00,26.2,0.65,7.7,38.7,
2013-03-18 12:00:00,15.3,0.65,5.3,38.8,
2013-03-18 13:00:00,16.7,0.65,4.4,38.7,
2013-03-18 14:00:00,21.4,0.65,5.0,38.3,
2013-03-18 15:00:00,25.5,0.65,3.7,39.9,
2013-03-18 16:00:00,28.4,0.65,6.7,37.8,
2013-03-18 17:00:00,34.0,0.65,7.3,36.1,
2013-03-18 18:00:00,44.3,0.65,9.9,35.0,
2013-03-18 19:00:00,36.3,0.65,17.1,27.3,
2013-03-18 20:00:00,32.9,0.65,18.9,25.9,
2013-03-18 21:00:00,39.1,0.65,13.0,26.4,
2013-03-18 22:00:00,33.2,0.65,9.9,24.8,
2013-03-18 23:00:00,26.8,0.65,12.2,23.0,
2013-03-19 00:00:00,22.0,0.65,17.9,14.9,
2013-03-19 01:00:00,17.6,0.65,15.0,12.5,
2013-03-19 02:00:00,23.0,0.65,12.6,11.2,
2013-03-19 03:00:00,21.4,0.65,13.1,8.1,
2013-03-19 04:00:00,25.4,0.65,10.6,10.3,
2013-03-19 05:00:00,19.6,0.65,9.7,13.8,
2013-03-19 06:00:00,11.8,0.65,13.7,9.7,
2013-03-19 07:00:00,19.2,0.65,21.9,4.6,
2013-03-19 08:00:00,23.6,0.65,25.0,6.4,
2013-03-19 09:00:00,27.2,1.4,11.5,21.4,
2013-03-19 10:00:00,16.9,0.65,7.6,32.4,
2013-03-19 11:00:00,10.1,0.65,6.5,39.1,
2013-03-19 12:00:00,10.5,0.65,8.4,39.1,
2013-03-19 13:00:00,7.4,0.65,5.3,40.3,
2013-03-19 14:00:00,13.2,0.65,5.7,38.8,
2013-03-19 15:00:00,17.2,0.65,7.4,37.5,
2013-03-19 16:00:00,13.6,0.65,11.4,33.8,
2013-03-19 17:00:00,22.8,0.65,9.8,34.4,
2013-03-19 18:00:00,27.2,0.65,16.0,28.3,
2013-03-19 19:00:00,29.1,0.65,21.6,24.8,
2013-03-19 20:00:00,43.1,0.65,15.4,26.0,
2013-03-19 21:00:00,45.1,0.65,21.7,19.4,
2013-03-19 22:00:00,35.8,0.65,19.5,20.8,
2013-03-19 23:00:00,29.3,0.65,15.2,22.8,
2013-03-20 00:00:00,23.8,0.65,13.4,18.3,
2013-03-20 01:00:00,22.3,0.65,9.9,19.0,
2013-03-20 02:00:00,19.1,0.65,12.2,19.7,
2013-03-20 03:00:00,27.1,0.65,6.3,22.4,
2013-03-20 04:00:00,19.9,0.65,10.0,18.0,
2013-03-20 05:00:00,12.4,0.65,7.4,19.9,
2013-03-20 06:00:00,8.3,0.65,7.7,21.1,
2013-03-20 07:00:00,7.6,0.65,8.3,23.2,
2013-03-20 08:00:00,5.5,0.65,14.3,21.9,
2013-03-20 09:00:00,4.4,0.65,11.3,22.6,
2013-03-20 10:00:00,9.7,0.65,16.2,16.9,
2013-03-20 11:00:00,19.7,1.5,21.9,7.2,
2013-03-20 12:00:00,28.3,2.2,33.6,0.5,
2013-03-20 13:00:00,36.0,2.3,31.0,1.3,
2013-03-20 14:00:00,23.9,2.5,25.0,5.2,
2013-03-20 15:00:00,12.8,2.4,17.7,20.7,
2013-03-20 16:00:00,8.2,1.8,18.2,19.1,
2013-03-20 17:00:00,7.6,1.4,20.2,11.9,
2013-03-20 18:00:00,8.8,1.8,23.9,6.8,
2013-03-20 19:00:00,13.2,2.5,28.1,1.5,
2013-03-20 20:00:00,12.0,2.8,27.6,2.7,
2013-03-20 21:00:00,10.4,2.5,20.8,8.1,
2013-03-20 22:00:00,8.0,2.1,22.3,5.4,
2013-03-20 23:00:00,5.1,1.8,10.6,19.7,
2013-03-21 00:00:00,13.1,2.1,30.6,5.1,
2013-03-21 01:00:00,17.8,2.5,34.3,3.6,
2013-03-21 02:00:00,18.3,3.0,27.1,0.5,
2013-03-21 03:00:00,24.7,3.2,27.5,0.5,
2013-03-21 04:00:00,18.2,1.5,24.1,0.5,
2013-03-21 05:00:00,20.4,0.65,18.8,0.5,
2013-03-21 06:00:00,13.7,0.65,21.4,0.5,
2013-03-21 07:00:00,24.2,0.65,26.6,1.0,
2013-03-21 08:00:00,37.9,4.2,34.5,0.5,
2013-03-21 09:00:00,43.9,11.2,50.8,22.0,
2013-03-21 10:00:00,51.5,49.0,22.2,23.6,
2013-03-21 11:00:00,34.2,17.0,16.3,33.4,
2013-03-21 12:00:00,23.9,8.5,13.7,36.6,
2013-03-21 13:00:00,15.2,4.6,14.5,37.2,
2013-03-21 14:00:00,9.4,25.2,24.2,31.3,
2013-03-21 15:00:00,23.1,46.8,19.7,31.2,
2013-03-21 16:00:00,18.1,10.9,18.5,30.4,
2013-03-21 17:00:00,10.4,4.9,15.9,32.6,
2013-03-21 18:00:00,7.0,1.9,27.5,19.8,
2013-03-21 19:00:00,11.8,0.65,36.6,7.8,
2013-03-21 20:00:00,16.0,0.65,39.5,3.7,
2013-03-21 21:00:00,25.8,0.65,27.5,11.6,
2013-03-21 22:00:00,20.7,0.65,26.4,13.3,
2013-03-21 23:00:00,25.1,0.65,24.4,16.9,
2013-03-22 00:00:00,17.0,0.65,21.5,20.4,
2013-03-22 01:00:00,14.9,0.65,16.6,22.4,
2013-03-22 02:00:00,16.9,0.65,9.2,26.5,
2013-03-22 03:00:00,18.6,0.65,9.8,25.0,
2013-03-22 04:00:00,15.4,0.65,9.5,22.2,
2013-03-22 05:00:00,9.9,0.65,9.2,22.3,
2013-03-22 06:00:00,10.8,0.65,10.9,17.8,
2013-03-22 07:00:00,8.7,0.65,25.9,6.4,
2013-03-22 08:00:00,20.2,0.65,30.3,5.1,
2013-03-22 09:00:00,21.9,0.65,16.9,10.3,
2013-03-22 10:00:00,19.5,1.5,10.0,20.1,
2013-03-22 11:00:00,19.0,0.65,10.5,35.8,
2013-03-22 12:00:00,12.9,0.65,9.3,43.7,
2013-03-22 13:00:00,8.4,0.65,9.1,46.6,
2013-03-22 14:00:00,5.7,0.65,8.1,46.4,
2013-03-22 15:00:00,4.4,0.65,9.0,46.2,
2013-03-22 16:00:00,4.0,0.65,9.4,49.7,
2013-03-22 17:00:00,7.9,0.65,12.6,49.9,
2013-03-22 18:00:00,7.0,0.65,14.3,48.6,
2013-03-22 19:00:00,18.3,0.65,37.5,23.9,
2013-03-22 20:00:00,49.5,0.65,38.9,16.0,
2013-03-22 21:00:00,65.5,1.7,50.6,4.4,
2013-03-22 22:00:00,75.0,2.6,47.9,5.0,
2013-03-22 23:00:00,87.7,4.5,38.7,4.7,
2013-03-23 00:00:00,97.0,4.6,29.6,5.1,
2013-03-23 01:00:00,87.7,4.8,21.7,2.9,
2013-03-23 02:00:00,65.1,3.7,20.6,6.0,
2013-03-23 03:00:00,50.6,2.7,17.3,7.1,
2013-03-23 04:00:00,41.6,0.65,17.0,6.5,
2013-03-23 05:00:00,33.2,0.65,15.6,3.6,
2013-03-23 06:00:00,35.4,0.65,15.2,1.8,
2013-03-23 07:00:00,26.8,0.65,17.2,1.1,
2013-03-23 08:00:00,39.8,0.65,20.7,6.1,
2013-03-23 09:00:00,45.0,2.3,25.1,9.6,
2013-03-23 10:00:00,41.2,35.7,23.3,29.8,
2013-03-23 11:00:00,40.9,9.0,18.1,43.5,
2013-03-23 12:00:00,36.6,2.4,9.2,53.1,
2013-03-23 13:00:00,28.6,0.65,12.0,62.4,
2013-03-23 14:00:00,25.3,0.65,11.5,77.5,
2013-03-23 15:00:00,27.3,0.65,10.8,80.7,
2013-03-23 16:00:00,24.0,0.65,11.1,73.9,
2013-03-23 17:00:00,23.0,0.65,10.6,60.7,
2013-03-23 18:00:00,21.4,0.65,9.6,52.3,
2013-03-23 19:00:00,34.8,0.65,11.8,42.7,
2013-03-23 20:00:00,53.9,0.65,17.9,34.2,
2013-03-23 21:00:00,70.0,0.65,18.7,29.0,
2013-03-23 22:00:00,66.2,0.65,23.6,24.7,
2013-03-23 23:00:00,64.6,0.65,23.0,16.5,
2013-03-24 00:00:00,50.0,0.65,18.8,18.2,
2013-03-24 01:00:00,44.4,0.65,21.3,9.0,
2013-03-24 02:00:00,53.8,0.65,21.4,3.4,
2013-03-24 03:00:00,46.9,0.65,19.1,7.0,
2013-03-24 04:00:00,43.5,0.65,16.2,9.2,
2013-03-24 05:00:00,30.3,0.65,14.0,8.3,
2013-03-24 06:00:00,23.4,0.65,11.8,4.2,
2013-03-24 07:00:00,29.6,0.65,14.0,0.5,
2013-03-24 08:00:00,28.4,0.65,16.9,2.3,
2013-03-24 09:00:00,24.2,0.65,23.5,14.5,
2013-03-24 10:00:00,37.9,8.0,26.1,25.4,
2013-03-24 11:00:00,43.5,4.5,12.9,28.3,
2013-03-24 12:00:00,35.6,2.5,11.7,33.3,
2013-03-24 13:00:00,39.5,1.5,10.4,48.6,
2013-03-24 14:00:00,37.6,0.65,8.5,54.0,
2013-03-24 15:00:00,24.9,0.65,9.3,51.5,
2013-03-24 16:00:00,21.6,0.65,8.5,47.3,
2013-03-24 17:00:00,34.8,0.65,8.3,46.1,
2013-03-24 18:00:00,43.0,0.65,10.8,41.4,
2013-03-24 19:00:00,46.4,0.65,14.5,34.8,
2013-03-24 20:00:00,56.9,0.65,18.0,30.2,
2013-03-24 21:00:00,53.8,0.65,18.8,26.1,
2013-03-24 22:00:00,55.1,0.65,26.2,17.6,
2013-03-24 23:00:00,54.2,0.65,29.5,10.8,
2013-03-25 00:00:00,41.5,0.65,22.6,10.1,
2013-03-25 01:00:00,56.8,0.65,17.3,10.7,
2013-03-25 02:00:00,42.3,0.65,17.8,5.6,
2013-03-25 03:00:00,28.9,0.65,13.6,7.8,
2013-03-25 04:00:00,26.7,0.65,11.4,5.1,
2013-03-25 05:00:00,29.7,0.65,9.4,3.1,
2013-03-25 06:00:00,25.5,0.65,12.9,0.5,
2013-03-25 07:00:00,23.5,1.8,17.8,0.5,
2013-03-25 08:00:00,36.3,3.6,23.0,1.4,
2013-03-25 09:00:00,45.8,4.6,29.6,7.9,
2013-03-25 10:00:00,56.1,10.8,39.3,34.8,
2013-03-25 11:00:00,46.2,7.3,20.2,35.8,
2013-03-25 12:00:00,33.9,4.2,11.5,43.9,
2013-03-25 13:00:00,27.8,3.2,10.1,47.7,
2013-03-25 14:00:00,22.2,2.4,10.6,46.8,
2013-03-25 15:00:00,19.6,1.7,10.5,64.6,
2013-03-25 16:00:00,23.8,0.65,12.3,63.2,
2013-03-25 17:00:00,16.3,0.65,13.3,53.5,
2013-03-25 18:00:00,32.1,1.7,16.2,45.3,
2013-03-25 19:00:00,52.6,1.6,22.7,30.8,
2013-03-25 20:00:00,56.4,1.8,31.8,15.5,
2013-03-25 21:00:00,62.8,1.9,27.2,14.7,
2013-03-25 22:00:00,52.8,1.9,24.5,14.0,
2013-03-25 23:00:00,53.0,2.0,18.2,17.7,
2013-03-26 00:00:00,37.8,1.8,18.1,14.6,
2013-03-26 01:00:00,37.7,1.7,18.5,4.6,
2013-03-26 02:00:00,34.9,1.8,15.9,2.7,
2013-03-26 03:00:00,32.2,1.8,15.0,1.0,
2013-03-26 04:00:00,40.2,0.65,17.6,0.5,
2013-03-26 05:00:00,40.8,0.65,22.0,0.5,
2013-03-26 06:00:00,35.5,1.8,21.7,0.5,
2013-03-26 07:00:00,37.9,6.5,26.4,0.5,
2013-03-26 08:00:00,40.4,6.7,37.4,1.5,
2013-03-26 09:00:00,35.9,6.7,27.1,5.9,
2013-03-26 10:00:00,38.8,5.9,24.7,21.8,
2013-03-26 11:00:00,33.8,5.6,25.4,35.2,
2013-03-26 12:00:00,30.5,12.3,21.3,47.4,
2013-03-26 13:00:00,27.5,7.7,15.7,46.3,
2013-03-26 14:00:00,21.4,3.9,12.9,42.2,
2013-03-26 15:00:00,29.5,2.1,22.9,27.7,
2013-03-26 16:00:00,24.2,1.6,27.1,26.5,
2013-03-26 17:00:00,22.9,1.3,22.3,27.3,
2013-03-26 18:00:00,25.4,2.3,45.8,10.3,
2013-03-26 19:00:00,26.4,6.0,56.1,4.8,
2013-03-26 20:00:00,36.6,11.2,48.1,1.2,
2013-03-26 21:00:00,43.0,9.2,44.6,0.5,
2013-03-26 22:00:00,41.0,9.0,37.9,0.5,
2013-03-26 23:00:00,49.4,9.3,35.2,0.5,
2013-03-27 00:00:00,36.4,9.0,37.0,0.5,
2013-03-27 01:00:00,36.4,7.7,30.3,2.5,
2013-03-27 02:00:00,34.4,6.6,30.8,1.6,
2013-03-27 03:00:00,33.5,6.6,22.6,2.8,
2013-03-27 04:00:00,20.4,3.3,18.7,2.6,
2013-03-27 05:00:00,15.3,0.65,19.5,6.1,
2013-03-27 06:00:00,12.3,3.4,20.6,7.1,
2013-03-27 07:00:00,16.3,1.5,29.4,6.4,
2013-03-27 08:00:00,15.7,1.3,33.5,4.2,
2013-03-27 09:00:00,21.2,1.3,26.2,9.8,
2013-03-27 10:00:00,18.5,1.7,21.5,16.6,
2013-03-27 11:00:00,12.5,0.65,15.7,36.1,
2013-03-27 12:00:00,14.1,0.65,11.4,46.7,
2013-03-27 13:00:00,15.1,0.65,12.2,51.4,
2013-03-27 14:00:00,10.1,0.65,10.5,55.7,
2013-03-27 15:00:00,7.6,0.65,6.6,58.5,
2013-03-27 16:00:00,8.0,0.65,9.7,53.6,
2013-03-27 17:00:00,13.2,0.65,15.3,45.1,
2013-03-27 18:00:00,10.5,0.65,19.4,38.9,
2013-03-27 19:00:00,16.8,0.65,26.3,29.8,
2013-03-27 20:00:00,22.0,0.65,25.6,25.2,
2013-03-27 21:00:00,23.3,0.65,16.5,26.6,
2013-03-27 22:00:00,22.9,0.65,19.6,19.5,
2013-03-27 23:00:00,29.2,0.65,21.5,10.6,
2013-03-28 00:00:00,26.6,0.65,24.7,5.3,
2013-03-28 01:00:00,21.4,0.65,17.1,10.0,
2013-03-28 02:00:00,24.8,0.65,21.6,1.2,
2013-03-28 03:00:00,25.7,0.65,22.1,0.5,
2013-03-28 04:00:00,24.7,0.65,17.2,1.3,
2013-03-28 05:00:00,22.2,0.65,17.8,0.5,
2013-03-28 06:00:00,23.7,0.65,19.3,0.5,
2013-03-28 07:00:00,28.6,0.65,34.0,0.5,
2013-03-28 08:00:00,36.6,2.9,45.4,1.3,
2013-03-28 09:00:00,41.1,3.3,28.5,4.2,
2013-03-28 10:00:00,36.5,2.8,18.7,12.0,
2013-03-28 11:00:00,22.2,2.1,19.8,19.1,
2013-03-28 12:00:00,25.8,0.65,12.6,26.6,
2013-03-28 13:00:00,25.5,0.65,9.3,32.7,
2013-03-28 14:00:00,15.3,0.65,7.6,37.4,
2013-03-28 15:00:00,7.6,0.65,9.2,39.2,
2013-03-28 16:00:00,4.4,0.65,9.2,40.7,
2013-03-28 17:00:00,19.5,0.65,10.3,39.4,
2013-03-28 18:00:00,29.3,0.65,15.2,31.2,
2013-03-28 19:00:00,33.5,0.65,21.5,27.1,
2013-03-28 20:00:00,38.8,0.65,36.2,13.4,
2013-03-28 21:00:00,41.3,0.65,37.2,12.1,
2013-03-28 22:00:00,35.0,0.65,27.1,17.0,
2013-03-28 23:00:00,40.5,0.65,32.7,6.6,
2013-03-29 00:00:00,35.2,0.65,27.5,4.1,
2013-03-29 01:00:00,36.1,0.65,20.3,4.1,
2013-03-29 02:00:00,41.0,0.65,18.5,2.0,
2013-03-29 03:00:00,30.3,0.65,15.8,0.5,
2013-03-29 04:00:00,22.8,0.65,13.7,0.5,
2013-03-29 05:00:00,25.3,0.65,11.1,0.5,
2013-03-29 06:00:00,26.8,0.65,10.5,0.5,
2013-03-29 07:00:00,20.3,0.65,10.4,0.5,
2013-03-29 08:00:00,26.1,0.65,13.2,1.2,
2013-03-29 09:00:00,26.0,0.65,21.3,13.0,
2013-03-29 10:00:00,18.1,0.65,10.6,39.0,
2013-03-29 11:00:00,15.7,0.65,12.7,41.9,
2013-03-29 12:00:00,14.4,0.65,7.8,44.4,
2013-03-29 13:00:00,18.5,0.65,8.5,53.1,
2013-03-29 14:00:00,12.5,0.65,6.3,51.0,
2013-03-29 15:00:00,14.0,0.65,5.5,45.2,
2013-03-29 16:00:00,13.4,0.65,6.0,44.0,
2013-03-29 17:00:00,15.4,0.65,4.0,45.4,
2013-03-29 18:00:00,18.3,0.65,5.8,42.0,
2013-03-29 19:00:00,32.2,0.65,5.5,34.3,
2013-03-29 20:00:00,37.5,0.65,7.3,28.8,
2013-03-29 21:00:00,31.3,0.65,8.2,25.7,
2013-03-29 22:00:00,33.6,0.65,9.5,22.6,
2013-03-29 23:00:00,41.5,0.65,9.1,20.3,
2013-03-30 00:00:00,29.9,0.65,11.0,15.5,
2013-03-30 01:00:00,28.7,0.65,11.1,11.7,
2013-03-30 02:00:00,23.2,0.65,8.1,13.5,
2013-03-30 03:00:00,18.5,0.65,6.8,12.1,
2013-03-30 04:00:00,19.3,0.65,7.5,6.8,
2013-03-30 05:00:00,12.7,0.65,8.5,3.6,
2013-03-30 06:00:00,11.6,0.65,7.5,3.8,
2013-03-30 07:00:00,8.1,0.65,10.2,2.1,
2013-03-30 08:00:00,9.7,0.65,19.7,1.2,
2013-03-30 09:00:00,20.9,0.65,11.7,14.2,
2013-03-30 10:00:00,20.6,0.65,9.8,23.1,
2013-03-30 11:00:00,12.6,1.4,10.4,31.4,
2013-03-30 12:00:00,8.8,0.65,8.3,43.1,
2013-03-30 13:00:00,13.9,0.65,10.7,43.0,
2013-03-30 14:00:00,19.2,0.65,8.7,45.9,
2013-03-30 15:00:00,13.7,0.65,8.1,43.5,
2013-03-30 16:00:00,8.4,0.65,8.2,44.0,
2013-03-30 17:00:00,17.9,0.65,10.6,45.1,
2013-03-30 18:00:00,17.3,0.65,9.3,47.3,
2013-03-30 19:00:00,31.6,0.65,13.3,38.1,
2013-03-30 20:00:00,67.4,0.65,27.0,24.3,
2013-03-30 21:00:00,94.4,2.0,27.8,15.0,
2013-03-30 22:00:00,106.6,3.0,33.9,6.3,
2013-03-30 23:00:00,103.2,3.8,24.5,2.2,
2013-03-31 00:00:00,91.8,4.0,20.8,0.5,
2013-03-31 01:00:00,81.3,4.1,21.5,0.5,
2013-03-31 02:00:00,,0.65,20.5,0.5,
2013-03-31 03:00:00,46.5,0.65,17.0,0.5,
2013-03-31 04:00:00,45.8,0.65,13.1,0.5,
2013-03-31 05:00:00,41.0,0.65,10.3,0.5,
2013-03-31 06:00:00,35.5,0.65,7.6,0.5,
2013-03-31 07:00:00,33.0,0.65,7.5,0.5,
2013-03-31 08:00:00,29.2,0.65,9.8,1.4,
2013-03-31 09:00:00,39.3,0.65,8.7,7.5,
2013-03-31 10:00:00,26.9,0.65,12.6,24.0,
2013-03-31 11:00:00,25.8,0.65,11.5,34.3,
2013-03-31 12:00:00,17.6,0.65,10.8,35.7,
2013-03-31 13:00:00,9.7,0.65,14.0,42.3,
2013-03-31 14:00:00,16.7,0.65,8.8,55.3,
2013-03-31 15:00:00,17.1,0.65,9.6,52.0,
2013-03-31 16:00:00,31.4,0.65,7.9,56.6,
2013-03-31 17:00:00,23.8,0.65,7.6,61.1,
2013-03-31 18:00:00,15.6,0.65,7.7,52.8,
2013-03-31 19:00:00,22.0,0.65,12.4,53.2,
2013-03-31 20:00:00,40.0,0.65,21.6,39.7,
2013-03-31 21:00:00,62.2,0.65,14.3,35.2,
2013-03-31 22:00:00,64.3,0.65,15.6,32.1,
2013-03-31 23:00:00,61.7,0.65,13.7,33.2,
2013-04-01 00:00:00,58.7,0.65,13.2,30.2,
2013-04-01 01:00:00,51.8,0.65,16.2,20.4,
2013-04-01 02:00:00,41.7,0.65,14.5,8.6,
2013-04-01 03:00:00,32.2,0.65,12.5,3.8,
2013-04-01 04:00:00,39.2,0.65,14.6,0.5,
2013-04-01 05:00:00,32.3,0.65,16.9,0.5,
2013-04-01 06:00:00,33.7,0.65,17.4,0.5,
2013-04-01 07:00:00,28.2,0.65,19.9,0.5,
2013-04-01 08:00:00,41.7,3.6,30.2,1.2,
2013-04-01 09:00:00,65.0,7.1,64.9,4.3,
2013-04-01 10:00:00,76.7,9.7,49.3,22.8,
2013-04-01 11:00:00,55.8,8.5,45.9,48.8,
2013-04-01 12:00:00,54.0,6.2,23.5,70.7,
2013-04-01 13:00:00,56.8,4.2,13.6,59.9,
2013-04-01 14:00:00,43.9,2.2,9.2,50.6,
2013-04-01 15:00:00,32.1,0.65,11.5,52.3,
2013-04-01 16:00:00,37.0,0.65,10.3,45.4,
2013-05-22 17:00:00,16.1,1.3,31.7,20.9,
2013-05-22 18:00:00,24.2,1.3,40.2,13.0,
2013-05-22 19:00:00,32.8,1.6,45.6,4.2,
2013-05-22 20:00:00,41.1,2.9,46.0,0.5,
2013-05-22 21:00:00,53.7,4.2,43.1,0.5,
2013-05-22 22:00:00,61.8,5.0,35.3,0.5,
2013-05-22 23:00:00,63.0,5.4,28.4,0.5,
2013-05-23 00:00:00,59.1,4.5,24.0,0.5,
2013-05-23 01:00:00,52.0,1.6,19.8,0.5,
2013-05-23 02:00:00,50.7,0.65,15.7,0.5,
2013-05-23 03:00:00,42.6,0.65,14.8,0.5,
2013-05-23 04:00:00,26.3,0.65,16.4,0.5,
2013-05-23 05:00:00,25.3,0.65,17.1,0.5,
2013-05-23 06:00:00,31.0,0.65,19.4,0.5,
2013-05-23 07:00:00,35.5,0.65,21.9,0.5,
2013-05-23 08:00:00,33.5,0.65,25.8,0.5,
2013-05-23 09:00:00,34.0,0.65,26.5,1.6,
2013-05-23 10:00:00,38.4,0.65,28.6,8.0,
2013-05-23 11:00:00,36.6,0.65,22.3,20.6,
2013-05-23 12:00:00,26.6,0.65,15.1,29.5,
2013-05-23 13:00:00,16.1,0.65,11.4,36.4,
2013-05-23 14:00:00,12.1,0.65,10.7,45.3,
2013-05-23 15:00:00,8.5,0.65,7.8,46.3,
2013-05-23 16:00:00,5.6,0.65,9.5,42.3,
2013-05-23 17:00:00,8.7,0.65,11.3,40.5,
2013-05-23 18:00:00,12.1,0.65,17.0,34.9,
2013-05-23 19:00:00,14.1,0.65,18.4,32.3,
2013-05-23 20:00:00,17.0,0.65,16.3,31.9,
2013-05-23 21:00:00,18.9,0.65,13.4,32.6,
2013-05-23 22:00:00,13.5,0.65,23.0,23.6,
2013-05-23 23:00:00,23.9,0.65,16.3,25.7,
2013-05-24 00:00:00,20.7,0.65,16.1,20.7,
2013-05-24 01:00:00,24.6,0.65,17.1,15.7,
2013-05-24 02:00:00,18.4,0.65,24.1,5.7,
2013-05-24 03:00:00,11.5,0.65,22.0,2.9,
2013-05-24 04:00:00,16.4,0.65,17.4,1.1,
2013-05-24 05:00:00,13.0,0.65,19.2,0.5,
2013-05-24 06:00:00,7.6,1.3,27.4,0.5,
2013-05-24 07:00:00,15.7,1.8,30.3,0.5,
2013-05-24 08:00:00,24.4,3.1,31.5,0.5,
2013-05-24 09:00:00,31.4,4.7,35.4,0.5,
2013-05-24 10:00:00,32.9,7.2,42.7,1.7,
2013-05-24 11:00:00,45.6,8.1,51.8,9.0,
2013-05-24 12:00:00,43.0,6.4,25.4,6.1,
2013-05-24 13:00:00,38.3,4.4,26.4,31.1,
2013-05-24 14:00:00,35.9,4.3,25.3,44.8,
2013-05-24 15:00:00,21.3,3.5,21.6,29.9,
2013-05-24 16:00:00,21.1,2.8,18.8,29.6,
2013-05-26 17:00:00,21.1,1.3,26.2,37.4,
2013-05-26 18:00:00,29.2,3.4,52.4,2.2,
2013-05-26 19:00:00,60.0,4.5,37.2,7.9,
2013-05-26 20:00:00,82.3,7.0,43.6,1.8,
2013-05-26 21:00:00,102.3,7.4,27.3,0.5,
2013-05-26 22:00:00,77.2,6.2,22.9,0.5,
2013-05-26 23:00:00,75.1,5.0,19.2,0.5,
2013-05-27 00:00:00,60.9,0.65,11.4,0.5,
2013-05-27 01:00:00,50.4,0.65,10.7,0.5,
2013-05-27 02:00:00,46.3,0.65,11.6,0.5,
2013-05-27 03:00:00,40.4,0.65,11.3,0.5,
2013-05-27 04:00:00,39.0,0.65,9.4,0.5,
2013-05-27 05:00:00,38.0,0.65,10.9,0.5,
2013-05-27 06:00:00,36.5,0.65,10.7,0.5,
2013-05-27 07:00:00,36.1,0.65,22.0,0.5,
2013-05-27 08:00:00,51.0,2.8,23.6,0.5,
2013-05-27 09:00:00,71.7,3.7,23.9,0.5,
2013-05-27 10:00:00,66.6,4.7,76.0,2.8,
2013-05-27 11:00:00,78.8,5.1,56.4,9.6,
2013-05-27 12:00:00,66.4,4.2,40.5,20.0,
2013-05-27 13:00:00,43.0,3.1,31.8,30.4,
2013-05-27 14:00:00,27.6,0.65,24.9,37.2,
2013-05-27 15:00:00,33.7,0.65,14.7,44.1,
2013-05-27 16:00:00,24.2,0.65,25.5,44.1,
2013-05-27 17:00:00,21.3,0.65,33.4,41.0,
2013-05-27 18:00:00,21.1,0.65,57.9,16.5,
2013-05-27 19:00:00,57.3,0.65,72.1,1.6,
2013-05-27 20:00:00,98.3,0.65,70.6,1.6,
2013-05-27 21:00:00,118.1,0.65,40.8,19.7,
2013-05-27 22:00:00,104.9,0.65,50.2,2.4,
2013-05-27 23:00:00,82.1,0.65,39.1,3.0,
2013-05-28 00:00:00,71.9,0.65,29.2,0.5,
2013-05-28 01:00:00,57.7,0.65,19.4,0.5,
2013-05-28 02:00:00,49.6,0.65,17.9,0.5,
2013-05-28 03:00:00,49.5,0.65,21.2,0.5,
2013-05-28 04:00:00,43.9,0.65,17.3,0.5,
2013-05-28 05:00:00,36.7,0.65,13.9,0.5,
2013-05-28 06:00:00,35.2,0.65,13.3,0.5,
2013-05-28 07:00:00,30.5,0.65,19.9,0.5,
2013-05-28 08:00:00,37.8,0.65,19.1,0.5,
2013-05-28 09:00:00,51.4,4.1,26.0,0.5,
2013-05-28 10:00:00,84.5,1.6,39.7,3.0,
2013-05-28 11:00:00,83.8,1.4,35.2,11.5,
2013-05-28 12:00:00,58.0,0.65,36.2,23.2,
2013-05-28 13:00:00,46.0,0.65,17.3,33.0,
2013-05-28 14:00:00,36.5,0.65,16.8,31.9,
2013-05-28 15:00:00,22.7,0.65,24.9,26.2,
2013-05-28 16:00:00,29.2,0.65,31.3,17.3,
2013-05-28 17:00:00,48.8,0.65,30.9,11.9,
2013-05-28 18:00:00,60.7,0.65,40.7,4.9,
2013-05-28 19:00:00,60.1,0.65,45.4,0.5,
2013-05-28 20:00:00,73.4,0.65,40.9,3.4,
2013-05-28 21:00:00,75.1,0.65,38.8,1.3,
2013-05-28 22:00:00,57.6,0.65,39.9,0.5,
2013-05-28 23:00:00,51.1,0.65,38.6,0.5,
2013-05-29 00:00:00,48.0,2.4,35.0,0.5,
2013-05-29 01:00:00,44.0,1.8,32.4,0.5,
2013-05-29 02:00:00,38.1,1.4,31.3,2.0,
2013-05-29 03:00:00,26.4,0.65,27.7,0.5,
2013-05-29 04:00:00,24.2,0.65,24.1,0.5,
2013-05-29 05:00:00,22.1,0.65,15.3,15.7,
2013-05-29 06:00:00,19.8,0.65,6.3,32.3,
2013-05-29 07:00:00,13.2,0.65,14.1,30.1,
2013-05-29 08:00:00,12.5,0.65,17.2,32.4,
2013-05-29 09:00:00,14.8,0.65,16.7,28.6,
2013-05-29 10:00:00,23.2,0.65,19.4,21.7,
2013-05-29 11:00:00,25.7,0.65,31.5,13.6,
2013-05-29 12:00:00,21.1,0.65,20.9,22.7,
2013-05-29 13:00:00,12.8,0.65,13.4,25.1,
2013-05-29 14:00:00,12.7,0.65,21.6,19.4,
2013-05-29 15:00:00,9.8,0.65,30.7,5.9,
2013-05-29 16:00:00,6.5,0.65,36.6,10.0,
2013-05-29 17:00:00,12.7,0.65,50.2,5.1,
2013-05-29 18:00:00,23.2,0.65,41.1,5.2,
2013-05-29 19:00:00,21.4,0.65,30.1,6.7,
2013-05-29 20:00:00,20.0,0.65,31.6,6.3,
2013-05-29 21:00:00,14.1,1.6,26.0,12.6,
2013-05-29 22:00:00,20.8,0.65,17.5,23.0,
2013-05-29 23:00:00,16.7,0.65,19.5,22.4,
2013-05-30 00:00:00,9.3,0.65,19.6,24.4,
2013-05-30 01:00:00,10.1,4.7,26.9,19.1,
2013-05-30 02:00:00,7.6,4.1,18.9,26.8,
2013-05-30 03:00:00,4.7,2.9,13.7,27.8,
2013-05-30 04:00:00,7.2,0.65,9.4,28.3,
2013-05-30 05:00:00,6.2,0.65,8.2,31.9,
2013-05-30 06:00:00,4.9,0.65,11.4,27.7,
2013-05-30 07:00:00,4.6,0.65,16.7,24.1,
2013-05-30 08:00:00,11.3,0.65,32.2,5.6,
2013-05-30 09:00:00,18.2,0.65,32.0,8.5,
2013-05-30 10:00:00,18.0,14.3,34.5,24.5,
2013-05-30 11:00:00,25.3,3.9,11.5,34.7,
2013-05-30 12:00:00,29.4,1.3,9.6,38.1,
2013-05-30 13:00:00,31.6,0.65,9.2,39.5,
2013-05-30 14:00:00,31.9,0.65,11.0,38.3,
2013-05-30 15:00:00,28.0,0.65,10.1,42.7,
2013-05-30 16:00:00,17.6,0.65,11.2,43.0,
2013-05-30 17:00:00,14.1,0.65,13.9,39.4,
2013-05-30 18:00:00,18.7,0.65,30.3,20.7,
2013-05-30 19:00:00,32.4,0.65,29.6,19.5,
2013-05-30 20:00:00,27.1,0.65,43.1,6.0,
2013-05-30 21:00:00,32.6,2.8,40.8,2.0,
2013-05-30 22:00:00,42.0,3.3,43.8,0.5,
2013-05-30 23:00:00,42.2,3.6,39.7,0.5,
2013-05-31 00:00:00,46.2,2.9,32.8,1.4,
2013-05-31 01:00:00,43.0,0.65,26.7,2.7,
2013-05-31 02:00:00,38.0,0.65,21.7,8.3,
2013-05-31 03:00:00,25.3,0.65,25.2,3.0,
2013-05-31 04:00:00,29.6,0.65,22.0,3.1,
2013-05-31 05:00:00,27.7,0.65,20.6,1.5,
2013-05-31 06:00:00,21.6,0.65,19.3,0.5,
2013-05-31 07:00:00,18.1,0.65,23.1,0.5,
2013-05-31 08:00:00,31.8,0.65,27.6,0.5,
2013-05-31 09:00:00,50.0,3.6,37.1,0.5,
2013-05-31 10:00:00,63.1,4.1,31.6,8.8,
2013-05-31 11:00:00,46.8,2.9,28.2,22.6,
2013-05-31 12:00:00,32.8,1.5,21.6,34.2,
2013-05-31 13:00:00,22.7,0.65,18.8,36.4,
2013-05-31 14:00:00,32.3,0.65,39.8,41.3,
2013-05-31 15:00:00,33.2,0.65,20.9,44.9,
2013-05-31 16:00:00,21.9,0.65,19.2,42.1,
2013-05-31 17:00:00,27.9,0.65,28.2,28.2,
2013-05-31 18:00:00,40.6,0.65,50.6,2.6,
2013-05-31 19:00:00,71.8,3.4,44.3,3.0,
2013-05-31 20:00:00,123.4,10.3,40.2,2.3,
2013-05-31 21:00:00,143.9,11.5,36.6,0.5,
2013-05-31 22:00:00,130.2,10.1,26.7,0.5,
2013-05-31 23:00:00,103.9,8.5,23.3,0.5,
2013-06-01 00:00:00,79.4,5.6,19.1,0.5,
2013-06-01 01:00:00,66.6,0.65,15.1,0.5,
2013-06-01 02:00:00,55.8,0.65,13.3,0.5,
2013-06-01 03:00:00,44.5,0.65,16.5,0.5,
2013-06-01 04:00:00,54.3,0.65,21.4,0.5,
2013-06-01 05:00:00,48.3,0.65,20.0,0.5,
2013-06-01 06:00:00,42.3,0.65,18.3,0.5,
2013-06-01 07:00:00,40.3,0.65,22.2,0.5,
2013-06-01 08:00:00,48.5,0.65,31.1,0.5,
2013-06-01 09:00:00,36.6,0.65,28.0,4.3,
2013-06-01 10:00:00,22.8,0.65,25.5,9.6,
2013-06-01 11:00:00,26.9,0.65,22.0,15.0,
2013-06-01 12:00:00,20.6,0.65,24.7,11.7,
2013-06-01 13:00:00,11.3,0.65,29.2,9.4,
2013-06-01 14:00:00,7.7,0.65,16.6,22.1,
2013-06-01 15:00:00,7.8,0.65,15.4,22.1,
2013-06-01 16:00:00,5.6,0.65,19.2,18.1,
2013-06-01 17:00:00,7.3,0.65,13.5,18.6,
2013-06-01 18:00:00,6.0,0.65,25.0,7.5,
2013-06-01 19:00:00,14.9,0.65,37.9,0.5,
2013-06-01 20:00:00,29.8,0.65,31.3,3.1,
2013-06-01 21:00:00,33.0,0.65,31.6,1.7,
2013-06-01 22:00:00,49.6,0.65,27.2,0.5,
2013-06-01 23:00:00,62.4,0.65,25.6,0.5,
2013-06-02 00:00:00,53.6,0.65,22.8,1.1,
2013-06-02 01:00:00,39.2,0.65,22.5,0.5,
2013-06-02 02:00:00,33.1,0.65,26.6,0.5,
2013-06-02 03:00:00,27.8,0.65,26.1,1.9,
2013-06-02 04:00:00,24.6,0.65,13.3,11.8,
2013-06-02 05:00:00,17.2,0.65,17.0,7.0,
2013-06-02 06:00:00,19.3,0.65,15.4,9.0,
2013-06-02 07:00:00,15.0,0.65,22.4,4.2,
2013-06-02 08:00:00,14.6,0.65,21.9,3.8,
2013-06-02 09:00:00,12.8,0.65,13.6,8.0,
2013-06-02 10:00:00,15.2,0.65,10.2,11.1,
2013-06-02 11:00:00,12.7,0.65,11.0,17.6,
2013-06-02 12:00:00,10.2,0.65,14.8,13.8,
2013-06-02 13:00:00,12.7,0.65,11.8,15.3,
2013-06-02 14:00:00,16.4,0.65,15.0,14.9,
2013-06-02 15:00:00,16.6,0.65,15.1,17.6,
2013-06-02 16:00:00,11.0,0.65,11.0,26.6,
2013-06-02 17:00:00,6.7,0.65,14.8,24.1,
2013-06-02 18:00:00,11.6,0.65,20.1,18.2,
2013-06-02 19:00:00,16.6,0.65,28.1,8.0,
2013-06-02 20:00:00,17.6,0.65,30.2,6.5,
2013-06-02 21:00:00,25.6,0.65,26.8,7.9,
2013-06-02 22:00:00,28.7,0.65,34.8,2.5,
2013-06-02 23:00:00,31.7,0.65,27.6,1.0,
2013-06-03 00:00:00,36.5,0.65,20.8,0.5,
2013-06-03 01:00:00,48.9,3.1,19.8,0.5,
2013-06-03 02:00:00,58.9,3.8,19.1,1.6,
2013-06-03 03:00:00,43.4,1.4,17.3,3.5,
2013-06-03 04:00:00,30.1,0.65,14.1,3.4,
2013-06-03 05:00:00,28.6,0.65,16.3,0.5,
2013-06-03 06:00:00,24.1,0.65,18.4,1.0,
2013-06-03 07:00:00,15.7,0.65,22.6,0.5,
2013-06-03 08:00:00,26.9,0.65,28.5,0.5,
2013-06-03 09:00:00,36.1,2.4,32.3,0.5,
2013-06-03 10:00:00,48.4,2.8,32.6,1.7,
2013-06-03 11:00:00,43.3,2.2,19.9,9.2,
2013-06-03 12:00:00,40.3,1.7,24.1,15.4,
2013-06-03 13:00:00,38.0,0.65,19.4,27.2,
2013-06-03 14:00:00,28.9,0.65,14.0,40.6,
2013-06-03 15:00:00,,0.65,13.2,37.4,
2013-06-03 16:00:00,,0.65,19.1,23.1,
2013-06-03 17:00:00,35.0,0.65,22.6,17.2,
2013-06-03 18:00:00,29.6,0.65,30.8,10.2,
2013-06-03 19:00:00,38.7,0.65,46.8,3.8,
2013-06-03 20:00:00,48.0,0.65,50.5,1.9,
2013-06-03 21:00:00,66.4,0.65,41.1,2.6,
2013-06-03 22:00:00,84.1,1.5,30.1,3.6,
2013-06-03 23:00:00,103.8,3.2,24.7,3.2,
2013-06-04 00:00:00,89.0,3.2,20.6,2.9,
2013-06-04 01:00:00,84.4,2.5,17.2,3.1,
2013-06-04 02:00:00,74.4,0.65,14.5,1.3,
2013-06-04 03:00:00,46.9,0.65,11.5,1.3,
2013-06-04 04:00:00,37.1,0.65,9.4,1.3,
2013-06-04 05:00:00,29.0,0.65,9.8,0.5,
2013-06-04 06:00:00,24.5,0.65,12.0,0.5,
2013-06-04 07:00:00,33.5,0.65,19.9,0.5,
2013-06-04 08:00:00,29.4,0.65,24.0,1.3,
2013-06-04 09:00:00,63.3,3.9,42.1,2.1,
2013-06-04 10:00:00,75.6,4.5,69.8,2.2,
2013-06-04 11:00:00,64.8,6.0,53.5,2.5,
2013-06-04 12:00:00,54.4,5.6,36.0,4.7,
2013-06-04 13:00:00,45.3,27.1,34.6,5.5,
2013-06-04 14:00:00,27.4,16.0,22.6,14.1,
2013-06-04 15:00:00,33.0,9.7,19.3,18.6,
2013-06-04 16:00:00,20.9,6.0,21.9,19.9,
2013-06-04 17:00:00,22.7,0.65,38.1,9.8,
2013-06-04 18:00:00,34.9,0.65,64.9,2.2,
2013-06-04 19:00:00,43.0,1.7,70.3,1.6,
2013-06-04 20:00:00,68.8,1.6,56.6,2.3,
2013-06-04 21:00:00,112.9,4.8,48.6,3.2,
2013-06-04 22:00:00,127.5,7.1,41.2,4.6,
2013-06-04 23:00:00,140.5,8.2,32.5,3.1,
2013-06-05 00:00:00,132.6,7.1,28.1,2.7,
2013-06-05 01:00:00,108.1,0.65,19.8,2.2,
2013-06-05 02:00:00,96.6,0.65,22.1,2.0,
2013-06-05 03:00:00,70.5,0.65,27.0,1.9,
2013-06-05 04:00:00,65.1,0.65,22.7,1.7,
2013-06-05 05:00:00,51.4,0.65,16.4,1.6,
2013-06-05 06:00:00,57.2,0.65,19.2,1.0,
2013-06-05 07:00:00,71.2,0.65,26.5,1.6,
2013-06-05 08:00:00,65.2,0.65,30.4,1.9,
2013-06-05 09:00:00,68.7,2.9,67.2,1.8,
2013-06-05 10:00:00,88.1,4.0,153.2,2.8,
2013-06-05 11:00:00,96.4,2.6,65.9,2.1,
2013-06-05 12:00:00,71.5,0.65,34.5,5.3,
2013-06-05 13:00:00,55.0,0.65,14.3,16.4,
2013-06-05 14:00:00,34.0,0.65,21.5,18.9,
2013-06-05 15:00:00,32.4,0.65,26.5,19.6,
2013-06-05 16:00:00,22.7,3.1,28.6,16.4,
2013-06-05 17:00:00,17.8,7.0,42.0,9.8,
2013-06-05 18:00:00,36.5,0.65,64.9,3.5,
2013-06-05 19:00:00,51.1,0.65,62.9,2.4,
2013-06-05 20:00:00,94.7,0.65,47.8,1.5,
2013-06-05 21:00:00,110.1,0.65,41.2,1.9,
2013-06-05 22:00:00,118.6,0.65,31.2,2.0,
2013-06-05 23:00:00,114.0,0.65,46.3,2.2,
2013-06-06 00:00:00,97.9,0.65,44.4,1.5,
2013-06-06 01:00:00,70.6,0.65,43.4,0.5,
2013-06-06 02:00:00,59.2,0.65,36.1,1.3,
2013-06-06 03:00:00,50.1,0.65,20.7,6.0,
2013-06-06 04:00:00,38.5,0.65,15.2,10.6,
2013-06-06 05:00:00,26.3,0.65,12.9,13.9,
2013-06-06 06:00:00,23.7,0.65,14.2,13.8,
2013-06-06 07:00:00,27.0,0.65,36.2,3.3,
2013-06-06 08:00:00,38.5,0.65,39.0,1.3,
2013-06-06 09:00:00,50.4,0.65,36.4,2.1,
2013-06-06 10:00:00,52.7,0.65,26.2,5.9,
2013-06-06 11:00:00,51.0,3.3,26.2,8.3,
2013-06-06 12:00:00,43.2,0.65,20.8,7.2,
2013-06-06 13:00:00,32.6,0.65,19.7,12.6,
2013-06-06 14:00:00,31.2,0.65,22.4,12.5,
2013-06-06 15:00:00,25.9,0.65,17.6,13.1,
2013-06-06 16:00:00,35.8,0.65,21.5,7.5,
2013-06-06 17:00:00,33.3,0.65,29.0,5.5,
2013-06-06 18:00:00,36.9,0.65,39.9,2.5,
2013-06-06 19:00:00,45.2,0.65,36.9,3.1,
2013-06-06 20:00:00,52.8,0.65,32.5,7.9,
2013-06-06 21:00:00,45.7,0.65,42.4,2.3,
2013-06-06 22:00:00,58.0,0.65,40.1,1.2,
2013-06-06 23:00:00,55.6,0.65,36.4,0.5,
2013-06-07 00:00:00,65.3,0.65,25.3,1.0,
2013-06-07 01:00:00,61.6,1.5,18.6,0.5,
2013-06-07 02:00:00,56.1,0.65,17.2,0.5,
2013-06-07 03:00:00,40.9,0.65,15.3,2.7,
2013-06-07 04:00:00,28.7,0.65,12.9,0.5,
2013-06-07 05:00:00,25.4,0.65,12.9,1.0,
2013-06-07 06:00:00,26.3,0.65,11.8,0.5,
2013-06-07 07:00:00,19.1,0.65,17.4,0.5,
2013-06-07 08:00:00,29.3,0.65,19.6,0.5,
2013-06-07 09:00:00,27.6,0.65,27.3,0.5,
2013-06-07 10:00:00,36.4,1.7,37.8,1.1,
2013-06-07 11:00:00,32.7,0.65,27.0,15.9,
2013-06-07 12:00:00,39.4,0.65,14.2,10.9,
2013-06-07 13:00:00,34.6,0.65,17.8,17.3,
2013-06-07 14:00:00,28.2,0.65,26.5,26.5,
2013-06-07 15:00:00,31.7,2.6,36.3,40.5,
2013-06-07 16:00:00,42.4,0.65,43.6,36.5,
2013-06-07 17:00:00,47.9,0.65,34.8,37.1,
2013-06-07 18:00:00,47.9,0.65,70.3,21.1,
2013-06-07 19:00:00,76.7,0.65,68.7,2.1,
2013-06-07 20:00:00,95.3,0.65,59.3,1.1,
2013-06-07 21:00:00,104.1,4.1,53.2,6.2,
2013-06-07 22:00:00,120.6,6.1,41.6,2.4,
2013-06-07 23:00:00,112.3,6.7,32.8,0.5,
2013-06-08 00:00:00,102.8,5.9,26.2,0.5,
2013-06-08 01:00:00,101.9,0.65,22.4,0.5,
2013-06-08 02:00:00,81.8,1.8,33.6,0.5,
2013-06-08 03:00:00,85.6,1.9,38.4,30.4,
2013-06-08 04:00:00,71.9,0.65,29.2,61.0,
2013-06-08 05:00:00,56.3,0.65,35.1,44.9,
2013-06-08 06:00:00,47.0,0.65,29.8,22.6,
2013-06-08 07:00:00,35.9,0.65,33.7,16.0,
2013-06-08 08:00:00,25.2,0.65,34.5,0.5,
2013-06-08 09:00:00,27.4,0.65,40.6,0.5,
2013-06-08 10:00:00,28.6,0.65,39.1,0.5,
2013-06-08 11:00:00,38.9,0.65,53.9,0.5,
2013-06-08 12:00:00,31.3,7.6,50.6,3.9,
2013-06-08 13:00:00,35.7,1.8,31.3,15.9,
2013-06-08 14:00:00,21.0,0.65,25.6,18.1,
2013-06-08 15:00:00,18.3,0.65,29.4,15.9,
2013-06-08 16:00:00,26.6,0.65,27.9,20.5,
2013-06-08 17:00:00,25.9,0.65,23.8,50.7,
2013-06-08 18:00:00,34.7,0.65,32.9,37.2,
2013-06-08 19:00:00,55.7,0.65,47.9,30.4,
2013-06-08 20:00:00,59.0,0.65,42.8,21.7,
2013-06-08 21:00:00,66.6,0.65,43.2,10.4,
2013-06-08 22:00:00,68.5,0.65,34.7,7.0,
2013-06-08 23:00:00,68.7,0.65,29.1,8.5,
2013-06-09 00:00:00,69.0,0.65,25.0,28.8,
2013-06-09 01:00:00,63.5,0.65,20.8,31.5,
2013-06-09 02:00:00,36.6,0.65,14.0,33.7,
2013-06-09 03:00:00,24.2,0.65,9.0,26.8,
2013-06-09 04:00:00,21.2,0.65,9.8,4.5,
2013-06-09 05:00:00,20.9,0.65,11.7,24.6,
2013-06-09 06:00:00,16.2,0.65,11.7,38.2,
2013-06-09 07:00:00,9.9,0.65,24.9,14.7,
2013-06-09 08:00:00,21.7,0.65,20.5,0.5,
2013-06-09 09:00:00,13.5,0.65,21.8,0.5,
2013-06-09 10:00:00,18.6,0.65,16.9,0.5,
2013-06-09 11:00:00,19.4,0.65,18.3,0.5,
2013-06-09 12:00:00,27.7,0.65,20.5,0.5,
2013-06-09 13:00:00,25.9,0.65,14.0,0.5,
2013-06-09 14:00:00,23.9,0.65,10.2,34.8,
2013-06-09 15:00:00,32.0,0.65,9.9,25.8,
2013-06-09 16:00:00,33.7,0.65,9.0,56.7,
2013-06-09 17:00:00,34.2,0.65,16.3,11.1,
2013-06-09 18:00:00,42.4,0.65,29.6,18.7,
2013-06-09 19:00:00,42.4,0.65,39.8,23.7,
2013-06-09 20:00:00,82.4,1.7,47.3,26.5,
2013-06-09 21:00:00,93.0,3.1,45.2,23.8,
2013-06-09 22:00:00,92.4,3.6,36.7,34.6,
2013-06-09 23:00:00,79.2,3.1,31.1,30.6,
2013-06-10 00:00:00,75.6,1.8,24.6,12.4,
2013-06-10 01:00:00,76.4,0.65,19.9,11.1,
2013-06-10 02:00:00,72.6,0.65,18.3,11.3,
2013-06-10 03:00:00,63.6,0.65,23.0,47.0,
2013-06-10 04:00:00,50.1,0.65,18.1,0.5,
2013-06-10 05:00:00,51.8,0.65,17.7,0.5,
2013-06-10 06:00:00,47.2,0.65,23.2,2.5,
2013-06-10 07:00:00,40.5,0.65,25.4,0.5,
2013-06-10 08:00:00,44.0,0.65,30.7,16.0,
2013-06-10 09:00:00,35.2,0.65,33.1,12.5,
2013-06-10 10:00:00,47.9,2.3,63.3,2.8,
2013-06-10 11:00:00,56.1,1.5,49.4,0.5,
2013-06-10 12:00:00,48.8,0.65,34.2,0.5,
2013-06-10 13:00:00,38.2,0.65,28.9,18.5,
2013-06-10 14:00:00,28.8,0.65,27.9,46.0,
2013-06-10 15:00:00,22.3,0.65,21.0,19.1,
2013-06-10 16:00:00,13.8,0.65,18.8,28.1,
2013-06-10 17:00:00,12.0,0.65,20.3,32.6,
2013-06-10 18:00:00,15.5,0.65,33.5,6.1,
2013-06-10 19:00:00,28.4,0.65,54.3,9.6,
2013-06-10 20:00:00,43.1,0.65,51.0,7.5,
2013-06-10 21:00:00,68.6,0.65,42.4,5.5,
2013-06-10 22:00:00,66.7,0.65,29.7,0.5,
2013-06-10 23:00:00,61.3,0.65,31.8,0.5,
2013-06-11 00:00:00,46.2,0.65,25.4,0.5,
2013-06-11 01:00:00,46.5,0.65,21.3,0.5,
2013-06-11 02:00:00,41.6,0.65,17.3,0.5,
2013-06-11 03:00:00,25.2,0.65,14.6,0.5,
2013-06-11 04:00:00,35.2,0.65,26.6,0.5,
2013-06-11 05:00:00,24.6,0.65,29.5,0.5,
2013-06-11 06:00:00,25.4,0.65,20.8,0.5,
2013-06-11 07:00:00,18.4,0.65,23.7,28.0,
2013-06-11 08:00:00,27.2,0.65,26.7,53.6,
2013-06-11 09:00:00,26.6,0.65,25.1,36.4,
2013-06-11 10:00:00,28.3,0.65,25.7,33.6,
2013-06-11 11:00:00,17.4,0.65,29.4,14.4,
2013-06-11 12:00:00,17.9,0.65,28.4,29.5,
2013-06-11 13:00:00,25.6,0.65,29.8,0.5,
2013-06-11 14:00:00,20.2,0.65,29.0,10.6,
2013-06-11 15:00:00,27.3,0.65,36.1,1.0,
2013-06-11 16:00:00,30.0,0.65,36.0,5.0,
2013-06-11 17:00:00,31.5,0.65,37.3,17.0,
2013-06-11 18:00:00,34.4,0.65,37.8,26.3,
2013-06-11 19:00:00,36.2,0.65,35.6,33.1,
2013-06-11 20:00:00,41.5,0.65,27.0,13.8,
2013-06-11 21:00:00,36.5,0.65,19.9,17.1,
2013-06-11 22:00:00,41.1,0.65,26.0,23.2,
2013-06-11 23:00:00,27.7,0.65,27.2,29.6,
2013-06-12 00:00:00,29.4,0.65,20.0,25.1,
2013-06-12 01:00:00,18.9,0.65,16.0,31.5,
2013-06-12 02:00:00,19.7,0.65,13.1,16.8,
2013-06-12 03:00:00,19.5,0.65,12.4,18.6,
2013-06-12 04:00:00,23.2,0.65,12.2,1.2,
2013-06-12 05:00:00,24.3,0.65,10.2,2.7,
2013-06-12 06:00:00,14.4,0.65,13.8,10.7,
2013-06-12 07:00:00,19.3,0.65,21.8,9.9,
2013-06-12 08:00:00,22.9,0.65,24.4,4.1,
2013-06-12 09:00:00,32.9,0.65,20.1,11.4,
2013-06-12 10:00:00,24.3,1.5,17.3,4.5,
2013-06-12 11:00:00,36.3,0.65,20.7,32.6,
2013-06-12 12:00:00,35.3,2.5,46.2,40.9,
2013-06-12 13:00:00,35.4,4.5,52.6,10.3,
2013-06-12 14:00:00,51.5,5.1,49.9,0.5,
2013-06-12 15:00:00,50.7,5.1,39.5,10.2,
2013-06-12 16:00:00,45.8,4.2,33.8,37.4,
2013-06-12 17:00:00,38.7,3.7,36.4,32.3,
2013-06-12 18:00:00,42.3,3.3,35.9,0.5,
2013-06-12 19:00:00,31.7,3.3,37.2,0.5,
2013-06-12 20:00:00,39.9,3.1,35.0,0.5,
2013-06-12 21:00:00,37.9,5.2,30.4,6.2,
2013-06-12 22:00:00,51.3,7.1,25.0,6.8,
2013-06-12 23:00:00,44.8,9.6,27.5,0.5,
2013-06-13 00:00:00,80.9,9.5,21.2,0.5,
2013-06-13 01:00:00,76.2,0.65,20.2,46.5,
2013-06-13 02:00:00,53.5,0.65,19.5,142.6,
2013-06-13 03:00:00,50.3,0.65,24.0,97.6,
2013-06-13 04:00:00,46.8,0.65,21.8,0.5,
2013-06-13 05:00:00,38.2,0.65,21.1,0.5,
2013-06-13 06:00:00,35.3,0.65,20.5,0.5,
2013-06-13 07:00:00,29.8,0.65,22.5,4.1,
2013-06-13 08:00:00,32.2,0.65,28.0,0.5,
2013-06-13 09:00:00,28.5,0.65,26.8,0.5,
2013-06-13 10:00:00,27.9,0.65,24.7,0.5,
2013-06-13 11:00:00,32.7,0.65,23.3,0.5,
2013-06-13 12:00:00,28.8,0.65,26.4,0.5,
2013-06-13 13:00:00,21.0,6.0,30.8,0.5,
2013-06-13 14:00:00,19.8,0.65,20.3,0.5,
2013-06-13 15:00:00,14.1,0.65,21.8,0.5,
2013-06-13 16:00:00,15.7,0.65,22.8,0.5,
2013-06-16 17:00:00,66.3,0.65,28.0,5.3,
2013-06-16 18:00:00,70.3,0.65,30.3,34.1,
2013-06-16 19:00:00,61.2,2.4,38.5,77.8,
2013-06-16 20:00:00,54.5,3.9,33.3,90.9,
2013-06-16 21:00:00,63.0,5.9,30.4,84.6,
2013-06-16 22:00:00,78.0,7.3,29.4,7.9,
2013-06-16 23:00:00,68.5,6.9,31.4,5.2,
2013-06-17 00:00:00,60.4,4.5,21.5,7.5,
2013-06-17 01:00:00,54.6,0.65,23.9,0.5,
2013-06-17 02:00:00,32.0,0.65,17.9,0.5,
2013-06-17 03:00:00,25.1,0.65,16.7,0.5,
2013-06-17 04:00:00,15.5,0.65,22.2,0.5,
2013-06-17 05:00:00,20.6,0.65,22.0,0.5,
2013-06-17 06:00:00,28.2,0.65,19.5,0.5,
2013-06-17 07:00:00,22.6,0.65,21.9,0.5,
2013-06-17 08:00:00,18.7,0.65,25.2,0.5,
2013-06-17 09:00:00,16.2,0.65,28.9,2.9,
2013-06-17 10:00:00,13.5,0.65,32.6,16.9,
2013-06-17 11:00:00,14.5,0.65,27.4,34.7,
2013-06-17 12:00:00,21.8,0.65,30.2,52.5,
2013-06-17 13:00:00,17.7,0.65,24.5,31.3,
2013-06-17 14:00:00,10.0,0.65,20.5,3.6,
2013-06-17 15:00:00,6.6,0.65,23.6,14.8,
2013-06-17 16:00:00,11.6,0.65,28.5,0.5,
2013-06-17 17:00:00,10.8,0.65,26.9,0.5,
2013-06-17 18:00:00,20.9,0.65,39.1,0.5,
2013-06-17 19:00:00,14.4,0.65,41.9,3.6,
2013-06-17 20:00:00,34.6,0.65,37.2,6.0,
2013-06-17 21:00:00,39.5,0.65,32.0,8.1,
2013-06-17 22:00:00,48.0,0.65,25.8,1.4,
2013-06-17 23:00:00,30.8,0.65,22.7,4.5,
2013-06-18 00:00:00,31.9,0.65,16.7,2.3,
2013-06-18 01:00:00,27.3,0.65,16.2,16.8,
2013-06-18 02:00:00,30.4,0.65,12.7,9.7,
2013-06-18 03:00:00,23.2,0.65,11.7,14.7,
2013-06-18 04:00:00,13.3,0.65,12.1,14.8,
2013-06-18 05:00:00,18.9,0.65,10.3,14.7,
2013-06-18 06:00:00,11.5,0.65,16.8,13.2,
2013-06-18 07:00:00,15.4,0.65,21.0,15.8,
2013-06-18 08:00:00,19.1,0.65,28.7,21.9,
2013-06-18 09:00:00,18.4,0.65,22.4,33.7,
2013-06-18 10:00:00,,0.65,12.9,,
2013-06-18 11:00:00,,0.65,14.5,,
2013-06-18 12:00:00,23.8,0.65,13.7,,
2013-06-18 13:00:00,26.5,0.65,11.6,,
2013-06-18 14:00:00,18.9,0.65,14.1,,
2013-06-18 15:00:00,26.4,12.3,14.4,,
2013-06-18 16:00:00,34.1,3.3,13.3,,
2013-06-18 17:00:00,34.3,0.65,17.0,,
2013-06-18 18:00:00,30.3,0.65,31.6,,
2013-06-18 19:00:00,38.0,0.65,34.7,,
2013-06-18 20:00:00,36.4,0.65,30.9,,
2013-06-18 21:00:00,36.7,0.65,32.3,,
2013-06-18 22:00:00,31.3,0.65,31.4,,
2013-06-18 23:00:00,33.8,0.65,35.7,,
2013-06-19 00:00:00,30.1,0.65,31.0,,
2013-06-19 01:00:00,26.3,0.65,24.6,,
2013-06-19 02:00:00,23.6,0.65,24.1,,
2013-06-19 03:00:00,23.8,0.65,18.5,,
2013-06-19 04:00:00,14.6,0.65,19.6,,
2013-06-19 05:00:00,19.1,0.65,20.8,,
2013-06-19 06:00:00,13.5,0.65,15.8,,
2013-06-19 07:00:00,15.9,0.65,22.5,,
2013-06-19 08:00:00,15.4,0.65,30.2,,
2013-06-19 09:00:00,10.0,0.65,29.8,,
2013-06-19 10:00:00,13.8,0.65,30.0,,
2013-06-19 11:00:00,12.6,0.65,25.5,,
2013-06-19 12:00:00,8.6,0.65,27.3,,
2013-06-19 13:00:00,6.0,0.65,25.8,,
2013-06-19 14:00:00,7.7,0.65,23.6,,
2013-06-19 15:00:00,5.6,0.65,22.6,,
2013-06-19 16:00:00,5.4,0.65,25.2,,
2013-06-19 17:00:00,18.1,0.65,25.1,,
2013-06-19 18:00:00,20.5,0.65,29.3,,
2013-06-19 19:00:00,12.9,0.65,36.8,,
2013-06-19 20:00:00,15.3,0.65,26.6,,
2013-06-19 21:00:00,12.5,0.65,18.0,,
2013-06-19 22:00:00,25.3,0.65,13.7,,
2013-06-19 23:00:00,20.5,0.65,17.0,,
2013-06-20 00:00:00,31.8,0.65,20.2,,
2013-06-20 01:00:00,29.9,0.65,18.3,,
2013-06-20 02:00:00,28.3,0.65,11.4,,
2013-06-20 03:00:00,27.7,0.65,12.2,,
2013-06-20 04:00:00,19.3,0.65,13.4,,
2013-06-20 05:00:00,11.6,0.65,23.4,,
2013-06-20 06:00:00,13.3,0.65,26.8,,
2013-06-20 07:00:00,17.3,0.65,34.9,,
2013-06-20 08:00:00,16.0,0.65,41.8,,
2013-06-20 09:00:00,16.9,0.65,32.8,,
2013-06-20 10:00:00,12.4,0.65,35.4,,
2013-06-20 11:00:00,21.8,0.65,24.4,,
2013-06-20 12:00:00,14.8,0.65,15.9,,
2013-06-20 13:00:00,14.0,0.65,21.2,,
2013-06-20 14:00:00,10.6,0.65,21.5,,
2013-06-20 15:00:00,12.3,0.65,15.6,,
2013-06-20 16:00:00,10.2,0.65,13.7,,
2013-06-20 17:00:00,11.2,0.65,15.1,,
2013-06-20 18:00:00,11.2,0.65,20.3,,
2013-06-20 19:00:00,7.4,0.65,20.3,,
2013-06-20 20:00:00,11.1,0.65,15.8,,
2013-06-20 21:00:00,9.3,0.65,11.8,,
2013-06-20 22:00:00,10.8,0.65,11.2,,
2013-06-20 23:00:00,5.9,0.65,8.4,,
2013-06-21 00:00:00,3.6,0.65,6.6,,
2013-06-21 01:00:00,4.3,0.65,5.6,,
2013-06-21 02:00:00,4.1,0.65,4.3,,
2013-06-21 03:00:00,4.2,0.65,3.4,,
2013-06-21 04:00:00,3.8,0.65,3.2,,
2013-06-21 05:00:00,2.2,0.65,3.4,,
2013-06-21 06:00:00,1.1,0.65,6.1,,
2013-06-21 07:00:00,1.2,0.65,9.4,,
2013-06-21 08:00:00,1.6,0.65,17.4,,
2013-06-21 09:00:00,1.9,0.65,24.0,,
2013-06-21 10:00:00,1.9,0.65,19.8,,
2013-06-21 11:00:00,8.2,1.3,18.6,,
2013-06-21 12:00:00,6.3,0.65,17.4,,
2013-06-21 13:00:00,3.9,0.65,14.9,,
2013-06-21 14:00:00,3.0,1.4,21.1,,
2013-06-21 15:00:00,1.7,2.5,51.6,,
2013-06-21 16:00:00,0.9,2.8,46.8,,
2013-06-21 17:00:00,9.6,3.4,35.8,,
2013-06-21 18:00:00,13.9,6.8,29.9,,
2013-06-21 19:00:00,10.2,12.2,16.6,,
2013-06-21 20:00:00,13.5,10.3,12.6,,
2013-06-21 21:00:00,15.9,8.2,15.7,,
2013-06-21 22:00:00,10.8,14.9,22.3,,
2013-06-21 23:00:00,10.6,30.3,25.5,,
2013-06-22 00:00:00,7.9,26.8,12.2,,
2013-06-22 01:00:00,10.4,12.0,13.3,,
2013-06-22 02:00:00,14.9,6.1,7.1,,
2013-06-22 03:00:00,10.8,3.3,3.8,,
2013-06-22 04:00:00,6.2,2.0,3.8,,
2013-06-22 05:00:00,6.4,0.65,6.8,,
2013-06-22 06:00:00,6.4,1.3,6.5,,
2013-06-22 07:00:00,5.1,1.8,11.0,,
2013-06-22 08:00:00,3.4,0.65,10.3,,
2013-06-22 09:00:00,3.8,2.3,14.6,,
2013-06-22 10:00:00,8.2,0.65,10.7,,
2013-06-22 11:00:00,6.0,1.8,13.2,,
2013-06-22 12:00:00,11.2,5.6,,,
2013-06-22 13:00:00,4.1,0.65,8.2,,
2013-06-22 14:00:00,2.0,0.65,10.0,,
2013-06-22 15:00:00,2.5,0.65,11.1,,
2013-06-22 16:00:00,7.9,0.65,13.1,,
2013-06-22 17:00:00,6.4,0.65,16.1,,
2013-06-22 18:00:00,18.4,1.4,28.4,,
2013-06-22 19:00:00,15.9,1.6,38.2,,
2013-06-22 20:00:00,28.0,3.1,45.6,,
2013-06-22 21:00:00,31.3,5.5,46.3,,
2013-06-22 22:00:00,32.3,5.6,42.9,,
2013-06-22 23:00:00,38.1,4.8,25.3,,
2013-06-23 00:00:00,37.5,4.1,29.5,,
2013-06-23 01:00:00,38.0,0.65,22.7,,
2013-06-23 02:00:00,44.1,0.65,20.5,,
2013-06-23 03:00:00,41.0,0.65,18.5,,
2013-06-23 04:00:00,28.4,0.65,16.2,,
2013-06-23 05:00:00,25.5,0.65,14.6,,
2013-06-23 06:00:00,23.1,0.65,17.6,,
2013-06-23 07:00:00,24.8,0.65,15.1,,
2013-06-23 08:00:00,25.3,0.65,12.4,,
2013-06-23 09:00:00,25.9,0.65,11.7,,
2013-06-23 10:00:00,18.0,2.1,20.3,,
2013-06-23 11:00:00,28.3,154.5,44.5,,
2013-06-23 12:00:00,27.6,44.4,20.9,,
2013-06-23 13:00:00,24.1,11.1,14.4,,
2013-06-23 14:00:00,25.1,4.9,13.4,,
2013-06-23 15:00:00,24.9,1.5,9.5,,
2013-06-23 16:00:00,32.5,0.65,6.1,,
2013-07-01 17:00:00,45.5,2.8,46.5,,
2013-07-01 18:00:00,41.5,2.9,70.5,,
2013-07-01 19:00:00,50.7,6.3,75.8,,
2013-07-01 20:00:00,101.9,6.6,55.5,,
2013-07-01 21:00:00,92.7,5.9,46.6,,
2013-07-01 22:00:00,94.3,6.2,37.6,,
2013-07-01 23:00:00,81.4,6.2,30.6,,
2013-07-02 00:00:00,68.1,4.1,24.1,,
2013-07-02 01:00:00,55.4,0.65,17.0,,
2013-07-02 02:00:00,39.8,0.65,13.7,,
2013-07-02 03:00:00,34.4,0.65,9.9,,
2013-07-02 04:00:00,30.5,0.65,7.7,,
2013-07-02 05:00:00,28.4,0.65,12.0,,
2013-07-02 06:00:00,17.1,0.65,15.5,,
2013-07-02 07:00:00,17.0,0.65,19.9,,
2013-07-02 08:00:00,18.7,1.8,41.3,,
2013-07-02 09:00:00,28.0,1.8,28.6,,
2013-07-02 10:00:00,33.2,3.4,35.7,,
2013-07-02 11:00:00,40.1,3.8,51.3,,
2013-07-02 12:00:00,43.9,49.3,79.0,,
2013-07-02 13:00:00,59.8,96.9,108.3,,
2013-07-02 14:00:00,72.3,40.9,68.7,,
2013-07-02 15:00:00,53.6,4.8,20.4,,
2013-07-02 16:00:00,45.7,0.65,15.3,,
2013-07-02 17:00:00,32.0,0.65,23.8,,
2013-07-02 18:00:00,27.4,0.65,44.2,,
2013-07-02 19:00:00,43.8,1.4,65.4,,
2013-07-02 20:00:00,59.8,2.4,60.5,,
2013-07-02 21:00:00,83.0,3.5,52.2,,
2013-07-02 22:00:00,79.8,3.4,42.9,,
2013-07-02 23:00:00,78.0,3.6,33.1,,
2013-07-03 00:00:00,70.0,2.6,28.0,,
2013-07-03 01:00:00,81.2,0.65,22.3,,
2013-07-03 02:00:00,59.7,0.65,17.3,,
2013-07-03 03:00:00,58.6,0.65,13.8,,
2013-07-03 04:00:00,42.7,0.65,10.5,,
2013-07-03 05:00:00,42.8,0.65,9.7,,
2013-07-03 06:00:00,28.4,0.65,9.6,,
2013-07-03 07:00:00,34.2,0.65,12.5,,
2013-07-03 08:00:00,37.1,0.65,16.7,,
2013-07-03 09:00:00,33.4,1.9,25.1,,
2013-07-03 10:00:00,,3.6,37.3,,
2013-07-03 11:00:00,,1.6,35.1,,
2013-07-03 12:00:00,43.2,0.65,28.5,,
2013-07-03 13:00:00,37.4,0.65,28.0,,
2013-07-03 14:00:00,26.8,0.65,16.9,,
2013-07-03 15:00:00,34.6,0.65,21.0,,
2013-07-03 16:00:00,31.3,0.65,25.2,,
2013-07-03 17:00:00,25.2,0.65,24.7,,
2013-07-03 18:00:00,36.2,0.65,38.6,,
2013-07-03 19:00:00,63.1,0.65,55.8,,
2013-07-03 20:00:00,68.7,0.65,43.7,,
2013-07-03 21:00:00,77.2,0.65,39.9,,
2013-07-03 22:00:00,84.3,0.65,35.1,,
2013-07-03 23:00:00,74.3,0.65,26.7,,
2013-07-04 00:00:00,58.3,0.65,22.7,,
2013-07-04 01:00:00,57.8,0.65,18.0,,
2013-07-04 02:00:00,46.4,0.65,15.7,,
2013-07-04 03:00:00,42.7,0.65,11.9,,
2013-07-04 04:00:00,35.5,0.65,11.2,,
2013-07-04 05:00:00,28.9,0.65,12.1,,
2013-07-04 06:00:00,25.0,0.65,12.7,,
2013-07-04 07:00:00,32.2,0.65,24.3,,
2013-07-04 08:00:00,50.4,4.3,28.0,,
2013-07-04 09:00:00,103.4,5.8,31.3,,
2013-07-04 10:00:00,91.4,5.8,43.5,,
2013-07-04 11:00:00,81.7,9.0,83.1,,
2013-07-04 12:00:00,74.3,11.2,180.1,,
2013-07-04 13:00:00,85.1,21.6,138.3,,
2013-07-04 14:00:00,102.6,22.5,68.7,,
2013-07-04 15:00:00,83.6,21.2,50.0,,
2013-07-04 16:00:00,62.9,17.9,51.9,,
2013-07-04 17:00:00,62.3,10.4,88.9,,
2013-07-04 18:00:00,92.0,6.9,61.7,,
2013-07-04 19:00:00,92.1,4.7,43.8,,
2013-07-04 20:00:00,88.9,3.4,44.3,,
2013-07-04 21:00:00,90.5,4.1,49.9,,
2013-07-04 22:00:00,85.4,5.0,37.1,,
2013-07-04 23:00:00,77.9,5.8,31.6,,
2013-07-05 00:00:00,85.4,5.6,25.5,,
2013-07-05 01:00:00,82.6,1.3,21.0,,
2013-07-05 02:00:00,75.5,2.6,18.1,,
2013-07-05 03:00:00,87.3,2.0,17.1,,
2013-07-05 04:00:00,76.9,0.65,20.0,,
2013-07-05 05:00:00,62.0,0.65,15.3,,
2013-07-05 06:00:00,61.9,0.65,17.2,,
2013-07-05 07:00:00,45.0,0.65,25.7,,
2013-07-05 08:00:00,50.4,1.7,39.9,,
2013-07-05 09:00:00,51.6,2.8,57.7,,
2013-07-08 17:00:00,14.6,0.65,14.5,36.0,
2013-07-08 18:00:00,15.2,0.65,26.6,22.9,
2013-07-08 19:00:00,21.5,0.65,45.4,5.0,
2013-07-08 20:00:00,28.8,0.65,46.5,2.0,
2013-07-08 21:00:00,65.1,2.1,44.1,0.5,
2013-07-08 22:00:00,62.6,3.4,40.2,0.5,
2013-07-08 23:00:00,60.8,3.0,33.4,0.5,
2013-07-09 00:00:00,50.1,1.6,29.0,5.0,
2013-07-09 01:00:00,31.9,0.65,14.5,18.0,
2013-07-09 02:00:00,17.1,0.65,9.7,20.6,
2013-07-09 03:00:00,15.9,0.65,9.4,22.8,
2013-07-09 04:00:00,8.7,0.65,10.2,20.8,
2013-07-09 05:00:00,5.0,0.65,7.9,19.7,
2013-07-09 06:00:00,3.0,0.65,10.7,17.5,
2013-07-09 07:00:00,10.7,0.65,24.9,9.3,
2013-07-09 08:00:00,10.1,0.65,39.9,0.5,
2013-07-09 09:00:00,26.0,1.7,42.7,1.2,
2013-07-09 10:00:00,32.1,0.65,25.5,18.6,
2013-07-09 11:00:00,31.6,0.65,16.0,32.5,
2013-07-09 12:00:00,24.2,0.65,11.8,36.9,
2013-07-09 13:00:00,12.8,0.65,9.5,40.3,
2013-07-09 14:00:00,9.0,0.65,9.2,43.2,
2013-07-09 15:00:00,6.0,0.65,10.1,44.6,
2013-07-09 16:00:00,4.1,0.65,13.0,44.0,
2013-07-09 17:00:00,9.4,0.65,13.1,43.9,
2013-07-09 18:00:00,18.2,0.65,29.9,22.1,
2013-07-09 19:00:00,27.7,0.65,45.1,6.1,
2013-07-09 20:00:00,41.7,0.65,36.6,8.0,
2013-07-09 21:00:00,40.8,0.65,40.6,1.4,
2013-07-09 22:00:00,55.6,0.65,36.7,0.5,
2013-07-09 23:00:00,60.2,0.65,31.8,0.5,
2013-07-10 00:00:00,79.9,0.65,27.0,0.5,
2013-07-10 01:00:00,61.6,0.65,18.6,0.5,
2013-07-10 02:00:00,50.3,0.65,17.8,0.5,
2013-07-10 03:00:00,45.2,0.65,14.4,0.5,
2013-07-10 04:00:00,31.1,0.65,11.2,0.5,
2013-07-10 05:00:00,33.8,0.65,8.8,0.5,
2013-07-10 06:00:00,23.0,0.65,11.4,0.5,
2013-07-10 07:00:00,25.0,0.65,16.8,0.5,
2013-07-10 08:00:00,33.3,0.65,21.8,0.5,
2013-07-10 09:00:00,57.4,3.5,27.8,0.5,
2013-07-10 10:00:00,64.6,3.6,41.7,1.4,
2013-07-10 11:00:00,61.0,2.7,34.3,10.6,
2013-07-10 12:00:00,44.2,11.5,55.9,18.0,
2013-07-10 13:00:00,32.6,3.4,39.5,35.4,
2013-07-10 14:00:00,36.8,5.3,34.0,45.9,
2013-07-10 15:00:00,29.8,31.2,27.2,50.8,
2013-07-10 16:00:00,33.6,5.7,17.8,62.9,
2013-07-10 17:00:00,22.3,0.65,27.4,48.2,
2013-07-10 18:00:00,25.8,0.65,49.7,20.9,
2013-07-10 19:00:00,77.1,2.1,74.9,2.4,
2013-07-10 20:00:00,139.9,5.6,63.1,1.3,
2013-07-10 21:00:00,149.7,6.9,51.4,2.5,
2013-07-10 22:00:00,145.5,9.0,38.3,0.5,
2013-07-10 23:00:00,108.3,8.1,27.8,0.5,
2013-07-11 00:00:00,91.0,5.9,25.5,0.5,
2013-07-11 01:00:00,75.5,0.65,19.0,0.5,
2013-07-11 02:00:00,66.4,0.65,15.6,0.5,
2013-07-11 03:00:00,51.7,0.65,11.7,0.5,
2013-07-11 04:00:00,35.9,0.65,12.1,0.5,
2013-07-11 05:00:00,27.6,0.65,11.6,0.5,
2013-07-11 06:00:00,23.3,0.65,10.3,0.5,
2013-07-11 07:00:00,19.7,0.65,10.7,0.5,
2013-07-11 08:00:00,26.6,0.65,13.8,0.5,
2013-07-11 09:00:00,30.4,0.65,20.2,0.5,
2013-07-11 10:00:00,38.7,0.65,49.2,2.9,
2013-07-11 11:00:00,42.1,0.65,79.7,29.5,
2013-07-11 12:00:00,45.7,2.0,49.8,29.0,
2013-07-11 13:00:00,44.0,3.2,24.8,37.3,
2013-07-11 14:00:00,33.1,25.1,27.1,53.8,
2013-07-11 15:00:00,29.9,16.6,24.7,58.4,
2013-07-11 16:00:00,29.8,2.2,38.9,46.3,
2013-07-11 17:00:00,40.9,0.65,39.8,36.6,
2013-07-11 18:00:00,57.2,0.65,44.7,12.1,
2013-07-11 19:00:00,92.8,0.65,48.8,3.0,
2013-07-11 20:00:00,131.1,1.9,43.2,2.5,
2013-07-11 21:00:00,157.6,4.5,42.1,0.5,
2013-07-11 22:00:00,140.0,3.8,28.8,0.5,
2013-07-11 23:00:00,124.8,3.5,26.7,0.5,
2013-07-12 00:00:00,101.4,2.0,20.4,0.5,
2013-07-12 01:00:00,87.0,0.65,19.3,0.5,
2013-07-12 02:00:00,71.8,0.65,15.4,0.5,
2013-07-12 03:00:00,60.6,0.65,16.5,0.5,
2013-07-12 04:00:00,52.9,0.65,14.2,0.5,
2013-07-12 05:00:00,44.2,0.65,14.1,0.5,
2013-07-12 06:00:00,48.2,0.65,15.5,0.5,
2013-07-12 07:00:00,59.0,0.65,25.7,0.5,
2013-07-12 08:00:00,59.4,0.65,38.6,0.5,
2013-07-12 09:00:00,51.9,0.65,52.9,1.4,
2013-07-12 10:00:00,72.6,2.2,71.2,2.4,
2013-07-12 11:00:00,80.0,0.65,43.8,5.0,
2013-07-12 12:00:00,60.2,0.65,30.2,17.6,
2013-07-12 13:00:00,44.1,0.65,21.9,28.4,
2013-07-12 14:00:00,42.5,0.65,22.7,41.2,
2013-07-12 15:00:00,43.3,0.65,20.8,47.5,
2013-07-12 16:00:00,43.5,0.65,36.6,42.4,
2013-07-12 17:00:00,37.2,0.65,39.8,36.7,
2013-07-12 18:00:00,48.2,0.65,54.9,12.0,
2013-07-12 19:00:00,70.6,0.65,64.2,1.4,
2013-07-12 20:00:00,138.5,0.65,55.3,0.5,
2013-07-12 21:00:00,153.1,0.65,42.0,0.5,
2013-07-12 22:00:00,144.0,0.65,45.4,0.5,
2013-07-12 23:00:00,125.7,0.65,41.3,0.5,
2013-07-13 00:00:00,105.1,0.65,33.0,4.3,
2013-07-13 01:00:00,61.0,0.65,12.9,17.2,
2013-07-13 02:00:00,44.2,0.65,8.1,21.1,
2013-07-13 03:00:00,40.1,0.65,7.4,19.5,
2013-07-13 04:00:00,36.7,0.65,5.8,18.6,
2013-07-13 05:00:00,33.7,0.65,11.6,16.2,
2013-07-13 06:00:00,19.1,0.65,14.4,15.3,
2013-07-13 07:00:00,10.8,0.65,18.7,8.3,
2013-07-13 08:00:00,12.2,0.65,25.8,3.7,
2013-07-13 09:00:00,7.6,0.65,29.9,2.8,
2013-07-13 10:00:00,14.1,0.65,35.2,3.2,
2013-07-13 11:00:00,10.6,0.65,39.2,4.5,
2013-07-13 12:00:00,7.1,0.65,37.6,11.0,
2013-07-13 13:00:00,10.6,0.65,47.1,39.0,
2013-07-13 14:00:00,18.0,0.65,21.0,35.2,
2013-07-13 15:00:00,18.9,0.65,24.2,31.1,
2013-07-13 16:00:00,21.1,0.65,29.9,29.8,
2013-07-13 17:00:00,25.5,0.65,30.7,19.7,
2013-07-13 18:00:00,26.1,0.65,28.0,10.4,
2013-07-13 19:00:00,28.9,0.65,31.7,5.3,
2013-07-13 20:00:00,24.1,0.65,40.0,1.2,
2013-07-13 21:00:00,40.4,0.65,38.6,2.6,
2013-07-13 22:00:00,39.3,0.65,38.1,4.0,
2013-07-13 23:00:00,44.8,0.65,29.2,8.9,
2013-07-14 00:00:00,40.2,0.65,22.3,12.1,
2013-07-14 01:00:00,35.2,0.65,15.3,21.0,
2013-07-14 02:00:00,20.5,0.65,13.2,20.0,
2013-07-14 03:00:00,11.3,0.65,20.4,9.0,
2013-07-14 04:00:00,18.4,0.65,19.4,9.1,
2013-07-14 05:00:00,20.5,0.65,17.9,15.0,
2013-07-14 06:00:00,22.3,0.65,12.2,22.8,
2013-07-14 07:00:00,19.1,0.65,17.0,17.8,
2013-07-14 08:00:00,26.2,0.65,18.6,15.7,
2013-07-14 09:00:00,23.1,0.65,19.9,14.5,
2013-07-14 10:00:00,19.1,0.65,24.4,22.4,
2013-07-14 11:00:00,24.8,2.8,26.3,15.8,
2013-07-14 12:00:00,22.0,0.65,17.8,18.5,
2013-07-14 13:00:00,25.0,0.65,19.4,26.0,
2013-07-14 14:00:00,34.0,0.65,19.4,29.5,
2013-07-14 15:00:00,26.3,0.65,13.3,30.2,
2013-07-14 16:00:00,24.6,0.65,17.1,18.2,
2013-07-20 17:00:00,22.8,0.65,32.1,22.8,
2013-07-20 18:00:00,20.1,0.65,32.2,14.6,
2013-07-20 19:00:00,22.2,0.65,32.5,14.9,
2013-07-20 20:00:00,22.9,0.65,25.0,23.9,
2013-07-20 21:00:00,19.2,0.65,20.4,27.1,
2013-07-20 22:00:00,13.6,0.65,30.6,16.6,
2013-07-20 23:00:00,17.2,0.65,21.7,24.0,
2013-07-21 00:00:00,20.8,0.65,16.6,27.7,
2013-07-21 01:00:00,15.5,0.65,14.2,30.3,
2013-07-21 02:00:00,11.1,0.65,6.4,44.2,
2013-07-21 03:00:00,11.6,0.65,4.1,45.3,
2013-07-21 04:00:00,11.8,0.65,4.6,40.7,
2013-07-21 05:00:00,6.9,0.65,7.0,34.6,
2013-07-21 06:00:00,4.7,0.65,10.0,34.6,
2013-07-21 07:00:00,6.1,0.65,9.1,35.2,
2013-07-21 08:00:00,6.6,0.65,17.4,25.7,
2013-07-21 09:00:00,5.4,0.65,20.3,19.8,
2013-07-21 10:00:00,11.5,0.65,18.9,23.8,
2013-07-21 11:00:00,15.0,2.9,18.8,21.5,
2013-07-21 12:00:00,13.2,2.9,17.5,29.6,
2013-07-21 13:00:00,16.0,0.65,15.1,28.4,
2013-07-21 14:00:00,14.7,1.5,11.7,34.8,
2013-07-21 15:00:00,12.9,3.9,12.0,38.7,
2013-07-21 16:00:00,13.1,3.6,14.1,34.7,
2013-07-21 17:00:00,14.8,0.65,11.9,41.6,
2013-07-21 18:00:00,22.0,0.65,12.3,36.7,
2013-07-21 19:00:00,26.2,0.65,22.2,27.6,
2013-07-21 20:00:00,28.6,2.5,36.2,15.4,
2013-07-21 21:00:00,26.8,6.5,28.1,19.6,
2013-07-21 22:00:00,28.0,4.3,23.0,21.0,
2013-07-21 23:00:00,28.8,3.8,20.1,23.8,
2013-07-22 00:00:00,23.9,2.0,13.1,27.0,
2013-07-22 01:00:00,22.8,3.8,22.7,18.0,
2013-07-22 02:00:00,20.5,2.8,12.7,27.9,
2013-07-22 03:00:00,18.3,3.4,12.5,25.0,
2013-07-22 04:00:00,13.5,6.7,18.7,19.2,
2013-07-22 05:00:00,10.3,11.1,23.0,17.7,
2013-07-22 06:00:00,10.3,11.5,13.8,24.3,
2013-07-22 07:00:00,13.5,13.6,30.1,13.5,
2013-07-22 08:00:00,13.7,8.7,34.2,11.6,
2013-07-22 09:00:00,11.1,10.9,28.9,17.7,
2013-07-22 10:00:00,11.7,15.7,20.7,29.0,
2013-07-22 11:00:00,13.5,7.9,17.5,34.9,
2013-07-22 12:00:00,13.7,4.3,12.6,40.2,
2013-07-22 13:00:00,8.8,2.3,13.8,39.3,
2013-07-22 14:00:00,8.8,0.65,13.5,43.8,
2013-07-22 15:00:00,9.3,0.65,11.9,46.5,
2013-07-22 16:00:00,7.7,0.65,12.9,46.1,
2013-07-22 17:00:00,9.8,0.65,14.0,43.1,
2013-07-22 18:00:00,11.2,4.3,17.9,32.7,
2013-07-22 19:00:00,12.8,0.65,29.5,20.7,
2013-07-22 20:00:00,18.4,2.1,33.7,18.0,
2013-07-22 21:00:00,21.5,9.4,33.7,15.8,
2013-07-22 22:00:00,22.0,8.9,21.2,21.2,
2013-07-22 23:00:00,20.9,4.6,23.9,21.1,
2013-07-23 00:00:00,17.1,6.0,20.0,21.6,
2013-07-23 01:00:00,15.6,12.2,15.3,25.4,
2013-07-23 02:00:00,14.0,10.3,21.9,22.2,
2013-07-23 03:00:00,10.5,1.6,7.2,34.4,
2013-07-23 04:00:00,12.0,12.8,18.3,25.8,
2013-07-23 05:00:00,12.2,13.0,13.9,29.4,
2013-07-23 06:00:00,11.8,21.8,37.0,12.4,
2013-07-23 07:00:00,13.8,8.2,33.6,16.3,
2013-07-23 08:00:00,14.3,8.9,36.1,10.5,
2013-07-23 09:00:00,13.0,23.5,35.2,14.7,
2013-07-23 10:00:00,13.2,10.6,18.9,30.1,
2013-07-23 11:00:00,14.6,4.2,12.8,39.2,
2013-07-23 12:00:00,13.6,2.4,12.9,41.8,
2013-07-23 13:00:00,14.5,2.3,13.3,39.1,
2013-07-23 14:00:00,15.4,2.3,15.3,38.6,
2013-07-23 15:00:00,10.5,1.9,14.7,37.4,
2013-07-23 16:00:00,10.0,1.8,13.0,39.2,
2013-07-23 17:00:00,12.0,2.3,15.6,37.0,
2013-07-23 18:00:00,14.8,0.65,21.4,33.2,
2013-07-23 19:00:00,17.2,0.65,37.7,15.2,
2013-07-23 20:00:00,17.6,2.1,41.7,11.7,
2013-07-23 21:00:00,24.8,3.8,37.4,13.1,
2013-07-23 22:00:00,30.4,3.4,26.6,20.1,
2013-07-23 23:00:00,24.8,3.2,25.7,18.5,
2013-07-24 00:00:00,20.1,2.1,22.6,15.7,
2013-07-24 01:00:00,17.1,2.2,25.8,7.1,
2013-07-24 02:00:00,23.6,2.1,26.0,1.3,
2013-07-24 03:00:00,26.0,1.6,18.4,3.4,
2013-07-24 04:00:00,24.9,1.5,22.0,6.8,
2013-07-24 05:00:00,26.6,1.6,21.7,6.1,
2013-07-24 06:00:00,26.5,1.9,28.8,1.4,
2013-07-24 07:00:00,24.2,2.4,30.4,1.4,
2013-07-24 08:00:00,32.3,5.3,40.6,1.2,
2013-07-24 09:00:00,51.9,7.4,47.2,1.3,
2013-07-24 10:00:00,53.3,10.2,35.4,15.0,
2013-07-24 11:00:00,40.4,9.9,26.5,26.4,
2013-07-24 12:00:00,29.5,14.9,28.7,27.6,
2013-07-24 13:00:00,22.6,6.2,15.4,47.2,
2013-07-24 14:00:00,18.9,4.5,13.5,50.5,
2013-07-24 15:00:00,15.5,3.1,11.6,48.5,
2013-07-24 16:00:00,9.9,4.0,10.0,47.0,
2013-07-24 17:00:00,7.8,5.0,16.5,42.4,
2013-07-24 18:00:00,10.1,5.8,40.2,23.7,
2013-07-24 19:00:00,71.2,5.9,56.5,3.5,
2013-07-24 20:00:00,135.7,6.8,49.9,3.7,
2013-07-24 21:00:00,149.6,8.1,42.5,5.7,
2013-07-24 22:00:00,153.8,7.6,30.1,1.7,
2013-07-24 23:00:00,124.2,7.6,28.2,1.4,
2013-07-25 00:00:00,104.6,5.5,22.9,0.5,
2013-07-25 01:00:00,83.2,0.65,17.1,0.5,
2013-07-25 02:00:00,64.9,0.65,15.2,0.5,
2013-07-25 03:00:00,48.2,0.65,11.7,0.5,
2013-07-25 04:00:00,40.4,0.65,11.2,0.5,
2013-07-25 05:00:00,34.9,0.65,12.8,0.5,
2013-07-25 06:00:00,26.7,0.65,14.3,0.5,
2013-07-25 07:00:00,38.5,0.65,20.0,0.5,
2013-07-25 08:00:00,63.3,1.9,26.8,0.5,
2013-07-25 09:00:00,76.0,5.0,46.0,1.6,
2013-07-25 10:00:00,65.5,6.3,79.4,1.5,
2013-07-25 11:00:00,58.4,17.2,64.0,7.4,
2013-07-25 12:00:00,54.2,12.3,63.9,29.7,
2013-07-25 13:00:00,51.0,2.7,37.2,54.4,
2013-07-25 14:00:00,46.6,0.65,23.9,60.3,
2013-07-25 15:00:00,35.4,0.65,13.9,63.7,
2013-07-25 16:00:00,26.9,0.65,12.7,57.6,
2013-07-25 17:00:00,20.1,0.65,15.0,55.9,
2013-07-25 18:00:00,16.8,0.65,24.7,50.6,
2013-07-25 19:00:00,26.4,0.65,40.2,38.4,
2013-07-25 20:00:00,43.1,0.65,47.7,22.5,
2013-07-25 21:00:00,62.5,0.65,48.6,13.5,
2013-07-25 22:00:00,71.3,0.65,44.6,6.7,
2013-07-25 23:00:00,57.5,0.65,24.7,19.8,
2013-07-26 00:00:00,42.3,0.65,26.5,15.0,
2013-07-26 01:00:00,37.1,0.65,21.5,3.6,
2013-07-26 02:00:00,35.4,0.65,17.2,1.2,
2013-07-26 03:00:00,31.7,0.65,16.2,1.1,
2013-07-26 04:00:00,34.7,0.65,13.4,1.8,
2013-07-26 05:00:00,31.7,0.65,15.2,0.5,
2013-07-26 06:00:00,27.6,0.65,16.7,0.5,
2013-07-26 07:00:00,36.0,1.3,24.9,0.5,
2013-07-26 08:00:00,48.6,4.5,30.7,2.0,
2013-07-26 09:00:00,61.0,5.4,39.0,0.5,
2013-07-26 10:00:00,57.4,6.5,56.7,1.5,
2013-07-26 11:00:00,47.6,8.0,59.5,7.3,
2013-07-26 12:00:00,47.9,6.7,56.8,21.5,
2013-07-26 13:00:00,46.5,3.9,33.6,44.7,
2013-07-26 14:00:00,38.6,6.9,11.1,56.2,
2013-07-26 15:00:00,33.3,11.2,9.9,60.1,
2013-07-26 16:00:00,25.7,4.0,8.0,60.3,
2013-07-26 17:00:00,36.8,1.6,10.9,55.9,
2013-07-26 18:00:00,47.8,0.65,17.5,47.7,
2013-07-26 19:00:00,44.9,0.65,22.4,39.5,
2013-07-26 20:00:00,47.7,0.65,22.1,37.2,
2013-07-26 21:00:00,43.6,0.65,30.6,25.3,
2013-07-26 22:00:00,44.1,0.65,32.8,19.0,
2013-07-26 23:00:00,53.3,0.65,21.5,24.2,
2013-07-27 00:00:00,50.1,0.65,19.6,19.2,
2013-07-27 01:00:00,40.9,0.65,25.0,5.3,
2013-07-27 02:00:00,38.5,0.65,21.0,0.5,
2013-07-27 03:00:00,37.8,0.65,19.6,0.5,
2013-07-27 04:00:00,32.1,0.65,18.4,0.5,
2013-07-27 05:00:00,19.3,0.65,17.5,0.5,
2013-07-27 06:00:00,21.7,0.65,15.4,0.5,
2013-07-27 07:00:00,24.1,0.65,19.4,0.5,
2013-07-27 08:00:00,28.0,2.4,19.8,0.5,
2013-07-27 09:00:00,41.8,2.7,27.1,1.4,
2013-07-27 10:00:00,47.4,2.9,37.3,8.2,
2013-07-27 11:00:00,45.0,5.1,31.8,17.1,
2013-07-27 12:00:00,37.8,5.4,33.4,27.5,
2013-07-27 13:00:00,30.8,4.1,16.5,29.9,
2013-07-27 14:00:00,27.2,10.0,18.5,35.0,
2013-07-27 15:00:00,25.3,11.0,22.4,50.2,
2013-07-27 16:00:00,23.7,4.0,19.0,62.4,
2013-07-27 17:00:00,26.9,2.6,23.2,61.5,
2013-07-27 18:00:00,31.9,1.7,20.6,51.8,
2013-07-27 19:00:00,43.6,2.3,61.6,6.9,
2013-07-27 20:00:00,89.1,5.2,61.9,5.0,
2013-07-27 21:00:00,138.1,6.6,50.8,3.4,
2013-07-27 22:00:00,147.1,7.1,39.6,1.7,
2013-07-27 23:00:00,155.3,7.3,32.6,1.2,
2013-07-28 00:00:00,138.6,5.5,24.1,0.5,
2013-07-28 01:00:00,101.3,0.65,18.4,0.5,
2013-07-28 02:00:00,82.1,0.65,27.5,0.5,
2013-07-28 03:00:00,75.9,0.65,31.1,0.5,
2013-07-28 04:00:00,66.0,0.65,20.8,0.5,
2013-07-28 05:00:00,55.5,0.65,16.6,0.5,
2013-07-28 06:00:00,59.6,0.65,20.0,0.5,
2013-07-28 07:00:00,58.5,0.65,16.9,0.5,
2013-07-28 08:00:00,55.0,0.65,18.4,0.5,
2013-07-28 09:00:00,50.5,0.65,23.8,2.0,
2013-07-28 10:00:00,40.6,1.8,36.3,22.6,
2013-07-28 11:00:00,32.5,6.0,45.6,23.7,
2013-07-28 12:00:00,26.9,7.8,34.8,34.3,
2013-07-28 13:00:00,31.6,5.8,22.8,37.6,
2013-07-28 14:00:00,28.7,3.5,19.0,62.9,
2013-07-28 15:00:00,27.3,0.65,13.4,69.0,
2013-07-28 16:00:00,28.7,0.65,17.1,60.0,
2013-08-01 17:00:00,52.9,,53.2,59.0,
2013-08-01 18:00:00,65.5,,97.9,9.8,
2013-08-01 19:00:00,220.6,,94.9,4.7,
2013-08-01 20:00:00,378.2,,82.5,3.5,
2013-08-01 21:00:00,420.6,,67.7,2.5,
2013-08-01 22:00:00,382.8,,64.4,1.7,
2013-08-01 23:00:00,301.1,,55.1,2.0,
2013-08-02 00:00:00,249.4,,54.1,1.8,
2013-08-02 01:00:00,195.7,,46.0,5.2,
2013-08-02 02:00:00,141.8,,54.2,4.4,
2013-08-02 03:00:00,116.1,,45.4,0.5,
2013-08-02 04:00:00,102.2,,36.2,5.0,
2013-08-02 05:00:00,83.2,,12.1,17.4,
2013-08-02 06:00:00,64.6,,8.4,22.5,
2013-08-02 07:00:00,46.7,,14.0,19.0,
2013-08-02 08:00:00,42.2,,20.9,15.5,
2013-08-02 10:00:00,42.2,,21.1,17.0,
2013-08-02 11:00:00,50.9,,26.3,20.6,
2013-08-02 12:00:00,58.3,,21.5,32.1,
2013-08-02 13:00:00,54.6,,17.6,34.1,
2013-08-02 14:00:00,53.4,,26.3,33.3,
2013-08-02 15:00:00,52.4,,20.4,35.1,
2013-08-02 16:00:00,47.6,,31.8,20.5,
2013-08-02 17:00:00,40.5,0.65,47.7,9.2,
2013-08-02 18:00:00,41.3,0.65,57.2,2.4,
2013-08-02 19:00:00,50.2,0.65,54.0,1.7,
2013-08-02 20:00:00,54.9,0.65,68.9,0.5,
2013-08-02 21:00:00,54.1,0.65,70.7,2.1,
2013-08-02 22:00:00,49.3,0.65,32.3,19.1,
2013-08-02 23:00:00,48.4,0.65,18.2,22.1,
2013-08-03 00:00:00,37.6,0.65,12.2,17.8,
2013-08-03 01:00:00,21.2,0.65,8.9,14.2,
2013-08-03 02:00:00,12.7,0.65,12.1,17.1,
2013-08-03 03:00:00,8.1,0.65,6.8,35.0,
2013-08-03 04:00:00,5.9,0.65,4.0,37.9,
2013-08-03 05:00:00,4.3,0.65,4.9,38.2,
2013-08-03 06:00:00,3.8,0.65,18.5,27.2,
2013-08-03 07:00:00,3.4,0.65,14.3,29.4,
2013-08-03 08:00:00,2.8,0.65,17.2,26.3,
2013-08-03 09:00:00,5.5,0.65,15.3,27.9,
2013-08-03 10:00:00,9.1,0.65,16.5,24.6,
2013-08-03 11:00:00,11.6,0.65,16.4,26.9,
2013-08-03 12:00:00,10.0,0.65,12.6,29.7,
2013-08-03 13:00:00,6.3,0.65,13.8,36.3,
2013-08-03 14:00:00,4.5,0.65,16.9,33.9,
2013-08-03 15:00:00,3.7,0.65,15.8,43.2,
2013-08-03 16:00:00,6.1,0.65,19.2,47.8,
2013-08-03 17:00:00,9.3,0.65,17.6,50.1,
2013-08-03 18:00:00,13.3,0.65,17.1,47.4,
2013-08-03 19:00:00,23.1,0.65,31.4,28.8,
2013-08-03 20:00:00,26.0,0.65,16.2,39.2,
2013-08-03 21:00:00,26.6,0.65,17.6,34.1,
2013-08-03 22:00:00,24.8,0.65,12.0,37.5,
2013-08-03 23:00:00,21.0,0.65,9.3,41.3,
2013-08-04 00:00:00,19.3,0.65,7.9,42.5,
2013-08-04 01:00:00,13.8,0.65,6.9,48.7,
2013-08-04 02:00:00,8.4,0.65,6.1,56.6,
2013-08-04 03:00:00,5.2,0.65,4.6,52.6,
2013-08-04 04:00:00,3.5,0.65,5.4,44.7,
2013-08-04 05:00:00,3.6,0.65,7.4,42.8,
2013-08-04 06:00:00,3.6,0.65,7.6,41.6,
2013-08-04 07:00:00,3.0,0.65,10.1,36.7,
2013-08-04 08:00:00,3.2,0.65,7.6,39.7,
2013-08-04 09:00:00,6.8,0.65,13.3,33.6,
2013-08-04 10:00:00,8.0,0.65,15.5,34.9,
2013-08-04 11:00:00,11.5,0.65,12.0,36.6,
2013-08-04 12:00:00,13.6,0.65,12.6,44.2,
2013-08-04 13:00:00,14.5,0.65,11.7,48.8,
2013-08-04 14:00:00,13.7,0.65,11.5,49.0,
2013-08-04 15:00:00,8.6,1.3,11.4,49.1,
2013-08-04 16:00:00,8.9,1.6,9.5,50.0,
2013-08-04 17:00:00,4.5,1.7,7.8,41.4,
2013-08-04 18:00:00,2.6,0.65,15.0,39.8,
2013-08-04 19:00:00,7.7,0.65,33.8,19.5,
2013-08-04 20:00:00,31.3,0.65,35.7,10.9,
2013-08-04 21:00:00,26.8,3.9,40.9,1.4,
2013-08-04 22:00:00,26.4,2.5,33.0,3.3,
2013-08-04 23:00:00,37.6,2.7,28.8,1.3,
2013-08-05 00:00:00,36.3,2.7,23.9,0.5,
2013-08-05 01:00:00,43.0,0.65,20.3,0.5,
2013-08-05 02:00:00,42.6,0.65,16.3,0.5,
2013-08-05 03:00:00,34.3,0.65,12.7,0.5,
2013-08-05 04:00:00,22.7,0.65,10.8,0.5,
2013-08-05 05:00:00,15.3,0.65,9.1,0.5,
2013-08-05 06:00:00,16.3,0.65,9.0,0.5,
2013-08-05 07:00:00,21.6,0.65,12.9,0.5,
2013-08-05 08:00:00,28.2,1.3,20.2,0.5,
2013-08-05 09:00:00,37.5,3.7,44.0,0.5,
2013-08-05 10:00:00,42.4,3.3,47.5,1.4,
2013-08-05 11:00:00,41.6,2.7,28.6,10.1,
2013-08-05 12:00:00,36.9,1.9,11.2,32.3,
2013-08-05 13:00:00,27.1,0.65,11.8,34.6,
2013-08-05 14:00:00,15.5,0.65,8.1,44.2,
2013-08-05 15:00:00,12.0,0.65,9.2,46.7,
2013-08-05 16:00:00,10.9,0.65,14.4,51.3,
2013-08-05 17:00:00,11.2,0.65,17.5,52.5,
2013-08-05 18:00:00,16.7,0.65,32.7,34.9,
2013-08-05 19:00:00,30.0,0.65,61.5,3.7,
2013-08-05 20:00:00,50.6,0.65,54.8,2.9,
2013-08-05 21:00:00,62.4,0.65,47.6,2.9,
2013-08-05 22:00:00,67.9,0.65,42.0,0.5,
2013-08-05 23:00:00,72.3,1.8,38.4,0.5,
2013-08-06 00:00:00,68.5,1.9,46.7,0.5,
2013-08-06 01:00:00,66.7,1.9,40.8,0.5,
2013-08-06 02:00:00,55.5,2.0,39.7,0.5,
2013-08-06 03:00:00,47.8,2.2,33.8,0.5,
2013-08-06 04:00:00,46.1,2.2,28.7,0.5,
2013-08-06 05:00:00,43.4,2.5,35.7,0.5,
2013-08-06 06:00:00,46.1,2.0,31.6,0.5,
2013-08-06 07:00:00,46.5,2.0,31.7,0.5,
2013-08-06 08:00:00,47.8,3.9,36.9,0.5,
2013-08-06 09:00:00,55.1,5.1,51.0,0.5,
2013-08-06 10:00:00,68.2,6.3,54.8,4.9,
2013-08-06 11:00:00,66.7,5.9,42.9,15.0,
2013-08-06 12:00:00,44.3,3.4,18.4,26.7,
2013-08-06 13:00:00,31.5,1.9,18.6,34.3,
2013-08-06 14:00:00,31.0,0.65,16.1,44.1,
2013-08-06 15:00:00,31.9,8.3,22.4,53.8,
2013-08-06 16:00:00,33.2,5.6,24.1,56.6,
2013-08-06 17:00:00,37.3,0.65,34.9,42.6,
2013-08-06 18:00:00,42.1,0.65,23.1,40.5,
2013-08-06 19:00:00,60.7,0.65,34.5,27.5,
2013-08-06 20:00:00,85.8,0.65,32.1,24.8,
2013-08-06 21:00:00,90.3,0.65,21.5,30.0,
2013-08-06 22:00:00,77.7,0.65,20.1,31.8,
2013-08-06 23:00:00,73.8,0.65,22.4,27.6,
2013-08-07 00:00:00,75.3,0.65,26.9,20.0,
2013-08-07 01:00:00,63.9,1.8,24.7,18.9,
2013-08-07 02:00:00,52.2,1.3,20.2,18.3,
2013-08-07 03:00:00,44.5,0.65,16.6,13.8,
2013-08-07 04:00:00,41.5,0.65,14.7,7.8,
2013-08-07 05:00:00,33.6,0.65,16.1,4.0,
2013-08-07 06:00:00,32.5,0.65,19.9,1.4,
2013-08-07 07:00:00,40.4,0.65,24.2,1.3,
2013-08-07 08:00:00,50.0,2.1,31.0,0.5,
2013-08-07 09:00:00,57.2,2.7,34.3,8.9,
2013-08-07 10:00:00,56.3,2.3,38.1,8.8,
2013-08-07 11:00:00,43.9,2.3,29.8,15.2,
2013-08-07 12:00:00,32.5,2.5,28.6,15.6,
2013-08-07 13:00:00,26.8,2.0,16.5,32.2,
2013-08-07 14:00:00,20.6,1.9,12.3,44.5,
2013-08-07 15:00:00,15.2,1.7,13.0,45.2,
2013-08-07 16:00:00,13.3,1.7,14.4,44.6,
2013-08-07 17:00:00,17.7,1.4,14.4,42.8,
2013-08-07 18:00:00,20.8,1.6,19.6,36.8,
2013-08-07 19:00:00,29.6,2.5,36.5,19.5,
2013-08-07 20:00:00,40.5,2.7,34.7,15.6,
2013-08-07 21:00:00,46.3,3.5,45.7,3.8,
2013-08-07 22:00:00,58.6,4.3,46.3,0.5,
2013-08-07 23:00:00,66.7,5.1,38.7,0.5,
2013-08-08 00:00:00,63.8,4.3,28.9,0.5,
2013-08-08 01:00:00,60.3,1.3,21.8,0.5,
2013-08-08 02:00:00,59.0,1.8,20.5,0.5,
2013-08-08 03:00:00,61.0,2.5,23.8,10.5,
2013-08-08 04:00:00,52.4,0.65,11.6,34.5,
2013-08-08 05:00:00,36.1,0.65,11.8,42.9,
2013-08-08 06:00:00,30.1,0.65,28.9,29.3,
2013-08-08 07:00:00,31.7,0.65,58.0,3.1,
2013-08-08 08:00:00,48.6,5.0,68.1,0.5,
2013-08-08 09:00:00,69.8,7.3,58.7,1.0,
2013-08-08 10:00:00,81.4,7.9,62.0,18.0,
2013-08-08 11:00:00,70.5,5.7,32.3,55.5,
2013-08-08 12:00:00,54.1,4.0,19.9,70.2,
2013-08-08 13:00:00,45.5,6.7,19.4,68.5,
2013-08-08 14:00:00,42.9,11.5,22.9,59.8,
2013-08-08 15:00:00,43.4,4.6,17.1,42.2,
2013-08-08 16:00:00,47.7,2.0,16.6,35.4,
2013-08-08 17:00:00,47.0,0.65,13.2,39.7,
2013-08-08 18:00:00,39.7,0.65,18.4,31.0,
2013-08-08 19:00:00,42.0,0.65,22.7,27.6,
2013-08-08 20:00:00,40.8,0.65,15.8,43.7,
2013-08-08 21:00:00,28.5,0.65,14.0,46.6,
2013-08-08 22:00:00,21.1,0.65,14.6,39.1,
2013-08-08 23:00:00,15.3,0.65,15.1,33.5,
2013-08-09 00:00:00,18.2,0.65,12.7,29.7,
2013-08-09 01:00:00,18.1,0.65,11.4,32.0,
2013-08-09 02:00:00,9.0,0.65,7.7,36.2,
2013-08-09 03:00:00,11.6,0.65,6.4,32.6,
2013-08-09 04:00:00,14.1,0.65,4.8,44.0,
2013-08-09 05:00:00,9.8,0.65,4.1,40.9,
2013-08-09 06:00:00,6.6,0.65,5.9,46.3,
2013-08-09 07:00:00,4.6,0.65,13.2,33.8,
2013-08-09 08:00:00,3.6,0.65,25.2,24.5,
2013-08-09 09:00:00,3.5,0.65,28.0,22.9,
2013-08-09 10:00:00,4.4,0.65,21.8,27.2,
2013-08-09 11:00:00,4.8,0.65,19.1,33.3,
2013-08-09 12:00:00,4.2,0.65,20.1,32.3,
2013-08-09 13:00:00,3.3,0.65,24.7,28.8,
2013-08-09 14:00:00,4.9,0.65,21.2,30.2,
2013-08-09 15:00:00,6.6,0.65,25.3,24.2,
2013-08-09 16:00:00,8.2,0.65,24.9,27.2,
2013-08-09 17:00:00,9.9,0.65,27.0,26.7,
2013-08-09 18:00:00,9.8,0.65,23.7,33.0,
2013-08-09 19:00:00,10.2,0.65,27.9,32.5,
2013-08-09 20:00:00,9.0,0.65,25.2,40.6,
2013-08-09 21:00:00,12.3,0.65,22.1,43.9,
2013-08-09 22:00:00,11.6,0.65,20.9,38.8,
2013-08-09 23:00:00,7.4,0.65,21.7,33.9,
2013-08-10 00:00:00,8.8,0.65,15.7,36.2,
2013-08-10 01:00:00,11.0,0.65,9.3,42.9,
2013-08-10 02:00:00,7.2,0.65,7.5,43.6,
2013-08-10 03:00:00,7.8,0.65,5.5,43.9,
2013-08-10 04:00:00,8.0,0.65,4.8,45.5,
2013-08-10 05:00:00,4.2,0.65,4.9,47.0,
2013-08-10 06:00:00,2.9,0.65,6.1,43.0,
2013-08-10 07:00:00,2.3,0.65,9.9,38.2,
2013-08-10 08:00:00,1.3,0.65,19.2,31.6,
2013-08-10 09:00:00,3.2,0.65,19.1,35.6,
2013-08-10 10:00:00,5.3,0.65,24.0,31.9,
2013-08-10 11:00:00,3.7,0.65,17.1,41.7,
2013-08-10 12:00:00,2.5,0.65,15.3,43.8,
2013-08-10 13:00:00,2.0,0.65,18.2,40.9,
2013-08-10 14:00:00,6.2,0.65,13.3,46.6,
2013-08-10 15:00:00,8.5,0.65,16.3,46.3,
2013-08-10 16:00:00,5.5,0.65,14.0,48.5,
2013-08-10 17:00:00,3.3,0.65,14.3,47.4,
2013-08-10 18:00:00,7.1,0.65,16.4,44.5,
2013-08-10 19:00:00,9.1,0.65,13.5,47.2,
2013-08-10 20:00:00,6.5,0.65,12.8,47.8,
2013-08-10 21:00:00,5.0,0.65,9.9,49.9,
2013-08-10 22:00:00,3.9,0.65,9.9,47.2,
2013-08-10 23:00:00,3.8,0.65,16.7,40.2,
2013-08-11 00:00:00,8.7,0.65,12.5,38.0,
2013-08-11 01:00:00,11.0,0.65,7.7,40.1,
2013-08-11 02:00:00,7.1,0.65,8.0,36.7,
2013-08-11 03:00:00,3.8,0.65,5.0,36.1,
2013-08-11 04:00:00,2.2,0.65,3.7,34.0,
2013-08-11 05:00:00,3.9,0.65,4.3,33.0,
2013-08-11 06:00:00,4.7,0.65,5.7,30.2,
2013-08-11 07:00:00,5.8,0.65,8.3,26.3,
2013-08-11 08:00:00,8.9,0.65,11.7,21.9,
2013-08-11 09:00:00,11.7,0.65,11.4,20.6,
2013-08-11 10:00:00,10.4,0.65,14.2,22.6,
2013-08-11 11:00:00,6.3,1.8,15.9,31.0,
2013-08-11 12:00:00,10.8,6.1,13.6,31.7,
2013-08-11 13:00:00,18.0,20.0,14.1,37.5,
2013-08-11 14:00:00,16.9,30.6,15.2,39.3,
2013-08-11 15:00:00,15.5,27.2,11.2,41.5,
2013-08-11 16:00:00,14.9,20.7,17.0,36.6,
2013-08-11 17:00:00,13.5,26.8,11.9,37.8,
2013-08-11 18:00:00,13.9,16.9,18.9,28.5,
2013-08-11 19:00:00,13.5,5.6,21.6,19.4,
2013-08-11 20:00:00,16.8,4.0,32.6,8.6,
2013-08-11 21:00:00,19.4,3.9,37.6,1.8,
2013-08-11 22:00:00,28.4,5.5,35.0,2.8,
2013-08-11 23:00:00,49.4,6.4,23.7,0.5,
2013-08-12 00:00:00,52.8,5.2,17.7,1.2,
2013-08-12 01:00:00,40.0,0.65,13.9,1.2,
2013-08-12 02:00:00,31.9,0.65,11.0,0.5,
2013-08-12 03:00:00,22.3,0.65,10.0,0.5,
2013-08-12 04:00:00,13.1,0.65,9.0,0.5,
2013-08-12 05:00:00,12.4,0.65,13.5,0.5,
2013-08-12 06:00:00,13.1,0.65,14.7,0.5,
2013-08-12 07:00:00,19.4,0.65,22.1,0.5,
2013-08-12 08:00:00,28.6,0.65,27.3,0.5,
2013-08-12 09:00:00,40.2,0.65,32.3,0.5,
2013-08-12 10:00:00,39.8,0.65,30.1,4.5,
2013-08-12 11:00:00,31.5,16.7,64.4,20.1,
2013-08-12 12:00:00,31.4,19.3,33.5,20.3,
2013-08-12 13:00:00,24.0,97.2,23.4,29.8,
2013-08-12 14:00:00,20.4,108.2,22.4,34.0,
2013-08-12 15:00:00,18.5,13.0,15.5,46.1,
2013-08-12 16:00:00,13.3,0.65,11.9,48.6,
2013-08-12 17:00:00,9.4,0.65,9.0,48.0,
2013-08-12 18:00:00,11.4,0.65,26.1,24.3,
2013-08-12 19:00:00,19.7,0.65,49.5,6.8,
2013-08-12 20:00:00,28.3,0.65,64.6,1.5,
2013-08-12 21:00:00,44.5,0.65,55.2,4.2,
2013-08-12 22:00:00,56.1,0.65,30.8,16.2,
2013-08-12 23:00:00,55.0,0.65,35.3,7.0,
2013-08-13 00:00:00,48.7,0.65,23.0,16.9,
2013-08-13 01:00:00,33.2,0.65,11.0,26.5,
2013-08-13 02:00:00,23.0,0.65,10.2,29.1,
2013-08-13 03:00:00,22.1,0.65,10.8,22.2,
2013-08-13 04:00:00,16.3,0.65,9.6,15.1,
2013-08-13 05:00:00,16.3,0.65,11.9,12.8,
2013-08-13 06:00:00,20.7,0.65,19.1,4.1,
2013-08-13 07:00:00,16.1,0.65,29.4,1.8,
2013-08-13 08:00:00,11.6,0.65,29.9,0.5,
2013-08-13 09:00:00,16.6,0.65,32.8,0.5,
2013-08-13 10:00:00,20.4,0.65,41.3,2.1,
2013-08-13 11:00:00,18.6,1.6,47.6,2.4,
2013-08-13 12:00:00,16.7,0.65,36.2,15.4,
2013-08-13 13:00:00,21.4,0.65,34.1,15.1,
2013-08-13 14:00:00,28.0,0.65,32.8,13.2,
2013-08-13 15:00:00,25.2,0.65,24.6,23.7,
2013-08-13 16:00:00,20.5,0.65,23.4,24.6,
2013-08-13 17:00:00,17.9,0.65,34.2,6.8,
2013-08-13 18:00:00,21.2,0.65,44.3,1.8,
2013-08-13 19:00:00,23.5,0.65,35.5,15.9,
2013-08-13 20:00:00,20.4,0.65,35.2,17.2,
2013-08-13 21:00:00,24.3,0.65,24.0,26.0,
2013-08-13 22:00:00,21.6,0.65,21.1,27.0,
2013-08-13 23:00:00,16.7,0.65,18.1,27.1,
2013-08-14 00:00:00,14.0,0.65,14.1,28.0,
2013-08-14 01:00:00,8.0,0.65,7.1,32.7,
2013-08-14 02:00:00,14.3,0.65,5.1,37.0,
2013-08-14 03:00:00,17.3,0.65,3.2,43.0,
2013-08-14 04:00:00,13.2,0.65,6.9,37.6,
2013-08-14 05:00:00,10.6,0.65,5.9,40.7,
2013-08-14 06:00:00,8.4,0.65,7.2,38.2,
2013-08-14 07:00:00,10.0,0.65,12.7,33.3,
2013-08-14 08:00:00,9.4,0.65,19.1,29.3,
2013-08-14 09:00:00,11.1,0.65,17.6,30.9,
2013-08-14 10:00:00,16.8,0.65,17.6,31.0,
2013-08-14 11:00:00,15.1,0.65,15.8,31.8,
2013-08-14 12:00:00,14.4,0.65,15.4,33.4,
2013-08-14 13:00:00,16.2,0.65,22.2,24.2,
2013-08-14 14:00:00,15.2,0.65,22.3,25.4,
2013-08-14 15:00:00,13.8,0.65,16.4,32.9,
2013-08-14 16:00:00,11.0,0.65,17.6,28.5,
2013-08-14 17:00:00,13.2,0.65,25.3,22.6,
2013-08-14 18:00:00,21.4,0.65,36.1,14.6,
2013-08-14 19:00:00,20.0,1.7,39.4,7.7,
2013-08-14 20:00:00,17.4,1.9,32.9,12.4,
2013-08-14 21:00:00,22.3,3.6,23.1,11.2,
2013-08-14 22:00:00,26.2,3.7,24.9,7.5,
2013-08-14 23:00:00,25.8,2.6,25.4,10.3,
2013-08-15 00:00:00,21.7,1.4,26.2,6.5,
2013-08-15 01:00:00,19.2,0.65,30.5,1.8,
2013-08-15 02:00:00,18.2,0.65,25.5,6.2,
2013-08-15 03:00:00,20.8,0.65,18.4,9.5,
2013-08-15 04:00:00,24.9,0.65,19.9,7.4,
2013-08-15 05:00:00,18.6,0.65,16.7,14.0,
2013-08-15 06:00:00,14.9,0.65,26.7,8.5,
2013-08-15 07:00:00,16.2,0.65,28.8,5.5,
2013-08-15 08:00:00,18.9,1.9,33.1,0.5,
2013-08-15 09:00:00,30.8,5.1,30.4,1.4,
2013-08-15 10:00:00,32.5,3.0,30.6,5.8,
2013-08-15 11:00:00,21.3,2.8,23.7,12.0,
2013-08-15 12:00:00,25.0,6.9,26.8,12.6,
2013-08-15 13:00:00,33.7,7.0,24.1,25.7,
2013-08-15 14:00:00,31.4,1.6,15.7,33.7,
2013-08-15 15:00:00,25.9,0.65,10.5,39.1,
2013-08-15 16:00:00,20.3,,9.2,46.8,
2013-08-15 17:00:00,18.9,,13.3,49.1,
2013-08-15 18:00:00,18.5,,24.5,39.8,
2013-08-15 19:00:00,27.8,,49.2,11.0,
2013-08-15 20:00:00,44.0,,48.9,6.8,
2013-08-15 21:00:00,59.3,,47.4,5.4,
2013-08-15 22:00:00,67.6,,32.8,10.7,
2013-08-15 23:00:00,65.2,,32.2,3.8,
2013-08-16 00:00:00,59.5,,27.4,0.5,
2013-08-16 01:00:00,51.1,,18.8,3.0,
2013-08-16 02:00:00,42.8,,16.9,1.3,
2013-08-16 03:00:00,30.9,,13.0,0.5,
2013-08-16 04:00:00,21.2,,10.2,0.5,
2013-08-16 05:00:00,17.6,,9.1,0.5,
2013-08-16 06:00:00,12.9,,11.6,0.5,
2013-08-16 07:00:00,17.9,,19.0,0.5,
2013-08-16 08:00:00,29.8,,24.3,1.2,
2013-08-16 09:00:00,37.0,,26.6,0.5,
2013-08-16 10:00:00,48.0,,44.0,6.4,
2013-08-16 11:00:00,,,48.5,13.7,
2013-08-16 12:00:00,,,32.3,32.0,
2013-08-16 13:00:00,36.4,,20.2,40.4,
2013-08-16 14:00:00,24.3,,17.9,52.3,
2013-08-16 15:00:00,18.9,,12.4,63.0,
2013-08-16 16:00:00,21.9,0.65,11.8,57.3,
2013-08-16 17:00:00,17.6,0.65,10.4,58.1,
2013-08-16 18:00:00,16.6,2.1,15.3,44.8,
2013-08-16 19:00:00,23.5,1.3,52.1,7.6,
2013-08-16 20:00:00,56.0,3.8,56.9,3.0,
2013-08-16 21:00:00,112.6,6.2,50.0,0.5,
2013-08-16 22:00:00,137.6,6.3,37.9,0.5,
2013-08-16 23:00:00,138.0,6.1,30.1,0.5,
2013-08-17 00:00:00,106.1,4.6,27.0,0.5,
2013-08-17 01:00:00,87.3,0.65,30.2,0.5,
2013-08-17 02:00:00,80.2,0.65,28.8,0.5,
2013-08-17 03:00:00,71.0,0.65,28.3,0.5,
2013-08-17 04:00:00,56.8,0.65,20.6,0.5,
2013-08-17 05:00:00,44.4,0.65,17.9,0.5,
2013-08-17 06:00:00,33.4,0.65,16.6,0.5,
2013-08-17 07:00:00,39.4,0.65,19.8,0.5,
2013-08-17 08:00:00,44.7,0.65,27.7,1.4,
2013-08-17 09:00:00,79.2,0.65,41.5,1.4,
2013-08-17 10:00:00,73.3,0.65,32.9,9.6,
2013-08-17 11:00:00,55.2,0.65,15.9,24.9,
2013-08-17 12:00:00,31.5,0.65,11.5,38.2,
2013-08-17 13:00:00,27.6,0.65,12.5,53.0,
2013-08-17 14:00:00,41.7,0.65,10.4,60.4,
2013-08-17 15:00:00,54.0,0.65,11.1,61.8,
2013-08-17 16:00:00,82.3,0.65,7.8,59.9,
2013-08-17 17:00:00,92.3,0.65,10.7,57.0,
2013-08-17 18:00:00,99.7,0.65,13.1,51.3,
2013-08-17 19:00:00,89.8,0.65,16.7,37.7,
2013-08-17 20:00:00,67.4,0.65,19.9,31.9,
2013-08-17 21:00:00,57.9,0.65,20.2,25.4,
2013-08-17 22:00:00,69.3,0.65,18.7,20.4,
2013-08-17 23:00:00,66.3,0.65,18.6,23.5,
2013-08-18 00:00:00,68.8,0.65,20.5,17.4,
2013-08-18 01:00:00,84.6,0.65,21.4,13.6,
2013-08-18 02:00:00,80.4,0.65,17.8,10.8,
2013-08-18 03:00:00,61.1,0.65,14.9,8.1,
2013-08-18 04:00:00,57.3,0.65,13.8,9.9,
2013-08-18 05:00:00,51.0,0.65,16.2,6.1,
2013-08-18 06:00:00,54.7,0.65,12.5,4.5,
2013-08-18 07:00:00,46.8,0.65,16.5,2.4,
2013-08-18 08:00:00,46.7,0.65,15.4,2.3,
2013-08-18 09:00:00,45.7,0.65,15.5,10.4,
2013-08-18 10:00:00,52.3,0.65,13.4,25.4,
2013-08-18 11:00:00,50.6,0.65,8.5,46.7,
2013-08-18 12:00:00,43.0,0.65,9.1,53.2,
2013-08-18 13:00:00,30.2,0.65,8.9,57.3,
2013-08-18 14:00:00,35.6,0.65,7.8,54.5,
2013-08-18 15:00:00,36.7,0.65,5.6,57.7,
2013-08-18 16:00:00,35.9,0.65,5.3,58.9,
2013-08-18 17:00:00,43.7,0.65,6.6,59.5,
2013-08-18 18:00:00,45.6,0.65,10.3,54.5,
2013-08-18 19:00:00,46.3,0.65,18.6,42.7,
2013-08-18 20:00:00,75.1,0.65,13.8,39.8,
2013-08-18 21:00:00,68.5,0.65,22.3,31.8,
2013-08-18 22:00:00,71.7,0.65,21.0,30.6,
2013-08-18 23:00:00,67.7,0.65,18.1,25.0,
2013-08-19 00:00:00,57.3,0.65,14.2,24.3,
2013-08-19 01:00:00,45.3,0.65,24.3,11.8,
2013-08-19 02:00:00,52.7,0.65,17.0,14.0,
2013-08-19 03:00:00,44.7,0.65,7.2,25.5,
2013-08-19 04:00:00,30.6,0.65,8.2,23.2,
2013-08-19 05:00:00,20.2,0.65,9.4,22.3,
2013-08-19 06:00:00,20.6,0.65,20.0,3.2,
2013-08-19 07:00:00,18.3,0.65,30.3,0.5,
2013-08-19 08:00:00,31.6,3.8,43.1,1.0,
2013-08-19 09:00:00,55.8,5.8,46.7,1.5,
2013-08-19 10:00:00,61.5,5.6,36.8,9.7,
2013-08-19 11:00:00,48.0,5.0,14.5,25.9,
2013-08-19 12:00:00,33.2,3.9,13.1,28.4,
2013-08-19 13:00:00,19.1,2.7,8.1,33.9,
2013-08-19 14:00:00,15.8,2.8,11.1,42.2,
2013-08-19 15:00:00,15.0,1.8,13.9,51.5,
2013-08-19 16:00:00,19.2,0.65,20.3,55.8,
2013-08-19 17:00:00,22.5,0.65,19.7,58.9,
2013-08-19 18:00:00,30.4,0.65,25.7,44.4,
2013-08-19 19:00:00,49.1,0.65,48.7,17.4,
2013-08-19 20:00:00,63.0,1.6,41.1,15.7,
2013-08-19 21:00:00,75.7,2.4,51.3,4.3,
2013-08-19 22:00:00,66.5,3.0,47.5,0.5,
2013-08-19 23:00:00,65.2,3.2,40.9,0.5,
2013-08-20 00:00:00,62.5,2.5,28.2,0.5,
2013-08-20 01:00:00,67.3,1.3,25.4,0.5,
2013-08-20 02:00:00,55.6,1.4,20.5,0.5,
2013-08-20 03:00:00,57.5,1.6,17.1,0.5,
2013-08-20 04:00:00,61.4,1.8,15.5,0.5,
2013-08-20 05:00:00,52.9,1.4,18.0,0.5,
2013-08-20 06:00:00,31.1,0.65,21.9,5.0,
2013-08-20 07:00:00,29.7,0.65,36.2,2.3,
2013-08-20 08:00:00,24.9,2.3,55.4,1.7,
2013-08-20 09:00:00,60.9,3.5,34.4,12.2,
2013-08-20 10:00:00,65.8,2.4,25.2,25.1,
2013-08-20 11:00:00,49.1,1.7,23.7,38.6,
2013-08-20 12:00:00,40.0,0.65,19.1,52.0,
2013-08-20 13:00:00,28.5,0.65,19.4,54.4,
2013-08-20 14:00:00,22.5,0.65,16.7,57.2,
2013-08-20 15:00:00,29.1,0.65,15.0,61.2,
2013-08-20 16:00:00,32.0,0.65,17.3,70.5,
2013-08-20 17:00:00,28.3,0.65,20.6,69.9,
2013-08-20 18:00:00,30.0,0.65,53.3,34.8,
2013-08-20 19:00:00,54.6,0.65,43.5,25.6,
2013-08-20 20:00:00,111.5,0.65,37.0,21.7,
2013-08-20 21:00:00,128.2,0.65,42.9,9.5,
2013-08-20 22:00:00,117.6,0.65,46.4,0.5,
2013-08-20 23:00:00,114.8,2.0,38.8,0.5,
2013-08-21 00:00:00,113.9,2.8,32.9,1.1,
2013-08-21 01:00:00,149.6,0.65,25.1,0.5,
2013-08-21 02:00:00,127.9,0.65,24.4,0.5,
2013-08-21 03:00:00,95.6,0.65,24.7,0.5,
2013-08-21 04:00:00,70.7,0.65,23.2,2.2,
2013-08-21 05:00:00,52.0,0.65,31.3,0.5,
2013-08-21 06:00:00,53.9,0.65,29.3,3.0,
2013-08-21 07:00:00,46.3,0.65,33.7,11.5,
2013-08-21 08:00:00,37.4,0.65,50.5,4.3,
2013-08-21 09:00:00,38.1,0.65,38.9,17.2,
2013-08-21 10:00:00,44.6,0.65,20.8,36.2,
2013-08-21 11:00:00,40.1,0.65,19.8,45.0,
2013-08-21 12:00:00,24.7,0.65,17.7,55.8,
2013-08-21 13:00:00,31.0,0.65,19.4,56.8,
2013-08-21 14:00:00,40.6,0.65,15.0,53.7,
2013-08-21 15:00:00,36.4,0.65,12.9,56.1,
2013-08-21 16:00:00,37.7,0.65,11.5,59.7,
2013-08-21 17:00:00,41.8,0.65,13.1,65.7,
2013-08-21 18:00:00,33.9,0.65,23.5,55.1,
2013-08-21 19:00:00,49.5,0.65,57.1,18.0,
2013-08-21 20:00:00,83.0,0.65,47.1,23.0,
2013-08-21 21:00:00,80.5,0.65,32.5,33.6,
2013-08-21 22:00:00,69.7,0.65,26.4,40.7,
2013-08-21 23:00:00,49.0,0.65,44.9,22.2,
2013-08-22 00:00:00,40.9,0.65,30.6,22.4,
2013-08-22 01:00:00,52.5,0.65,52.1,1.1,
2013-08-22 02:00:00,55.5,0.65,43.8,5.3,
2013-08-22 03:00:00,60.9,0.65,35.0,7.4,
2013-08-22 04:00:00,51.9,0.65,39.3,3.0,
2013-08-22 05:00:00,56.5,0.65,42.3,0.5,
2013-08-22 06:00:00,51.5,0.65,42.0,0.5,
2013-08-22 07:00:00,51.7,0.65,42.5,0.5,
2013-08-22 08:00:00,63.8,0.65,46.5,2.2,
2013-08-22 09:00:00,82.6,0.65,43.0,5.7,
2013-08-22 10:00:00,92.9,1.5,81.0,7.4,
2013-08-22 11:00:00,87.3,1.8,87.9,27.4,
2013-08-22 12:00:00,90.6,0.65,25.9,36.5,
2013-08-22 13:00:00,73.2,0.65,20.6,38.3,
2013-08-22 14:00:00,48.3,0.65,20.5,48.3,
2013-08-22 15:00:00,34.6,0.65,18.9,50.3,
2013-08-22 16:00:00,41.1,0.65,22.1,40.7,
2013-08-22 17:00:00,39.5,0.65,38.8,21.2,
2013-08-22 18:00:00,39.4,0.65,42.7,23.4,
2013-08-22 19:00:00,44.3,0.65,33.2,32.3,
2013-08-22 20:00:00,29.7,0.65,45.9,23.6,
2013-08-22 21:00:00,30.7,0.65,21.6,39.8,
2013-08-22 22:00:00,26.1,0.65,13.2,45.2,
2013-08-22 23:00:00,18.6,0.65,10.2,51.4,
2013-08-23 00:00:00,10.8,0.65,10.6,44.6,
2013-08-23 01:00:00,6.8,0.65,7.2,37.0,
2013-08-23 02:00:00,4.6,0.65,6.9,34.9,
2013-08-23 03:00:00,4.1,0.65,4.6,36.5,
2013-08-23 04:00:00,7.1,0.65,2.7,41.2,
2013-08-23 05:00:00,6.0,0.65,4.9,36.3,
2013-08-23 06:00:00,11.4,0.65,6.8,35.6,
2013-08-23 07:00:00,7.5,0.65,16.0,24.1,
2013-08-23 08:00:00,7.0,0.65,25.2,17.5,
2013-08-23 09:00:00,5.5,0.65,23.2,17.0,
2013-08-23 10:00:00,13.8,0.65,19.5,19.7,
2013-08-23 11:00:00,,0.65,17.4,24.7,
2013-08-23 12:00:00,,0.65,15.9,23.8,
2013-08-23 13:00:00,,0.65,21.0,23.0,
2013-08-23 14:00:00,,0.65,24.0,23.1,
2013-08-23 15:00:00,,0.65,19.3,31.5,
2013-08-23 16:00:00,,0.65,20.8,33.2,
2013-08-23 17:00:00,40.0,0.65,22.6,31.5,
2013-08-23 18:00:00,36.1,0.65,35.5,20.9,
2013-08-23 19:00:00,21.7,0.65,47.9,9.1,
2013-08-23 20:00:00,22.6,0.65,50.9,5.5,
2013-08-23 21:00:00,23.0,0.65,45.5,7.9,
2013-08-23 22:00:00,30.4,0.65,25.6,20.9,
2013-08-23 23:00:00,27.7,0.65,18.5,25.1,
2013-08-24 00:00:00,32.7,0.65,15.2,21.8,
2013-08-24 01:00:00,17.9,0.65,12.2,27.6,
2013-08-24 02:00:00,11.9,0.65,11.3,27.7,
2013-08-24 03:00:00,16.8,0.65,10.5,31.7,
2013-08-24 04:00:00,9.9,0.65,8.1,32.8,
2013-08-24 05:00:00,6.6,0.65,6.5,38.5,
2013-08-24 06:00:00,7.9,0.65,5.4,40.0,
2013-08-24 07:00:00,5.6,0.65,14.2,29.6,
2013-08-24 08:00:00,3.6,0.65,22.5,22.4,
2013-08-24 09:00:00,3.2,0.65,18.2,28.3,
2013-08-24 10:00:00,2.7,0.65,20.5,25.4,
2013-08-24 11:00:00,3.0,0.65,19.8,28.5,
2013-08-24 12:00:00,7.3,0.65,15.8,32.8,
2013-08-24 13:00:00,9.6,0.65,17.4,33.3,
2013-08-24 14:00:00,12.7,0.65,13.8,38.3,
2013-08-24 15:00:00,8.0,0.65,16.0,35.5,
2013-08-24 16:00:00,10.2,0.65,17.5,30.7,
2013-08-24 17:00:00,15.0,0.65,24.5,26.0,
2013-08-24 18:00:00,9.1,0.65,23.7,28.4,
2013-08-24 19:00:00,6.0,0.65,16.9,38.1,
2013-08-24 20:00:00,5.8,0.65,12.3,42.1,
2013-08-24 21:00:00,10.5,0.65,12.9,41.2,
2013-08-24 22:00:00,6.9,0.65,10.7,43.0,
2013-08-24 23:00:00,7.5,0.65,7.9,45.4,
2013-08-25 00:00:00,6.1,0.65,7.6,42.4,
2013-08-25 01:00:00,8.7,0.65,3.9,50.8,
2013-08-25 02:00:00,6.1,0.65,3.1,52.1,
2013-08-25 03:00:00,4.6,0.65,2.2,53.3,
2013-08-25 04:00:00,3.4,0.65,1.8,54.6,
2013-08-25 05:00:00,3.1,0.65,2.0,54.5,
2013-08-25 06:00:00,2.4,0.65,1.5,54.1,
2013-08-25 07:00:00,2.0,0.65,2.3,54.5,
2013-08-25 08:00:00,1.2,0.65,3.4,54.1,
2013-08-25 09:00:00,1.5,0.65,3.6,54.8,
2013-08-25 10:00:00,2.1,0.65,4.1,55.0,
2013-08-25 11:00:00,2.9,0.65,4.8,52.9,
2013-08-25 12:00:00,3.1,0.65,6.9,50.2,
2013-08-25 13:00:00,5.6,0.65,8.4,48.6,
2013-08-25 14:00:00,11.6,0.65,7.1,48.2,
2013-08-25 15:00:00,7.4,0.65,6.4,47.8,
2013-08-25 16:00:00,6.3,0.65,6.0,48.8,
2013-08-25 17:00:00,5.4,0.65,7.5,45.8,
2013-08-25 18:00:00,10.2,0.65,8.2,45.8,
2013-08-25 19:00:00,6.1,0.65,12.6,40.9,
2013-08-25 20:00:00,5.2,0.65,11.7,42.1,
2013-08-25 21:00:00,8.2,0.65,8.1,45.5,
2013-08-25 22:00:00,6.7,0.65,10.4,42.9,
2013-08-25 23:00:00,8.7,0.65,8.5,43.9,
2013-08-26 00:00:00,5.7,0.65,7.7,40.1,
2013-08-26 01:00:00,4.4,0.65,4.0,48.5,
2013-08-26 02:00:00,3.7,0.65,2.8,47.8,
2013-08-26 03:00:00,4.6,0.65,2.8,48.8,
2013-08-26 04:00:00,5.1,0.65,2.6,49.7,
2013-08-26 05:00:00,4.0,0.65,4.6,48.4,
2013-08-26 06:00:00,3.1,0.65,5.8,47.5,
2013-08-26 07:00:00,4.8,0.65,13.6,41.4,
2013-08-26 08:00:00,11.2,0.65,21.4,33.7,
2013-08-26 09:00:00,7.5,0.65,25.4,30.4,
2013-08-26 10:00:00,7.1,0.65,18.9,35.5,
2013-08-26 11:00:00,6.9,0.65,17.9,36.5,
2013-08-26 12:00:00,11.3,0.65,16.1,37.4,
2013-08-26 13:00:00,7.4,0.65,18.9,35.5,
2013-08-26 14:00:00,4.7,0.65,23.3,32.0,
2013-08-26 15:00:00,5.5,0.65,24.2,32.6,
2013-08-26 16:00:00,10.6,0.65,21.8,33.1,
2013-08-26 17:00:00,12.4,0.65,23.7,31.3,
2013-08-26 18:00:00,14.5,0.65,31.5,26.7,
2013-08-26 19:00:00,11.1,0.65,31.3,26.9,
2013-08-26 20:00:00,11.4,0.65,33.5,25.7,
2013-08-26 21:00:00,15.3,0.65,23.6,33.2,
2013-08-26 22:00:00,12.9,0.65,32.0,23.1,
2013-08-26 23:00:00,11.6,0.65,30.8,24.2,
2013-08-27 00:00:00,14.0,0.65,25.6,22.7,
2013-08-27 01:00:00,12.1,0.65,16.2,32.5,
2013-08-27 02:00:00,9.6,0.65,13.7,32.1,
2013-08-27 03:00:00,10.5,0.65,9.8,38.8,
2013-08-27 04:00:00,6.5,0.65,7.1,40.6,
2013-08-27 05:00:00,4.9,0.65,9.9,38.4,
2013-08-27 06:00:00,6.0,0.65,14.4,33.7,
2013-08-27 07:00:00,5.4,0.65,25.5,25.4,
2013-08-27 08:00:00,11.8,0.65,31.6,19.9,
2013-08-27 09:00:00,15.7,0.65,30.3,21.1,
2013-08-27 10:00:00,9.2,0.65,19.1,24.1,
2013-08-27 11:00:00,8.0,0.65,18.2,26.2,
2013-08-27 12:00:00,6.8,0.65,15.7,30.7,
2013-08-27 13:00:00,5.6,0.65,14.0,33.5,
2013-08-27 14:00:00,3.5,0.65,14.1,35.8,
2013-08-27 15:00:00,6.1,0.65,14.1,36.6,
2013-08-27 16:00:00,10.0,0.65,14.9,35.9,
2013-08-27 17:00:00,5.8,0.65,23.8,28.7,
2013-08-27 18:00:00,4.4,0.65,29.5,23.1,
2013-08-27 19:00:00,7.7,0.65,30.9,19.3,
2013-08-27 20:00:00,13.4,0.65,28.7,18.0,
2013-08-27 21:00:00,14.3,1.6,32.1,13.4,
2013-08-27 22:00:00,16.3,0.65,26.6,16.4,
2013-08-27 23:00:00,16.5,0.65,23.6,17.3,
2013-08-28 00:00:00,26.2,0.65,24.5,15.2,
2013-08-28 01:00:00,18.9,0.65,13.9,22.3,
2013-08-28 02:00:00,14.4,3.5,18.1,19.2,
2013-08-28 03:00:00,8.1,10.2,17.2,17.8,
2013-08-28 04:00:00,5.0,1.5,10.4,23.2,
2013-08-28 05:00:00,4.2,0.65,14.2,20.5,
2013-08-28 06:00:00,5.3,0.65,15.3,20.3,
2013-08-28 07:00:00,5.5,0.65,30.3,7.9,
2013-08-28 08:00:00,11.6,1.4,31.9,5.5,
2013-08-28 09:00:00,17.2,4.8,20.5,14.7,
2013-08-28 10:00:00,15.8,13.6,,23.5,
2013-08-28 11:00:00,10.7,13.4,15.0,27.0,
2013-08-28 12:00:00,8.3,7.6,13.8,37.8,
2013-08-28 13:00:00,7.8,10.0,14.8,38.7,
2013-08-28 14:00:00,13.9,11.7,9.5,39.9,
2013-08-28 15:00:00,11.0,15.7,13.0,43.1,
2013-08-28 16:00:00,7.9,10.8,14.2,42.3,
2013-08-28 17:00:00,9.2,2.5,13.6,45.0,
2013-08-28 18:00:00,10.2,0.65,25.4,34.2,
2013-08-28 19:00:00,12.1,1.8,52.1,7.1,
2013-08-28 20:00:00,29.0,3.3,53.9,1.7,
2013-08-28 21:00:00,70.3,5.0,47.1,1.2,
2013-08-28 22:00:00,106.4,5.0,33.4,0.5,
2013-08-28 23:00:00,91.3,4.8,25.4,0.5,
2013-08-29 00:00:00,69.1,3.7,18.9,0.5,
2013-08-29 01:00:00,55.1,0.65,14.6,0.5,
2013-08-29 02:00:00,53.6,0.65,13.6,0.5,
2013-08-29 03:00:00,45.1,0.65,11.9,0.5,
2013-08-29 04:00:00,28.0,0.65,11.8,0.5,
2013-08-29 05:00:00,31.8,0.65,10.8,0.5,
2013-08-29 06:00:00,24.7,0.65,12.1,0.5,
2013-08-29 07:00:00,29.8,0.65,13.0,0.5,
2013-08-29 08:00:00,46.4,0.65,22.0,0.5,
2013-08-29 09:00:00,54.0,1.4,34.1,0.5,
2013-08-29 10:00:00,54.5,2.6,34.2,3.3,
2013-08-29 11:00:00,39.5,18.1,66.4,20.0,
2013-08-29 12:00:00,39.5,37.5,31.7,30.2,
2013-08-29 13:00:00,34.1,19.5,27.0,44.4,
2013-08-29 14:00:00,33.6,2.4,20.2,47.9,
2013-08-29 15:00:00,23.3,0.65,18.6,60.3,
2013-08-29 16:00:00,17.4,3.6,26.5,71.4,
2013-08-29 17:00:00,25.6,2.8,,67.5,
2013-08-29 18:00:00,25.2,0.65,,41.0,
2013-08-29 19:00:00,41.5,0.65,,7.3,
2013-08-29 20:00:00,110.9,0.65,,9.6,
2013-08-29 21:00:00,164.6,0.65,,14.8,
2013-08-29 22:00:00,134.0,0.65,,4.1,
2013-08-29 23:00:00,117.8,0.65,,0.5,
2013-08-30 00:00:00,98.8,0.65,,0.5,
2013-08-30 01:00:00,92.7,0.65,,0.5,
2013-08-30 02:00:00,77.7,0.65,,0.5,
2013-08-30 03:00:00,60.1,0.65,,0.5,
2013-08-30 04:00:00,49.1,0.65,,0.5,
2013-08-30 05:00:00,46.7,0.65,,0.5,
2013-08-30 06:00:00,38.2,0.65,,0.5,
2013-08-30 07:00:00,35.4,0.65,,0.5,
2013-08-30 08:00:00,48.9,0.65,,0.5,
2013-08-30 09:00:00,75.9,0.65,,10.0,
2013-08-30 10:00:00,83.3,1.7,,69.8,
2013-08-30 11:00:00,99.4,1.6,,50.4,
2013-08-30 12:00:00,82.7,1.8,,45.4,
2013-08-30 13:00:00,77.6,1.4,,40.9,
2013-08-30 14:00:00,70.4,0.65,,70.9,
2013-08-30 15:00:00,53.2,0.65,,76.3,
2013-08-30 16:00:00,42.0,0.65,,71.9,
2013-08-30 17:00:00,41.4,0.65,27.1,63.1,
2013-08-30 18:00:00,64.8,0.65,38.7,41.5,
2013-08-30 19:00:00,118.4,0.65,72.9,9.1,
2013-08-30 20:00:00,134.3,0.65,74.9,1.5,
2013-08-30 21:00:00,178.8,1.5,68.3,1.5,
2013-08-30 22:00:00,203.9,3.0,51.2,0.5,
2013-08-30 23:00:00,168.3,2.6,30.6,0.5,
2013-08-31 00:00:00,125.0,1.8,26.8,0.5,
2013-08-31 01:00:00,100.2,0.65,23.1,0.5,
2013-08-31 02:00:00,93.0,0.65,22.3,0.5,
2013-08-31 03:00:00,84.4,0.65,21.8,0.5,
2013-08-31 04:00:00,81.5,0.65,19.9,0.5,
2013-08-31 05:00:00,65.5,0.65,21.5,0.5,
2013-08-31 06:00:00,59.2,0.65,19.3,0.5,
2013-08-31 07:00:00,49.1,0.65,18.7,0.5,
2013-08-31 08:00:00,45.7,0.65,20.4,0.5,
2013-08-31 09:00:00,61.4,0.65,23.4,2.6,
2013-08-31 10:00:00,65.4,0.65,42.9,6.2,
2013-08-31 11:00:00,68.1,0.65,51.0,22.5,
2013-08-31 12:00:00,69.4,0.65,50.8,48.0,
2013-08-31 13:00:00,68.2,0.65,81.7,67.7,
2013-08-31 14:00:00,80.8,0.65,90.3,82.3,
2013-08-31 15:00:00,92.6,0.65,77.0,70.5,
2013-08-31 16:00:00,97.1,0.65,44.9,80.7,
2013-08-31 17:00:00,94.4,0.65,39.7,77.3,
2013-08-31 18:00:00,123.1,0.65,48.1,48.1,
2013-08-31 19:00:00,174.1,0.65,66.9,17.5,
2013-08-31 20:00:00,183.0,0.65,56.5,2.3,
2013-08-31 21:00:00,187.8,0.65,42.5,1.4,
2013-08-31 22:00:00,159.9,0.65,33.9,1.1,
2013-08-31 23:00:00,143.9,0.65,29.7,0.5,
2013-09-01 00:00:00,124.6,0.65,31.6,1.3,
2013-09-01 01:00:00,128.1,0.65,56.1,0.5,
2013-09-01 02:00:00,114.4,0.65,28.7,15.9,
2013-09-01 03:00:00,69.6,0.65,14.8,27.2,
2013-09-01 04:00:00,43.3,0.65,18.3,34.5,
2013-09-01 05:00:00,38.8,0.65,5.5,51.0,
2013-09-01 06:00:00,23.1,0.65,5.1,52.9,
2013-09-01 07:00:00,22.2,0.65,9.7,35.9,
2013-09-01 08:00:00,12.9,0.65,23.7,24.2,
2013-09-01 09:00:00,9.4,0.65,25.4,18.2,
2013-09-01 10:00:00,19.8,0.65,23.0,23.5,
2013-09-01 11:00:00,20.3,0.65,32.2,25.2,
2013-09-01 12:00:00,10.1,0.65,32.9,21.2,
2013-09-01 13:00:00,10.2,0.65,28.9,31.7,
2013-09-01 14:00:00,51.0,0.65,22.6,33.6,
2013-09-01 15:00:00,40.8,0.65,11.8,47.4,
2013-09-01 16:00:00,27.2,0.65,23.6,25.8,
2013-09-02 17:00:00,62.7,3.0,42.4,18.3,
2013-09-02 18:00:00,48.9,5.0,42.9,14.1,
2013-09-02 19:00:00,39.2,3.2,44.0,12.0,
2013-09-02 20:00:00,45.5,2.3,53.2,3.3,
2013-09-02 21:00:00,41.3,2.0,55.7,2.1,
2013-09-02 22:00:00,40.0,1.5,48.0,3.3,
2013-09-02 23:00:00,36.3,1.4,40.1,7.0,
2013-09-03 00:00:00,37.9,1.4,27.9,14.4,
2013-09-03 01:00:00,41.8,0.65,31.3,7.4,
2013-09-03 02:00:00,34.9,0.65,32.5,6.2,
2013-09-03 03:00:00,44.5,0.65,19.6,2.4,
2013-09-03 04:00:00,34.3,0.65,23.0,0.5,
2013-09-03 05:00:00,31.6,0.65,22.0,0.5,
2013-09-03 06:00:00,34.1,0.65,20.5,2.0,
2013-09-03 07:00:00,23.8,0.65,22.9,6.1,
2013-09-03 08:00:00,37.5,0.65,26.9,7.4,
2013-09-03 09:00:00,41.9,0.65,28.8,14.4,
2013-09-03 10:00:00,39.2,0.65,20.9,30.5,
2013-09-03 11:00:00,,0.65,21.6,30.2,
2013-09-03 12:00:00,0.1,,21.2,32.9,
2013-09-03 13:00:00,6.3,,18.0,41.6,
2013-09-03 14:00:00,17.4,,15.5,40.2,
2013-09-03 15:00:00,11.3,,13.6,42.3,
2013-09-03 16:00:00,8.3,,9.8,47.0,
2013-09-03 17:00:00,9.7,,9.9,47.3,
2013-09-03 18:00:00,10.6,,15.0,42.7,
2013-09-03 19:00:00,13.6,,23.0,32.9,
2013-09-03 20:00:00,22.6,,25.1,27.9,
2013-09-03 21:00:00,22.3,,18.5,34.3,
2013-09-03 22:00:00,19.8,,12.8,36.8,
2013-09-03 23:00:00,16.6,,23.8,24.7,
2013-09-04 00:00:00,24.2,,23.1,12.5,
2013-09-04 01:00:00,31.1,,20.2,6.8,
2013-09-04 02:00:00,43.0,,14.4,9.7,
2013-09-04 03:00:00,26.2,,7.1,29.9,
2013-09-04 04:00:00,21.3,,5.9,36.4,
2013-09-04 05:00:00,17.9,,7.0,29.8,
2013-09-04 06:00:00,15.8,,14.3,16.0,
2013-09-04 07:00:00,21.2,,22.0,15.3,
2013-09-04 08:00:00,13.4,,27.4,20.0,
2013-09-04 09:00:00,16.1,,20.7,28.5,
2013-09-04 10:00:00,11.2,,19.0,31.5,
2013-09-04 11:00:00,7.7,,13.9,41.4,
2013-09-04 12:00:00,20.4,,11.3,41.4,
2013-09-04 13:00:00,16.3,,10.9,46.7,
2013-09-04 14:00:00,16.3,,9.5,51.9,
2013-09-04 15:00:00,15.2,,10.1,49.8,
2013-09-04 16:00:00,9.2,,12.3,51.1,
2013-09-05 17:00:00,40.7,0.65,17.6,57.4,
2013-09-05 18:00:00,50.6,1.6,17.6,49.0,
2013-09-05 19:00:00,44.1,1.7,23.3,37.8,
2013-09-05 20:00:00,57.4,1.9,32.3,22.0,
2013-09-05 21:00:00,55.6,1.9,34.9,15.9,
2013-09-05 22:00:00,52.1,2.1,32.6,14.7,
2013-09-05 23:00:00,60.1,1.9,26.0,15.0,
2013-09-06 00:00:00,48.4,1.4,25.6,6.7,
2013-09-06 01:00:00,43.3,0.65,21.4,1.5,
2013-09-06 02:00:00,46.5,0.65,22.7,0.5,
2013-09-06 03:00:00,44.4,0.65,21.9,0.5,
2013-09-06 04:00:00,45.3,0.65,23.8,0.5,
2013-09-06 05:00:00,38.1,0.65,19.9,0.5,
2013-09-06 06:00:00,38.5,0.65,16.9,0.5,
2013-09-06 07:00:00,34.2,0.65,16.9,0.5,
2013-09-06 08:00:00,51.8,1.9,29.6,0.5,
2013-09-06 09:00:00,63.1,3.7,36.9,1.0,
2013-09-06 10:00:00,79.9,3.7,33.9,9.3,
2013-09-06 11:00:00,60.2,2.8,29.9,25.1,
2013-09-06 12:00:00,32.0,2.5,31.1,39.6,
2013-09-06 13:00:00,27.0,1.9,27.0,64.9,
2013-09-06 14:00:00,33.3,1.4,25.3,81.0,
2013-09-06 15:00:00,35.9,1.4,29.3,67.5,
2013-09-06 16:00:00,31.0,1.8,26.5,93.7,
2013-09-06 17:00:00,34.4,0.65,31.0,94.2,
2013-09-06 18:00:00,55.1,0.65,21.2,69.5,
2013-09-06 19:00:00,79.0,0.65,28.4,46.7,
2013-09-06 20:00:00,88.4,0.65,39.4,30.8,
2013-09-06 21:00:00,105.9,0.65,37.5,25.4,
2013-09-06 22:00:00,118.6,1.6,47.9,11.0,
2013-09-06 23:00:00,122.3,2.5,44.7,1.7,
2013-09-07 00:00:00,125.3,2.4,35.3,0.5,
2013-09-07 01:00:00,121.1,0.65,29.8,0.5,
2013-09-07 02:00:00,107.7,1.5,24.2,0.5,
2013-09-07 03:00:00,113.0,2.1,24.2,0.5,
2013-09-07 04:00:00,97.6,2.0,20.5,0.5,
2013-09-07 05:00:00,82.7,2.4,19.7,0.5,
2013-09-07 06:00:00,71.5,3.2,17.4,0.5,
2013-09-07 07:00:00,63.4,3.1,20.4,0.5,
2013-09-07 08:00:00,81.6,2.9,26.9,0.5,
2013-09-07 09:00:00,62.8,2.6,32.7,3.2,
2013-09-07 10:00:00,64.6,1.6,26.3,20.9,
2013-09-07 11:00:00,35.4,0.65,19.6,42.7,
2013-09-07 12:00:00,22.4,0.65,17.5,57.1,
2013-09-07 13:00:00,22.0,0.65,15.0,66.6,
2013-09-07 14:00:00,14.0,0.65,13.2,72.0,
2013-09-07 15:00:00,25.9,0.65,15.9,78.6,
2013-09-07 16:00:00,22.7,0.65,15.2,80.7,
2013-09-07 17:00:00,23.7,0.65,14.3,71.5,
2013-09-07 18:00:00,37.5,0.65,15.1,58.3,
2013-09-07 19:00:00,51.0,0.65,23.2,45.8,
2013-09-07 20:00:00,68.0,0.65,29.7,31.3,
2013-09-07 21:00:00,71.5,0.65,44.5,8.3,
2013-09-07 22:00:00,129.2,0.65,42.4,5.7,
2013-09-07 23:00:00,128.5,0.65,18.9,31.4,
2013-09-08 00:00:00,85.5,0.65,12.9,42.4,
2013-09-08 01:00:00,54.2,0.65,21.9,31.4,
2013-09-08 02:00:00,44.2,0.65,28.5,19.3,
2013-09-08 03:00:00,27.7,0.65,13.4,42.2,
2013-09-08 04:00:00,35.1,0.65,9.3,60.4,
2013-09-08 05:00:00,52.9,0.65,11.2,72.4,
2013-09-08 06:00:00,31.8,0.65,7.7,64.2,
2013-09-08 07:00:00,18.6,0.65,9.6,60.0,
2013-09-08 08:00:00,11.3,0.65,10.4,54.9,
2013-09-08 09:00:00,8.6,0.65,20.2,42.7,
2013-09-08 10:00:00,,0.65,14.9,36.4,
2013-09-08 11:00:00,23.3,0.65,20.3,45.2,
2013-09-08 12:00:00,13.6,0.65,22.6,50.9,
2013-09-08 14:00:00,6.8,,,53.7,
2013-09-08 15:00:00,63.5,0.65,14.0,74.2,
2013-09-08 16:00:00,32.9,1.9,8.9,72.7,
2013-09-08 17:00:00,16.9,1.5,7.3,67.2,
2013-09-08 18:00:00,20.2,0.65,13.9,44.5,
2013-09-08 19:00:00,28.8,1.5,35.9,17.6,
2013-09-08 20:00:00,31.5,3.8,48.6,8.1,
2013-09-08 21:00:00,86.8,3.9,29.7,33.2,
2013-09-08 22:00:00,68.3,3.2,26.6,37.0,
2013-09-08 23:00:00,46.8,2.5,21.9,38.6,
2013-09-09 00:00:00,44.2,1.8,18.7,38.4,
2013-09-09 01:00:00,46.4,0.65,19.3,29.8,
2013-09-09 02:00:00,35.9,0.65,18.5,35.1,
2013-09-09 03:00:00,21.8,0.65,11.3,34.1,
2013-09-09 04:00:00,15.1,0.65,10.0,26.7,
2013-09-09 05:00:00,19.7,0.65,13.0,15.2,
2013-09-09 06:00:00,18.0,0.65,20.9,7.8,
2013-09-09 07:00:00,27.8,0.65,34.8,1.4,
2013-09-09 08:00:00,30.1,0.65,32.2,3.5,
2013-09-09 09:00:00,60.0,0.65,37.9,10.5,
2013-09-09 10:00:00,42.0,0.65,43.5,23.5,
2013-09-09 11:00:00,39.5,0.65,42.1,27.9,
2013-09-09 12:00:00,32.3,0.65,34.9,48.3,
2013-09-09 13:00:00,47.8,0.65,20.3,69.8,
2013-09-09 14:00:00,35.3,0.65,16.6,82.8,
2013-09-09 15:00:00,26.2,0.65,15.3,84.5,
2013-09-09 16:00:00,25.5,0.65,14.7,94.0,
2013-09-09 17:00:00,31.5,0.65,16.0,87.4,
2013-09-09 18:00:00,29.9,0.65,26.9,64.5,
2013-09-09 19:00:00,69.8,0.65,28.4,51.1,
2013-09-09 20:00:00,72.5,0.65,32.3,40.3,
2013-09-09 21:00:00,80.8,0.65,54.5,20.2,
2013-09-09 22:00:00,97.4,1.3,60.0,9.8,
2013-09-09 23:00:00,102.2,0.65,43.7,9.7,
2013-09-10 00:00:00,64.2,0.65,38.6,6.9,
2013-09-10 01:00:00,63.1,0.65,32.7,8.1,
2013-09-10 02:00:00,53.2,0.65,28.2,4.0,
2013-09-10 03:00:00,44.3,0.65,26.1,3.6,
2013-09-10 04:00:00,33.6,0.65,22.4,4.2,
2013-09-10 05:00:00,34.0,0.65,20.8,2.7,
2013-09-10 06:00:00,22.1,0.65,20.5,2.6,
2013-09-10 07:00:00,24.7,0.65,25.3,0.5,
2013-09-10 08:00:00,24.0,0.65,25.8,1.4,
2013-09-10 09:00:00,38.7,0.65,27.1,2.3,
2013-09-10 10:00:00,43.7,0.65,37.8,8.8,
2013-09-10 11:00:00,77.3,0.65,37.4,29.8,
2013-09-10 12:00:00,63.6,0.65,32.3,61.5,
2013-09-10 13:00:00,62.5,0.65,24.5,78.4,
2013-09-10 14:00:00,47.4,0.65,23.4,102.7,
2013-09-10 15:00:00,50.9,0.65,18.5,122.6,
2013-09-10 16:00:00,49.6,0.65,20.0,104.6,
2013-09-10 17:00:00,56.9,0.65,18.7,90.3,
2013-09-10 18:00:00,69.2,0.65,29.5,61.7,
2013-09-10 19:00:00,92.2,0.65,36.6,48.6,
2013-09-10 20:00:00,121.1,0.65,62.0,19.9,
2013-09-10 21:00:00,131.4,0.65,63.6,9.0,
2013-09-10 22:00:00,125.4,2.1,52.8,6.9,
2013-09-10 23:00:00,99.3,2.7,43.7,6.8,
2013-09-11 00:00:00,88.2,1.7,37.8,3.1,
2013-09-11 01:00:00,83.1,0.65,35.5,4.9,
2013-09-11 02:00:00,70.3,0.65,27.8,0.5,
2013-09-11 03:00:00,64.8,0.65,25.5,0.5,
2013-09-11 04:00:00,74.6,0.65,23.9,0.5,
2013-09-11 05:00:00,62.9,0.65,19.0,0.5,
2013-09-11 06:00:00,59.4,0.65,16.4,0.5,
2013-09-11 07:00:00,69.2,0.65,25.3,0.5,
2013-09-11 08:00:00,95.4,0.65,37.3,1.8,
2013-09-11 09:00:00,104.5,0.65,58.8,15.2,
2013-09-11 10:00:00,86.6,0.65,100.6,47.6,
2013-09-11 11:00:00,82.0,0.65,43.4,65.3,
2013-09-11 12:00:00,57.2,0.65,29.4,87.5,
2013-09-11 13:00:00,54.6,56.5,28.6,96.5,
2013-09-11 14:00:00,40.8,118.8,22.7,104.2,
2013-09-11 15:00:00,41.2,30.2,29.3,110.4,
2013-09-11 16:00:00,46.5,5.4,18.5,116.2,
2013-09-11 17:00:00,39.5,0.65,19.6,112.7,
2013-09-11 18:00:00,34.9,0.65,28.2,88.1,
2013-09-11 19:00:00,59.6,0.65,47.9,51.6,
2013-09-11 20:00:00,144.8,0.65,43.4,50.4,
2013-09-11 21:00:00,150.1,0.65,72.5,12.9,
2013-09-11 22:00:00,155.4,0.65,65.0,2.7,
2013-09-11 23:00:00,185.1,2.7,52.1,1.5,
2013-09-12 00:00:00,190.0,2.9,45.2,0.5,
2013-09-12 01:00:00,189.8,2.2,39.3,1.9,
2013-09-12 02:00:00,153.6,2.0,34.2,0.5,
2013-09-12 03:00:00,127.1,1.9,24.3,0.5,
2013-09-12 04:00:00,127.8,1.7,20.9,0.5,
2013-09-12 05:00:00,113.8,1.5,18.8,0.5,
2013-09-12 06:00:00,92.1,1.4,23.1,0.5,
2013-09-12 07:00:00,79.2,0.65,29.7,0.5,
2013-09-12 08:00:00,93.2,5.0,53.2,1.4,
2013-09-12 09:00:00,159.7,5.7,88.9,1.7,
2013-09-12 10:00:00,113.9,4.0,42.9,34.4,
2013-09-12 11:00:00,85.7,1.9,28.1,62.8,
2013-09-12 12:00:00,76.5,0.65,25.0,83.0,
2013-09-12 13:00:00,64.6,10.1,27.3,88.6,
2013-09-12 14:00:00,53.9,17.0,28.9,88.7,
2013-09-12 15:00:00,54.0,31.2,28.0,95.6,
2013-09-12 16:00:00,52.4,74.8,27.6,99.8,
2013-09-12 17:00:00,49.2,58.3,34.7,98.5,
2013-09-12 18:00:00,50.9,35.2,47.4,84.1,
2013-09-12 19:00:00,73.9,9.1,105.6,18.0,
2013-09-12 20:00:00,169.5,6.3,101.9,4.6,
2013-09-12 21:00:00,254.4,6.9,92.0,2.0,
2013-09-12 22:00:00,300.0,8.5,71.7,1.9,
2013-09-12 23:00:00,303.9,8.2,64.4,12.6,
2013-09-13 00:00:00,202.6,5.7,59.1,15.1,
2013-09-13 01:00:00,131.5,2.7,63.4,11.3,
2013-09-13 02:00:00,107.6,2.5,68.9,0.5,
2013-09-13 03:00:00,130.1,1.9,52.4,0.5,
2013-09-13 04:00:00,116.1,0.65,33.3,28.9,
2013-09-13 05:00:00,79.4,0.65,11.1,65.1,
2013-09-13 06:00:00,53.2,0.65,23.6,51.0,
2013-09-13 07:00:00,46.8,0.65,54.1,10.9,
2013-09-13 08:00:00,65.6,0.65,101.0,5.3,
2013-09-13 09:00:00,108.2,0.65,111.5,16.5,
2013-09-13 10:00:00,143.9,0.65,44.5,58.4,
2013-09-13 11:00:00,,0.65,30.3,69.0,
2013-09-13 12:00:00,4.9,14.2,29.8,89.4,
2013-09-13 13:00:00,41.8,34.0,29.3,92.0,
2013-09-13 14:00:00,51.9,25.2,30.8,84.1,
2013-09-13 15:00:00,56.7,14.3,34.9,77.2,
2013-09-13 16:00:00,54.3,13.3,39.5,74.6,
2013-09-13 17:00:00,48.5,24.2,41.4,69.8,
2013-09-13 18:00:00,57.4,7.7,49.4,61.3,
2013-09-13 19:00:00,63.9,0.65,54.8,49.4,
2013-09-13 20:00:00,75.1,0.65,34.0,65.2,
2013-09-13 21:00:00,79.5,0.65,19.1,77.4,
2013-09-13 22:00:00,77.5,0.65,24.8,59.4,
2013-09-13 23:00:00,74.0,0.65,18.2,61.0,
2013-09-14 00:00:00,59.7,0.65,15.3,58.2,
2013-09-14 01:00:00,50.1,0.65,9.6,67.4,
2013-09-14 02:00:00,43.9,0.65,8.5,62.8,
2013-09-14 03:00:00,41.9,0.65,5.6,65.5,
2013-09-14 04:00:00,26.5,0.65,4.9,60.3,
2013-09-14 05:00:00,29.6,0.65,5.3,58.4,
2013-09-14 06:00:00,31.8,0.65,7.8,56.0,
2013-09-14 07:00:00,20.9,0.65,10.8,47.4,
2013-09-14 08:00:00,13.7,0.65,13.8,51.3,
2013-09-14 09:00:00,14.4,0.65,16.6,43.5,
2013-09-14 10:00:00,18.4,0.65,19.4,37.9,
2013-09-14 11:00:00,20.2,0.65,20.1,36.1,
2013-09-14 12:00:00,27.0,0.65,17.2,46.6,
2013-09-14 13:00:00,26.7,0.65,18.1,62.1,
2013-09-14 14:00:00,30.3,0.65,13.3,63.5,
2013-09-14 15:00:00,30.3,0.65,15.3,80.1,
2013-09-14 16:00:00,42.2,0.65,16.2,72.2,
2013-09-14 17:00:00,42.8,0.65,13.2,69.8,
2013-09-14 18:00:00,49.6,0.65,16.5,59.7,
2013-09-14 19:00:00,50.2,0.65,15.4,56.6,
2013-09-14 20:00:00,70.4,0.65,18.8,48.6,
2013-09-14 21:00:00,67.3,0.65,19.0,49.0,
2013-09-14 22:00:00,65.5,0.65,21.6,38.0,
2013-09-14 23:00:00,76.0,0.65,23.5,28.9,
2013-09-15 00:00:00,75.7,0.65,26.5,18.0,
2013-09-15 01:00:00,62.4,0.65,21.5,21.4,
2013-09-15 02:00:00,52.5,0.65,13.4,34.7,
2013-09-15 03:00:00,51.1,0.65,10.4,38.2,
2013-09-15 04:00:00,46.7,0.65,9.3,37.7,
2013-09-15 05:00:00,33.0,0.65,9.1,33.5,
2013-09-15 06:00:00,41.5,0.65,9.6,32.3,
2013-09-15 07:00:00,33.5,0.65,11.4,32.2,
2013-09-15 08:00:00,39.7,0.65,12.1,43.9,
2013-09-15 09:00:00,29.9,0.65,15.8,45.5,
2013-09-15 10:00:00,26.9,0.65,9.7,56.9,
2013-09-15 11:00:00,29.8,0.65,11.3,58.9,
2013-09-15 12:00:00,18.4,0.65,15.8,63.3,
2013-09-15 13:00:00,24.5,0.65,12.0,68.1,
2013-09-15 14:00:00,36.8,0.65,9.2,66.9,
2013-09-15 15:00:00,29.7,0.65,7.5,64.7,
2013-09-15 16:00:00,40.5,0.65,13.1,68.2,
2013-09-15 17:00:00,43.0,0.65,16.7,66.3,
2013-09-15 18:00:00,37.1,0.65,20.6,59.0,
2013-09-15 19:00:00,47.4,0.65,28.6,35.8,
2013-09-15 20:00:00,59.6,0.65,26.5,34.1,
2013-09-15 21:00:00,50.1,0.65,18.7,51.4,
2013-09-15 22:00:00,26.2,0.65,18.0,48.8,
2013-09-15 23:00:00,21.3,0.65,17.8,39.0,
2013-09-16 00:00:00,17.0,0.65,11.4,46.0,
2013-09-16 01:00:00,9.9,0.65,12.7,34.1,
2013-09-16 02:00:00,6.3,0.65,13.9,26.8,
2013-09-16 03:00:00,3.6,0.65,9.5,26.1,
2013-09-16 04:00:00,7.6,0.65,10.1,20.4,
2013-09-16 05:00:00,4.9,0.65,11.5,18.8,
2013-09-16 06:00:00,3.5,0.65,9.8,23.5,
2013-09-16 07:00:00,3.3,0.65,32.2,12.5,
2013-09-16 08:00:00,7.3,0.65,39.9,5.1,
2013-09-16 09:00:00,9.9,0.65,32.1,7.1,
2013-09-16 10:00:00,6.5,1.4,26.9,11.7,
2013-09-16 11:00:00,4.5,1.7,20.5,11.7,
2013-09-16 12:00:00,8.2,2.1,31.8,19.1,
2013-09-16 13:00:00,8.1,3.4,55.1,19.4,
2013-09-16 14:00:00,13.2,2.3,25.0,4.9,
2013-09-16 15:00:00,11.8,1.8,19.5,8.1,
2013-09-16 16:00:00,10.1,1.3,19.3,11.3,
2013-09-16 17:00:00,6.3,2.0,22.1,9.3,
2013-09-16 18:00:00,4.0,2.0,29.8,6.1,
2013-09-16 19:00:00,3.6,1.3,28.5,5.7,
2013-09-16 20:00:00,6.1,0.65,26.5,6.5,
2013-09-16 21:00:00,14.8,0.65,23.5,6.1,
2013-09-16 22:00:00,17.4,2.0,12.3,12.3,
2013-09-16 23:00:00,11.3,3.2,13.6,13.9,
2013-09-17 00:00:00,17.1,4.5,14.1,14.2,
2013-09-17 01:00:00,10.0,1.9,14.6,13.1,
2013-09-17 02:00:00,6.2,0.65,11.9,20.1,
2013-09-17 03:00:00,4.5,0.65,9.7,25.2,
2013-09-17 04:00:00,3.4,9.7,16.3,19.3,
2013-09-17 05:00:00,5.4,11.0,7.1,23.2,
2013-09-17 06:00:00,3.8,6.6,12.5,21.6,
2013-09-17 07:00:00,4.2,1.7,20.0,18.4,
2013-09-17 08:00:00,10.1,1.6,28.8,16.5,
2013-09-17 09:00:00,11.0,0.65,16.1,26.4,
2013-09-17 10:00:00,6.9,,19.3,29.2,
2013-09-17 11:00:00,7.2,0.65,13.1,36.2,
2013-09-17 12:00:00,10.5,0.65,12.4,38.3,
2013-09-17 13:00:00,7.0,0.65,11.3,40.2,
2013-09-17 14:00:00,4.9,0.65,10.1,43.2,
2013-09-17 15:00:00,3.7,0.65,10.3,42.5,
2013-09-17 16:00:00,2.7,0.65,8.4,44.8,
2013-09-17 17:00:00,3.1,0.65,13.0,39.3,
2013-09-17 18:00:00,4.2,0.65,17.6,33.3,
2013-09-17 19:00:00,7.9,0.65,25.0,28.5,
2013-09-17 20:00:00,10.2,1.3,22.8,29.5,
2013-09-17 21:00:00,12.3,0.65,23.3,29.2,
2013-09-17 22:00:00,9.3,0.65,23.6,24.9,
2013-09-17 23:00:00,20.3,0.65,20.4,27.6,
2013-09-18 00:00:00,14.4,0.65,15.8,31.7,
2013-09-18 01:00:00,8.7,2.1,13.5,32.9,
2013-09-18 02:00:00,5.9,1.3,12.6,30.7,
2013-09-18 03:00:00,4.8,0.65,13.0,28.3,
2013-09-18 04:00:00,10.6,8.9,20.9,22.4,
2013-09-18 05:00:00,7.5,1.7,11.0,27.7,
2013-09-18 06:00:00,5.2,7.3,21.2,17.7,
2013-09-18 07:00:00,8.4,2.8,26.8,12.1,
2013-09-18 08:00:00,15.0,4.8,27.8,13.9,
2013-09-18 09:00:00,20.2,31.3,19.0,25.3,
2013-09-18 10:00:00,18.0,39.4,17.9,34.4,
2013-09-18 11:00:00,31.1,12.0,20.0,42.3,
2013-09-18 12:00:00,16.3,2.2,12.6,52.0,
2013-09-18 13:00:00,11.3,2.2,13.9,54.7,
2013-09-18 14:00:00,9.3,1.5,10.9,56.2,
2013-09-18 15:00:00,10.9,0.65,8.2,56.7,
2013-09-18 16:00:00,6.5,1.4,10.7,52.9,
2013-09-18 17:00:00,4.0,1.7,14.9,50.5,
2013-09-18 18:00:00,5.5,1.7,19.7,45.3,
2013-09-18 19:00:00,11.9,2.2,46.8,17.3,
2013-09-18 20:00:00,27.9,3.8,60.7,3.4,
2013-09-18 21:00:00,82.2,5.1,47.2,4.4,
2013-09-18 22:00:00,138.4,6.0,39.7,1.7,
2013-09-18 23:00:00,114.0,5.8,32.1,0.5,
2013-09-19 00:00:00,84.6,4.1,24.3,0.5,
2013-09-19 01:00:00,69.1,0.65,16.9,1.2,
2013-09-19 02:00:00,70.4,0.65,18.0,1.8,
2013-09-19 03:00:00,51.3,0.65,14.0,0.5,
2013-09-19 04:00:00,47.7,1.4,15.9,1.5,
2013-09-19 05:00:00,53.7,2.5,20.3,0.5,
2013-09-19 06:00:00,38.1,2.7,25.8,0.5,
2013-09-19 07:00:00,51.0,2.6,34.0,0.5,
2013-09-19 08:00:00,43.0,2.7,37.7,1.2,
2013-09-19 09:00:00,44.3,3.1,31.3,4.6,
2013-09-19 10:00:00,44.0,3.4,26.0,16.4,
2013-09-19 11:00:00,31.8,0.65,18.7,31.3,
2013-09-19 12:00:00,19.8,0.65,15.4,43.9,
2013-09-19 13:00:00,20.1,0.65,18.2,54.2,
2013-09-19 14:00:00,14.3,0.65,16.9,68.3,
2013-09-19 15:00:00,14.9,0.65,12.4,66.0,
2013-09-19 16:00:00,15.4,0.65,15.8,68.9,
2013-09-19 17:00:00,18.8,0.65,17.6,69.0,
2013-09-19 18:00:00,27.8,0.65,12.7,63.5,
2013-09-19 19:00:00,37.0,0.65,18.1,58.2,
2013-09-19 20:00:00,46.0,0.65,19.9,53.3,
2013-09-19 21:00:00,52.2,0.65,23.8,41.3,
2013-09-19 22:00:00,42.7,0.65,27.7,32.2,
2013-09-19 23:00:00,40.8,0.65,29.4,23.4,
2013-09-20 00:00:00,48.8,0.65,31.6,14.1,
2013-09-20 01:00:00,45.4,0.65,28.7,12.9,
2013-09-20 02:00:00,30.0,0.65,23.2,15.0,
2013-09-20 03:00:00,27.5,0.65,16.7,15.2,
2013-09-20 04:00:00,23.1,0.65,11.6,26.8,
2013-09-20 05:00:00,19.8,0.65,14.8,21.7,
2013-09-20 06:00:00,20.0,0.65,16.1,14.1,
2013-09-20 07:00:00,21.7,0.65,21.3,6.9,
2013-09-20 08:00:00,24.4,0.65,22.7,13.0,
2013-09-20 09:00:00,23.3,0.65,21.1,20.6,
2013-09-20 10:00:00,36.0,0.65,18.4,28.5,
2013-09-20 11:00:00,28.3,0.65,21.7,26.7,
2013-09-20 12:00:00,42.7,0.65,18.8,19.6,
2013-09-20 13:00:00,44.9,0.65,67.8,19.0,
2013-09-20 14:00:00,54.3,1.6,47.5,6.7,
2013-09-20 15:00:00,55.2,1.8,36.7,8.6,
2013-09-20 16:00:00,42.6,2.0,30.4,12.3,
2013-09-20 17:00:00,36.1,1.7,19.1,14.8,
2013-09-20 18:00:00,23.4,1.8,34.8,4.8,
2013-09-20 19:00:00,27.6,1.9,39.4,0.5,
2013-09-20 20:00:00,17.6,2.1,39.1,0.5,
2013-09-20 21:00:00,17.5,2.0,43.5,0.5,
2013-09-20 22:00:00,26.8,2.4,40.2,0.5,
2013-09-20 23:00:00,26.8,2.7,36.5,0.5,
2013-09-21 00:00:00,22.4,2.4,35.5,0.5,
2013-09-21 01:00:00,32.8,0.65,37.0,0.5,
2013-09-21 02:00:00,17.9,0.65,37.1,0.5,
2013-09-21 03:00:00,14.1,0.65,35.3,0.5,
2013-09-21 04:00:00,21.7,0.65,29.8,0.5,
2013-09-21 05:00:00,15.4,0.65,21.8,2.8,
2013-09-21 06:00:00,20.0,0.65,23.2,2.9,
2013-09-21 07:00:00,16.3,0.65,25.9,1.6,
2013-09-21 08:00:00,14.7,0.65,25.1,1.5,
2013-09-21 09:00:00,17.9,0.65,27.1,6.0,
2013-09-21 10:00:00,16.3,0.65,22.2,13.2,
2013-09-21 11:00:00,14.6,0.65,21.7,15.1,
2013-09-21 12:00:00,9.0,0.65,21.5,18.3,
2013-09-21 13:00:00,7.1,0.65,22.3,19.4,
2013-09-21 14:00:00,15.0,0.65,20.1,24.7,
2013-09-21 15:00:00,12.2,0.65,16.2,28.1,
2013-09-21 16:00:00,14.2,0.65,15.5,29.2,
2013-09-21 17:00:00,21.3,0.65,15.2,24.2,
2013-09-21 18:00:00,12.1,0.65,25.8,17.2,
2013-09-21 19:00:00,16.8,0.65,22.5,25.3,
2013-09-21 20:00:00,24.0,0.65,22.0,27.0,
2013-09-21 21:00:00,14.1,0.65,27.3,18.8,
2013-09-21 22:00:00,13.3,0.65,17.8,25.0,
2013-09-21 23:00:00,26.1,0.65,21.2,22.8,
2013-09-22 00:00:00,26.4,0.65,17.9,20.7,
2013-09-22 01:00:00,20.9,0.65,14.6,22.9,
2013-09-22 02:00:00,22.7,0.65,9.9,36.8,
2013-09-22 03:00:00,13.7,0.65,4.1,47.4,
2013-09-22 04:00:00,12.7,0.65,2.9,44.1,
2013-09-22 05:00:00,12.8,0.65,3.5,40.4,
2013-09-22 06:00:00,10.5,0.65,4.4,35.1,
2013-09-22 07:00:00,13.5,0.65,7.8,33.2,
2013-09-22 08:00:00,8.8,0.65,8.5,32.9,
2013-09-22 09:00:00,15.8,0.65,10.1,32.3,
2013-09-22 10:00:00,9.3,0.65,9.2,33.8,
2013-09-22 11:00:00,16.8,0.65,6.2,47.5,
2013-09-22 12:00:00,18.0,0.65,5.8,46.0,
2013-09-22 13:00:00,18.2,0.65,6.2,45.8,
2013-09-22 14:00:00,11.9,0.65,6.3,46.1,
2013-09-22 15:00:00,12.3,0.65,5.7,45.5,
2013-09-22 16:00:00,30.7,0.65,6.3,49.4,
2013-09-22 17:00:00,16.5,0.65,6.5,50.1,
2013-09-22 18:00:00,9.0,0.65,7.4,47.6,
2013-09-22 19:00:00,13.8,0.65,8.9,49.5,
2013-09-22 20:00:00,14.8,0.65,9.4,52.2,
2013-09-22 21:00:00,11.4,0.65,8.2,51.9,
2013-09-22 22:00:00,7.2,0.65,9.6,47.4,
2013-09-22 23:00:00,10.6,0.65,8.1,47.7,
2013-09-23 00:00:00,12.2,0.65,7.8,43.4,
2013-09-23 01:00:00,7.5,0.65,7.3,42.0,
2013-09-23 02:00:00,5.3,0.65,6.5,46.1,
2013-09-23 03:00:00,7.1,0.65,2.1,60.3,
2013-09-23 04:00:00,4.0,0.65,1.9,61.6,
2013-09-23 05:00:00,7.1,0.65,2.5,59.4,
2013-09-23 06:00:00,3.6,0.65,4.5,55.7,
2013-09-23 07:00:00,1.9,0.65,14.9,45.8,
2013-09-23 08:00:00,3.1,0.65,33.8,26.0,
2013-09-23 09:00:00,6.2,0.65,38.2,20.7,
2013-09-23 10:00:00,3.8,0.65,34.7,24.6,
2013-09-23 11:00:00,4.2,0.65,27.5,34.3,
2013-09-23 12:00:00,16.5,0.65,20.3,39.9,
2013-09-23 13:00:00,13.2,0.65,22.4,32.9,
2013-09-23 14:00:00,7.4,0.65,15.7,30.8,
2013-09-23 15:00:00,5.8,0.65,18.7,28.4,
2013-09-23 16:00:00,9.9,0.65,16.6,36.5,
2013-09-23 17:00:00,10.9,0.65,22.2,31.6,
2013-09-23 18:00:00,6.8,0.65,21.5,32.8,
2013-09-23 19:00:00,4.9,0.65,22.3,40.0,
2013-09-23 20:00:00,4.0,0.65,25.8,35.0,
2013-09-23 21:00:00,8.3,0.65,24.3,32.2,
2013-09-23 22:00:00,6.3,0.65,28.6,23.8,
2013-09-23 23:00:00,10.0,0.65,30.2,20.3,
2013-09-24 00:00:00,12.3,0.65,32.4,17.9,
2013-09-24 01:00:00,8.9,0.65,41.7,12.3,
2013-09-24 02:00:00,6.5,0.65,29.7,25.3,
2013-09-24 03:00:00,12.1,0.65,10.7,41.1,
2013-09-24 04:00:00,7.7,0.65,4.4,38.6,
2013-09-24 05:00:00,3.9,0.65,5.3,37.0,
2013-09-24 06:00:00,2.0,0.65,8.6,34.7,
2013-09-24 07:00:00,1.7,0.65,20.4,26.3,
2013-09-24 08:00:00,0.9,0.65,21.6,25.6,
2013-09-24 09:00:00,1.8,0.65,22.0,27.9,
2013-09-24 10:00:00,7.4,0.65,16.3,31.5,
2013-09-24 11:00:00,4.5,0.65,15.1,34.6,
2013-09-24 12:00:00,3.9,0.65,15.3,35.4,
2013-09-24 13:00:00,3.0,0.65,17.6,32.3,
2013-09-24 14:00:00,3.3,0.65,20.3,30.0,
2013-09-24 15:00:00,6.2,0.65,21.3,28.8,
2013-09-24 16:00:00,4.8,0.65,28.2,26.2,
2013-09-24 17:00:00,3.9,0.65,28.0,38.6,
2013-09-24 18:00:00,4.4,0.65,37.1,26.6,
2013-09-24 19:00:00,3.5,0.65,57.9,4.2,
2013-09-24 20:00:00,4.4,0.65,58.9,3.2,
2013-09-24 21:00:00,14.4,0.65,49.2,6.5,
2013-09-24 22:00:00,16.5,0.65,47.0,5.7,
2013-09-24 23:00:00,17.8,0.65,31.0,17.7,
2013-09-25 00:00:00,10.6,0.65,22.7,24.0,
2013-09-25 01:00:00,12.8,0.65,12.4,32.1,
2013-09-25 02:00:00,11.8,0.65,13.8,31.3,
2013-09-25 03:00:00,10.8,0.65,9.8,33.1,
2013-09-25 04:00:00,7.3,0.65,15.0,25.6,
2013-09-25 05:00:00,6.4,0.65,23.5,13.2,
2013-09-25 06:00:00,12.9,0.65,30.3,3.7,
2013-09-25 07:00:00,22.6,0.65,48.5,0.5,
2013-09-25 08:00:00,13.8,1.5,84.6,8.0,
2013-09-25 09:00:00,29.7,1.7,56.1,26.3,
2013-09-25 10:00:00,27.9,0.65,16.3,26.1,
2013-09-25 11:00:00,24.3,0.65,8.9,31.9,
2013-09-25 12:00:00,27.2,0.65,8.2,33.8,
2013-09-25 13:00:00,20.6,0.65,8.9,38.1,
2013-09-25 14:00:00,12.0,0.65,7.7,38.9,
2013-09-25 15:00:00,9.1,0.65,9.7,37.7,
2013-09-25 16:00:00,17.0,0.65,8.3,44.0,
2013-09-25 17:00:00,11.2,0.65,8.7,41.0,
2013-09-25 18:00:00,19.3,0.65,14.9,34.8,
2013-09-25 19:00:00,12.5,0.65,29.2,21.0,
2013-09-25 20:00:00,31.0,0.65,45.1,4.3,
2013-09-25 21:00:00,35.4,0.65,46.9,1.0,
2013-09-25 22:00:00,45.3,0.65,37.8,0.5,
2013-09-25 23:00:00,53.3,1.5,31.0,0.5,
2013-09-26 00:00:00,54.7,1.6,25.5,0.5,
2013-09-26 01:00:00,55.4,0.65,19.2,0.5,
2013-09-26 02:00:00,41.9,0.65,14.5,0.5,
2013-09-26 03:00:00,29.8,0.65,12.0,0.5,
2013-09-26 04:00:00,32.7,0.65,9.4,0.5,
2013-09-26 05:00:00,24.5,0.65,8.4,0.5,
2013-09-26 06:00:00,16.6,0.65,13.4,0.5,
2013-09-26 07:00:00,14.9,0.65,21.0,0.5,
2013-09-26 08:00:00,39.0,0.65,34.3,0.5,
2013-09-26 09:00:00,42.3,3.5,59.3,5.2,
2013-09-26 10:00:00,47.2,5.2,48.0,14.2,
2013-09-26 11:00:00,40.5,1.4,32.6,21.5,
2013-09-26 12:00:00,26.3,0.65,22.4,42.4,
2013-09-26 13:00:00,19.4,0.65,10.1,48.5,
2013-09-26 14:00:00,12.0,0.65,8.8,52.6,
2013-09-26 15:00:00,13.6,0.65,8.5,52.2,
2013-09-26 16:00:00,8.9,5.5,7.3,51.5,
2013-09-26 17:00:00,10.2,11.1,8.4,50.0,
2013-09-26 18:00:00,21.1,0.65,11.6,43.6,
2013-09-26 19:00:00,19.0,0.65,16.6,37.3,
2013-09-26 20:00:00,21.5,0.65,17.8,32.2,
2013-09-26 21:00:00,38.3,0.65,18.7,30.0,
2013-09-26 22:00:00,27.5,0.65,15.5,31.0,
2013-09-26 23:00:00,35.5,0.65,12.7,31.2,
2013-09-27 00:00:00,21.6,0.65,9.6,26.8,
2013-09-27 01:00:00,12.5,0.65,11.1,24.3,
2013-09-27 02:00:00,14.4,0.65,10.5,19.5,
2013-09-27 03:00:00,15.6,0.65,10.1,15.7,
2013-09-27 04:00:00,9.2,0.65,9.8,20.4,
2013-09-27 05:00:00,5.4,0.65,9.6,12.7,
2013-09-27 06:00:00,4.5,0.65,20.3,3.4,
2013-09-27 07:00:00,20.4,0.65,26.7,0.5,
2013-09-27 08:00:00,38.1,0.65,31.1,1.6,
2013-09-27 09:00:00,55.2,2.7,49.0,24.3,
2013-09-27 10:00:00,50.0,1.9,30.5,23.4,
2013-09-27 11:00:00,37.1,0.65,10.1,42.1,
2013-09-27 12:00:00,21.6,0.65,10.9,50.9,
2013-09-27 13:00:00,13.2,0.65,11.0,56.2,
2013-09-27 14:00:00,17.4,0.65,7.7,57.3,
2013-09-27 15:00:00,14.6,0.65,8.5,57.5,
2013-09-27 16:00:00,26.6,0.65,8.6,54.3,
2013-09-27 17:00:00,35.6,0.65,9.9,51.5,
2013-09-27 18:00:00,36.9,0.65,14.8,47.8,
2013-09-27 19:00:00,48.5,0.65,12.1,46.2,
2013-09-27 20:00:00,42.6,0.65,13.0,44.4,
2013-09-27 21:00:00,37.1,0.65,14.1,43.0,
2013-09-27 22:00:00,40.4,0.65,16.3,37.4,
2013-09-27 23:00:00,31.6,0.65,21.4,29.2,
2013-09-28 00:00:00,46.0,0.65,23.4,24.7,
2013-09-28 01:00:00,39.3,0.65,15.7,29.3,
2013-09-28 02:00:00,25.9,0.65,10.9,32.9,
2013-09-28 03:00:00,24.8,0.65,14.0,23.7,
2013-09-28 04:00:00,15.1,0.65,13.4,17.2,
2013-09-28 05:00:00,18.4,0.65,14.9,20.1,
2013-09-28 06:00:00,19.1,0.65,13.7,16.1,
2013-09-28 07:00:00,20.9,0.65,20.2,6.4,
2013-09-28 08:00:00,13.5,0.65,29.7,1.1,
2013-09-28 09:00:00,30.9,0.65,28.1,5.5,
2013-09-28 10:00:00,18.9,0.65,14.5,19.8,
2013-09-28 11:00:00,16.2,0.65,10.9,29.1,
2013-09-28 12:00:00,9.7,0.65,7.9,28.2,
2013-09-28 13:00:00,6.6,0.65,15.2,18.7,
2013-09-28 14:00:00,12.2,0.65,21.7,22.4,
2013-09-28 15:00:00,14.9,0.65,13.1,37.5,
2013-09-28 16:00:00,8.3,0.65,10.8,41.7,
2013-09-28 17:00:00,7.4,0.65,11.6,40.8,
2013-09-28 18:00:00,21.6,0.65,11.4,40.4,
2013-09-28 19:00:00,13.3,0.65,21.7,24.5,
2013-09-28 20:00:00,26.5,0.65,23.4,21.5,
2013-09-28 21:00:00,25.9,0.65,27.9,13.1,
2013-09-28 22:00:00,37.4,0.65,28.1,13.2,
2013-09-28 23:00:00,37.3,0.65,22.1,16.8,
2013-09-29 00:00:00,37.5,0.65,18.3,10.9,
2013-09-29 01:00:00,35.6,0.65,16.1,16.7,
2013-09-29 02:00:00,34.6,0.65,18.4,16.1,
2013-09-29 03:00:00,36.4,0.65,14.7,17.5,
2013-09-29 04:00:00,33.5,0.65,7.2,23.9,
2013-09-29 05:00:00,18.4,0.65,6.5,18.6,
2013-09-29 06:00:00,11.7,0.65,9.4,18.8,
2013-09-29 07:00:00,20.4,0.65,13.9,11.5,
2013-09-29 08:00:00,18.3,0.65,21.5,9.0,
2013-09-29 09:00:00,25.0,0.65,19.1,9.0,
2013-09-29 10:00:00,22.6,2.0,16.9,16.2,
2013-09-29 11:00:00,24.0,0.65,21.9,24.1,
2013-09-29 12:00:00,27.6,1.7,19.3,37.4,
2013-09-29 13:00:00,28.9,2.1,19.2,48.5,
2013-09-29 14:00:00,40.5,0.65,14.8,60.7,
2013-09-29 15:00:00,41.2,0.65,15.2,61.7,
2013-09-29 16:00:00,26.7,0.65,11.5,53.4,
2013-09-29 17:00:00,25.7,0.65,10.2,52.1,
2013-09-29 18:00:00,27.7,0.65,10.2,54.7,
2013-09-29 19:00:00,32.2,0.65,13.3,47.1,
2013-09-29 20:00:00,30.4,0.65,14.1,40.6,
2013-09-29 21:00:00,28.7,0.65,15.8,34.7,
2013-09-29 22:00:00,24.5,0.65,14.2,32.4,
2013-09-29 23:00:00,19.0,0.65,19.6,17.1,
2013-09-30 00:00:00,26.1,0.65,18.2,12.5,
2013-09-30 01:00:00,19.6,0.65,9.1,22.5,
2013-09-30 02:00:00,19.0,0.65,7.5,30.3,
2013-09-30 03:00:00,24.9,0.65,6.7,28.7,
2013-09-30 04:00:00,16.7,0.65,9.2,22.9,
2013-09-30 05:00:00,16.3,0.65,17.3,15.7,
2013-09-30 06:00:00,26.9,0.65,16.7,10.2,
2013-09-30 07:00:00,34.3,0.65,27.3,2.2,
2013-09-30 08:00:00,40.8,2.8,32.3,6.0,
2013-09-30 09:00:00,43.4,17.1,24.0,19.2,
2013-09-30 10:00:00,32.6,12.4,18.5,25.1,
2013-09-30 11:00:00,35.0,7.7,19.7,28.0,
2013-09-30 12:00:00,20.3,5.4,18.6,38.6,
2013-09-30 13:00:00,16.0,3.8,19.4,54.5,
2013-09-30 14:00:00,27.3,2.4,10.5,51.8,
2013-09-30 15:00:00,29.4,0.65,9.3,49.0,
2013-09-30 16:00:00,30.1,0.65,17.7,41.8,
2013-09-30 17:00:00,30.0,0.65,19.3,39.2,
2013-09-30 18:00:00,31.1,0.65,34.9,19.6,
2013-09-30 19:00:00,26.8,0.65,39.0,11.4,
2013-09-30 20:00:00,29.0,0.65,38.3,7.0,
2013-09-30 21:00:00,26.0,0.65,35.4,6.3,
2013-09-30 22:00:00,34.9,0.65,28.5,12.4,
2013-09-30 23:00:00,32.7,0.65,31.4,8.1,
2013-10-01 00:00:00,33.0,0.65,27.0,8.2,
2013-10-01 01:00:00,25.4,0.65,26.8,3.9,
2013-10-01 02:00:00,29.9,0.65,23.7,14.5,
2013-10-01 03:00:00,22.7,0.65,15.2,18.5,
2013-10-01 04:00:00,17.5,0.65,9.1,18.5,
2013-10-01 05:00:00,10.3,0.65,13.3,17.1,
2013-10-01 06:00:00,13.1,0.65,16.8,15.2,
2013-10-01 07:00:00,11.5,0.65,27.6,9.1,
2013-10-01 08:00:00,15.0,0.65,30.4,6.9,
2013-10-01 09:00:00,9.7,0.65,23.7,12.5,
2013-10-01 10:00:00,,1.3,14.5,27.7,
2013-10-01 11:00:00,1.1,0.65,13.5,38.2,
2013-10-01 12:00:00,8.3,0.65,14.4,43.6,
2013-10-01 13:00:00,18.2,1.4,15.8,45.9,
2013-10-01 14:00:00,13.1,0.65,9.3,59.1,
2013-10-01 15:00:00,11.2,0.65,10.3,58.8,
2013-10-01 16:00:00,15.2,0.65,12.8,58.9,
2013-10-01 17:00:00,13.8,0.65,14.5,59.4,
2013-10-01 18:00:00,15.1,0.65,14.9,57.7,
2013-10-01 19:00:00,17.6,0.65,20.7,40.8,
2013-10-01 20:00:00,29.3,0.65,55.5,6.6,
2013-10-01 21:00:00,53.6,1.9,51.0,6.2,
2013-10-01 22:00:00,77.4,1.7,42.8,7.2,
2013-10-01 23:00:00,55.3,1.3,36.6,8.8,
2013-10-02 00:00:00,50.2,0.65,30.3,7.3,
2013-10-02 01:00:00,43.6,0.65,21.8,6.3,
2013-10-02 02:00:00,44.1,0.65,30.4,0.5,
2013-10-02 03:00:00,47.3,0.65,31.1,0.5,
2013-10-02 04:00:00,53.8,0.65,30.6,0.5,
2013-10-02 05:00:00,45.7,0.65,24.2,0.5,
2013-10-02 06:00:00,39.6,0.65,24.3,0.5,
2013-10-02 07:00:00,39.2,0.65,25.0,0.5,
2013-10-02 08:00:00,40.6,0.65,45.9,3.2,
2013-10-02 09:00:00,47.3,2.5,37.2,21.1,
2013-10-02 10:00:00,39.7,2.7,35.5,19.0,
2013-10-02 11:00:00,32.2,1.8,31.4,31.6,
2013-10-02 12:00:00,26.2,0.65,17.9,52.6,
2013-10-02 13:00:00,27.8,2.4,21.3,73.7,
2013-10-02 14:00:00,23.3,2.7,23.0,118.7,
2013-10-02 15:00:00,61.1,2.3,17.7,120.5,
2013-10-02 16:00:00,120.8,0.65,20.5,98.6,
2013-10-02 17:00:00,62.3,0.65,16.2,94.3,
2013-10-02 18:00:00,41.0,0.65,18.1,68.4,
2013-10-02 19:00:00,38.3,0.65,23.0,47.7,
2013-10-02 20:00:00,38.4,0.65,23.4,40.4,
2013-10-02 21:00:00,41.8,0.65,31.1,35.8,
2013-10-02 22:00:00,52.8,0.65,22.0,42.1,
2013-10-02 23:00:00,63.8,0.65,14.8,37.8,
2013-10-03 00:00:00,39.5,0.65,11.1,36.0,
2013-10-03 01:00:00,33.9,0.65,7.3,41.5,
2013-10-03 02:00:00,22.8,0.65,6.0,41.4,
2013-10-03 03:00:00,13.7,0.65,5.7,41.7,
2013-10-03 04:00:00,12.8,0.65,6.1,41.8,
2013-10-03 05:00:00,11.2,0.65,5.2,40.6,
2013-10-03 06:00:00,9.4,0.65,9.7,34.9,
2013-10-03 07:00:00,8.2,0.65,20.2,23.8,
2013-10-03 08:00:00,14.0,0.65,25.3,25.5,
2013-10-03 09:00:00,17.7,0.65,14.7,42.4,
2013-10-03 10:00:00,21.6,0.65,8.6,52.6,
2013-10-03 11:00:00,24.0,0.65,7.9,58.2,
2013-10-03 12:00:00,25.0,0.65,7.5,59.3,
2013-10-03 13:00:00,23.1,0.65,9.1,54.0,
2013-10-03 14:00:00,20.8,0.65,9.9,57.9,
2013-10-03 15:00:00,31.1,0.65,7.4,59.3,
2013-10-03 16:00:00,23.3,0.65,7.2,59.3,
2013-10-03 17:00:00,30.3,0.65,10.0,52.4,
2013-10-03 18:00:00,37.7,0.65,13.2,50.5,
2013-10-03 19:00:00,39.5,0.65,20.5,41.5,
2013-10-03 20:00:00,41.1,0.65,21.1,38.8,
2013-10-03 21:00:00,45.4,0.65,20.8,35.8,
2013-10-03 22:00:00,40.9,0.65,17.3,36.0,
2013-10-03 23:00:00,37.0,0.65,15.9,34.1,
2013-10-04 00:00:00,34.2,0.65,15.6,30.7,
2013-10-04 01:00:00,31.8,0.65,10.4,33.4,
2013-10-04 02:00:00,37.9,0.65,9.5,29.9,
2013-10-04 03:00:00,32.4,0.65,9.0,26.9,
2013-10-04 04:00:00,25.3,0.65,21.3,13.7,
2013-10-04 05:00:00,26.2,0.65,23.0,15.2,
2013-10-04 06:00:00,37.6,0.65,18.1,22.0,
2013-10-04 07:00:00,33.0,0.65,31.0,15.0,
2013-10-04 08:00:00,19.9,0.65,30.5,14.3,
2013-10-04 09:00:00,18.1,0.65,22.5,23.3,
2013-10-04 10:00:00,11.7,0.65,18.0,20.5,
2013-10-04 11:00:00,13.1,0.65,17.8,25.4,
2013-10-04 12:00:00,7.3,0.65,13.1,38.7,
2013-10-04 13:00:00,4.4,0.65,17.9,39.1,
2013-10-04 14:00:00,4.3,0.65,13.1,44.4,
2013-10-04 15:00:00,4.9,0.65,14.4,46.0,
2013-10-04 16:00:00,4.5,0.65,16.4,46.8,
2013-10-04 17:00:00,5.9,0.65,13.2,42.2,
2013-10-04 18:00:00,7.6,0.65,18.3,36.4,
2013-10-04 19:00:00,12.8,0.65,22.7,30.3,
2013-10-04 20:00:00,14.0,0.65,29.2,29.7,
2013-10-04 21:00:00,12.8,0.65,22.6,39.1,
2013-10-04 22:00:00,11.7,0.65,31.2,28.3,
2013-10-04 23:00:00,11.1,0.65,37.5,14.0,
2013-10-05 00:00:00,22.7,0.65,41.3,16.2,
2013-10-05 01:00:00,16.3,0.65,29.1,33.3,
2013-10-05 02:00:00,15.0,0.65,20.3,26.7,
2013-10-05 03:00:00,18.1,0.65,13.8,36.0,
2013-10-05 04:00:00,9.7,0.65,12.4,34.2,
2013-10-05 05:00:00,9.4,0.65,15.3,25.4,
2013-10-05 06:00:00,13.0,0.65,19.2,24.4,
2013-10-05 07:00:00,9.9,0.65,20.2,18.9,
2013-10-05 08:00:00,18.1,0.65,25.4,15.9,
2013-10-05 09:00:00,16.3,0.65,9.3,33.2,
2013-10-05 10:00:00,10.3,0.65,7.1,41.8,
2013-10-05 11:00:00,7.8,0.65,7.1,46.6,
2013-10-05 12:00:00,4.4,0.65,7.4,47.4,
2013-10-05 13:00:00,2.3,0.65,9.5,44.1,
2013-10-05 14:00:00,1.8,0.65,9.2,46.4,
2013-10-05 15:00:00,2.2,0.65,10.6,44.0,
2013-10-05 16:00:00,3.9,0.65,6.0,44.8,
2013-10-05 17:00:00,8.7,0.65,8.3,40.0,
2013-10-05 18:00:00,8.3,0.65,15.1,34.0,
2013-10-05 19:00:00,14.3,0.65,20.3,28.5,
2013-10-05 20:00:00,18.3,0.65,27.7,17.2,
2013-10-05 21:00:00,16.6,0.65,38.9,5.0,
2013-10-05 22:00:00,36.9,0.65,29.8,1.8,
2013-10-05 23:00:00,41.7,1.4,24.9,0.5,
2013-10-06 00:00:00,46.7,0.65,18.9,0.5,
2013-10-06 01:00:00,46.6,0.65,18.9,0.5,
2013-10-06 02:00:00,34.7,0.65,13.0,0.5,
2013-10-06 03:00:00,32.9,0.65,11.4,0.5,
2013-10-06 04:00:00,21.3,0.65,10.6,0.5,
2013-10-06 05:00:00,22.4,0.65,11.0,0.5,
2013-10-06 06:00:00,19.2,0.65,9.8,0.5,
2013-10-06 07:00:00,23.4,0.65,14.4,0.5,
2013-10-06 08:00:00,28.8,0.65,17.5,11.5,
2013-10-06 09:00:00,25.5,0.65,11.1,11.7,
2013-10-06 10:00:00,16.2,0.65,9.5,25.7,
2013-10-06 11:00:00,10.6,0.65,11.1,30.2,
2013-10-06 12:00:00,11.1,0.65,6.4,39.1,
2013-10-06 13:00:00,13.9,0.65,7.8,45.9,
2013-10-06 14:00:00,11.2,0.65,6.2,40.2,
2013-10-06 15:00:00,13.7,0.65,4.7,41.4,
2013-10-06 16:00:00,11.9,0.65,6.1,43.1,
2013-10-06 17:00:00,18.4,0.65,5.4,46.5,
2013-10-06 18:00:00,21.5,0.65,5.7,46.4,
2013-10-06 19:00:00,21.9,0.65,7.9,46.4,
2013-10-06 20:00:00,22.4,0.65,12.9,36.0,
2013-10-06 21:00:00,20.4,0.65,22.2,22.8,
2013-10-06 22:00:00,19.8,0.65,17.6,14.0,
2013-10-06 23:00:00,32.3,0.65,18.9,5.1,
2013-10-07 00:00:00,23.7,0.65,18.6,1.2,
2013-10-07 01:00:00,33.2,0.65,15.1,1.9,
2013-10-07 02:00:00,30.5,0.65,14.0,4.0,
2013-10-07 03:00:00,23.7,0.65,11.7,7.7,
2013-10-07 04:00:00,21.9,0.65,12.3,10.5,
2013-10-07 05:00:00,17.1,0.65,13.5,3.9,
2013-10-07 06:00:00,16.3,0.65,15.5,2.2,
2013-10-07 07:00:00,13.2,0.65,24.8,4.2,
2013-10-07 08:00:00,21.5,0.65,20.8,15.2,
2013-10-07 09:00:00,23.1,0.65,17.5,24.7,
2013-10-07 10:00:00,26.0,0.65,11.0,42.0,
2013-10-07 11:00:00,18.8,0.65,8.8,46.4,
2013-10-07 12:00:00,14.4,0.65,9.0,54.1,
2013-10-07 13:00:00,17.6,0.65,7.4,59.2,
2013-10-07 14:00:00,22.0,0.65,7.7,58.6,
2013-10-07 15:00:00,20.5,0.65,5.6,57.3,
2013-10-07 16:00:00,19.3,0.65,5.0,55.0,
2013-10-07 17:00:00,21.9,0.65,6.7,54.9,
2013-10-07 18:00:00,35.4,0.65,7.7,55.4,
2013-10-07 19:00:00,45.8,0.65,8.6,50.6,
2013-10-07 20:00:00,46.0,0.65,10.2,46.1,
2013-10-07 21:00:00,44.2,0.65,9.1,42.6,
2013-10-07 22:00:00,40.8,0.65,12.4,35.7,
2013-10-07 23:00:00,36.2,0.65,14.1,32.4,
2013-10-08 00:00:00,28.5,0.65,14.3,28.6,
2013-10-08 01:00:00,27.2,0.65,8.5,31.1,
2013-10-08 02:00:00,29.1,0.65,11.1,21.2,
2013-10-08 03:00:00,20.7,0.65,9.7,17.9,
2013-10-08 04:00:00,19.8,0.65,11.8,7.6,
2013-10-08 05:00:00,18.2,0.65,10.6,7.9,
2013-10-08 06:00:00,16.4,0.65,16.7,1.5,
2013-10-08 07:00:00,21.2,0.65,22.0,1.8,
2013-10-08 08:00:00,32.4,0.65,22.3,5.7,
2013-10-08 09:00:00,31.6,1.4,17.1,21.6,
2013-10-08 10:00:00,27.1,0.65,10.4,34.2,
2013-10-08 11:00:00,23.0,0.65,9.7,47.5,
2013-10-08 12:00:00,17.6,0.65,9.1,51.0,
2013-10-08 13:00:00,17.9,0.65,8.6,51.9,
2013-10-08 14:00:00,18.2,0.65,8.6,58.3,
2013-10-08 15:00:00,21.0,0.65,9.3,61.0,
2013-10-08 16:00:00,29.2,0.65,8.4,61.3,
2013-10-08 17:00:00,23.2,0.65,10.9,58.7,
2013-10-08 18:00:00,28.6,0.65,11.5,53.1,
2013-10-08 19:00:00,41.0,0.65,16.1,45.2,
2013-10-08 20:00:00,53.6,0.65,17.0,40.5,
2013-10-08 21:00:00,55.2,0.65,15.1,41.4,
2013-10-08 22:00:00,62.2,0.65,22.0,30.9,
2013-10-08 23:00:00,60.0,0.65,16.7,31.3,
2013-10-09 00:00:00,47.9,0.65,10.7,36.3,
2013-10-09 01:00:00,43.4,0.65,7.5,33.5,
2013-10-09 02:00:00,29.7,0.65,11.3,24.5,
2013-10-09 03:00:00,32.7,0.65,11.5,15.3,
2013-10-09 04:00:00,26.4,0.65,12.8,23.1,
2013-10-09 05:00:00,22.4,0.65,10.4,31.8,
2013-10-09 06:00:00,18.9,0.65,16.2,25.5,
2013-10-09 07:00:00,16.7,0.65,31.3,18.9,
2013-10-09 08:00:00,28.4,0.65,24.1,29.7,
2013-10-09 09:00:00,34.2,0.65,9.9,42.7,
2013-10-09 10:00:00,28.4,0.65,9.4,45.2,
2013-10-09 11:00:00,21.7,0.65,9.7,55.2,
2013-10-09 12:00:00,14.7,0.65,11.8,58.9,
2013-10-09 13:00:00,17.0,0.65,12.2,60.2,
2013-10-09 14:00:00,12.8,0.65,11.5,63.2,
2013-10-09 15:00:00,21.0,0.65,12.9,74.1,
2013-10-09 16:00:00,31.1,0.65,12.1,77.9,
2013-10-09 17:00:00,24.5,0.65,9.0,66.6,
2013-10-09 18:00:00,43.3,0.65,10.4,59.6,
2013-10-09 19:00:00,55.4,0.65,23.4,39.8,
2013-10-09 20:00:00,70.5,0.65,23.5,31.6,
2013-10-09 21:00:00,80.0,0.65,24.7,24.3,
2013-10-09 22:00:00,75.9,0.65,27.3,18.3,
2013-10-09 23:00:00,78.7,0.65,28.1,14.9,
2013-10-10 00:00:00,67.1,0.65,24.6,18.2,
2013-10-10 01:00:00,60.5,0.65,29.3,7.9,
2013-10-10 02:00:00,52.0,0.65,26.3,5.4,
2013-10-10 03:00:00,39.0,0.65,23.6,3.3,
2013-10-10 04:00:00,30.9,0.65,18.5,2.0,
2013-10-10 05:00:00,29.9,0.65,19.3,1.6,
2013-10-10 06:00:00,28.5,0.65,17.5,0.5,
2013-10-10 07:00:00,33.6,1.4,21.2,0.5,
2013-10-10 08:00:00,48.2,2.8,30.5,0.5,
2013-10-10 09:00:00,85.1,3.5,56.0,4.9,
2013-10-10 10:00:00,89.0,4.0,40.1,14.7,
2013-10-10 11:00:00,81.3,3.8,27.0,38.5,
2013-10-10 12:00:00,60.6,10.4,18.5,51.2,
2013-10-10 13:00:00,49.1,6.9,20.2,57.8,
2013-10-10 14:00:00,41.6,3.1,22.1,63.4,
2013-10-10 15:00:00,36.7,4.8,22.8,84.4,
2013-10-10 16:00:00,29.6,3.9,19.7,79.5,
2013-10-10 17:00:00,42.0,2.4,20.3,77.5,
2013-10-10 18:00:00,42.1,1.6,30.5,57.3,
2013-10-10 19:00:00,49.9,1.5,41.1,36.0,
2013-10-10 20:00:00,72.4,2.1,47.8,22.0,
2013-10-10 21:00:00,112.3,2.8,54.6,5.0,
2013-10-10 22:00:00,140.2,3.3,48.4,5.7,
2013-10-10 23:00:00,145.5,4.0,40.7,0.5,
2013-10-11 00:00:00,133.0,2.7,33.2,2.7,
2013-10-11 01:00:00,116.9,0.65,26.6,2.1,
2013-10-11 02:00:00,107.5,0.65,21.4,0.5,
2013-10-11 03:00:00,99.8,0.65,22.8,0.5,
2013-10-11 04:00:00,88.4,0.65,16.7,0.5,
2013-10-11 05:00:00,75.5,0.65,15.8,0.5,
2013-10-11 06:00:00,72.4,0.65,16.1,0.5,
2013-10-11 07:00:00,66.0,0.65,19.1,0.5,
2013-10-11 08:00:00,93.4,0.65,44.2,3.3,
2013-10-11 09:00:00,124.3,0.65,50.3,10.4,
2013-10-11 10:00:00,99.5,0.65,41.5,15.1,
2013-10-11 11:00:00,69.0,1.4,23.9,30.3,
2013-10-11 12:00:00,47.1,10.5,20.3,46.4,
2013-10-11 13:00:00,45.0,6.9,19.0,52.4,
2013-10-11 14:00:00,36.3,5.5,18.1,70.3,
2013-10-11 15:00:00,38.3,2.6,20.0,80.7,
2013-10-11 16:00:00,42.5,0.65,20.9,81.9,
2013-10-11 17:00:00,62.3,0.65,17.1,100.5,
2013-10-11 18:00:00,59.0,0.65,23.4,79.5,
2013-10-11 19:00:00,59.8,0.65,33.6,52.5,
2013-10-11 20:00:00,66.3,0.65,43.4,24.1,
2013-10-11 21:00:00,78.8,0.65,35.0,26.7,
2013-10-11 22:00:00,74.6,0.65,35.1,19.3,
2013-10-11 23:00:00,67.5,0.65,31.8,20.0,
2013-10-12 00:00:00,58.8,0.65,30.2,10.3,
2013-10-12 01:00:00,75.1,0.65,19.2,14.5,
2013-10-12 02:00:00,68.2,0.65,18.7,16.0,
2013-10-12 03:00:00,56.1,0.65,12.8,20.6,
2013-10-12 04:00:00,54.2,0.65,6.9,30.5,
2013-10-12 05:00:00,41.3,0.65,6.3,31.0,
2013-10-12 06:00:00,31.5,0.65,6.5,28.1,
2013-10-12 07:00:00,19.2,0.65,8.1,27.0,
2013-10-12 08:00:00,23.8,0.65,13.1,23.2,
2013-10-12 09:00:00,21.1,0.65,11.3,24.8,
2013-10-12 10:00:00,16.6,0.65,16.6,24.1,
2013-10-12 11:00:00,18.5,0.65,13.9,30.0,
2013-10-12 12:00:00,25.8,0.65,16.3,32.3,
2013-10-12 13:00:00,35.8,0.65,16.6,43.9,
2013-10-12 14:00:00,43.5,0.65,18.7,67.1,
2013-10-12 15:00:00,51.2,0.65,16.8,65.7,
2013-10-12 16:00:00,51.4,0.65,17.6,68.2,
2013-10-12 17:00:00,43.5,0.65,19.2,68.3,
2013-10-12 18:00:00,49.1,0.65,19.4,46.5,
2013-10-12 19:00:00,49.1,0.65,18.8,30.5,
2013-10-12 20:00:00,52.4,0.65,28.1,19.6,
2013-10-12 21:00:00,57.9,0.65,32.2,13.2,
2013-10-12 22:00:00,62.5,0.65,30.3,8.5,
2013-10-12 23:00:00,59.9,0.65,21.1,8.7,
2013-10-13 00:00:00,62.5,0.65,19.8,8.5,
2013-10-13 01:00:00,45.7,0.65,25.9,2.6,
2013-10-13 02:00:00,52.8,0.65,21.9,7.4,
2013-10-13 03:00:00,46.8,0.65,20.4,13.9,
2013-10-13 04:00:00,40.0,0.65,13.2,19.1,
2013-10-13 05:00:00,28.5,0.65,15.5,13.2,
2013-10-13 06:00:00,25.7,0.65,13.3,12.8,
2013-10-13 07:00:00,26.9,0.65,12.2,22.6,
2013-10-13 08:00:00,21.8,0.65,28.0,20.0,
2013-10-13 09:00:00,23.3,0.65,23.8,29.5,
2013-10-13 10:00:00,12.4,0.65,19.0,20.7,
2013-10-13 11:00:00,9.0,0.65,15.7,16.2,
2013-10-13 12:00:00,16.1,0.65,21.2,43.6,
2013-10-13 13:00:00,25.2,1.6,16.8,53.9,
2013-10-13 14:00:00,22.6,0.65,7.1,58.4,
2013-10-13 15:00:00,18.8,0.65,9.0,67.1,
2013-10-13 16:00:00,16.4,0.65,15.0,59.4,
2013-10-13 17:00:00,14.5,2.3,16.9,60.3,
2013-10-13 18:00:00,12.8,0.65,16.1,62.5,
2013-10-13 19:00:00,9.5,0.65,19.2,55.2,
2013-10-13 20:00:00,13.0,0.65,25.3,41.0,
2013-10-13 21:00:00,20.4,0.65,31.6,20.1,
2013-10-13 22:00:00,18.0,0.65,37.0,5.4,
2013-10-13 23:00:00,25.3,0.65,36.0,4.8,
2013-10-14 00:00:00,29.5,0.65,19.2,25.8,
2013-10-14 01:00:00,20.4,0.65,7.3,31.6,
2013-10-14 02:00:00,15.6,0.65,8.0,31.8,
2013-10-14 03:00:00,15.4,0.65,7.1,24.2,
2013-10-14 04:00:00,10.5,0.65,5.9,15.3,
2013-10-14 05:00:00,7.8,0.65,9.5,6.2,
2013-10-14 06:00:00,8.7,0.65,11.1,3.8,
2013-10-14 07:00:00,13.5,0.65,30.2,1.7,
2013-10-14 08:00:00,24.8,0.65,39.8,10.5,
2013-10-14 09:00:00,31.0,0.65,36.1,28.1,
2013-10-14 10:00:00,24.2,3.0,20.8,42.0,
2013-10-14 11:00:00,20.8,1.7,13.6,54.1,
2013-10-14 12:00:00,12.0,0.65,14.5,62.1,
2013-10-14 13:00:00,11.7,0.65,14.2,71.1,
2013-10-14 14:00:00,14.3,0.65,10.6,75.1,
2013-10-14 15:00:00,8.0,0.65,12.9,64.9,
2013-10-14 16:00:00,6.1,0.65,13.6,65.7,
2013-10-14 17:00:00,11.9,0.65,9.3,61.4,
2013-10-14 18:00:00,17.0,0.65,17.4,42.2,
2013-10-14 19:00:00,26.1,0.65,23.3,34.1,
2013-10-14 20:00:00,28.8,0.65,29.9,25.2,
2013-10-14 21:00:00,29.7,0.65,26.3,25.5,
2013-10-14 22:00:00,28.4,0.65,14.6,28.8,
2013-10-14 23:00:00,29.1,0.65,11.7,30.8,
2013-10-15 00:00:00,23.0,0.65,11.6,27.7,
2013-10-15 01:00:00,15.1,0.65,7.6,30.9,
2013-10-15 02:00:00,16.3,0.65,6.9,32.3,
2013-10-15 03:00:00,16.8,0.65,6.4,25.2,
2013-10-15 04:00:00,11.5,0.65,6.1,22.8,
2013-10-15 05:00:00,14.5,0.65,9.1,16.8,
2013-10-15 06:00:00,14.1,0.65,14.6,5.5,
2013-10-15 07:00:00,18.7,0.65,22.6,1.7,
2013-10-15 08:00:00,21.0,0.65,23.6,6.2,
2013-10-15 09:00:00,32.1,0.65,21.0,20.3,
2013-10-15 10:00:00,29.6,0.65,20.5,30.8,
2013-10-15 11:00:00,18.3,0.65,12.7,50.8,
2013-10-15 12:00:00,16.9,0.65,13.0,53.1,
2013-10-15 13:00:00,20.2,0.65,15.1,58.3,
2013-10-15 14:00:00,20.7,0.65,11.2,55.5,
2013-10-15 15:00:00,24.1,0.65,9.7,58.6,
2013-10-15 16:00:00,12.9,0.65,13.7,57.5,
2013-10-15 17:00:00,11.9,0.65,8.9,53.2,
2013-10-15 18:00:00,23.6,0.65,13.1,50.6,
2013-10-15 19:00:00,28.9,0.65,21.9,40.7,
2013-10-15 20:00:00,37.6,0.65,31.7,28.6,
2013-10-15 21:00:00,29.2,0.65,24.0,28.1,
2013-10-15 22:00:00,37.1,0.65,13.7,35.3,
2013-10-15 23:00:00,41.3,0.65,15.7,30.8,
2013-10-16 00:00:00,33.8,0.65,13.3,24.1,
2013-10-16 01:00:00,22.0,0.65,10.0,25.7,
2013-10-16 02:00:00,15.5,0.65,12.5,16.0,
2013-10-16 03:00:00,19.3,0.65,9.7,15.9,
2013-10-16 04:00:00,16.0,0.65,7.3,20.4,
2013-10-16 05:00:00,11.4,0.65,8.5,18.3,
2013-10-16 06:00:00,15.8,0.65,15.6,12.4,
2013-10-16 07:00:00,14.4,0.65,21.0,11.3,
2013-10-16 08:00:00,21.6,0.65,24.4,14.0,
2013-10-16 09:00:00,30.9,0.65,13.1,26.4,
2013-10-16 10:00:00,22.7,0.65,15.0,30.9,
2013-10-16 11:00:00,21.8,0.65,10.9,40.2,
2013-10-16 12:00:00,7.7,0.65,11.0,49.3,
2013-10-16 13:00:00,16.3,0.65,11.4,49.3,
2013-10-16 14:00:00,16.5,0.65,9.4,50.5,
2013-10-16 15:00:00,19.6,0.65,9.6,48.3,
2013-10-16 16:00:00,20.6,0.65,9.9,49.1,
2013-10-16 17:00:00,23.4,0.65,12.5,43.4,
2013-10-16 18:00:00,20.7,0.65,17.0,34.7,
2013-10-16 19:00:00,29.6,0.65,27.0,23.4,
2013-10-16 20:00:00,32.8,0.65,23.5,26.3,
2013-10-16 21:00:00,39.5,0.65,18.6,29.6,
2013-10-16 22:00:00,36.9,0.65,20.5,27.4,
2013-10-16 23:00:00,37.5,0.65,16.5,30.8,
2013-10-17 00:00:00,34.6,0.65,11.3,32.9,
2013-10-17 01:00:00,26.8,0.65,7.9,33.7,
2013-10-17 02:00:00,23.9,0.65,8.2,31.4,
2013-10-17 03:00:00,12.8,0.65,11.3,23.1,
2013-10-17 04:00:00,10.9,0.65,9.8,19.1,
2013-10-17 05:00:00,16.5,0.65,11.3,13.0,
2013-10-17 06:00:00,12.9,0.65,17.2,6.4,
2013-10-17 07:00:00,18.9,0.65,24.4,1.6,
2013-10-17 08:00:00,24.0,0.65,25.1,0.5,
2013-10-17 09:00:00,26.0,0.65,22.1,9.7,
2013-10-17 10:00:00,26.6,0.65,15.3,19.7,
2013-10-17 11:00:00,24.6,0.65,14.3,19.2,
2013-10-17 12:00:00,23.0,0.65,21.5,17.4,
2013-10-17 13:00:00,15.9,0.65,36.7,33.7,
2013-10-17 14:00:00,21.8,0.65,13.4,31.6,
2013-10-17 15:00:00,25.4,0.65,10.3,46.5,
2013-10-17 16:00:00,17.5,0.65,11.6,47.1,
2013-10-17 17:00:00,18.0,0.65,10.1,48.8,
2013-10-17 18:00:00,21.0,0.65,20.5,38.2,
2013-10-17 19:00:00,38.6,0.65,24.0,31.8,
2013-10-17 20:00:00,72.7,0.65,26.8,26.4,
2013-10-17 21:00:00,64.0,0.65,24.7,23.9,
2013-10-17 22:00:00,69.1,0.65,30.5,14.0,
2013-10-17 23:00:00,60.0,0.65,26.0,13.0,
2013-10-18 00:00:00,52.3,0.65,21.2,14.0,
2013-10-18 01:00:00,36.6,0.65,15.8,11.5,
2013-10-18 02:00:00,28.3,0.65,14.7,11.2,
2013-10-18 03:00:00,18.8,0.65,13.3,10.1,
2013-10-18 04:00:00,21.9,0.65,12.2,5.5,
2013-10-18 05:00:00,12.7,0.65,13.4,4.2,
2013-10-18 06:00:00,12.7,0.65,16.7,0.5,
2013-10-18 07:00:00,31.3,0.65,26.2,1.1,
2013-10-18 08:00:00,33.4,0.65,22.3,2.7,
2013-10-18 09:00:00,38.4,0.65,21.1,5.6,
2013-10-18 10:00:00,38.5,2.5,40.0,23.3,
2013-10-18 11:00:00,33.3,2.8,26.2,49.2,
2013-10-18 12:00:00,26.1,2.3,23.8,101.0,
2013-10-18 13:00:00,18.1,2.0,23.2,120.5,
2013-10-18 14:00:00,13.0,2.3,21.3,89.9,
2013-10-18 15:00:00,26.2,2.1,19.0,76.5,
2013-10-18 16:00:00,17.5,1.9,19.8,85.2,
2013-10-18 17:00:00,23.5,0.65,26.7,81.2,
2013-10-18 18:00:00,41.5,0.65,25.7,70.4,
2013-10-18 19:00:00,52.4,0.65,29.3,39.7,
2013-10-18 20:00:00,42.1,0.65,20.7,30.8,
2013-10-18 21:00:00,59.8,0.65,17.4,30.9,
2013-10-18 22:00:00,59.5,0.65,22.1,19.5,
2013-10-18 23:00:00,61.2,0.65,29.4,7.2,
2013-10-19 00:00:00,54.7,0.65,29.5,3.3,
2013-10-19 01:00:00,60.1,0.65,24.1,1.4,
2013-10-19 02:00:00,59.8,0.65,23.1,0.5,
2013-10-19 03:00:00,65.2,0.65,19.2,0.5,
2013-10-19 04:00:00,70.5,0.65,20.2,0.5,
2013-10-19 05:00:00,44.1,0.65,23.6,0.5,
2013-10-19 06:00:00,41.0,0.65,22.1,0.5,
2013-10-19 07:00:00,45.8,0.65,29.6,1.6,
2013-10-19 08:00:00,47.3,0.65,45.9,8.8,
2013-10-19 09:00:00,40.1,1.7,45.5,35.8,
2013-10-19 10:00:00,43.6,2.5,32.5,43.7,
2013-10-19 11:00:00,38.7,5.2,30.3,62.3,
2013-10-19 12:00:00,28.7,2.8,23.8,97.6,
2013-10-19 13:00:00,26.2,1.5,18.2,86.1,
2013-10-19 14:00:00,26.4,1.4,13.8,68.7,
2013-10-19 15:00:00,23.6,0.65,10.3,61.0,
2013-10-19 16:00:00,17.2,0.65,9.0,62.1,
2013-10-19 17:00:00,14.6,0.65,11.3,69.4,
2013-10-19 18:00:00,17.3,0.65,10.9,60.7,
2013-10-19 19:00:00,36.7,0.65,11.4,57.4,
2013-10-19 20:00:00,51.0,0.65,15.5,46.4,
2013-10-19 21:00:00,58.8,0.65,21.4,36.3,
2013-10-19 22:00:00,65.7,0.65,29.2,25.2,
2013-10-19 23:00:00,73.2,0.65,27.3,17.8,
2013-10-20 00:00:00,73.7,0.65,22.7,13.7,
2013-10-20 01:00:00,55.2,0.65,16.2,8.4,
2013-10-20 02:00:00,52.5,0.65,17.3,7.0,
2013-10-20 03:00:00,46.8,0.65,14.7,5.0,
2013-10-20 04:00:00,34.8,0.65,15.4,2.8,
2013-10-20 05:00:00,27.2,0.65,16.1,0.5,
2013-10-20 06:00:00,21.5,0.65,12.4,0.5,
2013-10-20 07:00:00,20.7,0.65,13.1,4.4,
2013-10-20 08:00:00,25.5,0.65,15.2,6.3,
2013-10-20 09:00:00,41.4,0.65,16.8,16.2,
2013-10-20 10:00:00,25.4,0.65,14.3,31.5,
2013-10-20 11:00:00,28.5,0.65,14.1,49.2,
2013-10-20 12:00:00,16.3,0.65,12.1,58.2,
2013-10-20 13:00:00,23.1,3.5,10.9,58.7,
2013-10-20 14:00:00,25.9,9.4,10.4,60.3,
2013-10-20 15:00:00,21.5,12.9,13.3,61.5,
2013-10-20 16:00:00,14.2,7.2,11.3,66.8,
2013-10-20 17:00:00,17.6,2.5,13.6,61.6,
2013-10-20 18:00:00,14.2,0.65,23.7,53.9,
2013-10-20 19:00:00,31.3,0.65,22.2,54.0,
2013-10-20 20:00:00,76.4,0.65,28.9,39.9,
2013-10-20 21:00:00,114.6,0.65,33.2,27.1,
2013-10-20 22:00:00,133.0,0.65,38.5,13.8,
2013-10-20 23:00:00,128.1,0.65,34.2,7.9,
2013-10-21 00:00:00,117.5,0.65,29.0,7.9,
2013-10-21 01:00:00,110.2,0.65,16.4,8.4,
2013-10-21 02:00:00,94.0,0.65,26.2,1.0,
2013-10-21 03:00:00,88.0,0.65,21.6,2.0,
2013-10-21 04:00:00,69.9,0.65,16.6,8.5,
2013-10-21 05:00:00,60.4,0.65,16.6,15.3,
2013-10-21 06:00:00,41.5,0.65,18.1,31.3,
2013-10-21 07:00:00,42.1,0.65,18.8,32.1,
2013-10-21 08:00:00,31.4,0.65,17.3,40.8,
2013-10-21 10:00:00,24.1,0.65,16.7,53.2,
2013-10-21 11:00:00,14.7,0.65,25.7,49.1,
2013-10-21 12:00:00,9.1,0.65,29.1,46.4,
2013-10-21 13:00:00,11.1,0.65,30.6,45.2,
2013-10-21 14:00:00,8.9,0.65,28.7,40.7,
2013-10-21 15:00:00,16.1,0.65,17.4,44.5,
2013-10-21 16:00:00,9.7,0.65,16.4,51.9,
2013-10-21 17:00:00,6.5,0.65,16.0,50.9,
2013-10-21 18:00:00,7.6,0.65,37.9,33.7,
2013-10-21 19:00:00,24.7,0.65,36.1,26.4,
2013-10-21 20:00:00,19.1,0.65,33.2,24.8,
2013-10-21 21:00:00,18.2,0.65,18.2,33.9,
2013-10-21 22:00:00,22.0,0.65,17.6,27.9,
2013-10-21 23:00:00,25.7,0.65,12.4,29.0,
2013-10-22 00:00:00,14.0,0.65,6.5,30.7,
2013-10-22 01:00:00,16.5,0.65,5.1,27.6,
2013-10-22 02:00:00,19.3,0.65,6.4,14.2,
2013-10-22 03:00:00,12.6,0.65,7.6,11.3,
2013-10-22 04:00:00,16.3,0.65,9.8,11.8,
2013-10-22 05:00:00,20.7,0.65,13.2,8.1,
2013-10-22 06:00:00,24.3,0.65,20.9,1.5,
2013-10-22 07:00:00,24.1,0.65,37.7,1.1,
2013-10-22 08:00:00,41.8,0.65,23.5,13.9,
2013-10-22 09:00:00,26.4,0.65,16.8,33.3,
2013-10-22 10:00:00,21.9,0.65,11.9,39.3,
2013-10-22 11:00:00,21.7,0.65,9.9,45.8,
2013-10-22 12:00:00,12.4,0.65,8.0,49.9,
2013-10-22 13:00:00,10.4,0.65,9.5,55.0,
2013-10-22 14:00:00,,0.65,9.7,52.2,
2013-10-22 15:00:00,2.5,0.65,10.2,50.4,
2013-10-22 16:00:00,11.0,0.65,8.4,51.6,
2013-10-22 17:00:00,7.5,0.65,7.3,50.8,
2013-10-22 18:00:00,12.0,0.65,9.0,47.4,
2013-10-22 19:00:00,23.7,0.65,10.4,43.1,
2013-10-22 20:00:00,35.4,0.65,11.6,36.7,
2013-10-22 21:00:00,36.2,0.65,14.6,31.6,
2013-10-22 22:00:00,33.2,0.65,16.6,25.2,
2013-10-22 23:00:00,33.6,0.65,14.2,26.1,
2013-10-23 00:00:00,25.4,0.65,10.4,26.7,
2013-10-23 01:00:00,23.1,0.65,6.7,32.8,
2013-10-23 02:00:00,16.7,0.65,5.7,29.8,
2013-10-23 03:00:00,14.6,0.65,5.4,30.2,
2013-10-23 04:00:00,20.4,0.65,14.3,21.5,
2013-10-23 05:00:00,24.1,0.65,16.1,17.6,
2013-10-23 06:00:00,24.9,0.65,19.6,23.2,
2013-10-23 07:00:00,20.7,0.65,,17.9,
2013-10-23 08:00:00,9.7,1.4,,9.1,
2013-10-23 09:00:00,24.4,1.3,,26.6,
2013-10-23 10:00:00,17.7,1.7,,25.3,
2013-10-23 11:00:00,20.8,0.65,,32.5,
2013-10-23 12:00:00,12.3,0.65,,38.2,
2013-10-23 13:00:00,7.5,0.65,,36.6,
2013-10-23 14:00:00,5.4,0.65,,38.8,
2013-10-23 15:00:00,3.5,0.65,,36.5,
2013-10-23 16:00:00,6.0,0.65,,16.4,
2013-10-27 17:00:00,10.9,0.65,,55.7,0.025
2013-10-27 18:00:00,13.1,0.65,,51.3,0.025
2013-10-27 19:00:00,19.1,0.65,,39.9,0.025
2013-10-27 20:00:00,21.1,0.65,,37.2,0.025
2013-10-27 21:00:00,21.3,0.65,,38.4,0.025
2013-10-27 22:00:00,16.7,0.65,,35.4,0.025
2013-10-27 23:00:00,14.7,0.65,,30.1,0.025
2013-10-28 00:00:00,17.7,0.65,,16.1,0.025
2013-10-28 01:00:00,14.5,0.65,,13.6,0.025
2013-10-28 02:00:00,21.0,0.65,,11.0,0.025
2013-10-28 03:00:00,20.9,0.65,,6.1,0.025
2013-10-28 04:00:00,19.1,0.65,,1.6,0.025
2013-10-28 05:00:00,22.0,0.65,,0.5,0.025
2013-10-28 06:00:00,28.9,1.9,,0.5,0.025
2013-10-28 07:00:00,37.3,3.1,,0.5,0.2
2013-10-28 08:00:00,38.7,4.7,,12.8,0.025
2013-10-28 09:00:00,26.8,7.9,,33.4,0.025
2013-10-28 10:00:00,26.6,8.2,,39.0,0.025
2013-10-28 11:00:00,32.4,5.8,,46.5,0.025
2013-10-28 12:00:00,33.5,3.6,,74.3,0.025
2013-10-28 13:00:00,28.5,3.0,,87.7,0.025
2013-10-28 14:00:00,33.8,2.1,,75.2,0.025
2013-10-28 15:00:00,50.4,1.9,,69.6,0.025
2013-10-28 16:00:00,60.3,0.65,,53.3,0.025
2013-10-28 17:00:00,53.9,0.65,,42.7,0.025
2013-10-28 18:00:00,38.3,0.65,,40.6,0.025
2013-10-28 19:00:00,28.4,0.65,,36.6,0.025
2013-10-28 20:00:00,31.1,0.65,,32.0,0.025
2013-10-28 21:00:00,37.1,0.65,,28.1,0.025
2013-10-28 22:00:00,38.9,0.65,,27.5,0.025
2013-10-28 23:00:00,40.5,0.65,,33.7,0.025
2013-10-29 00:00:00,35.5,0.65,,27.6,0.025
2013-10-29 01:00:00,31.2,0.65,,25.5,0.025
2013-10-29 02:00:00,28.8,0.65,,17.3,0.025
2013-10-29 03:00:00,25.6,0.65,,15.4,0.025
2013-10-29 04:00:00,23.8,0.65,,5.8,0.025
2013-10-29 05:00:00,17.3,0.65,,3.5,0.025
2013-10-29 06:00:00,21.7,0.65,,1.2,0.025
2013-10-29 07:00:00,25.0,0.65,,2.2,0.1
2013-10-29 08:00:00,46.1,0.65,,10.2,0.025
2013-10-29 09:00:00,36.5,0.65,,29.8,0.025
2013-10-29 10:00:00,47.4,0.65,,40.4,0.1
2013-10-29 11:00:00,35.0,0.65,,51.3,0.025
2013-10-29 12:00:00,29.6,0.65,,56.8,0.025
2013-10-29 13:00:00,27.9,0.65,,59.7,0.025
2013-10-29 14:00:00,23.7,0.65,,58.5,0.025
2013-10-29 15:00:00,30.3,0.65,,59.0,0.025
2013-10-29 16:00:00,24.7,0.65,,61.9,0.025
2013-10-29 17:00:00,26.6,0.65,,58.3,0.025
2013-10-29 18:00:00,33.2,0.65,,56.8,0.025
2013-10-29 19:00:00,38.3,0.65,,49.2,0.025
2013-10-29 20:00:00,41.2,0.65,,39.3,0.025
2013-10-29 21:00:00,39.7,0.65,,33.3,0.025
2013-10-29 22:00:00,37.1,0.65,,27.6,0.025
2013-10-29 23:00:00,39.2,0.65,,24.0,0.025
2013-10-30 00:00:00,36.6,0.65,,15.9,0.025
2013-10-30 01:00:00,34.4,0.65,,9.8,0.025
2013-10-30 02:00:00,26.9,0.65,,9.8,0.025
2013-10-30 03:00:00,30.8,0.65,,11.5,0.025
2013-10-30 04:00:00,18.0,0.65,,6.1,0.025
2013-10-30 05:00:00,20.1,0.65,,2.2,0.025
2013-10-30 06:00:00,25.2,0.65,,0.5,0.1
2013-10-30 07:00:00,38.7,0.65,,0.5,0.2
2013-10-30 08:00:00,56.0,0.65,,7.7,0.025
2013-10-30 09:00:00,58.3,1.9,,19.2,0.025
2013-10-30 10:00:00,49.6,3.2,,30.2,0.025
2013-10-30 11:00:00,,,,,
2013-10-30 12:00:00,,,,,
2013-10-30 13:00:00,,,,,
2013-10-30 14:00:00,,,,,
2013-10-30 15:00:00,,,,,
2013-10-30 16:00:00,,,,,
2013-10-31 17:00:00,29.4,0.65,8.8,46.2,0.025
2013-10-31 18:00:00,49.2,0.65,10.6,40.3,0.025
2013-10-31 19:00:00,63.9,0.65,12.1,34.5,0.025
2013-10-31 20:00:00,61.0,0.65,9.1,32.5,0.025
2013-10-31 21:00:00,55.0,0.65,6.3,32.5,0.025
2013-10-31 22:00:00,45.8,0.65,6.9,29.1,0.025
2013-10-31 23:00:00,39.3,0.65,9.2,26.3,0.025
2013-11-01 00:00:00,37.1,0.65,9.0,25.1,0.025
2013-11-01 01:00:00,33.1,0.65,7.9,22.9,0.025
2013-11-01 02:00:00,26.9,0.65,10.3,19.2,0.025
2013-11-01 03:00:00,17.9,0.65,8.6,21.4,0.025
2013-11-01 04:00:00,18.5,0.65,8.6,19.9,0.025
2013-11-01 05:00:00,19.0,0.65,12.9,14.3,0.025
2013-11-01 06:00:00,21.8,0.65,24.7,3.2,0.025
2013-11-01 07:00:00,41.2,1.6,28.4,1.7,0.1
2013-11-01 08:00:00,53.1,1.6,22.9,11.6,0.025
2013-11-01 09:00:00,53.0,1.5,13.8,25.6,0.025
2013-11-01 10:00:00,46.0,1.4,10.4,35.2,0.025
2013-11-01 11:00:00,34.9,0.65,9.9,43.2,0.025
2013-11-01 12:00:00,36.5,0.65,8.2,53.4,0.025
2013-11-01 13:00:00,34.4,0.65,9.1,56.2,0.025
2013-11-01 14:00:00,36.2,3.7,10.2,59.8,0.3
2013-11-01 15:00:00,22.8,,10.8,52.1,
2013-11-01 16:00:00,2.5,0.65,12.6,51.5,0.025
2013-11-01 17:00:00,38.4,0.65,16.2,41.0,0.025
2013-11-01 18:00:00,58.8,0.65,18.9,37.7,0.025
2013-11-01 19:00:00,74.0,0.65,19.7,29.1,0.025
2013-11-01 20:00:00,80.0,0.65,28.1,16.7,0.025
2013-11-01 21:00:00,76.7,0.65,26.1,14.2,0.025
2013-11-01 22:00:00,73.6,0.65,25.6,10.6,0.025
2013-11-01 23:00:00,67.0,0.65,16.6,15.6,0.025
2013-11-02 00:00:00,63.3,0.65,17.5,14.8,0.025
2013-11-02 01:00:00,58.0,0.65,17.8,8.6,0.025
2013-11-02 02:00:00,48.2,0.65,12.7,5.2,0.025
2013-11-02 03:00:00,42.8,0.65,13.5,0.5,0.025
2013-11-02 04:00:00,31.7,0.65,12.6,0.5,0.025
2013-11-02 05:00:00,33.1,0.65,12.2,0.5,0.025
2013-11-02 06:00:00,46.5,0.65,15.6,0.5,0.025
2013-11-02 07:00:00,38.5,0.65,11.9,4.0,0.025
2013-11-02 08:00:00,44.0,0.65,10.7,10.7,0.025
2013-11-02 09:00:00,44.0,0.65,11.0,30.2,0.025
2013-11-02 10:00:00,31.7,0.65,10.5,46.0,0.025
2013-11-02 11:00:00,27.8,0.65,10.8,44.8,0.025
2013-11-02 12:00:00,38.7,0.65,5.1,46.4,0.025
2013-11-02 13:00:00,25.8,0.65,9.9,63.3,0.025
2013-11-02 14:00:00,23.0,128.1,12.6,44.3,0.025
2013-11-02 15:00:00,27.6,7.8,11.5,73.1,0.025
2013-11-02 16:00:00,20.8,2.8,10.8,62.5,0.025
2013-11-02 17:00:00,31.0,1.8,12.7,61.9,0.025
2013-11-02 18:00:00,39.2,0.65,15.4,52.6,0.025
2013-11-02 19:00:00,63.3,0.65,22.2,37.9,0.025
2013-11-02 20:00:00,89.5,0.65,26.5,28.1,0.025
2013-11-02 21:00:00,97.3,0.65,25.5,16.8,0.025
2013-11-02 22:00:00,102.8,0.65,23.6,13.8,0.2
2013-11-02 23:00:00,85.0,0.65,19.8,21.9,0.025
2013-11-03 00:00:00,57.0,0.65,16.2,20.0,0.025
2013-11-03 01:00:00,40.4,0.65,13.0,20.9,0.025
2013-11-03 02:00:00,28.6,0.65,10.5,27.0,0.025
2013-11-03 03:00:00,21.7,0.65,11.4,24.6,0.025
2013-11-03 04:00:00,24.3,0.65,14.1,22.0,0.025
2013-11-03 05:00:00,24.7,0.65,7.1,30.9,0.025
2013-11-03 06:00:00,22.6,0.65,7.1,34.1,0.025
2013-11-03 07:00:00,19.1,0.65,11.9,29.5,0.025
2013-11-03 08:00:00,27.5,0.65,17.3,20.5,0.025
2013-11-03 09:00:00,28.5,0.65,5.8,16.6,0.025
2013-11-03 10:00:00,19.5,0.65,7.5,14.2,0.025
2013-11-03 11:00:00,12.0,0.65,8.5,23.2,0.025
2013-11-03 12:00:00,9.1,0.65,11.9,20.8,0.025
2013-11-03 13:00:00,8.6,0.65,7.4,23.6,0.025
2013-11-03 14:00:00,7.2,0.65,6.7,27.2,0.025
2013-11-03 15:00:00,5.3,0.65,5.7,27.4,0.025
2013-11-03 16:00:00,4.2,0.65,10.3,26.4,0.025
2013-11-03 17:00:00,3.4,0.65,5.2,28.2,0.025
2013-11-03 18:00:00,2.4,0.65,8.2,24.5,0.025
2013-11-03 19:00:00,5.9,0.65,9.9,19.4,0.025
2013-11-03 20:00:00,12.2,0.65,10.8,14.4,0.025
2013-11-03 21:00:00,11.5,0.65,8.4,20.0,0.025
2013-11-03 22:00:00,10.9,0.65,10.3,25.2,0.025
2013-11-03 23:00:00,11.2,0.65,8.3,26.5,0.025
2013-11-04 00:00:00,7.0,0.65,7.9,21.8,0.025
2013-11-04 01:00:00,7.9,0.65,5.0,18.5,0.025
2013-11-04 02:00:00,8.5,0.65,6.3,25.3,0.025
2013-11-04 03:00:00,6.3,0.65,1.4,31.2,0.025
2013-11-04 04:00:00,6.6,0.65,3.5,24.9,0.025
2013-11-04 05:00:00,10.6,0.65,8.8,15.5,0.025
2013-11-04 06:00:00,11.1,0.65,21.0,7.5,0.025
2013-11-04 07:00:00,11.0,0.65,32.2,3.9,0.1
2013-11-04 08:00:00,19.5,0.65,15.9,21.9,0.025
2013-11-04 09:00:00,21.3,0.65,13.3,25.0,0.025
2013-11-04 10:00:00,16.9,0.65,15.7,30.3,0.025
2013-11-04 11:00:00,18.4,0.65,14.6,36.7,0.025
2013-11-04 12:00:00,23.0,0.65,11.0,42.0,0.025
2013-11-04 13:00:00,23.7,0.65,10.0,51.2,0.025
2013-11-04 14:00:00,20.7,0.65,7.5,46.6,0.025
2013-11-04 15:00:00,22.6,0.65,3.2,44.9,0.025
2013-11-04 16:00:00,18.7,0.65,9.5,47.5,0.025
2013-11-04 17:00:00,13.2,0.65,9.6,39.2,0.025
2013-11-04 18:00:00,13.8,0.65,11.0,34.9,0.025
2013-11-04 19:00:00,26.8,0.65,11.2,33.0,0.025
2013-11-04 20:00:00,28.7,0.65,12.3,28.2,0.1
2013-11-04 21:00:00,24.7,0.65,17.3,24.3,0.025
2013-11-04 22:00:00,23.8,0.65,19.0,21.8,0.025
2013-11-04 23:00:00,26.3,0.65,15.0,22.1,0.025
2013-11-05 00:00:00,30.7,0.65,12.1,15.5,0.025
2013-11-05 01:00:00,32.9,0.65,10.1,11.6,0.025
2013-11-05 02:00:00,30.0,0.65,7.4,15.1,0.025
2013-11-05 03:00:00,26.1,0.65,7.2,11.3,0.025
2013-11-05 04:00:00,24.1,0.65,7.9,5.6,0.025
2013-11-05 05:00:00,22.5,0.65,9.7,2.2,0.025
2013-11-05 06:00:00,29.7,0.65,16.6,0.5,0.1
2013-11-05 07:00:00,38.7,1.6,21.0,1.0,0.3
2013-11-05 08:00:00,50.1,1.7,25.3,7.2,0.025
2013-11-05 09:00:00,47.8,1.3,14.1,27.6,0.025
2013-11-05 10:00:00,44.6,0.65,7.5,39.5,0.025
2013-11-05 11:00:00,40.8,0.65,6.5,44.8,0.025
2013-11-05 12:00:00,37.3,0.65,5.9,47.9,0.025
2013-11-05 13:00:00,28.0,0.65,5.1,49.0,0.025
2013-11-05 14:00:00,29.2,0.65,4.8,50.8,0.025
2013-11-05 15:00:00,30.3,0.65,6.0,48.6,0.025
2013-11-05 16:00:00,27.9,0.65,5.0,50.7,0.025
2013-11-05 17:00:00,30.7,0.65,5.7,50.6,0.025
2013-11-05 18:00:00,39.7,0.65,5.8,48.9,0.025
2013-11-05 19:00:00,52.3,0.65,6.0,44.9,0.025
2013-11-05 20:00:00,52.7,0.65,10.2,38.4,0.025
2013-11-05 21:00:00,49.4,0.65,9.5,34.8,0.025
2013-11-05 22:00:00,52.2,0.65,10.9,30.6,0.025
2013-11-05 23:00:00,51.9,0.65,8.4,30.8,0.025
2013-11-06 00:00:00,45.7,0.65,4.8,31.9,0.025
2013-11-06 01:00:00,39.3,0.65,2.1,34.8,0.025
2013-11-06 02:00:00,27.7,0.65,2.6,33.1,0.025
2013-11-06 03:00:00,29.0,0.65,4.4,30.3,0.025
2013-11-06 04:00:00,24.6,0.65,9.2,19.3,0.025
2013-11-06 05:00:00,21.6,0.65,15.1,10.8,0.025
2013-11-06 06:00:00,24.3,0.65,26.6,3.6,0.025
2013-11-06 07:00:00,47.0,0.65,32.8,3.6,0.2
2013-11-06 08:00:00,63.2,0.65,25.8,14.5,0.025
2013-11-06 09:00:00,59.9,0.65,10.1,39.0,0.025
2013-11-06 10:00:00,50.8,0.65,8.2,45.5,0.025
2013-11-06 11:00:00,39.7,0.65,9.2,46.7,0.025
2013-11-06 12:00:00,34.3,0.65,5.1,49.6,0.025
2013-11-06 13:00:00,40.0,0.65,6.7,50.6,0.025
2013-11-06 14:00:00,38.3,0.65,5.9,50.8,0.025
2013-11-06 15:00:00,38.3,0.65,5.8,52.0,0.025
2013-11-06 16:00:00,45.0,0.65,3.5,51.6,0.025
2013-11-06 17:00:00,59.3,0.65,6.0,48.6,0.025
2013-11-06 18:00:00,68.8,0.65,8.9,44.1,0.025
2013-11-06 19:00:00,77.5,0.65,8.6,41.1,0.025
2013-11-06 20:00:00,83.1,0.65,10.0,37.4,0.025
2013-11-06 21:00:00,72.9,0.65,11.6,34.5,0.025
2013-11-06 22:00:00,61.7,0.65,10.5,32.3,0.025
2013-11-06 23:00:00,54.7,0.65,12.0,29.6,0.025
2013-11-07 00:00:00,47.7,0.65,8.7,29.9,0.025
2013-11-07 01:00:00,37.0,0.65,8.6,23.0,0.025
2013-11-07 02:00:00,28.4,0.65,5.8,27.2,0.025
2013-11-07 03:00:00,28.9,0.65,2.5,33.7,0.025
2013-11-07 04:00:00,22.3,0.65,4.9,27.8,0.025
2013-11-07 05:00:00,22.1,0.65,14.5,13.8,0.025
2013-11-07 06:00:00,25.6,0.65,29.5,1.4,0.025
2013-11-07 07:00:00,37.3,0.65,33.1,2.7,0.025
2013-11-07 08:00:00,60.1,0.65,24.4,20.5,0.025
2013-11-07 09:00:00,64.8,0.65,11.8,36.4,0.025
2013-11-07 10:00:00,49.4,0.65,6.3,42.5,0.025
2013-11-07 11:00:00,39.4,0.65,5.4,43.7,0.025
2013-11-07 12:00:00,31.2,0.65,7.8,39.8,0.025
2013-11-07 13:00:00,30.6,0.65,6.9,46.3,0.025
2013-11-07 14:00:00,30.0,0.65,7.2,44.8,0.025
2013-11-07 15:00:00,28.3,0.65,9.3,54.5,0.025
2013-11-07 16:00:00,25.0,0.65,9.4,64.6,0.025
2013-11-07 17:00:00,30.6,0.65,11.2,61.6,0.025
2013-11-07 18:00:00,34.2,0.65,15.4,51.6,0.025
2013-11-07 19:00:00,42.6,0.65,15.2,40.3,0.025
2013-11-07 20:00:00,56.5,0.65,31.4,19.0,0.025
2013-11-07 21:00:00,65.4,0.65,34.7,10.5,0.025
2013-11-07 22:00:00,69.8,0.65,36.6,7.8,0.025
2013-11-07 23:00:00,73.7,0.65,28.7,8.2,0.025
2013-11-08 00:00:00,74.0,0.65,27.9,6.3,0.025
2013-11-08 01:00:00,66.4,0.65,28.5,2.5,0.025
2013-11-08 02:00:00,57.6,0.65,22.8,1.8,0.025
2013-11-08 03:00:00,51.5,0.65,19.0,0.5,0.025
2013-11-08 04:00:00,43.7,0.65,14.9,0.5,0.025
2013-11-08 05:00:00,41.6,0.65,17.6,0.5,0.025
2013-11-08 06:00:00,47.3,0.65,18.8,0.5,0.025
2013-11-08 07:00:00,54.9,0.65,24.5,2.2,0.025
2013-11-08 08:00:00,58.1,0.65,31.2,7.3,0.025
2013-11-08 09:00:00,52.5,0.65,33.2,22.5,0.025
2013-11-08 10:00:00,42.2,0.65,18.6,36.1,0.025
2013-11-08 11:00:00,32.4,0.65,16.3,40.6,0.025
2013-11-08 12:00:00,31.8,0.65,16.6,54.8,0.025
2013-11-08 13:00:00,31.7,0.65,13.4,65.5,0.025
2013-11-08 14:00:00,25.5,0.65,16.6,80.1,0.025
2013-11-08 15:00:00,24.8,0.65,15.3,92.9,0.025
2013-11-08 16:00:00,23.7,0.65,11.4,94.5,0.025
2013-11-08 17:00:00,26.0,0.65,19.9,75.4,0.025
2013-11-08 18:00:00,45.8,0.65,12.0,54.9,0.025
2013-11-08 19:00:00,54.7,0.65,18.7,40.4,0.025
2013-11-08 20:00:00,66.3,0.65,22.9,26.9,0.025
2013-11-08 21:00:00,68.3,0.65,29.3,15.4,0.025
2013-11-08 22:00:00,64.8,0.65,31.5,11.6,0.025
2013-11-08 23:00:00,70.7,0.65,34.4,7.5,0.025
2013-11-09 00:00:00,70.9,0.65,23.8,6.9,0.025
2013-11-09 01:00:00,60.8,0.65,23.1,6.4,0.1
2013-11-09 02:00:00,64.1,0.65,25.1,5.2,0.025
2013-11-09 03:00:00,67.7,0.65,21.5,4.0,0.025
2013-11-09 04:00:00,61.7,0.65,17.7,4.1,0.025
2013-11-09 05:00:00,56.7,0.65,16.3,3.7,0.025
2013-11-09 06:00:00,44.2,0.65,17.5,4.4,0.025
2013-11-09 07:00:00,48.4,0.65,17.5,6.4,0.025
2013-11-09 08:00:00,43.2,0.65,12.9,10.0,0.025
2013-11-09 09:00:00,37.5,0.65,20.6,13.1,0.025
2013-11-09 10:00:00,31.9,0.65,18.5,29.7,0.025
2013-11-09 11:00:00,31.6,0.65,19.9,40.0,0.025
2013-11-09 12:00:00,33.2,0.65,12.7,51.9,0.025
2013-11-09 13:00:00,30.4,0.65,9.2,59.7,0.025
2013-11-09 14:00:00,30.3,0.65,9.9,76.5,0.025
2013-11-09 15:00:00,29.2,0.65,6.8,67.5,0.025
2013-11-09 16:00:00,24.2,0.65,12.2,60.2,0.025
2013-11-09 17:00:00,31.3,0.65,19.5,53.0,0.025
2013-11-09 18:00:00,40.7,0.65,21.0,57.0,0.025
2013-11-09 19:00:00,54.8,0.65,16.9,44.0,0.025
2013-11-09 20:00:00,59.7,0.65,15.9,33.3,0.025
2013-11-09 21:00:00,57.8,0.65,18.2,21.2,0.025
2013-11-09 22:00:00,58.6,0.65,18.8,17.3,0.1
2013-11-09 23:00:00,64.0,0.65,16.1,12.6,0.025
2013-11-10 00:00:00,57.0,0.65,16.9,12.7,0.025
2013-11-10 01:00:00,46.7,0.65,16.1,8.8,0.025
2013-11-10 02:00:00,34.2,0.65,18.7,6.7,0.025
2013-11-10 03:00:00,34.2,0.65,19.3,8.0,0.025
2013-11-10 04:00:00,37.1,0.65,13.2,8.0,0.025
2013-11-10 05:00:00,33.0,0.65,10.3,9.5,0.025
2013-11-10 06:00:00,29.2,0.65,11.6,6.7,0.025
2013-11-10 07:00:00,33.7,0.65,13.0,8.2,0.025
2013-11-10 08:00:00,28.5,0.65,8.4,10.6,0.025
2013-11-10 09:00:00,26.4,0.65,10.8,19.5,0.025
2013-11-10 10:00:00,23.5,0.65,10.3,24.0,0.025
2013-11-10 11:00:00,24.1,0.65,14.5,31.8,0.025
2013-11-10 12:00:00,41.8,0.65,20.3,31.9,0.1
2013-11-10 13:00:00,58.7,0.65,15.8,28.2,0.025
2013-11-10 14:00:00,63.3,0.65,12.4,27.8,0.025
2013-11-10 15:00:00,50.4,0.65,11.2,34.1,0.025
2013-11-10 16:00:00,32.5,0.65,11.3,32.6,0.025
2013-11-13 17:00:00,38.3,0.65,8.4,45.1,0.025
2013-11-13 18:00:00,42.2,0.65,12.7,47.1,0.025
2013-11-13 19:00:00,46.6,0.65,11.5,39.5,0.025
2013-11-13 20:00:00,49.2,0.65,20.4,25.3,0.025
2013-11-13 21:00:00,44.1,0.65,21.7,20.7,0.025
2013-11-13 22:00:00,45.1,0.65,10.1,24.1,0.025
2013-11-13 23:00:00,43.8,0.65,6.7,25.5,0.025
2013-11-14 00:00:00,37.8,0.65,6.7,24.1,0.025
2013-11-14 01:00:00,30.5,0.65,8.9,20.4,0.025
2013-11-14 02:00:00,29.0,0.65,7.9,17.7,0.025
2013-11-14 03:00:00,22.8,0.65,8.9,12.6,0.025
2013-11-14 04:00:00,20.6,0.65,9.2,8.8,0.025
2013-11-14 05:00:00,24.7,0.65,14.5,4.1,0.025
2013-11-14 06:00:00,19.4,0.65,20.5,1.1,0.025
2013-11-14 07:00:00,27.6,0.65,22.6,2.4,0.2
2013-11-14 08:00:00,49.4,0.65,18.5,8.3,0.025
2013-11-14 09:00:00,52.0,0.65,18.1,16.6,0.025
2013-11-14 10:00:00,46.0,0.65,27.6,32.4,0.025
2013-11-14 11:00:00,37.9,0.65,24.5,48.6,0.025
2013-11-14 12:00:00,33.4,0.65,11.2,59.5,0.025
2013-11-14 13:00:00,26.3,0.65,9.4,62.3,0.025
2013-11-14 14:00:00,30.8,0.65,9.6,69.2,0.025
2013-11-14 15:00:00,36.2,0.65,10.2,69.3,0.025
2013-11-14 16:00:00,29.6,0.65,8.8,68.0,0.025
2013-11-14 17:00:00,11.6,0.65,9.8,59.9,0.025
2013-11-14 18:00:00,46.4,0.65,11.9,53.8,0.025
2013-11-14 19:00:00,76.7,0.65,13.2,46.8,0.025
2013-11-14 20:00:00,70.9,0.65,18.0,33.1,0.025
2013-11-14 21:00:00,60.2,0.65,20.8,25.9,0.025
2013-11-14 22:00:00,56.2,0.65,20.6,23.5,0.025
2013-11-14 23:00:00,60.4,0.65,18.9,22.3,0.025
2013-11-15 00:00:00,53.8,0.65,18.4,19.6,0.025
2013-11-15 01:00:00,48.2,0.65,20.2,10.1,0.025
2013-11-15 02:00:00,48.9,0.65,17.9,6.9,0.025
2013-11-15 03:00:00,39.5,0.65,17.1,6.7,0.025
2013-11-15 04:00:00,32.6,0.65,17.0,3.9,0.025
2013-11-15 05:00:00,37.8,0.65,14.7,2.7,0.025
2013-11-15 06:00:00,37.6,0.65,20.8,1.5,0.025
2013-11-15 07:00:00,40.4,0.65,20.7,6.4,0.025
2013-11-15 08:00:00,45.6,0.65,14.8,19.5,0.025
2013-11-15 09:00:00,35.3,0.65,16.4,38.7,0.025
2013-11-15 10:00:00,26.4,0.65,14.0,49.1,0.025
2013-11-15 11:00:00,25.5,0.65,10.9,58.6,0.025
2013-11-15 12:00:00,24.5,0.65,10.5,63.9,0.025
2013-11-15 13:00:00,24.1,0.65,8.9,70.2,0.025
2013-11-15 14:00:00,24.2,0.65,13.3,69.3,0.025
2013-11-15 15:00:00,30.8,0.65,12.4,67.7,0.025
2013-11-15 16:00:00,33.0,0.65,24.2,55.5,0.025
2013-11-15 22:00:00,,0.65,24.7,43.0,0.025
2013-11-15 23:00:00,,0.65,18.1,49.9,0.025
2013-11-16 00:00:00,,0.65,9.6,56.1,0.025
2013-11-16 01:00:00,,0.65,4.0,44.7,0.025
2013-11-16 02:00:00,,0.65,4.4,47.8,0.025
2013-11-16 03:00:00,,0.65,4.4,50.0,0.025
2013-11-16 04:00:00,,0.65,13.6,44.8,0.025
2013-11-16 05:00:00,,0.65,10.7,20.8,0.025
2013-11-16 06:00:00,,0.65,22.5,15.8,0.025
2013-11-16 07:00:00,,0.65,22.5,16.3,0.025
2013-11-16 08:00:00,,0.65,15.9,29.5,0.025
2013-11-16 09:00:00,,0.65,6.5,25.4,0.025
2013-11-16 10:00:00,,0.65,4.0,33.7,0.025
2013-11-16 11:00:00,,0.65,4.5,36.1,0.025
2013-11-16 12:00:00,,0.65,5.2,40.4,0.025
2013-11-16 13:00:00,,0.65,6.9,42.1,0.025
2013-11-16 14:00:00,,0.65,6.2,49.3,0.025
2013-11-16 15:00:00,,0.65,6.8,42.3,0.025
2013-11-16 16:00:00,,0.65,5.7,38.5,0.025
2013-11-16 17:00:00,,0.65,7.3,35.5,0.025
2013-11-16 18:00:00,,0.65,5.3,33.1,0.025
2013-11-16 19:00:00,,0.65,9.3,29.8,0.025
2013-11-16 20:00:00,,0.65,13.3,26.0,0.025
2013-11-16 21:00:00,,0.65,9.6,30.9,0.025
2013-11-16 22:00:00,,0.65,11.3,28.4,0.025
2013-11-16 23:00:00,,0.65,10.8,25.1,0.025
2013-11-17 00:00:00,,0.65,8.8,21.1,0.025
2013-11-17 01:00:00,,0.65,8.1,14.3,0.025
2013-11-17 02:00:00,,0.65,3.7,16.5,0.025
2013-11-17 03:00:00,,0.65,3.8,11.1,0.025
2013-11-17 04:00:00,,0.65,5.4,9.1,0.025
2013-11-17 05:00:00,,0.65,4.3,7.4,0.025
2013-11-17 06:00:00,,0.65,6.5,7.7,0.025
2013-11-17 07:00:00,,0.65,7.1,10.2,0.025
2013-11-17 08:00:00,,0.65,3.8,23.1,0.025
2013-11-17 09:00:00,,0.65,2.7,32.6,0.025
2013-11-17 10:00:00,,0.65,6.2,41.4,0.025
2013-11-17 11:00:00,,0.65,5.9,45.1,0.025
2013-11-17 12:00:00,,0.65,4.7,41.8,0.025
2013-11-17 13:00:00,,0.65,6.0,40.9,0.025
2013-11-17 14:00:00,,0.65,2.6,40.8,0.025
2013-11-17 15:00:00,,0.65,2.5,44.2,0.025
2013-11-17 16:00:00,,0.65,2.0,44.8,0.025
2013-11-17 17:00:00,,0.65,1.9,42.6,0.025
2013-11-17 18:00:00,,0.65,2.4,43.3,0.025
2013-11-17 19:00:00,,0.65,3.1,44.9,0.025
2013-11-17 20:00:00,,0.65,5.1,38.0,0.025
2013-11-17 21:00:00,,0.65,6.9,32.7,0.025
2013-11-17 22:00:00,,0.65,8.9,28.7,0.025
2013-11-17 23:00:00,,0.65,12.1,25.0,0.025
2013-11-18 00:00:00,,0.65,8.0,22.9,0.025
2013-11-18 01:00:00,,0.65,5.0,23.7,0.025
2013-11-18 02:00:00,,0.65,10.6,19.8,0.025
2013-11-18 03:00:00,,0.65,14.0,17.8,0.025
2013-11-18 04:00:00,,0.65,11.6,19.4,0.025
2013-11-18 05:00:00,,0.65,8.9,9.7,0.025
2013-11-18 06:00:00,,0.65,18.3,5.5,0.025
2013-11-18 07:00:00,,0.65,20.3,6.8,0.025
2013-11-18 08:00:00,,0.65,18.4,13.0,0.025
2013-11-18 09:00:00,,0.65,9.5,28.2,0.025
2013-11-18 10:00:00,,0.65,11.0,45.6,0.025
2013-11-18 11:00:00,,0.65,13.7,57.1,0.025
2013-11-18 12:00:00,,0.65,14.2,69.9,0.025
2013-11-18 13:00:00,,0.65,18.8,88.4,0.025
2013-11-18 14:00:00,,0.65,20.0,112.2,0.025
2013-11-18 15:00:00,,0.65,19.0,121.5,0.025
2013-11-18 16:00:00,,0.65,16.6,118.0,0.025
2013-11-18 17:00:00,,0.65,23.9,102.2,0.025
2013-11-18 18:00:00,,0.65,15.2,78.1,0.025
2013-11-18 19:00:00,,0.65,12.7,57.5,0.025
2013-11-18 20:00:00,,0.65,17.7,51.1,0.025
2013-11-18 21:00:00,,1.7,27.6,45.2,0.025
2013-11-18 22:00:00,,3.7,33.5,34.9,0.025
2013-11-18 23:00:00,,5.0,28.3,38.2,0.025
2013-11-19 00:00:00,,5.9,21.6,29.4,0.025
2013-11-19 01:00:00,,3.8,12.7,29.5,0.025
2013-11-19 02:00:00,,4.1,14.5,26.0,0.025
2013-11-19 03:00:00,,4.6,12.9,18.0,0.025
2013-11-19 04:00:00,,4.9,13.9,32.2,0.025
2013-11-19 05:00:00,,4.5,14.9,13.6,0.025
2013-11-19 06:00:00,,4.7,16.8,14.6,0.025
2013-11-19 07:00:00,,6.0,22.8,20.4,0.1
2013-11-19 08:00:00,,5.0,23.3,21.9,0.025
2013-11-19 09:00:00,,3.9,36.2,22.2,0.025
2013-11-19 10:00:00,,0.65,22.5,49.4,
2013-11-19 11:00:00,,0.65,22.6,48.6,0.025
2013-11-19 12:00:00,,0.65,24.5,79.9,0.025
2013-11-19 13:00:00,,0.65,16.9,101.2,0.025
2013-11-19 14:00:00,,0.65,14.3,79.9,0.025
2013-11-19 15:00:00,,0.65,9.3,77.0,0.025
2013-11-19 16:00:00,,0.65,13.0,80.4,0.025
2013-11-19 17:00:00,,0.65,14.0,68.0,0.025
2013-11-19 18:00:00,,0.65,18.6,51.4,0.025
2013-11-19 19:00:00,,0.65,16.8,41.3,0.025
2013-11-19 20:00:00,,0.65,22.6,43.8,0.025
2013-11-19 21:00:00,,0.65,25.6,35.1,0.025
2013-11-19 22:00:00,,0.65,25.5,24.9,0.025
2013-11-19 23:00:00,,0.65,18.8,37.9,0.025
2013-11-20 00:00:00,,1.3,6.4,68.3,0.025
2013-11-20 01:00:00,,0.65,7.2,36.1,0.025
2013-11-20 02:00:00,,0.65,6.4,33.4,0.025
2013-11-20 03:00:00,,0.65,3.1,32.8,0.025
2013-11-20 04:00:00,,0.65,8.6,28.5,0.025
2013-11-20 05:00:00,,0.65,19.8,20.7,0.025
2013-11-20 06:00:00,,0.65,20.4,16.8,0.025
2013-11-20 07:00:00,,1.5,27.4,15.3,0.025
2013-11-20 08:00:00,,1.6,18.6,16.9,0.025
2013-11-20 09:00:00,,1.4,16.7,8.3,0.025
2013-11-20 10:00:00,,0.65,14.2,21.9,0.025
2013-11-20 11:00:00,,0.65,18.9,48.3,0.025
2013-11-20 12:00:00,,0.65,12.7,44.2,0.025
2013-11-20 13:00:00,,0.65,14.7,47.5,0.025
2013-11-20 14:00:00,,0.65,14.7,47.8,0.025
2013-11-20 15:00:00,,0.65,14.9,44.0,0.025
2013-11-20 17:00:00,12.2,1.5,18.6,47.6,0.025
2013-11-20 18:00:00,11.2,0.65,21.9,43.7,0.025
2013-11-20 19:00:00,24.1,0.65,34.6,29.9,0.025
2013-11-20 20:00:00,35.4,0.65,34.6,24.7,0.025
2013-11-20 21:00:00,33.5,0.65,24.5,25.5,0.025
2013-11-20 22:00:00,38.8,0.65,20.9,20.9,0.025
2013-11-20 23:00:00,35.5,0.65,20.9,19.3,0.025
2013-11-21 00:00:00,20.6,0.65,19.6,63.0,0.025
2013-11-21 01:00:00,18.5,0.65,10.7,30.8,0.025
2013-11-21 02:00:00,20.4,0.65,14.9,36.9,0.025
2013-11-21 03:00:00,16.1,0.65,8.2,36.4,0.025
2013-11-21 04:00:00,11.8,0.65,12.5,30.7,0.025
2013-11-21 05:00:00,21.6,0.65,14.9,26.5,0.025
2013-11-21 06:00:00,15.8,0.65,35.8,19.0,0.025
2013-11-21 07:00:00,11.0,0.65,48.3,9.3,0.3
2013-11-21 08:00:00,18.2,0.65,38.2,11.0,0.025
2013-11-21 09:00:00,16.2,0.65,22.9,18.4,0.025
2013-11-21 10:00:00,17.1,0.65,28.9,14.3,0.025
2013-11-21 11:00:00,13.2,0.65,22.9,25.0,0.025
2013-11-21 12:00:00,22.0,0.65,22.8,23.4,0.025
2013-11-21 13:00:00,14.1,0.65,16.3,25.7,0.025
2013-11-21 14:00:00,18.4,0.65,11.4,19.3,0.025
2013-11-21 15:00:00,20.4,0.65,13.8,15.3,0.025
2013-11-21 16:00:00,13.5,0.65,12.4,16.3,0.025
2013-11-21 17:00:00,14.4,0.65,18.4,16.5,0.1
2013-11-21 18:00:00,22.0,0.65,21.2,16.1,0.025
2013-11-21 19:00:00,23.6,0.65,13.6,17.4,0.025
2013-11-21 20:00:00,16.8,0.65,9.6,22.0,0.025
2013-11-21 21:00:00,11.5,0.65,10.0,21.3,0.025
2013-11-21 22:00:00,11.6,0.65,10.3,20.1,0.025
2013-11-21 23:00:00,12.6,0.65,4.7,26.3,0.025
2013-11-22 00:00:00,14.1,0.65,2.3,34.7,0.025
2013-11-22 01:00:00,11.9,0.65,1.3,31.8,0.025
2013-11-22 02:00:00,9.7,0.65,3.3,28.5,0.025
2013-11-22 03:00:00,7.9,0.65,3.2,25.8,0.025
2013-11-22 04:00:00,13.8,0.65,4.1,21.7,0.025
2013-11-22 05:00:00,18.1,0.65,8.9,13.6,0.025
2013-11-22 06:00:00,19.2,0.65,16.6,8.2,0.025
2013-11-22 07:00:00,17.5,0.65,22.2,8.2,0.025
2013-11-22 08:00:00,24.8,0.65,13.3,16.8,0.025
2013-11-22 09:00:00,21.8,0.65,5.6,24.9,0.025
2013-11-22 10:00:00,13.9,0.65,3.2,28.7,0.025
2013-11-22 11:00:00,13.0,0.65,3.2,30.4,0.025
2013-11-22 12:00:00,8.2,0.65,2.5,34.5,0.025
2013-11-22 13:00:00,7.9,0.65,2.5,36.3,0.025
2013-11-22 14:00:00,14.4,0.65,2.9,36.2,0.025
2013-11-22 15:00:00,9.7,0.65,4.1,35.6,0.025
2013-11-22 16:00:00,15.3,0.65,3.2,37.0,0.025
2013-11-22 17:00:00,28.3,0.65,6.2,35.9,0.025
2013-11-22 18:00:00,29.9,0.65,4.7,36.1,0.025
2013-11-22 19:00:00,33.3,0.65,5.3,34.3,0.025
2013-11-22 20:00:00,36.7,0.65,5.9,30.5,0.025
2013-11-22 21:00:00,41.3,0.65,9.4,26.6,0.025
2013-11-22 22:00:00,46.8,0.65,10.5,23.0,0.025
2013-11-22 23:00:00,44.2,0.65,15.8,11.9,0.025
2013-11-23 00:00:00,40.7,0.65,12.0,11.1,0.025
2013-11-23 01:00:00,33.8,0.65,9.4,9.7,0.025
2013-11-23 02:00:00,33.5,0.65,10.0,5.9,0.025
2013-11-23 03:00:00,38.2,0.65,7.8,5.1,0.025
2013-11-23 04:00:00,24.0,0.65,10.7,3.1,0.025
2013-11-23 05:00:00,24.2,0.65,11.2,3.5,0.025
2013-11-23 06:00:00,27.2,0.65,16.8,3.6,0.025
2013-11-23 07:00:00,29.5,0.65,14.3,13.4,0.025
2013-11-23 08:00:00,35.3,0.65,13.3,18.5,0.025
2013-11-23 09:00:00,32.5,0.65,8.2,26.2,0.025
2013-11-23 10:00:00,18.3,0.65,4.8,28.8,0.025
2013-11-23 11:00:00,16.4,0.65,6.9,30.4,0.025
2013-11-23 12:00:00,23.0,0.65,3.9,32.8,0.025
2013-11-23 13:00:00,15.8,0.65,4.8,35.6,0.025
2013-11-23 14:00:00,24.7,0.65,5.9,46.3,0.025
2013-11-23 15:00:00,28.1,0.65,4.2,45.7,0.025
2013-11-23 16:00:00,33.4,0.65,3.9,45.7,0.025
2013-11-23 17:00:00,32.8,0.65,4.5,46.1,0.025
2013-11-23 18:00:00,41.7,0.65,4.6,44.9,0.025
2013-11-23 19:00:00,48.1,0.65,8.2,38.3,0.025
2013-11-23 20:00:00,52.2,0.65,10.0,30.6,0.025
2013-11-23 21:00:00,62.3,0.65,11.4,24.9,0.025
2013-11-23 22:00:00,56.0,0.65,11.9,19.4,0.025
2013-11-23 23:00:00,61.9,0.65,9.5,20.9,0.025
2013-11-24 00:00:00,57.9,0.65,12.3,16.5,0.025
2013-11-24 01:00:00,52.8,0.65,11.6,15.8,0.025
2013-11-24 02:00:00,45.8,0.65,15.4,9.1,0.025
2013-11-24 03:00:00,36.0,0.65,10.6,11.7,0.025
2013-11-24 04:00:00,33.6,0.65,9.1,14.3,0.025
2013-11-24 05:00:00,32.3,0.65,8.0,17.7,0.025
2013-11-24 06:00:00,24.0,0.65,7.0,20.1,0.025
2013-11-24 07:00:00,18.9,0.65,7.2,20.5,0.025
2013-11-24 08:00:00,27.6,0.65,4.7,29.7,0.025
2013-11-24 09:00:00,27.5,0.65,4.7,37.0,0.025
2013-11-24 10:00:00,25.7,0.65,4.3,41.3,0.025
2013-11-24 11:00:00,22.5,0.65,3.5,40.5,0.025
2013-11-24 12:00:00,22.6,0.65,4.4,35.1,0.025
2013-11-24 13:00:00,27.9,0.65,3.3,34.5,0.025
2013-11-24 14:00:00,19.5,0.65,4.0,38.3,0.025
2013-11-24 15:00:00,13.2,0.65,2.8,39.8,0.025
2013-11-24 16:00:00,20.4,0.65,3.4,44.5,0.025
2013-11-24 17:00:00,29.1,0.65,3.4,46.7,0.025
2013-11-24 18:00:00,36.5,0.65,5.0,42.6,0.025
2013-11-24 19:00:00,41.9,0.65,7.7,36.6,0.025
2013-11-24 20:00:00,57.1,0.65,8.8,28.7,0.025
2013-11-24 21:00:00,58.6,0.65,11.9,23.9,0.025
2013-11-24 22:00:00,59.1,0.65,12.5,20.4,0.025
2013-11-24 23:00:00,58.9,0.65,7.9,21.0,0.025
2013-11-25 00:00:00,57.2,0.65,5.6,26.2,0.025
2013-11-25 01:00:00,44.9,0.65,1.9,24.7,0.025
2013-11-25 02:00:00,28.5,0.65,2.3,22.1,0.025
2013-11-25 03:00:00,22.0,0.65,4.7,17.9,0.025
2013-11-25 04:00:00,23.5,0.65,8.2,14.2,0.025
2013-11-25 05:00:00,19.6,0.65,8.0,14.0,0.025
2013-11-25 06:00:00,14.7,0.65,15.8,8.9,0.025
2013-11-25 07:00:00,34.7,0.65,23.4,8.4,0.025
2013-11-25 08:00:00,52.8,0.65,15.5,17.8,0.025
2013-11-25 10:00:00,46.4,0.65,10.0,31.6,0.025
2013-11-25 11:00:00,35.1,0.65,7.6,34.0,0.025
2013-11-25 12:00:00,31.0,0.65,7.9,37.5,0.025
2013-11-25 13:00:00,28.6,0.65,5.0,34.3,0.025
2013-11-25 14:00:00,20.9,0.65,5.2,49.0,0.025
2013-11-25 15:00:00,20.8,0.65,6.4,42.4,0.025
2013-11-25 16:00:00,13.3,0.65,6.4,49.0,0.025
2013-11-25 17:00:00,43.7,0.65,12.7,28.9,0.025
2013-11-25 18:00:00,43.5,0.65,15.2,36.4,0.025
2013-11-25 19:00:00,48.7,0.65,10.0,36.0,0.025
2013-11-25 20:00:00,44.8,0.65,19.8,27.6,0.025
2013-11-25 21:00:00,55.0,0.65,30.6,16.2,0.025
2013-11-25 22:00:00,58.5,0.65,27.3,12.2,0.025
2013-11-25 23:00:00,66.8,0.65,18.5,13.4,0.025
2013-11-26 00:00:00,45.9,0.65,11.4,37.5,0.025
2013-11-26 01:00:00,36.1,0.65,6.7,13.9,0.025
2013-11-26 02:00:00,23.7,0.65,6.7,13.2,0.025
2013-11-26 03:00:00,26.8,0.65,7.5,10.7,0.025
2013-11-26 04:00:00,16.6,0.65,10.1,10.1,0.025
2013-11-26 05:00:00,14.2,0.65,11.3,7.0,0.025
2013-11-26 06:00:00,16.8,0.65,13.2,8.3,0.025
2013-11-26 07:00:00,26.2,0.65,18.3,8.7,0.1
2013-11-26 08:00:00,52.3,0.65,21.4,10.4,0.025
2013-11-26 10:00:00,34.8,0.65,17.3,31.8,0.025
2013-11-26 11:00:00,22.4,0.65,16.4,46.2,0.025
2013-11-26 12:00:00,28.3,0.65,18.5,48.8,0.025
2013-11-26 13:00:00,26.3,0.65,18.2,63.2,0.025
2013-11-26 14:00:00,15.2,0.65,11.5,68.4,0.025
2013-11-26 15:00:00,13.0,0.65,14.3,85.2,0.025
2013-11-26 19:00:00,19.4,7.4,17.0,19.9,0.025
2013-11-26 20:00:00,148.4,12.0,21.5,15.3,0.025
2013-11-26 21:00:00,79.8,0.65,29.5,14.6,0.025
2013-11-26 22:00:00,76.5,0.65,30.3,11.9,0.025
2013-11-26 23:00:00,55.9,0.65,18.4,11.7,0.025
2013-11-27 00:00:00,46.5,0.65,17.3,10.7,0.025
2013-11-27 01:00:00,44.6,0.65,14.6,9.8,0.025
2013-11-27 02:00:00,30.9,0.65,15.1,26.2,0.025
2013-11-27 03:00:00,32.7,0.65,11.8,8.6,0.025
2013-11-27 04:00:00,30.2,0.65,10.6,7.6,0.025
2013-11-27 05:00:00,17.6,0.65,12.5,7.5,0.025
2013-11-27 06:00:00,135.5,0.65,13.6,7.0,0.025
2013-11-27 07:00:00,74.8,0.65,17.6,9.6,0.3
2013-11-27 08:00:00,70.4,0.65,21.8,9.8,0.025
2013-11-27 10:00:00,48.4,0.65,18.9,23.0,0.025
2013-11-27 11:00:00,31.2,0.65,12.3,41.8,0.025
2013-11-27 12:00:00,19.6,0.65,14.7,45.3,0.025
2013-11-27 13:00:00,13.0,0.65,12.3,48.9,0.025
2013-11-27 14:00:00,21.3,0.65,13.9,50.9,0.025
2013-11-27 15:00:00,13.0,0.65,14.8,49.2,0.025
2013-11-27 16:00:00,13.4,0.65,15.9,51.3,0.025
2013-11-27 17:00:00,24.1,0.65,20.4,35.3,0.025
2013-11-27 18:00:00,17.4,0.65,30.5,33.9,0.1
2013-11-27 19:00:00,51.4,0.65,30.7,24.7,0.025
2013-11-27 20:00:00,60.6,0.65,41.4,19.6,0.025
2013-11-27 21:00:00,62.9,0.65,26.5,26.6,0.025
2013-11-27 22:00:00,54.5,0.65,29.5,23.5,0.025
2013-11-27 23:00:00,39.7,0.65,24.8,22.5,0.025
2013-11-28 00:00:00,,,,,
2013-11-28 01:00:00,5.5,0.65,15.4,15.7,0.025
2013-11-28 02:00:00,36.5,0.65,9.0,65.7,0.025
2013-11-28 03:00:00,24.6,0.65,9.6,27.3,0.025
2013-11-28 04:00:00,25.9,0.65,20.1,19.2,0.025
2013-11-28 05:00:00,21.5,0.65,19.8,18.5,0.025
2013-11-28 06:00:00,19.9,0.65,21.6,13.5,0.025
2013-11-28 07:00:00,15.5,0.65,27.2,16.1,0.1
2013-11-28 08:00:00,15.2,0.65,15.4,27.4,0.025
2013-11-28 09:00:00,15.0,0.65,17.2,24.8,0.025
2013-11-28 10:00:00,15.8,0.65,9.4,33.3,0.025
2013-11-28 11:00:00,9.3,0.65,10.4,38.9,0.025
2013-11-28 12:00:00,6.8,0.65,7.7,45.5,0.025
2013-11-28 14:00:00,10.0,0.65,9.1,56.0,0.025
2013-11-28 15:00:00,6.0,0.65,12.0,61.8,0.025
2013-11-28 16:00:00,5.5,0.65,9.5,58.9,0.025
2013-11-28 17:00:00,18.0,0.65,5.9,49.9,0.025
2013-11-28 18:00:00,20.7,0.65,9.3,46.5,0.025
2013-11-28 19:00:00,20.6,0.65,9.0,42.8,0.025
2013-11-28 20:00:00,17.7,0.65,11.4,39.2,0.025
2013-11-28 21:00:00,30.2,0.65,7.8,37.3,0.025
2013-11-28 22:00:00,26.3,0.65,9.1,35.6,0.025
2013-11-28 23:00:00,44.0,0.65,7.6,38.5,0.025
2013-11-29 00:00:00,35.3,0.65,7.5,36.8,0.025
2013-11-29 01:00:00,20.6,0.65,6.4,34.2,0.025
2013-11-29 02:00:00,23.7,0.65,7.8,30.7,0.025
2013-11-29 03:00:00,20.5,0.65,8.7,24.7,0.025
2013-11-29 04:00:00,20.1,0.65,8.3,18.3,0.025
2013-11-29 05:00:00,22.3,0.65,12.0,14.2,0.025
2013-11-29 06:00:00,14.8,0.65,23.4,6.0,0.025
2013-11-29 07:00:00,38.8,0.65,27.9,6.0,0.025
2013-11-29 08:00:00,47.2,0.65,21.7,16.2,0.025
2013-11-29 09:00:00,53.9,0.65,13.7,29.7,0.025
2013-11-29 10:00:00,47.9,0.65,14.4,41.7,0.025
2013-11-29 11:00:00,27.7,0.65,5.6,50.9,0.025
2013-11-29 12:00:00,18.3,0.65,6.3,50.9,0.025
2013-11-29 13:00:00,17.9,0.65,4.0,45.5,0.025
2013-11-29 14:00:00,18.5,0.65,5.1,45.8,0.025
2013-11-29 15:00:00,15.7,0.65,7.5,55.6,0.025
2013-11-29 16:00:00,22.6,0.65,4.4,47.9,0.025
2013-11-29 17:00:00,19.6,0.65,6.4,47.8,0.025
2013-11-29 18:00:00,26.4,0.65,9.2,45.9,0.025
2013-11-29 19:00:00,29.4,0.65,9.8,43.8,0.025
2013-11-29 20:00:00,51.1,0.65,10.5,39.0,0.025
2013-11-29 21:00:00,62.8,0.65,10.9,31.2,0.025
2013-11-29 22:00:00,51.9,0.65,12.4,28.9,0.025
2013-11-29 23:00:00,43.2,0.65,8.0,30.8,0.025
2013-11-30 00:00:00,40.7,0.65,9.1,24.8,0.025
2013-11-30 01:00:00,35.5,0.65,6.5,24.5,0.025
2013-11-30 02:00:00,26.9,0.65,4.7,28.9,0.025
2013-11-30 03:00:00,20.2,0.65,2.4,30.9,0.025
2013-11-30 04:00:00,19.1,0.65,4.2,31.6,0.025
2013-11-30 05:00:00,16.3,0.65,4.1,30.5,0.025
2013-11-30 06:00:00,14.5,0.65,7.5,29.9,0.025
2013-11-30 07:00:00,20.2,0.65,8.4,31.0,0.025
2013-11-30 08:00:00,31.1,0.65,5.4,35.7,0.025
2013-11-30 09:00:00,35.5,0.65,3.8,40.3,0.025
2013-11-30 10:00:00,47.2,0.65,5.4,41.1,0.025
2013-11-30 11:00:00,58.1,0.65,3.8,42.8,0.025
2013-11-30 12:00:00,45.6,0.65,5.0,41.9,0.025
2013-11-30 13:00:00,39.7,0.65,6.0,40.4,0.025
2013-11-30 14:00:00,41.6,0.65,5.8,43.8,0.025
2013-11-30 15:00:00,37.4,0.65,2.8,47.2,0.025
2013-11-30 16:00:00,33.6,0.65,4.2,46.5,0.025
2013-11-30 17:00:00,54.6,0.65,4.4,47.2,0.025
2013-11-30 18:00:00,67.5,0.65,6.3,44.4,0.025
2013-11-30 19:00:00,69.9,0.65,6.9,43.8,0.025
2013-11-30 20:00:00,72.7,0.65,7.7,44.2,0.025
2013-11-30 21:00:00,64.1,0.65,6.4,42.7,0.025
2013-11-30 22:00:00,58.3,0.65,8.5,37.6,0.025
2013-11-30 23:00:00,63.7,0.65,6.6,38.8,0.025
2013-12-01 00:00:00,49.9,0.65,4.8,45.3,0.025
2013-12-01 01:00:00,38.8,0.65,4.1,52.5,0.025
2013-12-01 02:00:00,41.0,0.65,5.7,44.8,0.025
2013-12-01 03:00:00,30.8,0.65,3.9,44.0,0.025
2013-12-01 04:00:00,28.4,0.65,3.1,39.2,0.025
2013-12-01 05:00:00,25.5,0.65,5.7,34.6,0.025
2013-12-01 06:00:00,21.0,0.65,5.2,31.0,0.025
2013-12-01 07:00:00,26.2,0.65,5.9,31.1,0.025
2013-12-01 08:00:00,25.8,0.65,8.0,31.8,0.025
2013-12-01 09:00:00,32.9,0.65,9.1,33.4,0.025
2013-12-01 10:00:00,37.9,0.65,7.1,36.2,0.025
2013-12-01 11:00:00,31.6,0.65,5.3,39.5,0.025
2013-12-01 12:00:00,34.0,0.65,4.4,39.3,0.025
2013-12-01 13:00:00,28.1,0.65,3.9,38.8,0.025
2013-12-01 14:00:00,28.0,0.65,3.3,39.8,0.025
2013-12-01 15:00:00,32.6,0.65,2.8,44.0,0.025
2013-12-01 16:00:00,31.4,0.65,5.8,45.2,0.025
2013-12-01 17:00:00,35.9,0.65,6.7,44.2,0.025
2013-12-01 18:00:00,46.2,0.65,6.6,40.0,0.025
2013-12-01 19:00:00,54.6,0.65,15.0,23.8,0.025
2013-12-01 20:00:00,57.5,0.65,18.6,18.3,0.025
2013-12-01 21:00:00,68.3,0.65,14.7,18.3,0.025
2013-12-01 22:00:00,59.9,0.65,15.1,17.1,0.025
2013-12-01 23:00:00,53.7,0.65,15.5,13.1,0.025
2013-12-02 00:00:00,42.7,0.65,9.0,26.6,0.025
2013-12-02 01:00:00,25.1,0.65,3.7,23.3,0.025
2013-12-02 02:00:00,21.5,0.65,6.7,27.2,0.025
2013-12-02 03:00:00,10.8,0.65,6.9,14.3,0.025
2013-12-02 04:00:00,7.1,0.65,7.7,9.5,0.025
2013-12-02 05:00:00,18.7,0.65,8.1,8.4,0.025
2013-12-02 06:00:00,17.8,0.65,16.4,7.1,0.025
2013-12-02 07:00:00,22.0,0.65,22.6,6.7,0.1
2013-12-02 08:00:00,25.6,0.65,20.7,5.0,0.025
2013-12-02 09:00:00,27.5,0.65,28.6,8.5,0.025
2013-12-02 10:00:00,26.8,0.65,37.7,8.5,0.025
2013-12-02 11:00:00,26.4,0.65,22.3,9.9,0.025
2013-12-02 12:00:00,19.9,0.65,23.4,24.5,0.025
2013-12-02 13:00:00,21.2,0.65,11.9,32.5,0.025
2013-12-02 14:00:00,,0.65,11.3,58.2,0.025
2013-12-02 15:00:00,,0.65,10.5,51.3,0.025
2013-12-02 16:00:00,,0.65,16.5,62.2,0.025
2013-12-02 17:00:00,0.4,0.65,24.3,60.7,0.025
2013-12-02 18:00:00,3.0,0.65,19.5,46.1,0.025
2013-12-02 19:00:00,9.2,0.65,27.1,51.1,0.025
2013-12-02 20:00:00,28.4,0.65,29.8,30.0,0.025
2013-12-02 21:00:00,36.6,0.65,43.6,16.1,0.025
2013-12-02 22:00:00,38.6,0.65,23.1,21.0,0.025
2013-12-02 23:00:00,39.0,0.65,21.4,17.6,0.025
2013-12-03 00:00:00,36.2,0.65,18.6,19.4,0.025
2013-12-03 01:00:00,30.1,0.65,13.3,10.0,0.025
2013-12-03 02:00:00,34.0,0.65,13.1,8.0,0.025
2013-12-03 03:00:00,24.2,0.65,18.1,9.5,0.025
2013-12-03 04:00:00,20.6,0.65,26.1,6.4,0.025
2013-12-03 05:00:00,30.1,0.65,23.7,5.4,0.025
2013-12-03 06:00:00,30.4,0.65,28.6,4.9,0.025
2013-12-03 07:00:00,36.9,0.65,32.2,8.7,0.025
2013-12-03 08:00:00,37.9,0.65,28.0,17.6,0.025
2013-12-03 09:00:00,37.4,0.65,23.3,35.2,0.025
2013-12-03 10:00:00,24.2,0.65,19.2,51.0,0.025
2013-12-03 11:00:00,22.9,0.65,22.6,74.4,0.025
2013-12-03 12:00:00,18.5,0.65,10.6,65.2,0.025
2013-12-03 13:00:00,18.7,0.65,9.2,60.8,0.025
2013-12-03 14:00:00,29.6,0.65,12.2,50.2,0.025
2013-12-03 15:00:00,39.8,0.65,6.4,33.0,0.025
2013-12-03 16:00:00,28.5,0.65,6.9,32.7,0.025
2013-12-03 17:00:00,39.4,0.65,10.1,33.3,0.025
2013-12-03 18:00:00,33.5,0.65,8.4,25.6,0.025
2013-12-03 19:00:00,36.8,0.65,11.8,23.4,0.025
2013-12-03 20:00:00,31.7,0.65,19.1,16.1,0.025
2013-12-03 21:00:00,36.4,0.65,14.4,21.1,0.025
2013-12-03 22:00:00,42.1,0.65,13.6,19.1,0.025
2013-12-03 23:00:00,42.4,0.65,7.3,21.9,0.025
2013-12-04 00:00:00,43.3,0.65,4.1,22.3,0.025
2013-12-04 01:00:00,43.0,0.65,4.6,21.9,0.025
2013-12-04 02:00:00,42.3,0.65,8.5,20.5,0.025
2013-12-04 03:00:00,33.7,0.65,5.3,24.3,0.025
2013-12-04 04:00:00,48.3,0.65,3.5,26.6,0.025
2013-12-04 05:00:00,40.9,0.65,6.3,22.8,0.025
2013-12-04 06:00:00,41.2,0.65,15.6,12.5,0.025
2013-12-04 07:00:00,42.5,0.65,19.2,12.5,0.025
2013-12-04 08:00:00,52.8,0.65,24.6,12.7,0.025
2013-12-04 09:00:00,59.6,0.65,17.4,18.3,0.025
2013-12-04 10:00:00,57.9,0.65,20.3,30.9,0.025
2013-12-04 11:00:00,59.6,0.65,32.9,49.2,0.025
2013-12-04 12:00:00,67.1,0.65,42.1,72.5,0.025
2013-12-04 13:00:00,62.5,0.65,18.9,91.8,0.025
2013-12-04 14:00:00,53.6,0.65,15.0,88.3,0.025
2013-12-04 15:00:00,42.1,0.65,5.2,53.9,0.025
2013-12-04 16:00:00,9.6,0.65,9.3,68.5,0.025
2013-12-04 17:00:00,17.9,0.65,13.8,70.5,0.025
2013-12-04 18:00:00,23.5,0.65,18.4,72.1,0.025
2013-12-04 19:00:00,25.2,0.65,18.1,60.5,0.025
2013-12-04 20:00:00,37.3,0.65,29.1,40.6,0.2
2013-12-04 21:00:00,64.7,0.65,35.6,31.0,0.025
2013-12-04 22:00:00,84.4,1.4,35.3,34.5,0.3
2013-12-04 23:00:00,87.4,1.7,29.6,34.8,0.025
2013-12-05 00:00:00,86.1,1.5,21.1,49.0,0.025
2013-12-05 01:00:00,76.9,0.65,17.7,23.0,0.025
2013-12-05 02:00:00,71.3,0.65,22.4,22.1,0.025
2013-12-05 03:00:00,58.3,0.65,34.5,22.6,0.025
2013-12-05 04:00:00,63.4,0.65,17.9,21.8,0.025
2013-12-05 05:00:00,46.4,0.65,16.8,16.9,0.025
2013-12-05 06:00:00,44.1,0.65,28.4,19.1,0.025
2013-12-05 07:00:00,36.8,0.65,32.7,18.9,0.025
2013-12-05 08:00:00,27.6,0.65,24.8,23.1,0.025
2013-12-05 09:00:00,19.6,0.65,34.6,20.6,0.1
2013-12-05 10:00:00,26.4,0.65,23.7,24.9,0.025
2013-12-05 11:00:00,23.7,0.65,28.2,21.3,0.025
2013-12-05 12:00:00,20.1,0.65,20.2,19.2,0.025
2013-12-05 13:00:00,14.4,0.65,10.4,23.9,0.025
2013-12-05 14:00:00,22.2,0.65,7.3,25.9,0.025
2013-12-05 15:00:00,29.4,0.65,8.5,28.5,0.025
2013-12-05 16:00:00,35.2,0.65,6.3,29.7,0.025
2013-12-05 17:00:00,41.0,0.65,8.8,26.3,0.025
2013-12-05 18:00:00,42.3,0.65,15.6,20.7,0.025
2013-12-05 19:00:00,46.9,0.65,14.4,20.8,0.025
2013-12-05 20:00:00,44.0,0.65,15.9,15.7,0.025
2013-12-05 21:00:00,36.2,0.65,15.9,17.9,0.025
2013-12-05 22:00:00,33.1,0.65,21.4,15.9,0.025
2013-12-05 23:00:00,41.9,0.65,18.1,13.7,0.025
2013-12-06 00:00:00,36.9,0.65,19.2,10.4,0.025
2013-12-06 01:00:00,27.5,0.65,10.0,16.4,0.025
2013-12-06 02:00:00,37.2,0.65,11.8,7.4,0.025
2013-12-06 03:00:00,24.8,0.65,8.9,5.9,0.025
2013-12-06 04:00:00,30.1,0.65,8.1,8.2,0.025
2013-12-06 05:00:00,29.2,0.65,11.6,3.4,0.025
2013-12-06 06:00:00,28.0,0.65,15.5,4.9,0.025
2013-12-06 07:00:00,31.9,0.65,20.8,6.1,0.025
2013-12-06 08:00:00,29.5,0.65,18.0,13.9,0.025
2013-12-06 09:00:00,19.6,0.65,6.1,24.0,0.025
2013-12-06 10:00:00,26.1,0.65,6.3,25.6,0.025
2013-12-06 11:00:00,21.5,0.65,3.2,29.0,0.025
2013-12-06 12:00:00,25.6,0.65,5.8,34.8,0.025
2013-12-06 13:00:00,27.3,0.65,8.4,35.9,0.025
2013-12-06 14:00:00,23.3,0.65,9.2,39.5,0.025
2013-12-06 15:00:00,35.0,0.65,7.3,42.5,0.025
2013-12-06 16:00:00,26.7,0.65,9.0,44.2,0.025
2013-12-06 17:00:00,23.6,0.65,10.2,38.7,0.025
2013-12-06 18:00:00,40.4,0.65,9.8,35.2,0.025
2013-12-06 19:00:00,38.5,0.65,10.5,30.5,0.025
2013-12-06 20:00:00,52.5,0.65,8.8,31.0,0.025
2013-12-06 21:00:00,79.7,0.65,10.9,29.4,0.025
2013-12-06 22:00:00,71.4,0.65,14.6,22.5,0.025
2013-12-06 23:00:00,68.6,0.65,14.2,19.0,0.025
2013-12-07 00:00:00,69.1,0.65,13.0,18.3,0.025
2013-12-07 01:00:00,51.8,0.65,7.5,18.6,0.025
2013-12-07 02:00:00,37.0,0.65,9.8,15.3,0.025
2013-12-07 03:00:00,38.2,0.65,7.4,15.4,0.025
2013-12-07 04:00:00,26.9,0.65,7.6,14.0,0.025
2013-12-07 05:00:00,27.7,0.65,9.8,9.8,0.025
2013-12-07 06:00:00,20.8,0.65,14.5,5.6,0.025
2013-12-07 07:00:00,30.9,0.65,17.0,4.5,0.025
2013-12-07 08:00:00,44.5,0.65,19.1,6.7,0.025
2013-12-07 09:00:00,47.5,0.65,15.2,15.6,0.025
2013-12-07 10:00:00,52.1,0.65,13.7,22.3,0.025
2013-12-07 11:00:00,33.5,0.65,13.2,31.5,0.025
2013-12-07 12:00:00,40.1,0.65,9.5,44.0,0.025
2013-12-07 13:00:00,27.5,0.65,6.9,46.1,0.025
2013-12-07 14:00:00,16.5,0.65,7.2,47.2,0.025
2013-12-07 15:00:00,20.2,0.65,6.4,49.0,0.025
2013-12-07 16:00:00,16.2,0.65,7.6,57.7,0.025
2013-12-07 17:00:00,18.6,0.65,7.5,59.2,0.025
2013-12-07 18:00:00,21.5,0.65,6.1,52.7,0.025
2013-12-07 19:00:00,46.9,0.65,8.0,43.4,0.025
2013-12-07 20:00:00,49.7,0.65,10.0,36.7,0.025
2013-12-07 21:00:00,78.7,0.65,10.9,29.1,0.025
2013-12-07 22:00:00,73.2,0.65,16.5,20.6,0.2
2013-12-07 23:00:00,76.4,1.4,11.0,16.3,0.025
2013-12-08 00:00:00,57.2,0.65,11.7,10.9,0.025
2013-12-08 01:00:00,53.5,0.65,7.9,16.8,0.025
2013-12-08 02:00:00,42.6,0.65,10.3,6.5,0.025
2013-12-08 03:00:00,35.1,0.65,9.3,5.7,0.025
2013-12-08 04:00:00,34.5,0.65,8.7,4.2,0.025
2013-12-08 05:00:00,42.3,0.65,9.6,2.8,0.025
2013-12-08 06:00:00,29.8,0.65,8.3,3.5,0.025
2013-12-08 07:00:00,19.2,0.65,10.3,7.3,0.025
2013-12-08 08:00:00,30.7,0.65,29.6,16.3,0.025
2013-12-08 09:00:00,40.5,0.65,36.5,26.7,0.025
2013-12-08 10:00:00,37.6,0.65,21.5,27.0,0.025
2013-12-08 11:00:00,29.0,0.65,13.6,57.2,0.025
2013-12-08 12:00:00,41.0,0.65,15.6,51.2,0.025
2013-12-08 13:00:00,42.5,0.65,14.4,44.6,0.025
2013-12-08 14:00:00,30.1,0.65,13.4,45.7,0.025
2013-12-08 15:00:00,19.9,0.65,7.7,54.7,0.025
2013-12-08 16:00:00,20.5,0.65,9.3,82.9,0.025
2013-12-08 17:00:00,16.7,0.65,7.6,61.3,0.025
2013-12-08 18:00:00,40.9,0.65,10.0,64.7,0.025
2013-12-08 19:00:00,40.0,0.65,10.2,76.4,0.025
2013-12-08 20:00:00,40.5,0.65,8.0,44.1,0.025
2013-12-08 21:00:00,58.7,0.65,13.2,37.2,0.025
2013-12-08 22:00:00,70.4,0.65,11.4,36.3,0.025
2013-12-08 23:00:00,55.1,0.65,13.2,27.0,0.025
2013-12-09 00:00:00,64.9,0.65,10.4,18.6,0.025
2013-12-09 01:00:00,68.9,0.65,7.2,24.0,0.025
2013-12-09 02:00:00,56.3,0.65,8.0,10.7,0.025
2013-12-09 03:00:00,48.5,0.65,8.9,8.7,0.025
2013-12-09 04:00:00,37.7,0.65,10.7,6.9,0.025
2013-12-09 05:00:00,49.1,0.65,10.2,7.1,0.025
2013-12-09 06:00:00,33.1,0.65,15.3,6.9,0.025
2013-12-09 07:00:00,46.7,0.65,23.1,7.0,0.2
2013-12-09 08:00:00,76.3,1.6,29.5,8.6,0.4
2013-12-09 09:00:00,85.0,1.3,28.8,12.9,0.025
2013-12-09 10:00:00,78.6,0.65,23.1,28.7,0.025
2013-12-09 11:00:00,59.0,0.65,18.2,38.4,0.025
2013-12-09 12:00:00,42.4,0.65,18.3,40.5,0.025
2013-12-09 13:00:00,39.4,0.65,22.6,33.2,0.025
2013-12-09 14:00:00,44.9,0.65,31.2,37.9,0.025
2013-12-09 15:00:00,36.4,0.65,26.6,48.9,0.025
2013-12-09 16:00:00,39.6,0.65,12.3,43.3,0.025
2013-12-09 17:00:00,39.6,0.65,24.5,28.4,0.025
2013-12-09 18:00:00,31.9,0.65,29.1,24.4,0.025
2013-12-09 19:00:00,28.1,0.65,29.8,22.7,0.1
2013-12-09 20:00:00,28.8,0.65,29.6,18.2,0.025
2013-12-09 21:00:00,25.5,0.65,32.2,16.2,0.025
2013-12-09 22:00:00,30.8,0.65,29.8,12.8,0.025
2013-12-09 23:00:00,29.4,0.65,18.0,14.1,0.025
2013-12-10 00:00:00,26.9,0.65,17.0,31.2,0.025
2013-12-10 01:00:00,28.7,0.65,6.2,19.2,0.025
2013-12-10 02:00:00,19.4,0.65,12.4,13.2,0.025
2013-12-10 03:00:00,20.5,0.65,7.2,16.4,0.025
2013-12-10 04:00:00,12.3,0.65,7.6,21.3,0.025
2013-12-10 05:00:00,10.7,0.65,6.3,17.7,0.025
2013-12-10 06:00:00,17.0,0.65,13.7,14.9,0.025
2013-12-10 07:00:00,24.3,0.65,20.6,12.9,0.1
2013-12-10 08:00:00,30.9,0.65,14.6,13.9,0.025
2013-12-10 09:00:00,25.5,0.65,14.7,18.0,0.025
2013-12-10 10:00:00,36.1,0.65,12.2,21.7,0.025
2013-12-10 11:00:00,28.8,0.65,11.7,32.7,0.025
2013-12-10 12:00:00,40.7,0.65,10.5,29.4,0.025
2013-12-10 13:00:00,31.4,0.65,7.6,34.1,0.025
2013-12-10 14:00:00,23.8,0.65,9.6,30.1,0.025
2013-12-10 15:00:00,18.4,0.65,8.5,25.2,0.025
2013-12-10 16:00:00,12.2,0.65,8.2,27.9,0.025
2013-12-10 17:00:00,13.8,0.65,12.5,21.9,0.025
2013-12-10 18:00:00,8.1,0.65,14.0,19.5,0.025
2013-12-10 19:00:00,9.1,0.65,11.7,17.2,0.025
2013-12-10 20:00:00,18.5,0.65,12.9,14.7,0.025
2013-12-10 21:00:00,32.5,0.65,11.1,14.4,0.025
2013-12-10 22:00:00,20.0,0.65,7.7,16.7,0.025
2013-12-10 23:00:00,25.6,0.65,5.9,16.4,0.025
2013-12-11 00:00:00,27.5,0.65,5.0,28.2,0.025
2013-12-11 01:00:00,27.8,0.65,4.8,15.3,0.025
2013-12-11 02:00:00,19.8,0.65,4.7,17.6,0.025
2013-12-11 03:00:00,20.8,0.65,2.8,18.9,0.025
2013-12-11 04:00:00,19.4,0.65,3.0,20.0,0.025
2013-12-11 05:00:00,19.3,0.65,6.7,18.1,0.025
2013-12-11 06:00:00,23.9,0.65,11.3,16.1,0.025
2013-12-11 07:00:00,29.8,0.65,17.3,14.0,0.025
2013-12-11 08:00:00,37.0,0.65,8.7,21.9,0.025
2013-12-11 09:00:00,29.8,0.65,5.8,25.4,0.025
2013-12-11 10:00:00,26.9,0.65,6.4,27.2,0.025
2013-12-11 11:00:00,18.2,0.65,4.9,30.4,0.025
2013-12-11 12:00:00,20.1,0.65,4.7,32.5,0.025
2013-12-11 13:00:00,21.0,0.65,4.5,34.0,0.025
2013-12-11 14:00:00,16.4,0.65,3.2,36.1,0.025
2013-12-11 15:00:00,18.9,0.65,6.0,33.1,0.025
2013-12-11 16:00:00,11.9,0.65,4.1,35.3,0.025
2013-12-11 17:00:00,15.1,0.65,,35.2,0.025
2013-12-11 18:00:00,28.1,0.65,5.6,34.7,0.025
2013-12-11 19:00:00,33.9,0.65,4.0,36.5,0.025
2013-12-11 20:00:00,41.5,0.65,9.2,31.3,0.025
2013-12-11 21:00:00,42.8,0.65,11.2,28.1,0.025
2013-12-11 22:00:00,45.8,0.65,8.5,27.2,0.025
2013-12-11 23:00:00,31.5,0.65,7.0,25.8,0.025
2013-12-12 00:00:00,32.7,0.65,6.6,26.3,0.025
2013-12-12 01:00:00,21.1,0.65,3.7,22.5,0.025
2013-12-12 02:00:00,24.5,0.65,4.8,16.2,0.025
2013-12-12 03:00:00,30.9,0.65,4.5,15.0,0.025
2013-12-12 04:00:00,17.8,0.65,7.8,8.5,0.025
2013-12-12 05:00:00,14.8,0.65,11.9,6.4,0.025
2013-12-12 06:00:00,18.5,0.65,17.9,2.4,0.025
2013-12-12 07:00:00,26.6,0.65,22.5,6.1,0.025
2013-12-12 08:00:00,30.9,0.65,13.4,16.4,0.025
2013-12-12 09:00:00,34.9,0.65,7.6,22.8,0.025
2013-12-12 10:00:00,24.8,0.65,5.9,27.2,0.025
2013-12-12 11:00:00,19.4,0.65,6.6,32.7,0.025
2013-12-12 12:00:00,27.2,0.65,6.2,37.2,0.025
2013-12-12 13:00:00,22.9,0.65,7.5,39.3,0.025
2013-12-12 14:00:00,21.3,0.65,7.6,47.7,0.025
2013-12-12 15:00:00,28.8,0.65,7.8,56.3,0.025
2013-12-12 16:00:00,28.8,0.65,7.5,57.2,0.025
2013-12-12 17:00:00,33.5,0.65,7.7,53.9,0.025
2013-12-12 18:00:00,27.4,0.65,9.8,46.0,0.025
2013-12-12 19:00:00,36.9,0.65,12.7,43.9,0.1
2013-12-12 20:00:00,46.9,0.65,21.7,32.1,0.025
2013-12-12 21:00:00,46.7,0.65,25.1,18.6,0.025
2013-12-12 22:00:00,50.8,0.65,25.0,14.9,0.025
2013-12-12 23:00:00,50.6,0.65,16.3,17.7,0.025
2013-12-13 00:00:00,42.5,0.65,14.0,19.2,0.025
2013-12-13 01:00:00,38.4,0.65,14.4,9.9,0.025
2013-12-13 02:00:00,28.9,0.65,19.6,6.7,0.025
2013-12-13 03:00:00,36.2,0.65,16.1,4.9,0.025
2013-12-13 04:00:00,35.4,0.65,13.6,5.0,0.025
2013-12-13 05:00:00,33.4,0.65,15.8,3.0,0.025
2013-12-13 06:00:00,28.9,0.65,19.3,2.6,0.025
2013-12-13 07:00:00,45.0,0.65,22.5,4.5,0.1
2013-12-13 08:00:00,68.3,0.65,17.3,8.5,0.1
2013-12-13 09:00:00,76.6,0.65,21.1,16.5,0.025
2013-12-13 10:00:00,56.2,0.65,14.7,24.8,0.025
2013-12-13 11:00:00,45.2,0.65,11.8,39.7,0.025
2013-12-13 12:00:00,51.4,0.65,11.0,52.3,0.025
2013-12-13 13:00:00,48.8,0.65,11.6,58.9,0.025
2013-12-13 14:00:00,42.0,0.65,11.2,56.1,0.025
2013-12-13 15:00:00,30.4,0.65,9.9,53.6,0.025
2013-12-13 16:00:00,25.2,0.65,13.5,54.3,0.025
2013-12-13 17:00:00,25.0,0.65,20.2,47.4,0.025
2013-12-13 18:00:00,58.2,0.65,21.4,38.2,0.025
2013-12-13 19:00:00,75.7,0.65,23.6,34.2,0.025
2013-12-13 20:00:00,79.6,0.65,34.7,20.1,0.025
2013-12-13 21:00:00,68.5,0.65,33.7,16.9,0.025
2013-12-13 22:00:00,80.0,0.65,24.8,14.0,0.025
2013-12-13 23:00:00,64.5,0.65,29.7,12.0,0.025
2013-12-14 00:00:00,53.7,0.65,36.0,9.7,0.025
2013-12-14 01:00:00,55.2,0.65,33.9,13.4,0.025
2013-12-14 02:00:00,54.5,0.65,20.4,11.3,0.025
2013-12-14 03:00:00,52.8,0.65,15.0,11.9,0.025
2013-12-14 04:00:00,52.0,0.65,13.3,11.1,0.025
2013-12-14 05:00:00,34.7,0.65,13.7,9.6,0.025
2013-12-14 06:00:00,25.4,0.65,23.3,7.1,0.025
2013-12-14 07:00:00,31.0,0.65,29.5,9.7,0.025
2013-12-14 08:00:00,58.4,0.65,31.4,11.8,0.025
2013-12-14 09:00:00,57.1,0.65,23.3,24.2,0.025
2013-12-14 10:00:00,40.7,0.65,22.7,30.2,0.025
2013-12-14 11:00:00,37.2,0.65,21.2,38.5,0.025
2013-12-14 12:00:00,29.1,0.65,10.8,47.7,0.025
2013-12-14 13:00:00,23.3,0.65,11.5,67.1,0.025
2013-12-14 14:00:00,21.2,0.65,12.1,78.5,0.025
2013-12-14 15:00:00,13.6,0.65,12.6,75.0,0.025
2013-12-14 16:00:00,9.8,0.65,9.7,80.9,0.025
2013-12-14 17:00:00,10.4,0.65,12.3,93.0,0.025
2013-12-14 18:00:00,31.8,0.65,11.0,58.9,0.025
2013-12-14 19:00:00,48.2,0.65,7.8,49.1,0.025
2013-12-14 20:00:00,54.2,0.65,8.4,39.2,0.025
2013-12-14 21:00:00,60.9,0.65,14.8,34.2,0.025
2013-12-14 22:00:00,63.0,0.65,16.4,23.9,0.025
2013-12-14 23:00:00,62.7,0.65,18.8,16.2,0.025
2013-12-15 00:00:00,64.0,0.65,18.5,23.0,0.025
2013-12-15 01:00:00,59.7,0.65,13.4,10.4,0.025
2013-12-15 02:00:00,56.5,0.65,12.2,9.4,0.025
2013-12-15 03:00:00,51.1,0.65,10.8,8.3,0.025
2013-12-15 04:00:00,41.7,0.65,10.3,10.1,0.025
2013-12-15 05:00:00,27.6,0.65,11.1,9.1,0.025
2013-12-15 06:00:00,20.4,0.65,10.5,8.8,0.025
2013-12-15 07:00:00,12.9,0.65,10.2,11.2,0.025
2013-12-15 08:00:00,21.7,0.65,8.1,11.5,0.025
2013-12-15 09:00:00,35.1,0.65,11.2,16.7,0.025
2013-12-15 10:00:00,20.1,0.65,14.3,31.4,0.025
2013-12-15 11:00:00,17.6,0.65,11.2,47.6,0.025
2013-12-15 12:00:00,23.2,0.65,12.6,68.9,0.025
2013-12-15 13:00:00,32.7,0.65,8.3,65.9,0.025
2013-12-15 14:00:00,25.0,0.65,6.9,53.8,0.025
2013-12-15 15:00:00,21.5,0.65,4.6,45.7,0.025
2013-12-15 16:00:00,17.1,0.65,5.2,47.5,0.025
2013-12-15 17:00:00,12.0,0.65,5.1,48.0,0.025
2013-12-15 18:00:00,9.9,0.65,13.6,44.4,0.025
2013-12-15 19:00:00,16.4,0.65,6.2,57.3,0.025
2013-12-15 20:00:00,35.8,0.65,8.9,36.2,0.025
2013-12-15 21:00:00,60.2,0.65,13.9,26.5,0.025
2013-12-15 22:00:00,62.5,0.65,13.6,17.8,0.025
2013-12-15 23:00:00,53.9,0.65,10.7,15.5,0.025
2013-12-16 00:00:00,40.6,0.65,6.8,31.3,0.025
2013-12-16 01:00:00,33.0,0.65,4.1,18.4,0.025
2013-12-16 02:00:00,24.2,0.65,3.2,20.9,0.025
2013-12-16 03:00:00,21.4,0.65,2.6,22.7,0.025
2013-12-16 04:00:00,18.8,0.65,3.4,22.0,0.025
2013-12-16 05:00:00,20.0,0.65,5.9,19.5,0.025
2013-12-16 06:00:00,27.2,0.65,17.6,11.3,0.025
2013-12-16 07:00:00,23.1,0.65,21.5,13.5,0.025
2013-12-16 08:00:00,27.2,0.65,21.4,16.9,0.025
2013-12-16 09:00:00,31.9,0.65,18.2,22.9,0.025
2013-12-16 10:00:00,,0.65,17.0,29.8,0.025
2013-12-16 11:00:00,,,16.3,73.0,0.025
2013-12-16 12:00:00,,0.65,20.6,60.1,0.025
2013-12-16 13:00:00,,0.65,13.9,79.0,0.025
2013-12-16 14:00:00,,0.65,11.4,71.3,0.025
2013-12-16 15:00:00,,0.65,7.6,65.7,0.025
2013-12-16 16:00:00,,0.65,6.9,54.5,0.025
2013-12-16 17:00:00,10.3,0.65,5.6,48.9,0.025
2013-12-16 18:00:00,19.7,0.65,5.9,40.6,0.025
2013-12-16 19:00:00,31.1,0.65,4.8,36.8,0.025
2013-12-16 20:00:00,47.4,0.65,5.5,30.7,0.025
2013-12-16 21:00:00,51.8,0.65,6.3,23.5,0.025
2013-12-16 22:00:00,45.8,0.65,7.1,21.0,0.025
2013-12-16 23:00:00,40.4,0.65,4.5,22.1,0.025
2013-12-17 00:00:00,29.7,0.65,4.1,27.8,0.025
2013-12-17 01:00:00,25.5,0.65,4.2,20.7,0.025
2013-12-17 02:00:00,18.3,0.65,6.0,18.9,0.025
2013-12-17 03:00:00,13.1,0.65,7.0,15.3,0.025
2013-12-17 04:00:00,18.9,0.65,8.2,11.2,0.025
2013-12-17 05:00:00,19.4,0.65,8.3,10.2,0.025
2013-12-17 06:00:00,16.8,0.65,13.7,6.7,0.025
2013-12-17 07:00:00,29.7,0.65,16.0,7.7,0.025
2013-12-17 08:00:00,36.3,0.65,10.8,16.2,0.025
2013-12-17 09:00:00,40.8,0.65,9.8,21.9,0.025
2013-12-17 10:00:00,32.4,0.65,10.0,29.2,0.025
2013-12-17 11:00:00,26.3,0.65,8.3,38.1,0.025
2013-12-17 12:00:00,34.8,0.65,6.7,45.8,0.025
2013-12-17 13:00:00,30.6,0.65,7.3,50.6,0.025
2013-12-17 14:00:00,32.0,0.65,6.0,52.3,0.025
2013-12-17 15:00:00,27.7,0.65,,50.2,0.025
2013-12-17 16:00:00,27.2,0.65,,47.3,0.025
2013-12-17 17:00:00,33.9,0.65,,44.2,0.025
2013-12-17 18:00:00,50.0,0.65,,40.7,0.025
2013-12-17 19:00:00,71.6,0.65,,34.4,0.025
2013-12-17 20:00:00,73.4,0.65,,27.9,0.025
2013-12-17 21:00:00,68.5,0.65,,25.0,0.025
2013-12-17 22:00:00,57.6,0.65,,21.4,0.025
2013-12-17 23:00:00,53.1,0.65,,19.9,0.025
2013-12-18 00:00:00,45.7,0.65,,19.2,0.025
2013-12-18 01:00:00,37.5,0.65,,14.0,0.025
2013-12-18 02:00:00,30.2,0.65,,9.3,0.025
2013-12-18 03:00:00,25.0,0.65,,5.3,0.025
2013-12-18 04:00:00,19.9,0.65,,3.6,0.025
2013-12-18 05:00:00,28.0,0.65,,2.7,0.025
2013-12-18 06:00:00,24.5,0.65,,2.4,0.025
2013-12-18 07:00:00,37.6,0.65,,3.7,0.025
2013-12-18 08:00:00,53.1,0.65,,5.4,0.025
2013-12-18 09:00:00,61.2,0.65,,16.1,0.025
2013-12-18 10:00:00,66.4,0.65,,34.5,0.025
2013-12-18 11:00:00,58.9,0.65,,43.2,0.025
2013-12-18 12:00:00,41.4,0.65,,46.9,0.025
2013-12-18 13:00:00,41.7,0.65,,51.4,0.025
2013-12-18 14:00:00,46.1,0.65,,70.3,0.025
2013-12-18 15:00:00,41.9,0.65,,61.0,0.025
2013-12-18 16:00:00,28.3,0.65,,66.0,0.025
2013-12-18 17:00:00,34.4,0.65,,52.7,0.025
2013-12-18 18:00:00,52.1,0.65,,47.0,0.025
2013-12-18 19:00:00,64.0,0.65,,44.7,0.025
2013-12-18 20:00:00,72.4,0.65,,26.2,0.025
2013-12-18 21:00:00,60.1,0.65,,13.8,0.025
2013-12-18 22:00:00,55.3,0.65,,13.6,0.025
2013-12-18 23:00:00,45.6,0.65,,12.2,0.025
2013-12-19 00:00:00,39.9,0.65,,18.1,0.025
2013-12-19 01:00:00,36.4,0.65,,11.8,0.025
2013-12-19 02:00:00,26.3,0.65,,9.3,0.025
2013-12-19 03:00:00,24.6,0.65,,7.0,0.025
2013-12-19 04:00:00,23.0,0.65,,5.7,0.025
2013-12-19 05:00:00,22.5,0.65,,4.0,0.025
2013-12-19 06:00:00,27.1,0.65,,2.0,0.025
2013-12-19 07:00:00,53.6,0.65,,3.9,0.025
2013-12-19 08:00:00,106.8,0.65,,13.4,0.025
2013-12-19 09:00:00,87.8,0.65,,26.4,0.025
2013-12-19 10:00:00,59.4,0.65,,37.1,0.025
2013-12-19 11:00:00,52.3,0.65,,45.6,0.025
2013-12-19 12:00:00,45.1,0.65,,49.4,0.025
2013-12-19 13:00:00,33.9,0.65,,51.2,0.025
2013-12-19 14:00:00,31.1,0.65,,54.2,0.025
2013-12-19 15:00:00,34.2,0.65,,43.0,0.025
2013-12-19 16:00:00,37.5,0.65,,36.6,0.025
2013-12-19 17:00:00,39.9,0.65,,36.5,0.025
2013-12-19 18:00:00,47.0,0.65,,31.2,0.025
2013-12-19 19:00:00,63.6,0.65,,26.3,0.025
2013-12-19 20:00:00,73.7,0.65,,21.0,0.025
2013-12-19 21:00:00,60.5,0.65,,21.6,0.025
2013-12-19 22:00:00,59.9,0.65,,19.3,0.025
2013-12-19 23:00:00,56.7,0.65,,19.8,0.025
2013-12-20 00:00:00,43.7,0.65,,27.1,0.025
2013-12-20 01:00:00,34.0,0.65,,18.6,0.025
2013-12-20 02:00:00,25.0,0.65,,17.0,0.025
2013-12-20 03:00:00,25.4,0.65,,14.5,0.025
2013-12-20 04:00:00,24.1,0.65,,10.9,0.025
2013-12-20 05:00:00,22.7,0.65,,6.3,0.025
2013-12-20 06:00:00,16.7,0.65,,3.0,0.025
2013-12-20 07:00:00,32.7,0.65,,3.9,0.025
2013-12-20 08:00:00,59.4,0.65,,9.7,0.025
2013-12-20 09:00:00,60.9,0.65,,21.7,0.025
2013-12-20 10:00:00,43.2,0.65,,33.6,0.025
2013-12-20 11:00:00,28.6,0.65,,38.3,0.025
2013-12-20 12:00:00,26.7,0.65,,45.5,0.025
2013-12-20 13:00:00,17.8,0.65,,52.0,0.025
2013-12-20 14:00:00,21.2,0.65,,51.8,0.025
2013-12-20 15:00:00,24.2,0.65,,46.4,0.025
2013-12-20 16:00:00,40.7,0.65,,42.7,0.025
2013-12-20 17:00:00,48.6,0.65,,40.4,0.025
2013-12-20 18:00:00,65.7,0.65,,33.9,0.025
2013-12-20 19:00:00,81.5,0.65,,33.3,0.025
2013-12-20 20:00:00,88.0,0.65,,29.8,0.025
2013-12-20 21:00:00,77.6,0.65,,26.7,0.025
2013-12-20 22:00:00,67.7,0.65,,22.7,0.025
2013-12-20 23:00:00,52.7,0.65,,20.8,0.025
2013-12-21 00:00:00,40.8,0.65,,26.5,0.025
2013-12-21 01:00:00,34.9,0.65,,17.6,0.025
2013-12-21 02:00:00,28.1,0.65,,15.9,0.025
2013-12-21 03:00:00,27.6,0.65,,15.2,0.025
2013-12-21 04:00:00,16.4,0.65,,14.2,0.025
2013-12-21 05:00:00,13.9,0.65,,14.2,0.025
2013-12-21 06:00:00,14.8,0.65,,10.8,0.025
2013-12-21 07:00:00,23.5,0.65,,15.4,0.025
2013-12-21 08:00:00,34.1,0.65,,20.0,0.025
2013-12-21 09:00:00,26.2,0.65,,26.5,0.025
2013-12-21 10:00:00,21.6,0.65,,32.3,0.025
2013-12-21 11:00:00,22.0,0.65,,36.0,0.025
2013-12-21 12:00:00,23.1,0.65,,34.5,0.025
2013-12-21 13:00:00,30.7,0.65,,37.6,0.025
2013-12-21 14:00:00,26.3,0.65,,36.3,0.025
2013-12-21 15:00:00,21.2,0.65,,34.6,0.025
2013-12-21 16:00:00,20.0,0.65,,34.6,0.025
2013-12-21 17:00:00,27.2,0.65,,36.4,0.025
2013-12-21 18:00:00,40.6,0.65,,36.2,0.025
2013-12-21 19:00:00,48.6,0.65,,33.5,0.025
2013-12-21 20:00:00,54.4,0.65,,30.7,0.025
2013-12-21 21:00:00,58.0,0.65,,28.2,0.025
2013-12-21 22:00:00,52.7,0.65,,29.7,0.025
2013-12-21 23:00:00,46.2,0.65,,29.7,0.025
2013-12-22 00:00:00,43.4,0.65,,31.8,0.025
2013-12-22 01:00:00,30.4,0.65,,20.7,0.025
2013-12-22 02:00:00,24.2,0.65,,19.7,0.025
2013-12-22 03:00:00,32.6,0.65,,19.5,0.025
2013-12-22 04:00:00,20.5,0.65,,15.8,0.025
2013-12-22 05:00:00,21.3,0.65,,13.6,0.025
2013-12-22 06:00:00,20.8,0.65,,7.0,0.025
2013-12-22 07:00:00,20.1,0.65,,9.9,0.025
2013-12-22 08:00:00,24.9,0.65,,22.2,0.025
2013-12-22 09:00:00,23.3,0.65,,30.1,0.025
2013-12-22 10:00:00,19.2,0.65,,35.1,0.025
2013-12-22 11:00:00,24.6,0.65,,35.6,0.025
2013-12-22 12:00:00,18.2,0.65,,36.6,0.025
2013-12-22 13:00:00,25.4,0.65,,36.3,0.025
2013-12-22 14:00:00,24.1,0.65,,36.5,0.025
2013-12-22 15:00:00,30.4,0.65,,38.7,0.025
2013-12-22 16:00:00,33.5,0.65,,37.6,0.025
2013-12-22 17:00:00,35.6,0.65,,34.6,0.025
2013-12-22 18:00:00,46.5,0.65,,29.6,0.025
2013-12-22 19:00:00,51.2,0.65,,25.7,0.025
2013-12-22 20:00:00,50.8,0.65,,22.5,0.025
2013-12-22 21:00:00,56.8,0.65,,19.0,0.025
2013-12-22 22:00:00,56.6,0.65,,17.0,0.025
2013-12-22 23:00:00,44.9,0.65,,16.0,0.025
2013-12-23 00:00:00,36.9,0.65,,21.8,0.025
2013-12-23 01:00:00,24.5,0.65,,16.0,0.025
2013-12-23 02:00:00,16.3,0.65,,12.6,0.025
2013-12-23 03:00:00,17.8,0.65,,7.5,0.025
2013-12-23 04:00:00,10.4,0.65,,10.7,0.025
2013-12-23 05:00:00,6.8,0.65,,12.5,0.025
2013-12-23 06:00:00,9.5,0.65,,6.0,0.025
2013-12-23 07:00:00,19.2,0.65,,7.1,0.025
2013-12-23 08:00:00,31.1,0.65,,11.0,0.025
2013-12-23 09:00:00,29.8,0.65,,18.9,0.025
2013-12-23 10:00:00,23.8,0.65,,23.7,0.025
2013-12-23 11:00:00,19.8,0.65,,25.2,0.025
2013-12-23 12:00:00,12.5,0.65,,27.9,0.025
2013-12-23 13:00:00,11.6,0.65,,29.1,0.025
2013-12-23 14:00:00,14.3,0.65,,31.5,0.025
2013-12-23 15:00:00,15.5,0.65,,27.3,0.025
2013-12-23 16:00:00,15.0,0.65,,26.2,0.025
2013-12-23 17:00:00,16.9,0.65,,23.9,0.025
2013-12-23 18:00:00,18.8,0.65,,18.0,0.025
2013-12-23 19:00:00,17.5,0.65,,18.8,0.025
2013-12-23 20:00:00,20.7,0.65,,16.6,0.025
2013-12-23 21:00:00,19.6,0.65,,14.3,0.025
2013-12-23 22:00:00,28.2,0.65,,11.9,0.025
2013-12-23 23:00:00,25.2,0.65,,10.6,0.025
2013-12-24 00:00:00,27.1,0.65,,20.3,0.025
2013-12-24 01:00:00,25.7,0.65,,10.7,0.025
2013-12-24 02:00:00,19.1,0.65,,13.7,0.025
2013-12-24 03:00:00,14.1,0.65,,14.7,0.025
2013-12-24 04:00:00,8.8,0.65,,14.4,0.025
2013-12-24 05:00:00,8.8,0.65,,13.1,0.025
2013-12-24 06:00:00,8.7,0.65,,16.6,0.025
2013-12-24 07:00:00,9.4,0.65,,18.6,0.025
2013-12-24 08:00:00,14.6,0.65,,18.5,0.025
2013-12-24 09:00:00,12.7,0.65,,22.4,0.025
2013-12-24 10:00:00,12.2,0.65,,25.7,0.025
2013-12-24 11:00:00,11.4,0.65,,33.6,0.025
2013-12-24 12:00:00,20.0,0.65,,36.5,0.025
2013-12-24 13:00:00,15.0,0.65,,39.5,0.025
2013-12-24 14:00:00,10.0,0.65,,43.8,0.025
2013-12-24 15:00:00,13.7,0.65,,43.3,0.025
2013-12-24 16:00:00,12.3,0.65,,46.5,0.025
2013-12-24 17:00:00,6.9,0.65,,45.0,0.025
2013-12-24 18:00:00,7.6,0.65,,41.5,0.025
2013-12-24 19:00:00,17.3,0.65,,35.3,0.025
2013-12-24 20:00:00,26.7,0.65,,28.5,0.025
2013-12-24 21:00:00,34.0,0.65,,27.4,0.025
2013-12-24 22:00:00,48.8,0.65,,25.3,0.3
2013-12-24 23:00:00,75.0,0.65,,21.2,0.025
2013-12-25 00:00:00,90.1,0.65,,28.4,0.025
2013-12-25 01:00:00,64.0,0.65,,17.3,0.025
2013-12-25 02:00:00,52.8,0.65,,11.4,0.025
2013-12-25 03:00:00,45.0,0.65,,8.6,0.025
2013-12-25 04:00:00,30.1,0.65,,7.4,0.025
2013-12-25 05:00:00,23.5,0.65,,5.3,0.025
2013-12-25 06:00:00,18.1,0.65,,5.3,0.025
2013-12-25 07:00:00,13.2,0.65,,7.3,0.025
2013-12-25 08:00:00,18.5,0.65,,5.1,0.025
2013-12-25 09:00:00,26.1,0.65,,5.8,0.025
2013-12-25 10:00:00,22.0,0.65,,10.5,0.025
2013-12-25 11:00:00,20.1,0.65,,25.2,0.025
2013-12-25 12:00:00,19.9,0.65,,45.5,0.025
2013-12-25 13:00:00,14.9,0.65,,54.0,0.025
2013-12-25 14:00:00,11.7,2.6,,62.5,0.025
2013-12-25 15:00:00,12.5,2.7,,46.5,0.025
2013-12-25 16:00:00,7.4,0.65,,46.0,0.025
2013-12-25 17:00:00,5.3,0.65,,57.5,0.025
2013-12-25 18:00:00,10.3,0.65,,45.3,0.025
2013-12-25 19:00:00,30.2,0.65,,38.1,0.025
2013-12-25 20:00:00,41.2,0.65,,30.8,0.025
2013-12-25 21:00:00,39.7,0.65,,23.6,0.025
2013-12-25 22:00:00,47.9,0.65,,23.9,0.025
2013-12-25 23:00:00,47.0,0.65,,18.3,0.025
2013-12-26 00:00:00,48.3,0.65,,23.6,0.025
2013-12-26 01:00:00,36.2,0.65,,9.8,0.025
2013-12-26 02:00:00,33.0,0.65,,4.8,0.025
2013-12-26 03:00:00,34.3,0.65,,4.4,0.025
2013-12-26 04:00:00,30.5,0.65,,3.1,0.025
2013-12-26 05:00:00,24.8,0.65,,2.7,0.025
2013-12-26 06:00:00,24.7,0.65,,2.3,0.025
2013-12-26 07:00:00,38.5,1.4,,4.5,0.1
2013-12-26 08:00:00,75.2,0.65,,7.2,0.025
2013-12-26 09:00:00,67.9,0.65,,22.6,0.025
2013-12-26 10:00:00,55.1,0.65,,48.8,0.025
2013-12-26 11:00:00,50.4,0.65,,55.4,0.025
2013-12-26 12:00:00,47.9,2.2,,72.5,0.025
2013-12-26 13:00:00,45.9,8.0,,73.8,0.025
2013-12-26 14:00:00,27.4,6.5,,62.9,0.025
2013-12-26 15:00:00,20.5,3.0,,53.4,0.025
2013-12-26 16:00:00,12.5,1.6,,59.0,0.025
2013-12-26 17:00:00,7.1,0.65,,71.4,0.025
2013-12-26 18:00:00,4.5,0.65,,72.6,0.025
2013-12-26 19:00:00,15.9,0.65,,58.2,0.025
2013-12-26 20:00:00,52.9,0.65,,42.4,0.025
2013-12-26 21:00:00,75.1,0.65,,32.6,0.025
2013-12-26 22:00:00,96.0,0.65,,24.5,0.025
2013-12-26 23:00:00,96.2,0.65,,16.1,0.025
2013-12-27 00:00:00,89.1,0.65,,21.2,0.025
2013-12-27 01:00:00,74.4,0.65,,8.7,0.025
2013-12-27 02:00:00,62.1,0.65,,6.8,0.025
2013-12-27 03:00:00,58.0,0.65,,4.5,0.025
2013-12-27 04:00:00,54.8,0.65,,4.6,0.025
2013-12-27 05:00:00,49.8,0.65,,3.7,0.025
2013-12-27 06:00:00,53.6,0.65,,3.2,0.025
2013-12-27 07:00:00,63.4,0.65,,4.0,0.025
2013-12-27 08:00:00,59.7,0.65,,8.8,0.025
2013-12-27 09:00:00,61.6,0.65,,30.8,0.025
2013-12-27 10:00:00,53.2,0.65,,53.7,0.025
2013-12-27 11:00:00,64.1,0.65,,55.2,0.025
2013-12-27 12:00:00,52.8,0.65,,61.8,0.025
2013-12-27 13:00:00,36.9,0.65,,77.5,0.025
2013-12-27 14:00:00,39.4,0.65,,76.4,0.025
2013-12-27 15:00:00,33.7,0.65,,77.3,0.025
2013-12-27 16:00:00,26.0,0.65,,81.9,0.025
2013-12-27 17:00:00,31.7,0.65,,65.6,0.025
2013-12-27 18:00:00,48.8,0.65,,66.2,0.025
2013-12-27 19:00:00,43.3,0.65,,56.5,0.025
2013-12-27 20:00:00,60.7,0.65,,51.3,0.1
2013-12-27 21:00:00,52.0,0.65,,38.9,0.025
2013-12-27 22:00:00,40.2,0.65,,43.8,0.025
2013-12-27 23:00:00,45.2,0.65,,37.4,0.025
2013-12-28 00:00:00,31.8,0.65,,35.6,0.025
2013-12-28 01:00:00,33.3,0.65,,17.3,0.025
2013-12-28 02:00:00,31.8,0.65,,22.4,0.025
2013-12-28 03:00:00,31.1,0.65,,20.3,0.025
2013-12-28 04:00:00,29.3,0.65,,21.7,0.025
2013-12-28 05:00:00,23.3,0.65,,15.2,0.025
2013-12-28 06:00:00,29.1,0.65,,9.1,0.025
2013-12-28 07:00:00,35.7,0.65,,6.0,0.025
2013-12-28 08:00:00,38.4,0.65,,8.6,0.025
2013-12-28 09:00:00,41.3,0.65,,16.1,0.025
2013-12-28 10:00:00,38.4,0.65,,23.6,0.025
2013-12-28 11:00:00,35.7,0.65,,42.3,0.025
2013-12-28 12:00:00,35.7,0.65,,54.5,0.025
2013-12-28 13:00:00,31.1,0.65,,62.4,0.025
2013-12-28 14:00:00,33.9,0.65,,84.1,0.025
2013-12-28 15:00:00,31.5,0.65,,103.7,0.025
2013-12-28 16:00:00,26.3,0.65,,117.8,0.025
2013-12-28 17:00:00,29.7,0.65,,107.5,0.025
2013-12-28 18:00:00,33.2,0.65,,88.6,0.025
2013-12-28 19:00:00,36.7,0.65,,76.1,0.025
2013-12-28 20:00:00,47.7,0.65,,60.5,0.025
2013-12-28 21:00:00,64.0,0.65,,54.9,0.025
2013-12-28 22:00:00,65.9,0.65,,44.5,0.025
2013-12-28 23:00:00,66.0,0.65,,32.6,0.025
2013-12-29 00:00:00,63.8,0.65,,39.4,0.025
2013-12-29 01:00:00,52.2,0.65,,22.7,0.025
2013-12-29 02:00:00,49.1,0.65,,14.7,0.025
2013-12-29 03:00:00,45.5,0.65,,8.7,0.025
2013-12-29 04:00:00,42.2,0.65,,7.0,0.025
2013-12-29 05:00:00,42.9,0.65,,5.4,0.025
2013-12-29 06:00:00,46.2,0.65,,2.7,0.025
2013-12-29 07:00:00,49.0,0.65,,5.6,0.025
2013-12-29 08:00:00,40.7,0.65,,16.5,0.025
2013-12-29 09:00:00,33.5,0.65,,30.6,0.025
2013-12-29 10:00:00,20.5,0.65,,37.2,0.025
2013-12-29 11:00:00,14.9,0.65,,42.5,0.025
2013-12-29 12:00:00,16.2,0.65,,47.0,0.025
2013-12-29 13:00:00,17.2,0.65,,46.9,0.025
2013-12-29 14:00:00,11.5,0.65,,53.9,0.025
2013-12-29 15:00:00,6.8,0.65,,59.8,0.025
2013-12-29 16:00:00,4.4,0.65,,62.5,0.025
2013-12-29 17:00:00,2.6,0.65,,65.2,0.025
2013-12-29 18:00:00,2.0,0.65,,68.9,0.025
2013-12-29 19:00:00,3.4,0.65,,58.5,0.025
2013-12-29 20:00:00,8.0,0.65,,56.9,0.025
2013-12-29 21:00:00,29.9,0.65,,46.7,0.025
2013-12-29 22:00:00,56.4,0.65,,48.8,0.025
2013-12-29 23:00:00,52.0,0.65,,49.3,0.025
2013-12-30 00:00:00,37.6,0.65,,61.4,0.025
2013-12-30 01:00:00,32.8,0.65,,43.5,0.025
2013-12-30 02:00:00,31.4,0.65,,40.7,0.025
2013-12-30 03:00:00,33.8,0.65,,44.4,0.025
2013-12-30 04:00:00,21.7,0.65,,33.4,0.025
2013-12-30 05:00:00,21.4,0.65,,23.4,0.025
2013-12-30 06:00:00,19.5,0.65,,12.8,0.025
2013-12-30 07:00:00,16.5,0.65,,17.0,0.025
2013-12-30 08:00:00,17.5,0.65,,14.2,0.025
2013-12-30 09:00:00,16.8,0.65,,13.7,0.025
2013-12-30 10:00:00,16.2,0.65,,28.7,0.025
2013-12-30 11:00:00,12.9,0.65,,37.4,0.025
2013-12-30 12:00:00,16.1,0.65,,40.9,0.025
2013-12-30 13:00:00,19.7,0.65,,50.4,0.025
2013-12-30 14:00:00,20.6,0.65,,56.8,0.025
2013-12-30 15:00:00,11.8,0.65,,57.1,0.025
2013-12-30 16:00:00,7.8,0.65,,68.0,0.025
2013-12-30 17:00:00,5.1,0.65,,70.6,0.025
2013-12-30 18:00:00,2.9,0.65,,57.3,0.025
2013-12-30 19:00:00,7.9,0.65,,35.4,0.025
2013-12-30 20:00:00,21.4,0.65,,23.3,0.025
2013-12-30 21:00:00,21.6,0.65,,23.4,0.025
2013-12-30 22:00:00,21.5,0.65,,31.9,0.025
2013-12-30 23:00:00,23.6,0.65,,29.8,0.025
2013-12-31 00:00:00,22.0,0.65,,30.9,0.025
2013-12-31 01:00:00,21.9,0.65,,23.0,0.025
2013-12-31 02:00:00,18.3,0.65,,18.4,0.025
2013-12-31 03:00:00,14.6,0.65,,6.5,0.025
2013-12-31 04:00:00,19.8,0.65,,7.7,0.025
2013-12-31 05:00:00,16.7,0.65,,9.4,0.025
2013-12-31 06:00:00,12.2,0.65,,9.7,0.025
2013-12-31 07:00:00,19.4,0.65,,12.2,0.025
2013-12-31 08:00:00,23.6,0.65,,16.2,0.025
2013-12-31 09:00:00,24.5,0.65,,18.7,0.025
2013-12-31 10:00:00,26.9,0.65,,22.7,0.025
2013-12-31 11:00:00,25.4,0.65,,28.8,0.025
2013-12-31 12:00:00,23.9,0.65,,29.5,0.025
2013-12-31 13:00:00,19.5,0.65,,36.3,0.025
2013-12-31 14:00:00,13.1,0.65,,40.0,0.025
2013-12-31 15:00:00,12.4,0.65,,46.7,0.025
2013-12-31 16:00:00,9.1,0.65,,53.3,0.025
2013-12-31 17:00:00,8.8,0.65,,59.6,0.025
2013-12-31 18:00:00,7.5,0.65,,56.4,0.025
2013-12-31 19:00:00,10.9,0.65,,53.1,0.025
2013-12-31 20:00:00,9.0,0.65,,42.9,0.025
2013-12-31 21:00:00,12.0,0.65,,29.9,0.025
2013-12-31 22:00:00,35.1,0.65,,21.0,0.5
2013-12-31 23:00:00,49.6,0.65,,14.2,0.7
