data,pm10,so2,no2,o3,co
2004-01-01 00:00:00,35.33,0.65,,21.68,0.258
2004-01-01 01:00:00,4.374,3.215,,18.14,0.348
2004-01-01 02:00:00,31.33,2.333,,17.25,0.334
2004-01-01 03:00:00,6.883,2.251,,16.86,0.226
2004-01-01 04:00:00,23.9,1.911,,17.49,0.223
2004-01-01 05:00:00,16.58,1.593,,16.16,0.288
2004-01-01 06:00:00,5.474,1.989,,16.62,0.319
2004-01-01 07:00:00,17.86,1.353,,16.32,0.341
2004-01-01 08:00:00,17.73,0.65,,17.12,0.326
2004-01-01 09:00:00,18.52,1.415,,18.84,0.309
2004-01-01 10:00:00,9.709,0.65,,19.68,0.328
2004-01-01 11:00:00,11.35,2.099,,20.29,0.316
2004-01-01 12:00:00,17.71,5.767,,20.7,0.359
2004-01-01 13:00:00,29.69,1.994,,22.5,0.354
2004-01-01 14:00:00,10.45,0.65,,24.39,0.392
2004-01-01 15:00:00,0.909,0.65,,23.19,0.304
2004-01-01 16:00:00,,0.65,,23.44,0.324
2004-01-01 17:00:00,,0.65,,23.42,0.307
2004-01-01 18:00:00,,0.65,,21.84,0.284
2004-01-01 19:00:00,28.57,0.65,,20.29,0.363
2004-01-01 20:00:00,10.58,0.65,,18.52,0.288
2004-01-01 21:00:00,12.79,1.804,,15.01,0.371
2004-01-01 22:00:00,25.68,1.631,,11.89,0.374
2004-01-01 23:00:00,41.11,1.735,,11.72,0.369
2004-01-02 00:00:00,20.25,1.708,,14.26,0.303
2004-01-02 01:00:00,17.98,0.65,,14.25,0.133
2004-01-02 02:00:00,6.011,0.65,,13.97,0.217
2004-01-02 03:00:00,0.52,0.65,,13.61,0.203
2004-01-02 04:00:00,,0.65,,13.04,0.18
2004-01-02 05:00:00,0.544,0.65,,11.16,0.168
2004-01-02 06:00:00,11.18,0.65,,5.434,0.239
2004-01-02 07:00:00,32.35,0.65,,4.352,0.353
2004-01-02 08:00:00,11.94,2.104,,8.888,0.336
2004-01-02 09:00:00,23.57,0.65,,15.27,0.264
2004-01-02 10:00:00,23.71,0.65,,16.84,0.254
2004-01-02 11:00:00,16.67,1.471,,21.62,0.291
2004-01-02 12:00:00,25.99,0.65,,21.43,0.201
2004-01-02 13:00:00,9.059,0.65,,19.76,0.212
2004-01-02 14:00:00,35.09,0.65,,18.57,0.248
2004-01-02 15:00:00,8.302,0.65,,18.93,0.223
2004-01-02 16:00:00,24.4,0.65,,19.99,0.213
2004-01-02 17:00:00,5.931,0.65,,21.48,0.267
2004-01-02 18:00:00,12.37,0.65,,20.66,0.249
2004-01-02 19:00:00,16.82,0.65,,17.33,0.275
2004-01-02 20:00:00,18.31,0.65,,13.05,0.27
2004-01-02 21:00:00,27.4,1.889,,12.73,0.226
2004-01-02 22:00:00,16.75,1.427,,12.12,0.193
2004-01-02 23:00:00,34.65,1.616,,11.51,0.233
2004-01-03 00:00:00,14.51,2.04,,12.24,0.237
2004-01-03 01:00:00,11.02,1.833,,14.09,0.459
2004-01-03 02:00:00,25.3,1.972,,11.84,0.445
2004-01-03 03:00:00,3.381,1.899,,11.53,0.446
2004-01-03 04:00:00,22.43,2.014,,9.053,0.529
2004-01-03 05:00:00,3.123,2.274,,6.232,0.462
2004-01-03 06:00:00,14.56,1.789,,4.392,0.616
2004-01-03 07:00:00,2.057,2.753,,4.915,0.634
2004-01-03 08:00:00,9.114,3.704,,7.854,0.608
2004-01-03 09:00:00,25.15,2.72,,13.01,0.479
2004-01-03 10:00:00,9.589,2.542,,18.29,0.491
2004-01-03 11:00:00,2.677,1.69,,23.68,0.545
2004-01-03 12:00:00,23.64,0.65,,29.2,0.565
2004-01-03 13:00:00,17.21,1.317,,27.33,0.593
2004-01-03 14:00:00,3.29,3.516,,26.43,0.539
2004-01-03 15:00:00,12.2,6.411,,30.1,0.465
2004-01-03 16:00:00,8.832,4.939,,28.4,0.484
2004-01-03 17:00:00,18.32,4.157,,23.81,0.517
2004-01-03 18:00:00,25.75,3.126,,21.6,0.538
2004-01-03 19:00:00,19.37,1.768,,19.1,0.554
2004-01-03 20:00:00,17.73,3.359,,14.94,0.531
2004-01-03 21:00:00,24.62,3.345,,13.91,0.542
2004-01-03 22:00:00,27.0,3.697,,13.22,0.524
2004-01-03 23:00:00,14.48,3.412,,13.53,0.496
2004-01-04 00:00:00,16.34,3.25,,13.32,0.463
2004-01-04 01:00:00,29.3,0.65,,13.01,0.393
2004-01-04 02:00:00,16.55,0.65,,12.82,0.42
2004-01-04 03:00:00,11.1,0.65,,11.76,0.406
2004-01-04 04:00:00,2.191,0.65,,9.466,0.438
2004-01-04 05:00:00,12.2,0.65,,10.03,0.398
2004-01-04 06:00:00,13.65,1.333,,6.56,0.41
2004-01-04 07:00:00,1.794,0.65,,7.23,0.516
2004-01-04 08:00:00,33.29,3.213,,9.643,0.565
2004-01-04 09:00:00,8.995,5.499,,13.65,0.498
2004-01-04 10:00:00,6.141,5.826,,17.89,0.438
2004-01-04 11:00:00,17.49,7.507,,23.05,0.6
2004-01-04 12:00:00,22.32,0.65,,36.67,0.407
2004-01-04 13:00:00,15.78,1.318,,38.89,0.525
2004-01-04 14:00:00,20.8,3.442,,26.8,0.46
2004-01-04 15:00:00,2.868,9.889,,28.84,0.441
2004-01-04 16:00:00,10.94,11.51,,29.27,0.335
2004-01-04 17:00:00,1.703,14.86,,27.37,0.359
2004-01-04 18:00:00,5.945,12.41,,25.47,0.357
2004-01-04 19:00:00,25.1,6.358,,22.62,0.385
2004-01-04 20:00:00,13.58,0.65,,16.78,0.413
2004-01-04 21:00:00,43.66,1.465,,11.5,0.43
2004-01-04 22:00:00,30.39,2.338,,10.54,0.455
2004-01-04 23:00:00,10.09,1.967,,9.07,0.433
2004-01-05 00:00:00,33.54,1.644,,9.284,0.36
2004-01-05 01:00:00,27.94,0.65,,11.86,0.328
2004-01-05 02:00:00,17.21,0.65,,12.43,0.273
2004-01-05 03:00:00,21.62,0.65,,13.36,0.287
2004-01-05 04:00:00,4.074,0.65,,13.22,0.247
2004-01-05 05:00:00,34.95,0.65,,11.11,0.298
2004-01-05 06:00:00,13.51,0.65,,6.6,0.331
2004-01-05 07:00:00,1.281,1.69,,6.078,0.742
2004-01-05 08:00:00,20.71,5.766,,6.437,1.288
2004-01-05 09:00:00,41.68,2.322,,9.786,0.741
2004-01-05 10:00:00,24.79,1.776,,12.28,0.903
2004-01-05 11:00:00,21.87,1.685,,16.21,0.793
2004-01-05 12:00:00,9.757,10.13,,18.75,0.843
2004-01-05 13:00:00,21.87,20.87,,28.06,0.66
2004-01-05 14:00:00,9.919,15.03,,44.06,0.474
2004-01-05 15:00:00,18.07,21.36,,44.71,0.58
2004-01-05 16:00:00,16.42,34.58,,52.1,0.682
2004-01-05 17:00:00,10.79,37.28,,43.92,0.574
2004-01-05 18:00:00,28.47,39.93,,35.55,0.363
2004-01-05 19:00:00,20.46,25.98,,27.23,0.355
2004-01-05 20:00:00,23.23,9.035,,22.37,0.299
2004-01-05 21:00:00,46.68,0.65,,19.34,0.433
2004-01-05 22:00:00,50.02,0.65,,15.03,0.364
2004-01-05 23:00:00,39.89,0.65,,12.27,0.459
2004-01-06 00:00:00,43.19,0.65,,13.27,0.451
2004-01-06 01:00:00,50.58,0.65,,9.361,0.377
2004-01-06 02:00:00,13.05,0.65,,6.549,0.401
2004-01-06 03:00:00,10.47,0.65,,9.442,0.38
2004-01-06 04:00:00,18.83,0.65,,7.189,0.353
2004-01-06 05:00:00,35.75,0.65,,3.478,0.336
2004-01-06 06:00:00,19.37,0.65,,3.111,0.525
2004-01-06 07:00:00,42.55,0.65,,5.393,0.955
2004-01-06 08:00:00,29.39,0.65,,7.747,1.741
2004-01-06 09:00:00,40.47,0.65,,8.818,0.965
2004-01-06 10:00:00,26.21,0.65,,13.01,0.916
2004-01-06 11:00:00,14.63,0.65,,12.01,1.157
2004-01-06 12:00:00,32.65,5.174,,16.51,0.893
2004-01-06 13:00:00,11.84,10.51,,20.14,0.819
2004-01-06 14:00:00,6.407,27.87,,26.91,0.959
2004-01-06 15:00:00,0.668,51.38,,36.71,0.729
2004-01-06 16:00:00,3.213,47.46,,55.98,0.576
2004-01-06 17:00:00,3.656,33.96,,46.39,0.359
2004-01-06 18:00:00,40.7,26.33,,38.78,0.38
2004-01-06 19:00:00,48.84,20.68,,31.47,0.331
2004-01-06 20:00:00,19.8,7.083,,25.69,0.326
2004-01-06 21:00:00,38.44,0.65,,23.88,0.439
2004-01-06 22:00:00,42.68,0.65,,17.17,0.481
2004-01-06 23:00:00,50.99,0.65,,14.51,0.48
2004-01-07 00:00:00,26.91,0.65,,12.37,0.381
2004-01-07 01:00:00,55.37,0.65,,11.09,0.348
2004-01-07 02:00:00,15.2,0.65,,10.03,0.39
2004-01-07 03:00:00,27.15,0.65,,6.119,0.493
2004-01-07 04:00:00,36.91,0.65,,5.083,0.454
2004-01-07 05:00:00,27.51,0.65,,6.639,0.35
2004-01-07 06:00:00,11.67,0.65,,5.158,0.455
2004-01-07 07:00:00,62.57,2.689,,7.706,1.534
2004-01-07 08:00:00,37.44,3.365,,8.202,1.376
2004-01-07 09:00:00,47.31,2.978,,12.92,1.173
2004-01-07 10:00:00,41.76,4.111,,15.73,1.036
2004-01-07 11:00:00,28.71,,,24.67,
2004-01-07 12:00:00,,2.904,,47.75,0.744
2004-01-07 13:00:00,9.005,3.685,,30.42,0.67
2004-01-07 14:00:00,2.796,10.87,,30.42,0.715
2004-01-07 15:00:00,12.37,34.78,,41.91,0.589
2004-01-07 16:00:00,13.95,57.84,,52.77,0.297
2004-01-07 17:00:00,2.046,64.26,,53.46,0.159
2004-01-07 18:00:00,,62.37,,46.46,
2004-01-07 19:00:00,15.19,64.64,,41.53,
2004-01-07 20:00:00,4.081,57.23,,28.75,
2004-01-07 21:00:00,32.48,55.43,,28.93,
2004-01-07 22:00:00,37.56,55.02,,21.98,
2004-01-07 23:00:00,38.89,54.9,,21.62,
2004-01-08 00:00:00,23.92,36.42,,18.35,0.214
2004-01-08 01:00:00,17.99,0.65,,18.31,0.377
2004-01-08 02:00:00,13.53,0.65,,16.14,0.425
2004-01-08 03:00:00,16.75,0.65,,16.77,0.481
2004-01-08 04:00:00,6.668,0.65,,15.79,0.5
2004-01-08 05:00:00,22.04,0.65,,8.421,0.561
2004-01-08 06:00:00,37.43,0.65,,3.303,0.583
2004-01-08 07:00:00,18.9,0.65,,1.424,0.885
2004-01-08 08:00:00,32.76,8.106,,2.483,1.709
2004-01-08 09:00:00,35.25,16.5,,5.365,1.426
2004-01-08 10:00:00,35.98,17.59,,16.12,1.0
2004-01-08 11:00:00,35.32,12.72,,37.25,
2004-01-08 12:00:00,22.95,7.24,,43.38,
2004-01-14 17:00:00,,,,,
2004-01-14 18:00:00,,,,,
2004-01-14 19:00:00,,,,,
2004-01-14 20:00:00,,,,,
2004-01-14 21:00:00,,,,,
2004-01-14 22:00:00,,,,,
2004-01-14 23:00:00,,,,,
2004-01-15 00:00:00,,,,,
2004-01-15 01:00:00,,,,,
2004-01-15 02:00:00,,,,,
2004-01-15 03:00:00,,,,,
2004-01-15 04:00:00,,,,,
2004-01-15 05:00:00,,,,,
2004-01-15 06:00:00,,,,,
2004-01-15 07:00:00,,,,,
2004-01-15 08:00:00,,,,,
2004-01-15 09:00:00,,,,,
2004-01-15 10:00:00,,,,,
2004-01-15 11:00:00,,,,,
2004-01-15 12:00:00,,,,,
2004-01-15 13:00:00,,,,,
2004-01-15 14:00:00,,,,,
2004-01-15 15:00:00,,,,,
2004-01-15 16:00:00,,,,,
2004-01-15 17:00:00,,,,,
2004-01-15 18:00:00,,,,,
2004-01-15 19:00:00,,,,,
2004-01-15 20:00:00,,,,,
2004-01-15 21:00:00,,,,,
2004-01-15 22:00:00,,,,,
2004-01-15 23:00:00,,,,,
2004-01-16 00:00:00,,,,,
2004-01-16 01:00:00,,,,,
2004-01-16 02:00:00,,,,,
2004-01-16 03:00:00,,,,,
2004-01-16 04:00:00,,,,,
2004-01-16 05:00:00,,,,,
2004-01-16 06:00:00,,,,,
2004-01-16 07:00:00,,,,,
2004-01-16 08:00:00,,,,,
2004-01-16 09:00:00,,,,,
2004-01-16 10:00:00,,,,,
2004-01-16 11:00:00,,,,,
2004-01-16 12:00:00,,,,,
2004-01-16 13:00:00,,,,,
2004-01-16 14:00:00,,,,,
2004-01-16 15:00:00,,,,,
2004-01-16 16:00:00,,,,,
2004-01-17 11:00:00,,6.272,,7.787,
2004-01-17 12:00:00,0.688,,,32.19,
2004-01-17 13:00:00,8.536,1.31,,24.99,
2004-01-17 14:00:00,4.778,0.65,,23.48,
2004-01-17 15:00:00,3.454,0.65,,21.78,
2004-01-17 16:00:00,17.57,0.65,,23.75,
2004-01-17 17:00:00,4.51,0.65,,24.36,
2004-01-17 18:00:00,2.05,0.65,,23.15,
2004-01-17 19:00:00,24.99,0.65,,23.83,
2004-01-17 20:00:00,15.33,0.65,,22.04,
2004-01-17 21:00:00,28.31,0.65,,19.08,
2004-01-17 22:00:00,10.9,0.65,,17.94,
2004-01-17 23:00:00,44.31,0.65,,15.71,
2004-01-18 00:00:00,12.74,0.65,,15.91,
2004-01-18 01:00:00,13.53,0.65,,16.07,
2004-01-18 02:00:00,1.103,0.65,,16.39,
2004-01-18 03:00:00,15.88,0.65,,15.62,
2004-01-18 04:00:00,27.95,0.65,,14.94,
2004-01-18 05:00:00,3.108,0.65,,14.74,
2004-01-18 06:00:00,1.558,0.65,,12.66,
2004-01-18 07:00:00,20.97,0.65,,9.844,
2004-01-18 08:00:00,23.39,0.65,,12.68,
2004-01-18 09:00:00,22.73,0.65,,14.72,
2004-01-18 10:00:00,12.44,0.65,,16.52,
2004-01-18 11:00:00,7.666,0.65,,19.12,
2004-01-18 12:00:00,23.76,4.066,,22.07,
2004-01-18 13:00:00,0.097,9.213,,22.78,
2004-01-18 14:00:00,1.323,13.29,,26.98,
2004-01-18 15:00:00,,13.83,,31.87,
2004-01-18 16:00:00,2.654,11.66,,26.86,
2004-01-18 17:00:00,37.19,8.964,,22.33,
2004-01-18 18:00:00,22.79,7.974,,20.51,
2004-01-18 19:00:00,22.43,4.63,,19.61,
2004-01-18 20:00:00,12.78,0.65,,16.47,
2004-01-18 21:00:00,37.56,0.65,,17.31,
2004-01-18 22:00:00,31.83,0.65,,15.58,
2004-01-18 23:00:00,20.73,0.65,,14.25,
2004-01-19 00:00:00,16.62,0.65,,14.26,
2004-01-19 01:00:00,9.985,0.65,,15.48,
2004-01-19 02:00:00,16.71,0.65,,17.04,
2004-01-19 03:00:00,9.288,0.65,,17.16,
2004-01-19 04:00:00,17.16,0.65,,16.67,
2004-01-19 05:00:00,10.44,0.65,,16.06,
2004-01-19 06:00:00,12.88,0.65,,9.118,
2004-01-19 07:00:00,19.17,0.65,,5.143,
2004-01-19 08:00:00,23.1,0.65,,2.114,
2004-01-19 09:00:00,39.51,0.65,,3.764,
2004-01-19 10:00:00,25.51,0.65,,6.124,
2004-01-19 11:00:00,48.25,0.65,,11.81,
2004-01-19 12:00:00,30.24,0.65,,17.85,
2004-01-19 13:00:00,0.764,0.65,,21.32,
2004-01-19 14:00:00,12.63,0.65,,21.56,
2004-01-19 15:00:00,18.76,3.425,,24.85,
2004-01-19 16:00:00,19.77,6.803,,24.08,
2004-01-19 17:00:00,30.99,8.352,,22.67,
2004-01-19 18:00:00,0.635,8.626,,19.33,
2004-01-19 19:00:00,7.161,5.314,,16.5,
2004-01-19 20:00:00,5.218,0.65,,14.38,
2004-01-19 21:00:00,51.8,0.65,,14.16,
2004-01-19 22:00:00,17.14,0.65,,13.57,
2004-01-19 23:00:00,30.85,0.65,,13.96,
2004-01-20 00:00:00,0.475,0.65,,15.71,
2004-01-20 01:00:00,5.233,0.65,,17.22,
2004-01-20 02:00:00,0.172,0.65,,17.37,
2004-01-20 03:00:00,1.925,0.65,,17.43,
2004-01-20 04:00:00,0.851,0.65,,17.58,
2004-01-20 05:00:00,10.33,0.65,,17.1,
2004-01-20 06:00:00,14.57,0.65,,11.51,
2004-01-20 07:00:00,24.69,0.65,,2.621,
2004-01-20 08:00:00,7.389,0.65,,2.885,
2004-01-20 09:00:00,30.18,0.65,,6.206,
2004-01-20 10:00:00,41.52,0.65,,12.92,
2004-01-20 11:00:00,5.071,1.319,,16.41,
2004-01-20 12:00:00,33.61,6.541,,25.47,
2004-01-20 13:00:00,1.535,13.72,,29.01,
2004-01-20 14:00:00,15.08,19.11,,29.44,
2004-01-20 15:00:00,,24.12,,28.7,
2004-01-20 16:00:00,1.969,27.07,,28.62,
2004-01-20 17:00:00,23.09,25.51,,27.51,
2004-01-20 18:00:00,17.61,23.09,,25.31,
2004-01-20 19:00:00,25.6,18.79,,16.81,
2004-01-20 20:00:00,25.15,11.64,,14.4,
2004-01-20 21:00:00,35.99,5.7,,13.68,
2004-01-20 22:00:00,34.35,0.65,,13.02,
2004-01-20 23:00:00,34.18,0.65,,12.86,
2004-01-21 00:00:00,28.1,0.65,,12.7,
2004-01-21 01:00:00,7.057,0.65,,13.61,
2004-01-21 02:00:00,11.25,0.65,,13.69,
2004-01-21 03:00:00,22.79,0.65,,13.9,
2004-01-21 04:00:00,16.37,0.65,,13.73,
2004-01-21 05:00:00,23.63,0.65,,11.67,
2004-01-21 06:00:00,2.732,0.65,,7.435,
2004-01-21 07:00:00,9.928,0.65,,1.769,
2004-01-21 08:00:00,29.47,0.65,,1.185,
2004-01-21 09:00:00,14.33,0.65,,1.645,
2004-01-21 10:00:00,23.5,2.44,,1.53,
2004-01-21 11:00:00,53.92,2.973,,1.451,
2004-01-21 12:00:00,22.46,2.001,,6.425,
2004-01-21 13:00:00,18.9,1.66,,12.64,
2004-01-21 14:00:00,25.68,0.65,,11.71,
2004-01-21 15:00:00,4.097,4.897,,14.42,
2004-01-21 16:00:00,12.59,8.988,,21.92,
2004-01-21 17:00:00,0.811,9.132,,23.47,
2004-01-21 18:00:00,9.563,9.31,,19.89,
2004-01-21 19:00:00,1.066,9.157,,15.75,
2004-01-21 20:00:00,12.69,9.726,,9.589,
2004-01-21 21:00:00,2.695,10.54,,6.628,
2004-01-21 22:00:00,24.64,9.719,,6.463,
2004-01-21 23:00:00,26.13,8.792,,5.154,
2004-01-22 00:00:00,41.78,7.006,,6.272,
2004-01-22 01:00:00,14.78,0.65,,10.1,
2004-01-22 02:00:00,0.051,0.65,,8.829,
2004-01-22 03:00:00,3.093,0.65,,9.167,
2004-01-22 04:00:00,31.8,0.65,,6.647,
2004-01-22 05:00:00,20.07,0.65,,3.85,
2004-01-22 06:00:00,0.814,0.65,,2.84,
2004-01-22 07:00:00,9.636,0.65,,1.514,
2004-01-22 08:00:00,4.025,1.725,,2.013,
2004-01-22 09:00:00,31.72,3.158,,2.021,
2004-01-22 10:00:00,29.71,5.021,,3.357,
2004-01-22 11:00:00,62.41,4.952,,8.871,
2004-01-22 12:00:00,30.88,7.453,,27.74,
2004-01-22 13:00:00,16.06,5.181,,54.71,
2004-01-22 14:00:00,28.59,3.187,,48.84,
2004-01-22 15:00:00,37.22,2.619,,29.87,
2004-01-22 16:00:00,19.97,2.207,,30.22,
2004-01-22 17:00:00,15.41,2.507,,24.89,
2004-01-22 18:00:00,19.27,1.767,,17.97,
2004-01-22 19:00:00,3.136,1.426,,16.86,
2004-01-22 20:00:00,8.204,1.486,,16.52,
2004-01-22 21:00:00,25.71,1.316,,13.13,
2004-01-22 22:00:00,6.814,1.599,,11.28,
2004-01-22 23:00:00,5.004,1.761,,11.76,
2004-01-23 00:00:00,16.09,1.905,,11.25,
2004-01-23 01:00:00,2.149,0.65,,11.89,
2004-01-23 02:00:00,27.01,1.457,,12.53,
2004-01-23 03:00:00,0.877,1.446,,12.96,
2004-01-23 04:00:00,10.6,1.686,,13.42,
2004-01-23 05:00:00,0.598,1.688,,12.67,
2004-01-23 06:00:00,7.52,1.908,,9.654,
2004-01-23 07:00:00,1.271,2.0,,5.157,
2004-01-23 08:00:00,17.85,2.318,,5.592,
2004-01-23 09:00:00,32.04,2.606,,9.033,
2004-01-23 10:00:00,61.79,3.011,,12.59,
2004-01-23 11:00:00,,2.999,,18.72,
2004-01-23 12:00:00,0.325,3.473,,21.83,
2004-01-23 13:00:00,4.013,3.668,,22.37,
2004-01-23 14:00:00,5.681,4.368,,22.7,
2004-01-23 15:00:00,17.21,4.131,,21.95,
2004-01-23 16:00:00,0.215,4.031,,17.76,
2004-01-23 17:00:00,4.438,3.517,,14.61,
2004-01-23 18:00:00,23.26,2.685,,14.02,
2004-01-23 19:00:00,13.77,3.171,,11.61,
2004-01-23 20:00:00,27.46,1.984,,11.46,
2004-01-23 21:00:00,3.866,2.356,,11.66,
2004-01-23 22:00:00,18.84,2.303,,11.45,
2004-01-23 23:00:00,1.939,1.929,,11.28,
2004-01-24 00:00:00,22.44,2.056,,10.88,
2004-01-24 01:00:00,13.11,0.65,,11.43,
2004-01-24 02:00:00,13.55,0.65,,11.13,
2004-01-24 03:00:00,,0.65,,10.73,
2004-01-24 04:00:00,,0.65,,9.536,
2004-01-24 05:00:00,0.309,0.65,,6.51,
2004-01-24 06:00:00,4.474,1.332,,5.961,
2004-01-24 07:00:00,12.49,0.65,,2.925,
2004-01-24 08:00:00,12.85,1.346,,3.819,
2004-01-24 09:00:00,1.465,2.686,,5.993,
2004-01-24 10:00:00,17.73,2.962,,12.94,
2004-01-24 11:00:00,8.411,3.085,,20.08,
2004-01-24 12:00:00,8.208,3.385,,27.98,
2004-01-24 13:00:00,,3.471,,38.1,
2004-01-24 14:00:00,,6.819,,47.15,
2004-01-24 15:00:00,,3.811,,46.14,
2004-01-24 16:00:00,1.762,4.142,,34.22,
2004-01-24 17:00:00,17.09,3.441,,24.1,
2004-01-24 18:00:00,26.68,3.311,,17.98,
2004-01-24 19:00:00,35.96,2.413,,16.81,
2004-01-24 20:00:00,31.69,2.95,,25.03,
2004-01-24 21:00:00,45.56,3.263,,26.07,
2004-01-24 22:00:00,9.629,2.739,,24.02,
2004-01-24 23:00:00,3.363,3.465,,13.77,
2004-01-25 00:00:00,9.651,1.678,,9.217,
2004-01-25 01:00:00,5.092,0.65,,9.834,
2004-01-25 02:00:00,4.991,0.65,,8.694,
2004-01-25 03:00:00,22.9,0.65,,7.125,
2004-01-25 04:00:00,23.18,0.65,,8.814,
2004-01-25 05:00:00,7.472,0.65,,9.109,
2004-01-25 06:00:00,13.04,0.65,,5.679,
2004-01-25 07:00:00,10.13,0.65,,7.305,
2004-01-25 08:00:00,25.07,2.575,,12.57,
2004-01-25 09:00:00,17.03,3.459,,19.4,
2004-01-25 10:00:00,47.26,7.303,,25.45,
2004-01-25 11:00:00,3.785,9.954,,36.14,
2004-01-25 12:00:00,31.01,8.897,,40.13,
2004-01-25 13:00:00,3.082,0.65,,35.91,
2004-01-25 14:00:00,12.14,1.673,,38.12,
2004-01-25 15:00:00,1.779,0.65,,40.74,
2004-01-25 16:00:00,15.34,0.65,,39.74,
2004-01-25 17:00:00,10.37,0.65,,32.88,
2004-01-25 18:00:00,26.56,0.65,,31.94,
2004-01-25 19:00:00,15.86,0.65,,28.4,
2004-01-25 20:00:00,23.97,0.65,,29.96,
2004-01-25 21:00:00,5.355,0.65,,28.8,
2004-01-25 22:00:00,34.16,0.65,,28.49,
2004-01-25 23:00:00,13.3,0.65,,22.43,
2004-01-26 00:00:00,28.99,0.65,,17.34,
2004-01-26 01:00:00,14.26,0.65,,15.27,
2004-01-26 02:00:00,31.74,0.65,,19.05,
2004-01-26 03:00:00,0.741,0.65,,23.01,
2004-01-26 04:00:00,6.189,0.65,,19.08,
2004-01-26 05:00:00,2.131,0.65,,14.89,
2004-01-26 06:00:00,19.12,0.65,,10.52,
2004-01-26 07:00:00,13.47,0.65,,4.766,
2004-01-26 08:00:00,6.195,0.65,,8.467,
2004-01-26 09:00:00,19.99,0.65,,13.14,
2004-01-26 10:00:00,12.99,0.65,,17.86,
2004-01-26 11:00:00,23.13,0.65,,14.76,
2004-01-26 12:00:00,26.12,0.65,,18.0,
2004-01-26 13:00:00,14.92,0.65,,16.01,
2004-01-26 14:00:00,14.68,0.65,,22.98,
2004-01-26 15:00:00,2.18,0.65,,21.08,
2004-01-26 16:00:00,22.79,0.65,,23.66,
2004-01-26 17:00:00,30.24,0.65,,23.07,
2004-01-26 18:00:00,5.81,0.65,,21.61,
2004-01-26 19:00:00,10.25,0.65,,18.91,
2004-01-26 20:00:00,18.2,0.65,,14.54,
2004-01-26 21:00:00,29.16,0.65,,12.88,
2004-01-26 22:00:00,26.53,0.65,,12.97,
2004-01-26 23:00:00,26.76,0.65,,12.96,
2004-01-27 00:00:00,25.4,0.65,,11.71,
2004-01-27 01:00:00,13.21,0.65,,11.36,
2004-01-27 02:00:00,23.5,0.65,,11.09,
2004-01-27 03:00:00,6.386,0.65,,10.31,
2004-01-27 04:00:00,8.091,0.65,,9.999,
2004-01-27 05:00:00,5.549,0.65,,9.854,
2004-01-27 06:00:00,5.269,0.65,,6.88,
2004-01-27 07:00:00,11.77,0.65,,4.5,
2004-01-27 08:00:00,3.199,0.65,,5.864,
2004-01-27 09:00:00,32.83,0.65,,10.97,
2004-01-27 10:00:00,39.23,0.65,,20.66,
2004-01-27 11:00:00,20.24,0.65,,20.69,
2004-01-27 12:00:00,1.794,0.65,,19.21,
2004-01-27 13:00:00,18.83,0.65,,18.19,
2004-01-27 14:00:00,12.37,0.65,,20.14,
2004-01-27 15:00:00,17.92,0.65,,21.16,
2004-01-27 16:00:00,2.718,0.65,,24.14,
2004-01-27 17:00:00,26.89,0.65,,19.38,
2004-01-27 18:00:00,3.769,0.65,,17.65,
2004-01-27 19:00:00,38.25,0.65,,19.15,
2004-01-27 20:00:00,18.0,0.65,,18.36,
2004-01-27 21:00:00,29.34,0.65,,14.81,
2004-01-27 22:00:00,15.92,0.65,,16.41,
2004-01-27 23:00:00,27.78,0.65,,19.86,
2004-01-28 00:00:00,7.606,0.65,,16.41,
2004-01-28 01:00:00,7.482,0.65,,14.58,
2004-01-28 02:00:00,16.86,0.65,,9.194,
2004-01-28 03:00:00,36.6,0.65,,5.465,
2004-01-28 04:00:00,1.333,0.65,,2.917,
2004-01-28 05:00:00,17.15,0.65,,1.931,
2004-01-28 06:00:00,38.58,0.65,,2.64,
2004-01-28 07:00:00,2.237,0.65,,1.944,
2004-01-28 08:00:00,28.35,0.65,,2.131,
2004-01-28 09:00:00,60.8,0.65,,4.862,
2004-01-28 10:00:00,35.59,0.65,,9.8,
2004-01-28 11:00:00,17.71,0.65,,18.35,
2004-01-28 12:00:00,8.113,0.65,,32.19,
2004-01-28 13:00:00,23.06,0.65,,41.67,
2004-01-28 14:00:00,29.34,0.65,,53.53,
2004-01-28 15:00:00,33.8,0.65,,59.54,
2004-01-28 16:00:00,44.09,0.65,,44.12,
2004-01-28 17:00:00,36.99,0.65,,26.92,
2004-01-28 18:00:00,52.4,0.65,,21.66,
2004-01-28 19:00:00,23.14,0.65,,18.59,
2004-01-28 20:00:00,33.29,0.65,,11.19,
2004-01-28 21:00:00,39.28,0.65,,10.42,
2004-01-28 22:00:00,29.4,0.65,,16.23,
2004-01-28 23:00:00,33.07,0.65,,5.306,
2004-01-29 00:00:00,27.89,0.65,,0.5,
2004-01-29 01:00:00,28.97,0.65,,1.433,
2004-01-29 02:00:00,27.39,0.65,,1.0,
2004-01-29 03:00:00,27.11,0.65,,1.483,
2004-01-29 04:00:00,39.19,0.65,,12.27,
2004-01-29 05:00:00,27.9,0.65,,7.55,
2004-01-29 06:00:00,8.076,0.65,,5.178,
2004-01-29 07:00:00,24.23,0.65,,1.367,
2004-01-29 08:00:00,39.79,0.65,,0.5,
2004-01-29 09:00:00,41.29,0.65,,3.044,
2004-01-29 10:00:00,28.64,0.65,,9.768,
2004-01-29 11:00:00,33.3,0.65,,28.83,
2004-01-29 12:00:00,32.47,0.65,,38.98,
2004-01-29 13:00:00,18.5,0.65,,44.99,
2004-01-29 14:00:00,21.74,0.65,,46.62,
2004-01-29 15:00:00,28.37,0.65,,30.17,
2004-01-29 16:00:00,50.37,0.65,,29.76,
2004-01-29 17:00:00,78.06,0.65,,19.45,
2004-01-29 18:00:00,30.06,0.65,,14.28,
2004-01-29 19:00:00,10.15,0.65,,3.838,
2004-01-29 20:00:00,35.24,0.65,,7.757,
2004-01-29 21:00:00,3.996,0.65,,5.276,
2004-01-29 22:00:00,23.11,0.65,,3.578,
2004-01-29 23:00:00,25.97,0.65,,3.171,
2004-01-30 00:00:00,31.23,0.65,,3.013,
2004-01-30 01:00:00,19.45,0.65,,2.507,
2004-01-30 02:00:00,8.935,0.65,,2.758,
2004-01-30 03:00:00,33.64,0.65,,2.882,
2004-01-30 04:00:00,21.42,0.65,,12.45,
2004-01-30 05:00:00,,0.65,,12.8,
2004-01-30 06:00:00,3.375,0.65,,6.788,
2004-01-30 07:00:00,30.75,0.65,,5.118,
2004-01-30 08:00:00,18.98,0.65,,2.679,
2004-01-30 09:00:00,38.17,0.65,,5.608,
2004-01-30 10:00:00,29.29,0.65,,10.97,
2004-01-30 11:00:00,24.45,1.306,,16.01,
2004-01-30 12:00:00,18.1,0.65,,30.83,
2004-01-30 13:00:00,32.39,1.513,,40.3,
2004-01-30 14:00:00,13.68,0.65,,43.23,
2004-01-30 15:00:00,30.6,0.65,,48.57,
2004-01-30 16:00:00,0.92,0.65,,42.33,
2004-01-30 17:00:00,9.343,3.208,,45.9,
2004-01-30 18:00:00,9.597,0.65,,47.08,
2004-01-30 19:00:00,5.669,0.65,,40.78,
2004-01-30 20:00:00,53.62,0.65,,34.02,
2004-01-30 21:00:00,19.26,0.65,,31.0,
2004-01-30 22:00:00,29.26,0.65,,30.98,
2004-01-30 23:00:00,35.7,0.65,,33.72,
2004-01-31 00:00:00,21.08,0.65,,30.07,
2004-01-31 01:00:00,19.73,0.65,,27.38,
2004-01-31 02:00:00,26.54,0.65,,30.17,
2004-01-31 03:00:00,27.74,0.65,,28.2,
2004-01-31 04:00:00,18.39,0.65,,26.81,
2004-01-31 05:00:00,26.8,0.65,,25.73,
2004-01-31 06:00:00,1.813,0.65,,20.66,
2004-01-31 07:00:00,20.21,0.65,,17.46,
2004-01-31 08:00:00,33.62,0.65,,20.83,
2004-01-31 09:00:00,26.43,0.65,,28.98,
2004-01-31 10:00:00,29.26,0.65,,33.21,
2004-01-31 11:00:00,14.83,0.65,,41.08,
2004-01-31 12:00:00,31.65,0.65,,42.48,
2004-01-31 13:00:00,0.44,2.062,,45.26,
2004-01-31 14:00:00,5.235,1.656,,38.03,
2004-01-31 15:00:00,15.3,1.885,,36.62,
2004-01-31 16:00:00,47.44,0.65,,34.19,
2004-01-31 17:00:00,1.976,1.352,,35.14,
2004-01-31 18:00:00,20.66,1.408,,32.35,
2004-01-31 19:00:00,18.03,0.65,,33.95,
2004-01-31 20:00:00,23.9,0.65,,30.37,
2004-01-31 21:00:00,19.79,0.65,,28.19,
2004-01-31 22:00:00,27.4,1.647,,29.96,
2004-01-31 23:00:00,20.14,1.34,,24.45,
2004-02-01 00:00:00,22.46,1.31,,23.42,
2004-02-01 01:00:00,20.5,0.65,,17.18,
2004-02-01 02:00:00,16.29,0.65,,18.25,
2004-02-01 03:00:00,114.7,0.65,,19.71,
2004-02-01 04:00:00,36.61,0.65,,21.58,
2004-02-01 05:00:00,25.49,0.65,,32.89,
2004-02-01 06:00:00,,0.65,,26.51,
2004-02-01 07:00:00,,0.65,,23.8,
2004-02-01 08:00:00,0.665,0.65,,19.08,
2004-02-01 09:00:00,9.636,0.65,,17.26,
2004-02-01 10:00:00,30.06,0.65,,17.28,
2004-02-01 11:00:00,5.923,0.65,,21.01,
2004-02-01 12:00:00,30.17,0.65,,24.7,
2004-02-01 13:00:00,24.06,0.65,,31.1,
2004-02-01 14:00:00,27.31,0.65,,32.89,
2004-02-01 15:00:00,8.935,0.65,,29.03,
2004-02-01 16:00:00,33.84,0.65,,20.69,
2004-02-01 17:00:00,9.955,0.65,,18.61,
2004-02-01 18:00:00,4.435,0.65,,15.16,
2004-02-01 19:00:00,11.44,0.65,,15.26,
2004-02-01 20:00:00,39.17,0.65,,8.65,
2004-02-01 21:00:00,1.923,0.65,,6.105,
2004-02-01 22:00:00,22.61,0.65,,8.215,
2004-02-01 23:00:00,33.53,0.65,,14.05,
2004-02-02 00:00:00,36.48,0.65,,19.05,
2004-02-02 01:00:00,12.23,0.65,,11.9,
2004-02-02 02:00:00,1.597,0.65,,21.6,
2004-02-02 03:00:00,13.71,0.65,,18.07,
2004-02-02 04:00:00,21.93,0.65,,21.12,
2004-02-02 05:00:00,10.15,0.65,,13.61,
2004-02-02 06:00:00,16.22,0.65,,11.25,
2004-02-02 07:00:00,38.79,0.65,,5.43,
2004-02-02 08:00:00,28.23,0.65,,9.221,
2004-02-02 09:00:00,32.05,0.65,,15.28,
2004-02-02 10:00:00,34.65,0.65,,19.93,
2004-02-02 11:00:00,1.269,0.65,,22.9,
2004-02-02 12:00:00,14.56,0.65,,27.3,
2004-02-02 13:00:00,11.63,0.65,,28.0,
2004-02-02 14:00:00,1.435,0.65,,27.84,
2004-02-02 15:00:00,16.16,0.65,,25.75,
2004-02-02 16:00:00,10.42,0.65,,23.09,
2004-02-02 17:00:00,6.041,0.65,,21.04,
2004-02-02 18:00:00,5.34,0.65,,19.98,
2004-02-02 19:00:00,3.867,0.65,,20.47,
2004-02-02 20:00:00,10.52,0.65,,17.23,
2004-02-02 21:00:00,16.01,0.65,,16.06,
2004-02-02 22:00:00,17.78,0.65,,16.34,
2004-02-02 23:00:00,34.69,0.65,,12.46,
2004-02-03 00:00:00,10.41,0.65,,11.27,
2004-02-03 01:00:00,9.192,0.65,,9.833,
2004-02-03 02:00:00,20.74,0.65,,7.463,
2004-02-03 03:00:00,21.27,0.65,,7.354,
2004-02-03 04:00:00,17.48,0.65,,10.52,
2004-02-03 05:00:00,1.538,0.65,,12.11,
2004-02-03 06:00:00,17.46,0.65,,10.35,
2004-02-03 07:00:00,11.21,0.65,,6.511,
2004-02-03 08:00:00,23.09,0.65,,7.663,
2004-02-03 09:00:00,30.74,0.65,,10.92,
2004-02-03 10:00:00,17.27,0.65,,15.81,
2004-02-03 11:00:00,22.76,0.65,,18.89,
2004-02-03 12:00:00,5.728,0.65,,22.92,
2004-02-03 13:00:00,4.62,0.65,,22.64,
2004-02-03 14:00:00,5.892,0.65,,25.73,
2004-02-03 15:00:00,29.01,0.65,,30.74,
2004-02-03 16:00:00,25.68,0.65,,29.04,
2004-02-03 17:00:00,2.259,0.65,,27.15,
2004-02-03 18:00:00,20.7,0.65,,18.56,
2004-02-03 19:00:00,25.05,0.65,,16.5,
2004-02-03 20:00:00,35.53,0.65,,14.0,
2004-02-03 21:00:00,24.52,0.65,,24.11,
2004-02-03 22:00:00,18.4,0.65,,22.37,
2004-02-03 23:00:00,16.86,0.65,,17.14,
2004-02-04 00:00:00,2.592,0.65,,13.93,
2004-02-04 01:00:00,21.06,0.65,,19.51,
2004-02-04 02:00:00,,0.65,,14.06,
2004-02-04 03:00:00,1.074,0.65,,14.63,
2004-02-04 04:00:00,9.672,0.65,,13.71,
2004-02-04 05:00:00,9.417,0.65,,9.61,
2004-02-04 06:00:00,10.53,0.65,,5.714,
2004-02-04 07:00:00,36.88,0.65,,2.536,
2004-02-04 08:00:00,29.37,0.65,,2.853,
2004-02-04 09:00:00,32.12,1.728,,2.957,
2004-02-04 10:00:00,41.14,2.115,,4.047,
2004-02-04 11:00:00,15.52,1.529,,8.828,
2004-02-04 12:00:00,27.27,1.433,,13.46,
2004-02-04 13:00:00,26.61,0.65,,9.235,
2004-02-04 14:00:00,29.88,0.65,,17.28,
2004-02-04 15:00:00,12.06,0.65,,15.32,
2004-02-04 16:00:00,54.32,0.65,,10.14,
2004-02-04 17:00:00,15.4,0.65,,8.032,
2004-02-04 18:00:00,53.0,0.65,,8.446,
2004-02-04 19:00:00,45.19,0.65,,6.54,
2004-02-04 20:00:00,7.455,0.65,,12.14,
2004-02-04 21:00:00,28.64,0.65,,11.54,
2004-02-04 22:00:00,10.79,0.65,,9.036,
2004-02-04 23:00:00,12.35,0.65,,7.54,
2004-02-05 00:00:00,19.44,0.65,,2.06,
2004-02-05 01:00:00,5.587,0.65,,7.132,
2004-02-05 02:00:00,14.6,0.65,,8.344,
2004-02-05 03:00:00,20.95,0.65,,11.89,
2004-02-05 04:00:00,16.32,0.65,,7.514,
2004-02-05 05:00:00,22.26,0.65,,8.096,
2004-02-05 06:00:00,18.48,0.65,,2.975,
2004-02-05 07:00:00,29.76,0.65,,2.864,
2004-02-05 08:00:00,30.31,0.65,,2.452,
2004-02-05 09:00:00,47.8,0.65,,6.363,
2004-02-05 10:00:00,23.25,0.65,,6.096,
2004-02-05 11:00:00,35.77,0.65,,4.952,
2004-02-05 12:00:00,21.43,0.65,,7.883,
2004-02-05 13:00:00,16.05,0.65,,13.66,
2004-02-05 14:00:00,30.19,0.65,,20.0,
2004-02-05 15:00:00,6.059,0.65,,18.15,
2004-02-05 16:00:00,11.01,0.65,,17.67,
2004-02-05 17:00:00,32.87,0.65,,18.31,
2004-02-05 18:00:00,1.708,0.65,,19.5,
2004-02-05 19:00:00,8.13,0.65,,16.8,
2004-02-05 20:00:00,1.983,0.65,,15.99,
2004-02-05 21:00:00,21.94,0.65,,15.52,
2004-02-05 22:00:00,40.85,0.65,,11.01,
2004-02-05 23:00:00,3.748,0.65,,9.578,
2004-02-06 00:00:00,0.539,0.65,,6.194,
2004-02-06 01:00:00,7.419,0.65,,0.5,
2004-02-06 02:00:00,24.74,0.65,,7.983,
2004-02-06 03:00:00,14.48,0.65,,11.15,
2004-02-06 04:00:00,13.46,0.65,,7.571,
2004-02-06 05:00:00,12.52,0.65,,16.46,
2004-02-06 06:00:00,9.401,0.65,,15.24,
2004-02-06 07:00:00,12.34,0.65,,10.15,
2004-02-06 08:00:00,18.09,0.65,,16.55,
2004-02-06 09:00:00,0.424,0.65,,17.05,
2004-02-06 10:00:00,6.039,0.65,,18.6,
2004-02-06 11:00:00,22.95,0.65,,18.12,
2004-02-06 12:00:00,13.68,0.65,,18.47,
2004-02-06 13:00:00,14.94,0.65,,19.23,
2004-02-06 15:00:00,19.09,0.65,,18.49,
2004-02-06 16:00:00,10.01,0.65,,18.8,
2004-02-06 17:00:00,3.208,0.65,,16.89,
2004-02-06 18:00:00,28.83,0.65,,15.84,
2004-02-06 19:00:00,9.878,0.65,,12.75,
2004-02-06 20:00:00,21.11,0.65,,11.2,
2004-02-06 21:00:00,8.765,0.65,,7.524,
2004-02-06 22:00:00,11.09,0.65,,9.43,
2004-02-06 23:00:00,23.53,0.65,,5.647,
2004-02-07 00:00:00,2.749,0.65,,2.45,
2004-02-07 01:00:00,23.29,0.65,,7.101,
2004-02-07 02:00:00,3.245,0.65,,2.822,
2004-02-07 03:00:00,27.87,0.65,,7.139,
2004-02-07 04:00:00,3.008,0.65,,5.261,
2004-02-07 05:00:00,5.27,0.65,,0.5,
2004-02-07 06:00:00,13.53,0.65,,0.5,
2004-02-07 07:00:00,13.69,2.226,,0.5,
2004-02-07 08:00:00,38.29,13.52,,2.676,
2004-02-07 09:00:00,40.66,4.445,,10.36,
2004-02-07 10:00:00,5.549,2.46,,14.36,
2004-02-07 11:00:00,29.97,1.599,,15.48,
2004-02-07 12:00:00,11.34,1.617,,13.91,
2004-02-07 13:00:00,16.97,1.496,,15.38,
2004-02-07 14:00:00,13.42,0.65,,17.76,
2004-02-07 15:00:00,0.656,0.65,,19.07,
2004-02-07 16:00:00,8.081,0.65,,18.29,
2004-02-07 17:00:00,19.98,0.65,,17.99,
2004-02-07 18:00:00,10.34,1.611,,16.71,
2004-02-07 19:00:00,5.318,1.435,,15.17,
2004-02-07 20:00:00,21.66,0.65,,10.28,
2004-02-07 21:00:00,8.464,0.65,,7.239,
2004-02-07 22:00:00,21.92,0.65,,9.013,
2004-02-07 23:00:00,8.381,0.65,,7.848,
2004-02-08 00:00:00,21.69,0.65,,7.983,
2004-02-08 01:00:00,13.46,0.65,,12.11,
2004-02-08 02:00:00,9.699,0.65,,11.84,
2004-02-08 03:00:00,2.317,0.65,,10.71,
2004-02-08 04:00:00,22.03,0.65,,11.96,
2004-02-08 05:00:00,9.385,0.65,,13.9,
2004-02-08 06:00:00,12.91,0.65,,14.7,
2004-02-08 07:00:00,2.329,0.65,,11.63,
2004-02-08 08:00:00,22.34,0.65,,12.26,
2004-02-08 09:00:00,10.63,0.65,,15.21,
2004-02-08 10:00:00,7.992,0.65,,18.13,
2004-02-08 11:00:00,2.533,0.65,,18.58,
2004-02-08 12:00:00,,1.931,,17.97,
2004-02-08 13:00:00,1.191,1.984,,19.36,
2004-02-08 14:00:00,11.15,2.152,,19.29,
2004-02-08 15:00:00,3.696,1.632,,18.3,
2004-02-08 16:00:00,,1.467,,19.57,
2004-02-08 17:00:00,,1.498,,20.01,
2004-02-08 18:00:00,2.648,0.65,,17.55,
2004-02-08 19:00:00,24.13,0.65,,17.31,
2004-02-08 20:00:00,4.131,0.65,,13.87,
2004-02-08 21:00:00,11.81,1.407,,11.82,
2004-02-08 22:00:00,18.08,1.752,,13.12,
2004-02-08 23:00:00,13.13,1.717,,13.7,
2004-02-09 00:00:00,16.8,1.361,,13.9,
2004-02-09 01:00:00,1.129,0.65,,13.71,
2004-02-09 02:00:00,10.01,0.65,,14.85,
2004-02-09 03:00:00,1.09,0.65,,14.44,
2004-02-09 04:00:00,9.99,0.65,,13.59,
2004-02-09 05:00:00,0.615,0.65,,9.556,
2004-02-09 06:00:00,2.651,0.65,,2.113,
2004-02-09 07:00:00,10.16,0.65,,0.5,
2004-02-09 08:00:00,30.7,2.342,,2.302,
2004-02-09 09:00:00,14.75,2.489,,8.384,
2004-02-09 10:00:00,21.32,2.325,,13.28,
2004-02-09 11:00:00,0.041,1.987,,16.42,
2004-02-09 12:00:00,2.423,2.276,,19.91,
2004-02-09 13:00:00,18.41,1.808,,20.66,
2004-02-09 14:00:00,0.668,2.051,,21.79,
2004-02-09 15:00:00,8.124,1.924,,22.35,
2004-02-09 16:00:00,20.3,1.535,,21.09,
2004-02-09 17:00:00,5.276,1.843,,18.91,
2004-02-09 18:00:00,20.6,1.597,,15.29,
2004-02-09 19:00:00,9.958,0.65,,14.51,
2004-02-09 20:00:00,24.19,0.65,,10.81,
2004-02-09 21:00:00,2.186,1.76,,10.58,
2004-02-09 22:00:00,22.41,1.378,,10.48,
2004-02-09 23:00:00,25.44,0.65,,10.89,
2004-02-10 00:00:00,6.997,0.65,,12.41,
2004-02-10 01:00:00,2.497,0.65,,13.81,
2004-02-10 02:00:00,24.9,0.65,,13.69,
2004-02-10 03:00:00,20.5,0.65,,13.77,
2004-02-10 04:00:00,1.516,0.65,,14.11,
2004-02-10 05:00:00,15.64,0.65,,11.61,
2004-02-10 06:00:00,17.74,0.65,,1.067,
2004-02-10 07:00:00,0.849,1.43,,0.5,
2004-02-10 08:00:00,12.04,1.633,,4.035,
2004-02-10 09:00:00,39.16,1.596,,8.232,
2004-02-10 10:00:00,8.292,2.299,,11.4,
2004-02-10 11:00:00,30.29,2.582,,15.23,
2004-02-10 12:00:00,13.91,1.894,,22.12,
2004-02-10 13:00:00,0.018,1.844,,21.03,
2004-02-10 14:00:00,3.259,2.25,,20.39,
2004-02-10 15:00:00,31.2,0.65,,19.35,
2004-02-10 16:00:00,3.182,1.379,,19.11,
2004-02-10 17:00:00,31.01,1.357,,18.4,
2004-02-10 18:00:00,2.235,1.302,,17.76,
2004-02-10 19:00:00,23.34,1.417,,15.2,
2004-02-10 20:00:00,18.9,0.65,,12.53,
2004-02-10 21:00:00,8.914,0.65,,13.27,
2004-02-10 22:00:00,46.52,0.65,,12.44,
2004-02-10 23:00:00,14.69,0.65,,10.87,
2004-02-11 00:00:00,26.7,0.65,,12.0,
2004-02-11 01:00:00,10.39,0.65,,12.75,
2004-02-11 02:00:00,2.434,0.65,,11.86,
2004-02-11 03:00:00,5.404,0.65,,11.87,
2004-02-11 04:00:00,21.23,0.65,,11.09,
2004-02-11 05:00:00,,0.65,,6.11,
2004-02-11 06:00:00,4.007,0.65,,2.856,
2004-02-11 07:00:00,38.42,0.65,,0.5,
2004-02-11 08:00:00,3.139,1.561,,1.296,
2004-02-11 09:00:00,32.41,2.43,,5.91,
2004-02-11 10:00:00,14.97,2.366,,13.53,
2004-02-11 11:00:00,25.23,7.021,,17.41,
2004-02-11 12:00:00,32.62,16.2,,26.47,
2004-02-11 13:00:00,27.44,6.783,,47.92,
2004-02-11 14:00:00,25.18,10.4,,31.62,
2004-02-11 15:00:00,39.04,6.041,,26.76,
2004-02-11 16:00:00,30.81,0.65,,26.17,
2004-02-11 17:00:00,1.675,1.34,,27.1,
2004-02-11 18:00:00,20.34,0.65,,23.47,
2004-02-11 19:00:00,37.93,0.65,,23.72,
2004-02-11 20:00:00,34.16,0.65,,15.31,
2004-02-11 21:00:00,43.33,0.65,,12.17,
2004-02-11 22:00:00,17.23,0.65,,10.62,
2004-02-11 23:00:00,36.31,0.65,,10.4,
2004-02-12 00:00:00,6.636,0.65,,9.539,
2004-02-12 01:00:00,27.05,0.65,,12.86,
2004-02-12 02:00:00,13.73,0.65,,14.56,
2004-02-12 03:00:00,1.658,0.65,,14.82,
2004-02-12 04:00:00,17.29,0.65,,15.01,
2004-02-12 05:00:00,0.014,0.65,,7.49,
2004-02-12 06:00:00,3.395,0.65,,3.12,
2004-02-12 07:00:00,35.11,3.814,,0.5,
2004-02-12 08:00:00,28.74,9.504,,1.033,
2004-02-12 09:00:00,56.69,12.64,,3.128,
2004-02-12 10:00:00,32.49,10.89,,9.092,
2004-02-12 11:00:00,40.41,10.93,,,
2004-02-12 12:00:00,,,,38.67,
2004-02-12 13:00:00,11.84,0.65,,39.04,
2004-02-12 14:00:00,14.85,0.65,,35.41,
2004-02-12 15:00:00,22.8,0.65,,35.31,
2004-02-12 16:00:00,27.6,0.65,,29.21,
2004-02-12 17:00:00,7.313,0.65,,33.66,
2004-02-12 18:00:00,27.31,0.65,,24.09,
2004-02-12 19:00:00,45.31,0.65,,17.7,
2004-02-12 20:00:00,29.47,0.65,,14.51,
2004-02-12 21:00:00,41.2,0.65,,10.15,
2004-02-12 22:00:00,48.11,0.65,,10.13,
2004-02-12 23:00:00,28.98,0.65,,8.543,
2004-02-13 00:00:00,17.28,0.65,,9.121,
2004-02-13 01:00:00,20.5,1.501,,11.33,
2004-02-13 02:00:00,26.41,1.718,,12.63,
2004-02-13 03:00:00,14.02,1.438,,13.16,
2004-02-13 04:00:00,5.527,2.064,,13.47,
2004-02-13 05:00:00,21.72,2.369,,9.982,
2004-02-13 06:00:00,27.18,3.142,,9.926,
2004-02-13 07:00:00,16.3,3.286,,2.219,
2004-02-13 08:00:00,27.44,9.911,,1.289,
2004-02-13 09:00:00,40.31,12.12,,5.199,
2004-02-13 10:00:00,39.58,13.11,,8.833,
2004-02-13 11:00:00,34.45,20.24,,36.71,
2004-02-13 12:00:00,20.31,13.62,,52.5,
2004-02-13 14:00:00,38.38,18.84,,57.27,
2004-02-13 15:00:00,43.09,10.68,,56.53,
2004-02-13 16:00:00,31.41,9.841,,38.78,
2004-02-13 17:00:00,33.45,7.888,,36.82,
2004-02-13 18:00:00,54.2,6.218,,32.56,
2004-02-13 19:00:00,53.84,4.804,,20.7,
2004-02-13 20:00:00,36.41,4.269,,15.39,
2004-02-13 21:00:00,51.31,5.626,,8.811,
2004-02-13 22:00:00,53.91,6.166,,5.929,
2004-02-13 23:00:00,54.39,6.014,,8.546,
2004-02-14 00:00:00,53.44,4.878,,5.058,
2004-02-14 01:00:00,46.48,0.65,,19.51,
2004-02-14 02:00:00,35.27,0.65,,25.7,
2004-02-14 03:00:00,10.19,0.65,,14.35,
2004-02-14 04:00:00,11.49,0.65,,15.28,
2004-02-14 05:00:00,19.69,0.65,,16.7,
2004-02-14 06:00:00,18.38,0.65,,11.87,
2004-02-14 07:00:00,13.04,0.65,,7.467,
2004-02-14 08:00:00,20.8,0.65,,4.579,
2004-02-14 09:00:00,22.48,0.65,,5.476,
2004-02-14 10:00:00,20.86,1.859,,5.247,
2004-02-14 11:00:00,28.81,1.336,,7.312,
2004-02-14 12:00:00,28.3,1.346,,8.713,
2004-02-14 13:00:00,17.91,1.472,,10.54,
2004-02-14 14:00:00,22.98,2.073,,11.09,
2004-02-14 15:00:00,23.96,1.667,,16.99,
2004-02-14 16:00:00,,1.595,,22.33,
2004-02-14 17:00:00,6.459,0.65,,21.18,
2004-02-14 18:00:00,16.33,0.65,,12.03,
2004-02-14 19:00:00,13.48,1.428,,11.09,
2004-02-14 20:00:00,9.433,1.943,,8.107,
2004-02-14 21:00:00,11.59,2.169,,14.08,
2004-02-14 22:00:00,25.74,2.329,,6.125,
2004-02-14 23:00:00,27.24,3.056,,6.503,
2004-02-15 00:00:00,10.37,2.586,,14.23,
2004-02-15 01:00:00,4.008,0.65,,15.16,
2004-02-15 02:00:00,,0.65,,16.72,
2004-02-15 03:00:00,12.76,0.65,,17.42,
2004-02-15 04:00:00,17.75,0.65,,19.3,
2004-02-15 05:00:00,20.41,0.65,,20.38,
2004-02-15 06:00:00,24.84,0.65,,19.48,
2004-02-15 07:00:00,22.46,0.65,,17.52,
2004-02-15 08:00:00,21.86,0.65,,17.33,
2004-02-15 09:00:00,13.14,0.65,,16.64,
2004-02-15 10:00:00,20.16,0.65,,19.56,
2004-02-15 11:00:00,23.23,0.65,,20.52,
2004-02-15 12:00:00,14.18,0.65,,22.87,
2004-02-15 13:00:00,6.862,0.65,,24.13,
2004-02-15 14:00:00,15.6,0.65,,26.82,
2004-02-15 15:00:00,17.21,0.65,,27.22,
2004-02-15 16:00:00,1.845,0.65,,27.28,
2004-02-15 17:00:00,6.718,0.65,,27.25,
2004-02-15 18:00:00,19.25,0.65,,25.81,
2004-02-15 19:00:00,23.05,0.65,,25.45,
2004-02-15 20:00:00,10.79,0.65,,20.35,
2004-02-15 21:00:00,11.86,0.65,,13.43,
2004-02-15 22:00:00,22.93,0.65,,3.139,
2004-02-15 23:00:00,23.56,0.65,,0.5,
2004-02-16 00:00:00,36.13,0.65,,0.5,
2004-02-16 01:00:00,36.75,0.65,,1.557,
2004-02-16 02:00:00,27.15,0.65,,5.929,
2004-02-16 03:00:00,32.03,0.65,,8.935,
2004-02-16 04:00:00,18.59,0.65,,11.1,
2004-02-16 05:00:00,7.355,0.65,,9.404,
2004-02-16 06:00:00,21.0,7.182,,5.39,
2004-02-16 07:00:00,18.59,17.65,,1.968,
2004-02-16 08:00:00,23.75,28.52,,2.727,
2004-02-16 09:00:00,40.35,51.64,,7.824,
2004-02-16 10:00:00,33.1,54.6,,14.28,
2004-02-16 11:00:00,37.43,34.42,,19.09,
2004-02-16 12:00:00,25.24,45.73,,21.01,
2004-02-16 13:00:00,4.548,22.1,,23.58,
2004-02-16 14:00:00,15.57,27.59,,21.72,
2004-02-16 15:00:00,20.83,34.55,,22.26,
2004-02-16 17:00:00,15.58,7.387,,21.47,
2004-02-16 18:00:00,22.03,29.62,,13.76,
2004-02-16 19:00:00,24.76,4.965,,19.35,
2004-02-16 20:00:00,18.33,3.383,,13.73,
2004-02-16 21:00:00,29.38,2.38,,17.66,
2004-02-16 22:00:00,39.57,0.65,,18.44,
2004-02-16 23:00:00,27.43,1.753,,19.74,
2004-02-17 00:00:00,19.14,0.65,,17.43,
2004-02-17 01:00:00,15.78,0.65,,19.43,
2004-02-17 02:00:00,23.58,0.65,,20.2,
2004-02-17 03:00:00,22.09,0.65,,18.55,
2004-02-17 04:00:00,7.503,0.65,,21.25,
2004-02-17 05:00:00,17.94,0.65,,19.44,
2004-02-17 06:00:00,22.48,0.65,,10.38,
2004-02-17 07:00:00,22.23,0.65,,8.246,
2004-02-17 08:00:00,24.64,7.846,,2.604,
2004-02-17 09:00:00,41.49,18.03,,3.411,
2004-02-17 10:00:00,45.19,9.212,,8.667,
2004-02-17 11:00:00,36.73,7.296,,13.98,
2004-02-17 12:00:00,42.02,16.18,,23.41,
2004-02-17 13:00:00,30.09,33.13,,22.1,
2004-02-17 14:00:00,16.64,43.02,,22.05,
2004-02-17 15:00:00,30.25,32.29,,18.04,
2004-02-17 16:00:00,35.28,25.07,,21.93,
2004-02-17 17:00:00,29.0,51.67,,17.65,
2004-02-17 18:00:00,32.36,46.51,,16.32,
2004-02-17 19:00:00,35.73,82.21,,6.444,
2004-02-17 20:00:00,40.98,66.86,,2.637,
2004-02-17 21:00:00,58.66,25.19,,1.028,
2004-02-17 22:00:00,58.95,16.49,,0.5,
2004-02-17 23:00:00,45.8,11.24,,0.5,
2004-02-18 00:00:00,62.05,10.46,,0.5,
2004-02-18 01:00:00,58.25,2.034,,7.995,
2004-02-18 02:00:00,33.52,0.65,,33.52,
2004-02-18 03:00:00,23.69,0.65,,35.87,
2004-02-18 04:00:00,18.48,0.65,,29.06,
2004-02-18 05:00:00,34.43,0.65,,32.22,
2004-02-18 06:00:00,43.17,0.65,,29.4,
2004-02-18 07:00:00,51.56,0.65,,5.856,
2004-02-18 08:00:00,61.56,0.65,,2.493,
2004-02-18 09:00:00,73.61,9.623,,11.12,
2004-02-18 10:00:00,59.04,15.98,,19.45,
2004-02-18 11:00:00,47.61,20.42,,21.83,
2004-02-18 12:00:00,57.6,6.658,,27.46,
2004-02-18 13:00:00,40.19,8.154,,36.74,
2004-02-18 14:00:00,48.25,16.77,,32.34,
2004-02-18 15:00:00,67.92,10.96,,31.22,
2004-02-18 16:00:00,45.96,10.8,,26.72,
2004-02-18 17:00:00,38.08,19.01,,28.66,
2004-02-18 18:00:00,54.42,11.9,,27.4,
2004-02-18 19:00:00,47.87,1.811,,27.87,
2004-02-18 20:00:00,34.07,0.65,,25.7,
2004-02-18 21:00:00,47.04,0.65,,25.91,
2004-02-18 22:00:00,43.92,0.65,,26.31,
2004-02-18 23:00:00,36.28,0.65,,27.76,
2004-02-19 00:00:00,43.44,0.65,,34.29,
2004-02-19 01:00:00,19.62,1.443,,34.33,
2004-02-19 02:00:00,10.6,1.536,,36.68,
2004-02-19 03:00:00,24.03,1.663,,34.46,
2004-02-19 04:00:00,15.48,1.625,,35.68,
2004-02-19 05:00:00,14.82,2.511,,32.84,
2004-02-19 06:00:00,23.34,2.5,,19.14,
2004-02-19 07:00:00,18.05,2.368,,9.467,
2004-02-19 08:00:00,29.59,8.226,,1.619,
2004-02-19 09:00:00,50.06,17.38,,3.197,
2004-02-19 10:00:00,41.83,17.82,,14.22,
2004-02-19 11:00:00,23.62,12.21,,21.81,
2004-02-19 12:00:00,24.17,11.41,,26.09,
2004-02-19 13:00:00,14.25,7.329,,31.4,
2004-02-19 14:00:00,10.46,6.697,,27.63,
2004-02-19 15:00:00,16.9,5.81,,30.21,
2004-02-19 16:00:00,12.05,4.465,,29.86,
2004-02-19 17:00:00,28.25,3.176,,20.39,
2004-02-19 18:00:00,36.44,3.339,,23.39,
2004-02-19 19:00:00,20.39,3.138,,19.93,
2004-02-19 20:00:00,14.33,3.469,,17.17,
2004-02-19 21:00:00,30.43,3.915,,9.291,
2004-02-19 22:00:00,33.51,3.176,,14.89,
2004-02-19 23:00:00,22.73,2.904,,12.62,
2004-02-20 00:00:00,19.63,2.248,,10.73,
2004-02-20 01:00:00,13.88,0.65,,5.604,
2004-02-20 02:00:00,24.27,0.65,,0.5,
2004-02-20 03:00:00,26.6,0.65,,2.456,
2004-02-20 04:00:00,19.95,0.65,,5.692,
2004-02-20 05:00:00,21.39,0.65,,13.65,
2004-02-20 06:00:00,17.35,0.65,,13.26,
2004-02-20 07:00:00,17.1,0.65,,9.664,
2004-02-20 08:00:00,19.57,0.65,,8.685,
2004-02-20 09:00:00,12.71,0.65,,10.72,
2004-02-20 10:00:00,14.94,0.65,,18.6,
2004-02-20 11:00:00,22.22,1.496,,17.75,
2004-02-20 12:00:00,16.47,3.342,,24.19,
2004-02-20 13:00:00,13.37,13.57,,28.34,
2004-02-20 14:00:00,27.65,12.11,,25.99,
2004-02-20 15:00:00,21.59,15.65,,20.85,
2004-02-20 16:00:00,13.78,13.95,,21.7,
2004-02-20 17:00:00,19.72,34.91,,18.54,
2004-02-20 18:00:00,18.74,11.26,,18.81,
2004-02-20 19:00:00,11.16,36.19,,10.53,
2004-02-20 20:00:00,17.44,7.101,,6.725,
2004-02-20 21:00:00,24.7,8.087,,2.811,
2004-02-20 22:00:00,41.62,0.65,,8.252,
2004-02-20 23:00:00,45.72,0.65,,14.53,
2004-02-21 00:00:00,33.17,0.65,,10.95,
2004-02-21 01:00:00,17.68,0.65,,13.64,
2004-02-21 02:00:00,5.006,0.65,,7.746,
2004-02-21 03:00:00,13.66,0.65,,13.78,
2004-02-21 04:00:00,30.44,1.485,,3.175,
2004-02-21 05:00:00,33.66,3.837,,0.5,
2004-02-21 06:00:00,35.22,4.709,,1.849,
2004-02-21 07:00:00,50.1,3.444,,1.892,
2004-02-21 08:00:00,38.12,25.93,,5.137,
2004-02-21 09:00:00,32.67,22.25,,4.875,
2004-02-21 10:00:00,37.46,20.89,,11.49,
2004-02-21 11:00:00,27.67,23.22,,20.74,
2004-02-21 12:00:00,28.88,30.78,,24.14,
2004-02-21 13:00:00,23.0,26.2,,27.89,
2004-02-21 14:00:00,14.89,28.51,,28.39,
2004-02-21 15:00:00,13.36,45.37,,27.68,
2004-02-21 16:00:00,8.868,23.76,,26.18,
2004-02-21 17:00:00,17.53,39.71,,25.95,
2004-02-21 18:00:00,20.85,31.27,,23.41,
2004-02-21 19:00:00,19.83,40.41,,17.72,
2004-02-21 20:00:00,17.76,21.82,,14.8,
2004-02-21 21:00:00,38.52,4.832,,16.8,
2004-02-21 22:00:00,40.88,2.971,,18.43,
2004-02-21 23:00:00,23.66,2.378,,14.8,
2004-02-22 00:00:00,26.38,2.204,,13.67,
2004-02-22 01:00:00,23.75,3.758,,8.396,
2004-02-22 02:00:00,21.99,3.933,,4.692,
2004-02-22 03:00:00,27.71,3.616,,2.911,
2004-02-22 04:00:00,20.16,3.019,,10.23,
2004-02-22 05:00:00,17.59,3.544,,6.114,
2004-02-22 06:00:00,41.32,4.279,,0.5,
2004-02-22 07:00:00,39.53,6.983,,3.369,
2004-02-22 08:00:00,18.19,9.81,,8.793,
2004-02-22 09:00:00,35.45,11.56,,14.23,
2004-02-22 10:00:00,44.0,10.05,,17.26,
2004-02-22 11:00:00,30.76,6.952,,23.88,
2004-02-22 12:00:00,12.82,7.318,,26.15,
2004-02-22 13:00:00,0.198,7.014,,25.36,
2004-02-22 14:00:00,13.55,6.47,,27.33,
2004-02-22 15:00:00,18.67,5.996,,25.34,
2004-02-22 16:00:00,9.257,6.571,,25.6,
2004-02-22 17:00:00,9.269,4.778,,26.05,
2004-02-22 18:00:00,14.86,4.626,,26.29,
2004-02-22 19:00:00,29.47,4.596,,25.58,
2004-02-22 20:00:00,21.61,4.969,,21.32,
2004-02-22 21:00:00,12.69,4.446,,21.36,
2004-02-22 22:00:00,38.73,5.217,,20.6,
2004-02-22 23:00:00,31.13,4.634,,15.92,
2004-02-23 00:00:00,10.63,4.874,,12.91,
2004-02-23 01:00:00,35.56,2.339,,8.831,
2004-02-23 02:00:00,33.21,1.915,,8.446,
2004-02-23 03:00:00,15.38,1.864,,14.37,
2004-02-23 04:00:00,18.08,2.594,,10.2,
2004-02-23 05:00:00,19.15,2.155,,14.11,
2004-02-23 06:00:00,9.895,2.611,,13.15,
2004-02-23 07:00:00,13.74,2.287,,11.92,
2004-02-23 08:00:00,15.66,3.919,,14.14,
2004-02-23 09:00:00,10.1,4.587,,16.09,
2004-02-23 10:00:00,23.72,6.404,,16.54,
2004-02-23 11:00:00,26.69,31.9,,19.5,
2004-02-23 12:00:00,14.48,24.04,,23.75,
2004-02-23 13:00:00,,20.12,,23.42,
2004-02-23 14:00:00,3.638,16.55,,24.89,
2004-02-23 15:00:00,8.735,19.55,,24.87,
2004-02-23 16:00:00,7.861,13.34,,25.51,
2004-02-23 17:00:00,9.171,5.238,,26.03,
2004-02-23 18:00:00,7.733,4.636,,23.95,
2004-02-23 19:00:00,17.57,4.576,,22.47,
2004-02-23 20:00:00,21.6,4.296,,21.97,
2004-02-23 21:00:00,8.45,3.817,,20.75,
2004-02-23 22:00:00,22.28,3.924,,20.28,
2004-02-23 23:00:00,31.97,4.176,,20.58,
2004-02-24 00:00:00,21.01,3.941,,18.7,
2004-02-24 01:00:00,24.04,4.493,,16.44,
2004-02-24 02:00:00,23.77,5.017,,17.42,
2004-02-24 03:00:00,13.24,4.62,,14.97,
2004-02-24 04:00:00,19.13,4.783,,11.81,
2004-02-24 05:00:00,14.49,4.843,,11.79,
2004-02-24 06:00:00,7.829,5.185,,9.95,
2004-02-24 07:00:00,19.54,6.617,,11.04,
2004-02-24 08:00:00,25.3,6.756,,12.35,
2004-02-24 09:00:00,16.09,9.631,,13.07,
2004-02-24 10:00:00,19.91,13.06,,16.46,
2004-02-24 11:00:00,9.165,25.8,,17.83,
2004-02-24 12:00:00,9.52,22.0,,23.14,
2004-02-24 13:00:00,10.88,10.15,,27.01,
2004-02-24 14:00:00,,7.406,,31.01,
2004-02-24 15:00:00,2.772,7.793,,29.86,
2004-02-24 16:00:00,3.16,7.297,,32.41,
2004-02-24 17:00:00,,6.965,,34.2,
2004-02-24 18:00:00,,6.287,,28.6,
2004-02-24 19:00:00,6.808,6.055,,25.27,
2004-02-24 20:00:00,12.59,6.765,,19.45,
2004-02-24 21:00:00,23.87,6.554,,17.29,
2004-02-24 22:00:00,29.17,6.05,,17.78,
2004-02-24 23:00:00,29.14,6.666,,23.43,
2004-02-25 00:00:00,23.42,5.744,,20.86,
2004-02-25 01:00:00,7.162,0.65,,19.48,
2004-02-25 02:00:00,6.132,0.65,,16.51,
2004-02-25 03:00:00,11.18,0.65,,14.45,
2004-02-25 04:00:00,12.95,0.65,,16.55,
2004-02-25 05:00:00,4.226,0.65,,15.42,
2004-02-25 06:00:00,4.259,0.65,,13.31,
2004-02-25 07:00:00,16.11,0.65,,3.833,
2004-02-25 08:00:00,18.09,0.65,,3.413,
2004-02-25 09:00:00,14.31,0.65,,13.11,
2004-02-25 10:00:00,28.22,0.65,,20.6,
2004-02-25 11:00:00,20.63,0.65,,22.82,
2004-02-25 12:00:00,12.15,0.65,,24.15,
2004-02-25 13:00:00,15.57,0.65,,29.56,
2004-02-25 14:00:00,12.74,0.65,,27.71,
2004-02-25 15:00:00,,0.65,,28.81,
2004-02-25 16:00:00,11.55,0.65,,29.46,
2004-02-25 17:00:00,15.55,0.65,,24.74,
2004-02-25 18:00:00,23.82,0.65,,23.09,
2004-02-25 19:00:00,28.69,0.65,,19.11,
2004-02-25 20:00:00,26.64,0.65,,15.98,
2004-02-25 21:00:00,40.4,0.65,,13.78,
2004-02-25 22:00:00,23.6,0.65,,13.27,
2004-02-25 23:00:00,13.48,0.65,,11.23,
2004-02-26 00:00:00,22.83,0.65,,9.672,
2004-02-26 01:00:00,20.06,0.65,,10.15,
2004-02-26 02:00:00,10.84,0.65,,11.4,
2004-02-26 03:00:00,6.798,0.65,,12.27,
2004-02-26 04:00:00,12.6,0.65,,12.18,
2004-02-26 05:00:00,17.86,0.65,,11.96,
2004-02-26 06:00:00,4.273,0.65,,9.698,
2004-02-26 07:00:00,7.815,0.65,,3.017,
2004-02-26 08:00:00,23.18,2.29,,2.178,
2004-02-26 09:00:00,23.75,3.878,,8.393,
2004-02-26 10:00:00,32.7,6.191,,11.48,
2004-02-26 11:00:00,34.25,10.52,,16.4,
2004-02-26 12:00:00,28.03,,,,
2004-02-26 13:00:00,44.86,19.83,,41.84,
2004-02-26 14:00:00,21.61,11.8,,51.32,
2004-02-26 15:00:00,33.18,22.7,,42.75,
2004-02-26 16:00:00,49.23,10.04,,41.84,
2004-02-26 17:00:00,39.48,6.851,,30.61,
2004-02-26 18:00:00,44.15,5.973,,27.91,
2004-02-26 19:00:00,40.36,5.477,,17.13,
2004-02-26 20:00:00,51.3,4.572,,18.03,
2004-02-26 21:00:00,64.24,4.092,,14.38,
2004-02-26 22:00:00,49.96,4.274,,15.8,
2004-02-26 23:00:00,40.01,3.46,,8.565,
2004-02-27 00:00:00,47.83,3.289,,0.5,
2004-02-27 01:00:00,37.39,3.104,,0.5,
2004-02-27 02:00:00,44.17,8.808,,0.5,
2004-02-27 03:00:00,58.1,4.861,,0.5,
2004-02-27 04:00:00,60.4,5.306,,0.5,
2004-02-27 05:00:00,46.25,3.713,,6.788,
2004-02-27 06:00:00,27.39,2.987,,7.605,
2004-02-27 07:00:00,29.42,8.2,,3.071,
2004-02-27 08:00:00,20.23,24.52,,2.169,
2004-02-27 09:00:00,37.89,28.96,,4.006,
2004-02-27 10:00:00,61.61,24.97,,10.33,
2004-02-27 11:00:00,62.52,18.75,,17.18,
2004-02-27 12:00:00,35.6,25.81,,20.6,
2004-02-27 13:00:00,13.31,13.58,,19.33,
2004-02-27 14:00:00,22.9,17.15,,16.12,
2004-02-27 15:00:00,42.44,16.84,,19.86,
2004-02-27 16:00:00,31.88,6.484,,21.29,
2004-02-27 17:00:00,15.2,4.812,,19.34,
2004-02-27 18:00:00,16.13,4.067,,19.39,
2004-02-27 19:00:00,19.48,2.404,,19.36,
2004-02-27 20:00:00,15.1,2.526,,13.31,
2004-02-27 21:00:00,23.08,2.814,,10.11,
2004-02-27 22:00:00,33.22,2.422,,10.15,
2004-02-27 23:00:00,35.13,2.172,,5.503,
2004-02-28 00:00:00,29.53,1.85,,4.885,
2004-02-28 01:00:00,15.98,0.65,,0.5,
2004-02-28 02:00:00,34.94,0.65,,0.5,
2004-02-28 03:00:00,41.39,1.571,,0.5,
2004-02-28 04:00:00,45.82,3.768,,2.333,
2004-02-28 05:00:00,41.12,1.534,,0.5,
2004-02-28 06:00:00,31.58,2.331,,0.5,
2004-02-28 07:00:00,42.98,2.544,,0.5,
2004-02-28 08:00:00,35.58,5.16,,0.5,
2004-02-28 09:00:00,51.16,17.61,,4.047,
2004-02-28 10:00:00,63.49,26.94,,10.58,
2004-02-28 11:00:00,38.07,32.43,,19.18,
2004-02-28 12:00:00,12.97,12.26,,28.13,
2004-02-28 13:00:00,4.209,15.47,,23.13,
2004-02-28 14:00:00,0.82,7.56,,28.51,
2004-02-28 15:00:00,7.187,15.49,,29.56,
2004-02-28 16:00:00,19.6,5.528,,28.88,
2004-02-28 17:00:00,14.52,0.65,,29.35,
2004-02-28 18:00:00,11.83,0.65,,24.74,
2004-02-28 19:00:00,31.44,0.65,,22.51,
2004-02-28 20:00:00,34.89,0.65,,20.82,
2004-02-28 21:00:00,18.27,0.65,,17.61,
2004-02-28 22:00:00,30.81,0.65,,16.12,
2004-02-28 23:00:00,46.94,0.65,,16.84,
2004-02-29 00:00:00,14.63,0.65,,14.61,
2004-02-29 01:00:00,6.215,2.199,,14.62,
2004-02-29 02:00:00,14.14,1.75,,13.87,
2004-02-29 03:00:00,8.048,1.414,,13.27,
2004-02-29 04:00:00,16.01,0.65,,14.77,
2004-02-29 05:00:00,18.93,3.351,,13.7,
2004-02-29 06:00:00,11.26,2.667,,12.19,
2004-02-29 07:00:00,17.62,2.251,,10.9,
2004-02-29 08:00:00,14.82,2.372,,10.42,
2004-02-29 09:00:00,21.64,3.478,,15.55,
2004-02-29 10:00:00,18.01,3.02,,17.63,
2004-02-29 11:00:00,20.18,3.176,,16.67,
2004-02-29 12:00:00,15.28,3.26,,19.53,
2004-02-29 13:00:00,0.011,2.892,,22.0,
2004-02-29 14:00:00,5.14,2.454,,23.71,
2004-02-29 15:00:00,15.27,2.185,,25.55,
2004-02-29 16:00:00,10.81,2.396,,24.77,
2004-02-29 17:00:00,3.914,1.926,,24.2,
2004-02-29 18:00:00,17.67,2.114,,22.71,
2004-02-29 19:00:00,23.22,2.091,,17.51,
2004-02-29 20:00:00,15.84,2.413,,15.28,
2004-02-29 21:00:00,20.23,2.365,,10.29,
2004-02-29 22:00:00,31.22,1.879,,11.78,
2004-02-29 23:00:00,33.4,1.901,,11.91,
2004-03-01 00:00:00,25.45,1.896,,12.02,
2004-03-01 01:00:00,17.15,0.65,,12.17,
2004-03-01 02:00:00,17.97,0.65,,14.33,
2004-03-01 03:00:00,12.02,0.65,,13.1,
2004-03-01 04:00:00,9.399,0.65,,13.58,
2004-03-01 05:00:00,22.32,0.65,,10.67,
2004-03-01 06:00:00,13.31,0.65,,10.17,
2004-03-01 07:00:00,6.101,0.65,,0.5,
2004-03-01 08:00:00,22.66,1.936,,2.85,
2004-03-01 09:00:00,26.61,0.65,,9.812,
2004-03-01 10:00:00,19.46,0.65,,14.47,
2004-03-01 11:00:00,23.3,0.65,,17.91,
2004-03-01 12:00:00,14.89,0.65,,22.15,
2004-03-01 13:00:00,9.676,0.65,,23.15,
2004-03-01 14:00:00,23.92,0.65,,25.45,
2004-03-01 15:00:00,22.59,0.65,,23.77,
2004-03-01 16:00:00,19.43,0.65,,23.58,
2004-03-01 17:00:00,29.75,0.65,,20.82,
2004-03-01 18:00:00,29.74,0.65,,19.51,
2004-03-01 19:00:00,18.17,0.65,,15.77,
2004-03-01 20:00:00,38.91,0.65,,12.62,
2004-03-01 21:00:00,39.61,0.65,,11.17,
2004-03-01 22:00:00,13.61,0.65,,12.71,
2004-03-01 23:00:00,27.66,0.65,,13.64,
2004-03-02 00:00:00,19.34,0.65,,9.028,
2004-03-02 01:00:00,4.254,0.65,,11.42,
2004-03-02 02:00:00,18.2,0.65,,9.557,
2004-03-02 03:00:00,21.62,0.65,,10.06,
2004-03-02 04:00:00,7.331,0.65,,12.09,
2004-03-02 05:00:00,14.79,0.65,,12.64,
2004-03-02 06:00:00,16.71,0.65,,9.114,
2004-03-02 07:00:00,1.05,0.65,,2.39,
2004-03-02 08:00:00,13.08,1.735,,1.083,
2004-03-02 09:00:00,23.72,2.536,,5.171,
2004-03-02 10:00:00,39.47,4.725,,9.436,
2004-03-02 11:00:00,44.57,7.064,,15.63,
2004-03-02 12:00:00,42.21,11.95,,20.93,
2004-03-02 13:00:00,48.16,9.424,,33.94,
2004-03-02 14:00:00,54.53,9.538,,40.0,
2004-03-02 15:00:00,56.88,11.01,,41.51,
2004-03-02 16:00:00,48.59,10.42,,33.78,
2004-03-02 17:00:00,58.58,4.808,,30.53,
2004-03-02 18:00:00,62.36,4.365,,21.28,
2004-03-02 19:00:00,60.87,24.92,,11.49,
2004-03-02 20:00:00,44.48,19.47,,8.878,
2004-03-02 21:00:00,32.3,7.346,,14.65,
2004-03-02 22:00:00,31.67,27.74,,9.572,
2004-03-02 23:00:00,27.59,18.91,,14.28,
2004-03-03 00:00:00,30.7,20.15,,10.88,
2004-03-03 01:00:00,33.17,10.72,,12.25,
2004-03-03 02:00:00,16.1,11.86,,16.13,
2004-03-03 03:00:00,22.23,11.64,,13.65,
2004-03-03 04:00:00,21.17,4.743,,12.15,
2004-03-03 05:00:00,13.61,6.528,,12.67,
2004-03-03 06:00:00,17.62,13.81,,11.77,
2004-03-03 07:00:00,12.63,3.571,,17.94,
2004-03-03 08:00:00,16.54,2.758,,12.51,
2004-03-03 09:00:00,23.39,2.847,,16.26,
2004-03-03 10:00:00,25.88,3.724,,21.05,
2004-03-03 11:00:00,24.51,3.079,,20.03,
2004-03-03 12:00:00,19.65,1.797,,23.34,
2004-03-03 13:00:00,21.85,0.65,,25.47,
2004-03-03 14:00:00,,0.65,,27.41,
2004-03-03 15:00:00,6.685,0.65,,28.3,
2004-03-03 16:00:00,18.87,0.65,,34.91,
2004-03-03 17:00:00,12.65,0.65,,34.74,
2004-03-03 18:00:00,20.63,0.65,,30.15,
2004-03-03 19:00:00,35.84,0.65,,24.07,
2004-03-03 20:00:00,33.9,0.65,,10.74,
2004-03-03 21:00:00,42.61,0.65,,14.9,
2004-03-03 22:00:00,50.64,0.65,,16.92,
2004-03-03 23:00:00,43.64,0.65,,14.77,
2004-03-04 00:00:00,28.08,0.65,,7.772,
2004-03-04 01:00:00,25.93,2.528,,15.14,
2004-03-04 02:00:00,26.41,1.999,,14.1,
2004-03-04 03:00:00,32.84,2.865,,8.671,
2004-03-04 04:00:00,24.24,2.751,,2.85,
2004-03-04 05:00:00,34.68,2.104,,3.228,
2004-03-04 06:00:00,37.92,3.658,,0.5,
2004-03-04 07:00:00,29.23,3.858,,0.5,
2004-03-04 08:00:00,44.57,6.71,,1.019,
2004-03-04 09:00:00,45.81,12.2,,5.253,
2004-03-04 10:00:00,55.33,6.113,,20.19,
2004-03-04 11:00:00,42.69,4.065,,23.02,
2004-03-04 12:00:00,22.45,3.631,,26.77,
2004-03-04 13:00:00,13.74,3.912,,26.81,
2004-03-04 14:00:00,15.51,3.558,,29.47,
2004-03-04 15:00:00,33.4,3.668,,29.54,
2004-03-04 16:00:00,34.12,4.329,,26.75,
2004-03-04 17:00:00,26.94,3.779,,24.27,
2004-03-04 18:00:00,24.71,2.936,,24.94,
2004-03-04 19:00:00,35.62,2.89,,15.12,
2004-03-04 20:00:00,37.09,2.958,,15.52,
2004-03-04 21:00:00,31.66,3.586,,17.28,
2004-03-04 22:00:00,39.26,4.183,,18.07,
2004-03-04 23:00:00,48.09,4.608,,16.42,
2004-03-05 00:00:00,51.03,3.398,,14.75,
2004-03-05 01:00:00,41.0,1.725,,16.91,
2004-03-05 02:00:00,30.77,0.65,,17.14,
2004-03-05 03:00:00,25.55,1.646,,16.93,
2004-03-05 04:00:00,27.26,2.094,,10.75,
2004-03-05 05:00:00,28.75,2.574,,9.446,
2004-03-05 06:00:00,22.71,2.768,,5.962,
2004-03-05 07:00:00,23.59,3.966,,0.5,
2004-03-05 08:00:00,36.76,4.135,,2.854,
2004-03-05 09:00:00,36.55,6.994,,3.535,
2004-03-05 10:00:00,30.74,7.871,,13.38,
2004-03-05 11:00:00,30.4,6.392,,21.42,
2004-03-05 12:00:00,33.24,6.876,,26.71,
2004-03-05 13:00:00,26.7,7.946,,30.24,
2004-03-05 14:00:00,16.36,5.853,,28.91,
2004-03-05 15:00:00,29.92,5.66,,30.63,
2004-03-05 16:00:00,30.36,5.162,,31.38,
2004-03-05 17:00:00,18.95,5.408,,30.52,
2004-03-05 18:00:00,34.07,6.33,,21.81,
2004-03-05 19:00:00,58.27,5.487,,16.59,
2004-03-05 20:00:00,50.86,6.238,,8.23,
2004-03-05 21:00:00,41.33,5.74,,7.407,
2004-03-05 22:00:00,43.17,5.758,,7.4,
2004-03-05 23:00:00,31.25,6.086,,5.576,
2004-03-06 00:00:00,29.65,5.306,,5.754,
2004-03-06 01:00:00,30.75,0.65,,9.718,
2004-03-06 02:00:00,15.35,0.65,,12.05,
2004-03-06 03:00:00,27.89,0.65,,12.72,
2004-03-06 04:00:00,37.27,0.65,,8.203,
2004-03-06 05:00:00,15.15,0.65,,1.281,
2004-03-06 06:00:00,16.32,0.65,,0.5,
2004-03-06 07:00:00,36.9,1.515,,0.5,
2004-03-06 08:00:00,40.21,1.982,,0.5,
2004-03-06 09:00:00,37.65,4.453,,8.003,
2004-03-06 10:00:00,38.03,9.463,,7.804,
2004-03-06 11:00:00,32.52,7.46,,16.08,
2004-03-06 12:00:00,34.77,5.878,,23.67,
2004-03-06 13:00:00,46.89,11.07,,27.88,
2004-03-06 14:00:00,30.26,9.212,,38.09,
2004-03-06 15:00:00,14.41,4.806,,58.82,
2004-03-06 16:00:00,33.5,10.45,,50.88,
2004-03-06 17:00:00,48.14,2.329,,33.25,
2004-03-06 18:00:00,24.38,0.65,,27.64,
2004-03-06 19:00:00,28.26,0.65,,24.45,
2004-03-06 20:00:00,40.84,0.65,,19.15,
2004-03-06 21:00:00,58.47,0.65,,13.19,
2004-03-06 22:00:00,64.63,0.65,,10.68,
2004-03-06 23:00:00,43.56,0.65,,9.064,
2004-03-07 00:00:00,45.09,0.65,,4.587,
2004-03-07 01:00:00,31.1,0.65,,2.817,
2004-03-07 02:00:00,27.31,0.65,,1.29,
2004-03-07 03:00:00,35.51,2.239,,1.079,
2004-03-07 04:00:00,36.48,1.36,,1.268,
2004-03-07 05:00:00,33.06,2.197,,0.5,
2004-03-07 06:00:00,30.76,2.999,,0.5,
2004-03-07 07:00:00,41.17,3.475,,0.5,
2004-03-07 08:00:00,34.47,10.07,,1.294,
2004-03-07 09:00:00,20.47,21.52,,6.032,
2004-03-07 10:00:00,43.32,21.42,,11.37,
2004-03-07 11:00:00,35.35,11.74,,19.88,
2004-03-07 12:00:00,14.66,10.3,,55.99,
2004-03-07 13:00:00,34.73,11.09,,51.54,
2004-03-07 14:00:00,45.58,11.21,,39.06,
2004-03-07 15:00:00,33.72,9.529,,49.72,
2004-03-07 16:00:00,33.34,5.799,,58.31,
2004-03-07 17:00:00,34.32,3.622,,46.3,
2004-03-07 18:00:00,24.85,3.008,,38.12,
2004-03-07 19:00:00,41.76,2.261,,33.18,
2004-03-07 20:00:00,48.44,4.01,,35.47,
2004-03-07 21:00:00,51.84,4.05,,26.23,
2004-03-07 22:00:00,71.57,3.837,,16.49,
2004-03-07 23:00:00,74.12,5.312,,18.88,
2004-03-08 00:00:00,45.3,5.748,,16.04,
2004-03-08 01:00:00,43.05,2.456,,19.36,
2004-03-08 02:00:00,46.0,2.333,,19.0,
2004-03-08 03:00:00,29.83,1.792,,17.32,
2004-03-08 04:00:00,25.94,1.591,,19.11,
2004-03-08 05:00:00,24.04,2.622,,17.94,
2004-03-08 06:00:00,30.29,2.008,,14.09,
2004-03-08 07:00:00,36.02,10.92,,8.868,
2004-03-08 08:00:00,23.33,11.76,,4.625,
2004-03-08 09:00:00,45.24,7.323,,5.238,
2004-03-08 10:00:00,37.43,12.81,,9.732,
2004-03-08 11:00:00,25.07,8.113,,10.84,
2004-03-08 12:00:00,37.6,11.14,,12.28,
2004-03-08 13:00:00,29.78,14.03,,8.119,
2004-03-08 14:00:00,36.19,10.33,,12.98,
2004-03-08 15:00:00,46.27,7.05,,25.18,
2004-03-08 16:00:00,29.59,5.76,,23.0,
2004-03-08 17:00:00,20.73,7.876,,20.46,
2004-03-08 18:00:00,39.51,5.501,,34.72,
2004-03-08 19:00:00,55.51,2.79,,26.78,
2004-03-08 20:00:00,50.19,2.932,,19.83,
2004-03-08 21:00:00,60.82,2.39,,11.91,
2004-03-08 22:00:00,50.06,1.887,,15.41,
2004-03-08 23:00:00,21.86,2.216,,9.207,
2004-03-09 00:00:00,12.16,1.635,,8.486,
2004-03-09 01:00:00,6.064,0.65,,3.468,
2004-03-09 02:00:00,7.999,0.65,,5.368,
2004-03-09 03:00:00,13.36,0.65,,5.794,
2004-03-09 04:00:00,9.54,0.65,,8.239,
2004-03-09 05:00:00,16.08,0.65,,3.522,
2004-03-09 06:00:00,12.0,0.65,,9.315,
2004-03-09 07:00:00,6.92,0.65,,9.4,
2004-03-09 08:00:00,9.03,0.65,,6.192,
2004-03-09 09:00:00,24.65,0.65,,1.851,
2004-03-09 10:00:00,50.38,1.668,,2.997,
2004-03-09 11:00:00,43.22,1.673,,10.82,
2004-03-09 12:00:00,27.31,0.65,,20.88,
2004-03-09 13:00:00,8.111,1.342,,27.95,
2004-03-09 14:00:00,14.1,0.65,,21.89,
2004-03-09 15:00:00,17.37,0.65,,22.68,
2004-03-09 16:00:00,8.447,0.65,,28.79,
2004-03-09 17:00:00,10.82,0.65,,25.2,
2004-03-09 18:00:00,12.57,0.65,,28.02,
2004-03-09 19:00:00,18.82,0.65,,22.67,
2004-03-09 20:00:00,24.7,0.65,,19.63,
2004-03-09 21:00:00,34.13,0.65,,19.61,
2004-03-09 22:00:00,32.23,0.65,,19.57,
2004-03-09 23:00:00,30.41,0.65,,21.81,
2004-03-10 00:00:00,16.09,0.65,,21.88,
2004-03-10 01:00:00,,0.65,,20.8,
2004-03-10 02:00:00,6.557,0.65,,20.03,
2004-03-10 03:00:00,15.95,0.65,,21.06,
2004-03-10 04:00:00,16.8,0.65,,22.07,
2004-03-10 05:00:00,8.112,0.65,,19.69,
2004-03-10 06:00:00,10.89,0.65,,20.54,
2004-03-10 07:00:00,14.47,0.65,,15.37,
2004-03-10 08:00:00,16.83,0.65,,9.972,
2004-03-10 09:00:00,21.89,0.65,,9.602,
2004-03-10 10:00:00,13.32,0.65,,10.24,
2004-03-10 11:00:00,24.76,0.65,,16.62,
2004-03-10 12:00:00,24.26,0.65,,20.18,
2004-03-10 13:00:00,6.011,0.65,,23.38,
2004-03-10 14:00:00,,0.65,,22.0,
2004-03-10 15:00:00,4.331,0.65,,24.5,
2004-03-10 16:00:00,4.936,0.65,,26.94,
2004-03-10 17:00:00,12.75,0.65,,26.26,
2004-03-10 18:00:00,16.48,0.65,,20.25,
2004-03-10 19:00:00,10.54,0.65,,19.04,
2004-03-10 20:00:00,24.85,0.65,,12.92,
2004-03-10 21:00:00,36.11,0.65,,8.481,
2004-03-10 22:00:00,21.34,0.65,,9.827,
2004-03-10 23:00:00,19.74,0.65,,12.02,
2004-03-11 00:00:00,22.55,0.65,,11.01,
2004-03-11 01:00:00,9.389,0.65,,9.822,
2004-03-11 02:00:00,10.73,0.65,,6.194,
2004-03-11 03:00:00,8.5,0.65,,9.297,
2004-03-11 04:00:00,9.711,0.65,,7.358,
2004-03-11 05:00:00,14.2,0.65,,9.585,
2004-03-11 06:00:00,24.57,0.65,,10.67,
2004-03-11 07:00:00,10.59,0.65,,1.795,
2004-03-11 08:00:00,19.36,5.044,,0.5,
2004-03-11 09:00:00,37.83,9.781,,1.804,
2004-03-11 10:00:00,32.68,4.407,,11.48,
2004-03-11 11:00:00,,,,16.6,
2004-03-11 12:00:00,27.64,1.481,,17.45,
2004-03-11 13:00:00,22.57,0.65,,19.14,
2004-03-11 14:00:00,26.78,1.41,,20.47,
2004-03-11 15:00:00,31.29,0.65,,18.52,
2004-03-11 16:00:00,19.83,0.65,,18.99,
2004-03-11 17:00:00,20.61,0.65,,20.27,
2004-03-11 18:00:00,23.93,0.65,,14.53,
2004-03-11 19:00:00,33.05,0.65,,10.32,
2004-03-11 20:00:00,42.06,0.65,,7.731,
2004-03-11 21:00:00,25.06,0.65,,9.839,
2004-03-11 22:00:00,27.25,0.65,,15.16,
2004-03-11 23:00:00,26.67,0.65,,16.82,
2004-03-12 00:00:00,22.08,0.65,,11.98,
2004-03-12 01:00:00,25.3,0.65,,17.22,
2004-03-12 02:00:00,15.78,0.65,,18.67,
2004-03-12 03:00:00,17.32,0.65,,19.87,
2004-03-12 04:00:00,11.73,0.65,,19.69,
2004-03-12 05:00:00,16.02,0.65,,18.48,
2004-03-12 06:00:00,19.54,0.65,,19.51,
2004-03-12 07:00:00,19.55,0.65,,16.93,
2004-03-12 08:00:00,23.05,0.65,,9.6,
2004-03-12 09:00:00,18.34,0.65,,10.64,
2004-03-12 10:00:00,21.64,0.65,,11.53,
2004-03-12 11:00:00,23.89,0.65,,19.06,
2004-03-12 12:00:00,25.7,0.65,,16.19,
2004-03-12 13:00:00,16.87,0.65,,14.88,
2004-03-12 14:00:00,10.52,0.65,,18.57,
2004-03-12 15:00:00,21.14,1.341,,16.1,
2004-03-12 16:00:00,18.62,0.65,,15.32,
2004-03-12 17:00:00,12.34,0.65,,15.46,
2004-03-12 18:00:00,10.07,1.407,,15.53,
2004-03-12 19:00:00,15.27,1.341,,11.46,
2004-03-12 20:00:00,19.66,1.707,,12.51,
2004-03-12 21:00:00,10.83,1.818,,12.43,
2004-03-12 22:00:00,18.73,1.49,,11.35,
2004-03-12 23:00:00,20.65,1.829,,11.39,
2004-03-13 00:00:00,11.82,1.581,,12.39,
2004-03-13 01:00:00,3.957,0.65,,13.65,
2004-03-13 02:00:00,11.66,0.65,,14.99,
2004-03-13 03:00:00,11.26,0.65,,14.94,
2004-03-13 04:00:00,4.044,0.65,,15.19,
2004-03-13 05:00:00,8.4,1.679,,13.84,
2004-03-13 06:00:00,8.576,1.588,,15.01,
2004-03-13 07:00:00,4.984,1.486,,13.88,
2004-03-13 08:00:00,6.143,1.536,,11.22,
2004-03-13 09:00:00,8.014,1.788,,8.079,
2004-03-13 10:00:00,13.44,2.439,,7.321,
2004-03-13 11:00:00,14.91,2.879,,7.028,
2004-03-13 12:00:00,6.026,2.354,,8.111,
2004-03-13 13:00:00,6.262,2.452,,10.99,
2004-03-13 14:00:00,8.986,2.797,,8.461,
2004-03-13 15:00:00,13.06,2.753,,11.35,
2004-03-13 16:00:00,3.066,3.322,,11.22,
2004-03-13 17:00:00,3.8,3.289,,10.21,
2004-03-13 18:00:00,22.91,3.179,,8.681,
2004-03-13 19:00:00,21.42,3.249,,6.815,
2004-03-13 20:00:00,11.59,3.697,,5.042,
2004-03-13 21:00:00,23.72,3.538,,3.96,
2004-03-13 22:00:00,11.8,3.188,,5.24,
2004-03-13 23:00:00,14.93,3.867,,3.962,
2004-03-14 00:00:00,29.22,2.73,,3.0,
2004-03-14 01:00:00,27.04,0.65,,2.0,
2004-03-14 02:00:00,16.88,0.65,,3.29,
2004-03-14 03:00:00,12.88,0.65,,2.294,
2004-03-14 04:00:00,13.01,0.65,,0.5,
2004-03-14 05:00:00,7.474,1.588,,0.5,
2004-03-14 06:00:00,8.686,3.491,,0.5,
2004-03-14 07:00:00,9.107,3.011,,0.5,
2004-03-14 08:00:00,30.18,3.285,,0.5,
2004-03-14 09:00:00,29.24,3.314,,2.565,
2004-03-14 10:00:00,15.42,5.462,,6.697,
2004-03-14 11:00:00,20.99,5.983,,19.75,
2004-03-14 12:00:00,17.07,6.804,,19.97,
2004-03-14 13:00:00,12.97,17.61,,22.45,
2004-03-14 14:00:00,19.05,14.39,,23.7,
2004-03-14 15:00:00,9.741,19.91,,23.43,
2004-03-14 16:00:00,2.974,13.62,,19.87,
2004-03-14 17:00:00,3.476,6.09,,17.89,
2004-03-14 18:00:00,14.86,2.633,,22.54,
2004-03-14 19:00:00,30.13,0.65,,20.37,
2004-03-14 20:00:00,22.65,0.65,,18.26,
2004-03-14 21:00:00,15.99,0.65,,18.55,
2004-03-14 22:00:00,22.7,0.65,,16.88,
2004-03-14 23:00:00,24.37,0.65,,14.42,
2004-03-15 00:00:00,25.25,0.65,,6.978,
2004-03-15 01:00:00,24.83,0.65,,11.34,
2004-03-15 02:00:00,14.34,0.65,,13.98,
2004-03-15 03:00:00,13.99,0.65,,13.88,
2004-03-15 04:00:00,11.92,0.65,,13.31,
2004-03-15 05:00:00,14.85,0.65,,13.13,
2004-03-15 06:00:00,21.78,0.65,,13.66,
2004-03-15 07:00:00,22.7,0.65,,9.313,
2004-03-15 08:00:00,16.14,0.65,,3.092,
2004-03-15 09:00:00,23.86,8.082,,1.542,
2004-03-15 10:00:00,29.72,18.13,,3.685,
2004-03-15 11:00:00,26.6,19.13,,4.545,
2004-03-15 12:00:00,33.12,18.69,,5.676,
2004-03-15 13:00:00,27.4,13.29,,7.402,
2004-03-15 14:00:00,23.6,5.961,,9.183,
2004-03-15 15:00:00,28.91,2.351,,15.22,
2004-03-15 16:00:00,7.993,0.65,,12.42,
2004-03-15 17:00:00,,0.65,,14.04,
2004-03-15 18:00:00,8.16,0.65,,15.22,
2004-03-15 19:00:00,20.28,0.65,,9.182,
2004-03-15 20:00:00,24.08,0.65,,4.579,
2004-03-15 21:00:00,21.13,0.65,,6.087,
2004-03-15 22:00:00,16.54,0.65,,7.96,
2004-03-15 23:00:00,20.06,0.65,,8.388,
2004-03-16 00:00:00,23.64,0.65,,6.929,
2004-03-16 01:00:00,17.01,0.65,,10.19,
2004-03-16 02:00:00,8.758,0.65,,9.443,
2004-03-16 03:00:00,21.25,0.65,,11.61,
2004-03-16 04:00:00,20.29,0.65,,11.96,
2004-03-16 05:00:00,12.4,0.65,,10.7,
2004-03-16 06:00:00,17.34,0.65,,11.24,
2004-03-16 07:00:00,8.65,0.65,,5.8,
2004-03-16 08:00:00,18.25,0.65,,3.629,
2004-03-16 09:00:00,26.97,0.65,,7.683,
2004-03-16 10:00:00,16.53,0.65,,14.41,
2004-03-16 11:00:00,4.014,0.65,,16.97,
2004-03-16 12:00:00,12.98,0.65,,16.75,
2004-03-16 13:00:00,19.09,0.65,,18.62,
2004-03-16 14:00:00,9.743,0.65,,18.47,
2004-03-16 15:00:00,18.33,0.65,,19.93,
2004-03-16 16:00:00,23.78,0.65,,20.38,
2004-03-16 17:00:00,28.67,0.65,,18.12,
2004-03-16 18:00:00,25.23,0.65,,16.54,
2004-03-16 19:00:00,18.04,0.65,,12.45,
2004-03-16 20:00:00,24.17,0.65,,10.66,
2004-03-16 21:00:00,37.89,0.65,,11.09,
2004-03-16 22:00:00,41.39,0.65,,13.16,
2004-03-16 23:00:00,17.13,0.65,,9.957,
2004-03-17 00:00:00,15.86,0.65,,8.687,
2004-03-17 01:00:00,13.55,0.65,,10.44,
2004-03-17 02:00:00,27.85,0.65,,12.21,
2004-03-17 03:00:00,25.89,0.65,,12.02,
2004-03-17 04:00:00,1.801,0.65,,11.93,
2004-03-17 05:00:00,12.27,0.65,,13.16,
2004-03-17 06:00:00,18.13,0.65,,12.71,
2004-03-17 07:00:00,19.64,0.65,,9.913,
2004-03-17 08:00:00,28.31,0.65,,4.99,
2004-03-17 09:00:00,17.56,0.65,,10.49,
2004-03-17 10:00:00,14.98,0.65,,12.83,
2004-03-17 11:00:00,28.53,0.65,,16.97,
2004-03-17 12:00:00,19.57,0.65,,18.48,
2004-03-17 13:00:00,5.319,0.65,,18.46,
2004-03-17 14:00:00,,0.65,,16.94,
2004-03-17 15:00:00,4.468,0.65,,16.78,
2004-03-17 16:00:00,10.94,0.65,,16.55,
2004-03-17 17:00:00,9.416,0.65,,17.53,
2004-03-17 18:00:00,15.55,0.65,,15.92,
2004-03-17 19:00:00,30.26,0.65,,9.241,
2004-03-17 20:00:00,31.3,0.65,,6.842,
2004-03-17 21:00:00,15.02,0.65,,10.32,
2004-03-17 22:00:00,13.52,0.65,,10.31,
2004-03-17 23:00:00,16.36,0.65,,9.116,
2004-03-18 00:00:00,15.75,0.65,,6.063,
2004-03-18 01:00:00,30.51,0.65,,6.477,
2004-03-18 02:00:00,15.63,0.65,,9.963,
2004-03-18 03:00:00,8.451,0.65,,8.742,
2004-03-18 04:00:00,12.4,0.65,,8.738,
2004-03-18 05:00:00,10.23,0.65,,8.825,
2004-03-18 06:00:00,21.84,0.65,,9.615,
2004-03-18 07:00:00,21.95,0.65,,4.954,
2004-03-18 08:00:00,19.89,0.65,,2.429,
2004-03-18 09:00:00,23.15,0.65,,6.451,
2004-03-18 10:00:00,35.16,0.65,,12.02,
2004-03-18 11:00:00,36.43,0.65,,16.1,
2004-03-18 12:00:00,8.713,0.65,,16.68,
2004-03-18 13:00:00,4.825,0.65,,20.0,
2004-03-18 14:00:00,7.004,0.65,,17.23,
2004-03-18 15:00:00,31.47,0.65,,20.76,
2004-03-18 16:00:00,28.56,0.65,,18.34,
2004-03-18 17:00:00,7.295,0.65,,16.75,
2004-03-18 18:00:00,21.99,0.65,,15.0,
2004-03-18 19:00:00,25.2,0.65,,9.079,
2004-03-18 20:00:00,16.05,0.65,,8.664,
2004-03-18 21:00:00,18.23,0.65,,7.881,
2004-03-18 22:00:00,28.72,0.65,,7.252,
2004-03-18 23:00:00,38.28,0.65,,4.368,
2004-03-19 00:00:00,37.56,0.65,,4.713,
2004-03-19 01:00:00,19.9,0.65,,6.912,
2004-03-19 02:00:00,9.735,0.65,,8.667,
2004-03-19 03:00:00,10.39,0.65,,9.893,
2004-03-19 04:00:00,17.13,0.65,,9.282,
2004-03-19 05:00:00,14.93,0.65,,9.45,
2004-03-19 06:00:00,13.07,0.65,,12.87,
2004-03-19 07:00:00,21.85,0.65,,8.79,
2004-03-19 08:00:00,24.26,0.65,,5.433,
2004-03-19 09:00:00,23.47,0.65,,8.039,
2004-03-19 10:00:00,30.21,0.65,,11.16,
2004-03-19 11:00:00,23.92,0.65,,14.46,
2004-03-19 12:00:00,15.39,0.65,,15.03,
2004-03-19 13:00:00,12.92,0.65,,12.83,
2004-03-19 14:00:00,5.472,0.65,,10.12,
2004-03-19 15:00:00,16.37,0.65,,10.22,
2004-03-19 16:00:00,20.88,0.65,,10.62,
2004-03-19 17:00:00,22.33,0.65,,11.15,
2004-03-19 18:00:00,14.46,0.65,,8.789,
2004-03-19 19:00:00,17.84,0.65,,3.851,
2004-03-19 20:00:00,26.23,0.65,,1.71,
2004-03-19 21:00:00,25.51,0.65,,1.189,
2004-03-19 22:00:00,40.9,0.65,,0.5,
2004-03-19 23:00:00,36.34,0.65,,0.5,
2004-03-20 00:00:00,15.82,0.65,,0.5,
2004-03-20 01:00:00,8.683,3.6,,1.011,
2004-03-20 02:00:00,10.46,2.704,,1.794,
2004-03-20 03:00:00,11.46,2.179,,3.439,
2004-03-20 04:00:00,10.67,1.956,,1.536,
2004-03-20 05:00:00,9.177,2.361,,0.5,
2004-03-20 06:00:00,15.84,3.893,,0.5,
2004-03-20 07:00:00,12.13,5.544,,0.5,
2004-03-20 08:00:00,21.33,6.237,,1.211,
2004-03-20 09:00:00,24.73,6.096,,4.19,
2004-03-20 10:00:00,24.99,8.218,,5.369,
2004-03-20 11:00:00,28.41,5.839,,8.29,
2004-03-20 12:00:00,12.57,7.769,,8.461,
2004-03-20 13:00:00,1.099,6.858,,8.992,
2004-03-20 14:00:00,,4.301,,12.03,
2004-03-20 15:00:00,,4.392,,13.1,
2004-03-20 16:00:00,6.169,4.596,,14.96,
2004-03-20 17:00:00,7.232,3.979,,16.09,
2004-03-20 18:00:00,4.888,3.032,,13.0,
2004-03-20 19:00:00,11.07,4.224,,6.557,
2004-03-20 20:00:00,15.9,4.25,,1.814,
2004-03-20 21:00:00,12.35,3.637,,0.5,
2004-03-20 22:00:00,10.81,4.174,,0.5,
2004-03-20 23:00:00,21.77,3.857,,1.415,
2004-03-21 00:00:00,34.17,6.731,,0.5,
2004-03-21 01:00:00,37.14,0.65,,0.5,
2004-03-21 02:00:00,20.78,0.65,,0.5,
2004-03-21 03:00:00,13.5,0.65,,0.5,
2004-03-21 04:00:00,11.13,0.65,,0.5,
2004-03-21 05:00:00,12.98,0.65,,0.5,
2004-03-21 06:00:00,32.82,0.65,,0.5,
2004-03-21 07:00:00,28.99,2.754,,0.5,
2004-03-21 08:00:00,11.98,2.553,,0.5,
2004-03-21 09:00:00,28.42,4.482,,0.5,
2004-03-21 10:00:00,27.78,8.272,,1.608,
2004-03-21 11:00:00,27.72,10.17,,6.523,
2004-03-21 12:00:00,17.5,4.747,,13.59,
2004-03-21 13:00:00,,0.65,,16.91,
2004-03-21 14:00:00,3.612,0.65,,19.63,
2004-03-21 15:00:00,4.267,0.65,,21.01,
2004-03-21 16:00:00,3.974,0.65,,18.32,
2004-03-21 17:00:00,4.645,0.65,,17.75,
2004-03-21 18:00:00,2.122,0.65,,16.71,
2004-03-21 19:00:00,2.501,0.65,,14.09,
2004-03-21 20:00:00,6.804,0.65,,7.932,
2004-03-21 21:00:00,18.12,0.65,,2.54,
2004-03-21 22:00:00,17.83,0.65,,2.746,
2004-03-21 23:00:00,27.1,0.65,,3.075,
2004-03-22 00:00:00,23.7,0.65,,1.71,
2004-03-22 01:00:00,,2.043,,0.5,
2004-03-22 02:00:00,1.117,2.687,,0.5,
2004-03-22 03:00:00,8.005,2.69,,0.5,
2004-03-22 04:00:00,16.04,3.937,,0.5,
2004-03-22 05:00:00,25.91,4.011,,0.5,
2004-03-22 06:00:00,31.34,2.873,,0.5,
2004-03-22 07:00:00,17.31,3.462,,0.5,
2004-03-22 08:00:00,9.835,11.09,,0.5,
2004-03-22 09:00:00,35.11,19.09,,0.5,
2004-03-22 10:00:00,58.63,24.59,,14.54,
2004-03-22 11:00:00,41.55,22.81,,17.56,
2004-03-22 12:00:00,16.94,19.88,,17.6,
2004-03-22 13:00:00,9.805,23.11,,17.72,
2004-03-22 14:00:00,13.24,10.64,,21.7,
2004-03-22 15:00:00,24.82,6.766,,22.51,
2004-03-22 16:00:00,21.19,5.85,,23.02,
2004-03-22 17:00:00,9.454,4.567,,23.14,
2004-03-22 18:00:00,15.34,4.232,,21.77,
2004-03-22 19:00:00,19.78,4.497,,9.629,
2004-03-22 20:00:00,34.85,4.992,,5.974,
2004-03-22 21:00:00,41.99,4.315,,6.897,
2004-03-22 22:00:00,29.46,3.759,,14.61,
2004-03-22 23:00:00,17.25,2.792,,10.88,
2004-03-23 00:00:00,21.19,2.199,,5.308,
2004-03-23 01:00:00,17.05,0.65,,7.482,
2004-03-23 02:00:00,0.564,0.65,,9.722,
2004-03-23 03:00:00,7.724,0.65,,12.19,
2004-03-23 04:00:00,25.25,0.65,,11.14,
2004-03-23 05:00:00,26.27,0.65,,8.542,
2004-03-23 06:00:00,11.5,0.65,,3.856,
2004-03-23 07:00:00,9.749,0.65,,0.5,
2004-03-23 08:00:00,26.02,3.371,,0.5,
2004-03-23 09:00:00,60.16,10.1,,0.5,
2004-03-23 10:00:00,62.88,17.28,,2.664,
2004-03-23 11:00:00,39.81,6.961,,14.24,
2004-03-23 12:00:00,35.51,2.358,,23.08,
2004-03-23 13:00:00,25.49,0.65,,22.58,
2004-03-23 14:00:00,6.855,0.65,,17.49,
2004-03-23 15:00:00,10.37,1.529,,22.61,
2004-03-23 16:00:00,29.23,0.65,,23.33,
2004-03-23 17:00:00,14.18,,,,
2004-03-23 18:00:00,16.05,0.65,,19.43,
2004-03-23 19:00:00,42.45,0.65,,13.33,
2004-03-23 20:00:00,28.89,0.65,,10.93,
2004-03-23 21:00:00,17.73,0.65,,13.7,
2004-03-23 22:00:00,39.37,0.65,,13.76,
2004-03-23 23:00:00,33.74,0.65,,13.89,
2004-03-24 00:00:00,25.08,0.65,,10.95,
2004-03-24 01:00:00,36.05,0.65,,14.41,
2004-03-24 02:00:00,23.28,0.65,,19.79,
2004-03-24 03:00:00,3.147,0.65,,20.41,
2004-03-24 04:00:00,16.29,0.65,,16.85,
2004-03-24 05:00:00,14.6,0.65,,10.39,
2004-03-24 06:00:00,,0.65,,10.19,
2004-03-24 07:00:00,7.164,0.65,,3.657,
2004-03-24 08:00:00,26.58,3.851,,0.5,
2004-03-24 09:00:00,41.72,5.144,,5.231,
2004-03-24 10:00:00,42.13,3.886,,12.53,
2004-03-24 11:00:00,33.12,3.275,,18.26,
2004-03-24 12:00:00,26.44,3.133,,23.75,
2004-03-24 13:00:00,23.94,2.842,,28.66,
2004-03-24 14:00:00,16.34,2.525,,24.74,
2004-03-24 15:00:00,13.18,1.789,,26.44,
2004-03-24 16:00:00,22.08,1.831,,26.16,
2004-03-24 17:00:00,32.89,2.467,,26.05,
2004-03-24 18:00:00,27.2,1.592,,18.83,
2004-03-24 19:00:00,32.23,1.729,,14.27,
2004-03-24 20:00:00,43.27,1.833,,12.72,
2004-03-24 21:00:00,31.78,2.382,,15.22,
2004-03-24 22:00:00,31.91,0.65,,17.28,
2004-03-24 23:00:00,26.38,0.65,,16.33,
2004-03-25 00:00:00,19.2,1.387,,14.31,
2004-03-25 01:00:00,20.01,0.65,,14.08,
2004-03-25 02:00:00,11.5,0.65,,13.36,
2004-03-25 03:00:00,13.54,0.65,,13.52,
2004-03-25 04:00:00,18.78,0.65,,13.84,
2004-03-25 05:00:00,18.19,0.65,,11.46,
2004-03-25 06:00:00,15.22,0.65,,13.42,
2004-03-25 07:00:00,23.39,0.65,,6.642,
2004-03-25 08:00:00,19.28,0.65,,3.526,
2004-03-25 09:00:00,17.47,7.081,,2.926,
2004-03-25 10:00:00,34.03,11.16,,6.033,
2004-03-25 11:00:00,41.75,8.708,,12.98,
2004-03-25 12:00:00,34.62,8.74,,19.42,
2004-03-25 13:00:00,13.84,2.086,,32.47,
2004-03-25 14:00:00,19.37,0.65,,27.19,
2004-03-25 15:00:00,31.47,0.65,,29.4,
2004-03-25 16:00:00,17.54,0.65,,27.27,
2004-03-25 17:00:00,24.83,0.65,,25.07,
2004-03-25 18:00:00,29.53,0.65,,20.27,
2004-03-25 19:00:00,20.93,3.171,,13.37,
2004-03-25 20:00:00,23.9,1.75,,13.95,
2004-03-25 21:00:00,40.05,0.65,,14.3,
2004-03-25 22:00:00,28.31,1.831,,13.22,
2004-03-25 23:00:00,16.46,0.65,,16.55,
2004-03-26 00:00:00,22.66,0.65,,15.96,
2004-03-26 01:00:00,3.357,0.65,,16.36,
2004-03-26 02:00:00,15.97,0.65,,15.43,
2004-03-26 03:00:00,19.36,0.65,,15.59,
2004-03-26 04:00:00,2.798,0.65,,13.6,
2004-03-26 05:00:00,10.1,0.65,,7.436,
2004-03-26 06:00:00,15.87,3.11,,1.725,
2004-03-26 07:00:00,20.68,2.958,,0.5,
2004-03-26 08:00:00,24.1,4.049,,0.5,
2004-03-26 09:00:00,33.11,7.794,,2.486,
2004-03-26 10:00:00,38.06,13.89,,1.927,
2004-03-26 11:00:00,46.3,11.06,,8.849,
2004-03-26 12:00:00,41.82,6.982,,18.42,
2004-03-26 13:00:00,20.12,4.542,,21.58,
2004-03-26 14:00:00,16.73,3.793,,19.03,
2004-03-26 15:00:00,6.152,3.217,,20.39,
2004-03-26 16:00:00,7.459,3.599,,18.83,
2004-03-26 17:00:00,22.81,3.007,,16.2,
2004-03-26 18:00:00,16.79,5.642,,13.46,
2004-03-26 19:00:00,6.072,6.548,,10.81,
2004-03-26 20:00:00,15.62,5.026,,8.593,
2004-03-26 21:00:00,21.42,5.699,,7.275,
2004-03-26 22:00:00,19.92,4.984,,10.34,
2004-03-26 23:00:00,43.02,4.829,,7.628,
2004-03-27 00:00:00,25.43,5.322,,6.711,
2004-03-27 01:00:00,10.36,0.65,,9.492,
2004-03-27 02:00:00,16.66,0.65,,7.035,
2004-03-27 03:00:00,6.59,0.65,,7.136,
2004-03-27 04:00:00,15.36,0.65,,5.601,
2004-03-27 05:00:00,12.61,0.65,,6.115,
2004-03-27 06:00:00,13.49,0.65,,7.008,
2004-03-27 07:00:00,19.54,0.65,,7.493,
2004-03-27 08:00:00,16.72,0.65,,2.413,
2004-03-27 09:00:00,17.94,0.65,,3.744,
2004-03-27 10:00:00,12.78,0.65,,9.704,
2004-03-27 11:00:00,4.022,0.65,,10.88,
2004-03-27 12:00:00,16.49,0.65,,13.38,
2004-03-27 13:00:00,12.09,0.65,,15.89,
2004-03-27 14:00:00,8.727,0.65,,14.94,
2004-03-27 15:00:00,17.16,0.65,,16.92,
2004-03-27 16:00:00,11.61,0.65,,16.64,
2004-03-27 17:00:00,4.062,0.65,,16.35,
2004-03-27 18:00:00,8.666,0.65,,14.84,
2004-03-27 19:00:00,5.425,0.65,,12.49,
2004-03-27 20:00:00,7.397,0.65,,9.43,
2004-03-27 21:00:00,18.75,0.65,,8.822,
2004-03-27 22:00:00,18.59,0.65,,9.54,
2004-03-27 23:00:00,8.737,0.65,,7.969,
2004-03-28 00:00:00,27.37,0.65,,8.314,
2004-03-28 01:00:00,29.53,0.65,,10.3,
2004-03-28 02:00:00,10.72,0.65,,12.14,
2004-03-28 03:00:00,9.064,0.65,,14.73,
2004-03-28 04:00:00,15.84,0.65,,16.42,
2004-03-28 05:00:00,24.8,0.65,,16.06,
2004-03-28 07:00:00,2.012,,,,
2004-03-28 08:00:00,1.788,0.65,,15.26,
2004-03-28 09:00:00,19.52,0.65,,15.37,
2004-03-28 10:00:00,17.83,0.65,,16.37,
2004-03-28 11:00:00,29.39,0.65,,19.57,
2004-03-28 12:00:00,39.95,0.65,,20.41,
2004-03-28 13:00:00,20.02,0.65,,25.98,
2004-03-28 14:00:00,30.36,0.65,,28.48,
2004-03-28 15:00:00,33.61,0.65,,29.37,
2004-03-28 16:00:00,13.99,0.65,,30.35,
2004-03-28 17:00:00,22.25,0.65,,32.5,
2004-03-28 18:00:00,35.92,0.65,,31.62,
2004-03-28 19:00:00,29.57,0.65,,28.99,
2004-03-28 20:00:00,29.19,0.65,,25.07,
2004-03-28 21:00:00,28.02,0.65,,24.77,
2004-03-28 22:00:00,36.78,0.65,,23.1,
2004-03-28 23:00:00,25.87,0.65,,22.05,
2004-03-29 00:00:00,12.15,0.65,,24.78,
2004-03-29 01:00:00,4.999,0.65,,26.65,
2004-03-29 02:00:00,14.3,0.65,,27.82,
2004-03-29 03:00:00,10.11,0.65,,24.16,
2004-03-29 04:00:00,15.12,0.65,,24.88,
2004-03-29 05:00:00,10.69,0.65,,24.08,
2004-03-29 06:00:00,0.008,0.65,,22.71,
2004-03-29 07:00:00,8.549,0.65,,16.83,
2004-03-29 08:00:00,7.071,0.65,,5.292,
2004-03-29 09:00:00,16.66,0.65,,6.748,
2004-03-29 10:00:00,25.34,0.65,,12.75,
2004-03-29 11:00:00,27.63,0.65,,21.14,
2004-03-29 12:00:00,22.85,0.65,,30.61,
2004-03-29 13:00:00,11.36,0.65,,38.4,
2004-03-29 14:00:00,21.63,1.506,,34.47,
2004-03-29 15:00:00,13.68,4.473,,37.59,
2004-03-29 16:00:00,21.16,3.443,,38.43,
2004-03-29 17:00:00,19.46,2.985,,43.12,
2004-03-29 18:00:00,4.726,0.65,,25.66,
2004-03-29 19:00:00,26.45,0.65,,23.34,
2004-03-29 20:00:00,30.95,0.65,,19.29,
2004-03-29 21:00:00,29.88,0.65,,18.29,
2004-03-29 22:00:00,24.38,0.65,,18.8,
2004-03-29 23:00:00,23.57,0.65,,16.17,
2004-03-30 00:00:00,25.62,0.65,,13.79,
2004-03-30 01:00:00,18.81,0.65,,16.15,
2004-03-30 02:00:00,8.692,0.65,,16.23,
2004-03-30 03:00:00,15.18,0.65,,16.74,
2004-03-30 04:00:00,22.73,0.65,,15.75,
2004-03-30 05:00:00,9.268,0.65,,15.75,
2004-03-30 06:00:00,11.43,0.65,,14.75,
2004-03-30 07:00:00,8.445,1.303,,8.847,
2004-03-30 08:00:00,13.33,1.642,,4.421,
2004-03-30 09:00:00,19.04,2.499,,7.861,
2004-03-30 10:00:00,35.06,3.347,,12.01,
2004-03-30 11:00:00,19.61,4.647,,21.77,
2004-03-30 12:00:00,30.03,4.493,,31.53,
2004-03-30 13:00:00,25.15,4.639,,35.39,
2004-03-30 14:00:00,11.31,2.678,,33.29,
2004-03-30 15:00:00,15.2,1.853,,26.98,
2004-03-30 16:00:00,30.95,2.046,,25.29,
2004-03-30 17:00:00,40.27,2.084,,22.9,
2004-03-30 18:00:00,33.28,1.41,,16.04,
2004-03-30 19:00:00,26.17,1.775,,13.73,
2004-03-30 20:00:00,25.31,2.02,,12.58,
2004-03-30 21:00:00,12.17,1.617,,12.61,
2004-03-30 22:00:00,23.25,1.593,,11.46,
2004-03-30 23:00:00,17.45,1.485,,10.94,
2004-03-31 00:00:00,10.91,1.469,,11.47,
2004-03-31 01:00:00,7.253,0.65,,14.65,
2004-03-31 02:00:00,13.28,0.65,,16.82,
2004-03-31 03:00:00,8.79,0.65,,15.46,
2004-03-31 04:00:00,8.978,0.65,,13.45,
2004-03-31 05:00:00,6.232,0.65,,12.13,
2004-03-31 06:00:00,1.994,0.65,,10.62,
2004-03-31 07:00:00,11.61,1.536,,1.264,
2004-03-31 08:00:00,20.37,2.556,,0.5,
2004-03-31 09:00:00,20.73,3.888,,3.964,
2004-03-31 10:00:00,20.46,3.613,,10.45,
2004-03-31 11:00:00,28.31,3.846,,15.82,
2004-03-31 12:00:00,32.81,3.053,,19.48,
2004-03-31 13:00:00,13.31,2.639,,18.12,
2004-03-31 14:00:00,6.345,2.489,,15.95,
2004-03-31 15:00:00,6.632,2.08,,15.01,
2004-03-31 16:00:00,4.556,1.907,,14.46,
2004-03-31 17:00:00,30.37,2.062,,14.07,
2004-03-31 18:00:00,34.27,2.097,,14.2,
2004-03-31 19:00:00,34.17,1.99,,10.4,
2004-03-31 20:00:00,35.59,2.152,,8.972,
2004-03-31 21:00:00,19.42,2.005,,9.37,
2004-03-31 22:00:00,19.87,1.436,,7.642,
2004-03-31 23:00:00,24.43,0.65,,7.663,
2004-04-01 00:00:00,14.76,2.667,,8.103,
2004-04-01 01:00:00,11.47,0.65,,9.601,
2004-04-01 02:00:00,10.78,0.65,,10.29,
2004-04-01 03:00:00,3.719,0.65,,9.215,
2004-04-01 04:00:00,13.27,0.65,,8.558,
2004-04-01 05:00:00,9.076,0.65,,5.103,
2004-04-01 06:00:00,5.97,0.65,,2.767,
2004-04-01 07:00:00,11.2,0.65,,0.5,
2004-04-01 08:00:00,30.1,2.805,,0.5,
2004-04-01 09:00:00,38.3,3.675,,1.19,
2004-04-01 10:00:00,20.09,2.872,,8.115,
2004-04-01 11:00:00,22.48,2.735,,13.97,
2004-04-01 12:00:00,35.34,3.11,,22.5,
2004-04-01 13:00:00,36.48,2.979,,31.61,
2004-04-01 14:00:00,26.98,11.51,,33.88,
2004-04-01 15:00:00,49.84,17.28,,47.63,
2004-04-02 17:00:00,,0.65,,6.515,
2004-04-02 18:00:00,27.78,1.494,,3.889,
2004-04-02 19:00:00,22.34,0.65,,4.164,
2004-04-02 20:00:00,36.34,0.65,,3.569,
2004-04-02 21:00:00,41.5,0.65,,4.385,
2004-04-02 22:00:00,38.5,0.65,,1.226,
2004-04-02 23:00:00,40.54,0.65,,1.251,
2004-04-03 00:00:00,37.46,0.65,,1.418,
2004-04-03 01:00:00,40.38,0.65,,1.417,
2004-04-03 02:00:00,52.74,0.65,,1.699,
2004-04-03 03:00:00,48.51,0.65,,8.251,
2004-04-03 04:00:00,25.66,0.65,,12.78,
2004-04-03 05:00:00,19.05,0.65,,13.68,
2004-04-03 06:00:00,14.96,0.65,,11.95,
2004-04-03 07:00:00,11.01,0.65,,14.03,
2004-04-03 08:00:00,9.254,0.65,,17.72,
2004-04-03 09:00:00,21.55,0.65,,21.08,
2004-04-03 10:00:00,24.08,0.65,,19.39,
2004-04-03 11:00:00,15.16,0.65,,21.98,
2004-04-03 12:00:00,19.32,0.65,,26.78,
2004-04-03 13:00:00,19.24,0.65,,25.76,
2004-04-03 14:00:00,23.91,0.65,,35.91,
2004-04-03 15:00:00,19.47,0.65,,38.8,
2004-04-03 16:00:00,14.49,0.65,,35.66,
2004-04-03 17:00:00,7.334,0.65,,30.39,
2004-04-03 18:00:00,14.0,0.65,,23.84,
2004-04-03 19:00:00,9.382,0.65,,16.13,
2004-04-03 20:00:00,13.77,0.65,,15.01,
2004-04-03 21:00:00,29.7,0.65,,17.04,
2004-04-03 22:00:00,27.94,0.65,,21.05,
2004-04-03 23:00:00,23.52,0.65,,15.02,
2004-04-04 00:00:00,41.51,0.65,,10.68,
2004-04-04 01:00:00,47.57,0.65,,12.56,
2004-04-04 02:00:00,19.44,0.65,,16.29,
2004-04-04 03:00:00,12.77,0.65,,17.14,
2004-04-04 04:00:00,40.25,0.65,,14.29,
2004-04-04 05:00:00,22.58,0.65,,12.7,
2004-04-04 06:00:00,12.1,0.65,,17.86,
2004-04-04 07:00:00,13.32,0.65,,16.8,
2004-04-04 08:00:00,26.48,0.65,,16.97,
2004-04-04 09:00:00,18.78,0.65,,21.77,
2004-04-04 10:00:00,26.65,0.65,,23.1,
2004-04-04 11:00:00,21.29,0.65,,22.15,
2004-04-04 12:00:00,19.55,0.65,,27.7,
2004-04-04 13:00:00,35.85,0.65,,26.62,
2004-04-04 14:00:00,33.58,0.65,,36.74,
2004-04-04 15:00:00,19.18,0.65,,37.64,
2004-04-04 16:00:00,22.8,0.65,,35.87,
2004-04-04 17:00:00,21.29,0.65,,32.77,
2004-04-04 18:00:00,20.0,0.65,,34.48,
2004-04-04 19:00:00,18.36,0.65,,33.46,
2004-04-04 20:00:00,19.16,0.65,,32.33,
2004-04-04 21:00:00,34.99,0.65,,32.03,
2004-04-04 22:00:00,26.61,0.65,,31.28,
2004-04-04 23:00:00,10.19,0.65,,31.05,
2004-04-05 00:00:00,16.52,0.65,,31.77,
2004-04-05 01:00:00,18.66,0.65,,31.47,
2004-04-05 02:00:00,10.33,0.65,,30.63,
2004-04-05 03:00:00,8.763,0.65,,32.81,
2004-04-05 04:00:00,4.306,0.65,,32.12,
2004-04-05 05:00:00,18.73,0.65,,31.55,
2004-04-05 06:00:00,13.38,0.65,,30.59,
2004-04-05 07:00:00,,0.65,,26.52,
2004-04-05 08:00:00,20.12,0.65,,17.33,
2004-04-05 09:00:00,14.39,0.65,,14.27,
2004-04-05 10:00:00,15.8,0.65,,20.05,
2004-04-05 11:00:00,17.68,0.65,,21.17,
2004-04-05 12:00:00,8.246,0.65,,22.47,
2004-04-05 13:00:00,10.56,0.65,,26.93,
2004-04-05 14:00:00,9.747,0.65,,26.81,
2004-04-05 15:00:00,15.08,0.65,,26.11,
2004-04-05 16:00:00,8.761,0.65,,21.67,
2004-04-05 17:00:00,2.796,0.65,,24.56,
2004-04-05 18:00:00,13.68,0.65,,23.61,
2004-04-05 19:00:00,20.23,0.65,,17.37,
2004-04-05 20:00:00,8.548,0.65,,18.94,
2004-04-05 21:00:00,16.56,0.65,,21.24,
2004-04-05 22:00:00,12.73,0.65,,20.76,
2004-04-05 23:00:00,7.018,0.65,,20.88,
2004-04-06 00:00:00,17.98,0.65,,20.14,
2004-04-06 01:00:00,14.65,0.65,,23.63,
2004-04-06 02:00:00,3.617,0.65,,24.74,
2004-04-06 03:00:00,,0.65,,24.56,
2004-04-06 04:00:00,6.099,0.65,,24.03,
2004-04-06 05:00:00,7.697,0.65,,22.94,
2004-04-06 06:00:00,4.31,0.65,,21.04,
2004-04-06 07:00:00,1.388,0.65,,16.54,
2004-04-06 08:00:00,,0.65,,8.665,
2004-04-06 09:00:00,9.189,0.65,,8.756,
2004-04-06 10:00:00,26.97,0.65,,13.88,
2004-04-06 11:00:00,24.9,0.65,,18.62,
2004-04-06 12:00:00,7.379,3.14,,24.24,
2004-04-06 13:00:00,20.5,4.064,,31.32,
2004-04-06 14:00:00,33.94,4.681,,40.11,
2004-04-06 15:00:00,38.1,5.512,,53.6,
2004-04-06 16:00:00,34.64,4.383,,59.51,
2004-04-06 17:00:00,12.59,7.018,,69.1,
2004-04-06 18:00:00,29.19,4.052,,39.75,
2004-04-06 19:00:00,35.06,1.342,,21.91,
2004-04-06 20:00:00,41.61,0.65,,9.945,
2004-04-06 21:00:00,35.65,2.335,,9.367,
2004-04-06 22:00:00,27.85,2.737,,4.682,
2004-04-06 23:00:00,38.12,0.65,,3.129,
2004-04-07 00:00:00,13.79,0.65,,3.256,
2004-04-07 01:00:00,38.07,0.65,,2.757,
2004-04-07 02:00:00,29.86,0.65,,2.696,
2004-04-07 03:00:00,31.51,0.65,,2.854,
2004-04-07 04:00:00,12.27,1.549,,2.471,
2004-04-07 05:00:00,12.89,0.65,,2.556,
2004-04-07 06:00:00,23.62,0.65,,2.44,
2004-04-07 07:00:00,16.7,0.65,,2.404,
2004-04-07 08:00:00,34.5,0.65,,3.24,
2004-04-07 09:00:00,44.98,2.265,,3.688,
2004-04-07 10:00:00,36.38,5.839,,5.103,
2004-04-07 11:00:00,42.31,7.578,,12.78,
2004-04-07 12:00:00,18.09,7.735,,31.93,
2004-04-07 13:00:00,37.52,10.74,,52.94,
2004-04-07 14:00:00,11.48,11.09,,60.18,
2004-04-07 15:00:00,22.6,11.31,,55.32,
2004-04-07 16:00:00,31.84,10.81,,53.83,
2004-04-07 17:00:00,37.6,2.346,,46.66,
2004-04-07 18:00:00,37.49,1.385,,31.19,
2004-04-07 19:00:00,30.87,1.303,,15.33,
2004-04-07 20:00:00,27.62,1.915,,16.52,
2004-04-07 21:00:00,36.45,1.7,,17.21,
2004-04-07 22:00:00,33.63,0.65,,15.93,
2004-04-07 23:00:00,16.67,0.65,,14.34,
2004-04-08 00:00:00,25.66,0.65,,18.66,
2004-04-08 01:00:00,27.01,1.999,,19.07,
2004-04-08 02:00:00,20.29,0.65,,20.77,
2004-04-08 03:00:00,11.26,1.597,,21.07,
2004-04-08 04:00:00,16.07,1.524,,22.97,
2004-04-08 05:00:00,23.95,1.383,,23.53,
2004-04-08 06:00:00,18.42,1.708,,23.6,
2004-04-08 07:00:00,17.98,2.418,,18.0,
2004-04-08 08:00:00,22.57,1.768,,11.35,
2004-04-08 09:00:00,24.66,2.415,,11.41,
2004-04-08 10:00:00,32.18,2.214,,20.69,
2004-04-08 11:00:00,31.13,3.126,,18.56,
2004-04-08 12:00:00,32.47,3.89,,26.75,
2004-04-08 13:00:00,26.24,4.049,,20.19,
2004-04-08 14:00:00,22.16,3.624,,40.29,
2004-04-08 15:00:00,27.1,4.328,,31.17,
2004-04-08 16:00:00,28.84,4.277,,17.49,
2004-04-08 17:00:00,38.91,4.854,,12.73,
2004-04-08 18:00:00,30.14,3.908,,18.6,
2004-04-08 19:00:00,13.35,3.871,,16.34,
2004-04-08 20:00:00,22.82,3.617,,11.49,
2004-04-08 21:00:00,34.58,2.176,,11.26,
2004-04-08 22:00:00,33.58,2.477,,17.18,
2004-04-08 23:00:00,29.82,1.839,,18.08,
2004-04-09 00:00:00,23.57,1.311,,12.77,
2004-04-09 01:00:00,17.87,0.65,,15.37,
2004-04-09 02:00:00,12.02,0.65,,16.56,
2004-04-09 03:00:00,22.78,0.65,,18.17,
2004-04-09 04:00:00,13.55,0.65,,15.89,
2004-04-09 05:00:00,,0.65,,12.94,
2004-04-09 06:00:00,13.17,0.65,,11.54,
2004-04-09 07:00:00,13.44,0.65,,10.6,
2004-04-09 08:00:00,2.932,0.65,,7.644,
2004-04-09 09:00:00,0.861,0.65,,11.19,
2004-04-09 10:00:00,1.806,0.65,,17.9,
2004-04-09 11:00:00,3.42,0.65,,20.78,
2004-04-09 12:00:00,3.675,0.65,,23.37,
2004-04-09 13:00:00,1.334,0.65,,23.98,
2004-04-09 14:00:00,,0.65,,24.78,
2004-04-09 15:00:00,,0.65,,25.0,
2004-04-09 16:00:00,0.618,0.65,,25.23,
2004-04-09 17:00:00,0.45,0.65,,22.7,
2004-04-09 18:00:00,,0.65,,20.23,
2004-04-09 19:00:00,3.657,0.65,,19.07,
2004-04-09 20:00:00,2.73,0.65,,17.16,
2004-04-09 21:00:00,0.285,0.65,,17.62,
2004-04-09 22:00:00,0.178,0.65,,18.88,
2004-04-09 23:00:00,,0.65,,21.76,
2004-04-10 00:00:00,,0.65,,19.64,
2004-04-10 01:00:00,,0.65,,22.64,
2004-04-10 02:00:00,,0.65,,21.86,
2004-04-10 03:00:00,,0.65,,24.97,
2004-04-10 04:00:00,,0.65,,25.7,
2004-04-10 05:00:00,,0.65,,25.6,
2004-04-10 06:00:00,,0.65,,22.85,
2004-04-10 07:00:00,3.078,0.65,,20.47,
2004-04-10 08:00:00,2.255,0.65,,20.53,
2004-04-10 09:00:00,0.196,0.65,,21.15,
2004-04-10 10:00:00,1.513,0.65,,25.44,
2004-04-10 11:00:00,3.17,0.65,,25.84,
2004-04-10 12:00:00,2.722,0.65,,27.29,
2004-04-10 13:00:00,1.323,0.65,,25.59,
2004-04-10 14:00:00,1.194,0.65,,24.14,
2004-04-10 15:00:00,0.616,0.65,,24.29,
2004-04-10 16:00:00,,0.65,,26.39,
2004-04-10 17:00:00,,0.65,,26.42,
2004-04-10 18:00:00,,0.65,,23.11,
2004-04-10 19:00:00,2.415,0.65,,22.16,
2004-04-10 20:00:00,1.81,0.65,,20.9,
2004-04-10 21:00:00,,0.65,,20.33,
2004-04-10 22:00:00,,0.65,,19.16,
2004-04-10 23:00:00,,0.65,,20.97,
2004-04-11 00:00:00,0.011,0.65,,19.8,
2004-04-11 01:00:00,0.066,0.65,,21.14,
2004-04-11 02:00:00,0.403,0.65,,22.0,
2004-04-11 03:00:00,0.27,0.65,,21.51,
2004-04-11 04:00:00,,0.65,,20.49,
2004-04-11 05:00:00,,0.65,,19.45,
2004-04-11 06:00:00,,0.65,,17.39,
2004-04-11 07:00:00,3.536,0.65,,12.15,
2004-04-11 08:00:00,2.661,0.65,,11.24,
2004-04-11 09:00:00,0.979,0.65,,12.56,
2004-04-11 10:00:00,2.074,0.65,,14.22,
2004-04-11 11:00:00,5.464,0.65,,17.28,
2004-04-11 12:00:00,3.37,2.083,,20.08,
2004-04-11 13:00:00,1.318,1.693,,34.26,
2004-04-11 14:00:00,1.826,1.739,,37.84,
2004-04-11 15:00:00,0.64,1.927,,41.06,
2004-04-11 16:00:00,0.009,1.838,,43.6,
2004-04-11 17:00:00,,1.331,,39.06,
2004-04-11 18:00:00,,0.65,,21.65,
2004-04-11 19:00:00,3.613,0.65,,12.59,
2004-04-11 20:00:00,2.746,0.65,,5.569,
2004-04-11 21:00:00,0.009,0.65,,0.5,
2004-04-11 22:00:00,,0.65,,0.5,
2004-04-11 23:00:00,,0.65,,1.436,
2004-04-12 00:00:00,,0.65,,0.5,
2004-04-12 01:00:00,,0.65,,1.083,
2004-04-12 02:00:00,,0.65,,0.5,
2004-04-12 03:00:00,,0.65,,0.5,
2004-04-12 04:00:00,,0.65,,0.5,
2004-04-12 05:00:00,,0.65,,0.5,
2004-04-12 06:00:00,,0.65,,0.5,
2004-04-12 07:00:00,3.457,0.65,,0.5,
2004-04-12 08:00:00,2.613,0.65,,0.5,
2004-04-12 09:00:00,1.016,2.965,,0.5,
2004-04-12 10:00:00,3.189,3.96,,1.558,
2004-04-12 11:00:00,5.737,7.371,,4.406,
2004-04-12 12:00:00,5.772,3.092,,10.95,
2004-04-12 13:00:00,2.25,0.65,,18.61,
2004-04-12 14:00:00,0.265,0.65,,24.91,
2004-04-12 15:00:00,2.305,0.65,,31.09,
2004-04-12 16:00:00,4.257,0.65,,33.26,
2004-04-12 17:00:00,1.966,0.65,,50.43,
2004-04-12 18:00:00,,0.65,,45.43,
2004-04-12 19:00:00,,0.65,,11.65,
2004-04-12 20:00:00,,0.65,,4.954,
2004-04-12 21:00:00,,0.65,,6.775,
2004-04-12 22:00:00,,0.65,,8.349,
2004-04-12 23:00:00,,0.65,,7.851,
2004-04-13 00:00:00,,0.65,,1.328,
2004-04-13 01:00:00,,0.65,,2.597,
2004-04-13 02:00:00,,0.65,,6.272,
2004-04-13 03:00:00,,0.65,,5.697,
2004-04-13 04:00:00,,0.65,,5.607,
2004-04-13 05:00:00,,0.65,,2.323,
2004-04-13 06:00:00,,0.65,,1.847,
2004-04-13 07:00:00,3.479,0.65,,0.5,
2004-04-13 08:00:00,2.713,0.65,,0.5,
2004-04-13 09:00:00,1.134,5.711,,1.032,
2004-04-13 10:00:00,2.552,7.832,,3.254,
2004-04-13 11:00:00,5.108,8.426,,6.15,
2004-04-13 12:00:00,7.785,,,12.63,
2004-04-13 13:00:00,3.219,3.406,,24.38,
2004-04-13 14:00:00,,2.694,,62.3,
2004-04-13 15:00:00,1.225,0.65,,73.78,
2004-04-13 17:00:00,2.804,0.65,,37.27,
2004-04-13 18:00:00,,2.743,,26.45,
2004-04-13 19:00:00,5.656,4.551,,18.31,
2004-04-13 20:00:00,3.981,0.65,,10.76,
2004-04-13 21:00:00,,0.65,,4.109,
2004-04-13 22:00:00,,0.65,,1.021,
2004-04-13 23:00:00,,0.65,,0.5,
2004-04-14 00:00:00,,0.65,,0.5,
2004-04-14 01:00:00,,1.334,,1.65,
2004-04-14 02:00:00,,0.65,,1.825,
2004-04-14 03:00:00,,0.65,,0.5,
2004-04-14 04:00:00,,0.65,,0.5,
2004-04-14 05:00:00,,0.65,,0.5,
2004-04-14 06:00:00,,2.403,,0.5,
2004-04-14 07:00:00,3.754,1.794,,0.5,
2004-04-14 08:00:00,2.999,3.222,,0.5,
2004-04-14 09:00:00,1.715,12.54,,1.822,
2004-04-14 10:00:00,1.906,11.46,,4.769,
2004-04-14 11:00:00,4.529,7.251,,12.02,
2004-04-14 12:00:00,5.144,3.749,,20.75,
2004-04-14 13:00:00,1.874,4.246,,31.19,
2004-04-14 16:00:00,0.266,0.65,,22.81,
2004-04-14 17:00:00,3.769,2.575,,28.43,
2004-04-14 18:00:00,2.584,0.65,,38.82,
2004-04-14 19:00:00,2.625,0.65,,25.16,
2004-04-14 20:00:00,1.898,0.65,,10.24,
2004-04-14 21:00:00,,0.65,,14.26,
2004-04-14 22:00:00,,0.65,,13.67,
2004-04-14 23:00:00,,0.65,,9.956,
2004-04-15 00:00:00,,0.65,,1.219,
2004-04-15 01:00:00,,0.65,,0.5,
2004-04-15 02:00:00,,1.443,,1.189,
2004-04-15 03:00:00,,0.65,,0.5,
2004-04-15 04:00:00,,0.65,,0.5,
2004-04-15 05:00:00,,0.65,,0.5,
2004-04-15 06:00:00,,0.65,,1.07,
2004-04-15 07:00:00,3.359,0.65,,0.5,
2004-04-15 08:00:00,2.775,0.65,,0.5,
2004-04-15 09:00:00,1.211,3.414,,2.674,
2004-04-15 10:00:00,1.595,8.19,,8.864,
2004-04-15 11:00:00,4.615,9.153,,20.46,
2004-04-15 12:00:00,5.452,2.908,,34.55,
2004-04-15 13:00:00,3.288,0.65,,44.55,
2004-04-15 14:00:00,1.06,2.51,,40.87,
2004-04-15 15:00:00,0.692,0.65,,40.96,
2004-04-15 16:00:00,0.441,0.65,,37.76,
2004-04-15 17:00:00,,0.65,,30.06,
2004-04-15 18:00:00,,0.65,,30.63,
2004-04-15 19:00:00,1.458,0.65,,23.36,
2004-04-15 20:00:00,1.009,0.65,,20.38,
2004-04-15 21:00:00,,0.65,,16.64,
2004-04-15 22:00:00,,0.65,,18.51,
2004-04-15 23:00:00,,0.65,,21.37,
2004-04-16 00:00:00,,0.65,,16.61,
2004-04-16 01:00:00,,0.65,,18.73,
2004-04-16 02:00:00,,0.65,,14.02,
2004-04-16 03:00:00,,0.65,,15.99,
2004-04-16 04:00:00,,0.65,,19.54,
2004-04-16 05:00:00,,0.65,,7.185,
2004-04-16 06:00:00,,0.65,,2.713,
2004-04-16 07:00:00,4.022,0.65,,2.654,
2004-04-16 08:00:00,3.155,1.404,,1.263,
2004-04-16 09:00:00,0.932,3.201,,1.689,
2004-04-16 10:00:00,2.169,2.676,,9.457,
2004-04-16 11:00:00,3.387,2.374,,14.94,
2004-04-16 12:00:00,3.185,3.425,,21.2,
2004-04-16 13:00:00,1.151,2.121,,33.86,
2004-04-16 14:00:00,0.129,1.499,,47.28,
2004-04-16 15:00:00,3.192,1.498,,42.12,
2004-04-16 16:00:00,3.502,1.44,67.85,44.29,
2004-04-16 17:00:00,1.0,1.573,56.33,72.42,0.481
2004-04-16 18:00:00,0.054,1.338,30.72,36.16,0.299
2004-04-16 19:00:00,0.844,1.637,33.1,19.11,0.349
2004-04-16 20:00:00,0.596,1.685,30.93,13.85,0.354
2004-04-16 21:00:00,,1.747,28.82,16.32,0.294
2004-04-16 22:00:00,,0.65,27.26,14.35,0.358
2004-04-16 23:00:00,,0.65,39.38,5.594,0.434
2004-04-17 00:00:00,,1.963,47.45,2.408,0.776
2004-04-17 01:00:00,,0.65,41.16,6.14,0.622
2004-04-17 02:00:00,,0.65,43.37,0.5,0.831
2004-04-17 03:00:00,,0.65,34.28,10.6,0.905
2004-04-17 04:00:00,,0.65,16.4,23.4,0.476
2004-04-17 05:00:00,,0.65,12.66,23.35,0.484
2004-04-17 06:00:00,,0.65,20.92,7.219,0.575
2004-04-17 07:00:00,3.766,0.65,18.38,8.082,0.581
2004-04-17 08:00:00,2.671,0.65,17.91,6.032,0.934
2004-04-17 09:00:00,0.585,0.65,21.24,3.702,1.441
2004-04-17 10:00:00,1.358,3.181,25.24,9.955,1.046
2004-04-17 11:00:00,0.883,1.608,31.97,12.97,0.757
2004-04-17 12:00:00,1.751,0.65,22.52,14.64,0.77
2004-04-17 13:00:00,1.422,0.65,25.23,12.99,0.866
2004-04-17 14:00:00,0.207,0.65,27.43,7.733,1.151
2004-04-17 15:00:00,,0.65,32.7,10.56,1.011
2004-04-17 16:00:00,,0.65,25.37,8.192,1.308
2004-04-17 17:00:00,,0.65,32.26,3.331,0.946
2004-04-17 18:00:00,,0.65,29.93,4.137,1.177
2004-04-17 19:00:00,3.077,0.65,19.16,17.16,0.561
2004-04-17 20:00:00,2.173,0.65,18.5,15.93,0.535
2004-04-17 21:00:00,,0.65,22.44,11.81,0.577
2004-04-17 22:00:00,0.363,0.65,20.6,11.74,0.535
2004-04-17 23:00:00,0.286,0.65,21.47,10.38,0.535
2004-04-18 00:00:00,0.021,0.65,27.16,5.159,0.755
2004-04-18 01:00:00,0.428,0.65,21.39,12.68,0.529
2004-04-18 02:00:00,0.302,0.65,17.41,14.91,0.475
2004-04-18 03:00:00,,0.65,7.461,25.43,0.4
2004-04-18 04:00:00,,0.65,3.48,27.65,0.382
2004-04-18 05:00:00,,0.65,4.422,27.84,0.44
2004-04-18 06:00:00,,0.65,5.681,25.78,0.389
2004-04-18 07:00:00,3.64,0.65,10.27,19.63,0.434
2004-04-18 08:00:00,2.685,0.65,9.982,21.89,0.43
2004-04-18 09:00:00,0.277,0.65,9.889,21.4,0.484
2004-04-18 10:00:00,0.876,0.65,6.944,28.04,0.454
2004-04-18 11:00:00,0.878,0.65,7.484,27.09,0.511
2004-04-18 12:00:00,1.053,0.65,7.893,26.3,0.477
2004-04-18 13:00:00,1.658,0.65,7.922,26.81,0.513
2004-04-18 14:00:00,0.821,0.65,8.456,24.97,0.6
2004-04-18 15:00:00,0.033,0.65,10.61,20.58,0.62
2004-04-18 16:00:00,,0.65,9.857,22.52,0.492
2004-04-18 17:00:00,,0.65,,22.6,0.5
2004-04-18 18:00:00,,0.65,,23.11,0.447
2004-04-18 19:00:00,2.363,0.65,,21.44,0.529
2004-04-18 20:00:00,1.692,0.65,,20.2,0.546
2004-04-18 21:00:00,,0.65,,21.47,0.529
2004-04-18 22:00:00,,0.65,,19.87,0.484
2004-04-18 23:00:00,,0.65,,17.9,0.559
2004-04-19 00:00:00,,0.65,,16.9,0.538
2004-04-19 01:00:00,,0.65,6.3,16.03,0.411
2004-04-19 02:00:00,,0.65,5.37,14.72,0.453
2004-04-19 03:00:00,0.544,0.65,8.486,11.01,0.784
2004-04-19 04:00:00,0.386,0.65,6.28,13.46,0.416
2004-04-19 05:00:00,,0.65,3.821,14.03,0.428
2004-04-19 06:00:00,,0.65,9.443,7.706,0.438
2004-04-19 07:00:00,3.771,0.65,9.163,6.185,0.702
2004-04-19 08:00:00,2.679,1.642,9.372,1.933,1.905
2004-04-19 09:00:00,,12.6,3.298,1.365,1.704
2004-04-19 10:00:00,0.385,7.317,5.798,1.682,1.871
2004-04-19 11:00:00,1.284,12.65,3.608,2.829,1.743
2004-04-19 12:00:00,1.991,12.64,18.98,4.914,1.718
2004-04-19 13:00:00,1.354,5.054,18.78,4.358,1.474
2004-04-19 14:00:00,0.317,5.338,36.67,7.019,1.131
2004-04-19 15:00:00,1.481,7.618,37.86,7.776,1.167
2004-04-19 16:00:00,1.5,7.676,34.63,10.57,1.05
2004-04-19 17:00:00,0.981,8.19,32.52,10.11,0.997
2004-04-19 18:00:00,0.506,2.713,26.35,19.05,0.61
2004-04-19 19:00:00,2.041,2.226,31.09,17.97,0.756
2004-04-19 20:00:00,1.519,3.011,38.8,17.23,0.91
2004-04-19 21:00:00,,1.921,34.79,15.57,0.694
2004-04-19 22:00:00,,0.65,23.18,18.29,0.516
2004-04-19 23:00:00,,0.65,28.44,13.06,0.649
2004-04-20 00:00:00,,1.362,45.44,9.228,0.686
2004-04-20 01:00:00,,2.633,25.81,15.53,0.389
2004-04-20 02:00:00,,1.401,21.71,17.04,0.285
2004-04-20 03:00:00,,4.032,20.43,17.99,0.275
2004-04-20 04:00:00,,2.304,20.64,16.92,0.352
2004-04-20 05:00:00,,0.65,18.43,17.94,0.255
2004-04-20 06:00:00,,0.65,23.61,7.324,0.286
2004-04-20 07:00:00,2.782,4.679,24.67,0.5,0.413
2004-04-20 08:00:00,2.125,8.021,14.64,0.5,1.0
2004-04-20 09:00:00,0.46,12.72,20.48,1.0,1.287
2004-04-20 10:00:00,1.176,20.71,23.25,3.738,1.06
2004-04-20 11:00:00,4.823,80.07,31.67,10.7,0.506
2004-04-20 12:00:00,3.973,33.81,38.65,16.71,0.485
2004-04-20 13:00:00,1.175,8.465,32.01,19.45,0.516
2004-04-20 14:00:00,1.422,25.34,35.94,19.33,0.53
2004-04-20 15:00:00,2.677,15.13,48.12,20.15,0.756
2004-04-20 16:00:00,4.15,8.041,63.59,31.51,0.654
2004-04-20 17:00:00,2.063,4.597,74.74,33.28,0.589
2004-04-20 18:00:00,,0.65,51.48,28.95,0.36
2004-04-20 19:00:00,,0.65,45.07,12.18,0.362
2004-04-20 20:00:00,,0.65,48.9,6.949,0.402
2004-04-20 21:00:00,,0.65,40.81,11.99,0.366
2004-04-20 22:00:00,,0.65,30.54,17.68,0.311
2004-04-20 23:00:00,,0.65,23.74,21.64,0.305
2004-04-21 00:00:00,,0.65,19.78,25.12,0.281
2004-04-21 01:00:00,,0.65,16.89,25.91,0.377
2004-04-21 02:00:00,,0.65,13.91,27.52,0.356
2004-04-21 03:00:00,,0.65,18.59,19.71,0.399
2004-04-21 04:00:00,,0.65,28.55,10.29,0.517
2004-04-21 05:00:00,,0.65,32.92,4.992,0.673
2004-04-21 06:00:00,,0.65,35.97,0.5,0.687
2004-04-21 07:00:00,3.121,0.65,31.49,0.5,0.716
2004-04-21 08:00:00,2.743,0.65,30.11,0.5,0.717
2004-04-21 09:00:00,0.905,2.044,35.33,2.075,0.891
2004-04-21 10:00:00,3.139,2.402,26.39,13.96,0.546
2004-04-21 11:00:00,7.959,1.603,19.78,20.8,0.525
2004-04-21 12:00:00,5.979,0.65,13.91,28.35,0.499
2004-04-21 13:00:00,1.163,0.65,10.51,32.36,0.388
2004-04-21 14:00:00,0.715,0.65,10.81,30.26,0.414
2004-04-21 15:00:00,2.632,0.65,12.04,30.27,0.414
2004-04-21 16:00:00,3.436,1.762,10.18,30.08,0.364
2004-04-21 17:00:00,2.267,,13.65,29.78,0.362
2004-04-21 18:00:00,0.64,,15.48,29.3,0.439
2004-04-21 19:00:00,0.628,,25.76,26.64,0.525
2004-04-21 20:00:00,0.462,,22.39,20.49,0.637
2004-04-21 21:00:00,0.008,,18.48,14.58,0.546
2004-04-21 22:00:00,,,20.02,12.83,0.518
2004-04-21 23:00:00,,,13.71,14.66,0.417
2004-04-22 00:00:00,,,12.31,13.03,0.44
2004-04-22 01:00:00,,,9.949,11.18,0.343
2004-04-22 02:00:00,,,6.544,12.64,0.323
2004-04-22 03:00:00,,,6.332,13.77,0.302
2004-04-22 04:00:00,,,5.085,13.99,0.246
2004-04-22 05:00:00,,,4.032,14.21,0.257
2004-04-22 06:00:00,,,4.622,15.23,0.284
2004-04-22 07:00:00,4.247,,10.59,6.988,0.478
2004-04-22 08:00:00,3.023,,11.31,0.5,0.664
2004-04-22 09:00:00,,,11.08,0.5,1.282
2004-04-22 10:00:00,0.162,,21.64,3.202,0.581
2004-04-22 11:00:00,2.068,,21.29,4.685,0.475
2004-04-22 12:00:00,3.657,,19.86,5.782,0.419
2004-04-22 13:00:00,3.899,,22.55,9.056,0.477
2004-04-22 14:00:00,3.115,2.677,22.48,13.39,0.4
2004-04-22 15:00:00,3.337,2.464,29.77,13.46,0.48
2004-04-22 16:00:00,2.779,2.179,44.27,12.11,0.551
2004-04-22 17:00:00,0.819,4.849,61.62,3.112,1.662
2004-04-22 18:00:00,,6.393,49.35,4.519,1.498
2004-04-22 19:00:00,,3.624,25.3,20.45,0.568
2004-04-22 20:00:00,,2.411,20.09,21.0,0.546
2004-04-22 21:00:00,,2.135,14.62,25.57,0.399
2004-04-22 22:00:00,,2.138,12.51,27.08,0.398
2004-04-22 23:00:00,,1.625,20.88,19.64,0.524
2004-04-23 00:00:00,,1.963,14.02,18.25,0.321
2004-04-23 01:00:00,,0.65,24.88,9.785,0.391
2004-04-23 02:00:00,,0.65,24.95,8.192,0.364
2004-04-23 03:00:00,,0.65,15.68,17.14,0.301
2004-04-23 04:00:00,,0.65,3.98,23.33,0.303
2004-04-23 05:00:00,,0.65,10.79,16.3,0.321
2004-04-23 06:00:00,,2.082,10.42,16.47,0.348
2004-04-23 07:00:00,3.21,25.5,13.25,7.275,0.43
2004-04-23 08:00:00,2.456,37.18,15.26,2.118,1.13
2004-04-23 09:00:00,0.62,16.18,16.03,2.251,1.388
2004-04-23 10:00:00,1.355,22.04,21.79,5.228,1.017
2004-04-23 11:00:00,3.983,41.37,20.19,5.841,1.006
2004-04-23 12:00:00,2.45,36.2,25.8,3.701,1.269
2004-04-23 13:00:00,0.009,43.96,25.73,5.312,1.14
2004-04-23 14:00:00,1.704,38.95,30.49,8.288,0.955
2004-04-23 15:00:00,1.86,32.42,29.88,5.06,1.314
2004-04-23 16:00:00,0.442,34.1,28.67,5.671,1.277
2004-04-23 17:00:00,,39.8,29.89,4.974,1.32
2004-04-23 18:00:00,,42.83,31.12,1.828,1.719
2004-04-23 19:00:00,2.938,34.47,30.3,0.5,1.896
2004-04-23 20:00:00,2.172,10.56,35.06,0.5,0.91
2004-04-23 21:00:00,,7.342,33.64,1.837,0.554
2004-04-23 22:00:00,,4.742,34.31,0.5,0.689
2004-04-23 23:00:00,,4.612,36.24,0.5,0.747
2004-04-24 00:00:00,,5.439,29.46,0.5,1.6
2004-04-24 01:00:00,,4.358,31.65,2.868,1.003
2004-04-24 02:00:00,,2.183,31.93,5.405,0.619
2004-04-24 03:00:00,,1.604,16.34,16.22,0.376
2004-04-24 04:00:00,,0.65,14.26,18.82,0.296
2004-04-24 05:00:00,,0.65,10.83,20.3,0.277
2004-04-24 06:00:00,,0.65,10.52,19.51,0.253
2004-04-24 07:00:00,2.564,0.65,11.97,20.46,0.218
2004-04-24 08:00:00,1.91,0.65,14.79,17.06,0.21
2004-04-24 09:00:00,,15.31,14.02,8.414,0.309
2004-04-24 10:00:00,0.559,25.67,24.07,9.028,0.504
2004-04-24 11:00:00,1.003,9.883,21.98,13.82,0.42
2004-04-24 12:00:00,2.073,10.5,28.28,17.37,0.344
2004-04-24 13:00:00,1.77,2.712,32.09,18.31,0.406
2004-04-24 14:00:00,0.412,0.65,25.06,21.08,0.328
2004-04-24 15:00:00,,0.65,21.16,23.88,0.229
2004-04-24 16:00:00,0.074,0.65,25.48,21.52,0.317
2004-04-24 17:00:00,0.056,0.65,,21.02,0.309
2004-04-24 18:00:00,,0.65,18.67,26.05,0.175
2004-04-24 19:00:00,1.412,0.65,22.89,22.54,0.223
2004-04-24 20:00:00,1.078,0.65,24.26,23.8,0.219
2004-04-24 21:00:00,,0.65,25.64,25.74,0.237
2004-04-24 22:00:00,,0.65,27.83,20.27,0.255
2004-04-24 23:00:00,,0.65,35.72,13.7,0.438
2004-04-25 00:00:00,,0.65,36.42,17.71,0.368
2004-04-25 01:00:00,,0.65,34.5,16.26,0.417
2004-04-25 02:00:00,,0.65,29.65,16.59,0.377
2004-04-25 03:00:00,,0.65,30.32,13.92,0.416
2004-04-25 04:00:00,,0.65,18.82,23.19,0.204
2004-04-25 05:00:00,,0.65,23.47,19.72,0.213
2004-04-25 06:00:00,,0.65,25.02,17.38,0.236
2004-04-25 07:00:00,3.075,1.869,21.66,19.65,0.226
2004-04-25 08:00:00,2.357,7.938,32.79,8.551,0.341
2004-04-25 09:00:00,0.108,11.52,19.96,9.104,0.261
2004-04-25 10:00:00,0.44,21.81,15.33,19.95,0.279
2004-04-25 11:00:00,4.265,8.028,13.76,26.36,0.224
2004-04-25 12:00:00,3.487,2.414,13.91,28.7,0.275
2004-04-25 13:00:00,0.321,0.65,19.62,31.22,0.253
2004-04-25 14:00:00,0.591,2.15,15.97,35.21,0.244
2004-04-25 15:00:00,1.057,0.65,16.14,34.63,0.238
2004-04-25 16:00:00,2.873,0.65,18.34,30.79,0.228
2004-04-25 17:00:00,1.846,0.65,14.94,33.34,0.195
2004-04-25 18:00:00,,0.65,14.22,30.94,0.184
2004-04-25 19:00:00,0.203,0.65,33.93,13.1,0.372
2004-04-25 20:00:00,0.157,0.65,42.89,5.542,0.418
2004-04-25 21:00:00,,0.65,36.55,11.1,0.353
2004-04-25 22:00:00,,0.65,32.82,13.92,0.241
2004-04-25 23:00:00,,0.65,44.52,3.047,0.29
2004-04-26 00:00:00,,0.65,45.38,2.181,0.552
2004-04-26 01:00:00,,1.333,38.45,0.5,1.021
2004-04-26 02:00:00,,0.65,36.7,0.5,0.965
2004-04-26 03:00:00,,1.438,30.27,0.5,0.997
2004-04-26 04:00:00,,1.659,28.09,0.5,0.933
2004-04-26 05:00:00,,1.364,27.77,0.5,0.799
2004-04-26 06:00:00,,0.65,22.03,0.5,0.775
2004-04-26 07:00:00,1.747,0.65,23.81,0.5,0.853
2004-04-26 08:00:00,1.367,4.073,13.8,0.5,1.533
2004-04-26 09:00:00,0.506,10.24,18.68,0.5,2.11
2004-04-26 10:00:00,1.419,9.696,28.15,1.737,1.575
2004-04-26 11:00:00,5.778,11.05,50.2,5.601,1.551
2004-04-26 12:00:00,3.663,14.87,64.64,15.19,1.338
2004-04-26 13:00:00,0.913,11.49,45.95,27.24,1.109
2004-04-26 14:00:00,1.096,4.137,24.67,40.73,0.761
2004-04-26 15:00:00,1.409,4.05,31.16,33.32,0.812
2004-04-26 16:00:00,3.337,2.235,28.6,33.09,0.715
2004-04-26 17:00:00,1.827,1.511,22.98,31.07,0.621
2004-04-26 18:00:00,,1.307,30.69,19.94,0.68
2004-04-26 19:00:00,0.626,1.729,40.13,9.364,0.717
2004-04-26 20:00:00,0.443,1.435,46.77,3.469,0.795
2004-04-26 21:00:00,,1.356,49.33,4.246,0.641
2004-04-26 22:00:00,,0.65,35.53,14.27,0.613
2004-04-26 23:00:00,,0.65,29.77,16.96,0.57
2004-04-27 00:00:00,,0.65,36.84,10.94,0.553
2004-04-27 01:00:00,,1.617,41.17,2.062,0.48
2004-04-27 02:00:00,,0.65,44.81,1.986,0.319
2004-04-27 03:00:00,,0.65,40.33,2.293,0.318
2004-04-27 04:00:00,,1.781,40.82,2.605,0.294
2004-04-27 05:00:00,,1.367,40.93,0.5,0.263
2004-04-27 06:00:00,,1.697,38.48,0.5,0.24
2004-04-27 07:00:00,2.45,1.328,33.92,0.5,0.384
2004-04-27 08:00:00,1.734,3.425,24.5,0.5,1.05
2004-04-27 09:00:00,0.733,18.2,40.77,0.5,1.516
2004-04-27 10:00:00,2.668,22.37,42.54,0.5,1.695
2004-04-27 11:00:00,3.692,22.03,96.28,2.026,1.436
2004-04-27 12:00:00,4.875,16.85,81.26,14.29,0.666
2004-04-27 13:00:00,4.321,9.381,36.31,25.22,0.365
2004-04-27 14:00:00,1.392,18.83,51.83,19.19,0.676
2004-04-27 15:00:00,,16.08,46.67,15.12,0.777
2004-04-27 16:00:00,2.836,5.939,18.62,35.28,0.244
2004-04-27 17:00:00,2.007,5.363,21.49,30.34,0.263
2004-04-27 18:00:00,,5.193,42.94,11.2,0.422
2004-04-27 19:00:00,1.283,4.518,43.66,9.382,0.345
2004-04-27 20:00:00,0.945,4.025,38.82,9.469,0.366
2004-04-27 21:00:00,0.008,4.849,38.62,8.944,0.282
2004-04-27 22:00:00,,3.518,26.57,16.4,0.246
2004-04-27 23:00:00,,2.961,26.13,11.39,0.227
2004-04-28 00:00:00,,2.559,33.51,4.244,0.282
2004-04-28 01:00:00,,0.65,23.02,12.79,0.176
2004-04-28 02:00:00,,0.65,20.75,9.965,0.252
2004-04-28 03:00:00,,0.65,23.89,4.726,0.283
2004-04-28 04:00:00,,0.65,31.18,0.5,0.341
2004-04-28 05:00:00,,0.65,27.9,0.5,0.376
2004-04-28 06:00:00,,0.65,22.6,0.5,0.311
2004-04-28 07:00:00,2.914,0.65,20.56,0.5,0.327
2004-04-28 08:00:00,2.12,1.681,11.46,0.5,0.988
2004-04-28 09:00:00,0.41,4.776,27.73,0.5,2.181
2004-04-28 10:00:00,1.889,21.7,79.65,0.5,2.344
2004-04-28 11:00:00,6.605,29.12,92.23,5.025,1.081
2004-04-28 12:00:00,5.614,14.57,65.74,18.32,0.528
2004-04-28 13:00:00,2.466,14.0,81.77,18.05,0.791
2004-04-28 14:00:00,0.939,28.27,123.0,19.08,1.15
2004-04-28 15:00:00,0.046,21.08,98.17,22.01,1.106
2004-04-28 16:00:00,2.362,15.78,90.22,20.12,1.1
2004-04-28 17:00:00,2.009,5.151,46.13,28.05,0.394
2004-04-28 18:00:00,0.207,3.757,40.79,24.58,0.263
2004-04-28 19:00:00,1.575,4.516,51.55,11.96,0.374
2004-04-28 20:00:00,1.133,4.546,64.1,6.653,0.452
2004-04-28 21:00:00,0.008,4.896,59.63,0.5,0.624
2004-04-28 22:00:00,,4.874,52.15,0.5,0.852
2004-04-28 23:00:00,,6.368,43.55,0.5,1.425
2004-04-29 00:00:00,,5.637,32.35,0.5,2.023
2004-04-29 01:00:00,,5.206,36.39,0.5,2.074
2004-04-29 02:00:00,,2.857,36.42,0.5,1.508
2004-04-29 03:00:00,,2.232,27.74,0.5,1.618
2004-04-29 04:00:00,,2.517,28.35,0.5,1.084
2004-04-29 05:00:00,,1.462,25.26,0.5,0.983
2004-04-29 06:00:00,,0.65,23.49,0.5,0.716
2004-04-29 07:00:00,3.707,0.65,20.46,0.5,1.032
2004-04-29 08:00:00,2.624,4.818,18.16,0.5,1.946
2004-04-29 09:00:00,0.867,7.885,37.34,0.5,1.794
2004-04-29 10:00:00,3.277,10.26,48.68,2.214,1.511
2004-04-29 11:00:00,6.969,12.9,68.16,8.235,1.089
2004-04-29 12:00:00,4.417,4.674,40.21,14.92,0.859
2004-04-29 13:00:00,1.667,3.014,44.3,17.92,0.777
2004-04-29 14:00:00,2.154,2.997,50.85,19.73,0.824
2004-04-29 15:00:00,1.688,4.5,47.18,14.39,0.948
2004-04-29 16:00:00,4.346,3.862,46.68,12.81,1.071
2004-04-29 17:00:00,2.773,4.937,62.74,7.744,1.106
2004-04-29 18:00:00,,8.547,72.06,1.855,1.512
2004-04-29 19:00:00,1.664,14.52,73.47,0.5,2.827
2004-04-29 20:00:00,1.204,18.58,67.73,1.054,2.605
2004-04-29 21:00:00,,11.88,67.95,1.31,2.151
2004-04-29 22:00:00,,13.09,65.56,0.5,1.761
2004-04-29 23:00:00,,15.41,63.26,1.096,1.395
2004-04-30 00:00:00,,7.865,60.34,1.37,0.9
2004-04-30 01:00:00,,17.4,51.6,2.879,0.507
2004-04-30 02:00:00,,6.75,37.28,2.386,0.469
2004-04-30 03:00:00,,3.156,29.66,6.525,0.362
2004-04-30 04:00:00,,6.404,23.96,6.4,0.299
2004-04-30 05:00:00,,11.68,17.45,10.9,0.26
2004-04-30 06:00:00,,6.033,11.59,15.6,0.241
2004-04-30 07:00:00,3.193,2.825,16.39,8.91,0.264
2004-04-30 08:00:00,2.806,5.786,24.25,1.894,0.796
2004-04-30 09:00:00,0.363,4.923,29.71,5.133,0.756
2004-04-30 10:00:00,,4.292,33.86,4.839,0.638
2004-04-30 11:00:00,,4.249,27.31,3.781,0.801
2004-04-30 12:00:00,,4.274,35.01,1.637,1.071
2004-04-30 13:00:00,,3.587,35.55,3.417,0.864
2004-04-30 14:00:00,,2.819,31.34,2.787,0.621
2004-04-30 15:00:00,,3.479,34.66,5.568,0.713
2004-04-30 16:00:00,,3.693,26.59,9.265,0.432
2004-04-30 17:00:00,,2.234,26.95,11.77,0.298
2004-04-30 18:00:00,,1.559,28.48,8.486,0.312
2004-04-30 19:00:00,2.322,1.646,36.11,4.311,0.412
2004-04-30 20:00:00,1.682,1.518,37.17,2.178,0.449
2004-04-30 21:00:00,,1.666,35.79,1.179,0.722
2004-04-30 22:00:00,,2.222,32.52,4.007,0.483
2004-04-30 23:00:00,,0.65,24.56,11.54,0.294
2004-05-01 00:00:00,,0.65,18.62,12.44,0.43
2004-05-01 01:00:00,,4.989,21.09,9.017,0.453
2004-05-01 02:00:00,,3.179,27.49,5.665,0.466
2004-05-01 03:00:00,,3.053,20.36,10.17,0.405
2004-05-01 04:00:00,,2.979,22.1,8.707,0.549
2004-05-01 05:00:00,,2.716,18.4,14.97,0.295
2004-05-01 06:00:00,,1.729,5.768,28.93,0.234
2004-05-01 07:00:00,3.435,2.287,4.818,32.98,0.216
2004-05-01 08:00:00,2.516,2.447,10.21,28.0,0.232
2004-05-01 09:00:00,0.432,3.05,18.37,19.77,0.222
2004-05-01 10:00:00,1.941,3.435,16.17,22.31,0.24
2004-05-01 11:00:00,2.383,2.851,10.39,29.42,0.263
2004-05-01 12:00:00,1.875,2.674,7.156,33.38,0.267
2004-05-01 13:00:00,2.222,3.828,9.975,30.73,0.288
2004-05-01 14:00:00,2.813,3.822,8.83,30.78,0.3
2004-05-01 15:00:00,0.99,3.461,9.217,29.18,0.324
2004-05-01 16:00:00,,3.663,11.33,27.79,0.32
2004-05-01 17:00:00,,3.575,14.83,25.61,0.36
2004-05-01 18:00:00,,4.164,19.08,23.56,0.304
2004-05-01 19:00:00,3.527,4.52,20.59,22.56,0.308
2004-05-01 20:00:00,1.778,4.762,22.1,19.61,0.329
2004-05-01 21:00:00,,4.785,23.2,18.97,0.331
2004-05-01 22:00:00,,4.236,17.12,22.69,0.255
2004-05-01 23:00:00,,4.964,16.87,20.64,0.24
2004-05-02 00:00:00,,3.734,16.83,17.65,0.229
2004-05-02 01:00:00,,0.65,25.44,10.27,0.335
2004-05-02 02:00:00,,0.65,22.94,10.91,0.313
2004-05-02 03:00:00,,0.65,27.83,6.878,0.332
2004-05-02 04:00:00,,0.65,28.03,4.106,0.35
2004-05-02 05:00:00,,0.65,30.41,0.5,0.444
2004-05-02 06:00:00,,1.331,25.15,1.986,0.598
2004-05-02 07:00:00,3.66,0.65,20.84,2.971,0.399
2004-05-02 08:00:00,1.859,0.65,25.94,3.122,0.359
2004-05-02 09:00:00,0.498,4.11,17.34,2.565,0.475
2004-05-02 10:00:00,0.773,5.559,20.27,6.118,0.392
2004-05-02 11:00:00,4.649,8.929,17.88,10.97,0.33
2004-05-02 12:00:00,4.582,4.915,18.33,15.5,0.382
2004-05-02 13:00:00,2.508,5.6,27.01,20.54,0.456
2004-05-02 14:00:00,1.858,5.701,33.31,30.66,0.476
2004-05-02 15:00:00,1.15,3.937,,31.02,0.507
2004-05-02 16:00:00,0.668,5.682,35.31,27.1,0.532
2004-05-02 17:00:00,0.2,6.067,44.13,21.71,0.664
2004-05-02 18:00:00,,7.786,50.23,6.923,1.281
2004-05-02 19:00:00,3.344,8.003,53.66,0.5,2.345
2004-05-02 20:00:00,1.742,10.52,46.79,1.2,3.359
2004-05-02 21:00:00,0.007,10.3,44.3,3.278,1.877
2004-05-02 22:00:00,,8.468,34.44,20.26,0.524
2004-05-02 23:00:00,,6.897,22.99,23.8,0.342
2004-05-03 00:00:00,,4.527,40.19,9.799,0.572
2004-05-03 01:00:00,,0.65,41.81,3.496,0.825
2004-05-03 02:00:00,,0.65,42.0,0.5,0.972
2004-05-03 03:00:00,,0.65,30.51,9.447,0.592
2004-05-03 04:00:00,,0.65,11.93,16.93,0.445
2004-05-03 05:00:00,,0.65,15.69,14.27,0.387
2004-05-03 06:00:00,,0.65,9.099,19.79,0.406
2004-05-03 07:00:00,3.265,0.65,14.09,13.45,0.476
2004-05-03 08:00:00,1.793,0.65,21.01,9.37,0.65
2004-05-03 09:00:00,1.216,0.65,25.44,10.91,0.631
2004-05-03 10:00:00,1.386,0.65,21.5,14.91,0.515
2004-05-03 11:00:00,1.001,0.65,17.92,19.59,0.494
2004-05-03 12:00:00,1.463,0.65,14.25,24.3,0.455
2004-05-03 13:00:00,1.649,0.65,15.17,26.25,0.439
2004-05-03 14:00:00,1.479,0.65,14.28,24.75,0.423
2004-05-03 15:00:00,0.506,0.65,17.27,20.84,0.486
2004-05-03 16:00:00,0.007,0.65,23.87,17.02,0.492
2004-05-03 17:00:00,,0.65,35.21,7.499,0.634
2004-05-03 18:00:00,,0.65,36.89,4.839,0.683
2004-05-03 19:00:00,3.368,0.65,43.55,2.26,1.038
2004-05-03 20:00:00,1.785,0.65,39.53,9.07,0.502
2004-05-03 21:00:00,,0.65,35.69,5.481,0.529
2004-05-03 22:00:00,,0.65,16.1,20.86,0.394
2004-05-03 23:00:00,,0.65,15.57,19.82,0.462
2004-05-04 00:00:00,,0.65,12.93,21.62,0.424
2004-05-04 01:00:00,,0.65,11.1,20.58,0.546
2004-05-04 02:00:00,,0.65,6.179,24.72,0.389
2004-05-04 03:00:00,,0.65,2.451,28.37,0.335
2004-05-04 04:00:00,,0.65,2.492,29.71,0.341
2004-05-04 05:00:00,,0.65,1.588,29.72,0.338
2004-05-04 06:00:00,,0.65,1.789,28.02,0.377
2004-05-04 07:00:00,3.009,0.65,6.73,26.27,0.369
2004-05-04 08:00:00,1.958,0.65,14.4,22.28,0.404
2004-05-04 09:00:00,0.198,0.65,19.04,20.39,0.486
2004-05-04 10:00:00,,0.65,17.24,22.02,0.412
2004-05-04 11:00:00,0.969,0.65,11.89,26.18,0.375
2004-05-04 12:00:00,1.223,0.65,13.03,24.12,0.361
2004-05-04 13:00:00,1.787,0.65,12.55,24.08,0.362
2004-05-04 14:00:00,0.775,0.65,19.13,16.2,0.469
2004-05-04 15:00:00,0.007,0.65,26.95,11.28,0.536
2004-05-04 16:00:00,,0.65,15.04,23.38,0.357
2004-05-04 17:00:00,,0.65,18.73,18.65,0.508
2004-05-04 18:00:00,,0.65,30.9,7.7,0.561
2004-05-04 19:00:00,4.082,0.65,34.18,3.999,0.664
2004-05-04 20:00:00,2.215,0.65,33.28,8.604,0.635
2004-05-04 21:00:00,,0.65,24.46,16.35,0.413
2004-05-04 22:00:00,,0.65,24.57,14.19,0.428
2004-05-04 23:00:00,,0.65,12.68,26.23,0.368
2004-05-05 00:00:00,,0.65,10.75,28.92,0.309
2004-05-05 01:00:00,,0.65,11.91,22.69,0.276
2004-05-05 02:00:00,,0.65,11.35,21.47,0.278
2004-05-05 03:00:00,0.252,0.65,5.894,23.75,0.291
2004-05-05 04:00:00,0.351,0.65,2.588,25.57,0.254
2004-05-05 05:00:00,0.116,0.65,2.661,27.74,0.26
2004-05-05 06:00:00,,0.65,4.734,20.45,0.3
2004-05-05 07:00:00,4.595,0.65,16.51,11.17,0.349
2004-05-05 08:00:00,2.505,0.65,23.57,1.173,0.576
2004-05-05 09:00:00,0.032,0.65,30.3,4.325,0.571
2004-05-05 10:00:00,0.018,0.65,23.8,12.9,0.472
2004-05-05 11:00:00,0.621,0.65,16.67,21.24,0.317
2004-05-05 12:00:00,1.45,0.65,14.36,21.16,0.323
2004-05-05 13:00:00,1.104,0.65,16.19,20.73,0.366
2004-05-05 14:00:00,1.622,0.65,11.79,24.41,0.315
2004-05-05 15:00:00,0.85,0.65,11.48,24.52,0.316
2004-05-05 16:00:00,0.057,0.65,16.21,20.12,0.332
2004-05-05 17:00:00,,0.65,17.15,19.22,0.334
2004-05-05 18:00:00,,0.65,22.09,16.4,0.402
2004-05-05 19:00:00,,0.65,33.83,5.532,0.521
2004-05-05 20:00:00,,0.65,38.09,2.507,0.568
2004-05-05 21:00:00,,0.65,31.65,5.552,0.361
2004-05-05 22:00:00,,0.65,35.01,2.924,0.542
2004-05-05 23:00:00,,0.65,29.88,5.928,0.432
2004-05-06 00:00:00,,0.65,22.92,10.04,0.379
2004-05-06 01:00:00,,1.479,15.97,14.85,0.232
2004-05-06 02:00:00,,1.896,9.964,19.02,0.242
2004-05-06 03:00:00,,0.65,5.508,21.6,0.175
2004-05-06 04:00:00,,0.65,4.269,22.25,0.2
2004-05-06 05:00:00,,1.38,2.359,25.0,0.157
2004-05-06 06:00:00,,1.705,2.71,25.69,0.146
2004-05-06 07:00:00,,1.305,10.3,19.73,0.184
2004-05-06 08:00:00,,2.276,20.38,12.74,0.263
2004-05-06 09:00:00,,2.33,19.42,13.6,0.218
2004-05-06 10:00:00,,2.343,16.65,16.75,0.226
2004-05-06 11:00:00,,2.756,15.5,16.88,0.227
2004-05-06 12:00:00,,2.776,15.91,16.4,0.289
2004-05-06 13:00:00,,3.674,15.91,16.9,0.258
2004-05-06 14:00:00,,3.812,12.61,18.54,0.25
2004-05-06 15:00:00,,4.129,14.2,16.67,0.188
2004-05-06 16:00:00,,3.754,15.88,17.33,0.236
2004-05-06 17:00:00,,,16.5,17.2,0.274
2004-05-06 18:00:00,,,21.23,11.83,0.291
2004-05-06 19:00:00,,,23.22,12.98,0.274
2004-05-06 20:00:00,,,26.0,9.487,0.261
2004-05-06 21:00:00,,,21.99,12.38,0.223
2004-05-06 22:00:00,,,18.85,13.06,0.224
2004-05-06 23:00:00,,,15.99,14.81,0.192
2004-05-07 00:00:00,,,15.7,14.22,0.215
2004-05-07 01:00:00,,,10.62,19.58,0.27
2004-05-07 02:00:00,,,4.262,23.72,0.25
2004-05-07 03:00:00,,,4.036,21.74,0.221
2004-05-07 04:00:00,,,3.127,22.76,0.218
2004-05-07 05:00:00,,,2.472,23.07,0.228
2004-05-07 06:00:00,,,3.513,20.23,0.234
2004-05-07 07:00:00,,,8.244,16.62,0.259
2004-05-07 08:00:00,,,22.32,6.424,0.342
2004-05-07 09:00:00,,,27.41,5.022,0.48
2004-05-07 10:00:00,,,31.41,3.822,0.59
2004-05-07 11:00:00,,,27.19,8.589,0.412
2004-05-07 12:00:00,,,23.21,11.64,0.426
2004-05-07 13:00:00,,,29.86,6.731,0.465
2004-05-07 14:00:00,,,33.58,1.878,0.815
2004-05-07 15:00:00,,,33.16,5.295,0.621
2004-05-07 16:00:00,,,40.87,1.118,0.995
2004-05-07 17:00:00,,,,0.5,0.94
2004-05-07 18:00:00,,,,0.5,1.135
2004-05-07 19:00:00,,,,0.5,1.092
2004-05-07 20:00:00,,,,0.5,1.496
2004-05-07 21:00:00,,,,0.5,1.294
2004-05-07 22:00:00,,,,0.5,1.567
2004-05-07 23:00:00,,,,0.5,1.686
2004-05-08 00:00:00,,,,0.5,1.031
2004-05-08 01:00:00,,,,2.11,0.661
2004-05-08 02:00:00,,,,5.938,0.623
2004-05-08 03:00:00,,,,5.432,0.667
2004-05-08 04:00:00,,,,7.168,0.633
2004-05-08 05:00:00,,,,7.515,0.635
2004-05-08 06:00:00,,,,5.2,0.698
2004-05-08 07:00:00,,,,3.149,0.594
2004-05-08 08:00:00,,,,1.06,1.064
2004-05-08 09:00:00,,,,0.5,1.328
2004-05-08 10:00:00,,,,1.449,1.247
2004-05-08 11:00:00,,,,2.219,1.414
2004-05-08 12:00:00,,,,1.74,1.288
2004-05-08 13:00:00,,,,3.935,1.169
2004-05-08 14:00:00,,,,13.12,0.878
2004-05-08 15:00:00,,,,14.36,0.78
2004-05-08 16:00:00,,,,14.74,0.822
2004-05-08 17:00:00,,,,17.58,0.699
2004-05-08 18:00:00,,,,13.07,0.64
2004-05-08 19:00:00,,,,6.069,0.881
2004-05-08 20:00:00,,,,0.5,1.781
2004-05-08 21:00:00,,,,0.5,2.33
2004-05-08 22:00:00,,,,0.5,2.545
2004-05-08 23:00:00,,,,0.5,3.181
2004-05-09 00:00:00,,,,0.5,4.884
2004-05-09 01:00:00,,,,0.5,4.847
2004-05-09 02:00:00,,,,1.044,4.53
2004-05-09 03:00:00,,,,0.5,3.612
2004-05-09 04:00:00,,,,0.5,2.486
2004-05-09 05:00:00,,,,0.5,0.981
2004-05-09 06:00:00,,,,0.5,0.724
2004-05-09 07:00:00,,,,0.5,0.516
2004-05-09 08:00:00,,,,0.5,0.637
2004-05-09 09:00:00,,,,0.5,0.616
2004-05-09 10:00:00,,,,1.726,0.58
2004-05-09 11:00:00,,,,4.396,0.628
2004-05-09 12:00:00,,,,7.331,0.926
2004-05-09 13:00:00,,,,23.4,0.765
2004-05-09 14:00:00,,,,31.87,0.751
2004-05-09 15:00:00,,,,32.2,0.56
2004-05-09 16:00:00,,,,21.33,0.601
2004-05-09 17:00:00,,,,20.14,0.679
2004-05-09 18:00:00,,,,12.07,0.676
2004-05-09 19:00:00,,,,0.5,2.42
2004-05-09 20:00:00,,,,0.5,1.515
2004-05-09 21:00:00,,,,1.911,1.022
2004-05-09 22:00:00,,,,12.3,0.596
2004-05-09 23:00:00,,,,9.308,0.496
2004-05-10 00:00:00,,,,3.446,0.483
2004-05-10 01:00:00,,,,8.013,0.255
2004-05-10 02:00:00,,,,11.6,0.269
2004-05-10 03:00:00,,,,10.69,0.228
2004-05-10 04:00:00,,,,7.833,0.251
2004-05-10 05:00:00,,,,1.731,0.279
2004-05-10 06:00:00,,,,0.5,0.395
2004-05-10 07:00:00,,,,0.5,0.465
2004-05-10 08:00:00,,,,0.5,0.827
2004-05-10 09:00:00,,,,0.5,2.286
2004-05-10 10:00:00,,,,0.5,2.045
2004-05-10 11:00:00,,,,1.011,1.367
2004-05-10 12:00:00,,,,3.999,0.717
2004-05-10 13:00:00,,,,7.486,0.633
2004-05-10 14:00:00,,,,19.52,0.536
2004-05-10 15:00:00,,,,15.29,0.766
2004-05-10 16:00:00,,,,13.35,1.048
2004-05-10 17:00:00,,,,24.13,0.82
2004-05-10 18:00:00,,,,15.86,0.581
2004-05-10 19:00:00,,,,0.5,0.761
2004-05-10 20:00:00,,,,0.5,0.606
2004-05-10 21:00:00,,,,0.5,0.541
2004-05-10 22:00:00,,,,0.5,0.446
2004-05-10 23:00:00,,,,0.5,0.582
2004-05-11 00:00:00,,,,0.5,0.714
2004-05-11 01:00:00,,,,0.5,0.962
2004-05-11 02:00:00,,,,0.5,0.81
2004-05-11 03:00:00,,,,0.5,0.865
2004-05-11 04:00:00,,,,0.5,0.86
2004-05-11 05:00:00,,,,0.5,0.723
2004-05-11 06:00:00,,,,0.5,0.693
2004-05-11 07:00:00,,,,0.5,0.884
2004-05-11 08:00:00,,,,0.5,1.297
2004-05-11 09:00:00,,,,0.5,2.257
2004-05-11 10:00:00,,,,0.5,2.595
2004-05-11 11:00:00,,,,0.5,3.048
2004-05-11 12:00:00,,,,8.732,1.487
2004-05-11 13:00:00,,,,21.68,0.509
2004-05-11 14:00:00,,,,24.02,0.456
2004-05-11 15:00:00,,,,25.82,0.456
2004-05-11 16:00:00,,,,28.15,0.529
2004-05-11 17:00:00,,,,24.82,0.505
2004-05-11 18:00:00,,,,16.47,0.501
2004-05-11 19:00:00,,,,12.48,0.628
2004-05-11 20:00:00,,,,12.22,0.584
2004-05-11 21:00:00,,,,11.61,0.488
2004-05-11 22:00:00,,,,8.162,0.547
2004-05-11 23:00:00,,,,7.914,0.653
2004-05-12 00:00:00,,,,9.826,0.627
2004-05-12 01:00:00,,,,10.11,0.575
2004-05-12 02:00:00,,,,7.353,0.59
2004-05-12 03:00:00,,,,3.318,0.701
2004-05-12 04:00:00,,,,9.198,0.494
2004-05-12 05:00:00,,,,9.586,0.421
2004-05-12 06:00:00,,,,4.171,0.6
2004-05-12 07:00:00,,,,2.287,0.677
2004-05-12 08:00:00,,,,0.5,1.163
2004-05-12 09:00:00,,,,0.5,1.18
2004-05-12 10:00:00,,,,0.5,1.155
2004-05-12 11:00:00,,,,4.014,0.843
2004-05-12 12:00:00,,,,11.58,0.742
2004-05-12 13:00:00,,,,17.11,0.907
2004-05-12 14:00:00,,,,16.77,1.088
2004-05-12 15:00:00,,,,10.15,1.243
2004-05-12 16:00:00,,,,16.69,0.656
2004-05-12 17:00:00,,,,11.66,0.653
2004-05-12 18:00:00,,,,2.608,1.0
2004-05-12 19:00:00,,,,0.5,1.334
2004-05-12 20:00:00,,,,0.5,1.392
2004-05-12 21:00:00,,,,0.5,1.997
2004-05-12 22:00:00,,,,0.5,2.432
2004-05-12 23:00:00,,,,0.5,1.778
2004-05-13 00:00:00,,,,0.5,1.337
2004-05-13 01:00:00,,,,0.5,1.059
2004-05-13 02:00:00,,,,3.236,0.49
2004-05-13 03:00:00,,,,12.01,0.386
2004-05-13 04:00:00,,,,11.54,0.328
2004-05-13 05:00:00,,,,9.06,0.311
2004-05-13 06:00:00,,,,14.41,0.247
2004-05-13 07:00:00,,,,8.903,0.378
2004-05-13 08:00:00,,,,1.421,1.064
2004-05-13 09:00:00,,,,2.829,0.889
2004-05-13 10:00:00,,,,7.188,0.734
2004-05-13 11:00:00,,,,10.7,0.7
2004-05-13 12:00:00,,,,14.97,0.628
2004-05-13 13:00:00,,,,15.23,0.554
2004-05-13 14:00:00,,,,19.07,0.49
2004-05-13 15:00:00,,,,11.1,0.759
2004-05-13 16:00:00,,,,17.36,0.482
2004-05-13 17:00:00,23.56,,,14.3,0.43
2004-05-13 18:00:00,14.69,,,6.438,0.821
2004-05-13 19:00:00,3.089,,,3.406,1.025
2004-05-13 20:00:00,7.945,,,1.806,1.21
2004-05-13 21:00:00,15.4,,,4.711,0.806
2004-05-13 22:00:00,21.69,,,5.704,0.482
2004-05-13 23:00:00,18.19,,,1.3,1.022
2004-05-14 00:00:00,7.424,,,0.5,1.033
2004-05-14 01:00:00,16.98,,,1.519,0.807
2004-05-14 02:00:00,19.6,,,4.653,0.587
2004-05-14 03:00:00,6.694,,,9.789,0.525
2004-05-14 04:00:00,11.2,,,8.368,0.418
2004-05-14 05:00:00,13.49,,,8.792,0.556
2004-05-14 06:00:00,7.988,,,5.594,0.51
2004-05-14 07:00:00,6.264,,,1.788,0.554
2004-05-14 08:00:00,6.742,,,0.5,1.542
2004-05-14 09:00:00,24.71,,,0.5,1.441
2004-05-14 10:00:00,49.54,,,2.613,0.934
2004-05-14 11:00:00,33.18,,,5.142,0.898
2004-05-14 12:00:00,13.58,,,10.7,0.533
2004-05-14 13:00:00,19.46,,,8.086,0.783
2004-05-14 14:00:00,28.47,,,7.328,0.855
2004-05-14 15:00:00,17.85,,,6.824,0.977
2004-05-14 16:00:00,,,,7.665,0.862
2004-05-14 17:00:00,,,,6.804,0.904
2004-05-14 18:00:00,,,,7.317,0.94
2004-05-14 19:00:00,,,,5.958,1.223
2004-05-14 20:00:00,,,,4.231,1.015
2004-05-14 21:00:00,,,,7.031,0.79
2004-05-14 22:00:00,,,,8.804,0.688
2004-05-14 23:00:00,,,,9.135,0.712
2004-05-15 00:00:00,,,,10.02,0.748
2004-05-15 01:00:00,,,,15.35,0.708
2004-05-15 02:00:00,,,,17.72,0.581
2004-05-15 03:00:00,,,,22.5,0.551
2004-05-15 04:00:00,,,,21.41,0.656
2004-05-15 05:00:00,,,,24.3,0.563
2004-05-15 06:00:00,,,,25.86,0.537
2004-05-15 07:00:00,,,,25.23,0.584
2004-05-15 08:00:00,,,,19.73,0.625
2004-05-15 09:00:00,,,,14.84,0.716
2004-05-15 10:00:00,,,,18.71,0.705
2004-05-15 11:00:00,,,,17.17,0.689
2004-05-15 12:00:00,,,,15.18,0.767
2004-05-15 13:00:00,,,,12.54,0.949
2004-05-15 14:00:00,,,,14.7,0.773
2004-05-15 15:00:00,,,,14.24,0.882
2004-05-15 16:00:00,,,,12.17,0.818
2004-05-15 17:00:00,,,,9.888,0.88
2004-05-15 18:00:00,,,,10.1,0.905
2004-05-15 19:00:00,,,,8.232,1.08
2004-05-15 20:00:00,,,,7.957,1.002
2004-05-15 21:00:00,,,,6.582,0.845
2004-05-15 22:00:00,,,,9.191,0.773
2004-05-15 23:00:00,,,,8.924,0.767
2004-05-16 00:00:00,,,,7.622,0.768
2004-05-16 01:00:00,,,,8.31,0.655
2004-05-16 02:00:00,,,,6.075,0.729
2004-05-16 03:00:00,,,,6.971,0.62
2004-05-16 04:00:00,,,,5.807,0.526
2004-05-16 05:00:00,,,,5.113,0.606
2004-05-16 06:00:00,,,,6.537,0.539
2004-05-16 07:00:00,,,,8.367,0.563
2004-05-16 08:00:00,,,,8.98,0.598
2004-05-16 09:00:00,,,,10.37,0.535
2004-05-16 10:00:00,,,,15.71,0.469
2004-05-16 11:00:00,,,,14.96,0.622
2004-05-16 12:00:00,,,,13.0,0.733
2004-05-16 13:00:00,,,,15.97,0.755
2004-05-16 14:00:00,,,,17.44,0.627
2004-05-16 15:00:00,,,,19.38,0.604
2004-05-16 16:00:00,,,,14.66,0.806
2004-05-16 17:00:00,,,,12.72,0.713
2004-05-16 18:00:00,,,,2.706,1.395
2004-05-16 19:00:00,,,,0.5,1.601
2004-05-16 20:00:00,,,,0.5,2.002
2004-05-16 21:00:00,,,,0.5,1.728
2004-05-16 22:00:00,,,,0.5,2.854
2004-05-16 23:00:00,,,,0.5,3.27
2004-05-17 00:00:00,,,,0.5,1.316
2004-05-17 01:00:00,,,,0.5,0.641
2004-05-17 02:00:00,,,,0.5,0.684
2004-05-17 03:00:00,,,,0.5,0.589
2004-05-17 04:00:00,,,,3.828,0.434
2004-05-17 05:00:00,,,,2.71,0.294
2004-05-17 06:00:00,,,,1.944,0.419
2004-05-17 07:00:00,,,,0.5,0.436
2004-05-17 08:00:00,,,,0.5,1.183
2004-05-17 09:00:00,,,,0.5,1.556
2004-05-17 10:00:00,,,,2.376,1.159
2004-05-17 11:00:00,,,,4.685,0.929
2004-05-17 12:00:00,,,,9.244,0.81
2004-05-17 13:00:00,,,,11.22,0.655
2004-05-17 14:00:00,,,,13.18,0.679
2004-05-17 15:00:00,,,,10.07,0.891
2004-05-17 16:00:00,,,,9.426,0.966
2004-05-17 17:00:00,,,,5.919,1.173
2004-05-17 18:00:00,,,,0.5,1.822
2004-05-17 19:00:00,,,,0.5,2.453
2004-05-17 20:00:00,,,,0.5,2.013
2004-05-17 21:00:00,,,,0.5,1.621
2004-05-17 22:00:00,,,,0.5,1.158
2004-05-17 23:00:00,,,,0.5,1.337
2004-05-18 00:00:00,,,,6.357,0.717
2004-05-18 01:00:00,,,,19.99,0.165
2004-05-18 02:00:00,,,,24.87,0.106
2004-05-18 03:00:00,,,,28.3,0.127
2004-05-18 04:00:00,,,,28.61,0.145
2004-05-18 05:00:00,,,,28.72,0.106
2004-05-18 06:00:00,,,,27.88,0.113
2004-05-18 07:00:00,,,,15.98,0.159
2004-05-18 08:00:00,,,,2.194,0.756
2004-05-18 09:00:00,,,,5.251,0.684
2004-05-18 10:00:00,,,,12.71,0.413
2004-05-18 11:00:00,,,,17.26,0.412
2004-05-18 12:00:00,,,,25.37,0.23
2004-05-18 13:00:00,,,,25.02,0.256
2004-05-18 14:00:00,,,,24.87,0.325
2004-05-18 15:00:00,,,,21.89,0.412
2004-05-18 16:00:00,,,,28.35,0.224
2004-05-18 17:00:00,,,,28.66,0.157
2004-05-18 18:00:00,,,,18.99,0.191
2004-05-18 19:00:00,,,,2.774,0.313
2004-05-18 20:00:00,,,,2.699,0.306
2004-05-18 21:00:00,,,,3.336,0.306
2004-05-18 22:00:00,,,,6.726,0.264
2004-05-18 23:00:00,,,,10.05,0.245
2004-05-19 00:00:00,,,,0.5,0.575
2004-05-19 01:00:00,,,,0.5,1.05
2004-05-19 02:00:00,,,,0.5,0.863
2004-05-19 03:00:00,,,,0.5,0.746
2004-05-19 04:00:00,,,,0.5,0.503
2004-05-19 05:00:00,,,,2.908,0.649
2004-05-19 06:00:00,,,,0.5,0.574
2004-05-19 07:00:00,,,,0.5,0.902
2004-05-19 08:00:00,,,,0.5,0.961
2004-05-19 09:00:00,,,,0.5,1.54
2004-05-19 10:00:00,,,,4.572,1.245
2004-05-19 11:00:00,,,,11.01,1.046
2004-05-19 12:00:00,,,,18.12,0.769
2004-05-19 13:00:00,,,,21.42,0.696
2004-05-19 14:00:00,,,,21.62,0.617
2004-05-19 15:00:00,,,,27.47,0.602
2004-05-19 16:00:00,,,,27.46,0.572
2004-05-19 17:00:00,,,,25.36,0.457
2004-05-19 18:00:00,,,,13.2,0.577
2004-05-19 19:00:00,,,,4.868,0.652
2004-05-19 20:00:00,,,,2.271,0.721
2004-05-19 21:00:00,,,,2.911,0.843
2004-05-19 22:00:00,,,,3.843,0.696
2004-05-19 23:00:00,,,,9.16,0.538
2004-05-20 00:00:00,,,,7.046,0.567
2004-05-20 01:00:00,,,,17.37,0.503
2004-05-20 02:00:00,,,,23.44,0.54
2004-05-20 03:00:00,,,,26.65,0.573
2004-05-20 04:00:00,,,,19.77,0.577
2004-05-20 05:00:00,,,,19.92,0.586
2004-05-20 06:00:00,,,,12.82,0.55
2004-05-20 07:00:00,,,,5.408,0.832
2004-05-20 08:00:00,,,,0.5,1.572
2004-05-20 09:00:00,,,,2.181,1.141
2004-05-20 10:00:00,,,,8.064,1.142
2004-05-20 11:00:00,,,,9.044,1.186
2004-05-20 12:00:00,,,,17.44,1.042
2004-05-20 13:00:00,,,,28.49,0.702
2004-05-20 14:00:00,,,,28.97,0.638
2004-05-20 15:00:00,,,,30.15,0.697
2004-05-20 16:00:00,,,,29.74,0.634
2004-05-20 17:00:00,,,,27.1,0.668
2004-05-20 18:00:00,,,,16.71,0.84
2004-05-20 19:00:00,,,,3.357,1.051
2004-05-20 20:00:00,,,,1.478,1.047
2004-05-20 21:00:00,,,,3.248,0.893
2004-05-20 22:00:00,,,,6.172,0.766
2004-05-20 23:00:00,,,,7.903,0.811
2004-05-21 00:00:00,,,,3.896,0.636
2004-05-21 01:00:00,,,,0.5,0.834
2004-05-21 02:00:00,,,,0.5,0.419
2004-05-21 03:00:00,,,,0.5,0.53
2004-05-21 04:00:00,,,,0.5,0.344
2004-05-21 05:00:00,,,,13.98,0.162
2004-05-21 06:00:00,,,,14.42,0.192
2004-05-21 07:00:00,,,,1.332,0.526
2004-05-21 08:00:00,,,,0.5,1.941
2004-05-21 09:00:00,,,,0.5,1.947
2004-05-21 10:00:00,,,,3.817,0.882
2004-05-21 11:00:00,,,,16.1,0.313
2004-05-21 12:00:00,,,,22.65,0.198
2004-05-21 13:00:00,,,,21.6,0.187
2004-05-21 14:00:00,,,,31.0,0.171
2004-05-21 15:00:00,,,,34.5,0.187
2004-05-21 16:00:00,,,,35.7,0.163
2004-05-21 17:00:00,,,,30.9,0.133
2004-05-21 18:00:00,,,,24.18,0.133
2004-05-21 19:00:00,,,,18.6,0.194
2004-05-21 20:00:00,,,,21.58,0.253
2004-05-21 21:00:00,,,,18.29,0.196
2004-05-21 22:00:00,,,,16.56,0.2
2004-05-21 23:00:00,,,,14.83,0.172
2004-05-22 00:00:00,,,,14.71,0.237
2004-05-22 01:00:00,,,,19.31,0.277
2004-05-22 02:00:00,,,,22.62,0.295
2004-05-22 03:00:00,,,,22.11,0.264
2004-05-22 04:00:00,,,,21.69,0.228
2004-05-22 05:00:00,,,,23.46,0.273
2004-05-22 06:00:00,,,,20.73,0.298
2004-05-22 07:00:00,,,,18.34,0.282
2004-05-22 08:00:00,,,,14.02,0.291
2004-05-22 09:00:00,,,,13.58,0.373
2004-05-22 10:00:00,,,,21.85,0.303
2004-05-22 11:00:00,,,,26.85,0.331
2004-05-22 12:00:00,,,,25.44,0.354
2004-05-22 13:00:00,,,,26.48,0.372
2004-05-22 14:00:00,,,,27.05,0.365
2004-05-22 15:00:00,,,,29.14,0.332
2004-05-22 16:00:00,,,,27.8,0.294
2004-05-22 17:00:00,,,,28.9,0.353
2004-05-22 18:00:00,,,,24.6,0.32
2004-05-22 19:00:00,,,,24.3,0.321
2004-05-22 20:00:00,,,,23.45,0.348
2004-05-22 21:00:00,,,,23.6,0.337
2004-05-22 22:00:00,,,,23.44,0.365
2004-05-22 23:00:00,,,,22.67,0.338
2004-05-23 00:00:00,,,,23.86,0.409
2004-05-23 01:00:00,,,,25.45,0.466
2004-05-23 02:00:00,,,,26.45,0.519
2004-05-23 03:00:00,,,,27.72,0.516
2004-05-23 04:00:00,,,,25.33,0.527
2004-05-23 05:00:00,,,,25.87,0.515
2004-05-23 06:00:00,,,,23.81,0.447
2004-05-23 07:00:00,,,,23.63,0.463
2004-05-23 08:00:00,,,,21.07,0.54
2004-05-23 09:00:00,,,,19.69,0.545
2004-05-23 10:00:00,,,,19.12,0.552
2004-05-23 11:00:00,,,,17.35,0.556
2004-05-23 12:00:00,,,,16.04,0.717
2004-05-23 13:00:00,,,,13.38,0.753
2004-05-23 14:00:00,,,,16.72,0.634
2004-05-23 15:00:00,,,,13.81,0.551
2004-05-23 16:00:00,,,,16.99,0.532
2004-05-23 17:00:00,,,,14.86,0.564
2004-05-23 18:00:00,,,,7.063,0.551
2004-05-23 19:00:00,,,,3.527,0.763
2004-05-23 20:00:00,,,,0.5,1.028
2004-05-23 21:00:00,,,,0.5,1.03
2004-05-23 22:00:00,,,,0.5,1.244
2004-05-23 23:00:00,,,,0.5,1.988
2004-05-24 00:00:00,,,,0.5,2.0
2004-05-24 01:00:00,,,,0.5,1.991
2004-05-24 02:00:00,,,,0.5,1.554
2004-05-24 03:00:00,,,,0.5,1.393
2004-05-24 04:00:00,,,,0.5,1.116
2004-05-24 05:00:00,,,,0.5,0.723
2004-05-24 06:00:00,,,,0.5,0.771
2004-05-24 07:00:00,,,,0.5,0.645
2004-05-24 08:00:00,,,,0.5,0.811
2004-05-24 09:00:00,,,,0.5,2.098
2004-05-24 10:00:00,,,,0.5,2.084
2004-05-24 11:00:00,,,,1.013,1.148
2004-05-24 12:00:00,,,,2.564,1.063
2004-05-24 13:00:00,,,,2.323,1.442
2004-05-24 14:00:00,,,,4.069,1.039
2004-05-24 15:00:00,,,,0.5,1.191
2004-05-24 16:00:00,,,,2.565,0.969
2004-05-24 17:00:00,,,,0.5,1.913
2004-05-24 18:00:00,,,,0.5,1.6
2004-05-24 19:00:00,,,,0.5,1.997
2004-05-24 20:00:00,,,,0.5,2.129
2004-05-24 21:00:00,,,,0.5,1.381
2004-05-24 22:00:00,,,,0.5,1.35
2004-05-24 23:00:00,,,,0.5,2.077
2004-05-25 00:00:00,,,,0.5,1.861
2004-05-25 01:00:00,,,,0.5,1.136
2004-05-25 02:00:00,,,,0.5,0.914
2004-05-25 03:00:00,,,,0.5,0.658
2004-05-25 04:00:00,,,,0.5,0.56
2004-05-25 05:00:00,,,,0.5,0.612
2004-05-25 06:00:00,,,,0.5,0.619
2004-05-25 07:00:00,,,,0.5,0.662
2004-05-25 08:00:00,,,,0.5,0.996
2004-05-25 09:00:00,,,,0.5,1.813
2004-05-25 10:00:00,,,,0.5,1.856
2004-05-25 11:00:00,,,,0.5,1.029
2004-05-25 12:00:00,,,,0.5,1.118
2004-05-25 13:00:00,,,,1.301,1.433
2004-05-25 14:00:00,,,,4.06,1.275
2004-05-25 15:00:00,,,,3.49,1.203
2004-05-25 16:00:00,,,,5.228,0.94
2004-05-25 17:00:00,,,,4.663,0.761
2004-05-25 18:00:00,,,,3.229,0.854
2004-05-25 19:00:00,,,,1.224,1.066
2004-05-25 20:00:00,,,,0.5,1.213
2004-05-25 21:00:00,,,,2.635,0.73
2004-05-25 22:00:00,,,,6.096,0.568
2004-05-25 23:00:00,,,,8.898,0.538
2004-05-26 00:00:00,,,,14.32,0.456
2004-05-26 01:00:00,,,,16.53,0.392
2004-05-26 02:00:00,,,,20.31,0.354
2004-05-26 03:00:00,,,,20.06,0.317
2004-05-26 04:00:00,,,,22.46,0.3
2004-05-26 05:00:00,,,,25.44,0.314
2004-05-26 06:00:00,,,,24.47,0.335
2004-05-26 07:00:00,,,,19.33,0.319
2004-05-26 08:00:00,,,,10.39,0.814
2004-05-26 09:00:00,,,,9.631,0.753
2004-05-26 10:00:00,,,,10.78,0.751
2004-05-26 11:00:00,,,,13.83,0.707
2004-05-26 12:00:00,,,,14.93,0.659
2004-05-26 13:00:00,,,,16.17,0.586
2004-05-26 14:00:00,,,,18.6,0.579
2004-05-26 15:00:00,,,,16.74,0.607
2004-05-26 16:00:00,,,,17.75,0.639
2004-05-26 17:00:00,,,,12.24,0.757
2004-05-26 18:00:00,,,,8.359,0.945
2004-05-26 19:00:00,,,,6.974,1.05
2004-05-26 20:00:00,,,,5.102,1.013
2004-05-26 21:00:00,,,,8.676,0.768
2004-05-26 22:00:00,,,,10.07,0.675
2004-05-26 23:00:00,,,,7.212,0.767
2004-05-27 00:00:00,,,,13.47,0.507
2004-05-27 01:00:00,,,,13.85,0.571
2004-05-27 02:00:00,,,,17.15,0.374
2004-05-27 03:00:00,,,,19.65,0.374
2004-05-27 04:00:00,,,,25.86,0.354
2004-05-27 05:00:00,,,,28.93,0.329
2004-05-27 06:00:00,,,,33.05,0.302
2004-05-27 07:00:00,,,,16.1,0.478
2004-05-27 08:00:00,,,,4.124,1.231
2004-05-27 09:00:00,,,,4.471,1.415
2004-05-27 10:00:00,,,,9.493,1.054
2004-05-27 11:00:00,,,,16.13,0.847
2004-05-27 12:00:00,,,,19.1,0.836
2004-05-27 13:00:00,,,,20.04,0.755
2004-05-27 14:00:00,,,,17.63,0.784
2004-05-27 15:00:00,,,,15.64,0.866
2004-05-27 16:00:00,,,,11.38,0.964
2004-05-27 17:00:00,,,,6.474,1.298
2004-05-27 18:00:00,,,,3.133,1.595
2004-05-27 19:00:00,,,,1.097,1.581
2004-05-27 20:00:00,,,,0.5,1.807
2004-05-27 21:00:00,,,,2.744,0.916
2004-05-27 22:00:00,,,,6.887,0.536
2004-05-27 23:00:00,,,,1.511,0.733
2004-05-28 00:00:00,,,,2.411,0.895
2004-05-28 01:00:00,,,,1.24,0.764
2004-05-28 02:00:00,,,,0.5,0.928
2004-05-28 03:00:00,,,,0.5,0.998
2004-05-28 04:00:00,,,,0.5,0.839
2004-05-28 05:00:00,,,,0.5,0.805
2004-05-28 06:00:00,,,,0.5,0.384
2004-05-28 07:00:00,,,,0.5,0.426
2004-05-28 08:00:00,,,,0.5,1.129
2004-05-28 09:00:00,,,,0.5,1.339
2004-05-28 10:00:00,,,,2.075,0.796
2004-05-28 11:00:00,,,,5.595,0.717
2004-05-28 12:00:00,,,,6.318,0.907
2004-05-28 13:00:00,,,,16.8,0.697
2004-05-28 14:00:00,,,,13.82,1.006
2004-05-28 15:00:00,,,,14.44,0.984
2004-05-28 16:00:00,,,,12.39,0.96
2004-05-28 17:00:00,,,,7.844,1.178
2004-05-28 18:00:00,,,,5.161,0.757
2004-05-28 19:00:00,,,,1.862,0.658
2004-05-28 20:00:00,,,,2.811,0.509
2004-05-28 21:00:00,,,,1.451,0.627
2004-05-28 22:00:00,,,,6.839,0.449
2004-05-28 23:00:00,,,,11.44,0.457
2004-05-29 00:00:00,,,,10.97,0.521
2004-05-29 01:00:00,,,,17.5,0.489
2004-05-29 02:00:00,,,,4.539,0.697
2004-05-29 03:00:00,,,,6.843,0.551
2004-05-29 04:00:00,,,,7.2,0.566
2004-05-29 05:00:00,,,,0.5,1.108
2004-05-29 06:00:00,,,,0.5,1.151
2004-05-29 07:00:00,,,,0.5,0.842
2004-05-29 08:00:00,,,,0.5,0.885
2004-05-29 09:00:00,,,,0.5,1.368
2004-05-29 10:00:00,,,,0.5,1.039
2004-05-29 11:00:00,,,,6.853,0.797
2004-05-29 12:00:00,,,,12.44,0.858
2004-05-29 13:00:00,,,,12.04,1.082
2004-05-29 14:00:00,,,,18.43,0.967
2004-05-29 15:00:00,,,,22.98,1.009
2004-05-29 16:00:00,,,,22.5,1.224
2004-05-29 17:00:00,,,,8.508,1.618
2004-05-29 18:00:00,,,,0.5,2.158
2004-05-29 19:00:00,,,,0.5,1.759
2004-05-29 20:00:00,,,,3.126,0.89
2004-05-29 21:00:00,,,,3.812,0.838
2004-05-29 22:00:00,,,,0.5,1.239
2004-05-29 23:00:00,,,,0.5,1.461
2004-05-30 00:00:00,,,,0.5,1.619
2004-05-30 01:00:00,,,,0.5,1.941
2004-05-30 02:00:00,,,,0.5,2.956
2004-05-30 03:00:00,,,,0.5,2.195
2004-05-30 04:00:00,,,,0.5,1.033
2004-05-30 05:00:00,,,,0.5,1.817
2004-05-30 06:00:00,,,,0.5,1.915
2004-05-30 07:00:00,,,,0.5,1.618
2004-05-30 08:00:00,,,,0.5,1.631
2004-05-30 09:00:00,,,,0.5,1.262
2004-05-30 10:00:00,,,,1.942,0.528
2004-05-30 11:00:00,,,,4.893,0.687
2004-05-30 12:00:00,,,,14.19,0.645
2004-05-30 13:00:00,,,,27.36,0.543
2004-05-30 14:00:00,,,,39.25,0.4
2004-05-30 15:00:00,,,,37.24,0.305
2004-05-30 16:00:00,,,,39.72,0.231
2004-05-30 17:00:00,,,,37.14,0.327
2004-05-30 18:00:00,,,,23.86,0.36
2004-05-30 19:00:00,,,,3.172,0.677
2004-05-30 20:00:00,,,,2.13,0.649
2004-05-30 21:00:00,,,,2.722,0.591
2004-05-30 22:00:00,,,,8.275,0.417
2004-05-30 23:00:00,,,,6.699,0.459
2004-05-31 00:00:00,,,,16.9,0.323
2004-05-31 01:00:00,,,,10.02,0.387
2004-05-31 02:00:00,,,,1.01,0.871
2004-05-31 03:00:00,,,,1.55,0.908
2004-05-31 04:00:00,,,,1.496,0.592
2004-05-31 05:00:00,,,,0.5,0.607
2004-05-31 06:00:00,,,,1.207,0.479
2004-05-31 07:00:00,,,,0.5,0.614
2004-05-31 08:00:00,,,,0.5,0.795
2004-05-31 09:00:00,,,,2.646,0.696
2004-05-31 10:00:00,,,,6.029,0.486
2004-05-31 11:00:00,,,,5.321,0.864
2004-05-31 12:00:00,,,,11.33,0.604
2004-05-31 13:00:00,,,,16.59,0.461
2004-05-31 14:00:00,,,,18.93,0.455
2004-05-31 15:00:00,,,,26.62,0.307
2004-05-31 16:00:00,,,,32.24,0.31
2004-05-31 17:00:00,,,,27.26,0.361
2004-05-31 18:00:00,,,,17.3,0.395
2004-05-31 19:00:00,,,,2.726,0.58
2004-05-31 20:00:00,,,,4.733,0.46
2004-05-31 21:00:00,,,,7.731,0.381
2004-05-31 22:00:00,,,,11.11,0.419
2004-05-31 23:00:00,,,,9.948,0.45
2004-06-01 00:00:00,,,,8.087,0.426
2004-06-01 01:00:00,,,,14.98,0.375
2004-06-01 02:00:00,,,,21.0,0.376
2004-06-01 03:00:00,,,,22.3,0.345
2004-06-01 04:00:00,,,,20.73,0.292
2004-06-01 05:00:00,,,,20.24,0.34
2004-06-01 06:00:00,,,,18.18,0.337
2004-06-01 07:00:00,,,,7.556,0.424
2004-06-01 08:00:00,,,,0.5,1.102
2004-06-01 09:00:00,,,,0.5,4.277
2004-06-01 10:00:00,,,,0.5,2.855
2004-06-01 11:00:00,,,,0.5,1.919
2004-06-01 12:00:00,,,,2.447,1.199
2004-06-01 13:00:00,,,,19.27,0.439
2004-06-01 14:00:00,,,,19.01,0.426
2004-06-01 15:00:00,,,,21.01,0.464
2004-06-01 16:00:00,,,,22.15,0.354
2004-06-01 17:00:00,,,,22.14,0.343
2004-06-01 18:00:00,,,,16.75,0.382
2004-06-01 19:00:00,,,,10.2,0.481
2004-06-01 20:00:00,,,,11.38,0.506
2004-06-01 21:00:00,,,,13.21,0.495
2004-06-01 22:00:00,,,,16.72,0.48
2004-06-01 23:00:00,,,,19.27,0.382
2004-06-02 00:00:00,,,,19.69,0.426
2004-06-02 01:00:00,,,,20.36,0.501
2004-06-02 02:00:00,,,,25.77,0.554
2004-06-02 03:00:00,,,,30.24,0.512
2004-06-02 04:00:00,,,,31.58,0.457
2004-06-02 05:00:00,,,,31.67,0.457
2004-06-02 06:00:00,,,,26.59,0.478
2004-06-02 07:00:00,,,,22.41,0.494
2004-06-02 08:00:00,,,,8.508,0.585
2004-06-02 09:00:00,,,,11.17,0.632
2004-06-02 10:00:00,,,,11.37,0.726
2004-06-02 11:00:00,,,,9.516,0.675
2004-06-02 12:00:00,,,,14.13,0.747
2004-06-02 13:00:00,,,,19.13,0.659
2004-06-02 14:00:00,,,,21.39,0.591
2004-06-02 15:00:00,,,,19.83,0.639
2004-06-02 16:00:00,,,,20.08,0.551
2004-06-02 17:00:00,,,,18.39,0.534
2004-06-02 18:00:00,,,,15.12,0.584
2004-06-02 19:00:00,,,,12.87,0.697
2004-06-02 20:00:00,,,,7.606,0.705
2004-06-02 21:00:00,,,,13.05,0.661
2004-06-02 22:00:00,,,,8.069,0.656
2004-06-02 23:00:00,,,,14.87,0.605
2004-06-03 00:00:00,,,,13.38,0.567
2004-06-03 01:00:00,,,,11.92,0.465
2004-06-03 02:00:00,,,,24.45,0.422
2004-06-03 03:00:00,,,,26.86,0.455
2004-06-03 04:00:00,,,,29.23,0.402
2004-06-03 05:00:00,,,,28.98,0.422
2004-06-03 06:00:00,,,,29.33,0.329
2004-06-03 07:00:00,,,,25.94,0.394
2004-06-03 08:00:00,,,,17.26,0.468
2004-06-03 09:00:00,,,,12.02,0.744
2004-06-03 10:00:00,,,,13.73,0.878
2004-06-03 11:00:00,,,,16.17,0.955
2004-06-03 12:00:00,,,,10.64,1.001
2004-06-03 13:00:00,,,,16.39,0.747
2004-06-03 14:00:00,,,,20.43,0.679
2004-06-03 15:00:00,,,,22.34,0.553
2004-06-03 16:00:00,,,,21.65,0.504
2004-06-03 17:00:00,,,,19.32,0.437
2004-06-03 18:00:00,,,,13.71,0.568
2004-06-03 19:00:00,,,,5.989,0.823
2004-06-03 20:00:00,,,,6.192,0.743
2004-06-03 21:00:00,,,,3.707,0.846
2004-06-03 22:00:00,,,,3.94,0.754
2004-06-03 23:00:00,,,,0.5,0.972
2004-06-04 00:00:00,,,,3.156,0.615
2004-06-04 01:00:00,,,,2.44,0.431
2004-06-04 02:00:00,,,,0.5,0.847
2004-06-04 03:00:00,,,,4.019,0.607
2004-06-04 04:00:00,,,,17.23,0.218
2004-06-04 05:00:00,,,,19.89,0.2
2004-06-04 06:00:00,,,,9.702,0.239
2004-06-04 07:00:00,,,,0.5,0.541
2004-06-04 08:00:00,,,,0.5,1.732
2004-06-04 09:00:00,,,,0.5,2.218
2004-06-04 10:00:00,,,,0.5,1.423
2004-06-04 11:00:00,,,,1.206,1.205
2004-06-04 12:00:00,,,,1.856,1.305
2004-06-04 13:00:00,,,,1.474,1.407
2004-06-04 14:00:00,,,,18.61,0.296
2004-06-04 15:00:00,,,,22.41,0.277
2004-06-04 16:00:00,,,,22.81,0.273
2004-06-04 17:00:00,,,,22.21,0.256
2004-06-04 18:00:00,,,,9.596,0.372
2004-06-04 19:00:00,,,,0.5,0.676
2004-06-04 20:00:00,,,,0.5,0.726
2004-06-04 21:00:00,,,,0.5,0.686
2004-06-04 22:00:00,,,,0.5,1.1
2004-06-04 23:00:00,,,,0.5,1.303
2004-06-05 00:00:00,,,,0.5,1.522
2004-06-05 01:00:00,,,,0.5,1.9
2004-06-05 02:00:00,,,,0.5,1.599
2004-06-05 03:00:00,,,,0.5,1.277
2004-06-05 04:00:00,,,,0.5,1.558
2004-06-05 05:00:00,,,,0.5,1.364
2004-06-05 06:00:00,,,,0.5,0.783
2004-06-05 07:00:00,,,,0.5,0.831
2004-06-05 08:00:00,,,,0.5,1.112
2004-06-05 09:00:00,,,,0.5,2.066
2004-06-05 10:00:00,,,,0.5,1.868
2004-06-05 11:00:00,,,,0.5,2.043
2004-06-05 12:00:00,,,,9.117,0.686
2004-06-05 13:00:00,,,,21.32,0.419
2004-06-05 14:00:00,,,,27.27,0.454
2004-06-05 15:00:00,,,,28.09,0.447
2004-06-05 16:00:00,,,,30.78,0.341
2004-06-05 17:00:00,,,,23.27,0.354
2004-06-05 18:00:00,,,,4.604,0.983
2004-06-05 19:00:00,,,,0.5,0.837
2004-06-05 20:00:00,,,,3.928,0.611
2004-06-05 21:00:00,,,,1.644,0.623
2004-06-05 22:00:00,,,,2.201,0.678
2004-06-05 23:00:00,,,,0.5,1.011
2004-06-06 00:00:00,,,,0.5,1.62
2004-06-06 01:00:00,,,,0.5,2.847
2004-06-06 02:00:00,,,,0.5,3.673
2004-06-06 03:00:00,,,,0.5,3.24
2004-06-06 04:00:00,,,,0.5,2.986
2004-06-06 05:00:00,,,,0.5,1.584
2004-06-06 06:00:00,,,,0.5,1.5
2004-06-06 07:00:00,,,,0.5,1.872
2004-06-06 08:00:00,,,,0.5,2.164
2004-06-06 09:00:00,,,,0.5,1.788
2004-06-06 10:00:00,,,,3.154,1.31
2004-06-06 11:00:00,,,,9.058,1.183
2004-06-06 12:00:00,,,,17.3,1.27
2004-06-06 13:00:00,,,,24.47,1.258
2004-06-06 14:00:00,,,,34.64,1.247
2004-06-06 15:00:00,,,,49.26,1.131
2004-06-06 16:00:00,,,,17.89,1.414
2004-06-06 17:00:00,,,,7.648,1.879
2004-06-06 18:00:00,,,,1.311,2.227
2004-06-06 19:00:00,,,,0.5,4.171
2004-06-06 20:00:00,,,,0.5,3.875
2004-06-06 21:00:00,,,,0.5,3.907
2004-06-06 22:00:00,,,,0.5,4.308
2004-06-06 23:00:00,,,,0.5,2.991
2004-06-07 00:00:00,,,,0.5,1.983
2004-06-07 01:00:00,,,,0.5,1.657
2004-06-07 02:00:00,,,,0.5,1.385
2004-06-07 03:00:00,,,,14.07,0.463
2004-06-07 04:00:00,,,,20.0,0.387
2004-06-07 05:00:00,,,,19.57,0.307
2004-06-07 06:00:00,,,,18.42,0.361
2004-06-07 07:00:00,,,,14.6,0.423
2004-06-07 08:00:00,,,,10.13,0.559
2004-06-07 09:00:00,,,,13.04,1.222
2004-06-07 10:00:00,,,,13.51,0.722
2004-06-07 11:00:00,,,,7.012,1.067
2004-06-07 12:00:00,,,,6.553,1.203
2004-06-07 13:00:00,,,,9.286,1.508
2004-06-07 14:00:00,,,,15.38,0.864
2004-06-07 15:00:00,,,,15.5,0.862
2004-06-07 16:00:00,,,,18.24,0.903
2004-06-07 17:00:00,,,,21.0,0.631
2004-06-07 18:00:00,,,,8.137,0.697
2004-06-07 19:00:00,,,,2.389,0.755
2004-06-07 20:00:00,,,,5.133,0.614
2004-06-07 21:00:00,,,,2.396,0.592
2004-06-07 22:00:00,,,,1.771,0.567
2004-06-07 23:00:00,,,,2.094,0.524
2004-06-08 00:00:00,,,,4.431,0.589
2004-06-08 01:00:00,,,,14.55,0.443
2004-06-08 02:00:00,,,,9.601,0.467
2004-06-08 03:00:00,,,,6.132,0.596
2004-06-08 04:00:00,,,,0.5,0.679
2004-06-08 05:00:00,,,,0.5,0.507
2004-06-08 06:00:00,,,,0.5,0.506
2004-06-08 07:00:00,,,,0.5,0.736
2004-06-08 08:00:00,,,,0.5,1.137
2004-06-08 09:00:00,,,,0.5,2.119
2004-06-08 10:00:00,,,,0.5,1.564
2004-06-08 11:00:00,,,,0.5,1.576
2004-06-08 12:00:00,,,,0.5,1.585
2004-06-08 13:00:00,,,,0.5,2.058
2004-06-08 14:00:00,,,,0.5,1.262
2004-06-08 15:00:00,,,,0.5,1.413
2004-06-08 16:00:00,,,,0.5,1.393
2004-06-08 17:00:00,,,,0.5,1.738
2004-06-08 18:00:00,,,,0.5,2.884
2004-06-08 19:00:00,,,,0.5,1.909
2004-06-08 20:00:00,,,,0.5,1.584
2004-06-08 21:00:00,,,,0.5,1.495
2004-06-08 22:00:00,,,,0.5,1.48
2004-06-08 23:00:00,,,,0.5,1.778
2004-06-09 00:00:00,,,,0.5,1.518
2004-06-09 01:00:00,,,,0.5,0.941
2004-06-09 02:00:00,,,,0.5,0.88
2004-06-09 03:00:00,,,,0.5,0.687
2004-06-09 04:00:00,,,,0.5,0.988
2004-06-09 05:00:00,,,,0.5,1.089
2004-06-09 06:00:00,,,,0.5,1.025
2004-06-09 07:00:00,,,,0.5,1.063
2004-06-09 08:00:00,,,,0.5,2.47
2004-06-09 09:00:00,,,,0.5,5.394
2004-06-09 10:00:00,,,,0.5,2.735
2004-06-09 11:00:00,,,,0.5,2.0
2004-06-09 12:00:00,,,,3.644,1.302
2004-06-09 13:00:00,,,,7.627,1.176
2004-06-09 14:00:00,,,,12.41,1.222
2004-06-09 15:00:00,,,,16.89,1.004
2004-06-09 16:00:00,,,,13.13,1.098
2004-06-09 17:00:00,,,,13.38,
2004-06-09 18:00:00,,,,0.5,
2004-06-09 19:00:00,,,,1.169,
2004-06-09 20:00:00,,,,4.729,
2004-06-09 21:00:00,,,,8.786,
2004-06-09 22:00:00,,,,10.3,
2004-06-09 23:00:00,,,,7.269,
2004-06-10 00:00:00,,,,4.926,
2004-06-10 01:00:00,,,,1.036,
2004-06-10 02:00:00,,,,1.826,
2004-06-10 03:00:00,,,,0.5,
2004-06-10 04:00:00,,,,0.5,
2004-06-10 05:00:00,,,,0.5,
2004-06-10 06:00:00,,,,0.5,
2004-06-10 07:00:00,,,,0.5,
2004-06-10 08:00:00,,,,0.5,
2004-06-10 09:00:00,,,,0.5,
2004-06-10 10:00:00,,,,0.5,
2004-06-10 11:00:00,,,,2.111,
2004-06-10 12:00:00,,,,1.868,
2004-06-10 13:00:00,,,,1.199,
2004-06-10 14:00:00,,,,0.5,
2004-06-10 15:00:00,,,,0.5,
2004-06-10 16:00:00,,,,0.5,
2004-06-10 17:00:00,,,,2.59,
2004-06-10 18:00:00,,,,2.408,
2004-06-10 19:00:00,,,,0.5,
2004-06-10 20:00:00,,,,5.949,
2004-06-10 21:00:00,,,,3.261,
2004-06-10 22:00:00,,,,3.914,
2004-06-10 23:00:00,,,,0.5,
2004-06-11 00:00:00,,,,0.5,
2004-06-11 01:00:00,,,,5.729,
2004-06-11 02:00:00,,,,10.72,
2004-06-11 03:00:00,,,,12.89,
2004-06-11 04:00:00,,,,15.74,
2004-06-11 05:00:00,,,,21.28,
2004-06-11 06:00:00,,,,18.89,
2004-06-11 07:00:00,,,,10.4,
2004-06-11 08:00:00,,,,2.756,
2004-06-11 09:00:00,,,,1.187,
2004-06-11 10:00:00,,,,1.697,
2004-06-11 11:00:00,,,,0.5,
2004-06-11 12:00:00,,,,1.384,
2004-06-11 13:00:00,,,,1.485,
2004-06-11 14:00:00,,,,1.574,
2004-06-11 15:00:00,,,,3.55,
2004-06-11 16:00:00,,,,6.084,
2004-06-11 17:00:00,,,,4.596,
2004-06-11 18:00:00,,,,3.133,
2004-06-11 19:00:00,,,,1.012,
2004-06-11 20:00:00,,,,1.251,
2004-06-11 21:00:00,,,,7.581,
2004-06-11 22:00:00,,,,11.48,
2004-06-11 23:00:00,,,,7.99,
2004-06-12 00:00:00,,,,7.193,
2004-06-12 01:00:00,,,,13.39,
2004-06-12 02:00:00,,,,16.71,
2004-06-12 03:00:00,,,,16.93,
2004-06-12 04:00:00,,,,17.8,
2004-06-12 05:00:00,,,,17.13,
2004-06-12 06:00:00,,,,18.95,
2004-06-12 07:00:00,,,,17.75,
2004-06-12 08:00:00,,,,13.94,
2004-06-12 09:00:00,,,,13.14,
2004-06-12 10:00:00,,,,16.37,
2004-06-12 11:00:00,,,,19.11,
2004-06-12 12:00:00,,,,21.12,
2004-06-12 13:00:00,,,,23.13,
2004-06-12 14:00:00,,,,24.75,
2004-06-12 15:00:00,,,,28.63,
2004-06-12 16:00:00,,,,25.94,
2004-06-12 17:00:00,,,,21.14,
2004-06-12 18:00:00,,,,12.51,
2004-06-12 19:00:00,,,,9.981,
2004-06-12 20:00:00,,,,7.475,
2004-06-12 21:00:00,,,,6.706,
2004-06-12 22:00:00,,,,5.182,
2004-06-12 23:00:00,,,,2.878,
2004-06-13 00:00:00,,,,2.181,
2004-06-13 01:00:00,,,,4.328,
2004-06-13 02:00:00,,,,6.137,
2004-06-13 03:00:00,,,,4.028,
2004-06-13 04:00:00,,,,6.942,
2004-06-13 05:00:00,,,,10.4,
2004-06-13 06:00:00,,,,7.543,
2004-06-13 07:00:00,,,,4.399,
2004-06-13 08:00:00,,,,5.971,
2004-06-13 09:00:00,,,,11.87,
2004-06-13 10:00:00,,,,14.45,
2004-06-13 11:00:00,,,,20.54,
2004-06-13 12:00:00,,,,24.85,
2004-06-13 13:00:00,,,,26.03,
2004-06-13 14:00:00,,,,26.98,
2004-06-13 15:00:00,,,,25.64,
2004-06-13 16:00:00,,,,20.06,
2004-06-13 17:00:00,,,,14.58,
2004-06-13 18:00:00,,,,5.739,
2004-06-13 19:00:00,,,,0.5,
2004-06-13 20:00:00,,,,0.5,
2004-06-13 21:00:00,,,,0.5,
2004-06-13 22:00:00,,,,1.366,
2004-06-13 23:00:00,,,,1.183,
2004-06-14 00:00:00,,,,0.5,
2004-06-14 01:00:00,,,,0.5,
2004-06-14 02:00:00,,,,0.5,
2004-06-14 03:00:00,,,,0.5,
2004-06-14 04:00:00,,,,0.5,
2004-06-14 05:00:00,,,,0.5,
2004-06-14 06:00:00,,,,0.5,
2004-06-14 07:00:00,,,,0.5,
2004-06-14 08:00:00,,,,0.5,
2004-06-14 09:00:00,,,,0.5,
2004-06-14 10:00:00,,,,0.5,
2004-06-14 11:00:00,,,,0.5,
2004-06-14 12:00:00,,,,1.357,
2004-06-14 13:00:00,,,,2.815,
2004-06-14 14:00:00,,,,12.86,
2004-06-14 15:00:00,,,,4.272,
2004-06-14 16:00:00,,,,20.48,
2004-06-14 17:00:00,,,,11.62,
2004-06-14 18:00:00,,,,0.5,
2004-06-14 19:00:00,,,,0.5,
2004-06-14 20:00:00,,,,0.5,
2004-06-14 21:00:00,,,,0.5,
2004-06-14 22:00:00,,,,0.5,
2004-06-14 23:00:00,,,,0.5,
2004-06-15 00:00:00,,,,0.5,
2004-06-15 01:00:00,,,,0.5,
2004-06-15 02:00:00,,,,0.5,
2004-06-15 03:00:00,,,,0.5,
2004-06-15 04:00:00,,,,0.5,
2004-06-15 05:00:00,,,,0.5,
2004-06-15 06:00:00,,,,0.5,
2004-06-15 07:00:00,,,,0.5,
2004-06-15 08:00:00,,,,0.5,
2004-06-15 09:00:00,,,,0.5,
2004-06-15 10:00:00,,,,0.5,
2004-06-15 11:00:00,,,,0.5,
2004-06-15 12:00:00,,,,6.217,
2004-06-15 13:00:00,,,,19.84,
2004-06-15 14:00:00,,,,21.37,
2004-06-15 15:00:00,,,,10.2,
2004-06-15 16:00:00,,,,7.396,
2004-06-15 17:00:00,,,,20.89,
2004-06-15 18:00:00,,,,0.5,
2004-06-15 19:00:00,,,,0.5,
2004-06-15 20:00:00,,,,0.5,
2004-06-15 21:00:00,,,,0.5,
2004-06-15 22:00:00,,,,0.5,
2004-06-15 23:00:00,,,,0.5,
2004-06-16 00:00:00,,,,0.5,
2004-06-16 01:00:00,,,,0.5,
2004-06-16 02:00:00,,,,0.5,
2004-06-16 03:00:00,,,,0.5,
2004-06-16 04:00:00,,,,0.5,
2004-06-16 05:00:00,,,,0.5,
2004-06-16 06:00:00,,,,0.5,
2004-06-16 07:00:00,,,,0.5,
2004-06-16 08:00:00,,,,0.5,
2004-06-16 09:00:00,,,,0.5,
2004-06-16 10:00:00,,,,0.5,
2004-06-16 11:00:00,,,,0.5,
2004-06-16 12:00:00,,,,0.5,
2004-06-16 13:00:00,,,,3.088,
2004-06-16 14:00:00,,,,5.999,
2004-06-16 15:00:00,,,,15.25,
2004-06-16 16:00:00,,,,13.93,
2004-06-16 17:00:00,,,,7.619,
2004-06-16 18:00:00,,,,0.5,
2004-06-16 19:00:00,,,,0.5,
2004-06-16 20:00:00,,,,0.5,
2004-06-16 21:00:00,,,,0.5,
2004-06-16 22:00:00,,,,0.5,
2004-06-16 23:00:00,,,,0.5,
2004-06-17 00:00:00,,,,0.5,
2004-06-17 01:00:00,,,,0.5,
2004-06-17 02:00:00,,,,0.5,
2004-06-17 03:00:00,,,,0.5,
2004-06-17 04:00:00,,,,0.5,
2004-06-17 05:00:00,,,,0.5,
2004-06-17 06:00:00,,,,0.5,
2004-06-17 07:00:00,,,,0.5,
2004-06-17 08:00:00,,,,0.5,
2004-06-17 09:00:00,,,,0.5,
2004-06-17 10:00:00,,,,0.5,
2004-06-17 11:00:00,,,,2.721,
2004-06-17 12:00:00,,,,6.356,
2004-06-17 13:00:00,,,,10.4,
2004-06-17 14:00:00,,,,10.04,
2004-06-17 15:00:00,,,,4.069,
2004-06-17 16:00:00,,,,2.431,
2004-06-17 17:00:00,,,,1.965,
2004-06-17 18:00:00,,,,3.543,
2004-06-17 19:00:00,,,,2.176,
2004-06-17 20:00:00,,,,8.611,
2004-06-17 21:00:00,,,,14.24,
2004-06-17 22:00:00,,,,21.62,
2004-06-17 23:00:00,,,,24.71,
2004-06-18 00:00:00,,,,26.15,
2004-06-18 01:00:00,,,,26.32,
2004-06-18 02:00:00,,,,28.82,
2004-06-18 03:00:00,,,,28.57,
2004-06-18 04:00:00,,,,28.71,
2004-06-18 05:00:00,,,,27.79,
2004-06-18 06:00:00,,,,27.8,
2004-06-18 07:00:00,,,,18.63,
2004-06-18 08:00:00,,,,3.924,
2004-06-18 09:00:00,,,,3.797,
2004-06-18 10:00:00,,,,8.915,
2004-06-18 11:00:00,,,,22.03,
2004-06-18 12:00:00,,,,26.06,
2004-06-18 13:00:00,,,,28.18,
2004-06-18 14:00:00,,,,28.33,
2004-06-18 15:00:00,,,,28.29,
2004-06-18 16:00:00,,,,30.19,
2004-06-18 17:00:00,,,,27.71,
2004-06-18 18:00:00,,,,18.81,
2004-06-18 19:00:00,,,,4.176,
2004-06-18 20:00:00,,,,12.55,
2004-06-18 21:00:00,,,,19.12,
2004-06-18 22:00:00,,,,19.39,
2004-06-18 23:00:00,,,,14.24,
2004-06-19 00:00:00,,,,6.404,
2004-06-19 01:00:00,,,,9.658,
2004-06-19 02:00:00,,,,2.901,
2004-06-19 03:00:00,,,,4.14,
2004-06-19 04:00:00,,,,0.5,
2004-06-19 05:00:00,,,,0.5,
2004-06-19 06:00:00,,,,0.5,
2004-06-19 07:00:00,,,,0.5,
2004-06-19 08:00:00,,,,0.5,
2004-06-19 09:00:00,,,,0.5,
2004-06-19 10:00:00,,,,0.5,
2004-06-19 11:00:00,,,,0.5,
2004-06-19 12:00:00,,,,1.893,
2004-06-19 13:00:00,,,,2.14,
2004-06-19 14:00:00,,,,5.557,
2004-06-19 15:00:00,,,,8.872,
2004-06-19 16:00:00,,,,6.917,
2004-06-19 17:00:00,,,,2.377,
2004-06-19 18:00:00,,,,0.5,
2004-06-19 19:00:00,,,,0.5,
2004-06-19 20:00:00,,,,0.5,
2004-06-19 21:00:00,,,,0.5,
2004-06-19 22:00:00,,,,0.5,
2004-06-19 23:00:00,,,,0.5,
2004-06-20 00:00:00,,,,0.5,
2004-06-20 01:00:00,,,,0.5,
2004-06-20 02:00:00,,,,0.5,
2004-06-20 03:00:00,,,,0.5,
2004-06-20 04:00:00,,,,0.5,
2004-06-20 05:00:00,,,,0.5,
2004-06-20 06:00:00,,,,0.5,
2004-06-20 07:00:00,,,,0.5,
2004-06-20 08:00:00,,,,0.5,
2004-06-20 09:00:00,,,,0.5,
2004-06-20 10:00:00,,,,2.299,
2004-06-20 11:00:00,,,,6.313,
2004-06-20 12:00:00,,,,17.31,
2004-06-20 13:00:00,,,,18.46,
2004-06-20 14:00:00,,,,18.12,
2004-06-20 15:00:00,,,,20.96,
2004-06-20 16:00:00,,,,23.87,
2004-06-20 17:00:00,,,,13.24,
2004-06-20 18:00:00,,,,2.447,
2004-06-20 19:00:00,,,,0.5,
2004-06-20 20:00:00,,,,0.5,
2004-06-20 21:00:00,,,,0.5,
2004-06-20 22:00:00,,,,1.857,
2004-06-20 23:00:00,,,,1.844,
2004-06-21 00:00:00,,,,0.5,
2004-06-21 01:00:00,,,,0.5,
2004-06-21 02:00:00,,,,0.5,
2004-06-21 03:00:00,,,,0.5,
2004-06-21 04:00:00,,,,6.717,
2004-06-21 05:00:00,,,,11.49,
2004-06-21 06:00:00,,,,14.83,
2004-06-21 07:00:00,,,,7.363,
2004-06-21 08:00:00,,,,0.5,
2004-06-21 09:00:00,,,,0.5,
2004-06-21 10:00:00,,,,2.479,
2004-06-21 11:00:00,,,,5.715,
2004-06-21 12:00:00,,,,9.836,
2004-06-21 13:00:00,,,,12.3,
2004-06-21 14:00:00,,,,19.3,
2004-06-21 15:00:00,,,,15.56,
2004-06-21 16:00:00,,,,12.84,
2004-06-21 17:00:00,,,,3.962,
2004-06-21 18:00:00,,,,1.144,
2004-06-21 19:00:00,,,,0.5,
2004-06-21 20:00:00,,,,0.5,
2004-06-21 21:00:00,,,,0.5,
2004-06-21 22:00:00,,,,11.53,
2004-06-21 23:00:00,,,,20.31,
2004-06-22 00:00:00,,,,18.99,
2004-06-22 01:00:00,,,,20.25,
2004-06-22 02:00:00,,,,19.84,
2004-06-22 03:00:00,,,,21.15,
2004-06-22 04:00:00,,,,23.59,
2004-06-22 05:00:00,,,,23.53,
2004-06-22 06:00:00,,,,22.55,
2004-06-22 07:00:00,,,,17.91,
2004-06-22 08:00:00,,,,11.28,
2004-06-22 09:00:00,,,,9.389,
2004-06-22 10:00:00,,,,17.35,
2004-06-22 11:00:00,,,,,
2004-06-22 12:00:00,,,,19.86,
2004-06-22 13:00:00,,,,20.24,
2004-06-22 14:00:00,,,,20.44,
2004-06-22 15:00:00,,,,18.7,
2004-06-22 16:00:00,,,,22.17,
2004-06-22 17:00:00,,,,23.15,
2004-06-22 18:00:00,,,,11.15,
2004-06-22 19:00:00,,,,5.773,
2004-06-22 20:00:00,,,,11.58,
2004-06-22 21:00:00,,,,21.9,
2004-06-22 22:00:00,,,,21.84,
2004-06-22 23:00:00,,,,17.42,
2004-06-23 00:00:00,,,,13.76,
2004-06-23 01:00:00,,,,9.911,
2004-06-23 02:00:00,,,,14.13,
2004-06-23 03:00:00,,,,13.81,
2004-06-23 04:00:00,,,,11.04,
2004-06-23 05:00:00,,,,4.888,
2004-06-23 06:00:00,,,,3.726,
2004-06-23 07:00:00,,,,0.5,
2004-06-23 08:00:00,,,,0.5,
2004-06-23 09:00:00,,,,0.5,
2004-06-23 10:00:00,,,,1.0,
2004-06-23 11:00:00,,,,2.075,
2004-06-23 12:00:00,,,,2.0,
2004-06-23 13:00:00,,,,1.796,
2004-06-23 14:00:00,,,,2.079,
2004-06-23 15:00:00,,,,7.815,
2004-06-23 16:00:00,,,,11.03,
2004-06-23 17:00:00,,,,3.778,
2004-06-23 18:00:00,,,,0.5,
2004-06-23 19:00:00,,,,0.5,
2004-06-23 20:00:00,,,,0.5,
2004-06-23 21:00:00,,,,0.5,
2004-06-23 22:00:00,,,,0.5,
2004-06-23 23:00:00,,,,1.0,
2004-06-24 00:00:00,,,,2.782,
2004-06-24 01:00:00,,,,7.33,
2004-06-24 02:00:00,,,,5.152,
2004-06-24 03:00:00,,,,2.397,
2004-06-24 04:00:00,,,,2.332,
2004-06-24 05:00:00,,,,10.18,
2004-06-24 06:00:00,,,,9.839,
2004-06-24 07:00:00,,,,8.705,
2004-06-24 08:00:00,,,,0.5,
2004-06-24 09:00:00,,,,0.5,
2004-06-24 10:00:00,,,,0.5,
2004-06-24 11:00:00,,,,0.5,
2004-06-24 12:00:00,,,,1.385,
2004-06-24 13:00:00,,,,4.561,
2004-06-24 14:00:00,,,,8.426,
2004-06-24 15:00:00,,,,8.671,
2004-06-24 16:00:00,,,,4.31,
2004-06-24 17:00:00,,,,7.208,
2004-06-24 18:00:00,,,,5.296,
2004-06-24 19:00:00,,,,0.5,
2004-06-24 20:00:00,,,,1.718,
2004-06-24 21:00:00,,,,4.069,
2004-06-24 22:00:00,,,,5.668,
2004-06-24 23:00:00,,,,10.49,
2004-06-25 00:00:00,,,,14.57,
2004-06-25 01:00:00,,,,18.47,
2004-06-25 02:00:00,,,,19.05,
2004-06-25 03:00:00,,,,21.1,
2004-06-25 04:00:00,,,,19.62,
2004-06-25 05:00:00,,,,18.38,
2004-06-25 06:00:00,,,,18.3,
2004-06-25 07:00:00,,,,13.59,
2004-06-25 08:00:00,,,,4.418,
2004-06-25 09:00:00,,,,2.779,
2004-06-25 10:00:00,,,,3.958,
2004-06-25 11:00:00,,,,6.574,
2004-06-25 12:00:00,,,,7.122,
2004-06-25 13:00:00,,,,7.29,
2004-06-25 14:00:00,,,,5.424,
2004-06-25 15:00:00,,,,2.726,
2004-06-25 16:00:00,,,,5.701,
2004-06-25 17:00:00,,,,7.547,
2004-06-25 18:00:00,,,,0.5,
2004-06-25 19:00:00,,,,0.5,
2004-06-25 20:00:00,,,,0.5,
2004-06-25 21:00:00,,,,0.5,
2004-06-25 22:00:00,,,,0.5,
2004-06-25 23:00:00,,,,0.5,
2004-06-26 00:00:00,,,,0.5,
2004-06-26 01:00:00,,,,0.5,
2004-06-26 02:00:00,,,,0.5,
2004-06-26 03:00:00,,,,0.5,
2004-06-26 04:00:00,,,,0.5,
2004-06-26 05:00:00,,,,0.5,
2004-06-26 06:00:00,,,,0.5,
2004-06-26 07:00:00,,,,0.5,
2004-06-26 08:00:00,,,,0.5,
2004-06-26 09:00:00,,,,0.5,
2004-06-26 10:00:00,,,,0.5,
2004-06-26 11:00:00,,,,0.5,
2004-06-26 12:00:00,,,,0.5,
2004-06-26 13:00:00,,,,2.169,
2004-06-26 14:00:00,,,,9.215,
2004-06-26 15:00:00,,,,8.517,
2004-06-26 16:00:00,,,,3.829,
2004-06-26 17:00:00,,,,0.5,
2004-06-26 18:00:00,,,,0.5,
2004-06-26 19:00:00,,,,0.5,
2004-06-26 20:00:00,,,,0.5,
2004-06-26 21:00:00,,,,0.5,
2004-06-26 22:00:00,,,,0.5,
2004-06-26 23:00:00,,,,0.5,
2004-06-27 00:00:00,,,,0.5,
2004-06-27 01:00:00,,,,0.5,
2004-06-27 02:00:00,,,,0.5,
2004-06-27 03:00:00,,,,0.5,
2004-06-27 04:00:00,,,,0.5,
2004-06-27 05:00:00,,,,0.5,
2004-06-27 06:00:00,,,,0.5,
2004-06-27 07:00:00,,,,0.5,
2004-06-27 08:00:00,,,,0.5,
2004-06-27 09:00:00,,,,0.5,
2004-06-27 10:00:00,,,,0.5,
2004-06-27 11:00:00,,,,1.671,
2004-06-27 12:00:00,,,,0.5,
2004-06-27 13:00:00,,,,1.835,
2004-06-27 14:00:00,,,,9.81,
2004-06-27 15:00:00,,,,11.96,
2004-06-27 16:00:00,,,,12.99,
2004-06-27 17:00:00,,,,16.12,
2004-06-27 18:00:00,,,,11.46,
2004-06-27 19:00:00,,,,9.733,
2004-06-27 20:00:00,,,,8.707,
2004-06-27 21:00:00,,,,11.91,
2004-06-27 22:00:00,,,,9.061,
2004-06-27 23:00:00,,,,9.11,
2004-06-28 00:00:00,,,,10.36,
2004-06-28 01:00:00,,,,10.12,
2004-06-28 02:00:00,,,,10.67,
2004-06-28 03:00:00,,,,14.33,
2004-06-28 04:00:00,,,,17.08,
2004-06-28 05:00:00,,,,17.7,
2004-06-28 06:00:00,,,,19.6,
2004-06-28 07:00:00,,,,14.76,
2004-06-28 08:00:00,,,,1.073,
2004-06-28 09:00:00,,,,2.513,
2004-06-28 10:00:00,,,,5.947,
2004-06-28 11:00:00,,,,9.631,
2004-06-28 12:00:00,,,,11.83,
2004-06-28 13:00:00,,,,10.55,
2004-06-28 14:00:00,,,,12.22,
2004-06-28 15:00:00,,,,11.85,
2004-06-28 16:00:00,,,,12.07,
2004-06-28 17:00:00,,,,8.755,
2004-06-28 18:00:00,,,,5.858,
2004-06-28 19:00:00,,,,3.582,
2004-06-28 20:00:00,,,,3.94,
2004-06-28 21:00:00,,,,2.364,
2004-06-28 22:00:00,,,,5.765,
2004-06-28 23:00:00,,,,3.546,
2004-06-29 00:00:00,,,,1.233,
2004-06-29 01:00:00,,,,0.5,
2004-06-29 02:00:00,,,,0.5,
2004-06-29 03:00:00,,,,0.5,
2004-06-29 04:00:00,,,,0.5,
2004-06-29 05:00:00,,,,1.734,
2004-06-29 06:00:00,,,,0.5,
2004-06-29 07:00:00,,,,0.5,
2004-06-29 08:00:00,,,,0.5,
2004-06-29 09:00:00,,,,0.5,
2004-06-29 10:00:00,,,,0.5,
2004-06-29 11:00:00,,,,0.5,
2004-06-29 12:00:00,,,,1.29,
2004-06-29 13:00:00,,,,5.882,
2004-06-29 14:00:00,,,,15.47,
2004-06-29 15:00:00,,,,5.088,
2004-06-29 16:00:00,,,,2.874,
2004-06-29 17:00:00,,,,0.5,
2004-06-29 18:00:00,,,,0.5,
2004-06-29 19:00:00,,,,0.5,
2004-06-29 20:00:00,,,,0.5,
2004-06-29 21:00:00,,,,0.5,
2004-06-29 22:00:00,,,,0.5,
2004-06-29 23:00:00,,,,0.5,
2004-06-30 00:00:00,,,,0.5,
2004-06-30 01:00:00,,,,0.5,
2004-06-30 02:00:00,,,,0.5,
2004-06-30 03:00:00,,,,0.5,
2004-06-30 04:00:00,,,,0.5,
2004-06-30 05:00:00,,,,0.5,
2004-06-30 06:00:00,,,,0.5,
2004-06-30 07:00:00,,,,0.5,
2004-06-30 08:00:00,,,,0.5,
2004-06-30 09:00:00,,,,0.5,
2004-06-30 10:00:00,,,,0.5,
2004-06-30 11:00:00,,,,1.226,
2004-06-30 12:00:00,,,,3.199,
2004-06-30 13:00:00,,,,10.68,
2004-06-30 14:00:00,,,,13.33,
2004-06-30 15:00:00,,,,11.58,
2004-06-30 16:00:00,,,,10.42,
2004-06-30 17:00:00,,,,3.521,
2004-06-30 18:00:00,,,,0.5,
2004-06-30 19:00:00,,,,0.5,
2004-06-30 20:00:00,,,,0.5,
2004-06-30 21:00:00,,,,0.5,
2004-06-30 22:00:00,,,,0.5,
2004-06-30 23:00:00,,,,0.5,
2004-07-01 00:00:00,,,,0.5,
2004-07-01 01:00:00,,,,0.5,
2004-07-01 02:00:00,,,,2.897,
2004-07-01 03:00:00,,,,2.159,
2004-07-01 04:00:00,,,,7.928,
2004-07-01 05:00:00,,,,5.41,
2004-07-01 06:00:00,,,,9.001,
2004-07-01 07:00:00,,,,6.815,
2004-07-01 08:00:00,,,,1.764,
2004-07-01 09:00:00,,,,1.156,
2004-07-01 10:00:00,,,,4.131,
2004-07-01 11:00:00,,,,3.654,
2004-07-01 12:00:00,,,,2.84,
2004-07-01 13:00:00,,,,1.983,
2004-07-01 14:00:00,,,,1.373,
2004-07-01 15:00:00,,,,2.081,
2004-07-01 16:00:00,,,,1.832,
2004-07-01 17:00:00,,,,1.271,1.164
2004-07-01 18:00:00,,,,0.5,1.091
2004-07-01 19:00:00,,,,0.5,1.239
2004-07-01 20:00:00,,,,0.5,1.079
2004-07-01 21:00:00,,,,0.5,0.763
2004-07-01 22:00:00,,,,0.5,0.643
2004-07-01 23:00:00,,,,0.5,2.141
2004-07-02 00:00:00,,,,1.0,2.308
2004-07-02 01:00:00,,,,1.14,2.806
2004-07-02 02:00:00,,,,1.0,3.183
2004-07-02 03:00:00,,,,1.0,2.604
2004-07-02 04:00:00,,,,1.0,1.916
2004-07-02 05:00:00,,,,0.5,1.469
2004-07-02 06:00:00,,,,0.5,1.212
2004-07-02 07:00:00,,,,0.5,1.453
2004-07-02 08:00:00,,,,0.5,2.718
2004-07-02 09:00:00,,,,1.089,4.645
2004-07-02 10:00:00,,,,0.5,2.958
2004-07-02 11:00:00,,,,0.5,1.66
2004-07-02 12:00:00,,,,2.267,1.404
2004-07-02 13:00:00,,,,5.342,1.279
2004-07-02 14:00:00,,,,4.39,1.609
2004-07-02 15:00:00,,,,4.385,1.834
2004-07-02 16:00:00,,,,4.664,1.347
2004-07-02 17:00:00,,,,2.027,1.216
2004-07-02 18:00:00,,,,0.5,1.631
2004-07-02 19:00:00,,,,0.5,1.503
2004-07-02 20:00:00,,,,0.5,1.303
2004-07-02 21:00:00,,,,0.5,1.518
2004-07-02 22:00:00,,,,0.5,1.057
2004-07-02 23:00:00,,,,0.5,1.046
2004-07-03 00:00:00,,,,0.5,1.514
2004-07-03 01:00:00,,,,0.5,2.258
2004-07-03 02:00:00,,,,0.5,3.698
2004-07-03 03:00:00,,,,0.5,3.394
2004-07-03 04:00:00,,,,0.5,2.636
2004-07-03 05:00:00,,,,0.5,2.425
2004-07-03 06:00:00,,,,15.57,0.38
2004-07-03 07:00:00,,,,12.54,0.442
2004-07-03 08:00:00,,,,10.79,0.413
2004-07-03 09:00:00,,,,11.16,0.512
2004-07-03 10:00:00,,,,6.411,0.587
2004-07-03 11:00:00,,,,10.98,0.577
2004-07-03 12:00:00,,,,10.29,0.61
2004-07-03 13:00:00,,,,11.91,0.561
2004-07-03 14:00:00,,,,17.84,0.406
2004-07-03 15:00:00,,,,20.56,0.519
2004-07-03 16:00:00,,,,19.67,0.453
2004-07-03 17:00:00,,,,15.8,0.51
2004-07-03 18:00:00,,,,19.63,0.429
2004-07-03 19:00:00,,,,13.21,0.521
2004-07-03 20:00:00,,,,17.26,0.448
2004-07-03 21:00:00,,,,8.59,0.512
2004-07-03 22:00:00,,,,2.744,0.566
2004-07-03 23:00:00,,,,0.5,1.973
2004-07-04 00:00:00,,,,0.5,1.699
2004-07-04 01:00:00,,,,0.5,1.836
2004-07-04 02:00:00,,,,0.5,1.779
2004-07-04 03:00:00,,,,0.5,1.43
2004-07-04 04:00:00,,,,0.5,0.779
2004-07-04 05:00:00,,,,7.747,0.27
2004-07-04 06:00:00,,,,11.13,0.247
2004-07-04 07:00:00,,,,13.41,0.246
2004-07-04 08:00:00,,,,10.32,0.303
2004-07-04 09:00:00,,,,13.51,0.291
2004-07-04 10:00:00,,,,26.55,0.213
2004-07-04 11:00:00,,,,29.81,0.179
2004-07-04 12:00:00,,,,32.45,0.278
2004-07-04 13:00:00,,,,31.65,0.325
2004-07-04 14:00:00,,,,34.88,0.323
2004-07-04 15:00:00,,,,37.35,0.26
2004-07-04 16:00:00,,,,36.52,0.252
2004-07-04 17:00:00,,,,34.6,0.224
2004-07-04 18:00:00,,,,29.25,0.207
2004-07-04 19:00:00,,,,14.74,0.382
2004-07-04 20:00:00,,,,0.5,0.905
2004-07-04 21:00:00,,,,0.5,1.151
2004-07-04 22:00:00,,,,0.5,1.124
2004-07-04 23:00:00,,,,0.5,0.82
2004-07-05 00:00:00,,,,0.5,1.08
2004-07-05 01:00:00,,,,0.5,1.083
2004-07-05 02:00:00,,,,0.5,1.12
2004-07-05 03:00:00,,,,0.5,1.032
2004-07-05 04:00:00,,,,0.5,0.894
2004-07-05 05:00:00,,,,0.5,0.686
2004-07-05 06:00:00,,,,0.5,0.672
2004-07-05 07:00:00,,,,0.5,0.672
2004-07-05 08:00:00,,,,0.5,1.972
2004-07-05 09:00:00,,,,0.5,1.861
2004-07-05 10:00:00,,,,1.124,1.19
2004-07-05 11:00:00,,,,2.214,1.151
2004-07-05 12:00:00,,,,7.903,0.856
2004-07-05 13:00:00,,,,14.68,0.788
2004-07-05 14:00:00,,,,20.51,1.009
2004-07-05 15:00:00,,,,14.07,0.934
2004-07-05 16:00:00,,,,17.65,1.426
2004-07-05 17:00:00,,,,13.1,1.392
2004-07-05 18:00:00,,,,0.5,2.194
2004-07-05 19:00:00,,,,0.5,3.563
2004-07-05 20:00:00,,,,0.5,4.35
2004-07-05 21:00:00,,,,0.5,3.685
2004-07-05 22:00:00,,,,0.5,3.585
2004-07-05 23:00:00,,,,0.5,2.948
2004-07-06 00:00:00,,,,0.5,3.101
2004-07-06 01:00:00,,,,0.5,2.734
2004-07-06 02:00:00,,,,0.5,2.015
2004-07-06 03:00:00,,,,0.5,1.479
2004-07-06 04:00:00,,,,0.5,1.056
2004-07-06 05:00:00,,,,0.5,1.006
2004-07-06 06:00:00,,,,0.5,0.756
2004-07-06 07:00:00,,,,0.5,0.611
2004-07-06 08:00:00,,,,0.5,1.757
2004-07-06 09:00:00,,,,0.5,1.456
2004-07-06 10:00:00,,,,0.5,1.036
2004-07-06 11:00:00,,,,2.639,0.77
2004-07-06 12:00:00,,,,7.318,0.529
2004-07-06 13:00:00,,,,8.174,0.57
2004-07-06 14:00:00,,,,21.9,0.567
2004-07-06 15:00:00,,,,19.6,0.955
2004-07-06 16:00:00,,,,5.911,1.102
2004-07-06 17:00:00,2.714,,,2.454,1.694
2004-07-06 18:00:00,17.72,,,0.5,1.554
2004-07-06 19:00:00,41.98,,,0.5,5.381
2004-07-06 20:00:00,69.24,,,0.5,7.762
2004-07-06 21:00:00,110.3,,,0.5,6.751
2004-07-06 22:00:00,139.6,,,0.5,8.297
2004-07-06 23:00:00,143.6,,,0.5,6.357
2004-07-07 00:00:00,126.3,,,0.5,4.856
2004-07-07 01:00:00,93.6,,,0.5,4.649
2004-07-07 02:00:00,100.0,,,0.5,3.708
2004-07-07 03:00:00,83.58,,,0.5,3.001
2004-07-07 04:00:00,77.65,,,0.5,2.41
2004-07-07 05:00:00,49.3,,,0.5,1.998
2004-07-07 06:00:00,39.04,,,0.5,1.357
2004-07-07 07:00:00,61.89,,,0.5,1.378
2004-07-07 08:00:00,47.76,,,0.5,2.164
2004-07-07 09:00:00,71.0,,,0.5,2.907
2004-07-07 10:00:00,82.5,,,0.5,2.314
2004-07-07 11:00:00,54.05,,,0.5,1.163
2004-07-07 12:00:00,35.22,,,4.324,1.155
2004-07-07 13:00:00,24.76,,,1.922,0.965
2004-07-07 14:00:00,40.7,,,0.5,1.312
2004-07-07 15:00:00,40.74,,,0.5,1.444
2004-07-07 16:00:00,26.23,,,0.5,1.572
2004-07-07 17:00:00,50.01,,,0.5,2.015
2004-07-07 18:00:00,53.19,,,0.5,1.779
2004-07-07 19:00:00,50.95,,,0.5,2.113
2004-07-07 20:00:00,43.07,,,0.5,1.854
2004-07-07 21:00:00,23.93,,,0.5,1.587
2004-07-07 22:00:00,28.81,,,0.5,1.093
2004-07-07 23:00:00,26.66,,,0.5,0.981
2004-07-08 00:00:00,22.29,,,1.183,0.731
2004-07-08 01:00:00,12.53,,,0.5,0.698
2004-07-08 02:00:00,11.54,,,0.5,0.568
2004-07-08 03:00:00,15.75,,,1.135,0.417
2004-07-08 04:00:00,18.35,,,9.828,0.303
2004-07-08 05:00:00,20.11,,,13.75,0.201
2004-07-08 06:00:00,26.6,,,16.04,0.179
2004-07-08 07:00:00,10.86,,,12.56,0.265
2004-07-08 08:00:00,6.457,,,8.075,0.568
2004-07-08 09:00:00,13.52,,,4.68,0.633
2004-07-08 10:00:00,15.22,,,6.901,0.608
2004-07-08 11:00:00,24.0,,,11.36,0.559
2004-07-08 12:00:00,12.54,,,13.4,0.475
2004-07-08 13:00:00,25.61,,,13.46,0.472
2004-07-08 14:00:00,5.939,,,9.664,0.629
2004-07-08 15:00:00,19.89,,,8.391,0.599
2004-07-08 16:00:00,6.232,,,14.92,0.426
2004-07-08 17:00:00,24.93,,,9.622,0.672
2004-07-08 18:00:00,17.5,,,3.65,0.884
2004-07-08 19:00:00,20.7,,,6.124,0.508
2004-07-08 20:00:00,17.95,,,4.906,0.6
2004-07-08 21:00:00,8.899,,,1.108,0.57
2004-07-08 22:00:00,35.45,,,0.5,0.654
2004-07-08 23:00:00,27.1,,,0.5,1.722
2004-07-09 00:00:00,37.16,,,0.5,2.481
2004-07-09 01:00:00,43.83,,,0.5,1.947
2004-07-09 02:00:00,58.61,,,0.5,1.428
2004-07-09 03:00:00,27.97,,,0.5,0.577
2004-07-09 04:00:00,31.48,,,2.69,0.504
2004-07-09 05:00:00,,,,4.453,0.346
2004-07-09 06:00:00,3.627,,,3.984,0.383
2004-07-09 07:00:00,17.15,,,1.654,0.563
2004-07-09 08:00:00,22.46,,,0.5,1.397
2004-07-09 09:00:00,26.92,,,0.5,1.235
2004-07-09 10:00:00,28.22,,,1.469,0.85
2004-07-09 11:00:00,35.58,,,2.799,0.952
2004-07-09 12:00:00,23.62,,,6.778,0.77
2004-07-09 13:00:00,20.81,,,9.193,0.723
2004-07-09 14:00:00,21.98,,,10.05,0.919
2004-07-09 15:00:00,25.34,,,8.039,1.072
2004-07-09 16:00:00,29.8,,,8.411,1.054
2004-07-09 17:00:00,19.04,,,4.563,1.349
2004-07-09 18:00:00,11.24,,,0.5,1.163
2004-07-09 19:00:00,36.12,,,0.5,1.007
2004-07-09 20:00:00,34.85,,,0.5,1.396
2004-07-09 21:00:00,51.67,,,0.5,1.752
2004-07-09 22:00:00,67.34,,,0.5,3.354
2004-07-09 23:00:00,83.89,,,0.5,3.045
2004-07-10 00:00:00,62.34,,,0.5,1.711
2004-07-10 01:00:00,68.31,,,0.5,1.475
2004-07-10 02:00:00,33.18,,,0.5,0.824
2004-07-10 03:00:00,4.847,,,3.723,0.663
2004-07-10 04:00:00,6.423,,,6.035,0.607
2004-07-10 05:00:00,10.54,,,4.617,0.395
2004-07-10 06:00:00,23.57,,,2.635,0.453
2004-07-10 07:00:00,19.57,,,0.5,0.654
2004-07-10 08:00:00,29.31,,,0.5,0.971
2004-07-10 09:00:00,26.9,,,1.742,1.007
2004-07-10 10:00:00,34.97,,,8.736,0.716
2004-07-10 11:00:00,30.24,,,12.08,0.709
2004-07-10 12:00:00,26.61,,,13.07,0.659
2004-07-10 13:00:00,1.651,,,17.04,0.76
2004-07-10 14:00:00,10.12,,,24.64,0.54
2004-07-10 15:00:00,15.22,,,26.31,0.495
2004-07-10 16:00:00,5.328,,,22.95,0.604
2004-07-10 17:00:00,20.23,,,21.92,0.487
2004-07-10 18:00:00,7.177,,,17.01,0.653
2004-07-10 19:00:00,1.736,,,13.63,0.652
2004-07-10 20:00:00,9.981,,,15.69,0.467
2004-07-10 21:00:00,14.88,,,21.58,0.54
2004-07-10 22:00:00,9.698,,,16.37,0.553
2004-07-10 23:00:00,24.31,,,13.76,0.542
2004-07-11 00:00:00,10.46,,,11.77,0.665
2004-07-11 01:00:00,6.467,,,14.15,0.623
2004-07-11 02:00:00,18.52,,,10.83,0.655
2004-07-11 03:00:00,15.88,,,13.34,0.497
2004-07-11 04:00:00,0.935,,,17.5,0.456
2004-07-11 05:00:00,5.825,,,14.62,0.424
2004-07-11 06:00:00,8.889,,,12.93,0.439
2004-07-11 07:00:00,2.793,,,13.73,0.532
2004-07-11 08:00:00,10.11,,,11.37,0.552
2004-07-11 09:00:00,7.729,,,9.818,0.572
2004-07-11 10:00:00,25.23,,,20.12,0.407
2004-07-11 11:00:00,11.76,,,21.93,0.412
2004-07-11 12:00:00,9.692,,,22.82,0.5
2004-07-11 13:00:00,10.29,,,22.96,0.653
2004-07-11 14:00:00,16.26,,,26.57,0.593
2004-07-11 15:00:00,7.997,,,29.21,0.469
2004-07-11 16:00:00,8.509,,,24.89,0.658
2004-07-11 17:00:00,,,,23.25,0.56
2004-07-11 18:00:00,1.44,,,8.901,0.75
2004-07-11 19:00:00,13.01,,,2.751,0.993
2004-07-11 20:00:00,41.49,,,0.5,1.981
2004-07-11 21:00:00,60.68,,,1.026,1.044
2004-07-11 22:00:00,58.86,,,7.744,0.526
2004-07-11 23:00:00,40.34,,,3.924,0.639
2004-07-12 00:00:00,30.51,,,11.62,0.37
2004-07-12 01:00:00,33.77,,,18.43,0.327
2004-07-12 02:00:00,3.54,,,25.7,0.3
2004-07-12 03:00:00,14.19,,,28.25,0.27
2004-07-12 04:00:00,7.08,,,27.14,0.307
2004-07-12 05:00:00,2.649,,,24.32,0.314
2004-07-12 06:00:00,3.62,,,6.453,0.497
2004-07-12 07:00:00,14.35,,,0.5,0.746
2004-07-12 08:00:00,17.41,,,0.5,1.723
2004-07-12 09:00:00,43.06,,,0.5,2.233
2004-07-12 10:00:00,22.79,,,0.5,1.716
2004-07-12 11:00:00,54.62,,,2.024,1.825
2004-07-12 12:00:00,41.2,,,7.685,1.103
2004-07-12 13:00:00,24.72,,,10.19,0.941
2004-07-12 14:00:00,23.96,,,15.4,0.992
2004-07-12 15:00:00,36.7,,,23.72,0.921
2004-07-12 16:00:00,13.02,,,36.49,0.51
2004-07-12 17:00:00,21.75,,,23.53,0.623
2004-07-12 18:00:00,12.7,,,2.028,0.874
2004-07-12 19:00:00,32.98,,,0.5,0.861
2004-07-12 20:00:00,35.74,,,0.5,0.864
2004-07-12 21:00:00,41.63,,,0.5,1.691
2004-07-12 22:00:00,34.39,,,0.5,1.746
2004-07-12 23:00:00,58.37,,,0.5,2.513
2004-07-13 00:00:00,68.47,,,0.5,2.423
2004-07-13 01:00:00,57.33,,,0.5,1.781
2004-07-13 02:00:00,49.62,,,0.5,1.067
2004-07-13 03:00:00,21.93,,,0.5,0.653
2004-07-13 04:00:00,19.16,,,0.5,0.522
2004-07-13 05:00:00,27.85,,,0.5,0.386
2004-07-13 06:00:00,12.04,,,0.5,0.447
2004-07-13 07:00:00,7.695,,,0.5,0.772
2004-07-13 08:00:00,18.12,,,0.5,2.133
2004-07-13 09:00:00,46.1,,,0.5,3.361
2004-07-13 10:00:00,39.74,,,0.5,1.347
2004-07-13 11:00:00,25.26,,,0.5,2.851
2004-07-13 12:00:00,41.73,,,0.5,1.508
2004-07-13 13:00:00,47.03,,,1.243,0.939
2004-07-13 14:00:00,2.998,,,0.5,1.483
2004-07-13 15:00:00,15.08,,,0.5,2.043
2004-07-13 16:00:00,33.36,,,0.5,1.343
2004-07-13 17:00:00,53.76,,,0.5,0.78
2004-07-13 18:00:00,10.06,,,0.5,1.18
2004-07-13 19:00:00,35.17,,,0.5,4.529
2004-07-13 20:00:00,40.87,,,0.5,2.625
2004-07-13 21:00:00,48.39,,,0.5,2.49
2004-07-13 22:00:00,32.12,,,0.5,1.257
2004-07-13 23:00:00,59.67,,,0.5,2.922
2004-07-14 00:00:00,45.2,,,0.5,3.497
2004-07-14 01:00:00,64.99,,,0.5,3.559
2004-07-14 02:00:00,54.22,,,0.5,2.674
2004-07-14 03:00:00,32.9,,,0.5,1.985
2004-07-14 04:00:00,20.5,,,0.5,1.714
2004-07-14 05:00:00,26.96,,,0.5,1.168
2004-07-14 06:00:00,5.686,,,0.5,1.093
2004-07-14 07:00:00,24.7,,,0.5,1.18
2004-07-14 08:00:00,30.01,,,0.5,2.909
2004-07-14 09:00:00,47.99,,,0.5,5.294
2004-07-14 10:00:00,59.92,,,0.5,3.714
2004-07-14 11:00:00,87.03,,,2.669,1.28
2004-07-14 12:00:00,18.41,,,3.457,1.72
2004-07-14 13:00:00,31.63,,,4.185,1.706
2004-07-14 14:00:00,31.2,,,3.974,2.275
2004-07-14 15:00:00,23.03,,,0.5,3.359
2004-07-14 16:00:00,60.97,,,4.617,1.875
2004-07-14 17:00:00,51.92,,,2.09,1.91
2004-07-14 18:00:00,35.13,,,2.36,1.197
2004-07-14 19:00:00,45.53,,,4.457,1.155
2004-07-14 20:00:00,13.43,,,6.621,0.9
2004-07-14 21:00:00,10.16,,,6.168,0.961
2004-07-14 22:00:00,8.492,,,8.608,0.854
2004-07-14 23:00:00,27.64,,,3.375,1.223
2004-07-15 00:00:00,1.505,,,1.379,1.147
2004-07-15 01:00:00,12.32,,,1.424,1.011
2004-07-15 02:00:00,23.93,,,2.519,0.781
2004-07-15 03:00:00,2.002,,,13.51,0.574
2004-07-15 04:00:00,8.622,,,19.84,0.479
2004-07-15 05:00:00,6.704,,,20.45,0.421
2004-07-15 06:00:00,,,,23.51,0.433
2004-07-15 07:00:00,1.313,,,25.31,0.436
2004-07-15 08:00:00,12.23,,,20.44,0.48
2004-07-15 09:00:00,26.12,,,18.81,0.645
2004-07-15 10:00:00,9.913,,,7.232,1.167
2004-07-15 11:00:00,,,,,0.977
2004-07-15 12:00:00,27.34,,,10.78,0.741
2004-07-15 13:00:00,29.31,,,10.7,0.701
2004-07-15 14:00:00,,,,9.399,0.803
2004-07-15 15:00:00,,,,7.978,0.786
2004-07-15 16:00:00,13.93,,,15.09,0.574
2004-07-15 17:00:00,16.93,,,7.897,0.806
2004-07-15 18:00:00,12.79,,,12.55,0.68
2004-07-15 19:00:00,13.41,,,15.53,0.625
2004-07-15 20:00:00,7.061,,,18.33,0.591
2004-07-15 21:00:00,6.754,,,16.36,0.699
2004-07-15 22:00:00,22.36,,,23.85,0.455
2004-07-15 23:00:00,25.49,,,23.51,0.512
2004-07-16 00:00:00,14.86,,,26.9,0.322
2004-07-16 01:00:00,21.02,,,33.23,0.261
2004-07-16 02:00:00,11.26,,,35.31,0.22
2004-07-16 03:00:00,1.891,,,35.6,0.248
2004-07-16 04:00:00,11.13,,,35.97,0.263
2004-07-16 05:00:00,19.86,,,37.61,0.309
2004-07-16 06:00:00,8.478,,,37.53,0.312
2004-07-16 07:00:00,15.1,,,29.5,0.278
2004-07-16 08:00:00,21.17,,,15.91,0.472
2004-07-16 09:00:00,7.516,,,14.45,0.509
2004-07-16 10:00:00,19.95,,,16.32,0.49
2004-07-16 11:00:00,18.84,,,20.26,0.469
2004-07-16 12:00:00,1.075,,,26.67,0.454
2004-07-16 13:00:00,4.847,,,25.85,0.398
2004-07-16 14:00:00,22.42,,,25.26,0.471
2004-07-16 15:00:00,26.75,,,22.04,0.536
2004-07-16 16:00:00,7.45,,,30.52,0.323
2004-07-16 17:00:00,10.19,,,29.28,0.305
2004-07-16 18:00:00,22.9,,,20.14,0.544
2004-07-16 19:00:00,13.83,,,13.22,0.69
2004-07-16 20:00:00,13.91,,,19.87,0.438
2004-07-16 21:00:00,17.54,,,21.97,0.473
2004-07-16 22:00:00,19.17,,,18.64,0.428
2004-07-16 23:00:00,16.51,,,14.32,0.587
2004-07-17 00:00:00,4.661,,,8.129,0.85
2004-07-17 01:00:00,15.54,,,6.202,0.786
2004-07-17 02:00:00,13.56,,,2.353,1.072
2004-07-17 03:00:00,13.5,,,2.515,0.818
2004-07-17 04:00:00,18.78,,,4.878,0.747
2004-07-17 05:00:00,10.58,,,5.421,0.625
2004-07-17 06:00:00,9.394,,,14.28,0.447
2004-07-17 07:00:00,9.818,,,20.66,0.305
2004-07-17 08:00:00,3.79,,,8.475,0.619
2004-07-17 09:00:00,3.915,,,12.29,0.652
2004-07-17 10:00:00,22.7,,,18.94,0.46
2004-07-17 11:00:00,24.24,,,25.07,0.458
2004-07-17 12:00:00,12.97,,,24.54,0.5
2004-07-17 13:00:00,9.173,,,28.91,0.465
2004-07-17 14:00:00,3.459,,,29.16,0.432
2004-07-17 15:00:00,13.96,,,29.94,0.37
2004-07-17 16:00:00,11.04,,,29.68,0.436
2004-07-17 17:00:00,,,,30.16,0.381
2004-07-17 18:00:00,5.416,,,26.69,0.403
2004-07-17 19:00:00,5.694,,,14.32,0.475
2004-07-17 20:00:00,21.59,,,4.0,0.634
2004-07-17 21:00:00,29.83,,,1.367,1.038
2004-07-17 22:00:00,39.05,,,1.978,2.166
2004-07-17 23:00:00,80.71,,,2.533,2.613
2004-07-18 00:00:00,87.81,,,2.369,3.307
2004-07-18 01:00:00,94.86,,,2.619,2.828
2004-07-18 02:00:00,100.1,,,2.042,2.736
2004-07-18 03:00:00,63.17,,,0.5,0.797
2004-07-18 04:00:00,35.5,,,2.865,0.618
2004-07-18 05:00:00,17.73,,,9.382,0.36
2004-07-18 06:00:00,2.422,,,18.94,0.226
2004-07-18 07:00:00,1.102,,,17.74,0.189
2004-07-18 08:00:00,7.632,,,5.283,0.493
2004-07-18 09:00:00,13.86,,,5.207,0.514
2004-07-18 10:00:00,20.9,,,14.69,0.381
2004-07-18 11:00:00,22.38,,,22.64,0.245
2004-07-18 12:00:00,7.206,,,33.87,0.228
2004-07-18 13:00:00,,,,33.85,0.19
2004-07-18 14:00:00,2.97,,,32.67,0.217
2004-07-18 15:00:00,3.297,,,34.11,0.179
2004-07-18 16:00:00,0.174,,,30.3,0.216
2004-07-18 17:00:00,7.809,,,30.26,0.203
2004-07-18 18:00:00,12.37,,,26.7,0.233
2004-07-18 19:00:00,7.083,,,22.69,0.23
2004-07-18 20:00:00,8.108,,,21.93,0.294
2004-07-18 21:00:00,20.72,,,22.29,0.29
2004-07-18 22:00:00,17.14,,,25.84,0.2
2004-07-18 23:00:00,8.389,,,25.44,0.224
2004-07-19 00:00:00,7.734,,,26.63,0.241
2004-07-19 01:00:00,8.137,,,30.86,0.364
2004-07-19 02:00:00,8.602,,,33.35,0.266
2004-07-19 03:00:00,,,,33.0,0.287
2004-07-19 04:00:00,3.883,,,34.51,0.312
2004-07-19 05:00:00,4.127,,,36.8,0.317
2004-07-19 06:00:00,,,,36.27,0.255
2004-07-19 07:00:00,7.588,,,32.14,0.228
2004-07-19 08:00:00,8.09,,,23.11,0.377
2004-07-19 09:00:00,6.55,,,20.33,0.419
2004-07-19 10:00:00,13.85,,,24.22,0.368
2004-07-19 11:00:00,11.13,,,24.34,0.382
2004-07-19 12:00:00,16.87,,,25.66,0.389
2004-07-19 13:00:00,4.616,,,26.57,0.387
2004-07-19 14:00:00,9.104,,,27.09,0.399
2004-07-19 15:00:00,9.441,,,25.46,0.455
2004-07-19 16:00:00,0.331,,,23.24,0.453
2004-07-19 17:00:00,12.26,,,22.64,0.442
2004-07-19 18:00:00,22.92,,,17.01,0.424
2004-07-19 19:00:00,4.386,,,15.6,0.494
2004-07-19 20:00:00,6.397,,,17.37,0.462
2004-07-19 21:00:00,15.13,,,22.36,0.375
2004-07-19 22:00:00,9.731,,,25.5,0.407
2004-07-19 23:00:00,12.46,,,26.05,0.33
2004-07-20 00:00:00,13.25,,,27.21,0.401
2004-07-20 01:00:00,0.115,,,29.28,0.438
2004-07-20 02:00:00,,,,31.24,0.449
2004-07-20 03:00:00,5.651,,,30.98,0.451
2004-07-20 04:00:00,10.75,,,30.68,0.455
2004-07-20 05:00:00,1.431,,,30.7,0.47
2004-07-20 06:00:00,4.078,,,27.05,0.426
2004-07-20 07:00:00,13.39,,,19.69,0.377
2004-07-20 08:00:00,10.97,,,12.71,0.547
2004-07-20 09:00:00,5.72,,,14.41,0.632
2004-07-20 10:00:00,14.76,,,15.76,0.588
2004-07-20 11:00:00,9.59,,,23.19,0.568
2004-07-20 12:00:00,2.459,,,25.06,0.524
2004-07-20 13:00:00,1.574,,,26.44,0.565
2004-07-20 14:00:00,2.786,,,27.54,0.521
2004-07-20 15:00:00,6.993,,,27.41,0.544
2004-07-20 16:00:00,13.07,,,26.48,0.532
2004-07-20 17:00:00,6.973,,,25.51,0.563
2004-07-20 18:00:00,10.1,,,23.56,0.516
2004-07-20 19:00:00,8.597,,,21.69,0.566
2004-07-20 20:00:00,15.17,,,18.31,0.557
2004-07-20 21:00:00,3.534,,,21.04,0.543
2004-07-20 22:00:00,9.436,,,23.21,0.51
2004-07-20 23:00:00,6.04,,,24.44,0.494
2004-07-21 00:00:00,4.224,,,24.88,0.469
2004-07-21 01:00:00,7.609,,,27.45,0.451
2004-07-21 02:00:00,2.537,,,28.76,0.381
2004-07-21 03:00:00,2.702,,,28.55,0.381
2004-07-21 04:00:00,4.808,,,26.59,0.43
2004-07-21 05:00:00,3.456,,,29.84,0.49
2004-07-21 06:00:00,6.381,,,29.65,0.427
2004-07-21 07:00:00,0.429,,,21.0,0.423
2004-07-21 08:00:00,5.475,,,6.376,0.667
2004-07-21 09:00:00,10.39,,,7.017,1.002
2004-07-21 10:00:00,18.29,,,10.73,1.046
2004-07-21 11:00:00,50.73,,,17.03,1.132
2004-07-21 12:00:00,29.51,,,23.52,0.466
2004-07-21 13:00:00,0.172,,,27.62,0.453
2004-07-21 14:00:00,5.143,,,24.94,0.486
2004-07-21 15:00:00,5.731,,,25.07,0.463
2004-07-21 16:00:00,2.745,,,25.51,0.441
2004-07-21 17:00:00,3.155,,,23.28,0.438
2004-07-21 18:00:00,7.742,,,18.94,0.518
2004-07-21 19:00:00,9.341,,,15.04,0.532
2004-07-21 20:00:00,11.06,,,15.16,0.57
2004-07-21 21:00:00,23.51,,,17.39,0.539
2004-07-21 22:00:00,13.0,,,19.16,0.47
2004-07-21 23:00:00,,,,18.56,0.498
2004-07-22 00:00:00,,,,18.36,0.412
2004-07-22 01:00:00,,,,17.39,0.276
2004-07-22 02:00:00,,,,20.94,0.213
2004-07-22 03:00:00,,,,21.35,0.242
2004-07-22 04:00:00,8.019,,,12.45,0.232
2004-07-22 05:00:00,9.347,,,15.31,0.228
2004-07-22 06:00:00,,,,4.343,0.424
2004-07-22 07:00:00,,,,0.5,0.802
2004-07-22 08:00:00,10.55,,,0.5,1.588
2004-07-22 09:00:00,23.44,,,0.5,1.681
2004-07-22 10:00:00,31.39,,,5.796,0.637
2004-07-22 11:00:00,21.57,,,14.38,0.354
2004-07-22 12:00:00,0.248,,,21.11,0.29
2004-07-22 13:00:00,,,,22.97,0.295
2004-07-22 14:00:00,,,,24.87,0.259
2004-07-22 15:00:00,,,,25.06,0.266
2004-07-22 16:00:00,,,,23.95,0.317
2004-07-22 17:00:00,9.245,9.174,,18.89,0.324
2004-07-22 18:00:00,14.6,9.225,,18.07,0.334
2004-07-22 19:00:00,12.19,7.392,,10.64,0.364
2004-07-22 20:00:00,16.54,8.808,,9.438,0.355
2004-07-22 21:00:00,14.15,8.917,,9.474,0.482
2004-07-22 22:00:00,15.93,8.994,,6.868,0.449
2004-07-22 23:00:00,20.59,9.208,,3.992,0.469
2004-07-23 00:00:00,11.45,9.42,,3.736,0.512
2004-07-23 01:00:00,3.584,3.6,,10.05,0.698
2004-07-23 02:00:00,5.383,1.863,,17.35,0.665
2004-07-23 03:00:00,2.317,3.631,,18.77,0.54
2004-07-23 04:00:00,7.544,3.454,,16.63,0.505
2004-07-23 05:00:00,8.793,2.731,,6.147,0.601
2004-07-23 06:00:00,7.997,3.578,,2.495,0.555
2004-07-23 07:00:00,9.341,6.004,,0.5,0.897
2004-07-23 08:00:00,13.64,12.65,,0.5,2.214
2004-07-23 09:00:00,36.51,23.22,,0.5,2.438
2004-07-23 10:00:00,33.75,15.93,,7.507,0.885
2004-07-23 11:00:00,15.17,16.56,,11.64,0.682
2004-07-23 12:00:00,4.895,12.56,,16.68,0.65
2004-07-23 13:00:00,10.67,9.201,,21.2,0.627
2004-07-23 14:00:00,11.71,6.506,,22.18,0.669
2004-07-23 15:00:00,,4.937,,24.0,0.712
2004-07-23 16:00:00,,6.602,,25.38,0.629
2004-07-23 17:00:00,8.351,8.643,,23.38,0.655
2004-07-23 18:00:00,27.92,7.175,,13.73,0.751
2004-07-23 19:00:00,27.21,5.854,,8.211,0.788
2004-07-23 20:00:00,17.3,6.04,,8.393,0.797
2004-07-23 21:00:00,16.55,6.392,,5.457,0.861
2004-07-23 22:00:00,17.44,7.213,,2.702,0.929
2004-07-23 23:00:00,22.33,6.259,,4.063,0.979
2004-07-24 00:00:00,14.24,4.308,,6.212,0.842
2004-07-24 01:00:00,18.26,1.833,,8.608,0.654
2004-07-24 02:00:00,24.69,1.497,,11.91,0.541
2004-07-24 03:00:00,18.02,0.65,,9.74,0.618
2004-07-24 04:00:00,11.77,0.65,,5.418,0.662
2004-07-24 05:00:00,8.162,2.096,,0.5,1.126
2004-07-24 06:00:00,16.85,7.565,,4.965,0.656
2004-07-24 07:00:00,15.18,5.223,,6.169,0.497
2004-07-24 08:00:00,14.38,14.72,,0.5,1.308
2004-07-24 09:00:00,33.38,22.75,,1.151,2.071
2004-07-24 10:00:00,28.32,12.14,,8.724,0.904
2004-07-24 11:00:00,17.17,14.4,,10.79,0.878
2004-07-24 12:00:00,10.48,6.759,,18.56,0.714
2004-07-24 13:00:00,18.4,5.129,,21.87,0.724
2004-07-24 14:00:00,17.76,3.364,,23.85,0.844
2004-07-24 15:00:00,,6.281,,28.87,0.83
2004-07-24 16:00:00,11.34,4.092,,29.51,0.779
2004-07-24 17:00:00,20.32,8.263,,16.73,1.032
2004-07-24 18:00:00,18.38,10.42,,4.746,1.461
2004-07-24 19:00:00,28.98,3.57,,17.15,0.862
2004-07-24 20:00:00,39.81,1.544,,11.83,0.685
2004-07-24 21:00:00,23.48,1.357,,13.3,0.638
2004-07-24 22:00:00,7.507,0.65,,11.31,0.576
2004-07-24 23:00:00,15.97,1.593,,3.15,0.91
2004-07-25 00:00:00,25.89,0.65,,10.98,0.62
2004-07-25 01:00:00,24.95,2.46,,3.297,0.717
2004-07-25 02:00:00,20.64,3.814,,0.5,1.047
2004-07-25 03:00:00,18.18,4.986,,0.5,1.196
2004-07-25 04:00:00,16.62,4.608,,0.5,1.048
2004-07-25 05:00:00,17.9,3.599,,0.5,1.112
2004-07-25 06:00:00,18.24,5.449,,0.5,0.898
2004-07-25 07:00:00,27.13,5.126,,0.5,0.995
2004-07-25 08:00:00,16.83,5.339,,0.5,1.03
2004-07-25 09:00:00,25.06,9.94,,0.5,1.1
2004-07-25 10:00:00,24.18,21.29,,7.304,0.535
2004-07-25 11:00:00,21.12,17.35,,14.11,0.398
2004-07-25 12:00:00,21.1,16.36,,17.38,0.508
2004-07-25 13:00:00,9.9,11.29,,21.54,0.495
2004-07-25 14:00:00,12.98,7.818,,31.48,0.507
2004-07-25 15:00:00,25.09,7.239,,42.56,0.438
2004-07-25 16:00:00,30.61,3.005,,53.01,0.505
2004-07-25 17:00:00,27.38,8.318,,44.17,0.558
2004-07-25 18:00:00,20.3,3.05,,27.16,0.466
2004-07-25 19:00:00,16.47,2.952,,9.179,0.571
2004-07-25 20:00:00,25.91,1.758,,13.6,0.497
2004-07-25 21:00:00,32.08,2.794,,3.351,0.672
2004-07-25 22:00:00,29.74,4.986,,0.5,0.879
2004-07-25 23:00:00,35.96,3.999,,0.5,0.87
2004-07-26 00:00:00,38.99,5.08,,0.5,1.187
2004-07-26 01:00:00,28.25,10.18,,0.5,1.516
2004-07-26 02:00:00,32.57,9.985,,0.5,1.374
2004-07-26 03:00:00,17.63,10.63,,0.5,0.893
2004-07-26 04:00:00,7.108,8.599,,0.5,0.887
2004-07-26 05:00:00,12.72,9.726,,0.5,0.722
2004-07-26 06:00:00,12.01,8.448,,0.5,0.668
2004-07-26 07:00:00,21.77,9.251,,0.5,0.889
2004-07-26 08:00:00,31.93,13.05,,0.5,2.081
2004-07-26 09:00:00,48.78,21.41,,0.5,3.39
2004-07-26 10:00:00,62.77,21.09,,0.5,1.467
2004-07-26 11:00:00,43.49,32.48,,2.241,1.419
2004-07-26 12:00:00,26.03,26.63,,6.597,1.018
2004-07-26 13:00:00,14.0,22.44,,12.84,0.865
2004-07-26 14:00:00,15.2,21.06,,20.73,0.877
2004-07-26 15:00:00,8.256,24.95,,11.14,1.116
2004-07-26 16:00:00,14.65,31.55,,14.63,1.081
2004-07-26 17:00:00,31.73,31.59,,10.27,1.13
2004-07-26 18:00:00,20.7,27.0,,1.407,1.45
2004-07-26 19:00:00,28.92,35.97,,0.5,3.812
2004-07-26 20:00:00,64.56,35.77,,0.5,2.724
2004-07-26 21:00:00,62.48,27.48,,0.5,1.754
2004-07-26 22:00:00,47.0,23.76,,0.5,1.815
2004-07-26 23:00:00,41.84,21.69,,0.5,1.4
2004-07-27 00:00:00,46.23,14.63,,0.5,1.573
2004-07-27 01:00:00,37.37,5.132,,0.5,1.654
2004-07-27 02:00:00,37.2,3.446,,0.5,1.672
2004-07-27 03:00:00,29.2,3.342,,0.5,1.56
2004-07-27 04:00:00,25.25,1.808,,0.5,1.352
2004-07-27 05:00:00,34.79,1.815,,0.5,0.95
2004-07-27 06:00:00,29.29,0.65,,1.85,0.597
2004-07-27 07:00:00,33.37,0.65,,0.5,0.689
2004-07-27 08:00:00,21.45,0.65,,0.5,0.947
2004-07-27 09:00:00,33.2,1.993,,0.5,1.894
2004-07-27 10:00:00,72.89,6.347,,0.5,1.777
2004-07-27 11:00:00,71.39,16.08,,0.5,1.98
2004-07-27 12:00:00,58.69,20.96,,2.701,1.84
2004-07-27 13:00:00,45.54,19.19,,6.068,1.431
2004-07-27 14:00:00,41.07,15.76,,8.992,1.355
2004-07-27 15:00:00,38.54,12.79,,7.874,1.56
2004-07-27 16:00:00,37.46,12.31,,15.83,1.155
2004-07-27 17:00:00,32.7,6.093,,20.93,0.641
2004-07-27 18:00:00,27.7,2.675,,17.76,0.612
2004-07-27 19:00:00,34.1,0.65,,13.11,0.631
2004-07-27 20:00:00,20.98,1.924,,8.524,0.631
2004-07-27 21:00:00,17.71,5.401,,9.219,0.637
2004-07-27 22:00:00,33.16,7.068,,8.136,0.594
2004-07-27 23:00:00,35.49,3.551,,6.457,0.67
2004-07-28 00:00:00,39.73,4.975,,0.5,0.796
2004-07-28 01:00:00,24.83,10.64,,0.5,0.971
2004-07-28 02:00:00,19.34,10.71,,0.5,0.856
2004-07-28 03:00:00,33.02,9.143,,0.5,0.807
2004-07-28 04:00:00,30.35,7.693,,0.5,0.354
2004-07-28 05:00:00,18.34,8.869,,0.5,0.308
2004-07-28 06:00:00,21.87,9.35,,0.5,0.409
2004-07-28 07:00:00,34.04,8.889,,0.5,0.593
2004-07-28 08:00:00,23.6,11.59,,0.5,1.039
2004-07-28 09:00:00,40.52,15.09,,0.5,2.589
2004-07-28 10:00:00,77.12,32.59,,0.5,2.137
2004-07-28 11:00:00,60.81,24.3,,9.812,0.377
2004-07-28 12:00:00,23.0,12.52,,17.21,0.215
2004-07-28 13:00:00,20.22,7.406,,25.25,0.267
2004-07-28 14:00:00,16.04,11.64,,21.52,0.587
2004-07-28 15:00:00,24.81,22.53,,11.69,0.955
2004-07-28 16:00:00,35.38,23.62,,14.53,0.945
2004-07-28 17:00:00,39.27,23.59,,12.64,0.975
2004-07-28 18:00:00,44.93,12.68,,8.705,0.551
2004-07-28 19:00:00,40.57,12.83,,1.161,0.731
2004-07-28 20:00:00,47.49,11.23,,1.475,0.559
2004-07-28 21:00:00,34.06,9.625,,2.472,0.724
2004-07-28 22:00:00,34.61,7.531,,7.738,0.296
2004-07-28 23:00:00,31.14,6.878,,6.204,0.292
2004-07-29 00:00:00,13.04,4.385,,2.615,0.342
2004-07-29 01:00:00,17.95,1.894,,0.5,0.624
2004-07-29 02:00:00,38.19,1.93,,0.5,0.92
2004-07-29 03:00:00,30.59,1.561,,0.5,0.699
2004-07-29 04:00:00,26.52,1.532,,0.5,0.816
2004-07-29 05:00:00,29.15,1.349,,0.5,0.791
2004-07-29 06:00:00,24.46,0.65,,0.5,0.852
2004-07-29 07:00:00,27.12,2.272,,0.5,0.993
2004-07-29 08:00:00,38.32,8.047,,0.5,1.797
2004-07-29 09:00:00,51.1,19.15,,0.5,3.321
2004-07-29 10:00:00,63.41,31.61,,1.248,1.67
2004-07-29 12:00:00,35.47,25.45,,4.268,1.129
2004-07-29 13:00:00,50.6,7.715,,9.145,0.65
2004-07-29 14:00:00,42.92,10.91,,3.822,0.933
2004-07-29 15:00:00,42.81,17.05,,6.667,0.85
2004-07-29 16:00:00,26.63,13.01,,4.235,1.132
2004-07-29 17:00:00,40.95,12.76,,2.24,1.267
2004-07-29 18:00:00,54.29,13.6,,1.097,1.546
2004-07-29 19:00:00,45.58,12.41,,1.949,1.203
2004-07-29 20:00:00,54.6,3.41,,9.108,0.496
2004-07-29 21:00:00,30.31,1.533,,15.81,0.454
2004-07-29 22:00:00,32.66,1.33,,8.373,0.769
2004-07-29 23:00:00,27.89,0.65,,8.831,0.526
2004-07-30 00:00:00,14.01,2.745,,2.437,0.791
2004-07-30 01:00:00,34.74,4.179,,2.827,0.838
2004-07-30 02:00:00,20.11,3.254,,5.392,0.445
2004-07-30 03:00:00,1.278,2.644,,6.421,0.423
2004-07-30 04:00:00,1.078,2.657,,8.521,0.316
2004-07-30 05:00:00,,3.562,,11.56,0.321
2004-07-30 06:00:00,,3.042,,15.34,0.27
2004-07-30 07:00:00,,2.451,,13.64,0.305
2004-07-30 08:00:00,,3.281,,10.56,0.357
2004-07-30 09:00:00,,4.263,,8.453,0.489
2004-07-30 10:00:00,,4.201,,10.75,0.418
2004-07-30 11:00:00,,6.392,,9.771,0.535
2004-07-30 12:00:00,,6.022,,9.44,0.592
2004-07-30 13:00:00,,9.407,,6.946,0.661
2004-07-30 14:00:00,,11.99,,3.436,1.045
2004-07-30 15:00:00,,9.719,,4.368,0.955
2004-07-30 16:00:00,7.952,12.68,,3.692,1.061
2004-07-31 17:00:00,11.13,10.35,,5.188,0.791
2004-07-31 18:00:00,10.11,12.1,,1.994,1.269
2004-07-31 19:00:00,26.03,16.23,,0.5,1.616
2004-07-31 20:00:00,20.64,15.3,,0.5,1.861
2004-07-31 21:00:00,20.67,13.51,,0.5,1.731
2004-07-31 22:00:00,22.97,16.61,,1.418,2.413
2004-07-31 23:00:00,46.14,20.14,,1.778,4.233
2004-08-01 00:00:00,99.16,14.55,,2.397,3.048
2004-08-01 01:00:00,85.18,0.65,,1.782,2.623
2004-08-01 02:00:00,42.08,0.65,,0.5,1.574
2004-08-01 03:00:00,33.0,0.65,,0.5,1.262
2004-08-01 04:00:00,19.45,0.65,,0.5,1.212
2004-08-01 05:00:00,3.073,0.65,,0.5,1.039
2004-08-01 06:00:00,13.89,0.65,,0.5,0.688
2004-08-01 07:00:00,11.24,0.65,,0.5,0.511
2004-08-01 08:00:00,10.66,0.65,,1.287,0.688
2004-08-01 09:00:00,15.44,0.65,,1.058,0.719
2004-08-01 10:00:00,17.09,0.65,,2.982,0.323
2004-08-01 11:00:00,9.863,0.65,,4.794,0.451
2004-08-01 12:00:00,0.682,4.439,,4.469,0.621
2004-08-01 13:00:00,20.55,0.65,,5.038,0.861
2004-08-01 14:00:00,16.73,0.65,,5.938,0.615
2004-08-01 15:00:00,7.078,0.65,,7.186,0.626
2004-08-01 16:00:00,19.74,0.65,,8.901,0.659
2004-08-01 17:00:00,11.51,0.65,,3.275,0.959
2004-08-01 18:00:00,13.17,0.65,,1.198,0.707
2004-08-01 19:00:00,19.95,0.65,,0.5,0.753
2004-08-01 20:00:00,22.73,0.65,,0.5,1.041
2004-08-01 21:00:00,24.4,0.65,,1.446,1.709
2004-08-01 22:00:00,49.3,0.65,,2.054,2.694
2004-08-01 23:00:00,77.07,0.65,,2.242,3.12
2004-08-02 00:00:00,75.95,1.717,,1.937,3.494
2004-08-02 01:00:00,63.94,3.734,,1.0,2.82
2004-08-02 02:00:00,56.94,4.106,,0.5,2.472
2004-08-02 03:00:00,52.9,2.225,,0.5,1.501
2004-08-02 04:00:00,30.64,0.65,,0.5,1.16
2004-08-02 05:00:00,11.57,0.65,,0.5,0.883
2004-08-02 06:00:00,22.24,0.65,,0.5,1.09
2004-08-02 07:00:00,28.52,0.65,,0.5,1.568
2004-08-02 08:00:00,31.36,0.65,,0.5,2.139
2004-08-02 09:00:00,47.09,1.719,,0.5,3.17
2004-08-02 10:00:00,52.13,2.582,,0.5,3.246
2004-08-02 11:00:00,64.32,6.143,,0.5,2.296
2004-08-02 12:00:00,60.8,18.26,,1.949,1.601
2004-08-02 13:00:00,51.36,15.37,,4.15,1.642
2004-08-02 14:00:00,38.65,14.46,,7.499,1.769
2004-08-02 15:00:00,37.49,11.96,,9.361,1.597
2004-08-02 16:00:00,31.85,0.65,,21.01,0.398
2004-08-02 17:00:00,12.03,0.65,,19.23,0.419
2004-08-02 18:00:00,8.206,0.65,,13.78,0.438
2004-08-02 19:00:00,6.154,0.65,,11.06,0.511
2004-08-02 20:00:00,11.32,0.65,,11.45,0.417
2004-08-02 21:00:00,10.68,0.65,,9.899,0.474
2004-08-02 22:00:00,2.103,0.65,,13.97,0.382
2004-08-02 23:00:00,8.445,0.65,,6.557,0.451
2004-08-03 00:00:00,7.879,1.47,,4.058,0.456
2004-08-03 01:00:00,5.728,4.372,,1.762,0.63
2004-08-03 02:00:00,16.11,3.579,,2.736,0.499
2004-08-03 03:00:00,19.74,4.103,,0.5,0.809
2004-08-03 04:00:00,11.33,2.665,,0.5,0.574
2004-08-03 05:00:00,2.65,3.441,,0.5,0.672
2004-08-03 06:00:00,16.06,3.346,,0.5,0.514
2004-08-03 07:00:00,39.88,5.361,,0.5,1.028
2004-08-03 08:00:00,22.1,10.27,,0.5,2.088
2004-08-03 09:00:00,15.4,10.46,,0.5,2.808
2004-08-03 10:00:00,46.9,22.1,,0.5,3.662
2004-08-03 11:00:00,59.01,28.1,,3.376,1.221
2004-08-03 12:00:00,28.99,12.98,,10.27,0.74
2004-08-03 13:00:00,2.885,8.499,,12.97,0.676
2004-08-03 14:00:00,17.83,9.479,,12.96,0.662
2004-08-03 15:00:00,23.17,9.546,,15.04,0.672
2004-08-03 16:00:00,16.35,10.79,,14.78,0.678
2004-08-03 17:00:00,34.97,18.0,,9.469,0.703
2004-08-03 18:00:00,37.52,19.22,,8.337,0.736
2004-08-03 19:00:00,35.41,20.67,,1.901,0.96
2004-08-03 20:00:00,45.34,19.6,,0.5,1.129
2004-08-03 21:00:00,46.69,19.83,,0.5,1.819
2004-08-03 22:00:00,54.29,21.5,,0.5,1.815
2004-08-03 23:00:00,44.85,18.41,,0.5,1.839
2004-08-04 00:00:00,31.66,23.92,,0.5,2.665
2004-08-04 01:00:00,45.15,22.4,,0.5,2.016
2004-08-04 02:00:00,45.54,19.87,,0.5,1.522
2004-08-04 03:00:00,47.68,21.3,,0.5,1.96
2004-08-04 04:00:00,57.28,20.38,,0.5,1.753
2004-08-04 05:00:00,43.74,19.29,,0.5,1.114
2004-08-04 06:00:00,23.79,15.04,,0.5,0.702
2004-08-04 07:00:00,17.48,16.54,,0.5,0.913
2004-08-04 08:00:00,27.66,20.52,,0.5,1.839
2004-08-04 09:00:00,62.01,37.2,,0.5,4.976
2004-08-04 10:00:00,97.83,55.68,,0.5,3.836
2004-08-04 11:00:00,75.5,79.52,,1.133,1.905
2004-08-04 12:00:00,51.33,68.98,,4.123,1.543
2004-08-04 13:00:00,50.24,50.2,,13.36,1.096
2004-08-04 14:00:00,58.66,27.36,,25.78,0.785
2004-08-04 15:00:00,53.83,29.06,,18.81,1.116
2004-08-04 16:00:00,43.31,21.48,,35.69,0.568
2004-08-04 17:00:00,43.48,19.65,,13.56,0.741
2004-08-04 18:00:00,57.25,23.78,,1.832,1.027
2004-08-04 19:00:00,46.48,23.64,,0.5,1.382
2004-08-04 20:00:00,47.28,26.49,,0.5,2.364
2004-08-04 21:00:00,62.73,29.26,,0.5,2.51
2004-08-04 22:00:00,80.4,30.92,,0.5,3.054
2004-08-04 23:00:00,84.88,35.1,,0.5,3.639
2004-08-05 00:00:00,84.92,26.63,,0.5,3.709
2004-08-05 01:00:00,71.75,12.33,,0.5,3.866
2004-08-05 02:00:00,64.09,10.29,,0.5,3.441
2004-08-05 03:00:00,57.38,8.782,,0.5,2.295
2004-08-05 04:00:00,35.76,6.32,,0.5,1.739
2004-08-05 05:00:00,38.09,3.919,,8.688,0.741
2004-08-05 06:00:00,35.7,1.45,,14.68,0.539
2004-08-05 07:00:00,21.24,0.65,,12.86,0.508
2004-08-05 08:00:00,11.18,1.699,,3.915,0.86
2004-08-05 09:00:00,28.82,23.59,,0.5,2.145
2004-08-05 10:00:00,52.87,36.0,,0.5,2.666
2004-08-05 11:00:00,66.45,14.53,,5.515,1.22
2004-08-05 12:00:00,44.45,9.68,,7.353,1.23
2004-08-05 13:00:00,42.13,7.457,,9.883,1.044
2004-08-05 14:00:00,40.0,3.595,,13.79,0.969
2004-08-05 15:00:00,28.06,2.607,,15.29,0.915
2004-08-05 16:00:00,29.45,5.275,,7.349,1.471
2004-08-05 17:00:00,34.79,13.06,,1.472,2.087
2004-08-05 18:00:00,59.82,13.69,,0.5,2.986
2004-08-05 19:00:00,78.07,32.45,,0.5,6.667
2004-08-05 20:00:00,87.42,47.86,,0.5,9.842
2004-08-05 21:00:00,123.2,55.33,,0.5,9.824
2004-08-05 22:00:00,164.3,57.86,,0.5,10.89
2004-08-05 23:00:00,157.8,51.91,,0.5,7.125
2004-08-06 00:00:00,121.3,39.94,,0.5,6.479
2004-08-06 01:00:00,136.8,23.13,,0.5,6.757
2004-08-06 02:00:00,147.4,20.5,,0.5,6.346
2004-08-06 03:00:00,111.5,14.74,,1.098,4.132
2004-08-06 04:00:00,78.21,0.65,,10.25,0.464
2004-08-06 05:00:00,36.63,0.65,,13.93,0.483
2004-08-06 06:00:00,5.351,0.65,,16.27,0.528
2004-08-06 07:00:00,9.528,0.65,,13.41,0.509
2004-08-06 08:00:00,7.983,0.65,,8.876,0.602
2004-08-06 09:00:00,7.972,0.65,,15.14,0.581
2004-08-06 10:00:00,6.717,0.65,,12.08,0.743
2004-08-06 11:00:00,6.713,0.65,,11.92,0.761
2004-08-06 12:00:00,5.617,0.65,,14.59,0.643
2004-08-06 13:00:00,8.109,0.65,,16.72,0.593
2004-08-06 14:00:00,6.84,0.65,,11.58,0.872
2004-08-06 15:00:00,,0.65,,12.54,0.682
2004-08-06 16:00:00,2.242,0.65,,9.483,0.843
2004-08-06 17:00:00,1.902,0.65,,9.317,0.849
2004-08-06 18:00:00,10.65,0.65,,8.087,0.958
2004-08-06 19:00:00,16.25,0.65,,7.601,1.056
2004-08-06 20:00:00,6.169,0.65,,8.654,1.178
2004-08-06 21:00:00,3.299,0.65,,9.699,0.845
2004-08-06 22:00:00,7.244,0.65,,12.36,0.712
2004-08-06 23:00:00,10.28,0.65,,11.43,0.809
2004-08-07 00:00:00,5.521,1.652,,13.53,0.607
2004-08-07 01:00:00,,2.612,,16.11,0.353
2004-08-07 02:00:00,4.144,1.666,,22.61,0.348
2004-08-07 03:00:00,5.334,0.65,,24.7,0.297
2004-08-07 04:00:00,1.549,0.65,,25.32,0.251
2004-08-07 05:00:00,7.025,0.65,,25.25,0.283
2004-08-07 06:00:00,9.777,0.65,,22.27,0.303
2004-08-07 07:00:00,3.259,2.376,,19.63,0.229
2004-08-07 08:00:00,8.087,2.542,,13.51,0.372
2004-08-07 09:00:00,15.28,0.65,,11.74,0.442
2004-08-07 10:00:00,8.19,0.65,,15.18,0.435
2004-08-07 11:00:00,3.547,1.467,,14.64,0.378
2004-08-07 12:00:00,2.243,0.65,,13.81,0.62
2004-08-07 13:00:00,8.845,0.65,,10.67,0.906
2004-08-07 14:00:00,12.4,0.65,,13.21,0.556
2004-08-07 15:00:00,4.179,0.65,,18.73,0.412
2004-08-07 16:00:00,0.74,0.65,,18.38,0.438
2004-08-07 17:00:00,11.44,0.65,,14.82,0.432
2004-08-07 18:00:00,11.84,0.65,,12.12,0.546
2004-08-07 19:00:00,5.132,0.65,,16.13,0.403
2004-08-07 20:00:00,16.28,0.65,,13.24,0.472
2004-08-07 21:00:00,11.69,0.65,,7.781,0.598
2004-08-07 22:00:00,6.283,0.65,,11.28,0.539
2004-08-07 23:00:00,9.512,0.65,,7.686,0.589
2004-08-08 00:00:00,10.39,3.893,,8.747,0.663
2004-08-08 01:00:00,7.814,12.79,,8.644,0.859
2004-08-08 02:00:00,14.44,5.231,,11.63,0.801
2004-08-08 03:00:00,10.65,1.456,,9.46,0.803
2004-08-08 04:00:00,0.482,0.65,,10.64,0.732
2004-08-08 05:00:00,9.286,0.65,,11.05,0.743
2004-08-08 06:00:00,17.14,0.65,,11.15,0.733
2004-08-08 07:00:00,8.095,0.65,,11.34,0.699
2004-08-08 08:00:00,,0.65,,9.66,0.888
2004-08-08 09:00:00,21.09,0.65,,15.67,1.014
2004-08-08 10:00:00,17.79,0.65,,18.09,0.667
2004-08-08 11:00:00,4.317,5.525,,18.99,0.578
2004-08-08 12:00:00,3.646,12.97,,18.31,0.703
2004-08-08 13:00:00,,9.739,,21.43,0.689
2004-08-08 14:00:00,6.962,4.55,,24.99,0.634
2004-08-08 15:00:00,5.858,0.65,,26.51,0.532
2004-08-08 16:00:00,5.884,0.65,,21.83,0.712
2004-08-08 17:00:00,11.44,6.483,,19.36,0.857
2004-08-08 18:00:00,5.442,2.743,,21.69,0.651
2004-08-08 19:00:00,,3.971,,6.307,0.87
2004-08-08 20:00:00,12.83,3.878,,3.544,0.923
2004-08-08 21:00:00,34.67,3.464,,0.5,1.09
2004-08-08 22:00:00,20.13,2.418,,8.546,0.81
2004-08-08 23:00:00,9.058,4.252,,2.531,1.341
2004-08-09 00:00:00,15.32,4.946,,0.5,1.964
2004-08-09 01:00:00,31.4,5.853,,0.5,1.928
2004-08-09 02:00:00,46.67,2.537,,0.5,1.284
2004-08-09 03:00:00,28.83,2.138,,0.5,1.186
2004-08-09 04:00:00,26.48,0.65,,0.5,0.9
2004-08-09 05:00:00,28.75,0.65,,0.5,1.082
2004-08-09 06:00:00,15.81,0.65,,0.5,1.057
2004-08-09 07:00:00,32.66,1.792,,0.5,1.208
2004-08-09 08:00:00,40.73,7.951,,0.5,1.986
2004-08-09 09:00:00,35.28,21.24,,0.5,2.327
2004-08-09 10:00:00,54.91,33.16,,0.5,2.466
2004-08-09 11:00:00,74.43,51.03,,0.5,2.069
2004-08-09 12:00:00,53.27,51.66,,2.765,1.518
2004-08-09 13:00:00,47.64,35.84,,6.808,1.445
2004-08-09 14:00:00,42.88,10.52,,23.78,0.569
2004-08-09 15:00:00,14.34,5.64,,25.75,0.47
2004-08-09 16:00:00,6.203,4.725,,24.75,0.542
2004-08-09 17:00:00,5.143,4.983,,23.25,0.526
2004-08-09 18:00:00,9.909,5.367,,20.77,0.525
2004-08-09 19:00:00,14.1,6.1,,14.57,0.58
2004-08-09 20:00:00,13.1,8.039,,15.77,0.567
2004-08-09 21:00:00,11.41,7.344,,16.31,0.527
2004-08-09 22:00:00,8.331,7.496,,15.46,0.506
2004-08-09 23:00:00,10.6,9.744,,9.444,0.519
2004-08-10 00:00:00,5.995,6.817,,8.075,0.531
2004-08-10 01:00:00,8.836,5.496,,14.16,0.48
2004-08-10 02:00:00,7.434,2.864,,17.44,0.463
2004-08-10 03:00:00,1.835,4.439,,12.75,0.5
2004-08-10 04:00:00,4.838,4.56,,6.833,0.553
2004-08-10 05:00:00,6.232,4.401,,2.732,0.554
2004-08-10 06:00:00,8.234,4.543,,0.5,0.594
2004-08-10 07:00:00,15.55,4.471,,0.5,0.844
2004-08-10 08:00:00,23.52,8.385,,0.5,1.586
2004-08-10 09:00:00,26.83,17.51,,0.5,3.065
2004-08-10 10:00:00,40.12,35.58,,0.5,2.746
2004-08-10 11:00:00,58.26,34.04,,4.831,1.259
2004-08-10 12:00:00,36.85,21.49,,14.98,0.785
2004-08-10 13:00:00,7.553,16.12,,17.7,0.98
2004-08-10 14:00:00,21.06,15.24,,20.25,1.002
2004-08-10 15:00:00,21.3,20.92,,12.06,1.292
2004-08-10 16:00:00,22.04,18.88,,16.32,1.218
2004-08-10 17:00:00,36.59,23.03,,16.74,1.39
2004-08-10 18:00:00,34.92,26.09,,3.05,2.023
2004-08-10 19:00:00,37.78,31.93,,0.5,3.446
2004-08-10 20:00:00,40.42,35.68,,0.5,4.523
2004-08-10 21:00:00,62.19,28.86,,0.5,1.733
2004-08-10 22:00:00,63.83,19.55,,0.5,1.286
2004-08-10 23:00:00,34.8,19.72,,0.5,2.184
2004-08-11 00:00:00,31.63,18.21,,0.5,2.592
2004-08-11 01:00:00,50.14,4.096,,0.5,2.346
2004-08-11 02:00:00,51.69,6.318,,0.5,1.988
2004-08-11 03:00:00,43.21,1.748,,0.5,1.391
2004-08-11 04:00:00,33.87,0.65,,0.5,1.264
2004-08-11 05:00:00,39.87,0.65,,0.5,0.766
2004-08-11 06:00:00,23.41,0.65,,0.5,0.482
2004-08-11 07:00:00,6.764,0.65,,6.654,0.329
2004-08-11 08:00:00,30.02,0.65,,3.877,0.528
2004-08-11 09:00:00,28.37,0.65,,3.11,0.78
2004-08-11 10:00:00,21.63,0.65,,12.37,0.446
2004-08-11 11:00:00,12.77,0.65,,21.37,0.257
2004-08-11 12:00:00,,0.65,,21.86,0.318
2004-08-11 13:00:00,10.67,0.65,,22.82,0.337
2004-08-11 14:00:00,9.079,0.65,,23.68,0.388
2004-08-11 15:00:00,1.021,0.65,,23.42,0.329
2004-08-11 16:00:00,4.192,0.65,,26.59,0.296
2004-08-11 17:00:00,22.87,0.65,,22.77,0.393
2004-08-11 18:00:00,30.73,0.65,,14.28,0.432
2004-08-11 19:00:00,17.71,0.65,,6.475,0.539
2004-08-11 20:00:00,24.61,0.65,,5.564,0.508
2004-08-11 21:00:00,30.48,0.65,,9.425,0.455
2004-08-11 22:00:00,17.07,0.65,,13.41,0.368
2004-08-11 23:00:00,13.39,0.65,,19.9,0.315
2004-08-12 00:00:00,20.36,0.65,,21.7,0.309
2004-08-12 01:00:00,20.08,0.65,,24.55,0.402
2004-08-12 02:00:00,7.89,1.527,,27.27,0.354
2004-08-12 03:00:00,,0.65,,27.6,0.363
2004-08-12 04:00:00,1.215,2.488,,24.29,0.371
2004-08-12 05:00:00,4.496,2.054,,23.33,0.314
2004-08-12 06:00:00,7.445,3.25,,26.85,0.319
2004-08-12 07:00:00,6.752,3.026,,18.57,0.379
2004-08-12 08:00:00,10.22,4.936,,3.793,0.625
2004-08-12 09:00:00,21.86,6.46,,4.907,0.836
2004-08-12 10:00:00,24.48,5.535,,11.38,0.67
2004-08-12 11:00:00,19.21,8.072,,16.09,0.525
2004-08-12 12:00:00,20.6,9.715,,21.97,0.496
2004-08-12 13:00:00,11.69,9.664,,25.4,0.386
2004-08-12 14:00:00,10.16,7.889,,26.23,0.37
2004-08-12 15:00:00,7.282,9.946,,25.52,0.327
2004-08-12 16:00:00,15.25,15.58,,24.44,0.42
2004-08-12 17:00:00,27.28,15.53,,25.09,0.384
2004-08-12 18:00:00,22.04,11.83,,18.7,0.402
2004-08-12 19:00:00,22.11,10.66,,12.82,0.496
2004-08-12 20:00:00,25.8,11.97,,5.811,0.62
2004-08-12 21:00:00,26.27,10.3,,6.561,0.555
2004-08-12 22:00:00,36.06,9.823,,10.7,0.456
2004-08-12 23:00:00,26.36,8.816,,11.19,0.543
2004-08-13 00:00:00,14.66,9.425,,8.211,0.67
2004-08-13 01:00:00,20.64,8.568,,10.63,0.643
2004-08-13 02:00:00,27.3,8.472,,15.14,0.544
2004-08-13 03:00:00,18.13,7.642,,14.17,0.58
2004-08-13 04:00:00,19.52,9.965,,3.256,0.63
2004-08-13 05:00:00,34.1,10.68,,0.5,0.9
2004-08-13 06:00:00,24.88,10.31,,0.5,0.72
2004-08-13 07:00:00,21.48,12.05,,0.5,0.805
2004-08-13 08:00:00,32.93,23.09,,0.5,2.104
2004-08-13 09:00:00,58.24,40.77,,0.5,2.566
2004-08-13 10:00:00,66.08,70.24,,2.449,1.57
2004-08-13 11:00:00,50.49,42.63,,6.993,1.168
2004-08-13 12:00:00,30.2,20.56,,17.27,0.808
2004-08-13 13:00:00,17.01,16.1,,25.5,0.817
2004-08-13 14:00:00,21.82,17.4,,32.48,0.728
2004-08-13 15:00:00,33.12,7.785,,37.58,0.679
2004-08-13 16:00:00,23.31,10.5,,27.33,1.033
2004-08-13 17:00:00,21.51,16.5,,12.97,1.57
2004-08-13 18:00:00,37.9,10.29,,14.46,0.732
2004-08-13 19:00:00,24.62,14.22,,1.024,1.005
2004-08-13 20:00:00,47.73,14.55,,1.95,1.182
2004-08-13 21:00:00,37.91,10.13,,5.623,0.852
2004-08-13 22:00:00,29.02,11.65,,2.258,0.906
2004-08-13 23:00:00,37.61,10.94,,1.872,0.969
2004-08-14 00:00:00,11.77,8.806,,0.5,0.878
2004-08-14 01:00:00,30.15,0.65,,0.5,0.881
2004-08-14 02:00:00,50.47,1.726,,0.5,1.725
2004-08-14 03:00:00,36.08,2.508,,0.5,1.405
2004-08-14 04:00:00,36.44,2.239,,0.5,1.469
2004-08-14 05:00:00,35.22,1.548,,0.5,1.239
2004-08-14 06:00:00,17.91,1.644,,0.5,1.114
2004-08-14 07:00:00,21.53,2.006,,0.5,0.854
2004-08-14 08:00:00,14.57,1.916,,0.5,1.329
2004-08-14 09:00:00,41.12,11.61,,0.5,1.758
2004-08-14 10:00:00,55.92,10.79,,2.971,1.049
2004-08-14 11:00:00,33.04,3.919,,16.14,1.001
2004-08-14 12:00:00,12.87,0.65,,22.37,0.508
2004-08-14 13:00:00,,0.65,,24.46,0.625
2004-08-14 14:00:00,6.067,0.65,,32.35,0.404
2004-08-14 15:00:00,10.7,0.65,,31.12,0.365
2004-08-14 16:00:00,10.96,0.65,,28.3,0.388
2004-08-14 17:00:00,26.24,0.65,,26.38,0.376
2004-08-14 18:00:00,21.05,0.65,,22.39,0.431
2004-08-14 19:00:00,23.72,0.65,,6.733,0.824
2004-08-14 20:00:00,51.64,0.65,,2.688,1.002
2004-08-14 21:00:00,41.74,0.65,,3.84,0.712
2004-08-14 22:00:00,42.4,0.65,,0.5,1.337
2004-08-14 23:00:00,54.2,4.161,,0.5,2.841
2004-08-15 00:00:00,62.14,4.981,,0.5,2.078
2004-08-15 01:00:00,49.88,2.315,,4.85,0.881
2004-08-15 02:00:00,33.57,0.65,,8.85,0.599
2004-08-15 03:00:00,16.36,0.65,,2.819,0.922
2004-08-15 04:00:00,14.42,0.65,,0.5,1.305
2004-08-15 05:00:00,21.36,0.65,,0.5,1.288
2004-08-15 06:00:00,32.0,0.65,,0.5,1.148
2004-08-15 07:00:00,20.79,0.65,,0.5,1.009
2004-08-15 08:00:00,15.9,0.65,,0.5,1.132
2004-08-15 09:00:00,28.27,2.027,,1.658,0.984
2004-08-15 10:00:00,16.15,1.655,,12.91,0.566
2004-08-15 11:00:00,19.19,0.65,,25.83,0.519
2004-08-15 12:00:00,14.58,0.65,,30.65,0.526
2004-08-15 13:00:00,14.15,0.65,,36.36,0.617
2004-08-15 14:00:00,24.26,0.65,,42.29,0.571
2004-08-15 15:00:00,39.15,0.65,,37.84,0.512
2004-08-15 16:00:00,27.82,0.65,,32.09,0.528
2004-08-15 17:00:00,6.657,0.65,,27.59,0.478
2004-08-15 18:00:00,29.31,0.65,,18.78,0.605
2004-08-15 19:00:00,33.1,0.65,,10.66,0.706
2004-08-15 20:00:00,24.42,0.65,,9.864,0.734
2004-08-15 21:00:00,40.42,0.65,,8.371,0.699
2004-08-15 22:00:00,34.99,0.65,,7.748,0.777
2004-08-15 23:00:00,29.88,0.65,,0.5,0.985
2004-08-16 00:00:00,33.56,2.798,,0.5,1.858
2004-08-16 01:00:00,30.18,3.742,,0.5,1.99
2004-08-16 02:00:00,40.34,3.247,,0.5,1.423
2004-08-16 03:00:00,45.64,2.131,,0.5,0.901
2004-08-16 04:00:00,19.64,0.65,,0.5,0.778
2004-08-16 05:00:00,26.52,0.65,,0.5,0.567
2004-08-16 06:00:00,29.77,0.65,,0.5,0.571
2004-08-16 07:00:00,17.2,0.65,,0.5,0.806
2004-08-16 08:00:00,35.21,7.982,,0.5,2.204
2004-08-16 09:00:00,70.18,26.6,,0.5,4.172
2004-08-16 10:00:00,72.88,43.7,,1.086,1.85
2004-08-16 11:00:00,55.16,34.52,,6.79,1.009
2004-08-16 12:00:00,40.52,18.38,,11.78,1.029
2004-08-16 13:00:00,39.51,9.311,,16.36,0.852
2004-08-16 14:00:00,41.03,10.41,,18.95,0.743
2004-08-16 15:00:00,24.23,3.876,,23.72,0.656
2004-08-16 16:00:00,22.14,1.822,,18.75,0.638
2004-08-16 17:00:00,36.69,1.413,,15.06,0.565
2004-08-16 18:00:00,44.08,1.965,,8.172,0.622
2004-08-16 19:00:00,39.25,3.368,,0.5,1.062
2004-08-16 20:00:00,40.97,8.086,,0.5,1.74
2004-08-16 21:00:00,57.82,8.918,,0.5,2.302
2004-08-16 22:00:00,70.21,11.25,,0.5,2.022
2004-08-16 23:00:00,71.07,13.29,,0.5,2.303
2004-08-17 00:00:00,67.1,10.51,,0.5,2.228
2004-08-17 01:00:00,62.71,4.125,,0.5,2.349
2004-08-17 02:00:00,63.11,2.465,,0.5,1.912
2004-08-17 03:00:00,46.76,0.65,,0.5,1.203
2004-08-17 04:00:00,54.66,0.65,,0.5,1.221
2004-08-17 05:00:00,61.41,0.65,,0.5,1.01
2004-08-17 06:00:00,29.77,0.65,,0.5,0.913
2004-08-17 07:00:00,38.09,0.65,,0.5,1.009
2004-08-17 08:00:00,61.1,9.917,,0.5,2.702
2004-08-17 09:00:00,73.31,33.18,,0.5,4.921
2004-08-17 10:00:00,94.28,41.85,,0.5,2.774
2004-08-17 11:00:00,82.33,21.94,,1.877,1.447
2004-08-17 12:00:00,56.28,14.35,,3.342,1.394
2004-08-17 13:00:00,49.85,13.5,,6.801,1.251
2004-08-17 14:00:00,54.06,5.812,,5.528,1.224
2004-08-17 15:00:00,56.97,4.26,,5.0,1.221
2004-08-17 16:00:00,43.17,2.072,,3.479,0.995
2004-08-17 17:00:00,60.77,4.572,,1.444,1.266
2004-08-17 18:00:00,89.37,1.764,,0.5,1.302
2004-08-17 19:00:00,73.32,0.65,,0.5,1.714
2004-08-17 20:00:00,58.91,0.65,,0.5,2.224
2004-08-17 21:00:00,59.91,0.65,,7.457,1.057
2004-08-17 22:00:00,58.64,1.651,,7.606,0.948
2004-08-17 23:00:00,33.18,0.65,,0.5,1.758
2004-08-18 00:00:00,24.19,3.646,,0.5,1.449
2004-08-18 01:00:00,35.19,5.385,,0.5,1.63
2004-08-18 02:00:00,51.97,7.338,,0.5,1.559
2004-08-18 03:00:00,30.42,7.367,,0.5,1.316
2004-08-18 04:00:00,23.31,6.836,,0.5,1.215
2004-08-18 05:00:00,31.24,5.092,,11.18,0.379
2004-08-18 06:00:00,29.3,4.272,,8.785,0.397
2004-08-18 07:00:00,42.06,2.3,,0.5,0.58
2004-08-18 08:00:00,51.93,4.378,,0.5,1.217
2004-08-18 09:00:00,49.01,7.531,,0.5,2.507
2004-08-18 10:00:00,54.63,12.46,,0.5,2.192
2004-08-18 11:00:00,54.26,13.95,,0.5,2.468
2004-08-18 12:00:00,43.47,22.67,,0.5,2.545
2004-08-18 13:00:00,57.87,25.84,,0.5,2.438
2004-08-18 14:00:00,70.6,19.97,,0.5,1.484
2004-08-18 15:00:00,53.16,16.68,,0.5,1.681
2004-08-18 16:00:00,43.75,13.31,,0.5,1.328
2004-08-18 17:00:00,65.34,12.35,,0.5,1.527
2004-08-18 18:00:00,66.58,16.1,,0.5,2.069
2004-08-18 19:00:00,65.65,17.53,,0.5,3.004
2004-08-18 20:00:00,68.52,16.64,,0.5,2.327
2004-08-18 21:00:00,67.82,16.45,,0.5,2.889
2004-08-18 22:00:00,80.45,17.33,,0.5,2.549
2004-08-18 23:00:00,85.32,16.41,,0.5,2.591
2004-08-19 00:00:00,77.01,11.14,,0.5,2.422
2004-08-19 01:00:00,53.0,0.65,,5.89,0.845
2004-08-19 02:00:00,25.99,0.65,,8.833,0.681
2004-08-19 03:00:00,22.7,0.65,,5.639,0.796
2004-08-19 04:00:00,14.25,0.65,,5.935,0.77
2004-08-19 05:00:00,13.26,0.65,,11.18,0.659
2004-08-19 06:00:00,15.12,0.65,,8.835,0.621
2004-08-19 07:00:00,4.163,0.65,,4.719,0.709
2004-08-19 08:00:00,10.6,0.65,,0.5,1.006
2004-08-19 09:00:00,11.17,0.65,,0.5,1.635
2004-08-19 10:00:00,19.33,0.65,,1.646,1.106
2004-08-19 11:00:00,15.4,0.65,,3.736,1.061
2004-08-19 12:00:00,0.461,0.65,,7.942,0.851
2004-08-19 13:00:00,,0.65,,6.111,1.045
2004-08-19 14:00:00,5.046,0.65,,10.35,0.898
2004-08-19 15:00:00,24.49,0.65,,11.25,0.943
2004-08-19 16:00:00,22.78,0.65,,12.22,0.909
2004-08-19 17:00:00,34.0,0.65,,12.23,0.92
2004-08-19 18:00:00,33.04,0.65,,0.5,3.225
2004-08-19 19:00:00,48.78,0.65,,2.21,1.478
2004-08-19 20:00:00,56.71,0.65,,10.08,1.025
2004-08-19 21:00:00,48.89,0.65,,19.67,0.881
2004-08-19 22:00:00,58.97,0.65,,14.37,0.86
2004-08-19 23:00:00,40.9,0.65,,8.896,1.045
2004-08-20 00:00:00,20.85,8.928,,6.987,1.063
2004-08-20 01:00:00,46.86,48.93,,6.209,0.787
2004-08-20 02:00:00,63.81,30.76,,15.27,0.656
2004-08-20 03:00:00,53.86,18.36,,18.45,0.456
2004-08-20 04:00:00,38.89,14.77,,17.98,0.492
2004-08-20 05:00:00,29.35,10.73,,20.09,0.421
2004-08-20 06:00:00,52.81,8.812,,16.06,0.463
2004-08-20 07:00:00,50.67,8.508,,6.874,0.563
2004-08-20 08:00:00,31.87,9.605,,4.164,0.872
2004-08-20 09:00:00,34.87,13.64,,2.087,1.081
2004-08-20 10:00:00,34.22,18.08,,3.2,1.434
2004-08-20 11:00:00,50.81,18.85,,5.283,1.401
2004-08-20 12:00:00,56.45,18.0,,10.7,1.151
2004-08-20 13:00:00,34.81,18.82,,6.693,1.388
2004-08-20 14:00:00,50.47,18.93,,9.332,1.048
2004-08-20 15:00:00,42.94,27.67,,11.08,1.088
2004-08-20 16:00:00,47.47,29.81,,9.536,1.339
2004-08-20 17:00:00,59.38,24.41,,6.049,1.618
2004-08-20 18:00:00,60.27,24.52,,2.963,2.261
2004-08-20 19:00:00,54.01,24.6,,1.875,1.943
2004-08-20 20:00:00,44.81,23.2,,1.896,1.814
2004-08-20 21:00:00,39.52,19.55,,2.407,1.372
2004-08-20 22:00:00,25.35,17.26,,3.775,0.884
2004-08-20 23:00:00,34.4,14.43,,2.906,1.18
2004-08-21 00:00:00,35.51,10.36,,3.958,1.09
2004-08-21 01:00:00,27.58,1.324,,5.249,1.276
2004-08-21 02:00:00,28.27,0.65,,6.782,0.833
2004-08-21 03:00:00,20.59,0.65,,7.315,0.768
2004-08-21 04:00:00,6.645,0.65,,6.482,0.803
2004-08-21 05:00:00,4.198,0.65,,9.139,0.744
2004-08-21 06:00:00,15.67,0.65,,12.21,0.644
2004-08-21 07:00:00,10.36,0.65,,10.06,0.749
2004-08-21 08:00:00,,0.65,,5.353,0.908
2004-08-21 09:00:00,6.321,0.65,,13.57,1.039
2004-08-21 10:00:00,8.091,0.65,,10.69,0.809
2004-08-21 11:00:00,5.466,0.65,,7.094,0.893
2004-08-21 12:00:00,2.697,0.65,,5.901,0.934
2004-08-21 13:00:00,4.71,0.65,,10.36,0.811
2004-08-21 14:00:00,7.93,0.65,,12.79,0.662
2004-08-21 15:00:00,3.601,0.65,,13.64,0.751
2004-08-21 16:00:00,8.101,0.65,,15.87,0.573
2004-08-21 17:00:00,7.856,0.65,,16.66,0.598
2004-08-21 18:00:00,15.51,0.65,,13.1,0.587
2004-08-21 19:00:00,12.28,0.65,,11.01,0.675
2004-08-21 20:00:00,1.408,0.65,,11.08,0.834
2004-08-21 21:00:00,7.11,0.65,,9.093,0.95
2004-08-21 22:00:00,5.043,0.65,,7.424,1.025
2004-08-21 23:00:00,2.042,0.65,,6.394,0.982
2004-08-22 00:00:00,1.733,1.966,,7.403,0.811
2004-08-22 01:00:00,1.902,6.915,,8.586,0.715
2004-08-22 02:00:00,1.618,3.548,,8.849,0.485
2004-08-22 03:00:00,3.916,0.65,,13.3,0.393
2004-08-22 04:00:00,3.334,0.65,,10.35,0.371
2004-08-22 05:00:00,,0.65,,12.65,0.316
2004-08-22 06:00:00,5.133,0.65,,12.75,0.296
2004-08-22 07:00:00,8.704,0.65,,9.643,0.357
2004-08-22 08:00:00,10.45,0.65,,8.047,0.388
2004-08-22 09:00:00,17.26,0.65,,14.35,0.269
2004-08-22 10:00:00,9.807,0.65,,16.82,0.263
2004-08-22 11:00:00,0.009,0.65,,16.77,0.265
2004-08-22 12:00:00,,0.65,,20.76,0.228
2004-08-22 13:00:00,,0.65,,20.57,0.294
2004-08-22 14:00:00,3.026,0.65,,19.14,0.362
2004-08-22 15:00:00,7.427,0.65,,18.61,0.331
2004-08-22 16:00:00,4.162,0.65,,19.31,0.331
2004-08-22 17:00:00,1.913,0.65,,14.83,0.457
2004-08-22 18:00:00,1.643,0.65,,11.11,0.443
2004-08-22 19:00:00,11.8,0.65,,8.164,0.613
2004-08-22 20:00:00,20.75,0.65,,5.778,0.645
2004-08-22 21:00:00,15.67,0.65,,5.624,0.685
2004-08-22 22:00:00,20.93,0.65,,4.715,0.637
2004-08-22 23:00:00,13.17,3.882,,8.606,0.417
2004-08-23 00:00:00,0.009,0.65,,8.157,0.646
2004-08-23 01:00:00,,0.65,,10.78,0.588
2004-08-23 02:00:00,,0.65,,6.189,0.552
2004-08-23 03:00:00,,0.65,,4.943,0.442
2004-08-23 04:00:00,,0.65,,6.682,0.504
2004-08-23 05:00:00,3.29,0.65,,9.378,0.417
2004-08-23 06:00:00,13.9,0.65,,5.819,0.421
2004-08-23 07:00:00,9.551,0.65,,3.683,0.545
2004-08-23 08:00:00,6.833,5.524,,1.568,1.945
2004-08-23 09:00:00,29.24,19.33,,1.408,1.81
2004-08-23 10:00:00,24.47,35.56,,3.5,1.322
2004-08-23 11:00:00,18.32,15.19,,6.451,0.72
2004-08-23 12:00:00,15.32,8.068,,10.13,0.766
2004-08-23 13:00:00,13.9,6.031,,13.68,0.778
2004-08-23 14:00:00,9.895,1.378,,16.73,0.718
2004-08-23 15:00:00,7.106,1.99,,16.32,0.857
2004-08-23 16:00:00,10.04,1.377,,16.39,0.745
2004-08-23 17:00:00,21.84,0.65,,15.99,0.94
2004-08-23 18:00:00,15.75,4.343,,7.718,1.264
2004-08-23 19:00:00,16.66,8.622,,2.321,1.9
2004-08-23 20:00:00,24.73,8.258,,1.851,1.924
2004-08-23 21:00:00,12.55,1.55,,2.008,0.954
2004-08-23 22:00:00,21.27,0.65,,1.463,0.814
2004-08-23 23:00:00,34.04,0.65,,1.42,1.055
2004-08-24 00:00:00,15.8,1.683,,1.107,0.816
2004-08-24 01:00:00,20.53,1.308,,1.081,0.162
2004-08-24 02:00:00,42.66,0.65,,2.806,1.193
2004-08-24 03:00:00,37.86,0.65,,2.471,0.642
2004-08-24 04:00:00,17.23,0.65,,2.814,0.352
2004-08-24 05:00:00,17.48,0.65,,2.342,0.446
2004-08-24 06:00:00,33.19,0.65,,1.461,0.311
2004-08-24 07:00:00,40.52,0.65,,1.0,0.318
2004-08-24 08:00:00,34.03,0.65,,2.004,0.922
2004-08-24 09:00:00,33.65,0.65,,2.822,0.834
2004-08-24 10:00:00,18.16,6.9,,3.951,0.887
2004-08-24 11:00:00,15.94,14.09,,9.814,0.594
2004-08-24 12:00:00,13.66,11.24,,12.72,0.492
2004-08-24 13:00:00,11.32,3.248,,24.42,0.331
2004-08-24 14:00:00,9.654,5.257,,27.85,0.485
2004-08-24 15:00:00,2.327,3.525,,27.5,0.42
2004-08-24 16:00:00,11.57,4.074,,19.97,0.554
2004-08-24 17:00:00,35.78,4.581,,14.74,0.55
2004-08-24 18:00:00,23.55,13.15,,11.78,0.709
2004-08-24 19:00:00,9.684,20.51,,2.635,1.75
2004-08-24 20:00:00,46.05,21.62,,4.387,3.302
2004-08-24 21:00:00,74.07,20.62,,3.336,1.842
2004-08-24 22:00:00,55.05,8.527,,3.022,1.08
2004-08-24 23:00:00,44.12,8.774,,3.039,1.346
2004-08-25 00:00:00,45.53,9.437,,3.19,1.752
2004-08-25 01:00:00,42.97,11.74,,3.919,2.55
2004-08-25 02:00:00,55.35,8.424,,3.711,2.24
2004-08-25 03:00:00,74.98,6.728,,3.051,1.965
2004-08-25 04:00:00,50.66,5.904,,3.015,1.572
2004-08-25 05:00:00,32.45,2.848,,2.949,1.191
2004-08-25 06:00:00,53.37,1.833,,2.335,1.053
2004-08-25 07:00:00,44.35,1.301,,2.418,0.827
2004-08-25 08:00:00,41.36,3.461,,2.296,0.783
2004-08-25 09:00:00,39.83,13.26,,3.329,1.762
2004-08-25 10:00:00,44.0,15.73,,2.845,1.12
2004-08-25 11:00:00,44.81,24.31,,3.832,1.136
2004-08-25 12:00:00,32.22,33.59,,6.896,1.03
2004-08-25 13:00:00,46.6,37.8,,11.13,1.001
2004-08-25 14:00:00,31.37,31.52,,11.82,1.062
2004-08-25 15:00:00,32.63,70.59,,6.685,1.509
2004-08-25 16:00:00,46.09,13.2,,8.033,0.935
2004-08-25 17:00:00,40.99,0.65,,19.77,0.362
2004-08-25 18:00:00,26.45,0.65,,4.8,0.532
2004-08-25 19:00:00,36.45,2.993,,2.083,0.982
2004-08-25 20:00:00,35.89,5.229,,2.74,1.564
2004-08-25 21:00:00,46.44,5.771,,3.194,1.77
2004-08-25 22:00:00,58.08,9.3,,5.604,3.512
2004-08-25 23:00:00,64.95,21.99,,7.632,5.698
2004-08-26 00:00:00,81.24,22.43,,6.086,3.83
2004-08-26 01:00:00,61.43,10.27,,2.135,1.142
2004-08-26 02:00:00,48.86,3.859,,2.524,1.454
2004-08-26 03:00:00,24.59,2.271,,10.76,0.688
2004-08-26 04:00:00,17.7,0.65,,13.94,0.55
2004-08-26 05:00:00,30.79,0.65,,22.65,0.402
2004-08-26 06:00:00,17.91,0.65,,17.7,0.349
2004-08-26 07:00:00,3.836,0.65,,4.317,0.469
2004-08-26 08:00:00,20.28,0.65,,2.853,1.014
2004-08-26 09:00:00,45.69,0.65,,6.169,1.077
2004-08-26 10:00:00,24.4,0.65,,17.84,0.612
2004-08-26 11:00:00,10.65,0.65,,23.31,0.43
2004-08-26 12:00:00,9.065,0.65,,26.76,0.388
2004-08-26 13:00:00,5.003,0.65,,29.77,0.393
2004-08-26 14:00:00,11.33,0.65,,34.02,0.356
2004-08-26 15:00:00,10.35,0.65,,28.38,0.376
2004-08-26 16:00:00,18.59,0.65,,24.53,0.421
2004-08-26 17:00:00,19.58,0.65,,21.04,0.467
2004-08-26 18:00:00,16.48,0.65,,15.38,0.478
2004-08-26 19:00:00,15.09,0.65,,13.61,0.465
2004-08-26 20:00:00,24.57,0.65,,13.4,0.445
2004-08-26 21:00:00,34.13,0.65,,10.1,0.455
2004-08-26 22:00:00,24.49,0.65,,13.19,0.484
2004-08-26 23:00:00,26.55,0.65,,13.92,0.379
2004-08-27 00:00:00,15.82,0.65,,14.07,0.416
2004-08-27 01:00:00,16.6,0.65,,19.29,0.276
2004-08-27 02:00:00,14.32,0.65,,21.66,0.253
2004-08-27 03:00:00,3.612,0.65,,22.24,0.254
2004-08-27 04:00:00,3.109,0.65,,25.17,0.25
2004-08-27 05:00:00,8.56,0.65,,24.6,0.228
2004-08-27 06:00:00,13.56,0.65,,21.75,0.24
2004-08-27 07:00:00,13.59,1.492,,6.146,0.536
2004-08-27 08:00:00,30.1,7.802,,1.729,1.499
2004-08-27 09:00:00,31.12,7.179,,2.799,1.086
2004-08-27 10:00:00,27.12,14.65,,4.079,1.688
2004-08-27 11:00:00,42.58,16.74,,3.417,1.157
2004-08-27 12:00:00,45.82,13.71,,6.456,0.928
2004-08-27 13:00:00,39.28,12.57,,9.443,0.881
2004-08-27 14:00:00,53.05,16.3,,13.18,1.138
2004-08-27 15:00:00,56.61,32.48,,10.73,1.544
2004-08-27 16:00:00,47.16,28.37,,9.515,1.416
2004-08-27 17:00:00,52.82,31.73,,7.307,1.808
2004-08-27 18:00:00,45.23,32.69,,3.808,2.36
2004-08-27 19:00:00,64.36,29.81,,3.296,2.815
2004-08-27 20:00:00,65.4,29.61,,3.963,2.685
2004-08-27 21:00:00,56.47,19.74,,2.51,1.053
2004-08-27 22:00:00,53.74,13.03,,3.197,0.775
2004-08-27 23:00:00,31.59,9.911,,3.431,0.772
2004-08-28 00:00:00,21.38,6.709,,1.635,0.99
2004-08-28 01:00:00,22.33,3.16,,1.609,1.056
2004-08-28 02:00:00,30.77,4.797,,1.733,1.633
2004-08-28 03:00:00,27.05,5.369,,1.787,1.54
2004-08-28 04:00:00,18.75,2.89,,6.849,0.907
2004-08-28 05:00:00,26.84,2.065,,12.83,0.795
2004-08-28 06:00:00,24.13,2.39,,11.07,0.83
2004-08-28 07:00:00,28.78,2.672,,10.38,0.806
2004-08-28 08:00:00,26.98,3.214,,8.706,0.932
2004-08-28 09:00:00,29.86,5.669,,7.043,1.122
2004-08-28 10:00:00,32.58,6.759,,9.582,0.97
2004-08-28 11:00:00,15.63,17.18,,11.63,1.004
2004-08-28 12:00:00,5.199,15.81,,18.08,0.873
2004-08-28 13:00:00,24.38,11.44,,18.09,0.916
2004-08-28 14:00:00,32.05,9.651,,20.86,0.878
2004-08-28 15:00:00,23.56,3.493,,21.81,0.802
2004-08-28 16:00:00,21.15,0.65,,31.78,0.658
2004-08-28 17:00:00,8.54,0.65,,25.76,0.774
2004-08-28 18:00:00,9.194,0.65,,23.67,0.646
2004-08-28 19:00:00,16.23,0.65,,20.38,0.613
2004-08-28 20:00:00,19.27,0.65,,20.43,0.725
2004-08-28 21:00:00,29.45,0.65,,24.39,0.661
2004-08-28 22:00:00,22.48,0.65,,12.17,0.825
2004-08-28 23:00:00,26.12,1.531,,7.151,1.351
2004-08-29 00:00:00,59.35,5.62,,4.326,1.532
2004-08-29 01:00:00,73.81,9.244,,2.983,1.048
2004-08-29 02:00:00,49.97,9.061,,3.653,0.924
2004-08-29 03:00:00,14.74,8.769,,2.639,1.166
2004-08-29 04:00:00,26.52,11.49,,2.203,1.388
2004-08-29 05:00:00,40.39,7.724,,3.0,1.308
2004-08-29 06:00:00,38.93,11.57,,2.429,1.298
2004-08-29 07:00:00,27.38,11.79,,2.762,0.709
2004-08-29 08:00:00,31.27,9.94,,3.761,0.657
2004-08-29 09:00:00,57.66,14.99,,8.449,0.578
2004-08-29 10:00:00,37.0,7.651,,18.48,0.376
2004-08-29 11:00:00,12.2,8.404,,23.79,0.433
2004-08-29 12:00:00,7.694,7.099,,28.26,0.414
2004-08-29 13:00:00,2.838,6.274,,35.88,0.468
2004-08-29 14:00:00,24.04,4.659,,35.05,0.552
2004-08-29 15:00:00,23.88,2.996,,30.72,0.414
2004-08-29 16:00:00,21.31,4.261,,28.72,0.515
2004-08-29 17:00:00,22.41,3.892,,26.11,0.689
2004-08-29 18:00:00,10.39,6.419,,16.58,0.874
2004-08-29 19:00:00,32.52,15.17,,4.062,1.747
2004-08-29 20:00:00,49.48,20.24,,2.408,1.595
2004-08-29 21:00:00,32.77,35.06,,3.869,1.261
2004-08-29 22:00:00,29.06,15.67,,4.997,1.024
2004-08-29 23:00:00,32.17,11.9,,6.464,0.774
2004-08-30 00:00:00,27.4,11.43,,2.633,0.913
2004-08-30 01:00:00,19.24,5.185,,3.234,0.385
2004-08-30 02:00:00,18.31,2.701,,6.065,0.364
2004-08-30 03:00:00,19.4,7.326,,10.41,0.27
2004-08-30 04:00:00,31.2,10.08,,11.04,0.249
2004-08-30 05:00:00,23.9,3.811,,14.92,0.21
2004-08-30 06:00:00,8.052,0.65,,15.51,0.223
2004-08-30 07:00:00,21.66,2.67,,10.18,0.316
2004-08-30 08:00:00,25.4,12.02,,4.401,0.848
2004-08-30 09:00:00,33.42,6.023,,15.5,0.488
2004-08-30 10:00:00,30.31,4.378,,17.25,0.404
2004-08-30 11:00:00,27.33,10.47,,15.54,0.544
2004-08-30 12:00:00,37.65,12.35,,17.19,0.467
2004-08-30 13:00:00,28.28,8.471,,22.18,0.497
2004-08-30 14:00:00,26.99,7.782,,24.58,0.446
2004-08-30 15:00:00,25.02,6.942,,24.44,0.449
2004-08-30 16:00:00,33.47,0.65,,25.93,0.248
2004-08-30 17:00:00,34.69,0.65,,21.58,0.377
2004-08-30 18:00:00,18.76,0.65,,16.72,0.388
2004-08-30 19:00:00,16.76,0.65,,14.48,0.311
2004-08-30 20:00:00,25.45,0.65,,10.34,0.253
2004-08-30 21:00:00,14.23,0.65,,14.74,0.185
2004-08-30 22:00:00,16.75,0.65,,7.985,0.258
2004-08-30 23:00:00,28.19,0.65,,10.23,0.192
2004-08-31 00:00:00,13.81,0.65,,4.969,0.272
2004-08-31 01:00:00,22.86,0.65,,5.414,0.516
2004-08-31 02:00:00,21.51,0.65,,8.436,0.458
2004-08-31 03:00:00,12.14,0.65,,9.564,0.434
2004-08-31 04:00:00,13.89,0.65,,14.58,0.307
2004-08-31 05:00:00,11.46,0.65,,18.32,0.341
2004-08-31 06:00:00,14.91,0.65,,6.19,0.524
2004-08-31 07:00:00,8.074,0.65,,3.478,0.536
2004-08-31 08:00:00,24.11,3.039,,2.414,1.206
2004-08-31 09:00:00,33.54,4.554,,4.767,1.034
2004-08-31 10:00:00,17.48,0.65,,16.31,0.466
2004-08-31 11:00:00,31.55,0.65,,18.85,0.471
2004-08-31 12:00:00,26.1,0.65,,24.04,0.52
2004-08-31 13:00:00,11.77,0.65,,30.8,0.441
2004-08-31 14:00:00,17.33,0.65,,24.06,0.509
2004-08-31 15:00:00,14.92,0.65,,26.67,0.526
2004-08-31 16:00:00,11.19,0.65,,29.09,0.478
2004-08-31 17:00:00,23.76,,,28.49,0.495
2004-08-31 18:00:00,31.28,,,20.82,0.495
2004-08-31 19:00:00,25.21,,,16.34,0.487
2004-08-31 20:00:00,28.07,,,17.98,0.404
2004-08-31 21:00:00,21.78,,,18.11,0.438
2004-08-31 22:00:00,22.27,,,17.67,0.409
2004-08-31 23:00:00,14.22,,,17.46,0.454
2004-09-01 00:00:00,,,,22.81,0.316
2004-09-01 01:00:00,4.021,,,22.37,0.382
2004-09-01 02:00:00,13.17,,,23.32,0.381
2004-09-01 03:00:00,24.17,,,22.03,0.37
2004-09-01 04:00:00,13.59,,,17.91,0.39
2004-09-01 05:00:00,7.504,,,12.48,0.414
2004-09-01 06:00:00,14.58,,,9.042,0.457
2004-09-01 07:00:00,17.06,,,5.192,0.5
2004-09-01 08:00:00,16.05,,,1.908,0.931
2004-09-01 09:00:00,11.85,,,6.072,0.802
2004-09-01 10:00:00,17.66,,,,
2004-09-01 11:00:00,65.99,,,9.761,1.238
2004-09-01 12:00:00,62.53,,,14.18,1.164
2004-09-01 13:00:00,51.37,,,10.21,1.37
2004-09-01 14:00:00,58.19,,,11.32,1.406
2004-09-01 15:00:00,53.33,,,18.08,1.113
2004-09-01 16:00:00,54.44,,,36.01,0.495
2004-09-01 17:00:00,67.16,,,29.03,0.53
2004-09-01 18:00:00,48.65,,,20.87,0.563
2004-09-01 19:00:00,62.69,,,7.069,0.818
2004-09-01 20:00:00,60.51,,,2.036,0.921
2004-09-01 21:00:00,65.39,,,1.0,0.995
2004-09-01 22:00:00,53.47,,,1.019,1.26
2004-09-01 23:00:00,77.65,,,1.0,1.146
2004-09-02 00:00:00,73.66,,,0.5,1.105
2004-09-02 01:00:00,45.85,,,0.5,1.262
2004-09-02 02:00:00,33.32,,,0.5,1.563
2004-09-02 03:00:00,69.0,,,0.5,1.229
2004-09-02 04:00:00,37.22,,,0.5,1.433
2004-09-02 05:00:00,49.05,,,0.5,1.304
2004-09-02 06:00:00,45.06,,,6.729,0.933
2004-09-02 07:00:00,53.78,,,16.94,0.497
2004-09-02 08:00:00,22.95,,,9.353,0.876
2004-09-02 09:00:00,28.59,,,2.981,1.829
2004-09-02 10:00:00,24.63,,,0.5,2.259
2004-09-02 11:00:00,58.3,,,0.5,2.29
2004-09-02 12:00:00,45.18,,,1.335,1.74
2004-09-02 13:00:00,56.73,,,2.058,1.615
2004-09-02 14:00:00,70.6,,,1.324,2.311
2004-09-02 15:00:00,61.26,,,1.196,2.104
2004-09-02 16:00:00,49.57,,,1.299,1.658
2004-09-02 17:00:00,53.55,,,2.875,1.703
2004-09-02 18:00:00,19.4,,,0.5,2.857
2004-09-02 19:00:00,46.66,,,0.5,2.644
2004-09-02 20:00:00,58.38,,,0.5,3.765
2004-09-02 21:00:00,70.68,,,0.5,3.281
2004-09-02 22:00:00,56.14,,,0.5,3.626
2004-09-02 23:00:00,73.47,,,0.5,2.282
2004-09-03 00:00:00,50.23,,,12.98,0.741
2004-09-03 01:00:00,20.0,,,17.14,0.698
2004-09-03 02:00:00,16.86,,,18.01,0.466
2004-09-03 03:00:00,4.879,,,18.77,0.537
2004-09-03 04:00:00,8.349,,,14.45,0.46
2004-09-03 05:00:00,3.085,,,17.56,0.506
2004-09-03 06:00:00,20.36,,,14.34,0.463
2004-09-03 07:00:00,26.53,,,13.85,0.485
2004-09-03 08:00:00,19.57,,,8.84,0.611
2004-09-03 09:00:00,4.626,,,5.603,0.748
2004-09-03 10:00:00,15.22,,,12.64,0.55
2004-09-03 11:00:00,9.617,,,15.57,0.578
2004-09-03 12:00:00,11.63,,,18.97,0.649
2004-09-03 13:00:00,27.76,,,21.28,0.659
2004-09-03 14:00:00,17.59,,,19.32,0.617
2004-09-03 15:00:00,10.34,,,22.17,0.653
2004-09-03 16:00:00,23.36,,,22.99,0.53
2004-09-03 17:00:00,32.08,,,19.93,0.545
2004-09-03 18:00:00,28.61,,,19.48,0.49
2004-09-03 19:00:00,25.95,,,16.38,0.565
2004-09-03 20:00:00,24.89,,,16.72,0.495
2004-09-03 21:00:00,13.9,,,18.64,0.493
2004-09-03 22:00:00,11.71,,,19.93,0.507
2004-09-03 23:00:00,27.6,,,17.97,0.518
2004-09-04 00:00:00,10.55,,,19.36,0.494
2004-09-04 01:00:00,18.16,,,21.08,0.367
2004-09-04 02:00:00,9.494,,,21.1,0.328
2004-09-04 03:00:00,11.96,,,20.64,0.376
2004-09-04 04:00:00,4.492,,,20.75,0.311
2004-09-04 05:00:00,0.214,,,19.72,0.328
2004-09-04 06:00:00,22.36,,,19.66,0.329
2004-09-04 07:00:00,15.82,,,16.42,0.294
2004-09-04 08:00:00,8.569,,,14.52,0.43
2004-09-04 09:00:00,22.95,,,15.5,0.462
2004-09-04 10:00:00,15.99,,,17.58,0.403
2004-09-04 11:00:00,14.29,,,18.12,0.491
2004-09-04 12:00:00,12.57,,,21.62,0.45
2004-09-04 13:00:00,23.72,,,25.5,0.48
2004-09-04 14:00:00,7.609,,,25.55,0.458
2004-09-04 15:00:00,,,,25.6,0.518
2004-09-04 16:00:00,16.3,,,21.68,0.499
2004-09-04 17:00:00,19.75,,,19.37,0.454
2004-09-04 18:00:00,25.9,,,16.4,0.549
2004-09-04 19:00:00,34.94,,,11.52,0.508
2004-09-04 20:00:00,10.64,,,7.045,0.626
2004-09-04 21:00:00,33.12,,,2.017,0.863
2004-09-04 22:00:00,31.17,,,0.5,0.987
2004-09-04 23:00:00,39.8,,,0.5,1.273
2004-09-05 00:00:00,18.49,,,0.5,1.388
2004-09-05 01:00:00,48.18,,,1.136,1.302
2004-09-05 02:00:00,36.99,,,0.5,1.616
2004-09-05 03:00:00,29.07,,,0.5,1.784
2004-09-05 04:00:00,26.98,,,0.5,1.202
2004-09-05 05:00:00,24.93,,,0.5,1.326
2004-09-05 06:00:00,16.33,,,0.5,1.604
2004-09-05 07:00:00,28.32,,,0.5,1.393
2004-09-05 08:00:00,37.16,,,0.5,1.833
2004-09-05 09:00:00,37.4,,,1.228,1.663
2004-09-05 10:00:00,30.36,,,9.208,0.951
2004-09-05 11:00:00,38.07,,,20.01,0.826
2004-09-05 12:00:00,14.38,,,25.8,1.016
2004-09-05 13:00:00,40.95,,,28.52,0.973
2004-09-05 14:00:00,33.89,,,31.56,0.913
2004-09-05 15:00:00,38.25,,,36.82,0.859
2004-09-05 16:00:00,32.44,,,33.33,0.775
2004-09-05 17:00:00,30.5,,,18.53,1.191
2004-09-05 18:00:00,42.14,,,1.358,2.616
2004-09-05 19:00:00,53.1,,,0.5,2.605
2004-09-05 20:00:00,55.05,,,0.5,4.168
2004-09-05 21:00:00,67.05,,,0.5,4.511
2004-09-05 22:00:00,74.65,,,0.5,3.845
2004-09-05 23:00:00,83.49,,,0.5,3.675
2004-09-06 00:00:00,76.99,,,0.5,3.075
2004-09-06 01:00:00,70.64,,,0.5,2.176
2004-09-06 02:00:00,57.98,,,0.5,1.91
2004-09-06 03:00:00,59.13,,,0.5,1.487
2004-09-06 04:00:00,40.54,,,0.5,1.098
2004-09-06 05:00:00,50.18,,,0.5,0.849
2004-09-06 06:00:00,28.6,,,0.5,0.738
2004-09-06 07:00:00,56.92,,,0.5,0.748
2004-09-06 08:00:00,29.28,,,0.5,2.129
2004-09-06 09:00:00,53.71,,,0.5,2.544
2004-09-06 10:00:00,68.58,,,3.093,1.055
2004-09-06 11:00:00,71.2,,,10.87,0.994
2004-09-06 12:00:00,52.04,,,37.65,0.573
2004-09-06 13:00:00,65.93,,,35.04,0.738
2004-09-06 14:00:00,32.2,,,35.85,0.572
2004-09-06 15:00:00,30.91,,,35.05,0.513
2004-09-06 16:00:00,56.5,,,28.88,0.558
2004-09-06 17:00:00,47.54,,,22.87,0.677
2004-09-06 18:00:00,42.09,,,8.217,0.833
2004-09-06 19:00:00,66.17,,,0.5,1.135
2004-09-06 20:00:00,69.67,,,0.5,2.754
2004-09-06 21:00:00,121.7,,,0.5,5.826
2004-09-06 22:00:00,141.4,,,0.5,6.078
2004-09-06 23:00:00,152.2,,,0.5,4.866
2004-09-07 00:00:00,116.2,,,0.5,4.147
2004-09-07 01:00:00,102.7,,,0.5,3.318
2004-09-07 02:00:00,98.89,,,0.5,2.589
2004-09-07 03:00:00,72.99,,,1.195,1.645
2004-09-07 04:00:00,64.86,,,0.5,1.729
2004-09-07 05:00:00,39.68,,,0.5,1.622
2004-09-07 06:00:00,51.14,,,0.5,1.454
2004-09-07 07:00:00,55.48,,,8.262,1.395
2004-09-07 08:00:00,51.69,,,2.626,1.651
2004-09-07 09:00:00,43.1,,,13.21,0.87
2004-09-07 10:00:00,43.7,,,23.15,0.896
2004-09-07 11:00:00,64.12,,,27.59,0.803
2004-09-07 12:00:00,51.82,,,32.58,0.867
2004-09-07 13:00:00,39.29,,,41.5,0.701
2004-09-07 14:00:00,54.39,,,45.33,0.715
2004-09-07 15:00:00,40.93,,,50.84,0.674
2004-09-07 16:00:00,33.83,,,43.23,0.746
2004-09-07 17:00:00,63.15,,,33.34,0.916
2004-09-07 18:00:00,44.55,,,11.35,1.818
2004-09-07 19:00:00,56.88,,,0.5,2.706
2004-09-07 20:00:00,83.44,,,0.5,5.407
2004-09-07 21:00:00,127.2,,,0.5,5.736
2004-09-07 22:00:00,102.4,,,0.5,5.503
2004-09-07 23:00:00,130.2,,,3.399,1.953
2004-09-08 00:00:00,70.29,,,18.83,0.92
2004-09-08 01:00:00,45.22,,,23.42,0.557
2004-09-08 02:00:00,52.48,,,23.63,0.487
2004-09-08 03:00:00,44.5,,,27.03,0.433
2004-09-08 04:00:00,46.58,,,31.43,0.305
2004-09-08 05:00:00,50.85,,,30.96,0.262
2004-09-08 06:00:00,33.38,,,30.92,0.302
2004-09-08 07:00:00,58.53,,,29.23,0.371
2004-09-08 08:00:00,37.41,,,17.94,0.687
2004-09-08 09:00:00,35.97,,,14.49,0.794
2004-09-08 10:00:00,35.04,,,17.89,0.735
2004-09-08 11:00:00,12.66,,,17.66,0.747
2004-09-08 12:00:00,11.92,,,20.67,0.715
2004-09-08 13:00:00,28.4,,,19.66,0.652
2004-09-08 14:00:00,15.89,,,20.82,0.708
2004-09-08 15:00:00,27.41,,,20.01,0.743
2004-09-08 16:00:00,9.275,,,15.45,0.746
2004-09-08 17:00:00,12.16,,,14.48,0.677
2004-09-08 18:00:00,33.02,,,11.38,0.78
2004-09-08 19:00:00,10.54,,,13.11,0.638
2004-09-08 20:00:00,30.35,,,11.49,0.549
2004-09-08 21:00:00,13.06,,,9.916,0.629
2004-09-08 22:00:00,23.93,,,8.619,0.689
2004-09-08 23:00:00,26.55,,,10.43,0.644
2004-09-09 00:00:00,20.6,,,12.83,0.519
2004-09-09 01:00:00,5.181,,,17.8,0.455
2004-09-09 02:00:00,12.65,,,14.91,0.449
2004-09-09 03:00:00,4.974,,,18.2,0.367
2004-09-09 04:00:00,0.114,,,17.91,0.307
2004-09-09 05:00:00,,,,20.36,0.294
2004-09-09 06:00:00,,,,18.87,0.33
2004-09-09 07:00:00,1.264,,,15.49,0.362
2004-09-09 08:00:00,2.436,,,6.331,0.904
2004-09-09 09:00:00,5.697,,,10.06,0.761
2004-09-09 10:00:00,11.63,,,11.52,0.707
2004-09-09 11:00:00,13.51,,,15.27,0.581
2004-09-09 12:00:00,3.686,,,13.63,0.696
2004-09-09 13:00:00,3.988,,,17.3,0.519
2004-09-09 14:00:00,1.499,,,15.69,0.552
2004-09-09 15:00:00,2.416,,,18.82,0.52
2004-09-09 16:00:00,13.17,,,19.9,0.425
2004-09-09 17:00:00,4.517,,,16.36,0.502
2004-09-09 18:00:00,,,,15.34,0.486
2004-09-09 19:00:00,4.96,,,15.28,0.505
2004-09-09 20:00:00,1.82,,,11.22,0.486
2004-09-09 21:00:00,6.602,,,17.2,0.407
2004-09-09 22:00:00,6.315,,,20.08,0.354
2004-09-09 23:00:00,1.445,,,20.97,0.36
2004-09-10 00:00:00,0.005,,,22.4,0.244
2004-09-10 01:00:00,,,,23.97,0.304
2004-09-10 02:00:00,,,,25.63,0.28
2004-09-10 03:00:00,4.953,,,26.59,0.244
2004-09-10 04:00:00,1.817,,,25.74,0.27
2004-09-10 05:00:00,,,,25.03,0.244
2004-09-10 06:00:00,,,,23.12,0.272
2004-09-10 07:00:00,,,,15.48,0.295
2004-09-10 08:00:00,3.081,,,6.508,0.479
2004-09-10 09:00:00,10.9,,,6.415,0.576
2004-09-10 10:00:00,7.357,,,12.2,0.339
2004-09-10 11:00:00,1.38,,,10.41,0.392
2004-09-10 12:00:00,15.41,,,14.75,0.365
2004-09-10 13:00:00,5.733,,,15.29,0.331
2004-09-10 14:00:00,,,,15.85,0.333
2004-09-10 15:00:00,,,,14.61,0.334
2004-09-10 16:00:00,12.21,,,16.06,0.397
2004-09-10 17:00:00,8.173,,,16.25,0.393
2004-09-10 18:00:00,1.925,,,15.87,0.38
2004-09-10 19:00:00,7.19,,,16.25,0.397
2004-09-10 20:00:00,10.42,,,17.11,0.373
2004-09-10 21:00:00,16.28,,,17.9,0.296
2004-09-10 22:00:00,4.97,,,26.14,0.273
2004-09-10 23:00:00,,,,23.21,0.351
2004-09-11 00:00:00,,,,23.76,0.33
2004-09-11 01:00:00,,,,28.07,0.249
2004-09-11 02:00:00,,,,27.5,0.278
2004-09-11 03:00:00,,,,27.58,0.232
2004-09-11 04:00:00,15.91,,,26.82,0.3
2004-09-11 05:00:00,5.92,,,25.35,0.28
2004-09-11 06:00:00,,,,22.88,0.231
2004-09-11 07:00:00,,,,21.03,0.29
2004-09-11 08:00:00,1.266,,,16.28,0.357
2004-09-11 09:00:00,6.079,,,11.27,0.436
2004-09-11 10:00:00,6.793,,,15.15,0.345
2004-09-11 11:00:00,21.92,,,10.39,0.47
2004-09-11 12:00:00,9.839,,,17.2,0.319
2004-09-11 13:00:00,9.042,,,25.84,0.285
2004-09-11 14:00:00,18.56,,,25.66,0.294
2004-09-11 15:00:00,15.18,,,24.26,0.362
2004-09-11 16:00:00,18.12,,,24.96,0.277
2004-09-11 17:00:00,11.62,,,25.39,0.287
2004-09-11 18:00:00,2.289,,,23.96,0.218
2004-09-11 19:00:00,20.73,,,24.19,0.293
2004-09-11 20:00:00,8.346,,,26.14,0.267
2004-09-11 21:00:00,13.7,,,21.06,0.303
2004-09-11 22:00:00,19.41,,,26.47,0.305
2004-09-11 23:00:00,24.52,,,29.03,0.361
2004-09-12 00:00:00,14.61,,,26.97,0.273
2004-09-12 01:00:00,10.64,,,23.84,0.345
2004-09-12 02:00:00,5.664,,,26.99,0.268
2004-09-12 03:00:00,14.91,,,30.17,0.253
2004-09-12 04:00:00,5.205,,,28.79,0.245
2004-09-12 05:00:00,,,,29.68,0.215
2004-09-12 06:00:00,19.95,,,30.72,0.154
2004-09-12 07:00:00,12.42,,,28.04,0.175
2004-09-12 08:00:00,1.84,,,26.46,0.204
2004-09-12 09:00:00,19.1,,,29.33,0.205
2004-09-12 10:00:00,12.46,,,31.86,0.169
2004-09-12 11:00:00,8.761,,,31.29,0.16
2004-09-12 12:00:00,2.54,,,26.82,0.24
2004-09-12 13:00:00,5.127,,,26.95,0.265
2004-09-12 14:00:00,1.907,,,27.58,0.212
2004-09-12 15:00:00,1.439,,,28.8,0.188
2004-09-12 16:00:00,0.528,,,28.25,0.214
2004-09-12 17:00:00,10.91,,,28.66,0.152
2004-09-12 18:00:00,13.4,,,26.18,0.204
2004-09-12 19:00:00,15.89,,,18.35,0.261
2004-09-12 20:00:00,26.07,,,17.25,0.298
2004-09-12 21:00:00,11.37,,,20.53,0.213
2004-09-12 22:00:00,11.06,,,21.73,0.261
2004-09-12 23:00:00,3.639,,,18.04,0.216
2004-09-13 00:00:00,26.75,,,22.97,0.274
2004-09-13 01:00:00,9.915,,,25.07,0.238
2004-09-13 02:00:00,,,,24.42,0.237
2004-09-13 03:00:00,1.381,,,25.8,0.259
2004-09-13 04:00:00,0.515,,,27.24,0.307
2004-09-13 05:00:00,,,,27.28,0.267
2004-09-13 06:00:00,,,,26.0,0.249
2004-09-13 07:00:00,5.326,,,23.92,0.249
2004-09-13 08:00:00,5.179,,,18.8,0.313
2004-09-13 09:00:00,5.032,,,20.54,0.324
2004-09-13 10:00:00,10.99,,,21.82,0.335
2004-09-13 11:00:00,24.96,,,19.81,0.368
2004-09-13 12:00:00,16.99,,,19.74,0.311
2004-09-13 13:00:00,15.57,,,21.67,0.341
2004-09-13 14:00:00,8.618,,,19.92,0.313
2004-09-13 15:00:00,1.506,,,19.07,0.434
2004-09-13 16:00:00,,,,19.47,0.314
2004-09-13 17:00:00,7.693,,,18.19,0.329
2004-09-13 18:00:00,2.863,,,14.74,0.401
2004-09-13 19:00:00,17.37,,,11.82,0.414
2004-09-13 20:00:00,21.87,,,4.012,0.72
2004-09-13 21:00:00,14.33,,,0.5,0.784
2004-09-13 22:00:00,3.188,,,0.5,0.841
2004-09-13 23:00:00,18.82,,,2.531,0.706
2004-09-14 00:00:00,7.062,,,10.71,0.386
2004-09-14 01:00:00,,,,18.99,0.424
2004-09-14 02:00:00,5.034,,,24.83,0.369
2004-09-14 03:00:00,1.885,,,26.66,0.37
2004-09-14 04:00:00,,,,28.47,0.422
2004-09-14 05:00:00,,,,24.41,0.443
2004-09-14 06:00:00,,,,24.87,0.43
2004-09-14 07:00:00,1.525,,,8.404,0.766
2004-09-14 08:00:00,37.44,,,0.5,1.188
2004-09-14 09:00:00,23.06,,,0.5,2.826
2004-09-14 10:00:00,27.16,,,0.5,2.078
2004-09-14 11:00:00,23.16,,,1.368,1.262
2004-09-14 12:00:00,18.81,,,1.658,1.539
2004-09-14 13:00:00,15.7,,,4.543,1.118
2004-09-14 14:00:00,28.51,,,7.367,1.325
2004-09-14 15:00:00,15.46,,,11.41,1.181
2004-09-14 16:00:00,28.81,,,19.6,0.782
2004-09-14 17:00:00,19.8,,,13.63,0.858
2004-09-14 18:00:00,27.66,,,2.276,1.851
2004-09-14 19:00:00,26.9,,,1.626,1.958
2004-09-14 20:00:00,38.04,,,0.5,2.299
2004-09-14 21:00:00,59.28,,,0.5,1.989
2004-09-14 22:00:00,39.89,,,5.775,1.489
2004-09-14 23:00:00,21.64,,,7.789,0.938
2004-09-15 00:00:00,5.034,,,7.644,0.824
2004-09-15 01:00:00,1.653,,,14.94,0.348
2004-09-15 02:00:00,10.84,,,25.65,0.208
2004-09-15 03:00:00,3.85,,,31.52,0.259
2004-09-15 04:00:00,,,,25.25,0.266
2004-09-15 05:00:00,,,,22.86,0.197
2004-09-15 06:00:00,9.378,,,22.03,0.265
2004-09-15 07:00:00,3.532,,,9.238,0.306
2004-09-15 08:00:00,12.84,,,0.5,1.375
2004-09-15 09:00:00,35.1,,,0.5,1.489
2004-09-15 10:00:00,30.29,,,2.085,1.102
2004-09-15 11:00:00,16.58,,,6.443,0.752
2004-09-15 12:00:00,11.53,,,12.65,0.582
2004-09-15 13:00:00,14.55,,,14.59,0.525
2004-09-15 14:00:00,6.456,,,13.89,0.666
2004-09-15 15:00:00,14.13,,,12.48,0.584
2004-09-15 16:00:00,5.9,,,12.37,0.648
2004-09-15 17:00:00,23.32,,,6.99,0.75
2004-09-15 18:00:00,8.428,,,3.975,1.307
2004-09-15 19:00:00,28.79,,,1.045,1.867
2004-09-15 20:00:00,24.8,,,0.5,1.713
2004-09-15 21:00:00,17.52,,,15.44,0.373
2004-09-15 22:00:00,34.05,,,17.74,0.328
2004-09-15 23:00:00,20.79,,,17.79,0.293
2004-09-16 00:00:00,14.46,,,21.93,0.183
2004-09-16 01:00:00,22.87,,,22.83,0.088
2004-09-16 02:00:00,20.06,,,24.34,0.106
2004-09-16 03:00:00,4.859,,,26.1,0.073
2004-09-16 04:00:00,14.01,,,27.04,0.076
2004-09-16 05:00:00,5.176,,,26.58,0.076
2004-09-16 06:00:00,,,,26.4,0.069
2004-09-16 07:00:00,12.82,,,18.68,0.106
2004-09-16 08:00:00,7.927,,,11.05,0.207
2004-09-16 09:00:00,6.821,,,12.32,0.336
2004-09-16 10:00:00,18.13,,,15.83,0.167
2004-09-16 11:00:00,5.994,,,17.76,0.228
2004-09-16 12:00:00,3.595,,,19.19,0.202
2004-09-16 13:00:00,4.404,,,19.46,0.192
2004-09-16 14:00:00,1.152,,,22.22,0.216
2004-09-16 15:00:00,24.84,,,19.63,0.212
2004-09-16 16:00:00,24.05,,,19.4,0.271
2004-09-16 17:00:00,5.501,,,20.34,0.335
2004-09-16 18:00:00,7.78,,,11.75,0.499
2004-09-16 19:00:00,16.58,,,9.035,0.182
2004-09-16 20:00:00,16.97,,,0.5,0.304
2004-09-16 21:00:00,21.13,,,6.54,0.178
2004-09-16 22:00:00,30.41,,,6.036,0.173
2004-09-16 23:00:00,19.21,,,2.79,0.276
2004-09-17 00:00:00,10.86,,,10.95,0.181
2004-09-17 01:00:00,7.83,,,10.19,0.388
2004-09-17 02:00:00,1.941,,,9.582,0.365
2004-09-17 03:00:00,,,,5.383,0.412
2004-09-17 04:00:00,6.584,,,4.508,0.389
2004-09-17 05:00:00,18.09,,,0.5,0.435
2004-09-17 06:00:00,5.853,,,0.5,0.36
2004-09-17 07:00:00,14.48,,,0.5,0.533
2004-09-17 08:00:00,35.91,,,0.5,0.872
2004-09-17 09:00:00,30.35,,,5.535,0.944
2004-09-17 10:00:00,22.86,,,,0.543
2004-09-17 11:00:00,18.49,,,10.6,1.08
2004-09-17 12:00:00,28.44,,,19.55,0.637
2004-09-17 13:00:00,28.7,,,27.37,0.382
2004-09-17 14:00:00,23.35,,,30.59,0.317
2004-09-17 15:00:00,32.61,,,23.97,0.4
2004-09-17 16:00:00,19.07,,,26.67,0.329
2004-09-17 17:00:00,7.618,,,26.92,0.313
2004-09-17 18:00:00,22.6,,,23.19,0.329
2004-09-17 19:00:00,18.65,,,18.26,0.344
2004-09-17 20:00:00,37.46,,,13.82,0.423
2004-09-17 21:00:00,12.62,,,14.63,0.454
2004-09-17 22:00:00,21.74,,,10.3,0.494
2004-09-17 23:00:00,28.41,,,5.499,0.583
2004-09-18 00:00:00,7.579,,,0.5,0.919
2004-09-18 01:00:00,12.83,,,0.5,1.015
2004-09-18 02:00:00,26.97,,,6.712,0.701
2004-09-18 03:00:00,9.338,,,1.095,1.28
2004-09-18 04:00:00,17.89,,,0.5,1.207
2004-09-18 05:00:00,25.09,,,0.5,1.509
2004-09-18 06:00:00,25.91,,,0.5,1.113
2004-09-18 07:00:00,24.21,,,0.5,1.611
2004-09-18 08:00:00,30.92,,,1.0,1.35
2004-09-18 09:00:00,27.89,,,2.407,1.493
2004-09-18 10:00:00,49.53,,,11.2,1.056
2004-09-18 11:00:00,30.31,,,18.57,0.921
2004-09-18 12:00:00,33.22,,,28.81,1.091
2004-09-18 13:00:00,35.05,,,37.37,0.988
2004-09-18 14:00:00,44.91,,,48.68,0.959
2004-09-18 15:00:00,45.81,,,59.28,0.855
2004-09-18 16:00:00,41.49,,,52.95,0.78
2004-09-18 17:00:00,66.0,,,41.54,0.772
2004-09-18 18:00:00,46.35,,,28.31,0.75
2004-09-18 19:00:00,34.12,,,23.92,0.755
2004-09-18 20:00:00,53.78,,,19.94,0.894
2004-09-18 21:00:00,36.16,,,18.42,0.822
2004-09-18 22:00:00,36.76,,,21.72,0.843
2004-09-18 23:00:00,31.24,,,18.89,0.789
2004-09-19 00:00:00,26.24,,,18.54,0.722
2004-09-19 01:00:00,21.42,,,17.04,0.565
2004-09-19 02:00:00,39.81,,,3.603,1.241
2004-09-19 03:00:00,46.94,,,0.5,1.474
2004-09-19 04:00:00,38.34,,,0.5,1.822
2004-09-19 05:00:00,43.6,,,0.5,1.576
2004-09-19 06:00:00,57.24,,,0.5,1.252
2004-09-19 07:00:00,38.62,,,0.5,1.286
2004-09-19 08:00:00,49.38,,,1.0,1.627
2004-09-19 09:00:00,42.94,,,11.49,0.94
2004-09-19 10:00:00,34.41,,,13.67,0.792
2004-09-19 11:00:00,46.48,,,22.82,0.666
2004-09-19 12:00:00,41.79,,,26.34,0.779
2004-09-19 13:00:00,62.58,,,28.66,0.74
2004-09-19 14:00:00,32.92,,,30.13,0.669
2004-09-19 15:00:00,42.83,,,32.37,0.802
2004-09-19 16:00:00,39.04,,,29.51,0.854
2004-09-19 17:00:00,64.91,,,31.72,0.83
2004-09-19 18:00:00,51.13,,,20.33,1.086
2004-09-19 19:00:00,76.15,,,2.072,2.454
2004-09-19 20:00:00,79.23,,,2.036,3.526
2004-09-19 21:00:00,101.1,,,2.372,3.977
2004-09-19 22:00:00,94.97,,,2.878,4.249
2004-09-19 23:00:00,107.8,,,3.649,5.109
2004-09-20 00:00:00,117.3,,,2.832,3.586
2004-09-20 01:00:00,104.0,,,17.73,1.145
2004-09-20 02:00:00,74.57,,,25.45,0.597
2004-09-20 03:00:00,40.93,,,23.37,0.627
2004-09-20 04:00:00,27.2,,,23.53,0.469
2004-09-20 05:00:00,22.9,,,23.76,0.425
2004-09-20 06:00:00,5.97,,,26.89,0.377
2004-09-20 07:00:00,,,,25.68,0.431
2004-09-20 08:00:00,4.974,,,23.59,0.478
2004-09-20 09:00:00,1.891,,,24.99,0.445
2004-09-20 10:00:00,0.005,,,26.24,0.406
2004-09-20 11:00:00,0.16,,,27.44,0.385
2004-09-20 12:00:00,7.818,,,24.29,0.44
2004-09-20 13:00:00,2.882,,,20.95,0.524
2004-09-20 14:00:00,14.96,,,15.93,0.669
2004-09-20 15:00:00,5.575,,,8.121,0.847
2004-09-20 16:00:00,11.02,,,10.86,0.89
2004-09-20 17:00:00,4.092,,,10.54,0.712
2004-09-20 18:00:00,0.709,,,13.03,0.686
2004-09-20 19:00:00,10.05,,,5.505,1.115
2004-09-20 20:00:00,3.676,,,18.37,0.667
2004-09-20 21:00:00,2.623,,,19.08,0.565
2004-09-20 22:00:00,4.284,,,15.48,0.556
2004-09-20 23:00:00,1.236,,,13.94,0.568
2004-09-21 00:00:00,3.697,,,10.04,0.753
2004-09-21 01:00:00,1.39,,,17.9,0.614
2004-09-21 02:00:00,15.49,,,16.32,0.619
2004-09-21 03:00:00,5.81,,,8.403,0.641
2004-09-21 04:00:00,0.005,,,14.08,0.574
2004-09-21 05:00:00,,,,12.83,0.57
2004-09-21 06:00:00,,,,12.49,0.62
2004-09-21 07:00:00,10.81,,,11.92,0.632
2004-09-21 08:00:00,17.46,,,5.385,1.117
2004-09-21 09:00:00,9.808,,,6.426,1.389
2004-09-21 10:00:00,9.749,,,6.51,1.293
2004-09-21 11:00:00,16.04,,,8.96,1.33
2004-09-21 12:00:00,14.29,,,6.387,1.361
2004-09-21 13:00:00,21.96,,,11.78,1.057
2004-09-21 14:00:00,26.58,,,12.11,1.041
2004-09-21 15:00:00,43.29,,,13.45,1.035
2004-09-21 16:00:00,31.51,,,16.97,0.811
2004-09-21 17:00:00,22.97,,,16.6,0.764
2004-09-21 18:00:00,33.59,,,11.48,0.951
2004-09-21 19:00:00,24.72,,,1.391,1.602
2004-09-21 20:00:00,22.82,,,1.431,3.705
2004-09-21 21:00:00,63.44,,,1.104,3.032
2004-09-21 22:00:00,83.24,,,1.383,3.078
2004-09-21 23:00:00,45.71,,,1.669,4.417
2004-09-22 00:00:00,52.58,,,1.708,4.81
2004-09-22 01:00:00,55.88,,,1.447,4.149
2004-09-22 02:00:00,84.68,,,1.344,4.145
2004-09-22 03:00:00,78.04,,,1.218,3.868
2004-09-22 04:00:00,61.44,,,4.381,1.582
2004-09-22 05:00:00,64.84,,,10.89,0.371
2004-09-22 06:00:00,35.23,,,12.22,0.397
2004-09-22 07:00:00,44.32,,,4.394,0.475
2004-09-22 08:00:00,38.29,,,0.5,1.165
2004-09-22 09:00:00,16.79,,,0.5,1.802
2004-09-22 10:00:00,42.01,,,0.5,1.54
2004-09-22 11:00:00,34.87,,,1.117,1.358
2004-09-22 12:00:00,8.924,,,4.724,0.585
2004-09-22 13:00:00,12.64,,,9.793,0.359
2004-09-22 14:00:00,18.93,,,6.664,0.532
2004-09-22 15:00:00,7.391,,,7.405,0.503
2004-09-22 16:00:00,0.745,,,9.609,0.444
2004-09-22 17:00:00,,,,9.871,0.387
2004-09-22 18:00:00,22.55,,,13.15,0.33
2004-09-22 19:00:00,8.45,,,14.4,0.225
2004-09-22 20:00:00,,,,6.608,0.426
2004-09-22 21:00:00,28.1,,,9.958,0.227
2004-09-22 22:00:00,10.54,,,10.47,0.21
2004-09-22 23:00:00,5.749,,,9.065,0.209
2004-09-23 00:00:00,8.177,,,14.43,0.189
2004-09-23 01:00:00,9.842,,,18.11,0.176
2004-09-23 02:00:00,10.84,,,20.38,0.141
2004-09-23 03:00:00,4.098,,,23.08,0.129
2004-09-23 04:00:00,5.355,,,16.46,0.182
2004-09-23 05:00:00,8.567,,,18.11,0.142
2004-09-23 06:00:00,23.29,,,17.63,0.134
2004-09-23 07:00:00,9.177,,,8.637,0.164
2004-09-23 08:00:00,19.75,,,9.874,0.239
2004-09-23 09:00:00,11.61,,,12.38,0.286
2004-09-23 10:00:00,14.2,,,21.54,0.201
2004-09-23 11:00:00,25.2,,,19.6,0.197
2004-09-23 12:00:00,11.79,,,24.81,0.153
2004-09-23 13:00:00,24.25,,,22.84,0.194
2004-09-23 14:00:00,8.545,,,25.08,0.162
2004-09-23 15:00:00,12.55,,,25.45,0.173
2004-09-23 16:00:00,4.744,,,25.72,0.161
2004-09-23 17:00:00,19.01,,,24.78,0.204
2004-09-23 18:00:00,16.11,,,22.2,0.225
2004-09-23 19:00:00,5.772,,,18.31,0.234
2004-09-23 20:00:00,24.16,,,18.58,0.233
2004-09-23 21:00:00,10.13,,,21.31,0.174
2004-09-23 22:00:00,10.6,,,24.77,0.158
2004-09-23 23:00:00,36.95,,,24.41,0.165
2004-09-24 00:00:00,15.06,,,26.05,0.257
2004-09-24 01:00:00,0.93,,,27.31,0.369
2004-09-24 02:00:00,,,,26.97,0.361
2004-09-24 03:00:00,3.545,,,24.91,0.359
2004-09-24 04:00:00,1.345,,,21.51,0.364
2004-09-24 05:00:00,8.884,,,20.37,0.333
2004-09-24 06:00:00,3.329,,,20.48,0.323
2004-09-24 07:00:00,0.919,,,15.9,0.39
2004-09-24 08:00:00,0.349,,,4.666,0.593
2004-09-24 09:00:00,23.28,,,4.597,0.987
2004-09-24 10:00:00,14.65,,,6.517,1.161
2004-09-24 11:00:00,28.5,,,10.2,0.969
2004-09-24 12:00:00,9.98,,,13.98,0.969
2004-09-24 13:00:00,8.6,,,19.08,1.032
2004-09-24 14:00:00,20.91,,,24.28,0.852
2004-09-24 15:00:00,16.82,,,26.48,0.754
2004-09-24 16:00:00,23.02,,,17.05,0.931
2004-09-24 17:00:00,24.22,,,18.77,0.722
2004-09-24 18:00:00,6.394,,,16.13,0.664
2004-09-24 19:00:00,6.565,,,8.436,0.96
2004-09-24 20:00:00,28.79,,,9.469,0.605
2004-09-24 21:00:00,13.34,,,7.94,0.595
2004-09-24 22:00:00,9.188,,,10.46,0.575
2004-09-24 23:00:00,23.23,,,7.249,0.704
2004-09-25 00:00:00,10.67,,,3.128,0.582
2004-09-25 01:00:00,2.888,,,1.689,0.644
2004-09-25 02:00:00,23.84,,,8.897,0.464
2004-09-25 03:00:00,8.678,,,7.488,0.401
2004-09-25 04:00:00,11.91,,,16.34,0.307
2004-09-25 05:00:00,19.26,,,11.75,0.467
2004-09-25 06:00:00,5.571,,,11.22,0.356
2004-09-25 07:00:00,13.24,,,6.596,0.377
2004-09-25 08:00:00,4.926,,,7.629,0.368
2004-09-25 09:00:00,13.05,,,15.49,0.385
2004-09-25 10:00:00,11.15,,,25.08,0.299
2004-09-25 11:00:00,15.47,,,24.43,0.365
2004-09-25 12:00:00,4.889,,,24.86,0.403
2004-09-25 13:00:00,3.038,,,25.3,0.334
2004-09-25 14:00:00,1.146,,,27.8,0.269
2004-09-25 15:00:00,,,,31.64,0.259
2004-09-25 16:00:00,6.907,,,30.28,0.257
2004-09-25 17:00:00,13.25,,,28.66,0.221
2004-09-25 18:00:00,19.17,,,26.81,0.318
2004-09-25 19:00:00,19.08,,,26.56,0.305
2004-09-25 20:00:00,19.9,,,24.37,0.28
2004-09-25 21:00:00,6.199,,,23.42,0.29
2004-09-25 22:00:00,9.55,,,20.27,0.303
2004-09-25 23:00:00,19.86,,,18.94,0.241
2004-09-26 00:00:00,6.125,,,15.89,0.266
2004-09-26 01:00:00,3.726,,,12.13,0.371
2004-09-26 02:00:00,10.65,,,3.987,0.563
2004-09-26 03:00:00,3.516,,,2.59,0.647
2004-09-26 04:00:00,13.28,,,,
2004-09-26 05:00:00,10.64,,,0.5,
2004-09-26 06:00:00,1.847,,,0.5,
2004-09-26 07:00:00,17.74,,,0.5,0.689
2004-09-26 08:00:00,21.23,,,3.774,0.416
2004-09-26 09:00:00,17.78,,,6.65,0.303
2004-09-26 10:00:00,11.23,,,9.904,0.254
2004-09-26 11:00:00,18.8,,,11.14,0.429
2004-09-26 12:00:00,9.054,,,20.8,
2004-09-26 13:00:00,16.99,,,24.57,0.125
2004-09-26 14:00:00,24.49,,,20.99,0.143
2004-09-26 15:00:00,31.86,,,18.66,0.161
2004-09-26 16:00:00,31.2,,,19.48,0.17
2004-09-26 17:00:00,36.7,,,20.5,0.173
2004-09-26 18:00:00,26.17,,,21.85,0.128
2004-09-26 19:00:00,29.8,,,19.66,0.12
2004-09-26 20:00:00,21.24,,,17.73,0.211
2004-09-26 21:00:00,33.23,,,16.14,0.168
2004-09-26 22:00:00,22.31,,,11.69,0.197
2004-09-26 23:00:00,39.7,,,12.07,0.214
2004-09-27 00:00:00,34.29,,,20.57,0.306
2004-09-27 01:00:00,13.23,,,17.61,0.616
2004-09-27 02:00:00,32.29,,,23.04,0.491
2004-09-27 03:00:00,14.5,,,25.21,0.516
2004-09-27 04:00:00,1.117,,,23.49,0.458
2004-09-27 05:00:00,12.3,,,21.29,0.439
2004-09-27 06:00:00,4.707,,,19.13,0.446
2004-09-27 07:00:00,11.11,,,15.63,0.477
2004-09-27 08:00:00,20.67,,,10.44,0.591
2004-09-27 09:00:00,12.85,,,9.771,0.652
2004-09-27 10:00:00,6.258,,,15.95,0.59
2004-09-27 11:00:00,1.49,,,17.67,0.672
2004-09-27 12:00:00,2.501,,,13.91,0.711
2004-09-27 13:00:00,8.165,,,13.23,0.666
2004-09-27 14:00:00,28.6,,,14.01,0.808
2004-09-27 15:00:00,43.98,,,14.7,0.676
2004-09-27 16:00:00,12.96,,,13.15,0.699
2004-09-27 17:00:00,23.58,,,10.29,0.782
2004-09-27 18:00:00,22.72,,,7.729,0.754
2004-09-27 19:00:00,19.99,,,4.036,0.941
2004-09-27 20:00:00,13.79,,,0.5,1.587
2004-09-27 21:00:00,24.86,,,3.062,1.116
2004-09-27 22:00:00,22.34,,,1.953,0.981
2004-09-27 23:00:00,24.53,,,2.383,0.853
2004-09-28 00:00:00,7.327,,,4.094,0.886
2004-09-28 01:00:00,,,,6.365,0.723
2004-09-28 02:00:00,16.82,,,8.365,0.716
2004-09-28 03:00:00,17.32,,,10.94,0.63
2004-09-28 04:00:00,8.37,,,7.556,0.652
2004-09-28 05:00:00,30.18,,,10.73,0.698
2004-09-28 06:00:00,10.93,,,3.681,0.905
2004-09-28 07:00:00,21.14,,,0.5,1.054
2004-09-28 08:00:00,40.89,,,0.5,1.924
2004-09-28 09:00:00,39.64,,,1.186,2.151
2004-09-28 10:00:00,37.96,,,5.873,1.587
2004-09-28 11:00:00,21.25,,,6.665,1.81
2004-09-28 12:00:00,5.495,,,12.25,1.268
2004-09-28 13:00:00,29.26,,,18.34,1.001
2004-09-28 14:00:00,15.97,,,19.64,1.172
2004-09-28 15:00:00,24.95,,,15.15,1.435
2004-09-28 16:00:00,35.68,,,13.44,1.506
2004-09-28 17:00:00,24.95,,,7.596,1.687
2004-09-28 18:00:00,29.55,,,4.532,2.169
2004-09-28 19:00:00,21.1,,,10.22,1.555
2004-09-28 20:00:00,25.29,,,2.977,2.414
2004-09-28 21:00:00,37.44,,,12.22,1.213
2004-09-28 22:00:00,20.15,,,22.32,0.572
2004-09-28 23:00:00,8.049,,,21.77,0.618
2004-09-29 00:00:00,10.08,,,25.82,0.4
2004-09-29 01:00:00,3.194,,,26.67,0.2
2004-09-29 02:00:00,1.648,,,26.2,0.179
2004-09-29 03:00:00,9.743,,,27.23,0.147
2004-09-29 04:00:00,14.5,,,27.83,0.14
2004-09-29 05:00:00,4.228,,,23.54,0.137
2004-09-29 06:00:00,,,,18.55,0.151
2004-09-29 07:00:00,,,,6.039,0.295
2004-09-29 08:00:00,21.45,,,5.953,0.649
2004-09-29 09:00:00,19.81,,,10.86,0.542
2004-09-29 10:00:00,20.18,,,12.74,0.43
2004-09-29 11:00:00,20.45,,,17.41,0.494
2004-09-29 12:00:00,5.991,,,18.54,0.383
2004-09-29 13:00:00,0.192,,,20.99,0.381
2004-09-29 14:00:00,6.441,,,21.33,0.304
2004-09-29 15:00:00,11.3,,,16.62,0.515
2004-09-29 16:00:00,5.09,,,15.66,0.448
2004-09-29 17:00:00,22.65,,,23.15,0.198
2004-09-29 18:00:00,18.99,,,21.42,0.166
2004-09-29 19:00:00,8.467,,,16.82,0.249
2004-09-29 20:00:00,8.317,,,13.65,0.313
2004-09-29 21:00:00,16.52,,,18.43,0.219
2004-09-29 22:00:00,5.927,,,19.36,0.2
2004-09-29 23:00:00,24.74,,,24.96,0.176
2004-09-30 00:00:00,16.04,,,28.02,0.23
2004-09-30 01:00:00,18.15,,,25.06,0.316
2004-09-30 02:00:00,11.86,,,27.4,0.326
2004-09-30 03:00:00,3.797,,,24.46,0.345
2004-09-30 04:00:00,5.645,,,25.02,0.298
2004-09-30 05:00:00,20.9,,,25.46,0.275
2004-09-30 06:00:00,16.5,,,23.91,0.284
2004-09-30 07:00:00,14.07,,,9.76,0.311
2004-09-30 08:00:00,3.993,,,13.6,0.426
2004-09-30 09:00:00,22.16,,,17.81,0.506
2004-09-30 10:00:00,25.28,,,21.73,0.375
2004-09-30 11:00:00,25.92,,,24.78,0.321
2004-09-30 12:00:00,7.4,,,25.78,0.359
2004-09-30 13:00:00,14.06,,,27.4,0.288
2004-09-30 14:00:00,14.77,,,28.85,0.304
2004-09-30 15:00:00,9.048,,,28.34,0.309
2004-09-30 16:00:00,2.517,,,29.54,0.333
2004-09-30 17:00:00,6.242,,,26.6,0.283
2004-09-30 18:00:00,12.97,,,21.84,0.334
2004-09-30 19:00:00,22.03,,,19.91,0.354
2004-09-30 20:00:00,19.87,,,19.77,0.351
2004-09-30 21:00:00,22.53,,,20.25,0.342
2004-09-30 22:00:00,6.635,,,18.4,0.341
2004-09-30 23:00:00,24.99,,,14.35,0.41
2004-10-01 00:00:00,9.444,,,13.95,0.36
2004-10-01 01:00:00,,,,17.53,0.339
2004-10-01 02:00:00,8.792,,,19.83,0.245
2004-10-01 03:00:00,4.697,,,20.7,0.297
2004-10-01 04:00:00,0.512,,,20.46,0.314
2004-10-01 05:00:00,21.83,,,10.82,0.333
2004-10-01 06:00:00,12.88,,,3.557,0.554
2004-10-01 07:00:00,2.746,,,0.5,0.652
2004-10-01 08:00:00,34.25,,,1.522,1.111
2004-10-01 09:00:00,14.68,,,4.747,1.013
2004-10-01 10:00:00,9.571,,,10.53,0.781
2004-10-01 11:00:00,27.09,,,11.76,0.68
2004-10-01 12:00:00,16.97,,,17.37,0.779
2004-10-01 13:00:00,11.35,,,23.65,0.537
2004-10-01 14:00:00,19.9,,,24.78,0.814
2004-10-01 15:00:00,14.91,,,22.63,0.897
2004-10-01 16:00:00,22.85,,,25.14,0.766
2004-10-01 17:00:00,28.07,,,17.1,1.045
2004-10-01 18:00:00,17.32,,,13.12,1.207
2004-10-01 19:00:00,32.71,,,15.05,0.908
2004-10-01 20:00:00,22.89,,,16.73,0.507
2004-10-01 21:00:00,47.86,,,11.16,0.646
2004-10-01 22:00:00,34.35,,,2.239,0.813
2004-10-01 23:00:00,22.46,,,0.5,1.475
2004-10-02 00:00:00,5.937,,,0.5,1.832
2004-10-02 01:00:00,39.68,,,0.5,2.589
2004-10-02 02:00:00,33.16,,,0.5,2.247
2004-10-02 03:00:00,43.15,,,0.5,2.085
2004-10-02 04:00:00,49.6,,,0.5,2.232
2004-10-02 05:00:00,27.08,,,0.5,1.785
2004-10-02 06:00:00,46.02,,,0.5,1.296
2004-10-02 07:00:00,46.21,,,1.217,0.85
2004-10-02 08:00:00,30.65,,,2.964,1.118
2004-10-02 09:00:00,48.52,,,4.09,1.228
2004-10-02 10:00:00,31.09,,,8.021,1.019
2004-10-02 11:00:00,19.97,,,12.44,1.195
2004-10-02 12:00:00,12.86,,,22.05,1.147
2004-10-02 13:00:00,17.86,,,22.57,1.132
2004-10-02 14:00:00,24.3,,,31.65,0.628
2004-10-02 15:00:00,15.01,,,34.14,0.639
2004-10-02 16:00:00,28.91,,,29.22,0.915
2004-10-02 17:00:00,22.5,,,32.83,0.52
2004-10-02 18:00:00,37.44,,,32.58,0.446
2004-10-02 19:00:00,18.33,,,27.72,0.559
2004-10-02 20:00:00,10.99,,,27.6,0.56
2004-10-02 21:00:00,47.54,,,25.32,0.522
2004-10-02 22:00:00,34.1,,,23.66,0.539
2004-10-02 23:00:00,15.0,,,24.53,0.451
2004-10-03 00:00:00,9.439,,,20.84,0.433
2004-10-03 01:00:00,8.744,,,19.58,0.283
2004-10-03 02:00:00,7.729,,,19.33,0.295
2004-10-03 03:00:00,15.3,,,19.02,0.239
2004-10-03 04:00:00,5.041,,,12.4,0.268
2004-10-03 05:00:00,2.434,,,9.71,0.322
2004-10-03 06:00:00,8.225,,,7.721,0.327
2004-10-03 07:00:00,6.447,,,13.85,0.242
2004-10-03 08:00:00,1.391,,,23.5,0.148
2004-10-03 09:00:00,12.55,,,23.92,0.234
2004-10-03 10:00:00,10.53,,,22.76,0.218
2004-10-03 11:00:00,9.668,,,25.71,0.252
2004-10-03 12:00:00,12.53,,,24.22,0.381
2004-10-03 13:00:00,22.67,,,27.29,0.311
2004-10-03 14:00:00,7.761,,,26.4,0.313
2004-10-03 15:00:00,23.36,,,28.84,0.254
2004-10-03 16:00:00,18.17,,,27.62,0.273
2004-10-03 17:00:00,8.69,,,27.66,0.249
2004-10-03 18:00:00,23.88,,,27.18,0.236
2004-10-03 19:00:00,8.221,,,27.08,0.196
2004-10-03 20:00:00,1.203,,,21.79,0.228
2004-10-03 21:00:00,17.25,,,16.37,0.245
2004-10-03 22:00:00,21.26,,,12.08,0.339
2004-10-03 23:00:00,14.85,,,12.98,0.241
2004-10-04 00:00:00,17.86,,,9.413,0.302
2004-10-04 01:00:00,5.42,,,7.985,0.297
2004-10-04 02:00:00,8.864,,,7.843,0.325
2004-10-04 03:00:00,15.17,,,10.64,0.247
2004-10-04 04:00:00,32.14,,,10.83,0.244
2004-10-04 05:00:00,15.93,,,3.41,0.244
2004-10-04 06:00:00,2.089,,,2.117,0.329
2004-10-04 07:00:00,9.964,,,1.257,0.339
2004-10-04 08:00:00,15.81,,,5.538,0.746
2004-10-04 09:00:00,14.5,,,9.236,0.811
2004-10-04 10:00:00,18.18,,,14.63,0.514
2004-10-04 11:00:00,23.15,,,17.37,0.462
2004-10-04 12:00:00,23.15,,,18.07,0.433
2004-10-04 13:00:00,6.203,,,22.51,0.337
2004-10-04 14:00:00,,,,28.48,0.263
2004-10-04 15:00:00,4.161,,,24.48,0.361
2004-10-04 16:00:00,1.581,,,25.72,0.251
2004-10-04 17:00:00,12.07,,,25.01,0.265
2004-10-04 18:00:00,25.24,,,19.39,0.332
2004-10-04 19:00:00,15.12,,,14.78,0.34
2004-10-04 20:00:00,5.287,,,9.749,0.428
2004-10-04 21:00:00,13.64,,,10.02,0.33
2004-10-04 22:00:00,29.28,,,10.45,0.28
2004-10-04 23:00:00,19.75,,,13.43,0.337
2004-10-05 00:00:00,24.92,,,16.31,0.205
2004-10-05 01:00:00,20.25,,,17.59,0.3
2004-10-05 02:00:00,4.671,,,19.88,0.276
2004-10-05 03:00:00,1.551,,,19.32,0.278
2004-10-05 04:00:00,0.588,,,9.193,0.369
2004-10-05 05:00:00,9.577,,,1.436,0.44
2004-10-05 06:00:00,4.591,,,1.971,0.373
2004-10-05 07:00:00,23.94,,,0.5,0.41
2004-10-05 08:00:00,17.23,,,9.601,0.421
2004-10-05 09:00:00,8.605,,,19.11,0.356
2004-10-05 10:00:00,14.28,,,18.09,0.43
2004-10-05 11:00:00,6.266,,,22.55,0.356
2004-10-05 12:00:00,0.611,,,25.74,0.314
2004-10-05 13:00:00,2.456,,,20.79,0.456
2004-10-05 14:00:00,0.944,,,21.85,0.457
2004-10-05 15:00:00,14.17,,,21.99,0.374
2004-10-05 16:00:00,6.533,,,22.98,0.423
2004-10-05 17:00:00,8.067,,,22.96,0.324
2004-10-05 18:00:00,23.15,,,20.81,0.341
2004-10-05 19:00:00,20.29,,,17.02,0.427
2004-10-05 20:00:00,6.674,,,16.47,0.411
2004-10-05 21:00:00,13.04,,,12.5,0.421
2004-10-05 22:00:00,15.12,,,17.39,0.328
2004-10-05 23:00:00,26.05,,,17.64,0.301
2004-10-06 00:00:00,8.517,,,17.26,0.228
2004-10-06 01:00:00,14.77,,,14.93,0.136
2004-10-06 02:00:00,5.652,,,12.04,0.14
2004-10-06 03:00:00,,,,20.29,0.119
2004-10-06 04:00:00,2.535,,,19.1,0.12
2004-10-06 05:00:00,6.789,,,21.21,0.083
2004-10-06 06:00:00,16.11,,,22.36,0.084
2004-10-06 07:00:00,7.138,,,9.1,0.113
2004-10-06 08:00:00,6.802,,,11.28,0.176
2004-10-06 09:00:00,17.7,,,24.61,0.15
2004-10-06 10:00:00,18.2,,,27.19,0.107
2004-10-06 11:00:00,22.19,,,29.23,0.153
2004-10-06 12:00:00,20.39,,,29.96,0.171
2004-10-06 13:00:00,5.256,,,32.33,0.115
2004-10-06 14:00:00,3.098,,,31.28,0.133
2004-10-06 15:00:00,14.24,,,30.72,0.169
2004-10-06 16:00:00,18.7,,,32.01,0.128
2004-10-06 17:00:00,5.256,,,27.01,0.166
2004-10-06 18:00:00,13.65,,,22.59,0.181
2004-10-06 19:00:00,12.24,,,15.21,0.247
2004-10-06 20:00:00,29.21,,,9.676,0.269
2004-10-06 21:00:00,30.81,,,6.225,0.219
2004-10-06 22:00:00,16.32,,,8.215,0.175
2004-10-06 23:00:00,21.41,,,14.47,0.144
2004-10-07 00:00:00,7.725,,,12.19,0.145
2004-10-07 01:00:00,12.17,,,11.52,0.266
2004-10-07 02:00:00,12.97,,,10.71,0.248
2004-10-07 03:00:00,13.68,,,14.12,0.239
2004-10-07 04:00:00,14.74,,,16.08,0.221
2004-10-07 05:00:00,4.684,,,18.0,0.163
2004-10-07 06:00:00,4.664,,,19.19,0.189
2004-10-07 07:00:00,1.734,,,13.21,0.21
2004-10-07 08:00:00,19.46,,,18.97,0.303
2004-10-07 09:00:00,10.81,,,29.06,0.201
2004-10-07 10:00:00,17.11,,,27.96,0.238
2004-10-07 11:00:00,14.73,,,,
2004-10-07 12:00:00,3.96,,,23.82,0.37
2004-10-07 13:00:00,16.12,,,27.02,0.303
2004-10-07 14:00:00,6.298,,,29.42,0.325
2004-10-07 15:00:00,11.3,,,27.92,0.242
2004-10-07 16:00:00,17.07,,,27.51,0.266
2004-10-07 17:00:00,23.65,,,25.05,0.23
2004-10-07 18:00:00,7.336,,,21.91,0.288
2004-10-07 19:00:00,15.61,,,18.54,0.343
2004-10-07 20:00:00,11.85,,,16.38,0.346
2004-10-07 21:00:00,17.08,,,17.92,0.378
2004-10-07 22:00:00,10.85,,,17.19,0.326
2004-10-07 23:00:00,11.55,,,13.83,0.334
2004-10-08 00:00:00,3.646,,,15.82,0.282
2004-10-08 01:00:00,7.17,,,16.06,0.116
2004-10-08 02:00:00,14.07,,,17.41,0.113
2004-10-08 03:00:00,10.44,,,17.79,0.109
2004-10-08 04:00:00,2.335,,,17.27,0.111
2004-10-08 05:00:00,,,,18.75,0.124
2004-10-08 06:00:00,,,,13.64,0.111
2004-10-08 07:00:00,,,,4.69,0.231
2004-10-08 08:00:00,8.683,,,6.646,0.248
2004-10-08 09:00:00,19.51,,,12.5,0.206
2004-10-08 10:00:00,6.149,,,17.4,0.221
2004-10-08 11:00:00,20.29,,,22.41,0.193
2004-10-08 12:00:00,22.34,,,26.0,0.215
2004-10-08 13:00:00,5.538,,,29.15,0.22
2004-10-08 14:00:00,17.32,,,30.25,0.181
2004-10-08 15:00:00,6.636,,,25.19,0.228
2004-10-08 16:00:00,11.27,,,22.99,0.177
2004-10-08 17:00:00,13.86,,,22.46,0.166
2004-10-08 18:00:00,16.83,,,20.14,0.196
2004-10-08 19:00:00,47.73,,,18.35,0.149
2004-10-08 20:00:00,32.03,,,14.35,0.217
2004-10-08 21:00:00,31.92,,,13.8,0.219
2004-10-08 22:00:00,27.57,,,11.35,0.189
2004-10-08 23:00:00,15.29,,,9.875,0.234
2004-10-09 00:00:00,4.62,,,11.14,0.304
2004-10-09 01:00:00,17.33,,,6.983,0.485
2004-10-09 02:00:00,16.99,,,13.38,0.358
2004-10-09 03:00:00,4.035,,,16.86,0.3
2004-10-09 04:00:00,17.66,,,13.39,0.338
2004-10-09 05:00:00,6.71,,,9.594,0.398
2004-10-09 06:00:00,,,,8.547,0.42
2004-10-09 07:00:00,18.89,,,3.15,0.528
2004-10-09 08:00:00,34.73,,,2.253,0.673
2004-10-09 09:00:00,31.57,,,4.467,0.808
2004-10-09 10:00:00,35.04,,,8.219,0.797
2004-10-09 11:00:00,42.16,,,19.49,0.615
2004-10-09 12:00:00,19.57,,,21.57,0.85
2004-10-09 13:00:00,46.3,,,15.44,0.838
2004-10-09 14:00:00,28.34,,,9.768,1.222
2004-10-09 15:00:00,56.19,,,17.03,0.9
2004-10-09 16:00:00,53.76,,,22.64,0.759
2004-10-09 17:00:00,48.0,,,22.41,0.948
2004-10-09 18:00:00,58.11,,,4.914,2.113
2004-10-09 19:00:00,64.24,,,2.011,2.148
2004-10-09 20:00:00,72.35,,,1.0,1.861
2004-10-09 21:00:00,76.31,,,1.649,3.11
2004-10-09 22:00:00,84.05,,,1.53,2.727
2004-10-09 23:00:00,79.5,,,2.754,4.249
2004-10-10 00:00:00,90.87,,,2.174,4.136
2004-10-10 01:00:00,79.11,,,1.013,
2004-10-10 02:00:00,69.85,,,1.457,
2004-10-10 03:00:00,67.91,,,2.0,
2004-10-10 04:00:00,82.05,,,2.564,
2004-10-10 05:00:00,69.24,,,2.182,
2004-10-10 06:00:00,50.66,,,3.606,
2004-10-10 07:00:00,53.41,,,4.567,
2004-10-10 08:00:00,46.45,,,10.33,
2004-10-10 09:00:00,32.99,,,12.19,
2004-10-10 10:00:00,24.64,,,18.18,0.747
2004-10-10 11:00:00,39.51,,,19.73,0.673
2004-10-10 12:00:00,29.59,,,25.85,0.657
2004-10-10 13:00:00,19.79,,,30.38,0.652
2004-10-10 14:00:00,10.38,,,33.76,0.635
2004-10-10 15:00:00,28.78,,,35.18,0.675
2004-10-10 16:00:00,26.94,,,30.89,0.72
2004-10-10 17:00:00,34.25,,,26.43,0.545
2004-10-10 18:00:00,20.27,,,24.6,0.572
2004-10-10 19:00:00,20.51,,,22.8,0.614
2004-10-10 20:00:00,29.56,,,20.38,0.614
2004-10-10 21:00:00,11.1,,,26.32,0.495
2004-10-10 22:00:00,20.04,,,24.4,0.555
2004-10-10 23:00:00,22.63,,,20.89,0.583
2004-10-11 00:00:00,16.25,,,18.61,0.507
2004-10-11 01:00:00,3.952,,,7.062,0.676
2004-10-11 02:00:00,13.98,,,0.5,0.891
2004-10-11 03:00:00,26.27,,,1.025,0.846
2004-10-11 04:00:00,17.06,,,8.276,0.55
2004-10-11 05:00:00,20.05,,,14.62,0.482
2004-10-11 06:00:00,21.07,,,13.7,0.453
2004-10-11 07:00:00,19.87,,,10.31,0.499
2004-10-11 08:00:00,15.38,,,6.146,1.027
2004-10-11 09:00:00,31.9,,,11.5,0.666
2004-10-11 10:00:00,13.04,,,13.64,0.736
2004-10-11 11:00:00,10.91,,,18.71,0.637
2004-10-11 12:00:00,9.833,,,27.16,0.526
2004-10-11 13:00:00,2.277,,,33.03,0.352
2004-10-11 14:00:00,,,,30.95,0.42
2004-10-11 15:00:00,9.309,,,29.04,0.436
2004-10-11 16:00:00,3.563,,,31.65,0.323
2004-10-11 17:00:00,14.12,,,31.81,0.294
2004-10-11 18:00:00,10.68,,,27.65,0.353
2004-10-11 19:00:00,12.0,,,19.56,0.404
2004-10-11 20:00:00,28.29,,,16.7,0.366
2004-10-11 21:00:00,21.25,,,15.52,0.37
2004-10-11 22:00:00,12.18,,,19.52,0.38
2004-10-11 23:00:00,11.77,,,18.2,0.386
2004-10-12 00:00:00,15.76,,,19.96,0.315
2004-10-12 01:00:00,14.28,,,20.5,0.323
2004-10-12 02:00:00,3.664,,,21.44,0.324
2004-10-12 03:00:00,,,,20.72,0.275
2004-10-12 04:00:00,8.29,,,20.35,0.323
2004-10-12 05:00:00,11.85,,,19.95,0.276
2004-10-12 06:00:00,9.708,,,18.9,0.319
2004-10-12 07:00:00,8.96,,,17.83,0.317
2004-10-12 08:00:00,15.44,,,17.8,0.331
2004-10-12 09:00:00,11.26,,,18.13,0.375
2004-10-12 10:00:00,14.87,,,19.61,0.344
2004-10-12 11:00:00,20.04,,,21.26,0.424
2004-10-12 12:00:00,5.923,,,23.18,0.446
2004-10-12 13:00:00,28.67,,,24.48,0.445
2004-10-12 14:00:00,23.85,,,22.89,0.413
2004-10-12 15:00:00,30.53,,,21.32,0.381
2004-10-12 16:00:00,31.82,,,20.97,0.395
2004-10-12 17:00:00,10.59,,,21.57,0.411
2004-10-12 18:00:00,23.81,,,19.29,0.437
2004-10-12 19:00:00,42.26,,,17.74,0.472
2004-10-12 20:00:00,22.02,,,15.32,0.501
2004-10-12 21:00:00,38.25,,,15.82,0.545
2004-10-12 22:00:00,24.4,,,19.14,0.626
2004-10-12 23:00:00,22.24,,,18.6,0.73
2004-10-13 00:00:00,16.24,,,15.9,0.617
2004-10-13 01:00:00,8.685,,,10.56,0.646
2004-10-13 02:00:00,1.967,,,14.33,0.54
2004-10-13 03:00:00,9.576,,,16.71,0.561
2004-10-13 04:00:00,3.716,,,18.53,0.55
2004-10-13 05:00:00,,,,21.01,0.481
2004-10-13 06:00:00,6.442,,,21.41,0.448
2004-10-13 07:00:00,2.503,,,17.48,0.621
2004-10-13 08:00:00,,,,2.903,1.56
2004-10-13 09:00:00,21.46,,,1.094,1.923
2004-10-13 10:00:00,35.09,,,1.964,1.407
2004-10-13 11:00:00,24.51,,,1.474,1.795
2004-10-13 12:00:00,19.77,,,5.427,1.298
2004-10-13 13:00:00,20.63,,,9.952,0.875
2004-10-13 14:00:00,5.901,,,13.65,0.939
2004-10-13 15:00:00,25.06,,,11.77,1.311
2004-10-13 16:00:00,17.27,,,11.24,1.347
2004-10-13 17:00:00,15.09,,,13.19,1.021
2004-10-13 18:00:00,18.54,,,9.856,1.257
2004-10-13 19:00:00,12.16,,,5.458,1.382
2004-10-13 20:00:00,30.31,,,5.356,1.19
2004-10-13 21:00:00,10.79,,,7.346,0.885
2004-10-13 22:00:00,8.414,,,7.268,0.901
2004-10-13 23:00:00,13.08,,,8.471,0.769
2004-10-14 00:00:00,3.818,,,10.32,0.548
2004-10-14 01:00:00,12.83,,,10.59,0.546
2004-10-14 02:00:00,5.038,,,11.19,0.497
2004-10-14 03:00:00,12.97,,,9.19,0.522
2004-10-14 04:00:00,13.89,,,7.592,0.453
2004-10-14 05:00:00,3.482,,,8.011,0.444
2004-10-14 06:00:00,23.62,,,7.812,0.409
2004-10-14 07:00:00,9.23,,,7.325,0.424
2004-10-14 08:00:00,4.259,,,6.629,0.857
2004-10-14 09:00:00,15.84,,,7.868,0.911
2004-10-14 10:00:00,9.523,,,9.282,0.709
2004-10-14 11:00:00,17.61,,,12.77,0.695
2004-10-14 12:00:00,11.61,,,16.07,0.771
2004-10-14 13:00:00,22.82,,,17.8,0.71
2004-10-14 14:00:00,7.879,,,18.92,0.708
2004-10-14 15:00:00,7.699,,,17.18,0.714
2004-10-14 16:00:00,2.961,,,15.85,0.762
2004-10-14 17:00:00,25.04,,,15.16,0.868
2004-10-14 18:00:00,9.515,,,11.28,1.234
2004-10-14 19:00:00,7.105,,,6.718,0.875
2004-10-14 20:00:00,24.86,,,7.231,0.513
2004-10-14 21:00:00,20.45,,,10.79,0.459
2004-10-14 22:00:00,20.03,,,19.08,0.422
2004-10-14 23:00:00,21.57,,,19.17,0.418
2004-10-15 00:00:00,19.3,,,18.62,0.333
2004-10-15 01:00:00,5.749,,,20.75,0.274
2004-10-15 02:00:00,7.732,,,23.6,0.284
2004-10-15 03:00:00,5.205,,,22.39,0.267
2004-10-15 04:00:00,11.49,,,21.3,0.262
2004-10-15 05:00:00,4.043,,,20.68,0.303
2004-10-15 06:00:00,16.39,,,18.18,0.244
2004-10-15 07:00:00,6.314,,,11.19,0.306
2004-10-15 08:00:00,8.184,,,8.863,0.411
2004-10-15 09:00:00,12.74,,,7.965,0.528
2004-10-15 10:00:00,20.59,,,11.21,0.528
2004-10-15 11:00:00,13.46,,,14.12,0.496
2004-10-15 12:00:00,2.662,,,18.25,0.41
2004-10-15 13:00:00,,,,17.92,0.565
2004-10-15 14:00:00,27.12,,,18.52,0.847
2004-10-15 15:00:00,22.83,,,26.18,0.403
2004-10-15 16:00:00,20.42,,,21.59,0.376
2004-10-15 17:00:00,15.68,,,20.16,0.412
2004-10-15 18:00:00,27.71,,,15.04,0.5
2004-10-15 19:00:00,42.85,,,9.747,0.482
2004-10-15 20:00:00,28.53,,,2.715,0.592
2004-10-15 21:00:00,31.35,,,2.424,0.574
2004-10-15 22:00:00,24.77,,,2.104,0.765
2004-10-15 23:00:00,31.13,,,5.794,0.456
2004-10-16 00:00:00,9.761,,,4.449,0.395
2004-10-16 01:00:00,9.63,,,7.564,0.331
2004-10-16 02:00:00,7.163,,,7.178,0.38
2004-10-16 03:00:00,10.19,,,5.702,0.388
2004-10-16 04:00:00,22.05,,,6.756,0.358
2004-10-16 05:00:00,20.64,,,7.947,0.348
2004-10-16 06:00:00,5.204,,,6.288,0.346
2004-10-16 07:00:00,3.366,,,6.122,0.345
2004-10-16 08:00:00,13.24,,,4.515,0.403
2004-10-16 09:00:00,29.63,,,1.939,0.92
2004-10-16 10:00:00,33.62,,,2.106,0.985
2004-10-16 11:00:00,36.88,,,5.243,0.747
2004-10-16 12:00:00,10.74,,,6.329,0.765
2004-10-16 13:00:00,,,,6.753,0.894
2004-10-16 14:00:00,20.69,,,10.73,0.745
2004-10-16 15:00:00,7.972,,,13.84,0.653
2004-10-16 16:00:00,14.92,,,15.07,0.685
2004-10-16 17:00:00,5.833,,,9.435,1.098
2004-10-16 18:00:00,13.64,,,1.649,1.051
2004-10-16 19:00:00,9.235,,,7.053,0.654
2004-10-16 20:00:00,29.69,,,6.717,0.635
2004-10-16 21:00:00,11.01,,,8.385,0.583
2004-10-16 22:00:00,0.006,,,3.357,1.375
2004-10-16 23:00:00,8.657,,,1.576,1.392
2004-10-17 00:00:00,3.386,,,2.8,1.037
2004-10-17 01:00:00,0.822,,,5.456,0.776
2004-10-17 02:00:00,16.16,,,8.061,0.583
2004-10-17 03:00:00,6.186,,,9.849,0.471
2004-10-17 04:00:00,21.5,,,12.72,0.382
2004-10-17 05:00:00,8.341,,,10.86,0.369
2004-10-17 06:00:00,,,,9.386,0.377
2004-10-17 07:00:00,14.53,,,8.986,0.353
2004-10-17 08:00:00,13.35,,,11.41,0.291
2004-10-17 09:00:00,16.32,,,18.5,0.232
2004-10-17 10:00:00,5.142,,,20.24,0.291
2004-10-17 11:00:00,9.023,,,20.77,0.209
2004-10-17 12:00:00,3.447,,,24.26,0.244
2004-10-17 13:00:00,,,,28.79,0.211
2004-10-17 14:00:00,,,,33.98,0.175
2004-10-17 15:00:00,,,,28.87,0.237
2004-10-17 16:00:00,,,,26.8,0.321
2004-10-17 17:00:00,14.28,,,31.09,0.221
2004-10-17 18:00:00,5.469,,,29.72,0.151
2004-10-17 19:00:00,,,,18.64,0.199
2004-10-17 20:00:00,,,,9.068,0.298
2004-10-17 21:00:00,,,,8.135,0.325
2004-10-17 22:00:00,15.41,,,14.27,0.208
2004-10-17 23:00:00,12.22,,,15.32,0.216
2004-10-18 00:00:00,2.41,,,15.91,0.342
2004-10-18 01:00:00,2.487,,,19.29,0.469
2004-10-18 02:00:00,0.958,,,22.69,0.472
2004-10-18 03:00:00,,,,22.15,0.443
2004-10-18 04:00:00,,,,18.51,0.512
2004-10-18 05:00:00,,,,19.05,0.552
2004-10-18 06:00:00,4.348,,,21.77,0.501
2004-10-18 07:00:00,1.672,,,13.87,0.638
2004-10-18 08:00:00,23.74,,,3.046,1.2
2004-10-18 09:00:00,11.4,,,8.035,1.055
2004-10-18 10:00:00,8.621,,,14.29,0.745
2004-10-18 11:00:00,2.983,,,19.36,0.65
2004-10-18 12:00:00,3.148,,,21.34,0.812
2004-10-18 13:00:00,1.719,,,16.76,1.32
2004-10-18 14:00:00,20.83,,,18.68,1.549
2004-10-18 15:00:00,39.76,,,15.68,1.456
2004-10-18 16:00:00,34.63,,,14.91,1.273
2004-10-18 17:00:00,20.12,,,14.39,0.929
2004-10-18 18:00:00,26.77,,,3.989,1.266
2004-10-18 19:00:00,40.68,,,1.444,1.781
2004-10-18 20:00:00,39.24,,,7.069,1.04
2004-10-18 21:00:00,10.45,,,4.258,0.936
2004-10-18 22:00:00,18.62,,,0.5,1.21
2004-10-18 23:00:00,20.99,,,0.5,1.517
2004-10-19 00:00:00,13.97,,,1.428,1.329
2004-10-19 01:00:00,3.957,,,9.217,0.768
2004-10-19 02:00:00,29.56,,,15.3,0.524
2004-10-19 03:00:00,12.55,,,17.75,0.42
2004-10-19 04:00:00,10.78,,,19.09,0.435
2004-10-19 05:00:00,11.79,,,22.49,0.36
2004-10-19 06:00:00,26.42,,,24.94,0.334
2004-10-19 07:00:00,9.098,,,17.91,0.509
2004-10-19 08:00:00,0.18,,,13.91,0.684
2004-10-19 09:00:00,12.51,,,16.36,0.695
2004-10-19 10:00:00,14.3,,,19.73,0.643
2004-10-19 11:00:00,9.764,,,20.73,0.56
2004-10-19 12:00:00,2.33,,,23.12,0.458
2004-10-19 13:00:00,3.407,,,25.12,0.47
2004-10-19 14:00:00,1.312,,,25.45,0.443
2004-10-19 15:00:00,7.013,,,28.19,0.364
2004-10-19 16:00:00,2.684,,,26.93,0.407
2004-10-19 17:00:00,17.34,,,25.43,0.353
2004-10-19 18:00:00,6.706,,,22.98,0.398
2004-10-19 19:00:00,11.94,,,16.02,0.448
2004-10-19 20:00:00,13.39,,,13.52,0.455
2004-10-19 21:00:00,11.66,,,10.1,0.555
2004-10-19 22:00:00,27.3,,,3.974,0.927
2004-10-19 23:00:00,53.02,,,8.802,0.569
2004-10-20 00:00:00,31.91,,,16.06,0.314
2004-10-20 01:00:00,9.609,,,18.52,0.104
2004-10-20 02:00:00,10.12,,,16.21,0.096
2004-10-20 03:00:00,12.54,,,15.57,0.151
2004-10-20 04:00:00,6.428,,,16.41,0.115
2004-10-20 05:00:00,19.26,,,16.55,0.158
2004-10-20 06:00:00,17.05,,,13.92,0.105
2004-10-20 07:00:00,5.603,,,13.71,0.115
2004-10-20 08:00:00,29.18,,,8.103,0.466
2004-10-20 09:00:00,21.53,,,9.306,0.407
2004-10-20 10:00:00,19.62,,,14.52,0.234
2004-10-20 11:00:00,16.54,,,23.27,0.174
2004-10-20 12:00:00,12.69,,,19.21,0.249
2004-10-20 13:00:00,11.72,,,17.2,0.276
2004-10-20 14:00:00,27.82,,,26.16,0.114
2004-10-20 15:00:00,10.82,,,25.6,0.098
2004-10-20 16:00:00,10.91,,,23.46,0.13
2004-10-20 17:00:00,11.23,,,25.12,0.105
2004-10-20 18:00:00,16.07,,,21.76,0.142
2004-10-20 19:00:00,14.78,,,11.75,0.234
2004-10-20 20:00:00,24.46,,,12.64,0.141
2004-10-20 21:00:00,12.95,,,18.17,0.134
2004-10-20 22:00:00,14.21,,,17.42,0.132
2004-10-20 23:00:00,21.42,,,17.07,0.132
2004-10-21 00:00:00,8.356,,,20.66,0.152
2004-10-21 01:00:00,0.729,,,19.9,0.253
2004-10-21 02:00:00,19.01,,,19.71,0.239
2004-10-21 03:00:00,7.426,,,17.69,0.254
2004-10-21 04:00:00,,,,18.65,0.269
2004-10-21 05:00:00,18.44,,,20.86,0.176
2004-10-21 06:00:00,7.349,,,18.29,0.205
2004-10-21 07:00:00,12.15,,,12.38,0.232
2004-10-21 08:00:00,14.86,,,9.753,0.401
2004-10-21 09:00:00,14.86,,,11.65,0.337
2004-10-21 10:00:00,9.365,,,18.14,0.248
2004-10-21 11:00:00,2.657,,,,
2004-10-21 12:00:00,0.006,,,23.43,0.226
2004-10-21 13:00:00,,,,24.82,0.24
2004-10-21 14:00:00,,,,25.55,0.162
2004-10-21 15:00:00,,,,25.1,0.209
2004-10-21 16:00:00,7.728,,,22.59,0.197
2004-10-21 17:00:00,29.53,,,22.95,0.206
2004-10-21 18:00:00,18.02,,,19.56,0.221
2004-10-21 19:00:00,37.95,,,15.44,0.227
2004-10-21 20:00:00,40.85,,,12.17,0.282
2004-10-21 21:00:00,16.51,,,8.696,0.333
2004-10-21 22:00:00,14.31,,,10.3,0.313
2004-10-21 23:00:00,19.25,,,9.826,0.303
2004-10-22 00:00:00,5.619,,,9.09,0.35
2004-10-22 01:00:00,35.03,,,8.965,0.494
2004-10-22 02:00:00,13.95,,,10.15,0.449
2004-10-22 03:00:00,0.172,,,11.05,0.494
2004-10-22 04:00:00,5.863,,,6.944,0.538
2004-10-22 05:00:00,21.68,,,2.278,0.644
2004-10-22 06:00:00,25.69,,,2.114,0.593
2004-10-22 07:00:00,11.65,,,1.268,0.741
2004-10-22 08:00:00,27.37,,,6.417,0.877
2004-10-22 09:00:00,9.994,,,7.362,0.945
2004-10-22 10:00:00,14.7,,,11.48,0.732
2004-10-22 11:00:00,22.56,,,13.56,0.662
2004-10-22 12:00:00,7.021,,,19.56,0.723
2004-10-22 13:00:00,6.995,,,19.5,0.776
2004-10-22 14:00:00,6.469,,,17.55,0.788
2004-10-22 15:00:00,11.38,,,17.01,0.833
2004-10-22 16:00:00,23.85,,,16.78,1.121
2004-10-22 17:00:00,19.91,5.721,,30.95,0.734
2004-10-22 18:00:00,25.84,2.751,,21.32,0.575
2004-10-22 19:00:00,33.59,2.778,,11.05,0.616
2004-10-22 20:00:00,39.85,3.0,,7.517,0.716
2004-10-22 21:00:00,25.91,2.442,,6.557,0.705
2004-10-22 22:00:00,37.47,3.571,,3.128,0.838
2004-10-22 23:00:00,51.72,4.872,,0.5,1.188
2004-10-23 00:00:00,41.14,5.678,,0.5,0.999
2004-10-23 01:00:00,32.01,1.972,,0.5,1.025
2004-10-23 02:00:00,34.48,1.448,,1.097,0.924
2004-10-23 03:00:00,21.14,1.41,,2.454,0.603
2004-10-23 04:00:00,34.32,2.129,,3.569,0.464
2004-10-23 05:00:00,16.6,1.713,,0.5,0.745
2004-10-23 06:00:00,29.64,2.802,,0.5,0.855
2004-10-23 07:00:00,37.1,2.857,,1.197,0.982
2004-10-23 08:00:00,20.19,3.149,,5.085,0.666
2004-10-23 09:00:00,44.04,4.148,,9.56,0.495
2004-10-23 10:00:00,15.55,3.914,,10.54,0.533
2004-10-23 11:00:00,10.43,3.526,,13.35,0.5
2004-10-23 12:00:00,4.186,2.179,,13.1,0.509
2004-10-23 13:00:00,27.5,2.429,,11.23,0.636
2004-10-23 14:00:00,35.21,6.365,,4.419,1.523
2004-10-23 15:00:00,49.06,4.017,,4.518,1.142
2004-10-23 16:00:00,36.14,4.044,,4.363,0.882
2004-10-23 17:00:00,23.9,4.778,,4.057,1.236
2004-10-23 18:00:00,44.88,6.004,,2.79,1.221
2004-10-23 19:00:00,17.67,6.389,,2.581,1.744
2004-10-23 20:00:00,16.65,6.484,,2.799,1.175
2004-10-23 21:00:00,25.54,5.581,,3.117,1.146
2004-10-23 22:00:00,34.01,5.106,,3.98,1.032
2004-10-23 23:00:00,14.21,5.02,,6.099,0.867
2004-10-24 00:00:00,1.544,3.894,,8.793,0.781
2004-10-24 01:00:00,,0.65,,15.85,0.488
2004-10-24 02:00:00,7.533,0.65,,22.9,0.359
2004-10-24 03:00:00,2.897,0.65,,23.99,0.332
2004-10-24 04:00:00,12.88,0.65,,26.86,0.294
2004-10-24 05:00:00,5.012,1.475,,26.13,0.486
2004-10-24 06:00:00,,0.65,,26.02,0.533
2004-10-24 07:00:00,1.582,0.65,,25.94,0.34
2004-10-24 08:00:00,0.614,0.65,,23.12,0.35
2004-10-24 09:00:00,4.815,0.65,,22.39,0.347
2004-10-24 10:00:00,10.62,2.374,,23.84,0.339
2004-10-24 11:00:00,22.74,0.65,,25.12,0.346
2004-10-24 12:00:00,7.524,0.65,,24.9,0.293
2004-10-24 13:00:00,9.183,0.65,,25.77,0.277
2004-10-24 14:00:00,20.32,0.65,,28.15,0.233
2004-10-24 15:00:00,6.458,0.65,,28.17,0.213
2004-10-24 16:00:00,23.31,0.65,,29.06,0.165
2004-10-24 17:00:00,9.104,0.65,,28.68,0.229
2004-10-24 18:00:00,1.721,0.65,,26.22,0.198
2004-10-24 19:00:00,19.53,0.65,,21.91,0.237
2004-10-24 20:00:00,16.57,0.65,,21.52,0.263
2004-10-24 21:00:00,8.106,0.65,,23.57,0.283
2004-10-24 22:00:00,1.748,0.65,,21.5,0.276
2004-10-24 23:00:00,11.52,0.65,,22.75,0.244
2004-10-25 00:00:00,12.45,0.65,,20.52,0.23
2004-10-25 01:00:00,3.418,1.797,,20.49,0.241
2004-10-25 02:00:00,3.249,1.482,,19.61,0.253
2004-10-25 03:00:00,14.48,2.351,,19.5,0.261
2004-10-25 04:00:00,25.19,2.714,,20.32,0.252
2004-10-25 05:00:00,7.766,1.464,,20.99,0.211
2004-10-25 06:00:00,14.69,1.503,,19.03,0.245
2004-10-25 07:00:00,8.267,2.998,,13.93,0.271
2004-10-25 08:00:00,12.63,4.276,,8.989,0.379
2004-10-25 09:00:00,15.8,4.553,,6.307,0.586
2004-10-25 10:00:00,26.44,5.044,,11.76,0.478
2004-10-25 11:00:00,22.87,4.53,,14.76,0.416
2004-10-25 12:00:00,18.43,5.485,,11.66,0.449
2004-10-25 13:00:00,4.989,6.455,,17.39,0.494
2004-10-25 14:00:00,,8.806,,23.27,0.578
2004-10-25 15:00:00,4.016,10.72,,15.9,0.662
2004-10-25 16:00:00,13.95,11.76,,16.16,0.734
2004-10-25 17:00:00,4.791,9.06,,19.55,0.448
2004-10-25 18:00:00,,4.977,,20.77,0.315
2004-10-25 19:00:00,,6.125,,9.506,0.493
2004-10-25 20:00:00,4.813,6.611,,4.868,0.484
2004-10-25 21:00:00,20.59,6.547,,5.463,0.526
2004-10-25 22:00:00,25.34,4.618,,11.92,0.338
2004-10-25 23:00:00,7.147,5.688,,10.43,0.394
2004-10-26 00:00:00,0.07,5.446,,10.13,0.316
2004-10-26 01:00:00,,0.65,,9.35,0.304
2004-10-26 02:00:00,,0.65,,12.13,0.276
2004-10-26 03:00:00,5.712,0.65,,16.97,0.208
2004-10-26 04:00:00,2.231,0.65,,11.63,0.224
2004-10-26 05:00:00,0.006,0.65,,3.338,0.219
2004-10-26 06:00:00,13.3,0.65,,1.878,0.269
2004-10-26 07:00:00,23.97,0.65,,1.504,0.386
2004-10-26 08:00:00,28.26,4.718,,2.163,0.662
2004-10-26 09:00:00,18.11,7.779,,3.349,0.916
2004-10-26 10:00:00,16.54,9.331,,5.365,0.616
2004-10-26 11:00:00,28.6,6.571,,13.69,0.424
2004-10-26 12:00:00,11.24,8.687,,18.28,0.515
2004-10-26 13:00:00,14.23,6.171,,23.58,0.367
2004-10-26 14:00:00,5.212,4.343,,24.91,0.292
2004-10-26 15:00:00,5.752,6.127,,23.24,0.429
2004-10-26 16:00:00,2.247,7.164,,20.75,0.471
2004-10-26 17:00:00,11.46,5.956,,23.28,0.493
2004-10-26 18:00:00,15.48,8.074,,15.81,0.776
2004-10-26 19:00:00,35.4,7.104,,6.162,1.004
2004-10-26 20:00:00,15.53,2.072,,13.29,0.347
2004-10-26 21:00:00,32.25,0.65,,6.31,0.36
2004-10-26 22:00:00,24.81,0.65,,4.453,0.328
2004-10-26 23:00:00,24.02,0.65,,0.5,0.489
2004-10-27 00:00:00,27.39,0.65,,11.8,0.554
2004-10-27 01:00:00,20.92,0.65,,22.56,0.245
2004-10-27 02:00:00,28.31,0.65,,27.47,0.218
2004-10-27 03:00:00,9.054,0.65,,29.19,0.185
2004-10-27 04:00:00,7.886,0.65,,26.62,0.248
2004-10-27 05:00:00,4.053,0.65,,27.14,0.214
2004-10-27 06:00:00,0.375,0.65,,23.94,0.197
2004-10-27 07:00:00,2.59,0.65,,17.5,0.408
2004-10-27 08:00:00,7.183,2.044,,9.202,0.609
2004-10-27 09:00:00,6.418,7.071,,9.998,0.554
2004-10-27 10:00:00,19.29,3.396,,13.69,0.44
2004-10-27 11:00:00,32.02,0.65,,17.85,0.325
2004-10-27 12:00:00,9.789,0.65,,16.5,0.419
2004-10-27 13:00:00,7.727,0.65,,19.35,0.287
2004-10-27 14:00:00,13.49,0.65,,23.9,0.249
2004-10-27 15:00:00,22.87,0.65,,22.0,0.258
2004-10-27 16:00:00,7.314,0.65,,22.64,0.199
2004-10-27 17:00:00,16.21,1.324,,23.02,0.171
2004-10-27 18:00:00,6.284,0.65,,20.67,0.214
2004-10-27 19:00:00,14.81,0.65,,12.98,0.198
2004-10-27 20:00:00,20.37,0.65,,5.18,0.365
2004-10-27 21:00:00,29.41,0.65,,1.361,0.386
2004-10-27 22:00:00,16.95,0.65,,2.214,0.342
2004-10-27 23:00:00,15.65,0.65,,4.499,0.267
2004-10-28 00:00:00,12.79,0.65,,5.253,0.225
2004-10-28 01:00:00,9.606,0.65,,11.38,0.246
2004-10-28 02:00:00,12.01,0.65,,8.8,0.279
2004-10-28 03:00:00,3.689,0.65,,14.54,0.281
2004-10-28 04:00:00,18.58,0.65,,11.62,0.299
2004-10-28 05:00:00,13.64,0.65,,9.772,0.291
2004-10-28 06:00:00,9.062,0.65,,13.87,0.207
2004-10-28 07:00:00,18.89,0.65,,3.397,0.526
2004-10-28 08:00:00,24.72,3.456,,1.529,0.827
2004-10-28 09:00:00,26.62,11.47,,1.657,1.447
2004-10-28 10:00:00,41.16,10.92,,6.961,0.978
2004-10-28 11:00:00,20.02,2.912,,18.69,0.475
2004-10-28 12:00:00,15.62,3.643,,24.58,0.526
2004-10-28 13:00:00,23.97,7.711,,19.44,0.842
2004-10-28 14:00:00,33.37,7.399,,25.85,0.826
2004-10-28 15:00:00,28.32,7.588,,35.06,0.799
2004-10-28 16:00:00,34.09,7.501,,25.21,0.722
2004-10-28 17:00:00,30.33,6.01,,16.06,0.688
2004-10-28 18:00:00,20.09,0.65,,22.33,0.353
2004-10-28 19:00:00,10.44,0.65,,14.24,0.329
2004-10-28 20:00:00,35.87,0.65,,13.39,0.396
2004-10-28 21:00:00,21.09,0.65,,12.16,0.4
2004-10-28 22:00:00,27.76,0.65,,9.224,0.449
2004-10-28 23:00:00,13.26,0.65,,1.292,0.778
2004-10-29 00:00:00,12.45,1.615,,0.5,0.862
2004-10-29 01:00:00,16.52,3.076,,1.067,0.992
2004-10-29 02:00:00,19.78,2.446,,1.922,0.732
2004-10-29 03:00:00,20.38,2.188,,1.381,0.725
2004-10-29 04:00:00,22.31,1.817,,3.774,0.618
2004-10-29 05:00:00,6.571,2.776,,1.1,0.704
2004-10-29 06:00:00,18.18,2.905,,0.5,0.67
2004-10-29 07:00:00,27.09,2.889,,1.211,0.935
2004-10-29 08:00:00,22.08,9.936,,1.621,1.239
2004-10-29 09:00:00,21.5,18.38,,1.613,1.578
2004-10-29 10:00:00,32.78,18.02,,5.904,1.235
2004-10-29 11:00:00,42.52,16.12,,12.74,1.171
2004-10-29 12:00:00,23.61,15.32,,26.32,0.755
2004-10-29 13:00:00,23.54,14.34,,39.39,0.657
2004-10-29 14:00:00,28.11,7.487,,37.95,0.521
2004-10-29 15:00:00,29.41,6.512,,36.66,0.57
2004-10-29 16:00:00,8.465,8.449,,30.09,0.502
2004-10-29 17:00:00,23.36,9.496,,27.76,0.558
2004-10-29 18:00:00,25.33,8.117,,21.43,0.635
2004-10-29 19:00:00,44.84,9.299,,10.71,0.685
2004-10-29 20:00:00,35.8,7.89,,8.14,0.769
2004-10-29 21:00:00,53.07,8.208,,3.657,0.822
2004-10-29 22:00:00,34.56,8.624,,2.887,0.868
2004-10-29 23:00:00,38.62,7.492,,0.5,1.204
2004-10-30 00:00:00,41.74,8.235,,0.5,1.281
2004-10-30 01:00:00,36.43,0.65,,0.5,0.691
2004-10-30 02:00:00,17.71,0.65,,0.5,0.72
2004-10-30 03:00:00,40.97,0.65,,0.5,0.712
2004-10-30 04:00:00,32.41,0.65,,0.5,0.785
2004-10-30 05:00:00,28.5,0.65,,0.5,1.039
2004-10-30 06:00:00,31.6,0.65,,0.5,1.093
2004-10-30 07:00:00,32.49,1.356,,0.5,1.274
2004-10-30 08:00:00,41.01,4.774,,5.217,0.765
2004-10-30 09:00:00,48.9,6.804,,7.801,0.587
2004-10-30 10:00:00,24.46,4.881,,16.87,0.481
2004-10-30 11:00:00,31.68,4.774,,21.37,0.476
2004-10-30 12:00:00,11.0,6.992,,26.58,0.74
2004-10-30 13:00:00,33.05,4.753,,24.8,0.615
2004-10-30 14:00:00,36.6,17.13,,33.35,0.496
2004-10-30 15:00:00,44.41,19.06,,32.76,0.485
2004-10-30 16:00:00,41.69,12.68,,27.54,0.541
2004-10-30 17:00:00,21.14,13.54,,15.57,1.021
2004-10-30 18:00:00,53.44,14.36,,7.899,1.437
2004-10-30 19:00:00,63.56,8.968,,22.16,0.741
2004-10-30 20:00:00,58.26,5.712,,29.88,0.431
2004-10-30 21:00:00,52.69,3.942,,23.97,0.423
2004-10-30 22:00:00,34.53,3.388,,18.86,0.335
2004-10-30 23:00:00,31.4,3.872,,16.08,0.4
2004-10-31 00:00:00,36.18,3.044,,15.66,0.583
2004-10-31 01:00:00,26.2,3.412,,15.81,0.614
2004-10-31 02:00:00,19.19,3.472,,16.81,0.463
2004-10-31 03:00:00,29.19,3.11,,14.42,0.618
2004-10-31 04:00:00,19.33,3.331,,20.77,0.411
2004-10-31 05:00:00,22.52,3.183,,15.91,0.441
2004-10-31 06:00:00,17.26,2.696,,17.12,0.451
2004-10-31 07:00:00,29.33,3.067,,17.89,0.423
2004-10-31 08:00:00,33.96,3.923,,18.98,0.406
2004-10-31 09:00:00,28.17,3.231,,20.82,0.384
2004-10-31 10:00:00,18.05,3.501,,27.02,0.457
2004-10-31 11:00:00,12.63,4.474,,30.06,0.477
2004-10-31 12:00:00,9.33,5.108,,29.91,0.507
2004-10-31 13:00:00,8.484,5.369,,28.52,0.476
2004-10-31 14:00:00,7.77,5.332,,27.66,0.47
2004-10-31 15:00:00,13.48,5.621,,29.47,0.374
2004-10-31 16:00:00,4.452,6.224,,27.32,0.471
2004-10-31 17:00:00,12.86,6.749,,28.91,0.463
2004-10-31 18:00:00,4.989,6.435,,29.16,0.503
2004-10-31 19:00:00,32.54,5.269,,27.42,0.427
2004-10-31 20:00:00,12.73,5.692,,23.99,0.466
2004-10-31 21:00:00,6.094,5.485,,24.46,0.442
2004-10-31 22:00:00,10.86,5.671,,19.54,0.444
2004-10-31 23:00:00,25.15,5.551,,17.14,0.419
2004-11-01 00:00:00,21.91,5.822,,18.01,0.356
2004-11-01 01:00:00,5.218,0.65,,22.54,0.208
2004-11-01 02:00:00,12.57,0.65,,21.1,0.24
2004-11-01 03:00:00,4.877,0.65,,21.06,0.244
2004-11-01 04:00:00,2.291,0.65,,18.95,0.226
2004-11-01 05:00:00,4.248,0.65,,18.15,0.209
2004-11-01 06:00:00,20.91,0.65,,20.33,0.228
2004-11-01 07:00:00,7.622,0.65,,19.46,0.235
2004-11-01 08:00:00,4.127,0.65,,20.44,0.29
2004-11-01 09:00:00,1.712,0.65,,17.84,0.344
2004-11-01 10:00:00,17.93,0.65,,24.35,0.279
2004-11-01 11:00:00,13.56,0.65,,27.89,0.265
2004-11-01 12:00:00,3.392,1.522,,30.68,0.25
2004-11-01 13:00:00,11.98,1.506,,28.46,0.246
2004-11-01 14:00:00,6.135,1.407,,32.88,0.353
2004-11-01 15:00:00,0.626,2.529,,32.03,0.194
2004-11-01 16:00:00,14.44,0.65,,28.9,0.282
2004-11-01 17:00:00,18.11,,,26.4,0.257
2004-11-01 18:00:00,22.4,,,21.86,0.213
2004-11-01 19:00:00,38.61,,,19.4,0.228
2004-11-01 20:00:00,16.64,,,17.33,0.252
2004-11-01 21:00:00,14.82,,,9.347,0.349
2004-11-01 22:00:00,24.14,,,10.05,0.364
2004-11-01 23:00:00,22.21,,,6.172,0.365
2004-11-02 00:00:00,15.29,,,4.871,0.449
2004-11-02 01:00:00,29.14,,,10.12,0.238
2004-11-02 02:00:00,10.07,,,12.15,0.281
2004-11-02 03:00:00,9.274,,,16.25,0.194
2004-11-02 04:00:00,15.98,,,8.566,0.313
2004-11-02 05:00:00,5.02,,,3.396,0.324
2004-11-02 06:00:00,24.86,,,3.507,0.385
2004-11-02 07:00:00,11.8,,,3.047,0.589
2004-11-02 08:00:00,33.66,,,9.157,0.457
2004-11-02 09:00:00,21.36,,,14.91,0.343
2004-11-02 10:00:00,14.77,,,21.43,0.238
2004-11-02 11:00:00,8.113,,,22.73,0.258
2004-11-02 12:00:00,17.63,,,23.92,0.255
2004-11-02 13:00:00,6.378,,,26.46,0.217
2004-11-02 14:00:00,,,,29.23,0.252
2004-11-02 15:00:00,10.64,,,30.8,0.249
2004-11-02 16:00:00,4.12,,,31.01,0.335
2004-11-02 17:00:00,,8.013,,31.12,0.271
2004-11-02 18:00:00,7.36,5.518,,27.0,0.288
2004-11-02 19:00:00,32.27,7.158,,22.31,0.248
2004-11-02 20:00:00,37.76,8.208,,20.43,0.32
2004-11-02 21:00:00,23.82,7.283,,18.45,0.339
2004-11-02 22:00:00,23.04,7.106,,17.3,0.343
2004-11-02 23:00:00,29.83,7.819,,17.48,0.289
2004-11-03 00:00:00,13.18,6.848,,16.69,0.231
2004-11-03 01:00:00,14.77,0.65,,16.71,0.181
2004-11-03 02:00:00,14.46,0.65,,16.72,0.173
2004-11-03 03:00:00,16.01,1.34,,12.66,0.217
2004-11-03 04:00:00,9.839,2.006,,14.69,0.184
2004-11-03 05:00:00,24.42,1.486,,11.45,0.195
2004-11-03 06:00:00,13.95,2.767,,2.242,0.331
2004-11-03 07:00:00,27.72,3.028,,2.869,0.395
2004-11-03 08:00:00,11.91,5.353,,2.484,0.686
2004-11-03 09:00:00,29.82,10.21,,5.308,0.731
2004-11-03 10:00:00,38.05,9.399,,8.156,0.489
2004-11-03 11:00:00,35.26,7.3,,8.014,0.517
2004-11-03 12:00:00,26.42,6.761,,3.989,0.754
2004-11-03 13:00:00,27.83,9.932,,1.151,1.157
2004-11-03 14:00:00,60.42,13.17,,3.071,2.189
2004-11-03 15:00:00,72.59,7.353,,7.795,0.519
2004-11-03 16:00:00,35.23,6.179,,6.678,0.729
2004-11-03 18:00:00,23.99,6.281,,3.39,0.937
2004-11-03 19:00:00,7.003,6.716,,2.432,1.415
2004-11-03 20:00:00,18.97,8.185,,1.57,1.379
2004-11-03 21:00:00,22.68,7.735,,1.297,0.955
2004-11-03 22:00:00,9.055,8.244,,1.089,0.889
2004-11-03 23:00:00,31.59,7.727,,0.5,0.652
2004-11-04 00:00:00,12.56,5.683,,0.5,0.49
2004-11-04 01:00:00,14.04,4.85,,1.078,0.5
2004-11-04 02:00:00,10.88,0.65,,0.5,0.718
2004-11-04 03:00:00,18.16,0.65,,0.5,1.016
2004-11-04 04:00:00,8.015,0.65,,1.589,0.562
2004-11-04 05:00:00,12.22,0.65,,4.719,0.417
2004-11-04 06:00:00,28.56,0.65,,5.654,0.338
2004-11-04 07:00:00,9.414,0.65,,1.271,0.556
2004-11-04 08:00:00,8.115,0.65,,1.144,0.941
2004-11-04 09:00:00,15.89,,,18.46,0.364
2004-11-04 10:00:00,,0.65,,20.87,0.341
2004-11-04 11:00:00,0.968,0.65,,23.1,0.344
2004-11-04 12:00:00,0.376,0.65,,23.98,0.384
2004-11-04 13:00:00,,0.65,,25.31,0.325
2004-11-04 14:00:00,,0.65,,25.71,0.299
2004-11-04 15:00:00,7.598,0.65,,23.94,0.335
2004-11-04 16:00:00,2.951,0.65,,21.55,0.386
2004-11-04 17:00:00,0.658,0.65,,18.12,0.555
2004-11-04 18:00:00,12.54,0.65,,18.89,0.5
2004-11-04 19:00:00,12.77,0.65,,18.81,0.384
2004-11-04 20:00:00,13.73,0.65,,16.08,0.429
2004-11-04 21:00:00,11.5,0.65,,18.59,0.456
2004-11-04 22:00:00,2.864,0.65,,16.51,0.353
2004-11-04 23:00:00,12.6,0.65,,17.65,0.386
2004-11-05 00:00:00,10.09,0.65,,19.06,0.383
2004-11-05 01:00:00,3.478,0.65,,19.37,0.241
2004-11-05 02:00:00,21.13,0.65,,18.98,0.201
2004-11-05 03:00:00,7.872,0.65,,20.43,0.149
2004-11-05 04:00:00,6.372,0.65,,18.37,0.186
2004-11-05 05:00:00,2.468,0.65,,16.13,0.218
2004-11-05 06:00:00,,0.65,,12.46,0.22
2004-11-05 07:00:00,32.72,1.55,,5.281,1.582
2004-11-05 08:00:00,12.71,5.679,,1.643,1.719
2004-11-05 09:00:00,30.54,8.656,,4.689,0.97
2004-11-05 10:00:00,40.58,9.222,,4.551,0.962
2004-11-05 11:00:00,26.58,14.44,,7.503,0.956
2004-11-05 12:00:00,27.58,15.69,,7.69,0.781
2004-11-05 13:00:00,18.82,9.042,,4.16,1.209
2004-11-05 16:00:00,21.44,7.521,,3.654,1.121
2004-11-05 17:00:00,33.2,7.281,,4.774,1.371
2004-11-05 18:00:00,30.35,6.513,,3.245,1.333
2004-11-05 19:00:00,23.24,6.704,,2.571,1.174
2004-11-05 20:00:00,18.87,5.199,,2.554,0.949
2004-11-05 21:00:00,21.75,5.005,,6.587,0.473
2004-11-05 22:00:00,28.46,2.779,,10.48,0.313
2004-11-05 23:00:00,8.581,2.469,,10.83,0.309
2004-11-06 00:00:00,0.028,1.303,,11.54,0.236
2004-11-06 01:00:00,,5.936,,14.46,0.231
2004-11-06 02:00:00,,3.152,,17.6,0.184
2004-11-06 03:00:00,,0.65,,18.24,0.191
2004-11-06 04:00:00,,0.65,,21.0,0.185
2004-11-06 05:00:00,,0.65,,21.44,0.177
2004-11-06 06:00:00,,0.65,,20.35,0.193
2004-11-06 07:00:00,,0.65,,18.79,0.197
2004-11-06 08:00:00,,0.65,,14.13,0.32
2004-11-06 09:00:00,8.064,0.65,,15.06,0.316
2004-11-06 10:00:00,24.09,0.65,,19.11,0.336
2004-11-06 11:00:00,,0.65,,18.83,0.32
2004-11-06 12:00:00,,1.905,,18.52,
2004-11-06 13:00:00,,1.567,,20.15,
2004-11-06 14:00:00,,1.413,,17.63,
2004-11-06 15:00:00,1.605,1.511,,18.55,
2004-11-06 16:00:00,9.249,0.65,,22.2,
2004-11-06 17:00:00,12.47,0.65,,23.17,
2004-11-06 18:00:00,1.691,0.65,,17.93,
2004-11-06 19:00:00,12.63,0.65,,19.04,
2004-11-06 20:00:00,28.54,0.65,,18.17,0.207
2004-11-06 21:00:00,12.3,0.65,,18.43,0.286
2004-11-06 22:00:00,9.915,0.65,,9.355,0.297
2004-11-06 23:00:00,38.84,0.65,,8.961,0.26
2004-11-07 00:00:00,17.55,0.65,,6.756,0.375
2004-11-07 01:00:00,14.99,2.37,,0.5,0.533
2004-11-07 02:00:00,8.36,1.707,,1.508,0.418
2004-11-07 03:00:00,31.77,2.696,,0.5,0.579
2004-11-07 04:00:00,12.53,2.619,,2.796,0.375
2004-11-07 05:00:00,26.11,2.503,,0.5,0.698
2004-11-07 06:00:00,20.68,2.846,,0.5,0.771
2004-11-07 07:00:00,16.55,3.017,,1.217,0.852
2004-11-07 08:00:00,19.11,3.022,,15.3,0.266
2004-11-07 09:00:00,9.58,1.957,,22.59,0.236
2004-11-07 10:00:00,20.85,1.319,,20.59,0.271
2004-11-07 11:00:00,21.63,0.65,,23.18,0.205
2004-11-07 12:00:00,8.68,0.65,,26.17,0.23
2004-11-07 13:00:00,7.358,0.65,,24.21,0.224
2004-11-07 14:00:00,26.55,1.354,,23.95,0.232
2004-11-07 15:00:00,,1.623,,22.67,0.223
2004-11-07 16:00:00,0.048,0.65,,22.09,0.257
2004-11-07 17:00:00,3.418,1.935,,21.71,0.227
2004-11-07 18:00:00,16.73,0.65,,20.93,0.293
2004-11-07 19:00:00,21.64,0.65,,16.41,0.266
2004-11-07 20:00:00,15.27,1.975,,14.3,0.292
2004-11-07 21:00:00,17.7,1.968,,14.45,0.28
2004-11-07 22:00:00,35.86,2.206,,15.29,0.256
2004-11-07 23:00:00,7.435,2.925,,14.64,0.242
2004-11-08 00:00:00,2.404,3.111,,15.2,0.321
2004-11-08 01:00:00,1.987,0.65,,15.38,0.358
2004-11-08 02:00:00,14.69,0.65,,15.68,0.353
2004-11-08 03:00:00,29.57,0.65,,15.57,0.369
2004-11-08 04:00:00,9.517,0.65,,15.74,0.29
2004-11-08 05:00:00,,0.65,,11.61,0.38
2004-11-08 06:00:00,3.005,0.65,,8.237,0.44
2004-11-08 07:00:00,15.79,1.475,,3.852,0.641
2004-11-08 08:00:00,19.4,1.634,,7.909,0.567
2004-11-08 09:00:00,6.285,1.903,,15.32,0.441
2004-11-08 10:00:00,8.15,2.628,,17.05,0.412
2004-11-08 11:00:00,18.12,0.65,,18.46,0.473
2004-11-08 12:00:00,,2.103,,21.12,0.403
2004-11-08 13:00:00,1.033,1.869,,21.22,0.456
2004-11-08 14:00:00,4.12,1.948,,21.17,0.467
2004-11-08 15:00:00,8.265,3.367,,21.86,0.455
2004-11-08 16:00:00,24.15,3.337,,21.14,0.43
2004-11-08 17:00:00,15.89,3.028,,17.34,0.426
2004-11-08 18:00:00,42.99,2.339,,14.82,0.465
2004-11-08 19:00:00,25.14,2.214,,11.57,0.493
2004-11-08 20:00:00,31.91,1.887,,10.69,0.568
2004-11-08 21:00:00,29.51,1.849,,9.855,0.458
2004-11-08 22:00:00,16.62,1.414,,9.367,0.463
2004-11-08 23:00:00,23.68,2.243,,10.59,0.448
2004-11-09 00:00:00,4.387,2.443,,11.68,0.347
2004-11-09 01:00:00,8.058,0.65,,12.99,0.109
2004-11-09 02:00:00,9.249,0.65,,12.81,0.097
2004-11-09 03:00:00,5.696,0.65,,12.28,0.091
2004-11-09 04:00:00,21.26,0.65,,12.02,0.092
2004-11-09 05:00:00,24.92,0.65,,7.485,0.107
2004-11-09 06:00:00,14.1,0.65,,2.971,0.137
2004-11-09 07:00:00,18.96,2.257,,0.5,0.959
2004-11-09 08:00:00,37.03,2.79,,0.5,0.847
2004-11-09 09:00:00,44.31,4.676,,1.464,0.556
2004-11-09 10:00:00,29.99,7.645,,3.406,0.324
2004-11-09 11:00:00,15.5,5.521,,7.662,0.277
2004-11-09 12:00:00,29.8,3.393,,7.379,0.352
2004-11-09 13:00:00,1.942,3.181,,5.508,0.443
2004-11-09 14:00:00,15.65,2.839,,8.518,0.261
2004-11-09 15:00:00,33.39,7.172,,2.857,1.249
2004-11-09 16:00:00,16.24,6.017,,2.286,0.326
2004-11-09 17:00:00,35.23,5.608,,0.5,0.701
2004-11-09 18:00:00,29.64,8.692,,0.5,0.818
2004-11-09 19:00:00,22.31,6.768,,1.524,0.532
2004-11-09 20:00:00,16.61,4.407,,0.5,0.345
2004-11-09 21:00:00,8.641,3.584,,0.5,0.733
2004-11-09 22:00:00,29.36,5.806,,0.5,1.038
2004-11-09 23:00:00,29.4,5.665,,0.5,0.952
2004-11-10 00:00:00,11.56,5.444,,0.5,0.603
2004-11-10 01:00:00,2.131,0.65,,2.486,0.509
2004-11-10 02:00:00,10.39,0.65,,4.337,0.4
2004-11-10 03:00:00,12.02,0.65,,7.498,0.4
2004-11-10 04:00:00,12.4,0.65,,6.082,0.374
2004-11-10 05:00:00,21.41,0.65,,2.26,0.489
2004-11-10 06:00:00,12.54,0.65,,0.5,0.5
2004-11-10 07:00:00,11.72,0.65,,0.5,0.822
2004-11-10 08:00:00,27.65,3.192,,0.5,1.703
2004-11-10 09:00:00,27.22,8.557,,1.596,1.241
2004-11-10 10:00:00,49.78,7.496,,2.783,0.998
2004-11-10 11:00:00,26.55,6.581,,5.41,0.923
2004-11-10 12:00:00,30.17,6.208,,11.02,0.909
2004-11-10 13:00:00,3.399,6.232,,12.84,1.516
2004-11-10 14:00:00,14.68,5.752,,13.48,1.099
2004-11-10 15:00:00,13.27,5.833,,11.62,1.244
2004-11-10 16:00:00,17.81,7.584,,11.14,1.195
2004-11-10 17:00:00,22.62,11.69,,9.971,1.322
2004-11-10 18:00:00,42.52,10.25,,7.571,1.4
2004-11-10 19:00:00,20.83,9.443,,4.497,1.535
2004-11-10 20:00:00,19.26,6.994,,2.678,1.268
2004-11-10 21:00:00,46.85,3.946,,2.764,0.842
2004-11-10 22:00:00,6.14,2.147,,4.926,0.811
2004-11-10 23:00:00,25.92,2.839,,8.522,0.857
2004-11-11 00:00:00,14.68,1.644,,9.435,0.756
2004-11-11 01:00:00,3.15,0.65,,8.883,0.784
2004-11-11 02:00:00,13.68,0.65,,11.93,0.664
2004-11-11 03:00:00,16.22,0.65,,12.29,0.629
2004-11-11 04:00:00,2.015,0.65,,12.07,0.569
2004-11-11 05:00:00,8.062,0.65,,9.561,0.61
2004-11-11 06:00:00,3.015,0.65,,5.01,0.758
2004-11-11 07:00:00,2.045,0.65,,1.283,2.031
2004-11-11 08:00:00,23.38,0.65,,1.422,2.06
2004-11-11 09:00:00,62.24,0.65,,1.595,1.777
2004-11-11 10:00:00,23.78,1.318,,2.19,1.574
2004-11-11 11:00:00,28.89,0.65,,4.429,1.326
2004-11-11 12:00:00,4.53,0.65,,5.845,1.184
2004-11-11 13:00:00,10.65,0.65,,6.985,1.154
2004-11-11 14:00:00,18.05,2.013,,4.364,1.611
2004-11-11 15:00:00,12.23,2.85,,3.571,1.597
2004-11-11 16:00:00,22.74,0.65,,3.614,1.343
2004-11-11 17:00:00,23.25,0.65,,2.232,1.35
2004-11-11 18:00:00,7.619,0.65,,1.56,1.506
2004-11-11 19:00:00,31.54,0.65,,1.579,1.401
2004-11-11 20:00:00,15.82,1.601,,1.755,1.332
2004-11-11 21:00:00,,0.65,,2.086,0.886
2004-11-11 22:00:00,1.883,0.65,,2.764,0.961
2004-11-11 23:00:00,9.481,0.65,,6.603,0.682
2004-11-12 00:00:00,9.847,0.65,,9.612,0.433
2004-11-12 01:00:00,,0.65,,13.25,0.298
2004-11-12 02:00:00,,0.65,,16.17,0.239
2004-11-12 03:00:00,,0.65,,16.57,0.223
2004-11-12 04:00:00,3.191,0.65,,15.77,0.226
2004-11-12 05:00:00,11.21,0.65,,16.47,0.203
2004-11-12 06:00:00,0.016,0.65,,15.29,0.235
2004-11-12 07:00:00,3.615,0.65,,7.7,0.743
2004-11-12 08:00:00,16.37,0.65,,5.208,0.992
2004-11-12 10:00:00,21.16,0.65,,6.238,0.622
2004-11-12 11:00:00,21.3,1.387,,10.17,0.559
2004-11-12 12:00:00,3.871,1.777,,9.617,0.635
2004-11-12 13:00:00,14.58,1.743,,9.386,0.678
2004-11-12 14:00:00,4.24,0.65,,9.15,0.679
2004-11-12 16:00:00,5.143,0.65,,10.73,0.584
2004-11-12 17:00:00,17.47,0.65,,6.744,0.766
2004-11-12 18:00:00,22.46,0.65,,5.706,0.868
2004-11-12 19:00:00,13.82,0.65,,4.315,0.761
2004-11-12 20:00:00,28.72,0.65,,3.307,0.827
2004-11-12 21:00:00,4.424,0.65,,11.61,0.282
2004-11-12 22:00:00,16.9,0.65,,12.62,0.315
2004-11-12 23:00:00,15.2,0.65,,11.74,0.39
2004-11-13 00:00:00,39.42,0.65,,14.07,0.273
2004-11-13 01:00:00,8.946,0.65,,10.14,0.227
2004-11-13 02:00:00,31.68,0.65,,6.46,0.278
2004-11-13 03:00:00,5.319,0.65,,14.49,0.202
2004-11-13 04:00:00,23.67,0.65,,5.142,0.296
2004-11-13 05:00:00,23.08,0.65,,0.5,0.688
2004-11-13 06:00:00,24.24,0.65,,0.5,0.512
2004-11-13 07:00:00,11.22,0.65,,2.254,0.47
2004-11-13 08:00:00,21.74,1.423,,8.308,0.342
2004-11-13 09:00:00,39.36,1.347,,14.78,0.173
2004-11-13 10:00:00,10.47,0.65,,17.12,0.196
2004-11-13 11:00:00,16.79,0.65,,21.66,0.197
2004-11-13 12:00:00,21.15,0.65,,15.57,0.329
2004-11-13 13:00:00,5.808,0.65,,13.43,0.313
2004-11-13 14:00:00,16.72,0.65,,21.92,0.151
2004-11-13 15:00:00,18.76,0.65,,23.31,0.112
2004-11-13 16:00:00,8.341,0.65,,23.69,0.129
2004-11-13 17:00:00,12.95,0.65,,21.53,0.111
2004-11-13 18:00:00,17.74,0.65,,21.77,0.121
2004-11-13 19:00:00,11.71,0.65,,17.56,0.157
2004-11-13 20:00:00,23.57,0.65,,12.55,0.193
2004-11-13 21:00:00,27.8,0.65,,14.7,0.191
2004-11-13 22:00:00,11.16,0.65,,14.44,0.178
2004-11-13 23:00:00,27.89,0.65,,15.45,0.17
2004-11-14 00:00:00,7.945,0.65,,14.9,0.185
2004-11-14 01:00:00,,0.65,,15.53,0.261
2004-11-14 02:00:00,,1.564,,15.93,0.281
2004-11-14 03:00:00,1.11,0.65,,16.27,0.238
2004-11-14 04:00:00,9.269,1.464,,15.87,0.273
2004-11-14 05:00:00,19.28,1.558,,12.53,0.256
2004-11-14 06:00:00,9.612,0.65,,9.721,0.303
2004-11-14 07:00:00,39.71,0.65,,9.56,0.335
2004-11-14 08:00:00,19.08,2.039,,11.69,0.289
2004-11-14 09:00:00,2.615,2.424,,14.58,0.27
2004-11-14 10:00:00,11.49,3.296,,17.15,0.267
2004-11-14 11:00:00,10.26,3.832,,20.21,0.261
2004-11-14 12:00:00,10.47,4.979,,19.7,0.336
2004-11-14 13:00:00,4.481,5.67,,21.41,0.338
2004-11-14 14:00:00,18.5,7.254,,22.41,0.28
2004-11-14 15:00:00,12.27,7.724,,21.04,0.327
2004-11-14 16:00:00,16.92,8.743,,19.02,0.362
2004-11-14 17:00:00,14.05,7.664,,20.87,0.238
2004-11-14 18:00:00,19.41,6.819,,18.03,0.246
2004-11-14 19:00:00,28.74,7.455,,16.52,0.33
2004-11-14 20:00:00,54.11,7.654,,15.03,0.303
2004-11-14 21:00:00,22.32,7.526,,13.23,0.348
2004-11-14 22:00:00,23.07,7.763,,12.53,0.39
2004-11-14 23:00:00,27.03,6.812,,12.65,0.351
2004-11-15 00:00:00,14.41,7.586,,12.22,0.247
2004-11-15 01:00:00,9.539,0.65,,11.14,0.246
2004-11-15 02:00:00,21.86,0.65,,10.79,0.236
2004-11-15 03:00:00,29.11,0.65,,10.66,0.199
2004-11-15 04:00:00,22.38,0.65,,9.821,0.253
2004-11-15 05:00:00,17.11,0.65,,9.678,0.219
2004-11-15 06:00:00,20.75,0.65,,6.726,0.275
2004-11-15 07:00:00,17.01,0.65,,4.604,0.301
2004-11-15 08:00:00,16.86,0.65,,3.95,0.329
2004-11-15 09:00:00,16.89,0.65,,5.497,0.309
2004-11-15 10:00:00,11.72,0.65,,7.951,0.27
2004-11-15 11:00:00,43.07,0.65,,10.85,0.422
2004-11-15 12:00:00,3.926,1.427,,16.08,0.266
2004-11-15 13:00:00,2.184,1.402,,15.7,0.282
2004-11-15 14:00:00,9.498,1.74,,17.06,0.261
2004-11-15 15:00:00,9.252,1.332,,16.89,0.299
2004-11-15 16:00:00,10.48,1.806,,15.22,0.327
2004-11-15 17:00:00,1.429,1.717,,14.83,0.295
2004-11-15 18:00:00,11.82,1.535,,13.37,0.269
2004-11-15 19:00:00,29.13,1.586,,9.878,0.301
2004-11-15 20:00:00,23.56,2.814,,10.22,0.332
2004-11-15 21:00:00,33.08,4.508,,8.522,0.39
2004-11-15 22:00:00,49.48,3.459,,5.95,0.565
2004-11-15 23:00:00,40.56,2.762,,7.36,0.45
2004-11-16 00:00:00,46.95,3.307,,5.321,0.397
2004-11-16 01:00:00,37.27,0.65,,2.793,0.486
2004-11-16 02:00:00,37.3,0.65,,0.5,0.492
2004-11-16 03:00:00,29.69,0.65,,1.296,0.456
2004-11-16 04:00:00,27.22,0.65,,1.334,0.418
2004-11-16 05:00:00,44.41,0.65,,3.057,0.4
2004-11-16 06:00:00,63.24,0.65,,1.012,0.465
2004-11-16 07:00:00,19.48,1.797,,0.5,0.882
2004-11-16 08:00:00,45.09,5.143,,0.5,1.076
2004-11-16 09:00:00,42.18,10.23,,1.616,1.105
2004-11-16 10:00:00,45.8,6.551,,8.704,0.538
2004-11-16 11:00:00,16.56,5.713,,8.944,0.598
2004-11-16 12:00:00,10.39,5.535,,11.45,0.616
2004-11-16 13:00:00,,6.418,,16.47,0.64
2004-11-16 14:00:00,6.407,6.149,,15.73,0.701
2004-11-16 15:00:00,26.92,6.444,,15.5,0.718
2004-11-16 16:00:00,19.84,7.656,,16.21,0.752
2004-11-16 17:00:00,22.42,12.2,,15.72,0.825
2004-11-16 18:00:00,33.74,5.354,,15.11,0.542
2004-11-16 19:00:00,27.52,2.536,,10.97,0.457
2004-11-16 20:00:00,24.07,1.445,,8.215,0.443
2004-11-16 21:00:00,37.36,0.65,,4.854,0.63
2004-11-16 22:00:00,32.13,1.447,,2.304,0.903
2004-11-16 23:00:00,23.44,0.65,,1.283,0.706
2004-11-17 00:00:00,40.64,1.841,,0.5,0.782
2004-11-17 01:00:00,25.91,1.544,,3.546,0.303
2004-11-17 02:00:00,13.1,1.756,,3.701,0.25
2004-11-17 03:00:00,22.47,0.65,,8.436,0.2
2004-11-17 04:00:00,13.92,2.089,,12.84,0.196
2004-11-17 05:00:00,6.828,1.598,,14.24,0.164
2004-11-17 06:00:00,30.64,1.874,,12.94,0.208
2004-11-17 07:00:00,26.36,1.971,,4.988,0.509
2004-11-17 08:00:00,16.71,2.922,,4.218,0.659
2004-11-17 09:00:00,25.77,5.575,,4.843,0.672
2004-11-17 10:00:00,33.55,4.216,,9.665,0.366
2004-11-17 11:00:00,30.13,4.0,,16.55,0.299
2004-11-17 12:00:00,13.88,3.029,,16.06,0.314
2004-11-17 13:00:00,2.602,3.824,,19.62,0.316
2004-11-17 14:00:00,,5.936,,19.95,0.289
2004-11-17 15:00:00,4.23,6.285,,22.13,0.365
2004-11-17 16:00:00,18.99,10.3,,21.12,0.575
2004-11-17 17:00:00,21.01,9.26,,28.48,0.447
2004-11-17 18:00:00,34.11,6.128,,29.38,0.21
2004-11-17 19:00:00,31.4,3.939,,20.84,0.194
2004-11-17 20:00:00,11.74,1.672,,12.12,0.205
2004-11-17 21:00:00,14.7,0.65,,9.028,0.254
2004-11-17 22:00:00,30.21,0.65,,2.313,0.382
2004-11-17 23:00:00,15.32,0.65,,11.11,0.187
2004-11-18 00:00:00,28.53,0.65,,12.45,0.136
2004-11-18 01:00:00,,1.39,,5.881,0.276
2004-11-18 02:00:00,4.76,0.65,,0.5,0.4
2004-11-18 03:00:00,24.63,1.351,,0.5,0.491
2004-11-18 04:00:00,28.89,0.65,,2.071,0.308
2004-11-18 05:00:00,10.48,5.521,,5.414,0.217
2004-11-18 06:00:00,32.56,15.69,,2.938,0.229
2004-11-18 07:00:00,23.96,9.785,,2.203,0.655
2004-11-18 08:00:00,30.61,10.06,,4.732,0.651
2004-11-18 09:00:00,21.38,7.991,,8.76,0.551
2004-11-18 10:00:00,18.36,6.423,,12.29,0.521
2004-11-18 11:00:00,29.39,6.522,,,
2004-11-18 12:00:00,16.75,,,22.08,0.209
2004-11-18 13:00:00,11.54,0.65,,19.22,0.265
2004-11-18 14:00:00,37.66,0.65,,20.28,0.313
2004-11-18 15:00:00,49.96,0.65,,21.19,0.258
2004-11-18 16:00:00,26.28,0.65,,20.32,0.23
2004-11-18 17:00:00,19.36,0.65,,19.97,0.322
2004-11-18 18:00:00,30.89,0.65,,14.53,0.394
2004-11-18 19:00:00,23.88,0.65,,12.07,0.342
2004-11-18 20:00:00,41.44,0.65,,18.66,0.134
2004-11-18 21:00:00,13.36,0.65,,15.97,0.144
2004-11-18 22:00:00,22.02,0.65,,12.84,0.27
2004-11-18 23:00:00,26.38,0.65,,12.18,0.203
2004-11-19 00:00:00,12.18,0.65,,5.425,0.479
2004-11-19 01:00:00,,0.65,,9.312,0.578
2004-11-19 02:00:00,2.285,0.65,,5.462,0.605
2004-11-19 03:00:00,12.95,1.897,,7.754,0.571
2004-11-19 04:00:00,22.64,1.532,,10.17,0.519
2004-11-19 05:00:00,22.26,1.582,,8.578,0.485
2004-11-19 06:00:00,14.1,2.327,,6.383,0.513
2004-11-19 07:00:00,31.53,10.3,,4.144,1.094
2004-11-19 08:00:00,29.54,9.3,,7.065,0.882
2004-11-19 09:00:00,36.53,8.175,,10.41,0.787
2004-11-19 10:00:00,40.08,6.804,,12.46,0.831
2004-11-19 11:00:00,22.08,9.014,,14.29,0.795
2004-11-19 12:00:00,29.35,8.94,,14.13,0.792
2004-11-19 13:00:00,21.08,8.642,,18.35,0.686
2004-11-19 14:00:00,7.64,5.507,,19.52,0.593
2004-11-19 15:00:00,6.581,3.308,,15.6,0.701
2004-11-19 16:00:00,28.87,6.388,,17.79,0.662
2004-11-19 17:00:00,25.03,2.389,,19.36,0.521
2004-11-19 18:00:00,27.11,1.917,,16.03,0.497
2004-11-19 19:00:00,23.69,0.65,,12.21,0.627
2004-11-19 20:00:00,18.15,0.65,,12.99,0.524
2004-11-19 21:00:00,10.95,1.65,,15.42,0.515
2004-11-19 22:00:00,32.8,1.908,,12.05,0.772
2004-11-19 23:00:00,7.218,1.485,,9.778,0.803
2004-11-20 00:00:00,31.58,1.314,,11.72,0.577
2004-11-20 01:00:00,20.51,0.65,,13.42,0.563
2004-11-20 02:00:00,2.957,0.65,,10.66,0.725
2004-11-20 03:00:00,11.53,0.65,,10.1,0.708
2004-11-20 04:00:00,6.473,0.65,,10.9,0.597
2004-11-20 05:00:00,13.18,0.65,,10.38,0.522
2004-11-20 06:00:00,12.63,0.65,,9.093,0.545
2004-11-20 07:00:00,24.2,2.658,,8.018,0.639
2004-11-20 08:00:00,21.83,1.894,,10.09,0.59
2004-11-20 09:00:00,17.12,1.6,,13.94,0.643
2004-11-20 10:00:00,20.22,1.779,,19.24,0.495
2004-11-20 11:00:00,24.57,1.593,,21.03,0.554
2004-11-20 12:00:00,17.45,0.65,,21.61,0.542
2004-11-20 13:00:00,2.557,0.65,,26.87,0.329
2004-11-20 14:00:00,15.27,0.65,,26.18,0.384
2004-11-20 15:00:00,25.11,0.65,,27.19,0.42
2004-11-20 16:00:00,15.75,0.65,,28.91,0.304
2004-11-20 17:00:00,16.96,0.65,,28.55,0.375
2004-11-20 18:00:00,20.53,0.65,,27.3,0.512
2004-11-20 19:00:00,17.38,0.65,,25.44,0.42
2004-11-20 20:00:00,19.07,0.65,,17.46,0.433
2004-11-20 21:00:00,36.84,0.65,,10.61,0.604
2004-11-20 22:00:00,44.3,0.65,,11.54,0.541
2004-11-20 23:00:00,32.2,0.65,,9.214,0.452
2004-11-21 00:00:00,19.44,0.65,,10.66,0.473
2004-11-21 01:00:00,15.45,0.65,,6.707,0.537
2004-11-21 02:00:00,31.42,0.65,,3.883,0.565
2004-11-21 03:00:00,23.67,0.65,,4.692,0.532
2004-11-21 04:00:00,14.09,0.65,,2.683,0.552
2004-11-21 05:00:00,13.99,0.65,,1.343,0.731
2004-11-21 06:00:00,31.9,0.65,,3.15,0.51
2004-11-21 07:00:00,20.33,0.65,,7.34,0.579
2004-11-21 08:00:00,32.1,2.042,,9.19,0.631
2004-11-21 09:00:00,13.92,1.722,,15.72,0.449
2004-11-21 10:00:00,22.57,2.41,,17.11,0.52
2004-11-21 11:00:00,27.79,5.79,,20.05,0.695
2004-11-21 12:00:00,12.12,8.585,,22.14,0.62
2004-11-21 13:00:00,8.497,8.876,,16.02,0.655
2004-11-21 14:00:00,16.89,4.206,,24.73,0.343
2004-11-21 15:00:00,8.096,3.248,,25.12,0.348
2004-11-21 16:00:00,24.15,2.626,,23.67,0.35
2004-11-21 17:00:00,2.089,2.14,,22.53,0.376
2004-11-21 18:00:00,11.16,3.999,,21.37,0.375
2004-11-21 19:00:00,17.46,3.026,,20.62,0.362
2004-11-21 20:00:00,10.98,3.376,,15.94,0.377
2004-11-21 21:00:00,17.8,3.446,,18.05,0.371
2004-11-21 22:00:00,29.33,3.623,,18.09,0.34
2004-11-21 23:00:00,16.1,3.476,,18.72,0.363
2004-11-22 00:00:00,4.571,3.181,,19.94,0.295
2004-11-22 01:00:00,2.718,2.818,,21.35,0.235
2004-11-22 02:00:00,4.315,2.264,,21.93,0.204
2004-11-22 03:00:00,15.45,6.515,,20.18,0.237
2004-11-22 04:00:00,,9.564,,16.7,0.235
2004-11-22 05:00:00,,9.159,,13.78,0.249
2004-11-22 06:00:00,2.209,10.13,,6.972,0.324
2004-11-22 07:00:00,14.04,11.76,,3.258,0.561
2004-11-22 08:00:00,27.31,12.18,,7.575,0.542
2004-11-22 09:00:00,23.71,11.37,,14.6,0.319
2004-11-22 10:00:00,18.3,11.62,,17.25,0.345
2004-11-22 11:00:00,17.7,14.19,,21.09,0.479
2004-11-22 12:00:00,28.31,16.33,,20.55,0.63
2004-11-22 13:00:00,27.61,15.1,,24.74,0.415
2004-11-22 14:00:00,7.048,13.85,,32.02,0.313
2004-11-22 15:00:00,31.48,13.38,,31.59,0.286
2004-11-22 16:00:00,30.27,14.3,,23.85,0.268
2004-11-22 17:00:00,35.85,13.63,,19.86,0.346
2004-11-22 18:00:00,39.13,13.55,,16.94,0.344
2004-11-22 19:00:00,42.21,13.72,,12.92,0.375
2004-11-22 20:00:00,23.08,13.24,,12.3,0.303
2004-11-22 21:00:00,52.94,12.81,,9.701,0.387
2004-11-22 22:00:00,32.82,14.31,,6.71,0.39
2004-11-22 23:00:00,39.09,12.73,,5.543,0.398
2004-11-23 00:00:00,14.0,12.97,,6.277,0.414
2004-11-23 01:00:00,32.4,2.939,,6.468,0.407
2004-11-23 02:00:00,18.37,3.545,,7.031,0.34
2004-11-23 03:00:00,9.507,5.139,,5.089,0.407
2004-11-23 04:00:00,10.42,3.156,,5.933,0.326
2004-11-23 05:00:00,20.86,4.877,,3.811,0.399
2004-11-23 06:00:00,16.1,4.269,,0.5,0.535
2004-11-23 07:00:00,29.92,10.41,,0.5,0.868
2004-11-23 08:00:00,31.14,25.7,,0.5,1.405
2004-11-23 09:00:00,34.35,29.78,,3.033,1.268
2004-11-23 10:00:00,48.64,31.06,,6.764,1.041
2004-11-23 11:00:00,51.69,32.92,,14.08,1.122
2004-11-23 12:00:00,87.06,32.3,,28.05,0.981
2004-11-23 13:00:00,49.8,33.76,,32.83,1.214
2004-11-23 14:00:00,67.54,32.57,,48.64,1.145
2004-11-23 15:00:00,84.71,31.2,,55.55,1.31
2004-11-23 16:00:00,68.64,30.47,,38.51,1.036
2004-11-23 17:00:00,61.1,26.29,,27.06,0.516
2004-11-23 18:00:00,51.18,24.97,,19.87,0.503
2004-11-23 19:00:00,36.77,25.19,,15.66,0.463
2004-11-23 20:00:00,61.69,25.05,,15.41,0.5
2004-11-23 21:00:00,70.54,24.28,,11.75,0.508
2004-11-23 22:00:00,35.99,23.79,,9.846,0.547
2004-11-23 23:00:00,63.2,23.74,,10.63,0.404
2004-11-24 00:00:00,44.35,22.54,,13.85,0.36
2004-11-24 01:00:00,16.8,0.65,,16.21,0.292
2004-11-24 02:00:00,10.18,0.65,,10.41,0.41
2004-11-24 03:00:00,39.36,0.65,,8.965,0.381
2004-11-24 04:00:00,26.47,0.65,,9.838,0.365
2004-11-24 05:00:00,14.98,0.65,,7.928,0.343
2004-11-24 06:00:00,15.94,0.65,,2.478,0.524
2004-11-24 07:00:00,42.14,0.65,,1.801,0.552
2004-11-24 08:00:00,42.72,0.65,,1.244,1.139
2004-11-24 09:00:00,48.4,1.624,,5.845,1.062
2004-11-24 10:00:00,68.14,,,11.96,0.881
2004-11-24 11:00:00,50.72,,,16.78,0.855
2004-11-24 12:00:00,35.2,,,21.03,0.772
2004-11-24 13:00:00,36.71,,,26.12,0.761
2004-11-24 14:00:00,27.33,,,28.43,0.874
2004-11-24 15:00:00,76.92,,,21.02,1.294
2004-11-24 17:00:00,74.97,0.65,,33.92,
2004-11-24 18:00:00,83.73,0.65,,34.19,
2004-11-24 19:00:00,55.03,0.65,,17.7,
2004-11-24 20:00:00,76.26,0.65,,17.69,0.17
2004-11-24 21:00:00,62.9,0.65,,20.36,0.085
2004-11-24 22:00:00,54.45,0.65,,21.04,0.025
2004-11-24 23:00:00,51.96,0.65,,21.36,0.025
2004-11-25 00:00:00,38.28,0.65,,16.84,0.235
2004-11-25 01:00:00,18.21,2.339,,12.93,0.752
2004-11-25 02:00:00,18.26,2.639,,13.27,0.584
2004-11-25 03:00:00,34.09,3.199,,12.89,0.426
2004-11-25 04:00:00,9.114,4.143,,8.593,0.501
2004-11-25 05:00:00,45.91,3.776,,5.032,0.549
2004-11-25 06:00:00,61.06,5.024,,1.525,0.571
2004-11-25 07:00:00,47.13,10.32,,1.314,1.363
2004-11-25 08:00:00,52.83,10.81,,5.354,0.984
2004-11-25 09:00:00,52.88,11.48,,10.2,0.558
2004-11-25 10:00:00,43.58,11.61,,11.57,0.679
2004-11-25 11:00:00,44.92,11.16,,14.94,0.666
2004-11-25 12:00:00,37.04,10.88,,16.81,0.49
2004-11-25 13:00:00,18.06,11.84,,17.29,0.493
2004-11-25 14:00:00,21.48,11.58,,22.54,0.516
2004-11-25 15:00:00,40.41,12.87,,26.27,1.088
2004-11-25 16:00:00,52.09,11.93,,27.82,1.061
2004-11-25 17:00:00,42.29,12.89,,25.44,0.996
2004-11-25 18:00:00,49.74,14.18,,21.83,1.103
2004-11-25 19:00:00,51.17,13.96,,15.7,1.412
2004-11-25 20:00:00,57.3,13.69,,21.67,0.728
2004-11-25 21:00:00,58.55,13.33,,17.17,0.956
2004-11-25 22:00:00,49.39,14.22,,13.85,0.915
2004-11-25 23:00:00,26.29,13.03,,17.29,0.596
2004-11-26 00:00:00,32.16,13.47,,19.24,0.55
2004-11-26 01:00:00,4.796,0.65,,18.87,0.384
2004-11-26 02:00:00,26.2,0.65,,20.33,0.291
2004-11-26 03:00:00,33.33,0.65,,17.5,0.338
2004-11-26 04:00:00,6.969,0.65,,15.46,0.313
2004-11-26 05:00:00,27.73,0.65,,14.31,0.309
2004-11-26 06:00:00,24.51,0.65,,9.769,0.399
2004-11-26 07:00:00,19.96,1.774,,2.901,0.972
2004-11-26 08:00:00,42.13,10.7,,5.189,1.016
2004-11-26 09:00:00,22.06,11.76,,6.976,0.784
2004-11-26 10:00:00,34.95,11.48,,12.63,0.675
2004-11-26 11:00:00,16.49,13.37,,12.21,0.772
2004-11-26 12:00:00,30.31,13.16,,17.92,0.56
2004-11-26 13:00:00,20.89,14.31,,16.7,0.532
2004-11-26 14:00:00,23.57,14.79,,15.7,0.648
2004-11-26 15:00:00,26.89,13.72,,17.81,0.577
2004-11-26 16:00:00,33.19,13.71,,18.36,0.551
2004-11-26 17:00:00,24.74,13.1,,19.82,0.33
2004-11-26 18:00:00,14.92,12.01,,19.9,0.301
2004-11-26 19:00:00,14.67,10.09,,17.05,0.244
2004-11-26 20:00:00,15.35,6.276,,14.82,0.269
2004-11-26 21:00:00,27.84,8.093,,11.74,0.308
2004-11-26 22:00:00,15.05,7.018,,11.99,0.328
2004-11-26 23:00:00,1.471,8.278,,11.86,0.342
2004-11-27 00:00:00,5.059,7.275,,13.39,0.341
2004-11-27 01:00:00,0.756,4.072,,12.21,0.49
2004-11-27 02:00:00,6.954,4.286,,11.81,0.391
2004-11-27 03:00:00,15.09,3.912,,13.14,0.32
2004-11-27 04:00:00,,2.22,,12.97,0.331
2004-11-27 05:00:00,,2.558,,13.86,0.309
2004-11-27 06:00:00,,2.196,,14.01,0.292
2004-11-27 07:00:00,,2.511,,11.11,0.403
2004-11-27 08:00:00,,3.993,,10.57,0.433
2004-11-27 09:00:00,6.007,6.821,,7.084,0.702
2004-11-27 10:00:00,23.98,11.96,,11.41,0.523
2004-11-27 11:00:00,8.765,10.06,,14.17,0.409
2004-11-27 12:00:00,0.563,8.492,,18.32,0.392
2004-11-27 13:00:00,3.378,5.828,,17.05,0.347
2004-11-27 14:00:00,7.939,6.878,,16.22,0.336
2004-11-27 15:00:00,14.71,8.853,,13.44,0.429
2004-11-27 16:00:00,13.63,3.534,,14.82,0.382
2004-11-27 17:00:00,7.929,5.085,,16.98,0.376
2004-11-27 18:00:00,19.82,5.586,,18.14,0.363
2004-11-27 19:00:00,1.961,4.704,,16.73,0.415
2004-11-27 20:00:00,13.38,6.324,,15.88,0.332
2004-11-27 21:00:00,27.68,5.481,,14.42,0.411
2004-11-27 22:00:00,22.28,6.526,,10.12,0.467
2004-11-27 23:00:00,20.52,4.943,,8.869,0.457
2004-11-28 00:00:00,19.44,7.106,,8.942,0.43
2004-11-28 01:00:00,10.99,0.65,,7.642,0.547
2004-11-28 02:00:00,39.54,0.65,,12.8,0.365
2004-11-28 03:00:00,5.259,0.65,,11.96,0.383
2004-11-28 04:00:00,21.54,0.65,,11.63,0.327
2004-11-28 05:00:00,11.21,0.65,,12.69,0.319
2004-11-28 06:00:00,9.213,0.65,,10.93,0.336
2004-11-28 07:00:00,8.383,0.65,,14.93,0.307
2004-11-28 08:00:00,30.5,0.65,,17.38,0.314
2004-11-28 09:00:00,7.859,0.65,,17.35,0.331
2004-11-28 10:00:00,28.52,0.65,,17.49,0.374
2004-11-28 11:00:00,0.588,0.65,,21.01,0.335
2004-11-28 12:00:00,2.421,0.65,,22.18,0.333
2004-11-28 13:00:00,3.229,0.65,,23.44,0.307
2004-11-28 14:00:00,7.433,0.65,,22.53,0.302
2004-11-28 15:00:00,3.678,0.65,,20.1,0.349
2004-11-28 16:00:00,16.27,0.65,,20.47,0.31
2004-11-28 17:00:00,10.63,0.65,,21.82,0.274
2004-11-28 18:00:00,2.539,0.65,,18.61,0.349
2004-11-28 19:00:00,10.64,0.65,,17.08,0.35
2004-11-28 20:00:00,8.339,0.65,,14.42,0.367
2004-11-28 21:00:00,17.04,0.65,,12.62,0.377
2004-11-28 22:00:00,14.98,0.65,,13.36,0.343
2004-11-28 23:00:00,3.912,0.65,,13.43,0.298
2004-11-29 00:00:00,14.35,0.65,,14.95,0.242
2004-11-29 01:00:00,,0.65,,14.42,0.169
2004-11-29 02:00:00,2.448,0.65,,13.73,0.163
2004-11-29 03:00:00,8.922,0.65,,12.65,0.174
2004-11-29 04:00:00,,0.65,,12.43,0.134
2004-11-29 05:00:00,1.891,0.65,,10.69,0.137
2004-11-29 06:00:00,9.071,0.65,,9.033,0.212
2004-11-29 07:00:00,8.529,0.65,,5.671,0.325
2004-11-29 08:00:00,4.461,0.65,,10.64,0.239
2004-11-29 09:00:00,9.752,0.65,,13.01,0.26
2004-11-29 10:00:00,15.22,0.65,,14.46,0.266
2004-11-29 11:00:00,15.03,0.65,,17.05,0.26
2004-11-29 12:00:00,16.72,0.65,,18.94,0.219
2004-11-29 13:00:00,,0.65,,18.67,0.237
2004-11-29 14:00:00,,0.65,,18.43,0.181
2004-11-29 15:00:00,0.39,0.65,,16.14,0.233
2004-11-29 16:00:00,2.449,0.65,,15.19,0.227
2004-11-29 17:00:00,9.206,0.65,,13.92,0.333
2004-11-29 18:00:00,37.2,0.65,,12.32,0.27
2004-11-29 19:00:00,5.722,0.65,,10.28,0.242
2004-11-29 20:00:00,7.531,0.65,,9.283,0.298
2004-11-29 21:00:00,37.58,0.65,,11.19,0.275
2004-11-29 22:00:00,21.77,0.65,,10.48,0.233
2004-11-29 23:00:00,10.14,0.65,,11.97,0.151
2004-11-30 00:00:00,12.55,,,11.89,0.199
2004-11-30 01:00:00,8.171,0.65,,11.03,0.269
2004-11-30 02:00:00,8.783,4.45,,11.17,0.23
2004-11-30 03:00:00,18.73,0.65,,10.0,0.164
2004-11-30 04:00:00,28.17,0.65,,8.611,0.165
2004-11-30 05:00:00,6.725,0.65,,7.85,0.251
2004-11-30 06:00:00,17.48,0.65,,2.506,0.319
2004-11-30 07:00:00,33.8,1.6,,1.467,0.434
2004-11-30 08:00:00,23.19,0.65,,8.994,0.248
2004-11-30 09:00:00,25.49,1.383,,11.78,0.222
2004-11-30 10:00:00,27.89,1.378,,17.52,0.223
2004-11-30 11:00:00,9.672,0.65,,17.08,0.244
2004-11-30 12:00:00,0.986,0.65,,15.47,0.218
2004-11-30 13:00:00,3.545,2.006,,15.68,0.191
2004-11-30 14:00:00,5.041,0.65,,16.44,0.16
2004-11-30 15:00:00,6.122,0.65,,20.13,0.172
2004-11-30 16:00:00,38.89,0.65,,20.43,0.151
2004-11-30 17:00:00,5.887,0.65,,17.69,0.222
2004-11-30 18:00:00,21.34,1.456,,15.03,0.248
2004-11-30 19:00:00,31.51,0.65,,12.07,0.259
2004-11-30 20:00:00,28.02,0.65,,11.97,0.193
2004-11-30 21:00:00,30.12,0.65,,13.16,0.15
2004-11-30 22:00:00,21.33,0.65,,12.76,0.242
2004-11-30 23:00:00,27.62,0.65,,12.77,0.119
2004-12-01 00:00:00,6.91,,,14.48,0.328
2004-12-01 01:00:00,36.04,0.65,,14.82,0.36
2004-12-01 02:00:00,5.932,0.65,,13.49,0.29
2004-12-01 03:00:00,25.91,0.65,,13.0,0.364
2004-12-01 04:00:00,12.04,0.65,,13.21,0.345
2004-12-01 05:00:00,6.019,0.65,,12.0,0.397
2004-12-01 06:00:00,19.81,0.65,,7.672,0.415
2004-12-01 07:00:00,26.01,0.65,,5.839,0.51
2004-12-01 08:00:00,27.77,0.65,,8.717,0.437
2004-12-01 09:00:00,27.67,0.65,,14.53,0.307
2004-12-01 10:00:00,19.79,17.14,,17.08,
2004-12-01 11:00:00,39.21,19.72,,19.82,0.455
2004-12-01 12:00:00,5.91,18.04,,20.02,0.187
2004-12-01 13:00:00,27.79,21.0,,22.15,0.253
2004-12-01 18:00:00,,0.65,,15.01,
2004-12-01 19:00:00,36.65,0.65,,13.3,
2004-12-01 20:00:00,34.46,0.65,,12.16,
2004-12-01 21:00:00,40.3,0.65,,11.26,
2004-12-01 22:00:00,31.37,0.65,,10.3,
2004-12-01 23:00:00,36.4,0.65,,10.76,0.312
2004-12-02 00:00:00,26.79,0.65,,10.15,0.232
2004-12-02 01:00:00,5.048,0.65,,11.48,0.185
2004-12-02 02:00:00,22.91,0.65,,12.92,0.236
2004-12-02 03:00:00,22.51,0.65,,13.01,0.266
2004-12-02 04:00:00,22.8,0.65,,12.71,0.243
2004-12-02 05:00:00,17.88,0.65,,11.98,0.2
2004-12-02 06:00:00,18.36,0.65,,8.996,0.23
2004-12-02 07:00:00,20.91,0.65,,4.75,0.289
2004-12-02 08:00:00,19.97,0.65,,6.262,0.349
2004-12-02 09:00:00,30.39,0.65,,10.19,0.308
2004-12-02 10:00:00,34.24,1.54,,15.44,0.21
2004-12-02 11:00:00,13.54,2.144,,17.7,0.244
2004-12-02 12:00:00,23.0,2.4,,25.13,0.202
2004-12-02 13:00:00,16.17,1.702,,22.47,0.165
2004-12-02 14:00:00,25.38,1.926,,19.36,0.154
2004-12-02 15:00:00,13.46,2.334,,18.39,0.179
2004-12-02 16:00:00,11.42,2.069,,17.61,0.107
2004-12-02 17:00:00,43.96,0.65,,14.22,0.129
2004-12-02 18:00:00,51.26,2.726,,14.23,0.139
2004-12-02 19:00:00,40.36,1.919,,10.6,0.129
2004-12-02 20:00:00,42.36,0.65,,9.837,0.096
2004-12-02 21:00:00,42.15,0.65,,7.997,0.098
2004-12-02 22:00:00,36.57,0.65,,7.47,0.124
2004-12-02 23:00:00,36.42,1.926,,9.269,0.1
2004-12-03 00:00:00,21.73,1.586,,10.73,0.156
2004-12-03 01:00:00,1.361,4.343,,11.73,0.348
2004-12-03 02:00:00,8.954,3.861,,12.02,0.268
2004-12-03 03:00:00,18.27,4.834,,11.98,0.276
2004-12-03 04:00:00,20.52,4.06,,11.98,0.278
2004-12-03 05:00:00,27.68,6.451,,9.731,0.301
2004-12-03 06:00:00,7.416,5.842,,5.649,0.343
2004-12-03 07:00:00,34.15,5.753,,1.688,0.507
2004-12-03 08:00:00,30.95,12.47,,2.772,0.797
2004-12-03 09:00:00,27.62,11.29,,8.118,0.604
2004-12-03 10:00:00,30.71,13.93,,13.21,0.492
2004-12-03 11:00:00,23.01,14.33,,14.61,0.674
2004-12-03 12:00:00,20.3,13.77,,15.17,0.52
2004-12-03 13:00:00,3.919,13.91,,17.53,0.55
2004-12-03 14:00:00,19.79,13.95,,16.75,0.719
2004-12-03 15:00:00,26.06,13.9,,19.84,0.65
2004-12-03 17:00:00,106.2,0.65,,13.42,
2004-12-03 18:00:00,33.22,2.661,,20.22,
2004-12-03 19:00:00,44.49,0.65,,16.14,
2004-12-03 20:00:00,62.69,0.65,,10.79,
2004-12-03 21:00:00,61.38,0.65,,5.918,
2004-12-03 22:00:00,64.11,0.65,,3.955,
2004-12-03 23:00:00,70.32,0.65,,5.278,
2004-12-04 00:00:00,44.59,0.65,,6.163,
2004-12-04 01:00:00,44.01,0.65,,2.978,0.668
2004-12-04 02:00:00,35.93,0.65,,0.5,0.61
2004-12-04 03:00:00,27.86,5.071,,8.435,0.384
2004-12-04 04:00:00,45.23,7.258,,6.546,0.45
2004-12-04 05:00:00,25.99,5.919,,10.04,0.468
2004-12-04 06:00:00,15.8,4.324,,9.449,0.454
2004-12-04 07:00:00,29.72,6.388,,8.486,0.647
2004-12-04 08:00:00,33.24,6.802,,8.107,0.747
2004-12-04 09:00:00,31.17,11.55,,8.504,0.794
2004-12-04 10:00:00,32.3,8.44,,11.26,0.718
2004-12-04 11:00:00,35.36,12.71,,21.58,0.795
2004-12-04 12:00:00,39.12,13.05,,17.49,0.864
2004-12-04 13:00:00,24.54,11.56,,22.62,0.757
2004-12-04 14:00:00,54.22,10.7,,21.59,0.705
2004-12-04 15:00:00,35.57,11.96,,18.93,0.742
2004-12-04 16:00:00,47.4,13.01,,10.72,0.917
2004-12-04 18:00:00,47.45,10.11,,15.68,0.64
2004-12-04 19:00:00,46.71,5.615,,14.86,0.636
2004-12-04 20:00:00,30.33,7.915,,7.456,0.875
2004-12-04 21:00:00,41.33,4.967,,16.95,0.567
2004-12-04 22:00:00,43.33,7.007,,19.93,0.534
2004-12-04 23:00:00,39.8,8.224,,22.74,0.405
2004-12-05 00:00:00,24.73,7.425,,21.55,0.555
2004-12-05 01:00:00,10.46,0.65,,22.49,0.554
2004-12-05 02:00:00,24.35,0.65,,22.41,0.595
2004-12-05 03:00:00,17.75,0.65,,24.04,0.499
2004-12-05 04:00:00,11.2,0.65,,24.16,0.513
2004-12-05 05:00:00,5.382,0.65,,23.65,0.544
2004-12-05 06:00:00,20.98,0.65,,22.32,0.466
2004-12-05 07:00:00,19.5,0.65,,21.82,0.584
2004-12-05 08:00:00,4.01,0.65,,23.4,0.505
2004-12-05 09:00:00,16.54,0.65,,25.27,0.486
2004-12-05 10:00:00,13.03,0.65,,24.15,0.478
2004-12-05 11:00:00,21.91,0.65,,24.71,0.554
2004-12-05 12:00:00,11.25,0.65,,25.22,0.511
2004-12-05 13:00:00,0.479,0.65,,25.89,0.656
2004-12-05 14:00:00,5.993,0.65,,25.61,0.556
2004-12-05 15:00:00,16.34,0.65,,24.01,0.497
2004-12-05 16:00:00,7.64,0.65,,23.14,0.516
2004-12-05 17:00:00,19.69,0.65,,23.12,0.534
2004-12-05 18:00:00,24.18,0.65,,22.12,0.582
2004-12-05 19:00:00,29.35,0.65,,21.61,0.564
2004-12-05 20:00:00,20.4,0.65,,19.73,0.636
2004-12-05 21:00:00,28.57,0.65,,17.7,0.533
2004-12-05 22:00:00,8.968,0.65,,16.95,0.619
2004-12-05 23:00:00,32.54,0.65,,16.92,0.611
2004-12-06 00:00:00,,0.65,,16.38,0.528
2004-12-06 01:00:00,,0.65,,16.65,0.486
2004-12-06 02:00:00,5.794,0.65,,15.97,0.519
2004-12-06 03:00:00,23.88,0.65,,15.86,0.548
2004-12-06 04:00:00,13.09,0.65,,15.07,0.601
2004-12-06 05:00:00,17.25,0.65,,14.36,0.445
2004-12-06 06:00:00,16.15,0.65,,12.8,0.517
2004-12-06 07:00:00,5.688,0.65,,6.26,0.858
2004-12-06 08:00:00,32.61,0.65,,2.992,1.47
2004-12-06 09:00:00,47.73,0.65,,1.575,1.314
2004-12-06 10:00:00,19.15,0.65,,1.408,1.292
2004-12-06 11:00:00,18.26,0.65,,1.99,1.507
2004-12-06 12:00:00,32.46,0.65,,3.408,1.092
2004-12-06 13:00:00,15.39,0.65,,5.454,0.854
2004-12-06 14:00:00,14.75,0.65,,7.399,0.749
2004-12-06 15:00:00,11.98,0.65,,9.047,0.614
2004-12-06 16:00:00,11.04,0.65,,11.41,0.674
2004-12-06 17:00:00,21.63,0.65,,17.12,0.612
2004-12-06 18:00:00,21.57,0.65,,12.51,0.677
2004-12-06 19:00:00,27.12,0.65,,4.749,0.849
2004-12-06 20:00:00,24.12,0.65,,5.025,0.718
2004-12-06 21:00:00,17.08,0.65,,8.115,0.505
2004-12-06 22:00:00,8.825,0.65,,9.35,0.584
2004-12-06 23:00:00,36.78,0.65,,15.04,0.507
2004-12-07 00:00:00,15.18,0.65,,18.98,0.363
2004-12-07 01:00:00,,0.65,,19.96,0.412
2004-12-07 02:00:00,3.283,0.65,,21.08,0.394
2004-12-07 03:00:00,14.65,0.65,,18.06,0.393
2004-12-07 04:00:00,9.227,0.65,,15.74,0.387
2004-12-07 05:00:00,7.505,0.65,,13.77,0.397
2004-12-07 06:00:00,27.67,0.65,,12.81,0.38
2004-12-07 07:00:00,7.124,0.65,,8.482,0.485
2004-12-07 08:00:00,23.26,0.65,,8.614,0.45
2004-12-07 09:00:00,21.51,0.65,,12.63,0.431
2004-12-07 10:00:00,18.52,0.65,,12.1,0.438
2004-12-07 11:00:00,27.94,0.65,,12.23,0.478
2004-12-07 12:00:00,16.28,0.65,,13.22,0.517
2004-12-07 13:00:00,22.37,0.65,,14.42,0.467
2004-12-07 14:00:00,2.649,0.65,,14.64,0.379
2004-12-07 15:00:00,11.73,0.65,,11.87,0.615
2004-12-07 16:00:00,15.62,0.65,,11.63,0.615
2004-12-07 18:00:00,3.128,0.65,,11.33,0.749
2004-12-07 19:00:00,13.75,0.65,,14.15,0.534
2004-12-07 20:00:00,12.45,0.65,,11.66,0.527
2004-12-07 21:00:00,18.06,0.65,,14.0,0.512
2004-12-07 22:00:00,18.94,0.65,,12.53,0.48
2004-12-07 23:00:00,26.11,0.65,,12.31,0.506
2004-12-08 00:00:00,26.65,0.65,,14.28,0.384
2004-12-08 01:00:00,3.081,0.65,,17.21,0.315
2004-12-08 02:00:00,10.39,0.65,,15.56,0.242
2004-12-08 03:00:00,24.77,0.65,,15.98,0.251
2004-12-08 04:00:00,12.59,0.65,,14.64,0.266
2004-12-08 05:00:00,3.205,0.65,,14.35,0.204
2004-12-08 06:00:00,2.627,0.65,,14.65,0.241
2004-12-08 07:00:00,14.31,0.65,,9.604,0.311
2004-12-08 08:00:00,19.52,0.65,,4.276,0.748
2004-12-08 09:00:00,12.2,0.65,,9.73,0.501
2004-12-08 10:00:00,25.14,0.65,,12.74,0.324
2004-12-08 11:00:00,6.556,0.65,,13.05,0.413
2004-12-08 12:00:00,,0.65,,16.01,0.34
2004-12-08 13:00:00,,0.65,,17.44,0.349
2004-12-08 14:00:00,,0.65,,16.57,0.37
2004-12-08 16:00:00,9.444,0.65,,16.61,
2004-12-08 17:00:00,18.4,9.533,,14.27,
2004-12-08 18:00:00,24.28,1.963,,15.18,
2004-12-08 19:00:00,7.778,2.901,,17.11,
2004-12-08 20:00:00,19.88,2.535,,15.52,
2004-12-08 21:00:00,1.287,0.65,,16.69,0.327
2004-12-08 22:00:00,9.453,1.403,,13.87,0.129
2004-12-08 23:00:00,17.77,1.478,,15.78,0.06
2004-12-09 00:00:00,1.722,0.65,,16.37,0.232
2004-12-09 01:00:00,,0.65,,18.9,0.425
2004-12-09 02:00:00,0.193,0.65,,17.63,0.431
2004-12-09 03:00:00,1.992,0.65,,16.12,0.428
2004-12-09 04:00:00,7.8,0.65,,15.4,0.36
2004-12-09 05:00:00,11.36,0.65,,15.55,0.427
2004-12-09 06:00:00,0.488,0.65,,11.58,0.44
2004-12-09 07:00:00,6.891,0.65,,9.538,0.587
2004-12-09 08:00:00,20.57,0.65,,13.12,0.58
2004-12-09 09:00:00,11.56,0.65,,16.07,0.586
2004-12-09 10:00:00,24.14,0.65,,16.37,0.557
2004-12-09 11:00:00,16.7,,,16.94,0.419
2004-12-09 12:00:00,2.821,0.65,,20.1,0.394
2004-12-09 13:00:00,3.484,0.65,,22.13,0.383
2004-12-09 14:00:00,2.193,0.65,,23.0,0.367
2004-12-09 15:00:00,9.134,0.65,,21.25,0.471
2004-12-09 16:00:00,7.615,0.65,,17.7,0.512
2004-12-09 17:00:00,19.04,0.65,,17.02,0.467
2004-12-09 18:00:00,17.48,0.65,,15.77,0.524
2004-12-09 19:00:00,,0.65,,12.76,0.585
2004-12-09 20:00:00,5.604,0.65,,11.47,0.503
2004-12-09 21:00:00,20.6,0.65,,9.714,0.54
2004-12-09 22:00:00,2.715,0.65,,11.69,0.502
2004-12-09 23:00:00,12.02,0.65,,10.38,0.595
2004-12-10 00:00:00,11.58,0.65,,10.0,0.517
2004-12-10 01:00:00,16.82,7.49,,11.02,0.396
2004-12-10 02:00:00,0.016,2.022,,10.96,0.427
2004-12-10 03:00:00,4.981,7.844,,13.09,0.409
2004-12-10 04:00:00,18.43,3.785,,13.65,0.423
2004-12-10 05:00:00,6.49,2.275,,12.46,0.374
2004-12-10 06:00:00,26.9,3.375,,9.279,0.418
2004-12-10 07:00:00,26.16,4.275,,4.899,0.652
2004-12-10 08:00:00,41.56,3.983,,5.947,0.608
2004-12-10 09:00:00,17.11,2.578,,10.83,0.451
2004-12-10 10:00:00,7.777,3.665,,12.36,0.379
2004-12-10 11:00:00,35.28,2.191,,13.71,0.404
2004-12-10 12:00:00,24.78,3.218,,15.49,0.452
2004-12-10 13:00:00,6.132,2.149,,16.61,0.454
2004-12-10 14:00:00,14.92,3.966,,15.32,0.423
2004-12-10 15:00:00,22.0,2.434,,13.25,0.465
2004-12-10 16:00:00,25.31,3.429,,11.46,0.447
2004-12-10 17:00:00,20.11,3.92,,12.87,0.523
2004-12-10 18:00:00,14.64,4.971,,11.37,0.501
2004-12-10 19:00:00,18.68,3.539,,11.31,0.453
2004-12-10 20:00:00,23.02,1.528,,7.376,0.557
2004-12-10 21:00:00,28.07,0.65,,7.025,0.545
2004-12-10 22:00:00,16.64,0.65,,5.474,0.59
2004-12-10 23:00:00,40.49,2.663,,5.664,0.548
2004-12-11 00:00:00,18.55,1.311,,5.436,0.506
2004-12-11 01:00:00,9.516,12.02,,7.103,0.459
2004-12-11 02:00:00,5.03,27.38,,6.585,0.412
2004-12-11 03:00:00,19.14,26.77,,8.101,0.391
2004-12-11 04:00:00,20.79,26.35,,8.04,0.313
2004-12-11 05:00:00,31.54,26.19,,10.62,0.384
2004-12-11 06:00:00,9.178,25.85,,11.03,0.354
2004-12-11 07:00:00,9.782,26.59,,11.42,0.363
2004-12-11 08:00:00,21.24,26.94,,14.45,0.398
2004-12-11 09:00:00,28.9,26.93,,16.82,0.374
2004-12-11 10:00:00,15.74,26.89,,16.36,0.361
2004-12-11 11:00:00,31.09,26.22,,16.09,0.333
2004-12-11 12:00:00,2.456,26.26,,17.88,0.384
2004-12-11 13:00:00,14.23,25.97,,17.91,0.353
2004-12-11 14:00:00,19.32,26.76,,17.96,0.277
2004-12-11 15:00:00,7.115,26.66,,18.48,0.261
2004-12-11 16:00:00,29.45,26.34,,19.0,0.367
2004-12-11 17:00:00,21.48,24.93,,16.32,0.335
2004-12-11 18:00:00,17.59,24.19,,15.08,0.355
2004-12-11 19:00:00,15.77,25.77,,12.93,0.263
2004-12-11 20:00:00,21.91,24.12,,10.0,0.33
2004-12-11 21:00:00,37.6,25.52,,8.797,0.355
2004-12-11 22:00:00,25.07,24.41,,10.01,0.374
2004-12-11 23:00:00,6.34,25.48,,11.3,0.35
2004-12-12 00:00:00,19.74,25.24,,10.09,0.267
2004-12-12 01:00:00,21.45,0.65,,11.47,0.24
2004-12-12 02:00:00,19.35,0.65,,10.04,0.228
2004-12-12 03:00:00,6.453,0.65,,10.98,0.245
2004-12-12 04:00:00,24.57,0.65,,9.846,0.282
2004-12-12 05:00:00,6.943,0.65,,9.024,0.3
2004-12-12 06:00:00,14.29,0.65,,8.335,0.287
2004-12-12 07:00:00,9.249,0.65,,10.26,0.285
2004-12-12 08:00:00,32.14,0.65,,11.17,0.289
2004-12-12 09:00:00,14.08,0.65,,11.88,0.256
2004-12-12 10:00:00,8.824,0.65,,13.23,0.2
2004-12-12 11:00:00,4.12,0.65,,14.41,0.271
2004-12-12 12:00:00,10.75,0.65,,14.5,0.31
2004-12-12 13:00:00,,0.65,,14.67,0.29
2004-12-12 14:00:00,0.814,0.65,,16.52,0.278
2004-12-12 15:00:00,3.016,0.65,,15.24,0.302
2004-12-12 16:00:00,3.283,0.65,,15.12,0.259
2004-12-12 17:00:00,20.24,0.65,,14.74,0.246
2004-12-12 18:00:00,30.03,0.65,,13.28,0.187
2004-12-12 19:00:00,5.537,0.65,,12.35,0.217
2004-12-12 20:00:00,23.55,0.65,,11.17,0.28
2004-12-12 21:00:00,18.58,0.65,,9.759,0.226
2004-12-12 22:00:00,18.33,0.65,,9.169,0.233
2004-12-12 23:00:00,18.78,0.65,,9.976,0.267
2004-12-13 00:00:00,12.0,0.65,,8.985,0.295
2004-12-13 01:00:00,5.919,2.844,,8.242,0.353
2004-12-13 02:00:00,22.2,0.65,,10.12,0.351
2004-12-13 03:00:00,9.851,0.65,,10.46,0.308
2004-12-13 04:00:00,15.31,0.65,,10.09,0.346
2004-12-13 05:00:00,28.07,0.65,,7.394,0.382
2004-12-13 06:00:00,16.74,0.65,,3.718,0.384
2004-12-13 07:00:00,21.64,4.985,,1.056,1.018
2004-12-13 08:00:00,38.39,10.05,,0.5,1.344
2004-12-13 09:00:00,29.33,17.83,,2.592,1.194
2004-12-13 10:00:00,47.4,18.31,,5.369,1.07
2004-12-13 11:00:00,34.01,19.42,,11.39,0.713
2004-12-13 12:00:00,4.649,16.6,,18.74,0.669
2004-12-13 13:00:00,4.911,13.55,,21.17,0.46
2004-12-13 14:00:00,9.022,0.65,,16.35,0.509
2004-12-13 15:00:00,20.07,1.812,,13.95,0.543
2004-12-13 16:00:00,36.86,1.489,,15.55,0.517
2004-12-13 17:00:00,14.45,16.62,,23.29,0.426
2004-12-13 18:00:00,31.57,9.656,,21.14,0.35
2004-12-13 19:00:00,30.65,1.556,,13.44,0.36
2004-12-13 20:00:00,33.57,2.057,,9.12,0.37
2004-12-13 21:00:00,28.15,9.048,,10.11,0.311
2004-12-13 22:00:00,26.12,1.388,,10.98,0.356
2004-12-13 23:00:00,32.99,0.65,,11.05,0.315
2004-12-14 00:00:00,15.18,1.717,,10.39,0.237
2004-12-14 01:00:00,20.81,1.412,,10.83,0.127
2004-12-14 02:00:00,1.577,0.65,,9.866,0.146
2004-12-14 03:00:00,6.642,0.65,,9.054,0.148
2004-12-14 04:00:00,14.11,4.013,,9.165,0.13
2004-12-14 05:00:00,17.37,1.768,,8.386,0.119
2004-12-14 06:00:00,16.53,1.769,,3.513,0.194
2004-12-14 07:00:00,5.426,2.388,,1.681,0.255
2004-12-14 08:00:00,25.45,17.09,,4.906,0.241
2004-12-14 09:00:00,32.67,22.66,,9.293,0.207
2004-12-14 10:00:00,23.05,23.04,,13.16,0.2
2004-12-14 11:00:00,12.01,21.28,,16.71,0.155
2004-12-14 12:00:00,,21.55,,19.08,0.167
2004-12-14 13:00:00,2.084,24.26,,22.36,0.19
2004-12-14 14:00:00,7.636,23.53,,20.67,0.215
2004-12-14 15:00:00,5.95,22.66,,19.76,0.117
2004-12-14 16:00:00,30.1,22.54,,17.63,0.163
2004-12-14 17:00:00,33.93,,,17.39,0.095
2004-12-14 18:00:00,23.94,,,14.88,0.16
2004-12-14 19:00:00,38.01,,,13.74,0.166
2004-12-14 20:00:00,35.13,,,10.42,0.169
2004-12-14 21:00:00,38.74,,,9.022,0.163
2004-12-14 22:00:00,17.8,,,7.294,0.214
2004-12-14 23:00:00,24.94,,,6.622,0.149
2004-12-15 00:00:00,0.016,,,7.766,0.226
2004-12-15 01:00:00,5.048,,,8.75,0.262
2004-12-15 02:00:00,18.62,,,9.265,0.243
2004-12-15 03:00:00,0.089,,,7.314,0.243
2004-12-15 04:00:00,0.335,,,7.331,0.277
2004-12-15 05:00:00,6.578,,,4.261,0.3
2004-12-15 06:00:00,24.27,,,2.372,0.344
2004-12-15 07:00:00,5.24,,,1.0,0.463
2004-12-15 08:00:00,26.87,,,2.471,0.607
2004-12-15 09:00:00,41.32,,,6.119,0.477
2004-12-15 10:00:00,46.49,,,11.82,0.456
2004-12-15 11:00:00,30.66,,,17.56,0.41
2004-12-15 12:00:00,19.57,,,21.36,0.342
2004-12-15 13:00:00,26.48,,,25.14,0.386
2004-12-15 14:00:00,34.66,,,27.74,0.421
2004-12-15 15:00:00,26.48,,,28.85,0.427
2004-12-15 16:00:00,54.54,,,29.43,0.198
2004-12-15 17:00:00,31.84,,,19.72,0.251
2004-12-15 18:00:00,,,,13.72,0.283
2004-12-15 19:00:00,,,,10.14,0.385
2004-12-15 20:00:00,0.016,,,6.779,0.514
2004-12-15 21:00:00,,,,3.946,0.472
2004-12-15 22:00:00,,,,6.81,0.377
2004-12-15 23:00:00,,,,5.222,0.434
2004-12-16 00:00:00,,,,12.36,0.362
2004-12-16 01:00:00,0.998,,,14.16,0.61
2004-12-16 02:00:00,11.09,,,17.28,0.493
2004-12-16 03:00:00,26.89,,,16.77,0.537
2004-12-16 04:00:00,,,,11.77,0.513
2004-12-16 05:00:00,13.42,,,22.36,0.627
2004-12-16 06:00:00,51.32,,,3.121,0.941
2004-12-16 07:00:00,28.62,,,1.867,1.38
2004-12-16 08:00:00,61.77,,,3.436,1.033
2004-12-16 09:00:00,31.75,,,5.784,1.205
2004-12-16 11:00:00,47.02,,,,
2004-12-16 12:00:00,100.2,,,13.39,
2004-12-16 13:00:00,61.39,,,15.55,
2004-12-16 14:00:00,58.2,,,12.65,
2004-12-16 15:00:00,70.65,,,41.27,
2004-12-16 16:00:00,61.31,,,28.99,
2004-12-16 17:00:00,20.71,,,31.67,
2004-12-16 18:00:00,37.19,,,30.64,
2004-12-16 19:00:00,11.69,,,32.69,
2004-12-16 20:00:00,25.72,,,30.86,
2004-12-16 21:00:00,13.92,,,34.46,
2004-12-16 22:00:00,28.94,,,34.46,
2004-12-16 23:00:00,9.263,,,36.01,
2004-12-17 00:00:00,27.52,,,31.99,
2004-12-17 01:00:00,5.371,,,25.39,
2004-12-17 02:00:00,2.334,,,25.19,
2004-12-17 03:00:00,16.94,,,23.91,
2004-12-17 04:00:00,34.0,,,22.49,
2004-12-17 05:00:00,16.23,,,16.19,
2004-12-17 06:00:00,21.59,,,7.54,
2004-12-17 07:00:00,29.3,,,5.242,
2004-12-17 08:00:00,24.7,,,14.48,
2004-12-17 09:00:00,21.81,,,23.19,
2004-12-17 10:00:00,31.48,,,24.89,
2004-12-17 11:00:00,37.91,,,23.46,
2004-12-17 12:00:00,26.5,,,27.86,
2004-12-17 13:00:00,24.55,,,28.9,
2004-12-17 14:00:00,33.68,,,27.87,
2004-12-17 15:00:00,27.41,,,28.63,
2004-12-17 16:00:00,23.37,,,28.05,
2004-12-17 17:00:00,52.79,,,29.63,
2004-12-17 18:00:00,19.54,,,27.09,
2004-12-17 19:00:00,43.24,,,19.23,
2004-12-17 20:00:00,36.62,,,17.99,
2004-12-17 21:00:00,45.11,,,18.74,
2004-12-17 22:00:00,35.67,,,18.3,
2004-12-17 23:00:00,36.44,,,18.31,
2004-12-18 00:00:00,50.23,,,16.79,
2004-12-18 01:00:00,30.93,,,18.08,
2004-12-18 02:00:00,26.32,,,16.11,
2004-12-18 03:00:00,21.61,,,13.35,
2004-12-18 04:00:00,29.14,,,15.7,
2004-12-18 05:00:00,31.62,,,11.81,
2004-12-18 06:00:00,18.37,,,10.36,
2004-12-18 07:00:00,28.22,,,8.854,
2004-12-18 08:00:00,39.95,,,8.6,
2004-12-18 09:00:00,9.033,,,14.42,
2004-12-18 10:00:00,20.86,,,19.09,
2004-12-18 11:00:00,29.69,,,26.29,
2004-12-18 12:00:00,4.203,,,26.74,
2004-12-18 13:00:00,15.45,,,32.22,
2004-12-18 14:00:00,5.67,,,37.64,
2004-12-18 15:00:00,27.44,,,33.04,
2004-12-18 16:00:00,28.92,,,31.89,
2004-12-18 17:00:00,24.3,,,30.42,
2004-12-18 18:00:00,40.49,,,30.19,
2004-12-18 19:00:00,43.18,,,25.77,
2004-12-18 20:00:00,48.74,,,22.75,
2004-12-18 21:00:00,37.14,,,19.38,
2004-12-18 22:00:00,29.92,,,9.9,
2004-12-18 23:00:00,34.17,,,6.825,
2004-12-19 00:00:00,66.96,,,7.143,
2004-12-19 01:00:00,24.67,,,5.493,
2004-12-19 02:00:00,36.96,,,4.34,
2004-12-19 03:00:00,14.11,,,9.627,
2004-12-19 04:00:00,26.15,,,3.333,
2004-12-19 05:00:00,17.3,,,0.5,
2004-12-19 06:00:00,21.93,,,0.5,
2004-12-19 07:00:00,44.55,,,2.022,
2004-12-19 08:00:00,20.79,,,6.782,
2004-12-19 09:00:00,44.89,,,10.73,
2004-12-19 10:00:00,20.03,,,20.53,
2004-12-19 11:00:00,17.21,,,25.77,
2004-12-19 12:00:00,18.28,,,30.76,
2004-12-19 13:00:00,19.08,,,40.11,
2004-12-19 14:00:00,32.36,,,32.18,
2004-12-19 15:00:00,30.01,,,32.12,
2004-12-19 16:00:00,36.21,,,22.77,
2004-12-19 17:00:00,23.51,,,17.27,
2004-12-19 18:00:00,20.56,,,16.65,
2004-12-19 19:00:00,5.572,,,17.82,
2004-12-19 20:00:00,20.44,,,10.41,
2004-12-19 21:00:00,0.605,,,8.868,
2004-12-19 22:00:00,7.385,,,9.061,
2004-12-19 23:00:00,22.45,,,7.704,
2004-12-20 00:00:00,14.93,,,2.39,
2004-12-20 01:00:00,12.96,,,4.575,
2004-12-20 02:00:00,26.12,,,9.749,
2004-12-20 03:00:00,13.87,,,16.16,
2004-12-20 04:00:00,20.95,,,17.13,
2004-12-20 05:00:00,28.51,,,20.07,
2004-12-20 06:00:00,0.432,,,14.29,
2004-12-20 07:00:00,10.73,,,4.9,
2004-12-20 08:00:00,41.97,,,5.278,
2004-12-20 09:00:00,32.18,,,8.367,
2004-12-20 10:00:00,12.85,,,12.77,
2004-12-20 11:00:00,32.14,,,20.25,
2004-12-20 12:00:00,20.61,,,27.86,
2004-12-20 13:00:00,17.39,,,34.53,
2004-12-20 14:00:00,14.67,,,30.03,
2004-12-20 15:00:00,23.21,,,29.04,
2004-12-20 16:00:00,15.27,,,33.63,
2004-12-20 17:00:00,30.08,,,24.63,
2004-12-20 18:00:00,27.23,,,24.71,
2004-12-20 19:00:00,36.15,,,24.84,
2004-12-20 20:00:00,15.46,,,23.84,
2004-12-20 21:00:00,18.79,,,22.28,
2004-12-20 22:00:00,27.37,,,18.14,
2004-12-20 23:00:00,23.71,,,16.2,
2004-12-21 00:00:00,9.891,,,14.86,
2004-12-21 01:00:00,6.756,,,19.16,
2004-12-21 02:00:00,2.153,,,18.52,
2004-12-21 03:00:00,13.1,,,16.83,
2004-12-21 04:00:00,20.68,,,18.82,
2004-12-21 05:00:00,12.76,,,16.95,
2004-12-21 06:00:00,25.1,,,14.35,
2004-12-21 07:00:00,12.52,,,8.828,
2004-12-21 08:00:00,25.41,,,12.46,
2004-12-21 09:00:00,11.25,,,21.86,
2004-12-21 10:00:00,10.23,,,20.71,
2004-12-21 11:00:00,27.76,,,21.43,
2004-12-21 12:00:00,22.26,,,22.49,
2004-12-21 13:00:00,4.716,,,25.45,
2004-12-21 14:00:00,24.02,,,26.97,
2004-12-21 15:00:00,26.05,,,25.67,
2004-12-21 16:00:00,8.246,,,23.93,
2004-12-21 17:00:00,19.96,,,20.98,
2004-12-21 18:00:00,34.04,,,21.34,
2004-12-21 19:00:00,16.76,,,18.79,
2004-12-21 20:00:00,5.096,,,13.77,
2004-12-21 21:00:00,35.74,,,14.66,
2004-12-21 22:00:00,69.78,,,16.07,
2004-12-21 23:00:00,30.35,,,17.25,
2004-12-22 00:00:00,32.69,,,20.05,
2004-12-22 01:00:00,18.6,,,21.39,
2004-12-22 02:00:00,12.45,,,21.2,
2004-12-22 03:00:00,7.372,,,20.78,
2004-12-22 04:00:00,4.046,,,18.43,
2004-12-22 05:00:00,12.34,,,18.45,
2004-12-22 06:00:00,27.89,,,12.39,
2004-12-22 07:00:00,26.95,,,9.778,
2004-12-22 08:00:00,13.67,,,13.35,
2004-12-22 09:00:00,31.74,,,15.47,
2004-12-22 10:00:00,6.782,,,17.75,
2004-12-22 11:00:00,28.27,,,19.28,
2004-12-22 12:00:00,14.02,,,20.69,
2004-12-22 13:00:00,17.55,,,21.99,
2004-12-22 14:00:00,19.17,,,24.36,
2004-12-22 15:00:00,20.97,,,23.58,
2004-12-22 16:00:00,2.603,,,22.23,
2004-12-22 17:00:00,21.18,,,24.05,
2004-12-22 18:00:00,42.65,,,19.98,
2004-12-22 19:00:00,1.661,,,15.24,
2004-12-22 20:00:00,18.7,,,15.59,
2004-12-22 21:00:00,46.59,,,13.02,
2004-12-22 22:00:00,5.492,,,13.12,
2004-12-22 23:00:00,21.64,,,15.28,
2004-12-23 00:00:00,5.182,,,17.28,
2004-12-23 01:00:00,5.201,,,18.47,
2004-12-23 02:00:00,1.902,,,18.9,
2004-12-23 03:00:00,9.731,,,17.18,
2004-12-23 04:00:00,12.29,,,17.67,
2004-12-23 05:00:00,9.999,,,16.87,
2004-12-23 06:00:00,5.614,,,13.41,
2004-12-23 07:00:00,27.17,,,8.439,
2004-12-23 08:00:00,22.64,,,10.63,
2004-12-23 09:00:00,1.996,,,12.28,
2004-12-23 10:00:00,7.575,,,17.22,
2004-12-23 11:00:00,5.322,,,19.49,
2004-12-23 12:00:00,20.14,,,19.18,
2004-12-23 13:00:00,1.729,,,20.55,
2004-12-23 14:00:00,9.855,,,17.97,
2004-12-23 15:00:00,24.05,,,20.24,
2004-12-23 16:00:00,12.32,,,19.31,
2004-12-23 17:00:00,23.55,,,18.24,
2004-12-23 18:00:00,19.3,,,15.82,
2004-12-23 19:00:00,21.7,,,14.6,
2004-12-23 20:00:00,33.46,,,13.48,
2004-12-23 21:00:00,34.85,,,12.3,
2004-12-23 22:00:00,21.58,,,12.26,
2004-12-23 23:00:00,0.336,,,12.67,
2004-12-24 00:00:00,4.555,,,12.9,
2004-12-24 01:00:00,12.86,,,14.39,
2004-12-24 02:00:00,1.583,,,17.12,
2004-12-24 03:00:00,5.258,,,18.47,
2004-12-24 04:00:00,21.13,,,16.82,
2004-12-24 05:00:00,5.349,,,15.82,
2004-12-24 06:00:00,4.758,,,12.04,
2004-12-24 07:00:00,20.85,,,7.216,
2004-12-24 08:00:00,33.06,,,9.739,
2004-12-24 09:00:00,9.339,,,16.16,
2004-12-24 10:00:00,19.65,,,19.08,
2004-12-24 11:00:00,15.44,,,22.32,
2004-12-24 12:00:00,4.712,,,21.46,
2004-12-24 13:00:00,9.734,,,24.43,
2004-12-24 14:00:00,2.016,,,24.12,
2004-12-24 15:00:00,4.466,,,24.57,
2004-12-24 16:00:00,17.46,,,27.73,
2004-12-24 17:00:00,10.31,,,25.94,
2004-12-24 18:00:00,29.4,,,23.08,
2004-12-24 19:00:00,32.35,,,20.38,
2004-12-24 20:00:00,37.85,,,17.83,
2004-12-24 21:00:00,4.312,,,13.8,
2004-12-24 22:00:00,22.9,,,11.51,
2004-12-24 23:00:00,32.8,,,12.7,
2004-12-25 00:00:00,25.52,,,12.43,
2004-12-25 01:00:00,12.15,,,7.721,
2004-12-25 02:00:00,19.45,,,1.151,
2004-12-25 03:00:00,5.873,,,0.5,
2004-12-25 04:00:00,26.4,,,7.77,
2004-12-25 05:00:00,17.13,,,8.515,
2004-12-25 06:00:00,1.938,,,7.004,
2004-12-25 07:00:00,11.07,,,4.261,
2004-12-25 08:00:00,17.95,,,8.343,
2004-12-25 09:00:00,16.79,,,13.67,
2004-12-25 10:00:00,17.76,,,18.87,
2004-12-25 11:00:00,19.84,,,24.56,
2004-12-25 12:00:00,14.0,,,25.85,
2004-12-25 13:00:00,1.384,,,28.62,
2004-12-25 14:00:00,12.98,,,28.05,
2004-12-25 15:00:00,29.37,,,29.4,
2004-12-25 16:00:00,4.688,,,29.14,
2004-12-25 17:00:00,22.64,,,31.83,
2004-12-25 18:00:00,26.69,,,30.2,
2004-12-25 19:00:00,26.62,,,26.15,
2004-12-25 20:00:00,6.417,,,20.14,
2004-12-25 21:00:00,25.68,,,18.33,
2004-12-25 22:00:00,12.65,,,10.74,
2004-12-25 23:00:00,23.31,,,4.547,
2004-12-26 00:00:00,10.53,,,7.278,
2004-12-26 01:00:00,5.221,,,6.906,
2004-12-26 02:00:00,22.39,,,15.55,
2004-12-26 03:00:00,11.9,,,17.56,
2004-12-26 04:00:00,3.282,,,22.14,
2004-12-26 05:00:00,13.34,,,20.17,
2004-12-26 06:00:00,16.23,,,16.36,
2004-12-26 07:00:00,6.785,,,18.02,
2004-12-26 08:00:00,14.69,,,20.81,
2004-12-26 09:00:00,34.01,,,25.89,
2004-12-26 10:00:00,12.44,,,29.4,
2004-12-26 11:00:00,22.91,,,30.02,
2004-12-26 12:00:00,29.11,,,32.62,
2004-12-26 13:00:00,18.16,,,34.87,
2004-12-26 14:00:00,33.27,,,36.96,
2004-12-26 15:00:00,25.48,,,35.06,
2004-12-26 16:00:00,20.1,,,33.3,
2004-12-26 17:00:00,39.17,,,31.77,
2004-12-26 18:00:00,6.914,,,26.46,
2004-12-26 19:00:00,6.77,,,18.13,
2004-12-26 20:00:00,28.64,,,17.01,
2004-12-26 21:00:00,16.58,,,9.49,
2004-12-26 22:00:00,18.69,,,8.133,
2004-12-26 23:00:00,39.08,,,8.156,
2004-12-27 00:00:00,16.42,,,23.98,
2004-12-27 01:00:00,8.93,,,27.14,
2004-12-27 02:00:00,0.158,,,29.88,
2004-12-27 03:00:00,5.326,,,30.77,
2004-12-27 04:00:00,17.73,,,30.7,
2004-12-27 05:00:00,4.675,,,29.08,
2004-12-27 06:00:00,19.53,,,20.75,
2004-12-27 07:00:00,20.79,,,13.2,
2004-12-27 08:00:00,11.77,,,14.7,
2004-12-27 09:00:00,39.27,,,20.75,
2004-12-27 10:00:00,15.27,,,25.27,
2004-12-27 11:00:00,17.41,,,26.21,
2004-12-27 12:00:00,19.98,,,27.35,
2004-12-27 13:00:00,4.057,,,30.72,
2004-12-27 14:00:00,17.97,,,28.52,
2004-12-27 15:00:00,14.17,,,31.74,
2004-12-27 16:00:00,16.82,,,28.67,
2004-12-27 17:00:00,22.99,,,30.21,
2004-12-27 18:00:00,22.07,,,31.37,
2004-12-27 19:00:00,6.297,,,26.65,
2004-12-27 20:00:00,25.63,,,24.35,
2004-12-27 21:00:00,16.79,,,21.11,
2004-12-27 22:00:00,37.46,,,17.5,
2004-12-27 23:00:00,34.36,,,21.93,
2004-12-28 00:00:00,20.53,,,21.09,
2004-12-28 01:00:00,12.42,,,20.6,
2004-12-28 02:00:00,20.03,,,21.59,
2004-12-28 03:00:00,20.81,,,19.37,
2004-12-28 04:00:00,16.77,,,16.54,
2004-12-28 05:00:00,19.34,,,13.44,
2004-12-28 06:00:00,13.31,,,8.308,
2004-12-28 07:00:00,27.3,,,6.004,
2004-12-28 08:00:00,24.38,,,14.25,
2004-12-28 09:00:00,18.15,,,13.61,
2004-12-28 10:00:00,10.93,,,21.58,
2004-12-28 11:00:00,27.11,,,25.74,
2004-12-28 12:00:00,8.203,,,22.98,
2004-12-28 13:00:00,2.757,,,20.45,
2004-12-28 14:00:00,14.58,,,19.68,
2004-12-28 15:00:00,19.42,,,30.41,
2004-12-28 16:00:00,22.54,,,30.02,
2004-12-28 17:00:00,36.5,,,27.11,
2004-12-28 18:00:00,9.677,,,22.12,
2004-12-28 19:00:00,37.36,,,17.42,
2004-12-28 20:00:00,7.778,,,16.01,
2004-12-28 21:00:00,19.49,,,15.93,
2004-12-28 22:00:00,35.94,,,15.69,
2004-12-28 23:00:00,25.55,,,16.55,
2004-12-29 00:00:00,7.402,,,15.05,
2004-12-29 01:00:00,16.07,,,15.24,
2004-12-29 02:00:00,3.063,,,14.4,
2004-12-29 03:00:00,17.86,,,14.08,
2004-12-29 04:00:00,24.03,,,13.81,
2004-12-29 05:00:00,0.052,,,12.59,
2004-12-29 06:00:00,8.946,,,6.568,
2004-12-29 07:00:00,35.63,,,3.135,
2004-12-29 08:00:00,15.68,,,4.499,
2004-12-29 09:00:00,18.32,,,9.536,
2004-12-29 10:00:00,9.008,,,17.3,
2004-12-29 12:00:00,29.61,,,27.32,
2004-12-29 13:00:00,18.9,,,45.22,
2004-12-29 14:00:00,8.708,,,30.0,
2004-12-29 15:00:00,44.12,,,29.74,
2004-12-29 16:00:00,39.61,,,36.15,
2004-12-29 17:00:00,24.57,,,27.78,
2004-12-29 18:00:00,52.99,,,21.47,
2004-12-29 19:00:00,52.58,,,17.2,
2004-12-29 20:00:00,31.26,,,13.11,
2004-12-29 21:00:00,46.33,,,12.14,
2004-12-29 22:00:00,31.26,,,11.86,
2004-12-29 23:00:00,44.75,,,5.551,
2004-12-30 00:00:00,15.41,,,7.55,
2004-12-30 01:00:00,12.51,,,11.06,
2004-12-30 02:00:00,20.99,,,10.58,
2004-12-30 03:00:00,17.59,,,9.816,
2004-12-30 04:00:00,28.31,,,9.499,
2004-12-30 05:00:00,12.79,,,8.05,
2004-12-30 06:00:00,24.78,,,2.425,
2004-12-30 07:00:00,21.3,,,1.278,
2004-12-30 08:00:00,21.21,,,1.0,
2004-12-30 09:00:00,40.22,,,2.513,
2004-12-30 10:00:00,51.16,,,8.569,
2004-12-30 11:00:00,65.31,,,12.12,
2004-12-30 12:00:00,52.01,,,27.28,
2004-12-30 13:00:00,43.65,,,30.89,
2004-12-30 14:00:00,53.0,,,33.8,
2004-12-30 15:00:00,66.12,,,33.22,
2004-12-30 16:00:00,76.74,,,30.76,
2004-12-30 17:00:00,97.03,,,32.2,
2004-12-30 18:00:00,21.31,,,32.58,
2004-12-30 19:00:00,26.45,,,31.63,
2004-12-30 20:00:00,12.01,,,32.73,
