data,pm10,so2,no2,o3,co
2002-01-01 00:00:00,12.33,0.65,0.175,1.694,0.687
2002-01-01 01:00:00,27.23,0.65,0.175,1.835,0.687
2002-01-01 02:00:00,64.91,0.65,0.175,2.417,0.855
2002-01-01 03:00:00,56.32,0.65,0.175,1.014,0.806
2002-01-01 04:00:00,34.89,0.65,0.175,1.514,0.871
2002-01-01 05:00:00,38.01,0.65,0.175,2.779,1.147
2002-01-01 06:00:00,45.89,0.65,0.175,4.158,1.348
2002-01-01 07:00:00,63.79,0.65,0.175,3.915,1.538
2002-01-01 08:00:00,108.8,0.65,0.175,4.25,1.543
2002-01-01 09:00:00,97.83,0.65,0.175,2.234,1.207
2002-01-01 10:00:00,70.17,0.65,0.175,0.5,0.73
2002-01-01 11:00:00,51.51,0.65,0.175,0.5,0.373
2002-01-01 12:00:00,4.63,0.65,0.175,0.5,0.22
2002-01-01 13:00:00,9.56,0.65,0.526,1.417,0.159
2002-01-01 14:00:00,22.03,0.65,0.815,1.271,0.148
2002-01-01 15:00:00,19.38,0.65,1.272,1.896,0.133
2002-01-01 16:00:00,12.74,0.65,1.482,1.548,0.123
2002-01-01 17:00:00,11.59,0.65,0.175,0.5,0.129
2002-01-01 18:00:00,8.69,0.65,0.61,1.09,0.147
2002-01-01 19:00:00,11.53,0.65,0.175,0.5,0.182
2002-01-01 20:00:00,18.65,0.65,0.175,0.5,0.252
2002-01-01 21:00:00,20.11,0.65,0.175,0.5,0.352
2002-01-01 22:00:00,23.76,0.65,0.175,0.5,0.487
2002-01-01 23:00:00,20.76,0.65,0.175,0.5,0.566
2002-01-02 00:00:00,13.22,0.65,0.175,0.5,0.575
2002-01-02 01:00:00,15.5,0.65,0.175,0.5,0.551
2002-01-02 02:00:00,21.25,0.65,0.175,0.5,0.499
2002-01-02 03:00:00,20.21,0.65,0.175,0.5,0.407
2002-01-02 04:00:00,17.61,0.65,0.175,0.5,0.327
2002-01-02 05:00:00,17.88,0.65,0.175,0.5,0.268
2002-01-02 06:00:00,18.58,0.65,0.175,0.5,0.306
2002-01-02 07:00:00,21.43,0.65,0.175,0.5,0.435
2002-01-02 08:00:00,28.59,0.65,0.175,1.15,0.485
2002-01-02 09:00:00,30.26,0.65,0.175,1.26,0.562
2002-01-02 10:00:00,34.48,0.65,0.175,0.5,0.539
2002-01-02 11:00:00,36.19,0.65,0.175,0.5,0.456
2002-01-02 12:00:00,40.5,0.65,0.175,1.513,0.433
2002-01-02 13:00:00,33.42,0.65,0.175,0.5,0.385
2002-01-02 14:00:00,15.5,0.65,0.175,0.5,0.325
2002-01-02 15:00:00,15.58,0.65,0.175,0.5,0.407
2002-01-02 16:00:00,15.79,0.65,,0.5,0.497
2002-01-02 17:00:00,20.64,0.65,,1.033,0.508
2002-01-02 18:00:00,32.75,0.65,,0.5,0.499
2002-01-02 19:00:00,28.39,0.65,,0.5,0.543
2002-01-02 20:00:00,17.45,0.65,,0.5,0.556
2002-01-02 21:00:00,18.27,0.65,,0.5,0.47
2002-01-02 22:00:00,20.33,0.65,,0.5,0.453
2002-01-02 23:00:00,23.47,0.65,,1.292,0.481
2002-01-03 00:00:00,31.37,0.65,,0.5,0.454
2002-01-03 01:00:00,26.69,0.65,,0.5,0.427
2002-01-03 02:00:00,14.86,0.65,,0.5,0.36
2002-01-03 03:00:00,16.28,0.65,,0.5,0.304
2002-01-03 04:00:00,19.83,0.65,,0.5,0.246
2002-01-03 05:00:00,14.21,0.65,,0.5,0.199
2002-01-03 06:00:00,,0.65,,0.5,0.196
2002-01-03 07:00:00,2.19,0.65,,0.5,0.218
2002-01-03 08:00:00,7.69,0.65,,1.3,0.321
2002-01-03 09:00:00,16.36,0.65,,1.125,0.542
2002-01-03 10:00:00,38.3,0.65,,0.5,0.564
2002-01-03 11:00:00,33.55,0.65,,0.5,0.536
2002-01-03 12:00:00,21.61,0.65,,0.5,0.518
2002-01-03 13:00:00,20.83,0.65,,0.5,0.41
2002-01-03 14:00:00,18.86,0.65,,0.5,0.345
2002-01-03 15:00:00,16.06,0.65,,1.154,0.315
2002-01-03 16:00:00,9.04,0.65,,0.5,0.332
2002-01-03 17:00:00,10.87,0.65,0.175,0.5,0.349
2002-01-03 18:00:00,15.44,0.65,0.175,0.5,0.391
2002-01-03 19:00:00,18.91,0.65,0.175,0.5,0.507
2002-01-03 20:00:00,27.64,0.65,0.175,0.5,0.541
2002-01-03 21:00:00,28.81,0.65,0.175,0.5,0.511
2002-01-03 22:00:00,31.73,0.65,0.175,0.5,0.469
2002-01-03 23:00:00,28.27,0.65,0.175,0.5,0.464
2002-01-04 00:00:00,19.59,0.65,0.175,2.094,0.431
2002-01-04 01:00:00,17.81,0.65,0.175,0.5,0.412
2002-01-04 02:00:00,13.32,0.65,0.175,0.5,0.361
2002-01-04 03:00:00,12.74,0.65,0.175,0.5,0.283
2002-01-04 04:00:00,11.28,0.65,0.175,0.5,0.244
2002-01-04 05:00:00,13.95,0.65,0.175,0.5,0.206
2002-01-04 06:00:00,20.7,0.65,0.175,0.5,0.211
2002-01-04 07:00:00,15.58,0.65,0.175,0.5,0.24
2002-01-04 08:00:00,2.73,0.65,0.175,0.5,0.312
2002-01-04 09:00:00,10.82,0.65,0.175,0.5,0.445
2002-01-04 10:00:00,31.3,0.65,0.175,0.5,0.544
2002-01-04 11:00:00,27.88,0.65,0.175,0.5,0.467
2002-01-04 12:00:00,19.29,0.65,0.175,0.5,0.464
2002-01-04 13:00:00,15.33,0.65,0.175,0.5,0.437
2002-01-04 14:00:00,5.5,0.65,0.175,0.5,0.44
2002-01-04 15:00:00,11.89,0.65,0.175,0.5,0.459
2002-01-04 16:00:00,27.94,0.65,,0.5,0.567
2002-01-04 17:00:00,24.5,0.65,,0.5,0.564
2002-01-04 18:00:00,15.91,0.65,,0.5,0.609
2002-01-04 19:00:00,14.16,0.65,,0.5,0.633
2002-01-04 20:00:00,9.75,0.65,,0.5,0.652
2002-01-04 21:00:00,14.81,0.65,,0.5,0.597
2002-01-04 22:00:00,27.43,0.65,,0.5,0.54
2002-01-04 23:00:00,26.37,0.65,,0.5,0.474
2002-01-05 00:00:00,23.69,0.65,,0.5,0.486
2002-01-05 01:00:00,21.08,0.65,,0.5,0.448
2002-01-05 02:00:00,14.47,0.65,,0.5,0.37
2002-01-05 03:00:00,14.49,0.65,,1.25,0.362
2002-01-05 04:00:00,14.53,0.65,,0.5,0.336
2002-01-05 05:00:00,13.62,0.65,,0.5,0.277
2002-01-05 06:00:00,11.31,0.65,,0.5,0.285
2002-01-05 07:00:00,8.81,0.65,,0.5,0.299
2002-01-05 08:00:00,2.53,0.65,,1.372,0.327
2002-01-05 09:00:00,3.969,0.65,,0.5,0.37
2002-01-05 10:00:00,7.61,0.65,,0.5,0.391
2002-01-05 11:00:00,11.82,0.65,,0.5,0.374
2002-01-05 12:00:00,22.38,0.65,,0.5,0.406
2002-01-05 13:00:00,22.99,0.65,,0.5,0.37
2002-01-05 14:00:00,24.51,0.65,,0.5,0.326
2002-01-05 15:00:00,23.3,0.65,,0.5,0.296
2002-01-05 16:00:00,20.26,0.65,,0.5,0.299
2002-01-05 17:00:00,17.35,0.65,,0.5,0.295
2002-01-05 18:00:00,10.15,0.65,,0.5,0.293
2002-01-05 19:00:00,9.101,0.65,,0.5,0.293
2002-01-05 20:00:00,6.52,0.65,,0.5,0.346
2002-01-05 21:00:00,13.05,0.65,,0.5,0.386
2002-01-05 22:00:00,29.24,0.65,,0.5,0.422
2002-01-05 23:00:00,27.87,0.65,,0.5,0.432
2002-01-06 00:00:00,24.5,0.65,,0.5,0.478
2002-01-06 01:00:00,23.22,0.65,,0.5,0.466
2002-01-06 02:00:00,20.04,0.65,,0.5,0.46
2002-01-06 03:00:00,15.46,0.65,,0.5,0.487
2002-01-06 04:00:00,4.17,0.65,,0.5,0.495
2002-01-06 05:00:00,6.157,0.65,,0.5,0.512
2002-01-06 06:00:00,11.08,0.65,,0.5,0.541
2002-01-06 07:00:00,11.72,0.65,,1.094,0.683
2002-01-06 08:00:00,13.3,0.65,,1.379,0.798
2002-01-06 09:00:00,21.09,0.65,,0.5,0.733
2002-01-06 10:00:00,40.39,0.65,,1.571,0.559
2002-01-06 11:00:00,35.33,0.65,,0.5,0.422
2002-01-06 12:00:00,22.86,0.65,,0.5,0.337
2002-01-06 13:00:00,18.87,0.65,,0.5,0.334
2002-01-06 14:00:00,8.98,0.65,,1.548,0.336
2002-01-06 15:00:00,13.96,0.65,,1.211,0.268
2002-01-06 16:00:00,26.22,0.65,,1.706,0.268
2002-01-06 17:00:00,23.67,0.65,,1.032,0.328
2002-01-06 18:00:00,17.31,0.65,,1.068,0.35
2002-01-06 19:00:00,12.31,0.65,,1.203,0.348
2002-01-06 20:00:00,,0.65,,1.158,0.336
2002-01-06 21:00:00,2.114,0.65,,0.5,0.361
2002-01-06 22:00:00,7.39,0.65,,0.5,0.334
2002-01-06 23:00:00,9.825,0.65,,0.5,0.339
2002-01-07 00:00:00,15.82,0.65,,0.5,0.327
2002-01-07 01:00:00,15.42,0.65,,0.5,0.35
2002-01-07 02:00:00,14.42,0.65,,0.5,0.336
2002-01-07 03:00:00,14.16,0.65,,0.5,0.321
2002-01-07 04:00:00,13.51,0.65,,0.5,0.278
2002-01-07 05:00:00,14.78,0.65,,0.5,0.241
2002-01-07 06:00:00,17.93,0.65,,0.5,0.27
2002-01-07 07:00:00,16.63,0.65,,0.5,0.297
2002-01-07 08:00:00,13.43,0.65,,1.242,0.559
2002-01-07 09:00:00,20.91,0.65,,1.028,0.744
2002-01-07 10:00:00,39.46,0.65,,1.357,0.599
2002-01-07 11:00:00,,,,,
2002-01-07 12:00:00,,,,0.5,0.4
2002-01-07 13:00:00,1.147,0.65,,0.5,0.32
2002-01-07 14:00:00,5.58,0.65,,0.5,0.27
2002-01-07 15:00:00,7.59,0.65,,0.5,0.247
2002-01-07 16:00:00,15.49,0.65,,0.5,0.286
2002-01-07 17:00:00,16.15,0.65,,0.5,0.257
2002-01-07 18:00:00,18.71,0.65,,0.5,0.278
2002-01-07 19:00:00,23.18,0.65,,0.5,0.349
2002-01-07 20:00:00,40.74,0.65,,0.5,0.442
2002-01-07 21:00:00,37.31,0.65,,0.5,0.426
2002-01-07 22:00:00,23.93,0.65,,0.5,0.428
2002-01-07 23:00:00,21.62,0.65,,0.5,0.403
2002-01-08 00:00:00,12.56,0.65,,0.5,0.422
2002-01-08 01:00:00,11.47,0.65,,0.5,0.402
2002-01-08 02:00:00,7.28,0.65,,0.5,0.376
2002-01-08 03:00:00,10.15,0.65,,0.5,0.35
2002-01-08 04:00:00,21.35,0.65,,0.5,0.363
2002-01-08 05:00:00,24.38,0.65,,0.5,0.358
2002-01-08 06:00:00,36.07,0.65,,0.5,0.35
2002-01-08 07:00:00,35.78,0.65,,0.5,0.407
2002-01-08 08:00:00,34.64,0.65,,0.5,0.583
2002-01-08 09:00:00,35.89,0.65,,0.5,0.775
2002-01-08 10:00:00,40.7,0.65,,0.5,0.832
2002-01-08 11:00:00,40.58,0.65,,0.5,0.862
2002-01-08 12:00:00,40.11,0.65,,0.5,0.733
2002-01-08 13:00:00,35.92,0.65,,0.5,0.559
2002-01-08 14:00:00,19.72,0.65,,0.5,0.426
2002-01-08 15:00:00,21.46,0.65,,0.5,0.399
2002-01-08 16:00:00,28.32,0.65,,0.5,0.434
2002-01-08 17:00:00,28.06,0.65,,0.5,0.494
2002-01-08 18:00:00,27.06,0.65,,0.5,0.515
2002-01-08 19:00:00,25.15,0.65,,0.5,0.586
2002-01-08 20:00:00,17.63,0.65,,0.5,0.636
2002-01-08 21:00:00,19.61,0.65,,0.5,0.604
2002-01-08 22:00:00,27.35,0.65,,0.5,0.533
2002-01-08 23:00:00,25.76,0.65,,0.5,0.468
2002-01-09 00:00:00,19.53,0.65,,0.5,0.462
2002-01-09 01:00:00,19.64,0.65,,0.5,0.416
2002-01-09 02:00:00,20.08,0.65,,0.5,0.39
2002-01-09 03:00:00,17.91,0.65,,0.5,0.356
2002-01-09 04:00:00,9.47,0.65,,0.5,0.316
2002-01-09 05:00:00,9.104,0.65,,0.5,0.297
2002-01-09 06:00:00,7.69,0.65,,0.5,0.298
2002-01-09 07:00:00,10.84,0.65,,0.5,0.306
2002-01-09 08:00:00,23.1,0.65,,0.5,0.432
2002-01-09 09:00:00,22.02,0.65,,0.5,0.667
2002-01-09 10:00:00,17.83,0.65,,0.5,0.734
2002-01-09 11:00:00,21.86,0.65,,0.5,0.712
2002-01-09 12:00:00,37.7,0.65,,0.5,0.678
2002-01-09 13:00:00,33.43,0.65,,0.5,0.654
2002-01-09 14:00:00,16.94,0.65,,0.5,0.562
2002-01-09 15:00:00,19.48,0.65,,0.5,0.558
2002-01-09 16:00:00,29.45,0.65,,0.5,0.548
2002-01-09 17:00:00,27.91,0.65,,0.5,0.589
2002-01-09 18:00:00,21.98,0.65,,0.5,0.552
2002-01-09 19:00:00,24.61,0.65,,0.5,0.582
2002-01-09 20:00:00,34.93,0.65,,0.5,0.603
2002-01-09 21:00:00,31.85,0.65,,0.5,0.541
2002-01-09 22:00:00,19.83,0.65,,0.5,0.524
2002-01-09 23:00:00,21.91,0.65,,0.5,0.512
2002-01-10 00:00:00,29.87,0.65,,0.5,0.492
2002-01-10 01:00:00,26.07,0.65,,0.5,0.457
2002-01-10 02:00:00,11.37,0.65,,0.5,0.427
2002-01-10 03:00:00,10.7,0.65,,0.5,0.376
2002-01-10 04:00:00,8.1,0.65,,0.5,0.327
2002-01-10 05:00:00,9.609,0.65,,0.5,0.308
2002-01-10 06:00:00,15.44,0.65,,0.5,0.325
2002-01-10 07:00:00,13.47,0.65,,0.5,0.333
2002-01-10 08:00:00,5.81,0.65,,0.5,0.493
2002-01-10 09:00:00,13.71,0.65,,0.5,0.717
2002-01-10 10:00:00,44.23,0.65,,0.5,0.761
2002-01-10 11:00:00,37.38,0.65,,0.5,0.655
2002-01-10 12:00:00,10.46,0.65,,0.5,0.647
2002-01-10 13:00:00,13.47,0.65,,0.5,0.623
2002-01-10 14:00:00,25.11,0.65,,0.5,0.553
2002-01-10 15:00:00,26.96,0.65,,0.5,0.581
2002-01-10 16:00:00,34.24,0.65,,0.5,0.615
2002-01-10 17:00:00,34.24,0.65,,0.5,0.6
2002-01-10 18:00:00,31.7,0.65,,0.5,0.634
2002-01-10 19:00:00,32.36,0.65,,0.5,0.664
2002-01-10 20:00:00,34.96,0.65,,0.5,0.633
2002-01-10 21:00:00,34.82,0.65,,0.5,0.616
2002-01-10 22:00:00,34.26,0.65,,0.5,0.55
2002-01-10 23:00:00,27.59,0.65,,0.5,0.525
2002-01-11 00:00:00,1.14,0.65,,0.5,0.538
2002-01-11 01:00:00,1.589,0.65,,0.5,0.539
2002-01-11 02:00:00,3.37,0.65,,0.5,0.484
2002-01-11 03:00:00,3.919,0.65,,0.5,0.44
2002-01-11 04:00:00,6.06,0.65,,0.5,0.386
2002-01-11 05:00:00,5.313,0.65,,0.5,0.359
2002-01-11 06:00:00,2.35,0.65,,0.5,0.352
2002-01-11 07:00:00,5.854,0.65,,0.5,0.402
2002-01-11 08:00:00,19.63,0.65,,0.5,0.523
2002-01-11 09:00:00,21.71,0.65,,0.5,0.842
2002-01-11 10:00:00,29.97,0.65,,0.5,1.045
2002-01-11 11:00:00,27.75,0.65,,0.5,1.073
2002-01-11 12:00:00,19.01,0.65,,0.5,1.045
2002-01-11 13:00:00,16.63,0.65,,0.5,0.917
2002-01-11 14:00:00,7.2,0.65,,0.5,0.735
2002-01-11 15:00:00,15.23,0.65,,0.5,0.744
2002-01-11 16:00:00,46.8,0.65,,0.5,0.75
2002-01-11 17:00:00,42.04,0.65,,0.5,0.731
2002-01-11 18:00:00,23.15,0.65,,0.5,0.756
2002-01-11 19:00:00,27.04,0.65,,0.5,0.865
2002-01-11 20:00:00,42.32,0.65,,0.5,0.961
2002-01-11 21:00:00,41.82,0.65,,0.5,0.844
2002-01-11 22:00:00,39.83,0.65,,0.5,0.735
2002-01-11 23:00:00,38.85,0.65,,0.5,0.683
2002-01-12 00:00:00,35.01,0.65,,0.5,0.682
2002-01-12 01:00:00,31.44,0.65,,0.5,0.656
2002-01-12 02:00:00,17.39,0.65,,0.5,0.605
2002-01-12 03:00:00,20.78,0.65,,0.5,0.574
2002-01-12 04:00:00,34.35,0.65,,0.5,0.557
2002-01-12 05:00:00,33.01,0.65,,0.5,0.548
2002-01-12 06:00:00,27.68,0.65,,0.5,0.582
2002-01-12 07:00:00,27.58,0.65,,0.5,0.759
2002-01-12 08:00:00,27.19,0.65,,0.5,0.891
2002-01-12 09:00:00,28.94,0.65,,0.5,0.845
2002-01-12 10:00:00,35.87,0.65,,0.5,0.748
2002-01-12 11:00:00,34.25,0.65,,0.5,0.621
2002-01-12 12:00:00,27.88,0.65,,0.5,0.522
2002-01-12 13:00:00,27.17,0.65,,0.5,0.477
2002-01-12 14:00:00,24.37,0.65,,0.5,0.43
2002-01-12 15:00:00,23.47,0.65,,0.5,0.406
2002-01-12 16:00:00,19.91,0.65,,0.5,0.419
2002-01-12 17:00:00,22.42,0.65,,0.5,0.446
2002-01-12 18:00:00,32.39,0.65,,0.5,0.459
2002-01-12 19:00:00,31.14,0.65,,0.5,0.49
2002-01-12 20:00:00,26.21,0.65,,0.5,0.519
2002-01-12 21:00:00,30.94,0.65,,0.5,0.496
2002-01-12 22:00:00,49.71,0.65,,0.5,0.547
2002-01-12 23:00:00,47.26,0.65,,0.5,0.61
2002-01-13 00:00:00,37.62,0.65,,0.5,0.696
2002-01-13 01:00:00,39.12,0.65,,0.5,0.743
2002-01-13 02:00:00,45.03,0.65,,0.5,0.736
2002-01-13 03:00:00,40.64,0.65,,0.5,0.662
2002-01-13 04:00:00,23.06,0.65,,0.5,0.598
2002-01-13 05:00:00,23.51,0.65,,0.5,0.592
2002-01-13 06:00:00,25.28,0.65,,0.5,0.573
2002-01-13 07:00:00,23.29,0.65,,0.5,0.585
2002-01-13 08:00:00,15.53,0.65,,0.5,0.66
2002-01-13 09:00:00,14.89,0.65,,0.5,0.622
2002-01-13 10:00:00,12.34,0.65,,0.5,0.558
2002-01-13 11:00:00,10.75,0.65,,0.5,0.478
2002-01-13 12:00:00,4.5,0.65,,0.5,0.436
2002-01-13 13:00:00,3.594,0.65,,0.5,0.399
2002-01-13 14:00:00,,0.65,,0.5,0.386
2002-01-13 15:00:00,,0.65,,0.5,0.365
2002-01-13 16:00:00,,0.65,,0.5,0.392
2002-01-13 17:00:00,4.245,0.65,,0.5,0.438
2002-01-13 18:00:00,21.08,0.65,,0.5,0.447
2002-01-13 19:00:00,19.6,0.65,,0.5,0.487
2002-01-13 20:00:00,13.77,0.65,,0.5,0.495
2002-01-13 21:00:00,18.55,0.65,,0.5,0.533
2002-01-13 22:00:00,37.5,0.65,,0.5,0.525
2002-01-13 23:00:00,32.2,0.65,,0.5,0.541
2002-01-14 00:00:00,11.36,0.65,,0.5,0.573
2002-01-14 01:00:00,9.827,0.65,,0.5,0.587
2002-01-14 02:00:00,3.8,0.65,,0.5,0.519
2002-01-14 03:00:00,8.153,0.65,,0.5,0.448
2002-01-14 04:00:00,25.12,0.65,,0.5,0.406
2002-01-14 05:00:00,21.16,0.65,,0.5,0.351
2002-01-14 06:00:00,5.48,0.65,,0.5,0.381
2002-01-14 07:00:00,7.17,0.65,,0.5,0.438
2002-01-14 08:00:00,13.76,0.65,,0.5,0.592
2002-01-14 09:00:00,17.98,0.65,,0.5,0.882
2002-01-14 10:00:00,34.69,0.65,,0.5,1.017
2002-01-14 11:00:00,36.07,0.65,,0.5,0.959
2002-01-14 12:00:00,41.49,0.65,,0.5,0.817
2002-01-14 13:00:00,36.25,0.65,,0.5,0.769
2002-01-14 14:00:00,15.49,0.65,,0.5,0.671
2002-01-14 15:00:00,19.55,0.65,,0.5,0.666
2002-01-14 16:00:00,35.49,0.65,,0.5,0.68
2002-01-14 17:00:00,36.73,0.65,,0.5,0.684
2002-01-14 18:00:00,41.5,0.65,,0.5,0.667
2002-01-14 19:00:00,35.92,0.65,,0.5,0.762
2002-01-14 20:00:00,14.17,0.65,,0.5,0.787
2002-01-14 21:00:00,16.47,0.65,,0.5,0.699
2002-01-14 22:00:00,25.38,0.65,,0.5,0.642
2002-01-14 23:00:00,25.86,0.65,,0.5,0.539
2002-01-15 00:00:00,27.73,0.65,,0.5,0.484
2002-01-15 01:00:00,26.58,0.65,,0.5,0.418
2002-01-15 02:00:00,22.13,0.65,,0.5,0.367
2002-01-15 03:00:00,20.58,0.65,,0.5,0.325
2002-01-15 04:00:00,14.56,0.65,,0.5,0.306
2002-01-15 05:00:00,16.4,0.65,,0.5,0.284
2002-01-15 06:00:00,23.51,0.65,,0.5,0.303
2002-01-15 07:00:00,27.32,0.65,,0.5,0.355
2002-01-15 08:00:00,42.16,0.65,,0.5,0.475
2002-01-15 09:00:00,43.42,0.65,,0.5,0.64
2002-01-15 10:00:00,48.28,0.65,,0.5,0.747
2002-01-15 11:00:00,45.33,0.65,,0.5,0.744
2002-01-15 12:00:00,33.72,0.65,,0.5,0.669
2002-01-15 13:00:00,32.79,0.65,,0.5,0.61
2002-01-15 14:00:00,29.18,0.65,,0.5,0.592
2002-01-15 15:00:00,28.66,0.65,,0.5,0.628
2002-01-15 16:00:00,26.65,0.65,,0.5,0.655
2002-01-15 17:00:00,26.65,0.65,,0.5,0.6
2002-01-15 18:00:00,39.91,0.65,,0.5,0.632
2002-01-15 19:00:00,38.46,0.65,,0.5,0.675
2002-01-15 20:00:00,32.88,0.65,,0.5,0.692
2002-01-15 21:00:00,35.02,0.65,,0.5,0.662
2002-01-15 22:00:00,43.36,0.65,,0.5,0.664
2002-01-15 23:00:00,39.26,0.65,,0.5,0.676
2002-01-16 00:00:00,23.53,0.65,,0.5,0.666
2002-01-16 01:00:00,21.46,0.65,,0.5,0.628
2002-01-16 02:00:00,13.46,0.65,,0.5,0.58
2002-01-16 03:00:00,16.69,0.65,,0.5,0.491
2002-01-16 04:00:00,29.3,0.65,,0.5,0.461
2002-01-16 05:00:00,26.29,0.65,,0.5,0.436
2002-01-16 06:00:00,14.68,0.65,,0.5,0.421
2002-01-16 07:00:00,15.67,0.65,,0.5,0.502
2002-01-16 08:00:00,19.52,0.65,,0.5,0.664
2002-01-16 09:00:00,23.63,0.65,,0.5,0.872
2002-01-16 10:00:00,39.53,0.65,,0.5,0.888
2002-01-16 11:00:00,38.15,0.65,,0.5,0.864
2002-01-16 12:00:00,32.7,0.65,,0.5,0.806
2002-01-16 13:00:00,30.54,0.65,,0.5,0.738
2002-01-16 14:00:00,22.18,0.65,,0.5,0.685
2002-01-16 15:00:00,22.18,0.65,,0.5,0.702
2002-01-16 16:00:00,22.18,0.65,,0.5,0.692
2002-01-16 17:00:00,22.57,0.65,,0.5,0.678
2002-01-16 18:00:00,24.07,0.65,,0.5,0.651
2002-01-16 19:00:00,24.97,0.65,,0.5,0.71
2002-01-16 20:00:00,28.4,0.65,,0.5,0.725
2002-01-16 21:00:00,28.7,0.65,,0.5,0.684
2002-01-16 22:00:00,29.89,0.65,,0.5,0.687
2002-01-16 23:00:00,30.44,0.65,,0.5,0.702
2002-01-17 00:00:00,32.54,0.65,,0.5,0.682
2002-01-17 01:00:00,28.97,0.65,,0.5,0.649
2002-01-17 02:00:00,15.18,0.65,,0.5,0.608
2002-01-17 03:00:00,13.22,0.65,,0.5,0.58
2002-01-17 04:00:00,5.59,0.65,,0.5,0.507
2002-01-17 05:00:00,8.682,0.65,,0.5,0.475
2002-01-17 06:00:00,20.63,0.65,,0.5,0.543
2002-01-17 07:00:00,20.84,0.65,,0.5,0.563
2002-01-17 08:00:00,21.64,0.65,,0.5,0.733
2002-01-17 09:00:00,27.8,0.65,,0.5,0.92
2002-01-17 10:00:00,51.6,0.65,,0.5,1.01
2002-01-17 11:00:00,49.8,0.65,,0.5,0.942
2002-01-17 12:00:00,42.9,0.65,,0.5,0.912
2002-01-17 13:00:00,41.31,0.65,,0.5,0.84
2002-01-17 14:00:00,35.15,0.65,,0.5,0.823
2002-01-17 15:00:00,33.47,0.65,,0.5,0.765
2002-01-17 16:00:00,27.04,0.65,,0.5,0.707
2002-01-17 17:00:00,23.99,0.65,,0.5,0.673
2002-01-17 18:00:00,12.19,0.65,,0.5,0.68
2002-01-17 19:00:00,16.06,0.65,,0.5,0.746
2002-01-17 20:00:00,30.9,0.65,,0.5,0.782
2002-01-17 21:00:00,28.7,0.65,,0.5,0.734
2002-01-17 22:00:00,20.12,0.65,,0.5,0.725
2002-01-17 23:00:00,25.55,0.65,,0.5,0.72
2002-01-18 00:00:00,46.34,0.65,,0.5,0.753
2002-01-18 01:00:00,39.75,0.65,,0.5,0.749
2002-01-18 02:00:00,14.3,0.65,,0.5,0.706
2002-01-18 03:00:00,15.01,0.65,,0.5,0.622
2002-01-18 04:00:00,17.76,0.65,,0.5,0.549
2002-01-18 05:00:00,17.85,0.65,,0.5,0.519
2002-01-18 06:00:00,18.18,0.65,,0.5,0.594
2002-01-18 07:00:00,24.49,0.65,,0.5,0.704
2002-01-18 08:00:00,49.08,0.65,,0.5,0.939
2002-01-18 09:00:00,47.66,0.65,,0.5,1.079
2002-01-18 10:00:00,42.17,0.65,,0.5,1.154
2002-01-18 11:00:00,43.87,0.65,,0.5,1.122
2002-01-18 12:00:00,50.37,0.65,,0.5,1.146
2002-01-18 13:00:00,47.63,0.65,,0.5,1.06
2002-01-18 14:00:00,37.06,0.65,,0.5,0.897
2002-01-18 15:00:00,37.01,0.65,,0.5,0.865
2002-01-18 16:00:00,36.8,0.65,,0.5,0.91
2002-01-18 17:00:00,36.35,0.65,,0.5,0.85
2002-01-18 18:00:00,34.61,0.65,,0.5,0.801
2002-01-18 19:00:00,33.46,0.65,,0.5,0.879
2002-01-18 20:00:00,29.07,0.65,,0.5,0.885
2002-01-18 21:00:00,30.48,0.65,,0.5,0.809
2002-01-18 22:00:00,35.99,0.65,,0.5,0.727
2002-01-18 23:00:00,34.63,0.65,,0.5,0.672
2002-01-19 00:00:00,29.43,0.65,,0.5,0.644
2002-01-19 01:00:00,26.46,0.65,,0.5,0.595
2002-01-19 02:00:00,14.96,0.65,,0.5,0.539
2002-01-19 03:00:00,18.48,0.65,,0.5,0.523
2002-01-19 04:00:00,32.19,0.65,,0.5,0.522
2002-01-19 05:00:00,27.79,0.65,,0.5,0.481
2002-01-19 06:00:00,10.79,0.65,,0.5,0.5
2002-01-19 07:00:00,10.87,0.65,,0.5,0.544
2002-01-19 08:00:00,11.18,0.65,,0.5,0.617
2002-01-19 09:00:00,14.24,0.65,,0.5,0.662
2002-01-19 10:00:00,26.09,0.65,,0.5,0.692
2002-01-19 11:00:00,28.25,0.65,,0.5,0.69
2002-01-19 12:00:00,36.55,0.65,,0.5,0.684
2002-01-19 13:00:00,32.31,0.65,,0.5,0.601
2002-01-19 14:00:00,15.92,0.65,,0.5,0.542
2002-01-19 15:00:00,20.65,0.65,,0.5,0.505
2002-01-19 16:00:00,38.8,0.65,,0.5,0.483
2002-01-19 17:00:00,34.84,0.65,,0.5,0.473
2002-01-19 18:00:00,19.54,0.65,,0.5,0.459
2002-01-19 19:00:00,26.83,0.65,,0.5,0.478
2002-01-19 20:00:00,54.76,0.65,,0.5,0.497
2002-01-19 21:00:00,49.54,0.65,,0.5,0.489
2002-01-19 22:00:00,29.19,0.65,,0.5,0.528
2002-01-19 23:00:00,29.48,0.65,,0.5,0.561
2002-01-20 00:00:00,30.61,0.65,,0.5,0.577
2002-01-20 01:00:00,25.57,0.65,,0.5,0.579
2002-01-20 02:00:00,6.1,0.65,,0.5,0.586
2002-01-20 03:00:00,8.705,0.65,,0.5,0.539
2002-01-20 04:00:00,18.86,0.65,,0.5,0.511
2002-01-20 05:00:00,19.2,0.65,,0.5,0.491
2002-01-20 06:00:00,20.5,0.65,,0.5,0.505
2002-01-20 07:00:00,20.34,0.65,,0.5,0.543
2002-01-20 08:00:00,19.73,0.65,,0.5,0.661
2002-01-20 09:00:00,23.85,0.65,,0.5,0.663
2002-01-20 10:00:00,39.75,0.65,,0.5,0.623
2002-01-20 11:00:00,36.96,1.458,,0.5,0.568
2002-01-20 12:00:00,26.28,0.65,,0.5,0.495
2002-01-20 13:00:00,25.71,0.65,,0.5,0.432
2002-01-20 14:00:00,23.52,0.65,,0.5,0.407
2002-01-20 15:00:00,24.13,0.65,,0.5,0.367
2002-01-20 16:00:00,26.48,0.65,,0.5,0.388
2002-01-20 17:00:00,25.69,0.65,,0.5,0.363
2002-01-20 18:00:00,22.64,0.65,,0.5,0.41
2002-01-20 19:00:00,23.32,0.65,,0.5,0.48
2002-01-20 20:00:00,25.94,0.65,,0.5,0.56
2002-01-20 21:00:00,29.59,0.65,,0.5,0.653
2002-01-20 22:00:00,43.82,0.65,,0.5,0.69
2002-01-20 23:00:00,45.75,0.65,,0.5,0.71
2002-01-21 00:00:00,53.15,0.65,,0.5,0.733
2002-01-21 01:00:00,49.44,0.65,,0.5,0.727
2002-01-21 02:00:00,35.09,0.65,,0.5,0.668
2002-01-21 03:00:00,34.38,0.65,,0.5,0.613
2002-01-21 04:00:00,31.66,0.65,,0.5,0.575
2002-01-21 05:00:00,34.94,0.65,,0.5,0.586
2002-01-21 06:00:00,47.61,0.65,,0.5,0.682
2002-01-21 07:00:00,43.72,0.65,,0.5,0.912
2002-01-21 08:00:00,28.79,1.503,,0.5,1.131
2002-01-21 09:00:00,36.44,2.125,,0.5,1.433
2002-01-21 10:00:00,66.03,2.193,,0.5,1.556
2002-01-21 11:00:00,71.41,1.829,,0.5,1.358
2002-01-21 12:00:00,92.02,1.744,,0.5,1.134
2002-01-21 13:00:00,79.25,0.65,,0.5,0.927
2002-01-21 14:00:00,29.9,0.65,,0.5,0.751
2002-01-21 15:00:00,37.57,0.65,,0.5,0.709
2002-01-21 16:00:00,66.94,0.65,,0.5,0.747
2002-01-21 17:00:00,63.04,0.65,,0.5,0.74
2002-01-21 18:00:00,48.21,0.65,,0.5,0.818
2002-01-21 19:00:00,59.29,0.65,,0.5,1.047
2002-01-21 20:00:00,101.8,0.65,,0.5,1.114
2002-01-21 21:00:00,98.1,0.65,,0.5,0.996
2002-01-21 22:00:00,84.21,1.479,,0.5,0.942
2002-01-21 23:00:00,78.99,1.361,,0.5,0.921
2002-01-22 00:00:00,58.98,1.375,,0.5,0.882
2002-01-22 01:00:00,57.43,1.394,,0.5,0.857
2002-01-22 02:00:00,51.59,1.623,,0.5,0.793
2002-01-22 03:00:00,50.1,1.564,,0.5,0.713
2002-01-22 04:00:00,44.43,1.806,,0.5,0.643
2002-01-22 05:00:00,44.44,1.801,,0.5,0.598
2002-01-22 06:00:00,44.48,1.609,,0.5,0.631
2002-01-22 07:00:00,45.74,1.804,,0.5,0.595
2002-01-22 08:00:00,50.59,2.371,,0.5,0.64
2002-01-22 09:00:00,49.97,2.469,,0.5,0.926
2002-01-22 10:00:00,47.64,2.308,,0.5,1.173
2002-01-22 11:00:00,44.85,2.495,,0.5,1.314
2002-01-22 12:00:00,34.15,2.786,,0.5,1.624
2002-01-22 13:00:00,35.67,2.857,,0.5,1.632
2002-01-22 14:00:00,41.4,2.84,,0.5,1.572
2002-01-22 15:00:00,42.87,2.986,,0.5,1.52
2002-01-22 16:00:00,48.5,2.721,,0.5,1.462
2002-01-22 17:00:00,44.52,2.494,,0.5,1.278
2002-01-22 18:00:00,29.41,2.196,,0.5,1.226
2002-01-22 19:00:00,32.46,2.351,,0.5,1.291
2002-01-22 20:00:00,44.14,3.064,,0.5,1.41
2002-01-22 21:00:00,46.74,2.457,,0.5,1.378
2002-01-22 22:00:00,56.62,2.482,,0.5,1.285
2002-01-22 23:00:00,55.01,2.745,,0.5,1.281
2002-01-23 00:00:00,48.85,3.031,,0.5,1.266
2002-01-23 01:00:00,44.18,2.402,,0.5,1.199
2002-01-23 02:00:00,26.56,2.539,,0.5,1.13
2002-01-23 03:00:00,26.49,2.69,,0.5,0.987
2002-01-23 04:00:00,26.24,3.029,,0.5,0.838
2002-01-23 05:00:00,23.93,2.954,,0.5,0.768
2002-01-23 06:00:00,15.21,2.943,,0.5,0.781
2002-01-23 07:00:00,19.87,3.283,,0.5,0.864
2002-01-23 08:00:00,37.72,3.458,,0.5,0.969
2002-01-23 09:00:00,41.79,4.033,,0.5,1.168
2002-01-23 10:00:00,57.11,4.049,,0.5,1.322
2002-01-23 11:00:00,52.53,3.76,,0.5,1.196
2002-01-23 12:00:00,35.0,3.412,,0.5,0.887
2002-01-23 13:00:00,35.98,3.249,,0.5,0.847
2002-01-23 14:00:00,39.67,2.942,,0.5,0.752
2002-01-23 15:00:00,36.06,2.236,,0.5,0.782
2002-01-23 16:00:00,22.22,2.139,,0.5,0.756
2002-01-23 17:00:00,30.06,2.428,,0.5,0.856
2002-01-23 18:00:00,59.86,,,0.5,
2002-01-23 19:00:00,51.45,2.371,,1.75,0.926
2002-01-23 20:00:00,19.23,0.65,,0.5,0.988
2002-01-23 21:00:00,21.41,1.71,,0.5,0.868
2002-01-23 22:00:00,29.68,1.45,,0.5,0.778
2002-01-23 23:00:00,28.81,0.65,,0.5,0.708
2002-01-24 00:00:00,25.46,1.525,,0.5,0.676
2002-01-24 01:00:00,20.67,1.935,,0.5,0.638
2002-01-24 02:00:00,2.6,2.178,,0.5,0.632
2002-01-24 03:00:00,7.181,2.012,,0.5,0.685
2002-01-24 04:00:00,24.59,2.16,,0.5,0.681
2002-01-24 05:00:00,23.84,1.339,,0.5,0.688
2002-01-24 06:00:00,21.01,2.129,,0.5,0.688
2002-01-24 07:00:00,19.41,2.319,,0.5,0.753
2002-01-24 08:00:00,13.3,2.342,,0.5,0.838
2002-01-24 09:00:00,22.49,2.596,,0.5,1.13
2002-01-24 10:00:00,57.13,3.079,,1.228,1.398
2002-01-24 11:00:00,55.01,2.946,,1.088,1.426
2002-01-24 12:00:00,46.89,2.334,,1.221,1.327
2002-01-24 13:00:00,46.01,2.531,,1.69,1.179
2002-01-24 14:00:00,42.7,2.143,,1.826,1.087
2002-01-24 15:00:00,44.12,1.794,,1.315,1.105
2002-01-24 16:00:00,49.54,1.949,,0.5,1.442
2002-01-24 17:00:00,45.62,3.237,,1.011,1.712
2002-01-24 18:00:00,30.49,3.24,,0.5,1.503
2002-01-24 19:00:00,32.64,3.682,,0.5,1.355
2002-01-24 20:00:00,40.86,2.939,,0.5,1.144
2002-01-24 21:00:00,41.48,2.976,,0.5,0.917
2002-01-24 22:00:00,43.86,3.233,,0.5,0.869
2002-01-24 23:00:00,38.25,3.254,,0.5,0.914
2002-01-25 00:00:00,16.74,3.308,,0.5,0.958
2002-01-25 01:00:00,19.38,3.558,,0.5,0.924
2002-01-25 02:00:00,29.56,3.278,,0.5,0.864
2002-01-25 03:00:00,25.34,3.564,,0.5,0.803
2002-01-25 04:00:00,9.31,3.635,,0.5,0.727
2002-01-25 05:00:00,8.26,3.517,,0.5,0.687
2002-01-25 06:00:00,4.2,3.32,,0.5,0.675
2002-01-25 07:00:00,4.395,3.49,,0.5,0.68
2002-01-25 08:00:00,5.14,3.814,,0.5,0.819
2002-01-25 09:00:00,11.49,3.917,,0.5,1.097
2002-01-25 10:00:00,36.03,4.039,,0.5,1.403
2002-01-25 11:00:00,37.56,4.596,,0.5,1.592
2002-01-25 12:00:00,43.44,4.342,,0.5,1.564
2002-01-25 13:00:00,40.98,4.221,,0.5,1.318
2002-01-25 14:00:00,31.48,3.579,,0.5,1.031
2002-01-25 15:00:00,26.07,3.499,,0.5,0.926
2002-01-25 16:00:00,5.35,3.774,,0.5,0.905
2002-01-25 17:00:00,7.079,3.129,,0.5,0.865
2002-01-25 18:00:00,13.76,3.488,,0.5,0.864
2002-01-25 19:00:00,16.82,3.011,,0.5,0.895
2002-01-25 20:00:00,28.53,2.685,,0.5,0.951
2002-01-25 21:00:00,26.94,2.609,,0.5,0.897
2002-01-25 22:00:00,20.91,3.012,,0.5,0.893
2002-01-25 23:00:00,21.1,3.086,,0.5,0.894
2002-01-26 00:00:00,21.81,3.044,,0.5,0.878
2002-01-26 01:00:00,18.24,3.006,,0.5,0.833
2002-01-26 02:00:00,4.42,2.999,,0.5,0.802
2002-01-26 03:00:00,9.047,3.031,,0.5,0.777
2002-01-26 04:00:00,26.63,2.922,,0.5,0.703
2002-01-26 05:00:00,24.78,2.797,,0.5,0.667
2002-01-26 06:00:00,17.64,3.268,,0.5,0.635
2002-01-26 07:00:00,18.93,3.607,,0.5,0.693
2002-01-26 08:00:00,23.88,3.465,,0.5,0.807
2002-01-26 09:00:00,24.84,3.718,,1.183,0.892
2002-01-26 10:00:00,28.57,3.447,,0.5,0.784
2002-01-26 11:00:00,28.35,3.774,,0.5,0.726
2002-01-26 12:00:00,27.49,4.042,,0.5,0.753
2002-01-26 13:00:00,23.21,3.555,,0.5,0.823
2002-01-26 14:00:00,6.69,3.576,,0.5,0.768
2002-01-26 15:00:00,13.98,3.464,,0.5,0.692
2002-01-26 16:00:00,41.92,3.41,,0.5,0.641
2002-01-26 17:00:00,37.02,2.919,,0.5,0.651
2002-01-26 18:00:00,18.39,2.828,,0.5,0.698
2002-01-26 19:00:00,23.23,2.999,,0.5,0.789
2002-01-26 20:00:00,41.76,3.247,,0.5,0.871
2002-01-26 21:00:00,40.47,2.94,,0.5,0.961
2002-01-26 22:00:00,35.55,3.121,,0.5,1.007
2002-01-26 23:00:00,34.21,2.839,,0.5,1.042
2002-01-27 00:00:00,29.07,2.861,,0.5,1.059
2002-01-27 01:00:00,29.83,3.082,,0.5,1.059
2002-01-27 02:00:00,32.78,2.946,,0.5,0.981
2002-01-27 03:00:00,28.36,3.594,,0.5,0.859
2002-01-27 04:00:00,11.56,3.36,,0.5,0.787
2002-01-27 05:00:00,11.68,3.225,,0.5,0.758
2002-01-27 06:00:00,12.14,3.311,,0.5,0.743
2002-01-27 07:00:00,14.22,3.109,,0.5,0.748
2002-01-27 08:00:00,22.17,3.607,,0.5,0.779
2002-01-27 09:00:00,24.11,3.726,,0.5,0.805
2002-01-27 10:00:00,31.6,3.699,,0.5,0.846
2002-01-27 11:00:00,27.36,3.385,,0.5,0.859
2002-01-27 12:00:00,11.09,3.674,,0.5,0.915
2002-01-27 13:00:00,13.9,3.408,,0.5,0.966
2002-01-27 14:00:00,23.75,3.262,,0.5,0.838
2002-01-27 15:00:00,20.13,3.234,,0.5,0.721
2002-01-27 16:00:00,7.57,3.158,,0.5,0.701
2002-01-27 17:00:00,7.488,2.721,,0.5,0.675
2002-01-27 18:00:00,7.2,2.797,,0.5,0.675
2002-01-27 19:00:00,8.674,3.036,,0.5,0.733
2002-01-27 20:00:00,13.79,2.488,,0.5,0.748
2002-01-27 21:00:00,11.74,2.918,,0.5,0.807
2002-01-27 22:00:00,4.52,3.425,,0.5,0.845
2002-01-27 23:00:00,9.028,3.474,,0.5,0.903
2002-01-28 00:00:00,24.68,3.292,,0.5,1.042
2002-01-28 01:00:00,19.2,3.215,,0.5,1.037
2002-01-28 02:00:00,,3.396,,0.5,0.963
2002-01-28 03:00:00,3.495,3.722,,0.5,0.834
2002-01-28 04:00:00,15.63,3.543,,0.5,0.747
2002-01-28 05:00:00,14.23,3.564,,0.5,0.697
2002-01-28 06:00:00,9.29,3.876,,0.5,0.711
2002-01-28 07:00:00,12.39,3.444,,0.5,0.762
2002-01-28 08:00:00,23.14,4.145,,0.5,0.92
2002-01-28 09:00:00,27.34,3.972,,1.079,1.143
2002-01-28 10:00:00,43.29,4.634,,0.5,1.335
2002-01-28 11:00:00,41.56,4.518,,0.5,1.294
2002-01-28 12:00:00,34.85,4.264,,0.5,1.097
2002-01-28 13:00:00,29.96,4.236,,0.5,0.958
2002-01-28 14:00:00,11.38,4.042,,0.5,0.871
2002-01-28 15:00:00,13.38,3.153,,0.5,0.891
2002-01-28 16:00:00,21.12,3.447,,0.5,0.835
2002-01-28 17:00:00,19.88,3.138,,0.5,0.845
2002-01-28 18:00:00,15.18,3.003,,0.5,0.861
2002-01-28 19:00:00,16.46,3.075,,0.5,0.962
2002-01-28 20:00:00,21.4,3.089,,0.5,1.038
2002-01-28 21:00:00,24.54,3.096,,0.5,1.034
2002-01-28 22:00:00,36.59,3.307,,0.5,1.02
2002-01-28 23:00:00,36.71,3.012,,0.5,1.109
2002-01-29 00:00:00,37.19,3.85,,1.222,1.335
2002-01-29 01:00:00,39.18,3.622,,1.046,1.33
2002-01-29 02:00:00,46.87,3.668,,0.5,1.148
2002-01-29 03:00:00,45.11,3.983,,0.5,1.002
2002-01-29 04:00:00,38.36,4.031,,0.5,0.847
2002-01-29 05:00:00,36.51,3.9,,0.5,0.778
2002-01-29 06:00:00,29.55,4.075,,0.5,0.756
2002-01-29 07:00:00,28.43,4.308,,0.5,0.788
2002-01-29 08:00:00,24.15,4.694,,1.16,0.911
2002-01-29 09:00:00,32.14,4.672,,1.278,1.21
2002-01-29 10:00:00,,,,,
2002-01-29 11:00:00,,,,,
2002-01-29 12:00:00,,,,,
2002-01-29 13:00:00,,,,,
2002-01-29 14:00:00,,,,,
2002-01-29 15:00:00,,,,,
2002-01-29 16:00:00,,,,,
2002-01-29 17:00:00,,,,,
2002-01-29 18:00:00,,,,,
2002-01-29 19:00:00,,,,,
2002-01-29 20:00:00,8.79,0.65,,1.418,0.025
2002-01-29 21:00:00,11.45,0.65,,0.5,0.529
2002-01-29 22:00:00,21.56,0.65,,0.5,0.398
2002-01-29 23:00:00,19.91,0.65,,0.5,0.294
2002-01-30 00:00:00,13.6,0.65,,0.5,0.248
2002-01-30 01:00:00,11.36,0.65,,1.637,0.2
2002-01-30 02:00:00,2.7,0.65,,0.5,0.18
2002-01-30 03:00:00,6.098,0.65,,0.5,0.169
2002-01-30 04:00:00,19.01,0.65,,0.5,0.238
2002-01-30 05:00:00,16.82,0.65,,0.5,0.224
2002-01-30 06:00:00,8.34,0.65,,0.5,0.276
2002-01-30 07:00:00,13.55,0.65,,1.051,0.405
2002-01-30 08:00:00,33.52,0.65,,1.814,0.741
2002-01-30 09:00:00,43.35,0.65,,1.678,1.123
2002-01-30 10:00:00,80.4,0.65,,2.578,1.309
2002-01-30 11:00:00,75.73,0.65,,1.191,1.018
2002-01-30 12:00:00,57.81,0.65,,0.5,0.716
2002-01-30 13:00:00,50.93,0.65,,0.5,0.544
2002-01-30 14:00:00,25.02,0.65,,1.0,0.449
2002-01-30 15:00:00,29.6,0.65,,5.229,0.495
2002-01-30 16:00:00,47.14,0.65,,4.353,0.462
2002-01-30 17:00:00,48.5,0.65,,1.956,0.441
2002-01-30 18:00:00,53.65,0.65,,1.767,0.493
2002-01-30 19:00:00,53.29,0.65,,1.2,0.741
2002-01-30 20:00:00,51.89,0.65,,0.5,0.814
2002-01-30 21:00:00,53.89,0.65,,0.5,0.714
2002-01-30 22:00:00,61.48,0.65,,0.5,0.69
2002-01-30 23:00:00,55.76,0.65,,0.5,0.768
2002-01-31 00:00:00,33.86,0.65,,0.5,0.841
2002-01-31 01:00:00,36.44,0.65,,0.5,0.77
2002-01-31 02:00:00,46.4,0.65,,0.5,0.661
2002-01-31 03:00:00,44.29,0.65,,0.5,0.537
2002-01-31 04:00:00,36.26,0.65,,0.5,0.462
2002-01-31 05:00:00,33.5,0.65,,0.5,0.418
2002-01-31 06:00:00,23.12,0.65,,0.5,0.46
2002-01-31 07:00:00,24.02,0.65,,0.5,0.57
2002-01-31 08:00:00,27.49,0.65,,0.5,0.695
2002-01-31 09:00:00,32.02,0.65,,1.006,1.061
2002-01-31 10:00:00,49.11,0.65,,2.081,1.626
2002-01-31 11:00:00,71.5,0.65,,2.08,1.913
2002-01-31 12:00:00,157.3,0.65,,1.289,1.825
2002-01-31 13:00:00,140.3,0.65,,1.542,1.973
2002-01-31 14:00:00,76.17,0.65,,1.753,1.886
2002-01-31 15:00:00,71.88,0.65,,1.178,1.622
2002-01-31 16:00:00,55.45,0.65,,1.219,1.661
2002-01-31 17:00:00,48.33,0.65,,1.542,1.422
2002-01-31 18:00:00,21.27,0.65,,0.5,1.152
2002-01-31 19:00:00,19.18,0.65,,0.5,1.117
2002-01-31 20:00:00,11.19,0.65,,0.5,1.462
2002-01-31 21:00:00,12.93,0.65,,0.5,1.39
2002-01-31 22:00:00,19.54,0.65,,0.5,1.133
2002-01-31 23:00:00,22.45,0.65,,0.5,0.9
2002-02-01 00:00:00,33.58,0.65,,0.5,0.803
2002-02-01 01:00:00,30.27,0.65,,0.5,0.737
2002-02-01 02:00:00,17.46,0.65,,0.5,0.627
2002-02-01 03:00:00,18.48,0.65,,0.5,0.532
2002-02-01 04:00:00,22.35,0.65,,0.5,0.444
2002-02-01 05:00:00,22.75,0.65,,0.5,0.42
2002-02-01 06:00:00,24.25,0.65,,0.5,0.422
2002-02-01 07:00:00,27.61,0.65,,0.5,0.558
2002-02-01 08:00:00,40.49,0.65,,1.126,0.728
2002-02-01 09:00:00,41.15,0.65,,1.062,0.942
2002-02-01 10:00:00,43.63,0.65,,3.647,
2002-02-01 11:00:00,41.8,0.65,,2.498,0.45
2002-02-01 12:00:00,34.77,0.65,,0.5,0.485
2002-02-01 13:00:00,31.12,0.65,,0.5,0.475
2002-02-01 14:00:00,17.35,0.65,,0.5,0.406
2002-02-01 15:00:00,17.45,0.65,,0.5,0.457
2002-02-01 16:00:00,17.83,0.65,,0.5,0.471
2002-02-01 17:00:00,19.71,0.65,,0.5,0.454
2002-02-01 18:00:00,26.6,0.65,,0.5,0.455
2002-02-01 19:00:00,26.14,0.65,,0.5,0.541
2002-02-01 20:00:00,24.41,0.65,,0.5,0.47
2002-02-01 21:00:00,22.47,0.65,,0.5,0.422
2002-02-01 22:00:00,15.3,0.65,,0.5,0.412
2002-02-01 23:00:00,17.68,0.65,,0.5,0.438
2002-02-02 00:00:00,26.56,0.65,,0.5,0.475
2002-02-02 01:00:00,21.94,0.65,,0.5,0.467
2002-02-02 02:00:00,4.55,0.65,,0.5,0.395
2002-02-02 03:00:00,9.034,0.65,,0.5,0.372
2002-02-02 04:00:00,25.79,0.65,,0.5,0.341
2002-02-02 05:00:00,25.88,0.65,,0.5,0.298
2002-02-02 06:00:00,26.21,0.65,,0.5,0.285
2002-02-02 07:00:00,26.25,0.65,,0.5,0.33
2002-02-02 08:00:00,26.39,0.65,,0.5,0.368
2002-02-02 09:00:00,28.33,0.65,,0.5,0.372
2002-02-02 10:00:00,35.48,0.65,,0.5,0.35
2002-02-02 11:00:00,34.22,0.65,,0.5,0.34
2002-02-02 12:00:00,29.68,0.65,,0.5,0.369
2002-02-02 13:00:00,28.18,0.65,,0.5,0.345
2002-02-02 14:00:00,22.71,0.65,,0.5,0.303
2002-02-02 15:00:00,26.09,0.65,,0.5,0.23
2002-02-02 16:00:00,38.23,0.65,,0.5,0.239
2002-02-02 17:00:00,35.43,0.65,,0.5,0.294
2002-02-02 18:00:00,24.89,0.65,,0.5,0.292
2002-02-02 19:00:00,25.72,0.65,,0.5,0.354
2002-02-02 20:00:00,28.89,0.65,,0.5,0.429
2002-02-02 21:00:00,30.35,0.65,,0.5,0.481
2002-02-02 22:00:00,35.86,0.65,,0.5,0.537
2002-02-02 23:00:00,37.63,0.65,,0.5,0.554
2002-02-03 00:00:00,44.37,0.65,,0.5,0.563
2002-02-03 01:00:00,42.52,0.65,,0.5,0.557
2002-02-03 02:00:00,35.54,0.65,,0.5,0.562
2002-02-03 03:00:00,32.46,0.65,,0.5,0.526
2002-02-03 04:00:00,20.76,0.65,,0.5,0.508
2002-02-03 05:00:00,23.26,0.65,,0.5,0.479
2002-02-03 06:00:00,32.68,0.65,,0.5,0.427
2002-02-03 07:00:00,29.98,0.65,,0.5,0.417
2002-02-03 08:00:00,19.61,0.65,,0.5,0.49
2002-02-03 09:00:00,21.45,0.65,,0.5,0.556
2002-02-03 10:00:00,28.4,0.65,,0.5,0.505
2002-02-03 11:00:00,23.82,0.65,,0.5,0.43
2002-02-03 12:00:00,6.26,0.65,,0.5,0.422
2002-02-03 13:00:00,6.692,0.65,,0.5,0.4
2002-02-03 14:00:00,8.32,0.65,,0.5,0.398
2002-02-03 15:00:00,10.02,0.65,,0.5,0.41
2002-02-03 16:00:00,16.52,0.65,,0.5,0.378
2002-02-03 17:00:00,16.52,0.65,,0.5,0.348
2002-02-03 18:00:00,15.09,0.65,,0.5,0.338
2002-02-03 19:00:00,17.59,0.65,,0.5,0.42
2002-02-03 20:00:00,27.17,0.65,,0.5,0.437
2002-02-03 21:00:00,24.25,0.65,,0.5,0.505
2002-02-03 22:00:00,13.17,0.65,,0.5,0.533
2002-02-03 23:00:00,17.26,0.65,,0.5,0.545
2002-02-04 00:00:00,32.95,0.65,,0.5,0.524
2002-02-04 01:00:00,31.52,0.65,,0.5,0.471
2002-02-04 02:00:00,26.13,0.65,,0.5,0.419
2002-02-04 03:00:00,22.76,0.65,,0.5,0.354
2002-02-04 04:00:00,9.94,0.65,,0.5,0.338
2002-02-04 05:00:00,12.57,0.65,,0.5,0.34
2002-02-04 06:00:00,22.47,0.65,,0.5,0.398
2002-02-04 07:00:00,24.15,0.65,,0.5,0.645
2002-02-04 08:00:00,30.61,0.65,,0.5,0.81
2002-02-04 09:00:00,34.16,0.65,,1.267,1.091
2002-02-04 10:00:00,47.55,0.65,,1.458,1.256
2002-02-04 11:00:00,50.55,0.65,,1.507,1.184
2002-02-04 12:00:00,62.05,0.65,,0.5,1.047
2002-02-04 13:00:00,53.43,0.65,,0.5,0.855
2002-02-04 14:00:00,20.95,0.65,,0.5,0.704
2002-02-04 15:00:00,20.95,0.65,,0.5,0.754
2002-02-04 16:00:00,57.07,,,6.539,0.579
2002-02-04 17:00:00,54.11,0.65,,0.5,0.427
2002-02-04 18:00:00,42.87,0.65,,0.5,0.382
2002-02-04 19:00:00,42.4,0.65,,0.5,0.589
2002-02-04 20:00:00,40.65,0.65,,0.5,0.786
2002-02-04 21:00:00,41.28,0.65,,0.5,0.624
2002-02-04 22:00:00,43.69,0.65,,0.5,0.514
2002-02-04 23:00:00,42.54,0.65,,0.5,0.454
2002-02-05 00:00:00,38.22,0.65,,0.5,0.485
2002-02-05 01:00:00,36.11,0.65,,0.5,0.514
2002-02-05 02:00:00,28.17,0.65,,0.5,0.503
2002-02-05 03:00:00,28.34,0.65,,0.5,0.473
2002-02-05 04:00:00,29.0,0.65,,0.5,0.446
2002-02-05 05:00:00,27.99,0.65,,0.5,0.449
2002-02-05 06:00:00,24.18,0.65,,0.5,0.488
2002-02-05 07:00:00,27.18,0.65,,0.5,0.633
2002-02-05 08:00:00,38.67,0.65,,0.5,0.84
2002-02-05 09:00:00,43.53,0.65,,0.5,1.143
2002-02-05 10:00:00,61.83,0.65,,0.5,1.14
2002-02-05 11:00:00,59.34,0.65,,0.5,1.027
2002-02-05 12:00:00,49.8,0.65,,0.5,0.929
2002-02-05 13:00:00,46.64,0.65,,0.5,0.777
2002-02-05 14:00:00,34.71,0.65,,0.5,0.635
2002-02-05 15:00:00,37.53,0.65,,0.5,0.644
2002-02-05 16:00:00,48.35,0.65,,0.5,0.793
2002-02-05 17:00:00,45.88,0.65,,0.5,0.753
2002-02-05 18:00:00,36.51,0.65,,0.5,0.976
2002-02-05 19:00:00,45.7,0.65,,0.5,1.205
2002-02-05 20:00:00,80.91,0.65,,0.5,1.107
2002-02-05 21:00:00,72.96,0.65,,0.5,0.949
2002-02-05 22:00:00,42.75,0.65,,0.5,0.809
2002-02-05 23:00:00,43.13,0.65,,0.5,0.747
2002-02-06 00:00:00,44.56,0.65,,0.5,0.718
2002-02-06 01:00:00,39.9,0.65,,0.5,0.702
2002-02-06 02:00:00,22.32,0.65,,0.5,0.672
2002-02-06 03:00:00,28.66,0.65,,0.5,0.648
2002-02-06 04:00:00,52.73,0.65,,0.5,0.573
2002-02-06 05:00:00,47.92,0.65,,0.5,0.483
2002-02-06 06:00:00,29.81,0.65,,0.5,0.477
2002-02-06 07:00:00,32.89,0.65,,0.5,0.551
2002-02-06 08:00:00,44.69,0.65,,0.5,0.652
2002-02-06 09:00:00,50.17,0.65,,0.5,1.002
2002-02-06 10:00:00,70.84,0.65,,0.5,1.246
2002-02-06 11:00:00,69.28,1.328,,0.5,1.169
2002-02-06 12:00:00,63.32,0.65,,0.5,1.026
2002-02-06 13:00:00,57.15,0.65,,0.5,0.865
2002-02-06 14:00:00,33.89,0.65,,0.5,0.95
2002-02-06 15:00:00,38.85,0.65,,0.5,1.439
2002-02-06 16:00:00,57.87,0.65,,0.5,1.464
2002-02-06 17:00:00,49.36,0.65,,0.5,1.221
2002-02-06 18:00:00,17.04,0.65,,0.5,1.014
2002-02-06 19:00:00,19.54,0.65,,0.5,0.974
2002-02-06 20:00:00,29.14,0.65,,0.5,0.97
2002-02-06 21:00:00,28.63,0.65,,0.5,0.829
2002-02-06 22:00:00,26.68,0.65,,0.5,0.738
2002-02-06 23:00:00,23.23,0.65,,0.5,0.688
2002-02-07 00:00:00,10.32,0.65,,0.5,0.714
2002-02-07 01:00:00,12.9,0.65,,0.5,0.681
2002-02-07 02:00:00,22.61,0.65,,0.5,0.621
2002-02-07 03:00:00,19.78,0.65,,0.5,0.574
2002-02-07 04:00:00,9.04,0.65,,0.5,0.519
2002-02-07 05:00:00,9.172,0.65,,0.5,0.449
2002-02-07 06:00:00,9.67,0.65,,0.5,0.436
2002-02-07 07:00:00,10.16,0.65,,0.5,0.455
2002-02-07 08:00:00,12.02,0.65,,0.5,0.579
2002-02-07 09:00:00,17.96,0.65,,0.5,0.928
2002-02-07 10:00:00,40.33,0.65,,0.5,1.085
2002-02-07 11:00:00,42.24,0.65,,2.012,0.845
2002-02-07 12:00:00,49.55,1.356,,1.083,1.033
2002-02-07 13:00:00,48.19,2.558,,0.5,1.088
2002-02-07 14:00:00,43.05,2.777,,0.5,0.993
2002-02-07 15:00:00,38.76,2.712,,0.5,0.946
2002-02-07 16:00:00,22.3,3.507,,0.5,0.888
2002-02-07 17:00:00,24.03,3.542,,0.5,0.827
2002-02-07 18:00:00,30.61,3.644,,0.5,1.057
2002-02-07 19:00:00,33.23,3.892,,0.5,1.224
2002-02-07 20:00:00,43.0,3.778,,0.5,1.579
2002-02-07 21:00:00,42.38,4.071,,0.5,1.689
2002-02-07 22:00:00,40.0,4.213,,0.5,1.5
2002-02-07 23:00:00,37.25,4.138,,0.5,1.264
2002-02-08 00:00:00,26.96,3.969,,0.5,0.983
2002-02-08 01:00:00,23.58,3.786,,0.5,0.808
2002-02-08 02:00:00,10.84,4.122,,0.5,0.714
2002-02-08 03:00:00,13.89,3.82,,0.5,0.611
2002-02-08 04:00:00,25.48,3.857,,0.5,0.583
2002-02-08 05:00:00,23.15,4.019,,0.5,0.559
2002-02-08 06:00:00,14.35,3.339,,0.5,0.52
2002-02-08 07:00:00,17.16,3.938,,0.5,0.677
2002-02-08 08:00:00,27.94,4.183,,0.5,1.016
2002-02-08 09:00:00,44.23,4.981,,0.5,1.521
2002-02-08 10:00:00,105.6,4.56,,0.5,1.569
2002-02-08 11:00:00,94.76,4.76,,0.5,1.266
2002-02-08 12:00:00,53.2,4.326,,0.5,1.01
2002-02-08 13:00:00,48.15,3.38,,0.5,0.763
2002-02-08 14:00:00,29.11,3.244,,0.5,0.759
2002-02-08 15:00:00,32.0,2.852,,0.5,0.802
2002-02-08 16:00:00,43.07,2.603,,0.5,0.835
2002-02-08 17:00:00,41.04,2.375,,0.5,0.86
2002-02-08 18:00:00,33.35,2.671,,0.5,0.983
2002-02-08 19:00:00,34.93,2.669,,0.5,1.044
2002-02-08 20:00:00,40.84,2.825,,0.5,0.998
2002-02-08 21:00:00,41.35,2.955,,0.5,1.119
2002-02-08 22:00:00,43.3,3.107,,0.5,1.13
2002-02-08 23:00:00,41.73,3.263,,0.5,0.89
2002-02-09 00:00:00,35.84,2.903,,0.5,0.812
2002-02-09 01:00:00,32.55,2.94,,0.5,0.754
2002-02-09 02:00:00,20.14,3.114,,0.5,0.709
2002-02-09 03:00:00,20.93,2.871,,0.5,0.663
2002-02-09 04:00:00,23.95,3.007,,0.5,0.619
2002-02-09 05:00:00,23.09,3.125,,0.5,0.585
2002-02-09 06:00:00,19.84,3.311,,0.5,0.683
2002-02-09 07:00:00,23.66,3.587,,0.5,1.026
2002-02-09 08:00:00,38.31,3.781,,0.5,1.177
2002-02-09 09:00:00,37.62,3.751,,0.5,1.21
2002-02-09 10:00:00,35.03,3.951,,0.5,1.044
2002-02-09 11:00:00,33.73,3.739,,0.5,0.928
2002-02-09 12:00:00,28.77,3.424,,0.5,0.846
2002-02-09 13:00:00,28.61,3.692,,0.5,0.702
2002-02-09 14:00:00,28.01,3.285,,0.5,0.611
2002-02-09 15:00:00,28.28,2.415,,0.5,0.499
2002-02-09 16:00:00,29.33,2.122,,0.5,0.555
2002-02-09 17:00:00,31.28,2.575,,0.5,0.595
2002-02-09 18:00:00,38.69,2.8,,0.5,0.584
2002-02-09 19:00:00,37.19,2.619,,0.5,0.61
2002-02-09 20:00:00,31.59,2.72,,0.5,0.591
2002-02-09 21:00:00,33.05,2.771,,0.5,0.638
2002-02-09 22:00:00,38.62,2.794,,0.5,0.703
2002-02-09 23:00:00,36.02,2.914,,0.5,0.761
2002-02-10 00:00:00,26.31,2.679,,0.5,0.769
2002-02-10 01:00:00,27.96,3.111,,0.5,0.651
2002-02-10 02:00:00,34.2,2.799,,0.5,0.651
2002-02-10 03:00:00,29.04,2.878,,0.5,0.606
2002-02-10 04:00:00,9.41,3.257,,0.5,0.544
2002-02-10 05:00:00,13.84,3.112,,0.5,0.552
2002-02-10 06:00:00,30.55,3.247,,0.5,0.574
2002-02-10 07:00:00,29.65,2.82,,0.5,0.67
2002-02-10 08:00:00,26.21,3.393,,0.5,0.731
2002-02-10 09:00:00,29.91,3.654,,0.5,0.762
2002-02-10 10:00:00,43.84,3.873,,0.5,0.723
2002-02-10 11:00:00,43.07,3.519,,0.5,0.707
2002-02-10 12:00:00,40.14,3.783,,0.5,0.633
2002-02-10 13:00:00,37.7,3.501,,0.5,0.584
2002-02-10 14:00:00,28.52,3.496,,0.5,0.481
2002-02-10 15:00:00,25.22,2.985,,0.5,0.396
2002-02-10 16:00:00,12.89,2.733,,0.5,0.362
2002-02-10 17:00:00,15.98,3.054,,0.5,0.401
2002-02-10 18:00:00,27.71,3.171,,0.5,0.513
2002-02-10 19:00:00,27.05,3.111,,0.5,0.484
2002-02-10 20:00:00,24.6,2.894,,0.5,0.439
2002-02-10 21:00:00,20.93,3.026,,0.5,0.404
2002-02-10 22:00:00,6.97,3.171,,0.5,0.506
2002-02-10 23:00:00,12.43,3.357,,0.5,0.669
2002-02-11 00:00:00,32.83,3.422,,0.5,0.785
2002-02-11 01:00:00,31.7,3.604,,0.5,0.782
2002-02-11 02:00:00,27.42,3.101,,0.5,0.696
2002-02-11 03:00:00,27.56,4.074,,0.5,0.635
2002-02-11 04:00:00,28.09,3.618,,0.5,0.648
2002-02-11 05:00:00,23.9,3.601,,0.5,0.516
2002-02-11 06:00:00,8.12,3.36,,0.5,0.505
2002-02-11 07:00:00,13.77,3.468,,0.5,0.554
2002-02-11 08:00:00,35.4,3.318,,0.5,0.662
2002-02-11 09:00:00,38.35,3.899,,0.5,0.644
2002-02-11 10:00:00,49.47,4.189,,0.5,0.564
2002-02-11 11:00:00,45.67,3.697,,0.5,0.507
2002-02-11 12:00:00,31.1,3.264,,0.5,0.456
2002-02-11 13:00:00,26.53,2.988,,0.5,0.4
2002-02-11 14:00:00,9.29,2.994,,0.5,0.354
2002-02-11 15:00:00,11.28,2.861,,0.5,0.314
2002-02-11 16:00:00,18.73,2.611,,0.5,0.303
2002-02-11 17:00:00,18.93,2.19,,0.5,0.315
2002-02-11 18:00:00,19.69,1.669,,0.5,0.354
2002-02-11 19:00:00,19.19,2.168,,0.5,0.348
2002-02-11 20:00:00,17.34,2.769,,0.5,0.354
2002-02-11 21:00:00,20.73,2.836,,0.5,0.339
2002-02-11 22:00:00,33.62,2.608,,0.5,0.321
2002-02-11 23:00:00,29.45,3.128,,0.5,0.325
2002-02-12 00:00:00,13.85,2.895,,0.5,0.335
2002-02-12 01:00:00,15.03,3.399,,0.5,0.312
2002-02-12 02:00:00,19.46,3.113,,0.5,0.309
2002-02-12 03:00:00,16.83,2.866,,0.5,0.337
2002-02-12 04:00:00,6.83,3.103,,0.5,0.4
2002-02-12 05:00:00,8.866,2.872,,0.5,0.404
2002-02-12 06:00:00,16.54,3.404,,0.5,0.423
2002-02-12 07:00:00,17.87,2.849,,0.5,0.536
2002-02-12 08:00:00,22.98,3.14,,0.5,0.648
2002-02-12 09:00:00,23.91,3.436,,0.5,0.665
2002-02-12 10:00:00,27.4,3.81,,0.5,0.605
2002-02-12 11:00:00,26.75,3.536,,0.5,0.577
2002-02-12 12:00:00,24.3,3.649,,0.5,0.528
2002-02-12 13:00:00,22.82,2.947,,0.5,0.474
2002-02-12 14:00:00,17.22,2.482,,0.5,0.462
2002-02-12 15:00:00,21.85,2.575,,0.5,0.42
2002-02-12 16:00:00,39.16,2.428,,0.5,0.423
2002-02-12 17:00:00,40.57,2.344,,0.5,0.441
2002-02-12 18:00:00,45.91,2.417,,0.5,0.482
2002-02-12 19:00:00,42.29,2.544,,0.5,0.496
2002-02-12 20:00:00,28.75,2.763,,0.5,0.567
2002-02-12 21:00:00,28.33,2.764,,0.5,0.669
2002-02-12 22:00:00,26.73,2.755,,0.5,0.855
2002-02-12 23:00:00,26.42,3.053,,0.5,0.964
2002-02-13 00:00:00,25.24,2.843,,0.5,0.976
2002-02-13 01:00:00,27.91,3.226,,0.5,1.032
2002-02-13 02:00:00,37.96,3.736,,0.5,0.925
2002-02-13 03:00:00,32.5,3.978,,0.5,0.765
2002-02-13 04:00:00,11.74,3.755,,0.5,0.653
2002-02-13 05:00:00,13.77,3.268,,0.5,0.61
2002-02-13 06:00:00,21.43,3.294,,0.5,0.631
2002-02-13 07:00:00,21.8,3.946,,0.5,0.7
2002-02-13 08:00:00,23.17,4.003,,0.5,0.813
2002-02-13 09:00:00,25.92,4.357,,0.5,0.924
2002-02-13 10:00:00,36.29,4.464,,0.5,0.983
2002-02-13 11:00:00,37.89,4.323,,0.5,1.071
2002-02-13 12:00:00,44.03,4.353,,0.5,1.054
2002-02-13 13:00:00,43.08,4.06,,0.5,0.958
2002-02-13 14:00:00,39.5,3.806,,0.5,0.858
2002-02-13 15:00:00,38.99,3.123,,0.5,0.838
2002-02-13 16:00:00,37.1,3.536,,0.5,0.824
2002-02-25 17:00:00,22.4,0.65,,0.5,0.36
2002-02-25 18:00:00,25.61,0.65,,0.5,0.282
2002-02-25 19:00:00,37.32,0.65,,0.5,0.258
2002-02-25 20:00:00,41.67,0.65,,0.5,0.245
2002-02-25 21:00:00,57.52,0.65,,0.5,0.252
2002-02-25 22:00:00,55.82,0.65,,0.5,0.206
2002-02-25 23:00:00,49.52,0.65,,0.5,0.317
2002-02-26 00:00:00,47.23,0.65,,0.5,0.38
2002-02-26 01:00:00,38.81,0.65,,0.5,0.26
2002-02-26 02:00:00,40.13,0.65,,0.5,0.164
2002-02-26 03:00:00,44.96,0.65,,0.5,0.103
2002-02-26 04:00:00,42.59,0.65,,0.5,0.066
2002-02-26 05:00:00,33.82,0.65,,0.5,0.025
2002-02-26 06:00:00,34.71,0.65,,0.5,0.092
2002-02-26 07:00:00,38.0,0.65,,0.5,0.28
2002-02-26 08:00:00,48.34,0.65,,0.5,0.424
2002-02-26 09:00:00,86.64,0.65,,0.5,0.616
2002-02-26 10:00:00,75.76,0.65,,0.5,0.708
2002-02-26 11:00:00,35.79,0.65,,0.5,0.503
2002-02-26 12:00:00,39.26,0.65,,0.5,0.405
2002-02-26 13:00:00,52.1,0.65,,0.5,0.296
2002-02-26 14:00:00,49.6,0.65,,0.5,0.16
2002-02-26 15:00:00,40.43,0.65,,0.5,0.176
2002-02-26 16:00:00,40.59,0.65,,0.5,0.227
2002-02-27 16:00:00,31.83,0.65,,0.5,0.343
2002-02-27 17:00:00,34.7,0.65,,0.5,0.36
2002-02-27 18:00:00,44.43,0.65,,0.5,0.463
2002-02-27 19:00:00,46.65,0.65,,1.097,0.47
2002-02-27 20:00:00,54.23,0.65,,0.5,0.389
2002-02-27 21:00:00,53.64,0.65,,0.5,0.329
2002-02-27 22:00:00,51.63,0.65,,0.5,0.268
2002-02-27 23:00:00,54.1,0.65,,0.5,0.227
2002-02-28 00:00:00,62.52,0.65,,0.5,0.166
2002-02-28 01:00:00,55.45,0.65,,0.5,0.124
2002-02-28 02:00:00,31.09,0.65,,0.5,0.064
2002-02-28 03:00:00,31.27,0.65,,0.5,0.025
2002-02-28 04:00:00,31.88,0.65,,0.5,0.025
2002-02-28 05:00:00,32.58,0.65,,0.5,0.025
2002-02-28 06:00:00,34.92,0.65,,0.5,0.025
2002-02-28 07:00:00,35.76,0.65,,0.5,0.074
2002-02-28 08:00:00,38.63,0.65,,0.5,0.209
2002-02-28 09:00:00,44.69,0.65,,0.5,0.594
2002-02-28 10:00:00,65.09,0.65,,0.5,0.852
2002-02-28 11:00:00,60.03,0.65,,0.5,0.527
2002-02-28 12:00:00,42.75,0.65,,0.5,0.165
2002-02-28 13:00:00,39.12,0.65,,0.5,0.134
2002-02-28 14:00:00,26.91,0.65,,0.5,0.025
2002-02-28 15:00:00,27.67,0.65,,0.5,0.157
2002-02-28 16:00:00,30.25,0.65,,0.5,0.243
2002-02-28 17:00:00,30.8,0.65,,0.5,0.266
2002-02-28 18:00:00,32.65,0.65,,0.5,0.367
2002-02-28 19:00:00,37.2,0.65,,0.5,0.657
2002-02-28 20:00:00,52.77,0.65,,0.5,1.004
2002-02-28 21:00:00,54.85,0.65,,0.5,0.855
2002-02-28 22:00:00,61.92,0.65,,0.5,0.516
2002-02-28 23:00:00,59.32,0.65,,0.5,0.309
2002-03-01 00:00:00,50.45,0.65,,0.5,0.4
2002-03-01 01:00:00,50.8,0.65,,0.5,0.445
2002-03-01 02:00:00,52.02,0.65,,0.5,0.312
2002-03-01 03:00:00,59.47,0.65,,0.5,0.233
2002-03-01 04:00:00,84.72,0.65,,0.5,0.106
2002-03-01 05:00:00,76.1,0.65,,0.5,0.025
2002-03-01 06:00:00,46.43,0.65,,0.5,0.025
2002-03-01 07:00:00,47.31,0.65,,0.5,0.025
2002-03-01 08:00:00,50.33,0.65,,0.5,0.125
2002-03-01 09:00:00,45.73,0.65,,0.5,0.812
2002-03-01 10:00:00,30.27,0.65,,0.5,1.297
2002-03-01 11:00:00,31.16,0.65,,0.5,1.246
2002-03-01 12:00:00,34.19,0.65,,0.5,1.067
2002-03-01 13:00:00,30.48,0.65,,0.5,0.607
2002-03-01 14:00:00,18.02,0.65,,0.5,0.369
2002-03-01 15:00:00,17.31,0.65,,0.5,0.359
2002-03-01 16:00:00,14.88,0.65,,0.5,0.428
2002-03-01 17:00:00,16.33,0.65,,0.5,0.441
2002-03-01 18:00:00,21.26,0.65,,0.5,0.558
2002-03-01 19:00:00,25.95,0.65,,0.5,0.869
2002-03-01 20:00:00,41.96,0.65,,0.5,0.868
2002-03-01 21:00:00,43.5,0.65,,0.5,0.642
2002-03-01 22:00:00,48.71,0.65,,0.5,0.395
2002-03-01 23:00:00,49.28,0.65,,0.5,0.25
2002-03-02 00:00:00,51.24,0.65,,0.5,0.161
2002-03-02 01:00:00,54.01,0.65,,0.5,0.116
2002-03-02 02:00:00,63.57,0.65,,0.5,0.054
2002-03-02 03:00:00,57.24,0.65,,0.5,0.025
2002-03-02 04:00:00,35.79,0.65,,0.5,0.025
2002-03-02 05:00:00,41.2,0.65,,0.5,0.025
2002-03-02 06:00:00,59.4,0.65,,0.5,0.025
2002-03-02 07:00:00,54.3,0.65,,0.5,0.025
2002-03-02 08:00:00,36.88,0.65,,0.5,0.025
2002-03-02 09:00:00,39.16,0.65,,0.5,0.025
2002-03-02 10:00:00,46.82,0.65,,0.5,0.025
2002-03-02 11:00:00,48.26,0.65,,0.5,0.025
2002-03-02 12:00:00,53.16,0.65,,0.5,0.025
2002-03-02 13:00:00,49.24,0.65,,0.5,0.025
2002-03-02 14:00:00,36.06,0.65,,0.5,0.025
2002-03-02 15:00:00,39.1,0.65,,0.5,0.025
2002-03-02 16:00:00,49.51,0.65,,0.5,0.025
2002-03-02 17:00:00,45.9,0.65,,0.5,0.025
2002-03-02 18:00:00,33.65,0.65,,0.5,0.025
2002-03-02 19:00:00,37.17,0.65,,0.5,0.025
2002-03-02 20:00:00,49.2,0.65,,0.5,0.025
2002-03-02 21:00:00,46.76,0.65,,0.5,0.025
2002-03-02 22:00:00,38.48,0.65,,0.5,0.025
2002-03-02 23:00:00,40.62,0.65,,0.5,0.025
2002-03-03 00:00:00,47.94,0.65,,0.5,0.025
2002-03-03 01:00:00,43.19,0.65,,0.5,0.025
2002-03-03 02:00:00,26.84,0.65,,0.5,0.025
2002-03-03 03:00:00,24.74,0.65,,0.5,0.025
2002-03-03 04:00:00,17.64,0.65,,0.5,0.025
2002-03-03 05:00:00,19.55,0.65,,0.5,0.025
2002-03-03 06:00:00,25.97,0.65,,0.5,0.025
2002-03-03 07:00:00,25.32,0.65,,0.5,0.025
2002-03-03 08:00:00,23.11,0.65,,0.5,0.025
2002-03-03 09:00:00,23.49,0.65,,0.5,0.025
2002-03-03 10:00:00,24.79,0.65,,0.5,0.025
2002-03-03 11:00:00,24.85,0.65,,0.5,0.025
2002-03-03 12:00:00,25.04,0.65,,0.5,0.025
2002-03-03 13:00:00,22.57,0.65,,0.5,0.025
2002-03-03 14:00:00,14.28,0.65,,0.5,0.025
2002-03-03 15:00:00,16.86,0.65,,0.5,0.025
2002-03-03 16:00:00,25.69,0.65,,0.5,0.025
2002-03-03 17:00:00,24.86,0.65,,0.5,0.025
2002-03-03 18:00:00,22.06,0.65,,0.5,0.025
2002-03-03 19:00:00,23.19,0.65,0.175,0.5,0.025
2002-03-03 20:00:00,27.07,0.65,0.175,0.5,0.025
2002-03-03 21:00:00,31.85,0.65,0.175,0.5,0.103
2002-03-03 22:00:00,48.06,0.65,0.175,0.5,0.081
2002-03-03 23:00:00,43.15,0.65,0.175,0.5,0.054
2002-03-04 00:00:00,26.35,0.65,0.175,0.5,0.025
2002-03-04 01:00:00,22.56,0.65,0.175,0.5,0.025
2002-03-04 02:00:00,9.8,0.65,0.175,0.5,0.025
2002-03-04 03:00:00,9.367,0.65,0.175,0.5,0.025
2002-03-04 04:00:00,7.9,0.65,0.175,0.5,0.025
2002-03-04 05:00:00,9.064,0.65,0.175,0.5,0.025
2002-03-04 06:00:00,12.98,0.65,0.175,0.5,0.025
2002-03-04 07:00:00,16.31,0.65,0.175,0.5,0.173
2002-03-04 08:00:00,27.67,0.65,0.175,0.5,0.449
2002-03-04 09:00:00,35.39,0.65,0.175,0.5,0.983
2002-03-04 10:00:00,61.76,0.65,0.175,0.5,1.131
2002-03-04 11:00:00,58.13,0.65,,0.5,0.651
2002-03-04 12:00:00,45.83,2.62,,,
2002-03-04 14:00:00,35.64,0.65,,0.5,0.135
2002-03-04 15:00:00,34.99,0.65,,1.415,0.441
2002-03-04 16:00:00,32.81,0.65,,0.5,0.424
2002-03-04 17:00:00,30.54,0.65,31.54,0.5,0.524
2002-03-04 18:00:00,22.8,0.65,33.54,0.5,0.594
2002-03-04 19:00:00,27.02,0.65,31.81,0.5,0.705
2002-03-04 20:00:00,41.21,0.65,26.01,0.5,0.679
2002-03-04 21:00:00,43.7,0.65,23.4,0.5,0.542
2002-03-04 22:00:00,52.2,0.65,23.86,0.5,0.224
2002-03-04 23:00:00,45.54,0.65,22.68,0.5,0.197
2002-03-05 00:00:00,23.16,0.65,20.62,0.5,0.255
2002-03-05 01:00:00,18.42,0.65,18.04,0.5,0.168
2002-03-05 02:00:00,2.48,0.65,15.5,0.5,0.08
2002-03-05 03:00:00,4.536,0.65,13.67,0.5,0.025
2002-03-05 04:00:00,11.56,0.65,13.89,0.5,0.025
2002-03-05 05:00:00,11.36,0.65,13.44,0.5,0.025
2002-03-05 06:00:00,10.7,0.65,13.57,0.5,0.025
2002-03-05 07:00:00,13.15,0.65,14.77,0.5,0.088
2002-03-05 08:00:00,21.52,0.65,16.01,0.5,0.254
2002-03-05 09:00:00,26.47,0.65,17.83,0.5,0.648
2002-03-05 10:00:00,43.24,0.65,19.63,0.5,0.683
2002-03-05 11:00:00,41.41,0.65,19.01,0.5,0.601
2002-03-05 12:00:00,35.16,0.65,20.93,0.5,0.455
2002-03-05 13:00:00,29.91,0.65,24.71,0.5,0.359
2002-03-05 14:00:00,12.12,0.65,25.04,0.5,0.302
2002-03-05 15:00:00,13.51,0.65,23.32,0.5,0.373
2002-03-05 16:00:00,18.19,0.65,21.4,0.5,0.485
2002-03-05 17:00:00,22.88,0.65,20.72,0.5,0.53
2002-03-05 18:00:00,38.79,0.65,21.83,0.5,0.583
2002-03-05 19:00:00,35.12,0.65,21.97,0.5,0.71
2002-03-05 20:00:00,22.79,0.65,21.11,0.5,0.795
2002-03-05 21:00:00,25.71,0.65,19.92,0.5,0.576
2002-03-05 22:00:00,35.69,0.65,18.93,0.5,0.398
2002-03-05 23:00:00,30.64,0.65,17.33,0.5,0.346
2002-03-06 00:00:00,13.64,0.65,16.35,0.5,0.283
2002-03-06 01:00:00,11.08,0.65,16.02,0.5,0.248
2002-03-06 02:00:00,2.46,0.65,14.79,0.5,0.14
2002-03-06 03:00:00,4.529,0.65,14.26,0.5,0.096
2002-03-06 04:00:00,11.6,0.65,13.43,0.5,0.057
2002-03-06 05:00:00,12.9,0.65,13.32,0.5,0.025
2002-03-06 06:00:00,17.27,0.65,13.57,0.5,0.025
2002-03-06 07:00:00,14.51,0.65,15.77,0.5,0.057
2002-03-06 08:00:00,5.1,0.65,17.17,0.5,0.159
2002-03-06 09:00:00,12.27,0.65,20.12,0.5,0.499
2002-03-06 10:00:00,36.38,0.65,44.29,0.5,1.583
2002-03-06 11:00:00,34.61,0.65,24.27,0.5,1.091
2002-03-06 12:00:00,28.57,0.65,21.8,0.5,0.807
2002-03-06 13:00:00,26.01,0.65,22.89,0.5,0.653
2002-03-06 14:00:00,17.32,0.65,24.05,0.5,0.547
2002-03-06 15:00:00,22.1,0.65,26.76,0.5,0.651
2002-03-06 16:00:00,38.44,0.65,24.95,0.5,0.634
2002-03-06 17:00:00,35.41,0.65,22.29,0.5,0.557
2002-03-06 18:00:00,25.12,0.65,21.41,0.5,0.554
2002-03-06 19:00:00,26.41,0.65,21.4,0.5,0.723
2002-03-06 20:00:00,30.73,0.65,19.0,0.5,0.736
2002-03-06 21:00:00,28.61,0.65,16.96,0.5,0.6
2002-03-06 22:00:00,21.43,0.65,15.48,0.5,0.478
2002-03-06 23:00:00,19.72,0.65,14.49,0.5,0.417
2002-03-07 00:00:00,13.97,0.65,13.99,0.5,0.358
2002-03-07 01:00:00,14.3,0.65,13.87,0.5,0.334
2002-03-07 02:00:00,15.43,0.65,12.64,0.5,0.327
2002-03-07 03:00:00,13.27,0.65,12.38,0.5,0.32
2002-03-07 04:00:00,5.93,0.65,11.71,0.5,0.363
2002-03-07 05:00:00,8.96,0.65,11.43,0.5,0.374
2002-03-07 06:00:00,19.15,0.65,11.2,0.5,0.294
2002-03-07 07:00:00,20.69,0.65,11.33,0.5,0.242
2002-03-07 08:00:00,25.92,0.65,12.07,0.5,0.387
2002-03-07 09:00:00,33.31,2.131,16.35,0.5,0.946
2002-03-07 10:00:00,58.17,2.618,17.59,0.5,1.41
2002-03-07 11:00:00,65.55,2.711,22.34,0.5,1.499
2002-03-07 12:00:00,90.77,1.9,23.77,0.5,1.142
2002-03-07 13:00:00,77.35,1.688,22.07,0.5,0.882
2002-03-07 14:00:00,31.84,0.65,23.75,0.5,0.696
2002-03-07 15:00:00,30.07,0.65,24.68,0.5,0.725
2002-03-07 16:00:00,24.02,0.65,23.89,0.5,0.804
2002-03-07 17:00:00,25.65,0.65,22.55,0.5,0.877
2002-03-07 18:00:00,31.17,0.65,21.37,0.5,0.944
2002-03-07 19:00:00,31.83,1.589,21.54,0.5,1.278
2002-03-07 20:00:00,34.09,2.318,21.43,0.5,1.579
2002-03-07 21:00:00,43.4,2.704,18.36,0.5,1.424
2002-03-07 22:00:00,74.98,3.029,16.77,0.5,1.112
2002-03-07 23:00:00,66.21,2.746,15.93,0.5,0.869
2002-03-08 00:00:00,36.69,2.49,14.91,0.5,0.657
2002-03-08 01:00:00,32.79,2.19,13.66,0.5,0.512
2002-03-08 02:00:00,19.67,2.186,10.94,0.5,0.388
2002-03-08 03:00:00,22.12,1.979,9.214,0.5,0.278
2002-03-08 04:00:00,30.42,1.71,9.569,0.5,0.188
2002-03-08 05:00:00,31.58,1.531,7.675,0.5,0.14
2002-03-08 06:00:00,35.48,1.51,7.901,0.5,0.146
2002-03-08 07:00:00,35.19,1.657,8.936,0.5,0.241
2002-03-08 08:00:00,34.21,2.125,11.66,0.5,0.511
2002-03-08 09:00:00,40.15,2.496,66.68,0.5,0.848
2002-03-08 10:00:00,60.15,2.231,15.95,0.5,1.058
2002-03-08 11:00:00,55.28,2.121,18.57,0.5,1.015
2002-03-08 12:00:00,38.65,0.65,22.75,0.5,0.847
2002-03-08 13:00:00,39.16,0.65,21.41,0.5,0.656
2002-03-08 14:00:00,40.87,0.65,22.78,0.5,0.452
2002-03-08 15:00:00,34.54,0.65,26.43,0.5,0.423
2002-03-08 16:00:00,12.89,0.65,28.74,0.5,0.43
2002-03-08 17:00:00,18.98,0.65,24.08,0.5,0.532
2002-03-08 18:00:00,39.62,0.65,20.86,0.5,0.786
2002-03-08 19:00:00,43.32,1.481,20.83,0.5,1.238
2002-03-08 20:00:00,55.95,1.606,18.73,0.5,1.331
2002-03-08 21:00:00,53.12,2.032,17.98,0.5,1.13
2002-03-08 22:00:00,43.52,1.889,18.71,0.5,0.975
2002-03-08 23:00:00,42.83,2.308,19.17,0.5,0.92
2002-03-09 00:00:00,40.52,2.329,19.75,0.5,0.998
2002-03-09 01:00:00,37.22,2.578,17.66,0.5,0.974
2002-03-09 02:00:00,26.12,2.752,15.47,0.5,0.851
2002-03-09 03:00:00,25.48,2.687,13.67,0.5,0.739
2002-03-09 04:00:00,23.32,2.81,12.23,0.5,0.649
2002-03-09 05:00:00,22.69,2.862,12.13,0.5,0.594
2002-03-09 06:00:00,20.58,3.016,10.96,0.5,0.587
2002-03-09 07:00:00,29.05,3.008,9.952,0.5,0.596
2002-03-09 08:00:00,57.75,3.344,9.719,0.5,0.682
2002-03-09 09:00:00,55.51,3.268,12.73,0.5,0.714
2002-03-09 10:00:00,47.99,2.851,18.89,0.5,0.687
2002-03-09 11:00:00,48.82,2.175,19.65,0.5,0.568
2002-03-09 12:00:00,51.65,0.65,22.92,0.5,0.464
2002-03-09 13:00:00,48.44,0.65,28.66,0.5,0.353
2002-03-09 14:00:00,37.57,0.65,32.87,0.5,0.305
2002-03-09 15:00:00,34.83,0.65,28.97,0.5,0.225
2002-03-09 16:00:00,25.45,0.65,26.63,0.5,0.157
2002-03-09 17:00:00,22.67,0.65,25.85,0.5,0.154
2002-03-09 18:00:00,13.24,0.65,27.46,0.5,0.192
2002-03-09 19:00:00,18.43,0.65,27.55,0.5,0.45
2002-03-09 20:00:00,35.74,0.65,26.02,0.5,0.861
2002-03-09 21:00:00,39.8,0.65,26.46,0.5,1.025
2002-03-09 22:00:00,53.58,1.755,25.4,0.5,1.461
2002-03-09 23:00:00,58.94,2.403,26.44,0.5,1.708
2002-03-10 00:00:00,76.95,2.971,22.36,0.5,1.692
2002-03-10 01:00:00,96.64,3.004,18.44,0.5,1.444
2002-03-10 02:00:00,162.9,3.019,15.15,0.5,1.025
2002-03-10 03:00:00,138.6,2.742,12.9,0.5,0.725
2002-03-10 04:00:00,56.21,2.365,11.88,0.5,0.532
2002-03-10 05:00:00,51.58,2.328,12.23,0.5,0.354
2002-03-10 06:00:00,36.0,2.122,11.42,0.5,0.238
2002-03-10 07:00:00,30.92,1.853,13.54,0.5,0.288
2002-03-10 08:00:00,13.69,1.986,13.49,0.5,0.322
2002-03-10 09:00:00,15.01,1.565,13.45,0.5,0.247
2002-03-10 10:00:00,19.44,0.65,15.47,0.5,0.22
2002-03-10 11:00:00,19.29,0.65,19.27,0.5,0.177
2002-03-10 12:00:00,18.77,0.65,22.6,0.5,0.169
2002-03-10 13:00:00,14.75,0.65,21.72,0.5,0.101
2002-03-10 14:00:00,1.14,0.65,20.07,0.5,0.06
2002-03-10 15:00:00,3.134,0.65,24.26,0.5,0.025
2002-03-10 16:00:00,9.95,0.65,31.03,0.5,0.025
2002-03-10 17:00:00,13.55,0.65,26.55,0.5,0.025
2002-03-10 18:00:00,25.76,0.65,27.83,0.5,0.155
2002-03-10 19:00:00,27.46,0.65,27.72,0.5,0.293
2002-03-10 20:00:00,33.12,0.65,22.78,0.5,0.346
2002-03-10 21:00:00,28.09,0.65,20.82,0.5,0.373
2002-03-10 22:00:00,11.04,0.65,20.7,0.5,0.366
2002-03-10 23:00:00,19.49,0.65,19.95,0.5,0.371
2002-03-11 00:00:00,47.9,0.65,19.04,0.5,0.327
2002-03-11 01:00:00,41.93,0.65,18.31,0.5,0.302
2002-03-11 02:00:00,21.87,0.65,16.7,0.5,0.279
2002-03-11 03:00:00,27.39,0.65,14.88,0.5,0.216
2002-03-11 04:00:00,46.09,0.65,14.53,0.5,0.194
2002-03-11 05:00:00,44.29,0.65,14.11,0.5,0.195
2002-03-11 06:00:00,38.24,0.65,14.42,0.5,0.272
2002-03-11 07:00:00,42.29,1.401,13.96,0.5,0.45
2002-03-11 08:00:00,56.04,1.877,14.71,0.5,0.725
2002-03-11 09:00:00,59.74,2.231,18.34,0.5,0.967
2002-03-11 10:00:00,72.2,2.377,20.35,0.5,1.194
2002-03-11 17:00:00,28.6,0.65,23.66,0.5,0.471
2002-03-11 18:00:00,32.13,0.65,26.94,0.5,0.57
2002-03-11 19:00:00,30.35,1.579,26.16,0.5,0.713
2002-03-11 20:00:00,24.43,1.768,26.53,0.5,0.738
2002-03-11 21:00:00,28.86,1.436,25.8,0.5,0.578
2002-03-11 22:00:00,43.89,1.301,24.0,0.5,0.298
2002-03-11 23:00:00,38.31,1.438,21.36,0.5,0.259
2002-03-12 00:00:00,19.68,1.509,19.44,0.5,0.299
2002-03-12 01:00:00,18.39,1.982,18.32,0.5,0.323
2002-03-12 02:00:00,14.06,1.831,15.37,0.5,0.232
2002-03-12 03:00:00,15.39,2.029,15.48,0.5,0.164
2002-03-12 04:00:00,19.81,1.667,14.11,0.5,0.137
2002-03-12 05:00:00,19.65,1.799,13.19,0.5,0.087
2002-03-12 06:00:00,19.09,1.608,12.89,0.5,0.078
2002-03-12 07:00:00,19.15,1.932,14.1,0.5,0.098
2002-03-12 08:00:00,19.37,1.919,15.74,0.5,0.187
2002-03-12 09:00:00,17.64,2.024,18.65,0.5,0.454
2002-03-12 10:00:00,11.82,2.093,21.15,0.5,0.673
2002-03-12 11:00:00,13.0,2.005,20.0,0.5,0.607
2002-03-12 12:00:00,16.92,2.14,19.2,0.5,0.598
2002-03-12 13:00:00,18.15,2.401,19.51,0.5,0.635
2002-03-12 14:00:00,22.31,2.029,19.26,0.5,0.582
2002-03-12 15:00:00,18.7,2.121,19.55,0.5,0.541
2002-03-12 16:00:00,6.66,1.886,19.39,0.5,0.57
2002-03-12 17:00:00,6.66,2.269,20.0,0.5,0.603
2002-03-13 17:00:00,37.4,2.867,34.71,0.5,0.615
2002-03-13 18:00:00,32.82,2.809,34.06,0.5,0.767
2002-03-13 19:00:00,40.51,3.539,36.18,0.5,1.306
2002-03-13 20:00:00,66.16,4.292,31.71,0.5,1.65
2002-03-13 21:00:00,69.03,4.408,21.93,0.5,1.317
2002-03-13 22:00:00,78.53,4.203,16.52,0.5,0.969
2002-03-13 23:00:00,68.09,4.183,14.21,0.5,0.729
2002-03-14 00:00:00,32.97,4.021,13.51,0.5,0.572
2002-03-14 01:00:00,29.85,3.949,11.54,0.5,0.433
2002-03-14 02:00:00,19.36,3.564,10.09,0.5,0.304
2002-03-14 03:00:00,20.93,3.611,7.742,0.5,0.223
2002-03-14 04:00:00,26.16,3.571,7.714,0.5,0.166
2002-03-14 05:00:00,28.74,3.182,6.157,0.5,0.133
2002-03-14 06:00:00,37.42,3.526,7.49,0.5,0.146
2002-03-14 07:00:00,34.55,3.51,7.72,0.5,0.209
2002-03-14 08:00:00,24.98,4.131,7.93,0.5,0.405
2002-03-14 09:00:00,30.29,4.144,8.757,0.5,0.644
2002-03-14 10:00:00,48.16,4.051,10.22,0.5,0.83
2002-03-14 11:00:00,44.99,3.892,9.972,0.5,0.863
2002-03-14 12:00:00,34.41,3.385,11.81,0.5,0.65
2002-03-14 13:00:00,32.02,3.371,13.87,0.5,0.563
2002-03-14 14:00:00,23.9,2.689,16.48,0.5,0.415
2002-03-14 15:00:00,25.63,2.103,17.34,0.5,0.411
2002-03-14 16:00:00,31.42,2.197,16.41,0.5,0.453
2002-03-14 17:00:00,32.57,2.213,18.21,0.5,0.479
2002-03-14 18:00:00,36.49,2.239,19.63,0.5,0.631
2002-03-14 19:00:00,37.34,3.122,17.85,0.5,1.052
2002-03-14 20:00:00,40.17,3.7,15.61,0.5,1.214
2002-03-14 21:00:00,41.72,4.206,13.61,0.5,1.099
2002-03-14 22:00:00,46.84,4.651,14.02,0.5,0.965
2002-03-14 23:00:00,50.89,5.142,12.15,0.5,0.912
2002-03-15 00:00:00,64.51,8.871,10.46,0.5,0.726
2002-03-15 15:00:00,,,,,
2002-03-15 16:00:00,,,,,
2002-03-17 17:00:00,51.64,0.65,,0.5,0.948
2002-03-17 18:00:00,10.99,0.65,,0.5,1.005
2002-03-17 19:00:00,11.38,0.65,,0.5,1.165
2002-03-17 20:00:00,12.67,0.65,,0.5,1.434
2002-03-17 21:00:00,15.96,0.65,,0.5,1.435
2002-03-17 22:00:00,26.84,0.65,,0.5,1.365
2002-03-17 23:00:00,23.03,0.65,,0.5,1.263
2002-03-18 00:00:00,10.22,0.65,,0.5,1.328
2002-03-18 01:00:00,11.02,0.65,,0.5,1.184
2002-03-18 02:00:00,13.69,0.65,,0.5,1.11
2002-03-18 03:00:00,10.75,0.65,,0.5,1.108
2002-03-18 04:00:00,0.95,0.65,,0.5,1.143
2002-03-18 05:00:00,9.576,0.65,,0.5,1.165
2002-03-18 06:00:00,38.59,0.65,,0.5,1.323
2002-03-18 07:00:00,37.35,0.65,,0.5,1.505
2002-03-18 08:00:00,33.21,0.65,,0.5,1.663
2002-03-18 17:00:00,35.8,0.65,133.2,0.5,0.824
2002-03-18 18:00:00,28.18,0.65,149.8,0.5,0.828
2002-03-18 19:00:00,26.94,0.65,163.5,0.5,1.061
2002-03-18 20:00:00,22.75,0.65,151.6,0.5,1.143
2002-03-18 21:00:00,23.55,0.65,134.9,0.5,0.952
2002-03-18 22:00:00,26.18,0.65,120.5,0.5,0.882
2002-03-18 23:00:00,25.44,0.65,110.5,0.5,0.796
2002-03-19 00:00:00,22.97,5.453,98.94,0.5,0.712
2002-03-19 01:00:00,17.84,11.89,91.54,0.5,0.618
2002-03-19 02:00:00,0.6,18.36,85.51,1.157,0.559
2002-03-19 03:00:00,6.007,22.99,82.31,1.307,0.524
2002-03-19 04:00:00,24.05,25.42,79.53,1.085,0.473
2002-03-19 05:00:00,24.39,26.81,77.15,1.342,0.469
2002-03-19 06:00:00,25.54,27.38,76.02,0.5,0.507
2002-03-19 07:00:00,20.81,26.61,77.52,0.5,0.55
2002-03-19 08:00:00,5.01,26.14,79.19,0.5,0.708
2002-03-19 09:00:00,13.67,25.39,83.52,0.5,1.016
2002-03-19 10:00:00,42.35,24.39,82.15,0.5,1.068
2002-03-19 11:00:00,39.88,23.32,79.15,0.5,1.024
2002-03-19 12:00:00,31.63,22.02,77.85,0.5,0.974
2002-03-19 13:00:00,29.21,20.5,79.77,0.5,0.974
2002-03-19 14:00:00,21.19,19.44,79.93,0.5,0.979
2002-03-19 15:00:00,25.34,18.42,84.03,0.5,1.411
2002-03-19 16:00:00,39.17,17.53,88.5,0.5,1.72
2002-03-19 17:00:00,43.27,15.52,85.12,0.5,1.557
2002-03-19 18:00:00,56.83,15.4,78.42,0.5,1.389
2002-03-19 19:00:00,55.53,14.41,77.58,0.5,1.802
2002-03-19 20:00:00,51.19,13.36,80.07,0.5,2.069
2002-03-19 21:00:00,54.95,12.83,76.56,0.5,2.046
2002-03-19 22:00:00,67.39,12.61,70.65,0.5,1.817
2002-03-19 23:00:00,60.98,12.45,63.15,0.5,1.501
2002-03-20 00:00:00,39.4,12.15,56.35,0.5,1.216
2002-03-20 01:00:00,34.4,12.11,52.11,0.5,1.004
2002-03-20 02:00:00,17.58,12.01,48.38,0.5,0.842
2002-03-20 03:00:00,17.44,11.63,45.45,0.5,0.707
2002-03-20 04:00:00,16.98,11.67,42.59,0.5,0.63
2002-03-20 05:00:00,18.95,11.8,41.2,0.5,0.594
2002-03-20 06:00:00,25.58,11.79,40.78,0.5,0.585
2002-03-20 07:00:00,23.59,11.23,42.5,0.5,0.624
2002-03-20 08:00:00,16.93,11.48,45.44,0.5,0.785
2002-03-20 09:00:00,27.09,11.67,47.54,0.5,1.057
2002-03-20 10:00:00,60.72,11.81,48.0,0.5,1.18
2002-03-20 11:00:00,52.77,11.09,46.89,0.5,1.129
2002-03-20 12:00:00,26.23,10.6,45.64,0.5,0.982
2002-03-20 13:00:00,25.32,9.626,48.11,0.5,0.879
2002-03-20 14:00:00,22.32,8.693,48.81,0.5,0.866
2002-03-20 15:00:00,21.87,8.576,47.92,0.5,0.922
2002-03-20 16:00:00,20.35,7.823,47.07,0.5,0.933
2002-03-20 17:00:00,19.29,7.504,46.19,0.5,0.967
2002-03-20 18:00:00,15.78,6.753,48.36,0.5,1.016
2002-03-20 19:00:00,19.05,6.557,49.32,0.5,1.195
2002-03-20 20:00:00,29.98,6.051,48.79,0.5,1.447
2002-03-20 21:00:00,31.17,5.214,46.93,0.5,1.385
2002-03-20 22:00:00,35.1,5.232,45.19,0.5,1.214
2002-03-20 23:00:00,33.06,5.088,44.2,0.5,1.167
2002-03-21 00:00:00,26.19,5.143,42.65,0.5,1.078
2002-03-21 01:00:00,21.9,5.211,41.51,0.5,1.026
2002-03-21 02:00:00,7.48,5.828,38.68,0.5,0.956
2002-03-21 03:00:00,6.595,5.914,35.44,0.5,0.8
2002-03-21 04:00:00,3.64,6.299,33.97,0.5,0.69
2002-03-21 05:00:00,2.806,7.118,33.44,0.5,0.627
2002-03-21 06:00:00,,7.993,34.28,0.5,0.637
2002-03-21 07:00:00,1.529,9.065,37.86,0.5,0.803
2002-03-21 08:00:00,6.63,9.176,38.69,0.5,0.896
2002-03-21 09:00:00,11.22,10.46,42.96,0.5,1.214
2002-03-21 10:00:00,26.44,10.44,47.4,0.5,1.551
2002-03-21 11:00:00,30.34,11.03,44.23,0.5,1.449
2002-03-21 12:00:00,43.35,10.42,39.59,0.5,1.137
2002-03-21 13:00:00,38.67,9.769,38.29,0.5,0.971
2002-03-21 14:00:00,23.19,9.42,37.37,0.5,0.87
2002-03-21 15:00:00,22.05,8.34,36.81,0.5,0.872
2002-03-21 16:00:00,18.23,7.587,36.35,0.5,0.879
2002-03-21 17:00:00,20.22,6.477,36.25,0.5,0.887
2002-03-21 18:00:00,26.81,6.034,38.16,0.5,0.911
2002-03-21 19:00:00,27.63,5.771,39.52,0.5,1.075
2002-03-21 20:00:00,30.38,5.504,38.15,0.5,1.065
2002-03-21 21:00:00,29.48,4.88,35.68,0.5,0.858
2002-03-21 22:00:00,26.52,4.736,35.0,0.5,0.759
2002-03-21 23:00:00,27.48,4.625,34.6,0.5,0.783
2002-03-22 00:00:00,30.7,4.113,32.49,1.082,0.707
2002-03-22 01:00:00,24.41,4.192,30.1,1.464,0.634
2002-03-22 02:00:00,3.25,4.482,28.01,2.266,0.563
2002-03-22 03:00:00,4.071,4.413,26.42,2.381,0.541
2002-03-22 04:00:00,6.81,4.58,26.19,2.17,0.521
2002-03-22 05:00:00,11.02,4.685,26.33,1.715,0.52
2002-03-22 06:00:00,24.85,4.904,29.03,1.256,0.545
2002-03-22 07:00:00,22.52,4.918,31.79,0.5,0.603
2002-03-22 08:00:00,14.74,5.285,36.87,0.5,0.803
2002-03-22 09:00:00,15.01,5.949,45.59,0.5,1.253
2002-03-22 10:00:00,15.89,5.678,43.97,0.5,1.241
2002-03-22 11:00:00,19.56,5.393,41.79,0.5,1.077
2002-03-22 12:00:00,31.82,5.047,43.84,1.206,1.05
2002-03-22 13:00:00,27.46,4.479,45.19,1.525,0.975
2002-03-22 14:00:00,13.01,5.405,44.86,1.687,0.895
2002-03-22 15:00:00,18.28,9.311,47.47,1.263,0.946
2002-03-22 16:00:00,35.6,9.082,54.94,2.359,0.898
2002-03-22 17:00:00,36.08,8.468,62.46,2.625,0.892
2002-03-22 18:00:00,37.68,8.758,52.17,0.5,0.885
2002-03-22 19:00:00,39.65,7.999,50.24,0.5,1.077
2002-03-22 20:00:00,46.18,5.781,45.66,0.5,1.08
2002-03-22 21:00:00,43.71,5.018,41.4,0.5,0.843
2002-03-22 22:00:00,35.45,3.835,38.0,0.5,0.767
2002-03-22 23:00:00,35.67,2.874,36.83,0.5,0.823
2002-03-23 00:00:00,36.4,2.404,36.1,0.5,0.852
2002-03-23 01:00:00,33.72,2.531,36.72,0.5,0.898
2002-03-23 02:00:00,24.86,2.816,35.5,0.5,0.891
2002-03-23 03:00:00,22.75,4.055,36.24,0.5,0.868
2002-03-23 04:00:00,15.67,4.831,34.88,0.5,0.793
2002-03-23 05:00:00,17.73,5.932,31.86,0.5,0.667
2002-03-23 06:00:00,24.55,7.078,30.96,0.5,0.612
2002-03-23 07:00:00,26.0,8.704,33.3,0.5,0.633
2002-03-23 08:00:00,30.86,10.37,40.99,0.5,0.776
2002-03-23 09:00:00,34.61,11.84,45.04,0.5,0.987
2002-03-23 10:00:00,47.03,13.84,46.43,0.5,1.042
2002-03-23 11:00:00,45.16,14.77,38.62,0.5,0.877
2002-03-23 12:00:00,38.86,15.19,36.64,1.183,0.717
2002-03-23 13:00:00,32.93,15.05,38.83,1.893,0.669
2002-03-23 14:00:00,13.12,14.89,41.79,2.631,0.636
2002-03-23 15:00:00,18.09,13.81,43.98,3.722,0.596
2002-03-23 16:00:00,34.41,12.77,47.58,3.169,0.621
2002-03-23 17:00:00,29.16,10.8,48.43,2.792,0.644
2002-03-23 18:00:00,11.64,9.031,49.45,2.336,0.66
2002-03-23 19:00:00,15.39,7.706,51.44,0.5,0.844
2002-03-23 20:00:00,27.73,6.905,57.27,0.5,1.281
2002-03-23 21:00:00,37.41,5.836,54.67,0.5,1.199
2002-03-23 22:00:00,69.73,5.71,45.22,0.5,1.013
2002-03-23 23:00:00,62.36,5.151,42.38,0.5,0.952
2002-03-24 00:00:00,37.97,5.618,40.38,0.5,0.924
2002-03-24 01:00:00,36.06,6.247,39.63,0.5,0.928
2002-03-24 02:00:00,29.74,7.354,37.28,0.5,0.918
2002-03-24 03:00:00,37.19,8.505,33.02,0.5,0.91
2002-03-24 04:00:00,62.04,9.184,29.05,0.5,0.796
2002-03-24 05:00:00,56.75,10.79,27.13,0.5,0.711
2002-03-24 06:00:00,39.25,12.05,28.06,0.5,0.673
2002-03-24 07:00:00,37.49,13.05,29.01,0.5,0.667
2002-03-24 08:00:00,31.62,14.38,30.02,0.5,0.713
2002-03-24 09:00:00,35.43,15.68,29.34,0.5,0.664
2002-03-24 10:00:00,48.03,17.2,27.47,0.5,0.602
2002-03-24 11:00:00,40.04,18.09,32.32,1.196,0.585
2002-03-24 12:00:00,13.18,18.3,33.1,1.944,0.563
2002-03-24 13:00:00,15.54,17.58,34.81,3.199,0.51
2002-03-24 14:00:00,23.34,17.08,34.61,2.463,0.478
2002-03-24 15:00:00,22.54,15.4,35.05,2.782,0.442
2002-03-24 16:00:00,19.87,14.07,34.29,1.521,0.444
2002-03-24 17:00:00,18.35,12.26,37.51,0.5,0.479
2002-03-24 18:00:00,13.3,9.901,38.66,0.5,0.543
2002-03-24 19:00:00,15.17,8.046,41.29,0.5,0.713
2002-03-24 20:00:00,21.47,6.44,45.56,0.5,1.085
2002-03-24 21:00:00,27.94,5.728,42.32,0.5,1.079
2002-03-24 22:00:00,49.52,4.381,39.18,0.5,1.063
2002-03-24 23:00:00,49.76,4.796,38.06,0.5,1.1
2002-03-25 00:00:00,50.57,5.338,37.63,0.5,1.141
2002-03-25 01:00:00,51.82,5.789,35.12,0.5,1.085
2002-03-25 02:00:00,55.92,7.106,34.91,0.5,1.026
2002-03-25 03:00:00,52.62,8.015,29.28,0.5,0.76
2002-03-25 04:00:00,41.59,8.686,26.21,0.5,0.716
2002-03-25 05:00:00,42.54,10.93,26.63,0.5,0.684
2002-03-25 06:00:00,45.65,12.52,26.75,0.5,0.661
2002-03-25 07:00:00,42.21,13.74,31.87,0.5,0.656
2002-03-25 08:00:00,30.72,15.83,35.56,0.5,0.813
2002-03-25 09:00:00,36.08,17.87,38.77,0.5,1.049
2002-03-25 10:00:00,53.81,19.62,41.14,0.5,1.131
2002-03-25 11:00:00,53.91,19.97,41.74,0.5,1.005
2002-03-25 12:00:00,54.23,20.42,42.19,0.5,1.01
2002-03-25 13:00:00,49.62,20.47,43.0,0.5,0.952
2002-03-25 14:00:00,34.34,19.07,43.42,0.5,0.803
2002-03-25 15:00:00,35.38,17.15,43.69,0.5,0.857
2002-03-25 16:00:00,38.85,15.4,44.2,0.5,0.987
2002-03-25 17:00:00,42.11,14.2,44.92,0.5,1.073
2002-03-25 18:00:00,52.91,11.85,41.79,0.5,1.006
2002-03-25 19:00:00,49.18,10.46,41.24,0.5,1.113
2002-03-25 20:00:00,36.73,8.492,39.09,0.5,1.007
2002-03-25 21:00:00,35.16,7.992,36.98,0.5,0.901
2002-03-25 22:00:00,29.96,8.037,34.09,0.5,0.859
2002-03-25 23:00:00,29.02,8.251,32.63,0.5,0.775
2002-03-26 00:00:00,25.88,8.257,31.41,0.5,0.693
2002-03-26 01:00:00,23.56,9.521,30.32,0.5,0.618
2002-03-26 02:00:00,15.93,10.32,29.55,0.5,0.564
2002-03-26 03:00:00,16.41,11.53,29.0,0.5,0.53
2002-03-26 04:00:00,18.0,13.09,27.8,0.5,0.491
2002-03-26 05:00:00,13.8,13.87,27.01,0.5,0.463
2002-03-26 06:00:00,,14.68,26.23,0.5,0.441
2002-03-26 07:00:00,3.299,15.6,30.82,0.5,0.5
2002-03-26 08:00:00,14.31,16.71,39.07,0.5,0.762
2002-03-26 09:00:00,20.8,18.52,38.92,0.5,0.89
2002-03-26 10:00:00,42.28,19.86,39.28,0.5,0.877
2002-03-26 11:00:00,39.55,20.66,39.61,0.5,0.857
2002-03-26 12:00:00,30.43,20.88,40.1,0.5,0.79
2002-03-26 13:00:00,28.25,21.18,43.61,0.5,0.86
2002-03-26 14:00:00,21.05,20.24,42.02,1.625,0.706
2002-03-26 15:00:00,23.34,18.77,41.32,0.5,0.773
2002-03-26 16:00:00,31.0,16.3,41.3,0.5,0.906
2002-03-26 17:00:00,27.34,14.39,41.05,0.5,0.96
2002-03-26 18:00:00,15.21,12.35,39.7,0.5,1.004
2002-03-26 19:00:00,19.61,10.9,40.1,0.5,1.202
2002-03-26 20:00:00,34.28,9.451,43.17,0.5,1.373
2002-03-26 21:00:00,36.64,8.632,39.88,0.5,1.233
2002-03-26 22:00:00,44.47,8.39,34.6,0.5,1.072
2002-03-26 23:00:00,36.96,8.444,34.25,0.5,0.985
2002-03-27 00:00:00,11.69,8.571,33.93,0.5,0.934
2002-03-27 01:00:00,9.73,9.442,32.37,0.5,0.851
2002-03-27 02:00:00,3.29,10.63,31.17,0.5,0.745
2002-03-27 03:00:00,4.948,11.9,29.25,0.5,0.65
2002-03-27 04:00:00,10.48,13.0,26.09,1.357,0.557
2002-03-27 05:00:00,12.9,14.12,24.53,1.008,0.518
2002-03-27 06:00:00,20.86,15.36,27.49,0.5,0.583
2002-03-27 07:00:00,22.5,16.13,32.04,0.5,0.731
2002-03-27 08:00:00,27.96,16.68,35.01,0.5,0.849
2002-03-27 09:00:00,34.73,17.48,42.22,0.5,1.38
2002-03-27 10:00:00,57.15,18.85,45.67,0.5,1.756
2002-03-27 11:00:00,52.39,19.72,46.53,0.5,1.713
2002-03-27 12:00:00,36.51,16.86,41.6,0.5,1.233
2002-03-27 13:00:00,29.61,17.37,37.01,0.5,1.117
2002-03-27 14:00:00,6.77,16.44,33.33,0.5,0.891
2002-03-27 15:00:00,10.78,15.98,38.95,0.5,1.215
2002-03-27 16:00:00,24.16,15.34,42.57,0.5,1.693
2002-03-27 17:00:00,23.89,14.75,39.43,0.5,1.356
2002-03-27 18:00:00,22.99,14.59,41.1,0.5,1.326
2002-03-27 19:00:00,26.6,14.41,42.57,0.5,1.678
2002-03-27 20:00:00,38.64,14.26,40.45,0.5,1.457
2002-03-27 21:00:00,39.74,14.18,39.58,0.5,1.281
2002-03-27 22:00:00,43.39,14.11,38.99,0.5,1.192
2002-03-27 23:00:00,39.15,14.26,38.75,0.5,1.147
2002-03-28 00:00:00,24.91,14.15,38.67,0.5,1.072
2002-03-28 01:00:00,23.97,14.71,36.75,0.5,1.035
2002-03-28 02:00:00,20.9,14.99,31.91,0.5,0.823
2002-03-28 03:00:00,18.94,15.28,26.54,1.897,0.653
2002-03-28 04:00:00,12.42,15.26,24.46,1.875,0.573
2002-03-28 05:00:00,17.52,15.15,24.04,2.15,0.527
2002-03-28 06:00:00,34.26,15.24,25.17,1.443,0.544
2002-03-28 07:00:00,30.79,15.75,32.26,0.5,0.753
2002-03-28 08:00:00,19.2,15.59,35.59,0.5,0.946
2002-03-28 09:00:00,23.67,16.66,43.4,0.5,1.458
2002-03-28 10:00:00,38.46,16.44,39.85,0.5,1.386
2002-03-28 11:00:00,39.68,16.85,33.82,0.5,1.077
2002-03-28 12:00:00,43.77,16.47,31.51,1.237,0.934
2002-03-28 13:00:00,36.87,15.54,30.55,1.934,0.852
2002-03-28 14:00:00,14.03,15.2,28.41,2.31,0.744
2002-03-28 15:00:00,14.77,14.18,29.26,0.5,0.751
2002-03-28 16:00:00,17.26,13.45,28.69,0.5,0.829
2002-03-28 17:00:00,19.91,11.74,28.77,0.5,0.923
2002-03-28 18:00:00,28.67,10.54,28.33,0.5,0.922
2002-03-28 19:00:00,28.65,9.983,29.48,0.5,1.063
2002-03-28 20:00:00,28.58,9.15,28.82,0.5,1.208
2002-03-28 21:00:00,29.13,8.384,26.49,0.5,1.032
2002-03-28 22:00:00,30.93,7.86,24.51,0.5,0.836
2002-03-28 23:00:00,30.36,8.18,24.0,0.5,0.843
2002-03-29 00:00:00,28.49,8.691,22.91,0.5,0.835
2002-03-29 01:00:00,24.03,9.537,23.41,0.5,0.838
2002-03-29 02:00:00,9.37,10.58,22.64,0.5,0.795
2002-03-29 03:00:00,11.81,11.89,24.42,0.5,0.743
2002-03-29 04:00:00,19.97,12.53,23.79,0.5,0.682
2002-03-29 05:00:00,17.93,13.49,24.07,0.5,0.707
2002-03-29 06:00:00,11.23,14.79,26.04,0.5,0.827
2002-03-29 07:00:00,14.0,15.85,28.14,0.5,1.044
2002-03-29 08:00:00,23.25,16.9,31.58,0.5,1.214
2002-03-29 09:00:00,24.08,18.15,32.79,0.5,1.196
2002-03-29 10:00:00,26.85,19.08,37.13,0.5,1.148
2002-03-29 11:00:00,27.56,20.0,37.19,0.5,0.992
2002-03-29 12:00:00,29.93,20.0,34.79,0.5,0.857
2002-03-29 13:00:00,27.35,19.47,33.77,0.5,0.759
2002-03-29 14:00:00,18.8,17.88,32.92,2.353,0.602
2002-03-29 15:00:00,21.44,15.88,34.12,0.5,0.599
2002-03-29 16:00:00,30.25,14.19,33.69,0.5,0.592
2002-03-29 17:00:00,27.3,11.64,33.77,0.5,0.616
2002-03-29 18:00:00,17.52,9.529,36.5,0.5,0.682
2002-03-29 19:00:00,24.38,8.475,40.54,0.5,0.928
2002-03-29 20:00:00,47.29,7.29,45.51,0.5,1.364
2002-03-29 21:00:00,46.03,6.354,37.27,0.5,1.215
2002-03-29 22:00:00,41.87,5.412,35.11,0.5,1.015
2002-03-29 23:00:00,44.04,4.999,35.21,0.5,1.003
2002-03-30 00:00:00,51.18,5.322,32.29,0.5,1.094
2002-03-30 01:00:00,49.55,6.103,31.38,0.5,1.07
2002-03-30 02:00:00,44.18,7.51,29.15,0.5,0.999
2002-03-30 03:00:00,44.84,8.418,25.88,0.5,0.868
2002-03-30 04:00:00,47.06,9.89,23.31,0.5,0.715
2002-03-30 05:00:00,41.0,11.56,24.49,0.5,0.619
2002-03-30 06:00:00,21.09,13.29,28.34,0.5,0.646
2002-03-30 07:00:00,22.12,15.61,40.53,0.5,0.907
2002-03-30 08:00:00,25.57,17.31,38.69,0.5,0.853
2002-03-30 09:00:00,29.16,19.68,38.94,0.5,0.866
2002-03-30 10:00:00,41.06,21.21,36.14,0.5,0.803
2002-03-30 11:00:00,38.35,22.4,32.89,0.5,0.656
2002-03-30 12:00:00,29.32,22.91,32.92,0.5,0.557
2002-03-30 13:00:00,27.83,21.12,34.31,0.5,0.514
2002-03-30 14:00:00,22.9,19.22,32.32,0.5,0.45
2002-03-30 15:00:00,26.9,18.31,31.31,0.5,0.403
2002-03-30 16:00:00,40.23,15.55,29.7,1.821,0.417
2002-03-30 17:00:00,40.96,12.77,29.81,1.049,0.491
2002-03-30 18:00:00,43.36,11.52,31.31,0.5,0.627
2002-03-30 19:00:00,45.44,9.066,31.46,0.5,0.716
2002-03-30 20:00:00,52.39,7.884,30.52,0.5,0.648
2002-03-30 21:00:00,45.97,7.568,27.64,0.5,0.636
2002-03-30 22:00:00,24.71,7.144,26.41,0.5,0.648
2002-03-30 23:00:00,23.13,6.726,26.35,0.5,0.681
2002-03-31 00:00:00,17.95,6.643,25.44,0.5,0.632
2002-03-31 01:00:00,14.5,8.151,25.15,0.5,0.66
2002-03-31 02:00:00,3.17,10.23,23.95,0.5,0.655
2002-03-31 03:00:00,2.439,13.02,22.27,0.5,0.582
2002-03-31 04:00:00,,16.1,21.87,0.5,0.552
2002-03-31 05:00:00,,18.76,23.52,0.5,0.518
2002-03-31 06:00:00,,22.21,23.74,0.5,0.51
2002-03-31 07:00:00,6.015,23.88,24.83,0.5,0.543
2002-03-31 08:00:00,26.09,25.55,27.57,0.5,0.606
2002-03-31 09:00:00,22.3,26.11,26.13,0.5,0.562
2002-03-31 10:00:00,9.74,26.09,26.67,0.5,0.587
2002-03-31 11:00:00,10.71,26.12,28.17,0.5,0.574
2002-03-31 12:00:00,13.93,25.65,28.13,0.5,0.561
2002-03-31 13:00:00,11.6,25.37,28.71,0.5,0.611
2002-03-31 14:00:00,3.87,24.32,27.92,0.5,0.555
2002-03-31 15:00:00,5.221,21.93,27.53,1.971,0.493
2002-03-31 16:00:00,9.73,21.46,27.69,1.571,0.528
2002-03-31 17:00:00,7.884,20.22,28.04,0.5,0.556
2002-03-31 18:00:00,1.77,18.97,30.43,0.5,0.715
2002-03-31 19:00:00,4.689,18.36,29.97,0.5,0.87
2002-03-31 20:00:00,14.28,17.01,26.67,0.5,0.759
2002-03-31 21:00:00,14.95,17.04,28.18,0.5,0.832
2002-03-31 22:00:00,17.15,16.87,26.48,0.5,0.803
2002-03-31 23:00:00,14.74,16.38,24.1,0.5,0.781
2002-04-01 00:00:00,6.82,16.4,21.41,0.5,0.693
2002-04-01 01:00:00,5.229,16.05,20.43,0.5,0.604
2002-04-01 02:00:00,,16.28,19.26,1.172,0.565
2002-04-01 03:00:00,5.144,16.73,18.08,1.078,0.506
2002-04-01 04:00:00,22.31,16.51,17.0,0.5,0.46
2002-04-01 05:00:00,17.97,16.42,17.63,1.84,0.433
2002-04-01 06:00:00,3.7,16.18,20.42,1.378,0.463
2002-04-01 07:00:00,8.687,16.11,25.82,0.5,0.618
2002-04-01 08:00:00,25.33,15.65,30.68,0.5,0.661
2002-04-01 09:00:00,24.69,16.0,34.88,0.5,0.932
2002-04-01 10:00:00,22.58,16.39,33.14,0.5,0.91
2002-04-01 11:00:00,26.5,16.44,31.32,0.5,0.978
2002-04-01 12:00:00,39.59,,31.5,0.5,0.846
2002-04-01 13:00:00,32.64,18.49,,1.474,0.385
2002-04-01 14:00:00,9.61,16.07,23.71,1.09,0.402
2002-04-01 15:00:00,13.54,15.52,22.4,1.015,0.544
2002-04-01 16:00:00,26.67,13.44,22.56,1.017,0.569
2002-04-01 17:00:00,25.08,10.31,22.3,1.126,0.591
2002-04-01 18:00:00,19.83,8.701,23.76,0.5,0.602
2002-04-01 19:00:00,20.37,6.769,24.87,0.5,0.616
2002-04-01 20:00:00,22.15,6.111,24.8,0.5,0.543
2002-04-01 21:00:00,21.79,5.276,23.46,0.5,0.424
2002-04-01 22:00:00,20.59,4.256,22.58,0.5,0.356
2002-04-01 23:00:00,19.67,3.506,21.58,0.5,0.319
2002-04-02 00:00:00,16.66,3.325,20.71,0.5,0.372
2002-04-02 01:00:00,15.7,3.278,17.55,0.5,0.312
2002-04-02 02:00:00,12.54,3.186,16.3,0.5,0.301
2002-04-02 03:00:00,14.37,3.171,14.14,0.5,0.306
2002-04-02 04:00:00,20.39,2.9,13.23,1.0,0.277
2002-04-02 05:00:00,16.93,2.981,12.05,1.0,0.348
2002-04-02 06:00:00,5.49,2.786,12.31,0.5,0.371
2002-04-02 07:00:00,11.35,3.202,14.58,0.5,0.496
2002-04-02 08:00:00,30.61,3.994,15.83,0.5,0.632
2002-04-02 09:00:00,31.82,5.55,15.13,0.5,0.727
2002-04-02 10:00:00,35.87,6.221,16.71,0.5,0.711
2002-04-02 11:00:00,33.8,6.931,18.04,0.5,0.648
2002-04-02 12:00:00,26.98,7.59,20.34,1.069,0.643
2002-04-02 13:00:00,21.84,8.354,21.6,1.289,0.599
2002-04-02 14:00:00,4.69,9.456,23.74,1.274,0.578
2002-04-02 15:00:00,9.206,10.26,27.23,1.176,0.756
2002-04-02 16:00:00,24.16,10.79,28.21,1.0,0.896
2002-04-02 17:00:00,24.76,10.91,27.49,1.277,0.893
2002-04-02 18:00:00,26.73,10.99,30.41,0.5,1.042
2002-04-02 19:00:00,29.62,10.81,32.04,0.5,1.395
2002-04-02 20:00:00,39.2,10.29,29.66,0.5,1.125
2002-04-02 21:00:00,38.9,10.22,27.63,0.5,1.174
2002-04-02 22:00:00,37.91,10.04,26.71,0.5,1.72
2002-04-02 23:00:00,44.95,10.16,25.92,0.5,1.741
2002-04-03 00:00:00,67.74,9.587,25.08,0.5,1.373
2002-04-03 01:00:00,55.04,9.099,23.86,0.5,0.961
2002-04-03 02:00:00,12.98,8.968,21.67,0.5,0.741
2002-04-03 03:00:00,14.6,9.119,20.51,1.614,0.591
2002-04-03 04:00:00,19.88,8.985,20.28,1.622,0.486
2002-04-03 05:00:00,21.05,9.207,21.44,0.5,0.55
2002-04-03 06:00:00,24.84,9.686,19.71,0.5,0.694
2002-04-03 07:00:00,30.06,9.959,19.96,0.5,0.919
2002-04-03 08:00:00,47.21,11.64,19.01,0.5,1.238
2002-04-03 09:00:00,49.24,13.34,24.73,0.5,1.492
2002-04-03 10:00:00,55.79,14.81,31.06,0.5,1.496
2002-04-03 11:00:00,60.41,15.9,43.23,0.5,1.393
2002-04-03 12:00:00,75.57,16.8,38.5,1.095,1.124
2002-04-03 13:00:00,63.73,18.07,35.28,2.324,0.883
2002-04-03 14:00:00,25.44,19.79,37.34,1.883,0.829
2002-04-03 15:00:00,26.83,20.61,35.89,2.179,0.866
2002-04-03 16:00:00,31.39,22.18,35.86,2.175,0.862
2002-04-03 17:00:00,31.38,22.28,35.49,1.363,0.97
2002-04-03 18:00:00,31.35,21.11,32.44,1.215,0.965
2002-04-03 19:00:00,33.54,21.36,34.08,0.5,1.287
2002-04-03 20:00:00,40.75,20.31,31.21,0.5,1.35
2002-04-03 21:00:00,39.46,19.81,27.79,0.5,1.042
2002-04-03 22:00:00,35.24,19.2,6.866,0.5,0.79
2002-04-03 23:00:00,31.3,19.07,0.904,0.5,0.657
2002-04-04 00:00:00,18.36,18.92,1.143,0.5,0.701
2002-04-04 01:00:00,14.08,19.14,1.817,0.5,0.649
2002-04-04 02:00:00,,19.44,1.391,0.5,0.609
2002-04-04 03:00:00,7.269,19.92,1.211,1.797,0.508
2002-04-04 04:00:00,30.97,20.34,1.035,1.243,0.428
2002-04-04 05:00:00,28.95,20.8,0.545,0.5,0.482
2002-04-04 06:00:00,22.33,21.24,,0.5,0.674
2002-04-04 07:00:00,26.83,21.75,0.175,0.5,1.003
2002-04-04 08:00:00,41.51,22.86,0.175,0.5,1.19
2002-04-04 09:00:00,53.35,24.45,0.175,0.5,1.854
2002-04-04 10:00:00,92.54,25.73,0.175,0.5,2.127
2002-04-04 11:00:00,86.94,24.48,0.175,0.5,1.361
2002-04-04 12:00:00,68.67,24.24,0.175,1.765,1.007
2002-04-04 13:00:00,55.97,24.87,0.175,2.474,0.808
2002-04-04 14:00:00,14.88,24.89,,2.028,0.753
2002-04-04 15:00:00,19.61,24.7,,1.958,0.814
2002-04-04 16:00:00,35.16,23.83,,2.482,0.772
2002-04-04 17:00:00,35.85,21.94,,2.111,0.751
2002-04-04 18:00:00,38.07,20.49,,1.51,0.856
2002-04-04 19:00:00,38.59,19.83,0.175,0.5,1.108
2002-04-04 20:00:00,40.29,17.83,0.479,1.279,0.99
2002-04-04 21:00:00,37.73,17.65,0.886,1.258,0.815
2002-04-04 22:00:00,29.45,17.51,1.155,1.332,0.702
2002-04-04 23:00:00,28.44,17.97,0.6,1.156,0.665
2002-04-05 00:00:00,25.14,18.78,0.503,1.443,0.632
2002-04-05 01:00:00,19.44,19.51,,2.254,0.557
2002-04-05 02:00:00,0.72,19.83,,2.939,0.512
2002-04-05 03:00:00,5.893,20.68,,3.317,0.451
2002-04-05 04:00:00,22.76,22.25,,3.325,0.433
2002-04-05 05:00:00,18.95,23.29,,2.946,0.434
2002-04-05 06:00:00,6.44,23.36,0.175,2.169,0.465
2002-04-05 07:00:00,8.43,24.05,0.175,0.5,0.518
2002-04-05 08:00:00,14.92,23.92,0.175,0.5,0.709
2002-04-05 09:00:00,20.23,24.74,0.175,0.5,1.096
2002-04-05 10:00:00,37.66,25.87,0.175,0.5,1.262
2002-04-05 11:00:00,36.28,25.96,0.175,0.5,1.03
2002-04-05 12:00:00,31.78,25.89,0.175,1.685,0.92
2002-04-05 13:00:00,32.08,26.05,,2.353,0.875
2002-04-05 14:00:00,33.06,25.14,,2.403,0.849
2002-04-05 15:00:00,33.61,23.62,,1.832,0.993
2002-04-05 16:00:00,35.39,21.75,,1.342,1.368
2002-04-05 17:00:00,32.46,19.62,,1.1,1.703
2002-04-05 18:00:00,22.96,17.65,,1.071,1.573
2002-04-05 19:00:00,28.13,15.88,,0.5,1.649
2002-04-05 20:00:00,44.97,14.94,,0.5,1.655
2002-04-05 21:00:00,44.03,14.26,0.908,0.5,1.198
2002-04-05 22:00:00,40.99,13.47,1.701,0.5,0.969
2002-04-05 23:00:00,37.56,13.74,2.963,0.5,0.907
2002-04-06 00:00:00,26.27,14.33,2.327,1.061,0.853
2002-04-06 01:00:00,25.11,15.6,2.043,1.14,0.798
2002-04-06 02:00:00,21.29,16.68,1.205,1.981,0.732
2002-04-06 03:00:00,19.89,18.25,0.834,2.258,0.66
2002-04-06 04:00:00,15.33,19.01,,2.031,0.604
2002-04-06 05:00:00,15.04,20.44,,1.896,0.589
2002-04-06 06:00:00,14.07,21.27,,1.503,0.608
2002-04-06 07:00:00,14.81,21.92,,0.5,0.653
2002-04-06 08:00:00,17.21,22.17,,0.5,0.663
2002-04-06 09:00:00,18.07,23.4,0.175,0.5,0.731
2002-04-06 10:00:00,20.88,23.91,0.175,1.021,0.786
2002-04-06 11:00:00,20.54,24.3,0.175,1.84,0.728
2002-04-06 12:00:00,19.45,24.68,,2.56,0.732
2002-04-06 13:00:00,20.13,24.36,1.492,3.928,0.706
2002-04-06 14:00:00,22.34,23.48,3.296,4.008,0.684
2002-04-06 15:00:00,23.87,22.15,3.342,4.203,0.671
2002-04-06 16:00:00,28.84,20.73,1.803,3.494,0.702
2002-04-06 17:00:00,28.94,17.79,1.345,3.619,0.65
2002-04-06 18:00:00,29.26,15.69,2.318,3.389,0.68
2002-04-06 19:00:00,29.24,14.74,2.943,1.821,0.757
2002-04-06 20:00:00,29.18,13.68,2.699,1.023,0.831
2002-04-06 21:00:00,30.6,12.54,1.829,1.115,0.798
2002-04-06 22:00:00,35.18,12.21,1.697,0.5,0.821
2002-04-06 23:00:00,33.69,12.52,1.593,0.5,0.841
2002-04-07 00:00:00,28.81,13.54,1.469,0.5,0.889
2002-04-07 01:00:00,24.96,14.8,0.799,0.5,0.914
2002-04-07 02:00:00,12.32,16.44,,0.5,0.822
2002-04-07 03:00:00,13.31,18.17,,1.328,0.724
2002-04-07 04:00:00,16.54,20.31,,1.761,0.666
2002-04-07 05:00:00,16.71,22.06,,1.615,0.615
2002-04-07 06:00:00,17.29,23.55,,0.5,0.668
2002-04-07 07:00:00,16.06,24.37,,0.5,0.664
2002-04-07 08:00:00,12.03,24.99,,1.019,0.695
2002-04-07 09:00:00,11.7,26.0,,1.11,0.66
2002-04-07 10:00:00,10.64,27.5,,1.685,0.663
2002-04-07 11:00:00,12.78,27.77,,3.208,0.647
2002-04-07 12:00:00,19.75,27.86,,3.976,0.644
2002-04-07 13:00:00,18.45,27.49,,4.753,0.642
2002-04-07 14:00:00,14.25,26.33,,4.89,0.63
2002-04-07 15:00:00,17.6,24.25,,4.854,0.639
2002-04-07 16:00:00,28.53,21.59,,4.956,0.597
2002-04-07 17:00:00,24.62,18.19,,5.781,0.617
2002-04-07 18:00:00,11.98,14.5,,4.954,0.629
2002-04-07 19:00:00,17.32,13.02,,3.3,0.728
2002-04-07 20:00:00,34.71,11.88,,2.844,0.751
2002-04-07 21:00:00,32.94,11.03,,2.432,0.702
2002-04-07 22:00:00,27.23,10.77,,2.099,0.713
2002-04-07 23:00:00,27.08,11.13,,2.393,0.68
2002-04-08 00:00:00,26.6,11.72,,2.194,0.668
2002-04-08 01:00:00,20.54,13.03,,2.664,0.613
2002-04-08 02:00:00,0.61,14.63,,3.397,0.563
2002-04-08 03:00:00,3.511,16.45,,3.597,0.517
2002-04-08 04:00:00,12.97,17.91,,3.369,0.505
2002-04-08 05:00:00,13.6,19.63,,3.256,0.481
2002-04-08 06:00:00,15.66,21.49,,1.945,0.543
2002-04-08 07:00:00,14.35,22.7,,0.5,0.606
2002-04-08 08:00:00,10.09,23.46,,0.5,0.853
2002-04-08 09:00:00,16.59,25.48,,0.5,1.433
2002-04-08 10:00:00,37.6,27.27,,0.5,1.458
2002-04-08 11:00:00,39.91,27.83,,0.5,1.234
2002-04-08 12:00:00,47.43,27.87,,1.5,1.047
2002-04-08 13:00:00,43.31,27.45,,1.749,0.983
2002-04-08 14:00:00,29.99,26.36,,2.293,0.918
2002-04-08 15:00:00,32.23,24.32,,2.228,0.949
2002-04-08 16:00:00,39.54,22.15,,1.929,1.117
2002-04-08 17:00:00,40.8,19.87,,1.679,1.039
2002-04-08 18:00:00,44.87,17.64,,0.5,1.13
2002-04-08 19:00:00,46.77,16.02,,0.5,1.343
2002-04-08 20:00:00,53.02,14.74,0.175,0.5,1.327
2002-04-08 21:00:00,53.63,14.24,0.175,0.5,1.136
2002-04-08 22:00:00,55.59,13.75,0.175,0.5,0.991
2002-04-08 23:00:00,49.95,13.94,0.175,0.5,0.925
2002-04-09 00:00:00,31.4,14.67,0.175,0.5,0.861
2002-04-09 01:00:00,27.73,15.79,0.175,0.5,0.791
2002-04-09 02:00:00,15.66,17.2,0.175,0.5,0.703
2002-04-09 03:00:00,19.62,19.07,0.175,0.5,0.669
2002-04-09 04:00:00,32.55,20.82,0.175,0.5,0.656
2002-04-09 05:00:00,28.61,22.88,0.175,0.5,0.7
2002-04-09 06:00:00,15.97,24.0,0.175,0.5,0.695
2002-04-09 07:00:00,21.39,25.43,0.175,0.5,0.807
2002-04-09 08:00:00,39.05,26.77,0.175,0.5,1.132
2002-04-09 09:00:00,46.19,27.77,0.175,0.5,1.401
2002-04-09 10:00:00,69.28,28.32,0.175,0.5,1.563
2002-04-09 11:00:00,70.74,29.78,0.175,0.5,1.409
2002-04-09 12:00:00,75.51,30.53,0.175,1.167,1.256
2002-04-09 13:00:00,67.03,30.57,0.175,2.242,1.036
2002-04-09 14:00:00,39.61,29.34,0.89,3.419,0.909
2002-04-09 15:00:00,38.78,27.64,3.523,3.713,0.975
2002-04-09 16:00:00,36.07,25.77,8.454,2.943,1.124
2002-04-09 17:00:00,38.88,23.52,17.34,3.476,1.143
2002-04-09 18:00:00,47.96,20.41,29.04,1.49,1.332
2002-04-09 19:00:00,54.35,18.43,17.59,0.5,1.523
2002-04-09 20:00:00,75.33,16.38,6.922,0.5,1.376
2002-04-09 21:00:00,68.28,14.97,5.592,1.196,1.113
2002-04-09 22:00:00,45.47,14.05,6.049,1.496,0.969
2002-04-09 23:00:00,43.6,13.62,8.337,1.757,0.904
2002-04-10 00:00:00,37.46,14.11,,1.24,0.889
2002-04-10 01:00:00,36.56,14.29,,1.418,0.885
2002-04-10 02:00:00,33.62,15.49,,0.5,0.936
2002-04-10 03:00:00,36.58,16.62,,0.5,0.826
2002-04-10 04:00:00,46.25,17.94,,0.5,0.795
2002-04-10 05:00:00,47.33,19.59,,0.5,0.777
2002-04-10 06:00:00,50.79,21.21,,0.5,0.852
2002-04-10 07:00:00,55.82,22.96,,0.5,1.061
2002-04-10 08:00:00,72.2,25.26,,0.5,1.767
2002-04-10 09:00:00,83.19,28.1,,0.5,2.069
2002-04-10 10:00:00,118.7,30.33,,0.5,1.902
2002-04-10 11:00:00,107.6,31.92,,0.5,1.569
2002-04-10 12:00:00,71.16,32.1,,1.955,1.288
2002-04-10 13:00:00,65.1,32.18,,3.382,1.133
2002-04-10 14:00:00,45.48,30.32,,4.312,1.071
2002-04-10 15:00:00,52.4,28.45,,1.515,1.134
2002-04-10 16:00:00,74.95,25.54,,0.5,1.225
2002-04-10 17:00:00,77.47,23.78,,0.5,1.328
2002-04-10 18:00:00,85.64,21.26,,0.5,1.586
2002-04-10 19:00:00,84.96,19.58,,0.5,2.012
2002-04-10 20:00:00,82.71,18.37,,0.5,2.0
2002-04-10 21:00:00,76.19,17.06,,0.5,1.65
2002-04-10 22:00:00,55.08,16.61,,0.5,1.508
2002-04-10 23:00:00,58.93,16.85,,0.5,1.481
2002-04-11 00:00:00,71.6,17.39,,0.5,1.441
2002-04-11 01:00:00,67.07,18.33,,0.5,1.089
2002-04-11 02:00:00,52.17,19.13,,0.5,1.008
2002-04-11 03:00:00,47.77,20.77,,0.5,0.853
2002-04-11 04:00:00,33.44,21.87,,0.5,0.768
2002-04-11 05:00:00,34.29,22.88,,0.5,0.684
2002-04-11 06:00:00,37.02,24.02,,0.5,0.736
2002-04-11 07:00:00,38.96,25.28,,0.5,0.871
2002-04-11 08:00:00,45.29,26.32,,0.5,1.124
2002-04-11 09:00:00,51.48,27.55,,0.5,1.419
2002-04-11 10:00:00,71.5,28.78,,0.5,1.963
2002-04-11 11:00:00,72.18,29.63,,0.5,1.754
2002-04-11 12:00:00,74.4,29.86,,0.5,1.955
2002-04-11 13:00:00,72.05,30.93,,0.5,1.915
2002-04-11 14:00:00,64.44,30.08,,0.5,1.617
2002-04-11 15:00:00,63.84,29.34,,0.5,1.375
2002-04-11 16:00:00,61.9,28.42,,0.5,1.286
2002-04-11 17:00:00,56.41,26.82,,0.5,1.213
2002-04-11 18:00:00,38.64,25.46,,0.5,1.464
2002-04-11 19:00:00,40.81,24.47,,0.5,2.156
2002-04-11 20:00:00,47.96,24.05,,0.5,2.193
2002-04-11 21:00:00,46.51,23.57,,0.5,1.731
2002-04-11 22:00:00,41.8,22.2,,0.5,1.391
2002-04-11 23:00:00,41.45,22.16,,0.5,1.166
2002-04-12 00:00:00,40.29,22.41,,0.5,1.031
2002-04-12 01:00:00,32.11,22.61,,0.5,0.964
2002-04-12 02:00:00,5.85,23.7,,0.5,0.943
2002-04-12 03:00:00,9.019,23.58,,0.5,0.836
2002-04-12 04:00:00,19.35,24.0,,0.5,0.717
2002-04-12 05:00:00,21.15,24.62,,0.5,0.652
2002-04-12 06:00:00,26.93,25.28,,0.5,0.62
2002-04-12 07:00:00,28.63,25.76,,0.5,0.698
2002-04-12 08:00:00,34.17,26.47,,0.5,0.88
2002-04-12 09:00:00,36.86,27.11,,0.5,1.131
2002-04-12 10:00:00,45.56,27.68,,0.5,1.279
2002-04-12 11:00:00,45.21,28.34,,0.5,1.268
2002-04-12 12:00:00,44.07,28.07,,0.5,1.18
2002-04-12 13:00:00,38.4,27.8,,0.5,1.14
2002-04-12 14:00:00,20.05,27.28,,0.5,1.036
2002-04-12 15:00:00,20.06,26.07,,0.5,1.067
2002-04-12 16:00:00,20.1,24.61,,0.5,1.032
2002-04-12 17:00:00,21.93,23.59,,0.5,1.058
2002-04-12 18:00:00,27.83,22.73,,0.5,1.141
2002-04-12 19:00:00,27.63,22.09,,0.5,1.322
2002-04-12 20:00:00,26.97,21.19,,0.5,1.256
2002-04-12 21:00:00,26.33,20.96,,0.5,1.077
2002-04-12 22:00:00,24.24,20.37,,0.5,0.998
2002-04-12 23:00:00,23.95,20.31,,0.5,0.948
2002-04-13 00:00:00,22.98,20.34,,1.017,0.899
2002-04-13 01:00:00,20.23,20.63,,1.839,0.769
2002-04-13 02:00:00,11.38,20.75,,2.507,0.7
2002-04-13 03:00:00,9.345,20.93,,2.285,0.671
2002-04-13 04:00:00,2.71,21.53,,1.699,0.662
2002-04-13 05:00:00,3.95,21.49,,0.5,0.699
2002-04-13 06:00:00,7.93,21.68,,1.519,0.686
2002-04-13 07:00:00,12.36,21.7,,0.5,0.672
2002-04-13 08:00:00,26.79,21.96,,0.5,0.748
2002-04-13 09:00:00,24.96,22.48,,0.5,0.878
2002-04-13 10:00:00,19.02,22.93,,0.5,0.94
2002-04-13 11:00:00,20.21,23.42,,1.011,0.901
2002-04-13 12:00:00,24.07,23.67,,1.449,0.883
2002-04-13 13:00:00,20.32,24.02,,1.933,0.85
2002-04-13 14:00:00,8.18,24.24,,1.908,0.832
2002-04-13 15:00:00,10.14,23.94,,1.392,0.846
2002-04-13 16:00:00,16.55,23.81,,0.5,0.876
2002-04-13 17:00:00,16.63,23.43,,1.113,0.882
2002-04-13 18:00:00,16.88,22.62,,0.5,0.903
2002-04-13 19:00:00,16.2,22.24,,0.5,0.885
2002-04-13 20:00:00,13.97,22.02,,0.5,0.963
2002-04-13 21:00:00,11.89,21.53,,1.275,0.888
2002-04-13 22:00:00,5.14,21.34,,1.59,0.814
2002-04-13 23:00:00,6.411,21.68,,1.821,0.763
2002-04-14 00:00:00,10.49,21.83,,1.59,0.762
2002-04-14 01:00:00,7.999,21.81,,2.232,0.727
2002-04-14 02:00:00,,22.62,,3.215,0.652
2002-04-14 03:00:00,,22.67,,3.664,0.612
2002-04-14 04:00:00,,22.84,,3.789,0.573
2002-04-14 05:00:00,,23.0,,4.365,0.531
2002-04-14 06:00:00,,23.06,,3.867,0.543
2002-04-14 07:00:00,0.913,22.64,,3.871,0.548
2002-04-14 08:00:00,3.89,22.85,,3.667,0.567
2002-04-14 09:00:00,6.801,22.75,,3.311,0.572
2002-04-14 10:00:00,16.22,23.01,,3.208,0.599
2002-04-14 11:00:00,12.42,23.22,,3.597,0.589
2002-04-14 12:00:00,0.01,22.79,,3.561,0.65
2002-04-14 13:00:00,0.008,23.15,,3.277,0.68
2002-04-14 14:00:00,,22.94,,3.6,0.678
2002-04-14 15:00:00,1.218,23.11,,3.207,0.681
2002-04-14 16:00:00,5.19,22.69,,2.739,0.702
2002-04-14 17:00:00,7.01,21.98,,2.551,0.715
2002-04-14 18:00:00,12.9,21.97,,2.384,0.748
2002-04-14 19:00:00,11.17,21.82,,1.322,0.868
2002-04-14 20:00:00,5.48,21.57,,0.5,1.009
2002-04-14 21:00:00,8.183,21.25,,0.5,1.015
2002-04-14 22:00:00,16.93,21.3,,0.5,1.006
2002-04-14 23:00:00,15.37,21.64,,0.5,0.956
2002-04-15 00:00:00,10.37,21.85,,0.5,0.87
2002-04-15 01:00:00,8.268,22.73,,1.153,0.763
2002-04-15 02:00:00,1.52,23.07,,1.936,0.672
2002-04-15 03:00:00,4.909,23.57,,2.538,0.589
2002-04-15 04:00:00,15.96,23.68,,2.476,0.546
2002-04-15 05:00:00,13.47,24.15,,2.489,0.531
2002-04-15 06:00:00,5.46,24.38,,1.526,0.552
2002-04-15 07:00:00,5.392,24.33,,1.073,0.616
2002-04-15 08:00:00,5.17,24.17,,0.5,0.787
2002-04-15 09:00:00,9.354,24.36,,0.5,1.098
2002-04-15 10:00:00,22.89,25.12,,0.5,1.22
2002-04-15 11:00:00,22.31,24.7,,1.083,1.073
2002-04-15 12:00:00,20.41,26.19,,0.5,1.092
2002-04-15 13:00:00,18.01,26.5,,0.5,1.031
2002-04-15 14:00:00,10.24,25.51,,0.5,0.995
2002-04-15 15:00:00,10.33,25.44,,0.5,0.994
2002-04-15 16:00:00,10.63,24.37,,0.5,1.043
2002-04-15 17:00:00,13.23,23.17,,0.5,1.102
2002-04-15 18:00:00,21.66,22.34,,0.5,1.073
2002-04-15 19:00:00,22.07,20.85,,0.5,1.197
2002-04-15 20:00:00,23.39,19.38,,0.5,1.117
2002-04-15 21:00:00,22.09,19.45,,0.5,0.959
2002-04-15 22:00:00,17.88,19.11,,1.242,0.862
2002-04-15 23:00:00,14.89,19.15,,1.599,0.816
2002-04-16 00:00:00,5.31,19.01,,2.738,0.748
2002-04-16 01:00:00,4.049,19.9,,2.974,0.648
2002-04-16 02:00:00,,20.66,,3.34,0.59
2002-04-16 03:00:00,1.216,20.84,,3.935,0.551
2002-04-16 04:00:00,5.18,21.7,,3.864,0.522
2002-04-16 05:00:00,6.833,22.23,,4.31,0.495
2002-04-16 06:00:00,12.14,22.62,,3.606,0.525
2002-04-16 07:00:00,11.87,22.9,,1.699,0.588
2002-04-16 08:00:00,10.99,23.44,,0.5,0.769
2002-04-16 09:00:00,11.28,24.15,,0.5,1.096
2002-04-16 10:00:00,12.23,24.87,,0.5,1.183
2002-04-16 11:00:00,16.51,25.59,,1.0,1.033
2002-04-16 12:00:00,30.47,26.65,,1.319,0.956
2002-04-16 13:00:00,25.25,27.42,,1.375,0.872
2002-04-16 14:00:00,8.38,27.64,,0.5,0.882
2002-04-16 15:00:00,12.3,27.19,,0.5,0.936
2002-04-16 16:00:00,25.06,25.66,,0.5,1.023
2002-04-16 17:00:00,25.73,22.93,,0.5,1.056
2002-04-16 18:00:00,27.91,20.19,,0.5,1.126
2002-04-16 19:00:00,28.8,18.07,,0.5,1.224
2002-04-16 20:00:00,31.66,17.06,,0.5,1.317
2002-04-16 21:00:00,31.45,15.43,,0.5,1.253
2002-04-16 22:00:00,30.79,15.15,,0.5,1.121
2002-04-16 23:00:00,33.67,14.91,,0.5,1.071
2002-04-17 00:00:00,42.93,15.4,,0.5,1.208
2002-04-17 01:00:00,41.74,16.41,,0.5,1.316
2002-04-17 02:00:00,37.92,17.45,,0.5,1.144
2002-04-17 03:00:00,38.51,18.74,,0.5,1.011
2002-04-17 04:00:00,40.42,20.43,,0.5,0.984
2002-04-17 05:00:00,43.46,21.98,,0.5,0.924
2002-04-17 06:00:00,53.22,22.92,,0.5,0.814
2002-04-17 07:00:00,49.77,25.11,,0.5,0.754
2002-04-17 08:00:00,38.52,25.97,,0.5,0.829
2002-04-17 09:00:00,35.94,25.65,,0.5,0.978
2002-04-17 10:00:00,27.6,26.98,,0.5,1.065
2002-04-17 11:00:00,25.07,26.7,,0.5,0.996
2002-04-17 12:00:00,16.83,27.32,,0.5,1.066
2002-04-17 13:00:00,12.86,28.82,,1.176,0.907
2002-04-17 14:00:00,,29.04,,1.951,0.734
2002-04-17 15:00:00,6.558,29.49,,1.976,0.829
2002-04-17 16:00:00,27.94,30.12,,1.428,1.034
2002-04-17 17:00:00,28.26,29.75,,0.5,1.183
2002-04-17 18:00:00,29.29,28.23,,0.5,1.28
2002-04-17 19:00:00,32.55,26.97,,0.5,1.284
2002-04-17 20:00:00,43.01,25.2,,0.5,1.188
2002-04-17 21:00:00,38.77,23.46,,0.5,1.062
2002-04-17 22:00:00,25.04,21.91,,0.5,0.901
2002-04-17 23:00:00,25.14,21.48,,0.5,0.915
2002-04-18 00:00:00,25.45,20.81,,0.5,0.826
2002-04-18 01:00:00,21.59,20.74,,0.5,0.741
2002-04-18 02:00:00,9.21,20.97,,0.5,0.669
2002-04-18 03:00:00,9.67,21.11,,0.5,0.628
2002-04-18 04:00:00,11.17,21.63,,0.5,0.613
2002-04-18 05:00:00,16.36,22.69,,0.5,0.576
2002-04-18 06:00:00,33.02,23.5,,0.5,0.616
2002-04-18 07:00:00,28.84,24.11,,0.5,0.66
2002-04-18 08:00:00,15.22,24.58,,0.5,0.813
2002-04-18 09:00:00,23.45,25.07,,0.5,1.171
2002-04-18 10:00:00,50.09,,,,
2002-04-18 11:00:00,53.12,18.03,,0.5,0.908
2002-04-18 12:00:00,62.99,18.33,,0.5,0.896
2002-04-18 13:00:00,57.51,17.62,,0.5,0.812
2002-04-18 14:00:00,39.79,16.6,,0.5,0.881
2002-04-18 15:00:00,37.45,15.63,,1.224,0.978
2002-04-18 16:00:00,29.92,14.93,,1.368,0.934
2002-04-18 17:00:00,32.11,16.91,,0.5,0.996
2002-04-18 18:00:00,39.21,17.24,,0.5,1.022
2002-04-18 19:00:00,39.85,16.67,,0.5,1.243
2002-04-18 20:00:00,41.92,16.72,,0.5,1.325
2002-04-18 21:00:00,42.69,16.57,,0.5,1.169
2002-04-18 22:00:00,45.17,15.68,,1.041,1.031
2002-04-18 23:00:00,43.32,15.05,,0.5,0.95
2002-04-19 00:00:00,37.36,14.95,,1.464,0.893
2002-04-19 01:00:00,34.86,14.87,,2.29,0.794
2002-04-19 02:00:00,26.84,14.56,,3.383,0.715
2002-04-19 03:00:00,25.54,14.23,,4.744,0.653
2002-04-19 04:00:00,21.32,14.49,,4.792,0.614
2002-04-19 05:00:00,20.06,14.45,,4.493,0.607
2002-04-19 06:00:00,16.02,14.26,,3.756,0.59
2002-04-19 07:00:00,17.39,14.76,,1.49,0.677
2002-04-19 08:00:00,21.84,14.84,,0.5,0.994
2002-04-19 09:00:00,26.41,15.37,,0.5,1.275
2002-04-19 10:00:00,41.18,16.05,,0.5,1.251
2002-04-19 11:00:00,42.92,15.6,,1.399,1.137
2002-04-19 12:00:00,48.59,15.43,,2.008,1.027
2002-04-19 13:00:00,40.1,15.43,,2.506,1.029
2002-04-19 14:00:00,12.64,15.62,,2.454,0.98
2002-04-19 15:00:00,16.65,15.48,,2.371,1.067
2002-04-19 16:00:00,29.53,15.85,,2.375,1.201
2002-04-19 17:00:00,29.8,15.94,,1.61,1.247
2002-04-19 18:00:00,30.69,16.39,,0.5,1.465
2002-04-19 19:00:00,30.79,16.55,,0.5,2.007
2002-04-19 20:00:00,31.12,16.67,,0.5,2.111
2002-04-19 21:00:00,41.01,16.72,,0.5,2.121
2002-04-19 22:00:00,73.01,17.0,,0.5,2.036
2002-04-19 23:00:00,70.04,16.82,,0.5,1.735
2002-04-20 00:00:00,60.5,17.22,,0.5,1.452
2002-04-20 01:00:00,49.31,16.8,,1.344,1.094
2002-04-20 02:00:00,13.37,16.8,,4.035,0.867
2002-04-20 03:00:00,15.5,17.67,,4.685,0.766
2002-04-20 04:00:00,22.45,17.7,,3.868,0.733
2002-04-20 05:00:00,17.89,18.27,,1.851,0.761
2002-04-20 06:00:00,3.26,18.53,,2.498,0.744
2002-04-20 07:00:00,9.198,18.55,,1.931,0.738
2002-04-20 08:00:00,28.56,19.56,,0.5,0.771
2002-04-20 09:00:00,30.47,19.8,,0.5,1.05
2002-04-20 10:00:00,36.67,20.28,,0.5,1.07
2002-04-20 11:00:00,30.11,20.35,,0.5,0.975
2002-04-20 12:00:00,9.2,20.45,,0.5,0.909
2002-04-20 13:00:00,9.871,20.55,,0.5,0.876
2002-04-20 14:00:00,12.04,21.01,,0.5,0.816
2002-04-20 15:00:00,13.46,21.45,,1.279,0.685
2002-04-20 16:00:00,18.0,21.44,,0.5,0.699
2002-04-20 17:00:00,18.49,21.76,,0.5,0.736
2002-04-20 18:00:00,20.06,21.73,,0.5,0.831
2002-04-20 19:00:00,21.88,21.75,,0.5,1.117
2002-04-20 20:00:00,27.72,21.39,,0.5,1.081
2002-04-20 21:00:00,30.16,20.69,,0.5,0.993
2002-04-20 22:00:00,38.07,20.09,,0.5,0.93
2002-04-20 23:00:00,34.0,20.11,,0.5,0.905
2002-04-21 00:00:00,20.92,19.59,,0.5,0.856
2002-04-21 01:00:00,19.86,19.32,,1.626,0.771
2002-04-21 02:00:00,16.44,18.48,,2.91,0.676
2002-04-21 03:00:00,13.91,17.81,,3.015,0.602
2002-04-21 04:00:00,5.66,17.14,,2.69,0.6
2002-04-21 05:00:00,10.19,16.16,,2.771,0.577
2002-04-21 06:00:00,24.75,14.81,,1.808,0.606
2002-04-21 07:00:00,23.66,13.8,,0.5,0.699
2002-04-21 08:00:00,20.1,12.45,,0.5,0.819
2002-04-21 09:00:00,16.6,12.21,,0.5,0.757
2002-04-21 10:00:00,5.29,11.6,,2.637,0.667
2002-04-21 11:00:00,8.952,10.77,,3.819,0.606
2002-04-21 12:00:00,20.89,9.81,,4.318,0.615
2002-04-21 13:00:00,16.98,9.361,,4.878,0.633
2002-04-21 14:00:00,4.31,8.349,,6.442,0.617
2002-04-21 15:00:00,6.227,7.99,,6.267,0.609
2002-04-21 16:00:00,12.38,7.204,,6.935,0.638
2002-04-21 17:00:00,18.87,6.639,,4.548,0.773
2002-04-21 18:00:00,39.85,6.003,,2.343,0.909
2002-04-21 19:00:00,32.28,5.434,,1.869,0.975
2002-04-21 20:00:00,7.96,5.146,,0.5,1.07
2002-04-21 21:00:00,12.06,4.346,,1.09,1.02
2002-04-21 22:00:00,25.34,4.254,,1.385,0.94
2002-04-21 23:00:00,23.46,3.65,,1.71,0.896
2002-04-22 00:00:00,17.43,3.365,,2.29,0.825
2002-04-22 01:00:00,17.66,3.093,,3.043,0.755
2002-04-22 02:00:00,18.41,2.681,,4.182,0.693
2002-04-22 03:00:00,15.5,2.742,,6.593,0.604
2002-04-22 04:00:00,6.02,3.137,,7.714,0.561
2002-04-22 05:00:00,7.649,3.125,,6.529,0.56
2002-04-22 06:00:00,12.88,3.601,,4.749,0.589
2002-04-22 07:00:00,16.64,4.061,,2.138,0.666
2002-04-22 08:00:00,28.63,5.033,,0.5,0.838
2002-04-22 09:00:00,26.84,6.217,,0.5,1.16
2002-04-22 10:00:00,21.07,7.706,,0.5,1.206
2002-04-22 11:00:00,26.35,8.851,,1.828,1.109
2002-04-22 12:00:00,43.18,10.13,,1.433,1.153
2002-04-22 13:00:00,35.95,11.75,,1.79,1.137
2002-04-22 14:00:00,12.55,13.6,,2.488,1.015
2002-04-22 15:00:00,15.6,15.25,,2.135,1.08
2002-04-22 16:00:00,25.41,17.11,,1.736,1.187
2002-04-22 17:00:00,26.94,19.41,,0.5,1.242
2002-04-22 18:00:00,31.89,21.3,,0.5,1.33
2002-04-22 19:00:00,36.97,23.43,,0.5,1.45
2002-04-22 20:00:00,53.27,25.14,,0.5,1.371
2002-04-22 21:00:00,50.66,26.37,,0.5,1.245
2002-04-22 22:00:00,42.21,27.35,,0.5,1.171
2002-04-22 23:00:00,41.45,28.47,,0.5,1.246
2002-04-23 00:00:00,39.02,29.01,,0.5,1.569
2002-04-23 01:00:00,40.09,30.35,,0.5,1.927
2002-04-23 02:00:00,43.51,31.25,,0.5,2.09
2002-04-23 03:00:00,47.75,31.85,,0.5,2.101
2002-04-23 04:00:00,61.59,31.73,,0.5,1.351
2002-04-23 05:00:00,51.46,31.41,,0.5,1.121
2002-04-23 06:00:00,18.92,31.37,,0.5,1.125
2002-04-23 07:00:00,23.06,31.38,,0.5,1.29
2002-04-23 08:00:00,36.26,31.53,,0.5,1.722
2002-04-23 09:00:00,46.01,33.17,,0.5,2.778
2002-04-23 10:00:00,77.56,34.03,,0.5,2.852
2002-04-23 11:00:00,83.07,31.37,,0.5,2.335
2002-04-23 12:00:00,100.6,30.33,,0.5,1.954
2002-04-23 13:00:00,89.74,28.41,,0.5,1.715
2002-04-23 14:00:00,54.57,27.08,,0.5,1.619
2002-04-23 15:00:00,55.58,26.62,,0.5,1.771
2002-04-23 16:00:00,58.84,25.71,,0.5,1.915
2002-04-23 17:00:00,60.02,25.03,,0.5,2.219
2002-04-23 18:00:00,63.82,23.57,,0.5,1.96
2002-04-23 19:00:00,62.78,23.06,,0.5,1.882
2002-04-23 20:00:00,59.45,22.94,,0.5,1.572
2002-04-23 21:00:00,53.35,22.38,,0.5,1.303
2002-04-23 22:00:00,33.61,21.13,,0.5,1.173
2002-04-23 23:00:00,31.62,21.28,,0.5,1.128
2002-04-24 00:00:00,25.24,21.18,,0.5,1.055
2002-04-24 01:00:00,22.08,20.88,,2.056,0.917
2002-04-24 02:00:00,11.95,21.2,,2.379,0.805
2002-04-24 03:00:00,10.73,21.38,,2.933,0.763
2002-04-24 04:00:00,6.85,21.66,,2.901,0.726
2002-04-24 05:00:00,7.684,22.18,,3.585,0.693
2002-04-24 06:00:00,10.36,22.58,,1.781,0.742
2002-04-24 07:00:00,15.55,22.92,,0.5,0.85
2002-04-24 08:00:00,32.08,23.46,,0.5,1.103
2002-04-24 09:00:00,30.13,23.79,,0.5,1.405
2002-04-24 10:00:00,23.83,24.62,,0.5,1.735
2002-04-24 11:00:00,30.02,24.7,,0.5,1.535
2002-04-24 12:00:00,49.75,24.63,,0.5,1.432
2002-04-24 13:00:00,45.21,24.82,,1.015,1.341
2002-04-24 14:00:00,30.54,24.26,,1.769,1.178
2002-04-24 15:00:00,24.57,23.88,,1.94,1.243
2002-04-24 16:00:00,5.41,23.41,,1.885,1.21
2002-04-24 17:00:00,11.22,22.87,,1.735,1.196
2002-04-24 18:00:00,30.02,23.23,,0.5,1.282
2002-04-24 19:00:00,27.8,23.02,,0.5,1.547
2002-04-24 20:00:00,20.67,22.35,,0.5,1.544
2002-04-24 21:00:00,21.37,20.92,,1.332,1.218
2002-04-24 22:00:00,23.62,20.56,,2.326,1.074
2002-04-24 23:00:00,19.99,20.5,,2.939,0.96
2002-04-25 00:00:00,8.33,20.28,,2.083,0.907
2002-04-25 01:00:00,10.0,20.33,,1.419,0.893
2002-04-25 02:00:00,15.36,20.5,,1.261,0.876
2002-04-25 03:00:00,16.76,20.62,,1.161,0.799
2002-04-25 04:00:00,21.22,20.87,,0.5,0.77
2002-04-25 05:00:00,19.45,21.23,,0.5,0.761
2002-04-25 06:00:00,13.78,21.63,,0.5,0.812
2002-04-25 07:00:00,21.38,22.57,,0.5,1.003
2002-04-25 08:00:00,45.6,22.86,,0.5,1.168
2002-04-25 09:00:00,46.56,23.27,,0.5,1.377
2002-04-25 10:00:00,49.65,24.25,,0.5,1.426
2002-04-25 11:00:00,48.05,24.5,,0.5,1.327
2002-04-25 12:00:00,42.95,24.53,,0.5,1.209
2002-04-25 13:00:00,36.96,24.5,,0.5,1.111
2002-04-25 14:00:00,17.58,24.36,,1.069,1.04
2002-04-25 15:00:00,13.56,23.85,,1.346,1.017
2002-04-25 16:00:00,0.67,24.0,,0.5,1.234
2002-04-25 17:00:00,11.46,23.53,,0.5,1.317
2002-04-25 18:00:00,46.38,22.89,,0.5,1.458
2002-04-25 19:00:00,41.92,22.58,,0.5,1.633
2002-04-25 20:00:00,27.62,21.94,,0.5,1.532
2002-04-25 21:00:00,26.9,21.52,,0.5,1.348
2002-04-25 22:00:00,24.59,20.92,,0.5,1.244
2002-04-25 23:00:00,23.32,20.3,,0.5,1.199
2002-04-26 00:00:00,19.25,20.41,,0.5,1.161
2002-04-26 01:00:00,16.08,20.4,,1.368,1.04
2002-04-26 02:00:00,5.91,20.5,,3.026,0.89
2002-04-26 03:00:00,7.069,20.62,,3.197,0.826
2002-04-26 04:00:00,10.76,20.95,,3.112,0.781
2002-04-26 05:00:00,9.803,21.21,,3.775,0.749
2002-04-26 06:00:00,6.73,21.76,,2.439,0.756
2002-04-26 07:00:00,9.045,21.63,,1.5,0.808
2002-04-26 08:00:00,16.42,22.24,,0.5,0.927
2002-04-26 09:00:00,17.96,23.08,,0.5,1.41
2002-04-26 10:00:00,22.94,23.42,,0.5,1.571
2002-04-26 11:00:00,27.77,23.8,,0.5,1.889
2002-04-26 12:00:00,43.17,25.03,,0.5,2.597
2002-04-26 13:00:00,45.36,25.71,,0.5,2.562
2002-04-26 14:00:00,52.43,26.02,,0.5,2.384
2002-04-26 15:00:00,51.18,25.48,,0.5,2.39
2002-04-26 16:00:00,47.15,25.91,,0.5,2.423
2002-04-26 17:00:00,43.05,25.91,,0.5,2.265
2002-04-26 18:00:00,29.78,26.71,,0.5,2.409
2002-04-26 19:00:00,31.66,26.85,,0.5,2.346
2002-04-26 20:00:00,37.69,27.0,,0.5,1.975
2002-04-26 21:00:00,35.91,26.95,,0.5,1.574
2002-04-26 22:00:00,30.15,26.4,,0.5,1.44
2002-04-26 23:00:00,34.09,26.73,,0.5,1.423
2002-04-27 00:00:00,46.72,26.09,,0.5,1.248
2002-04-27 01:00:00,39.19,25.67,,0.5,1.04
2002-04-27 02:00:00,15.02,25.01,,3.136,0.87
2002-04-27 03:00:00,15.91,24.71,,4.068,0.775
2002-04-27 04:00:00,18.76,24.14,,4.774,0.716
2002-04-27 05:00:00,15.92,23.5,,4.49,0.669
2002-04-27 06:00:00,6.79,23.26,,3.044,0.696
2002-04-27 07:00:00,9.126,23.06,,1.378,0.741
2002-04-27 08:00:00,16.57,23.02,,0.5,0.914
2002-04-27 09:00:00,18.51,22.72,,0.5,0.958
2002-04-27 10:00:00,24.77,22.47,,1.004,0.959
2002-04-27 11:00:00,24.19,21.44,,1.376,0.914
2002-04-27 12:00:00,22.36,20.06,,1.954,0.923
2002-04-27 13:00:00,22.52,20.1,,2.905,0.918
2002-04-27 14:00:00,23.04,19.22,,3.994,0.841
2002-04-27 15:00:00,24.09,18.33,,3.625,0.86
2002-04-27 16:00:00,27.45,17.74,,3.429,0.819
2002-04-27 17:00:00,25.54,16.87,,2.807,0.816
2002-04-27 18:00:00,19.34,16.64,,0.5,0.958
2002-04-27 19:00:00,24.47,16.22,,0.5,1.296
2002-04-27 20:00:00,40.92,16.21,,0.5,1.778
2002-04-27 21:00:00,42.04,15.89,,0.5,1.78
2002-04-27 22:00:00,45.67,14.89,,0.5,1.593
2002-04-27 23:00:00,44.23,14.5,,0.5,1.538
2002-04-28 00:00:00,39.62,14.5,,0.5,1.897
2002-04-28 01:00:00,39.02,14.29,,0.5,1.412
2002-04-28 02:00:00,37.08,14.34,,0.5,1.201
2002-04-28 03:00:00,32.99,14.21,,0.5,1.295
2002-04-28 04:00:00,19.96,14.92,,0.5,1.28
2002-04-28 05:00:00,25.42,14.88,,0.5,1.262
2002-04-28 06:00:00,42.96,14.85,,0.5,1.394
2002-04-28 07:00:00,40.71,15.6,,0.5,1.357
2002-04-28 08:00:00,33.53,15.53,,0.5,1.185
2002-04-28 09:00:00,35.55,16.28,,0.5,1.167
2002-04-28 10:00:00,42.08,17.37,,0.5,1.273
2002-04-28 11:00:00,42.68,17.85,,1.361,1.257
2002-04-28 12:00:00,44.58,18.36,,2.855,1.217
2002-04-28 13:00:00,43.11,18.36,,3.465,1.25
2002-04-28 14:00:00,38.36,18.96,,3.699,1.202
2002-04-28 15:00:00,37.96,18.78,,4.481,1.067
2002-04-28 16:00:00,36.69,19.1,,4.494,1.0
2002-04-28 17:00:00,31.87,19.59,,3.676,1.01
2002-04-28 18:00:00,16.27,20.52,,3.404,1.124
2002-04-28 19:00:00,22.01,21.3,,1.446,1.291
2002-04-28 20:00:00,40.42,21.69,,1.562,1.281
2002-04-28 21:00:00,40.26,22.17,,0.5,1.404
2002-04-28 22:00:00,39.76,22.44,,0.5,1.479
2002-04-28 23:00:00,41.15,22.86,,0.5,1.659
2002-04-29 00:00:00,45.63,23.65,,0.5,1.559
2002-04-29 01:00:00,44.87,24.14,,0.5,1.444
2002-04-29 02:00:00,42.45,24.07,,0.5,1.193
2002-04-29 03:00:00,35.24,25.11,,0.5,1.047
2002-04-29 04:00:00,12.28,25.74,,0.5,1.031
2002-04-29 05:00:00,18.97,26.88,,0.5,1.169
2002-04-29 06:00:00,40.44,27.69,,0.5,1.206
2002-04-29 07:00:00,42.81,28.16,,0.5,1.24
2002-04-29 08:00:00,50.34,28.88,,0.5,1.481
2002-04-29 09:00:00,58.75,30.62,,0.5,1.889
2002-04-29 10:00:00,85.94,31.37,,0.5,2.054
2002-04-29 11:00:00,84.88,30.8,,0.5,1.84
2002-04-29 12:00:00,81.5,30.19,,0.5,1.5
2002-04-29 13:00:00,66.8,30.71,,0.5,1.378
2002-04-29 14:00:00,19.23,31.25,,0.5,1.356
2002-04-29 15:00:00,24.64,31.36,,0.5,1.605
2002-04-29 16:00:00,42.03,31.08,,0.5,1.997
2002-04-29 17:00:00,37.06,30.72,,0.5,1.729
2002-04-29 18:00:00,20.98,30.93,,0.5,2.0
2002-04-29 19:00:00,26.76,31.42,,0.5,2.221
2002-04-29 20:00:00,45.31,31.27,,0.5,2.211
2002-04-29 21:00:00,43.38,31.2,,0.5,2.081
2002-04-29 22:00:00,37.14,31.08,,0.5,1.899
2002-04-29 23:00:00,32.02,31.13,,0.5,1.623
2002-04-30 00:00:00,15.57,30.57,,0.5,1.35
2002-04-30 01:00:00,12.55,29.44,,2.09,1.002
2002-04-30 02:00:00,2.87,28.74,,3.687,0.808
2002-04-30 03:00:00,3.935,28.71,,4.73,0.738
2002-04-30 04:00:00,7.33,28.48,,5.021,0.71
2002-04-30 05:00:00,6.731,27.92,,3.738,0.691
2002-04-30 06:00:00,4.81,27.64,,2.313,0.702
2002-04-30 07:00:00,5.761,27.13,,0.5,0.741
2002-04-30 08:00:00,8.79,26.71,,0.5,0.917
2002-04-30 09:00:00,12.46,27.08,,0.5,1.25
2002-04-30 10:00:00,24.35,26.98,,0.5,1.337
2002-04-30 11:00:00,30.56,27.08,,0.5,1.413
2002-04-30 12:00:00,50.35,27.26,,0.5,1.403
2002-04-30 13:00:00,43.79,27.4,,0.5,1.32
2002-04-30 14:00:00,22.55,27.11,,0.5,1.352
2002-04-30 15:00:00,25.85,27.16,,0.5,1.481
2002-04-30 16:00:00,36.43,26.93,,0.5,1.527
2002-04-30 17:00:00,39.2,27.23,,0.5,1.656
2002-04-30 18:00:00,48.16,27.34,,0.5,2.053
2002-04-30 19:00:00,48.87,27.58,,0.5,2.789
2002-04-30 20:00:00,51.13,27.97,,0.5,2.708
2002-04-30 21:00:00,45.91,27.62,,0.5,2.237
2002-04-30 22:00:00,29.03,27.18,,0.5,1.881
2002-04-30 23:00:00,27.46,27.29,,0.5,1.795
2002-05-01 00:00:00,22.43,27.16,,0.5,1.573
2002-05-01 01:00:00,19.75,26.84,,0.5,1.354
2002-05-01 02:00:00,11.15,26.88,,0.5,1.174
2002-05-01 03:00:00,11.27,26.86,,0.5,1.112
2002-05-01 04:00:00,11.67,26.82,,0.5,1.043
2002-05-01 05:00:00,12.93,26.87,,0.5,1.055
2002-05-01 06:00:00,16.99,26.83,,0.5,1.104
2002-05-01 07:00:00,18.85,26.81,,0.5,1.181
2002-05-01 08:00:00,24.76,26.79,,0.5,1.165
2002-05-01 09:00:00,27.15,27.07,,0.5,1.202
2002-05-01 10:00:00,34.87,27.22,,0.5,1.134
2002-05-01 11:00:00,32.0,26.91,,1.061,0.994
2002-05-01 12:00:00,22.85,26.48,,1.815,0.942
2002-05-01 13:00:00,19.02,26.62,,2.1,0.942
2002-05-01 14:00:00,6.61,26.32,,2.026,0.908
2002-05-01 15:00:00,8.826,26.63,,2.349,0.939
2002-05-01 16:00:00,15.94,25.98,,3.817,0.898
2002-05-01 17:00:00,16.6,25.26,,3.165,0.925
2002-05-01 18:00:00,18.75,24.95,,1.921,1.006
2002-05-01 19:00:00,21.88,24.73,,1.119,1.099
2002-05-01 20:00:00,31.93,24.03,,0.5,1.154
2002-05-01 21:00:00,32.86,23.51,,1.125,1.129
2002-05-01 22:00:00,35.81,22.64,,1.333,1.111
2002-05-01 23:00:00,30.82,22.59,,2.032,1.029
2002-05-02 00:00:00,14.79,21.96,,2.801,0.956
2002-05-02 01:00:00,13.77,22.27,,2.522,0.923
2002-05-02 02:00:00,10.49,22.76,,3.639,0.84
2002-05-02 03:00:00,14.57,22.78,,4.436,0.786
2002-05-02 04:00:00,27.56,23.12,,3.969,0.747
2002-05-02 05:00:00,21.01,23.56,,3.95,0.734
2002-05-02 06:00:00,,23.98,,2.521,0.761
2002-05-02 07:00:00,2.389,24.01,,0.5,0.946
2002-05-02 08:00:00,10.0,25.09,,0.5,1.402
2002-05-02 09:00:00,25.06,26.38,,0.5,2.013
2002-05-02 10:00:00,73.78,27.06,,0.5,1.922
2002-05-02 11:00:00,69.19,27.45,,0.5,1.694
2002-05-02 12:00:00,54.58,27.53,,0.5,1.438
2002-05-02 13:00:00,47.93,27.73,,0.5,1.405
2002-05-02 14:00:00,26.42,27.64,,1.219,1.216
2002-05-02 15:00:00,25.24,26.9,,1.838,1.149
2002-05-02 16:00:00,21.45,26.42,,1.049,1.198
2002-05-02 17:00:00,25.44,26.43,,0.5,1.304
2002-05-02 18:00:00,38.34,25.92,,0.5,1.42
2002-05-02 19:00:00,39.9,26.24,,0.5,1.748
2002-05-02 20:00:00,44.92,25.47,,0.5,1.729
2002-05-02 21:00:00,42.98,25.09,,0.5,1.722
2002-05-02 22:00:00,36.84,24.5,,0.5,1.528
2002-05-02 23:00:00,33.97,24.15,,0.5,1.348
2002-05-03 00:00:00,24.75,24.09,,0.5,1.264
2002-05-03 01:00:00,20.43,24.41,,0.5,1.206
2002-05-03 02:00:00,6.58,24.73,,0.5,1.144
2002-05-03 03:00:00,9.683,25.17,,0.5,1.235
2002-05-03 04:00:00,19.57,26.0,,0.5,1.172
2002-05-03 05:00:00,20.82,26.66,,0.5,1.041
2002-05-03 06:00:00,24.84,26.89,,0.5,0.978
2002-05-03 07:00:00,24.37,27.43,,0.5,1.056
2002-05-03 08:00:00,22.89,28.41,,0.5,1.645
2002-05-03 09:00:00,35.74,29.9,,0.5,2.116
2002-05-03 10:00:00,77.33,30.69,,0.5,2.037
2002-05-03 11:00:00,69.35,30.51,,0.5,1.892
2002-05-03 12:00:00,43.94,30.93,,0.5,1.603
2002-05-03 13:00:00,41.26,31.45,,1.446,1.385
2002-05-03 14:00:00,32.59,31.05,,2.006,1.241
2002-05-03 15:00:00,34.0,30.3,,1.537,1.355
2002-05-03 16:00:00,38.54,29.81,,1.117,1.365
2002-05-03 17:00:00,36.52,29.43,,0.5,1.353
2002-05-03 18:00:00,30.12,28.7,,0.5,1.424
2002-05-03 19:00:00,36.37,28.68,,0.5,1.599
2002-05-03 20:00:00,56.44,27.87,,0.5,1.919
2002-05-03 21:00:00,57.47,27.48,,0.5,2.199
2002-05-03 22:00:00,60.72,26.84,,0.5,2.519
2002-05-03 23:00:00,60.64,26.19,,0.5,2.18
2002-05-04 00:00:00,60.37,25.57,,0.5,1.711
2002-05-04 01:00:00,53.31,24.92,,0.5,1.371
2002-05-04 02:00:00,30.64,25.03,,0.5,1.169
2002-05-04 03:00:00,31.12,24.69,,0.5,1.054
2002-05-04 04:00:00,32.63,24.77,,0.5,0.988
2002-05-04 05:00:00,34.49,25.3,,0.5,0.934
2002-05-04 06:00:00,40.46,25.77,,0.5,0.942
2002-05-04 07:00:00,37.78,26.15,,0.5,1.023
2002-05-04 08:00:00,29.23,26.37,,0.5,1.128
2002-05-04 09:00:00,36.42,27.12,,0.5,1.257
2002-05-04 10:00:00,59.68,28.16,,0.5,1.255
2002-05-04 11:00:00,55.0,28.74,,2.187,1.181
2002-05-04 12:00:00,40.09,28.94,,1.181,1.077
2002-05-04 13:00:00,34.47,28.82,,1.393,1.018
2002-05-04 14:00:00,16.27,28.51,,1.6,1.001
2002-05-04 15:00:00,20.02,28.4,,1.901,0.994
2002-05-04 16:00:00,32.06,28.05,,2.756,0.958
2002-05-04 17:00:00,30.74,27.78,,1.706,1.036
2002-05-04 18:00:00,26.56,27.86,,0.5,1.243
2002-05-04 19:00:00,33.76,27.54,,0.5,1.649
2002-05-04 20:00:00,56.86,27.48,,0.5,2.312
2002-05-04 21:00:00,63.88,28.29,,0.5,3.673
2002-05-04 22:00:00,86.07,27.82,,0.5,3.063
2002-05-04 23:00:00,82.07,26.59,,0.5,2.176
2002-05-05 00:00:00,69.24,26.3,,0.5,1.789
2002-05-05 01:00:00,62.1,25.84,,0.5,1.775
2002-05-05 02:00:00,39.16,26.02,,0.5,1.817
2002-05-05 03:00:00,43.08,26.48,,0.5,2.086
2002-05-05 04:00:00,55.56,26.67,,0.5,2.135
2002-05-05 05:00:00,61.72,26.6,,0.5,1.979
2002-05-05 06:00:00,81.51,26.33,,0.5,1.744
2002-05-05 07:00:00,73.99,26.7,,0.5,1.639
2002-05-05 08:00:00,50.02,27.07,,0.5,1.601
2002-05-05 09:00:00,50.11,26.65,,0.5,1.401
2002-05-05 10:00:00,50.42,27.31,,0.5,1.519
2002-05-05 11:00:00,52.47,27.27,,0.5,1.424
2002-05-05 12:00:00,58.99,27.51,,0.5,1.41
2002-05-05 13:00:00,56.69,27.84,,0.5,1.417
2002-05-05 14:00:00,49.43,27.7,,0.5,1.434
2002-05-05 15:00:00,49.07,28.38,,1.233,1.384
2002-05-05 16:00:00,47.93,28.58,,1.978,1.179
2002-05-05 17:00:00,42.88,28.54,,0.5,1.259
2002-05-05 18:00:00,26.91,28.75,,0.5,1.379
2002-05-05 19:00:00,27.31,29.33,,0.5,1.449
2002-05-05 20:00:00,28.59,29.63,,0.5,1.496
2002-05-05 21:00:00,33.11,29.59,,1.594,1.315
2002-05-05 22:00:00,47.39,29.17,,2.801,1.121
2002-05-05 23:00:00,38.8,28.78,,2.614,1.054
2002-05-06 00:00:00,11.21,28.27,,1.794,1.057
2002-05-06 01:00:00,12.99,28.4,,4.685,0.916
2002-05-06 02:00:00,18.7,28.12,,4.662,0.861
2002-05-06 03:00:00,14.71,28.03,,6.242,0.79
2002-05-06 04:00:00,1.98,28.2,,6.385,0.766
2002-05-06 05:00:00,5.896,28.42,,5.551,0.739
2002-05-06 06:00:00,18.47,28.27,,4.664,0.74
2002-05-06 07:00:00,19.53,28.68,,1.414,0.847
2002-05-06 08:00:00,22.91,28.99,,0.5,1.054
2002-05-06 09:00:00,27.53,29.85,,0.5,1.636
2002-05-06 10:00:00,42.48,30.57,,0.5,1.802
2002-05-06 11:00:00,42.73,30.73,,0.5,1.642
2002-05-06 12:00:00,43.52,30.97,,0.5,1.553
2002-05-06 13:00:00,40.71,31.92,,0.5,1.544
2002-05-06 14:00:00,31.84,32.01,,1.453,1.346
2002-05-06 15:00:00,31.81,32.35,,1.185,1.346
2002-05-06 16:00:00,31.73,32.59,,0.5,1.459
2002-05-06 17:00:00,31.61,32.76,,0.5,1.457
2002-05-06 18:00:00,31.25,32.97,,0.5,1.583
2002-05-06 19:00:00,31.68,33.43,,0.5,2.239
2002-05-06 20:00:00,33.07,33.3,,0.5,1.934
2002-05-06 21:00:00,36.3,32.62,,0.5,1.534
2002-05-06 22:00:00,46.52,32.09,,0.5,1.322
2002-05-06 23:00:00,39.39,31.66,,2.131,1.153
2002-05-07 00:00:00,16.51,31.53,,1.982,1.066
2002-05-07 01:00:00,13.52,31.51,,3.628,0.965
2002-05-07 02:00:00,3.93,31.23,,2.554,0.914
2002-05-07 03:00:00,4.625,31.25,,3.338,0.858
2002-05-07 04:00:00,6.84,31.3,,3.778,0.804
2002-05-07 05:00:00,7.631,31.3,,4.321,0.785
2002-05-07 06:00:00,10.17,31.24,,0.5,0.878
2002-05-07 07:00:00,13.41,31.69,,0.5,1.051
2002-05-07 08:00:00,23.73,32.76,,0.5,1.436
2002-05-12 17:00:00,22.26,38.95,,1.989,1.159
2002-05-12 18:00:00,25.11,38.08,,0.5,1.707
2002-05-12 19:00:00,37.04,37.56,,0.5,3.504
2002-05-12 20:00:00,75.33,37.93,,0.5,6.607
2002-05-12 21:00:00,84.61,38.7,,0.5,7.299
2002-05-12 22:00:00,113.9,38.95,,0.5,7.092
2002-05-12 23:00:00,111.4,38.64,,0.5,4.93
2002-05-13 00:00:00,103.2,38.17,,0.5,3.101
2002-05-13 01:00:00,83.35,37.65,,0.5,2.036
2002-05-13 02:00:00,20.56,37.9,,0.5,1.68
2002-05-13 03:00:00,22.91,38.08,,0.5,1.419
2002-05-13 04:00:00,30.38,38.02,0.175,0.5,1.399
2002-05-13 05:00:00,39.15,39.16,0.175,0.5,1.346
2002-05-13 06:00:00,66.87,39.76,0.175,0.5,1.466
2002-05-13 07:00:00,63.61,40.68,0.175,0.5,1.762
2002-05-13 08:00:00,53.21,41.87,0.175,0.5,1.919
2002-05-13 09:00:00,60.34,43.84,0.175,0.5,2.184
2002-05-13 10:00:00,82.9,47.3,0.175,0.5,2.709
2002-05-13 11:00:00,82.9,48.66,2.794,0.5,2.068
2002-05-13 12:00:00,122.7,,,5.56,
2002-05-13 13:00:00,108.9,39.86,95.79,2.175,1.592
2002-05-13 17:00:00,61.32,28.77,132.4,0.5,1.645
2002-05-13 18:00:00,78.8,27.08,109.6,0.5,1.315
2002-05-13 19:00:00,74.48,24.89,76.34,0.5,1.313
2002-05-13 20:00:00,60.91,24.04,60.25,0.5,1.058
2002-05-13 21:00:00,55.27,23.64,53.39,0.5,0.935
2002-05-13 22:00:00,37.3,22.38,46.97,1.585,0.769
2002-05-13 23:00:00,35.3,22.71,45.84,1.499,0.677
2002-05-14 00:00:00,28.98,22.59,52.98,0.5,0.777
2002-05-14 01:00:00,25.99,22.17,43.89,1.124,0.63
2002-05-14 02:00:00,16.59,22.72,36.08,2.433,0.501
2002-05-14 03:00:00,20.87,23.31,38.57,0.5,0.504
2002-05-14 04:00:00,34.49,23.4,40.15,0.5,0.569
2002-05-14 05:00:00,43.0,24.74,44.6,0.5,0.698
2002-05-14 06:00:00,69.89,25.78,45.85,0.5,0.711
2002-05-14 07:00:00,63.16,27.06,54.45,0.5,0.936
2002-05-14 08:00:00,41.73,30.63,129.3,0.5,2.621
2002-05-14 09:00:00,74.62,36.03,173.1,0.5,3.833
2002-05-14 10:00:00,178.6,39.87,169.1,0.5,3.593
2002-05-14 11:00:00,172.6,40.42,125.4,0.5,2.342
2002-05-14 12:00:00,153.7,40.69,99.28,0.5,1.642
2002-05-14 13:00:00,125.7,41.06,92.75,0.5,1.249
2002-05-14 14:00:00,37.38,40.77,90.04,0.5,1.094
2002-05-14 15:00:00,42.56,40.79,95.62,1.232,1.403
2002-05-15 17:00:00,24.28,28.79,67.72,0.5,1.502
2002-05-15 18:00:00,25.0,28.3,79.63,0.5,1.708
2002-05-15 19:00:00,32.48,28.71,94.44,0.5,2.241
2002-05-15 20:00:00,56.12,28.62,88.77,0.5,2.086
2002-05-15 21:00:00,49.5,28.83,78.66,0.5,1.653
2002-05-15 22:00:00,28.24,29.58,59.44,0.5,1.132
2002-05-15 23:00:00,26.66,29.37,50.94,0.5,0.816
2002-05-16 00:00:00,21.66,28.68,42.35,0.5,0.549
2002-05-16 01:00:00,16.49,29.07,39.61,0.5,0.493
2002-05-16 02:00:00,,29.82,35.88,0.5,0.451
2002-05-16 03:00:00,1.131,29.96,32.62,0.5,0.412
2002-05-16 04:00:00,4.68,29.63,31.2,1.117,0.371
2002-05-16 05:00:00,5.174,29.66,30.66,1.0,0.342
2002-05-16 06:00:00,6.75,29.65,34.98,0.5,0.375
2002-05-16 07:00:00,10.48,29.88,39.39,0.5,0.396
2002-05-16 08:00:00,22.2,29.44,48.51,0.5,0.567
2002-05-16 09:00:00,24.49,29.67,58.01,0.5,0.804
2002-05-16 10:00:00,31.78,30.23,60.57,0.5,0.967
2002-05-16 11:00:00,35.53,30.68,61.34,0.5,1.105
2002-05-16 12:00:00,47.38,30.35,57.93,0.5,1.127
2002-05-16 13:00:00,43.3,30.42,54.36,0.5,0.962
2002-05-16 14:00:00,30.3,30.46,56.31,0.5,0.96
2002-05-16 15:00:00,34.79,29.73,59.83,0.5,1.009
2002-05-16 17:00:00,43.65,34.72,53.11,0.5,0.956
2002-05-16 18:00:00,26.78,34.9,52.62,0.5,0.878
2002-05-16 19:00:00,29.7,33.81,60.21,0.5,1.138
2002-05-16 20:00:00,39.08,33.91,57.22,0.5,1.101
2002-05-16 21:00:00,35.2,34.54,56.36,0.5,1.198
2002-05-16 22:00:00,22.92,34.48,51.73,0.5,1.066
2002-05-16 23:00:00,27.52,35.1,56.4,0.5,1.473
2002-05-17 00:00:00,42.28,35.49,56.92,0.5,1.431
2002-05-17 01:00:00,38.02,35.7,55.98,0.5,1.405
2002-05-17 02:00:00,24.53,35.77,50.61,0.5,1.22
2002-05-17 03:00:00,24.74,36.03,48.42,0.5,1.149
2002-05-17 04:00:00,25.42,36.39,44.35,0.5,0.939
2002-05-17 05:00:00,26.83,36.93,44.1,0.5,0.97
2002-05-17 06:00:00,31.29,37.24,45.34,0.5,0.997
2002-05-17 07:00:00,32.07,37.95,55.6,0.5,1.201
2002-05-17 08:00:00,34.54,38.79,68.1,0.5,1.463
2002-05-17 09:00:00,46.66,39.86,99.44,0.5,2.593
2002-05-17 10:00:00,84.98,41.75,112.6,0.5,2.952
2002-05-17 11:00:00,88.79,42.03,86.84,0.5,2.297
2002-05-17 12:00:00,100.7,42.29,84.93,0.5,1.877
2002-05-17 13:00:00,90.65,42.21,77.08,0.5,1.655
2002-05-17 14:00:00,58.77,41.55,77.46,0.5,1.567
2002-05-17 15:00:00,62.93,41.74,82.9,0.5,1.835
2002-05-17 16:00:00,76.0,41.71,91.56,0.5,2.042
2002-05-17 17:00:00,76.58,41.55,85.61,0.5,2.006
2002-05-17 18:00:00,78.43,40.46,75.68,0.5,1.904
2002-05-17 19:00:00,71.24,39.89,74.76,0.5,2.055
2002-05-17 20:00:00,48.69,40.0,64.95,0.5,1.791
2002-05-17 21:00:00,45.53,39.87,69.04,0.5,1.7
2002-05-17 22:00:00,35.7,39.76,62.36,0.5,1.605
2002-05-17 23:00:00,37.4,39.42,57.47,0.5,1.541
2002-05-18 00:00:00,42.75,38.76,50.25,0.5,1.31
2002-05-18 01:00:00,34.45,38.74,41.53,0.5,0.956
2002-05-18 02:00:00,8.61,38.45,39.02,0.5,0.812
2002-05-18 03:00:00,11.56,38.38,40.49,0.5,0.823
2002-05-18 04:00:00,20.8,38.24,38.46,0.5,0.733
2002-05-18 05:00:00,19.21,38.24,40.91,0.5,0.796
2002-05-18 06:00:00,14.26,37.95,41.14,0.5,0.732
2002-05-18 07:00:00,15.95,37.71,48.77,0.5,0.874
2002-05-18 08:00:00,21.3,37.93,60.37,0.5,1.136
2002-05-18 09:00:00,30.35,38.54,72.64,0.5,1.545
2002-05-18 10:00:00,58.54,38.82,69.5,0.5,1.605
2002-05-18 11:00:00,56.97,39.05,65.39,0.5,1.475
2002-05-18 12:00:00,52.02,39.8,72.92,0.5,1.412
2002-05-18 13:00:00,49.91,39.76,58.79,0.5,1.245
2002-05-18 14:00:00,43.34,39.43,52.89,0.5,1.031
2002-05-18 15:00:00,40.11,38.94,51.72,0.5,0.914
2002-05-18 16:00:00,29.9,38.19,59.23,0.5,0.854
2002-05-18 17:00:00,31.28,37.93,55.44,0.5,0.902
2002-05-18 18:00:00,35.61,37.01,64.76,0.5,1.144
2002-05-18 19:00:00,39.41,36.1,68.18,0.5,1.438
2002-05-18 20:00:00,51.44,35.64,71.71,0.5,2.007
2002-05-18 21:00:00,57.25,36.19,84.22,0.5,2.69
2002-05-18 22:00:00,75.48,36.59,86.87,0.5,2.767
2002-05-18 23:00:00,75.43,35.97,56.12,0.5,1.612
2002-05-19 00:00:00,75.27,36.08,51.26,0.5,1.372
2002-05-19 01:00:00,60.69,36.47,47.7,0.5,1.288
2002-05-19 02:00:00,14.59,36.93,44.95,0.5,1.246
2002-05-19 03:00:00,18.17,37.98,43.34,0.5,1.166
2002-05-19 04:00:00,29.39,38.47,32.05,0.5,0.821
2002-05-19 05:00:00,29.21,39.39,29.14,0.5,0.57
2002-05-19 06:00:00,28.65,39.99,28.02,0.5,0.478
2002-05-19 07:00:00,26.09,40.25,32.47,0.5,0.515
2002-05-19 08:00:00,18.06,40.59,36.52,0.5,0.548
2002-05-19 09:00:00,19.02,40.86,38.28,0.5,0.515
2002-05-19 10:00:00,22.01,41.48,36.86,0.5,0.507
2002-05-19 11:00:00,20.01,41.78,36.15,0.5,0.501
2002-05-19 12:00:00,13.74,41.8,37.74,0.5,0.518
2002-05-19 13:00:00,10.4,41.47,40.72,0.5,0.564
2002-05-19 14:00:00,,41.21,42.29,0.5,0.594
2002-05-19 15:00:00,0.703,40.34,44.88,0.5,0.671
2002-05-19 16:00:00,2.91,39.16,43.13,0.5,0.682
2002-05-19 17:00:00,9.473,38.22,43.58,0.5,0.686
2002-05-19 18:00:00,29.91,37.23,48.48,0.5,0.75
2002-05-19 19:00:00,22.96,36.05,50.29,0.5,0.779
2002-05-19 20:00:00,0.99,35.25,51.25,0.5,0.856
2002-05-19 21:00:00,7.616,34.16,48.69,0.5,0.797
2002-05-19 22:00:00,28.25,33.85,48.74,0.5,0.757
2002-05-19 23:00:00,22.54,32.66,44.41,1.392,0.686
2002-05-20 00:00:00,4.48,32.14,41.84,1.933,0.597
2002-05-20 01:00:00,3.404,31.7,40.41,1.976,0.538
2002-05-20 02:00:00,,30.7,36.97,2.091,0.495
2002-05-20 03:00:00,2.545,30.29,34.41,2.842,0.427
2002-05-20 04:00:00,10.47,29.43,31.8,3.771,0.381
2002-05-20 05:00:00,10.0,28.81,30.54,4.3,0.354
2002-05-20 06:00:00,8.53,27.9,32.98,4.521,0.352
2002-05-20 07:00:00,9.736,27.91,43.59,1.692,0.437
2002-05-20 08:00:00,13.52,27.76,55.45,0.5,0.719
2002-05-20 09:00:00,13.81,28.18,67.61,0.5,1.273
2002-05-20 10:00:00,14.73,28.54,76.98,0.5,1.788
2002-05-20 11:00:00,16.95,29.01,76.21,0.5,1.86
2002-05-20 12:00:00,23.9,29.46,68.98,0.5,1.548
2002-05-20 13:00:00,20.86,30.32,68.48,0.5,1.403
2002-05-20 14:00:00,11.47,29.59,58.98,0.5,1.167
2002-05-20 15:00:00,11.11,31.0,65.09,0.5,1.417
2002-05-20 16:00:00,10.0,31.23,68.86,0.5,1.428
2002-05-20 17:00:00,15.06,31.77,75.51,0.5,1.706
2002-05-20 18:00:00,30.8,32.25,78.18,0.5,1.789
2002-05-20 19:00:00,31.81,32.77,76.24,0.5,1.674
2002-05-20 20:00:00,35.0,33.09,68.14,0.5,1.305
2002-05-20 21:00:00,28.0,33.35,52.71,0.5,0.822
2002-05-20 22:00:00,6.2,33.96,47.64,1.06,0.639
2002-05-20 23:00:00,6.485,34.08,44.05,2.193,0.526
2002-05-21 00:00:00,7.38,33.67,45.16,2.255,0.484
2002-05-21 01:00:00,6.272,33.25,38.53,4.912,0.386
2002-05-21 02:00:00,2.77,32.3,32.9,7.183,0.315
2002-05-21 03:00:00,2.614,33.02,31.8,7.79,0.285
2002-05-21 04:00:00,2.13,33.28,30.55,7.811,0.295
2002-05-21 05:00:00,1.618,33.43,31.27,6.878,0.273
2002-05-21 06:00:00,,32.84,34.28,5.503,0.289
2002-05-21 07:00:00,3.597,32.88,45.12,2.69,0.342
2002-05-21 08:00:00,14.8,32.17,61.47,0.5,0.525
2002-05-21 09:00:00,18.58,32.13,66.38,0.5,0.689
2002-05-21 10:00:00,30.52,31.61,64.95,0.5,0.735
2002-05-21 11:00:00,32.55,30.51,58.6,0.5,0.697
2002-05-21 12:00:00,38.92,29.92,59.0,1.031,0.733
2002-05-21 13:00:00,30.11,29.37,55.1,1.396,0.685
2002-05-21 14:00:00,2.27,28.88,53.44,1.969,0.624
2002-05-21 15:00:00,11.38,28.16,58.7,1.407,0.7
2002-05-21 16:00:00,39.95,28.54,65.34,0.5,0.974
2002-05-21 17:00:00,39.82,28.04,63.41,0.5,0.906
2002-05-21 18:00:00,39.42,27.75,67.33,0.5,0.96
2002-05-21 19:00:00,36.85,27.59,69.47,0.5,1.086
2002-05-21 20:00:00,28.77,27.13,66.14,0.5,0.994
2002-05-21 21:00:00,30.37,26.85,64.5,0.5,0.921
2002-05-21 22:00:00,35.37,26.25,58.43,0.5,0.73
2002-05-21 23:00:00,31.64,25.62,50.41,0.5,0.621
2002-05-22 00:00:00,19.94,25.01,47.14,1.838,0.514
2002-05-22 01:00:00,18.07,24.36,41.77,1.775,0.439
2002-05-22 02:00:00,12.15,24.21,33.71,4.053,0.366
2002-05-22 03:00:00,10.75,23.85,30.33,4.546,0.335
2002-05-22 04:00:00,6.4,23.48,29.65,2.21,0.316
2002-05-22 05:00:00,9.639,23.53,26.24,2.6,0.311
2002-05-22 06:00:00,19.88,23.18,28.87,1.283,0.327
2002-05-22 07:00:00,22.94,23.1,41.71,0.5,0.466
2002-05-22 08:00:00,32.49,24.35,64.65,0.5,0.855
2002-05-22 09:00:00,40.14,25.23,78.21,0.5,1.293
2002-05-22 10:00:00,64.32,26.17,69.33,0.5,1.294
2002-05-22 11:00:00,60.62,26.51,60.16,0.5,1.15
2002-05-22 12:00:00,49.02,27.35,59.01,0.5,1.125
2002-05-22 13:00:00,47.47,27.98,61.77,0.5,1.171
2002-05-22 14:00:00,42.69,29.27,67.02,0.5,1.161
2002-05-22 15:00:00,45.11,30.06,69.19,0.5,1.173
2002-05-22 16:00:00,52.7,30.69,68.23,0.5,1.225
2002-05-22 17:00:00,47.27,31.07,63.67,0.5,1.113
2002-05-22 18:00:00,30.48,31.63,66.51,0.5,1.229
2002-05-22 19:00:00,31.75,32.87,68.09,0.5,1.451
2002-05-22 20:00:00,35.75,33.53,63.74,0.5,1.256
2002-05-22 21:00:00,35.27,33.41,54.08,1.779,0.867
2002-05-22 22:00:00,33.77,33.12,47.55,2.868,0.665
2002-05-22 23:00:00,29.36,34.27,45.89,2.564,0.588
2002-05-23 00:00:00,15.51,34.8,44.63,2.838,0.516
2002-05-23 01:00:00,14.7,34.1,39.58,4.754,0.43
2002-05-23 02:00:00,12.12,34.48,35.13,5.371,0.364
2002-05-23 03:00:00,10.35,34.19,33.84,5.553,0.336
2002-05-23 04:00:00,4.84,34.1,33.81,5.786,0.318
2002-05-23 05:00:00,8.954,33.17,33.2,6.208,0.302
2002-05-23 06:00:00,21.96,32.84,37.94,4.01,0.346
2002-05-23 07:00:00,20.75,32.98,61.3,0.5,0.606
2002-05-23 08:00:00,16.97,32.91,89.71,0.5,1.179
2002-05-23 09:00:00,38.64,35.23,118.2,0.5,2.0
2002-05-23 10:00:00,107.1,36.24,111.3,0.5,1.984
2002-05-23 11:00:00,96.59,36.8,98.66,0.5,1.7
2002-05-23 12:00:00,63.49,36.08,79.72,0.5,1.312
2002-05-23 13:00:00,51.83,35.89,73.19,1.826,1.034
2002-05-23 14:00:00,15.78,35.71,60.91,2.85,0.786
2002-05-23 15:00:00,18.37,35.5,60.93,2.539,0.803
2002-05-23 16:00:00,26.51,35.69,63.02,1.887,0.907
2002-05-23 17:00:00,29.15,35.42,65.4,1.075,0.959
2002-05-23 18:00:00,37.3,34.39,69.1,0.5,1.136
2002-05-23 19:00:00,40.06,33.55,69.33,0.5,1.276
2002-05-23 20:00:00,48.72,32.37,60.68,0.5,0.984
2002-05-23 21:00:00,44.56,31.99,54.97,1.0,0.817
2002-05-23 22:00:00,31.59,31.21,49.25,1.718,0.671
2002-05-23 23:00:00,26.72,30.37,48.45,1.795,0.649
2002-05-24 00:00:00,11.43,30.27,47.05,1.549,0.627
2002-05-24 01:00:00,8.684,30.37,42.55,2.535,0.562
2002-05-24 02:00:00,,30.18,38.96,2.951,0.499
2002-05-24 03:00:00,1.077,30.23,36.46,3.435,0.449
2002-05-24 04:00:00,4.43,30.41,41.74,0.5,0.487
2002-05-24 05:00:00,10.36,30.26,40.17,0.5,0.524
2002-05-24 06:00:00,29.1,30.32,41.04,0.5,0.548
2002-05-24 07:00:00,33.07,30.92,61.69,0.5,1.009
2002-05-24 08:00:00,45.45,31.36,84.1,0.5,1.561
2002-05-24 09:00:00,54.44,34.34,130.0,0.5,2.874
2002-05-24 10:00:00,82.85,37.25,135.7,0.5,2.915
2002-05-24 11:00:00,81.77,36.62,103.7,0.5,2.052
2002-05-24 12:00:00,78.4,37.48,88.72,0.5,1.578
2002-05-24 13:00:00,69.18,38.57,78.59,0.5,1.151
2002-05-24 14:00:00,40.69,38.33,68.37,1.221,0.941
2002-05-24 15:00:00,37.31,38.33,63.11,2.018,0.891
2002-05-24 16:00:00,26.7,38.23,64.05,1.564,1.083
2002-05-24 17:00:00,27.07,37.71,66.4,0.5,1.054
2002-05-24 18:00:00,28.21,36.74,73.79,0.5,1.366
2002-05-24 19:00:00,35.29,35.84,77.46,0.5,1.687
2002-05-24 20:00:00,57.52,35.38,75.13,0.5,1.638
2002-05-24 21:00:00,52.05,34.35,61.87,0.5,1.159
2002-05-24 22:00:00,35.03,34.16,55.6,0.5,0.943
2002-05-24 23:00:00,35.66,34.19,55.49,0.5,0.932
2002-05-25 00:00:00,37.63,34.42,55.42,0.5,1.001
2002-05-25 01:00:00,31.92,35.03,51.73,0.5,0.94
2002-05-25 02:00:00,14.01,35.81,47.88,0.5,0.844
2002-05-25 03:00:00,16.63,36.81,46.41,0.5,0.84
2002-05-25 04:00:00,24.79,37.54,49.02,0.5,0.985
2002-05-25 05:00:00,26.97,38.75,47.23,0.5,0.861
2002-05-25 06:00:00,33.87,38.89,45.99,0.5,0.89
2002-05-25 07:00:00,35.88,39.83,59.86,0.5,1.179
2002-05-25 08:00:00,42.16,40.29,79.15,0.5,1.551
2002-05-25 09:00:00,44.2,41.99,89.58,0.5,1.757
2002-05-25 10:00:00,50.65,44.0,89.57,0.5,1.612
2002-05-25 11:00:00,54.73,43.75,80.42,0.5,1.18
2002-05-25 12:00:00,67.45,43.24,66.74,1.138,0.893
2002-05-25 13:00:00,55.45,43.08,65.51,1.793,0.803
2002-05-25 14:00:00,18.34,42.95,66.12,1.86,0.733
2002-05-25 15:00:00,19.57,42.41,65.49,2.155,0.721
2002-05-25 16:00:00,23.42,40.92,63.96,2.812,0.711
2002-05-25 17:00:00,25.97,40.18,76.33,1.777,0.889
2002-05-25 18:00:00,33.84,38.45,76.75,0.5,1.048
2002-05-25 19:00:00,41.16,37.64,82.6,0.5,1.508
2002-05-25 20:00:00,64.12,37.84,101.2,0.5,2.534
2002-05-25 21:00:00,66.55,36.08,74.17,0.5,1.564
2002-05-25 22:00:00,74.07,35.19,65.5,0.5,1.327
2002-05-25 23:00:00,65.32,34.27,63.01,0.5,1.269
2002-05-26 00:00:00,37.87,33.82,64.09,0.5,1.353
2002-05-26 01:00:00,36.5,33.6,61.96,0.5,1.391
2002-05-26 02:00:00,32.18,34.03,53.65,0.5,1.192
2002-05-26 03:00:00,31.23,33.65,46.2,0.5,0.958
2002-05-26 04:00:00,28.29,34.23,40.7,0.5,0.793
2002-05-26 05:00:00,24.02,34.46,39.92,0.5,0.685
2002-05-26 06:00:00,10.53,34.97,43.98,0.5,0.722
2002-05-26 07:00:00,12.11,35.85,57.76,0.5,1.001
2002-05-26 08:00:00,17.04,37.05,70.27,0.5,1.229
2002-05-26 09:00:00,22.95,38.52,72.36,0.5,1.208
2002-05-26 10:00:00,41.23,38.57,54.72,0.5,0.863
2002-05-26 11:00:00,38.31,38.75,47.05,1.556,0.664
2002-05-26 12:00:00,29.16,38.67,47.67,1.893,0.623
2002-05-26 13:00:00,24.88,38.86,50.08,2.252,0.596
2002-05-26 14:00:00,11.64,38.74,52.31,2.896,0.571
2002-05-26 15:00:00,14.86,38.44,51.12,4.829,0.607
2002-05-26 16:00:00,24.97,37.85,58.79,3.963,0.722
2002-05-26 17:00:00,24.85,36.62,56.78,3.251,0.779
2002-05-26 18:00:00,24.46,35.37,63.24,0.5,1.062
2002-05-26 19:00:00,26.78,34.92,66.51,0.5,1.352
2002-05-26 20:00:00,34.06,34.09,58.33,0.5,1.152
2002-05-26 21:00:00,33.74,33.6,53.04,0.5,1.002
2002-05-26 22:00:00,32.75,33.12,52.22,0.5,0.97
2002-05-26 23:00:00,29.67,32.77,52.34,0.5,0.878
2002-05-27 00:00:00,20.01,32.67,65.49,0.5,1.292
2002-05-27 01:00:00,24.31,32.92,63.15,0.5,1.409
2002-05-27 02:00:00,37.89,33.38,56.15,0.5,1.344
2002-05-27 03:00:00,34.89,33.5,46.0,0.5,1.056
2002-05-27 04:00:00,25.56,33.56,39.72,0.5,0.894
2002-05-27 05:00:00,32.25,33.68,37.55,0.5,0.918
2002-05-27 06:00:00,53.41,34.47,43.77,0.5,1.051
2002-05-27 07:00:00,47.64,36.37,57.88,0.5,1.188
2002-05-27 08:00:00,29.67,37.23,70.04,0.5,1.235
2002-05-27 09:00:00,36.25,39.2,91.92,0.5,1.914
2002-05-27 10:00:00,56.59,41.37,101.6,0.5,2.1
2002-05-27 11:00:00,61.18,43.21,109.0,0.5,2.372
2002-05-27 12:00:00,75.6,43.92,113.0,0.5,2.104
2002-05-27 13:00:00,78.69,42.66,98.91,0.5,1.663
2002-05-27 14:00:00,88.23,42.87,87.72,0.5,1.428
2002-05-27 15:00:00,77.98,42.63,89.31,0.5,1.531
2002-05-27 16:00:00,45.81,41.47,93.7,0.5,1.522
2002-05-27 17:00:00,,,,,
2002-05-27 18:00:00,109.7,45.82,136.0,0.5,2.777
2002-05-27 19:00:00,119.8,38.92,124.1,0.5,3.454
2002-05-27 20:00:00,151.6,37.5,106.6,0.5,3.21
2002-05-27 21:00:00,142.3,36.73,119.5,0.5,3.658
2002-05-27 22:00:00,113.6,38.19,146.1,0.5,4.986
2002-05-27 23:00:00,118.4,39.48,159.7,0.5,5.858
2002-05-28 00:00:00,124.7,40.84,155.3,0.5,5.425
2002-05-28 01:00:00,98.93,42.21,134.1,0.5,4.171
2002-05-28 02:00:00,102.7,42.32,100.1,0.5,3.324
2002-05-28 03:00:00,94.82,43.61,86.21,0.5,2.917
2002-05-28 04:00:00,95.04,44.48,72.19,0.5,2.088
2002-05-28 05:00:00,76.48,45.19,65.54,0.5,1.768
2002-05-28 06:00:00,43.49,46.47,60.33,0.5,1.729
2002-05-28 07:00:00,82.05,47.22,71.39,0.5,1.77
2002-05-28 08:00:00,53.31,47.96,97.62,0.5,2.067
2002-05-28 09:00:00,87.64,50.36,145.7,0.5,3.529
2002-05-28 10:00:00,132.1,54.15,149.0,0.5,3.446
2002-05-28 11:00:00,132.4,54.09,139.7,0.5,2.753
2002-05-28 12:00:00,141.0,51.03,114.1,0.5,2.055
2002-05-28 13:00:00,80.07,49.82,97.17,0.5,1.522
2002-05-28 14:00:00,42.26,48.43,88.91,0.5,1.372
2002-05-28 15:00:00,44.72,46.91,91.2,0.5,1.582
2002-05-28 16:00:00,54.71,45.36,91.32,0.5,1.691
2002-05-29 17:00:00,66.22,42.5,96.37,0.5,2.353
2002-05-29 18:00:00,100.6,42.88,109.0,0.5,2.635
2002-05-29 19:00:00,114.3,42.93,113.9,0.5,2.952
2002-05-29 20:00:00,92.99,42.78,102.9,0.5,2.684
2002-05-29 21:00:00,84.67,41.48,80.92,0.5,2.035
2002-05-29 22:00:00,77.88,40.96,71.26,0.5,1.668
2002-05-29 23:00:00,29.56,40.27,63.54,0.5,1.358
2002-05-30 00:00:00,44.69,39.29,57.35,0.5,1.14
2002-05-30 18:00:00,21.18,32.62,51.13,0.5,1.072
2002-05-30 19:00:00,32.09,31.37,54.92,0.5,1.192
2002-05-30 20:00:00,36.15,31.08,55.84,0.5,1.2
2002-05-30 21:00:00,21.76,30.26,52.65,0.5,1.067
2002-05-30 22:00:00,21.42,30.26,51.34,0.5,0.99
2002-05-30 23:00:00,22.79,29.92,50.88,0.5,0.971
2002-05-31 00:00:00,7.182,29.67,48.88,0.5,0.91
2002-05-31 01:00:00,12.1,29.63,40.1,1.282,0.735
2002-05-31 02:00:00,13.0,29.37,36.15,1.258,0.676
2002-05-31 03:00:00,5.561,29.32,35.84,0.5,0.689
2002-05-31 04:00:00,17.06,29.54,34.9,0.5,0.713
2002-05-31 05:00:00,7.103,29.84,37.41,0.5,0.806
2002-05-31 06:00:00,33.97,29.89,37.88,0.5,0.785
2002-05-31 07:00:00,37.57,30.14,43.89,0.5,0.768
2002-05-31 08:00:00,11.95,30.68,58.79,0.5,1.023
2002-05-31 09:00:00,45.69,30.93,63.04,0.5,1.09
2002-05-31 10:00:00,36.65,31.18,60.16,0.5,1.018
2002-05-31 11:00:00,38.57,31.45,61.68,0.5,1.059
2002-05-31 12:00:00,41.28,31.74,58.28,0.5,1.043
2002-05-31 13:00:00,22.53,31.18,56.48,1.154,1.007
2002-05-31 14:00:00,8.739,30.98,59.27,0.5,0.985
2002-05-31 15:00:00,31.09,31.74,63.32,0.5,1.22
2002-05-31 16:00:00,21.19,31.98,60.36,0.5,1.229
2002-05-31 17:00:00,25.73,34.59,57.58,2.867,1.779
2002-05-31 18:00:00,21.5,33.2,61.26,0.5,1.502
2002-05-31 19:00:00,31.41,32.81,69.22,0.5,1.578
2002-05-31 20:00:00,20.67,32.6,68.4,0.5,1.48
2002-05-31 21:00:00,33.37,31.47,60.48,0.5,1.265
2002-05-31 22:00:00,16.11,30.93,61.06,0.5,1.502
2002-05-31 23:00:00,38.34,30.83,61.14,0.5,1.517
2002-06-01 00:00:00,25.95,30.06,60.28,0.5,1.382
2002-06-01 01:00:00,14.43,29.49,60.71,0.5,1.493
2002-06-01 02:00:00,22.13,29.1,53.3,0.5,1.408
2002-06-01 03:00:00,34.19,28.58,49.22,0.5,1.566
2002-06-01 04:00:00,36.08,28.31,45.34,0.5,1.626
2002-06-01 05:00:00,44.32,28.04,42.63,0.5,1.514
2002-06-01 06:00:00,29.54,28.27,50.54,0.5,1.883
2002-06-01 07:00:00,62.76,28.28,56.29,0.5,1.615
2002-06-01 08:00:00,57.47,28.18,53.26,0.5,1.314
2002-06-01 09:00:00,31.87,28.07,57.05,0.5,1.331
2002-06-01 10:00:00,31.57,28.65,60.93,0.5,1.343
2002-06-01 11:00:00,41.43,28.57,58.62,0.5,1.283
2002-06-01 12:00:00,46.12,29.28,59.41,0.5,1.072
2002-06-01 13:00:00,48.31,29.7,61.11,0.5,1.055
2002-06-01 14:00:00,35.94,30.04,58.04,0.5,0.981
2002-06-01 15:00:00,32.03,29.57,54.96,1.519,0.891
2002-06-01 16:00:00,19.99,29.58,46.08,1.46,0.765
2002-06-01 17:00:00,25.33,29.62,46.5,0.5,0.786
2002-06-01 18:00:00,33.61,30.08,58.47,0.5,1.205
2002-06-01 19:00:00,30.4,30.83,73.23,0.5,1.898
2002-06-01 20:00:00,61.0,30.99,66.55,0.5,1.855
2002-06-01 21:00:00,48.29,30.73,61.89,0.5,1.638
2002-06-01 22:00:00,35.9,30.29,49.76,0.5,1.211
2002-06-01 23:00:00,43.07,30.42,48.06,0.5,1.161
2002-06-02 00:00:00,34.38,30.79,52.44,0.5,1.51
2002-06-02 01:00:00,22.06,31.89,53.29,0.5,1.855
2002-06-02 02:00:00,37.63,33.17,51.48,0.5,1.989
2002-06-02 03:00:00,38.38,34.2,49.08,0.5,2.067
2002-06-02 04:00:00,32.26,35.52,48.45,0.5,2.087
2002-06-02 05:00:00,28.35,36.98,47.08,0.5,1.886
2002-06-02 06:00:00,37.07,37.3,40.21,0.5,1.392
2002-06-02 07:00:00,16.59,38.57,52.06,0.5,1.59
2002-06-02 08:00:00,39.48,39.18,54.33,0.5,1.526
2002-06-02 09:00:00,40.07,39.79,48.68,0.5,1.291
2002-06-02 10:00:00,21.95,40.84,45.97,0.5,1.152
2002-06-02 11:00:00,35.44,40.64,52.37,0.5,1.227
2002-06-02 12:00:00,45.3,40.42,48.6,0.5,1.168
2002-06-02 13:00:00,22.1,40.44,49.91,0.5,1.246
2002-06-02 14:00:00,32.89,39.08,42.63,0.5,1.108
2002-06-02 15:00:00,34.91,38.2,40.48,0.5,1.103
2002-06-02 16:00:00,54.15,37.88,38.95,0.5,1.092
2002-06-02 17:00:00,24.53,37.68,46.56,0.5,1.401
2002-06-02 18:00:00,24.05,36.83,41.4,0.5,1.24
2002-06-02 19:00:00,35.5,36.55,40.97,0.5,1.21
2002-06-02 20:00:00,11.27,36.02,43.76,0.5,1.399
2002-06-02 21:00:00,33.94,36.4,47.66,0.5,1.668
2002-06-02 22:00:00,36.97,36.84,50.0,0.5,1.641
2002-06-02 23:00:00,31.61,37.03,44.1,0.5,1.358
2002-06-03 00:00:00,2.989,37.1,39.82,0.5,1.089
2002-06-03 01:00:00,9.137,37.99,38.55,1.586,0.935
2002-06-03 02:00:00,1.755,37.62,30.77,2.867,0.74
2002-06-03 03:00:00,9.051,38.12,27.82,2.255,0.663
2002-06-03 04:00:00,14.12,37.98,26.99,1.543,0.662
2002-06-03 05:00:00,17.78,38.12,29.01,0.5,0.679
2002-06-03 06:00:00,31.0,38.08,34.4,0.5,0.822
2002-06-03 07:00:00,21.3,38.24,52.85,0.5,1.105
2002-06-03 08:00:00,37.46,38.33,57.53,0.5,1.213
2002-06-03 09:00:00,40.99,37.69,60.88,0.5,1.443
2002-06-03 10:00:00,33.69,36.89,65.24,0.5,1.455
2002-06-03 11:00:00,13.92,36.87,60.83,0.5,1.216
2002-06-03 12:00:00,9.278,37.69,56.83,0.5,1.044
2002-06-03 13:00:00,8.913,37.87,58.56,0.5,1.089
2002-06-03 14:00:00,14.52,38.66,54.5,0.5,1.092
2002-06-03 15:00:00,15.45,38.36,58.21,0.5,1.248
2002-06-03 16:00:00,40.69,38.52,58.12,0.5,1.302
2002-06-03 17:00:00,23.3,38.35,63.05,0.5,1.437
2002-06-03 18:00:00,37.81,38.29,65.62,0.5,1.784
2002-06-03 19:00:00,65.06,37.91,72.17,0.5,2.499
2002-06-03 20:00:00,62.23,38.29,97.21,0.5,3.87
2002-06-03 21:00:00,107.6,39.54,131.0,0.5,4.497
2002-06-03 22:00:00,171.6,39.98,135.2,0.5,4.712
2002-06-03 23:00:00,139.1,40.03,129.2,0.5,5.169
2002-06-04 00:00:00,135.9,40.99,134.1,0.5,5.18
2002-06-04 01:00:00,139.1,41.34,121.5,0.5,4.713
2002-06-04 02:00:00,150.3,41.6,92.49,0.5,3.701
2002-06-04 03:00:00,89.63,41.88,80.1,0.5,3.48
2002-06-04 04:00:00,104.9,42.19,69.05,0.5,2.853
2002-06-04 05:00:00,72.75,42.23,59.35,0.5,2.193
2002-06-04 06:00:00,59.22,42.55,54.16,0.5,2.105
2002-06-04 07:00:00,92.04,44.78,83.33,0.5,2.835
2002-06-04 08:00:00,89.71,45.1,103.0,0.5,2.842
2002-06-04 09:00:00,116.6,46.95,141.0,0.5,4.017
2002-06-04 10:00:00,164.9,49.62,182.6,0.5,5.016
2002-06-04 11:00:00,221.4,51.67,201.1,0.5,5.492
2002-06-04 12:00:00,237.8,53.47,152.5,0.5,3.037
2002-06-04 13:00:00,110.3,51.02,111.6,0.5,2.101
2002-06-04 14:00:00,63.08,49.85,81.21,0.5,1.798
2002-06-04 15:00:00,73.27,49.07,74.08,0.5,1.867
2002-06-04 16:00:00,57.17,47.92,78.22,0.5,2.128
2002-06-04 17:00:00,66.39,46.69,86.02,0.5,2.033
2002-06-04 18:00:00,96.25,45.37,96.4,0.5,2.408
2002-06-04 19:00:00,142.3,45.46,127.3,0.5,3.809
2002-06-04 20:00:00,166.8,44.42,119.3,0.5,4.163
2002-06-04 21:00:00,97.79,42.9,95.02,0.5,3.554
2002-06-04 22:00:00,99.81,41.05,79.24,0.5,2.97
2002-06-04 23:00:00,71.67,40.17,70.78,0.5,2.612
2002-06-05 00:00:00,93.8,39.29,70.65,0.5,2.619
2002-06-05 01:00:00,102.8,38.79,62.48,0.5,2.419
2002-06-05 02:00:00,90.69,38.26,53.36,0.5,2.035
2002-06-05 03:00:00,74.05,37.63,45.51,0.5,1.522
2002-06-05 04:00:00,40.32,37.69,39.98,0.5,1.191
2002-06-05 05:00:00,36.37,38.48,38.02,0.5,1.003
2002-06-05 06:00:00,43.07,38.99,42.23,0.5,1.06
2002-06-05 07:00:00,52.39,40.65,53.64,0.5,1.304
2002-06-05 08:00:00,63.24,41.85,64.57,0.5,1.509
2002-06-05 09:00:00,65.2,44.5,86.33,0.5,2.286
2002-06-05 10:00:00,106.7,47.87,91.07,0.5,2.652
2002-06-05 11:00:00,76.82,49.05,74.65,0.5,2.051
2002-06-05 12:00:00,35.44,49.7,68.13,0.5,1.745
2002-06-05 13:00:00,46.62,50.49,65.47,0.5,1.412
2002-06-05 14:00:00,32.24,49.97,59.21,0.5,1.186
2002-06-05 15:00:00,35.57,49.18,60.11,0.5,1.333
2002-06-05 16:00:00,51.57,48.33,66.79,0.5,1.677
2002-06-05 17:00:00,65.4,46.51,72.73,0.5,1.823
2002-06-05 18:00:00,63.66,44.83,89.27,0.5,2.246
2002-06-05 19:00:00,86.52,43.46,99.41,0.5,2.594
2002-06-05 20:00:00,99.54,41.82,96.19,0.5,2.378
2002-06-05 21:00:00,91.43,40.39,92.52,0.5,2.171
2002-06-05 22:00:00,84.7,38.8,77.43,0.5,1.768
2002-06-05 23:00:00,65.4,37.68,66.87,0.5,1.437
2002-06-06 00:00:00,54.74,36.93,60.03,0.5,1.148
2002-06-06 01:00:00,19.18,36.22,60.3,0.5,1.439
2002-06-06 02:00:00,59.64,36.31,55.9,0.5,1.557
2002-06-06 03:00:00,61.73,35.38,30.54,2.218,0.848
2002-06-06 04:00:00,35.89,35.64,23.19,3.464,0.641
2002-06-06 05:00:00,0.821,35.94,23.99,5.737,0.508
2002-06-06 06:00:00,7.527,37.1,27.53,4.982,0.477
2002-06-06 07:00:00,16.1,37.96,37.36,2.166,0.521
2002-06-06 08:00:00,12.71,38.89,46.44,0.5,0.737
2002-06-06 09:00:00,35.4,40.68,61.43,0.5,1.352
2002-06-06 10:00:00,22.03,41.95,64.43,0.5,1.513
2002-06-06 11:00:00,38.5,43.28,60.91,0.5,1.269
2002-06-06 12:00:00,5.793,43.85,62.01,0.5,1.23
2002-06-06 13:00:00,13.4,44.93,61.7,0.5,1.239
2002-06-06 14:00:00,45.65,45.63,60.87,0.5,1.153
2002-06-06 15:00:00,21.4,46.06,63.34,0.5,1.293
2002-06-06 16:00:00,31.96,46.57,62.62,0.5,1.31
2002-06-06 17:00:00,38.41,46.57,59.82,0.5,1.141
2002-06-06 18:00:00,31.7,46.08,60.55,0.5,1.156
2002-06-06 19:00:00,21.2,46.0,68.92,0.5,1.562
2002-06-06 20:00:00,44.76,44.97,64.14,0.5,1.496
2002-06-06 21:00:00,38.28,44.29,59.36,0.5,1.277
2002-06-06 22:00:00,27.55,43.19,55.48,0.5,1.133
2002-06-06 23:00:00,29.93,42.24,52.12,0.5,0.985
2002-06-07 00:00:00,30.6,40.83,49.08,0.5,0.871
2002-06-07 01:00:00,23.94,40.06,44.81,1.653,0.734
2002-06-07 02:00:00,16.05,38.21,36.16,4.451,0.587
2002-06-07 03:00:00,14.32,37.35,33.52,5.126,0.508
2002-06-07 04:00:00,10.55,37.02,32.18,4.618,0.486
2002-06-07 05:00:00,17.07,35.98,30.24,4.844,0.473
2002-06-07 06:00:00,1.109,35.41,30.85,4.024,0.49
2002-06-07 07:00:00,3.351,34.53,36.48,2.805,0.552
2002-06-07 08:00:00,0.757,35.32,53.74,0.5,0.858
2002-06-07 09:00:00,11.5,35.79,65.98,0.5,1.428
2002-06-07 10:00:00,35.27,36.38,70.53,0.5,1.644
2002-06-07 11:00:00,31.16,36.97,68.08,0.5,1.802
2002-06-07 12:00:00,26.92,37.02,63.96,0.5,1.582
2002-06-07 13:00:00,4.129,37.15,61.96,0.5,1.347
2002-06-07 14:00:00,15.96,37.63,59.17,0.5,1.185
2002-06-07 15:00:00,11.74,37.86,59.81,0.5,1.33
2002-06-07 16:00:00,10.9,37.93,56.31,1.87,1.285
2002-06-07 17:00:00,21.03,38.79,51.9,1.911,1.077
2002-06-07 18:00:00,8.819,40.33,58.93,0.5,1.292
2002-06-07 19:00:00,22.19,41.02,66.24,0.5,1.701
2002-06-07 20:00:00,22.79,41.99,69.66,0.5,1.939
2002-06-07 21:00:00,8.176,41.95,63.4,0.5,1.56
2002-06-07 22:00:00,19.96,41.73,62.32,0.5,1.432
2002-06-07 23:00:00,15.83,41.41,59.26,0.5,1.252
2002-06-08 00:00:00,11.13,41.1,60.1,0.5,1.188
2002-06-08 01:00:00,,40.64,59.63,0.5,1.171
2002-06-08 02:00:00,0.716,40.0,50.54,0.5,0.947
2002-06-08 03:00:00,5.815,39.42,43.06,2.34,0.782
2002-06-08 04:00:00,11.16,38.61,37.61,4.317,0.651
2002-06-08 05:00:00,1.402,38.14,33.36,5.976,0.554
2002-06-08 06:00:00,6.06,37.2,35.9,4.638,0.541
2002-06-08 07:00:00,10.03,37.06,40.25,3.289,0.569
2002-06-08 08:00:00,15.24,36.47,46.84,1.699,0.646
2002-06-08 09:00:00,11.43,36.22,52.07,0.5,0.788
2002-06-08 10:00:00,25.74,35.69,51.31,1.161,0.754
2002-06-08 11:00:00,17.3,35.73,48.61,1.529,0.783
2002-06-08 12:00:00,,35.41,49.13,2.104,0.943
2002-06-08 13:00:00,,35.12,46.08,3.144,0.902
2002-06-08 14:00:00,1.136,35.04,45.76,3.196,0.819
2002-06-08 15:00:00,9.585,34.27,46.49,2.653,0.827
2002-06-08 16:00:00,19.11,34.5,48.65,1.904,0.899
2002-06-08 17:00:00,8.865,34.17,47.99,1.517,0.929
2002-06-08 18:00:00,25.42,34.0,50.12,0.5,0.974
2002-06-08 19:00:00,17.96,33.81,51.22,0.5,1.097
2002-06-08 20:00:00,26.34,33.07,45.83,2.193,0.957
2002-06-08 21:00:00,20.17,32.4,43.72,2.94,0.861
2002-06-08 22:00:00,25.92,31.12,37.95,5.161,0.755
2002-06-08 23:00:00,4.784,31.23,35.6,5.031,0.68
2002-06-09 00:00:00,15.74,31.09,34.75,4.696,0.676
2002-06-09 01:00:00,5.669,31.33,35.23,3.881,0.672
2002-06-09 02:00:00,5.55,31.34,33.25,3.906,0.65
2002-06-09 03:00:00,6.331,31.65,33.58,2.233,0.716
2002-06-09 04:00:00,2.814,32.07,33.34,0.5,0.726
2002-06-09 05:00:00,11.55,32.75,30.67,1.265,0.713
2002-06-09 06:00:00,23.14,32.95,29.73,3.197,0.655
2002-06-09 07:00:00,1.694,33.53,36.76,1.103,0.733
2002-06-09 08:00:00,5.948,34.42,43.81,0.5,0.871
2002-06-09 09:00:00,8.403,35.53,48.37,0.5,0.947
2002-06-09 10:00:00,29.63,36.17,50.99,0.5,1.076
2002-06-09 11:00:00,48.5,36.91,49.56,0.5,1.221
2002-06-09 12:00:00,53.64,38.02,50.23,0.5,1.442
2002-06-09 13:00:00,42.13,39.04,55.4,0.5,1.491
2002-06-09 14:00:00,52.22,39.79,55.23,0.5,1.373
2002-06-09 15:00:00,52.38,40.73,51.61,0.5,1.224
2002-06-09 16:00:00,56.95,41.69,53.63,0.5,1.379
2002-06-09 17:00:00,18.48,42.45,57.02,0.5,1.517
2002-06-09 18:00:00,27.23,43.2,56.62,0.5,1.781
2002-06-09 19:00:00,50.28,44.47,62.35,0.5,2.192
2002-06-09 20:00:00,40.2,44.93,55.68,0.5,1.662
2002-06-09 21:00:00,17.39,45.15,44.09,1.082,1.192
2002-06-09 22:00:00,17.51,44.41,40.82,1.557,0.94
2002-06-09 23:00:00,6.025,44.91,43.02,0.5,0.89
2002-06-10 00:00:00,18.18,44.46,40.77,2.274,0.79
2002-06-10 01:00:00,7.767,44.57,38.89,2.769,0.671
2002-06-10 02:00:00,23.43,44.23,34.97,4.078,0.598
2002-06-10 03:00:00,0.015,43.9,33.97,3.525,0.533
2002-06-10 04:00:00,0.168,43.22,32.49,3.469,0.502
2002-06-10 05:00:00,0.511,42.43,30.93,3.366,0.479
2002-06-10 06:00:00,7.06,42.21,34.53,3.332,0.473
2002-06-10 07:00:00,22.68,41.68,46.81,1.011,0.547
2002-06-10 08:00:00,10.31,42.19,60.64,0.5,0.788
2002-06-10 09:00:00,32.58,42.28,67.6,0.5,0.996
2002-06-10 10:00:00,52.85,41.59,67.17,0.5,0.995
2002-06-10 11:00:00,31.87,40.51,57.81,1.0,0.812
2002-06-10 12:00:00,2.567,39.02,52.3,1.921,0.722
2002-06-10 13:00:00,1.283,37.09,46.42,3.496,0.609
2002-06-10 14:00:00,3.877,35.19,45.99,3.015,0.568
2002-06-10 15:00:00,9.252,33.49,48.94,2.092,0.656
2002-06-10 16:00:00,31.0,30.86,48.37,2.393,0.701
2002-06-10 17:00:00,17.04,28.82,52.37,1.301,0.81
2002-06-10 18:00:00,32.47,27.26,62.03,0.5,1.151
2002-06-10 19:00:00,36.58,26.36,64.6,0.5,1.556
2002-06-10 20:00:00,35.15,25.38,60.5,0.5,1.506
2002-06-10 21:00:00,47.58,23.81,56.0,0.5,1.254
2002-06-10 22:00:00,21.41,22.44,52.35,0.5,1.075
2002-06-10 23:00:00,19.26,21.95,47.81,0.5,0.924
2002-06-11 00:00:00,14.21,20.69,45.45,0.5,0.854
2002-06-11 01:00:00,10.19,19.83,39.57,1.649,0.72
2002-06-11 02:00:00,16.33,18.74,32.34,2.889,0.595
2002-06-11 03:00:00,15.44,18.14,25.3,5.697,0.496
2002-06-11 04:00:00,4.185,17.65,22.36,6.728,0.418
2002-06-11 05:00:00,,17.16,22.16,6.047,0.411
2002-06-11 06:00:00,0.04,16.57,24.54,5.67,0.413
2002-06-11 07:00:00,8.351,16.83,38.61,1.175,0.518
2002-06-11 08:00:00,25.44,16.77,51.99,0.5,0.757
2002-06-11 09:00:00,12.46,17.63,64.64,0.5,1.203
2002-06-11 10:00:00,47.27,17.9,65.04,0.5,1.267
2002-06-11 17:00:00,40.56,26.78,66.12,0.5,1.496
2002-06-11 18:00:00,31.37,29.12,70.38,0.5,1.583
2002-06-11 19:00:00,32.12,31.28,75.37,0.5,1.777
2002-06-11 20:00:00,56.36,33.6,68.53,0.5,1.476
2002-06-11 21:00:00,24.99,35.6,59.26,0.5,1.121
2002-06-11 22:00:00,36.5,37.3,52.36,1.185,0.858
2002-06-11 23:00:00,24.49,38.2,51.36,1.076,0.806
2002-06-12 00:00:00,30.1,39.77,48.47,1.622,0.689
2002-06-12 01:00:00,7.909,40.64,41.16,3.532,0.57
2002-06-12 02:00:00,7.398,41.25,35.29,5.135,0.49
2002-06-12 03:00:00,6.496,41.8,33.44,5.803,0.442
2002-06-12 04:00:00,14.52,41.81,31.86,6.025,0.401
2002-06-12 05:00:00,2.824,41.94,31.98,5.804,0.388
2002-06-12 06:00:00,11.04,41.67,34.94,4.211,0.412
2002-06-12 07:00:00,10.84,41.36,45.27,1.379,0.496
2002-06-12 08:00:00,18.46,41.05,57.27,0.5,0.71
2002-06-12 09:00:00,30.58,40.8,66.78,0.5,1.076
2002-06-12 10:00:00,34.02,39.91,67.28,0.5,1.149
2002-06-12 11:00:00,42.42,39.07,63.76,0.5,1.057
2002-06-12 12:00:00,31.52,38.19,59.45,0.5,0.957
2002-06-12 13:00:00,15.71,37.5,59.09,0.5,0.981
2002-06-12 14:00:00,28.12,36.82,57.54,0.5,0.928
2002-06-12 15:00:00,29.45,32.56,52.25,6.225,0.943
2002-06-12 16:00:00,34.47,27.6,60.64,2.364,0.959
2002-06-12 17:00:00,26.64,31.91,62.64,0.5,0.889
2002-06-12 18:00:00,24.21,31.78,69.38,0.5,1.087
2002-06-12 19:00:00,41.37,31.82,74.32,0.5,1.448
2002-06-12 20:00:00,42.61,31.72,67.32,0.5,1.289
2002-06-12 21:00:00,37.27,31.49,57.82,0.5,0.965
2002-06-12 22:00:00,23.68,31.91,56.07,0.5,0.854
2002-06-12 23:00:00,36.0,32.1,56.96,0.5,0.876
2002-06-13 00:00:00,26.87,32.21,56.45,0.5,0.96
2002-06-13 01:00:00,11.59,32.68,49.03,0.5,0.822
2002-06-13 02:00:00,28.94,32.61,40.97,1.742,0.678
2002-06-13 03:00:00,2.391,32.75,36.36,2.608,0.564
2002-06-13 04:00:00,10.43,33.08,33.23,3.253,0.505
2002-06-13 05:00:00,11.08,33.26,30.52,3.593,0.45
2002-06-13 06:00:00,6.376,33.26,32.34,3.004,0.438
2002-06-13 07:00:00,15.49,33.49,43.63,0.5,0.5
2002-06-13 08:00:00,32.03,34.15,52.77,0.5,0.697
2002-06-13 09:00:00,25.3,34.4,62.39,0.5,0.953
2002-06-13 10:00:00,45.26,34.94,63.05,0.5,0.989
2002-06-13 11:00:00,22.21,35.26,61.25,0.5,1.037
2002-06-13 12:00:00,26.76,35.62,58.46,0.5,1.037
2002-06-13 13:00:00,22.11,35.77,59.74,0.5,1.036
2002-06-13 14:00:00,39.95,35.67,60.03,0.5,0.966
2002-06-13 15:00:00,18.49,35.63,60.98,0.5,1.032
2002-06-13 16:00:00,42.49,35.93,60.94,0.5,1.026
2002-06-13 17:00:00,40.23,36.06,62.78,0.5,0.994
2002-06-13 18:00:00,42.2,36.21,68.29,0.5,1.157
2002-06-13 19:00:00,29.06,36.39,69.83,0.5,1.371
2002-06-13 20:00:00,26.71,36.57,69.59,0.5,1.404
2002-06-13 21:00:00,39.33,36.67,65.53,0.5,1.171
2002-06-13 22:00:00,34.97,36.71,58.82,0.5,0.943
2002-06-13 23:00:00,21.4,36.54,58.12,0.5,0.962
2002-06-14 00:00:00,8.035,36.43,54.53,1.028,0.817
2002-06-14 01:00:00,11.83,36.98,45.93,1.51,0.59
2002-06-14 02:00:00,16.56,36.46,37.93,3.481,0.516
2002-06-14 03:00:00,14.9,36.16,33.51,4.93,0.435
2002-06-14 04:00:00,26.91,35.73,32.62,3.965,0.415
2002-06-14 05:00:00,7.368,35.25,30.58,3.708,0.41
2002-06-14 06:00:00,26.38,35.42,30.98,1.861,0.424
2002-06-14 07:00:00,18.8,35.34,36.9,0.5,0.509
2002-06-14 08:00:00,36.45,35.28,43.7,0.5,0.627
2002-06-14 09:00:00,47.23,35.99,54.44,0.5,0.878
2002-06-14 10:00:00,31.6,37.58,53.15,0.5,0.808
2002-06-14 11:00:00,34.42,37.96,49.11,1.918,0.703
2002-06-14 12:00:00,11.65,38.19,47.34,2.327,0.684
2002-06-14 13:00:00,,38.74,49.06,3.097,0.649
2002-06-14 17:00:00,55.88,38.44,62.75,1.492,0.895
2002-06-14 18:00:00,59.44,38.37,75.99,0.5,1.331
2002-06-14 19:00:00,65.93,38.2,87.1,0.5,2.226
2002-06-14 20:00:00,70.43,37.42,84.29,0.5,2.401
2002-06-14 21:00:00,65.12,36.06,75.29,0.5,1.916
2002-06-14 22:00:00,62.93,34.61,69.31,0.5,1.67
2002-06-14 23:00:00,68.41,33.8,70.46,0.5,1.788
2002-06-15 00:00:00,62.6,33.73,72.72,0.5,2.076
2002-06-15 01:00:00,59.15,32.6,68.07,0.5,1.785
2002-06-15 02:00:00,55.36,31.89,61.29,0.5,1.813
2002-06-15 03:00:00,74.58,31.96,61.54,0.5,2.136
2002-06-15 04:00:00,81.66,31.62,59.39,0.5,2.165
2002-06-15 05:00:00,78.38,31.63,54.3,0.5,1.856
2002-06-15 06:00:00,74.13,31.83,53.98,0.5,1.812
2002-06-15 07:00:00,71.97,32.51,58.99,0.5,1.927
2002-06-15 08:00:00,106.8,32.85,59.2,0.5,1.782
2002-06-15 09:00:00,80.72,33.31,62.95,0.5,1.718
2002-06-15 10:00:00,79.5,34.8,75.99,0.5,1.776
2002-06-15 11:00:00,90.58,35.04,79.29,0.5,1.669
2002-06-15 12:00:00,70.03,35.62,63.05,0.5,1.321
2002-06-15 13:00:00,40.07,36.0,55.63,1.523,1.122
2002-06-15 14:00:00,59.69,36.63,65.95,1.737,1.154
2002-06-15 15:00:00,52.57,36.09,55.15,4.057,0.95
2002-06-15 17:00:00,42.48,37.33,45.97,2.45,0.807
2002-06-15 18:00:00,29.58,38.56,52.67,0.5,0.875
2002-06-15 19:00:00,26.5,39.33,57.48,0.5,1.001
2002-06-15 20:00:00,35.57,40.07,54.58,1.536,0.89
2002-06-15 21:00:00,33.3,40.53,48.93,2.608,0.74
2002-06-15 22:00:00,26.82,40.63,44.39,3.657,0.639
2002-06-15 23:00:00,34.32,40.77,40.65,4.308,0.578
2002-06-16 00:00:00,25.62,40.72,37.49,5.358,0.587
2002-06-16 01:00:00,5.421,41.4,37.6,5.646,0.611
2002-06-16 02:00:00,13.14,42.09,34.54,6.733,0.566
2002-06-16 03:00:00,0.015,41.9,33.14,7.083,0.535
2002-06-16 04:00:00,,43.37,33.09,6.82,0.53
2002-06-16 05:00:00,2.391,43.69,33.63,6.904,0.516
2002-06-16 06:00:00,7.619,43.61,34.18,6.55,0.544
2002-06-16 07:00:00,3.465,44.35,35.76,5.001,0.572
2002-06-16 08:00:00,7.67,45.3,38.97,3.662,0.582
2002-06-16 09:00:00,2.262,45.83,42.93,1.674,0.649
2002-06-16 10:00:00,9.184,46.03,45.0,1.434,0.742
2002-06-16 11:00:00,11.36,46.55,45.28,1.675,0.819
2002-06-16 12:00:00,13.36,47.04,43.43,2.06,0.809
2002-06-16 13:00:00,3.461,47.7,54.67,0.5,1.049
2002-06-16 14:00:00,23.12,47.81,56.08,1.174,1.125
2002-06-16 15:00:00,52.16,48.04,59.58,1.358,1.112
2002-06-16 17:00:00,42.09,48.65,68.33,0.5,1.489
2002-06-16 18:00:00,47.4,48.98,82.61,0.5,2.29
2002-06-16 19:00:00,64.16,50.59,96.82,0.5,3.225
2002-06-16 20:00:00,95.0,50.33,90.7,0.5,3.078
2002-06-16 21:00:00,65.14,51.02,93.93,0.5,3.447
2002-06-16 22:00:00,82.58,52.13,99.97,0.5,4.793
2002-06-16 23:00:00,112.3,53.1,86.41,0.5,4.309
2002-06-17 00:00:00,58.02,52.39,70.62,0.5,2.974
2002-06-17 01:00:00,24.91,52.72,73.27,0.5,3.016
2002-06-17 02:00:00,91.64,52.67,59.16,0.5,2.401
2002-06-17 03:00:00,66.57,52.64,54.78,0.5,2.254
2002-06-17 04:00:00,53.07,51.91,50.29,0.5,1.973
2002-06-17 05:00:00,35.93,51.53,46.33,0.5,1.73
2002-06-17 06:00:00,45.95,51.24,48.35,0.5,1.931
2002-06-17 07:00:00,68.48,50.88,59.99,0.5,2.245
2002-06-17 08:00:00,71.78,50.98,75.97,0.5,2.391
2002-06-17 09:00:00,83.72,51.42,90.01,0.5,2.776
2002-06-17 10:00:00,104.9,51.25,94.95,0.5,2.639
2002-06-17 11:00:00,85.66,51.15,84.77,0.5,2.244
2002-06-17 12:00:00,47.5,50.28,72.57,0.5,1.918
2002-06-17 13:00:00,27.37,50.24,61.43,0.5,1.647
2002-06-17 14:00:00,35.96,,,,
2002-06-17 15:00:00,58.78,,73.55,0.5,
2002-06-17 16:00:00,80.63,26.17,84.04,0.5,2.628
2002-06-17 17:00:00,81.65,27.5,70.93,0.5,2.423
2002-06-17 18:00:00,103.6,26.7,68.08,0.5,2.52
2002-06-17 19:00:00,77.16,26.62,73.37,0.5,3.005
2002-06-17 20:00:00,72.35,27.12,82.48,0.5,3.445
2002-06-17 21:00:00,97.05,26.84,71.08,0.5,2.539
2002-06-17 22:00:00,63.98,27.15,64.62,0.5,1.978
2002-06-17 23:00:00,64.19,26.83,67.8,0.5,2.063
2002-06-18 00:00:00,47.68,26.67,48.29,0.5,1.338
2002-06-18 01:00:00,14.64,26.51,39.86,0.5,0.977
2002-06-18 02:00:00,26.31,27.62,35.75,0.5,0.851
2002-06-18 03:00:00,4.35,28.27,32.94,1.487,0.707
2002-06-18 04:00:00,5.863,28.04,31.06,3.142,0.642
2002-06-18 05:00:00,3.476,29.02,29.02,3.753,0.605
2002-06-18 06:00:00,15.22,28.76,34.89,1.444,0.686
2002-06-18 07:00:00,24.02,29.17,46.96,0.5,0.813
2002-06-18 08:00:00,37.65,28.91,43.58,0.5,0.819
2002-06-18 09:00:00,30.39,28.4,49.23,0.5,1.07
2002-06-18 10:00:00,33.62,28.82,50.35,0.5,1.147
2002-06-18 11:00:00,17.61,28.6,49.0,0.5,1.174
2002-06-18 12:00:00,,28.22,46.1,0.5,1.135
2002-06-18 17:00:00,34.88,24.34,50.13,0.5,1.174
2002-06-18 18:00:00,23.82,23.67,58.43,0.5,1.404
2002-06-18 19:00:00,40.4,23.06,63.32,0.5,1.651
2002-06-18 20:00:00,42.87,21.76,61.59,0.5,1.669
2002-06-18 21:00:00,52.44,20.51,51.12,0.5,1.231
2002-06-18 22:00:00,20.57,19.07,46.81,0.5,1.028
2002-06-18 23:00:00,28.4,18.35,47.75,0.5,0.965
2002-06-19 00:00:00,31.28,17.66,47.46,0.5,0.851
2002-06-19 01:00:00,30.4,16.55,38.97,0.5,0.744
2002-06-19 02:00:00,20.63,15.09,31.13,0.5,0.643
2002-06-19 03:00:00,14.27,14.36,26.64,1.649,0.578
2002-06-19 04:00:00,3.394,13.76,28.12,0.5,0.564
2002-06-19 05:00:00,15.03,12.46,29.87,0.5,0.603
2002-06-19 06:00:00,18.01,12.14,29.91,0.5,0.633
2002-06-19 07:00:00,17.67,11.74,40.27,0.5,0.743
2002-06-19 08:00:00,39.97,11.7,65.27,0.5,1.298
2002-06-19 09:00:00,72.65,12.31,67.34,0.5,1.657
2002-06-19 10:00:00,48.86,12.13,56.65,0.5,1.479
2002-06-19 11:00:00,51.15,11.58,58.73,0.5,1.356
2002-06-19 12:00:00,19.3,11.0,46.13,0.5,1.111
2002-06-19 13:00:00,13.7,10.37,41.23,0.5,0.952
2002-06-19 14:00:00,35.52,10.83,41.64,0.5,0.875
2002-06-19 15:00:00,30.32,11.1,45.66,1.0,0.975
2002-06-19 16:00:00,44.32,11.14,55.74,0.5,1.372
2002-06-19 17:00:00,45.44,11.38,60.58,0.5,1.465
2002-06-19 18:00:00,60.13,11.39,70.17,0.5,1.656
2002-06-19 19:00:00,77.23,12.88,87.05,0.5,2.288
2002-06-19 20:00:00,81.98,14.88,113.4,0.5,4.174
2002-06-19 21:00:00,124.0,17.54,137.0,0.5,5.949
2002-06-19 22:00:00,170.5,19.33,128.1,0.5,5.962
2002-06-19 23:00:00,147.8,21.25,119.4,0.5,6.149
2002-06-20 00:00:00,137.8,21.13,90.08,0.5,4.301
2002-06-20 01:00:00,68.04,21.7,74.34,0.5,2.866
2002-06-20 02:00:00,86.3,21.72,69.36,0.5,2.462
2002-06-20 03:00:00,88.02,22.38,60.13,0.5,2.195
2002-06-20 04:00:00,51.12,21.81,52.82,0.5,1.995
2002-06-20 05:00:00,70.79,22.49,42.04,0.5,1.476
2002-06-20 06:00:00,35.65,22.16,38.02,0.5,1.22
2002-06-20 07:00:00,47.9,22.31,41.89,0.5,1.192
2002-06-20 08:00:00,49.57,22.43,59.63,0.5,1.376
2002-06-20 09:00:00,76.82,24.13,74.34,0.5,1.756
2002-06-20 10:00:00,81.36,25.32,67.82,0.5,1.712
2002-06-20 11:00:00,77.63,26.42,60.0,0.5,1.542
2002-06-20 12:00:00,41.57,27.08,60.04,0.5,1.501
2002-06-20 13:00:00,50.01,25.52,54.58,0.5,1.351
2002-06-20 14:00:00,30.94,24.66,64.17,0.5,1.306
2002-06-20 15:00:00,58.97,24.68,91.55,2.243,1.391
2002-06-20 16:00:00,75.16,23.41,73.56,0.5,1.334
2002-06-20 17:00:00,43.74,24.03,65.77,0.5,1.397
2002-06-20 18:00:00,82.22,23.71,75.17,0.5,1.817
2002-06-20 19:00:00,93.49,26.01,118.9,0.5,3.664
2002-06-20 20:00:00,109.8,27.59,130.5,0.5,4.093
2002-06-20 21:00:00,117.2,28.41,121.9,0.5,3.684
2002-06-20 22:00:00,142.2,29.38,108.0,0.5,3.284
2002-06-20 23:00:00,127.1,30.36,84.56,0.5,2.763
2002-06-21 00:00:00,112.2,30.99,74.37,0.5,2.282
2002-06-21 01:00:00,78.09,31.1,56.11,0.5,1.476
2002-06-21 02:00:00,27.63,32.04,42.44,0.5,1.077
2002-06-21 03:00:00,20.71,32.29,37.77,0.5,0.944
2002-06-21 04:00:00,40.43,33.33,31.51,0.5,0.788
2002-06-21 05:00:00,11.23,33.57,30.94,0.5,0.718
2002-06-21 06:00:00,14.42,33.46,33.27,0.5,0.706
2002-06-21 07:00:00,31.97,33.98,39.78,0.5,0.724
2002-06-21 08:00:00,14.52,33.83,46.16,0.5,0.745
2002-06-21 09:00:00,31.83,33.78,54.05,0.5,0.876
2002-06-21 10:00:00,50.49,33.77,52.37,0.5,0.892
2002-06-21 11:00:00,59.51,31.85,52.92,0.5,0.887
2002-06-21 12:00:00,34.5,31.11,51.46,1.415,0.862
2002-06-21 13:00:00,19.53,29.66,50.09,2.062,0.797
2002-06-21 14:00:00,24.65,28.27,53.33,1.64,0.832
2002-06-21 15:00:00,50.59,27.17,57.32,1.065,0.943
2002-06-21 16:00:00,37.89,25.97,61.24,0.5,1.053
2002-06-21 17:00:00,27.05,24.37,63.33,0.5,1.09
2002-06-21 18:00:00,38.43,24.35,69.67,0.5,1.314
2002-06-21 19:00:00,52.15,23.76,76.7,0.5,1.638
2002-06-21 20:00:00,54.04,21.84,68.67,0.5,1.358
2002-06-21 21:00:00,65.86,20.02,62.16,0.5,1.109
2002-06-21 22:00:00,25.41,18.83,53.05,1.506,0.854
2002-06-21 23:00:00,30.31,16.7,45.23,2.739,0.714
2002-06-22 00:00:00,17.52,15.77,41.74,3.275,0.608
2002-06-22 01:00:00,11.14,14.55,37.2,4.985,0.584
2002-06-22 02:00:00,22.21,13.16,31.26,6.458,0.504
2002-06-22 03:00:00,2.447,11.79,27.25,7.957,0.463
2002-06-22 04:00:00,12.79,10.6,24.8,8.817,0.424
2002-06-22 05:00:00,17.09,8.78,24.63,8.297,0.409
2002-06-22 06:00:00,3.863,7.861,27.14,6.975,0.45
2002-06-22 07:00:00,9.244,6.683,36.73,3.443,0.515
2002-06-22 08:00:00,26.15,6.175,43.08,3.049,0.555
2002-06-22 09:00:00,31.11,5.844,45.65,2.842,0.607
2002-06-22 10:00:00,11.92,5.382,42.51,3.931,0.599
2002-06-22 11:00:00,21.79,4.509,38.33,4.946,0.604
2002-06-22 12:00:00,18.12,3.763,38.48,4.732,0.63
2002-06-22 13:00:00,18.16,3.702,37.33,6.367,0.629
2002-06-22 14:00:00,19.62,3.726,37.87,5.985,0.611
2002-06-22 15:00:00,3.223,3.553,39.32,5.767,0.63
2002-06-22 16:00:00,11.68,3.538,38.56,5.668,0.619
2002-06-22 17:00:00,11.57,3.835,42.82,3.373,0.695
2002-06-22 18:00:00,23.46,4.658,46.11,2.121,0.819
2002-06-22 19:00:00,26.46,5.706,50.72,0.5,0.956
2002-06-22 20:00:00,44.89,7.461,55.32,0.5,1.1
2002-06-22 21:00:00,54.62,7.304,56.36,0.5,1.282
2002-06-22 22:00:00,49.27,8.969,58.11,0.5,1.452
2002-06-22 23:00:00,70.4,10.5,55.31,0.5,1.413
2002-06-23 00:00:00,33.28,11.41,51.77,0.5,1.26
2002-06-23 01:00:00,31.88,11.9,47.13,0.5,1.102
2002-06-23 02:00:00,24.91,12.33,42.93,0.5,0.974
2002-06-23 03:00:00,19.38,12.34,36.92,2.732,0.846
2002-06-23 04:00:00,19.49,12.36,33.39,3.82,0.718
2002-06-23 05:00:00,18.98,12.69,33.74,2.822,0.719
2002-06-23 06:00:00,15.62,12.69,33.71,3.999,0.661
2002-06-23 07:00:00,23.51,13.17,33.78,0.5,0.88
2002-06-23 08:00:00,37.58,13.39,35.7,0.5,1.054
2002-06-23 09:00:00,62.21,14.15,31.55,0.5,0.906
2002-06-23 10:00:00,30.5,16.01,33.12,1.351,0.793
2002-06-23 11:00:00,22.06,15.85,35.46,3.4,0.69
2002-06-23 12:00:00,2.048,15.99,38.41,5.224,0.664
2002-06-23 13:00:00,5.646,16.26,39.25,5.461,0.721
2002-06-23 14:00:00,22.66,16.62,40.41,5.297,0.749
2002-06-23 15:00:00,23.81,16.68,42.32,4.348,0.791
2002-06-23 16:00:00,27.14,17.3,44.26,3.526,0.877
2002-06-23 17:00:00,26.11,18.04,49.19,1.946,1.006
2002-06-23 18:00:00,30.89,18.42,54.04,1.397,1.114
2002-06-23 19:00:00,31.94,19.14,54.39,0.5,1.245
2002-06-23 20:00:00,25.99,20.16,55.58,0.5,1.322
2002-06-23 21:00:00,37.67,20.41,48.77,1.864,1.048
2002-06-23 22:00:00,21.32,21.07,43.67,3.302,0.845
2002-06-23 23:00:00,30.62,21.79,42.08,3.652,0.731
2002-06-24 00:00:00,15.52,22.61,38.34,5.349,0.64
2002-06-24 01:00:00,2.118,23.29,34.72,7.017,0.571
2002-06-24 02:00:00,6.425,23.76,32.53,7.828,0.529
2002-06-24 03:00:00,3.417,24.74,30.73,8.633,0.507
2002-06-24 04:00:00,10.4,24.29,30.36,9.29,0.473
2002-06-24 05:00:00,2.809,26.37,29.93,9.426,0.432
2002-06-24 06:00:00,10.17,24.37,32.45,7.876,0.484
2002-06-24 07:00:00,5.045,24.94,39.69,4.894,0.529
2002-06-24 08:00:00,8.307,24.42,53.75,1.154,0.698
2002-06-24 09:00:00,26.89,25.36,60.86,0.5,0.844
2002-06-24 10:00:00,18.58,26.6,58.15,1.638,0.855
2002-06-24 11:00:00,49.26,,,,
2002-06-24 12:00:00,27.77,29.23,36.18,1.339,0.68
2002-06-24 13:00:00,6.287,27.66,30.34,1.76,0.496
2002-06-24 14:00:00,24.65,26.88,31.14,1.704,0.452
2002-06-24 15:00:00,24.83,25.7,31.61,1.156,0.576
2002-06-24 16:00:00,33.39,24.17,31.54,1.375,0.571
2002-06-24 17:00:00,33.56,23.18,31.64,0.5,0.56
2002-06-24 18:00:00,22.2,23.25,33.55,0.5,0.749
2002-06-24 19:00:00,55.09,23.39,36.55,0.5,0.972
2002-06-24 20:00:00,67.77,22.31,35.27,0.5,1.026
2002-06-24 21:00:00,32.13,21.64,32.72,0.5,0.912
2002-06-24 22:00:00,57.77,20.83,32.82,0.5,0.882
2002-06-24 23:00:00,39.4,20.58,31.18,0.5,0.781
2002-06-25 00:00:00,39.2,20.68,30.68,0.5,0.678
2002-06-25 01:00:00,14.97,20.44,29.52,0.5,0.502
2002-06-25 02:00:00,18.72,17.58,22.76,2.389,0.345
2002-06-25 03:00:00,30.42,18.19,17.13,1.921,0.257
2002-06-25 04:00:00,10.51,17.51,14.99,1.0,0.271
2002-06-25 05:00:00,30.84,16.26,12.77,0.5,0.305
2002-06-25 06:00:00,32.2,14.94,13.85,0.5,0.31
2002-06-25 07:00:00,38.36,14.53,14.76,0.5,0.379
2002-06-25 08:00:00,52.76,14.41,15.16,0.5,0.656
2002-06-25 09:00:00,53.82,15.72,17.01,0.5,1.089
2002-06-25 10:00:00,65.26,18.34,16.84,0.5,1.044
2002-06-25 11:00:00,38.88,19.67,15.59,0.5,0.938
2002-06-25 12:00:00,47.45,19.17,18.16,0.5,0.855
2002-06-25 13:00:00,38.16,19.32,23.14,1.717,0.722
2002-06-25 14:00:00,17.2,20.32,28.15,1.647,0.714
2002-06-25 15:00:00,29.49,20.91,32.17,1.079,1.01
2002-06-25 16:00:00,47.55,21.7,32.57,1.05,0.926
2002-06-25 17:00:00,40.41,22.73,34.01,0.5,1.161
2002-06-25 18:00:00,69.4,23.36,36.95,0.5,1.481
2002-06-25 19:00:00,71.93,25.64,35.87,0.5,1.883
2002-06-25 20:00:00,38.23,26.29,34.86,0.5,1.785
2002-06-25 21:00:00,86.56,28.79,27.5,0.5,4.132
2002-06-25 22:00:00,143.6,31.53,22.57,0.5,5.605
2002-06-25 23:00:00,187.2,33.42,22.04,0.5,5.877
2002-06-26 00:00:00,231.1,34.01,19.63,0.5,4.795
2002-06-26 01:00:00,257.7,34.79,19.28,0.5,3.137
2002-06-26 02:00:00,153.2,32.97,21.67,0.5,1.71
2002-06-26 03:00:00,102.9,34.03,21.36,0.5,1.215
2002-06-26 04:00:00,79.94,33.21,22.49,0.5,0.876
2002-06-26 05:00:00,63.25,31.93,22.04,0.5,0.699
2002-06-26 06:00:00,23.27,32.94,20.75,0.5,0.811
2002-06-26 07:00:00,63.55,32.23,22.18,0.5,0.811
2002-06-26 08:00:00,51.48,32.14,26.18,0.5,0.841
2002-06-26 09:00:00,38.83,31.94,26.62,0.5,1.012
2002-06-26 10:00:00,51.19,32.38,31.78,0.5,1.121
2002-06-26 11:00:00,89.83,31.62,36.77,0.5,1.183
2002-06-26 12:00:00,72.18,30.81,32.83,0.5,1.236
2002-06-26 13:00:00,61.55,31.06,39.34,0.5,1.241
2002-06-26 14:00:00,44.35,30.9,38.59,0.5,1.032
2002-06-26 15:00:00,42.03,30.58,42.51,0.5,1.245
2002-06-26 16:00:00,52.36,30.17,46.11,0.5,1.543
2002-06-26 17:00:00,78.21,29.38,34.68,0.5,1.33
2002-06-26 18:00:00,52.6,29.75,31.48,0.5,1.416
2002-06-26 19:00:00,53.18,29.48,30.29,0.5,1.529
2002-06-26 20:00:00,37.48,30.31,28.55,0.5,1.514
2002-06-26 21:00:00,25.76,30.76,28.44,0.5,1.296
2002-06-26 22:00:00,37.92,30.48,25.54,1.0,0.875
2002-06-26 23:00:00,17.07,31.41,24.01,0.5,0.776
2002-06-27 00:00:00,6.029,31.86,22.94,0.5,0.743
2002-06-27 01:00:00,12.29,32.36,21.18,0.5,0.685
2002-06-27 02:00:00,13.79,33.43,19.17,0.5,0.604
2002-06-27 03:00:00,20.44,34.1,18.14,0.5,0.563
2002-06-27 04:00:00,24.78,34.19,16.22,0.5,0.519
2002-06-27 05:00:00,0.691,34.23,16.98,0.5,0.602
2002-06-27 06:00:00,10.56,34.23,16.63,0.5,0.633
2002-06-27 07:00:00,31.85,34.5,17.73,0.5,0.683
2002-06-27 08:00:00,31.78,34.6,19.87,0.5,1.024
2002-06-27 09:00:00,55.32,35.19,21.39,0.5,1.545
2002-06-27 10:00:00,58.14,22.73,28.15,0.5,1.452
2002-06-27 11:00:00,66.64,25.27,25.08,0.5,1.268
2002-06-27 12:00:00,53.37,33.91,30.89,0.5,1.438
2002-06-27 13:00:00,64.35,34.79,46.37,0.5,1.681
2002-06-27 14:00:00,101.2,36.19,82.63,0.5,2.105
2002-06-27 15:00:00,113.7,36.77,90.01,0.5,2.568
2002-06-27 16:00:00,102.5,38.51,84.78,0.5,3.278
2002-06-27 17:00:00,110.1,38.84,73.13,0.5,4.012
2002-06-27 18:00:00,143.6,40.21,59.34,0.5,4.584
2002-06-27 19:00:00,147.2,37.85,43.56,0.5,2.939
2002-06-27 20:00:00,55.94,37.51,39.72,0.5,2.065
2002-06-27 21:00:00,47.99,37.81,40.74,0.5,2.344
2002-06-27 22:00:00,85.53,38.45,36.93,0.5,3.025
2002-06-27 23:00:00,109.2,38.37,31.73,0.5,3.269
2002-06-28 00:00:00,143.3,39.15,29.18,0.5,3.925
2002-06-28 01:00:00,172.9,39.39,23.63,0.5,3.216
2002-06-28 02:00:00,86.66,39.06,15.61,0.5,2.496
2002-06-28 03:00:00,88.26,39.06,13.12,0.5,3.373
2002-06-28 04:00:00,120.9,40.6,5.425,0.5,4.615
2002-06-28 05:00:00,109.2,42.25,3.707,0.5,4.762
2002-06-28 06:00:00,106.8,43.11,4.858,0.5,4.054
2002-06-28 07:00:00,90.88,43.7,7.872,0.5,3.324
2002-06-28 08:00:00,132.8,46.32,16.34,0.5,4.866
2002-06-28 09:00:00,203.8,51.74,58.61,0.5,9.552
2002-06-28 10:00:00,301.2,59.06,88.33,0.5,9.308
2002-06-28 11:00:00,237.0,58.66,87.73,0.5,5.781
2002-06-28 12:00:00,132.4,53.8,94.15,0.5,3.988
2002-06-28 13:00:00,166.7,50.67,90.1,0.5,2.936
2002-06-28 14:00:00,113.7,48.08,84.39,0.5,2.264
2002-06-28 15:00:00,105.6,46.92,87.63,0.5,2.35
2002-06-28 16:00:00,127.2,45.44,88.4,0.5,3.195
2002-06-28 17:00:00,176.7,46.17,79.51,0.5,3.766
2002-06-28 18:00:00,174.7,46.99,77.7,0.5,3.923
2002-06-28 19:00:00,150.8,45.55,61.39,0.5,2.975
2002-06-28 20:00:00,71.46,44.09,54.0,0.5,2.186
2002-06-28 21:00:00,57.77,43.12,49.38,0.5,1.693
2002-06-28 22:00:00,63.37,42.22,46.74,0.5,1.597
2002-06-28 23:00:00,82.94,41.98,46.25,0.5,2.46
2002-06-29 00:00:00,124.3,42.43,39.54,0.5,2.65
2002-06-29 01:00:00,149.8,44.23,40.09,0.5,3.847
2002-06-29 02:00:00,156.4,44.42,36.83,0.5,2.854
2002-06-29 03:00:00,85.58,45.23,29.65,0.5,2.416
2002-06-29 04:00:00,107.9,46.8,25.68,0.5,3.51
2002-06-29 05:00:00,96.06,47.55,34.22,0.5,2.34
2002-06-29 06:00:00,41.59,47.91,37.26,0.5,1.838
2002-06-29 07:00:00,44.9,48.65,36.63,0.5,2.213
2002-06-29 08:00:00,94.52,49.6,40.37,0.5,2.259
2002-06-29 09:00:00,79.92,50.91,43.42,0.5,2.67
2002-06-29 10:00:00,103.2,51.16,46.24,0.5,2.802
2002-06-29 11:00:00,113.9,51.53,52.45,0.5,3.469
2002-06-29 12:00:00,196.7,49.42,49.1,0.5,3.089
2002-06-29 13:00:00,140.8,46.13,41.81,0.5,2.071
2002-06-29 14:00:00,83.73,44.79,36.02,0.5,1.584
2002-06-29 15:00:00,41.41,43.21,34.5,0.5,1.506
2002-06-29 16:00:00,291.3,41.81,35.69,0.5,1.749
2002-06-29 17:00:00,855.4,43.16,37.83,0.5,2.384
2002-06-29 18:00:00,390.8,44.53,41.02,0.5,4.111
2002-06-29 19:00:00,287.4,47.23,34.09,0.5,6.194
2002-06-29 20:00:00,230.0,48.4,36.24,0.5,6.946
2002-06-29 21:00:00,195.2,47.96,34.86,0.5,5.577
2002-06-29 22:00:00,170.7,49.09,30.83,0.5,6.116
2002-06-29 23:00:00,238.0,48.39,27.94,0.5,5.657
2002-06-30 00:00:00,222.7,49.6,22.52,0.5,5.917
2002-06-30 01:00:00,256.6,51.77,17.58,0.5,5.707
2002-06-30 02:00:00,265.5,52.8,17.03,0.5,4.942
2002-06-30 03:00:00,183.9,53.28,22.97,0.5,3.212
2002-06-30 04:00:00,102.4,53.83,21.86,0.5,2.75
2002-06-30 05:00:00,99.68,54.32,22.04,0.5,2.457
2002-06-30 06:00:00,80.68,54.08,16.17,0.5,1.479
2002-06-30 07:00:00,43.28,54.02,14.95,0.5,1.035
2002-06-30 08:00:00,35.12,54.33,17.75,0.5,0.999
2002-06-30 09:00:00,36.35,53.57,17.22,0.5,0.95
2002-06-30 10:00:00,25.39,53.43,17.23,0.5,0.926
2002-06-30 11:00:00,40.15,53.36,17.82,0.5,1.025
2002-06-30 12:00:00,47.69,52.2,19.41,0.5,1.253
2002-06-30 13:00:00,24.0,48.98,19.88,0.5,1.227
2002-06-30 14:00:00,,37.31,28.5,1.961,0.815
2002-06-30 15:00:00,,44.71,25.71,1.518,0.737
2002-06-30 16:00:00,,44.75,23.08,1.615,0.693
2002-07-02 17:00:00,,38.06,26.99,0.5,1.348
2002-07-02 18:00:00,,39.05,27.53,0.5,1.608
2002-07-02 19:00:00,,39.68,25.56,0.5,1.978
2002-07-02 20:00:00,,39.61,23.95,0.5,1.906
2002-07-02 21:00:00,,39.94,23.07,0.5,1.531
2002-07-02 22:00:00,,40.27,22.27,0.5,1.309
2002-07-02 23:00:00,,40.58,20.72,0.5,1.313
2002-07-03 00:00:00,,41.27,20.15,0.5,1.365
2002-07-03 01:00:00,,42.45,19.03,0.5,1.712
2002-07-03 02:00:00,,43.01,14.47,0.5,1.773
2002-07-03 03:00:00,,43.18,12.16,0.5,1.988
2002-07-03 04:00:00,,43.92,9.662,0.5,2.089
2002-07-03 05:00:00,,43.65,9.217,0.5,1.679
2002-07-03 06:00:00,,43.55,8.15,0.5,1.606
2002-07-03 07:00:00,,44.35,6.901,0.5,2.058
2002-07-03 08:00:00,,45.37,11.46,0.5,3.081
2002-07-03 09:00:00,,47.57,23.98,0.5,5.062
2002-07-03 10:00:00,,47.88,30.72,0.5,5.689
2002-07-03 11:00:00,,47.5,32.2,0.5,4.467
2002-07-03 12:00:00,,46.21,45.4,0.5,3.857
2002-07-03 13:00:00,,46.28,69.0,0.5,3.716
2002-07-03 14:00:00,,45.3,62.8,0.5,3.3
2002-07-03 15:00:00,,44.8,52.43,0.5,3.81
2002-07-03 16:00:00,,44.55,56.22,0.5,2.844
2002-07-03 17:00:00,,45.05,54.29,0.5,2.852
2002-07-03 18:00:00,,44.66,44.92,0.5,2.792
2002-07-03 19:00:00,,44.96,28.15,0.5,3.726
2002-07-03 20:00:00,,44.91,18.3,0.5,3.088
2002-07-03 21:00:00,,44.48,18.58,0.5,2.378
2002-07-03 22:00:00,,44.73,18.68,0.5,1.858
2002-07-03 23:00:00,,45.14,18.83,0.5,1.946
2002-07-04 00:00:00,,46.09,15.29,0.5,1.87
2002-07-04 01:00:00,,47.01,13.66,0.5,2.188
2002-07-04 02:00:00,,47.59,12.38,0.5,2.079
2002-07-04 03:00:00,,48.56,8.695,0.5,2.379
2002-07-04 04:00:00,,50.04,8.524,0.5,2.258
2002-07-04 05:00:00,,50.9,4.032,0.5,2.515
2002-07-04 06:00:00,,51.88,3.564,0.5,1.976
2002-07-04 07:00:00,,53.12,3.096,0.5,2.8
2002-07-04 08:00:00,,54.7,7.343,0.5,3.549
2002-07-04 09:00:00,,55.42,17.34,0.5,4.537
2002-07-04 10:00:00,,55.11,26.15,0.5,4.506
2002-07-04 11:00:00,,53.56,22.68,0.5,2.943
2002-07-04 12:00:00,,52.53,20.82,0.5,2.021
2002-07-04 13:00:00,,50.75,21.05,0.5,1.529
2002-07-04 14:00:00,,49.46,26.24,0.5,1.438
2002-07-04 15:00:00,,47.61,34.11,0.5,1.632
2002-07-04 16:00:00,,47.11,44.45,0.5,1.84
2002-07-04 17:00:00,,46.36,55.92,0.5,2.3
2002-07-04 18:00:00,,46.05,70.36,0.5,2.906
2002-07-04 19:00:00,,44.52,41.59,0.5,2.662
2002-07-04 20:00:00,,44.01,28.42,0.5,2.51
2002-07-04 21:00:00,,43.78,22.63,0.5,2.794
2002-07-04 22:00:00,,43.85,18.19,0.5,2.513
2002-07-04 23:00:00,,44.06,15.36,0.5,2.207
2002-07-05 00:00:00,,44.32,14.05,0.5,1.55
2002-07-05 01:00:00,,44.42,14.35,0.5,1.497
2002-07-05 02:00:00,,44.41,12.44,0.5,1.18
2002-07-05 03:00:00,,44.63,13.0,0.5,1.044
2002-07-05 04:00:00,,44.6,12.62,0.5,1.012
2002-07-05 05:00:00,,44.07,12.74,0.5,1.007
2002-07-05 06:00:00,,44.07,11.09,0.5,0.902
2002-07-05 07:00:00,,43.83,11.67,0.5,1.047
2002-07-05 08:00:00,,43.06,11.88,0.5,1.23
2002-07-05 09:00:00,,43.4,12.82,0.5,1.617
2002-07-05 10:00:00,,43.61,17.15,0.5,1.927
2002-07-05 11:00:00,,43.75,17.95,0.5,2.149
2002-07-05 12:00:00,,43.48,26.66,0.5,1.949
2002-07-05 13:00:00,,43.23,27.92,0.5,1.767
2002-07-05 14:00:00,,42.36,26.48,0.5,1.637
2002-07-05 15:00:00,,42.25,26.43,0.5,1.81
2002-07-05 16:00:00,,41.06,78.46,1.15,1.712
2002-07-05 17:00:00,,37.83,61.62,0.5,2.579
2002-07-05 18:00:00,,41.48,,0.5,4.313
2002-07-05 19:00:00,,46.22,59.05,0.5,5.074
2002-07-05 20:00:00,,50.25,60.12,0.5,6.865
2002-07-05 21:00:00,,54.12,50.32,0.5,6.85
2002-07-05 22:00:00,,56.27,32.3,0.5,5.348
2002-07-05 23:00:00,,59.32,25.0,0.5,5.244
2002-07-06 00:00:00,,61.88,18.93,0.5,4.706
2002-07-06 01:00:00,,63.44,10.19,0.5,4.011
2002-07-06 02:00:00,,64.41,6.181,0.5,3.379
2002-07-06 03:00:00,,64.52,8.699,0.5,3.089
2002-07-06 04:00:00,,64.72,13.32,0.5,2.963
2002-07-06 05:00:00,,65.6,12.69,0.5,2.723
2002-07-06 06:00:00,,65.83,12.59,0.5,2.364
2002-07-06 07:00:00,,65.0,10.65,0.5,2.715
2002-07-06 08:00:00,,65.39,10.59,0.5,2.268
2002-07-06 09:00:00,,65.57,11.01,0.5,2.115
2002-07-06 10:00:00,,63.61,16.21,0.5,1.485
2002-07-06 11:00:00,,62.5,17.27,0.5,1.122
2002-07-06 12:00:00,,60.88,18.89,0.5,1.018
2002-07-06 13:00:00,,60.02,18.51,0.5,0.9
2002-07-06 14:00:00,,59.07,20.07,0.5,0.859
2002-07-06 15:00:00,,57.86,21.38,0.5,0.894
2002-07-06 16:00:00,,56.61,22.81,0.5,0.969
2002-07-06 17:00:00,,53.93,18.57,0.5,0.92
2002-07-06 18:00:00,,52.84,14.7,0.5,0.921
2002-07-06 19:00:00,,51.19,13.73,0.5,0.9
2002-07-06 20:00:00,,50.19,12.49,0.5,0.903
2002-07-06 21:00:00,,49.41,11.87,0.5,0.851
2002-07-06 22:00:00,,47.87,13.78,0.5,0.844
2002-07-06 23:00:00,,46.8,16.2,0.5,0.7
2002-07-07 00:00:00,,46.06,18.22,0.5,0.664
2002-07-07 01:00:00,,45.0,18.39,0.5,0.654
2002-07-07 02:00:00,,44.0,16.72,1.289,0.574
2002-07-07 03:00:00,,43.45,16.27,2.433,0.505
2002-07-07 04:00:00,,42.26,16.16,3.792,0.437
2002-07-07 05:00:00,,41.37,14.95,4.26,0.398
2002-07-07 06:00:00,,40.52,16.6,3.546,0.413
2002-07-07 07:00:00,,39.75,18.61,2.926,0.411
2002-07-07 08:00:00,,38.54,19.3,2.26,0.418
2002-07-07 09:00:00,,38.07,19.7,2.072,0.443
2002-07-07 10:00:00,,37.52,18.87,3.713,0.413
2002-07-07 11:00:00,,36.47,19.26,4.649,0.398
2002-07-07 12:00:00,,35.88,21.22,5.686,0.407
2002-07-07 13:00:00,,35.57,24.11,4.382,0.518
2002-07-07 14:00:00,,34.7,22.43,5.914,0.474
2002-07-07 15:00:00,,34.5,22.77,5.052,0.459
2002-07-07 16:00:00,,33.96,22.67,5.804,0.447
2002-07-07 17:00:00,,33.01,23.34,4.921,0.452
2002-07-07 18:00:00,,33.02,25.9,2.087,0.563
2002-07-07 19:00:00,,32.57,23.55,1.485,0.572
2002-07-07 20:00:00,,32.17,19.78,2.081,0.524
2002-07-07 21:00:00,,32.0,17.33,4.026,0.414
2002-07-07 22:00:00,,31.99,17.24,4.92,0.393
2002-07-07 23:00:00,,32.17,17.98,5.719,0.357
2002-07-08 00:00:00,,30.82,16.36,8.646,0.277
2002-07-08 01:00:00,,32.12,14.72,9.175,0.209
2002-07-08 02:00:00,,33.22,13.23,8.28,0.217
2002-07-08 03:00:00,,33.72,12.05,8.222,0.213
2002-07-08 04:00:00,,33.31,12.04,8.856,0.203
2002-07-08 05:00:00,,33.01,11.57,7.721,0.193
2002-07-08 06:00:00,,31.57,13.86,5.277,0.237
2002-07-08 07:00:00,,32.65,17.78,3.794,0.239
2002-07-08 08:00:00,,32.4,22.37,1.709,0.358
2002-07-08 09:00:00,,30.58,23.61,1.285,0.589
2002-07-08 10:00:00,,30.42,22.18,1.665,0.632
2002-07-08 11:00:00,,29.59,20.87,2.626,0.576
2002-07-08 12:00:00,,28.58,21.98,2.787,0.569
2002-07-08 13:00:00,,28.15,23.56,2.325,0.567
2002-07-08 14:00:00,,27.79,23.37,2.819,0.557
2002-07-08 15:00:00,,27.69,24.56,2.218,0.651
2002-07-08 16:00:00,,27.49,25.15,2.131,0.764
2002-07-08 17:00:00,,27.27,26.21,1.329,0.725
2002-07-08 18:00:00,,27.17,28.57,0.5,0.852
2002-07-08 19:00:00,,28.07,28.73,0.5,1.223
2002-07-08 20:00:00,,28.69,28.32,0.5,1.367
2002-07-08 21:00:00,,28.84,25.72,0.5,1.077
2002-07-08 22:00:00,,28.77,24.51,0.5,0.973
2002-07-08 23:00:00,,29.18,22.61,0.5,0.727
2002-07-09 00:00:00,,28.54,19.65,0.5,0.552
2002-07-09 01:00:00,,28.9,15.38,2.217,0.396
2002-07-09 02:00:00,,28.93,12.88,2.822,0.324
2002-07-09 03:00:00,,28.68,11.94,4.018,0.291
2002-07-09 04:00:00,,29.41,12.51,4.497,0.27
2002-07-09 05:00:00,,29.27,12.7,3.846,0.271
2002-07-09 06:00:00,,30.27,14.85,1.911,0.276
2002-07-09 07:00:00,,31.24,17.18,0.5,0.353
2002-07-09 08:00:00,,32.29,17.72,0.5,0.528
2002-07-09 09:00:00,,33.22,17.52,0.5,0.954
2002-07-09 10:00:00,,33.89,17.86,0.5,0.951
2002-07-09 11:00:00,,34.26,21.18,1.321,0.805
2002-07-09 12:00:00,,34.83,25.7,1.942,0.753
2002-07-09 13:00:00,,35.04,26.57,2.643,0.709
2002-07-09 14:00:00,,35.86,27.34,3.328,0.605
2002-07-09 15:00:00,,36.38,28.72,2.537,0.693
2002-07-09 16:00:00,,36.96,28.39,2.269,0.763
2002-07-09 17:00:00,,36.66,29.49,1.468,0.817
2002-07-09 18:00:00,,36.68,30.48,0.5,0.97
2002-07-09 19:00:00,,37.84,30.55,0.5,1.042
2002-07-09 20:00:00,,38.6,30.72,0.5,1.008
2002-07-09 21:00:00,,38.52,30.07,1.129,0.854
2002-07-09 22:00:00,,40.23,29.35,1.376,0.753
2002-07-09 23:00:00,,39.22,29.98,0.5,0.874
2002-07-10 00:00:00,,39.75,29.0,1.622,0.785
2002-07-10 01:00:00,,38.82,24.58,4.031,0.587
2002-07-10 02:00:00,,39.35,22.07,6.084,0.446
2002-07-10 03:00:00,,40.84,21.43,5.89,0.386
2002-07-10 04:00:00,,37.89,19.45,6.042,0.37
2002-07-10 05:00:00,,38.62,19.24,4.234,0.349
2002-07-10 06:00:00,,37.32,17.26,4.674,0.324
2002-07-10 07:00:00,,37.1,21.27,1.422,0.364
2002-07-10 08:00:00,,37.56,22.8,0.5,0.633
2002-07-10 09:00:00,,37.74,23.64,0.5,1.155
2002-07-10 10:00:00,,37.74,25.78,0.5,1.272
2002-07-10 11:00:00,,37.1,26.83,0.5,1.095
2002-07-10 12:00:00,,36.3,25.44,1.994,0.877
2002-07-10 13:00:00,,35.41,25.79,2.433,0.817
2002-07-10 14:00:00,,35.67,26.85,2.256,0.786
2002-07-10 15:00:00,,35.22,29.98,1.493,0.922
2002-07-10 16:00:00,,35.21,30.38,1.735,0.962
2002-07-10 17:00:00,,35.01,31.64,1.658,0.879
2002-07-10 18:00:00,,35.33,33.29,1.068,0.945
2002-07-10 19:00:00,,35.59,35.0,0.5,1.117
2002-07-10 20:00:00,,36.18,34.08,1.007,1.051
2002-07-10 21:00:00,,36.43,34.2,0.5,0.985
2002-07-10 22:00:00,,36.78,33.12,1.32,0.852
2002-07-10 23:00:00,,36.84,31.84,1.897,0.726
2002-07-11 00:00:00,,37.06,29.57,2.037,0.683
2002-07-11 01:00:00,,36.78,25.25,4.454,0.584
2002-07-11 02:00:00,,37.06,21.88,7.192,0.467
2002-07-11 03:00:00,,37.39,20.09,7.817,0.387
2002-07-11 04:00:00,,37.16,20.59,8.614,0.337
2002-07-11 05:00:00,,37.71,21.46,7.111,0.342
2002-07-11 06:00:00,,37.02,24.31,3.592,0.371
2002-07-11 07:00:00,,36.95,29.67,1.182,0.482
2002-07-11 08:00:00,,39.09,31.87,0.5,0.919
2002-07-11 09:00:00,,41.42,31.54,0.5,1.709
2002-07-11 10:00:00,,39.67,33.18,0.5,1.459
2002-07-11 11:00:00,,38.69,30.19,0.5,1.022
2002-07-11 12:00:00,,38.69,29.77,1.426,0.869
2002-07-11 13:00:00,,38.45,28.87,2.858,0.776
2002-07-11 14:00:00,,38.36,30.9,2.101,0.808
2002-07-11 15:00:00,,38.71,35.08,1.824,1.082
2002-07-11 16:00:00,,38.32,37.1,1.806,1.275
2002-07-11 17:00:00,,37.21,32.17,2.542,0.989
2002-07-11 18:00:00,,36.76,31.04,1.429,1.019
2002-07-11 19:00:00,,37.84,33.62,0.5,1.403
2002-07-11 20:00:00,,38.23,32.4,0.5,1.312
2002-07-11 21:00:00,,37.62,31.51,0.5,1.181
2002-07-11 22:00:00,,38.66,30.67,0.5,1.041
2002-07-11 23:00:00,,37.16,31.13,0.5,1.008
2002-07-12 00:00:00,,38.86,30.99,0.5,0.965
2002-07-12 01:00:00,,38.98,29.26,1.164,0.829
2002-07-12 02:00:00,,36.67,27.76,0.5,0.806
2002-07-12 03:00:00,,38.05,23.21,4.135,0.6
2002-07-12 04:00:00,,36.32,25.43,1.743,0.62
2002-07-12 05:00:00,,37.65,22.82,0.5,0.666
2002-07-12 06:00:00,,37.79,21.55,0.5,0.785
2002-07-12 07:00:00,,38.49,21.58,0.5,0.872
2002-07-12 08:00:00,,39.5,21.64,0.5,1.311
2002-07-12 09:00:00,,38.72,24.91,0.5,1.628
2002-07-12 10:00:00,,38.23,22.39,0.5,1.462
2002-07-12 11:00:00,,38.21,21.17,0.5,1.212
2002-07-12 12:00:00,,38.46,24.14,1.66,1.016
2002-07-12 13:00:00,,38.64,27.84,1.919,0.877
2002-07-12 14:00:00,,38.61,27.46,3.147,0.769
2002-07-12 15:00:00,,38.91,28.92,2.538,0.77
2002-07-12 16:00:00,,39.45,33.62,2.167,1.07
2002-07-12 17:00:00,,39.69,37.61,1.0,1.422
2002-07-12 18:00:00,,39.67,40.51,0.5,1.873
2002-07-12 19:00:00,,40.35,38.65,0.5,2.121
2002-07-12 20:00:00,,41.56,42.06,0.5,2.216
2002-07-12 21:00:00,,42.42,37.11,0.5,1.933
2002-07-12 22:00:00,,43.02,32.19,0.5,1.659
2002-07-12 23:00:00,,42.52,26.66,0.5,1.158
2002-07-13 00:00:00,,42.35,22.82,0.5,1.004
2002-07-13 01:00:00,,42.49,20.48,0.5,0.922
2002-07-13 02:00:00,,41.83,17.37,0.5,0.737
2002-07-13 03:00:00,,41.7,15.51,0.5,0.633
2002-07-13 04:00:00,,42.74,14.22,1.518,0.511
2002-07-13 05:00:00,,42.62,14.04,1.607,0.474
2002-07-13 06:00:00,,41.78,14.13,1.108,0.531
2002-07-13 07:00:00,,42.66,15.29,0.5,0.616
2002-07-13 08:00:00,,41.46,15.5,0.5,0.73
2002-07-13 09:00:00,,41.8,16.01,0.5,0.91
2002-07-13 10:00:00,,41.04,19.3,0.5,0.947
2002-07-13 11:00:00,,41.54,24.87,2.161,0.892
2002-07-13 12:00:00,,41.23,23.3,2.764,0.734
2002-07-13 13:00:00,,41.44,21.21,2.254,0.686
2002-07-13 14:00:00,,41.04,21.84,2.396,0.69
2002-07-13 15:00:00,,41.43,21.91,1.942,0.683
2002-07-13 16:00:00,,41.11,23.58,3.099,0.718
2002-07-13 17:00:00,,40.13,27.92,1.553,0.909
2002-07-13 18:00:00,,39.52,29.87,0.5,1.163
2002-07-13 19:00:00,,40.16,31.65,0.5,1.529
2002-07-13 20:00:00,,39.82,29.01,0.5,1.358
2002-07-13 21:00:00,,39.33,26.44,0.5,1.491
2002-07-13 22:00:00,,39.77,27.32,0.5,1.422
2002-07-13 23:00:00,,39.68,25.4,0.5,1.468
2002-07-14 00:00:00,,39.95,21.15,0.5,1.538
2002-07-14 01:00:00,,39.89,16.83,0.5,1.428
2002-07-14 02:00:00,,39.95,14.04,0.5,1.16
2002-07-14 03:00:00,,40.33,10.12,0.5,0.805
2002-07-14 04:00:00,,40.7,8.67,0.5,0.67
2002-07-14 05:00:00,,41.09,8.776,0.5,0.607
2002-07-14 06:00:00,,41.12,9.33,0.5,0.593
2002-07-14 07:00:00,,41.43,10.01,0.5,0.612
2002-07-14 08:00:00,,41.89,9.865,0.5,0.682
2002-07-14 09:00:00,,42.02,8.998,0.5,0.692
2002-07-14 10:00:00,,42.5,11.4,0.5,0.705
2002-07-14 11:00:00,,43.06,15.85,2.685,0.696
2002-07-14 12:00:00,,43.32,18.93,3.563,0.705
2002-07-14 13:00:00,,43.52,22.54,5.555,0.67
2002-07-14 14:00:00,,44.38,20.35,5.506,0.576
2002-07-14 15:00:00,,43.65,20.47,5.264,0.563
2002-07-14 16:00:00,,43.85,22.76,5.015,0.498
2002-07-14 17:00:00,,42.62,24.46,3.265,0.537
2002-07-14 18:00:00,12.28,41.93,26.79,0.5,0.823
2002-07-14 19:00:00,36.08,42.55,27.17,0.5,1.274
2002-07-14 20:00:00,45.32,42.67,25.72,0.5,1.167
2002-07-14 21:00:00,53.97,43.13,23.71,0.5,1.639
2002-07-14 22:00:00,72.17,43.44,20.31,0.5,1.878
2002-07-14 23:00:00,61.4,42.4,18.33,0.5,1.626
2002-07-15 00:00:00,69.9,41.97,15.69,0.5,1.71
2002-07-15 01:00:00,65.59,41.95,14.5,0.5,1.357
2002-07-15 02:00:00,41.5,41.63,12.21,0.5,0.973
2002-07-15 03:00:00,38.74,40.99,8.285,0.5,0.701
2002-07-15 04:00:00,21.4,41.13,7.183,0.5,0.623
2002-07-15 05:00:00,26.45,41.45,6.439,0.5,0.576
2002-07-15 06:00:00,20.16,41.77,6.765,0.5,0.645
2002-07-15 07:00:00,21.63,42.23,8.196,0.5,0.816
2002-07-15 08:00:00,45.34,42.26,7.339,0.5,1.038
2002-07-15 09:00:00,59.45,43.17,9.054,0.5,1.498
2002-07-15 10:00:00,59.56,43.87,8.536,0.5,1.314
2002-07-15 11:00:00,47.39,43.96,15.7,0.5,1.214
2002-07-15 12:00:00,39.85,44.71,17.84,0.5,1.251
2002-07-15 13:00:00,35.86,45.33,21.69,0.5,1.209
2002-07-15 14:00:00,45.21,44.78,29.55,1.664,1.108
2002-07-15 15:00:00,44.86,44.89,30.39,1.133,1.266
2002-07-15 16:00:00,38.6,44.62,28.99,0.5,1.311
2002-07-15 17:00:00,30.93,44.82,30.31,0.5,1.469
2002-07-15 18:00:00,55.47,46.1,30.1,0.5,2.226
2002-07-15 19:00:00,113.4,49.22,29.38,0.5,5.511
2002-07-15 20:00:00,153.8,52.59,25.94,0.5,6.367
2002-07-15 21:00:00,117.7,49.81,28.85,0.5,3.219
2002-07-15 22:00:00,72.07,48.17,34.03,0.5,2.017
2002-07-15 23:00:00,81.16,47.55,36.91,0.5,2.292
2002-07-16 00:00:00,133.6,47.67,31.64,0.5,2.742
2002-07-16 01:00:00,162.8,46.71,24.42,0.5,2.189
2002-07-16 02:00:00,116.7,46.16,24.91,0.5,1.56
2002-07-16 03:00:00,86.96,45.37,20.94,0.5,1.543
2002-07-16 04:00:00,84.01,44.99,21.56,0.5,1.473
2002-07-16 05:00:00,77.37,44.57,14.56,0.5,1.098
2002-07-16 06:00:00,71.31,43.9,11.27,0.5,0.973
2002-07-16 07:00:00,57.65,43.95,10.01,0.5,0.975
2002-07-16 08:00:00,51.84,44.02,8.91,0.5,1.185
2002-07-16 09:00:00,76.54,44.33,10.08,0.5,1.458
2002-07-16 10:00:00,96.72,47.23,13.58,0.5,1.328
2002-07-16 11:00:00,87.37,48.09,13.01,0.5,1.391
2002-07-16 12:00:00,68.82,47.58,15.42,0.5,1.225
2002-07-16 13:00:00,57.26,47.43,18.03,0.5,0.974
2002-07-16 14:00:00,41.98,48.83,22.9,0.5,0.991
2002-07-16 15:00:00,37.72,48.52,28.7,0.5,1.244
2002-07-16 16:00:00,38.01,48.68,31.3,0.5,1.226
2002-07-16 17:00:00,46.95,48.22,30.39,0.5,1.358
2002-07-16 18:00:00,50.08,48.03,29.28,0.5,1.561
2002-07-16 19:00:00,71.96,49.39,29.99,0.5,2.205
2002-07-16 20:00:00,103.0,50.33,32.72,0.5,2.498
2002-07-16 21:00:00,100.7,50.39,22.55,0.5,3.286
2002-07-16 22:00:00,79.81,48.2,23.53,0.5,1.614
2002-07-16 23:00:00,43.75,47.13,23.81,0.5,1.086
2002-07-17 00:00:00,12.74,45.74,22.54,2.218,0.83
2002-07-17 01:00:00,22.36,43.91,18.96,5.063,0.647
2002-07-17 02:00:00,35.11,43.74,14.03,7.904,0.498
2002-07-17 03:00:00,13.57,43.51,13.2,9.553,0.438
2002-07-17 04:00:00,0.97,42.69,12.76,10.87,0.416
2002-07-17 05:00:00,4.341,43.11,13.91,8.499,0.421
2002-07-17 06:00:00,7.788,42.65,16.37,7.919,0.423
2002-07-17 07:00:00,7.683,41.93,20.5,5.908,0.464
2002-07-17 08:00:00,25.01,42.19,25.15,0.5,0.736
2002-07-17 09:00:00,45.9,43.48,25.45,0.5,1.327
2002-07-17 10:00:00,52.36,43.15,24.81,0.5,1.232
2002-07-17 11:00:00,47.23,42.6,24.87,0.5,1.07
2002-07-17 12:00:00,50.85,42.39,24.7,0.5,1.062
2002-07-17 13:00:00,44.3,42.14,24.5,0.5,1.046
2002-07-17 14:00:00,25.08,42.32,26.76,1.635,1.041
2002-07-17 15:00:00,23.13,42.0,30.03,1.611,1.197
2002-07-17 16:00:00,25.51,41.78,33.01,1.592,1.303
2002-07-17 17:00:00,43.81,40.91,32.88,1.114,1.23
2002-07-17 18:00:00,61.46,40.57,30.99,0.5,1.325
2002-07-17 19:00:00,50.97,40.74,30.69,0.5,1.53
2002-07-17 20:00:00,57.54,40.79,28.49,0.5,1.715
2002-07-17 21:00:00,63.63,40.25,25.72,0.5,1.927
2002-07-17 22:00:00,54.85,40.96,24.04,0.5,2.131
2002-07-17 23:00:00,101.6,42.1,18.16,0.5,2.779
2002-07-18 00:00:00,125.0,42.51,19.83,0.5,2.258
2002-07-18 01:00:00,96.71,42.9,20.66,0.5,2.014
2002-07-18 02:00:00,57.77,43.46,19.66,0.5,1.85
2002-07-18 03:00:00,35.67,42.89,18.92,1.618,1.143
2002-07-18 04:00:00,38.57,43.19,19.27,0.5,0.965
2002-07-18 05:00:00,39.81,43.27,14.88,0.5,0.92
2002-07-18 06:00:00,30.34,43.77,13.16,0.5,0.979
2002-07-18 07:00:00,40.38,43.46,15.22,0.5,1.113
2002-07-18 08:00:00,55.71,44.76,15.54,0.5,1.479
2002-07-18 09:00:00,68.32,45.97,14.87,0.5,1.779
2002-07-18 10:00:00,82.7,47.95,20.11,0.5,1.897
2002-07-18 11:00:00,58.49,46.07,22.78,2.342,1.268
2002-07-18 12:00:00,42.12,45.73,23.55,4.084,1.059
2002-07-18 13:00:00,29.58,46.18,23.81,5.887,0.899
2002-07-18 14:00:00,16.51,45.5,24.45,6.186,0.839
2002-07-18 15:00:00,19.82,44.23,23.9,7.036,0.858
2002-07-18 16:00:00,18.02,44.09,25.02,6.529,0.878
2002-07-18 17:00:00,16.8,42.9,27.3,5.046,0.947
2002-07-18 18:00:00,42.22,42.55,28.29,3.578,1.017
2002-07-18 19:00:00,49.78,42.56,28.98,2.104,1.142
2002-07-18 20:00:00,37.49,42.42,27.41,2.853,1.039
2002-07-18 21:00:00,43.6,42.1,25.19,2.85,0.943
2002-07-18 22:00:00,37.76,41.86,23.97,2.304,0.897
2002-07-18 23:00:00,41.32,41.35,23.83,0.5,0.959
2002-07-19 00:00:00,46.87,41.0,21.79,1.499,0.929
2002-07-19 01:00:00,25.21,40.32,20.64,2.372,0.837
2002-07-19 02:00:00,8.486,39.61,18.12,3.883,0.735
2002-07-19 03:00:00,15.7,39.31,18.27,3.463,0.693
2002-07-19 04:00:00,24.97,38.91,16.76,3.475,0.656
2002-07-19 05:00:00,18.98,38.93,17.53,2.572,0.669
2002-07-19 06:00:00,17.48,39.12,19.68,0.5,0.707
2002-07-19 07:00:00,9.205,39.22,20.76,0.5,0.829
2002-07-19 08:00:00,11.53,40.03,20.44,0.5,1.254
2002-07-19 09:00:00,63.59,43.48,17.63,0.5,2.541
2002-07-19 10:00:00,101.9,44.12,25.57,0.5,2.455
2002-07-19 11:00:00,80.14,39.61,30.65,0.5,2.047
2002-07-19 12:00:00,60.51,38.84,33.16,0.5,1.736
2002-07-19 13:00:00,56.37,37.58,37.15,1.133,1.457
2002-07-19 14:00:00,55.74,36.95,43.82,3.06,1.335
2002-07-19 15:00:00,63.69,,,,
2002-07-19 16:00:00,57.64,,,,
2002-07-19 17:00:00,,,,,
2002-07-19 18:00:00,,,,,
2002-07-19 19:00:00,,,,,
2002-07-19 20:00:00,,,,,
2002-07-19 21:00:00,,,,,
2002-07-19 22:00:00,,,,,
2002-07-19 23:00:00,,,,,
2002-07-20 00:00:00,,,,,
2002-07-20 01:00:00,,,,,
2002-07-20 02:00:00,,,,,
2002-07-20 03:00:00,,,,,
2002-07-20 04:00:00,,,,,
2002-07-20 05:00:00,,,,,
2002-07-20 06:00:00,,,,,
2002-07-20 07:00:00,,,,,
2002-07-20 08:00:00,,,,,
2002-07-20 09:00:00,,,,,
2002-07-20 10:00:00,,,,,
2002-07-20 11:00:00,,,,,
2002-07-20 12:00:00,,,,,
2002-07-20 13:00:00,,,,,
2002-07-20 14:00:00,,,,,
2002-07-20 15:00:00,,,,,
2002-07-20 16:00:00,,,,,
2002-07-20 17:00:00,,,,,
2002-07-20 18:00:00,,,,,
2002-07-20 19:00:00,,,,,
2002-07-20 20:00:00,,,,,
2002-07-20 21:00:00,,,,,
2002-07-20 22:00:00,,,,,
2002-07-20 23:00:00,,,,,
2002-07-21 00:00:00,,,,,
2002-07-21 01:00:00,,,,,
2002-07-21 02:00:00,,,,,
2002-07-21 03:00:00,,,,,
2002-07-21 04:00:00,,,,,
2002-07-21 05:00:00,,,,,
2002-07-21 06:00:00,,,,,
2002-07-21 07:00:00,,,,,
2002-07-21 08:00:00,,,,,
2002-07-21 09:00:00,,,,,
2002-07-21 10:00:00,,,,,
2002-07-21 11:00:00,,,,,
2002-07-21 12:00:00,,,,,
2002-07-21 13:00:00,,,,,
2002-07-21 14:00:00,,,,,
2002-07-21 15:00:00,,,,,
2002-07-21 16:00:00,,,,,
2002-07-21 17:00:00,46.99,,,,
2002-07-21 18:00:00,53.19,,,,
2002-07-21 19:00:00,71.57,,,,
2002-07-21 20:00:00,61.13,,,,
2002-07-21 21:00:00,38.4,,,,
2002-07-21 22:00:00,39.54,,,,
2002-07-21 23:00:00,30.07,,,,
2002-07-22 00:00:00,17.54,,,,
2002-07-22 01:00:00,6.837,,,,
2002-07-22 02:00:00,6.894,,,,
2002-07-22 03:00:00,1.625,,,,
2002-07-22 04:00:00,1.625,,,,
2002-07-22 05:00:00,10.69,,,,
2002-07-22 06:00:00,15.21,,,,
2002-07-22 07:00:00,39.21,,,,
2002-07-22 08:00:00,49.63,,,,
2002-07-22 09:00:00,54.63,,,,
2002-07-22 10:00:00,85.49,,,,
2002-07-22 11:00:00,101.8,,,,
2002-07-22 12:00:00,88.21,,,,
2002-07-22 13:00:00,70.22,,,,
2002-07-22 14:00:00,53.48,,,,
2002-07-22 15:00:00,33.39,,,,
2002-07-22 16:00:00,29.88,,,,
2002-07-22 17:00:00,34.38,,,,
2002-07-22 18:00:00,43.67,,,,
2002-07-22 19:00:00,35.03,,,,
2002-07-22 20:00:00,31.36,,,,
2002-07-22 21:00:00,28.26,,,,
2002-07-22 22:00:00,13.94,,,,
2002-07-22 23:00:00,17.3,,,,
2002-07-23 00:00:00,14.14,,,,
2002-07-23 01:00:00,15.55,,,,
2002-07-23 02:00:00,15.55,,,,
2002-07-23 03:00:00,5.54,,,,
2002-07-23 04:00:00,5.54,,,,
2002-07-23 05:00:00,,,,,
2002-07-23 06:00:00,6.941,,,,
2002-07-23 07:00:00,17.63,,,,
2002-07-23 08:00:00,35.41,,,,
2002-07-23 09:00:00,47.45,,,,
2002-07-23 10:00:00,38.58,,,,
2002-07-23 11:00:00,39.11,,,,
2002-07-23 12:00:00,36.1,,,,
2002-07-23 13:00:00,16.93,,,,
2002-07-23 14:00:00,23.9,,,,
2002-07-23 15:00:00,29.54,,,,
2002-07-23 16:00:00,18.4,,,,
2002-07-23 17:00:00,21.72,,,,
2002-07-23 18:00:00,33.94,,,,
2002-07-23 19:00:00,43.33,,,,
2002-07-23 20:00:00,46.56,,,,
2002-07-23 21:00:00,41.44,,,,
2002-07-23 22:00:00,30.0,,,,
2002-07-23 23:00:00,28.49,,,,
2002-07-24 00:00:00,20.61,,,,
2002-07-24 01:00:00,17.6,,,,
2002-07-24 02:00:00,13.37,,,,
2002-07-24 03:00:00,0.555,,,,
2002-07-24 04:00:00,,,,,
2002-07-24 05:00:00,7.27,,,,
2002-07-24 06:00:00,7.27,,,,
2002-07-24 07:00:00,8.172,,,,
2002-07-24 08:00:00,16.69,,,,
2002-07-24 09:00:00,32.77,,,,
2002-07-24 10:00:00,62.69,,,,
2002-07-24 11:00:00,52.91,,,,
2002-07-24 12:00:00,66.14,,,,
2002-07-24 13:00:00,102.8,,,,
2002-07-24 14:00:00,93.12,,,,
2002-07-24 15:00:00,91.87,,,,
2002-07-24 16:00:00,81.43,,,,
2002-07-24 17:00:00,78.48,,,,
2002-07-24 18:00:00,93.44,,,,
2002-07-24 19:00:00,112.0,,,,
2002-07-24 20:00:00,131.6,,,,
2002-07-24 21:00:00,122.7,,,,
2002-07-24 22:00:00,155.7,,,,
2002-07-24 23:00:00,161.5,,,,
2002-07-25 00:00:00,125.9,,,,
2002-07-25 01:00:00,97.59,,,,
2002-07-25 02:00:00,71.48,,,,
2002-07-25 03:00:00,58.2,,,,
2002-07-25 04:00:00,35.86,,,,
2002-07-25 05:00:00,41.16,,,,
2002-07-25 06:00:00,51.68,,,,
2002-07-25 07:00:00,25.25,,,,
2002-07-25 08:00:00,7.505,,,,
2002-07-25 09:00:00,17.84,,,,
2002-07-25 10:00:00,32.31,,,,
2002-07-25 11:00:00,31.79,,,,
2002-07-25 12:00:00,23.83,,,,
2002-07-25 13:00:00,16.06,,,,
2002-07-25 14:00:00,8.953,,,,
2002-07-25 15:00:00,24.6,,,,
2002-07-25 16:00:00,26.25,,,,
2002-07-25 17:00:00,33.99,,,,
2002-07-25 18:00:00,41.26,57.03,17.88,0.5,
2002-07-25 19:00:00,23.88,84.22,7.814,0.5,
2002-07-25 20:00:00,20.61,86.21,2.669,0.5,
2002-07-25 21:00:00,27.94,84.41,4.641,0.5,
2002-07-25 22:00:00,23.96,80.19,8.215,0.5,
2002-07-25 23:00:00,20.73,77.23,10.37,0.5,
2002-07-26 00:00:00,21.45,74.0,10.62,1.4,
2002-07-26 01:00:00,10.43,59.0,10.95,1.996,
2002-07-26 02:00:00,11.54,53.8,10.24,3.817,
2002-07-26 03:00:00,21.81,48.19,9.026,6.022,
2002-07-26 04:00:00,11.52,44.81,8.871,6.491,
2002-07-26 05:00:00,2.447,41.56,8.084,8.064,
2002-07-26 06:00:00,5.172,38.12,9.874,8.413,
2002-07-26 07:00:00,10.64,35.4,14.1,4.792,
2002-07-26 08:00:00,14.71,34.11,17.54,1.86,
2002-07-26 09:00:00,24.62,34.54,16.74,1.144,
2002-07-26 10:00:00,29.83,35.1,17.35,1.283,
2002-07-26 11:00:00,33.27,34.98,15.19,0.5,
2002-07-26 12:00:00,45.74,33.65,26.3,0.5,
2002-07-26 13:00:00,34.01,36.3,15.62,0.5,
2002-07-26 14:00:00,12.83,37.44,10.83,0.5,
2002-07-26 15:00:00,26.11,35.84,13.18,0.5,
2002-07-26 16:00:00,24.01,35.91,18.36,0.5,
2002-07-26 17:00:00,17.56,37.04,17.84,0.5,
2002-07-26 18:00:00,29.32,37.32,19.39,0.5,
2002-07-26 19:00:00,25.42,38.51,22.48,1.707,
2002-07-26 20:00:00,12.18,36.46,24.99,3.007,
2002-07-26 21:00:00,12.76,32.14,23.26,6.671,
2002-07-26 22:00:00,12.73,31.23,23.15,6.51,
2002-07-26 23:00:00,6.904,30.27,26.01,4.653,
2002-07-27 00:00:00,13.8,30.88,22.07,5.764,
2002-07-27 01:00:00,6.891,36.04,19.01,8.128,
2002-07-27 02:00:00,,37.11,16.7,9.214,
2002-07-27 03:00:00,11.21,36.67,17.66,5.757,
2002-07-27 04:00:00,11.14,36.52,13.98,6.465,
2002-07-27 05:00:00,,37.98,12.71,5.166,
2002-07-27 06:00:00,,39.46,10.57,4.578,
2002-07-27 07:00:00,4.998,40.88,10.71,3.571,
2002-07-27 08:00:00,11.84,40.96,12.26,3.693,
2002-07-27 09:00:00,15.21,42.19,13.43,3.718,
2002-07-27 10:00:00,13.63,43.64,14.25,4.05,
2002-07-27 11:00:00,14.79,44.79,16.09,2.549,
2002-07-27 12:00:00,9.46,48.87,18.76,4.711,
2002-07-27 13:00:00,16.38,50.01,20.0,4.452,
2002-07-27 14:00:00,19.19,52.47,17.37,4.378,
2002-07-27 15:00:00,10.22,53.28,16.0,3.521,
2002-07-27 16:00:00,13.41,53.42,15.18,4.326,
2002-07-27 17:00:00,13.89,53.16,14.81,5.425,
2002-07-27 18:00:00,11.04,49.97,17.89,5.613,
2002-07-27 19:00:00,7.621,49.07,18.72,2.94,
2002-07-27 20:00:00,22.92,46.98,14.65,2.029,
2002-07-27 21:00:00,28.91,46.04,13.71,4.438,
2002-07-27 22:00:00,18.62,41.48,15.71,6.265,
2002-07-27 23:00:00,8.423,37.6,13.42,8.666,
2002-07-28 00:00:00,3.316,33.46,14.54,8.303,
2002-07-28 01:00:00,6.812,45.83,13.29,7.618,
2002-07-28 02:00:00,10.5,42.19,11.25,8.749,
2002-07-28 03:00:00,15.47,39.77,10.36,8.658,
2002-07-28 04:00:00,14.24,37.51,8.132,8.878,
2002-07-28 05:00:00,7.4,35.63,7.72,8.642,
2002-07-28 06:00:00,3.805,34.02,7.962,5.662,
2002-07-28 07:00:00,10.44,32.31,9.526,4.711,
2002-07-28 08:00:00,14.27,31.69,9.679,3.157,
2002-07-28 09:00:00,9.163,30.69,8.873,3.501,
2002-07-28 10:00:00,18.48,32.08,10.31,5.247,
2002-07-28 11:00:00,15.0,32.53,12.02,6.203,
2002-07-28 12:00:00,10.93,34.16,13.85,5.83,
2002-07-28 13:00:00,10.89,33.01,14.44,7.574,
2002-07-28 14:00:00,0.095,32.13,15.15,7.282,
2002-07-28 15:00:00,8.767,30.85,16.44,7.588,
2002-07-28 16:00:00,8.553,29.98,19.31,7.926,
2002-07-28 17:00:00,,28.34,20.31,8.594,
2002-07-28 18:00:00,9.933,28.24,22.19,2.926,
2002-07-28 19:00:00,16.41,29.57,17.8,1.171,
2002-07-28 20:00:00,25.49,31.82,14.25,0.5,
2002-07-28 21:00:00,34.19,30.13,15.77,0.5,
2002-07-28 22:00:00,30.61,31.81,5.144,0.5,
2002-07-28 23:00:00,78.08,44.45,0.175,1.0,
2002-07-29 00:00:00,118.9,49.3,0.175,0.5,
2002-07-29 01:00:00,108.4,33.04,0.175,0.5,
2002-07-29 02:00:00,84.61,30.58,2.647,0.5,
2002-07-29 03:00:00,59.87,26.74,5.877,0.5,
2002-07-29 04:00:00,35.04,21.17,7.426,0.5,
2002-07-29 05:00:00,8.486,20.21,5.907,0.5,
2002-07-29 06:00:00,23.59,18.65,2.129,0.5,
2002-07-29 07:00:00,49.82,22.14,0.175,0.5,
2002-07-29 08:00:00,68.3,28.84,0.175,0.5,
2002-07-29 09:00:00,102.3,40.79,0.175,0.5,
2002-07-29 10:00:00,88.38,44.27,0.175,0.5,
2002-07-29 11:00:00,45.25,42.55,7.457,2.072,
2002-07-29 12:00:00,29.5,40.85,14.9,3.992,
2002-07-29 13:00:00,13.91,41.47,18.06,5.807,
2002-07-29 14:00:00,9.844,40.19,21.19,7.242,
2002-07-29 15:00:00,8.459,41.75,23.9,6.25,
2002-07-29 16:00:00,18.68,41.79,27.6,4.228,
2002-07-29 17:00:00,33.43,44.69,34.83,3.049,
2002-07-29 18:00:00,38.61,46.9,29.57,1.679,
2002-07-29 19:00:00,51.49,51.63,20.58,0.5,
2002-07-29 20:00:00,57.77,55.45,8.34,0.5,
2002-07-29 21:00:00,73.61,58.2,1.029,0.5,
2002-07-29 22:00:00,83.89,58.1,6.749,0.5,
2002-07-29 23:00:00,59.97,56.64,6.415,0.5,
2002-07-30 00:00:00,47.33,57.56,5.275,0.5,
2002-07-30 01:00:00,45.46,44.32,6.823,0.5,
2002-07-30 02:00:00,47.51,40.5,9.242,0.5,
2002-07-30 03:00:00,63.96,38.29,10.52,0.5,
2002-07-30 04:00:00,48.84,36.98,5.699,0.5,
2002-07-30 05:00:00,35.89,40.22,2.407,0.5,
2002-07-30 06:00:00,47.98,41.38,2.486,0.5,
2002-07-30 07:00:00,51.54,43.39,0.175,0.5,
2002-07-30 08:00:00,66.13,49.38,0.175,0.5,
2002-07-30 09:00:00,106.9,68.27,0.175,0.5,
2002-07-30 10:00:00,117.0,82.81,0.175,0.5,
2002-07-30 11:00:00,116.9,83.52,0.175,0.5,
2002-07-30 12:00:00,96.0,78.78,0.175,0.5,
2002-07-30 13:00:00,42.3,75.21,0.841,0.5,
2002-07-30 14:00:00,63.46,79.12,0.175,0.5,
2002-07-30 15:00:00,79.68,80.49,0.175,0.5,
2002-07-30 16:00:00,87.4,85.69,0.175,0.5,
2002-07-30 17:00:00,69.1,82.99,0.175,0.5,
2002-07-30 18:00:00,49.61,82.43,0.455,0.5,
2002-07-30 19:00:00,84.77,86.94,0.372,0.5,
2002-07-30 20:00:00,81.23,88.66,0.175,0.5,
2002-07-30 21:00:00,59.03,83.51,4.891,0.5,
2002-07-30 22:00:00,36.65,71.4,13.02,4.053,
2002-07-30 23:00:00,17.19,66.6,17.92,5.448,
2002-07-31 00:00:00,18.75,65.4,20.67,3.037,
2002-07-31 01:00:00,25.56,58.89,20.04,1.393,
2002-07-31 02:00:00,14.75,57.98,18.34,0.5,
2002-07-31 03:00:00,9.409,57.29,15.95,0.5,
2002-07-31 04:00:00,5.94,55.56,12.67,0.5,
2002-07-31 05:00:00,,54.47,11.83,0.5,
2002-07-31 06:00:00,16.37,54.73,5.226,0.5,
2002-07-31 07:00:00,43.42,57.16,0.175,0.5,
2002-07-31 08:00:00,60.4,60.05,0.175,0.5,
2002-07-31 09:00:00,70.68,66.51,0.175,0.5,
2002-07-31 10:00:00,85.39,73.25,0.175,0.5,
2002-07-31 11:00:00,94.02,75.13,0.175,0.5,
2002-07-31 12:00:00,76.75,85.24,0.175,0.5,
2002-07-31 13:00:00,52.64,78.68,2.238,0.5,
2002-07-31 14:00:00,46.54,73.63,6.015,1.108,
2002-07-31 15:00:00,42.78,70.88,5.549,0.5,
2002-07-31 16:00:00,17.98,70.16,6.282,0.5,
2002-07-31 17:00:00,40.04,70.48,10.12,0.5,
2002-07-31 18:00:00,57.28,66.39,11.61,0.5,
2002-07-31 19:00:00,35.94,64.79,11.07,0.5,
2002-07-31 20:00:00,33.91,63.2,14.91,0.5,
2002-07-31 21:00:00,34.69,60.58,16.43,1.382,
2002-07-31 22:00:00,29.39,57.1,15.36,2.363,
2002-07-31 23:00:00,11.13,54.01,16.32,3.696,
2002-08-01 00:00:00,9.098,51.13,16.21,4.526,
2002-08-01 01:00:00,15.73,65.19,15.4,6.953,
2002-08-01 02:00:00,19.94,61.41,14.27,10.06,
2002-08-01 03:00:00,18.51,58.04,13.02,12.24,
2002-08-01 04:00:00,9.57,53.99,13.41,13.14,
2002-08-01 05:00:00,3.367,51.51,13.52,12.23,
2002-08-01 06:00:00,12.03,50.61,15.2,10.77,
2002-08-01 07:00:00,11.67,47.66,20.08,6.131,
2002-08-01 08:00:00,13.68,46.43,21.52,2.946,
2002-08-01 09:00:00,24.54,45.3,18.98,1.326,
2002-08-01 10:00:00,27.11,44.3,19.38,1.821,
2002-08-01 11:00:00,40.15,43.05,17.66,2.136,
2002-08-01 12:00:00,27.69,41.05,17.8,2.65,
2002-08-01 13:00:00,20.64,38.56,18.74,2.799,
2002-08-01 14:00:00,16.68,36.9,18.86,3.111,
2002-08-01 15:00:00,7.657,34.73,18.96,2.051,
2002-08-01 16:00:00,21.71,33.8,19.05,1.686,
2002-08-01 17:00:00,21.23,33.36,17.85,1.003,
2002-08-01 18:00:00,19.61,32.2,19.48,1.093,1.023
2002-08-01 19:00:00,28.37,30.89,18.8,0.5,1.13
2002-08-01 20:00:00,31.63,30.21,21.02,0.5,1.025
2002-08-01 21:00:00,30.51,27.08,23.83,1.371,0.956
2002-08-01 22:00:00,23.19,25.17,25.24,2.408,0.69
2002-08-01 23:00:00,27.94,23.7,25.44,3.287,0.505
2002-08-02 00:00:00,29.99,20.91,24.98,4.383,0.392
2002-08-02 01:00:00,23.0,40.22,22.62,7.615,0.313
2002-08-02 02:00:00,12.4,37.5,19.56,9.682,0.35
2002-08-02 03:00:00,,35.66,18.7,10.85,0.28
2002-08-02 04:00:00,,34.88,17.32,9.553,0.312
2002-08-02 05:00:00,1.68,34.7,16.76,9.279,0.262
2002-08-02 06:00:00,11.93,33.79,18.48,6.655,0.287
2002-08-02 07:00:00,20.78,33.37,21.38,2.869,0.341
2002-08-02 08:00:00,13.06,33.82,19.1,0.5,0.634
2002-08-02 09:00:00,27.86,37.14,15.92,0.5,0.958
2002-08-02 10:00:00,50.45,39.59,16.06,0.5,1.075
2002-08-02 11:00:00,46.21,41.64,17.66,1.436,0.972
2002-08-02 12:00:00,29.56,43.37,18.1,1.457,0.857
2002-08-02 13:00:00,24.55,44.08,19.48,3.033,0.87
2002-08-02 14:00:00,26.11,44.0,20.32,2.911,0.804
2002-08-02 15:00:00,27.03,45.06,18.7,0.5,1.09
2002-08-02 16:00:00,31.94,47.34,19.6,1.654,1.43
2002-08-02 17:00:00,31.78,50.6,19.82,0.5,1.536
2002-08-02 18:00:00,42.12,53.25,20.18,0.5,1.726
2002-08-02 19:00:00,40.91,56.09,19.8,0.5,1.974
2002-08-02 20:00:00,40.65,61.03,15.37,0.5,2.085
2002-08-02 21:00:00,44.55,61.81,16.71,0.5,1.722
2002-08-02 22:00:00,30.58,63.18,15.55,0.5,1.599
2002-08-02 23:00:00,23.21,62.44,18.91,4.175,1.115
2002-08-03 00:00:00,11.97,61.29,20.94,4.571,0.884
2002-08-03 01:00:00,8.764,44.27,18.77,9.79,0.678
2002-08-03 02:00:00,8.691,44.89,17.28,11.14,0.585
2002-08-03 03:00:00,3.233,47.17,18.16,6.65,0.619
2002-08-03 04:00:00,3.188,49.12,17.93,3.55,0.68
2002-08-03 05:00:00,2.276,50.99,15.07,0.5,0.703
2002-08-03 06:00:00,7.994,53.39,7.459,0.5,0.889
2002-08-03 07:00:00,12.23,57.41,2.017,0.5,1.098
2002-08-03 08:00:00,35.18,61.43,0.175,0.5,1.026
2002-08-03 09:00:00,28.4,63.78,0.175,0.5,0.921
2002-08-03 10:00:00,10.93,65.15,0.585,0.5,0.988
2002-08-03 11:00:00,18.23,67.73,1.418,0.5,0.928
2002-08-03 12:00:00,12.33,69.39,2.379,1.396,0.806
2002-08-03 13:00:00,10.4,70.83,4.005,1.624,0.777
2002-08-03 14:00:00,15.7,72.0,6.179,2.199,0.695
2002-08-03 15:00:00,10.23,72.05,13.9,5.41,0.661
2002-08-03 16:00:00,0.01,69.38,19.72,4.724,0.754
2002-08-03 17:00:00,5.198,67.67,21.56,2.757,0.871
2002-08-03 18:00:00,25.74,67.54,20.4,0.5,0.958
2002-08-03 19:00:00,28.66,65.68,18.81,0.5,1.178
2002-08-03 20:00:00,22.65,63.72,19.68,1.033,1.083
2002-08-03 21:00:00,37.69,62.81,19.96,1.007,1.069
2002-08-03 22:00:00,31.6,58.65,20.81,1.032,0.99
2002-08-03 23:00:00,17.66,57.62,21.34,0.5,0.991
2002-08-04 00:00:00,17.45,57.18,21.46,1.26,0.906
2002-08-04 01:00:00,23.99,58.99,20.04,3.522,0.803
2002-08-04 02:00:00,17.68,55.66,16.83,4.683,0.679
2002-08-04 03:00:00,8.59,53.22,17.23,3.867,0.675
2002-08-04 04:00:00,6.446,52.92,17.81,2.836,0.677
2002-08-04 05:00:00,2.743,52.64,15.23,4.375,0.639
2002-08-04 06:00:00,16.31,51.66,16.11,4.545,0.636
2002-08-04 07:00:00,17.33,52.5,19.23,2.312,0.645
2002-08-04 08:00:00,18.38,52.34,17.64,4.694,0.652
2002-08-04 09:00:00,25.08,52.15,16.47,2.444,0.583
2002-08-04 10:00:00,30.98,54.55,11.48,1.947,0.602
2002-08-04 11:00:00,20.17,54.64,15.13,4.779,0.543
2002-08-04 12:00:00,5.067,56.05,16.02,3.633,0.658
2002-08-04 13:00:00,12.76,55.36,14.4,3.756,0.847
2002-08-04 14:00:00,7.704,55.88,16.16,4.392,0.723
2002-08-04 15:00:00,7.25,55.41,17.99,2.763,0.708
2002-08-04 16:00:00,20.39,55.89,17.97,2.822,0.869
2002-08-04 17:00:00,20.23,55.98,15.87,2.618,0.934
2002-08-04 18:00:00,21.77,56.36,15.57,0.5,1.096
2002-08-04 19:00:00,23.31,57.39,17.31,1.562,1.048
2002-08-04 20:00:00,24.86,57.77,12.64,0.5,1.528
2002-08-04 21:00:00,39.25,60.28,6.21,0.5,1.525
2002-08-04 22:00:00,36.08,60.26,8.526,0.5,1.406
2002-08-04 23:00:00,40.25,60.43,5.643,0.5,1.523
2002-08-05 00:00:00,46.64,61.09,2.663,0.5,1.52
2002-08-05 01:00:00,35.11,60.14,0.796,0.5,1.212
2002-08-05 02:00:00,28.7,57.79,0.175,0.5,1.091
2002-08-05 03:00:00,27.23,54.93,0.481,0.5,0.831
2002-08-05 04:00:00,26.24,52.25,0.7,0.5,0.685
2002-08-05 05:00:00,12.07,48.1,0.175,0.5,0.631
2002-08-05 06:00:00,0.85,47.69,0.175,0.5,0.839
2002-08-05 07:00:00,16.65,46.83,0.175,0.5,0.852
2002-08-05 08:00:00,35.41,46.75,0.175,0.5,0.926
2002-08-05 09:00:00,33.76,48.43,0.175,0.5,1.268
2002-08-05 10:00:00,51.77,51.05,0.175,0.5,1.458
2002-08-05 11:00:00,54.69,54.33,0.175,0.5,1.297
2002-08-05 12:00:00,36.92,55.9,0.175,0.5,1.275
2002-08-05 13:00:00,53.3,57.91,4.246,2.022,1.111
2002-08-05 14:00:00,34.95,58.08,25.07,4.884,0.984
2002-08-05 15:00:00,16.91,57.63,35.78,2.299,1.13
2002-08-05 16:00:00,49.2,56.18,30.54,2.769,1.178
2002-08-05 17:00:00,39.26,55.25,21.21,3.59,0.943
2002-08-05 18:00:00,22.6,53.72,17.0,1.183,1.059
2002-08-05 19:00:00,38.3,55.06,13.36,0.5,1.451
2002-08-05 20:00:00,40.71,55.55,11.75,0.5,1.5
2002-08-05 21:00:00,29.1,56.04,9.168,0.5,1.581
2002-08-05 22:00:00,35.56,54.09,11.31,0.5,1.251
2002-08-05 23:00:00,48.32,52.42,10.17,0.5,1.18
2002-08-06 00:00:00,26.95,51.16,8.848,0.5,1.169
2002-08-06 01:00:00,27.18,52.63,11.37,0.5,1.047
2002-08-06 02:00:00,30.49,51.23,14.4,0.5,0.915
2002-08-06 03:00:00,14.19,48.42,12.51,4.541,0.663
2002-08-06 04:00:00,8.716,45.76,11.38,4.775,0.543
2002-08-06 05:00:00,2.324,45.37,12.13,4.753,0.634
2002-08-06 06:00:00,24.37,44.4,14.4,6.967,0.64
2002-08-06 07:00:00,33.34,43.16,18.25,2.26,0.7
2002-08-06 08:00:00,42.36,45.43,14.93,0.5,1.042
2002-08-06 09:00:00,53.34,50.41,12.51,0.5,1.293
2002-08-06 10:00:00,51.65,53.24,13.31,0.5,1.269
2002-08-06 11:00:00,45.2,53.98,15.23,1.812,1.177
2002-08-06 12:00:00,41.63,54.78,16.48,1.928,1.133
2002-08-06 13:00:00,32.06,56.12,16.04,2.232,1.143
2002-08-06 14:00:00,16.72,56.57,16.37,1.896,1.114
2002-08-06 15:00:00,34.59,58.24,16.86,1.501,1.295
2002-08-06 16:00:00,27.54,57.32,16.6,3.171,1.21
2002-08-06 17:00:00,24.43,56.95,16.81,2.964,1.052
2002-08-06 18:00:00,39.72,56.68,15.71,0.5,1.199
2002-08-06 19:00:00,36.27,56.89,18.56,0.5,1.309
2002-08-06 20:00:00,28.95,55.85,18.56,0.5,1.299
2002-08-06 21:00:00,33.19,54.26,19.03,1.375,1.091
2002-08-06 22:00:00,25.68,52.52,19.82,3.085,0.908
2002-08-06 23:00:00,25.34,49.9,20.0,2.145,0.892
2002-08-07 00:00:00,23.73,48.37,21.03,2.171,0.811
2002-08-07 01:00:00,23.64,54.19,21.16,2.314,0.723
2002-08-07 02:00:00,24.04,51.97,18.22,4.089,0.638
2002-08-07 03:00:00,15.74,50.76,17.77,4.439,0.655
2002-08-07 04:00:00,10.87,49.56,16.78,5.332,0.69
2002-08-07 05:00:00,,49.23,16.33,4.258,0.673
2002-08-07 06:00:00,14.31,47.19,17.75,1.667,0.703
2002-08-07 07:00:00,29.91,47.74,12.28,0.5,0.803
2002-08-07 08:00:00,28.42,50.77,1.918,0.5,1.309
2002-08-07 09:00:00,47.49,58.9,0.175,0.5,2.061
2002-08-07 10:00:00,75.25,66.06,0.175,0.5,1.973
2002-08-07 11:00:00,82.02,69.37,6.306,0.5,1.765
2002-08-07 12:00:00,63.66,69.72,14.42,1.117,1.647
2002-08-07 13:00:00,50.15,69.2,17.15,1.821,1.464
2002-08-07 14:00:00,48.57,67.86,19.3,1.14,1.508
2002-08-07 15:00:00,54.06,73.36,16.92,1.067,1.872
2002-08-07 16:00:00,40.74,75.72,17.71,2.842,1.515
2002-08-07 17:00:00,37.01,73.89,17.49,2.268,1.233
2002-08-07 18:00:00,50.84,73.63,17.35,1.026,1.428
2002-08-07 19:00:00,48.6,75.53,15.4,1.014,1.511
2002-08-07 20:00:00,50.45,72.96,17.23,3.59,1.198
2002-08-07 21:00:00,23.54,72.34,17.46,3.469,0.974
2002-08-07 22:00:00,21.78,72.8,16.2,2.384,1.049
2002-08-07 23:00:00,38.14,70.43,16.65,3.551,0.918
2002-08-08 00:00:00,23.34,69.92,15.28,5.822,0.817
2002-08-08 01:00:00,17.27,63.46,15.19,4.95,0.898
2002-08-08 02:00:00,22.02,62.86,13.67,4.729,0.788
2002-08-08 03:00:00,30.04,62.57,14.74,1.656,0.784
2002-08-08 04:00:00,36.5,66.33,13.0,0.5,0.836
2002-08-08 05:00:00,32.6,67.65,7.754,0.5,0.814
2002-08-08 06:00:00,24.65,68.06,5.288,0.5,0.868
2002-08-08 07:00:00,29.91,67.78,5.487,0.5,1.03
2002-08-08 08:00:00,58.52,71.33,0.175,0.5,1.552
2002-08-08 09:00:00,73.7,79.89,0.175,0.5,2.37
2002-08-08 10:00:00,100.1,88.43,0.175,0.5,2.604
2002-08-08 11:00:00,113.5,88.23,0.807,0.5,1.723
2002-08-08 12:00:00,62.53,85.15,6.629,1.562,1.25
2002-08-08 13:00:00,35.14,82.2,8.108,2.489,1.094
2002-08-08 14:00:00,38.22,81.0,9.902,0.5,1.195
2002-08-08 15:00:00,39.6,79.94,13.3,0.5,1.423
2002-08-08 16:00:00,38.78,79.0,14.61,0.5,1.476
2002-08-08 17:00:00,29.23,79.4,10.98,0.5,1.635
2002-08-08 18:00:00,29.67,80.18,13.18,0.5,1.844
2002-08-08 19:00:00,42.59,80.93,14.05,0.5,2.216
2002-08-08 20:00:00,54.87,81.96,15.04,0.5,2.19
2002-08-08 21:00:00,41.71,78.09,20.25,0.5,1.557
2002-08-08 22:00:00,12.69,74.26,22.47,3.096,1.238
2002-08-08 23:00:00,9.44,71.58,22.18,6.179,1.058
2002-08-09 00:00:00,9.154,68.61,22.18,6.532,1.017
2002-08-09 01:00:00,16.34,62.41,20.44,8.136,0.957
2002-08-09 02:00:00,18.05,62.58,18.01,10.22,0.816
2002-08-09 03:00:00,6.646,60.02,15.38,12.06,0.75
2002-08-09 04:00:00,4.75,59.5,14.05,12.21,0.751
2002-08-09 05:00:00,1.554,58.2,13.04,13.18,0.662
2002-08-09 06:00:00,17.63,58.59,17.09,12.97,0.585
2002-08-09 07:00:00,15.92,58.2,21.75,4.198,0.679
2002-08-09 08:00:00,6.065,59.69,14.81,0.5,1.148
2002-08-09 09:00:00,30.22,65.72,8.819,0.5,1.538
2002-08-09 10:00:00,28.13,63.45,12.33,2.712,1.018
2002-08-09 11:00:00,24.26,62.58,20.24,3.057,0.934
2002-08-09 12:00:00,30.16,61.61,18.53,3.979,0.926
2002-08-09 13:00:00,10.02,61.23,18.27,3.744,0.808
2002-08-09 14:00:00,11.06,61.44,16.6,4.29,0.801
2002-08-09 15:00:00,17.76,61.71,18.81,5.046,0.89
2002-08-09 16:00:00,7.51,62.39,17.29,3.621,1.233
2002-08-09 17:00:00,16.42,63.26,15.84,3.292,1.081
2002-08-09 18:00:00,20.34,60.89,17.3,1.984,1.162
2002-08-09 19:00:00,24.1,59.53,16.1,0.5,1.296
2002-08-09 20:00:00,31.4,57.77,17.33,1.629,1.134
2002-08-09 21:00:00,32.83,54.54,18.99,3.167,0.859
2002-08-09 22:00:00,35.11,51.56,19.22,4.093,0.789
2002-08-09 23:00:00,22.45,46.85,18.35,1.458,0.788
2002-08-10 00:00:00,15.27,45.98,14.36,0.5,1.045
2002-08-10 01:00:00,17.37,54.42,16.02,0.5,0.929
2002-08-10 02:00:00,32.85,50.5,14.72,0.5,0.937
2002-08-10 03:00:00,31.55,46.67,13.29,3.783,0.69
2002-08-10 04:00:00,8.632,42.78,12.23,2.86,0.582
2002-08-10 05:00:00,9.626,40.66,11.33,1.819,0.636
2002-08-10 06:00:00,14.72,39.13,10.44,0.5,0.766
2002-08-10 07:00:00,18.86,37.94,7.403,0.5,0.746
2002-08-10 08:00:00,22.87,37.59,2.315,0.5,0.973
2002-08-10 09:00:00,31.3,40.96,1.235,0.5,1.028
2002-08-10 10:00:00,30.32,43.53,8.652,1.858,0.915
2002-08-10 11:00:00,19.21,43.22,15.72,3.826,0.813
2002-08-10 12:00:00,23.45,43.73,20.94,4.594,0.754
2002-08-10 13:00:00,24.88,44.22,20.62,5.607,0.715
2002-08-10 14:00:00,20.74,42.82,22.7,7.222,0.622
2002-08-10 15:00:00,11.71,40.62,25.49,8.46,0.528
2002-08-10 16:00:00,3.109,40.23,27.04,5.546,0.596
2002-08-10 17:00:00,6.403,40.39,27.38,4.978,0.661
2002-08-10 18:00:00,20.42,40.3,27.25,2.005,0.95
2002-08-10 19:00:00,44.98,44.16,18.69,0.5,1.554
2002-08-10 20:00:00,60.79,50.68,8.287,0.5,2.29
2002-08-10 21:00:00,98.65,66.08,0.175,1.003,5.332
2002-08-10 22:00:00,135.3,82.68,0.175,0.5,6.14
2002-08-10 23:00:00,141.5,90.18,0.175,0.5,6.196
2002-08-11 00:00:00,160.8,95.15,0.175,1.042,6.123
2002-08-11 01:00:00,162.9,46.45,0.175,1.0,5.289
2002-08-11 02:00:00,159.7,43.67,0.175,0.5,3.729
2002-08-11 03:00:00,107.5,31.97,6.577,0.5,1.903
2002-08-11 04:00:00,33.17,21.95,11.5,0.5,1.223
2002-08-11 05:00:00,19.04,16.18,10.93,0.5,1.218
2002-08-11 06:00:00,32.29,14.65,5.817,0.5,1.33
2002-08-11 07:00:00,34.18,14.63,0.71,0.5,1.283
2002-08-11 08:00:00,23.68,12.33,2.903,0.5,0.938
2002-08-11 09:00:00,32.48,11.12,7.115,0.5,0.756
2002-08-11 10:00:00,21.27,14.06,8.164,1.894,0.71
2002-08-11 11:00:00,20.19,14.14,18.92,6.467,0.625
2002-08-11 12:00:00,29.97,15.53,25.56,9.156,0.594
2002-08-11 13:00:00,24.24,16.03,30.3,14.66,0.588
2002-08-11 14:00:00,21.72,14.49,31.26,15.47,0.684
2002-08-11 15:00:00,32.89,12.15,32.8,17.75,0.801
2002-08-11 16:00:00,30.26,11.94,44.29,15.96,0.729
2002-08-11 17:00:00,21.05,13.31,,7.592,0.871
2002-08-11 18:00:00,37.04,16.36,,2.028,0.979
2002-08-11 19:00:00,47.21,22.27,,0.5,2.141
2002-08-11 20:00:00,68.26,34.9,,0.5,3.277
2002-08-11 21:00:00,103.1,53.08,,1.019,6.357
2002-08-11 22:00:00,127.5,71.42,,0.5,6.977
2002-08-11 23:00:00,143.1,78.45,,0.5,6.748
2002-08-12 00:00:00,170.1,85.89,,0.5,6.17
2002-08-12 01:00:00,152.7,63.07,,0.5,5.604
2002-08-12 02:00:00,133.1,63.74,,0.5,4.984
2002-08-12 03:00:00,153.3,60.89,,0.5,3.17
2002-08-12 04:00:00,107.7,48.04,,0.5,1.564
2002-08-12 05:00:00,53.69,40.11,,0.5,1.412
2002-08-12 06:00:00,32.7,37.33,,0.5,1.349
2002-08-12 07:00:00,38.06,38.27,,0.5,1.553
2002-08-12 08:00:00,65.99,38.2,,0.5,1.404
2002-08-12 09:00:00,63.42,41.06,,0.5,1.624
2002-08-12 10:00:00,101.9,46.0,,0.5,1.511
2002-08-12 11:00:00,94.18,44.92,,1.36,1.24
2002-08-12 12:00:00,45.51,,,,
2002-08-12 13:00:00,44.84,17.97,24.71,4.994,0.958
2002-08-12 14:00:00,37.79,19.68,23.35,3.401,1.255
2002-08-12 15:00:00,42.35,16.87,25.39,2.939,1.635
2002-08-12 16:00:00,52.2,14.17,27.14,2.2,1.627
2002-08-12 17:00:00,56.79,19.12,24.15,0.5,2.146
2002-08-12 18:00:00,90.92,26.46,15.41,0.5,2.492
2002-08-12 19:00:00,96.87,27.08,15.47,0.5,2.126
2002-08-12 20:00:00,67.89,20.23,17.16,0.5,1.848
2002-08-12 21:00:00,68.16,14.46,19.49,0.5,1.439
2002-08-12 22:00:00,54.56,10.56,21.01,0.5,1.428
2002-08-12 23:00:00,39.47,7.862,23.98,0.5,1.297
2002-08-13 00:00:00,37.43,5.044,25.3,0.5,1.351
2002-08-13 01:00:00,39.83,55.73,22.15,0.5,1.257
2002-08-13 02:00:00,26.53,53.42,18.95,3.275,0.996
2002-08-13 03:00:00,25.08,52.06,13.38,6.385,0.683
2002-08-13 04:00:00,21.03,51.35,12.17,4.304,0.612
2002-08-13 05:00:00,7.639,51.14,11.96,4.288,0.662
2002-08-13 06:00:00,20.21,51.72,13.28,1.894,0.886
2002-08-13 07:00:00,29.92,53.59,13.19,0.5,0.942
2002-08-13 08:00:00,43.73,55.53,14.98,0.5,1.16
2002-08-13 09:00:00,46.88,57.42,13.92,0.5,1.4
2002-08-13 10:00:00,45.04,61.85,13.94,0.5,1.765
2002-08-13 11:00:00,39.36,65.45,13.31,0.5,2.036
2002-08-13 12:00:00,44.78,66.05,13.32,0.5,1.854
2002-08-13 13:00:00,48.08,66.77,14.03,0.5,1.518
2002-08-13 14:00:00,51.19,66.43,14.61,0.5,1.648
2002-08-13 15:00:00,43.16,67.82,11.22,0.5,2.956
2002-08-13 16:00:00,30.99,74.19,12.48,0.5,3.188
2002-08-13 17:00:00,60.86,76.81,11.72,0.5,3.083
2002-08-13 18:00:00,80.97,80.44,7.666,0.5,3.303
2002-08-13 19:00:00,73.41,82.34,5.66,0.5,3.704
2002-08-13 20:00:00,71.44,84.11,4.581,0.5,3.507
2002-08-13 21:00:00,59.95,81.45,13.91,0.5,2.46
2002-08-13 22:00:00,39.85,76.03,18.2,0.5,1.764
2002-08-13 23:00:00,33.69,71.76,16.3,0.5,1.726
2002-08-14 00:00:00,30.47,69.71,17.16,0.5,1.639
2002-08-14 01:00:00,28.64,63.03,17.88,3.568,1.16
2002-08-14 02:00:00,18.64,58.36,16.05,8.422,0.718
2002-08-14 03:00:00,6.209,53.74,16.05,9.899,0.55
2002-08-14 04:00:00,2.763,50.92,15.31,7.815,0.593
2002-08-14 05:00:00,17.46,48.9,16.13,5.579,0.595
2002-08-14 06:00:00,25.24,46.91,18.32,4.989,0.52
2002-08-14 07:00:00,22.08,44.08,21.45,1.853,0.566
2002-08-14 08:00:00,17.45,44.52,17.04,0.5,0.857
2002-08-14 09:00:00,15.24,46.42,15.49,0.5,1.089
2002-08-14 10:00:00,40.35,46.37,16.25,1.202,1.004
2002-08-14 11:00:00,35.92,43.53,17.08,4.446,0.993
2002-08-14 12:00:00,21.2,41.22,19.24,4.792,1.068
2002-08-14 13:00:00,17.12,38.22,19.09,5.713,0.834
2002-08-14 14:00:00,17.41,35.18,20.16,5.554,0.728
2002-08-14 15:00:00,28.15,32.04,22.07,5.45,0.718
2002-08-14 16:00:00,16.65,29.65,22.46,5.256,0.806
2002-08-14 17:00:00,16.29,26.1,23.71,4.532,0.863
2002-08-14 18:00:00,23.24,23.33,25.46,4.447,0.993
2002-08-14 19:00:00,29.88,22.31,26.4,1.89,1.193
2002-08-14 20:00:00,49.04,21.11,25.33,1.426,1.185
2002-08-14 21:00:00,37.69,19.01,25.06,1.867,1.187
2002-08-14 22:00:00,27.78,16.24,22.98,3.686,1.018
2002-08-14 23:00:00,31.42,12.04,22.65,4.418,0.949
2002-08-15 00:00:00,31.29,11.17,24.62,2.724,0.814
2002-08-15 01:00:00,28.16,33.86,22.68,5.451,0.719
2002-08-15 02:00:00,8.711,32.68,19.6,8.713,0.556
2002-08-15 03:00:00,12.95,29.34,15.55,12.66,0.46
2002-08-15 04:00:00,14.67,26.07,14.94,12.9,0.47
2002-08-15 05:00:00,1.859,25.55,14.38,11.79,0.458
2002-08-15 06:00:00,13.26,24.16,18.9,4.403,0.556
2002-08-15 07:00:00,28.53,26.22,19.23,0.5,0.975
2002-08-15 08:00:00,37.22,27.41,18.91,0.5,1.21
2002-08-15 09:00:00,35.29,31.46,18.7,0.5,1.649
2002-08-15 10:00:00,44.64,33.89,21.8,1.301,1.627
2002-08-15 11:00:00,37.04,32.92,20.08,3.432,1.337
2002-08-15 12:00:00,21.11,32.97,22.64,5.358,1.199
2002-08-15 13:00:00,30.06,32.46,22.77,5.867,1.085
2002-08-15 14:00:00,23.95,31.95,22.58,8.108,1.019
2002-08-15 15:00:00,26.33,32.6,24.99,6.442,1.13
2002-08-15 16:00:00,17.4,34.77,25.99,4.975,1.359
2002-08-15 17:00:00,11.61,36.29,25.31,5.163,1.319
2002-08-15 18:00:00,34.48,38.33,26.21,3.731,1.348
2002-08-15 19:00:00,46.84,41.69,25.84,1.163,1.641
2002-08-15 20:00:00,33.83,45.06,23.69,1.467,1.471
2002-08-15 21:00:00,36.19,45.9,21.73,3.313,1.131
2002-08-15 22:00:00,30.97,46.48,20.8,4.588,1.063
2002-08-15 23:00:00,9.791,48.27,19.76,4.447,1.001
2002-08-16 00:00:00,8.525,49.28,19.14,3.463,0.839
2002-08-16 01:00:00,16.13,53.01,18.26,0.5,0.991
2002-08-16 02:00:00,25.72,55.38,15.48,2.93,0.912
2002-08-16 03:00:00,29.68,56.16,13.01,5.718,0.803
2002-08-16 04:00:00,19.41,57.55,11.22,5.481,0.819
2002-08-16 05:00:00,3.278,58.86,12.13,3.827,0.787
2002-08-16 06:00:00,4.772,61.16,14.0,0.5,1.038
2002-08-16 07:00:00,14.36,64.35,10.44,0.5,1.285
2002-08-16 08:00:00,41.65,70.98,1.985,0.5,1.776
2002-08-16 09:00:00,64.63,83.11,0.382,0.5,2.841
2002-08-16 10:00:00,73.31,92.78,3.036,0.5,3.437
2002-08-16 11:00:00,73.49,95.86,10.99,0.5,2.875
2002-08-16 12:00:00,76.5,94.56,14.98,0.5,2.469
2002-08-16 13:00:00,70.75,94.29,20.32,0.5,2.305
2002-08-16 14:00:00,49.59,98.03,27.28,0.5,2.078
2002-08-16 15:00:00,69.15,102.8,32.33,0.5,2.15
2002-08-16 16:00:00,71.45,105.1,28.84,0.5,1.874
2002-08-16 17:00:00,46.53,105.9,21.9,0.5,2.366
2002-08-16 18:00:00,49.81,96.0,19.84,0.5,2.209
2002-08-16 19:00:00,61.69,97.77,19.0,0.5,2.796
2002-08-16 20:00:00,55.52,97.31,17.52,0.5,2.551
2002-08-16 21:00:00,47.37,92.45,17.04,0.5,2.114
2002-08-16 22:00:00,42.41,88.08,15.98,0.5,1.736
2002-08-16 23:00:00,46.62,86.39,12.59,0.5,1.753
2002-08-17 00:00:00,54.83,85.22,11.03,0.5,1.694
2002-08-17 01:00:00,45.47,67.82,10.66,0.5,1.489
2002-08-17 02:00:00,33.95,64.66,9.292,0.5,1.272
2002-08-17 03:00:00,27.58,63.87,9.719,0.5,1.218
2002-08-17 04:00:00,23.63,63.81,8.145,0.5,1.233
2002-08-17 05:00:00,30.73,62.47,9.203,1.899,0.967
2002-08-17 06:00:00,20.39,62.15,10.56,1.078,1.006
2002-08-17 07:00:00,10.58,62.93,9.927,0.5,0.937
2002-08-17 08:00:00,24.11,64.6,10.92,0.5,1.128
2002-08-17 09:00:00,41.42,67.51,9.215,0.5,1.522
2002-08-17 10:00:00,56.13,69.58,10.73,0.5,1.567
2002-08-17 11:00:00,66.23,71.03,12.76,0.5,1.509
2002-08-17 12:00:00,70.09,73.8,17.13,0.5,1.468
2002-08-17 13:00:00,62.74,72.63,26.89,1.263,1.609
2002-08-17 14:00:00,64.34,73.93,29.08,1.313,1.667
2002-08-17 15:00:00,54.09,72.48,34.06,1.257,1.876
2002-08-17 16:00:00,36.02,71.6,34.42,0.5,2.041
2002-08-17 17:00:00,44.16,68.52,24.51,0.5,2.082
2002-08-17 18:00:00,85.34,73.83,13.97,0.5,2.903
2002-08-17 19:00:00,120.0,81.29,6.8,0.5,3.51
2002-08-17 20:00:00,147.3,89.44,2.579,0.5,4.063
2002-08-17 21:00:00,122.0,86.81,8.786,0.5,2.902
2002-08-17 22:00:00,85.94,82.05,5.715,0.5,2.912
2002-08-17 23:00:00,74.7,77.65,8.222,0.5,2.11
2002-08-18 00:00:00,48.01,79.24,8.071,0.5,2.004
2002-08-18 01:00:00,32.58,80.61,3.971,0.5,1.81
2002-08-18 11:00:00,76.03,179.9,33.93,1.271,1.879
2002-08-18 12:00:00,117.1,148.8,45.29,2.769,1.63
2002-08-18 13:00:00,115.6,124.2,44.91,9.175,1.275
2002-08-18 14:00:00,89.96,116.6,41.48,13.31,0.954
2002-08-18 15:00:00,60.01,118.1,34.33,7.119,0.843
2002-08-18 16:00:00,40.89,122.1,33.0,7.116,0.874
2002-08-18 17:00:00,54.69,129.1,38.93,2.317,1.096
2002-08-18 18:00:00,72.24,121.5,36.57,2.788,1.464
2002-08-18 19:00:00,81.01,94.96,27.2,4.349,1.76
2002-08-18 20:00:00,85.0,66.25,27.79,3.796,1.719
2002-08-18 21:00:00,85.67,42.57,28.4,4.736,1.631
2002-08-18 22:00:00,84.39,26.11,30.79,4.81,1.646
2002-08-18 23:00:00,89.2,15.39,31.37,4.447,1.684
2002-08-19 00:00:00,95.88,5.331,27.68,5.99,1.499
2002-08-19 01:00:00,68.9,56.78,24.73,5.694,1.302
2002-08-19 02:00:00,44.31,52.82,21.77,6.479,1.166
2002-08-19 03:00:00,48.27,49.78,24.62,2.549,1.292
2002-08-19 04:00:00,32.46,51.44,21.64,0.5,1.704
2002-08-19 05:00:00,44.81,52.07,22.57,2.638,1.569
2002-08-19 06:00:00,71.82,49.58,23.53,1.793,1.507
2002-08-19 07:00:00,42.5,47.61,24.45,0.5,1.62
2002-08-19 08:00:00,52.27,51.25,17.22,0.5,2.447
2002-08-19 09:00:00,112.5,57.71,18.58,0.5,3.71
2002-08-19 10:00:00,135.0,65.58,28.98,0.5,3.565
2002-08-19 11:00:00,115.1,78.85,27.7,1.211,2.489
2002-08-19 12:00:00,83.7,91.67,28.71,2.664,1.865
2002-08-19 13:00:00,69.04,105.4,30.19,3.271,1.433
2002-08-19 14:00:00,53.25,122.9,31.03,3.171,1.335
2002-08-19 15:00:00,51.02,146.5,32.04,1.403,1.747
2002-08-19 16:00:00,73.07,163.9,34.61,0.5,2.111
2002-08-19 17:00:00,83.12,176.6,33.24,0.5,2.15
2002-08-19 18:00:00,94.34,156.1,26.33,0.5,1.98
2002-08-19 19:00:00,92.96,134.1,25.83,0.5,2.723
2002-08-19 20:00:00,87.59,110.8,20.52,0.5,2.167
2002-08-19 21:00:00,90.81,82.04,20.57,1.618,1.666
2002-08-19 22:00:00,71.15,70.39,19.48,2.393,1.402
2002-08-19 23:00:00,52.22,64.63,20.27,2.376,1.326
2002-08-20 00:00:00,62.47,58.63,20.62,0.5,1.425
2002-08-20 01:00:00,63.47,49.79,17.06,2.385,1.158
2002-08-20 02:00:00,51.5,40.76,14.06,3.909,0.954
2002-08-20 03:00:00,40.07,36.67,15.24,1.315,1.046
2002-08-20 04:00:00,32.97,33.83,13.63,2.49,1.05
2002-08-20 05:00:00,44.63,32.05,12.8,2.297,1.018
2002-08-20 06:00:00,56.94,29.97,13.13,3.487,0.855
2002-08-20 07:00:00,31.87,26.41,17.5,2.394,0.897
2002-08-20 08:00:00,31.28,26.72,19.22,0.5,1.224
2002-08-20 09:00:00,54.82,27.92,19.93,0.5,1.66
2002-08-20 10:00:00,47.93,28.86,14.55,0.5,1.93
2002-08-20 11:00:00,74.42,31.75,7.271,0.5,2.022
2002-08-20 12:00:00,77.89,35.04,11.32,0.5,2.251
2002-08-20 13:00:00,69.8,37.48,16.23,0.5,2.173
2002-08-20 14:00:00,89.2,43.8,17.97,0.5,2.401
2002-08-20 15:00:00,96.6,43.7,18.25,0.5,2.718
2002-08-20 16:00:00,84.82,47.39,17.66,0.5,2.556
2002-08-20 17:00:00,76.23,50.81,15.85,0.5,2.589
2002-08-20 18:00:00,91.62,54.55,15.13,0.5,2.929
2002-08-20 19:00:00,110.6,59.51,11.2,0.5,3.952
2002-08-20 20:00:00,114.2,63.67,10.26,0.5,3.699
2002-08-20 21:00:00,74.81,64.02,13.15,0.5,2.895
2002-08-20 22:00:00,38.56,58.03,18.67,0.5,2.197
2002-08-20 23:00:00,35.79,57.08,19.37,0.5,1.863
2002-08-21 00:00:00,32.22,53.68,17.51,0.5,1.516
2002-08-21 01:00:00,15.94,48.62,16.34,1.911,1.218
2002-08-21 02:00:00,15.49,45.46,16.18,0.5,1.267
2002-08-21 03:00:00,30.57,42.89,12.86,1.832,1.237
2002-08-21 04:00:00,17.07,40.87,10.61,2.069,1.015
2002-08-21 05:00:00,10.53,39.51,13.7,0.5,1.072
2002-08-21 06:00:00,25.6,38.6,15.28,0.5,1.174
2002-08-21 07:00:00,31.47,38.32,14.55,0.5,1.349
2002-08-21 08:00:00,34.21,37.87,13.01,0.5,1.492
2002-08-21 09:00:00,27.95,37.32,15.06,0.5,1.572
2002-08-21 10:00:00,13.77,37.79,15.24,0.5,1.592
2002-08-21 11:00:00,5.854,38.66,16.65,0.5,1.511
2002-08-21 12:00:00,11.18,38.02,16.79,0.5,1.561
2002-08-21 13:00:00,12.01,37.97,16.01,0.5,1.61
2002-08-21 14:00:00,11.69,36.5,14.75,0.5,1.676
2002-08-21 15:00:00,10.81,36.83,16.2,1.031,1.599
2002-08-21 16:00:00,2.396,37.45,19.6,0.5,1.657
2002-08-21 17:00:00,5.176,38.32,17.88,0.5,1.657
2002-08-21 18:00:00,16.77,38.78,17.12,0.5,1.83
2002-08-21 19:00:00,26.72,39.3,16.53,0.5,2.213
2002-08-21 20:00:00,22.32,40.16,18.01,0.5,1.968
2002-08-21 21:00:00,20.08,40.83,19.82,0.5,1.826
2002-08-21 22:00:00,12.45,39.31,20.8,0.5,1.568
2002-08-21 23:00:00,17.94,37.77,21.99,1.753,1.408
2002-08-22 00:00:00,21.0,37.33,21.15,3.069,1.254
2002-08-22 01:00:00,10.02,43.13,18.84,6.254,1.226
2002-08-22 02:00:00,6.497,41.71,15.79,10.3,1.23
2002-08-22 03:00:00,,39.91,15.09,11.02,1.069
2002-08-22 04:00:00,,37.62,15.2,9.688,0.946
2002-08-22 05:00:00,,36.73,15.03,8.993,0.941
2002-08-22 06:00:00,,34.35,14.81,9.293,0.92
2002-08-22 07:00:00,1.445,33.99,18.84,4.875,1.028
2002-08-22 08:00:00,14.37,34.02,19.89,0.5,1.23
2002-08-22 09:00:00,25.75,36.29,18.52,0.5,1.759
2002-08-22 10:00:00,28.27,38.75,17.93,0.5,2.018
2002-08-22 11:00:00,22.65,39.25,18.8,0.5,1.888
2002-08-22 12:00:00,22.38,39.52,18.77,0.5,1.965
2002-08-22 13:00:00,24.67,39.78,17.97,0.5,1.87
2002-08-22 14:00:00,29.96,39.37,18.06,1.085,1.776
2002-08-22 15:00:00,39.92,37.44,18.82,0.5,1.863
2002-08-22 16:00:00,19.74,38.48,17.14,0.5,2.154
2002-08-22 17:00:00,31.4,39.01,16.57,0.5,2.098
2002-08-22 18:00:00,59.54,39.31,16.2,0.5,2.065
2002-08-22 19:00:00,44.35,40.93,16.17,0.5,2.112
2002-08-22 20:00:00,22.16,40.63,14.47,0.5,2.142
2002-08-22 21:00:00,29.02,40.55,15.29,0.5,2.056
2002-08-22 22:00:00,34.08,39.49,18.01,0.5,1.769
2002-08-22 23:00:00,33.01,37.76,17.79,0.5,1.765
2002-08-23 00:00:00,20.77,39.48,14.35,0.5,1.998
2002-08-23 01:00:00,32.88,39.25,13.96,0.5,1.699
2002-08-23 02:00:00,60.79,38.78,15.18,0.5,1.513
2002-08-23 03:00:00,53.86,37.14,13.61,1.065,1.413
2002-08-23 04:00:00,25.14,36.42,11.68,5.026,1.196
2002-08-23 05:00:00,13.47,34.64,12.94,4.278,1.095
2002-08-23 06:00:00,16.27,34.88,14.06,0.5,1.089
2002-08-23 07:00:00,28.67,34.59,11.29,0.5,1.407
2002-08-23 08:00:00,37.14,35.14,9.528,0.5,1.452
2002-08-23 09:00:00,34.8,37.72,8.081,0.5,2.126
2002-08-23 10:00:00,37.98,39.79,9.965,0.5,2.448
2002-08-23 11:00:00,58.37,40.47,9.982,0.5,2.253
2002-08-23 12:00:00,57.74,40.79,9.191,0.5,2.217
2002-08-23 13:00:00,53.92,42.46,10.36,0.5,1.864
2002-08-23 14:00:00,40.84,43.15,6.009,0.5,2.323
2002-08-23 15:00:00,54.62,46.58,5.792,0.5,2.799
2002-08-23 16:00:00,72.89,48.37,9.425,0.5,3.382
2002-08-23 17:00:00,53.94,53.64,8.859,0.5,3.811
2002-08-23 18:00:00,49.18,56.11,14.3,0.5,3.461
2002-08-23 19:00:00,64.88,58.01,19.41,0.5,3.435
2002-08-23 20:00:00,60.68,57.65,21.46,0.5,3.248
2002-08-23 21:00:00,40.59,56.52,22.89,0.5,2.752
2002-08-23 22:00:00,46.02,56.64,21.47,0.5,2.704
2002-08-23 23:00:00,53.11,58.44,19.66,0.5,3.204
2002-08-24 00:00:00,63.92,63.09,10.77,0.5,3.594
2002-08-24 01:00:00,79.62,41.42,6.294,0.5,3.871
2002-08-24 02:00:00,82.86,45.3,0.439,0.5,4.934
2002-08-24 03:00:00,64.06,55.43,,0.5,6.396
2002-08-24 04:00:00,54.43,60.95,,0.5,6.264
2002-08-24 05:00:00,48.16,58.43,,0.5,4.899
2002-08-24 06:00:00,48.39,56.16,0.175,0.5,4.197
2002-08-24 07:00:00,56.44,55.47,0.556,0.5,3.534
2002-08-24 08:00:00,55.07,52.04,1.451,0.5,2.811
2002-08-24 09:00:00,46.45,49.27,1.87,0.5,2.618
2002-08-24 10:00:00,52.64,48.44,1.787,0.5,2.73
2002-08-24 11:00:00,66.71,44.9,8.603,0.5,2.874
2002-08-24 12:00:00,73.19,38.67,16.12,0.5,2.837
2002-08-24 13:00:00,67.63,36.07,24.55,0.5,2.485
2002-08-24 14:00:00,40.69,40.01,25.16,0.5,1.954
2002-08-24 15:00:00,19.89,42.09,21.81,0.5,1.783
2002-08-24 16:00:00,16.83,44.59,21.88,0.5,1.819
2002-08-24 17:00:00,16.45,48.51,29.06,1.267,1.463
2002-08-24 18:00:00,26.91,48.84,37.77,0.5,1.766
2002-08-24 19:00:00,52.19,38.38,33.88,0.5,2.198
2002-08-24 20:00:00,64.13,30.46,30.04,0.5,2.166
2002-08-24 21:00:00,60.81,30.05,26.86,0.5,2.005
2002-08-24 22:00:00,49.85,26.99,25.05,0.5,1.847
2002-08-24 23:00:00,41.28,24.96,21.06,0.5,2.154
2002-08-25 00:00:00,55.77,24.48,12.44,0.5,2.428
2002-08-25 01:00:00,67.14,31.02,6.942,0.5,2.66
2002-08-25 02:00:00,80.31,34.3,2.577,0.5,3.002
2002-08-25 03:00:00,75.11,34.9,0.839,0.5,3.165
2002-08-25 04:00:00,57.62,38.36,0.175,0.5,3.719
2002-08-25 05:00:00,61.93,42.04,,0.5,4.003
2002-08-25 06:00:00,73.71,44.89,,0.5,3.957
2002-08-25 07:00:00,65.6,43.77,,0.5,3.655
2002-08-25 08:00:00,58.71,47.92,,0.5,4.211
2002-08-25 09:00:00,81.97,46.99,,0.5,3.834
2002-08-25 10:00:00,68.06,41.94,4.996,0.5,3.357
2002-08-25 11:00:00,72.59,45.75,21.36,0.5,2.972
2002-08-25 12:00:00,74.17,58.54,34.34,0.5,2.32
2002-08-25 13:00:00,39.37,74.18,37.68,0.5,1.726
2002-08-25 14:00:00,23.98,86.98,42.66,11.53,1.11
2002-08-25 15:00:00,8.103,101.1,34.48,14.14,0.925
2002-08-25 16:00:00,8.033,115.2,36.91,10.66,0.9
2002-08-25 17:00:00,20.11,131.6,45.88,1.493,1.5
2002-08-25 18:00:00,56.94,140.6,51.35,0.5,2.142
2002-08-25 19:00:00,96.74,125.8,39.84,0.5,2.226
2002-08-25 20:00:00,75.56,107.7,32.97,0.5,2.826
2002-08-25 21:00:00,55.89,87.69,29.35,2.139,1.956
2002-08-25 22:00:00,74.74,70.74,26.37,0.5,2.211
2002-08-25 23:00:00,89.74,59.97,21.66,0.5,2.11
2002-08-26 00:00:00,79.25,47.55,18.87,0.5,1.619
2002-08-26 01:00:00,66.75,35.82,17.49,0.5,1.451
2002-08-26 02:00:00,61.23,35.22,15.14,0.5,1.491
2002-08-26 03:00:00,50.89,32.8,12.59,0.5,1.441
2002-08-26 04:00:00,35.94,32.38,10.78,0.5,1.374
2002-08-26 05:00:00,38.63,31.66,8.889,0.5,1.314
2002-08-26 06:00:00,43.39,30.01,6.542,0.5,1.363
2002-08-26 07:00:00,43.6,31.35,1.539,0.5,1.692
2002-08-26 08:00:00,85.96,38.44,,0.5,2.608
2002-08-26 09:00:00,125.6,48.88,,0.5,4.215
2002-08-26 10:00:00,117.9,51.93,,0.5,4.486
2002-08-26 11:00:00,107.1,62.25,12.61,0.5,3.679
2002-08-26 12:00:00,65.61,72.74,27.38,0.5,2.69
2002-08-26 13:00:00,34.78,89.56,31.78,0.5,2.033
2002-08-26 14:00:00,45.42,106.2,28.26,0.5,1.604
2002-08-26 15:00:00,26.46,123.1,32.91,3.316,1.641
2002-08-26 16:00:00,19.55,141.1,35.74,2.968,1.705
2002-08-26 17:00:00,39.23,144.2,38.05,3.261,1.587
2002-08-26 18:00:00,80.56,133.5,33.71,2.168,1.787
2002-08-26 19:00:00,90.63,117.0,30.89,1.699,1.969
2002-08-26 20:00:00,62.64,93.48,28.44,3.29,1.686
2002-08-26 21:00:00,75.41,71.73,27.37,4.876,1.414
2002-08-26 22:00:00,83.45,51.18,25.45,9.053,1.34
2002-08-26 23:00:00,42.27,41.51,24.27,10.38,1.389
2002-08-27 00:00:00,44.6,36.56,23.24,6.685,1.292
2002-08-27 01:00:00,57.18,44.02,20.36,6.439,1.316
2002-08-27 02:00:00,48.38,40.62,19.19,5.915,1.263
2002-08-27 03:00:00,41.99,38.45,16.79,6.201,1.183
2002-08-27 04:00:00,25.7,37.35,18.89,2.257,1.152
2002-08-27 05:00:00,38.64,35.47,19.63,0.5,1.271
2002-08-27 06:00:00,46.07,37.18,19.78,0.5,1.414
2002-08-27 07:00:00,53.88,37.48,20.83,0.5,1.483
2002-08-27 08:00:00,57.27,38.72,14.27,0.5,1.898
2002-08-27 09:00:00,49.95,43.24,13.76,0.5,2.567
2002-08-27 10:00:00,58.95,41.02,19.37,1.282,2.427
2002-08-27 11:00:00,60.8,43.29,20.32,4.993,1.872
2002-08-27 12:00:00,39.96,51.26,24.55,6.381,1.466
2002-08-27 13:00:00,18.56,65.02,25.07,6.931,1.268
2002-08-27 14:00:00,11.41,77.65,25.94,6.765,1.219
2002-08-27 15:00:00,9.261,93.06,30.21,5.65,1.388
2002-08-27 16:00:00,14.06,107.0,38.04,9.012,1.345
2002-08-27 17:00:00,24.24,110.9,31.61,4.401,1.491
2002-08-27 18:00:00,48.73,102.8,25.19,4.054,1.406
2002-08-27 19:00:00,67.01,90.58,23.06,1.243,1.778
2002-08-27 20:00:00,82.62,71.54,19.56,0.5,1.798
2002-08-27 21:00:00,87.71,57.55,19.96,0.5,1.714
2002-08-27 22:00:00,81.2,53.79,22.19,0.5,1.801
2002-08-27 23:00:00,79.59,48.15,25.31,1.053,1.838
2002-08-28 00:00:00,61.84,47.1,25.34,0.5,1.921
2002-08-28 01:00:00,51.04,45.54,19.31,0.5,1.743
2002-08-28 02:00:00,57.31,40.91,16.82,0.5,1.485
2002-08-28 03:00:00,40.86,37.72,16.17,0.5,1.305
2002-08-28 04:00:00,10.33,34.38,15.03,0.5,1.157
2002-08-28 05:00:00,11.8,31.0,15.73,0.5,1.079
2002-08-28 06:00:00,34.68,29.51,16.83,0.5,1.176
2002-08-28 07:00:00,43.2,30.14,17.06,0.5,1.457
2002-08-28 08:00:00,51.66,31.38,15.64,0.5,1.624
2002-08-28 09:00:00,51.64,32.12,14.43,0.5,2.07
2002-08-28 10:00:00,47.3,31.99,17.71,0.5,2.271
2002-08-28 11:00:00,52.7,37.28,20.29,0.5,2.06
2002-08-28 12:00:00,57.84,46.71,24.41,0.5,1.715
2002-08-28 13:00:00,42.76,61.65,30.73,0.5,1.6
2002-08-28 14:00:00,35.66,81.14,44.45,4.956,1.532
2002-08-28 15:00:00,53.01,105.2,42.78,3.533,1.711
2002-08-28 16:00:00,48.82,126.6,40.97,2.608,1.791
2002-08-28 17:00:00,46.3,140.7,39.16,1.708,1.905
2002-08-28 18:00:00,69.05,146.4,39.55,0.5,2.234
2002-08-28 19:00:00,109.7,138.2,35.06,0.5,2.677
2002-08-28 20:00:00,127.7,119.6,32.01,0.5,2.205
2002-08-28 21:00:00,111.8,96.52,33.1,2.372,1.73
2002-08-28 22:00:00,98.34,78.43,33.58,6.063,1.592
2002-08-28 23:00:00,93.75,63.02,31.38,7.165,1.682
2002-08-29 00:00:00,89.06,53.27,33.72,1.881,2.005
2002-08-29 01:00:00,78.24,42.19,29.98,6.376,1.835
2002-08-29 02:00:00,73.4,35.26,24.89,9.579,1.663
2002-08-29 03:00:00,63.83,31.03,26.99,6.474,1.559
2002-08-29 04:00:00,29.14,30.36,25.76,8.183,1.354
2002-08-29 05:00:00,44.88,24.29,17.72,15.96,1.299
2002-08-29 06:00:00,78.5,24.45,16.15,10.75,1.195
2002-08-29 07:00:00,61.79,22.89,21.23,3.917,1.332
2002-08-29 08:00:00,60.47,26.04,21.5,0.5,1.805
2002-08-29 09:00:00,87.39,29.27,17.01,0.5,2.501
2002-08-29 10:00:00,105.2,33.33,15.57,0.5,2.556
2002-08-29 11:00:00,93.06,33.92,14.14,0.5,2.312
2002-08-29 12:00:00,55.02,33.68,12.16,0.5,2.198
2002-08-29 13:00:00,19.55,33.16,18.25,0.5,2.049
2002-08-29 14:00:00,21.66,37.39,24.12,0.5,1.749
2002-08-29 15:00:00,26.95,41.53,30.29,0.5,1.773
2002-08-29 16:00:00,14.37,47.79,29.28,0.5,1.892
2002-08-29 17:00:00,14.94,51.08,26.52,0.5,1.874
2002-08-29 18:00:00,20.77,51.06,24.75,0.5,2.039
2002-08-29 19:00:00,47.61,47.59,19.84,0.5,2.161
2002-08-29 20:00:00,49.77,49.2,11.72,0.5,2.188
2002-08-29 21:00:00,37.87,46.18,8.258,0.5,1.615
2002-08-29 22:00:00,23.83,44.88,6.867,0.5,1.389
2002-08-29 23:00:00,0.344,41.15,9.0,0.5,1.224
2002-08-30 00:00:00,4.979,39.63,9.032,0.5,1.169
2002-08-30 01:00:00,4.529,49.74,8.7,3.862,1.079
2002-08-30 02:00:00,4.36,46.97,6.846,0.5,1.054
2002-08-30 03:00:00,11.64,45.08,7.762,0.5,1.003
2002-08-30 04:00:00,7.173,43.06,7.553,0.5,0.998
2002-08-30 05:00:00,,41.81,8.663,0.5,1.045
2002-08-30 06:00:00,1.057,40.22,8.519,0.5,1.008
2002-08-30 07:00:00,13.09,39.41,9.695,0.5,0.997
2002-08-30 08:00:00,18.64,39.73,7.23,0.5,1.132
2002-08-30 09:00:00,11.72,41.28,6.831,0.5,1.474
2002-08-30 10:00:00,13.31,41.35,8.514,0.5,1.386
2002-08-30 11:00:00,8.244,42.48,10.41,0.5,1.224
2002-08-30 12:00:00,2.21,42.84,10.43,0.5,1.247
2002-08-30 13:00:00,6.287,45.92,11.43,0.5,1.353
2002-08-30 14:00:00,10.8,46.39,15.12,3.9,1.209
2002-08-30 15:00:00,6.616,47.92,18.0,4.935,1.335
2002-08-30 16:00:00,6.965,50.46,18.56,4.34,1.777
2002-08-30 17:00:00,16.58,49.37,19.82,5.349,1.632
2002-08-30 18:00:00,9.831,49.91,21.78,3.249,1.511
2002-08-30 19:00:00,18.97,50.08,23.31,1.985,1.475
2002-08-30 20:00:00,18.24,50.69,23.15,1.879,1.386
2002-08-30 21:00:00,14.69,49.04,22.06,2.139,1.217
2002-08-30 22:00:00,24.06,46.44,20.66,2.642,1.134
2002-08-30 23:00:00,19.28,44.36,18.92,1.495,1.142
2002-08-31 00:00:00,12.87,42.77,17.37,0.5,1.195
2002-08-31 01:00:00,27.7,51.1,16.37,1.236,1.207
2002-08-31 02:00:00,23.77,48.62,13.34,3.044,1.154
2002-08-31 03:00:00,7.31,45.49,10.79,4.317,1.005
2002-08-31 04:00:00,9.459,42.29,10.78,3.903,0.942
2002-08-31 05:00:00,5.297,40.49,10.29,3.628,0.896
2002-08-31 06:00:00,24.62,38.18,10.38,1.998,0.897
2002-08-31 07:00:00,31.35,37.74,10.89,1.131,0.998
2002-08-31 08:00:00,9.898,35.44,11.2,2.54,0.962
2002-08-31 09:00:00,14.41,34.4,12.42,3.723,0.994
2002-08-31 10:00:00,17.85,33.39,15.58,5.406,0.985
2002-08-31 11:00:00,12.39,32.11,16.89,5.746,1.198
2002-08-31 12:00:00,20.01,31.68,17.79,7.465,1.122
2002-08-31 13:00:00,15.38,30.54,17.94,8.656,1.028
2002-08-31 14:00:00,14.91,29.41,18.34,8.797,0.954
2002-08-31 15:00:00,23.78,28.47,18.61,7.924,0.96
2002-08-31 16:00:00,12.85,27.37,18.41,9.576,0.875
2002-08-31 17:00:00,,26.33,18.54,9.781,0.86
2002-08-31 18:00:00,12.84,26.42,20.35,8.94,0.818
2002-08-31 19:00:00,18.83,26.29,21.74,6.967,0.864
2002-08-31 20:00:00,35.23,25.91,21.66,6.553,0.823
2002-08-31 21:00:00,30.61,25.68,20.18,7.447,0.942
2002-08-31 22:00:00,12.77,23.1,18.15,9.895,0.929
2002-08-31 23:00:00,10.18,21.73,17.81,10.17,0.828
2002-09-01 00:00:00,3.746,20.99,17.19,8.325,0.85
2002-09-01 01:00:00,18.57,25.77,15.67,9.469,0.744
2002-09-01 02:00:00,14.59,24.84,13.69,10.14,0.771
2002-09-01 03:00:00,,24.14,11.88,11.04,0.801
2002-09-01 04:00:00,,22.47,11.27,12.03,0.748
2002-09-01 05:00:00,13.76,21.7,10.88,11.9,0.834
2002-09-01 06:00:00,13.38,20.13,11.45,11.06,0.825
2002-09-01 07:00:00,,20.24,12.57,8.954,0.844
2002-09-01 08:00:00,5.587,19.24,13.46,8.578,0.931
2002-09-01 09:00:00,5.418,19.1,13.72,9.464,1.019
2002-09-01 10:00:00,,18.81,15.22,8.911,1.004
2002-09-01 11:00:00,5.516,17.08,14.9,11.75,0.896
2002-09-01 12:00:00,14.32,16.53,15.22,10.75,0.816
2002-09-01 13:00:00,8.673,16.66,15.44,10.94,0.865
2002-09-01 14:00:00,4.321,16.61,15.17,11.28,0.847
2002-09-01 15:00:00,4.203,16.12,15.41,11.28,0.838
2002-09-01 16:00:00,,16.39,15.69,9.421,1.095
2002-09-01 17:00:00,9.501,16.6,16.13,9.269,1.118
2002-09-01 18:00:00,9.189,17.0,17.14,8.482,1.098
2002-09-01 19:00:00,7.634,18.28,17.33,7.416,1.069
2002-09-01 20:00:00,11.34,18.41,17.08,8.13,1.002
2002-09-01 21:00:00,8.618,18.89,17.47,7.474,1.219
2002-09-01 22:00:00,5.28,18.82,16.29,9.017,0.873
2002-09-01 23:00:00,10.83,18.02,16.27,8.192,0.914
2002-09-02 00:00:00,9.999,19.19,13.95,10.24,0.889
2002-09-02 01:00:00,,25.87,13.07,11.2,0.887
2002-09-02 02:00:00,2.028,26.03,12.06,12.43,0.794
2002-09-02 03:00:00,2.494,26.69,11.26,13.23,0.778
2002-09-02 04:00:00,0.506,27.4,10.96,13.53,0.728
2002-09-02 05:00:00,,27.21,10.75,13.46,0.983
2002-09-02 06:00:00,,28.62,12.7,10.22,0.933
2002-09-02 07:00:00,7.036,29.98,15.79,6.129,0.907
2002-09-02 08:00:00,9.112,32.61,17.3,3.415,0.982
2002-09-02 09:00:00,10.98,34.86,18.36,2.782,1.247
2002-09-02 10:00:00,21.39,38.2,20.36,3.361,1.528
2002-09-02 11:00:00,13.02,39.99,18.71,5.111,1.358
2002-09-02 12:00:00,11.63,41.05,20.12,6.1,1.175
2002-09-02 13:00:00,20.44,42.42,21.98,7.404,1.168
2002-09-02 14:00:00,13.07,43.3,24.25,7.44,1.142
2002-09-02 15:00:00,21.43,45.15,25.37,6.163,1.301
2002-09-02 16:00:00,17.35,45.67,27.01,6.134,1.324
2002-09-02 17:00:00,3.086,46.58,27.14,6.004,1.126
2002-09-02 18:00:00,16.94,47.22,28.77,3.013,1.239
2002-09-02 19:00:00,29.18,49.6,29.59,1.086,1.513
2002-09-02 20:00:00,31.28,50.58,28.56,1.486,1.549
2002-09-02 21:00:00,44.19,49.78,28.14,2.404,1.286
2002-09-02 22:00:00,31.06,48.14,27.99,2.829,1.127
2002-09-02 23:00:00,14.07,46.7,25.08,2.65,1.117
2002-09-03 00:00:00,35.96,47.69,22.87,0.5,1.156
2002-09-03 01:00:00,47.47,45.72,19.09,2.773,0.984
2002-09-03 02:00:00,48.51,43.78,16.9,4.002,0.927
2002-09-03 03:00:00,42.45,42.25,16.2,5.465,0.86
2002-09-03 04:00:00,26.41,40.64,13.45,4.469,0.975
2002-09-03 05:00:00,15.71,40.11,12.86,4.004,1.115
2002-09-03 06:00:00,9.932,38.81,12.57,2.598,0.965
2002-09-03 07:00:00,26.98,39.05,11.99,0.5,1.057
2002-09-03 08:00:00,56.49,40.55,9.429,0.5,1.282
2002-09-03 09:00:00,56.65,44.11,8.135,0.5,1.624
2002-09-03 10:00:00,44.6,44.15,11.43,1.724,1.532
2002-09-03 11:00:00,38.77,43.69,16.68,2.779,1.489
2002-09-03 12:00:00,35.24,42.51,21.89,4.304,1.364
2002-09-03 13:00:00,33.44,41.81,23.3,5.957,1.356
2002-09-03 14:00:00,22.2,43.64,28.29,7.399,1.327
2002-09-03 15:00:00,22.63,,32.01,7.146,1.164
2002-09-03 16:00:00,15.57,,28.32,4.915,1.178
2002-09-03 17:00:00,19.27,,27.87,3.497,1.28
2002-09-03 18:00:00,30.57,,34.77,2.911,1.436
2002-09-03 19:00:00,60.07,29.67,28.74,0.5,1.966
2002-09-03 20:00:00,79.63,40.7,24.32,0.5,1.93
2002-09-03 21:00:00,71.56,37.9,24.08,0.5,1.985
2002-09-03 22:00:00,60.9,35.67,27.07,0.5,1.823
2002-09-03 23:00:00,30.03,33.85,26.92,0.5,1.712
2002-09-04 00:00:00,30.7,33.06,25.79,0.5,1.642
2002-09-04 01:00:00,36.1,43.13,24.24,2.818,1.388
2002-09-04 02:00:00,25.07,42.4,23.13,2.493,1.321
2002-09-04 03:00:00,39.89,42.81,22.74,0.5,1.704
2002-09-04 04:00:00,36.81,42.82,23.77,1.244,1.461
2002-09-04 05:00:00,27.76,43.65,22.44,0.5,1.354
2002-09-04 06:00:00,43.96,44.42,20.52,0.5,1.444
2002-09-04 07:00:00,43.76,46.12,19.19,0.5,1.558
2002-09-04 08:00:00,57.63,51.36,13.8,0.5,1.897
2002-09-04 09:00:00,56.99,55.68,20.18,0.5,2.411
2002-09-04 10:00:00,39.04,55.3,22.64,3.176,2.052
2002-09-04 11:00:00,47.26,53.64,23.59,6.108,1.605
2002-09-04 12:00:00,36.61,52.46,24.39,7.09,1.475
2002-09-04 13:00:00,28.73,51.55,24.81,9.272,1.385
2002-09-04 14:00:00,34.77,48.96,27.24,9.829,1.318
2002-09-04 15:00:00,31.77,48.27,27.84,9.664,1.332
2002-09-04 16:00:00,23.85,47.5,28.53,11.07,1.448
2002-09-04 17:00:00,36.26,46.06,28.61,8.471,1.454
2002-09-04 18:00:00,67.79,47.33,28.41,9.424,1.427
2002-09-04 19:00:00,59.79,49.19,29.8,4.99,1.656
2002-09-04 20:00:00,50.14,49.04,28.66,6.003,1.755
2002-09-04 21:00:00,49.41,46.63,26.36,8.597,1.444
2002-09-04 22:00:00,44.09,45.22,25.3,9.804,1.378
2002-09-04 23:00:00,53.81,44.99,25.68,9.207,1.307
2002-09-05 00:00:00,47.15,44.61,27.81,6.875,1.398
2002-09-05 01:00:00,28.43,48.78,25.15,9.074,1.393
2002-09-05 02:00:00,39.28,47.68,23.2,9.428,1.217
2002-09-05 03:00:00,46.18,46.6,26.66,6.164,1.197
2002-09-05 04:00:00,34.41,47.6,28.78,0.5,1.646
2002-09-05 05:00:00,43.22,48.91,21.75,0.5,1.68
2002-09-05 06:00:00,57.37,47.87,16.97,0.5,1.316
2002-09-05 07:00:00,45.54,50.11,12.55,0.5,1.448
2002-09-05 08:00:00,61.3,53.49,6.328,0.5,1.824
2002-09-05 09:00:00,89.41,60.32,3.639,0.5,2.802
2002-09-05 10:00:00,95.32,71.18,22.25,0.5,3.211
2002-09-05 11:00:00,123.3,74.74,34.01,1.029,2.794
2002-09-05 12:00:00,143.3,78.38,48.14,2.494,2.477
2002-09-05 13:00:00,127.8,86.51,52.14,8.843,1.966
2002-09-05 14:00:00,82.41,99.54,50.84,8.596,1.691
2002-09-05 15:00:00,50.05,115.8,49.79,4.819,1.932
2002-09-05 16:00:00,61.55,134.0,48.75,2.004,2.588
2002-09-05 17:00:00,75.29,143.7,43.55,0.5,2.489
2002-09-05 18:00:00,110.0,145.6,39.47,0.5,2.842
2002-09-05 19:00:00,176.9,142.8,36.74,1.29,3.769
2002-09-05 20:00:00,233.3,135.6,31.2,1.074,5.046
2002-09-05 21:00:00,273.6,128.6,27.4,1.087,5.415
2002-09-05 22:00:00,263.9,116.6,18.6,0.5,5.591
2002-09-05 23:00:00,206.3,113.5,18.59,0.5,5.2
2002-09-06 00:00:00,188.7,110.5,,,
2002-09-06 01:00:00,,,,,
2002-09-06 02:00:00,,,,,
2002-09-06 13:00:00,7.467,19.78,18.89,1.3,0.025
2002-09-06 14:00:00,39.09,27.06,16.77,0.5,1.044
2002-09-06 15:00:00,54.94,16.95,24.48,1.615,0.72
2002-09-06 16:00:00,30.7,12.84,28.17,1.724,0.592
2002-09-06 17:00:00,12.72,6.142,28.43,1.759,0.444
2002-09-06 18:00:00,24.15,3.067,29.69,1.104,0.54
2002-09-06 19:00:00,52.52,1.574,32.71,2.321,0.688
2002-09-06 20:00:00,48.15,0.65,33.82,1.858,0.565
2002-09-06 21:00:00,32.87,0.65,29.41,3.583,0.424
2002-09-06 22:00:00,19.91,0.65,28.19,3.624,0.094
2002-09-06 23:00:00,18.39,0.65,25.36,3.868,0.068
2002-09-07 00:00:00,42.44,0.65,22.13,8.061,0.025
2002-09-07 01:00:00,25.73,39.49,19.22,9.933,0.025
2002-09-07 02:00:00,0.01,41.85,16.1,12.85,0.025
2002-09-07 03:00:00,,47.88,16.69,13.68,0.025
2002-09-07 04:00:00,,53.03,16.88,12.61,0.025
2002-09-07 05:00:00,5.876,58.35,14.96,10.96,0.025
2002-09-07 06:00:00,6.32,61.76,13.95,9.75,0.025
2002-09-07 07:00:00,16.18,64.54,13.67,7.168,0.025
2002-09-07 08:00:00,24.79,65.37,13.99,7.143,0.025
2002-09-07 09:00:00,9.533,66.4,15.18,7.269,0.025
2002-09-07 10:00:00,,65.89,17.27,7.503,0.025
2002-09-07 11:00:00,10.71,66.04,17.2,9.373,0.025
2002-09-07 12:00:00,15.19,64.85,17.91,10.72,0.025
2002-09-07 13:00:00,14.56,63.58,18.0,11.1,0.025
2002-09-07 14:00:00,13.95,62.71,19.14,10.28,0.025
2002-09-07 15:00:00,10.59,58.81,19.35,10.39,0.025
2002-09-07 16:00:00,6.052,55.63,20.9,9.629,0.025
2002-09-07 17:00:00,1.744,53.25,20.45,10.15,0.025
2002-09-07 18:00:00,16.43,50.0,22.49,5.725,0.025
2002-09-07 19:00:00,27.68,46.1,21.08,5.883,0.025
2002-09-07 20:00:00,27.84,43.4,24.09,2.033,0.025
2002-09-07 21:00:00,21.24,41.2,23.59,2.886,0.025
2002-09-07 22:00:00,27.7,38.43,23.81,2.589,0.07
2002-09-07 23:00:00,27.92,34.74,23.31,2.513,0.133
2002-09-08 00:00:00,22.43,32.41,21.56,4.349,0.079
2002-09-08 01:00:00,22.57,46.5,21.98,3.962,0.025
2002-09-08 02:00:00,26.2,44.18,20.41,5.015,0.025
2002-09-08 03:00:00,23.57,41.82,20.86,2.815,0.025
2002-09-08 04:00:00,8.917,39.33,19.52,3.386,0.025
2002-09-08 05:00:00,17.08,38.08,19.48,1.564,0.025
2002-09-08 06:00:00,28.59,37.12,19.74,2.479,0.025
2002-09-08 07:00:00,23.11,35.22,19.07,3.175,0.025
2002-09-08 08:00:00,24.67,33.5,19.29,4.274,0.025
2002-09-08 09:00:00,15.85,33.36,17.81,7.994,0.025
2002-09-08 10:00:00,7.207,32.84,17.88,10.39,0.025
2002-09-08 11:00:00,13.82,31.1,17.87,12.58,0.025
2002-09-08 12:00:00,8.895,31.44,20.09,11.39,0.025
2002-09-08 13:00:00,12.61,30.04,21.09,13.96,0.025
2002-09-08 14:00:00,25.42,30.22,19.61,16.04,0.025
2002-09-08 15:00:00,35.35,30.92,22.45,11.59,0.025
2002-09-08 16:00:00,19.71,29.95,21.54,12.59,0.025
2002-09-08 17:00:00,6.313,31.03,20.32,11.95,0.025
2002-09-08 18:00:00,17.07,30.99,21.14,11.05,0.025
2002-09-08 19:00:00,23.48,31.33,21.62,7.499,0.061
2002-09-08 20:00:00,34.11,32.79,21.87,5.999,0.078
2002-09-08 21:00:00,42.92,31.32,21.38,8.918,0.025
2002-09-08 22:00:00,28.7,31.55,20.58,10.47,0.025
2002-09-08 23:00:00,29.83,30.37,19.28,13.77,0.025
2002-09-09 00:00:00,24.82,31.34,19.81,11.98,0.025
2002-09-09 01:00:00,32.11,34.63,17.75,11.51,0.025
2002-09-09 02:00:00,28.06,34.5,15.69,12.36,0.025
2002-09-09 03:00:00,,34.31,17.8,6.5,0.025
2002-09-09 04:00:00,,35.18,17.46,5.9,0.025
2002-09-09 05:00:00,5.163,35.41,18.44,3.8,0.025
2002-09-09 06:00:00,20.97,37.43,17.28,0.5,0.025
2002-09-09 07:00:00,34.17,39.74,13.26,0.5,0.187
2002-09-09 08:00:00,43.97,46.41,9.026,0.5,0.61
2002-09-09 09:00:00,69.36,54.25,13.34,0.5,1.153
2002-09-09 10:00:00,71.22,57.68,19.34,0.5,0.97
2002-09-09 11:00:00,63.9,60.98,26.98,0.5,0.907
2002-09-09 12:00:00,64.88,55.78,29.62,4.554,0.386
2002-09-09 13:00:00,55.81,53.82,26.22,6.443,0.025
2002-09-09 14:00:00,36.8,52.26,25.13,8.23,0.025
2002-09-09 15:00:00,25.21,49.17,26.49,5.168,0.082
2002-09-09 16:00:00,19.16,49.74,26.28,6.153,0.177
2002-09-09 17:00:00,27.22,51.35,24.48,5.429,0.18
2002-09-09 18:00:00,45.38,52.67,22.3,3.861,0.288
2002-09-09 19:00:00,57.5,53.93,21.44,2.146,0.326
2002-09-09 20:00:00,54.65,56.88,19.54,2.59,0.244
2002-09-09 21:00:00,32.1,55.4,18.64,4.46,0.228
2002-09-09 22:00:00,20.72,52.64,17.4,6.969,0.132
2002-09-09 23:00:00,25.74,51.9,16.38,7.476,0.025
2002-09-10 00:00:00,27.63,50.88,15.91,7.544,0.025
2002-09-10 01:00:00,16.95,49.05,16.98,4.247,0.025
2002-09-10 02:00:00,20.46,48.06,14.65,8.279,0.025
2002-09-10 03:00:00,18.54,47.42,12.1,11.3,0.025
2002-09-10 04:00:00,11.22,48.74,11.64,10.32,0.025
2002-09-10 05:00:00,16.01,46.79,10.92,10.93,0.025
2002-09-10 06:00:00,17.57,47.81,13.06,7.636,0.025
2002-09-10 07:00:00,22.76,48.93,16.76,3.251,0.025
2002-09-10 08:00:00,36.26,51.32,17.08,1.344,0.025
2002-09-10 09:00:00,37.52,54.83,16.62,0.5,0.327
2002-09-10 10:00:00,35.61,58.57,18.4,1.031,0.493
2002-09-10 11:00:00,64.24,57.97,23.28,1.779,0.454
2002-09-10 12:00:00,76.2,60.3,24.37,2.002,0.493
2002-09-10 13:00:00,67.46,67.23,26.59,2.974,0.445
2002-09-10 14:00:00,47.18,73.75,26.98,2.524,0.252
2002-09-10 15:00:00,50.94,82.22,23.87,0.5,0.386
2002-09-10 16:00:00,47.21,89.08,18.19,0.5,0.207
2002-09-10 17:00:00,27.59,87.43,15.03,0.5,0.129
2002-09-10 18:00:00,37.89,78.04,13.81,0.5,0.172
2002-09-10 19:00:00,55.04,72.84,14.12,0.5,0.432
2002-09-10 20:00:00,51.41,75.59,13.87,0.5,0.639
2002-09-10 21:00:00,42.24,68.44,13.62,0.5,0.333
2002-09-10 22:00:00,49.21,64.82,13.14,0.5,0.563
2002-09-10 23:00:00,36.11,62.42,11.43,0.5,0.503
2002-09-11 00:00:00,37.59,60.87,10.66,0.5,0.238
2002-09-11 01:00:00,41.84,49.96,10.62,0.5,0.025
2002-09-11 02:00:00,31.03,46.53,10.25,0.5,0.025
2002-09-11 03:00:00,39.88,43.76,11.38,0.5,0.025
2002-09-11 04:00:00,35.73,41.63,9.381,0.5,0.025
2002-09-11 05:00:00,17.64,40.26,10.46,3.467,0.025
2002-09-11 06:00:00,15.93,37.75,11.79,2.003,0.025
2002-09-11 07:00:00,14.11,38.66,10.21,0.5,0.025
2002-09-11 08:00:00,24.79,40.29,7.317,0.5,0.146
2002-09-11 09:00:00,51.12,45.35,5.411,0.5,1.075
2002-09-11 10:00:00,59.1,49.41,6.007,0.5,1.565
2002-09-11 11:00:00,69.35,51.66,7.847,0.5,1.373
2002-09-11 12:00:00,52.56,54.22,13.9,0.5,1.151
2002-09-11 13:00:00,37.34,54.56,17.57,0.5,0.879
2002-09-11 14:00:00,25.32,54.48,19.55,0.5,0.398
2002-09-11 15:00:00,15.47,54.36,18.61,0.5,0.545
2002-09-11 16:00:00,24.03,56.06,15.13,0.5,1.199
2002-09-11 17:00:00,28.08,59.72,13.7,0.5,1.319
2002-09-11 18:00:00,38.81,62.24,10.96,0.5,1.047
2002-09-11 19:00:00,46.14,62.83,10.74,0.5,1.277
2002-09-11 20:00:00,51.73,64.22,10.51,0.5,1.139
2002-09-11 21:00:00,52.3,63.79,12.62,0.5,0.689
2002-09-11 22:00:00,56.43,61.35,9.522,0.5,0.634
2002-09-11 23:00:00,30.76,61.41,13.38,0.5,0.123
2002-09-12 00:00:00,5.989,61.83,12.35,0.5,0.025
2002-09-12 01:00:00,19.62,53.93,12.0,0.5,0.025
2002-09-12 02:00:00,25.31,52.9,10.38,0.5,0.025
2002-09-12 03:00:00,10.04,49.6,10.29,2.247,0.025
2002-09-12 04:00:00,5.251,47.08,14.43,13.23,0.025
2002-09-12 05:00:00,19.05,46.06,14.3,11.94,0.025
2002-09-12 06:00:00,24.85,46.46,18.88,7.322,0.025
2002-09-12 07:00:00,11.02,44.35,23.68,1.932,0.025
2002-09-12 08:00:00,11.82,45.78,24.42,0.5,0.13
2002-09-12 09:00:00,25.49,46.39,17.14,0.5,0.735
2002-09-12 10:00:00,50.19,49.81,14.33,0.5,1.188
2002-09-12 11:00:00,50.43,51.4,12.88,0.5,1.127
2002-09-12 12:00:00,31.73,50.89,12.12,0.5,0.94
2002-09-12 13:00:00,23.96,49.96,13.46,0.5,0.753
2002-09-12 14:00:00,26.27,49.08,15.44,0.5,0.447
2002-09-12 15:00:00,29.8,50.51,15.22,0.5,0.43
2002-09-12 16:00:00,18.93,50.39,15.33,0.5,0.532
2002-09-12 17:00:00,21.94,50.79,13.81,0.5,0.81
2002-09-12 18:00:00,46.72,52.25,10.73,0.5,1.003
2002-09-12 19:00:00,47.92,54.17,10.68,0.5,1.194
2002-09-12 20:00:00,41.44,53.47,13.05,0.5,1.172
2002-09-12 21:00:00,27.69,53.15,15.04,0.5,0.721
2002-09-12 22:00:00,12.23,50.74,16.42,0.5,0.395
2002-09-12 23:00:00,20.06,49.41,18.08,0.5,0.3
2002-09-13 00:00:00,31.24,48.01,17.96,0.5,0.17
2002-09-13 01:00:00,22.52,47.09,19.25,0.5,0.111
2002-09-13 02:00:00,15.65,46.43,17.45,0.5,0.153
2002-09-13 03:00:00,19.51,44.94,15.53,0.5,0.025
2002-09-13 04:00:00,6.347,43.91,13.84,0.5,0.025
2002-09-13 05:00:00,,41.39,14.24,0.5,0.025
2002-09-13 06:00:00,8.635,41.92,12.79,0.5,0.025
2002-09-13 07:00:00,9.478,40.91,12.65,0.5,0.025
2002-09-13 08:00:00,23.41,42.54,10.99,0.5,0.025
2002-09-13 09:00:00,21.59,43.36,9.209,0.5,0.115
2002-09-13 10:00:00,26.66,40.82,13.28,2.386,0.218
2002-09-13 11:00:00,46.71,,,,0.486
2002-09-13 12:00:00,29.44,,,4.063,0.14
2002-09-13 13:00:00,18.25,,38.2,5.338,0.025
2002-09-13 15:00:00,23.82,,58.84,8.289,0.282
2002-09-13 16:00:00,10.64,,60.01,6.743,0.233
2002-09-13 17:00:00,22.64,5.639,52.1,3.301,0.068
2002-09-13 18:00:00,28.65,12.41,53.9,1.089,0.569
2002-09-13 19:00:00,48.72,13.45,56.33,0.5,1.343
2002-09-13 20:00:00,67.44,7.637,50.54,0.5,1.322
2002-09-13 21:00:00,42.61,6.168,51.59,0.5,0.941
2002-09-13 22:00:00,42.67,4.882,52.16,0.5,0.62
2002-09-13 23:00:00,38.4,2.419,49.1,0.5,0.27
2002-09-14 00:00:00,21.96,2.779,50.88,0.5,0.218
2002-09-14 01:00:00,32.32,3.425,50.29,0.5,0.231
2002-09-14 02:00:00,29.42,0.65,40.87,5.267,0.025
2002-09-14 03:00:00,22.59,0.65,37.08,5.388,0.025
2002-09-14 04:00:00,9.971,0.65,31.43,7.318,0.025
2002-09-14 05:00:00,11.36,0.65,29.66,7.59,0.025
2002-09-14 06:00:00,18.22,0.65,32.85,6.072,0.025
2002-09-14 07:00:00,20.64,0.65,35.92,4.619,0.025
2002-09-14 08:00:00,16.0,0.65,40.8,2.41,0.025
2002-09-14 09:00:00,13.65,0.65,40.05,3.709,0.025
2002-09-14 10:00:00,14.25,0.65,39.1,7.054,0.025
2002-09-14 11:00:00,26.9,0.65,39.03,6.689,0.025
2002-09-14 12:00:00,35.77,0.65,39.81,7.53,0.025
2002-09-14 13:00:00,22.83,0.65,39.08,9.371,0.025
2002-09-14 14:00:00,12.58,0.65,40.61,8.824,0.025
2002-09-14 15:00:00,8.791,0.65,42.23,7.142,0.025
2002-09-14 16:00:00,5.559,0.65,45.27,5.575,0.025
2002-09-14 17:00:00,13.39,0.65,44.89,4.931,0.025
2002-09-14 18:00:00,22.32,0.65,45.02,4.468,0.025
2002-09-14 19:00:00,17.55,0.65,41.23,4.89,0.025
2002-09-14 20:00:00,35.0,0.65,41.75,3.36,0.025
2002-09-14 21:00:00,39.5,0.65,43.73,2.464,0.025
2002-09-14 22:00:00,40.12,0.65,44.8,1.477,0.025
2002-09-14 23:00:00,52.47,0.65,41.38,2.785,0.025
2002-09-15 00:00:00,29.68,0.65,42.83,1.141,0.025
2002-09-15 01:00:00,23.42,3.094,41.88,1.736,0.025
2002-09-15 02:00:00,46.84,2.208,39.01,1.857,0.025
2002-09-15 03:00:00,44.04,2.072,38.32,2.54,0.025
2002-09-15 04:00:00,31.74,0.65,36.32,2.728,0.025
2002-09-15 05:00:00,23.04,0.65,38.94,0.5,0.025
2002-09-15 06:00:00,19.55,3.087,39.12,0.5,0.057
2002-09-15 07:00:00,27.97,5.215,37.74,0.5,0.173
2002-09-15 08:00:00,23.56,8.496,39.09,1.281,0.025
2002-09-15 09:00:00,19.42,5.419,37.92,4.68,0.025
2002-09-15 10:00:00,24.93,2.723,34.81,6.736,0.025
2002-09-15 11:00:00,16.05,2.046,33.31,8.069,0.025
2002-09-15 12:00:00,21.12,1.738,34.72,7.564,0.025
2002-09-15 13:00:00,34.3,1.626,35.55,9.507,0.025
2002-09-15 14:00:00,30.54,1.589,36.62,8.513,0.025
2002-09-15 15:00:00,13.44,0.65,36.37,9.482,0.025
2002-09-15 16:00:00,2.228,0.65,35.44,9.986,0.025
2002-09-15 17:00:00,16.74,0.65,38.1,8.65,0.025
2002-09-15 18:00:00,24.47,1.68,40.52,5.028,0.025
2002-09-15 19:00:00,61.33,0.65,40.84,7.494,0.025
2002-09-15 20:00:00,31.62,0.65,38.24,7.45,0.025
2002-09-15 21:00:00,14.01,0.65,38.67,6.646,0.025
2002-09-15 22:00:00,10.82,0.65,35.55,8.728,0.025
2002-09-15 23:00:00,30.03,0.65,34.33,8.783,0.025
2002-09-16 00:00:00,31.24,,33.2,8.906,0.025
2002-09-16 01:00:00,,0.65,32.14,8.928,0.025
2002-09-16 02:00:00,12.6,0.65,27.91,11.48,0.025
2002-09-16 03:00:00,17.97,0.65,27.1,10.78,0.025
2002-09-16 04:00:00,1.8,0.65,27.35,11.11,0.025
2002-09-16 05:00:00,1.87,0.65,26.36,10.87,0.025
2002-09-16 06:00:00,35.45,0.65,30.46,6.339,0.025
2002-09-16 07:00:00,15.74,2.689,36.19,2.983,0.025
2002-09-16 08:00:00,29.78,7.783,40.68,0.5,0.025
2002-09-16 09:00:00,48.18,15.46,51.21,0.5,0.337
2002-09-16 10:00:00,32.79,11.04,45.35,1.194,0.286
2002-09-16 11:00:00,64.3,13.69,45.51,2.056,0.4
2002-09-16 12:00:00,31.87,17.3,51.77,0.5,0.535
2002-09-16 13:00:00,65.47,15.61,58.54,0.5,0.58
2002-09-16 14:00:00,84.12,15.01,57.26,1.817,0.514
2002-09-16 15:00:00,37.84,18.67,63.67,0.5,0.895
2002-09-16 16:00:00,67.7,14.3,52.71,2.183,0.62
2002-09-16 17:00:00,61.44,12.13,49.87,2.768,0.474
2002-09-16 18:00:00,42.98,13.55,50.49,0.5,0.493
2002-09-16 19:00:00,59.68,14.1,51.23,0.5,0.779
2002-09-16 20:00:00,73.25,14.63,50.58,0.5,0.786
2002-09-16 21:00:00,51.63,13.25,45.69,0.5,0.475
2002-09-16 22:00:00,42.45,11.66,41.94,1.119,0.201
2002-09-16 23:00:00,40.38,8.663,39.72,1.825,0.09
2002-09-17 00:00:00,24.6,7.461,37.18,2.328,0.025
2002-09-17 01:00:00,29.93,2.451,32.84,4.582,0.025
2002-09-17 02:00:00,26.12,0.65,30.76,4.242,0.025
2002-09-17 03:00:00,28.69,0.65,30.64,4.708,0.025
2002-09-17 04:00:00,33.88,0.65,27.38,6.801,0.025
2002-09-17 05:00:00,25.41,0.65,26.41,6.678,0.025
2002-09-17 06:00:00,21.54,0.65,28.94,5.072,0.025
2002-09-17 07:00:00,5.915,0.65,36.34,1.524,0.025
2002-09-17 08:00:00,18.41,3.298,44.04,0.5,0.178
2002-09-17 09:00:00,39.45,10.92,54.36,0.5,1.079
2002-09-17 10:00:00,39.48,15.73,54.51,0.5,1.162
2002-09-17 11:00:00,50.88,9.771,46.19,0.5,0.503
2002-09-17 12:00:00,37.6,9.998,47.81,0.5,0.408
2002-09-17 13:00:00,22.93,8.358,43.31,0.5,0.323
2002-09-17 14:00:00,46.77,11.4,46.55,0.5,0.515
2002-09-17 15:00:00,38.69,12.49,47.68,0.5,0.795
2002-09-17 16:00:00,23.21,12.09,51.69,0.5,0.761
2002-09-17 17:00:00,41.52,15.19,57.92,0.5,0.732
2002-09-17 18:00:00,59.39,16.06,55.95,0.5,0.882
2002-09-17 19:00:00,47.43,14.79,53.64,0.5,1.293
2002-09-17 20:00:00,46.51,12.96,50.54,0.5,1.233
2002-09-17 21:00:00,60.2,13.08,50.21,0.5,1.2
2002-09-17 22:00:00,66.77,12.58,45.89,0.5,1.236
2002-09-17 23:00:00,46.74,11.85,42.46,0.5,1.004
2002-09-18 00:00:00,33.93,10.19,39.83,0.5,0.439
2002-09-18 01:00:00,21.79,3.996,39.21,0.5,0.235
2002-09-18 02:00:00,18.13,3.503,38.64,0.5,0.311
2002-09-18 03:00:00,17.38,1.601,32.09,0.5,0.025
2002-09-18 04:00:00,11.74,1.401,36.1,0.5,0.347
2002-09-18 05:00:00,30.12,1.662,29.58,0.5,0.363
2002-09-18 06:00:00,35.66,1.905,27.93,0.5,0.192
2002-09-18 07:00:00,22.25,3.51,30.92,0.5,0.273
2002-09-18 08:00:00,31.85,10.16,36.61,0.5,0.715
2002-09-18 09:00:00,66.03,15.62,38.14,0.5,1.223
2002-09-18 10:00:00,57.61,17.84,44.01,0.5,1.384
2002-09-18 11:00:00,69.19,14.28,43.99,0.5,1.026
2002-09-18 12:00:00,63.99,9.375,45.39,0.5,0.656
2002-09-18 13:00:00,30.4,7.95,45.67,1.443,0.554
2002-09-18 14:00:00,51.16,12.17,43.54,2.026,0.24
2002-09-18 15:00:00,51.68,10.12,46.63,1.171,0.377
2002-09-18 16:00:00,21.05,11.9,50.51,0.5,0.795
2002-09-18 17:00:00,36.84,17.22,59.51,0.5,1.025
2002-09-18 18:00:00,85.39,13.88,65.68,0.5,1.284
2002-09-18 19:00:00,80.93,10.52,65.38,0.5,2.207
2002-09-18 20:00:00,70.5,9.65,65.3,0.5,2.231
2002-09-18 21:00:00,80.86,8.874,53.74,1.028,1.127
2002-09-18 22:00:00,57.2,6.498,41.9,4.017,0.54
2002-09-18 23:00:00,23.87,4.617,39.0,4.678,0.277
2002-09-19 00:00:00,21.54,3.062,36.55,5.186,0.132
2002-09-19 01:00:00,29.06,2.009,35.05,6.137,0.053
2002-09-19 02:00:00,19.22,1.369,34.89,4.371,0.091
2002-09-19 03:00:00,30.47,0.65,33.01,4.069,0.056
2002-09-19 04:00:00,23.7,0.65,29.55,5.649,0.025
2002-09-19 05:00:00,5.973,0.65,28.74,7.617,0.025
2002-09-19 06:00:00,19.47,0.65,30.3,5.676,0.025
2002-09-19 07:00:00,37.62,3.222,45.28,0.5,0.107
2002-09-19 08:00:00,67.53,4.728,54.69,0.5,0.91
2002-09-19 09:00:00,80.87,5.029,71.17,0.5,1.332
2002-09-19 10:00:00,68.61,8.67,90.46,0.5,2.348
2002-09-19 11:00:00,48.63,7.388,73.63,1.324,1.578
2002-09-19 12:00:00,38.27,5.385,55.44,4.703,0.831
2002-09-19 13:00:00,34.65,3.704,54.31,2.54,0.507
2002-09-19 14:00:00,44.45,5.983,64.85,0.5,1.229
2002-09-19 15:00:00,51.27,8.168,63.29,1.214,1.113
2002-09-19 16:00:00,45.8,12.17,66.1,0.5,1.515
2002-09-19 17:00:00,31.13,10.39,58.78,2.639,0.875
2002-09-19 18:00:00,32.75,11.22,60.87,1.428,0.607
2002-09-19 19:00:00,28.45,13.23,62.07,1.711,0.584
2002-09-19 20:00:00,28.34,11.08,59.55,0.5,0.629
2002-09-19 21:00:00,39.24,8.387,56.84,0.5,0.466
2002-09-19 22:00:00,34.38,7.881,54.94,0.5,0.499
2002-09-19 23:00:00,22.44,7.672,55.84,0.5,0.493
2002-09-20 00:00:00,6.262,6.322,48.51,2.825,0.121
2002-09-20 01:00:00,22.0,0.65,37.64,4.131,0.025
2002-09-20 02:00:00,31.02,0.65,33.2,6.386,0.025
2002-09-20 03:00:00,11.76,0.65,32.76,9.168,0.025
2002-09-20 04:00:00,5.327,0.65,32.51,8.886,0.025
2002-09-20 05:00:00,5.153,0.65,31.05,10.76,0.025
2002-09-20 06:00:00,,0.65,32.72,11.35,0.025
2002-09-20 07:00:00,,0.65,37.59,9.962,0.025
2002-09-20 08:00:00,,0.65,40.47,8.426,0.025
2002-09-20 09:00:00,,0.65,42.2,7.353,0.025
2002-09-20 10:00:00,19.18,0.65,42.99,8.496,0.025
2002-09-20 11:00:00,18.4,0.65,41.68,9.496,0.025
2002-09-20 12:00:00,,0.65,40.45,10.92,0.025
2002-09-20 13:00:00,,0.65,40.41,10.02,0.025
2002-09-20 14:00:00,8.049,0.65,39.12,9.467,0.025
2002-09-20 15:00:00,20.79,0.65,37.65,8.994,0.025
2002-09-20 16:00:00,12.52,0.65,37.83,8.013,0.025
2002-09-20 17:00:00,2.44,0.65,40.67,5.814,0.025
2002-09-20 18:00:00,5.766,0.65,39.35,5.472,0.025
2002-09-20 19:00:00,8.122,0.65,39.53,4.264,0.025
2002-09-20 20:00:00,29.76,0.65,43.5,0.5,0.025
2002-09-20 21:00:00,40.21,0.65,49.5,0.5,0.297
2002-09-20 22:00:00,46.46,0.65,48.48,0.5,0.542
2002-09-20 23:00:00,63.26,2.224,47.73,0.5,0.672
2002-09-21 00:00:00,61.92,7.878,47.93,0.5,0.678
2002-09-21 01:00:00,59.98,1.55,39.36,0.5,0.378
2002-09-21 02:00:00,41.19,0.65,32.48,0.5,0.134
2002-09-21 03:00:00,17.61,0.65,23.53,1.599,0.025
2002-09-21 04:00:00,7.222,0.65,21.74,3.357,0.025
2002-09-21 05:00:00,9.914,0.65,21.59,3.389,0.025
2002-09-21 06:00:00,14.25,4.302,23.06,1.693,0.025
2002-09-21 07:00:00,28.85,0.65,28.26,0.5,0.025
2002-09-21 08:00:00,25.76,3.778,29.69,1.365,0.025
2002-09-21 09:00:00,4.295,10.33,29.19,1.781,0.025
2002-09-21 10:00:00,26.39,4.766,29.85,2.905,0.025
2002-09-21 11:00:00,23.85,2.611,32.14,4.081,0.025
2002-09-21 12:00:00,15.74,3.216,35.82,5.243,0.025
2002-09-21 13:00:00,22.24,0.65,35.71,6.896,0.025
2002-09-21 14:00:00,16.11,0.65,39.23,7.49,0.025
2002-09-21 15:00:00,12.92,0.65,42.49,5.515,0.025
2002-09-21 16:00:00,3.848,0.65,41.55,6.465,0.025
2002-09-21 17:00:00,,0.65,42.2,6.257,0.025
2002-09-21 18:00:00,14.77,0.65,46.32,2.999,0.025
2002-09-21 19:00:00,14.26,0.65,47.64,1.699,0.025
2002-09-21 20:00:00,24.87,1.413,48.81,0.5,0.025
2002-09-21 21:00:00,37.65,0.65,49.46,0.5,0.121
2002-09-21 22:00:00,32.43,6.374,56.05,0.5,0.664
2002-09-21 23:00:00,72.22,4.124,51.4,0.5,0.583
2002-09-22 00:00:00,92.59,2.299,42.78,0.5,0.346
2002-09-22 01:00:00,66.84,2.093,37.63,1.121,0.098
2002-09-22 02:00:00,33.91,0.65,31.51,2.204,0.025
2002-09-22 03:00:00,8.694,0.65,30.44,2.126,0.025
2002-09-22 04:00:00,10.23,0.65,26.83,3.271,0.025
2002-09-22 05:00:00,8.465,0.65,23.14,3.897,0.025
2002-09-22 06:00:00,11.79,0.65,22.85,2.875,0.025
2002-09-22 07:00:00,17.72,0.65,25.08,1.84,0.025
2002-09-22 08:00:00,22.93,0.65,24.7,2.124,0.025
2002-09-22 09:00:00,19.36,0.65,27.89,4.8,0.025
2002-09-22 10:00:00,3.187,0.65,29.94,5.201,0.025
2002-09-22 11:00:00,5.622,3.074,36.97,8.967,0.025
2002-09-22 12:00:00,19.24,12.35,43.09,7.268,0.025
2002-09-22 13:00:00,22.29,5.836,38.72,8.815,0.025
2002-09-22 14:00:00,17.54,0.65,38.49,9.584,0.025
2002-09-22 15:00:00,22.24,0.65,39.74,8.346,0.025
2002-09-22 16:00:00,13.11,5.2,42.18,8.079,0.025
2002-09-22 17:00:00,,8.861,45.31,6.442,0.025
2002-09-22 18:00:00,1.545,18.52,48.59,2.844,0.025
2002-09-22 19:00:00,19.63,13.3,52.68,0.5,0.025
2002-09-22 20:00:00,37.85,11.59,58.42,0.5,0.725
2002-09-22 21:00:00,46.14,13.07,63.13,0.5,0.9
2002-09-22 22:00:00,50.05,14.06,65.6,0.5,1.061
2002-09-22 23:00:00,69.55,9.632,58.08,0.5,1.231
2002-09-23 00:00:00,74.46,7.78,49.53,0.5,1.129
2002-09-23 01:00:00,76.09,5.389,46.13,0.5,0.85
2002-09-23 02:00:00,75.68,0.65,38.88,0.5,0.364
2002-09-23 03:00:00,35.05,0.65,31.34,1.258,0.025
2002-09-23 04:00:00,9.531,0.65,24.07,1.807,0.025
2002-09-23 05:00:00,12.2,0.65,23.2,2.306,0.025
2002-09-23 06:00:00,22.84,0.65,30.11,1.265,0.025
2002-09-23 07:00:00,23.37,0.65,36.2,1.957,0.025
2002-09-23 08:00:00,19.52,4.207,44.05,0.5,0.087
2002-09-23 09:00:00,44.94,5.835,49.4,0.5,0.276
2002-09-23 10:00:00,44.69,4.885,50.57,2.274,0.151
2002-09-23 11:00:00,16.14,2.117,49.36,3.706,0.025
2002-09-23 12:00:00,21.14,0.65,49.6,4.568,0.025
2002-09-23 13:00:00,32.68,0.65,49.1,6.894,0.025
2002-09-23 14:00:00,,,,,0.025
2002-09-23 15:00:00,,,,,0.502
2002-09-23 16:00:00,,,,9.187,0.506
2002-09-23 17:00:00,,46.44,46.23,4.262,0.624
2002-09-23 18:00:00,7.053,42.05,46.37,4.011,0.614
2002-09-23 19:00:00,12.85,40.23,53.85,1.849,0.788
2002-09-23 20:00:00,31.66,39.51,49.72,1.549,0.756
2002-09-23 21:00:00,37.04,38.94,48.04,1.703,0.538
2002-09-23 22:00:00,26.37,38.8,46.42,1.115,0.578
2002-09-23 23:00:00,27.85,37.6,41.36,2.26,0.593
2002-09-24 00:00:00,25.86,36.76,41.07,1.444,0.717
2002-09-24 01:00:00,33.28,31.79,40.85,1.191,0.508
2002-09-24 02:00:00,11.61,30.77,37.38,2.364,0.393
2002-09-24 03:00:00,22.36,29.99,38.08,0.5,0.511
2002-09-24 04:00:00,13.71,29.62,33.2,2.989,0.393
2002-09-24 05:00:00,11.8,28.84,28.53,4.904,0.342
2002-09-24 06:00:00,7.929,29.09,30.68,3.075,0.291
2002-09-24 07:00:00,27.64,29.44,38.73,0.5,0.383
2002-09-24 08:00:00,17.48,30.3,44.11,0.5,0.558
2002-09-24 09:00:00,21.01,31.69,49.22,1.415,0.727
2002-09-24 10:00:00,28.32,32.27,49.42,3.331,0.633
2002-09-24 11:00:00,38.24,32.16,48.97,4.742,0.554
2002-09-24 12:00:00,19.48,32.42,49.54,6.529,0.367
2002-09-24 13:00:00,8.467,31.92,47.88,8.031,0.27
2002-09-24 14:00:00,13.21,31.62,49.18,7.83,0.247
2002-09-24 15:00:00,12.69,31.7,53.14,8.054,0.273
2002-09-24 16:00:00,3.166,30.96,52.79,8.146,0.274
2002-09-24 17:00:00,7.902,31.18,50.83,7.926,0.39
2002-09-24 18:00:00,15.77,31.62,53.28,4.424,0.499
2002-09-24 19:00:00,29.02,32.28,57.29,1.85,0.761
2002-09-24 20:00:00,44.03,31.69,52.96,1.367,0.754
2002-09-24 21:00:00,41.09,30.59,49.23,2.551,0.739
2002-09-24 22:00:00,25.31,29.7,44.16,4.668,0.643
2002-09-24 23:00:00,30.29,28.91,41.25,3.672,0.626
2002-09-25 00:00:00,41.59,27.52,39.93,5.266,0.557
2002-09-25 01:00:00,12.8,28.15,36.42,7.428,0.264
2002-09-25 02:00:00,6.458,26.75,32.62,8.939,0.205
2002-09-25 03:00:00,16.47,25.4,30.03,8.144,0.174
2002-09-25 04:00:00,5.338,24.35,30.79,6.369,0.24
2002-09-25 05:00:00,,23.77,33.67,2.326,0.223
2002-09-25 06:00:00,17.85,22.84,33.81,0.5,0.309
2002-09-25 07:00:00,17.81,23.24,41.26,0.5,0.663
2002-09-25 08:00:00,50.02,25.9,55.1,0.5,1.276
2002-09-25 09:00:00,85.97,28.56,66.09,0.5,1.505
2002-09-25 10:00:00,63.75,27.49,67.84,0.5,1.277
2002-09-25 11:00:00,51.39,26.69,60.83,2.986,0.99
2002-09-25 12:00:00,33.8,25.35,68.72,7.443,0.787
2002-09-25 13:00:00,56.59,23.48,77.96,8.853,0.785
2002-09-25 14:00:00,57.2,25.77,82.87,11.46,0.739
2002-09-25 15:00:00,36.98,26.26,96.6,10.87,0.92
2002-09-25 16:00:00,43.25,32.48,90.79,32.95,0.683
2002-09-25 17:00:00,48.61,31.68,78.96,6.661,0.675
2002-09-25 18:00:00,47.83,29.72,67.86,6.397,0.794
2002-09-25 19:00:00,69.41,31.26,67.11,4.394,1.005
2002-09-25 20:00:00,79.43,33.13,62.06,4.757,1.019
2002-09-25 21:00:00,57.94,34.18,66.45,2.158,0.929
2002-09-25 22:00:00,71.89,34.92,66.84,0.5,1.064
2002-09-25 23:00:00,50.89,36.13,64.62,0.5,1.154
2002-09-26 00:00:00,40.96,37.18,62.05,0.5,1.294
2002-09-26 01:00:00,60.59,34.85,57.96,0.5,1.06
2002-09-26 02:00:00,35.23,35.53,52.77,0.5,0.803
2002-09-26 03:00:00,56.76,35.55,43.04,0.5,0.655
2002-09-26 04:00:00,53.23,35.18,42.94,0.5,0.632
2002-09-26 05:00:00,44.84,36.59,42.41,0.5,0.91
2002-09-26 06:00:00,43.89,37.84,42.91,0.5,1.159
2002-09-26 07:00:00,69.93,39.44,45.53,0.5,1.16
2002-09-26 08:00:00,70.74,40.64,46.55,0.5,1.189
2002-09-26 09:00:00,55.28,42.05,52.15,0.5,1.397
2002-09-26 10:00:00,59.23,42.08,52.79,0.5,1.4
2002-09-26 11:00:00,46.73,41.59,58.24,2.419,1.189
2002-09-26 12:00:00,53.63,39.33,73.7,6.021,1.052
2002-09-26 13:00:00,60.96,38.87,79.05,7.933,0.962
2002-09-26 14:00:00,47.38,39.24,72.54,9.615,0.806
2002-09-26 15:00:00,62.49,39.3,72.69,7.682,0.757
2002-09-26 16:00:00,39.76,39.66,77.34,8.621,0.825
2002-09-26 17:00:00,53.68,39.07,82.17,8.595,0.875
2002-09-26 18:00:00,73.01,36.3,74.26,5.431,0.98
2002-09-26 19:00:00,73.41,37.84,77.84,1.664,1.312
2002-09-26 20:00:00,67.5,37.28,65.55,1.873,1.12
2002-09-26 21:00:00,70.85,35.91,57.55,0.5,1.101
2002-09-26 22:00:00,47.42,35.48,53.12,0.5,1.145
2002-09-26 23:00:00,56.92,34.66,55.52,2.314,0.936
2002-09-27 00:00:00,46.01,33.68,62.64,1.56,0.937
2002-09-27 01:00:00,34.19,28.7,63.22,0.5,0.983
2002-09-27 02:00:00,40.87,27.68,57.41,0.5,0.894
2002-09-27 03:00:00,89.56,27.22,50.61,0.5,0.723
2002-09-27 04:00:00,35.81,27.24,39.31,6.988,0.557
2002-09-27 05:00:00,33.48,26.82,37.13,11.34,0.387
2002-09-27 06:00:00,28.61,26.89,41.63,9.305,0.639
2002-09-27 07:00:00,34.35,26.85,50.41,4.782,0.673
2002-09-27 08:00:00,52.52,27.75,56.36,2.24,0.717
2002-09-27 09:00:00,42.66,28.68,64.64,1.281,1.142
2002-09-27 10:00:00,59.73,29.19,67.22,5.29,1.198
2002-09-27 11:00:00,55.33,28.64,67.66,4.862,1.115
2002-09-27 12:00:00,59.88,28.93,63.33,5.35,0.968
2002-09-27 13:00:00,76.12,28.62,63.58,5.568,0.965
2002-09-27 14:00:00,54.64,28.65,73.95,6.134,0.964
2002-09-27 15:00:00,68.2,30.16,88.54,7.171,1.184
2002-09-27 16:00:00,76.67,33.02,90.77,4.388,1.49
2002-09-27 17:00:00,76.2,31.53,68.55,11.22,1.084
2002-09-27 18:00:00,64.98,27.74,64.78,6.379,1.044
2002-09-27 19:00:00,77.29,29.16,68.77,4.688,1.517
2002-09-27 20:00:00,70.63,28.6,62.17,7.135,1.321
2002-09-27 21:00:00,76.45,27.98,56.27,6.964,0.92
2002-09-27 22:00:00,40.51,27.07,51.57,9.081,0.738
2002-09-27 23:00:00,45.94,26.26,50.77,8.296,0.811
2002-09-28 00:00:00,36.27,25.67,47.89,6.995,0.766
2002-09-28 01:00:00,18.96,26.6,43.45,9.178,0.614
2002-09-28 02:00:00,36.25,25.82,39.3,11.57,0.459
2002-09-28 03:00:00,21.75,25.22,38.14,10.58,0.393
2002-09-28 04:00:00,6.611,25.13,38.68,5.536,0.518
2002-09-28 05:00:00,23.7,25.17,45.23,0.5,0.869
2002-09-28 06:00:00,40.53,26.17,41.38,0.5,0.91
2002-09-28 07:00:00,48.32,28.52,47.61,0.5,1.428
2002-09-28 08:00:00,56.09,30.27,54.89,0.5,1.425
2002-09-28 09:00:00,63.13,30.87,55.56,1.035,1.227
2002-09-28 10:00:00,46.41,30.39,50.37,3.208,0.96
2002-09-28 11:00:00,50.96,29.6,52.65,6.219,0.745
2002-09-28 12:00:00,46.04,31.18,62.59,10.32,0.736
2002-09-28 13:00:00,66.16,35.88,69.34,12.16,0.723
2002-09-28 14:00:00,46.52,41.71,70.77,12.59,0.56
2002-09-28 15:00:00,16.18,47.5,62.66,14.37,0.439
2002-09-28 16:00:00,5.656,53.49,66.67,8.452,0.428
2002-09-28 17:00:00,43.68,56.35,76.16,6.165,0.53
2002-09-28 18:00:00,55.47,53.48,88.56,10.93,0.604
2002-09-28 19:00:00,83.3,42.75,76.42,5.711,0.812
2002-09-28 20:00:00,93.59,33.58,65.16,2.732,1.076
2002-09-28 21:00:00,91.26,31.27,64.88,0.5,1.774
2002-09-28 22:00:00,111.1,30.0,66.37,0.5,2.079
2002-09-28 23:00:00,79.78,29.3,61.78,0.5,2.07
2002-09-29 00:00:00,105.8,28.39,49.36,0.5,1.899
2002-09-29 01:00:00,94.73,24.5,38.52,0.5,1.236
2002-09-29 02:00:00,75.47,23.92,35.64,0.5,1.164
2002-09-29 03:00:00,71.66,22.52,34.18,0.5,0.988
2002-09-29 04:00:00,76.46,22.96,34.2,2.555,0.977
2002-09-29 05:00:00,50.79,21.92,25.13,8.115,0.549
2002-09-29 06:00:00,35.06,22.47,25.74,7.554,0.363
2002-09-29 07:00:00,30.51,22.86,29.8,3.6,0.354
2002-09-29 08:00:00,43.48,23.72,32.33,3.001,0.46
2002-09-29 09:00:00,30.08,25.16,33.69,1.772,0.477
2002-09-29 10:00:00,39.58,25.78,31.96,2.107,0.531
2002-09-29 11:00:00,40.12,27.25,34.31,4.607,0.436
2002-09-29 12:00:00,35.31,25.29,37.95,9.724,0.415
2002-09-29 13:00:00,27.46,27.87,43.83,14.3,0.487
2002-09-29 14:00:00,29.73,29.2,46.64,18.8,0.474
2002-09-29 15:00:00,28.51,29.48,50.01,13.63,0.529
2002-09-29 16:00:00,19.3,30.08,52.13,11.11,0.531
2002-09-29 17:00:00,34.86,29.58,49.58,14.51,0.529
2002-09-29 18:00:00,31.94,31.06,52.41,8.746,0.586
2002-09-29 19:00:00,34.27,31.26,47.87,8.083,0.643
2002-09-29 20:00:00,46.33,30.73,49.37,5.954,0.913
2002-09-29 21:00:00,36.65,30.85,49.15,6.76,0.886
2002-09-29 22:00:00,20.58,30.17,46.13,8.013,0.762
2002-09-29 23:00:00,23.08,29.39,48.72,4.336,0.785
2002-09-30 00:00:00,23.42,29.16,48.13,4.674,0.677
2002-09-30 01:00:00,19.54,33.4,46.12,7.926,0.778
2002-09-30 02:00:00,28.48,32.55,37.37,14.26,0.678
2002-09-30 03:00:00,15.17,31.08,36.29,17.33,0.596
2002-09-30 04:00:00,2.389,31.39,34.31,17.73,0.484
2002-09-30 05:00:00,8.978,31.07,35.76,15.7,0.471
2002-09-30 06:00:00,13.58,30.91,40.59,8.519,0.567
2002-09-30 07:00:00,16.6,31.31,57.7,1.326,0.823
2002-09-30 08:00:00,47.4,32.14,62.5,0.5,0.95
2002-09-30 09:00:00,29.73,33.13,68.18,0.5,1.69
2002-09-30 10:00:00,44.78,35.41,68.57,0.5,1.804
2002-09-30 11:00:00,38.35,36.24,69.31,0.5,2.132
2002-09-30 12:00:00,48.86,37.21,66.04,0.5,1.68
2002-09-30 13:00:00,34.06,37.21,64.58,0.5,1.483
2002-09-30 14:00:00,21.4,37.29,61.61,1.075,1.351
2002-09-30 15:00:00,33.25,36.85,65.67,1.188,1.654
2002-09-30 16:00:00,12.63,37.6,66.66,1.936,1.43
2002-09-30 17:00:00,36.72,37.89,66.38,0.5,1.58
2002-09-30 18:00:00,28.31,38.38,69.38,0.5,1.715
2002-09-30 19:00:00,41.59,38.91,71.04,0.5,1.829
2002-09-30 20:00:00,39.93,38.43,68.81,0.5,1.779
2002-09-30 21:00:00,24.52,38.12,67.52,0.5,1.52
2002-09-30 22:00:00,26.02,37.77,65.87,0.5,1.223
2002-09-30 23:00:00,33.7,36.95,62.04,1.896,1.114
2002-10-01 00:00:00,24.67,36.23,53.09,3.597,1.069
2002-10-01 01:00:00,27.1,33.14,45.4,3.942,0.533
2002-10-01 02:00:00,23.31,31.36,40.83,5.231,0.506
2002-10-01 03:00:00,33.11,29.69,35.62,6.69,0.365
2002-10-01 04:00:00,26.29,29.37,31.03,9.487,0.244
2002-10-01 05:00:00,21.95,28.94,30.66,12.02,0.223
2002-10-01 06:00:00,14.65,28.5,33.64,8.155,0.236
2002-10-01 07:00:00,19.04,28.54,45.16,1.931,0.344
2002-10-01 08:00:00,27.51,28.73,53.98,0.5,0.665
2002-10-01 09:00:00,59.63,28.65,,1.355,0.814
2002-10-01 10:00:00,32.53,29.14,,4.989,0.691
2002-10-01 11:00:00,22.46,28.49,46.18,5.697,0.579
2002-10-01 12:00:00,15.38,26.49,46.78,6.19,0.515
2002-10-01 13:00:00,36.11,25.75,45.63,8.96,0.446
2002-10-01 14:00:00,13.26,23.55,45.57,7.128,0.461
2002-10-01 15:00:00,23.5,25.28,47.56,5.849,0.636
2002-10-01 16:00:00,13.61,24.98,45.42,7.029,0.707
2002-10-01 17:00:00,27.32,25.33,45.18,6.808,0.608
2002-10-01 18:00:00,31.72,25.74,49.24,3.951,0.756
2002-10-01 19:00:00,17.8,25.63,52.65,2.156,1.001
2002-10-01 20:00:00,44.84,25.61,48.51,2.641,0.919
2002-10-01 21:00:00,32.61,24.52,44.55,6.094,0.772
2002-10-01 22:00:00,18.71,23.1,37.89,10.19,0.533
2002-10-01 23:00:00,28.25,22.66,37.47,8.363,0.459
2002-10-02 00:00:00,14.01,21.93,35.66,8.339,0.488
2002-10-02 01:00:00,15.69,21.7,31.94,11.97,0.503
2002-10-02 02:00:00,18.75,21.18,28.29,14.02,0.311
2002-10-02 03:00:00,14.75,20.71,27.37,13.36,0.334
2002-10-02 04:00:00,3.928,20.83,26.16,14.15,0.29
2002-10-02 05:00:00,0.138,21.16,26.52,12.93,0.243
2002-10-02 06:00:00,0.005,21.83,31.03,8.248,0.325
2002-10-02 07:00:00,9.781,22.69,40.09,3.699,0.448
2002-10-02 08:00:00,28.41,23.33,43.31,3.961,0.561
2002-10-02 09:00:00,16.01,23.81,48.09,4.836,0.757
2002-10-02 10:00:00,16.07,25.85,48.13,6.643,0.721
2002-10-02 11:00:00,38.75,25.92,43.75,9.157,0.655
2002-10-02 12:00:00,18.68,25.21,47.15,9.361,0.647
2002-10-02 13:00:00,23.04,27.96,51.98,9.792,0.636
2002-10-02 14:00:00,20.09,31.44,51.97,13.06,0.549
2002-10-02 15:00:00,32.44,34.68,54.3,11.65,0.678
2002-10-02 16:00:00,10.36,34.61,48.39,11.81,0.613
2002-10-02 17:00:00,43.86,33.43,45.58,11.51,0.552
2002-10-02 18:00:00,41.73,30.28,48.93,6.979,0.623
2002-10-02 19:00:00,49.03,28.48,54.13,2.464,0.971
2002-10-02 20:00:00,41.08,28.62,52.0,0.5,1.017
2002-10-02 21:00:00,54.03,27.36,51.0,0.5,0.947
2002-10-02 22:00:00,38.9,25.63,48.93,0.5,1.015
2002-10-02 23:00:00,50.58,24.05,47.15,2.161,0.997
2002-10-03 00:00:00,71.83,22.99,42.8,5.617,0.771
2002-10-03 01:00:00,30.95,23.42,35.67,10.36,0.472
2002-10-03 02:00:00,30.19,22.49,29.97,11.58,0.352
2002-10-03 03:00:00,9.858,21.71,27.43,9.951,0.232
2002-10-03 04:00:00,,21.85,25.73,9.764,0.166
2002-10-03 05:00:00,,21.52,23.44,13.03,0.133
2002-10-03 06:00:00,,22.53,35.33,5.871,0.199
2002-10-03 07:00:00,0.975,23.05,47.69,0.5,0.409
2002-10-03 08:00:00,30.25,25.95,55.81,0.5,0.685
2002-10-03 09:00:00,39.15,25.48,50.86,1.665,0.759
2002-10-03 10:00:00,37.6,25.67,49.37,3.308,0.611
2002-10-03 11:00:00,22.78,26.33,48.1,6.003,0.437
2002-10-03 12:00:00,21.48,26.51,51.13,6.806,0.471
2002-10-03 13:00:00,25.27,27.5,51.72,6.967,0.433
2002-10-03 14:00:00,17.45,28.85,55.1,5.832,0.528
2002-10-03 15:00:00,26.97,31.78,56.17,4.571,0.689
2002-10-03 16:00:00,8.599,32.69,56.35,3.169,0.745
2002-10-06 17:00:00,5.062,58.5,58.16,10.88,0.825
2002-10-06 18:00:00,28.07,56.12,53.45,8.559,0.838
2002-10-06 19:00:00,33.97,49.33,48.22,6.674,0.834
2002-10-06 20:00:00,43.26,40.7,50.18,2.367,1.188
2002-10-06 21:00:00,57.61,35.43,51.45,1.13,1.525
2002-10-06 22:00:00,74.45,31.58,50.65,0.5,1.764
2002-10-06 23:00:00,65.95,29.31,52.46,0.5,1.907
2002-10-07 00:00:00,51.25,27.54,49.44,0.5,2.234
2002-10-07 01:00:00,56.33,22.7,48.68,0.5,1.823
2002-10-07 02:00:00,55.6,20.96,44.46,0.5,1.396
2002-10-07 03:00:00,37.04,21.64,46.54,0.5,1.476
2002-10-07 04:00:00,31.93,20.29,32.31,13.09,0.872
2002-10-07 05:00:00,36.53,20.22,29.72,23.0,0.502
2002-10-07 06:00:00,39.69,21.33,33.57,22.53,0.431
2002-10-07 07:00:00,31.5,22.02,42.63,17.72,0.46
2002-10-07 08:00:00,13.01,21.9,55.34,10.8,0.685
2002-10-07 09:00:00,38.39,22.77,69.19,3.767,1.0
2002-10-07 10:00:00,53.16,23.51,70.08,4.814,1.115
2002-10-07 11:00:00,35.77,24.54,61.9,9.0,1.026
2002-10-07 12:00:00,19.32,,,,1.151
2002-10-07 13:00:00,16.19,8.223,74.36,12.48,0.939
2002-10-07 14:00:00,18.08,0.65,63.48,7.752,0.847
2002-10-07 15:00:00,21.09,0.65,66.95,4.99,1.01
2002-10-07 16:00:00,11.42,0.65,72.54,1.896,1.18
2002-10-07 17:00:00,46.46,0.65,65.82,5.093,0.874
2002-10-07 18:00:00,26.15,1.649,79.61,0.5,1.553
2002-10-07 19:00:00,32.53,4.64,85.9,0.5,2.148
2002-10-07 20:00:00,64.57,2.969,75.89,1.361,1.575
2002-10-07 21:00:00,27.05,2.374,68.81,1.203,1.27
2002-10-07 22:00:00,8.496,2.86,68.78,0.5,1.16
2002-10-07 23:00:00,34.96,2.171,67.07,0.5,1.097
2002-10-08 00:00:00,34.71,2.272,62.35,0.5,1.021
2002-10-08 01:00:00,15.01,3.681,57.57,1.811,1.032
2002-10-08 02:00:00,39.77,2.558,41.48,9.038,0.703
2002-10-08 03:00:00,15.78,1.352,37.96,16.12,0.514
2002-10-08 04:00:00,0.685,0.65,38.0,18.64,0.392
2002-10-08 05:00:00,11.57,0.65,38.35,17.05,0.37
2002-10-08 06:00:00,6.161,0.65,45.03,12.77,0.404
2002-10-08 07:00:00,11.44,0.65,48.41,12.28,0.382
2002-10-08 08:00:00,12.31,0.65,59.27,4.229,0.568
2002-10-08 09:00:00,58.95,5.108,71.44,0.5,1.494
2002-10-08 10:00:00,50.23,8.902,81.44,0.5,2.236
2002-10-08 11:00:00,67.41,7.603,71.69,0.5,2.186
2002-10-08 12:00:00,32.9,6.969,66.58,1.502,1.617
2002-10-08 13:00:00,31.84,6.373,63.63,1.419,1.368
2002-10-08 14:00:00,32.86,7.25,64.62,0.5,1.33
2002-10-08 15:00:00,45.64,10.57,67.33,0.5,1.726
2002-10-08 16:00:00,23.26,9.042,63.25,0.5,1.955
2002-10-08 17:00:00,47.02,9.183,62.05,0.5,2.065
2002-10-08 18:00:00,56.77,10.96,63.02,0.5,2.124
2002-10-08 19:00:00,43.98,10.4,59.27,0.5,2.099
2002-10-08 20:00:00,64.96,9.648,54.03,0.5,2.013
2002-10-08 21:00:00,38.76,7.682,47.08,2.905,1.315
2002-10-08 22:00:00,6.921,5.968,42.97,7.246,0.877
2002-10-08 23:00:00,6.775,4.651,40.54,9.815,0.65
2002-10-09 00:00:00,8.367,3.924,37.3,9.738,0.519
2002-10-09 01:00:00,25.85,0.65,35.43,11.73,0.578
2002-10-09 02:00:00,15.5,0.65,32.87,14.53,0.563
2002-10-09 03:00:00,13.31,0.65,30.52,14.87,0.52
2002-10-09 04:00:00,21.73,0.65,29.38,14.4,0.457
2002-10-09 05:00:00,12.54,0.65,29.05,14.4,0.456
2002-10-09 06:00:00,2.475,0.65,30.79,10.61,0.471
2002-10-09 07:00:00,6.043,0.65,37.72,5.756,0.587
2002-10-09 08:00:00,41.46,0.65,42.38,2.386,0.765
2002-10-09 09:00:00,20.51,1.456,48.08,0.5,1.179
2002-10-09 10:00:00,25.63,0.65,49.19,3.725,1.176
2002-10-09 11:00:00,24.99,0.65,45.59,4.481,1.117
2002-10-09 12:00:00,36.97,0.65,48.71,5.529,1.151
2002-10-09 13:00:00,41.45,0.65,62.42,4.396,1.226
2002-10-09 14:00:00,45.23,0.65,74.54,3.656,1.381
2002-10-09 15:00:00,46.9,1.767,80.72,3.025,1.593
2002-10-09 16:00:00,48.04,0.65,80.74,3.685,1.751
2002-10-09 17:00:00,58.8,0.65,86.37,2.083,1.721
2002-10-09 18:00:00,78.42,0.65,90.67,2.846,1.741
2002-10-09 19:00:00,93.1,1.89,92.59,0.5,2.187
2002-10-09 20:00:00,88.6,2.181,63.94,0.5,1.882
2002-10-09 21:00:00,56.26,0.65,52.03,0.5,1.501
2002-10-09 22:00:00,35.78,0.65,49.92,0.5,1.35
2002-10-09 23:00:00,41.06,0.65,46.66,0.5,1.3
2002-10-10 00:00:00,24.66,0.65,48.09,0.5,1.309
2002-10-10 01:00:00,32.06,0.65,47.45,0.5,1.249
2002-10-10 02:00:00,38.61,0.65,42.7,0.5,1.15
2002-10-10 03:00:00,32.11,0.65,34.6,2.718,0.879
2002-10-10 04:00:00,19.14,0.65,27.37,6.593,0.614
2002-10-10 05:00:00,14.24,0.65,26.59,10.24,0.442
2002-10-10 06:00:00,24.51,0.65,27.3,6.53,0.445
2002-10-10 07:00:00,15.05,0.65,33.67,2.856,0.548
2002-10-10 08:00:00,31.31,0.65,38.92,1.587,0.71
2002-10-10 09:00:00,27.08,0.65,44.99,1.115,1.08
2002-10-10 10:00:00,53.17,1.549,48.84,1.482,1.197
2002-10-10 11:00:00,27.32,0.65,50.65,4.221,1.112
2002-10-10 12:00:00,37.07,,59.09,7.778,1.076
2002-10-10 13:00:00,21.92,,55.34,5.606,0.933
2002-10-10 14:00:00,30.94,,46.57,6.565,0.97
2002-10-10 15:00:00,23.6,,48.31,3.507,1.148
2002-10-10 16:00:00,13.11,,50.51,6.767,1.628
2002-10-10 17:00:00,53.87,,56.96,4.406,1.188
2002-10-10 18:00:00,41.31,,49.89,1.558,1.346
2002-10-10 19:00:00,102.7,,45.99,0.5,1.57
2002-10-10 20:00:00,57.76,,43.23,0.5,1.352
2002-10-10 21:00:00,14.89,,37.25,3.932,0.964
2002-10-10 22:00:00,31.53,,35.31,6.649,0.716
2002-10-10 23:00:00,11.86,,32.72,8.277,0.596
2002-10-11 00:00:00,23.78,,33.03,7.204,0.562
2002-10-11 01:00:00,18.08,,31.01,8.449,0.613
2002-10-11 02:00:00,11.72,,26.97,10.82,0.624
2002-10-11 03:00:00,5.87,,27.21,9.011,0.648
2002-10-11 04:00:00,1.6,,25.36,9.441,0.633
2002-10-11 05:00:00,21.05,,24.76,11.69,0.572
2002-10-11 06:00:00,7.769,,34.06,3.467,0.726
2002-10-11 07:00:00,17.12,,40.64,0.5,1.17
2002-10-11 08:00:00,44.24,,40.0,0.5,1.493
2002-10-11 09:00:00,65.29,,42.8,0.5,1.785
2002-10-11 10:00:00,60.12,,47.33,0.5,1.774
2002-10-11 11:00:00,78.97,,48.35,0.5,1.944
2002-10-11 12:00:00,85.28,,47.66,0.5,2.122
2002-10-11 13:00:00,65.93,,40.19,0.5,2.004
2002-10-11 14:00:00,65.99,,42.09,1.248,1.575
2002-10-11 15:00:00,41.31,,50.06,1.223,1.377
2002-10-11 16:00:00,45.95,,41.38,3.36,1.337
2002-10-11 17:00:00,25.83,,56.33,1.479,1.816
2002-10-11 18:00:00,27.36,,62.07,0.5,2.269
2002-10-11 19:00:00,57.52,,60.12,0.5,2.437
2002-10-11 20:00:00,55.56,,56.4,0.5,2.108
2002-10-11 21:00:00,53.19,,54.47,0.5,1.694
2002-10-11 22:00:00,14.57,,55.44,0.5,1.63
2002-10-11 23:00:00,34.19,,57.5,0.5,1.832
2002-10-12 00:00:00,57.94,,56.21,0.5,2.718
2002-10-12 01:00:00,56.91,,48.46,0.5,2.905
2002-10-12 02:00:00,47.01,,44.59,0.5,2.153
2002-10-12 03:00:00,33.85,,38.61,0.5,1.664
2002-10-12 04:00:00,18.63,,37.47,0.5,1.301
2002-10-12 05:00:00,30.24,,32.56,0.5,0.974
2002-10-12 06:00:00,42.11,,30.18,0.5,0.927
2002-10-12 07:00:00,40.08,,25.21,0.5,0.841
2002-10-12 08:00:00,32.73,,25.14,0.5,0.766
2002-10-12 09:00:00,43.83,,23.72,1.383,0.839
2002-10-12 10:00:00,23.5,,25.68,3.214,0.779
2002-10-12 11:00:00,6.769,,30.21,5.593,0.628
2002-10-12 12:00:00,31.74,,34.93,9.409,0.637
2002-10-12 13:00:00,26.37,,38.48,13.16,0.61
2002-10-12 14:00:00,28.69,,42.7,16.11,0.567
2002-10-12 15:00:00,14.1,,45.84,16.44,0.544
2002-10-12 16:00:00,2.047,,55.88,19.77,0.602
2002-10-12 17:00:00,,,63.02,15.23,0.647
2002-10-12 18:00:00,17.62,,77.13,12.73,0.718
2002-10-12 19:00:00,64.2,,88.2,7.218,1.058
2002-10-12 20:00:00,35.2,,67.62,2.632,1.363
2002-10-12 21:00:00,46.78,,50.34,4.679,1.295
2002-10-12 22:00:00,50.28,,38.03,8.931,0.995
2002-10-12 23:00:00,14.64,,36.82,11.89,0.872
2002-10-13 00:00:00,17.88,,36.64,12.93,0.772
2002-10-13 01:00:00,23.21,,37.62,12.86,0.653
2002-10-13 02:00:00,16.53,,37.25,11.25,0.666
2002-10-13 03:00:00,11.55,,46.58,2.646,0.961
2002-10-13 04:00:00,2.868,,44.76,2.649,0.977
2002-10-13 05:00:00,2.944,,40.31,0.5,1.129
2002-10-13 06:00:00,38.82,,31.0,0.5,1.042
2002-10-13 07:00:00,33.44,,31.91,0.5,1.227
2002-10-13 08:00:00,40.8,,40.25,1.467,1.244
2002-10-13 09:00:00,29.25,,45.31,4.503,1.002
2002-10-13 10:00:00,34.92,,59.31,8.086,0.908
2002-10-13 11:00:00,47.48,,55.72,11.44,0.717
2002-10-13 12:00:00,42.05,,59.8,15.59,0.654
2002-10-13 13:00:00,32.06,,59.78,17.86,0.549
2002-10-13 14:00:00,27.47,,54.78,19.05,0.445
2002-10-13 15:00:00,7.979,,48.31,13.92,0.349
2002-10-13 16:00:00,2.533,,49.07,14.45,0.418
2002-10-13 17:00:00,19.57,,45.55,16.54,0.338
2002-10-13 18:00:00,24.97,,41.77,15.09,0.328
2002-10-13 19:00:00,34.39,,44.0,8.428,0.506
2002-10-13 20:00:00,44.68,,40.36,6.721,0.684
2002-10-13 21:00:00,38.87,,37.27,5.019,0.773
2002-10-13 22:00:00,43.54,,39.63,0.5,1.004
2002-10-13 23:00:00,40.66,,35.51,0.5,1.118
2002-10-14 00:00:00,41.11,,30.29,1.466,0.944
2002-10-14 01:00:00,44.09,,28.52,5.91,0.89
2002-10-14 02:00:00,19.53,,22.54,8.494,0.598
2002-10-14 03:00:00,14.23,,20.22,6.225,0.512
2002-10-14 04:00:00,4.263,,19.64,5.29,0.426
2002-10-14 05:00:00,18.97,,22.98,2.759,0.498
2002-10-14 06:00:00,27.73,,21.49,0.5,0.728
2002-10-14 07:00:00,42.81,,23.18,0.5,1.029
2002-10-14 08:00:00,52.61,,25.63,0.5,1.371
2002-10-14 09:00:00,63.5,,31.31,0.5,1.706
2002-10-14 10:00:00,58.91,,36.06,0.5,1.751
2002-10-14 11:00:00,75.49,,42.41,2.412,1.429
2002-10-14 12:00:00,53.77,,53.74,3.802,1.289
2002-10-14 13:00:00,40.39,,55.78,1.221,1.279
2002-10-14 14:00:00,62.86,,50.92,0.5,1.305
2002-10-14 15:00:00,50.34,,50.85,0.5,1.788
2002-10-14 16:00:00,30.91,,55.1,0.5,1.891
2002-10-14 17:00:00,71.08,,55.33,0.5,1.928
2002-10-14 18:00:00,78.08,,54.79,0.5,1.807
2002-10-14 19:00:00,81.61,,55.3,0.5,2.068
2002-10-14 20:00:00,80.25,,60.18,0.5,2.252
2002-10-14 21:00:00,92.78,,58.96,0.5,2.064
2002-10-14 22:00:00,46.51,,54.95,0.5,1.658
2002-10-14 23:00:00,86.39,,51.55,0.5,2.246
2002-10-15 00:00:00,95.32,,48.7,0.5,3.07
2002-10-15 01:00:00,86.52,,44.77,0.5,3.116
2002-10-15 02:00:00,67.62,,38.65,0.5,2.474
2002-10-15 03:00:00,108.3,,36.08,0.5,2.046
2002-10-15 04:00:00,110.6,,33.78,0.5,1.765
2002-10-15 05:00:00,84.31,,29.33,0.5,1.606
2002-10-15 06:00:00,88.76,,26.25,0.5,1.445
2002-10-15 07:00:00,89.07,,25.74,0.5,1.315
2002-10-15 08:00:00,85.2,,25.66,0.5,1.395
2002-10-15 09:00:00,99.47,,33.6,0.5,1.527
2002-10-15 10:00:00,78.76,,52.75,1.987,1.573
2002-10-15 11:00:00,35.67,,63.2,4.707,1.215
2002-10-15 12:00:00,9.78,,60.85,6.278,0.837
2002-10-15 13:00:00,23.22,,58.39,5.491,0.569
2002-10-15 14:00:00,19.93,,55.8,6.555,0.466
2002-10-15 15:00:00,15.62,,64.51,4.641,0.965
2002-10-15 16:00:00,0.071,,56.93,9.235,0.978
2002-10-15 17:00:00,17.26,,58.31,5.332,0.807
2002-10-15 18:00:00,54.24,,69.24,1.881,1.056
2002-10-15 19:00:00,68.99,,72.34,1.218,1.517
2002-10-15 20:00:00,106.6,,56.43,2.744,1.171
2002-10-15 21:00:00,64.44,,56.35,6.538,0.851
2002-10-15 22:00:00,61.14,,55.98,7.796,0.789
2002-10-15 23:00:00,62.32,,63.67,2.076,1.146
2002-10-16 00:00:00,64.32,,66.83,0.5,1.566
2002-10-16 01:00:00,68.67,,54.98,0.5,1.371
2002-10-16 02:00:00,94.49,,40.85,1.451,1.014
2002-10-16 03:00:00,75.51,,38.99,1.263,0.921
2002-10-16 04:00:00,71.04,,32.98,0.5,0.891
2002-10-16 05:00:00,85.62,,25.67,0.5,0.735
2002-10-16 06:00:00,76.6,,24.53,0.5,0.781
2002-10-16 07:00:00,100.8,,23.83,0.5,1.076
2002-10-16 08:00:00,113.0,,28.94,0.5,1.432
2002-10-16 09:00:00,106.3,,35.62,0.5,1.516
2002-10-16 10:00:00,84.07,,39.33,0.5,1.335
2002-10-16 11:00:00,48.96,,36.47,0.5,0.92
2002-10-16 12:00:00,35.75,,32.57,0.5,0.787
2002-10-16 13:00:00,33.88,,33.02,0.5,0.824
2002-10-16 14:00:00,18.22,,31.63,0.5,0.876
2002-10-16 15:00:00,10.22,,46.63,0.5,1.17
2002-10-16 16:00:00,20.53,,55.74,0.5,1.089
2002-10-16 17:00:00,1.2,,42.58,2.97,0.272
2002-10-16 18:00:00,14.48,,33.17,0.5,0.443
2002-10-16 19:00:00,35.87,,31.06,0.5,0.592
2002-10-16 20:00:00,30.67,,31.03,0.5,0.703
2002-10-16 21:00:00,27.44,,32.48,2.408,0.498
2002-10-16 22:00:00,5.571,,31.8,4.307,0.348
2002-10-16 23:00:00,18.63,,30.22,6.056,0.278
2002-10-17 00:00:00,16.42,,32.66,6.483,0.375
2002-10-17 01:00:00,14.6,,29.33,9.51,0.41
2002-10-17 02:00:00,13.22,,26.36,11.86,0.332
2002-10-17 03:00:00,11.61,,24.25,13.49,0.302
2002-10-17 04:00:00,27.4,,24.23,13.84,0.209
2002-10-17 05:00:00,5.803,,26.14,14.49,0.272
2002-10-17 06:00:00,19.26,,28.21,12.68,0.267
2002-10-17 07:00:00,20.34,,33.79,7.446,0.346
2002-10-17 08:00:00,31.09,,39.98,2.872,0.59
2002-10-17 09:00:00,42.84,,41.12,3.975,0.741
2002-10-17 10:00:00,36.29,,39.1,6.292,0.692
2002-10-17 11:00:00,29.49,,33.51,7.865,0.533
2002-10-17 12:00:00,26.58,,33.83,7.816,0.597
2002-10-17 13:00:00,21.87,,31.89,8.895,0.488
2002-10-17 14:00:00,20.7,,33.37,7.957,0.584
2002-10-17 15:00:00,17.97,,33.7,7.824,0.591
2002-10-17 16:00:00,7.88,,35.17,7.294,0.761
2002-10-17 17:00:00,15.68,,34.84,6.819,0.664
2002-10-17 18:00:00,24.66,,38.25,5.686,0.688
2002-10-17 19:00:00,30.9,,47.0,3.047,0.972
2002-10-17 20:00:00,33.27,,45.67,3.604,0.922
2002-10-17 21:00:00,42.74,,41.09,4.674,0.738
2002-10-17 22:00:00,43.85,,37.87,5.66,0.552
2002-10-17 23:00:00,22.1,,36.17,6.4,0.572
2002-10-18 00:00:00,22.25,,36.26,5.214,0.565
2002-10-18 01:00:00,17.93,,33.19,8.489,0.363
2002-10-18 02:00:00,23.94,,30.26,10.25,0.22
2002-10-18 03:00:00,9.34,,27.34,11.32,0.255
2002-10-18 04:00:00,17.68,,27.76,10.7,0.293
2002-10-18 05:00:00,10.92,,27.21,12.99,0.223
2002-10-18 06:00:00,22.05,,29.03,11.48,0.186
2002-10-18 07:00:00,17.12,,32.44,6.494,0.199
2002-10-18 08:00:00,18.61,,39.07,2.662,0.45
2002-10-18 09:00:00,25.46,,46.78,3.197,0.788
2002-10-18 10:00:00,40.24,,45.5,6.621,0.699
2002-10-18 11:00:00,12.21,,41.62,7.82,0.631
2002-10-18 12:00:00,35.61,,43.37,8.236,0.538
2002-10-18 13:00:00,26.06,,42.56,8.801,0.577
2002-10-18 14:00:00,36.35,,42.03,8.607,0.586
2002-10-18 15:00:00,42.96,,43.69,8.347,0.698
2002-10-18 16:00:00,37.21,,43.02,7.758,0.772
2002-10-18 17:00:00,26.33,59.85,41.75,7.718,0.647
2002-10-18 18:00:00,48.57,50.41,44.19,4.141,0.846
2002-10-18 19:00:00,52.82,43.37,47.0,2.301,1.423
2002-10-18 20:00:00,57.43,43.2,40.94,1.881,1.316
2002-10-18 21:00:00,60.99,37.23,37.16,1.542,0.979
2002-10-18 22:00:00,44.34,37.97,33.08,1.958,0.842
2002-10-18 23:00:00,55.05,36.56,32.45,0.5,0.883
2002-10-19 00:00:00,25.27,36.25,31.96,0.5,1.005
2002-10-19 01:00:00,36.18,1.956,30.12,0.5,1.093
2002-10-19 02:00:00,46.95,0.65,29.01,0.5,1.222
2002-10-19 03:00:00,29.13,1.86,28.16,0.5,1.103
2002-10-19 04:00:00,42.91,0.65,28.58,0.5,1.034
2002-10-19 05:00:00,10.44,0.65,27.46,0.5,1.044
2002-10-19 06:00:00,36.91,2.044,27.68,0.5,1.089
2002-10-19 07:00:00,49.3,13.65,30.93,0.5,1.216
2002-10-19 08:00:00,50.88,24.62,33.12,0.5,1.3
2002-10-19 09:00:00,54.41,14.82,32.58,0.5,1.157
2002-10-19 10:00:00,50.36,6.675,29.27,2.0,0.85
2002-10-19 11:00:00,30.21,3.36,34.15,1.228,0.85
2002-10-19 12:00:00,11.54,5.233,31.4,0.5,0.867
2002-10-19 13:00:00,45.1,2.474,29.94,1.851,0.627
2002-10-19 14:00:00,47.64,1.772,29.15,1.417,0.643
2002-10-19 15:00:00,15.49,,38.63,1.082,0.664
2002-10-19 16:00:00,9.237,0.65,28.62,0.5,0.669
2002-10-19 17:00:00,25.1,0.65,22.81,0.5,0.703
2002-10-19 18:00:00,39.35,0.65,22.78,0.5,0.739
2002-10-19 19:00:00,12.33,0.65,23.12,0.5,0.883
2002-10-19 20:00:00,24.4,0.65,24.91,0.5,1.025
2002-10-19 21:00:00,31.96,0.65,23.87,0.5,1.059
2002-10-19 22:00:00,40.41,0.65,23.84,0.5,1.054
2002-10-19 23:00:00,50.35,0.65,23.06,0.5,1.272
2002-10-20 00:00:00,43.41,0.65,23.12,0.5,1.424
2002-10-20 01:00:00,29.08,0.65,21.71,0.5,1.613
2002-10-20 02:00:00,31.16,0.65,20.83,0.5,1.516
2002-10-20 03:00:00,19.13,0.65,18.5,0.5,1.076
2002-10-20 04:00:00,18.99,0.65,20.01,0.5,0.851
2002-10-20 05:00:00,17.28,0.65,19.44,0.5,0.763
2002-10-20 06:00:00,19.62,0.65,16.78,0.5,0.798
2002-10-20 07:00:00,11.82,0.65,16.25,0.5,0.868
2002-10-20 08:00:00,21.61,0.65,16.59,0.5,0.834
2002-10-20 09:00:00,23.94,0.65,19.34,0.5,0.711
2002-10-20 10:00:00,25.97,0.65,20.99,0.5,0.801
2002-10-20 11:00:00,26.15,0.65,22.82,0.5,0.65
2002-10-20 12:00:00,18.28,0.65,28.93,0.5,0.593
2002-10-20 13:00:00,23.92,0.65,34.06,0.5,0.523
2002-10-20 14:00:00,14.55,0.65,36.39,0.5,0.486
2002-10-20 15:00:00,8.521,0.65,39.58,0.5,0.377
2002-10-20 16:00:00,,0.65,44.89,0.5,0.333
2002-10-20 17:00:00,11.51,0.65,46.95,5.983,0.399
2002-10-20 18:00:00,35.95,0.65,42.49,5.933,0.482
2002-10-20 19:00:00,30.67,0.65,34.99,2.18,0.762
2002-10-20 20:00:00,36.5,0.65,32.82,3.735,0.746
2002-10-20 21:00:00,40.66,0.65,34.1,1.646,0.916
2002-10-20 22:00:00,9.427,0.65,36.73,0.5,0.895
2002-10-20 23:00:00,9.435,0.65,35.28,0.5,0.842
2002-10-21 00:00:00,27.02,0.65,29.85,1.385,0.814
2002-10-21 01:00:00,26.7,0.65,27.31,3.073,0.674
2002-10-21 02:00:00,10.89,0.65,20.94,10.7,0.388
2002-10-21 03:00:00,24.6,0.65,20.74,12.9,0.275
2002-10-21 04:00:00,,0.65,22.62,12.98,0.224
2002-10-21 05:00:00,,0.65,22.18,12.77,0.162
2002-10-21 06:00:00,,0.65,26.47,8.603,0.29
2002-10-21 07:00:00,1.497,0.65,33.88,2.968,0.359
2002-10-21 08:00:00,16.6,0.65,38.97,0.5,0.806
2002-10-21 09:00:00,45.66,0.65,41.48,0.5,0.903
2002-10-21 10:00:00,39.33,0.65,34.12,1.997,0.731
2002-10-21 17:00:00,,6.017,30.59,2.983,0.385
2002-10-21 18:00:00,,4.849,36.75,2.619,0.346
2002-10-21 19:00:00,,7.344,37.07,1.003,0.596
2002-10-21 20:00:00,2.581,5.847,31.46,1.503,0.373
2002-10-21 21:00:00,0.999,3.594,29.82,2.901,0.117
2002-10-21 22:00:00,10.4,2.498,29.99,4.543,0.025
2002-10-21 23:00:00,18.36,1.481,31.73,7.271,0.137
2002-10-22 00:00:00,9.742,0.65,30.68,8.569,0.051
2002-10-22 01:00:00,9.712,0.65,28.43,10.93,0.025
2002-10-22 02:00:00,12.62,0.65,26.24,11.57,0.025
2002-10-22 03:00:00,3.674,0.65,23.43,13.62,0.025
2002-10-22 04:00:00,6.529,0.65,23.02,12.04,0.025
2002-10-22 05:00:00,10.76,0.65,21.46,10.97,0.025
2002-10-22 06:00:00,17.17,0.65,21.78,10.7,0.025
2002-10-22 07:00:00,5.419,0.65,28.03,5.622,0.025
2002-10-22 08:00:00,0.577,0.65,32.34,2.863,0.064
2002-10-22 09:00:00,10.71,3.575,36.79,3.056,0.16
2002-10-22 10:00:00,9.319,0.65,36.89,4.61,0.304
2002-10-22 11:00:00,35.88,0.65,35.99,6.182,0.118
2002-10-22 12:00:00,36.34,0.65,35.72,6.997,0.119
2002-10-22 13:00:00,30.66,0.65,34.51,8.157,0.051
2002-10-22 14:00:00,17.58,0.65,35.35,5.978,0.085
2002-10-22 15:00:00,12.14,0.65,35.79,6.261,0.139
2002-10-22 16:00:00,12.7,0.65,36.34,6.781,0.213
2002-10-22 17:00:00,19.82,0.65,39.78,4.984,0.3
2002-10-22 18:00:00,22.31,0.65,41.53,3.801,0.4
2002-10-22 19:00:00,6.245,1.942,45.01,1.339,0.673
2002-10-22 20:00:00,19.35,0.65,43.94,0.5,0.759
2002-10-22 21:00:00,38.24,0.65,41.99,0.5,0.813
2002-10-22 22:00:00,35.49,0.65,40.45,0.5,0.781
2002-10-22 23:00:00,23.55,0.65,41.01,0.5,0.64
2002-10-23 00:00:00,39.39,0.65,38.05,0.5,0.803
2002-10-23 01:00:00,51.92,0.65,36.02,0.5,0.59
2002-10-23 02:00:00,22.68,0.65,31.44,1.863,0.314
2002-10-23 03:00:00,14.04,0.65,25.38,4.114,0.093
2002-10-23 04:00:00,13.17,0.65,23.2,4.435,0.025
2002-10-23 05:00:00,15.41,0.65,23.67,3.859,0.069
2002-10-23 06:00:00,12.2,0.65,30.68,0.5,0.151
2002-10-23 07:00:00,8.39,8.7,33.32,0.5,0.226
2002-10-23 08:00:00,29.33,10.84,33.67,0.5,0.434
2002-10-23 09:00:00,50.46,18.03,47.72,1.143,0.835
2002-10-23 10:00:00,28.15,3.347,44.71,4.325,0.524
2002-10-23 11:00:00,12.31,0.65,40.7,6.454,0.283
2002-10-23 12:00:00,28.26,0.65,42.13,7.174,0.399
2002-10-23 13:00:00,16.31,0.65,48.91,7.933,0.321
2002-10-23 14:00:00,30.99,0.65,46.74,8.368,0.324
2002-10-23 15:00:00,11.12,0.65,44.56,7.656,0.427
2002-10-23 16:00:00,39.71,1.41,45.22,6.742,0.598
2002-10-23 17:00:00,31.36,0.65,45.92,7.465,0.46
2002-10-23 18:00:00,34.69,3.182,45.61,6.699,0.5
2002-10-23 19:00:00,18.27,7.401,52.25,2.296,0.857
2002-10-23 20:00:00,65.15,4.801,47.05,3.225,0.737
2002-10-23 21:00:00,49.47,3.333,41.93,3.681,0.551
2002-10-23 22:00:00,33.2,1.985,37.27,4.26,0.369
2002-10-23 23:00:00,30.45,2.425,34.73,3.085,0.339
2002-10-24 00:00:00,26.32,2.033,31.73,4.067,0.311
2002-10-24 01:00:00,24.72,0.65,29.1,5.508,0.428
2002-10-24 02:00:00,23.97,0.65,26.53,6.256,0.399
2002-10-24 03:00:00,6.721,0.65,26.16,5.262,0.404
2002-10-24 04:00:00,43.61,0.65,24.82,5.418,0.39
2002-10-24 05:00:00,27.15,0.65,23.85,4.06,0.32
2002-10-24 06:00:00,9.477,2.337,26.55,0.5,0.418
2002-10-24 07:00:00,16.13,6.121,34.05,0.5,0.587
2002-10-24 08:00:00,36.7,12.15,40.18,0.5,1.072
2002-10-24 09:00:00,53.97,20.92,49.26,0.5,1.89
2002-10-24 10:00:00,77.73,22.13,50.93,0.5,1.918
2002-10-24 11:00:00,49.31,10.52,44.82,0.5,1.712
2002-10-24 12:00:00,31.55,9.684,42.14,0.5,1.77
2002-10-24 13:00:00,34.79,7.882,37.44,0.5,1.432
2002-10-24 14:00:00,26.51,7.533,37.25,0.5,1.188
2002-10-24 15:00:00,19.4,7.885,40.07,0.5,1.447
2002-10-24 16:00:00,27.67,9.362,42.58,0.5,1.889
2002-10-24 17:00:00,44.91,11.67,43.04,0.5,1.965
2002-10-24 18:00:00,22.46,14.33,39.93,0.5,2.034
2002-10-24 19:00:00,20.43,19.08,47.13,0.5,2.913
2002-10-24 20:00:00,48.89,20.58,38.8,0.5,2.81
2002-10-24 21:00:00,58.81,21.32,33.26,0.5,2.435
2002-10-24 22:00:00,60.56,16.05,29.78,0.5,2.044
2002-10-24 23:00:00,55.35,13.31,26.06,0.5,1.43
2002-10-25 00:00:00,34.33,10.81,24.41,0.5,1.12
2002-10-25 01:00:00,14.93,2.592,23.81,0.5,1.069
2002-10-25 02:00:00,24.1,2.086,24.05,0.5,0.941
2002-10-25 03:00:00,27.27,0.65,22.69,0.5,0.796
2002-10-25 04:00:00,7.429,0.65,18.97,0.5,0.65
2002-10-25 05:00:00,19.71,0.65,19.66,0.5,0.69
2002-10-25 06:00:00,13.9,0.65,19.9,0.5,0.823
2002-10-25 07:00:00,6.84,0.65,23.32,0.5,1.038
2002-10-25 08:00:00,24.04,4.167,25.04,0.5,1.585
2002-10-25 09:00:00,54.16,9.654,33.04,0.5,2.369
2002-10-25 10:00:00,85.67,14.2,27.66,0.5,2.436
2002-10-25 11:00:00,77.84,18.45,34.5,0.5,3.182
2002-10-25 12:00:00,80.23,19.81,62.25,,3.734
2002-10-25 13:00:00,72.79,,,0.5,2.683
2002-10-25 14:00:00,60.39,19.66,74.13,0.5,1.885
2002-10-25 15:00:00,39.66,14.99,62.39,1.196,1.629
2002-10-25 16:00:00,48.51,12.7,58.49,1.801,1.489
2002-10-25 17:00:00,30.33,11.18,59.28,0.5,1.703
2002-10-25 18:00:00,42.97,17.47,68.91,0.5,2.201
2002-10-25 19:00:00,83.57,22.99,85.3,0.5,3.362
2002-10-25 20:00:00,99.85,22.8,84.15,0.5,4.145
2002-10-25 21:00:00,95.9,24.27,80.45,0.5,5.528
2002-10-25 22:00:00,103.0,20.74,63.23,0.5,5.338
2002-10-25 23:00:00,87.32,12.44,45.19,0.5,2.807
2002-10-26 00:00:00,55.65,9.287,43.85,0.5,2.036
2002-10-26 01:00:00,33.69,3.96,39.53,0.5,1.899
2002-10-26 02:00:00,26.79,1.638,37.55,0.5,1.548
2002-10-26 03:00:00,23.55,0.65,35.56,0.5,1.33
2002-10-26 04:00:00,33.93,0.65,33.26,0.5,1.442
2002-10-26 05:00:00,35.17,0.65,29.41,0.5,1.381
2002-10-26 06:00:00,28.4,0.65,27.05,0.5,1.23
2002-10-26 07:00:00,28.81,0.65,28.04,0.5,1.219
2002-10-26 08:00:00,35.95,7.751,35.7,0.5,1.286
2002-10-26 09:00:00,59.67,13.69,45.33,0.5,1.395
2002-10-26 10:00:00,49.64,5.392,54.04,2.232,1.268
2002-10-26 11:00:00,50.01,2.977,54.74,3.053,1.165
2002-10-26 12:00:00,40.53,1.383,61.28,8.36,1.015
2002-10-26 13:00:00,33.72,0.65,62.77,11.62,0.869
2002-10-26 14:00:00,9.393,3.674,52.24,9.194,0.722
2002-10-26 15:00:00,9.656,4.623,47.27,10.24,0.599
2002-10-26 16:00:00,25.69,4.896,43.61,12.61,0.537
2002-10-26 17:00:00,14.08,4.207,42.73,11.06,0.42
2002-10-26 18:00:00,19.53,0.65,40.48,11.74,0.435
2002-10-26 19:00:00,21.33,0.65,43.34,8.043,0.904
2002-10-26 20:00:00,26.36,0.65,46.82,3.794,1.131
2002-10-26 21:00:00,40.55,0.65,43.57,6.868,1.135
2002-10-26 22:00:00,15.69,0.65,45.04,3.151,1.18
2002-10-26 23:00:00,27.88,0.65,48.84,0.5,1.313
2002-10-27 00:00:00,27.28,0.65,48.82,0.5,1.271
2002-10-27 01:00:00,35.66,1.562,45.71,1.531,1.007
2002-10-27 02:00:00,29.13,0.65,39.19,4.663,0.842
2002-10-27 03:00:00,28.93,0.65,34.22,7.059,0.674
2002-10-27 04:00:00,8.642,0.65,31.7,6.312,0.585
2002-10-27 05:00:00,10.43,0.65,28.72,6.573,0.522
2002-10-27 06:00:00,4.516,0.65,30.48,3.467,0.552
2002-10-27 07:00:00,1.169,0.65,30.41,4.827,0.509
2002-10-27 08:00:00,12.94,0.65,36.13,2.413,0.505
2002-10-27 09:00:00,7.222,0.65,36.52,2.871,0.564
2002-10-27 10:00:00,30.4,1.392,38.21,3.036,0.579
2002-10-27 11:00:00,34.14,0.65,36.34,6.194,0.533
2002-10-27 12:00:00,11.62,0.65,41.47,3.924,0.7
2002-10-27 13:00:00,49.05,3.453,42.51,2.453,0.782
2002-10-27 14:00:00,19.43,2.513,40.37,6.066,0.629
2002-10-27 15:00:00,11.06,0.65,44.42,7.136,0.611
2002-10-27 16:00:00,15.8,1.303,51.11,8.858,0.634
2002-10-27 17:00:00,38.53,0.65,51.06,6.232,0.653
2002-10-27 18:00:00,30.92,0.65,55.58,2.21,0.937
2002-10-27 19:00:00,24.4,2.449,69.69,0.5,1.166
2002-10-27 20:00:00,51.96,4.075,73.68,0.5,1.578
2002-10-27 21:00:00,80.55,2.411,62.46,0.5,1.585
2002-10-27 22:00:00,59.58,0.65,47.47,1.599,1.29
2002-10-27 23:00:00,39.59,0.65,45.45,2.659,1.069
2002-10-28 00:00:00,22.72,0.65,41.47,2.768,0.855
2002-10-28 01:00:00,26.92,0.65,38.92,1.186,0.793
2002-10-28 02:00:00,22.67,0.65,36.09,0.5,0.809
2002-10-28 03:00:00,17.76,0.65,26.95,3.031,0.539
2002-10-28 04:00:00,19.02,0.65,22.18,2.304,0.405
2002-10-28 05:00:00,20.19,0.65,21.34,2.042,0.367
2002-10-28 06:00:00,25.88,0.65,24.13,2.358,0.309
2002-10-28 07:00:00,7.986,0.65,32.24,0.5,0.501
2002-10-28 08:00:00,20.81,2.113,39.94,0.5,0.757
2002-10-28 09:00:00,46.32,7.117,44.25,0.5,1.117
2002-10-28 10:00:00,52.0,6.607,49.72,0.5,1.086
2002-10-28 11:00:00,60.66,2.035,51.12,2.593,0.952
2002-10-28 12:00:00,73.15,2.511,59.68,4.331,0.855
2002-10-28 13:00:00,48.36,5.56,70.89,8.74,0.722
2002-10-28 14:00:00,34.55,10.61,83.06,11.6,0.619
2002-10-28 15:00:00,41.61,16.56,73.28,11.98,0.482
2002-10-28 16:00:00,41.93,21.87,83.72,9.281,0.591
2002-10-28 17:00:00,46.48,19.05,75.98,7.89,0.513
2002-10-28 18:00:00,36.14,18.33,73.9,3.912,0.603
2002-10-28 19:00:00,31.37,15.86,75.35,2.089,0.92
2002-10-28 20:00:00,65.75,9.609,59.98,0.5,0.975
2002-10-28 21:00:00,75.81,4.811,51.57,1.096,1.001
2002-10-28 22:00:00,60.18,2.341,46.16,0.5,0.944
2002-10-28 23:00:00,69.14,2.414,45.19,0.5,1.024
2002-10-29 00:00:00,40.61,0.65,36.85,0.5,0.701
2002-10-29 01:00:00,37.77,3.553,34.49,1.306,0.632
2002-10-29 02:00:00,26.99,2.123,25.67,4.398,0.395
2002-10-29 03:00:00,42.41,1.314,21.84,5.59,0.254
2002-10-29 04:00:00,20.44,0.65,20.42,8.018,0.198
2002-10-29 05:00:00,4.714,0.65,20.57,7.463,0.2
2002-10-29 06:00:00,10.36,0.65,21.59,6.795,0.167
2002-10-29 07:00:00,4.159,0.65,29.91,2.754,0.218
2002-10-29 08:00:00,25.84,0.65,35.26,1.096,0.43
2002-10-29 09:00:00,39.35,2.331,38.88,0.5,0.675
2002-10-29 10:00:00,17.7,3.068,41.03,1.585,0.782
2002-10-29 11:00:00,27.82,3.601,40.43,1.814,0.696
2002-10-29 12:00:00,30.1,4.047,40.55,2.707,0.696
2002-10-29 13:00:00,23.92,4.351,45.02,1.685,0.715
2002-10-29 14:00:00,16.92,4.966,44.04,1.594,0.721
2002-10-29 15:00:00,22.41,5.826,42.92,1.947,0.729
2002-10-29 16:00:00,19.86,6.229,42.43,1.528,0.752
2002-10-29 17:00:00,29.66,6.067,40.55,1.42,0.767
2002-10-29 18:00:00,27.05,6.515,41.7,1.439,0.739
2002-10-29 19:00:00,9.876,5.767,42.62,0.5,0.845
2002-10-29 20:00:00,39.11,4.905,40.36,3.118,0.722
2002-10-29 21:00:00,34.71,3.661,40.03,3.464,0.614
2002-10-29 22:00:00,34.46,3.217,38.24,3.696,0.522
2002-10-29 23:00:00,31.68,2.706,38.65,3.239,0.5
2002-10-30 00:00:00,29.15,1.876,37.93,4.954,0.467
2002-10-30 01:00:00,13.06,0.65,35.78,6.907,0.46
2002-10-30 02:00:00,19.3,0.65,31.18,8.821,0.387
2002-10-30 03:00:00,24.52,0.65,28.51,10.7,0.346
2002-10-30 04:00:00,23.49,0.65,26.74,11.44,0.295
2002-10-30 05:00:00,19.72,0.65,27.52,11.6,0.282
2002-10-30 06:00:00,26.14,0.65,30.08,9.774,0.273
2002-10-30 07:00:00,8.895,0.65,35.44,5.526,0.334
2002-10-30 08:00:00,20.98,2.569,41.8,3.206,0.492
2002-10-30 09:00:00,28.71,4.685,45.84,3.188,0.809
2002-10-30 10:00:00,49.85,4.799,46.38,4.458,0.94
2002-10-30 11:00:00,27.34,2.708,45.61,5.004,0.817
2002-10-30 12:00:00,40.36,2.214,43.17,7.193,0.777
2002-10-30 13:00:00,36.68,1.495,42.1,7.264,0.666
2002-10-30 14:00:00,28.77,1.652,40.55,8.801,0.6
2002-10-30 15:00:00,51.2,2.303,42.74,7.46,0.667
2002-10-30 16:00:00,41.71,2.118,44.67,6.788,0.756
2002-10-30 17:00:00,29.75,2.921,46.59,4.951,0.79
2002-10-30 18:00:00,37.05,2.765,46.99,4.189,0.809
2002-10-30 19:00:00,50.97,5.054,49.74,2.44,0.966
2002-10-30 20:00:00,31.5,2.85,45.6,2.933,0.925
2002-10-30 21:00:00,41.44,0.65,41.46,5.671,0.703
2002-10-30 22:00:00,45.49,0.65,38.74,6.912,0.574
2002-10-30 23:00:00,27.6,0.65,36.65,6.818,0.475
2002-10-31 00:00:00,21.41,0.65,35.47,6.71,0.459
2002-10-31 01:00:00,19.3,0.65,33.05,8.354,0.426
2002-10-31 02:00:00,14.16,0.65,30.61,8.308,0.359
2002-10-31 03:00:00,15.05,0.65,28.31,8.097,0.339
2002-10-31 04:00:00,16.25,0.65,26.33,11.67,0.304
2002-10-31 05:00:00,25.7,0.65,26.78,11.85,0.235
2002-10-31 06:00:00,25.03,0.65,27.54,9.933,0.224
2002-10-31 07:00:00,6.599,0.65,34.64,6.268,0.307
2002-10-31 08:00:00,5.113,0.65,44.54,2.029,0.539
2002-10-31 09:00:00,19.29,0.65,53.92,0.5,1.198
2002-10-31 10:00:00,38.34,3.106,57.99,0.5,1.361
2002-10-31 11:00:00,30.04,1.929,50.75,1.997,1.062
2002-10-31 12:00:00,18.2,1.576,48.38,2.986,0.976
2002-10-31 13:00:00,17.97,0.65,45.96,3.285,0.891
2002-10-31 14:00:00,24.27,1.686,46.11,3.467,0.843
2002-10-31 15:00:00,46.33,2.21,47.54,2.862,0.917
2002-10-31 16:00:00,15.28,2.266,48.65,2.439,0.988
2002-10-31 17:00:00,16.34,1.816,49.63,1.608,1.02
2002-10-31 18:00:00,6.48,0.65,48.1,2.631,0.966
2002-10-31 19:00:00,,1.533,51.31,2.142,1.19
2002-10-31 20:00:00,7.425,2.085,51.19,2.003,1.101
2002-10-31 21:00:00,2.921,0.65,46.37,3.978,0.801
2002-10-31 22:00:00,13.07,0.65,43.26,4.56,0.6
2002-10-31 23:00:00,8.743,0.65,42.08,4.509,0.559
2002-11-01 00:00:00,5.113,0.65,40.43,7.267,0.466
2002-11-01 01:00:00,1.466,0.65,36.58,9.51,0.341
2002-11-01 02:00:00,9.094,0.65,33.51,12.39,0.237
2002-11-01 03:00:00,6.591,0.65,31.38,11.66,0.202
2002-11-01 04:00:00,9.386,0.65,30.01,13.14,0.233
2002-11-01 05:00:00,3.221,0.65,29.12,13.05,0.152
2002-11-01 06:00:00,0.006,0.65,31.28,11.41,0.18
2002-11-01 07:00:00,5.081,0.65,39.17,5.043,0.317
2002-11-01 08:00:00,1.999,4.052,43.01,3.36,0.466
2002-11-01 09:00:00,16.67,6.756,44.65,3.237,0.611
2002-11-01 10:00:00,12.58,5.032,41.39,6.299,0.566
2002-11-01 11:00:00,5.159,5.136,41.07,7.728,0.513
2002-11-01 12:00:00,22.2,3.568,39.59,8.897,0.518
2002-11-01 13:00:00,8.286,3.129,40.85,8.03,0.552
2002-11-01 14:00:00,5.922,3.915,39.38,7.646,0.446
2002-11-01 15:00:00,13.62,4.143,40.39,7.834,0.563
2002-11-01 16:00:00,24.89,5.04,41.69,8.036,0.615
2002-11-01 17:00:00,11.03,4.979,42.48,6.999,0.676
2002-11-01 18:00:00,21.27,4.661,43.0,6.052,0.764
2002-11-01 19:00:00,7.953,7.708,46.43,3.583,0.968
2002-11-01 20:00:00,28.65,7.072,44.69,4.358,1.147
2002-11-01 21:00:00,34.59,5.203,36.66,6.294,0.77
2002-11-01 22:00:00,16.77,4.775,33.0,6.429,0.599
2002-11-01 23:00:00,18.88,3.371,32.07,6.306,0.534
2002-11-02 00:00:00,27.42,3.593,30.42,6.129,0.477
2002-11-02 01:00:00,23.04,0.65,27.8,7.1,0.459
2002-11-02 02:00:00,22.39,0.65,24.62,8.114,0.384
2002-11-02 03:00:00,6.559,0.65,23.63,7.846,0.319
2002-11-02 04:00:00,1.343,0.65,23.28,6.749,0.292
2002-11-02 05:00:00,14.73,0.65,22.9,7.175,0.305
2002-11-02 06:00:00,23.73,0.65,24.13,6.412,0.306
2002-11-02 07:00:00,7.171,0.65,27.59,3.81,0.396
2002-11-02 08:00:00,0.51,3.053,26.65,4.672,0.418
2002-11-02 09:00:00,13.16,2.074,27.11,4.889,0.411
2002-11-02 10:00:00,7.903,0.65,29.27,6.903,0.366
2002-11-02 11:00:00,14.23,0.65,34.47,8.893,0.41
2002-11-02 12:00:00,14.87,1.395,40.06,10.69,0.405
2002-11-02 13:00:00,18.66,4.584,49.61,14.14,0.428
2002-11-02 14:00:00,12.39,4.528,50.02,14.56,0.343
2002-11-02 15:00:00,20.17,6.758,47.72,11.08,0.292
2002-11-02 16:00:00,10.09,10.26,49.53,11.07,0.251
2002-11-02 17:00:00,23.57,8.292,41.56,8.924,0.238
2002-11-02 18:00:00,32.35,7.121,35.14,8.782,0.292
2002-11-02 19:00:00,26.36,3.249,31.22,7.282,0.368
2002-11-02 20:00:00,39.7,0.65,30.51,6.8,0.471
2002-11-02 21:00:00,27.77,0.65,28.96,5.737,0.542
2002-11-02 22:00:00,37.73,0.65,27.34,4.942,0.583
2002-11-02 23:00:00,32.52,0.65,25.4,4.8,0.519
2002-11-03 00:00:00,16.47,0.65,26.54,3.686,0.528
2002-11-03 01:00:00,17.79,1.624,24.58,3.723,0.493
2002-11-03 02:00:00,17.43,0.65,22.16,4.076,0.463
2002-11-03 03:00:00,23.09,0.65,21.56,3.687,0.508
2002-11-03 04:00:00,16.68,0.65,22.69,2.158,0.468
2002-11-03 05:00:00,25.96,0.65,25.74,0.5,0.661
2002-11-03 06:00:00,22.76,0.65,28.66,0.5,0.794
2002-11-03 07:00:00,13.06,8.958,27.6,0.5,0.78
2002-11-03 08:00:00,26.65,12.16,29.04,2.387,0.597
2002-11-03 09:00:00,42.16,5.689,32.69,3.511,0.569
2002-11-03 10:00:00,31.5,3.875,31.19,6.131,0.46
2002-11-03 11:00:00,19.29,6.293,33.99,8.965,0.383
2002-11-03 12:00:00,19.4,10.23,39.41,9.4,0.374
2002-11-03 13:00:00,12.78,14.3,43.6,9.889,0.26
2002-11-03 14:00:00,10.95,19.5,46.92,9.052,0.298
2002-11-03 15:00:00,17.24,23.28,49.99,10.31,0.425
2002-11-03 16:00:00,12.93,26.34,51.65,8.572,0.477
2002-11-03 18:00:00,17.88,26.75,54.95,7.691,0.449
2002-11-03 19:00:00,12.72,23.04,54.16,8.386,0.502
2002-11-03 20:00:00,43.52,14.18,40.91,6.962,0.519
2002-11-03 21:00:00,60.31,6.321,39.92,12.51,0.578
2002-11-03 22:00:00,46.49,4.071,44.49,9.334,0.649
2002-11-03 23:00:00,30.7,3.581,50.23,3.561,0.888
2002-11-04 00:00:00,10.84,5.468,50.87,2.442,0.975
2002-11-04 01:00:00,12.05,5.58,41.2,6.554,0.728
2002-11-04 02:00:00,6.303,2.649,36.94,9.812,0.434
2002-11-04 03:00:00,5.019,2.729,33.77,13.08,0.32
2002-11-04 04:00:00,19.54,0.65,32.74,14.33,0.294
2002-11-04 05:00:00,8.368,0.65,31.57,13.02,0.274
2002-11-04 06:00:00,16.69,0.65,36.01,10.49,0.296
2002-11-04 07:00:00,7.947,0.65,45.03,4.263,0.392
2002-11-04 08:00:00,8.728,0.65,43.12,1.806,0.47
2002-11-04 09:00:00,8.118,0.65,44.25,1.966,0.608
2002-11-04 10:00:00,25.18,0.65,46.94,3.497,0.598
2002-11-04 11:00:00,10.76,0.65,48.63,5.836,0.572
2002-11-04 12:00:00,8.451,1.327,50.78,3.269,0.635
2002-11-04 13:00:00,24.98,2.114,51.57,2.661,0.759
2002-11-04 14:00:00,15.71,2.848,50.71,2.207,0.702
2002-11-04 15:00:00,35.6,,,,2.622
2002-11-04 16:00:00,28.3,0.65,30.16,4.047,1.772
2002-11-04 18:00:00,32.75,0.65,40.58,0.5,1.031
2002-11-04 19:00:00,12.34,0.65,41.4,0.5,0.865
2002-11-04 20:00:00,11.3,0.65,43.21,0.5,0.643
2002-11-04 21:00:00,29.49,0.65,41.33,0.5,0.498
2002-11-04 22:00:00,32.5,0.65,39.13,0.5,0.494
2002-11-04 23:00:00,23.49,0.65,36.05,1.543,0.481
2002-11-05 00:00:00,21.7,0.65,33.7,2.451,0.453
2002-11-05 01:00:00,13.23,0.65,34.16,1.39,0.411
2002-11-05 02:00:00,14.35,0.65,31.89,2.348,0.334
2002-11-05 03:00:00,10.88,0.65,28.4,3.172,0.34
2002-11-05 04:00:00,7.773,0.65,25.58,4.206,0.259
2002-11-05 05:00:00,35.33,0.65,26.49,3.261,0.189
2002-11-05 06:00:00,12.93,0.65,32.45,1.237,0.224
2002-11-05 07:00:00,16.73,3.019,,0.5,0.391
2002-11-05 08:00:00,26.53,6.707,40.64,0.5,0.751
2002-11-05 09:00:00,24.5,4.405,40.27,0.5,0.733
2002-11-05 10:00:00,36.78,3.363,37.24,2.771,0.627
2002-11-05 11:00:00,27.17,4.071,39.74,1.399,0.603
2002-11-05 12:00:00,36.86,2.654,39.24,2.075,0.593
2002-11-05 13:00:00,25.7,2.607,39.25,1.996,0.462
2002-11-05 14:00:00,7.934,2.094,40.74,2.312,0.528
2002-11-05 15:00:00,15.47,1.512,41.77,2.643,0.608
2002-11-05 16:00:00,41.17,1.915,43.29,2.909,0.541
2002-11-05 18:00:00,1.919,3.307,47.11,2.48,0.593
2002-11-05 19:00:00,17.37,3.117,47.96,1.539,0.719
2002-11-05 20:00:00,26.69,1.685,44.15,2.026,0.771
2002-11-05 21:00:00,16.64,0.65,40.89,1.274,0.64
2002-11-05 22:00:00,30.19,0.65,38.46,1.022,0.629
2002-11-05 23:00:00,24.04,0.65,37.36,1.929,0.582
2002-11-06 00:00:00,17.82,0.65,35.25,1.872,0.442
2002-11-06 01:00:00,21.77,0.65,33.46,1.729,0.417
2002-11-06 02:00:00,25.48,0.65,32.4,2.046,0.477
2002-11-06 03:00:00,19.97,0.65,28.01,4.492,0.338
2002-11-06 04:00:00,7.335,0.65,25.44,4.883,0.293
2002-11-06 05:00:00,4.767,0.65,24.46,4.545,0.317
2002-11-06 06:00:00,16.33,0.65,27.29,3.055,0.335
2002-11-06 07:00:00,12.79,1.862,36.84,0.5,0.406
2002-11-06 08:00:00,11.87,6.1,40.21,0.5,0.631
2002-11-06 09:00:00,16.18,5.522,38.79,1.904,0.79
2002-11-06 10:00:00,15.25,3.623,36.63,2.997,0.681
2002-11-06 11:00:00,41.12,2.896,36.68,3.206,0.616
2002-11-06 12:00:00,15.23,1.675,34.79,4.285,0.518
2002-11-06 13:00:00,10.05,0.65,31.77,10.14,0.373
2002-11-06 14:00:00,30.02,0.65,32.19,5.262,0.521
2002-11-06 15:00:00,21.29,0.65,32.13,5.078,0.585
2002-11-06 16:00:00,19.98,0.65,34.3,3.764,0.601
2002-11-06 17:00:00,40.86,1.55,34.73,4.418,0.575
2002-11-06 18:00:00,27.94,3.819,40.6,2.396,0.792
2002-11-06 19:00:00,15.13,1.718,41.75,2.864,0.765
2002-11-06 20:00:00,25.09,0.65,37.05,4.142,0.558
2002-11-06 21:00:00,27.28,0.65,33.41,4.686,0.474
2002-11-06 22:00:00,19.83,0.65,30.43,4.191,0.44
2002-11-06 23:00:00,13.41,0.65,30.66,4.054,0.437
2002-11-07 00:00:00,20.26,0.65,27.13,4.349,0.442
2002-11-07 01:00:00,13.38,0.65,24.85,5.0,0.207
2002-11-07 02:00:00,11.47,0.65,22.87,5.168,0.174
2002-11-07 03:00:00,13.8,1.489,23.13,5.026,0.161
2002-11-07 04:00:00,11.03,0.65,22.9,4.546,0.128
2002-11-07 05:00:00,12.49,1.375,24.96,2.979,0.125
2002-11-07 06:00:00,14.97,2.958,30.27,0.5,0.213
2002-11-07 07:00:00,8.28,6.661,33.8,0.5,0.334
2002-11-07 08:00:00,8.367,8.922,36.73,0.5,0.675
2002-11-07 10:00:00,37.61,4.556,36.2,3.196,0.646
2002-11-07 11:00:00,24.57,3.872,37.92,3.925,0.619
2002-11-07 12:00:00,13.08,3.765,38.83,3.018,0.539
2002-11-07 13:00:00,43.14,2.907,37.8,3.704,0.493
2002-11-07 14:00:00,18.32,3.89,38.09,4.472,0.49
2002-11-07 15:00:00,14.44,4.442,38.61,3.774,0.486
2002-11-07 16:00:00,30.76,4.561,36.71,4.821,0.492
2002-11-07 17:00:00,29.66,4.242,36.45,5.289,0.547
2002-11-07 18:00:00,40.89,5.31,38.17,3.96,0.628
2002-11-07 19:00:00,44.74,3.848,34.95,3.738,0.635
2002-11-07 20:00:00,40.63,3.89,34.49,3.701,0.492
2002-11-07 21:00:00,29.27,4.036,33.48,3.546,0.431
2002-11-07 22:00:00,10.86,3.683,33.37,3.136,0.456
2002-11-07 23:00:00,18.91,3.95,33.13,2.007,0.503
2002-11-08 00:00:00,21.52,2.289,30.18,3.333,0.422
2002-11-08 01:00:00,13.33,0.65,26.88,4.289,0.417
2002-11-08 02:00:00,11.61,0.65,25.37,4.229,0.346
2002-11-08 03:00:00,10.98,0.65,25.06,3.754,0.29
2002-11-08 04:00:00,9.143,0.65,26.09,2.525,0.312
2002-11-08 05:00:00,16.74,0.65,27.62,1.002,0.354
2002-11-08 06:00:00,28.37,0.65,33.04,0.5,0.43
2002-11-08 07:00:00,9.99,4.529,34.61,0.5,0.633
2002-11-08 08:00:00,33.2,29.21,47.62,0.5,1.277
2002-11-08 09:00:00,78.28,27.53,56.02,0.5,2.039
2002-11-08 11:00:00,67.68,13.07,52.2,0.5,1.46
2002-11-08 12:00:00,37.41,11.05,54.23,1.318,1.107
2002-11-08 13:00:00,35.82,10.12,51.95,1.332,0.843
2002-11-08 14:00:00,31.25,11.44,54.39,2.714,0.664
2002-11-08 15:00:00,20.64,15.01,63.22,1.953,0.717
2002-11-08 16:00:00,21.67,14.69,72.94,4.61,0.726
2002-11-08 17:00:00,15.28,14.13,80.7,5.275,0.558
2002-11-08 18:00:00,41.4,15.45,75.57,2.572,0.594
2002-11-08 19:00:00,52.62,18.59,65.43,1.036,0.791
2002-11-08 20:00:00,37.05,12.25,52.89,1.24,1.137
2002-11-08 21:00:00,63.93,7.983,46.57,0.5,1.006
2002-11-08 22:00:00,32.12,6.957,45.55,0.5,0.906
2002-11-08 23:00:00,53.08,6.113,43.4,1.103,0.833
2002-11-09 00:00:00,41.83,5.992,40.55,1.815,0.798
2002-11-09 01:00:00,29.6,5.278,37.72,2.722,0.63
2002-11-09 02:00:00,28.36,2.388,33.4,2.814,0.512
2002-11-09 03:00:00,13.15,0.65,31.84,2.11,0.434
2002-11-09 04:00:00,9.465,0.65,31.1,1.882,0.416
2002-11-09 05:00:00,38.24,0.65,31.02,1.228,0.445
2002-11-09 06:00:00,17.74,0.65,33.73,0.5,0.511
2002-11-09 07:00:00,26.09,1.735,36.56,0.5,0.637
2002-11-09 08:00:00,25.1,6.283,38.66,0.5,0.717
2002-11-09 09:00:00,25.16,14.94,43.63,0.5,0.814
2002-11-09 10:00:00,36.71,20.02,52.41,0.5,0.955
2002-11-09 11:00:00,69.75,12.91,57.83,1.941,0.959
2002-11-09 12:00:00,96.9,8.533,63.1,2.206,0.89
2002-11-09 13:00:00,48.75,8.889,60.54,3.986,0.762
2002-11-09 14:00:00,50.57,13.69,73.31,6.875,0.644
2002-11-09 15:00:00,47.47,18.1,77.59,5.923,0.595
2002-11-09 16:00:00,25.97,15.69,74.89,5.915,0.445
2002-11-09 17:00:00,48.67,14.17,67.69,4.233,0.354
2002-11-09 18:00:00,61.8,7.458,57.82,4.101,0.408
2002-11-09 19:00:00,65.68,2.122,52.74,1.757,0.533
2002-11-09 20:00:00,42.45,1.754,45.16,0.5,0.727
2002-11-09 21:00:00,54.91,2.233,44.99,0.5,0.793
2002-11-09 22:00:00,29.61,2.565,46.48,1.021,0.804
2002-11-09 23:00:00,33.55,1.965,39.27,1.337,0.637
2002-11-10 00:00:00,21.53,1.681,36.51,1.922,0.551
2002-11-10 01:00:00,27.81,2.293,34.72,3.907,0.488
2002-11-10 02:00:00,24.3,0.65,33.26,5.371,0.572
2002-11-10 03:00:00,25.17,0.65,34.1,5.304,0.498
2002-11-10 04:00:00,7.45,0.65,31.98,7.289,0.376
2002-11-10 05:00:00,7.209,0.65,31.27,8.49,0.333
2002-11-10 06:00:00,2.811,0.65,32.06,6.699,0.408
2002-11-10 07:00:00,3.676,0.65,35.88,5.154,0.433
2002-11-10 08:00:00,13.2,0.65,38.44,3.933,0.404
2002-11-10 09:00:00,4.579,0.65,40.64,1.739,0.546
2002-11-10 10:00:00,10.94,0.65,42.01,1.433,0.564
2002-11-10 11:00:00,18.94,1.668,44.28,1.239,0.637
2002-11-10 12:00:00,24.47,2.383,43.46,2.415,0.628
2002-11-10 13:00:00,13.38,1.886,42.67,3.271,0.638
2002-11-10 14:00:00,8.903,2.101,38.42,3.796,0.546
2002-11-10 15:00:00,2.529,0.65,28.61,2.817,0.541
2002-11-10 16:00:00,,0.65,26.28,2.877,0.413
2002-11-10 17:00:00,,1.383,28.79,2.511,0.44
2002-11-10 18:00:00,14.59,4.586,26.84,2.189,0.373
2002-11-10 19:00:00,5.69,0.65,28.43,2.504,0.492
2002-11-10 20:00:00,,0.65,29.51,1.86,0.519
2002-11-10 21:00:00,,1.604,30.91,1.348,0.505
2002-11-10 22:00:00,0.216,0.65,30.71,1.379,0.539
2002-11-10 23:00:00,7.207,0.65,32.39,1.844,0.502
2002-11-11 00:00:00,5.481,2.96,32.45,1.768,0.455
2002-11-11 01:00:00,6.497,0.65,29.97,2.939,0.359
2002-11-11 02:00:00,15.52,0.65,26.53,3.988,0.147
2002-11-11 03:00:00,11.31,0.65,24.58,4.111,0.105
2002-11-11 04:00:00,2.356,0.65,23.62,4.12,0.107
2002-11-11 05:00:00,,0.65,21.94,4.303,0.084
2002-11-11 06:00:00,11.42,0.65,24.92,3.635,0.145
2002-11-11 07:00:00,13.93,2.383,29.9,1.61,0.14
2002-11-11 08:00:00,7.149,8.242,37.68,0.5,0.313
2002-11-11 09:00:00,19.13,11.06,40.51,0.5,0.572
2002-11-11 10:00:00,28.6,5.78,40.35,0.5,0.493
2002-11-11 11:00:00,49.84,2.546,35.22,2.333,0.331
2002-11-11 12:00:00,44.73,2.261,33.61,2.445,0.297
2002-11-11 13:00:00,102.1,1.56,33.21,3.245,0.209
2002-11-11 14:00:00,87.0,2.307,34.97,3.079,0.23
2002-11-11 15:00:00,56.48,7.039,42.49,2.567,0.598
2002-11-11 16:00:00,45.57,3.373,41.52,3.562,0.68
2002-11-11 17:00:00,40.49,4.306,39.49,2.148,0.418
2002-11-11 18:00:00,38.54,7.886,42.41,1.382,0.632
2002-11-11 19:00:00,27.45,5.878,41.95,1.313,0.71
2002-11-11 20:00:00,32.23,7.142,40.78,1.51,0.477
2002-11-11 21:00:00,50.43,9.351,39.39,0.5,0.425
2002-11-11 22:00:00,43.28,5.24,37.16,0.5,0.41
2002-11-11 23:00:00,29.61,5.113,35.68,0.5,0.315
2002-11-12 00:00:00,38.22,7.246,33.03,0.5,0.295
2002-11-12 01:00:00,34.28,3.797,28.67,0.5,0.34
2002-11-12 02:00:00,16.4,2.587,23.52,2.275,0.255
2002-11-12 03:00:00,26.09,5.06,23.93,2.217,0.183
2002-11-12 04:00:00,46.73,8.858,24.88,1.628,0.317
2002-11-12 05:00:00,50.73,5.129,23.08,2.236,0.239
2002-11-12 06:00:00,17.37,10.44,27.99,0.5,0.222
2002-11-12 07:00:00,28.41,30.17,32.56,0.5,0.415
2002-11-12 08:00:00,56.31,28.97,35.15,0.5,0.758
2002-11-12 09:00:00,52.68,31.07,36.62,0.5,0.832
2002-11-12 10:00:00,27.1,20.48,38.0,1.081,0.695
2002-11-12 12:00:00,36.19,7.853,38.38,1.599,0.482
2002-11-12 13:00:00,13.61,7.299,38.63,1.792,0.41
2002-11-12 14:00:00,18.53,9.476,41.42,1.449,0.445
2002-11-12 15:00:00,13.22,15.9,48.5,1.215,0.596
2002-11-12 16:00:00,29.75,17.49,51.5,1.017,0.8
2002-11-12 17:00:00,37.5,19.14,52.08,0.5,0.715
2002-11-12 18:00:00,24.69,22.08,57.01,0.5,0.964
2002-11-12 19:00:00,21.25,15.24,54.52,1.41,0.996
2002-11-12 20:00:00,45.17,11.82,51.41,1.969,0.871
2002-11-12 21:00:00,46.39,7.9,42.92,2.049,0.634
2002-11-12 22:00:00,35.53,6.76,38.72,3.306,0.573
2002-11-12 23:00:00,23.36,6.258,36.41,3.4,0.526
2002-11-13 00:00:00,25.37,4.774,34.1,3.939,0.417
2002-11-13 01:00:00,34.35,1.463,31.7,5.285,0.32
2002-11-13 02:00:00,17.09,1.585,30.65,4.842,0.293
2002-11-13 03:00:00,2.649,0.65,32.59,2.083,0.27
2002-11-13 04:00:00,33.64,0.65,35.73,0.5,0.288
2002-11-13 05:00:00,48.91,1.672,37.4,0.5,0.4
2002-11-13 06:00:00,30.05,3.481,38.63,0.5,0.612
2002-11-13 07:00:00,25.25,16.15,45.23,0.5,0.885
2002-11-13 08:00:00,41.93,19.81,49.18,0.5,1.23
2002-11-13 09:00:00,58.77,17.15,50.16,0.5,1.22
2002-11-13 10:00:00,64.48,11.18,64.37,1.637,1.183
2002-11-13 11:00:00,55.76,15.91,82.08,2.467,1.066
2002-11-13 12:00:00,50.3,19.21,90.52,3.717,0.933
2002-11-13 13:00:00,57.73,20.4,104.7,5.355,0.8
2002-11-13 14:00:00,59.25,23.11,122.9,8.037,0.766
2002-11-13 15:00:00,53.04,23.97,145.5,16.02,0.655
2002-11-13 16:00:00,53.55,26.72,137.2,9.383,0.631
2002-11-13 17:00:00,51.06,35.63,107.5,0.5,1.0
2002-11-13 18:00:00,54.89,32.21,87.82,2.135,1.16
2002-11-13 19:00:00,51.03,25.69,68.28,2.908,1.128
2002-11-13 20:00:00,70.89,18.95,57.65,2.832,1.039
2002-11-13 21:00:00,78.79,11.99,52.6,2.781,1.0
2002-11-13 22:00:00,67.06,10.28,48.98,2.006,1.045
2002-11-13 23:00:00,40.38,8.158,42.55,2.4,0.969
2002-11-14 00:00:00,39.83,7.409,40.96,0.5,0.914
2002-11-14 01:00:00,27.92,2.811,39.19,0.5,0.687
2002-11-14 02:00:00,54.79,2.217,36.62,0.5,0.658
2002-11-14 03:00:00,53.26,1.339,31.74,0.5,0.598
2002-11-14 04:00:00,34.93,4.721,37.1,0.5,0.757
2002-11-14 05:00:00,30.16,5.86,39.41,0.5,0.903
2002-11-14 06:00:00,66.26,8.143,40.05,0.5,1.228
2002-11-14 07:00:00,61.32,30.72,48.42,0.5,1.513
2002-11-14 08:00:00,51.68,42.47,61.16,0.5,1.669
2002-11-14 09:00:00,63.85,38.87,66.83,0.5,1.766
2002-11-14 10:00:00,86.07,19.63,66.54,0.5,1.469
2002-11-14 11:00:00,74.46,16.93,62.3,0.5,1.152
2002-11-14 12:00:00,41.16,18.26,63.49,2.451,0.884
2002-11-14 13:00:00,36.83,21.4,67.59,1.956,0.686
2002-11-14 14:00:00,35.15,26.61,82.37,2.811,1.014
2002-11-14 20:00:00,,0.65,100.6,3.739,0.154
2002-11-14 21:00:00,,0.65,76.1,1.204,0.426
2002-11-14 22:00:00,72.15,0.65,64.31,2.501,1.162
2002-11-14 23:00:00,79.13,0.65,65.05,0.5,1.175
2002-11-15 00:00:00,67.08,0.65,64.85,1.772,1.193
2002-11-15 01:00:00,64.19,0.65,60.07,0.5,1.123
2002-11-15 02:00:00,89.06,0.65,50.97,0.5,0.992
2002-11-15 03:00:00,99.81,0.65,42.8,0.5,0.894
2002-11-15 04:00:00,130.1,0.65,38.65,0.5,0.937
2002-11-15 05:00:00,129.5,0.65,36.28,0.5,0.983
2002-11-15 06:00:00,105.1,0.65,32.81,0.5,0.963
2002-11-15 07:00:00,64.21,0.65,28.34,0.5,0.927
2002-11-15 08:00:00,66.5,0.65,34.76,0.5,0.87
2002-11-15 09:00:00,52.27,0.65,48.81,0.5,0.88
2002-11-15 10:00:00,50.62,0.65,47.78,0.5,0.778
2002-11-15 11:00:00,14.63,0.65,48.76,0.5,0.639
2002-11-15 12:00:00,4.75,0.65,51.03,0.5,0.457
2002-11-15 13:00:00,23.56,0.65,51.07,0.5,0.333
2002-11-15 14:00:00,31.94,0.65,55.1,0.5,0.256
2002-11-15 15:00:00,36.62,0.65,54.0,0.5,0.278
2002-11-15 16:00:00,48.27,0.65,54.48,0.5,0.288
2002-11-15 17:00:00,37.83,0.65,53.46,0.5,0.365
2002-11-15 18:00:00,42.35,0.65,49.44,0.5,0.454
2002-11-15 19:00:00,37.63,0.65,48.34,0.5,0.537
2002-11-15 20:00:00,27.06,0.65,51.78,1.273,0.654
2002-11-15 21:00:00,18.87,0.65,52.21,0.5,0.746
2002-11-15 22:00:00,32.04,0.65,50.48,0.5,0.838
2002-11-15 23:00:00,63.43,0.65,46.55,0.5,0.842
2002-11-16 00:00:00,44.33,0.65,41.99,0.5,0.825
2002-11-16 01:00:00,53.67,0.65,36.99,0.5,0.686
2002-11-16 02:00:00,58.37,0.65,34.61,0.5,0.617
2002-11-16 03:00:00,106.2,0.65,29.31,0.5,0.559
2002-11-16 04:00:00,97.12,0.65,25.3,0.5,0.509
2002-11-16 05:00:00,75.29,0.65,22.01,0.5,0.531
2002-11-16 06:00:00,54.41,0.65,26.86,0.5,0.503
2002-11-16 07:00:00,27.72,0.65,32.14,0.5,0.585
2002-11-16 08:00:00,52.52,0.65,38.36,0.5,0.647
2002-11-16 09:00:00,78.04,0.65,44.24,0.5,0.622
2002-11-16 10:00:00,73.0,0.65,48.01,1.748,0.55
2002-11-16 11:00:00,28.99,1.809,59.11,0.5,0.536
2002-11-16 12:00:00,26.25,3.057,70.26,1.437,0.462
2002-11-16 13:00:00,30.39,4.646,76.67,2.261,0.339
2002-11-16 14:00:00,31.62,6.935,67.79,4.239,0.111
2002-11-16 15:00:00,8.9,9.497,70.97,1.19,0.025
2002-11-16 16:00:00,5.687,12.04,69.79,0.5,0.025
2002-11-16 17:00:00,29.95,12.93,58.71,0.5,0.025
2002-11-16 18:00:00,30.44,12.15,54.5,0.5,0.025
2002-11-16 19:00:00,19.29,9.95,50.3,0.5,0.025
2002-11-16 20:00:00,8.568,7.435,47.67,0.5,0.065
2002-11-16 21:00:00,35.36,5.329,46.23,0.5,0.241
2002-11-16 22:00:00,32.57,3.222,43.59,0.5,0.368
2002-11-16 23:00:00,51.79,2.254,40.11,0.5,0.466
2002-11-17 00:00:00,32.46,0.65,36.49,0.5,0.45
2002-11-17 01:00:00,57.98,0.65,32.57,1.029,0.433
2002-11-17 02:00:00,101.0,0.65,30.25,0.5,0.416
2002-11-17 03:00:00,98.6,0.65,25.76,0.5,0.327
2002-11-17 04:00:00,83.21,0.65,23.2,0.5,0.318
2002-11-17 05:00:00,60.77,0.65,23.48,0.5,0.288
2002-11-17 06:00:00,55.29,0.65,23.55,0.5,0.295
2002-11-17 07:00:00,30.9,0.65,25.88,0.5,0.362
2002-11-17 08:00:00,45.51,0.65,30.66,0.5,0.402
2002-11-17 09:00:00,61.3,0.65,36.17,0.5,0.369
2002-11-17 10:00:00,17.64,0.65,40.94,0.5,0.411
2002-11-17 11:00:00,9.212,2.822,50.79,1.028,0.329
2002-11-17 12:00:00,12.3,5.279,62.62,1.524,0.348
2002-11-17 13:00:00,15.78,7.677,76.14,2.376,0.274
2002-11-17 14:00:00,57.28,10.37,78.82,2.261,0.243
2002-11-17 15:00:00,38.78,12.27,64.6,0.5,0.175
2002-11-17 16:00:00,32.23,13.3,54.23,0.5,0.113
2002-11-17 17:00:00,40.22,12.88,50.05,0.5,0.056
2002-11-17 18:00:00,53.12,11.55,51.13,0.5,0.253
2002-11-17 19:00:00,53.81,10.09,50.22,0.5,0.606
2002-11-17 20:00:00,63.65,8.068,46.04,0.5,0.656
2002-11-17 21:00:00,69.62,6.011,39.61,0.5,0.621
2002-11-17 22:00:00,63.54,4.553,35.9,0.5,0.594
2002-11-17 23:00:00,68.22,3.234,35.25,0.5,0.586
2002-11-18 00:00:00,97.8,2.309,31.11,0.5,0.491
2002-11-18 01:00:00,76.35,0.65,28.87,0.5,0.448
2002-11-18 02:00:00,41.53,0.65,28.07,1.086,0.385
2002-11-18 03:00:00,75.81,0.65,26.14,0.5,0.509
2002-11-18 04:00:00,102.3,0.65,23.93,0.5,0.416
2002-11-18 05:00:00,61.32,0.65,24.16,0.5,0.449
2002-11-18 06:00:00,,0.65,32.74,0.5,0.73
2002-11-18 07:00:00,,0.65,41.46,0.5,0.924
2002-11-18 08:00:00,,0.65,64.31,0.5,1.527
2002-11-18 09:00:00,,0.65,77.27,0.5,2.007
2002-11-18 10:00:00,,0.65,65.27,0.5,1.445
2002-11-18 11:00:00,,,,0.5,
2002-11-18 12:00:00,,17.8,41.15,0.5,
2002-11-18 15:00:00,,9.208,35.99,0.5,1.299
2002-11-18 16:00:00,,8.266,38.06,0.5,1.129
2002-11-18 17:00:00,,7.686,47.6,0.5,1.017
2002-11-18 18:00:00,7.845,9.612,47.73,0.5,1.044
2002-11-18 19:00:00,42.66,9.628,41.82,0.5,1.29
2002-11-18 20:00:00,55.45,9.354,36.26,0.5,1.305
2002-11-18 21:00:00,30.95,9.05,32.2,0.5,1.226
2002-11-18 22:00:00,14.67,9.281,28.41,0.5,1.153
2002-11-18 23:00:00,14.42,9.246,26.35,0.5,0.944
2002-11-19 00:00:00,,9.253,27.47,0.5,0.686
2002-11-19 01:00:00,1.051,0.65,24.28,0.5,0.472
2002-11-19 02:00:00,4.288,0.65,22.27,0.5,0.393
2002-11-19 03:00:00,1.207,0.65,21.46,0.5,0.339
2002-11-19 04:00:00,0.016,0.65,21.19,0.5,0.288
2002-11-19 05:00:00,,0.65,21.89,0.5,0.309
2002-11-19 06:00:00,20.22,0.65,22.44,0.5,0.45
2002-11-19 07:00:00,80.07,0.65,23.67,0.5,0.57
2002-11-19 08:00:00,9.88,0.65,30.05,0.5,0.858
2002-11-19 09:00:00,,0.65,35.82,0.5,0.938
2002-11-19 10:00:00,,0.65,39.81,0.5,0.882
2002-11-19 11:00:00,,0.65,41.6,0.5,0.728
2002-11-19 12:00:00,,0.65,41.11,0.5,0.545
2002-11-19 13:00:00,,0.65,42.18,0.5,0.414
2002-11-19 14:00:00,,0.65,41.08,0.5,0.374
2002-11-19 15:00:00,,0.65,36.76,0.5,0.315
2002-11-19 16:00:00,,2.806,39.43,0.5,0.337
2002-11-19 17:00:00,,1.997,50.55,5.604,0.253
2002-11-19 18:00:00,,2.029,45.21,0.5,0.441
2002-11-19 19:00:00,,0.65,37.3,0.5,0.62
2002-11-19 20:00:00,9.297,0.65,32.97,0.5,0.506
2002-11-19 21:00:00,38.35,0.65,28.74,0.5,0.37
2002-11-19 22:00:00,42.41,0.65,27.65,0.5,0.345
2002-11-19 23:00:00,23.17,0.65,27.66,0.5,0.338
2002-11-20 00:00:00,38.72,0.65,26.39,0.5,0.332
2002-11-20 01:00:00,19.53,0.65,21.98,1.043,0.506
2002-11-20 02:00:00,19.5,0.65,19.09,0.5,0.485
2002-11-20 03:00:00,52.17,0.65,16.0,0.5,0.467
2002-11-20 04:00:00,51.47,0.65,15.02,0.5,0.459
2002-11-20 05:00:00,26.4,0.65,15.03,0.5,0.524
2002-11-20 06:00:00,14.74,0.65,16.52,0.5,0.633
2002-11-20 07:00:00,39.9,0.65,19.11,0.5,0.789
2002-11-20 08:00:00,43.84,0.65,23.05,0.5,1.297
2002-11-20 09:00:00,65.34,0.65,27.27,0.5,1.737
2002-11-20 10:00:00,66.78,0.65,26.91,0.5,1.762
2002-11-20 11:00:00,37.86,0.65,23.16,0.5,1.629
2002-11-20 12:00:00,20.67,1.384,21.89,0.5,1.509
2002-11-20 13:00:00,37.23,1.477,21.93,0.5,1.255
2002-11-20 14:00:00,46.47,0.65,32.65,0.5,1.026
2002-11-20 15:00:00,20.81,0.65,38.97,0.5,1.008
2002-11-20 16:00:00,2.508,2.403,38.08,0.5,1.444
2002-11-20 17:00:00,16.3,2.874,42.04,0.5,1.83
2002-11-20 18:00:00,19.27,3.232,41.25,0.5,1.787
2002-11-20 19:00:00,5.705,3.114,34.58,0.5,1.5
2002-11-20 20:00:00,1.238,2.714,30.04,0.5,1.146
2002-11-20 21:00:00,16.39,2.863,28.96,0.5,1.065
2002-11-20 22:00:00,22.8,2.733,28.05,0.5,1.068
2002-11-20 23:00:00,15.88,2.385,26.67,0.5,0.908
2002-11-21 00:00:00,4.483,1.732,23.81,0.5,0.72
2002-11-21 01:00:00,12.25,0.65,21.93,0.5,0.726
2002-11-21 02:00:00,6.858,0.65,21.42,0.5,0.701
2002-11-21 03:00:00,0.295,0.65,20.71,0.5,0.623
2002-11-21 04:00:00,13.02,0.65,16.08,0.5,0.503
2002-11-21 05:00:00,7.191,0.65,12.59,0.5,0.496
2002-11-21 06:00:00,9.24,0.65,13.61,0.5,0.556
2002-11-21 07:00:00,23.06,0.65,17.37,0.5,0.666
2002-11-21 08:00:00,30.72,0.65,19.34,0.5,0.916
2002-11-21 09:00:00,11.62,0.65,23.11,0.5,1.164
2002-11-21 10:00:00,28.44,0.65,28.92,0.5,1.117
2002-11-21 11:00:00,24.72,0.65,30.52,0.5,1.091
2002-11-21 12:00:00,19.86,0.65,32.58,0.5,1.016
2002-11-21 13:00:00,17.03,0.65,30.19,0.5,0.894
2002-11-21 14:00:00,24.39,0.65,31.62,0.5,0.896
2002-11-21 15:00:00,10.93,0.65,27.63,0.5,0.837
2002-11-21 16:00:00,16.6,0.65,26.04,0.5,0.781
2002-11-21 17:00:00,25.49,0.65,25.05,0.5,0.774
2002-11-21 18:00:00,9.101,0.65,24.93,0.5,0.924
2002-11-21 19:00:00,,0.65,24.4,0.5,1.009
2002-11-21 20:00:00,34.26,0.65,22.84,0.5,0.9
2002-11-21 21:00:00,24.52,0.65,21.69,0.5,0.846
2002-11-21 22:00:00,37.03,0.65,19.13,0.5,0.81
2002-11-21 23:00:00,27.05,0.65,18.39,0.5,0.783
2002-11-22 00:00:00,12.8,0.65,17.0,0.5,0.657
2002-11-22 01:00:00,9.028,0.65,15.98,0.5,0.594
2002-11-22 02:00:00,33.97,0.65,14.79,0.5,0.486
2002-11-22 03:00:00,40.55,0.65,13.73,0.5,0.42
2002-11-22 04:00:00,17.11,0.65,13.18,0.5,0.358
2002-11-22 05:00:00,11.23,0.65,13.17,0.5,0.328
2002-11-22 06:00:00,14.73,0.65,13.89,0.5,0.325
2002-11-22 07:00:00,39.46,0.65,16.87,0.5,0.451
2002-11-22 08:00:00,28.32,0.65,18.94,0.5,0.704
2002-11-22 09:00:00,10.13,0.65,22.03,0.5,0.804
2002-11-22 10:00:00,33.25,0.65,22.41,0.5,0.672
2002-11-22 11:00:00,37.68,0.65,22.08,0.5,0.594
2002-11-22 12:00:00,26.39,0.65,23.01,0.5,0.609
2002-11-22 13:00:00,33.28,0.65,23.28,0.5,0.541
2002-11-22 14:00:00,29.06,0.65,24.12,0.5,0.569
2002-11-22 15:00:00,28.9,0.65,23.96,0.5,0.651
2002-11-22 16:00:00,48.29,0.65,24.37,0.5,0.697
2002-11-22 17:00:00,37.74,0.65,24.34,0.5,0.752
2002-11-22 18:00:00,14.99,0.65,24.52,0.5,0.884
2002-11-22 19:00:00,32.43,0.65,23.43,0.5,0.935
2002-11-22 20:00:00,55.54,0.65,19.82,0.5,0.793
2002-11-22 21:00:00,47.44,0.65,18.96,0.5,0.715
2002-11-22 22:00:00,30.68,0.65,16.82,0.5,0.678
2002-11-22 23:00:00,19.25,0.65,16.57,0.5,0.676
2002-11-23 00:00:00,31.59,0.65,15.37,0.5,0.612
2002-11-23 01:00:00,30.42,0.65,14.57,0.5,0.657
2002-11-23 02:00:00,27.92,0.65,13.71,0.5,0.604
2002-11-23 03:00:00,10.58,0.65,12.62,0.5,0.597
2002-11-23 04:00:00,20.06,0.65,12.28,0.5,0.63
2002-11-23 05:00:00,21.21,0.65,12.33,0.5,0.61
2002-11-23 06:00:00,5.576,0.65,13.5,0.5,0.635
2002-11-23 07:00:00,10.24,0.65,14.59,0.5,0.674
2002-11-23 08:00:00,19.25,0.65,17.03,0.5,0.789
2002-11-23 09:00:00,36.19,0.65,22.76,0.5,0.872
2002-11-23 10:00:00,30.27,0.65,33.31,0.5,0.823
2002-11-23 11:00:00,37.33,0.65,54.86,0.5,0.752
2002-11-23 12:00:00,30.46,0.65,51.64,0.5,0.608
2002-11-23 13:00:00,35.69,0.65,54.82,0.5,0.48
2002-11-23 14:00:00,17.9,1.539,52.69,0.5,0.39
2002-11-23 15:00:00,12.63,3.201,50.51,0.5,0.384
2002-11-23 16:00:00,10.56,4.171,56.05,0.5,0.356
2002-11-23 17:00:00,24.94,4.531,57.77,0.5,0.353
2002-11-23 18:00:00,12.62,4.685,50.38,0.5,0.372
2002-11-23 19:00:00,26.95,3.172,47.45,0.5,0.481
2002-11-23 20:00:00,48.56,0.65,40.24,0.5,0.598
2002-11-23 21:00:00,63.92,0.65,31.53,0.5,0.726
2002-11-23 22:00:00,61.02,0.65,29.23,0.5,0.848
2002-11-23 23:00:00,57.02,0.65,28.89,0.5,0.885
2002-11-24 00:00:00,58.48,0.65,28.13,0.5,0.897
2002-11-24 01:00:00,57.64,0.65,27.08,0.5,0.898
2002-11-24 02:00:00,55.27,0.65,25.59,0.5,1.075
2002-11-24 03:00:00,55.6,0.65,22.09,0.5,0.994
2002-11-24 04:00:00,68.79,0.65,16.94,0.5,0.818
2002-11-24 05:00:00,58.85,0.65,15.63,0.5,0.783
2002-11-24 06:00:00,55.93,0.65,14.73,0.5,0.831
2002-11-24 07:00:00,76.45,0.65,15.96,0.5,0.87
2002-11-24 08:00:00,59.3,0.65,18.39,0.5,0.807
2002-11-24 09:00:00,33.5,0.65,23.14,0.5,0.69
2002-11-24 10:00:00,47.76,0.65,29.53,0.5,0.624
2002-11-24 11:00:00,43.72,0.65,37.52,0.5,0.493
2002-11-24 12:00:00,24.22,3.294,40.29,0.5,0.4
2002-11-24 13:00:00,24.08,6.283,43.95,1.344,0.354
2002-11-24 14:00:00,9.822,8.875,49.82,0.5,0.219
2002-11-24 15:00:00,,10.18,54.85,0.5,0.199
2002-11-24 16:00:00,36.93,7.951,51.52,0.5,0.307
2002-11-24 17:00:00,52.91,5.192,41.63,0.5,0.382
2002-11-24 18:00:00,33.01,2.728,35.89,0.5,0.551
2002-11-24 19:00:00,61.17,0.65,36.7,0.5,0.744
2002-11-24 20:00:00,71.63,0.65,36.89,0.5,0.87
2002-11-24 21:00:00,35.74,0.65,37.88,0.5,0.984
2002-11-24 22:00:00,41.73,0.65,37.06,0.5,0.985
2002-11-24 23:00:00,58.51,0.65,34.56,0.5,0.887
2002-11-25 00:00:00,48.27,0.65,31.31,0.5,0.819
2002-11-25 01:00:00,30.21,0.65,28.68,0.5,0.672
2002-11-25 02:00:00,25.86,0.65,25.97,0.5,0.539
2002-11-25 03:00:00,27.48,0.65,22.31,0.5,0.403
2002-11-25 04:00:00,21.21,0.65,19.16,0.5,0.369
2002-11-25 05:00:00,28.97,0.65,18.51,0.5,0.374
2002-11-25 06:00:00,12.67,0.65,21.11,0.5,0.402
2002-11-25 07:00:00,5.813,0.65,26.84,0.5,0.544
2002-11-25 08:00:00,19.56,0.65,33.43,0.5,1.008
2002-11-25 09:00:00,57.36,0.65,33.6,0.5,1.249
2002-11-25 10:00:00,60.79,1.918,35.88,0.5,1.425
2002-11-25 11:00:00,85.21,2.641,45.16,0.5,1.482
2002-11-25 12:00:00,104.6,4.564,54.74,0.5,1.336
2002-11-25 13:00:00,73.85,5.924,48.79,0.5,0.973
2002-11-25 14:00:00,61.48,7.268,51.85,0.5,1.14
2002-11-25 15:00:00,76.33,7.732,50.93,0.5,1.474
2002-11-25 16:00:00,81.25,7.154,49.88,0.5,1.913
2002-11-25 17:00:00,78.41,6.379,46.42,0.5,1.936
2002-11-25 18:00:00,59.16,5.608,43.48,0.5,1.82
2002-11-25 19:00:00,62.1,4.075,42.19,0.5,1.866
2002-11-25 20:00:00,68.33,4.231,36.55,0.5,1.284
2002-11-25 21:00:00,38.78,3.125,35.7,0.5,1.053
2002-11-25 22:00:00,27.7,2.978,34.03,0.5,0.93
2002-11-25 23:00:00,26.08,3.153,33.06,0.5,0.733
2002-11-26 00:00:00,28.36,3.069,29.56,0.5,0.585
2002-11-26 01:00:00,26.56,0.65,25.79,0.5,0.49
2002-11-26 02:00:00,8.669,0.65,27.14,0.5,0.388
2002-11-26 03:00:00,,0.65,28.04,0.5,0.299
2002-11-26 04:00:00,,0.65,26.05,0.5,0.295
2002-11-26 05:00:00,,0.65,27.24,0.5,0.286
2002-11-26 06:00:00,,0.65,32.12,0.5,0.337
2002-11-26 07:00:00,,0.65,40.26,0.5,0.533
2002-11-26 08:00:00,14.24,0.65,46.38,0.5,0.835
2002-11-26 09:00:00,42.4,0.65,40.82,0.5,0.695
2002-11-26 10:00:00,33.62,0.65,34.72,0.5,0.599
2002-11-26 11:00:00,22.39,0.65,33.32,0.5,0.37
2002-11-26 12:00:00,21.02,0.65,37.37,0.5,0.249
2002-11-26 13:00:00,25.71,0.65,34.75,0.5,0.202
2002-11-26 14:00:00,10.26,0.65,33.81,0.5,0.168
2002-11-26 15:00:00,9.332,0.65,33.8,0.5,0.164
2002-11-26 16:00:00,5.189,0.65,34.39,0.5,0.141
2002-11-26 17:00:00,8.99,0.65,35.1,0.5,0.133
2002-11-26 18:00:00,9.245,0.65,36.99,0.5,0.283
2002-11-26 19:00:00,8.978,0.65,37.05,0.5,0.489
2002-11-26 20:00:00,22.32,0.65,34.88,0.5,0.56
2002-11-26 21:00:00,14.22,0.65,32.98,0.5,0.481
2002-11-26 22:00:00,28.27,0.65,31.01,0.5,0.578
2002-11-26 23:00:00,48.82,0.65,26.98,0.5,0.641
2002-11-27 00:00:00,51.71,0.65,24.09,0.5,0.598
2002-11-27 01:00:00,33.95,0.65,21.93,0.5,0.588
2002-11-27 02:00:00,26.58,0.65,21.26,0.5,0.508
2002-11-27 03:00:00,23.52,0.65,20.0,0.5,0.567
2002-11-27 04:00:00,18.79,0.65,17.97,0.5,0.521
2002-11-27 05:00:00,22.86,0.65,18.47,0.5,0.468
2002-11-27 06:00:00,9.299,0.65,21.69,0.5,0.477
2002-11-27 07:00:00,,0.65,23.28,0.5,0.599
2002-11-27 08:00:00,18.85,0.65,27.32,0.5,0.819
2002-11-27 09:00:00,23.91,0.65,30.59,0.5,0.932
2002-11-27 10:00:00,40.98,0.65,31.71,0.5,0.921
2002-11-27 11:00:00,51.28,0.65,30.69,0.5,1.053
2002-11-27 12:00:00,51.34,0.65,34.28,0.5,1.164
2002-11-27 13:00:00,76.98,0.65,36.41,0.5,1.135
2002-11-27 14:00:00,85.09,0.65,33.51,0.5,1.255
2002-11-27 15:00:00,74.28,0.65,32.41,0.5,1.269
2002-11-27 16:00:00,73.32,0.65,33.31,0.5,
2002-11-27 17:00:00,72.56,0.65,32.13,0.5,
2002-11-27 18:00:00,56.18,1.365,32.38,0.5,
2002-11-27 19:00:00,53.92,1.421,33.92,0.5,
2002-11-27 20:00:00,36.42,0.65,34.35,0.5,
2002-11-27 21:00:00,51.1,1.649,31.39,0.5,
2002-11-27 22:00:00,56.2,1.443,29.01,0.5,
2002-11-27 23:00:00,60.03,1.662,28.66,0.5,
2002-11-28 00:00:00,47.98,1.903,25.79,0.5,
2002-11-28 01:00:00,51.45,0.65,23.34,0.5,
2002-11-28 02:00:00,27.53,0.65,19.46,0.5,
2002-11-28 03:00:00,54.17,0.65,18.07,0.5,
2002-11-28 04:00:00,43.46,0.65,17.38,0.5,
2002-11-28 05:00:00,39.62,0.65,17.02,0.5,
2002-11-28 06:00:00,48.72,0.65,16.85,0.5,
2002-11-28 07:00:00,57.81,0.65,20.54,0.5,
2002-11-28 08:00:00,72.04,0.65,23.8,0.5,
2002-11-28 09:00:00,84.04,0.65,25.65,0.5,
2002-11-28 10:00:00,72.36,0.65,27.76,0.5,
2002-11-28 11:00:00,23.24,0.65,28.08,0.5,
2002-11-28 12:00:00,22.27,0.65,26.86,0.5,0.708
2002-11-28 13:00:00,11.76,0.65,22.64,0.5,0.604
2002-11-28 14:00:00,26.12,0.65,22.58,0.5,0.649
2002-11-28 15:00:00,29.56,0.65,23.64,0.5,0.696
2002-11-28 16:00:00,27.06,0.65,23.88,1.225,0.708
2002-11-28 17:00:00,17.98,0.65,21.31,0.5,0.705
2002-11-28 18:00:00,7.671,0.65,20.2,0.5,0.715
2002-11-28 19:00:00,15.82,0.65,20.02,0.5,0.699
2002-11-28 20:00:00,14.6,0.65,18.45,0.5,0.646
2002-11-28 21:00:00,13.34,0.65,17.36,0.5,0.536
2002-11-28 22:00:00,16.83,0.65,15.69,0.5,0.461
2002-11-28 23:00:00,21.69,0.65,15.33,0.5,0.395
2002-11-29 00:00:00,23.38,0.65,14.73,0.5,0.333
2002-11-29 01:00:00,8.331,0.65,13.97,0.5,0.311
2002-11-29 02:00:00,,0.65,13.45,0.5,0.266
2002-11-29 03:00:00,19.12,0.65,13.05,0.5,0.243
2002-11-29 04:00:00,10.62,0.65,13.23,0.5,0.248
2002-11-29 05:00:00,3.938,0.65,12.69,0.5,0.285
2002-11-29 06:00:00,2.204,0.65,14.14,0.5,0.331
2002-11-29 07:00:00,5.247,0.65,14.55,0.5,0.357
2002-11-29 08:00:00,14.98,0.65,19.49,0.5,0.628
2002-11-29 09:00:00,35.14,0.65,22.28,1.182,0.929
2002-11-29 10:00:00,22.61,0.65,20.4,0.5,1.092
2002-11-29 11:00:00,16.19,0.65,18.67,0.5,0.997
2002-11-29 12:00:00,15.04,0.65,17.21,0.5,0.792
2002-11-29 13:00:00,21.56,0.65,17.92,0.5,0.739
2002-11-29 14:00:00,31.69,0.65,21.4,0.5,0.847
2002-11-29 15:00:00,33.75,0.65,27.93,0.5,0.945
2002-11-29 16:00:00,31.21,0.65,28.33,0.5,0.972
2002-11-29 17:00:00,,,,,
2002-11-29 18:00:00,,,,,
2002-11-29 19:00:00,,,,,
2002-11-29 20:00:00,,,,,
2002-11-29 21:00:00,,,17.54,3.939,0.025
2002-11-29 22:00:00,,,18.22,1.822,0.472
2002-11-29 23:00:00,,,19.03,1.54,0.399
2002-11-30 00:00:00,,,17.27,1.218,0.376
2002-11-30 01:00:00,,,16.09,1.133,0.468
2002-11-30 02:00:00,,,15.8,1.165,0.439
2002-11-30 03:00:00,,,15.89,0.5,0.439
2002-11-30 04:00:00,,,15.76,0.5,0.451
2002-11-30 05:00:00,,,16.27,0.5,0.577
2002-11-30 06:00:00,,,17.16,0.5,0.696
2002-11-30 07:00:00,9.086,,16.85,0.5,0.674
2002-11-30 08:00:00,23.92,,20.07,0.5,0.676
2002-11-30 09:00:00,34.82,,25.84,0.5,0.637
2002-11-30 10:00:00,21.31,,30.86,0.5,0.552
2002-11-30 11:00:00,27.85,,33.53,0.5,0.558
2002-11-30 12:00:00,14.94,,36.23,0.5,0.526
2002-11-30 13:00:00,15.99,,38.87,0.5,0.529
2002-11-30 14:00:00,32.43,,36.17,0.5,0.482
2002-11-30 15:00:00,13.47,,35.48,0.5,0.42
2002-11-30 16:00:00,17.86,,36.03,0.5,0.417
2002-11-30 17:00:00,15.74,,31.0,0.5,0.435
2002-11-30 18:00:00,3.218,,28.68,0.5,0.425
2002-11-30 19:00:00,,,26.92,0.5,0.515
2002-11-30 20:00:00,13.56,,23.24,0.5,0.562
2002-11-30 21:00:00,38.18,,20.44,0.5,0.576
2002-11-30 22:00:00,33.54,,19.23,0.5,0.54
2002-11-30 23:00:00,18.25,,18.89,0.5,0.522
2002-12-01 00:00:00,9.819,,17.32,0.5,0.505
2002-12-01 01:00:00,2.649,,16.78,0.5,0.502
2002-12-01 02:00:00,,,16.15,0.5,0.466
2002-12-01 03:00:00,,,13.97,1.006,0.391
2002-12-01 04:00:00,16.22,,13.34,1.242,0.404
2002-12-01 05:00:00,19.16,,12.15,0.5,0.407
2002-12-01 06:00:00,5.669,,12.57,0.5,0.454
2002-12-01 07:00:00,8.515,,12.09,0.5,0.47
2002-12-01 08:00:00,22.83,,18.37,0.5,0.455
2002-12-01 09:00:00,20.1,,24.66,0.5,0.395
2002-12-01 10:00:00,19.92,,23.9,0.5,0.476
2002-12-01 11:00:00,7.987,,22.4,0.5,0.507
2002-12-01 12:00:00,12.06,,22.49,0.5,0.698
2002-12-01 13:00:00,33.05,,22.2,0.5,0.706
2002-12-01 14:00:00,22.21,,20.35,0.5,0.648
2002-12-01 15:00:00,4.257,,22.0,0.5,0.557
2002-12-01 16:00:00,14.89,,22.11,0.5,0.506
2002-12-01 17:00:00,8.267,,23.56,0.5,0.528
2002-12-01 18:00:00,,,24.93,0.5,0.544
2002-12-01 19:00:00,1.611,,25.54,0.5,0.484
2002-12-01 20:00:00,11.66,,25.1,0.5,0.631
2002-12-01 21:00:00,34.51,,21.5,0.5,0.776
2002-12-01 22:00:00,22.79,,20.92,0.5,0.762
2002-12-01 23:00:00,3.899,,21.59,0.5,0.627
2002-12-02 00:00:00,16.16,,18.46,0.5,0.539
2002-12-02 01:00:00,8.953,,17.99,0.5,0.409
2002-12-02 02:00:00,3.837,,16.66,0.5,0.32
2002-12-02 03:00:00,2.135,,17.06,0.5,0.303
2002-12-02 04:00:00,,,16.13,0.5,0.264
2002-12-02 05:00:00,,,18.12,0.5,0.244
2002-12-02 06:00:00,,,20.5,0.5,0.292
2002-12-02 07:00:00,11.84,,21.96,0.5,0.437
2002-12-02 08:00:00,33.82,,22.06,0.5,0.633
2002-12-02 09:00:00,47.14,,22.63,0.5,0.768
2002-12-02 10:00:00,31.15,,,,0.662
2002-12-02 11:00:00,29.87,,31.52,0.5,0.451
2002-12-02 12:00:00,23.94,,26.39,0.5,0.428
2002-12-02 13:00:00,25.39,,27.58,0.5,0.365
2002-12-02 14:00:00,22.35,,29.46,0.5,0.382
2002-12-02 15:00:00,20.96,,,1.072,0.402
2002-12-02 16:00:00,46.74,,,1.256,0.461
2002-12-02 17:00:00,32.21,6.869,,0.5,0.576
2002-12-02 18:00:00,5.881,2.403,,0.5,0.625
2002-12-02 19:00:00,21.72,1.385,,0.5,0.543
2002-12-02 20:00:00,39.47,0.65,,0.5,0.515
2002-12-02 21:00:00,39.37,0.65,,0.5,0.441
2002-12-02 22:00:00,25.52,0.65,,0.5,0.383
2002-12-02 23:00:00,30.68,0.65,,0.5,0.331
2002-12-03 00:00:00,16.66,0.65,,0.5,0.277
2002-12-03 01:00:00,10.45,0.65,,0.5,0.202
2002-12-03 02:00:00,22.99,0.65,,0.5,0.14
2002-12-03 03:00:00,19.89,0.65,,0.5,0.178
2002-12-03 04:00:00,15.06,0.65,,0.5,0.148
2002-12-03 05:00:00,23.38,0.65,,0.5,0.146
2002-12-03 06:00:00,11.29,0.65,,0.5,0.163
2002-12-03 07:00:00,13.3,0.65,,0.5,0.255
2002-12-03 08:00:00,34.69,0.65,,0.5,0.474
2002-12-03 09:00:00,92.29,0.65,,0.5,0.883
2002-12-03 10:00:00,99.2,0.65,,0.5,0.937
2002-12-03 11:00:00,50.5,0.65,,0.5,0.694
2002-12-03 12:00:00,31.42,0.65,,0.5,0.428
2002-12-03 13:00:00,18.57,0.65,,0.5,0.304
2002-12-03 14:00:00,31.39,0.65,,0.5,0.318
2002-12-03 15:00:00,26.21,0.65,,0.5,0.337
2002-12-03 16:00:00,31.28,0.65,,1.121,0.405
2002-12-03 17:00:00,32.07,0.65,,0.5,0.341
2002-12-03 18:00:00,30.16,0.65,,0.5,0.428
2002-12-03 19:00:00,47.01,0.65,,0.5,0.523
2002-12-03 20:00:00,46.19,0.65,,0.5,0.41
2002-12-03 21:00:00,37.16,0.65,,0.5,0.341
2002-12-03 22:00:00,43.21,0.65,,0.5,0.349
2002-12-03 23:00:00,38.45,0.65,,0.5,0.312
2002-12-04 00:00:00,40.46,0.65,,0.5,0.273
2002-12-04 01:00:00,17.22,0.65,,0.5,0.308
2002-12-04 02:00:00,2.499,0.65,,0.5,0.258
2002-12-04 03:00:00,6.738,0.65,,0.5,0.217
2002-12-04 04:00:00,9.307,0.65,,0.5,0.21
2002-12-04 05:00:00,16.67,0.65,,0.5,0.203
2002-12-04 06:00:00,7.407,0.65,,0.5,0.241
2002-12-04 07:00:00,17.14,0.65,,0.5,0.365
2002-12-04 08:00:00,43.36,0.65,,0.5,0.577
2002-12-04 09:00:00,27.15,0.65,,0.5,0.706
2002-12-04 10:00:00,50.11,0.65,,0.5,0.74
2002-12-04 11:00:00,54.39,0.65,,0.5,0.756
2002-12-04 12:00:00,39.24,0.65,,0.5,0.721
2002-12-04 13:00:00,43.07,0.65,,0.5,0.663
2002-12-04 14:00:00,44.05,0.65,,0.5,0.803
2002-12-04 15:00:00,64.94,0.65,,0.5,1.178
2002-12-04 16:00:00,60.87,0.65,,0.5,1.237
2002-12-04 17:00:00,39.71,0.65,,0.5,1.069
2002-12-04 18:00:00,24.06,0.65,,0.5,1.258
2002-12-04 19:00:00,56.8,2.172,,0.5,1.583
2002-12-04 20:00:00,76.8,3.671,,0.5,1.591
2002-12-04 21:00:00,45.48,3.671,,0.5,1.26
2002-12-04 22:00:00,18.23,3.203,,0.5,0.929
2002-12-04 23:00:00,53.17,3.186,,0.5,0.846
2002-12-05 00:00:00,27.46,2.878,,0.5,0.982
2002-12-05 01:00:00,34.04,0.65,,0.5,1.073
2002-12-05 02:00:00,40.46,0.65,,0.5,0.77
2002-12-05 03:00:00,17.48,0.65,,0.5,0.645
2002-12-05 04:00:00,35.41,0.65,,0.5,0.463
2002-12-05 05:00:00,30.34,0.65,,0.5,0.363
2002-12-05 06:00:00,12.65,0.65,,0.5,0.403
2002-12-05 07:00:00,31.77,0.65,,0.5,0.687
2002-12-05 08:00:00,61.92,0.65,,0.5,0.931
2002-12-05 09:00:00,64.17,0.65,,0.5,1.123
2002-12-05 10:00:00,67.9,0.65,,0.5,1.104
2002-12-05 11:00:00,32.23,0.65,,0.5,1.016
2002-12-05 12:00:00,52.79,0.65,,0.5,0.939
2002-12-05 13:00:00,48.53,0.65,,0.5,0.776
2002-12-05 14:00:00,40.63,0.65,,0.5,0.66
2002-12-05 15:00:00,62.58,0.65,,0.5,0.939
2002-12-05 16:00:00,110.3,0.65,,0.5,0.964
2002-12-05 17:00:00,109.8,0.65,,0.5,1.197
2002-12-05 18:00:00,88.83,0.65,,0.5,1.831
2002-12-05 19:00:00,127.5,0.65,,0.5,2.342
2002-12-05 20:00:00,94.29,1.878,,0.5,1.978
2002-12-05 21:00:00,,0.65,,0.5,1.404
2002-12-05 22:00:00,,1.324,,0.5,1.236
2002-12-05 23:00:00,,0.65,,0.5,1.294
2002-12-06 00:00:00,,0.65,,0.5,1.356
2002-12-06 01:00:00,,0.65,,0.5,1.128
2002-12-06 02:00:00,,0.65,,0.5,0.693
2002-12-06 03:00:00,,0.65,,0.5,0.442
2002-12-06 04:00:00,,0.65,,1.466,0.339
2002-12-06 05:00:00,,0.65,,3.179,0.219
2002-12-06 06:00:00,42.47,0.65,,1.218,0.206
2002-12-06 07:00:00,30.62,0.65,,0.5,0.465
2002-12-06 08:00:00,30.46,0.65,,0.5,0.816
2002-12-06 09:00:00,20.46,0.65,,0.5,0.846
2002-12-06 10:00:00,14.31,0.65,,0.5,1.017
2002-12-06 11:00:00,17.27,0.65,,0.5,1.03
2002-12-06 12:00:00,15.49,0.65,,0.5,0.932
2002-12-06 13:00:00,5.159,0.65,,0.5,0.764
2002-12-06 14:00:00,,0.65,,0.5,0.604
2002-12-06 15:00:00,,0.65,,0.5,0.632
2002-12-06 16:00:00,,0.65,,0.5,0.767
2002-12-06 17:00:00,,0.65,,0.5,0.973
2002-12-06 18:00:00,91.47,0.65,,0.5,0.957
2002-12-06 19:00:00,79.15,0.65,,0.5,0.913
2002-12-06 20:00:00,46.52,0.65,,0.5,0.939
2002-12-06 21:00:00,33.91,0.65,,0.5,0.964
2002-12-06 22:00:00,13.54,0.65,,0.5,0.859
2002-12-06 23:00:00,18.08,0.65,,0.5,0.81
2002-12-07 00:00:00,8.763,0.65,,0.5,0.686
2002-12-07 01:00:00,,0.65,,0.5,0.624
2002-12-07 02:00:00,,0.65,,0.5,0.447
2002-12-07 03:00:00,4.932,0.65,,1.306,0.307
2002-12-07 04:00:00,2.727,0.65,,1.477,0.293
2002-12-07 05:00:00,,0.65,,1.124,0.287
2002-12-07 06:00:00,91.85,0.65,,0.5,0.331
2002-12-07 07:00:00,70.12,0.65,,0.5,0.43
2002-12-07 08:00:00,10.52,0.65,,0.5,0.542
2002-12-07 09:00:00,,0.65,,0.5,0.523
2002-12-07 10:00:00,,0.65,,0.5,0.524
2002-12-07 11:00:00,,0.65,,0.5,0.501
2002-12-07 12:00:00,,0.65,,0.5,0.468
2002-12-07 13:00:00,,0.65,,0.5,0.38
2002-12-07 14:00:00,,0.65,,0.5,0.413
2002-12-07 15:00:00,,0.65,,0.5,0.386
2002-12-07 16:00:00,,0.65,,1.775,0.395
2002-12-13 17:00:00,4.095,0.65,,0.5,0.769
2002-12-13 18:00:00,2.237,0.65,,0.5,0.822
2002-12-13 19:00:00,49.22,0.65,,0.5,0.868
2002-12-13 20:00:00,66.13,0.65,,0.5,0.685
2002-12-13 21:00:00,56.63,0.65,,0.5,0.576
2002-12-13 22:00:00,49.97,0.65,,0.5,0.511
2002-12-13 23:00:00,38.72,0.65,,0.5,0.591
2002-12-14 00:00:00,38.05,0.65,,0.5,0.476
2002-12-14 01:00:00,26.72,0.65,,0.5,0.495
2002-12-14 02:00:00,19.68,0.65,,1.463,0.516
2002-12-14 03:00:00,41.32,0.65,,1.455,0.513
2002-12-14 04:00:00,18.8,0.65,,1.796,0.469
2002-12-14 05:00:00,9.482,0.65,,1.95,0.504
2002-12-14 06:00:00,6.04,0.65,,0.5,0.493
2002-12-14 07:00:00,25.46,0.65,,0.5,0.486
2002-12-14 08:00:00,21.46,0.65,,0.5,0.526
2002-12-14 09:00:00,23.93,0.65,,0.5,0.521
2002-12-14 10:00:00,26.52,0.65,,0.5,0.629
2002-12-14 11:00:00,32.04,0.65,,0.5,0.621
2002-12-14 12:00:00,39.78,0.65,,1.383,0.532
2002-12-14 13:00:00,40.31,0.65,,1.444,0.442
2002-12-14 14:00:00,26.93,0.65,,1.0,0.431
2002-12-14 15:00:00,45.71,0.65,,1.0,0.335
2002-12-14 16:00:00,51.6,0.65,,1.072,0.339
2002-12-14 17:00:00,48.08,0.65,,0.5,0.315
2002-12-14 18:00:00,9.19,0.65,,0.5,0.352
2002-12-14 19:00:00,25.67,0.65,,0.5,0.332
2002-12-14 20:00:00,23.09,0.65,,0.5,0.341
2002-12-14 21:00:00,,0.65,,2.233,0.367
2002-12-14 22:00:00,28.86,0.65,,1.311,0.354
2002-12-14 23:00:00,32.15,0.65,,0.5,0.285
2002-12-15 00:00:00,17.23,,,0.5,0.236
2002-12-15 01:00:00,,0.65,,1.617,0.256
2002-12-15 02:00:00,17.36,0.65,,0.5,0.177
2002-12-15 03:00:00,16.42,0.65,,1.378,0.197
2002-12-15 04:00:00,,0.65,,1.467,0.164
2002-12-15 05:00:00,1.63,0.65,,0.5,0.124
2002-12-15 06:00:00,,0.65,,1.078,0.252
2002-12-15 07:00:00,,0.65,,1.117,0.161
2002-12-15 08:00:00,,0.65,,0.5,0.154
2002-12-15 09:00:00,5.36,0.65,,0.5,0.246
2002-12-15 10:00:00,23.19,0.65,,1.0,0.266
2002-12-15 11:00:00,20.14,0.65,,2.022,0.251
2002-12-15 12:00:00,13.3,0.65,,4.133,0.209
2002-12-15 13:00:00,26.55,0.65,,4.622,0.212
2002-12-15 14:00:00,26.35,0.65,,6.172,0.133
2002-12-15 15:00:00,17.59,0.65,,3.0,0.123
2002-12-15 16:00:00,12.47,0.65,,2.356,0.167
2002-12-15 17:00:00,17.97,0.65,,2.031,0.167
2002-12-15 18:00:00,30.49,0.65,,2.0,0.177
2002-12-15 19:00:00,36.28,0.65,,1.731,0.281
2002-12-15 20:00:00,53.24,0.65,,0.5,0.374
2002-12-15 21:00:00,57.52,0.65,,0.5,0.466
2002-12-15 22:00:00,43.73,0.65,,0.5,0.408
2002-12-15 23:00:00,22.75,0.65,,0.5,0.422
2002-12-16 00:00:00,22.39,0.65,,0.5,0.448
2002-12-16 01:00:00,29.13,0.65,,0.5,0.411
2002-12-16 02:00:00,26.27,0.65,,1.139,0.359
2002-12-16 03:00:00,24.94,0.65,,1.746,0.327
2002-12-16 04:00:00,32.46,0.65,,1.936,0.268
2002-12-16 05:00:00,40.62,0.65,,1.619,0.309
2002-12-16 06:00:00,15.25,0.65,,0.5,0.456
2002-12-16 07:00:00,37.3,0.65,,1.122,0.644
2002-12-16 08:00:00,61.13,0.65,,0.5,0.978
2002-12-16 09:00:00,65.36,0.65,,0.5,1.081
2002-12-16 10:00:00,37.65,0.65,,0.5,1.008
2002-12-16 11:00:00,29.86,0.65,,0.5,0.821
2002-12-16 12:00:00,27.0,0.65,,1.014,0.48
2002-12-16 13:00:00,22.06,2.543,,0.5,0.244
2002-12-16 14:00:00,23.54,,,,
2002-12-16 16:00:00,4.668,5.21,,1.462,0.054
2002-12-16 17:00:00,19.33,4.114,,0.5,0.025
2002-12-16 18:00:00,46.45,0.65,,0.5,0.247
2002-12-16 19:00:00,54.88,0.65,,0.5,0.322
2002-12-16 20:00:00,39.92,0.65,,0.5,0.346
2002-12-16 21:00:00,53.28,0.65,,0.5,0.281
2002-12-16 22:00:00,41.83,0.65,,0.5,0.306
2002-12-16 23:00:00,38.63,0.65,,0.5,0.291
2002-12-17 00:00:00,17.37,0.65,,0.5,0.303
2002-12-17 01:00:00,23.74,0.65,,0.5,0.443
2002-12-17 02:00:00,50.81,0.65,,0.5,0.477
2002-12-17 03:00:00,57.6,0.65,,0.5,0.433
2002-12-17 04:00:00,57.11,0.65,,0.5,0.422
2002-12-17 05:00:00,50.0,0.65,,0.5,0.361
2002-12-17 06:00:00,26.69,0.65,,0.5,0.379
2002-12-17 07:00:00,27.55,0.65,,0.5,0.529
2002-12-17 08:00:00,65.95,2.372,,0.5,0.889
2002-12-17 09:00:00,65.9,0.65,,0.5,1.051
2002-12-17 10:00:00,40.93,0.65,,0.5,0.938
2002-12-17 11:00:00,41.86,0.65,,1.33,0.836
2002-12-17 12:00:00,41.56,0.65,,1.0,0.669
2002-12-17 13:00:00,27.93,0.65,,1.0,0.552
2002-12-17 14:00:00,16.71,0.65,,0.5,0.522
2002-12-17 15:00:00,33.63,0.65,,0.5,0.585
2002-12-17 16:00:00,44.14,0.65,,0.5,0.644
2002-12-17 17:00:00,53.5,0.65,,0.5,0.698
2002-12-17 18:00:00,20.71,0.65,,0.5,0.712
2002-12-17 19:00:00,23.93,0.65,,0.5,0.659
2002-12-17 20:00:00,35.48,0.65,,0.5,0.547
2002-12-17 21:00:00,35.23,0.65,,0.5,0.49
2002-12-17 22:00:00,12.54,0.65,,0.5,0.576
2002-12-17 23:00:00,8.492,0.65,,0.5,0.478
2002-12-18 00:00:00,11.6,1.691,,0.5,0.405
2002-12-18 01:00:00,19.67,0.65,,0.5,0.269
2002-12-18 02:00:00,9.427,1.309,,0.5,0.277
2002-12-18 03:00:00,8.795,0.65,,1.29,0.297
2002-12-18 04:00:00,20.41,1.425,,1.278,0.224
2002-12-18 05:00:00,26.12,1.439,,0.5,0.19
2002-12-18 06:00:00,20.14,1.371,,0.5,0.368
2002-12-18 07:00:00,15.3,2.093,,0.5,0.519
2002-12-18 08:00:00,51.14,2.783,,0.5,0.841
2002-12-18 09:00:00,51.81,1.786,,0.5,0.847
2002-12-18 10:00:00,26.91,3.992,,4.425,0.597
2002-12-18 11:00:00,21.41,1.935,,1.922,0.612
2002-12-18 12:00:00,40.34,1.862,,1.268,0.616
2002-12-18 13:00:00,47.6,1.735,,0.5,0.557
2002-12-18 14:00:00,63.83,0.65,,1.201,0.609
2002-12-18 15:00:00,42.98,1.676,,0.5,0.661
2002-12-18 16:00:00,28.79,1.397,,0.5,0.605
2002-12-18 17:00:00,21.19,0.65,,0.5,0.575
2002-12-18 18:00:00,5.768,1.385,,0.5,0.844
2002-12-18 19:00:00,31.08,1.443,,0.5,0.74
2002-12-18 20:00:00,40.65,0.65,,0.5,0.616
2002-12-18 21:00:00,74.7,0.65,,0.5,0.532
2002-12-18 22:00:00,61.07,0.65,,0.5,0.462
2002-12-18 23:00:00,50.44,0.65,,1.333,0.422
2002-12-19 00:00:00,25.74,0.65,,1.765,0.359
2002-12-19 01:00:00,29.33,0.65,,2.065,0.163
2002-12-19 02:00:00,29.07,0.65,,2.08,0.085
2002-12-19 03:00:00,37.04,0.65,,2.339,0.091
2002-12-19 04:00:00,15.59,0.65,,2.06,0.062
2002-12-19 05:00:00,,0.65,,1.667,0.055
2002-12-19 06:00:00,,0.65,,0.5,0.2
2002-12-19 07:00:00,5.195,0.65,,0.5,0.391
2002-12-19 08:00:00,23.04,0.65,,0.5,0.802
2002-12-19 09:00:00,50.05,0.65,,0.5,1.094
2002-12-19 10:00:00,64.03,0.65,,1.108,0.954
2002-12-19 11:00:00,89.13,0.65,,0.5,0.756
2002-12-19 12:00:00,90.71,0.65,,0.5,0.713
2002-12-19 13:00:00,74.9,0.65,,0.5,0.877
2002-12-19 14:00:00,55.17,0.65,,0.5,1.21
2002-12-19 15:00:00,65.75,1.744,,0.5,1.105
2002-12-19 16:00:00,57.96,2.828,,1.092,0.954
2002-12-19 17:00:00,119.9,3.16,52.53,0.5,0.706
2002-12-19 18:00:00,106.6,2.926,42.09,0.5,0.746
2002-12-19 19:00:00,42.13,3.503,43.97,0.5,1.444
2002-12-19 20:00:00,53.23,4.327,43.98,1.175,1.373
2002-12-19 21:00:00,52.26,3.739,38.27,1.375,1.047
2002-12-19 22:00:00,69.36,3.365,34.54,1.424,0.867
2002-12-19 23:00:00,33.59,2.914,38.96,1.976,0.723
2002-12-20 00:00:00,29.82,2.106,27.26,1.086,0.562
2002-12-20 01:00:00,15.36,0.65,21.2,2.192,0.355
2002-12-20 02:00:00,17.3,0.65,15.72,2.509,0.279
2002-12-20 03:00:00,19.11,0.65,12.19,2.602,0.231
2002-12-20 04:00:00,19.68,0.65,10.38,2.521,0.222
2002-12-20 05:00:00,16.75,0.65,12.99,1.839,0.211
2002-12-20 06:00:00,4.866,0.65,20.06,1.499,0.327
2002-12-20 07:00:00,2.097,0.65,29.12,0.5,0.469
2002-12-20 08:00:00,30.49,0.65,32.42,1.295,0.76
2002-12-20 09:00:00,28.96,0.65,32.27,1.017,0.756
2002-12-20 10:00:00,20.5,0.65,33.71,1.075,0.728
2002-12-20 11:00:00,16.79,0.65,36.65,0.5,0.741
2002-12-20 12:00:00,45.77,0.65,37.24,1.732,0.775
2002-12-20 13:00:00,52.01,0.65,43.81,0.5,0.55
2002-12-20 14:00:00,46.45,0.65,36.2,0.5,0.794
2002-12-20 15:00:00,32.99,0.65,33.91,0.5,0.965
2002-12-20 16:00:00,29.34,0.65,33.45,0.5,1.089
2002-12-20 17:00:00,33.1,0.65,34.11,0.5,1.203
2002-12-20 18:00:00,20.57,0.65,34.13,0.5,1.18
2002-12-20 19:00:00,39.72,0.65,33.86,0.5,0.994
2002-12-20 20:00:00,32.82,0.65,32.09,0.5,0.741
2002-12-20 21:00:00,37.42,0.65,29.89,0.5,0.551
2002-12-20 22:00:00,47.8,0.65,25.99,0.5,0.443
2002-12-20 23:00:00,56.73,0.65,24.12,0.5,0.337
2002-12-21 00:00:00,38.53,0.65,23.69,0.5,0.344
2002-12-21 01:00:00,21.59,0.65,21.38,0.5,0.492
2002-12-21 02:00:00,32.56,0.65,19.71,0.5,0.408
2002-12-21 03:00:00,23.23,0.65,18.52,0.5,0.371
2002-12-21 04:00:00,13.29,0.65,16.33,1.256,0.323
2002-12-21 05:00:00,37.3,0.65,16.67,0.5,0.426
2002-12-21 06:00:00,17.9,0.65,20.75,0.5,0.447
2002-12-21 07:00:00,14.19,0.65,24.87,0.5,0.523
2002-12-21 08:00:00,29.83,0.65,24.41,0.5,0.465
2002-12-21 09:00:00,27.17,0.65,23.77,0.5,0.459
2002-12-21 10:00:00,34.37,0.65,22.88,0.5,0.403
2002-12-21 11:00:00,40.8,0.65,23.86,0.5,0.461
2002-12-21 12:00:00,32.63,0.65,24.26,0.5,0.46
2002-12-21 13:00:00,30.52,0.65,23.79,0.5,0.415
2002-12-21 14:00:00,27.66,0.65,23.04,0.5,0.375
2002-12-21 15:00:00,25.44,0.65,22.68,0.5,0.379
2002-12-21 16:00:00,24.84,0.65,22.83,0.5,0.382
2002-12-21 17:00:00,28.53,0.65,22.49,0.5,0.416
2002-12-21 18:00:00,21.17,0.65,21.44,0.5,0.464
2002-12-21 19:00:00,14.19,0.65,20.5,0.5,0.358
2002-12-21 20:00:00,42.26,0.65,19.49,0.5,0.36
2002-12-21 21:00:00,49.26,0.65,18.15,1.304,0.351
2002-12-21 22:00:00,35.44,0.65,17.64,0.5,0.352
2002-12-21 23:00:00,27.26,0.65,16.13,0.5,0.317
2002-12-22 00:00:00,25.12,0.65,15.56,1.044,0.327
2002-12-22 01:00:00,27.12,0.65,14.06,0.5,0.231
2002-12-22 02:00:00,28.55,0.65,12.61,1.346,0.201
2002-12-22 03:00:00,17.29,0.65,11.3,1.358,0.167
2002-12-22 04:00:00,14.45,0.65,9.786,1.618,0.112
2002-12-22 05:00:00,25.03,0.65,9.669,1.619,0.115
2002-12-22 06:00:00,10.3,0.65,11.87,1.235,0.134
2002-12-22 07:00:00,12.93,0.65,13.83,0.5,0.152
2002-12-22 08:00:00,22.1,0.65,14.22,1.064,0.113
2002-12-22 09:00:00,8.108,0.65,15.27,0.5,0.186
2002-12-22 10:00:00,7.883,0.65,18.13,1.351,0.167
2002-12-22 11:00:00,15.34,0.65,20.55,1.917,0.177
2002-12-22 12:00:00,6.866,0.65,23.28,2.239,0.194
2002-12-22 13:00:00,31.62,0.65,22.37,3.46,0.183
2002-12-22 14:00:00,39.52,0.65,21.54,3.35,0.199
2002-12-22 15:00:00,32.65,0.65,21.58,3.672,0.168
2002-12-22 16:00:00,33.33,0.65,20.88,2.983,0.183
2002-12-22 17:00:00,37.45,0.65,20.27,2.179,0.243
2002-12-22 18:00:00,20.13,0.65,18.53,1.79,0.219
2002-12-22 19:00:00,41.28,0.65,19.35,1.301,0.29
2002-12-22 20:00:00,62.92,0.65,19.49,0.5,0.326
2002-12-22 21:00:00,39.11,0.65,20.02,0.5,0.352
2002-12-22 22:00:00,49.84,0.65,20.56,0.5,0.486
2002-12-22 23:00:00,41.05,0.65,21.07,0.5,0.513
2002-12-23 00:00:00,37.73,1.85,21.46,0.5,0.545
2002-12-23 01:00:00,23.82,0.65,21.57,0.5,0.516
2002-12-23 02:00:00,25.4,0.65,16.05,1.09,0.307
2002-12-23 03:00:00,13.58,0.65,18.09,1.229,0.201
2002-12-23 04:00:00,4.461,0.65,17.67,0.5,0.243
2002-12-23 05:00:00,22.93,0.65,22.77,0.5,0.465
2002-12-23 06:00:00,15.04,0.65,22.42,0.5,0.368
2002-12-23 07:00:00,21.93,0.65,26.9,0.5,0.532
2002-12-23 08:00:00,18.67,0.65,33.3,0.5,0.782
2002-12-23 09:00:00,38.23,0.65,35.67,1.11,0.833
2002-12-23 10:00:00,28.59,0.65,37.84,0.5,0.927
2002-12-23 11:00:00,28.02,0.65,37.81,0.5,0.918
2002-12-23 12:00:00,15.88,0.65,38.92,0.5,0.837
2002-12-23 13:00:00,21.11,0.65,37.52,0.5,0.847
2002-12-23 14:00:00,32.18,0.65,34.33,0.5,1.005
2002-12-23 15:00:00,23.74,0.65,33.4,0.5,1.027
2002-12-23 16:00:00,14.24,0.65,38.53,0.5,1.447
2002-12-23 17:00:00,36.19,0.65,48.71,0.5,1.661
2002-12-23 18:00:00,37.8,0.65,44.87,0.5,1.351
2002-12-23 19:00:00,30.94,0.65,40.93,0.5,1.194
2002-12-23 20:00:00,31.53,0.65,34.73,0.5,0.745
2002-12-23 21:00:00,26.12,0.65,33.05,0.5,0.608
2002-12-23 22:00:00,11.58,0.65,26.67,0.5,0.554
2002-12-23 23:00:00,17.05,0.65,23.66,0.5,0.463
2002-12-24 00:00:00,8.33,0.65,21.17,0.5,0.367
2002-12-24 01:00:00,,0.65,16.97,0.5,0.42
2002-12-24 02:00:00,,0.65,12.37,1.481,0.303
2002-12-24 03:00:00,13.3,0.65,10.72,1.811,0.251
2002-12-24 04:00:00,7.382,0.65,11.07,2.343,0.306
2002-12-24 05:00:00,0.251,0.65,10.97,2.296,0.294
2002-12-24 06:00:00,0.138,0.65,20.58,0.5,0.325
2002-12-24 07:00:00,10.89,0.65,30.02,0.5,0.52
2002-12-24 08:00:00,21.02,0.65,33.89,0.5,0.741
2002-12-24 09:00:00,26.24,0.65,32.33,0.5,0.822
2002-12-24 10:00:00,22.52,0.65,30.52,0.5,0.808
2002-12-24 11:00:00,22.61,0.65,29.18,0.5,0.824
2002-12-24 12:00:00,16.18,0.65,29.45,0.5,0.823
2002-12-24 13:00:00,16.78,0.65,28.88,0.5,0.844
2002-12-24 14:00:00,12.3,0.65,28.32,0.5,0.701
2002-12-24 15:00:00,34.48,0.65,29.97,0.5,0.697
2002-12-24 16:00:00,44.67,0.65,30.32,0.5,0.676
2002-12-24 17:00:00,37.34,0.65,30.4,0.5,0.652
2002-12-24 18:00:00,14.95,0.65,30.12,0.5,0.548
2002-12-24 19:00:00,12.47,0.65,29.51,0.5,0.503
2002-12-24 20:00:00,19.59,0.65,30.35,0.5,0.54
2002-12-24 21:00:00,40.2,0.65,30.58,0.5,0.591
2002-12-24 22:00:00,38.88,0.65,31.95,0.5,0.594
2002-12-24 23:00:00,26.65,0.65,32.55,0.5,0.687
2002-12-25 00:00:00,38.38,0.65,31.06,0.5,0.689
2002-12-25 01:00:00,43.69,0.65,29.62,0.5,0.607
2002-12-25 02:00:00,60.76,0.65,29.45,0.5,1.607
2002-12-25 03:00:00,95.52,0.65,28.54,0.5,2.028
2002-12-25 04:00:00,97.1,0.65,27.17,0.5,1.85
2002-12-25 05:00:00,84.16,0.65,21.65,0.5,1.653
2002-12-25 06:00:00,42.84,0.65,21.06,0.5,1.047
2002-12-25 07:00:00,13.03,0.65,21.03,0.5,0.639
2002-12-25 08:00:00,23.28,0.65,20.25,0.5,0.465
2002-12-25 09:00:00,49.8,0.65,20.92,0.5,0.291
2002-12-25 10:00:00,31.6,0.65,19.21,0.5,0.164
2002-12-25 11:00:00,5.768,0.65,20.09,1.125,0.145
2002-12-25 12:00:00,0.212,0.65,22.83,1.15,0.215
2002-12-25 13:00:00,13.48,0.65,21.42,1.989,0.166
2002-12-25 14:00:00,25.88,0.65,20.98,1.71,0.227
2002-12-25 15:00:00,19.05,0.65,23.87,2.024,0.199
2002-12-25 16:00:00,22.51,0.65,18.1,2.307,0.313
2002-12-25 17:00:00,9.766,0.65,20.94,1.279,0.257
2002-12-25 18:00:00,0.006,0.65,22.7,1.6,0.32
2002-12-25 19:00:00,5.233,0.65,23.6,1.131,0.311
2002-12-25 20:00:00,29.69,0.65,24.53,0.5,0.343
2002-12-25 21:00:00,29.17,0.65,23.82,0.5,0.412
2002-12-25 22:00:00,55.39,0.65,22.35,0.5,0.374
2002-12-25 23:00:00,31.6,0.65,20.65,1.186,0.37
2002-12-26 00:00:00,19.32,0.65,18.23,1.264,0.265
2002-12-26 01:00:00,26.49,0.65,13.83,1.692,0.176
2002-12-26 02:00:00,10.44,0.65,11.21,2.241,0.136
2002-12-26 03:00:00,17.42,0.65,11.33,2.226,0.149
2002-12-26 04:00:00,25.19,0.65,12.04,1.275,0.154
2002-12-26 05:00:00,30.2,0.65,18.54,0.5,0.304
2002-12-26 06:00:00,10.46,0.65,25.36,0.5,0.525
2002-12-26 07:00:00,11.23,0.65,24.06,0.5,0.578
2002-12-26 08:00:00,12.58,0.65,27.53,0.5,0.727
2002-12-26 09:00:00,34.27,0.65,31.35,0.5,0.74
2002-12-26 10:00:00,40.13,0.65,36.09,0.5,0.723
2002-12-26 11:00:00,29.68,0.65,39.48,0.5,0.597
2002-12-26 12:00:00,55.95,0.65,45.09,0.5,0.534
2002-12-26 13:00:00,29.45,0.65,44.44,0.5,0.455
2002-12-26 14:00:00,25.04,0.65,48.15,1.513,0.516
2002-12-26 15:00:00,28.56,0.65,49.02,1.138,0.531
2002-12-26 16:00:00,36.81,0.65,42.49,0.5,0.487
2002-12-26 17:00:00,40.53,0.65,40.4,0.5,0.592
2002-12-26 18:00:00,14.39,0.65,39.01,0.5,0.641
2002-12-26 19:00:00,48.72,0.65,36.52,0.5,0.613
2002-12-26 20:00:00,55.43,0.65,33.84,0.5,0.541
2002-12-26 21:00:00,52.27,0.65,29.7,0.5,0.556
2002-12-26 22:00:00,43.95,0.65,26.28,0.5,0.471
2002-12-26 23:00:00,39.06,0.65,25.78,0.5,0.526
2002-12-27 00:00:00,20.02,0.65,24.78,0.5,0.429
2002-12-27 01:00:00,26.99,0.65,21.71,1.042,0.321
2002-12-27 02:00:00,26.34,0.65,17.93,1.868,0.389
2002-12-27 03:00:00,7.906,0.65,15.78,2.174,0.286
2002-12-27 04:00:00,20.03,0.65,16.72,2.661,0.283
2002-12-27 05:00:00,16.6,0.65,23.23,0.5,0.414
2002-12-27 06:00:00,27.48,0.65,28.29,0.5,0.674
2002-12-27 07:00:00,39.11,0.65,35.86,0.5,0.995
2002-12-27 08:00:00,45.39,0.65,38.75,0.5,1.154
2002-12-27 09:00:00,63.43,0.65,36.52,0.5,1.046
2002-12-27 10:00:00,53.67,0.65,37.55,0.5,0.865
2002-12-27 11:00:00,30.3,0.65,41.45,0.5,0.674
2002-12-27 12:00:00,47.26,0.65,43.52,0.5,0.509
2002-12-27 13:00:00,37.47,0.65,45.53,1.498,0.43
2002-12-27 14:00:00,36.03,0.65,54.75,1.658,0.554
2002-12-27 15:00:00,47.62,0.65,71.39,3.118,0.65
2002-12-27 16:00:00,39.68,0.65,77.04,6.177,0.652
2002-12-27 17:00:00,36.04,0.65,74.14,12.91,0.63
2002-12-27 18:00:00,33.38,0.65,83.39,4.192,0.781
2002-12-27 19:00:00,52.83,0.65,61.3,0.5,0.813
2002-12-27 20:00:00,70.65,0.65,42.44,1.238,0.735
2002-12-27 21:00:00,83.56,0.65,35.68,1.433,0.641
2002-12-27 22:00:00,73.77,0.65,33.01,1.282,0.587
2002-12-27 23:00:00,56.2,0.65,32.8,0.5,0.568
2002-12-28 00:00:00,40.53,0.65,29.9,0.5,0.524
2002-12-28 01:00:00,43.89,0.65,28.03,0.5,0.578
2002-12-28 02:00:00,49.26,0.65,26.25,0.5,0.532
2002-12-28 03:00:00,43.77,0.65,23.18,0.5,0.443
2002-12-28 04:00:00,42.58,0.65,21.79,0.5,0.502
2002-12-28 05:00:00,36.88,0.65,20.47,0.5,0.574
2002-12-28 06:00:00,33.97,0.65,21.47,0.5,0.814
2002-12-28 07:00:00,62.02,0.65,21.39,0.5,1.081
2002-12-28 08:00:00,71.8,0.65,26.92,0.5,0.941
2002-12-28 09:00:00,52.54,0.65,32.14,0.5,0.686
2002-12-28 10:00:00,53.12,0.65,38.36,0.5,0.51
2002-12-28 11:00:00,30.78,0.65,39.31,1.592,0.396
2002-12-28 12:00:00,12.49,0.65,36.64,2.892,0.392
2002-12-28 13:00:00,23.86,0.65,37.36,4.212,0.313
2002-12-28 14:00:00,17.31,0.65,37.44,5.635,0.309
2002-12-28 15:00:00,26.61,0.65,33.6,6.85,0.271
2002-12-28 16:00:00,34.39,0.65,32.73,5.156,0.302
2002-12-28 17:00:00,26.01,0.65,38.88,3.632,0.318
2002-12-28 18:00:00,7.783,0.65,39.82,3.603,0.357
2002-12-28 19:00:00,28.35,0.65,47.08,1.861,0.442
2002-12-28 20:00:00,51.09,0.65,43.72,3.422,0.488
2002-12-28 21:00:00,58.08,0.65,33.01,2.504,0.484
2002-12-28 22:00:00,54.28,0.65,30.89,2.163,0.488
2002-12-28 23:00:00,46.12,0.65,32.46,1.463,0.565
2002-12-29 00:00:00,51.92,0.65,34.7,0.5,0.621
2002-12-29 01:00:00,43.59,0.65,33.7,0.5,0.666
2002-12-29 02:00:00,46.28,0.65,30.76,0.5,0.657
2002-12-29 03:00:00,60.79,0.65,26.99,0.5,0.66
2002-12-29 04:00:00,79.53,0.65,24.04,0.5,0.638
2002-12-29 05:00:00,79.2,0.65,21.38,0.5,0.751
2002-12-29 06:00:00,43.14,0.65,20.79,0.5,0.78
2002-12-29 07:00:00,65.54,0.65,20.49,0.5,0.845
2002-12-29 08:00:00,74.65,0.65,21.89,0.5,0.803
2002-12-29 09:00:00,62.02,0.65,24.83,1.209,0.596
2002-12-29 10:00:00,54.42,0.65,26.92,2.797,0.465
2002-12-29 11:00:00,43.12,0.65,22.78,5.69,0.383
2002-12-29 12:00:00,35.4,0.65,21.85,7.215,0.313
2002-12-29 13:00:00,39.87,0.65,23.54,9.502,0.314
2002-12-29 14:00:00,27.65,0.65,21.92,13.37,0.287
2002-12-29 15:00:00,19.75,0.65,24.52,16.13,0.288
2002-12-29 16:00:00,45.0,0.65,23.31,18.78,0.277
2002-12-29 17:00:00,42.12,0.65,23.7,11.38,0.276
2002-12-29 18:00:00,11.7,0.65,26.95,4.7,0.32
2002-12-29 19:00:00,18.28,0.65,29.6,3.781,0.4
2002-12-29 20:00:00,13.37,0.65,28.04,4.614,0.382
2002-12-29 21:00:00,52.2,0.65,31.54,3.562,0.446
2002-12-29 22:00:00,80.56,0.65,28.56,4.249,0.484
2002-12-29 23:00:00,56.05,0.65,27.33,3.599,0.569
2002-12-30 00:00:00,60.58,0.65,30.01,4.513,0.511
2002-12-30 01:00:00,41.45,0.65,21.3,5.876,0.427
2002-12-30 02:00:00,36.02,0.65,17.69,4.528,0.357
2002-12-30 03:00:00,75.88,0.65,17.01,2.657,0.418
2002-12-30 04:00:00,70.15,0.65,14.05,4.776,0.366
2002-12-30 05:00:00,65.2,0.65,13.55,4.718,0.289
2002-12-30 06:00:00,42.78,0.65,23.58,2.232,0.346
2002-12-30 07:00:00,63.32,0.65,39.43,0.5,0.761
2002-12-30 08:00:00,69.41,0.65,37.76,0.5,0.819
2002-12-30 09:00:00,74.79,0.65,37.3,0.5,0.879
2002-12-30 11:00:00,72.28,0.65,38.41,0.5,0.904
2002-12-30 12:00:00,85.38,0.65,42.16,0.5,0.957
2002-12-30 13:00:00,74.21,0.65,51.69,1.857,0.686
2002-12-30 14:00:00,50.87,0.65,56.0,10.24,0.643
2002-12-30 15:00:00,39.22,0.65,54.48,5.359,0.757
2002-12-30 16:00:00,49.73,0.65,51.02,3.675,0.77
2002-12-30 17:00:00,57.73,0.65,56.29,1.475,0.771
2002-12-30 18:00:00,71.98,0.65,45.75,0.5,0.804
2002-12-30 19:00:00,51.14,0.65,39.86,0.5,0.619
2002-12-30 20:00:00,61.38,0.65,35.8,0.5,0.6
2002-12-30 21:00:00,58.36,0.65,33.22,0.5,0.561
2002-12-30 22:00:00,33.74,0.65,29.56,0.5,0.58
2002-12-30 23:00:00,27.98,0.65,29.68,0.5,0.602
2002-12-31 00:00:00,35.95,0.65,26.35,1.149,0.453
2002-12-31 01:00:00,21.45,0.65,18.59,1.841,0.391
2002-12-31 02:00:00,41.93,0.65,12.56,2.564,0.299
2002-12-31 03:00:00,43.48,0.65,9.56,3.146,0.212
2002-12-31 04:00:00,32.76,0.65,,3.345,0.182
2002-12-31 05:00:00,35.66,0.65,,2.35,0.189
2002-12-31 06:00:00,19.25,0.65,16.28,0.5,0.259
2002-12-31 07:00:00,42.2,0.65,21.64,1.655,0.348
2002-12-31 08:00:00,43.63,0.65,23.4,0.5,0.436
2002-12-31 09:00:00,40.28,0.65,,0.5,0.495
2002-12-31 10:00:00,36.53,0.65,,0.5,0.469
2002-12-31 11:00:00,31.1,0.65,26.49,1.15,0.364
2002-12-31 12:00:00,11.23,0.65,27.3,2.057,0.333
2002-12-31 13:00:00,18.8,0.65,26.23,2.436,0.305
2002-12-31 14:00:00,33.17,0.65,26.38,1.788,0.317
2002-12-31 15:00:00,22.96,0.65,26.0,1.411,0.298
2002-12-31 16:00:00,22.57,0.65,26.25,0.5,0.388
2002-12-31 17:00:00,30.44,0.65,26.92,0.5,0.408
2002-12-31 18:00:00,11.67,0.65,26.45,0.5,0.412
2002-12-31 19:00:00,20.51,0.65,25.0,0.5,0.422
2002-12-31 20:00:00,42.92,0.65,21.28,0.5,0.379
2002-12-31 21:00:00,50.24,0.65,19.05,0.5,0.428
2002-12-31 22:00:00,42.12,0.65,18.69,0.5,0.48
2002-12-31 23:00:00,51.88,0.65,18.42,0.5,0.58
