data,pm10,so2,no2,o3,co
2006-01-01 00:00:00,15.02,,,14.96,
2006-01-01 01:00:00,33.56,,,7.956,
2006-01-01 02:00:00,24.2,,,7.617,
2006-01-01 03:00:00,15.82,,,4.024,
2006-01-01 04:00:00,28.9,,,5.213,
2006-01-01 05:00:00,47.97,,,1.907,
2006-01-01 06:00:00,21.9,,,1.903,
2006-01-01 07:00:00,3.564,,,4.4,
2006-01-01 08:00:00,19.25,,,9.908,
2006-01-01 09:00:00,30.67,,,23.51,
2006-01-01 10:00:00,11.81,,,33.52,
2006-01-01 11:00:00,8.192,,,47.04,
2006-01-01 12:00:00,,,,70.78,
2006-01-01 13:00:00,0.601,,,62.25,
2006-01-01 14:00:00,2.724,,,49.2,
2006-01-01 15:00:00,,,,48.19,
2006-01-01 16:00:00,,,,50.73,
2006-01-01 17:00:00,3.772,,,51.94,
2006-01-01 18:00:00,17.09,,,52.85,
2006-01-01 19:00:00,,,,51.45,
2006-01-01 20:00:00,2.037,,,44.3,
2006-01-01 21:00:00,14.15,,,38.38,
2006-01-01 22:00:00,25.39,,,32.93,
2006-01-01 23:00:00,16.09,,,36.97,
2006-01-02 00:00:00,8.119,,,35.24,
2006-01-02 01:00:00,30.38,,,37.78,
2006-01-02 02:00:00,,,,40.33,
2006-01-02 03:00:00,,,,36.02,
2006-01-02 04:00:00,,,,33.03,
2006-01-02 05:00:00,1.136,,,27.96,
2006-01-02 06:00:00,6.641,,,22.13,
2006-01-02 07:00:00,6.747,,,19.68,
2006-01-02 08:00:00,4.502,,,23.1,
2006-01-02 09:00:00,22.5,,,19.61,
2006-01-02 10:00:00,13.8,,,22.04,
2006-01-02 11:00:00,24.67,,,19.2,
2006-01-02 12:00:00,5.811,,,23.95,
2006-01-02 13:00:00,,,,30.2,
2006-01-02 14:00:00,,,,32.38,
2006-01-02 15:00:00,,,,28.83,
2006-01-02 16:00:00,,,,36.69,
2006-01-02 17:00:00,,,,35.9,
2006-01-02 18:00:00,,,,37.94,
2006-01-02 19:00:00,,,,34.27,
2006-01-02 20:00:00,,,,27.73,
2006-01-02 21:00:00,,,,15.05,
2006-01-02 22:00:00,,,,18.65,
2006-01-02 23:00:00,0.46,,,18.31,
2006-01-03 00:00:00,5.51,,,16.4,
2006-01-03 01:00:00,18.75,,,15.34,
2006-01-03 02:00:00,15.78,,,19.85,
2006-01-03 03:00:00,10.88,,,21.22,
2006-01-03 04:00:00,32.01,,,11.56,
2006-01-03 05:00:00,3.212,,,7.45,
2006-01-03 06:00:00,14.77,,,4.9,
2006-01-03 07:00:00,,,,3.708,
2006-01-03 08:00:00,,,,11.78,
2006-01-03 09:00:00,0.813,,,16.25,
2006-01-03 10:00:00,3.739,,,20.3,
2006-01-03 11:00:00,,,,21.15,
2006-01-03 12:00:00,,,,29.19,
2006-01-03 13:00:00,,,,29.72,
2006-01-03 14:00:00,,,,33.54,
2006-01-03 15:00:00,,,,33.02,
2006-01-03 16:00:00,,,,35.99,
2006-01-03 17:00:00,,,,30.46,
2006-01-03 18:00:00,,,,27.89,
2006-01-03 19:00:00,,,,22.45,
2006-01-03 20:00:00,0.338,,,20.37,
2006-01-03 21:00:00,3.844,,,18.61,
2006-01-03 22:00:00,14.45,,,21.46,
2006-01-03 23:00:00,22.8,,,16.72,
2006-01-04 00:00:00,19.91,,,15.04,
2006-01-04 01:00:00,,,,16.03,
2006-01-04 02:00:00,,,,15.14,
2006-01-04 03:00:00,2.14,,,13.38,
2006-01-04 04:00:00,10.96,,,12.55,
2006-01-04 05:00:00,4.595,,,7.468,
2006-01-04 06:00:00,,,,0.5,
2006-01-04 07:00:00,,,,1.188,
2006-01-04 08:00:00,,,,2.455,
2006-01-04 09:00:00,3.696,,,8.01,
2006-01-04 10:00:00,17.42,,,14.19,
2006-01-04 11:00:00,0.79,,,20.32,
2006-01-04 12:00:00,3.684,,,31.98,
2006-01-04 13:00:00,2.975,,,34.63,
2006-01-04 14:00:00,14.02,,,41.55,
2006-01-04 15:00:00,,,,29.89,
2006-01-04 16:00:00,3.605,,,37.92,
2006-01-04 17:00:00,21.74,,,40.26,
2006-01-04 18:00:00,21.63,,,36.82,
2006-01-04 19:00:00,1.212,,,29.69,
2006-01-04 20:00:00,9.637,,,23.65,
2006-01-04 21:00:00,22.33,,,23.55,
2006-01-04 22:00:00,18.89,,,26.65,
2006-01-04 23:00:00,14.12,,,29.92,
2006-01-05 00:00:00,7.375,,,29.72,
2006-01-05 01:00:00,8.934,,,33.25,
2006-01-05 02:00:00,2.487,,,35.61,
2006-01-05 03:00:00,0.471,,,34.17,
2006-01-05 04:00:00,2.155,,,33.08,
2006-01-05 05:00:00,,,,33.85,
2006-01-05 06:00:00,,,,29.18,
2006-01-05 07:00:00,,,,18.18,
2006-01-05 08:00:00,,,,16.15,
2006-01-05 09:00:00,,,,25.24,
2006-01-05 10:00:00,,,,32.86,
2006-01-05 11:00:00,,,,35.86,
2006-01-05 12:00:00,,,,37.33,
2006-01-05 13:00:00,,,,35.34,
2006-01-05 14:00:00,6.668,,,33.71,
2006-01-05 15:00:00,30.79,,,37.98,
2006-01-05 16:00:00,3.393,,,36.82,
2006-01-05 17:00:00,15.6,,,38.36,
2006-01-05 18:00:00,,,,35.88,
2006-01-05 19:00:00,2.485,,,28.83,
2006-01-05 20:00:00,11.38,,,23.47,
2006-01-05 21:00:00,1.279,,,23.39,
2006-01-05 22:00:00,9.913,,,21.78,
2006-01-05 23:00:00,18.42,,,16.67,
2006-01-06 00:00:00,0.757,,,13.47,
2006-01-06 01:00:00,0.759,,,14.97,
2006-01-06 02:00:00,1.875,,,17.44,
2006-01-06 03:00:00,3.048,,,17.68,
2006-01-06 04:00:00,12.88,,,16.36,
2006-01-06 05:00:00,12.05,,,10.24,
2006-01-06 06:00:00,15.77,,,1.765,
2006-01-06 07:00:00,,,,2.412,
2006-01-06 08:00:00,3.178,,,4.879,
2006-01-06 09:00:00,16.09,,,14.06,
2006-01-06 10:00:00,7.944,,,22.24,
2006-01-06 11:00:00,16.23,,,31.47,
2006-01-06 12:00:00,21.42,,,38.94,
2006-01-06 13:00:00,19.33,,,35.85,
2006-01-06 14:00:00,25.6,,,36.39,
2006-01-06 15:00:00,2.893,,,36.85,
2006-01-06 16:00:00,,,,,
2006-01-06 17:00:00,,,,38.81,
2006-01-06 18:00:00,,,,37.09,
2006-01-06 19:00:00,,,,28.94,
2006-01-06 20:00:00,8.296,,,20.36,
2006-01-06 21:00:00,12.41,,,17.38,
2006-01-06 22:00:00,22.12,,,16.03,
2006-01-06 23:00:00,31.75,,,21.9,
2006-01-07 00:00:00,26.6,,,21.05,
2006-01-07 01:00:00,37.08,,,17.93,
2006-01-07 02:00:00,22.23,,,14.08,
2006-01-07 03:00:00,15.2,,,10.82,
2006-01-07 04:00:00,2.342,,,11.71,
2006-01-07 05:00:00,8.575,,,8.097,
2006-01-07 06:00:00,10.52,,,2.524,
2006-01-07 07:00:00,4.015,,,2.262,
2006-01-07 08:00:00,22.15,,,2.973,
2006-01-07 09:00:00,37.05,,,6.678,
2006-01-07 10:00:00,37.68,,,13.71,
2006-01-07 11:00:00,8.302,,,27.92,
2006-01-07 12:00:00,0.461,,,46.5,
2006-01-07 13:00:00,0.003,,,77.29,
2006-01-07 14:00:00,,,,97.5,
2006-01-07 15:00:00,,,,86.27,
2006-01-07 16:00:00,,,,60.15,
2006-01-07 17:00:00,,,,53.77,
2006-01-07 18:00:00,,,,52.92,
2006-01-07 19:00:00,3.84,,,46.49,
2006-01-07 20:00:00,20.07,,,38.43,
2006-01-07 21:00:00,36.81,,,36.85,
2006-01-07 22:00:00,15.29,,,35.32,
2006-01-07 23:00:00,41.05,,,26.02,
2006-01-08 00:00:00,21.96,,,22.89,
2006-01-08 01:00:00,2.718,,,21.09,
2006-01-08 02:00:00,31.82,,,12.74,
2006-01-08 03:00:00,10.92,,,14.54,
2006-01-08 04:00:00,12.83,,,21.28,
2006-01-08 05:00:00,2.216,,,20.8,
2006-01-08 06:00:00,6.823,,,14.89,
2006-01-08 07:00:00,1.279,,,9.965,
2006-01-08 08:00:00,1.313,,,14.28,
2006-01-08 09:00:00,0.262,,,27.26,
2006-01-08 10:00:00,0.003,,,34.41,
2006-01-08 11:00:00,,,,32.1,
2006-01-08 12:00:00,3.468,,,44.5,
2006-01-08 13:00:00,24.33,,,46.35,
2006-01-08 14:00:00,4.371,,,50.49,
2006-01-08 15:00:00,19.72,,,61.54,
2006-01-08 16:00:00,33.86,,,61.77,
2006-01-08 17:00:00,5.614,,,53.97,
2006-01-08 18:00:00,34.64,,,42.16,
2006-01-08 19:00:00,35.09,,,32.89,
2006-01-08 20:00:00,36.46,,,35.53,
2006-01-08 21:00:00,38.97,,,27.59,
2006-01-08 22:00:00,40.35,,,29.8,
2006-01-08 23:00:00,30.47,,,31.03,
2006-01-09 00:00:00,11.24,,,28.76,
2006-01-09 01:00:00,30.81,,,24.06,
2006-01-09 02:00:00,6.696,,,23.49,
2006-01-09 03:00:00,24.91,,,27.84,
2006-01-09 04:00:00,27.98,,,21.55,
2006-01-09 05:00:00,19.17,,,13.75,
2006-01-09 06:00:00,13.16,,,7.087,
2006-01-09 07:00:00,24.42,,,3.686,
2006-01-09 08:00:00,23.07,,,11.18,
2006-01-09 09:00:00,20.57,,,19.87,
2006-01-09 10:00:00,24.67,,,24.59,
2006-01-09 11:00:00,61.27,,,31.16,
2006-01-09 12:00:00,10.56,,,33.24,
2006-01-09 13:00:00,15.89,,,32.9,
2006-01-09 14:00:00,9.952,,,42.54,
2006-01-09 15:00:00,18.86,,,38.94,
2006-01-09 16:00:00,50.75,,,39.79,
2006-01-09 17:00:00,34.71,,,38.45,
2006-01-09 18:00:00,4.812,,,30.24,
2006-01-09 19:00:00,,,,31.89,
2006-01-09 20:00:00,,,,26.17,
2006-01-09 21:00:00,13.6,,,23.58,
2006-01-09 22:00:00,56.56,,,30.7,
2006-01-09 23:00:00,40.5,,,19.89,
2006-01-10 00:00:00,16.14,,,19.77,
2006-01-10 01:00:00,7.048,,,18.87,
2006-01-10 02:00:00,20.4,,,17.39,
2006-01-10 03:00:00,9.716,,,12.44,
2006-01-10 04:00:00,1.155,,,8.068,
2006-01-10 05:00:00,,,,14.74,
2006-01-10 06:00:00,,,,4.581,
2006-01-10 07:00:00,,,,2.137,
2006-01-10 08:00:00,5.739,,,5.175,
2006-01-10 09:00:00,22.61,,,12.91,
2006-01-10 10:00:00,22.53,,,21.16,
2006-01-10 11:00:00,3.447,,,21.42,
2006-01-10 12:00:00,,,,34.91,
2006-01-10 13:00:00,,,,37.12,
2006-01-10 14:00:00,2.769,,,38.05,
2006-01-10 15:00:00,31.74,,,37.75,
2006-01-10 16:00:00,15.34,,,34.28,
2006-01-10 17:00:00,1.792,,,30.66,
2006-01-10 18:00:00,,,,51.71,
2006-01-10 19:00:00,14.58,,,50.4,
2006-01-10 20:00:00,28.96,,,43.74,
2006-01-10 21:00:00,52.72,,,48.56,
2006-01-10 22:00:00,23.78,,,37.14,
2006-01-10 23:00:00,17.7,,,35.19,
2006-01-11 00:00:00,11.56,,,49.49,
2006-01-11 01:00:00,1.658,,,37.95,
2006-01-11 02:00:00,6.397,,,22.96,
2006-01-11 03:00:00,1.224,,,19.83,
2006-01-11 04:00:00,29.31,,,35.5,
2006-01-11 05:00:00,5.581,,,36.67,
2006-01-11 06:00:00,,,,30.14,
2006-01-11 07:00:00,12.9,,,22.99,
2006-01-11 08:00:00,18.52,,,18.76,
2006-01-11 09:00:00,19.98,,,5.935,
2006-01-11 10:00:00,41.93,,,10.55,
2006-01-11 11:00:00,16.95,,,23.16,
2006-01-11 12:00:00,41.71,,,42.4,
2006-01-11 13:00:00,7.612,,,52.34,
2006-01-11 14:00:00,0.003,,,53.58,
2006-01-11 15:00:00,,,,61.36,
2006-01-11 16:00:00,4.798,,,82.0,
2006-01-11 17:00:00,5.359,,,50.39,
2006-01-11 18:00:00,32.9,,,39.15,
2006-01-11 19:00:00,21.59,,,50.63,
2006-01-11 20:00:00,2.961,,,39.13,
2006-01-11 21:00:00,24.56,,,31.3,
2006-01-11 22:00:00,4.693,,,24.27,
2006-01-11 23:00:00,0.003,,,19.45,
2006-01-12 00:00:00,1.409,,,15.51,
2006-01-12 01:00:00,18.58,,,12.15,
2006-01-12 02:00:00,12.27,,,12.99,
2006-01-12 03:00:00,12.72,,,14.39,
2006-01-12 04:00:00,11.66,,,16.42,
2006-01-12 05:00:00,1.832,,,15.09,
2006-01-12 06:00:00,,,,6.578,
2006-01-12 07:00:00,4.682,,,2.398,
2006-01-12 08:00:00,0.901,,,4.864,
2006-01-12 09:00:00,,,,10.84,
2006-01-12 10:00:00,12.27,,,14.24,
2006-01-12 11:00:00,2.384,,,19.9,
2006-01-12 12:00:00,,,,30.17,
2006-01-12 13:00:00,,,,30.8,
2006-01-12 14:00:00,,,,37.42,
2006-01-12 15:00:00,,,,40.59,
2006-01-12 16:00:00,25.48,,,43.65,
2006-01-12 17:00:00,4.645,,,47.89,
2006-01-12 18:00:00,2.563,,,45.43,
2006-01-12 19:00:00,15.71,,,46.14,
2006-01-12 20:00:00,53.09,,,29.59,
2006-01-12 21:00:00,17.0,,,25.66,
2006-01-12 22:00:00,46.33,,,20.39,
2006-01-12 23:00:00,40.85,,,13.33,
2006-01-13 00:00:00,28.83,,,24.28,
2006-01-13 01:00:00,38.33,,,37.98,
2006-01-13 02:00:00,6.348,,,36.27,
2006-01-13 03:00:00,,,,31.28,
2006-01-13 04:00:00,17.15,,,36.02,
2006-01-13 05:00:00,3.216,,,40.17,
2006-01-13 06:00:00,6.938,,,26.72,
2006-01-13 07:00:00,2.31,,,11.71,
2006-01-13 08:00:00,11.96,,,8.627,
2006-01-13 09:00:00,29.86,,,18.76,
2006-01-13 10:00:00,5.156,,,13.24,
2006-01-13 11:00:00,23.25,,,19.06,
2006-01-13 12:00:00,9.543,,,30.08,
2006-01-13 13:00:00,26.62,,,31.19,
2006-01-13 14:00:00,25.12,,,42.2,
2006-01-13 15:00:00,51.34,,,48.5,
2006-01-13 16:00:00,8.775,,,54.13,
2006-01-13 17:00:00,,,,56.05,
2006-01-13 18:00:00,4.217,,,54.08,
2006-01-13 19:00:00,0.786,,,60.21,
2006-01-13 20:00:00,16.59,,,51.15,
2006-01-13 21:00:00,3.111,,,43.14,
2006-01-13 22:00:00,6.759,,,41.3,
2006-01-13 23:00:00,9.918,,,28.87,
2006-01-14 00:00:00,7.906,,,23.3,
2006-01-14 01:00:00,17.18,,,19.52,
2006-01-14 02:00:00,33.39,,,30.26,
2006-01-14 03:00:00,5.664,,,27.38,
2006-01-14 04:00:00,29.32,,,27.91,
2006-01-14 05:00:00,6.404,,,21.41,
2006-01-14 06:00:00,8.745,,,20.12,
2006-01-14 07:00:00,12.95,,,15.04,
2006-01-14 08:00:00,32.11,,,29.48,
2006-01-14 09:00:00,21.01,,,37.54,
2006-01-14 10:00:00,51.0,,,31.25,
2006-01-14 11:00:00,9.067,,,33.85,
2006-01-14 12:00:00,0.003,,,52.11,
2006-01-14 13:00:00,29.47,,,58.88,
2006-01-14 14:00:00,5.601,,,55.83,
2006-01-14 15:00:00,,,,69.31,
2006-01-14 16:00:00,3.92,,,61.07,
2006-01-14 17:00:00,0.743,,,60.08,
2006-01-14 18:00:00,,,,52.55,
2006-01-14 19:00:00,,,,53.39,
2006-01-14 20:00:00,26.09,,,53.3,
2006-01-14 21:00:00,4.986,,,45.19,
2006-01-14 22:00:00,2.731,,,35.52,
2006-01-14 23:00:00,29.47,,,30.13,
2006-01-15 00:00:00,34.71,,,14.03,
2006-01-15 01:00:00,5.554,,,30.03,
2006-01-15 02:00:00,,,,35.51,
2006-01-15 03:00:00,,,,26.51,
2006-01-15 04:00:00,,,,34.36,
2006-01-15 05:00:00,8.557,,,27.18,
2006-01-15 06:00:00,12.32,,,11.09,
2006-01-15 07:00:00,40.07,,,11.82,
2006-01-15 08:00:00,10.63,,,18.4,
2006-01-15 09:00:00,8.83,,,28.94,
2006-01-15 10:00:00,8.844,,,30.05,
2006-01-15 11:00:00,1.373,,,42.48,
2006-01-15 12:00:00,22.33,,,49.89,
2006-01-15 13:00:00,4.295,,,68.17,
2006-01-15 14:00:00,14.36,,,63.79,
2006-01-15 15:00:00,11.91,,,60.8,
2006-01-15 16:00:00,10.28,,,62.77,
2006-01-15 17:00:00,1.635,,,53.19,
2006-01-15 18:00:00,,,,40.3,
2006-01-15 19:00:00,0.479,,,19.73,
2006-01-15 20:00:00,23.44,,,34.02,
2006-01-15 21:00:00,30.1,,,34.18,
2006-01-15 22:00:00,16.75,,,27.24,
2006-01-15 23:00:00,3.605,,,15.58,
2006-01-16 00:00:00,41.3,,,21.11,
2006-01-16 01:00:00,19.83,,,5.33,
2006-01-16 02:00:00,42.88,,,9.5,
2006-01-16 03:00:00,27.93,,,12.98,
2006-01-16 04:00:00,40.57,,,16.47,
2006-01-16 05:00:00,14.0,,,14.14,
2006-01-16 06:00:00,20.11,,,11.12,
2006-01-16 07:00:00,3.575,,,2.564,
2006-01-16 08:00:00,5.997,,,2.931,
2006-01-16 09:00:00,12.02,,,13.1,
2006-01-16 10:00:00,30.11,,,38.47,
2006-01-16 11:00:00,36.9,,,37.15,
2006-01-16 12:00:00,14.02,,,48.02,
2006-01-16 13:00:00,13.58,,,51.16,
2006-01-16 14:00:00,4.615,,,51.93,
2006-01-16 15:00:00,22.38,,,35.54,
2006-01-16 16:00:00,49.76,,,49.51,
2006-01-16 17:00:00,8.838,,,52.74,
2006-01-16 18:00:00,24.96,,,47.58,
2006-01-16 19:00:00,17.76,,,39.66,
2006-01-16 20:00:00,26.11,,,26.16,
2006-01-16 21:00:00,4.584,,,33.86,
2006-01-16 22:00:00,9.714,,,34.41,
2006-01-16 23:00:00,10.07,,,41.64,
2006-01-17 00:00:00,1.601,,,45.5,
2006-01-17 01:00:00,,,,49.52,
2006-01-17 02:00:00,,,,44.6,
2006-01-17 03:00:00,,,,43.56,
2006-01-17 04:00:00,,,,38.72,
2006-01-17 05:00:00,,,,31.86,
2006-01-17 06:00:00,,,,28.65,
2006-01-17 07:00:00,,,,11.75,
2006-01-17 08:00:00,,,,8.312,
2006-01-17 09:00:00,,,,10.57,
2006-01-17 10:00:00,0.663,,,13.91,
2006-01-17 11:00:00,3.611,,,13.6,
2006-01-17 12:00:00,0.683,,,15.08,
2006-01-17 13:00:00,,,,12.42,
2006-01-17 14:00:00,9.924,,,10.39,
2006-01-17 15:00:00,1.959,,,9.423,
2006-01-17 16:00:00,15.25,,,9.974,
2006-01-17 17:00:00,2.964,,,8.401,
2006-01-17 18:00:00,9.338,,,7.317,
2006-01-17 19:00:00,1.843,,,3.504,
2006-01-17 20:00:00,,,,1.676,
2006-01-17 21:00:00,15.89,,,3.982,
2006-01-17 22:00:00,3.104,,,0.5,
2006-01-17 23:00:00,3.342,,,0.5,
2006-01-18 00:00:00,8.181,,,0.5,
2006-01-18 01:00:00,1.475,,,3.404,
2006-01-18 02:00:00,6.925,,,5.625,
2006-01-18 03:00:00,1.373,,,9.833,
2006-01-18 04:00:00,10.86,,,16.04,
2006-01-18 05:00:00,2.84,,,13.22,
2006-01-18 06:00:00,7.508,,,5.781,
2006-01-18 07:00:00,7.429,,,1.333,
2006-01-18 08:00:00,21.4,,,1.949,
2006-01-18 09:00:00,4.966,,,6.264,
2006-01-18 10:00:00,0.215,,,10.15,
2006-01-18 11:00:00,16.57,,,12.74,
2006-01-18 12:00:00,29.33,,,11.27,
2006-01-18 13:00:00,21.09,,,13.12,
2006-01-18 14:00:00,3.048,,,12.23,
2006-01-18 15:00:00,12.29,,,11.38,
2006-01-18 16:00:00,2.288,,,13.92,
2006-01-18 17:00:00,,,,10.35,
2006-01-18 18:00:00,,,,10.32,
2006-01-18 19:00:00,8.928,,,3.199,
2006-01-18 20:00:00,15.48,,,1.425,
2006-01-18 21:00:00,3.512,,,4.917,
2006-01-18 22:00:00,13.18,,,6.715,
2006-01-18 23:00:00,7.869,,,14.79,
2006-01-19 00:00:00,17.18,,,16.04,
2006-01-19 01:00:00,3.062,,,21.35,
2006-01-19 02:00:00,,,,21.83,
2006-01-19 03:00:00,2.984,,,18.75,
2006-01-19 04:00:00,0.556,,,19.46,
2006-01-19 05:00:00,,,,19.18,
2006-01-19 06:00:00,,,,13.15,
2006-01-19 07:00:00,0.135,,,6.246,
2006-01-19 08:00:00,9.046,,,2.806,
2006-01-19 09:00:00,13.78,,,2.832,
2006-01-19 10:00:00,25.11,,,2.154,
2006-01-19 11:00:00,37.19,,,1.024,
2006-01-19 12:00:00,6.845,,,2.409,
2006-01-19 13:00:00,0.149,,,2.835,
2006-01-19 14:00:00,,,,5.581,
2006-01-19 15:00:00,19.01,,,9.9,
2006-01-19 16:00:00,3.55,,,13.27,
2006-01-19 17:00:00,2.351,,,17.97,
2006-01-19 18:00:00,11.92,,,16.04,
2006-01-19 19:00:00,11.35,,,18.77,
2006-01-19 20:00:00,7.633,,,29.22,
2006-01-19 21:00:00,1.103,,,21.54,
2006-01-19 22:00:00,,,,16.34,
2006-01-19 23:00:00,,,,10.64,
2006-01-20 00:00:00,,,,0.5,
2006-01-20 01:00:00,,,,6.125,
2006-01-20 02:00:00,3.91,,,0.5,
2006-01-20 03:00:00,4.486,,,0.5,
2006-01-20 04:00:00,13.46,,,0.5,
2006-01-20 05:00:00,2.376,,,0.5,
2006-01-20 06:00:00,0.456,,,0.5,
2006-01-20 07:00:00,20.81,,,0.5,
2006-01-20 08:00:00,78.83,,,1.138,
2006-01-20 09:00:00,32.47,,,2.706,
2006-01-20 10:00:00,6.478,,,5.589,
2006-01-20 11:00:00,16.85,,,25.19,
2006-01-20 12:00:00,3.054,,,36.26,
2006-01-20 13:00:00,5.851,,,25.52,
2006-01-20 14:00:00,32.97,,,27.88,
2006-01-20 15:00:00,5.875,,,30.0,
2006-01-20 16:00:00,,,,28.94,
2006-01-20 17:00:00,,,,34.83,
2006-01-20 18:00:00,,,,43.78,
2006-01-20 19:00:00,,,,56.44,
2006-01-20 20:00:00,,,,40.7,
2006-01-20 21:00:00,17.03,,,34.25,
2006-01-20 22:00:00,3.17,,,29.43,
2006-01-20 23:00:00,10.91,,,24.42,
2006-01-21 00:00:00,9.545,,,18.32,
2006-01-21 01:00:00,1.398,,,12.99,
2006-01-21 02:00:00,19.03,,,2.509,
2006-01-21 03:00:00,8.773,,,7.458,
2006-01-21 04:00:00,9.643,,,6.121,
2006-01-21 05:00:00,1.631,,,1.176,
2006-01-21 06:00:00,,,,0.5,
2006-01-21 07:00:00,19.37,,,4.113,
2006-01-21 08:00:00,18.58,,,5.151,
2006-01-21 09:00:00,20.66,,,6.835,
2006-01-21 10:00:00,5.015,,,20.21,
2006-01-21 11:00:00,17.64,,,39.19,
2006-01-21 12:00:00,13.03,,,83.56,
2006-01-21 13:00:00,20.49,,,61.3,
2006-01-21 14:00:00,24.54,,,59.38,
2006-01-21 15:00:00,34.67,,,49.68,
2006-01-21 16:00:00,36.7,,,31.74,
2006-01-21 17:00:00,5.817,,,26.67,
2006-01-21 18:00:00,7.689,,,21.26,
2006-01-21 19:00:00,10.82,,,23.83,
2006-01-21 20:00:00,1.781,,,22.14,
2006-01-21 21:00:00,0.278,,,16.85,
2006-01-21 22:00:00,18.51,,,5.115,
2006-01-21 23:00:00,3.533,,,6.731,
2006-01-22 00:00:00,4.798,,,4.218,
2006-01-22 01:00:00,10.09,,,6.31,
2006-01-22 02:00:00,17.27,,,13.47,
2006-01-22 03:00:00,17.34,,,25.47,
2006-01-22 04:00:00,8.625,,,21.0,
2006-01-22 05:00:00,1.11,,,20.54,
2006-01-22 06:00:00,0.789,,,17.06,
2006-01-22 07:00:00,0.151,,,16.17,
2006-01-22 08:00:00,,,,22.86,
2006-01-22 09:00:00,,,,29.08,
2006-01-22 10:00:00,,,,32.48,
2006-01-22 14:00:00,,,,24.86,
2006-01-22 15:00:00,,,,24.5,
2006-01-22 16:00:00,,,,25.25,
2006-01-22 17:00:00,15.36,,,20.75,
2006-01-22 18:00:00,0.669,,,20.86,
2006-01-22 19:00:00,,,,10.84,
2006-01-22 20:00:00,,,,8.203,
2006-01-22 21:00:00,,,,3.449,
2006-01-22 22:00:00,,,,6.192,
2006-01-22 23:00:00,,,,5.009,
2006-01-23 00:00:00,8.743,,,4.911,
2006-01-23 01:00:00,0.394,,,6.119,
2006-01-23 02:00:00,,,,8.401,
2006-01-23 03:00:00,,,,10.32,
2006-01-23 04:00:00,4.864,,,11.88,
2006-01-23 05:00:00,0.219,,,13.87,
2006-01-23 06:00:00,,,,13.15,
2006-01-23 07:00:00,,,,11.53,
2006-01-23 08:00:00,,,,3.583,
2006-01-23 09:00:00,,,,6.072,
2006-01-23 10:00:00,,,,3.313,
2006-01-23 11:00:00,,,,5.038,
2006-01-23 12:00:00,,,,9.345,
2006-01-23 13:00:00,,,,13.95,
2006-01-23 14:00:00,,,,14.48,
2006-01-23 15:00:00,,,,18.48,
2006-01-23 16:00:00,,,,20.47,
2006-01-23 17:00:00,,,,17.59,
2006-01-23 18:00:00,,,,13.33,
2006-01-23 19:00:00,,,,18.64,
2006-01-23 20:00:00,,,,17.22,
2006-01-23 21:00:00,,,,21.08,
2006-01-23 22:00:00,,,,22.79,
2006-01-23 23:00:00,,,,23.02,
2006-01-24 00:00:00,,,,26.97,
2006-01-24 01:00:00,,,,27.13,
2006-01-24 02:00:00,,,,28.63,
2006-01-24 03:00:00,,,,31.34,
2006-01-24 04:00:00,,,,31.48,
2006-01-24 05:00:00,,,,30.74,
2006-01-24 06:00:00,,,,22.98,
2006-01-24 07:00:00,,,,13.75,
2006-01-24 08:00:00,,,,6.883,
2006-01-24 09:00:00,,,,5.764,
2006-01-24 10:00:00,4.766,,,7.822,
2006-01-24 11:00:00,8.833,,,9.791,
2006-01-24 12:00:00,6.605,,,12.26,
2006-01-24 13:00:00,0.288,,,11.03,
2006-01-24 14:00:00,8.555,,,18.63,
2006-01-24 15:00:00,0.385,,,26.78,
2006-01-24 16:00:00,,,,14.22,
2006-01-24 17:00:00,14.04,,,8.816,
2006-01-24 18:00:00,32.25,,,3.376,
2006-01-24 19:00:00,10.64,,,3.115,
2006-01-24 20:00:00,36.98,,,3.228,
2006-01-24 21:00:00,1.537,,,2.425,
2006-01-24 22:00:00,24.55,,,2.556,
2006-01-24 23:00:00,33.27,,,1.88,
2006-01-25 00:00:00,1.401,,,0.5,
2006-01-25 01:00:00,0.624,,,1.392,
2006-01-25 02:00:00,19.8,,,1.41,
2006-01-25 03:00:00,0.887,,,1.692,
2006-01-25 04:00:00,,,,1.657,
2006-01-25 05:00:00,,,,1.525,
2006-01-25 06:00:00,10.98,,,1.058,
2006-01-25 07:00:00,1.201,,,1.262,
2006-01-25 08:00:00,34.73,,,1.285,
2006-01-25 09:00:00,18.94,,,4.341,
2006-01-25 10:00:00,14.19,,,6.66,
2006-01-25 11:00:00,4.996,,,10.63,
2006-01-25 12:00:00,2.963,,,15.61,
2006-01-25 13:00:00,0.791,,,15.28,
2006-01-25 14:00:00,21.83,,,15.41,
2006-01-25 15:00:00,0.915,,,13.23,
2006-01-25 16:00:00,,,,14.97,
2006-01-25 17:00:00,,,,17.92,
2006-01-25 18:00:00,,,,26.53,
2006-01-25 19:00:00,,,,26.26,
2006-01-25 20:00:00,3.162,,,22.66,
2006-01-25 21:00:00,2.154,,,15.47,
2006-01-25 22:00:00,15.98,,,15.78,
2006-01-25 23:00:00,0.85,,,17.96,
2006-01-26 00:00:00,0.027,,,18.89,
2006-01-26 01:00:00,0.001,,,14.77,
2006-01-26 02:00:00,,,,11.48,
2006-01-26 03:00:00,,,,12.96,
2006-01-26 04:00:00,,,,9.742,
2006-01-26 05:00:00,,,,11.69,
2006-01-26 06:00:00,4.952,,,4.686,
2006-01-26 07:00:00,3.548,,,1.59,
2006-01-26 08:00:00,14.44,,,4.539,
2006-01-26 09:00:00,18.4,,,8.017,
2006-01-26 10:00:00,23.3,,,8.537,
2006-01-26 11:00:00,0.947,,,14.61,
2006-01-26 12:00:00,15.09,,,25.38,
2006-01-26 13:00:00,0.676,,,25.52,
2006-01-26 14:00:00,,,,28.38,
2006-01-26 15:00:00,,,,27.86,
2006-01-26 16:00:00,,,,27.4,
2006-01-26 17:00:00,,,,27.31,
2006-01-26 18:00:00,,,,25.71,
2006-01-26 19:00:00,,,,27.74,
2006-01-26 20:00:00,,,,22.45,
2006-01-26 21:00:00,21.41,,,20.44,
2006-01-26 22:00:00,18.2,,,18.16,
2006-01-26 23:00:00,13.59,,,18.51,
2006-01-27 00:00:00,0.596,,,20.81,
2006-01-27 01:00:00,13.89,,,16.79,
2006-01-27 02:00:00,0.605,,,13.53,
2006-01-27 03:00:00,,,,13.18,
2006-01-27 04:00:00,3.096,,,14.2,
2006-01-27 05:00:00,6.14,,,14.41,
2006-01-27 06:00:00,2.418,,,8.25,
2006-01-27 07:00:00,35.45,,,4.702,
2006-01-27 08:00:00,1.646,,,6.872,
2006-01-27 09:00:00,27.16,,,7.819,
2006-01-27 10:00:00,24.47,,,13.73,
2006-01-27 11:00:00,22.92,,,14.51,
2006-01-27 12:00:00,1.016,,,21.22,
2006-01-27 13:00:00,0.124,,,23.24,
2006-01-27 14:00:00,9.03,,,31.63,
2006-01-27 15:00:00,0.432,,,30.82,
2006-01-27 16:00:00,,,,30.16,
2006-01-27 17:00:00,,,,28.36,
2006-01-27 18:00:00,8.766,,,22.81,
2006-01-27 19:00:00,21.06,,,17.35,
2006-01-27 20:00:00,12.13,,,15.76,
2006-01-27 21:00:00,0.538,,,17.12,
2006-01-27 22:00:00,25.44,,,14.89,
2006-01-27 23:00:00,9.739,,,13.29,
2006-01-28 00:00:00,16.29,,,10.68,
2006-01-28 01:00:00,26.96,,,8.471,
2006-01-28 02:00:00,16.61,,,2.904,
2006-01-28 03:00:00,0.761,,,3.564,
2006-01-28 04:00:00,,,,2.572,
2006-01-28 05:00:00,,,,1.829,
2006-01-28 06:00:00,24.97,,,1.972,
2006-01-28 07:00:00,2.444,,,1.143,
2006-01-28 08:00:00,5.602,,,2.514,
2006-01-28 09:00:00,30.86,,,3.953,
2006-01-28 10:00:00,1.425,,,7.392,
2006-01-28 11:00:00,,,,25.56,
2006-01-28 12:00:00,22.9,,,27.31,
2006-01-28 13:00:00,6.987,,,40.74,
2006-01-28 14:00:00,0.274,,,48.35,
2006-01-28 15:00:00,,,,44.72,
2006-01-28 16:00:00,,,,43.33,
2006-01-28 17:00:00,,,,42.89,
2006-01-28 18:00:00,,,,39.01,
2006-01-28 19:00:00,17.69,,,39.93,
2006-01-28 20:00:00,0.77,,,28.86,
2006-01-28 21:00:00,17.8,,,18.51,
2006-01-28 22:00:00,21.24,,,16.43,
2006-01-28 23:00:00,51.65,,,14.67,
2006-01-29 00:00:00,5.258,,,13.55,
2006-01-29 01:00:00,22.36,,,12.68,
2006-01-29 02:00:00,9.163,,,15.52,
2006-01-29 03:00:00,1.419,,,12.89,
2006-01-29 04:00:00,0.047,,,14.64,
2006-01-29 05:00:00,8.539,,,13.77,
2006-01-29 06:00:00,0.396,,,10.47,
2006-01-29 07:00:00,3.187,,,9.721,
2006-01-29 08:00:00,5.215,,,8.731,
2006-01-29 09:00:00,12.88,,,9.158,
2006-01-29 10:00:00,17.2,,,15.2,
2006-01-29 11:00:00,0.76,,,23.34,
2006-01-29 12:00:00,8.967,,,19.44,
2006-01-29 13:00:00,0.389,,,28.75,
2006-01-29 14:00:00,,,,48.21,
2006-01-29 15:00:00,,,,58.45,
2006-01-29 16:00:00,,,,68.25,
2006-01-29 17:00:00,,,,50.13,
2006-01-29 18:00:00,,,,49.88,
2006-01-29 19:00:00,15.28,,,37.13,
2006-01-29 20:00:00,12.48,,,28.1,
2006-01-29 21:00:00,28.32,,,18.42,
2006-01-29 22:00:00,27.82,,,13.53,
2006-01-29 23:00:00,16.07,,,11.23,
2006-01-30 00:00:00,16.37,,,12.23,
2006-01-30 01:00:00,2.716,,,12.95,
2006-01-30 02:00:00,0.087,,,12.32,
2006-01-30 03:00:00,,,,12.7,
2006-01-30 04:00:00,6.075,,,9.115,
2006-01-30 05:00:00,0.273,,,4.227,
2006-01-30 06:00:00,27.15,,,0.5,
2006-01-30 07:00:00,15.84,,,0.5,
2006-01-30 08:00:00,4.676,,,0.5,
2006-01-30 09:00:00,37.44,,,2.938,
2006-01-30 10:00:00,42.78,,,11.41,
2006-01-30 11:00:00,15.79,,,20.03,
2006-01-30 12:00:00,0.649,,,28.04,
2006-01-30 13:00:00,5.703,,,42.72,
2006-01-30 14:00:00,0.257,,,40.5,
2006-01-30 15:00:00,,,,25.85,
2006-01-30 16:00:00,,,,18.78,
2006-01-30 17:00:00,,,,,
2006-01-30 18:00:00,0.794,,,,
2006-01-30 19:00:00,29.22,,,,
2006-01-30 20:00:00,23.71,,,,
2006-01-30 21:00:00,41.12,,,,
2006-01-30 22:00:00,11.89,,,,
2006-01-30 23:00:00,7.248,,,,
2006-01-31 00:00:00,31.52,,,,
2006-01-31 01:00:00,11.66,,,,
2006-01-31 02:00:00,0.475,,,,
2006-01-31 03:00:00,,,,,
2006-01-31 04:00:00,,,,,
2006-01-31 05:00:00,0.726,,,,
2006-01-31 06:00:00,11.58,,,,
2006-01-31 07:00:00,5.343,,,,
2006-01-31 08:00:00,21.9,,,,
2006-01-31 09:00:00,46.86,,,,
2006-01-31 10:00:00,6.702,,,,
2006-01-31 11:00:00,20.55,,,,
2006-01-31 12:00:00,20.21,,,,
2006-01-31 13:00:00,22.27,,,,
2006-01-31 14:00:00,0.994,,,,
2006-01-31 15:00:00,,,,,
2006-01-31 16:00:00,,,,,
2006-01-31 17:00:00,,,,,
2006-01-31 18:00:00,,,,,
2006-01-31 19:00:00,12.76,,,,
2006-01-31 20:00:00,21.32,,,,
2006-01-31 21:00:00,14.66,,,,
2006-01-31 22:00:00,20.7,,,,
2006-01-31 23:00:00,2.8,,,,
2006-02-01 00:00:00,12.26,,,,
2006-02-01 01:00:00,9.9,,,,
2006-02-01 02:00:00,29.55,,,,
2006-02-01 03:00:00,14.68,,,,
2006-02-01 04:00:00,1.533,,,,
2006-02-01 05:00:00,18.41,,,,
2006-02-01 06:00:00,2.731,,,,
2006-02-01 07:00:00,15.85,,,,
2006-02-01 08:00:00,21.14,,,,
2006-02-01 09:00:00,29.09,,,,
2006-02-01 10:00:00,40.54,,,,
2006-02-01 11:00:00,12.3,,,,
2006-02-01 12:00:00,4.866,,,,
2006-02-01 13:00:00,0.57,,,,
2006-02-01 14:00:00,8.807,,,,
2006-02-01 15:00:00,11.49,,,,
2006-02-01 16:00:00,28.43,,,,
2006-02-01 17:00:00,4.418,,,,
2006-02-01 18:00:00,6.715,,,,
2006-02-01 19:00:00,18.84,,,,
2006-02-01 20:00:00,13.24,,,,
2006-02-01 21:00:00,13.02,,,,
2006-02-01 22:00:00,29.06,,,,
2006-02-01 23:00:00,4.15,,,,
2006-02-02 00:00:00,,,,,
2006-02-02 01:00:00,0.338,,,,
2006-02-02 02:00:00,17.92,,,,
2006-02-02 03:00:00,9.755,,,,
2006-02-02 04:00:00,6.2,,,,
2006-02-02 05:00:00,0.788,,,,
2006-02-02 06:00:00,,,,,
2006-02-02 07:00:00,4.791,,,,
2006-02-02 08:00:00,7.266,,,,
2006-02-02 09:00:00,4.926,,,,
2006-02-02 10:00:00,35.77,,,,
2006-02-02 11:00:00,5.178,,,,
2006-02-02 12:00:00,,,,,
2006-02-02 13:00:00,31.16,,,,
2006-02-02 14:00:00,4.508,,,,
2006-02-02 15:00:00,24.33,,,,
2006-02-02 16:00:00,3.52,,,,
2006-02-02 17:00:00,,,,,
2006-02-02 18:00:00,5.992,,,,
2006-02-02 19:00:00,5.945,,,,
2006-02-02 20:00:00,61.26,,,,
2006-02-02 21:00:00,21.58,,,,
2006-02-02 22:00:00,16.96,,,,
2006-02-02 23:00:00,29.45,,,,
2006-02-03 00:00:00,7.894,,,,
2006-02-03 01:00:00,15.76,,,,
2006-02-03 02:00:00,22.34,,,,
2006-02-03 03:00:00,12.88,,,,
2006-02-03 04:00:00,2.067,,,,
2006-02-03 05:00:00,10.66,,,,
2006-02-03 06:00:00,1.554,,,,
2006-02-03 07:00:00,24.0,,,,
2006-02-03 08:00:00,23.16,,,,
2006-02-03 09:00:00,30.5,,,,
2006-02-03 10:00:00,31.11,,,,
2006-02-03 11:00:00,4.05,,,,
2006-02-03 12:00:00,29.66,,,,
2006-02-03 13:00:00,4.453,,,,
2006-02-03 14:00:00,,,,,
2006-02-03 15:00:00,22.11,,,,
2006-02-03 16:00:00,3.239,,,,
2006-02-03 17:00:00,,,,,
2006-02-03 18:00:00,9.875,,,,
2006-02-03 19:00:00,5.367,,,,
2006-02-03 20:00:00,45.67,,,,
2006-02-03 21:00:00,41.78,,,,
2006-02-03 22:00:00,30.12,,,,
2006-02-03 23:00:00,23.46,,,,
2006-02-04 00:00:00,8.741,,,,
2006-02-04 01:00:00,36.37,,,,
2006-02-04 02:00:00,5.331,,,,
2006-02-04 03:00:00,1.71,,,,
2006-02-04 04:00:00,6.657,,,,
2006-02-04 05:00:00,18.93,,,,
2006-02-04 06:00:00,2.667,,,,
2006-02-04 07:00:00,3.373,,,,
2006-02-04 08:00:00,24.01,,,,
2006-02-04 09:00:00,35.16,,,,
2006-02-04 10:00:00,35.99,,,,
2006-02-04 11:00:00,33.38,,,,
2006-02-04 12:00:00,4.353,,,,
2006-02-04 13:00:00,,,,,
2006-02-04 14:00:00,,,,,
2006-02-04 15:00:00,,,,,
2006-02-04 16:00:00,20.38,,,,
2006-02-04 17:00:00,3.06,,,,
2006-02-04 18:00:00,,,,,
2006-02-04 19:00:00,32.63,,,,
2006-02-04 20:00:00,34.55,,,,
2006-02-04 21:00:00,17.13,,,,
2006-02-04 22:00:00,30.16,,,,
2006-02-04 23:00:00,31.29,,,,
2006-02-05 00:00:00,27.78,,,,
2006-02-05 01:00:00,24.76,,,,
2006-02-05 02:00:00,28.8,,,,
2006-02-05 03:00:00,64.48,,,,
2006-02-05 04:00:00,39.29,,,,
2006-02-05 05:00:00,26.51,,,,
2006-02-05 06:00:00,14.78,,,,
2006-02-05 07:00:00,33.94,,,,
2006-02-05 08:00:00,4.837,,,,
2006-02-05 09:00:00,,,,,
2006-02-05 10:00:00,,,,,
2006-02-05 11:00:00,,,,,
2006-02-05 12:00:00,12.06,,,,
2006-02-05 13:00:00,47.31,,,,
2006-02-05 14:00:00,6.352,,,,
2006-02-05 15:00:00,2.156,,,,
2006-02-05 16:00:00,1.102,,,,
2006-02-05 17:00:00,0.114,,,,
2006-02-05 18:00:00,,,,,
2006-02-05 19:00:00,,,,,
2006-02-05 20:00:00,47.59,,,,
2006-02-05 21:00:00,6.884,,,,
2006-02-05 22:00:00,12.04,,,,
2006-02-05 23:00:00,7.908,,,,
2006-02-06 00:00:00,0.875,,,,
2006-02-06 01:00:00,7.037,,,,
2006-02-06 02:00:00,1.004,,,,
2006-02-06 03:00:00,1.61,,,,
2006-02-06 04:00:00,15.47,,,,
2006-02-06 05:00:00,2.204,,,,
2006-02-06 06:00:00,,,,,
2006-02-06 07:00:00,,,,,
2006-02-06 08:00:00,,,,,
2006-02-06 09:00:00,18.83,,,,
2006-02-06 11:00:00,11.66,,,,
2006-02-06 12:00:00,16.34,,,,
2006-02-06 13:00:00,5.159,,,,
2006-02-06 14:00:00,23.6,,,,
2006-02-06 15:00:00,19.88,,,,
2006-02-06 16:00:00,16.2,,,,
2006-02-06 17:00:00,2.02,,,,
2006-02-06 18:00:00,,,,,
2006-02-06 19:00:00,,,,,
2006-02-06 20:00:00,,,,,
2006-02-06 21:00:00,,,,,
2006-02-06 22:00:00,3.768,,,,
2006-02-06 23:00:00,5.89,,,,
2006-02-07 00:00:00,13.2,,,,
2006-02-07 01:00:00,4.784,,,,
2006-02-07 02:00:00,10.1,,,,
2006-02-07 03:00:00,7.553,,,,
2006-02-07 04:00:00,0.887,,,,
2006-02-07 05:00:00,,,,,
2006-02-07 06:00:00,,,,,
2006-02-07 07:00:00,,,,,
2006-02-07 08:00:00,15.07,,,,
2006-02-07 09:00:00,14.25,,,,
2006-02-07 10:00:00,10.75,,,,
2006-02-07 11:00:00,35.06,,,,
2006-02-07 12:00:00,4.997,,,,
2006-02-07 13:00:00,12.34,,,,
2006-02-07 14:00:00,1.867,,,,
2006-02-07 15:00:00,18.89,,,,
2006-02-07 16:00:00,11.3,,,,
2006-02-07 17:00:00,1.242,,,,
2006-02-07 18:00:00,4.631,,,,
2006-02-07 19:00:00,32.84,,,,
2006-02-07 20:00:00,23.68,,,,
2006-02-07 21:00:00,9.807,,,,
2006-02-07 22:00:00,31.12,,,,
2006-02-07 23:00:00,18.21,,,,
2006-02-08 00:00:00,16.45,,,,
2006-02-08 01:00:00,2.139,,,,
2006-02-08 02:00:00,,,,,
2006-02-08 03:00:00,3.33,,,,
2006-02-08 04:00:00,1.413,,,,
2006-02-08 05:00:00,0.139,,,,
2006-02-08 06:00:00,,,,,
2006-02-08 07:00:00,,,,,
2006-02-08 08:00:00,,,,,
2006-02-08 09:00:00,15.71,,,,
2006-02-08 10:00:00,2.384,,,,
2006-02-08 11:00:00,16.09,,,,
2006-02-08 12:00:00,8.745,,,,
2006-02-08 13:00:00,30.81,,,,
2006-02-08 14:00:00,4.432,,,,
2006-02-08 15:00:00,3.954,,,,
2006-02-08 16:00:00,14.98,,,,
2006-02-08 17:00:00,2.204,,,,
2006-02-08 18:00:00,,,,,
2006-02-08 19:00:00,,,,,
2006-02-08 20:00:00,3.448,,,,
2006-02-08 21:00:00,6.808,,,,
2006-02-08 22:00:00,23.38,,,,
2006-02-08 23:00:00,19.21,,,,
2006-02-09 00:00:00,7.744,,,,
2006-02-09 01:00:00,12.11,,,,
2006-02-09 02:00:00,8.339,,,,
2006-02-09 03:00:00,20.33,,,,
2006-02-09 04:00:00,24.46,,,,
2006-02-09 05:00:00,3.238,,,,
2006-02-09 06:00:00,,,,,
2006-02-09 07:00:00,,,,,
2006-02-09 08:00:00,10.15,,,,
2006-02-09 09:00:00,25.1,,,,
2006-02-09 10:00:00,10.57,,,,
2006-02-09 11:00:00,37.87,,,,
2006-02-09 12:00:00,5.395,,,,
2006-02-09 13:00:00,6.932,,,,
2006-02-09 14:00:00,15.65,,,,
2006-02-09 15:00:00,23.42,,,,
2006-02-09 16:00:00,3.222,,,,
2006-02-09 17:00:00,,,,,
2006-02-09 18:00:00,,,,,
2006-02-09 19:00:00,,,,,
2006-02-09 20:00:00,,,,,
2006-02-09 21:00:00,17.25,,,,
2006-02-09 22:00:00,41.7,,,,
2006-02-09 23:00:00,14.96,,,,
2006-02-10 00:00:00,32.51,,,,
2006-02-10 01:00:00,21.59,,,,
2006-02-10 02:00:00,2.568,,,,
2006-02-10 03:00:00,,,,,
2006-02-10 04:00:00,19.35,,,,
2006-02-10 05:00:00,2.879,,,,
2006-02-10 06:00:00,,,,,
2006-02-10 07:00:00,3.788,,,,
2006-02-10 08:00:00,0.568,,,,
2006-02-10 09:00:00,12.02,,,,
2006-02-10 10:00:00,3.204,,,,
2006-02-10 11:00:00,0.23,,,,
2006-02-10 12:00:00,16.14,,,,
2006-02-10 13:00:00,2.479,,,,
2006-02-10 14:00:00,,,,,
2006-02-10 15:00:00,,,,,
2006-02-10 16:00:00,,,,,
2006-02-10 17:00:00,,,,,
2006-02-10 18:00:00,,,,,
2006-02-10 19:00:00,13.34,,,,
2006-02-10 20:00:00,2.052,,,,
2006-02-10 21:00:00,30.76,,,,
2006-02-10 22:00:00,4.633,,,,
2006-02-10 23:00:00,26.5,,,,
2006-02-11 00:00:00,7.908,,,,
2006-02-11 01:00:00,0.59,,,,
2006-02-11 02:00:00,18.43,,,,
2006-02-11 03:00:00,2.835,,,,
2006-02-11 04:00:00,,,,,
2006-02-11 05:00:00,,,,,
2006-02-11 06:00:00,,,,,
2006-02-11 07:00:00,,,,,
2006-02-11 08:00:00,,,,,
2006-02-11 09:00:00,4.175,,,,
2006-02-11 10:00:00,40.5,,,,
2006-02-11 11:00:00,18.93,,,,
2006-02-11 12:00:00,26.93,,,,
2006-02-11 13:00:00,4.991,,,,
2006-02-11 14:00:00,0.177,,,,
2006-02-11 15:00:00,,,,,
2006-02-11 16:00:00,,,,,
2006-02-11 17:00:00,,,,,
2006-02-11 18:00:00,,,,,
2006-02-11 19:00:00,,,,,
2006-02-11 20:00:00,,,,,
2006-02-11 21:00:00,,,,,
2006-02-11 22:00:00,,,,,
2006-02-11 23:00:00,11.67,,,,
2006-02-12 00:00:00,4.998,,,,
2006-02-12 01:00:00,13.36,,,,
2006-02-12 02:00:00,3.686,,,,
2006-02-12 03:00:00,0.263,,,,
2006-02-12 04:00:00,,,,,
2006-02-12 05:00:00,4.143,,,,
2006-02-12 06:00:00,0.644,,,,
2006-02-12 07:00:00,10.89,,,,
2006-02-12 08:00:00,1.731,,,,
2006-02-12 09:00:00,0.003,,,,
2006-02-12 10:00:00,7.757,,,,
2006-02-12 11:00:00,6.116,,,,
2006-02-12 12:00:00,0.757,,,,
2006-02-12 13:00:00,1.108,,,,
2006-02-12 14:00:00,1.548,,,,
2006-02-12 15:00:00,0.216,,,,
2006-02-12 16:00:00,8.302,,,,
2006-02-12 17:00:00,1.321,,,,
2006-02-12 18:00:00,,,,,
2006-02-12 19:00:00,,,,,
2006-02-12 20:00:00,,,,,
2006-02-12 21:00:00,,,,,
2006-02-12 22:00:00,4.601,,,,
2006-02-12 23:00:00,9.73,,,,
2006-02-13 00:00:00,32.04,,,,
2006-02-13 01:00:00,4.393,,,,
2006-02-13 02:00:00,16.22,,,,
2006-02-13 03:00:00,21.32,,,,
2006-02-13 04:00:00,3.115,,,,
2006-02-13 05:00:00,0.05,,,,
2006-02-13 06:00:00,13.01,,,,
2006-02-13 07:00:00,19.41,,,,
2006-02-13 08:00:00,12.29,,,,
2006-02-13 09:00:00,17.14,,,,
2006-02-13 10:00:00,6.363,,,,
2006-02-13 11:00:00,3.633,,,,
2006-02-13 12:00:00,0.449,,,,
2006-02-13 13:00:00,6.322,,,,
2006-02-13 14:00:00,2.618,,,,
2006-02-13 15:00:00,5.564,,,,
2006-02-13 16:00:00,8.449,,,,
2006-02-13 17:00:00,1.161,,,,
2006-02-13 18:00:00,,,,,
2006-02-13 19:00:00,,,,,
2006-02-13 20:00:00,,,,,
2006-02-13 21:00:00,,,,,
2006-02-13 22:00:00,,,,,
2006-02-13 23:00:00,17.67,,,,
2006-02-14 00:00:00,25.63,,,,
2006-02-14 01:00:00,3.448,,,,
2006-02-14 02:00:00,,,,,
2006-02-14 03:00:00,,,,,
2006-02-14 04:00:00,,,,,
2006-02-14 05:00:00,,,,,
2006-02-14 06:00:00,,,,,
2006-02-14 07:00:00,,,,,
2006-02-14 08:00:00,18.26,,,,
2006-02-14 09:00:00,8.964,,,,
2006-02-14 10:00:00,7.651,,,,
2006-02-14 11:00:00,1.031,,,,
2006-02-14 12:00:00,,,,,
2006-02-14 13:00:00,,,,,
2006-02-14 14:00:00,2.031,,,,
2006-02-14 15:00:00,0.326,,,,
2006-02-14 16:00:00,0.003,,,,
2006-02-14 17:00:00,,,,,
2006-02-14 18:00:00,,,,,
2006-02-14 19:00:00,,,,,
2006-02-14 20:00:00,,,,,
2006-02-14 21:00:00,,,,,
2006-02-14 22:00:00,8.49,,,,
2006-02-14 23:00:00,12.12,,,,
2006-02-15 00:00:00,1.663,,,,
2006-02-15 01:00:00,4.634,,,,
2006-02-15 02:00:00,3.452,,,,
2006-02-15 03:00:00,8.187,,,,
2006-02-15 04:00:00,1.18,,,,
2006-02-15 05:00:00,,,,,
2006-02-15 06:00:00,,,,,
2006-02-15 07:00:00,6.543,,,,
2006-02-15 08:00:00,1.891,,,,
2006-02-15 09:00:00,26.72,,,,
2006-02-15 10:00:00,16.48,,,,
2006-02-15 11:00:00,1.94,,,,
2006-02-15 12:00:00,6.626,,,,
2006-02-15 13:00:00,6.797,,,,
2006-02-15 14:00:00,0.907,,,,
2006-02-15 15:00:00,0.003,,,,
2006-02-15 16:00:00,,,,,
2006-02-15 17:00:00,,,,,
2006-02-15 18:00:00,13.36,,,,
2006-02-15 19:00:00,25.74,,,,
2006-02-15 20:00:00,25.0,,,,
2006-02-15 21:00:00,17.76,,,,
2006-02-15 22:00:00,2.25,,,,
2006-02-15 23:00:00,36.34,,,,
2006-02-16 00:00:00,5.717,,,,
2006-02-16 01:00:00,19.68,,,,
2006-02-16 02:00:00,18.8,,,,
2006-02-16 03:00:00,19.96,,,,
2006-02-16 04:00:00,8.911,,,,
2006-02-16 05:00:00,16.57,,,,
2006-02-16 06:00:00,2.429,,,,
2006-02-16 07:00:00,11.96,,,,
2006-02-16 08:00:00,27.11,,,,
2006-02-16 09:00:00,47.97,,,,
2006-02-16 10:00:00,37.36,,,,
2006-02-16 11:00:00,22.08,,,,
2006-02-16 12:00:00,19.15,,,,
2006-02-16 13:00:00,15.57,,,,
2006-02-16 14:00:00,12.44,,,,
2006-02-16 15:00:00,2.002,,,,
2006-02-16 16:00:00,0.956,,,,
2006-02-16 17:00:00,0.138,,,,
2006-02-16 18:00:00,,,,,
2006-02-16 19:00:00,,,,,
2006-02-16 20:00:00,14.49,,,,
2006-02-16 21:00:00,16.69,,,,
2006-02-16 22:00:00,20.9,,,,
2006-02-16 23:00:00,19.33,,,,
2006-02-17 00:00:00,2.506,,,,
2006-02-17 01:00:00,,,,,
2006-02-17 02:00:00,,,,,
2006-02-17 03:00:00,1.461,,,,
2006-02-17 04:00:00,14.76,,,,
2006-02-17 05:00:00,2.206,,,,
2006-02-17 06:00:00,,,,,
2006-02-17 07:00:00,,,,,
2006-02-17 08:00:00,17.84,,,,
2006-02-17 09:00:00,16.95,,,,
2006-02-17 10:00:00,22.37,,,,
2006-02-17 11:00:00,19.62,,,,
2006-02-17 12:00:00,2.49,,,,
2006-02-17 13:00:00,,,,,
2006-02-17 14:00:00,2.141,,,,
2006-02-17 15:00:00,0.329,,,,
2006-02-17 16:00:00,,,,,
2006-02-17 17:00:00,,,,,
2006-02-17 18:00:00,,,,,
2006-02-17 19:00:00,,,,,
2006-02-17 20:00:00,,,,,
2006-02-17 21:00:00,,,,,
2006-02-17 22:00:00,26.7,,,,
2006-02-17 23:00:00,31.54,,,,
2006-02-18 00:00:00,12.57,,,,
2006-02-18 01:00:00,1.276,,,,
2006-02-18 02:00:00,4.879,,,,
2006-02-18 03:00:00,0.751,,,,
2006-02-18 04:00:00,8.025,,,,
2006-02-18 05:00:00,1.235,,,,
2006-02-18 06:00:00,,,,,
2006-02-18 07:00:00,,,,,
2006-02-18 08:00:00,,,,,
2006-02-18 09:00:00,5.885,,,,
2006-02-18 10:00:00,28.35,,,,
2006-02-18 11:00:00,7.311,,,,
2006-02-18 12:00:00,12.89,,,,
2006-02-18 13:00:00,1.929,,,,
2006-02-18 14:00:00,12.62,,,,
2006-02-18 15:00:00,1.964,,,,
2006-02-18 16:00:00,,,,,
2006-02-18 17:00:00,,,,,
2006-02-18 18:00:00,,,,,
2006-02-18 19:00:00,,,,,
2006-02-18 20:00:00,1.089,,,,
2006-02-18 21:00:00,4.832,,,,
2006-02-18 22:00:00,12.4,,,,
2006-02-18 23:00:00,8.962,,,,
2006-02-19 00:00:00,9.737,,,,
2006-02-19 01:00:00,12.58,,,,
2006-02-19 02:00:00,13.54,,,,
2006-02-19 03:00:00,24.77,,,,
2006-02-19 04:00:00,3.453,,,,
2006-02-19 05:00:00,,,,,
2006-02-19 06:00:00,22.67,,,,
2006-02-19 07:00:00,3.374,,,,
2006-02-19 08:00:00,2.778,,,,
2006-02-19 09:00:00,18.2,,,,
2006-02-19 10:00:00,6.041,,,,
2006-02-19 11:00:00,12.45,,,,
2006-02-19 12:00:00,7.715,,,,
2006-02-19 13:00:00,7.94,,,,
2006-02-19 14:00:00,1.07,,,,
2006-02-19 15:00:00,21.32,,,,
2006-02-19 16:00:00,3.241,,,,
2006-02-19 17:00:00,,,,,
2006-02-19 18:00:00,,,,,
2006-02-19 19:00:00,0.338,,,,
2006-02-19 20:00:00,0.05,,,,
2006-02-19 21:00:00,4.991,,,,
2006-02-19 22:00:00,28.61,,,,
2006-02-19 23:00:00,8.507,,,,
2006-02-20 00:00:00,10.23,,,,
2006-02-20 01:00:00,9.068,,,,
2006-02-20 02:00:00,12.6,,,,
2006-02-20 03:00:00,13.71,,,,
2006-02-20 04:00:00,7.791,,,,
2006-02-20 05:00:00,2.204,,,,
2006-02-20 06:00:00,0.196,,,,
2006-02-20 07:00:00,,,,,
2006-02-20 08:00:00,20.95,,,,
2006-02-20 09:00:00,3.219,,,,
2006-02-20 10:00:00,4.914,,,,
2006-02-20 11:00:00,0.756,,,,
2006-02-20 12:00:00,3.86,,,,
2006-02-20 13:00:00,0.586,,,,
2006-02-20 14:00:00,,,,,
2006-02-20 15:00:00,,,,,
2006-02-20 16:00:00,,,,,
2006-02-20 17:00:00,,,,,
2006-02-20 18:00:00,,,,,
2006-02-20 19:00:00,,,,,
2006-02-20 20:00:00,1.753,,,,
2006-02-20 21:00:00,4.741,,,,
2006-02-20 22:00:00,31.89,,,,
2006-02-20 23:00:00,18.86,,,,
2006-02-21 00:00:00,2.163,,,,
2006-02-21 01:00:00,,,,,
2006-02-21 02:00:00,2.232,,,,
2006-02-21 03:00:00,6.86,,,,
2006-02-21 04:00:00,5.253,,,,
2006-02-21 05:00:00,0.648,,,,
2006-02-21 06:00:00,1.309,,,,
2006-02-21 07:00:00,0.201,,,,
2006-02-21 08:00:00,6.628,,,,
2006-02-21 09:00:00,7.487,,,,
2006-02-21 10:00:00,18.89,,,,
2006-02-21 11:00:00,12.3,,,,
2006-02-21 12:00:00,1.471,,,,
2006-02-21 13:00:00,,,,,
2006-02-21 14:00:00,,,,,
2006-02-21 15:00:00,,,,,
2006-02-21 16:00:00,,,,,
2006-02-21 17:00:00,,,,,
2006-02-21 18:00:00,,,,,
2006-02-21 19:00:00,,,,,
2006-02-21 20:00:00,,,,,
2006-02-21 21:00:00,,,,,
2006-02-21 22:00:00,,,,,
2006-02-21 23:00:00,29.49,,,,
2006-02-22 00:00:00,16.59,,,,
2006-02-22 01:00:00,1.844,,,,
2006-02-22 02:00:00,9.221,,,,
2006-02-22 03:00:00,6.599,,,,
2006-02-22 04:00:00,1.892,,,,
2006-02-22 05:00:00,0.17,,,,
2006-02-22 06:00:00,,,,,
2006-02-22 07:00:00,5.261,,,,
2006-02-22 08:00:00,0.819,,,,
2006-02-22 09:00:00,10.44,,,,
2006-02-22 10:00:00,7.441,,,,
2006-02-22 11:00:00,3.168,,,,
2006-02-22 12:00:00,4.723,,,,
2006-02-22 13:00:00,0.675,,,,
2006-02-22 14:00:00,7.052,,,,
2006-02-22 15:00:00,1.115,,,,
2006-02-22 16:00:00,0.003,,,,
2006-02-22 17:00:00,2.17,,,,
2006-02-22 18:00:00,42.42,,,,
2006-02-22 19:00:00,31.12,,,,
2006-02-22 20:00:00,28.29,,,,
2006-02-22 21:00:00,3.691,,,,
2006-02-22 22:00:00,20.22,,,,
2006-02-22 23:00:00,21.96,,,,
2006-02-23 00:00:00,29.92,,,,
2006-02-23 01:00:00,15.14,,,,
2006-02-23 02:00:00,11.22,,,,
2006-02-23 03:00:00,1.467,,,,
2006-02-23 04:00:00,5.694,,,,
2006-02-23 05:00:00,0.859,,,,
2006-02-23 06:00:00,,,,,
2006-02-23 07:00:00,,,,,
2006-02-23 08:00:00,2.179,,,,
2006-02-23 09:00:00,23.12,,,,
2006-02-23 10:00:00,56.16,,,,
2006-02-23 11:00:00,12.54,,,,
2006-02-23 12:00:00,5.774,,,,
2006-02-23 13:00:00,13.25,,,,
2006-02-23 14:00:00,1.933,,,,
2006-02-23 15:00:00,0.003,,,,
2006-02-23 18:00:00,,,,,
2006-02-23 19:00:00,,,,,
2006-02-23 20:00:00,,,,,
2006-02-23 21:00:00,,,,,
2006-02-23 22:00:00,,,,,
2006-02-23 23:00:00,,,,,
2006-02-24 00:00:00,,,,,
2006-02-24 01:00:00,,,,,
2006-02-24 02:00:00,,,,,
2006-02-24 03:00:00,,,,,
2006-02-24 04:00:00,1.959,,,,
2006-02-24 05:00:00,0.298,,,,
2006-02-24 06:00:00,14.1,,,,
2006-02-24 07:00:00,2.196,,,,
2006-02-24 08:00:00,,,,,
2006-02-24 09:00:00,,,,,
2006-02-24 10:00:00,0.397,,,,
2006-02-24 11:00:00,4.7,,,,
2006-02-24 12:00:00,19.54,,,,
2006-02-24 13:00:00,2.896,,,,
2006-02-24 14:00:00,,,,,
2006-02-24 15:00:00,8.03,,,,
2006-02-24 16:00:00,1.25,,,,
2006-02-24 17:00:00,,,,,
2006-02-24 18:00:00,,,,,
2006-02-24 19:00:00,,,,,
2006-02-24 20:00:00,,,,,
2006-02-24 21:00:00,,,,,
2006-02-24 22:00:00,6.91,,,,
2006-02-24 23:00:00,6.198,,,,
2006-02-25 00:00:00,1.531,,,,
2006-02-25 01:00:00,10.72,,,,
2006-02-25 02:00:00,1.615,,,,
2006-02-25 03:00:00,,,,,
2006-02-25 04:00:00,,,,,
2006-02-25 05:00:00,11.41,,,,
2006-02-25 06:00:00,1.736,,,,
2006-02-25 07:00:00,,,,,
2006-02-25 08:00:00,,,,,
2006-02-25 09:00:00,,,,,
2006-02-25 10:00:00,5.694,,,,
2006-02-25 11:00:00,20.74,,,,
2006-02-25 12:00:00,3.085,,,,
2006-02-25 13:00:00,9.152,,,,
2006-02-25 14:00:00,1.971,,,,
2006-02-25 15:00:00,14.2,,,,
2006-02-25 16:00:00,14.01,,,,
2006-02-25 17:00:00,26.58,,,,
2006-02-25 18:00:00,3.809,,,,
2006-02-25 19:00:00,5.677,,,,
2006-02-25 20:00:00,9.793,,,,
2006-02-25 21:00:00,18.13,,,,
2006-02-25 22:00:00,2.58,,,,
2006-02-25 23:00:00,12.65,,,,
2006-02-26 00:00:00,12.12,,,,
2006-02-26 01:00:00,1.582,,,,
2006-02-26 02:00:00,,,,,
2006-02-26 03:00:00,,,,,
2006-02-26 04:00:00,3.15,,,,
2006-02-26 05:00:00,4.877,,,,
2006-02-26 06:00:00,7.557,,,,
2006-02-26 07:00:00,1.081,,,,
2006-02-26 08:00:00,,,,,
2006-02-26 09:00:00,,,,,
2006-02-26 10:00:00,7.731,,,,
2006-02-26 11:00:00,4.445,,,,
2006-02-26 12:00:00,17.86,,,,
2006-02-26 13:00:00,2.707,,,,
2006-02-26 14:00:00,,,,,
2006-02-26 15:00:00,,,,,
2006-02-26 16:00:00,,,,,
2006-02-26 17:00:00,,,,,
2006-02-26 18:00:00,,,,,
2006-02-26 19:00:00,,,,,
2006-02-26 20:00:00,,,,,
2006-02-26 21:00:00,7.078,,,,
2006-02-26 22:00:00,2.279,,,,
2006-02-26 23:00:00,16.8,,,,
2006-02-27 00:00:00,11.55,,,,
2006-02-27 01:00:00,10.69,,,,
2006-02-27 02:00:00,6.425,,,,
2006-02-27 03:00:00,14.32,,,,
2006-02-27 04:00:00,5.911,,,,
2006-02-27 05:00:00,18.5,,,,
2006-02-27 06:00:00,2.846,,,,
2006-02-27 07:00:00,1.035,,,,
2006-02-27 08:00:00,9.286,,,,
2006-02-27 09:00:00,11.1,,,,
2006-02-27 10:00:00,24.29,,,,
2006-02-27 11:00:00,31.76,,,,
2006-02-27 12:00:00,4.655,,,,
2006-02-27 13:00:00,0.034,,,,
2006-02-27 14:00:00,8.422,,,,
2006-02-27 15:00:00,1.345,,,,
2006-02-27 16:00:00,,,,,
2006-02-27 17:00:00,,,,,
2006-02-27 18:00:00,,,,,
2006-02-27 19:00:00,,,,,
2006-02-27 20:00:00,,,,,
2006-02-27 21:00:00,,,,,
2006-02-27 22:00:00,,,,,
2006-02-27 23:00:00,9.515,,,,
2006-02-28 00:00:00,15.85,,,,
2006-02-28 01:00:00,13.86,,,,
2006-02-28 02:00:00,22.55,,,,
2006-02-28 03:00:00,3.303,,,,
2006-02-28 04:00:00,4.278,,,,
2006-02-28 05:00:00,12.24,,,,
2006-02-28 06:00:00,21.04,,,,
2006-02-28 07:00:00,3.093,,,,
2006-02-28 08:00:00,4.545,,,,
2006-02-28 09:00:00,3.655,,,,
2006-02-28 10:00:00,2.341,,,,
2006-02-28 11:00:00,13.97,,,,
2006-02-28 12:00:00,8.254,,,,
2006-02-28 13:00:00,14.24,,,,
2006-02-28 14:00:00,17.8,,,,
2006-02-28 15:00:00,7.979,,,,
2006-02-28 16:00:00,0.87,,,,
2006-02-28 17:00:00,6.348,,,,
2006-02-28 18:00:00,1.032,,,,
2006-02-28 19:00:00,,,,,
2006-02-28 20:00:00,,,,,
2006-02-28 21:00:00,27.12,,,,
2006-02-28 22:00:00,16.39,,,,
2006-02-28 23:00:00,26.31,,,,
2006-03-01 00:00:00,11.43,,,,
2006-03-01 01:00:00,10.11,,,,
2006-03-01 02:00:00,32.56,,,,
2006-03-01 03:00:00,5.025,,,,
2006-03-01 04:00:00,21.61,,,,
2006-03-01 05:00:00,3.549,,,,
2006-03-01 06:00:00,13.45,,,,
2006-03-01 07:00:00,2.174,,,,
2006-03-01 08:00:00,10.78,,,,
2006-03-01 09:00:00,30.78,,,,
2006-03-01 10:00:00,10.04,,,,
2006-03-01 11:00:00,22.7,,,,
2006-03-01 12:00:00,24.69,,,,
2006-03-01 13:00:00,3.317,,,,
2006-03-01 14:00:00,1.248,,,,
2006-03-01 15:00:00,0.192,,,,
2006-03-01 16:00:00,19.39,,,,
2006-03-01 17:00:00,3.01,,,,
2006-03-01 18:00:00,24.9,,,,
2006-03-01 19:00:00,3.831,,,,
2006-03-01 20:00:00,26.87,,,,
2006-03-01 21:00:00,38.89,,,,
2006-03-01 22:00:00,8.054,,,,
2006-03-01 23:00:00,35.92,,,,
2006-03-02 00:00:00,29.28,,,,
2006-03-02 01:00:00,6.024,,,,
2006-03-02 02:00:00,29.74,,,,
2006-03-02 03:00:00,21.78,,,,
2006-03-02 04:00:00,2.727,,,,
2006-03-02 05:00:00,7.453,,,,
2006-03-02 06:00:00,4.649,,,,
2006-03-02 07:00:00,6.909,,,,
2006-03-02 08:00:00,13.74,,,,
2006-03-02 09:00:00,11.46,,,,
2006-03-02 10:00:00,26.01,,,,
2006-03-02 11:00:00,20.27,,,,
2006-03-02 12:00:00,2.59,,,,
2006-03-02 13:00:00,,,,,
2006-03-02 14:00:00,,,,,
2006-03-02 15:00:00,15.38,,,,
2006-03-02 16:00:00,24.51,,,,
2006-03-02 17:00:00,8.741,,,,
2006-03-02 18:00:00,2.638,,,,
2006-03-02 19:00:00,0.28,,,,
2006-03-02 20:00:00,11.65,,,,
2006-03-02 21:00:00,26.81,,,,
2006-03-02 22:00:00,6.093,,,,
2006-03-02 23:00:00,33.15,,,,
2006-03-03 00:00:00,8.371,,,,
2006-03-03 01:00:00,11.63,,,,
2006-03-03 02:00:00,13.1,,,,
2006-03-03 03:00:00,10.48,,,,
2006-03-03 04:00:00,7.051,,,,
2006-03-03 05:00:00,0.894,,,,
2006-03-03 06:00:00,11.48,,,,
2006-03-03 07:00:00,1.788,,,,
2006-03-03 08:00:00,,,,,
2006-03-03 09:00:00,,,,,
2006-03-03 10:00:00,,,,,
2006-03-03 11:00:00,28.24,,,,
2006-03-03 12:00:00,4.488,,,,
2006-03-03 13:00:00,,,,,
2006-03-03 14:00:00,,,,,
2006-03-03 15:00:00,4.889,,,,
2006-03-03 16:00:00,9.342,,,,
2006-03-03 17:00:00,26.96,,,,
2006-03-03 18:00:00,8.281,,,,
2006-03-03 19:00:00,0.661,,,,
2006-03-03 20:00:00,0.535,,,,
2006-03-03 21:00:00,0.085,,,,
2006-03-03 22:00:00,,,,,
2006-03-03 23:00:00,,,,,
2006-03-04 00:00:00,,,,,
2006-03-04 01:00:00,7.65,,,,
2006-03-04 02:00:00,1.276,,,,
2006-03-04 03:00:00,0.011,,,,
2006-03-04 04:00:00,29.3,,,,
2006-03-04 05:00:00,4.671,,,,
2006-03-04 06:00:00,15.15,,,,
2006-03-04 07:00:00,2.436,,,,
2006-03-04 08:00:00,,,,,
2006-03-04 09:00:00,1.69,,,,
2006-03-04 10:00:00,20.21,,,,
2006-03-04 11:00:00,3.207,,,,
2006-03-04 12:00:00,,,,,
2006-03-04 13:00:00,16.59,,,,
2006-03-04 14:00:00,2.619,,,,
2006-03-04 15:00:00,10.28,,,,
2006-03-04 16:00:00,10.33,,,,
2006-03-04 17:00:00,4.619,,,,
2006-03-04 18:00:00,16.03,,,,
2006-03-04 19:00:00,2.524,,,,
2006-03-04 20:00:00,,,,,
2006-03-04 21:00:00,,,,,
2006-03-04 22:00:00,0.681,,,,
2006-03-04 23:00:00,0.111,,,,
2006-03-05 00:00:00,,,,,
2006-03-05 01:00:00,,,,,
2006-03-05 02:00:00,,,,,
2006-03-05 03:00:00,,,,,
2006-03-05 04:00:00,,,,,
2006-03-05 05:00:00,,,,,
2006-03-05 06:00:00,,,,,
2006-03-05 07:00:00,,,,,
2006-03-05 08:00:00,0.964,,,,
2006-03-05 09:00:00,17.47,,,,
2006-03-05 10:00:00,3.973,,,,
2006-03-05 11:00:00,18.95,,,,
2006-03-05 12:00:00,3.062,,,,
2006-03-05 13:00:00,4.796,,,,
2006-03-05 14:00:00,0.789,,,,
2006-03-05 15:00:00,4.393,,,,
2006-03-05 16:00:00,0.717,,,,
2006-03-05 17:00:00,,,,,
2006-03-05 18:00:00,7.021,,,,
2006-03-05 19:00:00,1.159,,,,
2006-03-05 20:00:00,,,,,
2006-03-05 21:00:00,,,,,
2006-03-05 22:00:00,8.944,,,,
2006-03-05 23:00:00,21.1,,,,
2006-03-06 00:00:00,3.207,,,,
2006-03-06 01:00:00,19.28,,,,
2006-03-06 02:00:00,3.172,,,,
2006-03-06 03:00:00,,,,,
2006-03-06 04:00:00,11.85,,,,
2006-03-06 05:00:00,4.988,,,,
2006-03-06 06:00:00,24.88,,,,
2006-03-06 07:00:00,4.023,,,,
2006-03-06 08:00:00,,,,,
2006-03-06 09:00:00,1.962,,,,
2006-03-06 10:00:00,8.127,,,,
2006-03-06 11:00:00,33.85,,,,
2006-03-06 12:00:00,14.31,,,,
2006-03-06 13:00:00,15.03,,,,
2006-03-06 14:00:00,2.259,,,,
2006-03-06 15:00:00,7.51,,,,
2006-03-06 16:00:00,1.167,,,,
2006-03-06 17:00:00,,,,,
2006-03-06 18:00:00,6.256,,,,
2006-03-06 19:00:00,0.974,,,,
2006-03-06 20:00:00,11.41,,,,
2006-03-06 21:00:00,20.54,,,,
2006-03-06 22:00:00,8.15,,,,
2006-03-06 23:00:00,20.92,,,,
2006-03-07 00:00:00,26.91,,,,
2006-03-07 01:00:00,3.74,,,,
2006-03-07 02:00:00,3.669,,,,
2006-03-07 03:00:00,2.959,,,,
2006-03-07 04:00:00,3.176,,,,
2006-03-07 05:00:00,27.88,,,,
2006-03-07 06:00:00,4.279,,,,
2006-03-07 07:00:00,,,,,
2006-03-07 08:00:00,21.92,,,,
2006-03-07 09:00:00,4.436,,,,
2006-03-07 10:00:00,40.98,,,,
2006-03-07 11:00:00,,,,,
2006-03-07 12:00:00,,,,,
2006-03-07 13:00:00,,,,,
2006-03-07 14:00:00,,,,,
2006-03-07 15:00:00,23.77,,,,
2006-03-07 16:00:00,3.701,,,,
2006-03-07 17:00:00,,,,,
2006-03-07 18:00:00,3.05,,,,
2006-03-07 19:00:00,29.95,,,,
2006-03-07 20:00:00,34.35,,,,
2006-03-07 21:00:00,17.6,,,,
2006-03-07 22:00:00,15.98,,,,
2006-03-07 23:00:00,6.906,,,,
2006-03-08 00:00:00,15.36,,,,
2006-03-08 01:00:00,2.324,,,,
2006-03-08 02:00:00,9.71,,,,
2006-03-08 03:00:00,21.16,,,,
2006-03-08 04:00:00,5.83,,,,
2006-03-08 05:00:00,4.028,,,,
2006-03-08 06:00:00,14.29,,,,
2006-03-08 07:00:00,3.023,,,,
2006-03-08 08:00:00,24.05,,,,
2006-03-08 09:00:00,16.45,,,,
2006-03-08 10:00:00,41.22,,,,
2006-03-08 11:00:00,26.51,,,,
2006-03-08 12:00:00,12.1,,,,
2006-03-08 13:00:00,1.376,,,,
2006-03-08 14:00:00,,,,,
2006-03-08 15:00:00,,,,,
2006-03-08 16:00:00,5.607,,,,
2006-03-08 17:00:00,0.864,,,,
2006-03-08 18:00:00,14.99,,,,
2006-03-08 19:00:00,19.74,,,,
2006-03-08 20:00:00,38.29,,,,
2006-03-08 21:00:00,29.51,,,,
2006-03-08 22:00:00,46.9,,,,
2006-03-08 23:00:00,41.61,,,,
2006-03-09 00:00:00,26.15,,,,
2006-03-09 01:00:00,3.225,,,,
2006-03-09 02:00:00,40.04,,,,
2006-03-09 03:00:00,41.27,,,,
2006-03-09 04:00:00,30.95,,,,
2006-03-09 05:00:00,22.92,,,,
2006-03-09 06:00:00,30.36,,,,
2006-03-09 07:00:00,8.257,,,,
2006-03-09 08:00:00,9.9,,,,
2006-03-09 09:00:00,38.22,,,,
2006-03-09 10:00:00,26.15,,,,
2006-03-09 11:00:00,52.66,,,,
2006-03-09 12:00:00,36.56,,,,
2006-03-09 13:00:00,4.486,,,,
2006-03-09 14:00:00,20.18,,,,
2006-03-09 15:00:00,19.0,,,,
2006-03-09 16:00:00,9.422,,,,
2006-03-09 17:00:00,34.3,,,,
2006-03-09 18:00:00,22.07,,,,
2006-03-09 19:00:00,11.48,,,,
2006-03-09 20:00:00,8.956,,,,
2006-03-09 21:00:00,9.167,,,,
2006-03-09 22:00:00,11.81,,,,
2006-03-09 23:00:00,45.53,,,,
2006-03-10 00:00:00,28.24,,,,
2006-03-10 01:00:00,3.325,,,,
2006-03-10 02:00:00,15.53,,,,
2006-03-10 03:00:00,34.97,,,,
2006-03-10 04:00:00,18.5,,,,
2006-03-10 05:00:00,34.91,,,,
2006-03-10 06:00:00,57.03,,,,
2006-03-10 07:00:00,17.09,,,,
2006-03-10 08:00:00,33.77,,,,
2006-03-10 09:00:00,10.46,,,,
2006-03-10 10:00:00,43.6,,,,
2006-03-10 11:00:00,6.824,,,,
2006-03-10 12:00:00,26.82,,,,
2006-03-10 13:00:00,4.225,,,,
2006-03-10 14:00:00,,,,,
2006-03-10 15:00:00,,,,,
2006-03-10 16:00:00,26.66,,,,
2006-03-10 17:00:00,16.29,,,,
2006-03-10 18:00:00,10.7,,,,
2006-03-10 19:00:00,26.45,,,,
2006-03-10 20:00:00,7.229,,,,
2006-03-10 21:00:00,33.27,,,,
2006-03-10 22:00:00,24.41,,,,
2006-03-10 23:00:00,34.13,,,,
2006-03-11 00:00:00,10.05,,,,
2006-03-11 01:00:00,0.829,,,,
2006-03-11 02:00:00,12.34,,,,
2006-03-11 03:00:00,2.186,,,,
2006-03-11 04:00:00,18.84,,,,
2006-03-11 05:00:00,13.56,,,,
2006-03-11 06:00:00,2.135,,,,
2006-03-11 07:00:00,23.41,,,,
2006-03-11 08:00:00,28.76,,,,
2006-03-11 09:00:00,65.35,,,,
2006-03-11 10:00:00,19.42,,,,
2006-03-11 11:00:00,46.89,,,,
2006-03-11 12:00:00,15.06,,,,
2006-03-11 13:00:00,1.271,,,,
2006-03-11 14:00:00,,,,,
2006-03-11 15:00:00,23.98,,,,
2006-03-11 16:00:00,3.829,,,,
2006-03-11 17:00:00,8.288,,,,
2006-03-11 18:00:00,3.304,,,,
2006-03-11 19:00:00,16.56,,,,
2006-03-11 20:00:00,10.48,,,,
2006-03-11 21:00:00,31.08,,,,
2006-03-11 22:00:00,36.41,,,,
2006-03-11 23:00:00,13.48,,,,
2006-03-12 00:00:00,9.714,,,,
2006-03-12 01:00:00,1.362,,,,
2006-03-12 02:00:00,0.464,,,,
2006-03-12 03:00:00,1.108,,,,
2006-03-12 04:00:00,0.17,,,,
2006-03-12 05:00:00,3.056,,,,
2006-03-12 06:00:00,18.47,,,,
2006-03-12 07:00:00,23.78,,,,
2006-03-12 08:00:00,10.47,,,,
2006-03-12 09:00:00,2.501,,,,
2006-03-12 10:00:00,31.64,,,,
2006-03-12 11:00:00,34.15,,,,
2006-03-12 12:00:00,4.83,,,,
2006-03-12 13:00:00,,,,,
2006-03-12 14:00:00,0.387,,,,
2006-03-12 15:00:00,3.399,,,,
2006-03-12 16:00:00,2.312,,,,
2006-03-12 17:00:00,5.166,,,,
2006-03-12 18:00:00,7.812,,,,
2006-03-12 19:00:00,21.48,,,,
2006-03-12 20:00:00,59.67,,,,
2006-03-12 21:00:00,35.27,,,,
2006-03-12 22:00:00,4.303,,,,
2006-03-12 23:00:00,5.858,,,,
2006-03-13 00:00:00,29.48,,,,
2006-03-13 01:00:00,4.713,,,,
2006-03-13 02:00:00,,,,,
2006-03-13 03:00:00,1.909,,,,
2006-03-13 04:00:00,5.948,,,,
2006-03-13 05:00:00,0.931,,,,
2006-03-13 06:00:00,2.523,,,,
2006-03-13 07:00:00,22.17,,,,
2006-03-13 08:00:00,8.78,,,,
2006-03-13 09:00:00,31.88,,,,
2006-03-13 10:00:00,6.137,,,,
2006-03-13 11:00:00,32.5,,,,
2006-03-13 12:00:00,5.093,,,,
2006-03-13 13:00:00,0.003,,,,
2006-03-13 14:00:00,,,,,
2006-03-13 15:00:00,26.02,,,,
2006-03-13 16:00:00,4.106,,,,
2006-03-13 17:00:00,38.09,,,,
2006-03-13 18:00:00,5.957,,,,
2006-03-13 19:00:00,30.97,,,,
2006-03-13 20:00:00,16.41,,,,
2006-03-13 21:00:00,42.88,,,,
2006-03-13 22:00:00,32.53,,,,
2006-03-13 23:00:00,35.35,,,,
2006-03-14 00:00:00,24.74,,,,
2006-03-14 01:00:00,3.353,,,,
2006-03-14 02:00:00,0.08,,,,
2006-03-14 03:00:00,4.233,,,,
2006-03-14 04:00:00,25.93,,,,
2006-03-14 05:00:00,3.985,,,,
2006-03-14 06:00:00,,,,,
2006-03-14 07:00:00,14.48,,,,
2006-03-14 08:00:00,2.313,,,,
2006-03-14 09:00:00,13.49,,,,
2006-03-14 10:00:00,32.81,,,,
2006-03-14 11:00:00,10.46,,,,
2006-03-14 12:00:00,8.775,,,,
2006-03-14 13:00:00,1.245,,,,
2006-03-14 14:00:00,20.4,,,,
2006-03-14 15:00:00,11.97,,,,
2006-03-14 16:00:00,1.387,,,,
2006-03-14 17:00:00,6.003,,,,
2006-03-14 18:00:00,6.692,,,,
2006-03-14 19:00:00,35.13,,,,
2006-03-14 20:00:00,26.33,,,,
2006-03-14 21:00:00,42.65,,,,
2006-03-14 22:00:00,23.03,,,,
2006-03-14 23:00:00,12.13,,,,
2006-03-15 00:00:00,8.22,,,,
2006-03-15 01:00:00,24.16,,,,
2006-03-15 02:00:00,6.67,,,,
2006-03-15 03:00:00,0.471,,,,
2006-03-15 04:00:00,,,,,
2006-03-15 05:00:00,13.25,,,,
2006-03-15 06:00:00,5.731,,,,
2006-03-15 07:00:00,5.736,,,,
2006-03-15 08:00:00,14.46,,,,
2006-03-15 09:00:00,9.732,,,,
2006-03-15 10:00:00,16.15,,,,
2006-03-15 11:00:00,37.53,,,,
2006-03-15 12:00:00,36.34,,,,
2006-03-15 13:00:00,4.898,,,,
2006-03-15 14:00:00,15.1,,,,
2006-03-15 15:00:00,2.463,,,,
2006-03-15 16:00:00,20.08,,,,
2006-03-15 17:00:00,3.206,,,,
2006-03-15 18:00:00,13.15,,,,
2006-03-15 19:00:00,32.24,,,,
2006-03-15 20:00:00,36.25,,,,
2006-03-15 21:00:00,49.94,,,,
2006-03-15 22:00:00,39.98,,,,
2006-03-15 23:00:00,22.75,,,,
2006-03-16 00:00:00,29.17,,,,
2006-03-16 01:00:00,18.16,,,,
2006-03-16 02:00:00,18.53,,,,
2006-03-16 03:00:00,22.7,,,,
2006-03-16 04:00:00,12.62,,,,
2006-03-16 05:00:00,1.514,,,,
2006-03-16 06:00:00,4.97,,,,
2006-03-16 07:00:00,39.1,,,,
2006-03-16 08:00:00,15.47,,,,
2006-03-16 09:00:00,23.45,,,,
2006-03-16 10:00:00,37.11,,,,
2006-03-16 11:00:00,19.91,,,,
2006-03-16 12:00:00,21.36,,,,
2006-03-16 13:00:00,3.069,,,,
2006-03-16 14:00:00,1.219,,,,
2006-03-16 15:00:00,9.063,,,,
2006-03-16 16:00:00,1.446,,,,
2006-03-16 17:00:00,,,,,
2006-03-16 18:00:00,38.92,,,,
2006-03-16 19:00:00,33.61,,,,
2006-03-16 20:00:00,53.45,,,,
2006-03-16 21:00:00,20.09,,,,
2006-03-16 22:00:00,18.38,,,,
2006-03-16 23:00:00,18.12,,,,
2006-03-17 00:00:00,48.21,,,,
2006-03-17 01:00:00,7.603,,,,
2006-03-17 02:00:00,20.67,,,,
2006-03-17 03:00:00,3.378,,,,
2006-03-17 04:00:00,13.73,,,,
2006-03-17 05:00:00,8.557,,,,
2006-03-17 06:00:00,40.57,,,,
2006-03-17 07:00:00,6.525,,,,
2006-03-17 08:00:00,51.68,,,,
2006-03-17 09:00:00,54.88,,,,
2006-03-17 10:00:00,11.41,,,,
2006-03-17 11:00:00,13.7,,,,
2006-03-17 12:00:00,36.79,,,,
2006-03-17 13:00:00,34.29,,,,
2006-03-17 14:00:00,19.38,,,,
2006-03-17 15:00:00,6.044,,,,
2006-03-17 16:00:00,26.91,,,,
2006-03-17 17:00:00,30.57,,,,
2006-03-17 18:00:00,8.214,,,,
2006-03-17 19:00:00,30.35,,,,
2006-03-17 20:00:00,59.83,,,,
2006-03-17 21:00:00,53.56,,,,
2006-03-17 22:00:00,18.9,,,,
2006-03-17 23:00:00,31.87,,,,
2006-03-18 00:00:00,4.771,,,,
2006-03-18 01:00:00,,,,,
2006-03-18 02:00:00,17.83,,,,
2006-03-18 03:00:00,48.54,,,,
2006-03-18 04:00:00,40.93,,,,
2006-03-18 05:00:00,19.6,,,,
2006-03-18 06:00:00,25.05,,,,
2006-03-18 07:00:00,29.79,,,,
2006-03-18 08:00:00,26.38,,,,
2006-03-18 09:00:00,46.67,,,,
2006-03-18 10:00:00,49.4,,,,
2006-03-18 11:00:00,48.24,,,,
2006-03-18 12:00:00,12.96,,,,
2006-03-18 13:00:00,42.32,,,,
2006-03-18 14:00:00,21.39,,,,
2006-03-18 15:00:00,15.3,,,,
2006-03-18 16:00:00,23.04,,,,
2006-03-18 17:00:00,11.94,,,,
2006-03-18 18:00:00,25.62,,,,
2006-03-18 19:00:00,31.13,,,,
2006-03-18 20:00:00,26.06,,,,
2006-03-18 21:00:00,12.98,,,,
2006-03-18 22:00:00,18.63,,,,
2006-03-18 23:00:00,21.38,,,,
2006-03-19 00:00:00,32.65,,,,
2006-03-19 01:00:00,14.31,,,,
2006-03-19 02:00:00,13.63,,,,
2006-03-19 03:00:00,20.54,,,,
2006-03-19 04:00:00,17.38,,,,
2006-03-19 05:00:00,2.324,,,,
2006-03-19 06:00:00,9.168,,,,
2006-03-19 07:00:00,35.71,,,,
2006-03-19 08:00:00,36.9,,,,
2006-03-19 09:00:00,26.2,,,,
2006-03-19 10:00:00,35.82,,,,
2006-03-19 11:00:00,10.14,,,,
2006-03-19 12:00:00,10.0,,,,
2006-03-19 13:00:00,19.85,,,,
2006-03-19 14:00:00,2.933,,,,
2006-03-19 15:00:00,19.95,,,,
2006-03-19 16:00:00,8.789,,,,
2006-03-19 17:00:00,7.357,,,,
2006-03-19 18:00:00,23.02,,,,
2006-03-19 19:00:00,3.524,,,,
2006-03-19 20:00:00,6.171,,,,
2006-03-19 21:00:00,20.49,,,,
2006-03-19 22:00:00,4.617,,,,
2006-03-19 23:00:00,0.235,,,,
2006-03-20 00:00:00,,,,,
2006-03-20 01:00:00,,,,,
2006-03-20 02:00:00,,,,,
2006-03-20 03:00:00,,,,,
2006-03-20 04:00:00,,,,,
2006-03-20 05:00:00,,,,,
2006-03-20 06:00:00,,,,,
2006-03-20 07:00:00,,,,,
2006-03-20 08:00:00,,,,,
2006-03-20 09:00:00,55.14,,,,
2006-03-20 10:00:00,8.893,,,,
2006-03-20 11:00:00,0.431,,,,
2006-03-20 12:00:00,15.16,,,,
2006-03-20 13:00:00,16.18,,,,
2006-03-20 14:00:00,2.234,,,,
2006-03-20 15:00:00,0.003,,,,
2006-03-20 16:00:00,7.772,,,,
2006-03-20 17:00:00,14.1,,,,
2006-03-20 18:00:00,2.074,,,,
2006-03-20 19:00:00,,,,,
2006-03-20 20:00:00,,,,,
2006-03-20 21:00:00,1.633,,,,
2006-03-20 22:00:00,1.323,,,,
2006-03-20 23:00:00,10.37,,,,
2006-03-21 00:00:00,1.679,,,,
2006-03-21 01:00:00,,,,,
2006-03-21 02:00:00,,,,,
2006-03-21 03:00:00,,,,,
2006-03-21 04:00:00,0.575,,,,
2006-03-21 05:00:00,0.094,,,,
2006-03-21 06:00:00,,,,,
2006-03-21 07:00:00,4.171,,,,
2006-03-21 08:00:00,11.54,,,,
2006-03-21 09:00:00,16.27,,,,
2006-03-21 10:00:00,9.205,,,,
2006-03-21 11:00:00,14.41,,,,
2006-03-21 12:00:00,4.691,,,,
2006-03-21 13:00:00,0.408,,,,
2006-03-21 14:00:00,,,,,
2006-03-21 15:00:00,,,,,
2006-03-21 16:00:00,,,,,
2006-03-21 18:00:00,,,,,
2006-03-21 19:00:00,2.808,,,,
2006-03-21 20:00:00,8.821,,,,
2006-03-21 21:00:00,34.73,,,,
2006-03-21 22:00:00,26.81,,,,
2006-03-21 23:00:00,15.73,,,,
2006-03-22 00:00:00,35.2,,,,
2006-03-22 01:00:00,26.36,,,,
2006-03-22 02:00:00,25.4,,,,
2006-03-22 03:00:00,17.37,,,,
2006-03-22 04:00:00,20.75,,,,
2006-03-22 05:00:00,25.44,,,,
2006-03-22 06:00:00,4.026,,,,
2006-03-22 07:00:00,9.218,,,,
2006-03-22 08:00:00,21.06,,,,
2006-03-22 09:00:00,25.0,,,,
2006-03-22 11:00:00,,,,,
2006-03-22 12:00:00,6.505,,,,
2006-03-22 13:00:00,1.046,,,,
2006-03-22 14:00:00,4.271,,,,
2006-03-22 15:00:00,0.682,,,,
2006-03-22 16:00:00,7.944,,,,
2006-03-22 17:00:00,1.254,,,,
2006-03-22 18:00:00,,,,,
2006-03-22 19:00:00,24.68,,,,
2006-03-22 20:00:00,3.935,,,,
2006-03-22 21:00:00,,,,,
2006-03-22 22:00:00,28.9,,,,
2006-03-22 23:00:00,27.33,,,,
2006-03-23 00:00:00,8.269,,,,
2006-03-23 01:00:00,0.734,,,,
2006-03-23 02:00:00,,,,,
2006-03-23 03:00:00,1.725,,,,
2006-03-23 04:00:00,0.275,,,,
2006-03-23 05:00:00,7.481,,,,
2006-03-23 06:00:00,24.72,,,,
2006-03-23 07:00:00,3.793,,,,
2006-03-23 08:00:00,21.71,,,,
2006-03-23 09:00:00,3.538,,,,
2006-03-23 10:00:00,22.96,,,,
2006-03-23 11:00:00,3.864,,,,
2006-03-23 12:00:00,0.026,,,,
2006-03-23 13:00:00,18.28,,,,
2006-03-23 14:00:00,21.65,,,,
2006-03-23 15:00:00,3.983,,,,
2006-03-23 16:00:00,0.154,,,,
2006-03-23 17:00:00,7.9,,,,
2006-03-23 18:00:00,8.928,,,,
2006-03-23 19:00:00,38.74,,,,
2006-03-23 20:00:00,5.989,,,,
2006-03-23 21:00:00,21.54,,,,
2006-03-23 22:00:00,6.864,,,,
2006-03-23 23:00:00,6.235,,,,
2006-03-24 00:00:00,0.918,,,,
2006-03-24 01:00:00,,,,,
2006-03-24 02:00:00,,,,,
2006-03-24 03:00:00,,,,,
2006-03-24 04:00:00,,,,,
2006-03-24 05:00:00,,,,,
2006-03-24 06:00:00,,,,,
2006-03-24 07:00:00,,,,,
2006-03-24 08:00:00,11.81,,,,
2006-03-24 09:00:00,27.11,,,,
2006-03-24 10:00:00,4.113,,,,
2006-03-24 11:00:00,22.51,,,,
2006-03-24 12:00:00,3.631,,,,
2006-03-24 13:00:00,,,,,
2006-03-24 14:00:00,,,,,
2006-03-24 16:00:00,,,,,
2006-03-24 17:00:00,,,,,
2006-03-24 18:00:00,,,,,
2006-03-24 19:00:00,,,,,
2006-03-24 20:00:00,,,,,
2006-03-24 21:00:00,,,,,
2006-03-24 22:00:00,,,,,
2006-03-24 23:00:00,10.26,,,,
2006-03-25 00:00:00,22.76,,,,
2006-03-25 01:00:00,3.441,,,,
2006-03-25 02:00:00,6.121,,,,
2006-03-25 03:00:00,11.74,,,,
2006-03-25 04:00:00,1.752,,,,
2006-03-25 05:00:00,12.29,,,,
2006-03-25 06:00:00,2.005,,,,
2006-03-25 07:00:00,,,,,
2006-03-25 08:00:00,25.35,,,,
2006-03-25 09:00:00,24.86,,,,
2006-03-25 10:00:00,12.12,,,,
2006-03-25 11:00:00,18.04,,,,
2006-03-25 12:00:00,6.779,,,,
2006-03-25 13:00:00,3.9,,,,
2006-03-25 14:00:00,0.539,,,,
2006-03-25 15:00:00,25.41,,,,
2006-03-25 16:00:00,4.103,,,,
2006-03-25 17:00:00,,,,,
2006-03-25 18:00:00,,,,,
2006-03-25 19:00:00,,,,,
2006-03-25 20:00:00,,,,,
2006-03-25 21:00:00,,,,,
2006-03-25 22:00:00,13.18,,,,
2006-03-25 23:00:00,8.18,,,,
2006-03-26 00:00:00,16.29,,,,
2006-03-26 01:00:00,9.496,,,,
2006-03-26 02:00:00,5.516,,,,
2006-03-26 03:00:00,14.47,,,,
2006-03-26 04:00:00,19.78,,,,
2006-03-26 05:00:00,2.832,,,,
2006-03-26 06:00:00,,,,,
2006-03-26 07:00:00,,,,,
2006-03-26 08:00:00,19.0,,,,
2006-03-26 09:00:00,3.064,,,,
2006-03-26 10:00:00,2.041,,,,
2006-03-26 11:00:00,18.49,,,,
2006-03-26 12:00:00,2.896,,,,
2006-03-26 13:00:00,3.165,,,,
2006-03-26 14:00:00,8.108,,,,
2006-03-26 15:00:00,10.19,,,,
2006-03-26 16:00:00,17.92,,,,
2006-03-26 17:00:00,2.685,,,,
2006-03-26 18:00:00,,,,,
2006-03-26 19:00:00,,,,,
2006-03-26 20:00:00,1.223,,,,
2006-03-26 21:00:00,15.84,,,,
2006-03-26 22:00:00,20.79,,,,
2006-03-26 23:00:00,2.975,,,,
2006-03-27 00:00:00,7.871,,,,
2006-03-27 01:00:00,9.183,,,,
2006-03-27 02:00:00,9.19,,,,
2006-03-27 03:00:00,26.82,,,,
2006-03-27 04:00:00,4.119,,,,
2006-03-27 05:00:00,,,,,
2006-03-27 06:00:00,1.154,,,,
2006-03-27 07:00:00,0.186,,,,
2006-03-27 08:00:00,6.379,,,,
2006-03-27 09:00:00,6.302,,,,
2006-03-27 10:00:00,46.37,,,,
2006-03-27 11:00:00,21.07,,,,
2006-03-27 12:00:00,2.215,,,,
2006-03-27 13:00:00,2.118,,,,
2006-03-27 14:00:00,16.24,,,,
2006-03-27 15:00:00,2.564,,,,
2006-03-27 16:00:00,11.56,,,,
2006-03-27 17:00:00,3.312,,,,
2006-03-27 18:00:00,0.253,,,,
2006-03-27 19:00:00,4.972,,,,
2006-03-27 20:00:00,20.34,,,,
2006-03-27 21:00:00,29.42,,,,
2006-03-27 22:00:00,19.27,,,,
2006-03-27 23:00:00,34.98,,,,
2006-03-28 00:00:00,12.98,,,,
2006-03-28 01:00:00,38.97,,,,
2006-03-28 02:00:00,21.6,,,,
2006-03-28 03:00:00,16.94,,,,
2006-03-28 04:00:00,12.76,,,,
2006-03-28 05:00:00,9.528,,,,
2006-03-28 06:00:00,1.265,,,,
2006-03-28 07:00:00,16.92,,,,
2006-03-28 08:00:00,26.15,,,,
2006-03-28 09:00:00,27.7,,,,
2006-03-28 10:00:00,43.49,,,,
2006-03-28 11:00:00,14.86,,,,
2006-03-28 12:00:00,7.613,,,,
2006-03-28 13:00:00,0.997,,,,
2006-03-28 14:00:00,,,,,
2006-03-28 15:00:00,,,,,
2006-03-28 16:00:00,,,,,
2006-03-28 17:00:00,,,,,
2006-03-28 18:00:00,,,,,
2006-03-28 19:00:00,11.08,,,,
2006-03-28 20:00:00,1.745,,,,
2006-03-28 21:00:00,7.499,,,,
2006-03-28 22:00:00,18.67,,,,
2006-03-28 23:00:00,12.8,,,,
2006-03-29 00:00:00,12.2,,,,
2006-03-29 01:00:00,3.605,,,,
2006-03-29 02:00:00,5.541,,,,
2006-03-29 03:00:00,14.34,,,,
2006-03-29 04:00:00,4.094,,,,
2006-03-29 05:00:00,0.309,,,,
2006-03-29 06:00:00,,,,,
2006-03-29 07:00:00,,,,,
2006-03-29 08:00:00,,,,,
2006-03-29 09:00:00,,,,,
2006-03-29 10:00:00,10.18,,,,
2006-03-29 11:00:00,2.727,,,,
2006-03-29 12:00:00,0.169,,,,
2006-03-29 13:00:00,12.03,,,,
2006-03-29 14:00:00,32.99,,,,
2006-03-29 15:00:00,5.117,,,,
2006-03-29 16:00:00,1.931,,,,
2006-03-29 17:00:00,0.319,,,,
2006-03-29 18:00:00,,,,,
2006-03-29 19:00:00,,,,,
2006-03-29 20:00:00,3.184,,,,
2006-03-29 21:00:00,0.526,,,,
2006-03-29 22:00:00,,,,,
2006-03-29 23:00:00,15.19,,,,
2006-03-30 00:00:00,14.6,,,,
2006-03-30 01:00:00,19.34,,,,
2006-03-30 02:00:00,5.835,,,,
2006-03-30 03:00:00,20.13,,,,
2006-03-30 04:00:00,6.918,,,,
2006-03-30 05:00:00,0.606,,,,
2006-03-30 06:00:00,19.61,,,,
2006-03-30 07:00:00,3.2,,,,
2006-03-30 08:00:00,3.843,,,,
2006-03-30 09:00:00,0.627,,,,
2006-03-30 10:00:00,17.25,,,,
2006-03-30 11:00:00,30.5,,,,
2006-03-30 12:00:00,4.517,,,,
2006-03-30 13:00:00,,,,,
2006-03-30 14:00:00,13.97,,,,
2006-03-30 15:00:00,3.303,,,,
2006-03-30 16:00:00,26.66,,,,
2006-03-30 17:00:00,4.323,,,,
2006-03-30 18:00:00,,,,,
2006-03-30 19:00:00,14.06,,,,
2006-03-30 20:00:00,5.079,,,,
2006-03-30 21:00:00,7.857,,,,
2006-03-30 22:00:00,22.19,,,,
2006-03-30 23:00:00,3.441,,,,
2006-03-31 00:00:00,17.1,,,,
2006-03-31 01:00:00,2.822,,,,
2006-03-31 02:00:00,16.27,,,,
2006-03-31 03:00:00,13.64,,,,
2006-03-31 04:00:00,11.64,,,,
2006-03-31 05:00:00,1.622,,,,
2006-03-31 06:00:00,,,,,
2006-03-31 07:00:00,6.927,,,,
2006-03-31 08:00:00,26.13,,,,
2006-03-31 09:00:00,23.73,,,,
2006-03-31 10:00:00,26.64,,,,
2006-03-31 11:00:00,21.73,,,,
2006-03-31 12:00:00,2.977,,,,
2006-03-31 13:00:00,21.91,,,,
2006-03-31 14:00:00,3.652,,,,
2006-03-31 15:00:00,16.22,,,,
2006-03-31 16:00:00,31.55,,,,
2006-03-31 17:00:00,4.675,,,,
2006-03-31 18:00:00,4.28,,,,
2006-03-31 19:00:00,24.21,,,,
2006-03-31 20:00:00,41.76,,,,
2006-03-31 21:00:00,16.18,,,,
2006-03-31 22:00:00,38.08,,,,
2006-03-31 23:00:00,15.53,,,,
2006-04-01 00:00:00,7.153,,,,
2006-04-01 01:00:00,32.32,,,,
2006-04-01 02:00:00,10.25,,,,
2006-04-01 03:00:00,0.835,,,,
2006-04-01 04:00:00,26.09,,,,
2006-04-01 05:00:00,4.215,,,,
2006-04-01 06:00:00,1.734,,,,
2006-04-01 07:00:00,17.91,,,,
2006-04-01 08:00:00,7.609,,,,
2006-04-01 09:00:00,33.66,,,,
2006-04-01 10:00:00,36.88,,,,
2006-04-01 11:00:00,5.195,,,,
2006-04-01 12:00:00,37.39,,,,
2006-04-01 13:00:00,6.171,,,,
2006-04-01 14:00:00,,,,,
2006-04-01 15:00:00,18.63,,,,
2006-04-01 16:00:00,6.19,,,,
2006-04-01 17:00:00,0.509,,,,
2006-04-01 18:00:00,19.26,,,,
2006-04-01 19:00:00,19.07,,,,
2006-04-01 20:00:00,39.32,,,,
2006-04-01 21:00:00,7.201,,,,
2006-04-01 22:00:00,27.25,,,,
2006-04-01 23:00:00,11.67,,,,
2006-04-02 00:00:00,17.45,,,,
2006-04-02 01:00:00,2.727,,,,
2006-04-02 02:00:00,30.19,,,,
2006-04-02 03:00:00,7.274,,,,
2006-04-02 04:00:00,5.932,,,,
2006-04-02 05:00:00,0.908,,,,
2006-04-02 06:00:00,,,,,
2006-04-02 07:00:00,,,,,
2006-04-02 08:00:00,16.48,,,,
2006-04-02 09:00:00,8.007,,,,
2006-04-02 10:00:00,0.873,,,,
2006-04-02 11:00:00,21.03,,,,
2006-04-02 12:00:00,13.28,,,,
2006-04-02 13:00:00,1.623,,,,
2006-04-02 14:00:00,0.003,,,,
2006-04-02 15:00:00,21.04,,,,
2006-04-02 16:00:00,4.737,,,,
2006-04-02 17:00:00,0.197,,,,
2006-04-02 18:00:00,,,,,
2006-04-02 19:00:00,,,,,
2006-04-02 20:00:00,,,,,
2006-04-02 21:00:00,17.51,,,,
2006-04-02 22:00:00,27.98,,,,
2006-04-02 23:00:00,21.26,,,,
2006-04-03 00:00:00,2.749,,,,
2006-04-03 01:00:00,,,,,
2006-04-03 02:00:00,23.14,,,,
2006-04-03 03:00:00,3.831,,,,
2006-04-03 04:00:00,0.114,,,,
2006-04-03 05:00:00,0.018,,,,
2006-04-03 06:00:00,,,,,
2006-04-03 07:00:00,2.983,,,,
2006-04-03 08:00:00,1.364,,,,
2006-04-03 09:00:00,19.89,,,,
2006-04-03 10:00:00,3.222,,,,
2006-04-03 11:00:00,5.623,,,,
2006-04-03 12:00:00,4.782,,,,
2006-04-03 13:00:00,0.625,,,,
2006-04-03 14:00:00,,,,,
2006-04-03 15:00:00,,,,,
2006-04-03 16:00:00,,,,,
2006-04-03 17:00:00,,,,,
2006-04-03 18:00:00,,,,,
2006-04-03 19:00:00,19.49,,,,
2006-04-03 20:00:00,17.83,,,,
2006-04-03 21:00:00,3.192,,,,
2006-04-03 22:00:00,4.438,,,,
2006-04-03 23:00:00,17.06,,,,
2006-04-04 00:00:00,16.31,,,,
2006-04-04 01:00:00,2.226,,,,
2006-04-04 02:00:00,,,,,
2006-04-04 03:00:00,8.056,,,,
2006-04-04 04:00:00,1.314,,,,
2006-04-04 05:00:00,,,,,
2006-04-04 06:00:00,,,,,
2006-04-04 07:00:00,,,,,
2006-04-04 08:00:00,,,,,
2006-04-04 09:00:00,,,,,
2006-04-04 10:00:00,9.124,,,,
2006-04-04 11:00:00,8.982,,,,
2006-04-04 12:00:00,,,,,
2006-04-04 13:00:00,,,,,
2006-04-04 14:00:00,10.56,,,45.53,
2006-04-04 15:00:00,23.81,,,58.39,
2006-04-04 16:00:00,22.84,,,,
2006-04-04 17:00:00,35.33,,,31.82,
2006-04-04 18:00:00,8.338,,,23.26,
2006-04-04 19:00:00,25.8,,,,
2006-04-04 20:00:00,35.17,,,8.733,
2006-04-04 21:00:00,38.02,,,9.143,
2006-04-04 22:00:00,14.25,,,,
2006-04-04 23:00:00,19.75,,,4.138,
2006-04-05 00:00:00,20.0,,,7.382,
2006-04-05 01:00:00,15.96,,,,
2006-04-05 02:00:00,2.131,,,13.12,
2006-04-05 03:00:00,,,,8.115,
2006-04-05 04:00:00,12.25,,,,
2006-04-05 05:00:00,6.393,,,0.5,
2006-04-05 06:00:00,2.378,,,0.5,
2006-04-05 07:00:00,8.765,,,,
2006-04-05 08:00:00,17.32,,,0.5,
2006-04-05 09:00:00,26.91,,,0.5,
2006-04-05 10:00:00,23.82,,,,
2006-04-05 11:00:00,23.64,,,9.408,
2006-04-05 12:00:00,9.609,,,17.32,
2006-04-05 13:00:00,23.15,,,,
2006-04-05 14:00:00,3.656,,,28.05,
2006-04-05 15:00:00,3.811,,,40.36,
2006-04-05 16:00:00,17.11,,,,
2006-04-05 17:00:00,40.45,,,,
2006-04-05 18:00:00,14.65,,,,
2006-04-05 19:00:00,29.25,,,,
2006-04-05 20:00:00,42.89,,,,
2006-04-05 21:00:00,21.66,,,,
2006-04-05 22:00:00,41.91,,,,
2006-04-05 23:00:00,32.88,,,,
2006-04-06 00:00:00,33.54,,,,
2006-04-06 01:00:00,29.03,,,,
2006-04-06 02:00:00,12.45,,,,
2006-04-06 03:00:00,29.24,,,,
2006-04-06 04:00:00,20.58,,,,
2006-04-06 05:00:00,42.32,,,,
2006-04-06 06:00:00,23.38,,,,
2006-04-06 07:00:00,2.798,,,,
2006-04-06 08:00:00,11.72,,,,
2006-04-06 09:00:00,38.24,,,,
2006-04-06 10:00:00,22.42,,,,
2006-04-06 11:00:00,30.78,,,,
2006-04-06 12:00:00,21.67,,,,
2006-04-06 13:00:00,53.8,,,,
2006-04-06 14:00:00,8.581,,,,
2006-04-06 15:00:00,34.97,,,,
2006-04-06 16:00:00,23.03,,,,
2006-04-06 17:00:00,25.39,,,,
2006-04-06 18:00:00,7.923,,,,
2006-04-06 19:00:00,55.23,,,,
2006-04-06 20:00:00,51.69,,,,
2006-04-06 21:00:00,9.895,,,,
2006-04-06 22:00:00,14.83,,,,
2006-04-06 23:00:00,12.51,,,,
2006-04-07 00:00:00,9.809,,,,
2006-04-07 01:00:00,30.52,,,,
2006-04-07 02:00:00,4.927,,,,
2006-04-07 03:00:00,8.564,,,,
2006-04-07 04:00:00,13.73,,,,
2006-04-07 05:00:00,2.054,,,,
2006-04-07 06:00:00,27.71,,,,
2006-04-07 07:00:00,5.362,,,,
2006-04-07 08:00:00,16.49,,,,
2006-04-07 09:00:00,10.03,,,,
2006-04-07 10:00:00,57.06,,,,
2006-04-07 11:00:00,13.53,,,,
2006-04-07 12:00:00,31.43,,,,
2006-04-07 13:00:00,5.13,,,,
2006-04-07 14:00:00,,,,,
2006-04-07 15:00:00,6.603,,,,
2006-04-07 16:00:00,5.902,,,,
2006-04-07 17:00:00,23.6,,,,
2006-04-07 18:00:00,12.87,,,,
2006-04-07 19:00:00,27.38,,,,
2006-04-07 20:00:00,43.43,,,,
2006-04-07 21:00:00,21.11,,,,
2006-04-07 22:00:00,2.451,,,,
2006-04-07 23:00:00,14.26,,,,
2006-04-08 11:00:00,21.76,,,,
2006-04-08 12:00:00,12.63,,,,
2006-04-08 13:00:00,14.37,,,,
2006-04-08 14:00:00,2.047,,,,
2006-04-08 15:00:00,19.85,,,,
2006-04-08 16:00:00,3.165,,,,
2006-04-08 17:00:00,,,,,
2006-04-08 18:00:00,3.116,,,,
2006-04-08 19:00:00,10.67,,,,
2006-04-08 20:00:00,24.71,,,,
2006-04-08 21:00:00,16.92,,,,
2006-04-08 22:00:00,36.12,,,,
2006-04-08 23:00:00,7.468,,,,
2006-04-09 00:00:00,7.811,,,,
2006-04-09 01:00:00,11.26,,,,
2006-04-09 02:00:00,1.638,,,,
2006-04-09 03:00:00,,,,,
2006-04-09 04:00:00,,,,,
2006-04-09 05:00:00,,,,,
2006-04-09 06:00:00,,,,,
2006-04-09 07:00:00,,,,,
2006-04-09 08:00:00,7.91,,,,
2006-04-09 09:00:00,1.325,,,,
2006-04-09 10:00:00,12.65,,,,
2006-04-09 11:00:00,2.088,,,,
2006-04-09 12:00:00,13.42,,,,
2006-04-09 13:00:00,9.73,,,,
2006-04-09 14:00:00,1.25,,,,
2006-04-09 15:00:00,,,,,
2006-04-09 16:00:00,,,,,
2006-04-09 17:00:00,,,,18.25,
2006-04-09 18:00:00,11.48,,,16.18,
2006-04-09 19:00:00,8.847,,,,
2006-04-09 20:00:00,17.69,,,10.36,
2006-04-09 21:00:00,2.727,,,3.736,
2006-04-09 22:00:00,10.75,,,,
2006-04-09 23:00:00,37.11,,,1.76,
2006-04-10 00:00:00,5.77,,,2.394,
2006-04-10 01:00:00,,,,,
2006-04-10 02:00:00,,,,11.23,
2006-04-10 03:00:00,,,,13.93,
2006-04-10 04:00:00,,,,,
2006-04-10 05:00:00,,,,2.839,
2006-04-10 06:00:00,,,,4.125,
2006-04-10 07:00:00,8.647,,,,
2006-04-10 08:00:00,34.56,,,0.5,
2006-04-10 09:00:00,9.03,,,0.5,
2006-04-10 10:00:00,28.15,,,,
2006-04-10 11:00:00,26.52,,,4.438,
2006-04-10 12:00:00,5.286,,,16.18,
2006-04-10 13:00:00,9.652,,,,
2006-04-10 14:00:00,1.547,,,13.69,
2006-04-10 15:00:00,2.378,,,17.56,
2006-04-10 16:00:00,0.392,,,,
2006-04-10 17:00:00,,,,15.87,
2006-04-10 18:00:00,11.66,,,13.12,
2006-04-10 19:00:00,10.89,,,,
2006-04-10 20:00:00,24.61,,,0.5,
2006-04-10 21:00:00,27.2,,,0.5,
2006-04-10 22:00:00,22.5,,,,
2006-04-10 23:00:00,8.162,,,1.363,
2006-04-11 00:00:00,11.38,,,0.5,
2006-04-11 01:00:00,10.81,,,,
2006-04-11 02:00:00,1.511,,,6.124,
2006-04-11 03:00:00,9.204,,,8.402,
2006-04-11 04:00:00,12.96,,,,
2006-04-11 05:00:00,1.961,,,9.102,
2006-04-11 06:00:00,9.367,,,6.437,
2006-04-11 07:00:00,1.591,,,,
2006-04-11 08:00:00,13.44,,,0.5,
2006-04-11 09:00:00,7.048,,,0.5,
2006-04-11 10:00:00,31.9,,,,
2006-04-11 11:00:00,30.17,,,1.329,
2006-04-11 12:00:00,4.245,,,1.297,
2006-04-11 13:00:00,18.27,,,,
2006-04-11 14:00:00,3.154,,,9.601,
2006-04-11 15:00:00,,,,8.535,
2006-04-11 16:00:00,,,,10.01,
2006-04-11 17:00:00,,,,9.922,
2006-04-11 18:00:00,,,,5.317,
2006-04-11 19:00:00,14.13,,,0.5,
2006-04-11 20:00:00,20.09,,,0.5,
2006-04-11 21:00:00,22.81,,,0.5,
2006-04-11 22:00:00,3.281,,,0.5,
2006-04-11 23:00:00,12.59,,,0.5,
2006-04-12 00:00:00,25.86,,,0.5,
2006-04-12 01:00:00,15.75,,,0.5,
2006-04-12 02:00:00,24.04,,,2.483,
2006-04-12 03:00:00,3.646,,,3.973,
2006-04-12 04:00:00,18.36,,,4.536,
2006-04-12 05:00:00,3.066,,,5.224,
2006-04-12 06:00:00,,,,3.157,
2006-04-12 07:00:00,12.31,,,0.5,
2006-04-12 08:00:00,34.95,,,0.5,
2006-04-12 09:00:00,34.51,,,0.5,
2006-04-12 10:00:00,34.31,,,2.681,
2006-04-12 11:00:00,29.39,,,7.008,
2006-04-12 12:00:00,26.25,,,15.31,
2006-04-12 13:00:00,3.682,,,16.18,
2006-04-12 14:00:00,1.994,,,16.63,
2006-04-12 15:00:00,12.72,,,15.8,
2006-04-12 16:00:00,2.069,,,17.58,
2006-04-12 17:00:00,,,,18.15,
2006-04-12 18:00:00,,,,9.767,
2006-04-12 19:00:00,10.6,,,3.446,
2006-04-12 20:00:00,13.18,,,8.918,
2006-04-12 21:00:00,30.42,,,7.399,
2006-04-12 22:00:00,28.91,,,2.81,
2006-04-12 23:00:00,10.7,,,4.89,
2006-04-13 00:00:00,39.38,,,4.533,
2006-04-13 01:00:00,6.389,,,2.924,
2006-04-13 02:00:00,9.373,,,7.649,
2006-04-13 03:00:00,4.62,,,3.543,
2006-04-13 04:00:00,7.151,,,0.5,
2006-04-13 05:00:00,1.129,,,0.5,
2006-04-13 06:00:00,,,,0.5,
2006-04-13 07:00:00,13.38,,,0.5,
2006-04-13 08:00:00,15.62,,,0.5,
2006-04-13 09:00:00,5.498,,,0.5,
2006-04-13 10:00:00,27.35,,,0.5,
2006-04-13 11:00:00,9.382,,,4.329,
2006-04-13 12:00:00,35.25,,,7.213,
2006-04-13 13:00:00,32.41,,,10.28,
2006-04-13 14:00:00,36.84,,,15.24,
2006-04-13 15:00:00,5.407,,,20.67,
2006-04-13 16:00:00,,,,58.16,
2006-04-13 17:00:00,,,,41.43,
2006-04-13 18:00:00,12.76,,,19.64,
2006-04-13 19:00:00,13.77,,,4.932,
2006-04-13 20:00:00,29.78,,,0.5,
2006-04-13 21:00:00,4.655,,,4.756,
2006-04-13 22:00:00,18.42,,,6.257,
2006-04-13 23:00:00,15.58,,,6.644,
2006-04-14 00:00:00,2.106,,,7.722,
2006-04-14 01:00:00,6.007,,,10.24,
2006-04-14 02:00:00,14.9,,,10.9,
2006-04-14 03:00:00,6.605,,,6.461,
2006-04-14 04:00:00,4.717,,,2.672,
2006-04-14 05:00:00,0.668,,,0.5,
2006-04-14 06:00:00,,,,0.5,
2006-04-14 07:00:00,6.109,,,0.5,
2006-04-14 08:00:00,1.596,,,0.5,
2006-04-14 09:00:00,14.41,,,1.735,
2006-04-14 10:00:00,14.08,,,6.443,
2006-04-14 11:00:00,12.0,,,8.532,
2006-04-14 12:00:00,4.833,,,21.13,
2006-04-14 13:00:00,20.07,,,30.67,
2006-04-14 14:00:00,13.75,,,46.42,
2006-04-14 15:00:00,1.764,,,46.14,
2006-04-14 16:00:00,29.75,,,41.52,
2006-04-14 17:00:00,5.022,,,29.66,
2006-04-14 18:00:00,,,,16.88,
2006-04-14 19:00:00,15.01,,,9.858,
2006-04-14 20:00:00,36.58,,,22.08,
2006-04-14 21:00:00,5.804,,,17.32,
2006-04-14 22:00:00,,,,17.56,
2006-04-14 23:00:00,10.55,,,18.48,
2006-04-15 00:00:00,20.52,,,8.547,
2006-04-15 01:00:00,11.14,,,4.267,
2006-04-15 02:00:00,1.356,,,6.619,
2006-04-15 03:00:00,24.47,,,10.27,
2006-04-15 04:00:00,14.09,,,12.43,
2006-04-15 05:00:00,1.692,,,5.652,
2006-04-15 06:00:00,4.86,,,10.08,
2006-04-15 07:00:00,13.65,,,12.82,
2006-04-15 08:00:00,17.64,,,13.4,
2006-04-15 09:00:00,24.39,,,15.09,
2006-04-15 10:00:00,4.951,,,17.0,
2006-04-15 11:00:00,0.211,,,23.69,
2006-04-15 12:00:00,7.5,,,22.63,
2006-04-15 13:00:00,14.84,,,21.52,
2006-04-15 14:00:00,2.316,,,21.47,
2006-04-15 15:00:00,,,,21.66,
2006-04-15 16:00:00,12.1,,,21.18,
2006-04-15 17:00:00,2.066,,,27.06,
2006-04-15 18:00:00,,,,21.65,
2006-04-15 19:00:00,0.974,,,21.91,
2006-04-15 20:00:00,0.166,,,18.58,
2006-04-15 21:00:00,17.88,,,20.22,
2006-04-15 22:00:00,3.052,,,16.5,
2006-04-15 23:00:00,5.808,,,16.45,
2006-04-16 00:00:00,9.935,,,18.47,
2006-04-16 01:00:00,1.527,,,25.18,
2006-04-16 02:00:00,5.014,,,27.89,
2006-04-16 03:00:00,0.856,,,31.07,
2006-04-16 04:00:00,0.555,,,31.03,
2006-04-16 05:00:00,0.095,,,27.88,
2006-04-16 06:00:00,,,,24.21,
2006-04-16 07:00:00,,,,20.83,
2006-04-16 08:00:00,,,,22.56,
2006-04-16 09:00:00,,,,25.35,
2006-04-16 10:00:00,,,,25.43,
2006-04-16 11:00:00,,,,27.76,
2006-04-16 12:00:00,,,,28.6,
2006-04-16 13:00:00,,,,32.86,
2006-04-16 14:00:00,4.386,,,35.87,
2006-04-16 15:00:00,10.99,,,38.11,
2006-04-16 16:00:00,6.853,,,34.19,
2006-04-16 17:00:00,0.851,,,32.5,
2006-04-16 18:00:00,,,,30.61,
2006-04-16 19:00:00,1.27,,,15.62,
2006-04-16 20:00:00,0.21,,,4.34,
2006-04-16 21:00:00,4.669,,,11.89,
2006-04-16 22:00:00,24.57,,,14.23,
2006-04-16 23:00:00,3.984,,,19.33,
2006-04-17 00:00:00,14.04,,,25.7,
2006-04-17 01:00:00,2.343,,,25.2,
2006-04-17 02:00:00,1.928,,,27.11,
2006-04-17 03:00:00,0.725,,,29.39,
2006-04-17 04:00:00,1.507,,,30.61,
2006-04-17 05:00:00,8.45,,,29.29,
2006-04-17 06:00:00,1.388,,,25.85,
2006-04-17 07:00:00,0.003,,,13.26,
2006-04-17 08:00:00,,,,5.731,
2006-04-17 09:00:00,14.21,,,5.472,
2006-04-17 10:00:00,22.84,,,9.512,
2006-04-17 11:00:00,9.33,,,19.07,
2006-04-17 12:00:00,22.09,,,22.48,
2006-04-17 13:00:00,3.484,,,26.84,
2006-04-17 14:00:00,,,,23.64,
2006-04-17 15:00:00,2.605,,,24.48,
2006-04-17 16:00:00,0.435,,,27.17,
2006-04-17 17:00:00,,,,19.62,
2006-04-17 18:00:00,,,,21.46,
2006-04-17 19:00:00,33.83,,,13.77,
2006-04-17 20:00:00,8.604,,,2.388,
2006-04-17 21:00:00,20.78,,,13.02,
2006-04-17 22:00:00,34.86,,,6.174,
2006-04-17 23:00:00,9.779,,,5.784,
2006-04-18 00:00:00,9.89,,,0.5,
2006-04-18 01:00:00,10.14,,,3.906,
2006-04-18 02:00:00,8.034,,,17.86,
2006-04-18 03:00:00,6.195,,,13.27,
2006-04-18 04:00:00,14.52,,,8.625,
2006-04-18 05:00:00,2.332,,,15.57,
2006-04-18 06:00:00,,,,10.73,
2006-04-18 07:00:00,,,,4.349,
2006-04-18 08:00:00,22.85,,,0.5,
2006-04-18 09:00:00,26.05,,,0.5,
2006-04-18 10:00:00,33.46,,,1.853,
2006-04-18 11:00:00,25.68,,,11.47,
2006-04-18 12:00:00,,,,17.63,
2006-04-18 13:00:00,,,,25.05,
2006-04-18 14:00:00,,,,42.89,
2006-04-18 15:00:00,,,,37.83,
2006-04-18 17:00:00,,,,28.2,
2006-04-18 18:00:00,,,,26.87,
2006-04-18 19:00:00,,,,6.304,
2006-04-18 20:00:00,2.614,,,4.629,
2006-04-18 21:00:00,25.84,,,8.881,
2006-04-18 22:00:00,29.48,,,13.59,
2006-04-18 23:00:00,7.915,,,14.52,
2006-04-19 00:00:00,14.9,,,8.769,
2006-04-19 01:00:00,7.886,,,10.03,
2006-04-19 02:00:00,0.91,,,11.16,
2006-04-19 03:00:00,8.146,,,19.98,
2006-04-19 04:00:00,3.894,,,22.32,
2006-04-19 05:00:00,0.438,,,16.01,
2006-04-19 06:00:00,0.003,,,13.55,
2006-04-19 07:00:00,,,,7.372,
2006-04-19 08:00:00,,,,0.5,
2006-04-19 09:00:00,18.69,,,0.5,
2006-04-19 10:00:00,27.04,,,0.5,
2006-04-19 11:00:00,27.92,,,4.477,
2006-04-19 12:00:00,45.55,,,27.12,
2006-04-19 13:00:00,7.791,,,22.08,
2006-04-19 14:00:00,4.255,,,32.57,
2006-04-19 15:00:00,7.027,,,33.68,
2006-04-19 16:00:00,13.18,,,37.2,
2006-04-19 17:00:00,9.148,,,30.3,
2006-04-19 18:00:00,3.831,,,21.79,
2006-04-19 19:00:00,0.448,,,16.54,
2006-04-19 20:00:00,23.58,,,14.38,
2006-04-19 21:00:00,12.38,,,14.12,
2006-04-19 22:00:00,9.165,,,13.67,
2006-04-19 23:00:00,21.71,,,9.513,
2006-04-20 00:00:00,4.976,,,12.68,
2006-04-20 01:00:00,12.53,,,18.7,
2006-04-20 02:00:00,2.096,,,22.61,
2006-04-20 03:00:00,,,,23.78,
2006-04-20 04:00:00,,,,22.13,
2006-04-20 05:00:00,13.26,,,15.19,
2006-04-20 06:00:00,8.746,,,5.21,
2006-04-20 07:00:00,13.04,,,0.5,
2006-04-20 08:00:00,2.037,,,0.5,
2006-04-20 09:00:00,34.7,,,1.575,
2006-04-20 10:00:00,17.68,,,6.839,
2006-04-20 11:00:00,5.46,,,12.86,
2006-04-20 12:00:00,20.95,,,21.97,
2006-04-20 13:00:00,6.09,,,27.72,
2006-04-20 14:00:00,1.698,,,28.57,
2006-04-20 15:00:00,33.93,,,41.11,
2006-04-20 16:00:00,17.67,,,53.15,
2006-04-20 17:00:00,2.046,,,45.71,
2006-04-20 18:00:00,,,,21.63,
2006-04-20 19:00:00,,,,6.089,
2006-04-20 20:00:00,,,,6.485,
2006-04-20 21:00:00,30.37,,,4.904,
2006-04-20 22:00:00,26.99,,,3.869,
2006-04-20 23:00:00,25.41,,,1.351,
2006-04-21 00:00:00,15.53,,,2.028,
2006-04-21 01:00:00,8.242,,,2.531,
2006-04-21 02:00:00,23.97,,,4.754,
2006-04-21 03:00:00,3.995,,,1.235,
2006-04-21 04:00:00,11.37,,,6.352,
2006-04-21 05:00:00,1.984,,,3.568,
2006-04-21 06:00:00,,,,4.872,
2006-04-21 07:00:00,6.777,,,2.038,
2006-04-21 08:00:00,18.32,,,17.1,
2006-04-21 09:00:00,16.33,,,5.781,
2006-04-21 10:00:00,14.38,,,4.604,
2006-04-21 11:00:00,14.93,,,3.86,
2006-04-21 12:00:00,37.69,,,5.158,
2006-04-21 13:00:00,6.188,,,9.783,
2006-04-21 14:00:00,15.13,,,13.4,
2006-04-21 15:00:00,9.111,,,25.04,
2006-04-21 16:00:00,1.129,,,23.68,
2006-04-21 17:00:00,1.013,,,21.96,
2006-04-21 18:00:00,0.177,,,11.99,
2006-04-21 19:00:00,,,,1.065,
2006-04-21 20:00:00,,,,0.5,
2006-04-21 21:00:00,,,,1.276,
2006-04-21 22:00:00,,,,1.573,
2006-04-21 23:00:00,,,,0.5,
2006-04-22 00:00:00,,,,3.128,
2006-04-22 01:00:00,2.741,,,5.502,
2006-04-22 02:00:00,14.87,,,6.471,
2006-04-22 03:00:00,5.231,,,7.731,
2006-04-22 04:00:00,5.033,,,6.971,
2006-04-22 05:00:00,16.15,,,9.135,
2006-04-22 06:00:00,2.681,,,12.83,
2006-04-22 07:00:00,,,,10.01,
2006-04-22 08:00:00,,,,6.919,
2006-04-22 09:00:00,12.55,,,8.394,
2006-04-22 10:00:00,28.92,,,13.47,
2006-04-22 11:00:00,9.609,,,15.77,
2006-04-22 12:00:00,21.06,,,16.91,
2006-04-22 13:00:00,3.373,,,24.0,
2006-04-22 14:00:00,1.62,,,31.53,
2006-04-22 15:00:00,0.27,,,31.75,
2006-04-22 16:00:00,,,,28.07,
2006-04-22 17:00:00,,,,13.64,
2006-04-22 18:00:00,,,,6.624,
2006-04-22 19:00:00,,,,1.019,
2006-04-22 20:00:00,,,,0.5,
2006-04-22 21:00:00,,,,0.5,
2006-04-22 22:00:00,14.59,,,0.5,
2006-04-22 23:00:00,21.98,,,0.5,
2006-04-23 00:00:00,25.07,,,1.447,
2006-04-23 01:00:00,12.22,,,0.5,
2006-04-23 02:00:00,16.94,,,2.289,
2006-04-23 03:00:00,19.95,,,5.145,
2006-04-23 04:00:00,2.898,,,3.169,
2006-04-23 05:00:00,,,,3.821,
2006-04-23 06:00:00,19.38,,,8.247,
2006-04-23 07:00:00,3.252,,,10.32,
2006-04-23 08:00:00,17.58,,,16.92,
2006-04-23 09:00:00,7.426,,,18.36,
2006-04-23 10:00:00,6.08,,,22.57,
2006-04-23 11:00:00,6.52,,,29.7,
2006-04-23 12:00:00,7.701,,,32.59,
2006-04-23 13:00:00,1.129,,,32.88,
2006-04-23 14:00:00,20.56,,,38.32,
2006-04-23 15:00:00,7.691,,,39.39,
2006-04-23 16:00:00,0.711,,,37.16,
2006-04-23 17:00:00,13.52,,,28.13,
2006-04-23 18:00:00,2.26,,,9.767,
2006-04-23 19:00:00,17.11,,,1.186,
2006-04-23 20:00:00,11.7,,,0.5,
2006-04-23 21:00:00,12.68,,,0.5,
2006-04-23 22:00:00,37.93,,,0.5,
2006-04-23 23:00:00,45.66,,,0.5,
2006-04-24 00:00:00,14.5,,,0.5,
2006-04-24 01:00:00,16.55,,,0.5,
2006-04-24 02:00:00,13.66,,,0.5,
2006-04-24 03:00:00,15.7,,,0.5,
2006-04-24 04:00:00,19.01,,,0.5,
2006-04-24 05:00:00,2.844,,,0.5,
2006-04-24 06:00:00,,,,0.5,
2006-04-24 07:00:00,,,,0.5,
2006-04-24 08:00:00,21.92,,,0.5,
2006-04-24 09:00:00,18.77,,,0.5,
2006-04-24 10:00:00,42.72,,,0.5,
2006-04-24 11:00:00,39.66,,,3.707,
2006-04-24 12:00:00,22.99,,,7.446,
2006-04-24 13:00:00,27.25,,,14.29,
2006-04-24 14:00:00,14.35,,,21.3,
2006-04-24 15:00:00,1.755,,,23.06,
2006-04-24 16:00:00,10.25,,,26.97,
2006-04-24 17:00:00,1.77,,,38.26,
2006-04-24 18:00:00,,,,23.31,
2006-04-24 19:00:00,,,,1.374,
2006-04-24 20:00:00,46.06,,,0.5,
2006-04-24 21:00:00,21.54,,,1.932,
2006-04-24 22:00:00,49.17,,,1.051,
2006-04-24 23:00:00,28.96,,,0.5,
2006-04-25 00:00:00,35.27,,,0.5,
2006-04-25 01:00:00,27.64,,,0.5,
2006-04-25 02:00:00,53.95,,,0.5,
2006-04-25 03:00:00,8.817,,,0.5,
2006-04-25 04:00:00,38.36,,,0.5,
2006-04-25 05:00:00,16.87,,,0.5,
2006-04-25 06:00:00,14.84,,,0.5,
2006-04-25 07:00:00,25.25,,,0.5,
2006-04-25 08:00:00,25.16,,,0.5,
2006-04-25 09:00:00,44.8,,,0.5,
2006-04-25 10:00:00,46.28,,,0.5,
2006-04-25 11:00:00,48.5,,,1.081,
2006-04-25 12:00:00,45.89,,,4.367,
2006-04-25 13:00:00,34.99,,,9.574,
2006-04-25 14:00:00,24.5,,,15.14,
2006-04-25 15:00:00,41.9,,,18.95,
2006-04-25 16:00:00,31.35,,,7.026,
2006-04-25 17:00:00,30.48,,,4.117,
2006-04-25 18:00:00,48.26,,,5.921,
2006-04-25 19:00:00,27.84,,,1.578,
2006-04-25 20:00:00,19.39,,,2.08,
2006-04-25 21:00:00,38.8,,,2.447,
2006-04-25 22:00:00,25.23,,,2.09,
2006-04-25 23:00:00,19.29,,,1.197,
2006-04-26 00:00:00,16.19,,,0.5,
2006-04-26 01:00:00,19.53,,,8.18,
2006-04-26 02:00:00,2.94,,,13.53,
2006-04-26 03:00:00,19.35,,,13.02,
2006-04-26 04:00:00,18.14,,,11.44,
2006-04-26 05:00:00,7.417,,,12.81,
2006-04-26 06:00:00,0.839,,,11.71,
2006-04-26 07:00:00,,,,6.167,
2006-04-26 08:00:00,,,,0.5,
2006-04-26 09:00:00,17.81,,,0.5,
2006-04-26 10:00:00,16.85,,,1.196,
2006-04-26 11:00:00,18.55,,,2.028,
2006-04-26 12:00:00,26.6,,,3.011,
2006-04-26 13:00:00,8.46,,,6.106,
2006-04-26 14:00:00,7.189,,,6.685,
2006-04-26 15:00:00,23.48,,,8.264,
2006-04-26 16:00:00,23.26,,,8.475,
2006-04-26 17:00:00,3.286,,,5.0,
2006-04-26 18:00:00,,,,1.776,
2006-04-26 19:00:00,8.587,,,0.5,
2006-04-26 20:00:00,37.4,,,0.5,
2006-04-26 21:00:00,25.74,,,0.5,
2006-04-26 22:00:00,37.65,,,0.5,
2006-04-26 23:00:00,18.22,,,0.5,
2006-04-27 00:00:00,29.94,,,0.5,
2006-04-27 01:00:00,10.51,,,0.5,
2006-04-27 02:00:00,22.6,,,0.5,
2006-04-27 03:00:00,7.339,,,0.5,
2006-04-27 04:00:00,39.94,,,0.5,
2006-04-27 05:00:00,6.849,,,0.5,
2006-04-27 06:00:00,0.003,,,0.5,
2006-04-27 07:00:00,25.92,,,0.5,
2006-04-27 08:00:00,30.8,,,0.5,
2006-04-27 09:00:00,21.83,,,0.5,
2006-04-27 10:00:00,25.67,,,1.372,
2006-04-27 11:00:00,36.0,,,2.469,
2006-04-27 12:00:00,21.34,,,14.29,
2006-04-27 13:00:00,2.728,,,34.95,
2006-04-27 14:00:00,49.03,,,29.73,
2006-04-27 15:00:00,8.464,,,21.4,
2006-04-27 16:00:00,,,,20.23,
2006-04-27 17:00:00,,,,15.67,
2006-04-27 18:00:00,2.043,,,5.001,
2006-04-27 19:00:00,17.84,,,1.697,
2006-04-27 20:00:00,33.78,,,0.5,
2006-04-27 21:00:00,21.9,,,3.028,
2006-04-27 22:00:00,14.91,,,1.04,
2006-04-27 23:00:00,2.098,,,0.5,
2006-04-28 00:00:00,66.17,,,0.5,
2006-04-28 01:00:00,13.14,,,0.5,
2006-04-28 02:00:00,21.92,,,0.5,
2006-04-28 03:00:00,35.41,,,0.5,
2006-04-28 04:00:00,37.82,,,0.5,
2006-04-28 05:00:00,45.9,,,0.5,
2006-04-28 06:00:00,7.09,,,0.5,
2006-04-28 07:00:00,27.13,,,0.5,
2006-04-28 08:00:00,22.21,,,0.5,
2006-04-28 09:00:00,31.65,,,0.5,
2006-04-28 10:00:00,71.38,,,0.5,
2006-04-28 11:00:00,18.47,,,2.114,
2006-04-28 12:00:00,55.65,,,9.886,
2006-04-28 13:00:00,21.07,,,28.04,
2006-04-28 14:00:00,42.99,,,30.85,
2006-04-28 15:00:00,18.74,,,16.84,
2006-04-28 16:00:00,3.399,,,22.35,
2006-04-28 17:00:00,0.242,,,29.9,
2006-04-28 18:00:00,,,,22.53,
2006-04-28 19:00:00,,,,6.956,
2006-04-28 20:00:00,36.5,,,9.154,
2006-04-28 21:00:00,72.8,,,6.074,
2006-04-28 22:00:00,29.08,,,20.5,
2006-04-28 23:00:00,14.71,,,20.82,
2006-04-29 00:00:00,11.46,,,13.26,
2006-04-29 01:00:00,23.57,,,12.47,
2006-04-29 02:00:00,3.867,,,9.715,
2006-04-29 03:00:00,5.159,,,4.078,
2006-04-29 04:00:00,25.8,,,0.5,
2006-04-29 05:00:00,4.351,,,0.5,
2006-04-29 06:00:00,,,,0.5,
2006-04-29 07:00:00,,,,0.5,
2006-04-29 08:00:00,0.885,,,0.5,
2006-04-29 09:00:00,27.55,,,0.5,
2006-04-29 10:00:00,33.84,,,0.5,
2006-04-29 11:00:00,41.83,,,3.326,
2006-04-29 12:00:00,20.75,,,15.91,
2006-04-29 13:00:00,15.22,,,59.53,
2006-04-29 14:00:00,16.86,,,39.51,
2006-04-29 15:00:00,14.67,,,36.3,
2006-04-29 16:00:00,29.79,,,33.41,
2006-04-29 17:00:00,,,,18.61,
2006-04-29 18:00:00,,,,8.575,
2006-04-29 19:00:00,,,,0.5,
2006-04-29 20:00:00,,,,0.5,
2006-04-29 21:00:00,,,,0.5,
2006-04-29 22:00:00,,,,0.5,
2006-04-29 23:00:00,,,,0.5,
2006-04-30 00:00:00,,,,0.5,
2006-04-30 01:00:00,,,,4.578,
2006-04-30 02:00:00,,,,13.0,
2006-04-30 03:00:00,,,,0.5,
2006-04-30 04:00:00,,,,0.5,
2006-04-30 05:00:00,,,,0.5,
2006-04-30 06:00:00,,,,3.471,
2006-04-30 07:00:00,,,,2.697,
2006-04-30 08:00:00,,,,0.5,
2006-04-30 09:00:00,,,,9.622,
2006-04-30 10:00:00,,,,16.1,
2006-04-30 11:00:00,,,,13.45,
2006-04-30 12:00:00,,,,17.32,
2006-04-30 13:00:00,,,,17.05,
2006-04-30 14:00:00,,,,23.05,
2006-04-30 15:00:00,,,,27.74,
2006-04-30 16:00:00,,,,23.97,
2006-04-30 17:00:00,7.704,,,20.49,
2006-04-30 18:00:00,1.27,,,20.72,
2006-04-30 19:00:00,8.752,,,2.797,
2006-04-30 20:00:00,8.16,,,10.21,
2006-04-30 21:00:00,1.139,,,11.52,
2006-04-30 22:00:00,22.99,,,3.675,
2006-04-30 23:00:00,10.11,,,5.304,
2006-05-01 00:00:00,23.94,,,13.44,
2006-05-01 01:00:00,17.84,,,19.73,
2006-05-01 02:00:00,2.379,,,13.64,
2006-05-01 03:00:00,,,,16.5,
2006-05-01 04:00:00,,,,17.67,
2006-05-01 05:00:00,,,,18.61,
2006-05-01 06:00:00,,,,20.46,
2006-05-01 07:00:00,,,,15.51,
2006-05-01 08:00:00,,,,14.98,
2006-05-01 09:00:00,4.544,,,18.39,
2006-05-01 10:00:00,25.68,,,22.49,
2006-05-01 11:00:00,20.28,,,22.7,
2006-05-01 12:00:00,24.72,,,28.05,
2006-05-01 13:00:00,8.365,,,29.6,
2006-05-01 14:00:00,7.715,,,33.34,
2006-05-01 15:00:00,25.9,,,33.06,
2006-05-01 16:00:00,32.4,,,32.78,
2006-05-01 17:00:00,14.38,,,25.37,
2006-05-01 18:00:00,4.392,,,20.05,
2006-05-01 19:00:00,23.06,,,12.77,
2006-05-01 20:00:00,3.967,,,8.911,
2006-05-01 21:00:00,19.48,,,10.87,
2006-05-01 22:00:00,32.18,,,12.75,
2006-05-01 23:00:00,6.541,,,14.04,
2006-05-02 00:00:00,0.276,,,16.8,
2006-05-02 01:00:00,7.124,,,25.59,
2006-05-02 02:00:00,14.23,,,26.66,
2006-05-02 03:00:00,14.45,,,25.72,
2006-05-02 04:00:00,16.85,,,26.05,
2006-05-02 05:00:00,2.569,,,27.75,
2006-05-02 06:00:00,,,,24.87,
2006-05-02 07:00:00,,,,18.65,
2006-05-02 08:00:00,,,,6.911,
2006-05-02 09:00:00,3.782,,,3.554,
2006-05-02 10:00:00,22.7,,,5.528,
2006-05-02 11:00:00,13.11,,,9.804,
2006-05-02 13:00:00,,,,10.53,
2006-05-02 14:00:00,11.18,,,11.15,
2006-05-02 15:00:00,37.78,,,10.87,
2006-05-02 16:00:00,6.059,,,12.4,
2006-05-02 17:00:00,35.43,,,13.35,
2006-05-02 18:00:00,14.14,,,4.104,
2006-05-02 19:00:00,26.81,,,3.875,
2006-05-02 20:00:00,16.41,,,7.244,
2006-05-02 21:00:00,24.41,,,11.81,
2006-05-02 22:00:00,3.812,,,15.76,
2006-05-02 23:00:00,11.19,,,14.72,
2006-05-03 00:00:00,1.91,,,16.51,
2006-05-03 01:00:00,,,,17.19,
2006-05-03 02:00:00,,,,19.4,
2006-05-03 03:00:00,,,,20.81,
2006-05-03 04:00:00,,,,19.99,
2006-05-03 05:00:00,2.354,,,20.86,
2006-05-03 06:00:00,0.406,,,17.65,
2006-05-03 07:00:00,13.14,,,12.85,
2006-05-03 08:00:00,2.269,,,4.222,
2006-05-03 09:00:00,11.47,,,1.538,
2006-05-03 10:00:00,23.4,,,2.131,
2006-05-03 11:00:00,3.678,,,3.099,
2006-05-03 12:00:00,24.02,,,3.72,
2006-05-03 13:00:00,19.22,,,3.976,
2006-05-03 14:00:00,6.288,,,4.045,
2006-05-03 15:00:00,15.59,,,13.49,
2006-05-03 16:00:00,10.62,,,15.61,
2006-05-03 17:00:00,1.377,,,9.02,
2006-05-03 18:00:00,20.06,,,4.686,
2006-05-03 19:00:00,3.424,,,3.474,
2006-05-03 20:00:00,26.03,,,4.775,
2006-05-03 21:00:00,25.72,,,6.693,
2006-05-03 22:00:00,12.6,,,11.18,
2006-05-03 23:00:00,23.25,,,10.95,
2006-05-04 00:00:00,14.35,,,15.91,
2006-05-04 01:00:00,7.279,,,12.84,
2006-05-04 02:00:00,6.629,,,15.15,
2006-05-04 03:00:00,18.27,,,12.77,
2006-05-04 04:00:00,18.41,,,13.16,
2006-05-04 05:00:00,2.68,,,17.22,
2006-05-04 06:00:00,0.003,,,15.06,
2006-05-04 07:00:00,8.187,,,11.38,
2006-05-04 08:00:00,16.76,,,1.328,
2006-05-04 09:00:00,13.03,,,3.048,
2006-05-04 10:00:00,10.4,,,4.357,
2006-05-04 11:00:00,30.41,,,5.758,
2006-05-04 12:00:00,31.05,,,7.739,
2006-05-04 13:00:00,32.67,,,8.194,
2006-05-04 14:00:00,4.863,,,17.82,
2006-05-04 15:00:00,,,,15.29,
2006-05-04 16:00:00,19.29,,,17.15,
2006-05-04 17:00:00,3.33,,,12.48,
2006-05-04 18:00:00,18.68,,,17.66,
2006-05-04 19:00:00,15.35,,,11.71,
2006-05-04 20:00:00,2.477,,,12.91,
2006-05-04 21:00:00,49.86,,,20.88,
2006-05-04 22:00:00,24.82,,,12.59,
2006-05-04 23:00:00,8.573,,,2.803,
2006-05-05 00:00:00,12.8,,,0.5,
2006-05-05 01:00:00,46.41,,,1.122,
2006-05-05 02:00:00,7.833,,,1.217,
2006-05-05 03:00:00,16.03,,,7.386,
2006-05-05 04:00:00,8.609,,,4.621,
2006-05-05 05:00:00,1.029,,,3.418,
2006-05-05 06:00:00,23.78,,,1.332,
2006-05-05 07:00:00,16.73,,,0.5,
2006-05-05 08:00:00,16.28,,,0.5,
2006-05-05 09:00:00,30.73,,,0.5,
2006-05-05 10:00:00,48.45,,,2.852,
2006-05-05 11:00:00,26.44,,,8.86,
2006-05-05 12:00:00,12.53,,,11.68,
2006-05-05 13:00:00,48.29,,,16.97,
2006-05-05 14:00:00,13.04,,,25.2,
2006-05-05 15:00:00,3.298,,,28.89,
2006-05-05 16:00:00,17.64,,,32.88,
2006-05-05 17:00:00,16.86,,,26.86,
2006-05-05 18:00:00,11.21,,,14.15,
2006-05-05 19:00:00,42.06,,,2.528,
2006-05-05 20:00:00,17.16,,,6.067,
2006-05-05 21:00:00,13.93,,,4.466,
2006-05-05 22:00:00,7.887,,,3.168,
2006-05-05 23:00:00,23.08,,,1.867,
2006-05-06 00:00:00,38.57,,,2.86,
2006-05-06 01:00:00,10.88,,,2.154,
2006-05-06 02:00:00,10.99,,,10.05,
2006-05-06 03:00:00,2.688,,,14.17,
2006-05-06 04:00:00,12.93,,,9.096,
2006-05-06 05:00:00,34.46,,,5.607,
2006-05-06 06:00:00,12.8,,,1.545,
2006-05-06 07:00:00,3.506,,,0.5,
2006-05-06 08:00:00,6.574,,,0.5,
2006-05-06 09:00:00,2.834,,,1.263,
2006-05-06 10:00:00,37.48,,,1.869,
2006-05-06 11:00:00,8.331,,,9.169,
2006-05-06 12:00:00,49.16,,,21.78,
2006-05-06 13:00:00,13.45,,,30.99,
2006-05-06 14:00:00,0.88,,,31.66,
2006-05-06 15:00:00,5.304,,,38.31,
2006-05-06 16:00:00,23.19,,,36.14,
2006-05-06 17:00:00,22.88,,,37.21,
2006-05-06 18:00:00,15.11,,,30.77,
2006-05-06 19:00:00,9.373,,,21.06,
2006-05-06 20:00:00,15.61,,,18.93,
2006-05-06 21:00:00,34.26,,,20.43,
2006-05-06 22:00:00,33.61,,,14.61,
2006-05-06 23:00:00,4.767,,,16.89,
2006-05-07 00:00:00,15.43,,,13.28,
2006-05-07 01:00:00,14.94,,,12.46,
2006-05-07 02:00:00,2.101,,,10.35,
2006-05-07 03:00:00,1.794,,,16.21,
2006-05-07 04:00:00,0.306,,,17.14,
2006-05-07 05:00:00,,,,15.33,
2006-05-07 06:00:00,,,,17.07,
2006-05-07 07:00:00,,,,13.39,
2006-05-07 08:00:00,21.14,,,0.5,
2006-05-07 09:00:00,3.609,,,0.5,
2006-05-07 10:00:00,5.823,,,0.5,
2006-05-07 11:00:00,26.23,,,2.256,
2006-05-07 12:00:00,16.58,,,10.56,
2006-05-07 13:00:00,27.2,,,23.48,
2006-05-07 14:00:00,4.377,,,30.74,
2006-05-07 15:00:00,,,,30.38,
2006-05-07 16:00:00,,,,30.29,
2006-05-07 17:00:00,,,,35.75,
2006-05-07 18:00:00,10.52,,,30.94,
2006-05-07 19:00:00,1.854,,,23.11,
2006-05-07 20:00:00,8.143,,,24.25,
2006-05-07 21:00:00,13.61,,,27.4,
2006-05-07 22:00:00,26.48,,,31.53,
2006-05-07 23:00:00,4.294,,,30.74,
2006-05-08 00:00:00,16.12,,,23.35,
2006-05-08 01:00:00,3.72,,,30.93,
2006-05-08 02:00:00,0.155,,,27.57,
2006-05-08 03:00:00,,,,26.97,
2006-05-08 04:00:00,,,,32.32,
2006-05-08 05:00:00,4.259,,,20.93,
2006-05-08 06:00:00,0.751,,,13.17,
2006-05-08 07:00:00,21.7,,,5.517,
2006-05-08 08:00:00,10.92,,,0.5,
2006-05-08 09:00:00,1.251,,,0.5,
2006-05-08 10:00:00,32.32,,,2.908,
2006-05-08 11:00:00,20.56,,,6.012,
2006-05-08 12:00:00,25.82,,,17.28,
2006-05-08 13:00:00,4.093,,,20.54,
2006-05-08 14:00:00,,,,23.6,
2006-05-08 15:00:00,,,,13.49,
2006-05-08 16:00:00,,,,12.37,
2006-05-08 17:00:00,,,,22.72,
2006-05-08 18:00:00,18.39,,,7.221,
2006-05-08 19:00:00,3.281,,,1.53,
2006-05-08 20:00:00,9.988,,,0.5,
2006-05-08 21:00:00,20.61,,,3.146,
2006-05-08 22:00:00,17.65,,,4.376,
2006-05-08 23:00:00,2.549,,,2.48,
2006-05-09 00:00:00,10.24,,,9.3,
2006-05-09 01:00:00,7.521,,,26.34,
2006-05-09 02:00:00,1.016,,,31.07,
2006-05-09 03:00:00,,,,27.15,
2006-05-09 04:00:00,,,,22.39,
2006-05-09 05:00:00,,,,24.94,
2006-05-09 06:00:00,,,,18.41,
2006-05-09 07:00:00,,,,9.011,
2006-05-09 08:00:00,,,,3.099,
2006-05-09 09:00:00,,,,5.604,
2006-05-09 10:00:00,,,,9.301,
2006-05-09 11:00:00,,,,10.39,
2006-05-09 12:00:00,,,,11.59,
2006-05-09 13:00:00,,,,3.679,
2006-05-09 14:00:00,5.108,,,4.204,
2006-05-09 15:00:00,0.872,,,16.05,
2006-05-09 16:00:00,,,,15.93,
2006-05-09 17:00:00,6.492,,,18.4,
2006-05-09 18:00:00,14.99,,,10.1,
2006-05-09 19:00:00,16.97,,,7.456,
2006-05-09 20:00:00,19.75,,,1.533,
2006-05-09 21:00:00,34.39,,,1.372,
2006-05-09 22:00:00,15.28,,,1.41,
2006-05-09 23:00:00,18.03,,,0.5,
2006-05-10 00:00:00,2.79,,,0.5,
2006-05-10 01:00:00,11.19,,,6.152,
2006-05-10 02:00:00,1.91,,,14.4,
2006-05-10 03:00:00,,,,26.82,
2006-05-10 04:00:00,,,,31.09,
2006-05-10 05:00:00,,,,26.6,
2006-05-10 06:00:00,,,,14.23,
2006-05-10 07:00:00,,,,4.512,
2006-05-10 08:00:00,1.785,,,1.168,
2006-05-10 09:00:00,3.668,,,0.5,
2006-05-10 10:00:00,3.309,,,3.008,
2006-05-10 11:00:00,16.69,,,14.93,
2006-05-10 12:00:00,11.13,,,13.57,
2006-05-10 13:00:00,6.785,,,24.54,
2006-05-10 14:00:00,0.923,,,25.2,
2006-05-10 15:00:00,,,,31.03,
2006-05-10 16:00:00,,,,25.26,
2006-05-10 17:00:00,,,,27.34,
2006-05-10 18:00:00,,,,24.93,
2006-05-10 19:00:00,,,,24.22,
2006-05-10 20:00:00,,,,15.45,
2006-05-10 21:00:00,,,,10.42,
2006-05-10 22:00:00,20.47,,,5.426,
2006-05-10 23:00:00,11.73,,,13.64,
2006-05-11 00:00:00,1.415,,,15.67,
2006-05-11 01:00:00,0.868,,,15.58,
2006-05-11 02:00:00,0.152,,,16.94,
2006-05-11 03:00:00,,,,20.27,
2006-05-11 04:00:00,1.303,,,25.0,
2006-05-11 05:00:00,0.227,,,23.3,
2006-05-11 06:00:00,,,,22.86,
2006-05-11 07:00:00,,,,17.42,
2006-05-11 08:00:00,6.632,,,3.325,
2006-05-11 09:00:00,5.074,,,0.5,
2006-05-11 10:00:00,0.684,,,2.504,
2006-05-11 11:00:00,30.12,,,3.56,
2006-05-11 12:00:00,9.753,,,13.73,
2006-05-11 13:00:00,15.25,,,21.31,
2006-05-11 14:00:00,2.525,,,17.84,
2006-05-11 15:00:00,7.654,,,19.09,
2006-05-11 16:00:00,1.336,,,25.74,
2006-05-11 17:00:00,42.03,,,3.706,
2006-05-11 18:00:00,16.4,,,10.3,
2006-05-11 19:00:00,15.8,,,10.66,
2006-05-11 20:00:00,7.02,,,5.603,
2006-05-11 21:00:00,10.84,,,8.558,
2006-05-11 22:00:00,10.87,,,7.41,
2006-05-11 23:00:00,28.33,,,7.856,
2006-05-12 00:00:00,4.668,,,5.504,
2006-05-12 01:00:00,,,,3.487,
2006-05-12 02:00:00,0.119,,,3.747,
2006-05-12 03:00:00,0.038,,,1.427,
2006-05-12 04:00:00,0.003,,,4.983,
2006-05-12 05:00:00,4.292,,,6.681,
2006-05-12 06:00:00,11.07,,,4.653,
2006-05-12 07:00:00,9.878,,,3.26,
2006-05-12 08:00:00,9.106,,,0.5,
2006-05-12 09:00:00,35.53,,,0.5,
2006-05-12 10:00:00,14.65,,,4.673,
2006-05-12 11:00:00,5.679,,,7.681,
2006-05-12 12:00:00,13.63,,,11.46,
2006-05-12 13:00:00,26.56,,,20.83,
2006-05-12 14:00:00,4.2,,,17.94,
2006-05-12 15:00:00,,,,21.09,
2006-05-12 16:00:00,4.887,,,23.45,
2006-05-12 17:00:00,0.853,,,15.7,
2006-05-12 18:00:00,20.39,,,10.17,
2006-05-12 19:00:00,8.668,,,9.597,
2006-05-12 20:00:00,21.96,,,12.72,
2006-05-12 21:00:00,20.43,,,16.24,
2006-05-12 22:00:00,9.046,,,28.78,
2006-05-12 23:00:00,14.45,,,13.47,
2006-05-13 00:00:00,27.66,,,0.5,
2006-05-13 01:00:00,4.421,,,0.5,
2006-05-13 02:00:00,8.835,,,0.5,
2006-05-13 03:00:00,26.82,,,0.5,
2006-05-13 04:00:00,5.395,,,7.17,
2006-05-13 05:00:00,11.73,,,10.72,
2006-05-13 06:00:00,1.995,,,10.43,
2006-05-13 07:00:00,10.11,,,8.465,
2006-05-13 08:00:00,12.47,,,4.632,
2006-05-13 09:00:00,30.39,,,9.978,
2006-05-13 10:00:00,6.851,,,14.49,
2006-05-13 11:00:00,21.03,,,18.37,
2006-05-13 12:00:00,10.44,,,25.47,
2006-05-13 13:00:00,,,,26.57,
2006-05-13 14:00:00,1.743,,,26.02,
2006-05-13 15:00:00,3.23,,,28.56,
2006-05-13 16:00:00,,,,28.24,
2006-05-13 17:00:00,,,,27.98,
2006-05-13 18:00:00,,,,19.76,
2006-05-13 19:00:00,11.65,,,5.964,
2006-05-13 20:00:00,23.17,,,0.5,
2006-05-13 21:00:00,12.64,,,2.613,
2006-05-13 22:00:00,21.43,,,10.0,
2006-05-13 23:00:00,11.81,,,5.986,
2006-05-14 00:00:00,21.26,,,0.5,
2006-05-14 01:00:00,22.67,,,0.5,
2006-05-14 02:00:00,,,,1.639,
2006-05-14 03:00:00,,,,0.5,
2006-05-14 04:00:00,8.047,,,0.5,
2006-05-14 05:00:00,18.17,,,0.5,
2006-05-14 06:00:00,6.065,,,0.5,
2006-05-14 07:00:00,10.17,,,0.5,
2006-05-14 08:00:00,20.93,,,0.5,
2006-05-14 09:00:00,17.89,,,0.5,
2006-05-14 10:00:00,29.89,,,2.535,
2006-05-14 11:00:00,16.69,,,3.915,
2006-05-14 12:00:00,24.57,,,8.896,
2006-05-14 13:00:00,11.63,,,17.86,
2006-05-14 14:00:00,10.8,,,30.62,
2006-05-14 15:00:00,22.09,,,27.05,
2006-05-14 16:00:00,6.32,,,28.12,
2006-05-14 17:00:00,13.37,,,29.29,
2006-05-14 18:00:00,18.71,,,16.83,
2006-05-14 19:00:00,10.81,,,12.26,
2006-05-14 20:00:00,9.276,,,15.28,
2006-05-14 21:00:00,5.469,,,13.64,
2006-05-14 22:00:00,13.89,,,18.14,
2006-05-14 23:00:00,6.826,,,26.39,
2006-05-15 00:00:00,5.457,,,20.58,
2006-05-15 01:00:00,10.02,,,6.2,
2006-05-15 02:00:00,,,,9.333,
2006-05-15 03:00:00,,,,5.072,
2006-05-15 04:00:00,,,,0.5,
2006-05-15 05:00:00,,,,0.5,
2006-05-15 06:00:00,,,,0.5,
2006-05-15 07:00:00,0.976,,,0.5,
2006-05-15 08:00:00,1.82,,,0.5,
2006-05-15 09:00:00,13.52,,,0.5,
2006-05-15 10:00:00,58.06,,,0.5,
2006-05-15 11:00:00,73.61,,,0.5,
2006-05-15 12:00:00,46.89,,,1.456,
2006-05-15 13:00:00,42.59,,,3.464,
2006-05-15 14:00:00,22.05,,,8.842,
2006-05-15 15:00:00,47.24,,,11.0,
2006-05-15 16:00:00,28.21,,,31.4,
2006-05-15 17:00:00,5.565,,,28.38,
2006-05-15 18:00:00,3.352,,,22.18,
2006-05-15 19:00:00,20.71,,,19.98,
2006-05-15 20:00:00,33.26,,,17.85,
2006-05-15 21:00:00,15.88,,,17.05,
2006-05-15 22:00:00,6.843,,,14.0,
2006-05-15 23:00:00,1.274,,,14.14,
2006-05-16 00:00:00,4.34,,,9.914,
2006-05-16 01:00:00,3.678,,,16.94,
2006-05-16 02:00:00,,,,20.16,
2006-05-16 03:00:00,,,,15.68,
2006-05-16 04:00:00,,,,13.11,
2006-05-16 05:00:00,,,,10.77,
2006-05-16 06:00:00,0.362,,,3.608,
2006-05-16 07:00:00,4.618,,,1.243,
2006-05-16 08:00:00,13.28,,,0.5,
2006-05-16 09:00:00,32.46,,,0.5,
2006-05-16 10:00:00,46.48,,,0.5,
2006-05-16 11:00:00,34.95,,,3.81,
2006-05-16 12:00:00,40.7,,,11.34,
2006-05-16 13:00:00,3.755,,,18.18,
2006-05-16 14:00:00,9.057,,,34.67,
2006-05-16 15:00:00,,,,42.34,
2006-05-16 16:00:00,,,,26.76,
2006-05-16 18:00:00,,,,7.948,
2006-05-16 19:00:00,,,,9.574,
2006-05-16 20:00:00,,,,5.188,
2006-05-16 21:00:00,,,,0.5,
2006-05-16 22:00:00,,,,0.5,
2006-05-16 23:00:00,,,,0.5,
2006-05-17 00:00:00,,,,0.5,
2006-05-17 01:00:00,,,,1.139,
2006-05-17 02:00:00,,,,0.5,
2006-05-17 03:00:00,,,,0.5,
2006-05-17 04:00:00,,,,0.5,
2006-05-17 05:00:00,,,,0.5,
2006-05-17 06:00:00,,,,0.5,
2006-05-17 07:00:00,,,,0.5,
2006-05-17 08:00:00,,,,0.5,
2006-05-17 09:00:00,,,,0.5,
2006-05-17 10:00:00,,,,0.5,
2006-05-17 11:00:00,,,,2.326,
2006-05-17 12:00:00,,,,10.23,
2006-05-17 13:00:00,,,,18.98,
2006-05-17 14:00:00,,,,26.47,
2006-05-17 15:00:00,,,,21.21,
2006-05-17 16:00:00,,,,16.19,
2006-05-17 17:00:00,,,,5.457,
2006-05-17 18:00:00,,,,2.537,
2006-05-17 19:00:00,,,,0.5,
2006-05-17 20:00:00,,,,0.5,
2006-05-17 21:00:00,,,,0.5,
2006-05-17 22:00:00,,,,0.5,
2006-05-17 23:00:00,,,,0.5,
2006-05-18 00:00:00,,,,0.5,
2006-05-18 01:00:00,,,,0.5,
2006-05-18 02:00:00,,,,0.5,
2006-05-18 03:00:00,,,,0.5,
2006-05-18 04:00:00,,,,0.5,
2006-05-18 05:00:00,,,,0.5,
2006-05-18 06:00:00,,,,0.5,
2006-05-18 07:00:00,,,,0.5,
2006-05-18 08:00:00,,,,0.5,
2006-05-18 09:00:00,,,,0.5,
2006-05-18 10:00:00,,,,0.5,
2006-05-18 11:00:00,,,,4.642,
2006-05-18 12:00:00,,,,9.307,
2006-05-18 13:00:00,,,,21.05,
2006-05-18 14:00:00,,,,16.03,
2006-05-18 15:00:00,,,,23.79,
2006-05-18 16:00:00,,,,16.79,
2006-05-18 17:00:00,,,,3.215,
2006-05-18 18:00:00,,,,0.5,
2006-05-18 19:00:00,,,,0.5,
2006-05-18 20:00:00,,,,0.5,
2006-05-18 21:00:00,,,,0.5,
2006-05-18 22:00:00,,,,0.5,
2006-05-18 23:00:00,,,,0.5,
2006-05-19 00:00:00,,,,0.5,
2006-05-19 01:00:00,,,,0.5,
2006-05-19 02:00:00,,,,0.5,
2006-05-19 03:00:00,,,,6.34,
2006-05-19 04:00:00,,,,21.12,
2006-05-19 05:00:00,,,,30.49,
2006-05-19 06:00:00,,,,32.86,
2006-05-19 07:00:00,,,,19.92,
2006-05-19 08:00:00,,,,2.301,
2006-05-19 09:00:00,,,,2.146,
2006-05-19 10:00:00,,,,0.5,
2006-05-19 11:00:00,,,,2.293,
2006-05-19 12:00:00,,,,5.931,
2006-05-19 13:00:00,,,,12.31,
2006-05-19 14:00:00,,,,10.93,
2006-05-19 15:00:00,,,,11.51,
2006-05-19 16:00:00,,,,10.4,
2006-05-19 17:00:00,,,,13.95,
2006-05-19 18:00:00,,,,12.5,
2006-05-19 19:00:00,,,,8.825,
2006-05-19 20:00:00,,,,6.156,
2006-05-19 21:00:00,,,,3.369,
2006-05-19 22:00:00,,,,8.731,
2006-05-19 23:00:00,,,,4.557,
2006-05-20 00:00:00,,,,13.86,
2006-05-20 01:00:00,,,,18.12,
2006-05-20 02:00:00,,,,15.36,
2006-05-20 03:00:00,,,,17.6,
2006-05-20 04:00:00,,,,23.15,
2006-05-20 05:00:00,,,,28.05,
2006-05-20 06:00:00,,,,31.29,
2006-05-20 07:00:00,,,,31.58,
2006-05-20 08:00:00,,,,19.34,
2006-05-20 09:00:00,,,,6.216,
2006-05-20 10:00:00,,,,5.481,
2006-05-20 11:00:00,,,,4.054,
2006-05-20 12:00:00,,,,6.678,
2006-05-20 13:00:00,,,,6.529,
2006-05-20 14:00:00,,,,12.23,
2006-05-20 15:00:00,,,,5.835,
2006-05-20 16:00:00,,,,3.339,
2006-05-20 17:00:00,,,,5.2,
2006-05-20 18:00:00,,,,1.5,
2006-05-20 19:00:00,,,,0.5,
2006-05-20 20:00:00,,,,3.9,
2006-05-20 21:00:00,,,,2.2,
2006-05-20 22:00:00,,,,6.2,
2006-05-20 23:00:00,,,,7.1,
2006-05-21 00:00:00,,,,4.1,
2006-05-21 01:00:00,,,,6.8,
2006-05-21 02:00:00,,,,12.7,
2006-05-21 03:00:00,,,,14.6,
2006-05-21 04:00:00,,,,18.6,
2006-05-21 05:00:00,,,,20.2,
2006-05-21 06:00:00,,,,23.1,
2006-05-21 07:00:00,,,,18.6,
2006-05-21 08:00:00,,,,17.7,
2006-05-21 09:00:00,,,,13.2,
2006-05-21 10:00:00,,,,22.5,
2006-05-21 11:00:00,,,,28.0,
2006-05-21 12:00:00,,,,31.7,
2006-05-21 13:00:00,,,,29.3,
2006-05-21 14:00:00,,,,29.8,
2006-05-21 15:00:00,,,,32.8,
2006-05-21 16:00:00,,,,27.8,
2006-05-21 17:00:00,,,,33.1,
2006-05-21 18:00:00,,,,23.5,
2006-05-21 19:00:00,,,,8.5,
2006-05-21 20:00:00,,,,0.5,
2006-05-21 21:00:00,,,,0.5,
2006-05-21 22:00:00,,,,0.5,
2006-05-21 23:00:00,,,,0.5,
2006-05-22 00:00:00,,,,0.5,
2006-05-22 01:00:00,,,,1.6,
2006-05-22 02:00:00,,,,2.8,
2006-05-22 03:00:00,,,,19.4,
2006-05-22 04:00:00,,,,21.0,
2006-05-22 05:00:00,,,,6.3,
2006-05-22 06:00:00,,,,2.6,
2006-05-22 07:00:00,,,,0.5,
2006-05-22 08:00:00,,,,0.5,
2006-05-22 09:00:00,,,,0.5,
2006-05-22 10:00:00,,,,2.1,
2006-05-22 11:00:00,,,,4.8,
2006-05-22 12:00:00,,,,13.1,
2006-05-22 13:00:00,,,,22.1,
2006-05-22 14:00:00,,,,21.5,
2006-05-22 15:00:00,,,,22.6,
2006-05-22 16:00:00,,,,24.9,
2006-05-22 17:00:00,,,,26.1,
2006-05-22 18:00:00,,,,27.1,
2006-05-22 19:00:00,,,,13.4,
2006-05-22 20:00:00,,,,17.5,
2006-05-22 21:00:00,,,,24.3,
2006-05-22 22:00:00,,,,25.9,
2006-05-22 23:00:00,,,,16.4,
2006-05-23 00:00:00,,,,15.8,
2006-05-23 01:00:00,,,,3.3,
2006-05-23 02:00:00,,,,0.5,
2006-05-23 03:00:00,,,,0.5,
2006-05-23 04:00:00,,,,0.5,
2006-05-23 05:00:00,,,,0.5,
2006-05-23 06:00:00,,,,2.2,
2006-05-23 07:00:00,,,,0.5,
2006-05-23 08:00:00,,,,0.5,
2006-05-23 09:00:00,,,,0.5,
2006-05-23 10:00:00,,,,0.5,
2006-05-23 11:00:00,,,,1.9,
2006-05-23 12:00:00,,,,6.6,
2006-05-23 13:00:00,,,,13.2,
2006-05-23 14:00:00,,,,19.5,
2006-05-23 15:00:00,,,,21.8,
2006-05-23 16:00:00,,,,24.2,
2006-05-23 17:00:00,,,,24.0,
2006-05-23 18:00:00,,,,17.3,
2006-05-23 19:00:00,,,,1.8,
2006-05-23 20:00:00,,,,0.5,
2006-05-23 21:00:00,,,,0.5,
2006-05-23 22:00:00,,,,1.5,
2006-05-23 23:00:00,,,,0.5,
2006-05-24 00:00:00,,,,0.5,
2006-05-24 01:00:00,,,,0.5,
2006-05-24 02:00:00,,,,0.5,
2006-05-24 03:00:00,,,,0.5,
2006-05-24 04:00:00,,,,0.5,
2006-05-24 05:00:00,,,,0.5,
2006-05-24 06:00:00,,,,0.5,
2006-05-24 07:00:00,,,,0.5,
2006-05-24 08:00:00,,,,0.5,
2006-05-24 09:00:00,,,,0.5,
2006-05-24 10:00:00,,,,0.5,
2006-05-24 11:00:00,,,,1.7,
2006-05-24 12:00:00,,,,4.4,
2006-05-24 13:00:00,,,,1.7,
2006-05-24 14:00:00,,,,22.4,
2006-05-24 15:00:00,,,,25.7,
2006-05-24 16:00:00,,,,28.7,
2006-05-24 17:00:00,,,,24.1,
2006-05-24 18:00:00,,,,20.3,
2006-05-24 19:00:00,,,,9.2,
2006-05-24 20:00:00,,,,8.6,
2006-05-24 21:00:00,,,,16.4,
2006-05-24 22:00:00,,,,12.6,
2006-05-24 23:00:00,,,,22.0,
2006-05-25 00:00:00,,,,18.9,
2006-05-25 01:00:00,,,,17.9,
2006-05-25 02:00:00,,,,27.1,
2006-05-25 03:00:00,,,,27.6,
2006-05-25 04:00:00,,,,28.8,
2006-05-25 05:00:00,,,,32.3,
2006-05-25 06:00:00,,,,24.5,
2006-05-25 07:00:00,,,,9.0,
2006-05-25 08:00:00,,,,1.5,
2006-05-25 09:00:00,,,,5.0,
2006-05-25 10:00:00,,,,3.1,
2006-05-25 11:00:00,,,,5.1,
2006-05-25 12:00:00,,,,7.3,
2006-05-25 13:00:00,,,,24.1,
2006-05-25 14:00:00,,,,35.3,
2006-05-25 15:00:00,,,,36.8,
2006-05-25 16:00:00,,,,33.8,
2006-05-25 17:00:00,,,,25.2,
2006-05-25 18:00:00,,,,24.3,
2006-05-25 19:00:00,,,,16.0,
2006-05-25 20:00:00,,,,18.9,
2006-05-25 21:00:00,,,,19.7,
2006-05-25 22:00:00,,,,20.0,
2006-05-25 23:00:00,,,,15.2,
2006-05-26 00:00:00,,,,8.7,
2006-05-26 01:00:00,,,,12.1,
2006-05-26 02:00:00,,,,8.8,
2006-05-26 03:00:00,,,,2.0,
2006-05-26 04:00:00,,,,1.7,
2006-05-26 05:00:00,,,,0.5,
2006-05-26 06:00:00,,,,0.5,
2006-05-26 07:00:00,,,,0.5,
2006-05-26 08:00:00,,,,0.5,
2006-05-26 09:00:00,,,,0.5,
2006-05-26 10:00:00,,,,0.5,
2006-05-26 11:00:00,,,,0.5,
2006-05-26 12:00:00,,,,0.5,
2006-05-26 13:00:00,,,,2.9,
2006-05-26 14:00:00,,,,16.1,
2006-05-26 15:00:00,,,,30.1,
2006-05-26 16:00:00,,,,44.8,
2006-05-26 17:00:00,,,,2.9,
2006-05-26 18:00:00,,,,0.5,
2006-05-26 19:00:00,,,,0.5,
2006-05-26 20:00:00,,,,1.5,
2006-05-26 21:00:00,,,,2.2,
2006-05-26 22:00:00,,,,0.5,
2006-05-26 23:00:00,,,,0.5,
2006-05-27 00:00:00,,,,0.5,
2006-05-27 01:00:00,,,,0.5,
2006-05-27 02:00:00,,,,0.5,
2006-05-27 03:00:00,,,,0.5,
2006-05-27 04:00:00,,,,0.5,
2006-05-27 05:00:00,,,,0.5,
2006-05-27 06:00:00,,,,0.5,
2006-05-27 07:00:00,,,,0.5,
2006-05-27 08:00:00,,,,0.5,
2006-05-27 09:00:00,,,,0.5,
2006-05-27 10:00:00,,,,1.8,
2006-05-27 11:00:00,,,,2.3,
2006-05-27 12:00:00,,,,10.6,
2006-05-27 13:00:00,,,,8.8,
2006-05-27 14:00:00,,,,6.5,
2006-05-27 15:00:00,,,,6.4,
2006-05-27 16:00:00,,,,7.1,
2006-05-27 17:00:00,,,,2.7,
2006-05-27 18:00:00,,,,0.5,
2006-05-27 19:00:00,,,,0.5,
2006-05-27 20:00:00,,,,0.5,
2006-05-27 21:00:00,,,,5.8,
2006-05-27 22:00:00,,,,0.5,
2006-05-27 23:00:00,,,,3.9,
2006-05-28 00:00:00,,,,12.3,
2006-05-28 01:00:00,,,,14.3,
2006-05-28 02:00:00,,,,16.1,
2006-05-28 03:00:00,,,,24.2,
2006-05-28 04:00:00,,,,26.3,
2006-05-28 05:00:00,,,,22.9,
2006-05-28 06:00:00,,,,20.4,
2006-05-28 07:00:00,,,,21.2,
2006-05-28 08:00:00,,,,19.4,
2006-05-28 09:00:00,,,,23.1,
2006-05-28 10:00:00,,,,26.3,
2006-05-28 11:00:00,,,,27.6,
2006-05-28 12:00:00,,,,28.0,
2006-05-28 13:00:00,,,,28.7,
2006-05-28 14:00:00,,,,31.7,
2006-05-28 15:00:00,,,,34.0,
2006-05-28 16:00:00,,,,34.6,
2006-05-28 17:00:00,,,,29.3,
2006-05-28 18:00:00,,,,24.7,
2006-05-28 19:00:00,,,,18.4,
2006-05-28 20:00:00,,,,20.3,
2006-05-28 21:00:00,,,,23.4,
2006-05-28 22:00:00,,,,26.3,
2006-05-28 23:00:00,,,,21.9,
2006-05-29 00:00:00,,,,13.2,
2006-05-29 01:00:00,,,,13.4,
2006-05-29 02:00:00,,,,17.5,
2006-05-29 03:00:00,,,,9.6,
2006-05-29 04:00:00,,,,10.8,
2006-05-29 05:00:00,,,,9.3,
2006-05-29 06:00:00,,,,5.8,
2006-05-29 07:00:00,,,,11.8,
2006-05-29 08:00:00,,,,8.4,
2006-05-29 09:00:00,,,,15.2,
2006-05-29 10:00:00,,,,21.8,
2006-05-29 11:00:00,,,,26.9,
2006-05-29 12:00:00,,,,19.8,
2006-05-29 13:00:00,,,,25.3,
2006-05-29 14:00:00,,,,24.3,
2006-05-29 15:00:00,,,,8.4,
2006-05-29 16:00:00,,,,7.2,
2006-05-29 17:00:00,,,,12.8,
2006-05-29 18:00:00,,,,13.6,
2006-05-29 19:00:00,,,,8.7,
2006-05-29 20:00:00,,,,9.1,
2006-05-29 21:00:00,,,,13.3,
2006-05-29 22:00:00,,,,8.0,
2006-05-29 23:00:00,,,,0.5,
2006-05-30 00:00:00,,,,0.5,
2006-05-30 01:00:00,,,,6.9,
2006-05-30 02:00:00,,,,5.7,
2006-05-30 03:00:00,,,,1.7,
2006-05-30 04:00:00,,,,2.4,
2006-05-30 05:00:00,,,,2.6,
2006-05-30 06:00:00,,,,0.5,
2006-05-30 07:00:00,,,,0.5,
2006-05-30 08:00:00,,,,0.5,
2006-05-30 09:00:00,,,,0.5,
2006-05-30 10:00:00,,,,0.5,
2006-05-30 11:00:00,,,,0.5,
2006-05-30 12:00:00,,,,0.5,
2006-05-30 13:00:00,,,,0.5,
2006-05-30 14:00:00,,,,0.5,
2006-05-30 15:00:00,,,,0.5,
2006-05-30 16:00:00,,,,0.5,
2006-05-30 17:00:00,,,,0.5,
2006-05-30 18:00:00,,,,0.5,
2006-05-30 19:00:00,,,,0.5,
2006-05-30 20:00:00,,,,0.5,
2006-05-30 21:00:00,,,,0.5,
2006-05-30 22:00:00,,,,0.5,
2006-05-30 23:00:00,,,,1.1,
2006-05-31 00:00:00,,,,1.0,
2006-05-31 01:00:00,,,,5.0,
2006-05-31 02:00:00,,,,7.5,
2006-05-31 03:00:00,,,,18.5,
2006-05-31 04:00:00,,,,13.0,
2006-05-31 05:00:00,,,,16.8,
2006-05-31 06:00:00,,,,13.3,
2006-05-31 07:00:00,,,,0.5,
2006-05-31 08:00:00,,,,0.5,
2006-05-31 09:00:00,,,,0.5,
2006-05-31 10:00:00,,,,1.3,
2006-05-31 11:00:00,,,,3.8,
2006-05-31 12:00:00,,,,15.1,
2006-05-31 13:00:00,,,,17.4,
2006-05-31 14:00:00,,,,26.0,
2006-05-31 15:00:00,,,,21.2,
2006-05-31 16:00:00,,,,29.4,
2006-05-31 17:00:00,,,,17.4,
2006-05-31 18:00:00,,,,11.5,
2006-05-31 19:00:00,,,,0.5,
2006-05-31 20:00:00,,,,0.5,
2006-05-31 21:00:00,,,,0.5,
2006-05-31 22:00:00,,,,0.5,
2006-05-31 23:00:00,,,,0.5,
2006-06-01 00:00:00,,,,0.5,
2006-06-01 01:00:00,,,,7.3,
2006-06-01 02:00:00,,,,6.5,
2006-06-01 03:00:00,,,,11.0,
2006-06-01 04:00:00,,,,19.6,
2006-06-01 05:00:00,,,,13.8,
2006-06-01 06:00:00,,,,5.3,
2006-06-01 07:00:00,,,,0.5,
2006-06-01 08:00:00,,,,0.5,
2006-06-01 09:00:00,,,,1.7,
2006-06-01 10:00:00,,,,10.1,
2006-06-01 11:00:00,,,,22.2,
2006-06-01 12:00:00,,,,17.4,
2006-06-01 13:00:00,,,,6.0,
2006-06-01 14:00:00,,,,13.7,
2006-06-01 15:00:00,,,,25.1,
2006-06-01 16:00:00,,,,24.1,
2006-06-01 17:00:00,,,,23.2,
2006-06-01 18:00:00,,,,9.7,
2006-06-01 19:00:00,,,,2.0,
2006-06-01 20:00:00,,,,1.1,
2006-06-01 21:00:00,,,,3.4,
2006-06-01 22:00:00,,,,6.2,
2006-06-01 23:00:00,,,,6.6,
2006-06-02 00:00:00,,,,4.0,
2006-06-02 01:00:00,,,,2.2,
2006-06-02 02:00:00,,,,5.4,
2006-06-02 03:00:00,,,,4.3,
2006-06-02 04:00:00,,,,0.5,
2006-06-02 05:00:00,,,,0.5,
2006-06-02 06:00:00,,,,3.3,
2006-06-02 07:00:00,,,,5.3,
2006-06-02 08:00:00,,,,0.5,
2006-06-02 09:00:00,,,,1.1,
2006-06-02 10:00:00,,,,5.7,
2006-06-02 11:00:00,,,,10.4,
2006-06-02 12:00:00,,,,13.8,
2006-06-02 13:00:00,,,,24.4,
2006-06-02 14:00:00,,,,25.2,
2006-06-02 15:00:00,,,,27.2,
2006-06-02 16:00:00,,,,24.3,
2006-06-02 17:00:00,,,,26.5,
2006-06-02 18:00:00,,,,24.7,
2006-06-02 19:00:00,,,,17.6,
2006-06-02 20:00:00,,,,15.3,
2006-06-02 21:00:00,,,,14.3,
2006-06-02 22:00:00,,,,12.6,
2006-06-02 23:00:00,,,,10.5,
2006-06-03 00:00:00,,,,12.5,
2006-06-03 01:00:00,,,,17.4,
2006-06-03 02:00:00,,,,21.1,
2006-06-03 03:00:00,,,,22.2,
2006-06-03 04:00:00,,,,22.1,
2006-06-03 05:00:00,,,,23.8,
2006-06-03 06:00:00,,,,20.9,
2006-06-03 07:00:00,,,,18.1,
2006-06-03 08:00:00,,,,10.0,
2006-06-03 09:00:00,9.5,,,4.1,
2006-06-03 10:00:00,0.1,,,3.7,
2006-06-03 11:00:00,,,,5.8,
2006-06-03 12:00:00,20.6,,,10.6,
2006-06-03 13:00:00,21.1,,,12.7,
2006-06-03 14:00:00,,,,13.5,
2006-06-03 15:00:00,23.2,,,13.4,
2006-06-03 16:00:00,11.6,,,11.1,
2006-06-03 17:00:00,15.0,,,7.9,
2006-06-03 18:00:00,,,,4.6,
2006-06-03 19:00:00,1.4,,,1.2,
2006-06-03 20:00:00,32.5,,,3.2,
2006-06-03 21:00:00,,,,3.9,
2006-06-03 22:00:00,,,,2.7,
2006-06-03 23:00:00,31.5,,,3.1,
2006-06-04 00:00:00,,,,0.5,
2006-06-04 01:00:00,11.9,,,0.5,
2006-06-04 02:00:00,27.3,,,0.5,
2006-06-04 03:00:00,28.4,,,0.5,
2006-06-04 04:00:00,19.6,,,4.0,
2006-06-04 05:00:00,14.8,,,4.0,
2006-06-04 06:00:00,29.6,,,0.5,
2006-06-04 07:00:00,4.5,,,0.5,
2006-06-04 08:00:00,8.2,,,0.5,
2006-06-04 09:00:00,13.7,,,0.5,
2006-06-04 10:00:00,34.4,,,0.5,
2006-06-04 11:00:00,24.2,,,0.5,
2006-06-04 12:00:00,6.3,,,0.5,
2006-06-04 13:00:00,40.4,,,3.8,
2006-06-04 14:00:00,0.1,,,10.6,
2006-06-04 15:00:00,,,,13.9,
2006-06-04 16:00:00,3.2,,,19.1,
2006-06-04 17:00:00,5.7,,,18.8,
2006-06-04 18:00:00,,,,13.0,
2006-06-04 19:00:00,,,,8.2,
2006-06-04 20:00:00,,,,9.0,
2006-06-04 21:00:00,,,,5.9,
2006-06-04 22:00:00,,,,5.5,
2006-06-04 23:00:00,,,,4.2,
2006-06-05 00:00:00,,,,4.9,
2006-06-05 01:00:00,14.2,,,6.3,
2006-06-05 02:00:00,1.8,,,7.2,
2006-06-05 03:00:00,,,,6.9,
2006-06-05 04:00:00,,,,7.7,
2006-06-05 05:00:00,,,,11.1,
2006-06-05 06:00:00,,,,10.6,
2006-06-05 07:00:00,18.0,,,1.8,
2006-06-05 08:00:00,,,,0.5,
2006-06-05 09:00:00,,,,0.5,
2006-06-05 10:00:00,14.5,,,0.5,
2006-06-05 11:00:00,2.6,,,2.6,
2006-06-05 12:00:00,4.9,,,3.5,
2006-06-05 13:00:00,22.9,,,7.1,
2006-06-05 14:00:00,28.4,,,9.7,
2006-06-05 17:00:00,,,,2.9,
2006-06-05 18:00:00,,,,0.5,
2006-06-05 19:00:00,,,,0.5,
2006-06-05 20:00:00,25.2,,,0.5,
2006-06-05 21:00:00,23.4,,,0.5,
2006-06-05 22:00:00,30.3,,,0.5,
2006-06-05 23:00:00,22.4,,,4.4,
2006-06-06 00:00:00,16.9,,,9.7,
2006-06-06 01:00:00,,,,9.9,
2006-06-06 02:00:00,3.4,,,15.4,
2006-06-06 03:00:00,2.2,,,14.9,
2006-06-06 04:00:00,4.4,,,16.6,
2006-06-06 05:00:00,,,,24.0,
2006-06-06 06:00:00,7.7,,,15.6,
2006-06-06 07:00:00,,,,4.8,
2006-06-06 08:00:00,,,,0.5,
2006-06-06 09:00:00,23.5,,,0.5,
2006-06-06 10:00:00,12.5,,,0.5,
2006-06-06 11:00:00,43.1,,,1.4,
2006-06-06 12:00:00,34.5,,,1.1,
2006-06-06 13:00:00,22.4,,,3.9,
2006-06-06 14:00:00,30.9,,,3.0,
2006-06-06 15:00:00,49.1,,,12.7,
2006-06-06 16:00:00,14.8,,,13.4,
2006-06-06 17:00:00,,,,8.2,
2006-06-06 18:00:00,10.5,,,0.5,
2006-06-06 19:00:00,,,,0.5,
2006-06-06 20:00:00,17.1,,,0.5,
2006-06-06 21:00:00,42.5,,,0.5,
2006-06-06 22:00:00,36.3,,,0.5,
2006-06-06 23:00:00,48.5,,,0.5,
2006-06-07 00:00:00,31.2,,,0.5,
2006-06-07 01:00:00,45.9,,,0.5,
2006-06-07 02:00:00,35.4,,,0.5,
2006-06-07 03:00:00,44.4,,,0.5,
2006-06-07 04:00:00,19.3,,,0.5,
2006-06-07 05:00:00,26.7,,,0.5,
2006-06-07 06:00:00,22.9,,,0.5,
2006-06-07 07:00:00,7.1,,,0.5,
2006-06-07 08:00:00,22.8,,,0.5,
2006-06-07 09:00:00,51.3,,,0.5,
2006-06-07 10:00:00,57.9,,,0.5,
2006-06-07 11:00:00,49.3,,,0.5,
2006-06-07 12:00:00,44.7,,,1.2,
2006-06-07 13:00:00,24.0,,,1.1,
2006-06-07 14:00:00,46.1,,,10.3,
2006-06-07 15:00:00,14.2,,,25.6,
2006-06-07 16:00:00,35.0,,,28.0,
2006-06-07 17:00:00,15.6,,,8.1,
2006-06-07 18:00:00,9.5,,,1.1,
2006-06-07 19:00:00,11.2,,,0.5,
2006-06-07 20:00:00,24.9,,,0.5,
2006-06-07 21:00:00,12.6,,,0.5,
2006-06-07 22:00:00,33.3,,,0.5,
2006-06-07 23:00:00,21.4,,,0.5,
2006-06-08 00:00:00,3.5,,,0.5,
2006-06-08 01:00:00,35.2,,,0.5,
2006-06-08 02:00:00,33.0,,,0.5,
2006-06-08 03:00:00,43.4,,,0.5,
2006-06-08 04:00:00,21.4,,,0.5,
2006-06-08 05:00:00,7.9,,,0.5,
2006-06-08 06:00:00,4.2,,,0.5,
2006-06-08 07:00:00,5.8,,,0.5,
2006-06-08 08:00:00,,,,0.5,
2006-06-08 09:00:00,32.0,,,0.5,
2006-06-08 10:00:00,43.6,,,0.5,
2006-06-08 11:00:00,59.5,,,0.5,
2006-06-08 12:00:00,5.7,,,2.1,
2006-06-08 13:00:00,35.2,,,15.4,
2006-06-08 14:00:00,22.1,,,19.9,
2006-06-08 15:00:00,7.1,,,11.8,
2006-06-08 16:00:00,16.3,,,6.5,
2006-06-08 17:00:00,6.4,,,0.5,
2006-06-08 18:00:00,38.1,,,1.0,
2006-06-08 19:00:00,72.9,,,0.5,
2006-06-08 20:00:00,66.4,,,0.5,
2006-06-08 21:00:00,81.6,,,0.5,
2006-06-08 22:00:00,42.5,,,0.5,
2006-06-08 23:00:00,29.8,,,0.5,
2006-06-09 00:00:00,54.4,,,0.5,
2006-06-09 01:00:00,2.3,,,0.5,
2006-06-09 02:00:00,26.2,,,0.5,
2006-06-09 03:00:00,3.2,,,1.7,
2006-06-09 04:00:00,31.3,,,2.6,
2006-06-09 05:00:00,0.1,,,4.1,
2006-06-09 06:00:00,,,,5.1,
2006-06-09 07:00:00,,,,5.3,
2006-06-09 08:00:00,8.9,,,0.5,
2006-06-09 09:00:00,27.0,,,0.5,
2006-06-09 10:00:00,60.0,,,0.5,
2006-06-09 11:00:00,24.7,,,4.8,
2006-06-09 12:00:00,36.2,,,9.4,
2006-06-09 13:00:00,38.7,,,14.6,
2006-06-09 14:00:00,5.5,,,15.2,
2006-06-09 15:00:00,8.7,,,20.3,
2006-06-09 16:00:00,2.4,,,13.1,
2006-06-09 17:00:00,39.1,,,0.5,
2006-06-09 18:00:00,34.5,,,0.5,
2006-06-09 19:00:00,15.5,,,1.3,
2006-06-09 20:00:00,63.6,,,12.8,
2006-06-09 21:00:00,59.1,,,18.4,
2006-06-09 22:00:00,27.3,,,19.2,
2006-06-09 23:00:00,0.1,,,14.7,
2006-06-10 00:00:00,32.3,,,10.2,
2006-06-10 01:00:00,0.2,,,4.2,
2006-06-10 02:00:00,7.2,,,6.2,
2006-06-10 03:00:00,,,,3.2,
2006-06-10 04:00:00,,,,18.3,
2006-06-10 05:00:00,31.1,,,27.2,
2006-06-10 06:00:00,0.2,,,28.4,
2006-06-10 07:00:00,,,,30.3,
2006-06-10 08:00:00,,,,25.0,
2006-06-10 09:00:00,,,,19.2,
2006-06-10 10:00:00,,,,16.4,
2006-06-10 11:00:00,,,,15.3,
2006-06-10 12:00:00,14.0,,,4.6,
2006-06-10 13:00:00,0.1,,,5.8,
2006-06-10 14:00:00,27.0,,,11.7,
2006-06-10 15:00:00,0.1,,,7.9,
2006-06-10 16:00:00,,,,6.5,
2006-06-10 17:00:00,,,,12.6,
2006-06-10 18:00:00,,,,10.1,
2006-06-10 19:00:00,,,,14.5,
2006-06-10 20:00:00,,,,19.9,
2006-06-10 21:00:00,1.7,,,19.1,
2006-06-10 22:00:00,24.0,,,20.1,
2006-06-10 23:00:00,0.1,,,26.6,
2006-06-11 00:00:00,,,,26.4,
2006-06-11 01:00:00,,,,23.9,
2006-06-11 02:00:00,,,,27.5,
2006-06-11 03:00:00,2.7,,,28.2,
2006-06-11 04:00:00,,,,28.9,
2006-06-11 05:00:00,1.3,,,32.5,
2006-06-11 06:00:00,,,,29.2,
2006-06-11 07:00:00,,,,29.8,
2006-06-11 08:00:00,,,,24.3,
2006-06-11 09:00:00,1.3,,,30.6,
2006-06-11 10:00:00,,,,30.2,
2006-06-11 11:00:00,,,,33.7,
2006-06-11 12:00:00,2.6,,,30.6,
2006-06-11 13:00:00,,,,28.9,
2006-06-11 14:00:00,6.6,,,25.9,
2006-06-11 15:00:00,5.9,,,26.3,
2006-06-11 16:00:00,,,,21.3,
2006-06-11 17:00:00,10.6,,,14.7,
2006-06-11 18:00:00,21.2,,,21.5,
2006-06-11 19:00:00,,,,14.3,
2006-06-11 20:00:00,,,,6.2,
2006-06-11 21:00:00,17.9,,,11.3,
2006-06-11 22:00:00,,,,3.5,
2006-06-11 23:00:00,26.9,,,11.3,
2006-06-12 00:00:00,0.1,,,13.4,
2006-06-12 01:00:00,,,,0.5,
2006-06-12 02:00:00,1.0,,,1.9,
2006-06-12 03:00:00,19.4,,,1.2,
2006-06-12 04:00:00,11.7,,,3.7,
2006-06-12 05:00:00,,,,5.5,
2006-06-12 06:00:00,,,,1.1,
2006-06-12 07:00:00,17.2,,,0.5,
2006-06-12 08:00:00,,,,0.5,
2006-06-12 09:00:00,15.7,,,0.5,
2006-06-12 10:00:00,25.5,,,0.5,
2006-06-12 11:00:00,30.1,,,0.5,
2006-06-12 12:00:00,22.9,,,4.3,
2006-06-12 13:00:00,26.0,,,16.8,
2006-06-12 14:00:00,18.5,,,23.2,
2006-06-12 15:00:00,2.2,,,31.1,
2006-06-12 16:00:00,,,,34.0,
2006-06-12 17:00:00,,,,23.1,
2006-06-12 18:00:00,4.6,,,10.3,
2006-06-12 19:00:00,,,,2.6,
2006-06-12 20:00:00,,,,1.5,
2006-06-12 21:00:00,15.7,,,3.9,
2006-06-12 22:00:00,18.6,,,0.5,
2006-06-12 23:00:00,6.0,,,0.5,
2006-06-13 00:00:00,23.7,,,0.5,
2006-06-13 01:00:00,22.0,,,0.5,
2006-06-13 02:00:00,15.8,,,0.5,
2006-06-13 03:00:00,4.3,,,0.5,
2006-06-13 04:00:00,10.6,,,0.5,
2006-06-13 05:00:00,20.1,,,0.5,
2006-06-13 06:00:00,0.1,,,0.5,
2006-06-13 07:00:00,,,,0.5,
2006-06-13 08:00:00,,,,0.5,
2006-06-13 09:00:00,,,,1.1,
2006-06-13 10:00:00,55.4,,,0.5,
2006-06-13 11:00:00,50.1,,,0.5,
2006-06-13 12:00:00,62.8,,,0.5,
2006-06-13 13:00:00,45.7,,,0.5,
2006-06-13 14:00:00,28.0,,,0.5,
2006-06-13 15:00:00,26.9,,,4.0,
2006-06-13 16:00:00,23.5,,,9.3,
2006-06-13 17:00:00,26.9,,,15.2,
2006-06-13 18:00:00,13.3,,,0.5,
2006-06-13 19:00:00,37.5,,,0.5,
2006-06-13 20:00:00,61.4,,,0.5,
2006-06-13 21:00:00,84.1,,,0.5,
2006-06-13 22:00:00,56.9,,,0.5,
2006-06-13 23:00:00,53.0,,,0.5,
2006-06-14 00:00:00,42.3,,,0.5,
2006-06-14 01:00:00,45.9,,,0.5,
2006-06-14 02:00:00,16.8,,,0.5,
2006-06-14 03:00:00,56.9,,,0.5,
2006-06-14 04:00:00,29.3,,,0.5,
2006-06-14 05:00:00,37.9,,,0.5,
2006-06-14 06:00:00,12.7,,,0.5,
2006-06-14 07:00:00,12.6,,,0.5,
2006-06-14 08:00:00,58.5,,,0.5,
2006-06-14 09:00:00,10.4,,,0.5,
2006-06-14 10:00:00,38.8,,,0.5,
2006-06-14 11:00:00,25.8,,,1.2,
2006-06-14 12:00:00,23.9,,,2.1,
2006-06-14 13:00:00,15.9,,,1.1,
2006-06-14 14:00:00,46.4,,,1.2,
2006-06-14 15:00:00,32.8,,,1.1,
2006-06-14 16:00:00,26.3,,,0.5,
2006-06-14 18:00:00,,,,0.5,
2006-06-14 19:00:00,1.4,,,0.5,
2006-06-14 20:00:00,85.2,,,0.5,
2006-06-14 21:00:00,55.0,,,1.1,
2006-06-14 22:00:00,64.7,,,0.5,
2006-06-14 23:00:00,72.2,,,1.3,
2006-06-15 00:00:00,56.3,,,1.4,
2006-06-15 01:00:00,84.5,,,1.7,
2006-06-15 02:00:00,50.5,,,1.6,
2006-06-15 03:00:00,58.4,,,2.0,
2006-06-15 04:00:00,24.0,,,1.7,
2006-06-15 05:00:00,41.1,,,1.7,
2006-06-15 06:00:00,0.2,,,1.6,
2006-06-15 07:00:00,,,,3.5,
2006-06-15 08:00:00,,,,5.1,
2006-06-15 09:00:00,,,,9.3,
2006-06-15 10:00:00,9.9,,,15.9,
2006-06-15 11:00:00,11.4,,,21.4,
2006-06-15 12:00:00,2.3,,,24.4,
2006-06-15 13:00:00,26.0,,,15.4,
2006-06-15 14:00:00,16.4,,,15.7,
2006-06-15 15:00:00,0.7,,,18.6,
2006-06-15 16:00:00,16.6,,,15.9,
2006-06-15 17:00:00,10.9,,,19.5,
2006-06-15 18:00:00,,,,23.6,
2006-06-15 19:00:00,,,,17.8,
2006-06-15 20:00:00,1.8,,,18.8,
2006-06-15 21:00:00,4.8,,,22.3,
2006-06-15 22:00:00,11.5,,,16.2,
2006-06-15 23:00:00,21.1,,,14.5,
2006-06-16 00:00:00,0.1,,,15.6,
2006-06-16 01:00:00,7.6,,,20.9,
2006-06-16 02:00:00,10.2,,,24.6,
2006-06-16 03:00:00,4.6,,,25.2,
2006-06-16 04:00:00,2.6,,,24.0,
2006-06-16 05:00:00,5.6,,,31.2,
2006-06-16 06:00:00,,,,28.3,
2006-06-16 07:00:00,,,,13.7,
2006-06-16 08:00:00,,,,12.3,
2006-06-16 09:00:00,2.8,,,4.5,
2006-06-16 10:00:00,10.3,,,14.3,
2006-06-16 11:00:00,19.3,,,20.1,
2006-06-16 12:00:00,9.5,,,30.4,
2006-06-16 13:00:00,1.1,,,28.2,
2006-06-16 14:00:00,25.9,,,30.3,
2006-06-16 15:00:00,,,,33.5,
2006-06-16 16:00:00,7.5,,,30.8,
2006-06-16 17:00:00,14.4,,,21.5,
2006-06-16 18:00:00,6.8,,,10.9,
2006-06-16 19:00:00,,,,0.5,
2006-06-16 20:00:00,4.2,,,0.5,
2006-06-16 21:00:00,28.0,,,0.5,
2006-06-16 22:00:00,37.8,,,9.0,
2006-06-16 23:00:00,0.1,,,9.5,
2006-06-17 00:00:00,20.2,,,14.4,
2006-06-17 01:00:00,1.5,,,23.4,
2006-06-17 02:00:00,11.0,,,24.7,
2006-06-17 03:00:00,10.1,,,28.1,
2006-06-17 04:00:00,7.6,,,31.6,
2006-06-17 05:00:00,8.5,,,33.9,
2006-06-17 06:00:00,20.2,,,37.1,
2006-06-17 07:00:00,0.1,,,23.9,
2006-06-17 08:00:00,,,,12.9,
2006-06-17 09:00:00,,,,10.0,
2006-06-17 10:00:00,4.1,,,22.4,
2006-06-17 11:00:00,26.9,,,29.6,
2006-06-17 12:00:00,0.1,,,37.3,
2006-06-17 13:00:00,39.4,,,37.8,
2006-06-17 14:00:00,24.0,,,38.9,
2006-06-17 15:00:00,22.8,,,38.8,
2006-06-17 16:00:00,19.0,,,38.9,
2006-06-17 17:00:00,0.1,,,34.2,
2006-06-17 18:00:00,,,,27.4,
2006-06-17 19:00:00,,,,22.2,
2006-06-17 20:00:00,7.2,,,14.6,
2006-06-17 21:00:00,16.1,,,22.5,
2006-06-17 22:00:00,10.5,,,23.2,
2006-06-17 23:00:00,16.5,,,27.9,
2006-06-18 00:00:00,17.6,,,33.2,
2006-06-18 01:00:00,4.0,,,28.9,
2006-06-18 02:00:00,15.3,,,25.1,
2006-06-18 03:00:00,1.3,,,26.4,
2006-06-18 04:00:00,17.6,,,18.4,
2006-06-18 05:00:00,17.5,,,15.4,
2006-06-18 06:00:00,8.1,,,7.0,
2006-06-18 07:00:00,,,,6.5,
2006-06-18 08:00:00,21.5,,,0.5,
2006-06-18 09:00:00,3.5,,,0.5,
2006-06-18 10:00:00,9.7,,,0.5,
2006-06-18 11:00:00,11.3,,,7.5,
2006-06-18 12:00:00,26.0,,,7.2,
2006-06-18 13:00:00,20.2,,,10.3,
2006-06-18 14:00:00,29.9,,,14.0,
2006-06-18 15:00:00,18.9,,,17.6,
2006-06-18 16:00:00,15.6,,,13.2,
2006-06-18 17:00:00,0.5,,,20.4,
2006-06-18 18:00:00,,,,17.3,
2006-06-18 19:00:00,,,,3.8,
2006-06-18 20:00:00,,,,0.5,
2006-06-18 21:00:00,8.9,,,0.5,
2006-06-18 22:00:00,22.8,,,0.5,
2006-06-18 23:00:00,13.5,,,0.5,
2006-06-19 00:00:00,25.8,,,0.5,
2006-06-19 01:00:00,40.5,,,0.5,
2006-06-19 02:00:00,0.6,,,0.5,
2006-06-19 03:00:00,27.9,,,0.5,
2006-06-19 04:00:00,32.6,,,0.5,
2006-06-19 05:00:00,0.3,,,0.5,
2006-06-19 06:00:00,29.6,,,0.5,
2006-06-19 07:00:00,11.9,,,0.5,
2006-06-19 08:00:00,32.5,,,0.5,
2006-06-19 09:00:00,25.9,,,0.5,
2006-06-19 10:00:00,66.0,,,0.5,
2006-06-19 11:00:00,66.2,,,0.5,
2006-06-19 12:00:00,16.5,,,0.5,
2006-06-19 13:00:00,19.7,,,4.5,
2006-06-19 14:00:00,19.8,,,6.1,
2006-06-19 15:00:00,15.9,,,6.5,
2006-06-19 16:00:00,0.2,,,4.7,
2006-06-19 17:00:00,7.3,,,2.9,
2006-06-19 18:00:00,11.5,,,0.5,
2006-06-19 19:00:00,29.3,,,0.5,
2006-06-19 20:00:00,81.4,,,0.5,
2006-06-19 21:00:00,82.2,,,0.5,
2006-06-19 22:00:00,59.3,,,0.5,
2006-06-19 23:00:00,71.9,,,0.5,
2006-06-20 00:00:00,17.2,,,0.5,
2006-06-20 01:00:00,20.1,,,2.6,
2006-06-20 02:00:00,4.5,,,7.5,
2006-06-20 03:00:00,,,,11.1,
2006-06-20 04:00:00,,,,13.7,
2006-06-20 05:00:00,5.5,,,16.0,
2006-06-20 06:00:00,7.8,,,17.2,
2006-06-20 07:00:00,,,,4.5,
2006-06-20 08:00:00,9.4,,,0.5,
2006-06-20 09:00:00,47.6,,,0.5,
2006-06-20 10:00:00,48.5,,,0.5,
2006-06-20 11:00:00,52.0,,,0.5,
2006-06-20 12:00:00,61.2,,,2.1,
2006-06-20 13:00:00,23.2,,,2.7,
2006-06-20 14:00:00,39.2,,,1.3,
2006-06-20 15:00:00,25.3,,,3.6,
2006-06-20 16:00:00,34.0,,,1.0,
2006-06-20 17:00:00,36.9,,,1.1,
2006-06-20 18:00:00,39.6,,,9.3,
2006-06-20 19:00:00,16.4,,,8.5,
2006-06-20 20:00:00,17.5,,,2.4,
2006-06-20 21:00:00,31.2,,,0.5,
2006-06-20 22:00:00,33.3,,,5.4,
2006-06-20 23:00:00,5.4,,,5.7,
2006-06-21 01:00:00,28.8,,,1.7,
2006-06-21 02:00:00,6.6,,,0.5,
2006-06-21 03:00:00,6.4,,,0.5,
2006-06-21 04:00:00,25.6,,,0.5,
2006-06-21 05:00:00,30.8,,,0.5,
2006-06-21 06:00:00,3.7,,,11.3,
2006-06-21 07:00:00,,,,33.0,
2006-06-21 08:00:00,,,,26.7,
2006-06-21 09:00:00,9.0,,,18.8,
2006-06-21 10:00:00,,,,17.1,
2006-06-21 11:00:00,1.3,,,28.3,
2006-06-21 12:00:00,,,,26.2,
2006-06-21 13:00:00,27.1,,,32.3,
2006-06-21 14:00:00,0.1,,,12.4,
2006-06-21 15:00:00,,,,10.5,
2006-06-21 16:00:00,,,,2.3,
2006-06-21 17:00:00,6.3,,,0.5,
2006-06-21 18:00:00,30.4,,,0.5,
2006-06-21 19:00:00,0.1,,,0.5,
2006-06-21 20:00:00,3.4,,,0.5,
2006-06-21 21:00:00,28.8,,,0.5,
2006-06-21 22:00:00,1.7,,,0.5,
2006-06-21 23:00:00,42.0,,,0.5,
2006-06-22 00:00:00,6.1,,,0.5,
2006-06-22 01:00:00,19.4,,,0.5,
2006-06-22 02:00:00,15.7,,,0.5,
2006-06-22 03:00:00,9.9,,,0.5,
2006-06-22 04:00:00,0.3,,,0.5,
2006-06-22 05:00:00,11.8,,,0.5,
2006-06-22 06:00:00,0.4,,,0.5,
2006-06-22 07:00:00,,,,0.5,
2006-06-22 08:00:00,,,,0.5,
2006-06-22 09:00:00,,,,0.5,
2006-06-22 10:00:00,22.7,,,2.8,
2006-06-22 11:00:00,11.3,,,13.5,
2006-06-22 12:00:00,,,,17.8,
2006-06-22 13:00:00,17.8,,,13.5,
2006-06-22 14:00:00,0.1,,,4.2,
2006-06-22 15:00:00,18.4,,,6.0,
2006-06-22 16:00:00,27.4,,,5.7,
2006-06-22 17:00:00,23.0,,,14.9,
2006-06-22 18:00:00,24.5,,,5.7,
2006-06-22 19:00:00,0.1,,,0.5,
2006-06-22 20:00:00,54.3,,,3.7,
2006-06-22 21:00:00,14.0,,,4.9,
2006-06-22 22:00:00,3.9,,,0.5,
2006-06-22 23:00:00,7.2,,,3.6,
2006-06-23 00:00:00,16.4,,,2.3,
2006-06-23 01:00:00,23.1,,,0.5,
2006-06-23 02:00:00,18.9,,,0.5,
2006-06-23 03:00:00,22.0,,,1.8,
2006-06-23 04:00:00,1.6,,,14.2,
2006-06-23 05:00:00,25.3,,,10.9,
2006-06-23 06:00:00,13.6,,,21.6,
2006-06-23 07:00:00,0.1,,,10.3,
2006-06-23 08:00:00,,,,3.6,
2006-06-23 09:00:00,,,,2.7,
2006-06-23 10:00:00,23.5,,,11.4,
2006-06-23 11:00:00,0.2,,,18.2,
2006-06-23 12:00:00,22.5,,,26.5,
2006-06-23 13:00:00,0.1,,,29.0,
2006-06-23 14:00:00,8.2,,,24.2,
2006-06-23 15:00:00,0.1,,,34.2,
2006-06-23 16:00:00,,,,31.1,
2006-06-23 17:00:00,,,,24.4,
2006-06-23 18:00:00,12.2,,,18.7,
2006-06-23 19:00:00,0.1,,,13.8,
2006-06-23 20:00:00,14.3,,,13.0,
2006-06-23 21:00:00,14.1,,,15.3,
2006-06-23 22:00:00,22.7,,,10.5,
2006-06-23 23:00:00,24.0,,,8.7,
2006-06-24 00:00:00,6.0,,,6.5,
2006-06-24 01:00:00,19.7,,,5.1,
2006-06-24 02:00:00,7.2,,,1.0,
2006-06-24 03:00:00,24.2,,,0.5,
2006-06-24 04:00:00,0.8,,,0.5,
2006-06-24 05:00:00,2.2,,,0.5,
2006-06-24 06:00:00,15.5,,,0.5,
2006-06-24 07:00:00,0.3,,,0.5,
2006-06-24 08:00:00,24.5,,,0.5,
2006-06-24 09:00:00,0.2,,,0.5,
2006-06-24 10:00:00,49.9,,,0.5,
2006-06-24 11:00:00,25.4,,,3.4,
2006-06-24 12:00:00,42.5,,,10.5,
2006-06-24 13:00:00,20.9,,,12.8,
2006-06-24 14:00:00,24.5,,,5.2,
2006-06-24 15:00:00,62.4,,,7.1,
2006-06-24 16:00:00,43.9,,,10.8,
2006-06-24 17:00:00,40.4,,,4.6,
2006-06-24 18:00:00,17.4,,,0.5,
2006-06-24 19:00:00,57.4,,,0.5,
2006-06-24 20:00:00,63.6,,,0.5,
2006-06-24 21:00:00,62.7,,,0.5,
2006-06-24 22:00:00,71.0,,,0.5,
2006-06-24 23:00:00,74.4,,,0.5,
2006-06-25 00:00:00,106.5,,,0.5,
2006-06-25 01:00:00,68.7,,,0.5,
2006-06-25 02:00:00,36.4,,,0.5,
2006-06-25 03:00:00,55.3,,,0.5,
2006-06-25 04:00:00,43.1,,,0.5,
2006-06-25 05:00:00,21.3,,,0.5,
2006-06-25 06:00:00,7.2,,,0.5,
2006-06-25 07:00:00,0.1,,,0.5,
2006-06-25 08:00:00,4.5,,,0.5,
2006-06-25 09:00:00,34.6,,,0.5,
2006-06-25 10:00:00,35.5,,,0.5,
2006-06-25 11:00:00,24.2,,,3.5,
2006-06-25 12:00:00,7.7,,,9.6,
2006-06-25 13:00:00,0.1,,,13.6,
2006-06-25 14:00:00,41.9,,,16.4,
2006-06-25 15:00:00,0.5,,,21.7,
2006-06-25 16:00:00,19.4,,,14.3,
2006-06-25 17:00:00,32.6,,,34.2,
2006-06-25 18:00:00,46.8,,,28.1,
2006-06-25 19:00:00,0.5,,,8.4,
2006-06-25 20:00:00,,,,12.0,
2006-06-25 21:00:00,,,,16.9,
2006-06-25 22:00:00,,,,27.7,
2006-06-25 23:00:00,,,,21.7,
2006-06-26 00:00:00,,,,23.7,
2006-06-26 01:00:00,,,,31.6,
2006-06-26 02:00:00,,,,35.6,
2006-06-26 03:00:00,,,,36.3,
2006-06-26 04:00:00,,,,35.7,
2006-06-26 05:00:00,,,,33.1,
2006-06-26 06:00:00,,,,32.8,
2006-06-26 07:00:00,,,,25.4,
2006-06-26 08:00:00,,,,11.6,
2006-06-26 09:00:00,,,,13.1,
2006-06-26 10:00:00,1.0,,,16.4,
2006-06-26 11:00:00,4.3,,,15.4,
2006-06-26 12:00:00,16.3,,,19.6,
2006-06-26 13:00:00,9.0,,,22.1,
2006-06-26 14:00:00,8.5,,,20.5,
2006-06-26 15:00:00,0.1,,,21.6,
2006-06-26 16:00:00,7.4,,,18.3,
2006-06-26 17:00:00,4.4,,,14.4,
2006-06-26 18:00:00,44.1,,,13.6,
2006-06-26 19:00:00,0.6,,,11.3,
2006-06-26 20:00:00,21.5,,,12.9,
2006-06-26 21:00:00,2.0,,,15.2,
2006-06-26 22:00:00,,,,16.5,
2006-06-26 23:00:00,19.1,,,15.8,
2006-06-27 00:00:00,6.3,,,17.9,
2006-06-27 01:00:00,0.1,,,21.8,
2006-06-27 02:00:00,3.4,,,21.1,
2006-06-27 03:00:00,4.4,,,22.0,
2006-06-27 04:00:00,1.7,,,22.3,
2006-06-27 05:00:00,16.4,,,21.2,
2006-06-27 06:00:00,0.2,,,17.2,
2006-06-27 07:00:00,,,,10.1,
2006-06-27 08:00:00,4.9,,,2.2,
2006-06-27 09:00:00,7.0,,,0.5,
2006-06-27 10:00:00,23.2,,,2.7,
2006-06-27 11:00:00,7.8,,,7.1,
2006-06-27 12:00:00,22.4,,,6.7,
2006-06-27 13:00:00,40.8,,,20.9,
2006-06-27 14:00:00,0.1,,,33.4,
2006-06-27 15:00:00,11.7,,,24.8,
2006-06-27 16:00:00,3.9,,,25.3,
2006-06-27 17:00:00,4.0,,,25.9,
2006-06-27 18:00:00,6.0,,,21.1,
2006-06-27 19:00:00,,,,10.9,
2006-06-27 20:00:00,6.3,,,6.9,
2006-06-27 21:00:00,33.5,,,0.5,
2006-06-27 22:00:00,38.0,,,0.5,
2006-06-27 23:00:00,13.3,,,0.5,
2006-06-28 00:00:00,36.2,,,0.5,
2006-06-28 01:00:00,36.7,,,0.5,
2006-06-28 02:00:00,61.4,,,0.5,
2006-06-28 03:00:00,31.9,,,0.5,
2006-06-28 04:00:00,17.4,,,0.5,
2006-06-28 05:00:00,13.0,,,0.5,
2006-06-28 06:00:00,29.7,,,0.5,
2006-06-28 07:00:00,0.2,,,0.5,
2006-06-28 08:00:00,31.1,,,0.5,
2006-06-28 09:00:00,17.0,,,0.5,
2006-06-28 10:00:00,43.2,,,0.5,
2006-06-28 11:00:00,28.1,,,1.2,
2006-06-28 12:00:00,17.6,,,3.2,
2006-06-28 13:00:00,36.6,,,7.2,
2006-06-28 14:00:00,26.2,,,9.2,
2006-06-28 15:00:00,15.4,,,9.1,
2006-06-28 16:00:00,33.1,,,22.0,
2006-06-28 17:00:00,4.8,,,17.3,
2006-06-28 18:00:00,28.5,,,7.3,
2006-06-28 19:00:00,0.2,,,0.5,
2006-06-28 20:00:00,22.3,,,0.5,
2006-06-28 21:00:00,25.1,,,8.0,
2006-06-28 22:00:00,9.9,,,12.7,
2006-06-28 23:00:00,17.7,,,4.8,
2006-06-29 00:00:00,23.0,,,9.2,
2006-06-29 01:00:00,0.1,,,11.9,
2006-06-29 02:00:00,8.5,,,17.1,
2006-06-29 03:00:00,19.0,,,20.9,
2006-06-29 04:00:00,6.8,,,19.0,
2006-06-29 05:00:00,10.4,,,15.5,
2006-06-29 06:00:00,1.7,,,22.9,
2006-06-29 07:00:00,,,,9.1,
2006-06-29 08:00:00,,,,0.5,
2006-06-29 09:00:00,18.6,,,0.5,
2006-06-29 10:00:00,33.2,,,2.1,
2006-06-29 11:00:00,2.0,,,7.0,
2006-06-29 12:00:00,35.0,,,12.0,
2006-06-29 13:00:00,0.6,,,20.0,
2006-06-29 14:00:00,38.8,,,18.6,
2006-06-29 15:00:00,0.3,,,38.2,
2006-06-29 16:00:00,2.5,,,38.4,
2006-06-29 17:00:00,6.7,,,30.4,
2006-06-29 18:00:00,23.5,,,17.0,
2006-06-29 19:00:00,1.7,,,9.9,
2006-06-29 20:00:00,6.0,,,22.5,
2006-06-29 21:00:00,16.5,,,22.9,
2006-06-29 22:00:00,9.0,,,24.6,
2006-06-29 23:00:00,35.2,,,17.7,
2006-06-30 00:00:00,14.1,,,10.6,
2006-06-30 01:00:00,3.5,,,12.5,
2006-06-30 02:00:00,8.7,,,5.0,
2006-06-30 03:00:00,18.2,,,1.8,
2006-06-30 04:00:00,27.5,,,0.5,
2006-06-30 05:00:00,7.2,,,0.5,
2006-06-30 06:00:00,,,,0.5,
2006-06-30 07:00:00,,,,0.5,
2006-06-30 08:00:00,,,,0.5,
2006-06-30 09:00:00,45.1,,,0.5,
2006-06-30 10:00:00,10.4,,,0.5,
2006-06-30 11:00:00,40.1,,,0.5,
2006-06-30 12:00:00,49.0,,,1.7,
2006-06-30 13:00:00,14.7,,,5.9,
2006-06-30 14:00:00,33.2,,,10.0,
2006-06-30 15:00:00,9.8,,,6.2,
2006-06-30 16:00:00,31.7,,,3.0,
2006-06-30 17:00:00,32.8,,,6.8,
2006-06-30 18:00:00,6.6,,,6.1,
2006-06-30 19:00:00,,,,0.5,
2006-06-30 20:00:00,25.2,,,0.5,
2006-06-30 21:00:00,40.0,,,0.5,
2006-06-30 22:00:00,23.2,,,0.5,
2006-06-30 23:00:00,23.9,,,0.5,
2006-07-01 00:00:00,32.3,,,0.5,
2006-07-01 01:00:00,12.5,,,0.5,
2006-07-01 02:00:00,26.1,,,0.5,
2006-07-01 03:00:00,12.9,,,0.5,
2006-07-01 04:00:00,39.2,,,0.5,
2006-07-01 05:00:00,3.3,,,0.5,
2006-07-01 06:00:00,25.2,,,0.5,
2006-07-01 07:00:00,0.1,,,0.5,
2006-07-01 08:00:00,24.0,,,0.5,
2006-07-01 09:00:00,8.4,,,0.5,
2006-07-01 10:00:00,22.7,,,0.5,
2006-07-01 11:00:00,57.0,,,0.5,
2006-07-01 12:00:00,53.5,,,0.5,
2006-07-01 13:00:00,8.9,,,3.1,
2006-07-01 14:00:00,8.2,,,9.3,
2006-07-01 15:00:00,3.2,,,9.5,
2006-07-01 16:00:00,26.8,,,4.0,
2006-07-01 17:00:00,21.5,,,5.7,
2006-07-01 18:00:00,28.0,,,1.9,
2006-07-01 19:00:00,19.0,,,0.5,
2006-07-01 20:00:00,13.3,,,0.5,
2006-07-01 21:00:00,51.1,,,0.5,
2006-07-01 22:00:00,12.2,,,5.9,
2006-07-01 23:00:00,41.4,,,14.8,
2006-07-02 00:00:00,0.3,,,10.4,
2006-07-02 01:00:00,,,,4.3,
2006-07-02 02:00:00,21.2,,,3.5,
2006-07-02 03:00:00,0.2,,,8.6,
2006-07-02 04:00:00,5.9,,,9.7,
2006-07-02 05:00:00,7.3,,,16.8,
2006-07-02 06:00:00,14.8,,,16.7,
2006-07-02 07:00:00,2.9,,,16.6,
2006-07-02 08:00:00,22.2,,,15.0,
2006-07-02 09:00:00,6.1,,,13.1,
2006-07-02 10:00:00,0.1,,,11.7,
2006-07-02 11:00:00,20.9,,,20.7,
2006-07-02 12:00:00,3.0,,,18.0,
2006-07-02 13:00:00,27.7,,,16.7,
2006-07-02 14:00:00,5.9,,,16.5,
2006-07-02 15:00:00,32.6,,,22.7,
2006-07-02 16:00:00,0.3,,,16.6,
2006-07-02 17:00:00,33.9,,,15.8,
2006-07-02 18:00:00,6.0,,,7.6,
2006-07-02 19:00:00,0.1,,,5.2,
2006-07-02 20:00:00,14.6,,,12.8,
2006-07-02 21:00:00,0.1,,,14.9,
2006-07-02 22:00:00,23.1,,,7.3,
2006-07-02 23:00:00,22.7,,,8.2,
2006-07-03 00:00:00,24.4,,,12.3,
2006-07-03 01:00:00,5.4,,,11.1,
2006-07-03 02:00:00,4.0,,,0.5,
2006-07-03 03:00:00,,,,0.5,
2006-07-03 04:00:00,22.5,,,0.5,
2006-07-03 05:00:00,1.1,,,0.5,
2006-07-03 06:00:00,,,,0.5,
2006-07-03 07:00:00,2.6,,,0.5,
2006-07-03 08:00:00,,,,0.5,
2006-07-03 09:00:00,30.9,,,0.5,
2006-07-03 10:00:00,16.3,,,0.5,
2006-07-03 11:00:00,29.1,,,0.5,
2006-07-03 12:00:00,62.2,,,1.5,
2006-07-03 13:00:00,17.8,,,2.5,
2006-07-03 14:00:00,29.8,,,16.2,
2006-07-03 15:00:00,0.2,,,59.1,
2006-07-03 16:00:00,20.3,,,36.1,
2006-07-03 17:00:00,40.7,,,4.8,
2006-07-03 18:00:00,12.1,,,0.5,
2006-07-03 19:00:00,24.9,,,0.5,
2006-07-03 20:00:00,46.3,,,0.5,
2006-07-03 21:00:00,69.4,,,0.5,
2006-07-03 22:00:00,99.1,,,0.5,
2006-07-03 23:00:00,63.4,,,0.5,
2006-07-04 00:00:00,51.9,,,0.5,
2006-07-04 01:00:00,76.3,,,0.5,
2006-07-04 02:00:00,40.7,,,0.5,
2006-07-04 03:00:00,39.5,,,0.5,
2006-07-04 04:00:00,0.2,,,0.5,
2006-07-04 05:00:00,9.1,,,0.5,
2006-07-04 06:00:00,15.3,,,0.5,
2006-07-04 07:00:00,0.1,,,0.5,
2006-07-04 08:00:00,,,,0.5,
2006-07-04 09:00:00,31.9,,,0.5,
2006-07-04 10:00:00,20.5,,,0.5,
2006-07-04 11:00:00,30.6,,,0.5,
2006-07-04 12:00:00,32.6,,,1.3,
2006-07-04 13:00:00,20.3,,,2.9,
2006-07-04 14:00:00,1.7,,,3.5,
2006-07-04 15:00:00,12.3,,,4.1,
2006-07-04 16:00:00,27.0,,,5.1,
2006-07-04 17:00:00,6.0,,,,
2006-07-04 18:00:00,,,,0.5,
2006-07-04 19:00:00,,,,0.5,
2006-07-04 20:00:00,,,,0.5,
2006-07-04 21:00:00,13.1,,,0.5,
2006-07-04 22:00:00,37.1,,,0.5,
2006-07-04 23:00:00,23.1,,,0.5,
2006-07-05 00:00:00,37.5,,,0.5,
2006-07-05 01:00:00,22.5,,,0.5,
2006-07-05 02:00:00,0.2,,,0.5,
2006-07-05 03:00:00,30.4,,,0.5,
2006-07-05 04:00:00,28.8,,,0.5,
2006-07-05 05:00:00,24.7,,,0.5,
2006-07-05 06:00:00,0.2,,,0.5,
2006-07-05 07:00:00,17.4,,,0.5,
2006-07-05 08:00:00,19.2,,,0.5,
2006-07-05 09:00:00,0.2,,,0.5,
2006-07-05 10:00:00,24.7,,,0.5,
2006-07-05 11:00:00,55.4,,,0.5,
2006-07-05 12:00:00,23.5,,,0.5,
2006-07-05 13:00:00,26.1,,,2.3,
2006-07-05 14:00:00,32.9,,,4.9,
2006-07-05 15:00:00,53.9,,,6.9,
2006-07-05 16:00:00,0.5,,,5.4,
2006-07-05 17:00:00,17.2,,,2.0,
2006-07-05 18:00:00,42.5,,,0.5,
2006-07-05 19:00:00,8.7,,,0.5,
2006-07-05 20:00:00,70.8,,,0.5,
2006-07-05 21:00:00,43.0,,,0.5,
2006-07-05 22:00:00,25.8,,,0.5,
2006-07-05 23:00:00,47.7,,,0.5,
2006-07-06 00:00:00,17.6,,,4.0,
2006-07-06 01:00:00,8.7,,,14.2,
2006-07-06 02:00:00,16.6,,,18.5,
2006-07-06 03:00:00,10.3,,,8.3,
2006-07-06 04:00:00,53.1,,,4.9,
2006-07-06 05:00:00,0.5,,,8.5,
2006-07-06 06:00:00,2.4,,,2.1,
2006-07-06 07:00:00,,,,3.3,
2006-07-06 08:00:00,18.8,,,0.5,
2006-07-06 09:00:00,0.2,,,0.5,
2006-07-06 10:00:00,50.6,,,0.5,
2006-07-06 11:00:00,64.0,,,0.5,
2006-07-06 12:00:00,30.3,,,2.9,
2006-07-06 13:00:00,17.4,,,3.1,
2006-07-06 14:00:00,14.4,,,7.0,
2006-07-06 15:00:00,6.5,,,9.7,
2006-07-06 16:00:00,37.8,,,26.4,
2006-07-06 17:00:00,33.0,,,26.8,
2006-07-06 18:00:00,22.0,,,21.7,
2006-07-06 19:00:00,7.4,,,0.5,
2006-07-06 20:00:00,86.1,,,0.5,
2006-07-06 21:00:00,60.3,,,0.5,
2006-07-06 22:00:00,23.8,,,0.5,
2006-07-06 23:00:00,46.8,,,0.5,
2006-07-07 00:00:00,64.5,,,0.5,
2006-07-07 01:00:00,57.6,,,0.5,
2006-07-07 02:00:00,37.7,,,0.5,
2006-07-07 03:00:00,19.8,,,0.5,
2006-07-07 04:00:00,59.6,,,0.5,
2006-07-07 05:00:00,31.4,,,0.5,
2006-07-07 06:00:00,4.0,,,0.5,
2006-07-07 07:00:00,28.2,,,0.5,
2006-07-07 08:00:00,12.8,,,0.5,
2006-07-07 09:00:00,33.5,,,0.5,
2006-07-07 10:00:00,43.8,,,0.5,
2006-07-07 11:00:00,71.0,,,0.5,
2006-07-07 12:00:00,62.8,,,0.5,
2006-07-07 13:00:00,61.0,,,4.8,
2006-07-07 14:00:00,12.4,,,13.5,
2006-07-07 15:00:00,28.5,,,24.1,
2006-07-07 16:00:00,17.3,,,21.4,
2006-07-07 17:00:00,49.0,,,5.4,
2006-07-07 18:00:00,34.8,,,0.5,
2006-07-07 19:00:00,52.3,,,0.5,
2006-07-07 20:00:00,37.3,,,0.5,
2006-07-07 21:00:00,89.1,,,0.5,
2006-07-07 22:00:00,114.3,,,0.5,
2006-07-07 23:00:00,47.2,,,0.5,
2006-07-08 00:00:00,63.5,,,0.5,
2006-07-08 01:00:00,82.4,,,0.5,
2006-07-08 02:00:00,53.6,,,0.5,
2006-07-08 03:00:00,74.1,,,0.5,
2006-07-08 04:00:00,5.2,,,0.5,
2006-07-08 05:00:00,69.5,,,0.5,
2006-07-08 06:00:00,24.5,,,0.5,
2006-07-08 07:00:00,40.5,,,0.5,
2006-07-08 08:00:00,14.7,,,0.5,
2006-07-08 09:00:00,10.7,,,0.5,
2006-07-08 10:00:00,50.0,,,0.5,
2006-07-08 11:00:00,48.3,,,1.9,
2006-07-08 12:00:00,30.3,,,10.4,
2006-07-08 13:00:00,50.4,,,6.4,
2006-07-08 14:00:00,22.4,,,12.0,
2006-07-08 15:00:00,42.9,,,8.9,
2006-07-08 16:00:00,21.8,,,3.5,
2006-07-08 17:00:00,46.9,,,3.7,
2006-07-08 18:00:00,20.9,,,0.5,
2006-07-08 19:00:00,62.8,,,0.5,
2006-07-08 20:00:00,57.6,,,0.5,
2006-07-08 21:00:00,44.2,,,1.4,
2006-07-08 22:00:00,51.4,,,2.6,
2006-07-08 23:00:00,28.2,,,2.1,
2006-07-09 00:00:00,8.0,,,0.5,
2006-07-09 01:00:00,28.2,,,5.2,
2006-07-09 02:00:00,44.3,,,15.6,
2006-07-09 03:00:00,19.9,,,8.4,
2006-07-09 04:00:00,23.6,,,6.8,
2006-07-09 05:00:00,0.2,,,0.5,
2006-07-09 06:00:00,22.0,,,6.7,
2006-07-09 07:00:00,23.5,,,17.8,
2006-07-09 08:00:00,0.3,,,22.7,
2006-07-09 09:00:00,,,,24.2,
2006-07-09 10:00:00,9.5,,,25.7,
2006-07-09 11:00:00,0.1,,,25.4,
2006-07-09 12:00:00,,,,23.8,
2006-07-09 13:00:00,2.5,,,23.3,
2006-07-09 14:00:00,,,,21.9,
2006-07-09 15:00:00,,,,26.4,
2006-07-09 16:00:00,,,,27.6,
2006-07-09 17:00:00,,,,22.4,
2006-07-09 18:00:00,,,,19.4,
2006-07-09 19:00:00,,,,2.7,
2006-07-09 20:00:00,10.4,,,1.4,
2006-07-09 21:00:00,0.1,,,1.5,
2006-07-09 22:00:00,,,,0.5,
2006-07-09 23:00:00,,,,0.5,
2006-07-10 00:00:00,12.1,,,0.5,
2006-07-10 01:00:00,10.0,,,0.5,
2006-07-10 02:00:00,22.0,,,1.7,
2006-07-10 03:00:00,19.4,,,1.1,
2006-07-10 04:00:00,2.9,,,0.5,
2006-07-10 05:00:00,15.3,,,0.5,
2006-07-10 06:00:00,6.3,,,1.2,
2006-07-10 07:00:00,17.4,,,0.5,
2006-07-10 08:00:00,11.7,,,0.5,
2006-07-10 09:00:00,7.7,,,0.5,
2006-07-10 10:00:00,39.9,,,0.5,
2006-07-10 11:00:00,18.7,,,2.2,
2006-07-10 12:00:00,18.5,,,4.3,
2006-07-10 13:00:00,53.3,,,20.8,
2006-07-10 14:00:00,0.6,,,30.9,
2006-07-10 15:00:00,,,,31.6,
2006-07-10 16:00:00,,,,43.7,
2006-07-10 17:00:00,4.4,,,29.6,
2006-07-10 18:00:00,3.0,,,20.5,
2006-07-10 19:00:00,4.2,,,4.1,
2006-07-10 20:00:00,25.1,,,3.0,
2006-07-10 21:00:00,0.3,,,15.0,
2006-07-10 22:00:00,10.4,,,26.0,
2006-07-10 23:00:00,0.1,,,13.0,
2006-07-11 00:00:00,28.2,,,3.2,
2006-07-11 01:00:00,0.4,,,3.8,
2006-07-11 02:00:00,16.3,,,1.1,
2006-07-11 03:00:00,3.4,,,2.3,
2006-07-11 04:00:00,17.2,,,0.5,
2006-07-11 05:00:00,0.2,,,0.5,
2006-07-11 06:00:00,8.5,,,0.5,
2006-07-11 07:00:00,6.5,,,0.5,
2006-07-11 08:00:00,7.3,,,0.5,
2006-07-11 09:00:00,6.1,,,0.5,
2006-07-11 10:00:00,51.7,,,0.5,
2006-07-11 11:00:00,15.7,,,3.1,
2006-07-11 12:00:00,11.0,,,5.9,
2006-07-11 13:00:00,20.7,,,10.4,
2006-07-11 14:00:00,9.1,,,11.0,
2006-07-11 15:00:00,24.6,,,17.8,
2006-07-11 16:00:00,17.1,,,14.2,
2006-07-11 17:00:00,32.1,,,3.9,
2006-07-11 18:00:00,17.6,,,0.5,
2006-07-11 19:00:00,34.1,,,0.5,
2006-07-11 20:00:00,28.8,,,0.5,
2006-07-11 21:00:00,19.7,,,4.1,
2006-07-11 22:00:00,38.2,,,21.4,
2006-07-11 23:00:00,12.2,,,14.1,
2006-07-12 00:00:00,4.4,,,8.9,
2006-07-12 01:00:00,25.1,,,12.5,
2006-07-12 02:00:00,15.6,,,16.1,
2006-07-12 03:00:00,17.6,,,17.4,
2006-07-12 04:00:00,7.1,,,14.0,
2006-07-12 05:00:00,4.8,,,14.2,
2006-07-12 06:00:00,14.0,,,6.6,
2006-07-12 07:00:00,15.0,,,3.5,
2006-07-12 08:00:00,10.0,,,0.5,
2006-07-12 09:00:00,31.6,,,0.5,
2006-07-12 10:00:00,0.4,,,0.5,
2006-07-12 11:00:00,47.7,,,2.0,
2006-07-12 12:00:00,35.2,,,6.8,
2006-07-12 13:00:00,8.5,,,7.5,
2006-07-12 14:00:00,13.0,,,11.2,
2006-07-12 15:00:00,28.0,,,5.9,
2006-07-12 16:00:00,46.5,,,9.2,
2006-07-12 17:00:00,36.5,,,4.3,
2006-07-12 18:00:00,40.6,,,0.5,
2006-07-12 19:00:00,27.6,,,0.5,
2006-07-12 20:00:00,77.9,,,0.5,
2006-07-12 21:00:00,76.9,,,0.5,
2006-07-12 22:00:00,62.1,,,0.5,
2006-07-12 23:00:00,103.0,,,0.5,
2006-07-13 00:00:00,72.7,,,0.5,
2006-07-13 01:00:00,60.5,,,0.5,
2006-07-13 02:00:00,71.6,,,0.5,
2006-07-13 03:00:00,24.4,,,0.5,
2006-07-13 04:00:00,50.7,,,0.5,
2006-07-13 05:00:00,31.2,,,0.5,
2006-07-13 06:00:00,26.0,,,0.5,
2006-07-13 07:00:00,6.1,,,0.5,
2006-07-13 08:00:00,49.4,,,0.5,
2006-07-13 09:00:00,31.9,,,0.5,
2006-07-13 10:00:00,31.2,,,0.5,
2006-07-13 11:00:00,49.5,,,3.5,
2006-07-13 12:00:00,50.4,,,10.1,
2006-07-13 13:00:00,14.6,,,17.7,
2006-07-13 14:00:00,48.7,,,19.5,
2006-07-13 15:00:00,24.8,,,12.5,
2006-07-13 16:00:00,40.6,,,9.7,
2006-07-13 17:00:00,19.7,,,2.1,
2006-07-13 18:00:00,52.8,,,0.5,
2006-07-13 19:00:00,77.9,,,0.5,
2006-07-13 20:00:00,45.5,,,0.5,
2006-07-13 21:00:00,148.1,,,6.4,
2006-07-13 22:00:00,90.0,,,14.2,
2006-07-13 23:00:00,11.6,,,17.5,
2006-07-14 00:00:00,39.0,,,19.6,
2006-07-14 01:00:00,15.3,,,23.8,
2006-07-14 02:00:00,5.1,,,32.9,
2006-07-14 03:00:00,16.3,,,33.6,
2006-07-14 04:00:00,9.8,,,35.3,
2006-07-14 05:00:00,0.1,,,36.9,
2006-07-14 06:00:00,,,,35.9,
2006-07-14 07:00:00,,,,34.3,
2006-07-14 08:00:00,6.7,,,19.9,
2006-07-14 09:00:00,3.0,,,23.7,
2006-07-14 10:00:00,4.8,,,23.3,
2006-07-14 11:00:00,31.9,,,12.9,
2006-07-14 12:00:00,0.3,,,5.9,
2006-07-14 13:00:00,23.3,,,6.1,
2006-07-14 14:00:00,20.0,,,7.6,
2006-07-14 15:00:00,8.6,,,14.9,
2006-07-14 16:00:00,15.2,,,19.8,
2006-07-14 17:00:00,0.2,,,20.1,
2006-07-14 18:00:00,,,,27.3,
2006-07-14 19:00:00,4.0,,,21.8,
2006-07-14 20:00:00,,,,31.5,
2006-07-14 21:00:00,,,,29.6,
2006-07-14 22:00:00,,,,27.3,
2006-07-14 23:00:00,,,,26.4,
2006-07-15 00:00:00,,,,27.8,
2006-07-15 01:00:00,,,,28.9,
2006-07-15 02:00:00,2.7,,,28.5,
2006-07-15 03:00:00,,,,32.7,
2006-07-15 04:00:00,9.2,,,40.4,
2006-07-15 05:00:00,9.7,,,37.3,
2006-07-15 06:00:00,0.1,,,38.7,
2006-07-15 07:00:00,3.0,,,37.6,
2006-07-15 08:00:00,23.1,,,33.0,
2006-07-15 09:00:00,0.3,,,25.8,
2006-07-15 10:00:00,14.5,,,26.1,
2006-07-15 11:00:00,0.1,,,19.6,
2006-07-15 12:00:00,41.1,,,12.0,
2006-07-15 13:00:00,11.5,,,17.9,
2006-07-15 14:00:00,30.8,,,25.0,
2006-07-15 15:00:00,17.8,,,23.6,
2006-07-15 19:00:00,19.8,,,27.6,
2006-07-15 20:00:00,0.2,,,32.1,
2006-07-15 21:00:00,,,,31.2,
2006-07-15 22:00:00,,,,32.7,
2006-07-15 23:00:00,,,,34.5,
2006-07-16 00:00:00,17.4,,,36.3,
2006-07-16 01:00:00,0.1,,,38.8,
2006-07-16 02:00:00,,,,39.4,
2006-07-16 03:00:00,7.6,,,41.4,
2006-07-16 04:00:00,7.0,,,41.2,
2006-07-16 05:00:00,9.2,,,39.6,
2006-07-16 06:00:00,0.1,,,36.5,
2006-07-16 07:00:00,,,,36.2,
2006-07-16 08:00:00,,,,33.0,
2006-07-16 09:00:00,,,,31.1,
2006-07-16 10:00:00,,,,26.1,
2006-07-16 11:00:00,,,,20.9,
2006-07-16 12:00:00,1.9,,,19.4,
2006-07-16 13:00:00,,,,14.6,
2006-07-16 14:00:00,,,,5.6,
2006-07-16 15:00:00,34.6,,,10.6,
2006-07-16 16:00:00,23.0,,,11.5,
2006-07-16 17:00:00,0.2,,,7.6,
2006-07-16 18:00:00,45.9,,,2.2,
2006-07-16 19:00:00,0.3,,,0.5,
2006-07-16 20:00:00,10.3,,,0.5,
2006-07-16 21:00:00,2.3,,,0.5,
2006-07-16 22:00:00,44.3,,,0.5,
2006-07-16 23:00:00,12.6,,,1.2,
2006-07-17 00:00:00,0.1,,,7.4,
2006-07-17 01:00:00,21.4,,,3.9,
2006-07-17 02:00:00,0.2,,,0.5,
2006-07-17 03:00:00,13.2,,,0.5,
2006-07-17 04:00:00,0.1,,,0.5,
2006-07-17 05:00:00,,,,0.5,
2006-07-17 06:00:00,,,,0.5,
2006-07-17 07:00:00,4.7,,,0.5,
2006-07-17 08:00:00,25.5,,,0.5,
2006-07-17 09:00:00,12.5,,,0.5,
2006-07-17 10:00:00,45.9,,,0.5,
2006-07-17 11:00:00,45.4,,,0.5,
2006-07-17 12:00:00,32.4,,,0.5,
2006-07-17 13:00:00,13.6,,,0.5,
2006-07-17 14:00:00,18.5,,,7.8,
2006-07-17 15:00:00,31.5,,,3.9,
2006-07-17 16:00:00,40.8,,,3.7,
2006-07-17 17:00:00,5.8,,,4.9,
2006-07-17 18:00:00,8.4,,,2.0,
2006-07-17 19:00:00,33.8,,,0.5,
2006-07-17 20:00:00,54.4,,,0.5,
2006-07-17 21:00:00,40.2,,,0.5,
2006-07-17 22:00:00,52.5,,,0.5,
2006-07-17 23:00:00,29.3,,,0.5,
2006-07-18 00:00:00,1.7,,,0.5,
2006-07-18 01:00:00,,,,4.9,
2006-07-18 02:00:00,22.4,,,0.5,
2006-07-18 03:00:00,0.2,,,0.5,
2006-07-18 04:00:00,9.6,,,3.3,
2006-07-18 05:00:00,21.7,,,2.5,
2006-07-18 06:00:00,1.3,,,3.2,
2006-07-18 07:00:00,15.1,,,4.3,
2006-07-18 08:00:00,0.1,,,1.1,
2006-07-18 09:00:00,,,,0.5,
2006-07-18 10:00:00,12.7,,,0.5,
2006-07-18 11:00:00,29.0,,,0.5,
2006-07-18 12:00:00,29.5,,,2.3,
2006-07-18 13:00:00,49.8,,,2.8,
2006-07-18 14:00:00,0.6,,,16.5,
2006-07-18 15:00:00,44.1,,,16.3,
2006-07-18 16:00:00,0.4,,,10.5,
2006-07-18 17:00:00,13.2,,,3.0,
2006-07-18 18:00:00,9.8,,,0.5,
2006-07-18 19:00:00,21.8,,,0.5,
2006-07-18 20:00:00,60.3,,,0.5,
2006-07-18 21:00:00,38.2,,,0.5,
2006-07-18 22:00:00,66.6,,,0.5,
2006-07-18 23:00:00,106.0,,,0.5,
2006-07-19 00:00:00,52.4,,,0.5,
2006-07-19 01:00:00,87.0,,,0.5,
2006-07-19 02:00:00,28.7,,,0.5,
2006-07-19 03:00:00,37.7,,,0.5,
2006-07-19 04:00:00,0.4,,,1.2,
2006-07-19 05:00:00,34.9,,,2.5,
2006-07-19 06:00:00,0.4,,,2.3,
2006-07-19 07:00:00,1.6,,,0.5,
2006-07-19 08:00:00,,,,0.5,
2006-07-19 09:00:00,1.3,,,0.5,
2006-07-19 10:00:00,35.2,,,0.5,
2006-07-19 11:00:00,21.1,,,0.5,
2006-07-19 12:00:00,19.4,,,5.9,
2006-07-19 13:00:00,35.7,,,17.1,
2006-07-19 14:00:00,0.5,,,20.3,
2006-07-19 15:00:00,46.5,,,21.3,
2006-07-19 16:00:00,22.7,,,14.4,
2006-07-19 17:00:00,29.9,,,20.8,
2006-07-19 18:00:00,21.1,,,18.5,
2006-07-19 19:00:00,15.8,,,17.7,
2006-07-19 20:00:00,0.2,,,6.2,
2006-07-19 21:00:00,,,,5.8,
2006-07-19 22:00:00,,,,5.6,
2006-07-19 23:00:00,40.9,,,1.2,
2006-07-20 00:00:00,17.5,,,0.5,
2006-07-20 01:00:00,33.6,,,0.5,
2006-07-20 02:00:00,34.7,,,0.5,
2006-07-20 03:00:00,26.7,,,0.5,
2006-07-20 04:00:00,25.1,,,0.5,
2006-07-20 05:00:00,15.9,,,0.5,
2006-07-20 06:00:00,25.7,,,0.5,
2006-07-20 07:00:00,16.5,,,0.5,
2006-07-20 08:00:00,14.6,,,0.5,
2006-07-20 09:00:00,14.1,,,0.5,
2006-07-20 10:00:00,29.6,,,0.5,
2006-07-20 11:00:00,70.4,,,0.5,
2006-07-20 12:00:00,45.3,,,3.0,
2006-07-20 13:00:00,51.6,,,5.9,
2006-07-20 14:00:00,20.6,,,21.1,
2006-07-20 15:00:00,17.5,,,31.4,
2006-07-20 16:00:00,55.0,,,33.7,
2006-07-20 17:00:00,14.8,,,18.9,
2006-07-20 18:00:00,28.2,,,5.0,
2006-07-20 19:00:00,60.4,,,0.5,
2006-07-20 20:00:00,48.1,,,0.5,
2006-07-20 21:00:00,75.7,,,0.5,
2006-07-20 22:00:00,112.0,,,0.5,
2006-07-20 23:00:00,91.0,,,0.5,
2006-07-21 00:00:00,49.7,,,0.5,
2006-07-21 01:00:00,71.8,,,0.5,
2006-07-21 02:00:00,99.8,,,0.5,
2006-07-21 03:00:00,66.3,,,0.5,
2006-07-21 04:00:00,43.8,,,0.5,
2006-07-21 05:00:00,5.5,,,0.5,
2006-07-21 06:00:00,48.1,,,0.5,
2006-07-21 07:00:00,30.0,,,0.5,
2006-07-21 08:00:00,12.2,,,0.5,
2006-07-21 09:00:00,46.2,,,0.5,
2006-07-21 10:00:00,63.4,,,0.5,
2006-07-21 11:00:00,58.3,,,0.5,
2006-07-21 12:00:00,56.6,,,5.3,
2006-07-21 13:00:00,18.0,,,8.7,
2006-07-21 14:00:00,31.3,,,13.9,
2006-07-21 15:00:00,0.3,,,19.4,
2006-07-21 16:00:00,39.9,,,19.5,
2006-07-21 17:00:00,28.3,,,6.5,
2006-07-21 18:00:00,34.5,,,0.5,
2006-07-21 19:00:00,55.4,,,0.5,
2006-07-21 20:00:00,89.6,,,0.5,
2006-07-21 21:00:00,79.9,,,0.5,
2006-07-21 22:00:00,83.8,,,0.5,
2006-07-21 23:00:00,73.0,,,0.5,
2006-07-22 00:00:00,143.6,,,0.5,
2006-07-22 01:00:00,78.6,,,0.5,
2006-07-22 02:00:00,84.2,,,0.5,
2006-07-22 03:00:00,43.9,,,0.5,
2006-07-22 04:00:00,60.0,,,0.5,
2006-07-22 05:00:00,27.9,,,0.5,
2006-07-22 06:00:00,23.2,,,0.5,
2006-07-22 07:00:00,31.5,,,0.5,
2006-07-22 08:00:00,22.1,,,0.5,
2006-07-22 09:00:00,29.2,,,0.5,
2006-07-22 10:00:00,22.5,,,2.4,
2006-07-22 11:00:00,35.4,,,5.8,
2006-07-22 12:00:00,27.8,,,13.0,
2006-07-22 13:00:00,54.1,,,19.4,
2006-07-22 14:00:00,29.0,,,30.4,
2006-07-22 15:00:00,25.9,,,34.6,
2006-07-22 16:00:00,24.1,,,28.2,
2006-07-22 17:00:00,11.0,,,14.8,
2006-07-22 18:00:00,23.0,,,7.1,
2006-07-22 19:00:00,60.7,,,0.5,
2006-07-22 20:00:00,43.8,,,0.5,
2006-07-22 21:00:00,27.8,,,0.5,
2006-07-22 22:00:00,102.4,,,0.5,
2006-07-22 23:00:00,97.6,,,0.5,
2006-07-23 00:00:00,108.7,,,0.5,
2006-07-23 01:00:00,60.6,,,0.5,
2006-07-23 02:00:00,45.4,,,0.5,
2006-07-23 03:00:00,53.5,,,0.5,
2006-07-23 04:00:00,27.9,,,0.5,
2006-07-23 05:00:00,11.2,,,0.5,
2006-07-23 06:00:00,34.1,,,0.5,
2006-07-23 07:00:00,27.1,,,1.1,
2006-07-23 08:00:00,30.0,,,17.7,
2006-07-23 09:00:00,9.4,,,26.9,
2006-07-23 10:00:00,42.8,,,32.2,
2006-07-23 11:00:00,33.8,,,36.5,
2006-07-23 12:00:00,11.1,,,39.7,
2006-07-23 13:00:00,32.6,,,37.3,
2006-07-23 14:00:00,27.3,,,37.7,
2006-07-23 15:00:00,11.4,,,40.5,
2006-07-23 16:00:00,27.4,,,41.5,
2006-07-23 17:00:00,8.2,,,34.1,
2006-07-23 18:00:00,1.7,,,33.1,
2006-07-23 19:00:00,25.4,,,29.9,
2006-07-23 20:00:00,23.4,,,30.0,
2006-07-23 21:00:00,14.5,,,29.4,
2006-07-23 22:00:00,44.5,,,28.5,
2006-07-23 23:00:00,19.5,,,32.7,
2006-07-24 00:00:00,38.9,,,35.7,
2006-07-24 01:00:00,34.2,,,34.0,
2006-07-24 02:00:00,0.4,,,35.2,
2006-07-24 03:00:00,15.6,,,31.5,
2006-07-24 04:00:00,10.1,,,31.0,
2006-07-24 05:00:00,21.0,,,31.1,
2006-07-24 06:00:00,0.3,,,33.2,
2006-07-24 07:00:00,6.0,,,29.8,
2006-07-24 08:00:00,41.8,,,24.4,
2006-07-24 09:00:00,0.5,,,21.6,
2006-07-24 10:00:00,11.4,,,23.3,
2006-07-24 11:00:00,10.7,,,25.7,
2006-07-24 12:00:00,17.6,,,21.5,
2006-07-24 13:00:00,19.5,,,14.4,
2006-07-24 14:00:00,29.8,,,19.5,
2006-07-24 15:00:00,29.5,,,23.4,
2006-07-24 16:00:00,10.5,,,22.5,
2006-07-24 17:00:00,3.1,,,21.1,
2006-07-24 18:00:00,37.2,,,14.2,
2006-07-24 19:00:00,9.9,,,9.6,
2006-07-24 20:00:00,7.2,,,13.6,
2006-07-24 21:00:00,3.0,,,20.2,
2006-07-24 22:00:00,,,,24.1,
2006-07-24 23:00:00,15.4,,,25.2,
2006-07-25 00:00:00,21.4,,,23.0,
2006-07-25 01:00:00,0.4,,,19.9,
2006-07-25 02:00:00,11.5,,,18.8,
2006-07-25 03:00:00,30.5,,,13.4,
2006-07-25 04:00:00,14.8,,,13.7,
2006-07-25 05:00:00,21.8,,,14.6,
2006-07-25 06:00:00,0.3,,,13.2,
2006-07-25 07:00:00,22.5,,,2.7,
2006-07-25 08:00:00,21.2,,,1.0,
2006-07-25 09:00:00,43.7,,,0.5,
2006-07-25 10:00:00,14.6,,,0.5,
2006-07-25 11:00:00,66.0,,,0.5,
2006-07-25 12:00:00,36.7,,,0.5,
2006-07-25 13:00:00,54.6,,,0.5,
2006-07-25 14:00:00,60.1,,,0.5,
2006-07-25 15:00:00,5.1,,,0.5,
2006-07-25 16:00:00,58.7,,,0.5,
2006-07-25 18:00:00,,,,0.5,
2006-07-25 19:00:00,34.4,,,0.5,
2006-07-25 20:00:00,6.6,,,0.5,
2006-07-25 21:00:00,0.1,,,0.5,
2006-07-25 22:00:00,,,,0.5,
2006-07-25 23:00:00,59.8,,,0.5,
2006-07-26 00:00:00,16.6,,,0.5,
2006-07-26 01:00:00,1.2,,,0.5,
2006-07-26 02:00:00,24.5,,,0.5,
2006-07-26 03:00:00,27.4,,,0.5,
2006-07-26 04:00:00,7.1,,,1.1,
2006-07-26 05:00:00,0.1,,,3.3,
2006-07-26 06:00:00,9.6,,,2.5,
2006-07-26 07:00:00,3.9,,,0.5,
2006-07-26 08:00:00,7.5,,,3.2,
2006-07-26 09:00:00,0.1,,,2.8,
2006-07-26 10:00:00,13.9,,,0.5,
2006-07-26 11:00:00,44.3,,,0.5,
2006-07-26 12:00:00,37.1,,,0.5,
2006-07-26 13:00:00,0.4,,,5.2,
2006-07-26 14:00:00,20.4,,,3.8,
2006-07-26 15:00:00,15.0,,,0.5,
2006-07-26 16:00:00,7.7,,,1.0,
2006-07-26 17:00:00,40.8,,,0.5,
2006-07-26 18:00:00,20.2,,,0.5,
2006-07-26 19:00:00,7.8,,,0.5,
2006-07-26 20:00:00,5.1,,,0.5,
2006-07-26 21:00:00,17.6,,,0.5,
2006-07-26 22:00:00,28.6,,,0.5,
2006-07-26 23:00:00,27.7,,,0.5,
2006-07-27 00:00:00,0.3,,,0.5,
2006-07-27 01:00:00,43.9,,,3.3,
2006-07-27 02:00:00,0.5,,,4.8,
2006-07-27 03:00:00,12.6,,,9.6,
2006-07-27 04:00:00,1.3,,,18.6,
2006-07-27 05:00:00,3.9,,,22.5,
2006-07-27 06:00:00,,,,29.9,
2006-07-27 07:00:00,,,,34.1,
2006-07-27 08:00:00,,,,18.7,
2006-07-27 09:00:00,5.2,,,29.3,
2006-07-27 10:00:00,0.1,,,27.4,
2006-07-27 11:00:00,,,,20.4,
2006-07-27 12:00:00,,,,14.3,
2006-07-27 13:00:00,,,,6.5,
2006-07-27 14:00:00,10.4,,,4.0,
2006-07-27 15:00:00,21.6,,,0.5,
2006-07-27 16:00:00,3.6,,,1.6,
2006-07-27 17:00:00,11.0,,,0.5,
2006-07-27 18:00:00,32.5,,,0.5,
2006-07-27 19:00:00,40.5,,,0.5,
2006-07-27 20:00:00,25.9,,,0.5,
2006-07-27 21:00:00,45.8,,,0.5,
2006-07-27 22:00:00,42.4,,,0.5,
2006-07-27 23:00:00,51.9,,,0.5,
2006-07-28 00:00:00,27.2,,,0.5,
2006-07-28 01:00:00,12.5,,,0.5,
2006-07-28 02:00:00,31.2,,,0.5,
2006-07-28 03:00:00,34.1,,,0.5,
2006-07-28 04:00:00,9.3,,,0.5,
2006-07-28 05:00:00,24.1,,,0.5,
2006-07-28 06:00:00,11.3,,,0.5,
2006-07-28 07:00:00,0.1,,,1.6,
2006-07-28 08:00:00,30.3,,,4.8,
2006-07-28 09:00:00,7.2,,,10.3,
2006-07-28 10:00:00,13.8,,,9.9,
2006-07-28 11:00:00,6.8,,,14.5,
2006-07-28 12:00:00,22.4,,,15.4,
2006-07-28 13:00:00,6.5,,,11.7,
2006-07-28 14:00:00,9.8,,,10.3,
2006-07-28 15:00:00,19.1,,,6.5,
2006-07-28 16:00:00,1.2,,,7.9,
2006-07-28 17:00:00,37.8,,,5.6,
2006-07-28 18:00:00,2.6,,,2.1,
2006-07-28 19:00:00,2.6,,,2.5,
2006-07-28 20:00:00,,,,5.7,
2006-07-28 21:00:00,16.2,,,6.5,
2006-07-28 22:00:00,7.8,,,6.2,
2006-07-28 23:00:00,0.1,,,6.8,
2006-07-29 00:00:00,11.9,,,6.8,
2006-07-29 01:00:00,3.5,,,11.4,
2006-07-29 02:00:00,9.0,,,17.8,
2006-07-29 03:00:00,11.8,,,23.2,
2006-07-29 04:00:00,6.9,,,25.4,
2006-07-29 05:00:00,4.7,,,29.1,
2006-07-29 06:00:00,0.1,,,30.9,
2006-07-29 07:00:00,,,,31.2,
2006-07-29 08:00:00,,,,25.3,
2006-07-29 09:00:00,14.1,,,20.7,
2006-07-29 10:00:00,4.2,,,19.4,
2006-07-29 11:00:00,18.4,,,20.9,
2006-07-29 12:00:00,0.3,,,21.8,
2006-07-29 13:00:00,23.5,,,21.3,
2006-07-29 14:00:00,15.2,,,31.0,
2006-07-29 15:00:00,0.2,,,33.1,
2006-07-29 16:00:00,,,,25.9,
2006-07-29 17:00:00,8.3,,,22.9,
2006-07-29 18:00:00,25.5,,,18.6,
2006-07-29 19:00:00,0.4,,,22.6,
2006-07-29 20:00:00,8.8,,,23.2,
2006-07-29 21:00:00,6.7,,,19.2,
2006-07-29 22:00:00,32.3,,,26.2,
2006-07-29 23:00:00,0.5,,,26.2,
2006-07-30 00:00:00,6.0,,,24.0,
2006-07-30 01:00:00,12.5,,,33.3,
2006-07-30 02:00:00,13.5,,,33.7,
2006-07-30 03:00:00,5.0,,,36.8,
2006-07-30 04:00:00,0.1,,,38.4,
2006-07-30 05:00:00,,,,35.3,
2006-07-30 06:00:00,32.2,,,23.3,
2006-07-30 07:00:00,0.5,,,21.1,
2006-07-30 08:00:00,,,,16.1,
2006-07-30 09:00:00,,,,26.5,
2006-07-30 10:00:00,5.6,,,27.2,
2006-07-30 11:00:00,13.8,,,29.5,
2006-07-30 12:00:00,15.4,,,32.1,
2006-07-30 13:00:00,5.8,,,32.6,
2006-07-30 14:00:00,0.1,,,29.4,
2006-07-30 15:00:00,0.5,,,29.0,
2006-07-30 16:00:00,2.9,,,31.1,
2006-07-30 17:00:00,21.0,,,24.4,
2006-07-30 18:00:00,0.3,,,18.5,
2006-07-30 19:00:00,,,,7.7,
2006-07-30 20:00:00,,,,10.5,
2006-07-30 21:00:00,8.3,,,6.8,
2006-07-30 22:00:00,0.1,,,6.5,
2006-07-30 23:00:00,20.8,,,12.0,
2006-07-31 00:00:00,25.7,,,6.7,
2006-07-31 01:00:00,1.5,,,9.1,
2006-07-31 02:00:00,15.8,,,8.4,
2006-07-31 03:00:00,12.4,,,10.5,
2006-07-31 04:00:00,0.2,,,10.4,
2006-07-31 05:00:00,29.3,,,9.1,
2006-07-31 06:00:00,0.5,,,6.8,
2006-07-31 07:00:00,,,,3.1,
2006-07-31 08:00:00,2.8,,,0.5,
2006-07-31 09:00:00,14.7,,,1.9,
2006-07-31 10:00:00,24.8,,,4.8,
2006-07-31 11:00:00,26.7,,,5.7,
2006-07-31 12:00:00,12.5,,,13.8,
2006-07-31 13:00:00,19.5,,,16.1,
2006-07-31 14:00:00,0.3,,,20.7,
2006-07-31 15:00:00,10.0,,,16.1,
2006-07-31 16:00:00,4.9,,,11.9,
2006-07-31 17:00:00,9.5,,,14.6,
2006-07-31 18:00:00,14.0,,,19.5,
2006-07-31 19:00:00,0.1,,,4.1,
2006-07-31 20:00:00,2.0,,,0.5,
2006-07-31 21:00:00,44.8,,,0.5,
2006-07-31 22:00:00,26.2,,,0.5,
2006-07-31 23:00:00,36.9,,,1.2,
2006-08-01 00:00:00,43.7,,,1.0,
2006-08-01 01:00:00,44.9,,,0.5,
2006-08-01 02:00:00,37.2,,,0.5,
2006-08-01 03:00:00,44.7,,,0.5,
2006-08-01 04:00:00,15.6,,,0.5,
2006-08-01 05:00:00,17.3,,,0.5,
2006-08-01 06:00:00,13.0,,,0.5,
2006-08-01 07:00:00,0.2,,,0.5,
2006-08-01 08:00:00,11.0,,,0.5,
2006-08-01 09:00:00,46.3,,,0.5,
2006-08-01 10:00:00,39.5,,,0.5,
2006-08-01 11:00:00,73.9,,,2.6,
2006-08-01 12:00:00,8.9,,,11.4,
2006-08-01 13:00:00,26.6,,,20.3,
2006-08-01 14:00:00,0.3,,,32.4,
2006-08-01 15:00:00,,,,30.1,
2006-08-01 16:00:00,,,,37.5,
2006-08-01 17:00:00,,,,34.4,
2006-08-01 18:00:00,,,,27.0,
2006-08-01 19:00:00,,,,2.8,
2006-08-01 20:00:00,,,,0.5,
2006-08-01 21:00:00,28.1,,,2.3,
2006-08-01 22:00:00,8.2,,,0.5,
2006-08-01 23:00:00,36.0,,,0.5,
2006-08-02 00:00:00,31.3,,,0.5,
2006-08-02 01:00:00,31.9,,,0.5,
2006-08-02 02:00:00,18.2,,,0.5,
2006-08-02 03:00:00,61.6,,,0.5,
2006-08-02 04:00:00,8.9,,,0.5,
2006-08-02 05:00:00,16.1,,,0.5,
2006-08-02 06:00:00,30.5,,,0.5,
2006-08-02 07:00:00,0.4,,,0.5,
2006-08-02 08:00:00,,,,0.5,
2006-08-02 09:00:00,36.3,,,0.5,
2006-08-02 10:00:00,69.0,,,0.5,
2006-08-02 11:00:00,35.3,,,8.6,
2006-08-02 12:00:00,29.8,,,8.0,
2006-08-02 13:00:00,5.0,,,10.5,
2006-08-02 14:00:00,0.1,,,23.5,
2006-08-02 15:00:00,3.7,,,36.2,
2006-08-02 16:00:00,8.7,,,38.6,
2006-08-02 17:00:00,12.8,,50.5,34.5,
2006-08-02 18:00:00,42.9,,56.6,22.1,
2006-08-02 19:00:00,0.7,,93.1,5.3,
2006-08-02 20:00:00,,,99.2,1.1,
2006-08-02 21:00:00,48.9,,91.1,4.3,
2006-08-02 22:00:00,10.8,,61.6,9.9,
2006-08-02 23:00:00,5.3,,59.6,16.2,
2006-08-03 00:00:00,29.3,,57.9,15.3,
2006-08-03 01:00:00,9.7,,29.8,29.0,
2006-08-03 02:00:00,11.1,,20.8,29.9,
2006-08-03 03:00:00,3.1,,24.2,24.9,
2006-08-03 04:00:00,,,13.9,30.6,
2006-08-03 05:00:00,,,9.2,31.6,
2006-08-03 06:00:00,1.1,,16.7,34.0,
2006-08-03 07:00:00,9.2,,40.2,24.7,
2006-08-03 08:00:00,0.1,,90.6,2.5,
2006-08-03 09:00:00,14.2,,96.3,0.5,
2006-08-03 10:00:00,39.8,,117.1,1.1,
2006-08-03 11:00:00,7.2,,71.7,19.9,
2006-08-03 12:00:00,44.1,,41.7,28.2,
2006-08-03 13:00:00,0.6,,60.0,30.7,
2006-08-03 14:00:00,22.7,,41.3,33.7,
2006-08-03 15:00:00,18.9,,36.9,33.7,
2006-08-03 16:00:00,4.4,,49.1,29.3,
2006-08-03 17:00:00,40.3,,49.1,29.2,
2006-08-03 18:00:00,25.1,,81.4,15.7,
2006-08-03 19:00:00,17.3,,85.4,16.0,
2006-08-03 20:00:00,15.6,,88.5,12.3,
2006-08-03 21:00:00,14.1,,63.2,13.9,
2006-08-03 22:00:00,38.5,,43.5,20.9,
2006-08-03 23:00:00,41.6,,61.6,13.2,
2006-08-04 00:00:00,1.4,,55.6,13.2,
2006-08-04 01:00:00,20.8,,81.5,2.1,
2006-08-04 02:00:00,22.2,,77.7,3.6,
2006-08-04 03:00:00,19.1,,74.0,2.2,
2006-08-04 04:00:00,24.5,,47.4,8.4,
2006-08-04 05:00:00,5.3,,55.1,5.3,
2006-08-04 06:00:00,8.1,,47.5,4.1,
2006-08-04 07:00:00,0.1,,59.2,1.6,
2006-08-04 08:00:00,,,67.7,2.1,
2006-08-04 09:00:00,29.5,,74.8,1.4,
2006-08-04 10:00:00,40.7,,100.6,1.2,
2006-08-04 11:00:00,49.3,,83.4,6.3,
2006-08-04 12:00:00,18.7,,95.7,10.6,
2006-08-04 13:00:00,33.3,,110.4,8.1,
2006-08-04 14:00:00,23.7,,108.7,8.9,
2006-08-04 15:00:00,36.6,,77.7,22.3,
2006-08-04 16:00:00,32.4,,71.7,15.7,
2006-08-04 17:00:00,33.1,,39.0,26.3,
2006-08-04 18:00:00,29.9,,79.2,10.5,
2006-08-04 19:00:00,20.6,,75.9,5.5,
2006-08-04 20:00:00,43.7,,71.9,7.4,
2006-08-04 21:00:00,42.3,,94.9,4.9,
2006-08-04 22:00:00,51.5,,76.3,8.3,
2006-08-04 23:00:00,29.6,,89.8,0.5,
2006-08-05 00:00:00,52.5,,73.9,0.5,
2006-08-05 01:00:00,31.0,,64.8,0.5,
2006-08-05 02:00:00,12.1,,74.4,0.5,
2006-08-05 03:00:00,33.1,,70.9,0.5,
2006-08-05 04:00:00,37.0,,56.5,0.5,
2006-08-05 05:00:00,28.7,,58.9,0.5,
2006-08-05 06:00:00,20.0,,63.1,0.5,
2006-08-05 07:00:00,3.1,,60.9,0.5,
2006-08-05 08:00:00,40.5,,67.4,0.5,
2006-08-05 09:00:00,40.7,,82.2,0.5,
2006-08-05 10:00:00,28.1,,136.2,0.5,
2006-08-05 11:00:00,64.2,,160.6,0.5,
2006-08-05 12:00:00,75.4,,160.3,0.5,
2006-08-05 13:00:00,48.4,,146.7,1.5,
2006-08-05 14:00:00,44.5,,116.0,4.6,
2006-08-05 15:00:00,56.3,,150.8,13.8,
2006-08-05 16:00:00,37.4,,182.6,11.0,
2006-08-05 17:00:00,41.7,,176.3,3.0,
2006-08-05 18:00:00,43.9,,157.2,1.0,
2006-08-05 19:00:00,25.8,,195.4,0.5,
2006-08-05 20:00:00,91.2,,222.2,0.5,
2006-08-05 21:00:00,80.2,,200.9,0.5,
2006-08-05 22:00:00,101.0,,64.9,12.0,
2006-08-05 23:00:00,69.9,,38.6,26.0,
2006-08-06 00:00:00,1.0,,52.5,26.8,
2006-08-06 01:00:00,23.4,,38.8,25.1,
2006-08-06 02:00:00,0.3,,72.9,8.4,
2006-08-06 03:00:00,3.9,,57.2,13.8,
2006-08-06 04:00:00,0.1,,22.9,31.5,
2006-08-06 05:00:00,4.6,,13.0,27.8,
2006-08-06 06:00:00,9.3,,44.1,17.5,
2006-08-06 07:00:00,2.8,,18.9,26.0,
2006-08-06 08:00:00,2.7,,28.0,21.0,
2006-08-06 09:00:00,17.1,,21.8,25.9,
2006-08-06 10:00:00,0.2,,34.0,20.5,
2006-08-06 11:00:00,,,49.4,14.6,
2006-08-06 12:00:00,17.7,,69.1,13.1,
2006-08-06 13:00:00,21.4,,27.3,26.8,
2006-08-06 14:00:00,45.3,,26.8,31.5,
2006-08-06 15:00:00,5.9,,21.5,31.2,
2006-08-06 16:00:00,12.2,,27.9,27.5,
2006-08-06 17:00:00,9.8,,26.3,29.0,
2006-08-06 18:00:00,5.1,,23.1,25.2,
2006-08-06 19:00:00,0.1,,30.8,22.9,
2006-08-06 20:00:00,6.0,,31.9,22.6,
2006-08-06 21:00:00,4.1,,26.0,28.1,
2006-08-06 22:00:00,7.7,,31.2,23.9,
2006-08-06 23:00:00,10.3,,30.7,19.8,
2006-08-07 00:00:00,0.2,,35.5,19.9,
2006-08-07 01:00:00,19.3,,19.0,21.5,
2006-08-07 02:00:00,0.3,,21.3,22.4,
2006-08-07 03:00:00,4.3,,12.1,21.0,
2006-08-07 04:00:00,2.0,,13.0,17.0,
2006-08-07 05:00:00,14.3,,13.7,14.3,
2006-08-07 06:00:00,0.2,,20.0,10.9,
2006-08-07 07:00:00,,,29.7,5.3,
2006-08-07 08:00:00,,,38.1,0.5,
2006-08-07 09:00:00,17.1,,53.9,0.5,
2006-08-07 10:00:00,35.1,,101.4,0.5,
2006-08-07 11:00:00,21.2,,172.2,0.5,
2006-08-07 12:00:00,64.3,,207.3,0.5,
2006-08-07 13:00:00,61.1,,265.1,1.1,
2006-08-07 14:00:00,88.1,,281.2,4.9,
2006-08-07 15:00:00,29.6,,283.1,4.4,
2006-08-07 16:00:00,51.6,,172.8,15.8,
2006-08-07 17:00:00,45.8,,212.2,6.9,
2006-08-07 18:00:00,46.2,,264.9,0.5,
2006-08-07 19:00:00,62.1,,268.9,0.5,
2006-08-07 20:00:00,103.4,,289.8,0.5,
2006-08-07 21:00:00,105.3,,261.2,0.5,
2006-08-07 22:00:00,51.8,,232.2,0.5,
2006-08-07 23:00:00,89.9,,184.2,0.5,
2006-08-08 00:00:00,29.0,,158.7,0.5,
2006-08-08 01:00:00,63.5,,136.7,0.5,
2006-08-08 02:00:00,26.1,,136.5,0.5,
2006-08-08 03:00:00,52.0,,99.6,0.5,
2006-08-08 04:00:00,18.7,,63.5,0.5,
2006-08-08 05:00:00,29.9,,61.1,0.5,
2006-08-08 06:00:00,14.0,,68.0,0.5,
2006-08-08 07:00:00,14.4,,114.1,3.7,
2006-08-08 08:00:00,28.9,,158.8,0.5,
2006-08-08 09:00:00,19.7,,150.4,1.7,
2006-08-08 10:00:00,35.1,,77.0,11.6,
2006-08-08 11:00:00,40.4,,50.6,15.9,
2006-08-08 12:00:00,29.1,,69.3,18.1,
2006-08-08 13:00:00,38.8,,75.5,18.7,
2006-08-08 14:00:00,0.5,,78.7,18.2,
2006-08-08 15:00:00,16.1,,43.0,38.5,
2006-08-08 16:00:00,5.1,,62.1,30.7,
2006-08-08 17:00:00,26.2,,80.0,25.0,
2006-08-08 18:00:00,30.7,,91.7,14.2,
2006-08-08 19:00:00,1.0,,119.2,2.8,
2006-08-08 20:00:00,51.9,,121.3,0.5,
2006-08-08 21:00:00,49.4,,117.0,0.5,
2006-08-08 22:00:00,39.3,,143.6,0.5,
2006-08-08 23:00:00,79.3,,206.5,0.5,
2006-08-09 00:00:00,81.3,,159.5,0.5,
2006-08-09 01:00:00,36.5,,117.4,0.5,
2006-08-09 02:00:00,81.7,,98.2,0.5,
2006-08-09 03:00:00,6.6,,85.7,0.5,
2006-08-09 04:00:00,33.9,,88.8,0.5,
2006-08-09 05:00:00,18.3,,75.5,6.8,
2006-08-09 06:00:00,9.8,,64.8,10.5,
2006-08-09 07:00:00,0.1,,92.5,6.5,
2006-08-09 08:00:00,31.6,,112.1,0.5,
2006-08-09 09:00:00,55.6,,134.4,0.5,
2006-08-09 10:00:00,32.4,,140.9,1.5,
2006-08-09 11:00:00,44.1,,176.0,3.2,
2006-08-09 12:00:00,66.1,,138.1,8.0,
2006-08-09 13:00:00,12.6,,97.0,18.3,
2006-08-09 14:00:00,39.5,,100.3,21.6,
2006-08-09 15:00:00,29.5,,107.5,16.1,
2006-08-09 16:00:00,0.6,,,15.8,
2006-08-09 17:00:00,,,,2.7,
2006-08-09 18:00:00,,,164.6,0.5,
2006-08-09 19:00:00,28.5,,181.2,0.5,
2006-08-09 20:00:00,57.3,,77.1,14.5,
2006-08-09 21:00:00,110.5,,33.7,42.8,
2006-08-09 22:00:00,28.0,,22.3,49.2,
2006-08-09 23:00:00,49.6,,71.6,26.0,
2006-08-10 00:00:00,42.3,,55.8,20.3,
2006-08-10 01:00:00,6.4,,75.0,14.6,
2006-08-10 02:00:00,332.5,,62.2,14.0,
2006-08-10 03:00:00,5.2,,48.8,20.0,
2006-08-10 04:00:00,,,27.1,21.2,
2006-08-10 05:00:00,,,24.9,26.3,
2006-08-10 06:00:00,,,25.1,21.5,
2006-08-10 07:00:00,,,58.9,10.6,
2006-08-10 08:00:00,16.9,,79.2,1.7,
2006-08-10 09:00:00,39.6,,83.2,2.2,
2006-08-10 10:00:00,0.7,,70.8,7.1,
2006-08-10 11:00:00,1.8,,71.7,13.0,
2006-08-10 12:00:00,17.3,,74.3,16.8,
2006-08-10 13:00:00,0.3,,81.2,21.6,
2006-08-10 14:00:00,,,91.2,26.7,
2006-08-10 15:00:00,,,85.7,21.9,
2006-08-10 16:00:00,,,85.4,26.2,
2006-08-10 17:00:00,,,86.4,23.1,
2006-08-10 18:00:00,,,59.2,23.3,
2006-08-10 19:00:00,14.1,,63.3,14.3,
2006-08-10 20:00:00,0.2,,66.0,13.5,
2006-08-10 21:00:00,3.8,,60.8,21.4,
2006-08-10 22:00:00,0.1,,32.4,29.2,
2006-08-10 23:00:00,5.6,,26.8,34.2,
2006-08-11 00:00:00,0.1,,23.8,38.0,
2006-08-11 01:00:00,7.8,,9.3,46.7,
2006-08-11 02:00:00,0.1,,9.7,45.8,
2006-08-11 03:00:00,7.1,,6.5,47.2,
2006-08-11 04:00:00,3.5,,6.4,45.6,
2006-08-11 05:00:00,12.2,,6.3,44.6,
2006-08-11 06:00:00,11.4,,10.7,40.2,
2006-08-11 07:00:00,0.2,,38.6,26.0,
2006-08-11 08:00:00,25.2,,74.6,6.5,
2006-08-11 09:00:00,13.8,,84.7,4.1,
2006-08-11 10:00:00,9.6,,77.7,5.6,
2006-08-11 11:00:00,23.2,,88.4,3.0,
2006-08-11 12:00:00,69.3,,95.1,1.9,
2006-08-11 13:00:00,96.6,,115.2,0.5,
2006-08-11 14:00:00,46.7,,66.4,7.5,
2006-08-11 15:00:00,51.7,,50.0,14.9,
2006-08-11 16:00:00,0.9,,55.2,20.6,
2006-08-11 17:00:00,29.9,,39.7,24.6,
2006-08-11 18:00:00,35.9,,70.3,12.2,
2006-08-11 19:00:00,94.0,,97.4,2.0,
2006-08-11 20:00:00,44.8,,91.5,0.5,
2006-08-11 21:00:00,117.7,,111.4,0.5,
2006-08-11 22:00:00,69.5,,51.2,18.7,
2006-08-11 23:00:00,40.9,,33.7,28.3,
2006-08-12 00:00:00,116.7,,60.9,13.2,
2006-08-12 01:00:00,67.0,,27.2,21.4,
2006-08-12 02:00:00,178.7,,28.4,23.3,
2006-08-12 03:00:00,153.7,,29.6,18.5,
2006-08-12 04:00:00,32.2,,39.4,11.7,
2006-08-12 05:00:00,139.5,,60.5,0.5,
2006-08-12 06:00:00,156.1,,54.0,1.1,
2006-08-12 07:00:00,88.1,,46.7,2.4,
2006-08-12 08:00:00,32.1,,51.3,0.5,
2006-08-12 09:00:00,180.3,,78.7,0.5,
2006-08-12 10:00:00,2.3,,85.8,0.5,
2006-08-12 11:00:00,,,109.2,0.5,
2006-08-12 12:00:00,11.9,,161.1,1.5,
2006-08-12 13:00:00,36.6,,157.8,3.2,
2006-08-12 14:00:00,119.6,,161.6,3.9,
2006-08-12 15:00:00,21.1,,67.3,12.3,
2006-08-12 16:00:00,81.5,,81.8,10.2,
2006-08-12 17:00:00,31.5,,150.0,6.6,
2006-08-12 18:00:00,63.8,,60.2,17.6,
2006-08-12 19:00:00,73.3,,63.5,18.0,
2006-08-12 20:00:00,68.7,,115.8,0.5,
2006-08-12 21:00:00,28.0,,82.4,11.9,
2006-08-12 22:00:00,84.0,,73.7,10.6,
2006-08-12 23:00:00,71.3,,77.0,12.8,
2006-08-13 00:00:00,140.9,,83.4,2.4,
2006-08-13 01:00:00,59.5,,95.0,0.5,
2006-08-13 02:00:00,92.5,,89.4,0.5,
2006-08-13 03:00:00,264.3,,75.0,0.5,
2006-08-13 04:00:00,117.4,,57.5,0.5,
2006-08-13 05:00:00,1.8,,62.4,0.5,
2006-08-13 06:00:00,77.7,,61.4,0.5,
2006-08-13 07:00:00,80.1,,48.0,0.5,
2006-08-13 08:00:00,18.5,,51.0,0.5,
2006-08-13 09:00:00,54.5,,29.7,29.4,
2006-08-13 10:00:00,0.8,,17.7,44.0,
2006-08-13 11:00:00,,,19.8,44.8,
2006-08-13 12:00:00,136.8,,70.0,16.6,
2006-08-13 13:00:00,144.5,,58.4,15.5,
2006-08-13 14:00:00,345.5,,38.1,21.5,
2006-08-13 15:00:00,4.8,,27.4,31.4,
2006-08-13 16:00:00,,,24.6,36.6,
2006-08-13 17:00:00,,,31.8,33.1,
2006-08-13 18:00:00,,,34.3,30.7,
2006-08-13 19:00:00,2.0,,86.4,7.0,
2006-08-13 20:00:00,112.4,,98.5,0.5,
2006-08-13 21:00:00,95.3,,101.6,0.5,
2006-08-13 22:00:00,131.4,,105.8,0.5,
2006-08-13 23:00:00,31.2,,93.6,0.5,
2006-08-14 00:00:00,158.2,,84.8,0.5,
2006-08-14 01:00:00,1.8,,70.5,0.5,
2006-08-14 02:00:00,147.6,,61.7,0.5,
2006-08-14 03:00:00,20.4,,46.6,0.5,
2006-08-14 04:00:00,66.2,,39.3,0.5,
2006-08-14 05:00:00,111.0,,34.0,0.5,
2006-08-14 06:00:00,8.0,,35.6,0.5,
2006-08-14 07:00:00,56.5,,68.2,0.5,
2006-08-14 08:00:00,105.6,,111.2,0.5,
2006-08-14 09:00:00,1.3,,134.5,0.5,
2006-08-14 10:00:00,,,240.8,0.5,
2006-08-14 11:00:00,87.5,,308.6,0.5,
2006-08-14 12:00:00,118.0,,289.2,0.5,
2006-08-14 13:00:00,52.3,,148.7,0.5,
2006-08-14 14:00:00,80.3,,117.4,2.9,
2006-08-14 15:00:00,33.1,,120.7,1.9,
2006-08-14 16:00:00,82.4,,116.8,0.5,
2006-08-14 17:00:00,89.8,,113.2,0.5,
2006-08-14 18:00:00,154.6,,150.5,0.5,
2006-08-14 19:00:00,95.6,,131.9,0.5,
2006-08-14 20:00:00,131.5,,122.2,0.5,
2006-08-14 21:00:00,17.0,,134.0,0.5,
2006-08-14 22:00:00,205.0,,156.8,0.5,
2006-08-14 23:00:00,233.8,,119.3,0.5,
2006-08-15 00:00:00,34.7,,88.5,0.5,
2006-08-15 01:00:00,0.4,,73.8,1.8,
2006-08-15 02:00:00,,,52.9,17.0,
2006-08-15 03:00:00,,,15.7,32.5,
2006-08-15 04:00:00,,,7.8,36.7,
2006-08-15 05:00:00,,,9.0,37.8,
2006-08-15 06:00:00,,,7.5,38.1,
2006-08-15 07:00:00,,,17.3,35.5,
2006-08-15 08:00:00,,,57.8,22.4,
2006-08-15 09:00:00,,,62.4,25.9,
2006-08-15 10:00:00,,,83.0,32.8,
2006-08-15 11:00:00,,,77.3,33.1,
2006-08-15 12:00:00,,,41.9,33.8,
2006-08-15 13:00:00,,,42.5,34.5,
2006-08-15 14:00:00,,,39.7,32.9,
2006-08-15 15:00:00,,,38.2,30.2,
2006-08-15 16:00:00,,,58.3,20.4,
2006-08-15 17:00:00,,,71.7,14.3,
2006-08-15 18:00:00,0.5,,53.3,20.8,
2006-08-15 19:00:00,8.6,,81.4,7.5,
2006-08-15 20:00:00,15.6,,60.9,13.0,
2006-08-15 21:00:00,46.9,,55.6,16.6,
2006-08-15 22:00:00,34.6,,40.0,19.7,
2006-08-15 23:00:00,10.1,,50.2,16.6,
2006-08-16 00:00:00,33.8,,41.0,24.3,
2006-08-16 01:00:00,0.4,,14.0,40.1,
2006-08-16 02:00:00,,,11.5,41.8,
2006-08-16 03:00:00,,,5.9,43.9,
2006-08-16 04:00:00,,,4.9,40.9,
2006-08-16 05:00:00,37.3,,4.2,46.3,
2006-08-16 06:00:00,53.5,,6.3,45.6,
2006-08-16 07:00:00,0.7,,16.9,47.3,
2006-08-16 08:00:00,,,43.0,38.5,
2006-08-16 09:00:00,,,63.7,32.4,
2006-08-16 10:00:00,14.2,,44.4,37.8,
2006-08-16 11:00:00,22.4,,81.5,16.9,
2006-08-16 12:00:00,3.3,,69.3,18.5,
2006-08-16 13:00:00,13.6,,68.1,22.4,
2006-08-16 14:00:00,15.7,,66.3,31.0,
2006-08-16 15:00:00,0.2,,48.2,35.5,
2006-08-16 16:00:00,17.5,,91.6,19.5,
2006-08-16 17:00:00,11.7,,52.1,25.6,
2006-08-16 18:00:00,3.7,,69.9,19.3,
2006-08-16 19:00:00,5.8,,100.2,2.5,
2006-08-16 20:00:00,8.6,,80.8,7.8,
2006-08-16 21:00:00,35.7,,87.9,4.8,
2006-08-16 22:00:00,4.6,,74.6,3.2,
2006-08-16 23:00:00,18.3,,69.8,8.1,
2006-08-17 00:00:00,31.7,,44.1,16.7,
2006-08-17 01:00:00,2.0,,61.2,7.8,
2006-08-17 02:00:00,45.9,,57.0,14.8,
2006-08-17 03:00:00,0.7,,46.2,24.3,
2006-08-17 04:00:00,14.7,,14.2,32.3,
2006-08-17 05:00:00,10.2,,13.8,36.2,
2006-08-17 06:00:00,8.7,,18.4,32.5,
2006-08-17 07:00:00,0.1,,32.9,24.8,
2006-08-17 08:00:00,,,67.8,9.0,
2006-08-17 09:00:00,16.1,,75.1,6.0,
2006-08-17 10:00:00,39.8,,48.8,17.2,
2006-08-17 11:00:00,2.7,,37.1,25.8,
2006-08-17 12:00:00,15.4,,50.1,22.0,
2006-08-17 13:00:00,5.2,,54.8,21.0,
2006-08-17 14:00:00,4.5,,52.9,25.5,
2006-08-17 15:00:00,23.0,,40.9,28.3,
2006-08-17 16:00:00,0.4,,33.9,34.3,
2006-08-17 17:00:00,7.4,,36.1,32.0,
2006-08-17 18:00:00,9.9,,49.5,19.7,
2006-08-17 19:00:00,0.2,,68.8,7.4,
2006-08-17 20:00:00,35.6,,65.4,11.9,
2006-08-17 21:00:00,24.9,,72.1,8.6,
2006-08-17 22:00:00,7.3,,40.0,17.5,
2006-08-17 23:00:00,31.6,,33.9,28.4,
2006-08-18 00:00:00,32.4,,25.7,31.6,
2006-08-18 01:00:00,37.6,,18.9,32.6,
2006-08-18 02:00:00,0.7,,12.0,40.3,
2006-08-18 03:00:00,7.0,,6.8,41.1,
2006-08-18 04:00:00,11.6,,5.0,44.2,
2006-08-18 05:00:00,0.2,,7.2,42.8,
2006-08-18 06:00:00,,,7.1,41.6,
2006-08-18 07:00:00,,,16.6,33.4,
2006-08-18 08:00:00,,,62.4,15.4,
2006-08-18 09:00:00,,,76.0,16.6,
2006-08-18 10:00:00,20.6,,65.4,14.7,
2006-08-18 11:00:00,0.3,,66.5,14.4,
2006-08-18 12:00:00,5.7,,67.8,13.4,
2006-08-18 13:00:00,25.0,,76.6,16.1,
2006-08-18 14:00:00,0.5,,80.0,14.5,
2006-08-18 15:00:00,9.2,,81.6,10.9,
2006-08-18 16:00:00,0.2,,78.3,6.2,
2006-08-18 17:00:00,,,91.6,4.8,
2006-08-18 18:00:00,,,84.5,5.6,
2006-08-18 19:00:00,,,64.3,7.1,
2006-08-18 20:00:00,,,78.6,0.5,
2006-08-18 21:00:00,19.0,,117.1,0.5,
2006-08-18 22:00:00,35.9,,107.1,0.5,
2006-08-18 23:00:00,51.4,,116.2,0.5,
2006-08-19 00:00:00,66.5,,103.4,0.5,
2006-08-19 01:00:00,20.7,,68.1,0.5,
2006-08-19 02:00:00,26.4,,68.2,0.5,
2006-08-19 03:00:00,0.5,,57.6,1.3,
2006-08-19 04:00:00,10.0,,42.5,1.7,
2006-08-19 05:00:00,0.2,,44.2,1.0,
2006-08-19 06:00:00,5.0,,39.9,0.5,
2006-08-19 07:00:00,0.1,,38.1,0.5,
2006-08-19 08:00:00,,,40.1,1.2,
2006-08-19 09:00:00,35.1,,47.4,2.3,
2006-08-19 10:00:00,15.7,,43.9,5.4,
2006-08-19 11:00:00,34.7,,55.0,7.0,
2006-08-19 12:00:00,12.9,,70.3,18.2,
2006-08-19 13:00:00,0.3,,70.1,26.3,
2006-08-19 14:00:00,,,64.3,24.9,
2006-08-19 15:00:00,,,69.0,28.6,
2006-08-19 16:00:00,,,64.2,23.7,
2006-08-19 17:00:00,0.2,,77.4,15.8,
2006-08-19 18:00:00,,,86.8,11.4,
2006-08-19 19:00:00,,,107.5,2.7,
2006-08-19 20:00:00,,,114.7,0.5,
2006-08-19 21:00:00,7.5,,116.1,0.5,
2006-08-19 22:00:00,14.9,,119.2,1.7,
2006-08-19 23:00:00,86.9,,127.2,2.0,
2006-08-20 00:00:00,93.1,,118.7,0.5,
2006-08-20 01:00:00,51.1,,66.4,0.5,
2006-08-20 02:00:00,14.9,,60.0,1.0,
2006-08-20 03:00:00,16.0,,65.6,0.5,
2006-08-20 04:00:00,10.7,,35.5,3.6,
2006-08-20 05:00:00,0.2,,28.9,8.5,
2006-08-20 06:00:00,5.0,,40.8,6.3,
2006-08-20 07:00:00,0.1,,32.1,7.5,
2006-08-20 08:00:00,20.6,,50.1,5.6,
2006-08-20 09:00:00,0.9,,38.1,13.8,
2006-08-20 10:00:00,41.3,,18.4,23.1,
2006-08-20 11:00:00,14.4,,22.5,26.1,
2006-08-20 12:00:00,5.1,,36.1,23.3,
2006-08-20 13:00:00,7.5,,46.5,22.4,
2006-08-20 14:00:00,40.7,,43.1,26.3,
2006-08-20 15:00:00,0.8,,39.5,27.2,
2006-08-20 16:00:00,,,43.4,29.3,
2006-08-20 17:00:00,,,44.0,30.3,
2006-08-20 18:00:00,,,47.5,29.8,
2006-08-20 19:00:00,,,62.5,29.6,
2006-08-20 20:00:00,,,54.4,23.6,
2006-08-20 21:00:00,24.3,,58.4,25.4,
2006-08-20 22:00:00,3.8,,67.6,20.9,
2006-08-20 23:00:00,20.4,,25.0,35.1,
2006-08-21 00:00:00,0.5,,48.4,24.5,
2006-08-21 01:00:00,8.0,,17.6,38.7,
2006-08-21 02:00:00,23.5,,13.0,41.9,
2006-08-21 03:00:00,0.6,,7.1,49.1,
2006-08-21 04:00:00,,,14.5,39.2,
2006-08-21 05:00:00,,,13.5,36.4,
2006-08-21 06:00:00,10.8,,11.8,37.2,
2006-08-21 07:00:00,0.3,,34.6,26.6,
2006-08-21 08:00:00,,,64.0,10.5,
2006-08-21 09:00:00,,,67.4,8.9,
2006-08-21 10:00:00,36.6,,56.9,13.7,
2006-08-21 11:00:00,3.4,,58.0,17.7,
2006-08-21 12:00:00,9.3,,58.5,20.7,
2006-08-21 13:00:00,21.0,,62.9,26.1,
2006-08-21 14:00:00,0.3,,70.6,34.1,
2006-08-21 15:00:00,10.8,,52.5,38.2,
2006-08-21 16:00:00,12.6,,72.3,31.2,
2006-08-21 17:00:00,0.2,,78.0,19.6,
2006-08-21 18:00:00,14.4,,99.4,10.4,
2006-08-21 19:00:00,0.2,,94.6,5.6,
2006-08-21 20:00:00,,,93.0,1.2,
2006-08-21 21:00:00,33.0,,104.4,1.0,
2006-08-21 22:00:00,30.4,,109.5,1.0,
2006-08-21 23:00:00,66.7,,110.9,1.2,
2006-08-22 00:00:00,62.8,,100.6,0.5,
2006-08-22 01:00:00,71.0,,79.6,0.5,
2006-08-22 02:00:00,34.8,,70.9,0.5,
2006-08-22 03:00:00,0.6,,62.7,0.5,
2006-08-22 04:00:00,25.8,,46.4,0.5,
2006-08-22 05:00:00,44.5,,38.3,1.6,
2006-08-22 06:00:00,5.7,,49.1,0.5,
2006-08-22 07:00:00,1.0,,53.4,0.5,
2006-08-22 08:00:00,10.1,,72.9,0.5,
2006-08-22 09:00:00,39.1,,87.2,2.3,
2006-08-22 10:00:00,,,,3.9,
2006-08-22 12:00:00,,,86.8,,
2006-08-22 13:00:00,,,80.5,,
2006-08-22 14:00:00,14.7,,80.8,,
2006-08-22 15:00:00,16.0,,94.9,,
2006-08-22 16:00:00,3.0,,100.2,,
2006-08-22 17:00:00,10.8,,106.5,,
2006-08-22 18:00:00,0.2,,142.9,,
2006-08-22 19:00:00,67.5,,160.4,,
2006-08-22 20:00:00,31.7,,166.5,,
2006-08-22 21:00:00,41.4,,134.2,,
2006-08-22 22:00:00,24.2,,119.6,,
2006-08-22 23:00:00,37.8,,126.0,,
2006-08-23 00:00:00,44.3,,113.8,,
2006-08-23 01:00:00,68.4,,152.3,,
2006-08-23 02:00:00,52.8,,154.2,,
2006-08-23 03:00:00,47.8,,60.8,,
2006-08-23 04:00:00,46.2,,62.7,,
2006-08-23 05:00:00,20.8,,44.9,,
2006-08-23 06:00:00,12.1,,41.8,,
2006-08-23 07:00:00,44.6,,55.4,,
2006-08-23 08:00:00,4.1,,88.8,,
2006-08-23 09:00:00,40.7,,137.4,,
2006-08-23 10:00:00,49.0,,153.4,,
2006-08-23 11:00:00,20.3,,126.5,,
2006-08-23 12:00:00,36.7,,146.6,,
2006-08-23 13:00:00,0.5,,97.0,,
2006-08-23 14:00:00,19.0,,93.3,,
2006-08-23 15:00:00,24.3,,119.8,,
2006-08-23 16:00:00,23.5,,148.4,,
2006-08-23 17:00:00,59.5,,168.4,,
2006-08-23 18:00:00,51.4,,203.2,,
2006-08-23 19:00:00,41.9,,234.3,,
2006-08-23 20:00:00,101.7,,236.7,,
2006-08-23 21:00:00,76.6,,330.8,,
2006-08-23 22:00:00,126.4,,321.2,,
2006-08-23 23:00:00,110.1,,331.7,,
2006-08-24 00:00:00,128.6,,293.0,,
2006-08-24 01:00:00,117.0,,226.8,,
2006-08-24 02:00:00,83.3,,202.9,,
2006-08-24 03:00:00,83.7,,159.6,,
2006-08-24 04:00:00,94.6,,125.9,,
2006-08-24 05:00:00,62.5,,103.9,,
2006-08-24 06:00:00,77.3,,87.4,,
2006-08-24 07:00:00,28.7,,86.0,,
2006-08-24 08:00:00,81.5,,145.1,,
2006-08-24 09:00:00,81.6,,219.9,,
2006-08-24 10:00:00,65.2,,195.2,,
2006-08-24 11:00:00,44.2,,260.3,,
2006-08-24 12:00:00,44.0,,250.7,,
2006-08-24 13:00:00,70.2,,243.7,,
2006-08-24 14:00:00,31.3,,260.9,,
2006-08-24 15:00:00,57.7,,364.1,,
2006-08-24 16:00:00,80.9,,339.8,,
2006-08-24 17:00:00,109.6,,311.7,,
2006-08-24 18:00:00,99.8,,273.7,,
2006-08-24 19:00:00,59.5,,152.7,,
2006-08-24 20:00:00,57.6,,171.8,,
2006-08-24 21:00:00,39.3,,187.2,,
2006-08-24 22:00:00,58.1,,177.5,,
2006-08-24 23:00:00,57.6,,175.6,,
2006-08-25 00:00:00,63.8,,183.1,,
2006-08-25 01:00:00,70.8,,178.6,,
2006-08-25 02:00:00,45.8,,164.9,,
2006-08-25 03:00:00,66.8,,136.2,,
2006-08-25 04:00:00,80.7,,114.7,,
2006-08-25 05:00:00,56.1,,101.0,,
2006-08-25 06:00:00,66.2,,89.1,,
2006-08-25 07:00:00,34.5,,87.3,,
2006-08-25 08:00:00,77.9,,181.3,,
2006-08-25 09:00:00,118.4,,260.0,,
2006-08-25 10:00:00,54.9,,231.7,,
2006-08-25 11:00:00,32.4,,246.0,,
2006-08-25 12:00:00,62.6,,284.8,,
2006-08-25 13:00:00,67.5,,190.8,,
2006-08-25 14:00:00,51.6,,187.4,,
2006-08-25 15:00:00,46.5,,198.9,,
2006-08-25 16:00:00,69.5,,293.8,,
2006-08-25 17:00:00,78.5,,406.3,,
2006-08-25 18:00:00,55.2,,459.1,,
2006-08-25 19:00:00,111.3,,337.3,,
2006-08-25 20:00:00,85.5,,250.9,,
2006-08-25 21:00:00,72.2,,216.8,,
2006-08-25 22:00:00,55.3,,196.9,,
2006-08-25 23:00:00,50.3,,117.7,,
2006-08-26 00:00:00,19.5,,209.4,,
2006-08-26 01:00:00,50.7,,211.8,,
2006-08-26 02:00:00,44.9,,190.2,,
2006-08-26 03:00:00,56.5,,182.6,,
2006-08-26 04:00:00,58.3,,155.2,,
2006-08-26 05:00:00,22.5,,138.2,,
2006-08-26 06:00:00,66.3,,132.1,,
2006-08-26 07:00:00,60.7,,147.3,,
2006-08-26 08:00:00,43.9,,141.7,,
2006-08-26 09:00:00,73.2,,126.4,,
2006-08-26 10:00:00,46.7,,139.1,,
2006-08-26 11:00:00,43.9,,166.8,,
2006-08-26 12:00:00,65.4,,197.4,,
2006-08-26 13:00:00,81.3,,,,
2006-08-26 14:00:00,52.2,,,,
2006-08-26 15:00:00,37.3,,,,
2006-08-26 16:00:00,62.1,,,1.2,
2006-08-26 17:00:00,60.5,,,0.5,
2006-08-26 18:00:00,55.4,,,0.5,
2006-08-26 19:00:00,0.5,,,0.5,
2006-08-26 20:00:00,34.7,,,0.5,
2006-08-26 21:00:00,48.4,,,0.5,
2006-08-26 22:00:00,40.2,,,0.5,
2006-08-26 23:00:00,34.0,,,0.5,
2006-08-27 00:00:00,28.8,,,1.3,
2006-08-27 01:00:00,2.7,,,7.3,
2006-08-27 02:00:00,47.6,,,12.1,
2006-08-27 03:00:00,,,,21.3,
2006-08-27 04:00:00,2.5,,,36.2,
2006-08-27 05:00:00,17.5,,,54.2,
2006-08-27 06:00:00,2.9,,,45.2,
2006-08-27 07:00:00,21.5,,,38.7,
2006-08-27 08:00:00,,,,36.1,
2006-08-27 09:00:00,1.0,,,37.2,
2006-08-27 10:00:00,0.4,,,42.1,
2006-08-27 11:00:00,28.0,,,40.6,
2006-08-27 12:00:00,17.8,,,33.8,
2006-08-27 13:00:00,34.7,,,32.2,
2006-08-27 14:00:00,33.4,,,29.0,
2006-08-27 15:00:00,29.8,,,34.3,
2006-08-27 16:00:00,21.8,,,27.7,
2006-08-27 17:00:00,36.8,,,26.0,
2006-08-27 18:00:00,0.2,,,19.9,
2006-08-27 19:00:00,8.5,,,8.1,
2006-08-27 20:00:00,0.4,,,11.8,
2006-08-27 21:00:00,19.3,,,17.8,
2006-08-27 22:00:00,,,,18.8,
2006-08-27 23:00:00,,,,25.7,
2006-08-28 00:00:00,,,,29.6,
2006-08-28 01:00:00,,,,36.3,
2006-08-28 02:00:00,,,,36.2,
2006-08-28 03:00:00,,,,41.4,
2006-08-28 04:00:00,1.2,,,40.0,
2006-08-28 05:00:00,5.9,,,37.6,
2006-08-28 06:00:00,25.5,,,39.4,
2006-08-28 07:00:00,,,,30.8,
2006-08-28 08:00:00,0.3,,,6.0,
2006-08-28 09:00:00,9.2,,,5.0,
2006-08-28 10:00:00,22.2,,,13.9,
2006-08-28 11:00:00,8.6,,,20.6,
2006-08-28 12:00:00,16.9,,,22.0,
2006-08-28 13:00:00,21.5,,,24.3,
2006-08-28 14:00:00,,,,19.8,
2006-08-28 15:00:00,,,,21.8,
2006-08-28 16:00:00,,,,25.3,
2006-08-28 17:00:00,,,,24.9,
2006-08-28 18:00:00,0.2,,,23.5,
2006-08-28 19:00:00,14.6,,,4.7,
2006-08-28 20:00:00,0.4,,,1.1,
2006-08-28 21:00:00,23.9,,,2.4,
2006-08-28 22:00:00,29.1,,,1.1,
2006-08-28 23:00:00,73.2,,,1.7,
2006-08-29 00:00:00,8.6,,,1.3,
2006-08-29 01:00:00,24.7,,,0.5,
2006-08-29 02:00:00,7.5,,,9.5,
2006-08-29 03:00:00,23.0,,,12.3,
2006-08-29 04:00:00,14.8,,,11.1,
2006-08-29 05:00:00,1.1,,,8.8,
2006-08-29 06:00:00,0.5,,,3.8,
2006-08-29 07:00:00,35.5,,,0.5,
2006-08-29 08:00:00,0.5,,,0.5,
2006-08-29 09:00:00,36.4,,,1.5,
2006-08-29 10:00:00,12.5,,,6.2,
2006-08-29 11:00:00,36.6,,,11.3,
2006-08-29 12:00:00,18.9,,,16.9,
2006-08-29 13:00:00,11.3,,,23.7,
2006-08-29 14:00:00,23.9,,,25.2,
2006-08-29 15:00:00,,,,32.2,
2006-08-29 16:00:00,,,,40.5,
2006-08-29 17:00:00,,,,41.4,
2006-08-29 18:00:00,0.2,,,29.4,
2006-08-29 19:00:00,11.4,,,13.4,
2006-08-29 20:00:00,0.2,,,2.4,
2006-08-29 21:00:00,12.8,,,6.3,
2006-08-29 22:00:00,27.8,,,14.8,
2006-08-29 23:00:00,27.7,,,16.3,
2006-08-30 00:00:00,27.3,,,18.5,
2006-08-30 01:00:00,20.3,,,26.5,
2006-08-30 02:00:00,6.3,,,28.6,
2006-08-30 03:00:00,17.5,,,25.4,
2006-08-30 04:00:00,27.0,,,30.3,
2006-08-30 05:00:00,,,,30.5,
2006-08-30 06:00:00,2.9,,,20.9,
2006-08-30 07:00:00,21.3,,,4.2,
2006-08-30 08:00:00,0.5,,,1.1,
2006-08-30 09:00:00,40.1,,,1.6,
2006-08-30 10:00:00,31.6,,,5.0,
2006-08-30 11:00:00,39.8,,,15.0,
2006-08-30 12:00:00,22.9,,,25.8,
2006-08-30 13:00:00,4.9,,,23.5,
2006-08-30 14:00:00,9.2,,,25.4,
2006-08-30 15:00:00,14.6,,,37.6,
2006-08-30 16:00:00,22.5,,,41.2,
2006-08-30 17:00:00,6.1,,,35.5,
2006-08-30 18:00:00,38.8,,,23.2,
2006-08-30 19:00:00,24.8,,,15.3,
2006-08-30 20:00:00,2.0,,,14.5,
2006-08-30 21:00:00,12.5,,,14.5,
2006-08-30 22:00:00,35.1,,,15.8,
2006-08-30 23:00:00,30.2,,,12.7,
2006-08-31 00:00:00,13.6,,,9.8,
2006-08-31 01:00:00,29.5,,,6.8,
2006-08-31 02:00:00,35.5,,,6.0,
2006-08-31 03:00:00,23.0,,,11.2,
2006-08-31 04:00:00,20.2,,,15.5,
2006-08-31 05:00:00,24.2,,,19.0,
2006-08-31 06:00:00,0.1,,,15.5,
2006-08-31 07:00:00,12.0,,,17.9,
2006-08-31 08:00:00,,,,6.3,
2006-08-31 09:00:00,0.1,,,2.1,
2006-08-31 10:00:00,7.4,,,2.0,
2006-08-31 11:00:00,18.7,,,5.6,
2006-08-31 12:00:00,0.3,,,9.1,
2006-08-31 13:00:00,18.7,,,9.6,
2006-08-31 14:00:00,26.3,,,10.8,
2006-08-31 15:00:00,12.2,,,19.1,
2006-08-31 16:00:00,25.6,,,11.6,
2006-08-31 17:00:00,40.9,,,18.8,
2006-08-31 18:00:00,33.3,,,23.1,
2006-08-31 19:00:00,33.9,,,8.3,
2006-08-31 20:00:00,7.6,,,1.2,
2006-08-31 21:00:00,34.0,,,1.4,
2006-08-31 22:00:00,21.0,,,4.0,
2006-08-31 23:00:00,15.3,,,2.5,
2006-09-01 00:00:00,22.7,,,0.5,
2006-09-01 01:00:00,28.0,,,2.7,
2006-09-01 02:00:00,15.7,,,10.2,
2006-09-01 03:00:00,0.1,,,9.5,
2006-09-01 04:00:00,5.4,,,16.1,
2006-09-01 05:00:00,0.3,,,13.8,
2006-09-01 06:00:00,19.2,,,14.7,
2006-09-01 07:00:00,,,,16.8,
2006-09-01 08:00:00,1.2,,,11.5,
2006-09-01 09:00:00,0.3,,,14.5,
2006-09-01 10:00:00,16.7,,,17.0,
2006-09-01 11:00:00,10.9,,,25.6,
2006-09-01 12:00:00,31.5,,,26.1,
2006-09-01 13:00:00,34.2,,,32.8,
2006-09-01 14:00:00,13.7,,,36.7,
2006-09-01 15:00:00,6.6,,,33.4,
2006-09-01 16:00:00,16.4,,,29.4,
2006-09-01 17:00:00,21.3,,,23.1,
2006-09-01 18:00:00,44.0,,,21.4,
2006-09-01 19:00:00,7.7,,,12.5,
2006-09-01 20:00:00,4.2,,,20.9,
2006-09-01 21:00:00,10.9,,,7.4,
2006-09-01 22:00:00,46.4,,,8.5,
2006-09-01 23:00:00,33.5,,,9.3,
2006-09-02 00:00:00,0.7,,,3.8,
2006-09-02 01:00:00,40.9,,,2.7,
2006-09-02 02:00:00,12.7,,,3.7,
2006-09-02 03:00:00,14.9,,,3.2,
2006-09-02 04:00:00,7.2,,,3.6,
2006-09-02 05:00:00,8.2,,,3.8,
2006-09-02 06:00:00,34.6,,,11.2,
2006-09-02 07:00:00,10.2,,,13.9,
2006-09-02 08:00:00,,,,10.3,
2006-09-02 09:00:00,0.3,,,14.8,
2006-09-02 10:00:00,20.0,,,36.1,
2006-09-02 11:00:00,0.1,,,35.7,
2006-09-02 12:00:00,3.8,,,36.8,
2006-09-02 13:00:00,,,,35.6,
2006-09-02 14:00:00,0.1,,,34.1,
2006-09-02 15:00:00,3.3,,,24.5,
2006-09-02 16:00:00,3.0,,,22.8,
2006-09-02 17:00:00,30.6,,,24.6,
2006-09-02 18:00:00,12.6,,,24.9,
2006-09-02 19:00:00,1.6,,,20.1,
2006-09-02 20:00:00,10.2,,,19.3,
2006-09-02 21:00:00,0.5,,,20.1,
2006-09-02 22:00:00,5.9,,,24.5,
2006-09-02 23:00:00,0.1,,,29.0,
2006-09-03 00:00:00,7.4,,,29.3,
2006-09-03 01:00:00,0.1,,,31.1,
2006-09-03 02:00:00,5.6,,,32.6,
2006-09-03 03:00:00,,,,36.5,
2006-09-03 04:00:00,,,,35.9,
2006-09-03 05:00:00,0.1,,,38.5,
2006-09-03 06:00:00,8.3,,,39.0,
2006-09-03 07:00:00,,,,38.1,
2006-09-03 08:00:00,,,,38.4,
2006-09-03 09:00:00,,,,38.7,
2006-09-03 10:00:00,,,,38.3,
2006-09-03 11:00:00,,,,37.2,
2006-09-03 12:00:00,,,,35.7,
2006-09-03 13:00:00,3.1,,,36.0,
2006-09-03 14:00:00,3.2,,,36.5,
2006-09-03 15:00:00,8.8,,,37.9,
2006-09-03 16:00:00,0.4,,,38.0,
2006-09-03 17:00:00,22.7,,,39.2,
2006-09-03 18:00:00,,,,32.6,
2006-09-03 19:00:00,,,,14.8,
2006-09-03 20:00:00,,,,12.6,
2006-09-03 21:00:00,,,,20.5,
2006-09-03 22:00:00,,,,23.2,
2006-09-03 23:00:00,0.5,,,21.1,
2006-09-04 00:00:00,29.9,,,25.5,
2006-09-04 01:00:00,,,,35.4,
2006-09-04 02:00:00,,,,35.7,
2006-09-04 03:00:00,0.4,,,32.3,
2006-09-04 04:00:00,27.8,,,27.5,
2006-09-04 05:00:00,,,,28.5,
2006-09-04 06:00:00,0.1,,,25.0,
2006-09-04 07:00:00,6.9,,,16.7,
2006-09-04 08:00:00,,,,7.8,
2006-09-04 09:00:00,0.1,,,9.8,
2006-09-04 10:00:00,8.1,,,15.9,
2006-09-04 11:00:00,24.0,,,16.4,
2006-09-04 12:00:00,8.3,,,21.9,
2006-09-04 13:00:00,22.2,,,22.9,
2006-09-04 14:00:00,7.2,,,23.2,
2006-09-04 15:00:00,0.4,,,16.9,
2006-09-04 16:00:00,25.2,,,22.1,
2006-09-04 17:00:00,13.9,,,23.8,
2006-09-04 18:00:00,7.0,,,15.7,
2006-09-04 19:00:00,,,,7.8,
2006-09-04 20:00:00,0.2,,,9.6,
2006-09-04 21:00:00,13.6,,,15.2,
2006-09-04 22:00:00,38.1,,,7.8,
2006-09-04 23:00:00,1.3,,,6.9,
2006-09-05 00:00:00,6.3,,,12.7,
2006-09-05 01:00:00,45.4,,,16.4,
2006-09-05 02:00:00,5.0,,,22.9,
2006-09-05 03:00:00,,,,25.4,
2006-09-05 04:00:00,,,,24.8,
2006-09-05 05:00:00,0.2,,,24.5,
2006-09-05 06:00:00,15.8,,,22.8,
2006-09-05 07:00:00,2.6,,,15.0,
2006-09-05 08:00:00,4.3,,,3.1,
2006-09-05 09:00:00,27.2,,,4.1,
2006-09-05 10:00:00,13.6,,,9.3,
2006-09-05 11:00:00,28.3,,,15.4,
2006-09-05 12:00:00,22.0,,,21.8,
2006-09-05 13:00:00,3.0,,,21.0,
2006-09-05 14:00:00,27.7,,,20.3,
2006-09-05 15:00:00,5.0,,,16.0,
2006-09-05 16:00:00,2.1,,,16.8,
2006-09-05 19:00:00,,,,7.1,
2006-09-05 20:00:00,,,,10.1,
2006-09-05 21:00:00,,,,10.7,
2006-09-05 22:00:00,,,,3.0,
2006-09-05 23:00:00,,,,2.9,
2006-09-06 00:00:00,,,,1.3,
2006-09-06 01:00:00,,,,0.5,
2006-09-06 02:00:00,,,,0.5,
2006-09-06 03:00:00,,,,0.5,
2006-09-06 04:00:00,,,,0.5,
2006-09-06 05:00:00,,,,0.5,
2006-09-06 06:00:00,,,,0.5,
2006-09-06 07:00:00,,,,0.5,
2006-09-06 08:00:00,,,,0.5,
2006-09-06 09:00:00,,,,1.8,
2006-09-06 10:00:00,,,,1.0,
2006-09-06 11:00:00,,,,4.2,
2006-09-06 12:00:00,,,,10.8,
2006-09-06 13:00:00,,,,22.8,
2006-09-06 14:00:00,,,,24.7,
2006-09-06 15:00:00,,,,35.6,
2006-09-06 16:00:00,,,,42.5,
2006-09-06 17:00:00,,,,44.4,
2006-09-06 18:00:00,,,,21.3,
2006-09-06 19:00:00,,,,15.8,
2006-09-06 20:00:00,,,,10.6,
2006-09-06 21:00:00,,,,21.4,
2006-09-06 22:00:00,,,,29.0,
2006-09-06 23:00:00,,,,17.3,
2006-09-07 00:00:00,,,,19.2,
2006-09-07 01:00:00,,,,29.1,
2006-09-07 02:00:00,,,,29.0,
2006-09-07 03:00:00,,,,24.2,
2006-09-07 04:00:00,,,,21.4,
2006-09-07 05:00:00,,,,10.3,
2006-09-07 06:00:00,,,,9.0,
2006-09-07 07:00:00,,,,0.5,
2006-09-07 08:00:00,,,,0.5,
2006-09-07 09:00:00,,,,2.3,
2006-09-07 10:00:00,,,,8.1,
2006-09-07 11:00:00,,,,16.7,
2006-09-07 12:00:00,,,,31.0,
2006-09-07 13:00:00,,,,46.0,
2006-09-07 14:00:00,,,,62.7,
2006-09-07 15:00:00,,,,61.5,
2006-09-07 16:00:00,,,,48.3,
2006-09-07 17:00:00,,,,55.7,
2006-09-07 18:00:00,,,,48.4,
2006-09-07 19:00:00,,,,31.8,
2006-09-07 20:00:00,,,,23.0,
2006-09-07 21:00:00,,,,17.2,
2006-09-07 22:00:00,,,,24.9,
2006-09-07 23:00:00,,,,21.5,
2006-09-08 00:00:00,,,,20.8,
2006-09-08 01:00:00,,,,28.1,
2006-09-08 02:00:00,,,,28.3,
2006-09-08 03:00:00,,,,15.4,
2006-09-08 04:00:00,,,,7.8,
2006-09-08 05:00:00,,,,2.6,
2006-09-08 06:00:00,,,,1.9,
2006-09-08 07:00:00,,,,0.5,
2006-09-08 08:00:00,,,,0.5,
2006-09-08 09:00:00,,,,1.7,
2006-09-08 10:00:00,,,,4.2,
2006-09-08 11:00:00,,,,10.0,
2006-09-08 12:00:00,,,,19.5,
2006-09-08 13:00:00,,,,26.7,
2006-09-08 14:00:00,,,,28.0,
2006-09-08 15:00:00,,,,25.4,
2006-09-08 16:00:00,,,,14.4,
2006-09-08 17:00:00,,,,1.6,
2006-09-08 18:00:00,,,,0.5,
2006-09-08 19:00:00,,,,0.5,
2006-09-08 20:00:00,,,,0.5,
2006-09-08 21:00:00,,,,0.5,
2006-09-08 22:00:00,,,,0.5,
2006-09-08 23:00:00,,,,0.5,
2006-09-09 00:00:00,,,,0.5,
2006-09-09 01:00:00,,,,0.5,
2006-09-09 02:00:00,,,,0.5,
2006-09-09 03:00:00,,,,3.4,
2006-09-09 04:00:00,,,,4.1,
2006-09-09 05:00:00,,,,15.4,
2006-09-09 06:00:00,,,,18.3,
2006-09-09 07:00:00,,,,10.1,
2006-09-09 08:00:00,,,,7.5,
2006-09-09 09:00:00,,,,2.8,
2006-09-09 10:00:00,,,,4.6,
2006-09-09 11:00:00,,,,13.0,
2006-09-09 12:00:00,,,,10.4,
2006-09-09 13:00:00,,,,18.5,
2006-09-09 14:00:00,,,,25.8,
2006-09-09 15:00:00,,,,28.3,
2006-09-09 16:00:00,,,,28.9,
2006-09-09 17:00:00,,,,28.5,
2006-09-09 18:00:00,,,,17.5,
2006-09-09 19:00:00,,,,32.3,
2006-09-09 20:00:00,,,,34.5,
2006-09-09 21:00:00,,,,38.2,
2006-09-09 22:00:00,,,,30.3,
2006-09-09 23:00:00,,,,11.9,
2006-09-10 00:00:00,,,,7.3,
2006-09-10 01:00:00,,,,10.1,
2006-09-10 02:00:00,,,,3.9,
2006-09-10 03:00:00,,,,0.5,
2006-09-10 04:00:00,,,,0.5,
2006-09-10 05:00:00,,,,0.5,
2006-09-10 06:00:00,,,,0.5,
2006-09-10 07:00:00,,,,0.5,
2006-09-10 08:00:00,,,,0.5,
2006-09-10 09:00:00,,,,1.5,
2006-09-10 10:00:00,,,,11.5,
2006-09-10 11:00:00,,,,19.0,
2006-09-10 12:00:00,,,,34.3,
2006-09-10 13:00:00,,,,44.5,
2006-09-10 14:00:00,,,,48.0,
2006-09-10 15:00:00,,,,53.6,
2006-09-10 16:00:00,,,,52.3,
2006-09-10 17:00:00,,,,51.4,
2006-09-10 18:00:00,,,,37.3,
2006-09-10 19:00:00,,,,29.9,
2006-09-10 20:00:00,,,,20.2,
2006-09-10 21:00:00,,,,14.4,
2006-09-10 22:00:00,,,,4.3,
2006-09-10 23:00:00,,,,8.9,
2006-09-11 00:00:00,,,,20.9,
2006-09-11 01:00:00,,,,16.9,
2006-09-11 02:00:00,,,,4.1,
2006-09-11 03:00:00,,,,4.6,
2006-09-11 04:00:00,,,,7.2,
2006-09-11 05:00:00,,,,18.7,
2006-09-11 06:00:00,,,,14.4,
2006-09-11 07:00:00,,,,6.6,
2006-09-11 08:00:00,,,,0.5,
2006-09-11 09:00:00,,,,0.5,
2006-09-11 10:00:00,,,,1.9,
2006-09-11 11:00:00,,,,5.9,
2006-09-11 12:00:00,,,,14.0,
2006-09-11 13:00:00,,,,22.2,
2006-09-11 14:00:00,,,,28.4,
2006-09-11 15:00:00,,,,35.5,
2006-09-11 16:00:00,,,,28.2,
2006-09-11 17:00:00,,,,10.2,
2006-09-11 18:00:00,,,,2.5,
2006-09-11 19:00:00,,,,0.5,
2006-09-11 20:00:00,,,,0.5,
2006-09-11 21:00:00,,,,0.5,
2006-09-11 22:00:00,,,,0.5,
2006-09-11 23:00:00,,,,0.5,
2006-09-12 00:00:00,,,,0.5,
2006-09-12 01:00:00,,,,0.5,
2006-09-12 02:00:00,,,,0.5,
2006-09-12 03:00:00,,,,0.5,
2006-09-12 04:00:00,,,,0.5,
2006-09-12 05:00:00,,,,2.9,
2006-09-12 06:00:00,,,,28.6,
2006-09-12 07:00:00,,,,30.2,
2006-09-12 08:00:00,,,,18.7,
2006-09-12 09:00:00,,,,23.8,
2006-09-12 10:00:00,,,,23.3,
2006-09-12 11:00:00,,,,22.3,
2006-09-12 12:00:00,,,,28.2,
2006-09-12 13:00:00,,,,34.2,
2006-09-12 14:00:00,,,,34.8,
2006-09-12 15:00:00,,,,33.4,
2006-09-12 16:00:00,,,,32.8,
2006-09-12 17:00:00,,,,30.4,
2006-09-12 18:00:00,,,,31.4,
2006-09-12 19:00:00,,,,26.0,
2006-09-12 20:00:00,,,,24.6,
2006-09-12 21:00:00,,,,31.1,
2006-09-12 22:00:00,,,,40.2,
2006-09-12 23:00:00,,,,43.7,
2006-09-13 00:00:00,,,,37.7,
2006-09-13 01:00:00,,,,42.5,
2006-09-13 02:00:00,,,,38.0,
2006-09-13 03:00:00,,,,38.7,
2006-09-13 04:00:00,,,,39.0,
2006-09-13 05:00:00,,,,35.9,
2006-09-13 06:00:00,,,,37.6,
2006-09-13 07:00:00,,,,34.3,
2006-09-13 08:00:00,,,,24.6,
2006-09-13 09:00:00,,,,17.4,
2006-09-13 17:00:00,,,,19.7,
2006-09-13 18:00:00,,,,9.5,
2006-09-13 19:00:00,,,,2.9,
2006-09-13 20:00:00,,,,0.5,
2006-09-13 21:00:00,,,,0.5,
2006-09-13 22:00:00,,,,0.5,
2006-09-13 23:00:00,,,,0.5,
2006-09-14 00:00:00,,,,0.5,
2006-09-14 01:00:00,,,,0.5,
2006-09-14 02:00:00,,,,3.9,
2006-09-14 03:00:00,,,,10.1,
2006-09-14 04:00:00,,,,18.3,
2006-09-14 05:00:00,,,,17.0,
2006-09-14 06:00:00,,,,14.6,
2006-09-14 07:00:00,,,,14.6,
2006-09-14 08:00:00,,,,11.4,
2006-09-14 09:00:00,,,,0.5,
2006-09-14 10:00:00,,,,0.5,
2006-09-14 11:00:00,,,,2.0,
2006-09-14 12:00:00,,,,4.2,
2006-09-14 13:00:00,,,,8.8,
2006-09-14 14:00:00,,,,9.0,
2006-09-14 15:00:00,,,,20.9,
2006-09-14 16:00:00,,,,19.6,
2006-09-15 19:00:00,,,,2.1,
2006-09-15 20:00:00,,,,0.5,
2006-09-15 21:00:00,,,,0.5,
2006-09-15 22:00:00,,,,0.5,
2006-09-15 23:00:00,,,,0.5,
2006-09-16 00:00:00,,,,0.5,
2006-09-16 01:00:00,,,,0.5,
2006-09-16 02:00:00,,,,0.5,
2006-09-16 03:00:00,,,,1.6,
2006-09-16 04:00:00,,,,2.4,
2006-09-16 05:00:00,,,,0.5,
2006-09-16 06:00:00,,,,0.5,
2006-09-16 07:00:00,,,,0.5,
2006-09-16 08:00:00,,,,0.5,
2006-09-16 09:00:00,,,,4.0,
2006-09-16 10:00:00,,,,24.8,
2006-09-16 11:00:00,,,,34.4,
2006-09-16 12:00:00,,,,36.4,
2006-09-16 13:00:00,,,,42.1,
2006-09-16 14:00:00,,,,40.7,
2006-09-16 15:00:00,,,,42.1,
2006-09-16 16:00:00,,,,45.1,
2006-09-16 17:00:00,,,,40.9,
2006-09-16 18:00:00,,,,43.3,
2006-09-16 19:00:00,,,,29.6,
2006-09-16 20:00:00,,,,18.6,
2006-09-16 21:00:00,,,,9.9,
2006-09-16 22:00:00,,,,14.3,
2006-09-16 23:00:00,,,,15.6,
2006-09-17 00:00:00,,,,17.7,
2006-09-17 01:00:00,,,,15.4,
2006-09-17 02:00:00,,,,19.7,
2006-09-17 03:00:00,,,,22.3,
2006-09-17 04:00:00,,,,26.3,
2006-09-17 05:00:00,,,,23.4,
2006-09-17 06:00:00,,,,23.3,
2006-09-17 07:00:00,,,,27.6,
2006-09-17 08:00:00,,,,25.5,
2006-09-17 09:00:00,,,,25.2,
2006-09-17 10:00:00,,,,27.6,
2006-09-17 11:00:00,,,,29.2,
2006-09-17 12:00:00,,,,26.8,
2006-09-17 13:00:00,,,,32.7,
2006-09-17 14:00:00,,,,31.5,
2006-09-17 15:00:00,,,,28.6,
2006-09-17 16:00:00,,,,39.7,
2006-09-18 17:00:00,,,,41.9,
2006-09-18 18:00:00,,,,42.5,
2006-09-18 19:00:00,,,,27.1,
2006-09-18 20:00:00,,,,24.6,
2006-09-18 21:00:00,,,,19.0,
2006-09-18 22:00:00,,,,11.4,
2006-09-18 23:00:00,,,,1.6,
2006-09-19 00:00:00,,,,1.2,
2006-09-19 01:00:00,,,,0.5,
2006-09-19 02:00:00,,,,0.5,
2006-09-19 03:00:00,,,,3.3,
2006-09-19 04:00:00,,,,6.3,
2006-09-19 05:00:00,,,,1.7,
2006-09-19 06:00:00,,,,0.5,
2006-09-19 07:00:00,,,,0.5,
2006-09-19 08:00:00,,,,0.5,
2006-09-19 09:00:00,,,,0.5,
2006-09-19 10:00:00,,,,0.5,
2006-09-19 12:00:00,,,,10.2,
2006-09-19 13:00:00,,,,27.3,
2006-09-19 14:00:00,,,,36.3,
2006-09-19 15:00:00,,,,54.0,
2006-09-19 16:00:00,,,,47.2,
2006-09-19 17:00:00,,,,55.0,
2006-09-19 18:00:00,,,,41.7,
2006-09-19 19:00:00,,,,33.3,
2006-09-19 20:00:00,,,,32.2,
2006-09-19 21:00:00,,,,19.6,
2006-09-19 22:00:00,,,,27.6,
2006-09-19 23:00:00,,,,28.3,
2006-09-20 00:00:00,,,,26.6,
2006-09-20 01:00:00,,,,26.9,
2006-09-20 02:00:00,,,,27.1,
2006-09-20 03:00:00,,,,24.0,
2006-09-20 04:00:00,,,,24.5,
2006-09-20 05:00:00,,,,24.5,
2006-09-20 06:00:00,,,,19.2,
2006-09-20 07:00:00,,,,10.4,
2006-09-20 08:00:00,,,,4.0,
2006-09-20 09:00:00,,,,5.8,
2006-09-20 10:00:00,,,,4.4,
2006-09-20 11:00:00,,,,1.2,
2006-09-20 12:00:00,,,,9.5,
2006-09-20 13:00:00,,,,17.2,
2006-09-20 14:00:00,,,,16.8,
2006-09-20 15:00:00,,,,12.8,
2006-09-20 16:00:00,,,,14.7,
2006-09-21 17:00:00,,,,20.9,
2006-09-21 18:00:00,,,,21.8,
2006-09-21 19:00:00,,,,14.2,
2006-09-21 20:00:00,,,,5.7,
2006-09-21 21:00:00,,,,7.7,
2006-09-21 22:00:00,,,,14.8,
2006-09-21 23:00:00,,,,19.3,
2006-09-22 00:00:00,,,,25.1,
2006-09-22 01:00:00,,,,30.1,
2006-09-22 02:00:00,,,,28.2,
2006-09-22 03:00:00,,,,30.8,
2006-09-22 04:00:00,,,,30.1,
2006-09-22 05:00:00,,,,36.5,
2006-09-22 06:00:00,,,,34.4,
2006-09-22 07:00:00,,,,24.6,
2006-09-22 08:00:00,,,,8.6,
2006-09-22 09:00:00,,,,6.7,
2006-09-22 10:00:00,,,,7.9,
2006-09-22 11:00:00,,,,9.8,
2006-09-22 12:00:00,,,,16.5,
2006-09-22 13:00:00,,,,16.5,
2006-09-22 14:00:00,,,,24.2,
2006-09-22 15:00:00,,,,24.4,
2006-09-22 16:00:00,,,,28.1,
2006-09-22 17:00:00,,,,53.0,
2006-09-22 18:00:00,,,,30.4,
2006-09-22 19:00:00,,,,16.9,
2006-09-22 20:00:00,,,,5.3,
2006-09-22 21:00:00,,,,11.8,
2006-09-22 22:00:00,,,,14.4,
2006-09-22 23:00:00,,,,4.3,
2006-09-23 00:00:00,,,,0.5,
2006-09-23 01:00:00,,,,0.5,
2006-09-23 02:00:00,,,,0.5,
2006-09-23 03:00:00,,,,0.5,
2006-09-23 04:00:00,,,,0.5,
2006-09-23 05:00:00,,,,0.5,
2006-09-23 06:00:00,,,,0.5,
2006-09-23 07:00:00,,,,0.5,
2006-09-23 08:00:00,,,,4.2,
2006-09-23 09:00:00,,,,28.0,
2006-09-23 10:00:00,,,,24.3,
2006-09-23 11:00:00,,,,27.9,
2006-09-23 12:00:00,,,,21.9,
2006-09-23 13:00:00,,,,21.2,
2006-09-23 14:00:00,,,,31.7,
2006-09-23 15:00:00,,,,32.6,
2006-09-23 16:00:00,,,,40.1,
2006-09-23 17:00:00,,,,34.5,
2006-09-23 18:00:00,,,,10.6,
2006-09-23 19:00:00,,,,9.7,
2006-09-23 20:00:00,,,,5.7,
2006-09-23 21:00:00,,,,5.7,
2006-09-23 22:00:00,,,,4.3,
2006-09-23 23:00:00,,,,7.0,
2006-09-24 00:00:00,,,,38.4,
2006-09-24 01:00:00,,,,37.1,
2006-09-24 02:00:00,,,,35.2,
2006-09-24 03:00:00,,,,34.4,
2006-09-24 04:00:00,,,,31.3,
2006-09-24 05:00:00,,,,32.7,
2006-09-24 06:00:00,,,,37.3,
2006-09-24 09:00:00,,,,40.3,
2006-09-24 10:00:00,,,,37.4,
2006-09-24 11:00:00,,,,39.3,
2006-09-24 12:00:00,,,,35.6,
2006-09-24 13:00:00,,,,35.6,
2006-09-24 14:00:00,,,,39.3,
2006-09-24 15:00:00,,,,37.7,
2006-09-24 16:00:00,,,,31.7,
2006-09-25 17:00:00,,,,34.1,
2006-09-25 18:00:00,,,,31.9,
2006-09-25 19:00:00,,,,14.2,
2006-09-25 20:00:00,,,,8.9,
2006-09-25 21:00:00,,,,13.1,
2006-09-25 22:00:00,,,,22.3,
2006-09-25 23:00:00,,,,21.0,
2006-09-26 00:00:00,,,,28.4,
2006-09-26 01:00:00,,,,35.3,
2006-09-26 02:00:00,,,,36.1,
2006-09-26 03:00:00,,,,35.3,
2006-09-26 04:00:00,,,,35.3,
2006-09-26 05:00:00,,,,37.4,
2006-09-26 06:00:00,,,,33.6,
2006-09-26 07:00:00,,,,28.8,
2006-09-26 08:00:00,,,,18.5,
2006-09-26 09:00:00,,,,28.7,
2006-09-26 10:00:00,,,,30.4,
2006-09-26 11:00:00,,,,30.0,
2006-09-26 12:00:00,,,,33.1,
2006-09-26 13:00:00,,,,38.6,
2006-09-26 14:00:00,,,,42.4,
2006-09-26 15:00:00,,,,46.7,
2006-09-26 16:00:00,,,,47.1,
2006-09-26 17:00:00,,,,42.2,
2006-09-26 18:00:00,,,,36.4,
2006-09-26 19:00:00,,,,28.5,
2006-09-26 20:00:00,,,,22.5,
2006-09-26 21:00:00,,,,24.9,
2006-09-26 22:00:00,,,,26.4,
2006-09-26 23:00:00,,,,25.1,
2006-09-27 00:00:00,,,,28.3,
2006-09-27 01:00:00,,,,31.0,
2006-09-27 02:00:00,,,,31.2,
2006-09-27 03:00:00,,,,27.5,
2006-09-27 04:00:00,,,,20.6,
2006-09-27 05:00:00,,,,24.6,
2006-09-27 06:00:00,,,,10.6,
2006-09-27 07:00:00,,,,8.6,
2006-09-27 08:00:00,,,,7.8,
2006-09-27 09:00:00,,,,16.9,
2006-09-27 10:00:00,,,,22.4,
2006-09-27 11:00:00,,,,18.6,
2006-09-27 12:00:00,,,,34.3,
2006-09-27 13:00:00,,,,41.1,
2006-09-27 14:00:00,,,,45.3,
2006-09-27 15:00:00,,,,41.3,
2006-09-27 17:00:00,,,,35.6,
2006-09-27 18:00:00,,,,12.7,
2006-09-27 19:00:00,,,,7.4,
2006-09-27 20:00:00,,,,1.6,
2006-09-27 21:00:00,,,,1.4,
2006-09-27 22:00:00,,,,1.1,
2006-09-27 23:00:00,,,,1.1,
2006-09-28 00:00:00,,,,0.5,
2006-09-28 01:00:00,,,,0.5,
2006-09-28 02:00:00,,,,0.5,
2006-09-28 03:00:00,,,,0.5,
2006-09-28 04:00:00,,,,0.5,
2006-09-28 05:00:00,,,,0.5,
2006-09-28 06:00:00,,,,0.5,
2006-09-28 07:00:00,,,,2.3,
2006-09-28 08:00:00,,,,0.5,
2006-09-28 09:00:00,,,,0.5,
2006-09-28 10:00:00,,,,10.5,
2006-09-28 11:00:00,,,,11.6,
2006-09-28 12:00:00,,,,18.5,
2006-09-28 13:00:00,,,,22.8,
2006-09-28 14:00:00,,,,23.3,
2006-09-28 15:00:00,,,,29.4,
2006-09-28 16:00:00,,,,33.0,
2006-09-28 17:00:00,,,,31.8,
2006-09-28 18:00:00,,,,23.8,
2006-09-28 19:00:00,,,,21.4,
2006-09-28 20:00:00,,,,29.6,
2006-09-28 21:00:00,,,,26.1,
2006-09-28 22:00:00,,,,31.1,
2006-09-28 23:00:00,,,,36.9,
2006-09-29 00:00:00,,,,35.3,
2006-09-29 01:00:00,,,,34.5,
2006-09-29 02:00:00,,,,39.4,
2006-09-29 03:00:00,,,,34.0,
2006-09-29 04:00:00,,,,33.9,
2006-09-29 05:00:00,,,,32.5,
2006-09-29 06:00:00,,,,34.6,
2006-09-29 07:00:00,,,,27.1,
2006-09-29 08:00:00,,,,24.1,
2006-09-29 09:00:00,,,,31.3,
2006-09-29 10:00:00,,,,35.0,
2006-09-29 11:00:00,,,,39.5,
2006-09-29 12:00:00,,,,40.0,
2006-09-29 13:00:00,,,,41.2,
2006-09-29 14:00:00,,,,40.0,
2006-09-29 15:00:00,,,,37.2,
2006-09-29 16:00:00,,,,38.5,
2006-09-29 17:00:00,,,,41.8,
2006-09-29 18:00:00,,,,33.7,
2006-09-29 19:00:00,,,,23.2,
2006-09-29 20:00:00,,,,18.1,
2006-09-29 21:00:00,,,,18.9,
2006-09-29 22:00:00,,,,25.0,
2006-09-29 23:00:00,,,,27.4,
2006-09-30 00:00:00,,,,27.1,
2006-09-30 01:00:00,,,,33.1,
2006-09-30 02:00:00,,,,32.8,
2006-09-30 03:00:00,,,,34.1,
2006-09-30 04:00:00,,,,35.3,
2006-09-30 05:00:00,,,,30.6,
2006-09-30 06:00:00,,,,23.8,
2006-09-30 07:00:00,,,,20.7,
2006-09-30 08:00:00,,,,24.4,
2006-09-30 09:00:00,,,,16.4,
2006-09-30 10:00:00,,,,18.9,
2006-09-30 11:00:00,,,,34.1,
2006-09-30 12:00:00,,,,41.0,
2006-09-30 13:00:00,,,,42.4,
2006-09-30 14:00:00,,,,46.7,
2006-09-30 15:00:00,,,,52.8,
2006-09-30 16:00:00,,,,55.6,
2006-09-30 17:00:00,,,,56.1,
2006-09-30 18:00:00,,,,46.5,
2006-09-30 19:00:00,,,,38.2,
2006-09-30 20:00:00,,,,23.0,
2006-09-30 21:00:00,,,,21.9,
2006-09-30 22:00:00,,,,22.5,
2006-09-30 23:00:00,,,,21.0,
2006-10-01 00:00:00,,,,20.7,
2006-10-01 01:00:00,,,,23.6,
2006-10-01 02:00:00,,,,26.1,
2006-10-01 03:00:00,,,,18.5,
2006-10-01 04:00:00,,,,23.0,
2006-10-01 05:00:00,,,,20.7,
2006-10-01 06:00:00,,,,9.5,
2006-10-01 07:00:00,,,,7.0,
2006-10-01 08:00:00,,,,9.2,
2006-10-01 09:00:00,,,,13.2,
2006-10-01 10:00:00,,,,13.7,
2006-10-01 11:00:00,,,,22.9,
2006-10-01 12:00:00,,,,23.8,
2006-10-01 13:00:00,,,,28.4,
2006-10-01 14:00:00,,,,17.6,
2006-10-01 15:00:00,,,,13.9,
2006-10-01 16:00:00,,,,24.0,
2006-10-01 17:00:00,,,,30.9,
2006-10-01 18:00:00,,,,21.7,
2006-10-01 19:00:00,,,,15.0,
2006-10-01 20:00:00,,,,9.5,
2006-10-01 21:00:00,,,,6.2,
2006-10-01 22:00:00,,,,4.6,
2006-10-01 23:00:00,,,,3.0,
2006-10-02 00:00:00,,,,3.9,
2006-10-02 01:00:00,,,,2.2,
2006-10-02 02:00:00,,,,4.9,
2006-10-02 03:00:00,,,,3.2,
2006-10-02 04:00:00,,,,1.3,
2006-10-02 05:00:00,,,,0.5,
2006-10-02 06:00:00,,,,1.8,
2006-10-02 07:00:00,,,,2.4,
2006-10-02 08:00:00,,,,1.3,
2006-10-02 09:00:00,,,,5.6,
2006-10-02 10:00:00,,,,7.2,
2006-10-02 11:00:00,,,,16.3,
2006-10-02 12:00:00,,,,22.0,
2006-10-02 13:00:00,,,,20.7,
2006-10-02 14:00:00,,,,29.6,
2006-10-02 15:00:00,,,,41.4,
2006-10-02 16:00:00,,,,41.8,
2006-10-02 17:00:00,,,,40.2,
2006-10-02 18:00:00,,,,35.1,
2006-10-02 19:00:00,,,,22.2,
2006-10-02 20:00:00,,,,19.0,
2006-10-02 21:00:00,,,,8.8,
2006-10-02 22:00:00,,,,8.7,
2006-10-02 23:00:00,,,,11.1,
2006-10-03 00:00:00,,,,9.9,
2006-10-03 01:00:00,,,,4.7,
2006-10-03 02:00:00,,,,7.0,
2006-10-03 03:00:00,,,,5.0,
2006-10-03 04:00:00,,,,6.3,
2006-10-03 05:00:00,,,,4.2,
2006-10-03 06:00:00,,,,3.7,
2006-10-03 07:00:00,,,,1.2,
2006-10-03 08:00:00,,,,0.5,
2006-10-03 09:00:00,,,,1.2,
2006-10-03 10:00:00,,,,1.3,
2006-10-03 12:00:00,,,,14.8,
2006-10-03 13:00:00,,,,25.4,
2006-10-03 14:00:00,,,,31.6,
2006-10-03 15:00:00,0.2,,,35.4,
2006-10-03 16:00:00,9.7,,,60.6,
2006-10-03 17:00:00,25.1,,,50.4,
2006-10-03 18:00:00,3.5,,,40.9,
2006-10-03 19:00:00,4.0,,,22.0,
2006-10-03 20:00:00,48.4,,,17.0,
2006-10-03 21:00:00,37.0,,,10.4,
2006-10-03 22:00:00,29.8,,,9.1,
2006-10-03 23:00:00,0.6,,,12.5,
2006-10-04 00:00:00,26.8,,,10.3,
2006-10-04 01:00:00,6.6,,,24.1,
2006-10-04 02:00:00,,,,27.8,
2006-10-04 03:00:00,0.5,,,28.5,
2006-10-04 04:00:00,20.3,,,29.2,
2006-10-04 05:00:00,0.2,,,26.8,
2006-10-04 06:00:00,10.8,,,25.4,
2006-10-04 07:00:00,0.2,,,17.5,
2006-10-04 08:00:00,8.0,,,4.8,
2006-10-04 09:00:00,8.2,,,10.2,
2006-10-04 10:00:00,33.0,,,14.4,
2006-10-04 11:00:00,23.4,,,17.9,
2006-10-04 12:00:00,,,,31.5,
2006-10-04 13:00:00,,,,33.5,
2006-10-04 14:00:00,,,,37.4,
2006-10-04 15:00:00,,,,38.8,
2006-10-04 16:00:00,,,,27.0,
2006-10-04 17:00:00,0.7,,,29.2,
2006-10-04 18:00:00,25.6,,,18.2,
2006-10-04 19:00:00,11.3,,,14.9,
2006-10-04 20:00:00,40.1,,,6.9,
2006-10-04 21:00:00,49.9,,,4.9,
2006-10-04 22:00:00,0.6,,,5.7,
2006-10-04 23:00:00,21.1,,,10.5,
2006-10-05 00:00:00,22.3,,,10.5,
2006-10-05 01:00:00,0.2,,,10.0,
2006-10-05 02:00:00,7.4,,,7.8,
2006-10-05 03:00:00,11.8,,,3.6,
2006-10-05 04:00:00,2.5,,,8.6,
2006-10-05 05:00:00,11.7,,,15.7,
2006-10-05 06:00:00,11.5,,,18.1,
2006-10-05 07:00:00,8.7,,,6.2,
2006-10-05 08:00:00,18.1,,,0.5,
2006-10-05 09:00:00,43.6,,,0.5,
2006-10-05 10:00:00,37.9,,,2.3,
2006-10-05 11:00:00,19.6,,,5.2,
2006-10-05 12:00:00,0.8,,,9.7,
2006-10-05 13:00:00,,,,8.1,
2006-10-05 14:00:00,0.7,,,4.3,
2006-10-05 15:00:00,28.0,,,4.0,
2006-10-05 16:00:00,1.7,,,25.0,
2006-10-05 17:00:00,11.7,,,26.7,
2006-10-05 18:00:00,11.8,,,21.7,
2006-10-05 19:00:00,,,,24.6,
2006-10-05 20:00:00,,,,24.2,
2006-10-05 21:00:00,,,,29.8,
2006-10-05 22:00:00,0.2,,,33.3,
2006-10-05 23:00:00,8.3,,,30.3,
2006-10-06 00:00:00,17.7,,,27.2,
2006-10-06 01:00:00,,,,32.7,
2006-10-06 02:00:00,,,,36.8,
2006-10-06 03:00:00,,,,37.9,
2006-10-06 04:00:00,,,,31.7,
2006-10-06 05:00:00,0.1,,,29.2,
2006-10-06 06:00:00,3.0,,,24.6,
2006-10-06 07:00:00,7.7,,,19.4,
2006-10-06 08:00:00,18.4,,,19.6,
2006-10-06 09:00:00,30.5,,,23.6,
2006-10-06 10:00:00,9.1,,,29.8,
2006-10-06 11:00:00,17.5,,,33.7,
2006-10-06 12:00:00,17.1,,,33.9,
2006-10-06 13:00:00,,,,37.4,
2006-10-06 14:00:00,0.2,,,38.7,
2006-10-06 15:00:00,6.8,,,40.5,
2006-10-06 16:00:00,2.2,,,40.1,
2006-10-06 17:00:00,21.6,,,31.8,
2006-10-06 18:00:00,22.6,,,31.8,
2006-10-06 19:00:00,15.0,,,24.3,
2006-10-06 20:00:00,21.7,,,24.0,
2006-10-06 21:00:00,27.7,,,20.8,
2006-10-06 22:00:00,17.8,,,21.0,
2006-10-06 23:00:00,34.2,,,19.6,
2006-10-07 00:00:00,18.8,,,19.7,
2006-10-07 01:00:00,2.3,,,16.1,
2006-10-07 02:00:00,18.3,,,18.2,
2006-10-07 03:00:00,34.5,,,18.5,
2006-10-07 04:00:00,0.4,,,25.6,
2006-10-07 05:00:00,17.0,,,24.2,
2006-10-07 06:00:00,13.0,,,23.0,
2006-10-07 07:00:00,11.2,,,24.5,
2006-10-07 08:00:00,18.2,,,22.8,
2006-10-07 09:00:00,24.1,,,27.6,
2006-10-07 10:00:00,27.2,,,28.0,
2006-10-07 11:00:00,24.8,,,33.6,
2006-10-07 12:00:00,0.3,,,26.8,
2006-10-07 13:00:00,11.6,,,31.8,
2006-10-07 14:00:00,23.2,,,33.5,
2006-10-07 15:00:00,8.0,,,29.2,
2006-10-07 16:00:00,16.8,,,32.9,
2006-10-07 17:00:00,11.5,,,36.0,
2006-10-07 18:00:00,18.6,,,33.4,
2006-10-07 19:00:00,19.5,,,23.1,
2006-10-07 20:00:00,20.7,,,23.1,
2006-10-07 21:00:00,10.6,,,16.8,
2006-10-07 22:00:00,41.7,,,11.3,
2006-10-07 23:00:00,17.8,,,10.8,
2006-10-08 00:00:00,19.3,,,7.9,
2006-10-08 01:00:00,10.2,,,15.7,
2006-10-08 02:00:00,12.0,,,16.2,
2006-10-08 03:00:00,7.5,,,25.6,
2006-10-08 04:00:00,10.8,,,19.6,
2006-10-08 05:00:00,20.2,,,18.2,
2006-10-08 06:00:00,6.2,,,11.9,
2006-10-08 07:00:00,11.4,,,4.5,
2006-10-08 08:00:00,1.1,,,24.6,
2006-10-08 09:00:00,13.8,,,41.3,
2006-10-08 10:00:00,0.3,,,34.8,
2006-10-08 11:00:00,11.1,,,33.6,
2006-10-08 12:00:00,20.9,,,41.1,
2006-10-08 13:00:00,,,,47.1,
2006-10-08 14:00:00,0.1,,,44.2,
2006-10-08 15:00:00,4.7,,,41.8,
2006-10-08 16:00:00,7.0,,,42.8,
2006-10-08 17:00:00,0.5,,,40.8,
2006-10-08 18:00:00,18.6,,,40.6,
2006-10-08 19:00:00,5.1,,,28.5,
2006-10-08 20:00:00,17.9,,,33.1,
2006-10-08 21:00:00,7.2,,,34.3,
2006-10-08 22:00:00,12.1,,,35.2,
2006-10-08 23:00:00,13.7,,,35.8,
2006-10-09 00:00:00,7.8,,,37.5,
2006-10-09 01:00:00,,,,42.0,
2006-10-09 02:00:00,0.1,,,42.2,
2006-10-09 03:00:00,3.4,,,40.5,
2006-10-09 04:00:00,5.3,,,36.5,
2006-10-09 05:00:00,1.1,,,28.1,
2006-10-09 06:00:00,11.7,,,19.5,
2006-10-09 07:00:00,0.5,,,9.6,
2006-10-09 08:00:00,20.3,,,6.0,
2006-10-09 09:00:00,4.5,,,13.8,
2006-10-09 10:00:00,20.2,,,13.1,
2006-10-09 11:00:00,12.7,,,18.3,
2006-10-09 12:00:00,22.1,,,27.7,
2006-10-09 13:00:00,12.0,,,32.1,
2006-10-09 14:00:00,6.6,,,24.4,
2006-10-09 15:00:00,15.1,,,34.8,
2006-10-09 16:00:00,20.3,,,61.7,
2006-10-09 17:00:00,28.6,,,43.9,
2006-10-09 18:00:00,14.0,,,38.6,
2006-10-09 19:00:00,44.4,,,26.1,
2006-10-09 20:00:00,56.1,,,12.2,
2006-10-09 21:00:00,14.1,,,8.6,
2006-10-09 22:00:00,24.8,,,6.3,
2006-10-09 23:00:00,32.9,,,6.4,
2006-10-10 00:00:00,23.8,,,11.2,
2006-10-10 01:00:00,15.9,,,16.5,
2006-10-10 02:00:00,11.6,,,11.9,
2006-10-10 03:00:00,0.3,,,13.4,
2006-10-10 04:00:00,11.7,,,17.3,
2006-10-10 05:00:00,0.3,,,15.4,
2006-10-10 06:00:00,12.4,,,7.4,
2006-10-10 07:00:00,9.8,,,4.2,
2006-10-10 08:00:00,8.4,,,2.4,
2006-10-10 09:00:00,9.6,,,1.3,
2006-10-10 10:00:00,38.9,,,2.4,
2006-10-10 11:00:00,23.3,,,12.6,
2006-10-10 12:00:00,21.1,,,26.3,
2006-10-10 13:00:00,9.3,,,37.8,
2006-10-10 14:00:00,15.7,,,36.2,
2006-10-10 15:00:00,37.6,,,51.7,
2006-10-10 16:00:00,24.7,,,48.9,
2006-10-10 17:00:00,26.3,,,41.7,
2006-10-10 18:00:00,29.9,,,43.7,
2006-10-10 19:00:00,30.1,,,10.4,
2006-10-10 20:00:00,33.0,,,5.0,
2006-10-10 21:00:00,49.8,,,6.4,
2006-10-10 22:00:00,32.5,,,28.8,
2006-10-10 23:00:00,32.4,,,28.2,
2006-10-11 00:00:00,,,,18.1,
2006-10-11 01:00:00,,,,11.2,
2006-10-11 02:00:00,,,,47.2,
2006-10-11 03:00:00,0.2,,,61.2,
2006-10-11 04:00:00,7.3,,,54.4,
2006-10-11 05:00:00,11.7,,,47.4,
2006-10-11 06:00:00,12.6,,,31.9,
2006-10-11 07:00:00,0.3,,,18.5,
2006-10-11 08:00:00,16.1,,,4.2,
2006-10-11 09:00:00,2.6,,,0.5,
2006-10-11 10:00:00,27.3,,,1.9,
2006-10-11 11:00:00,20.2,,,8.7,
2006-10-11 12:00:00,9.1,,,12.1,
2006-10-11 13:00:00,0.2,,,32.8,
2006-10-11 14:00:00,11.2,,,36.1,
2006-10-11 15:00:00,0.1,,,39.8,
2006-10-11 16:00:00,7.0,,,41.3,
2006-10-11 17:00:00,,,,42.0,
2006-10-11 18:00:00,0.4,,,33.6,
2006-10-11 19:00:00,15.1,,,34.2,
2006-10-11 20:00:00,0.4,,,35.3,
2006-10-11 21:00:00,2.6,,,35.5,
2006-10-11 22:00:00,2.1,,,38.1,
2006-10-11 23:00:00,8.7,,,25.9,
2006-10-12 00:00:00,15.7,,,26.2,
2006-10-12 01:00:00,,,,27.8,
2006-10-12 02:00:00,,,,26.2,
2006-10-12 03:00:00,0.1,,,21.0,
2006-10-12 04:00:00,5.6,,,22.2,
2006-10-12 05:00:00,8.9,,,21.1,
2006-10-12 06:00:00,0.9,,,17.5,
2006-10-12 07:00:00,37.6,,,21.2,
2006-10-12 08:00:00,0.4,,,25.0,
2006-10-12 09:00:00,18.1,,,37.8,
2006-10-12 10:00:00,4.6,,,44.8,
2006-10-12 11:00:00,16.7,,,48.5,
2006-10-12 12:00:00,0.1,,,50.8,
2006-10-12 13:00:00,3.5,,,53.8,
2006-10-12 14:00:00,9.4,,,52.4,
2006-10-12 15:00:00,3.7,,,50.5,
2006-10-12 16:00:00,19.2,,,51.2,
2006-10-12 17:00:00,0.1,,,43.2,
2006-10-12 18:00:00,4.1,,,42.5,
2006-10-12 19:00:00,12.8,,,39.6,
2006-10-12 20:00:00,0.5,,,39.1,
2006-10-12 21:00:00,20.7,,,40.8,
2006-10-12 22:00:00,0.4,,,41.6,
2006-10-12 23:00:00,1.0,,,40.7,
2006-10-13 00:00:00,10.5,,,36.8,
2006-10-13 01:00:00,,,,41.6,
2006-10-13 02:00:00,,,,40.2,
2006-10-13 03:00:00,,,,39.6,
2006-10-13 04:00:00,,,,39.4,
2006-10-13 05:00:00,,,,38.2,
2006-10-13 06:00:00,,,,38.9,
2006-10-13 07:00:00,,,,35.3,
2006-10-13 08:00:00,,,,28.1,
2006-10-13 09:00:00,0.2,,,26.3,
2006-10-13 10:00:00,10.1,,,29.1,
2006-10-13 11:00:00,,,,28.5,
2006-10-13 12:00:00,,,,37.9,
2006-10-13 13:00:00,,,,39.5,
2006-10-13 14:00:00,,,,45.4,
2006-10-13 15:00:00,,,,44.4,
2006-10-13 16:00:00,,,,42.5,
2006-10-13 17:00:00,0.3,,,36.8,
2006-10-13 18:00:00,0.2,,,36.0,
2006-10-13 19:00:00,9.2,,,32.3,
2006-10-13 20:00:00,7.3,,,29.6,
2006-10-13 21:00:00,5.4,,,28.0,
2006-10-13 22:00:00,11.2,,,29.0,
2006-10-13 23:00:00,4.5,,,29.0,
2006-10-14 00:00:00,28.9,,,30.2,
2006-10-14 01:00:00,,,,30.8,
2006-10-14 02:00:00,0.3,,,30.8,
2006-10-14 03:00:00,11.6,,,28.9,
2006-10-14 04:00:00,,,,29.3,
2006-10-14 05:00:00,,,,29.8,
2006-10-14 06:00:00,0.2,,,27.7,
2006-10-14 07:00:00,7.9,,,24.2,
2006-10-14 08:00:00,5.3,,,21.0,
2006-10-14 09:00:00,19.6,,,19.7,
2006-10-14 10:00:00,11.5,,,23.7,
2006-10-14 11:00:00,0.5,,,36.9,
2006-10-14 12:00:00,24.1,,,35.3,
2006-10-14 13:00:00,,,,33.9,
2006-10-14 14:00:00,0.2,,,37.2,
2006-10-14 15:00:00,8.2,,,56.0,
2006-10-14 16:00:00,0.6,,,55.9,
2006-10-14 17:00:00,25.6,,,45.0,
2006-10-14 18:00:00,30.5,,,26.2,
2006-10-14 19:00:00,0.7,,,29.3,
2006-10-14 20:00:00,32.6,,,25.2,
2006-10-14 21:00:00,6.8,,,21.3,
2006-10-14 22:00:00,23.4,,,20.5,
2006-10-14 23:00:00,20.1,,,18.0,
2006-10-15 00:00:00,7.3,,,17.5,
2006-10-15 01:00:00,9.3,,,10.8,
2006-10-15 02:00:00,5.1,,,10.8,
2006-10-15 03:00:00,5.1,,,1.5,
2006-10-15 04:00:00,1.1,,,7.4,
2006-10-15 05:00:00,11.5,,,1.8,
2006-10-15 06:00:00,22.9,,,18.5,
2006-10-15 07:00:00,8.9,,,24.1,
2006-10-15 08:00:00,21.0,,,27.9,
2006-10-15 09:00:00,11.0,,,32.5,
2006-10-15 10:00:00,2.9,,,34.6,
2006-10-15 11:00:00,5.6,,,37.5,
2006-10-15 12:00:00,,,,34.3,
2006-10-15 13:00:00,,,,31.3,
2006-10-15 14:00:00,0.3,,,29.1,
2006-10-15 15:00:00,15.8,,,35.9,
2006-10-15 16:00:00,5.6,,,38.3,
2006-10-15 17:00:00,22.6,,,41.3,
2006-10-15 18:00:00,,,,33.5,
2006-10-15 19:00:00,,,,14.4,
2006-10-15 20:00:00,0.3,,,7.2,
2006-10-15 21:00:00,13.9,,,5.5,
2006-10-15 22:00:00,9.2,,,20.8,
2006-10-15 23:00:00,,,,30.9,
2006-10-16 00:00:00,,,,39.4,
2006-10-16 01:00:00,,,,49.4,
2006-10-16 02:00:00,,,,48.8,
2006-10-16 03:00:00,,,,50.1,
2006-10-16 04:00:00,,,,48.1,
2006-10-16 05:00:00,0.1,,,48.9,
2006-10-16 06:00:00,3.0,,,48.2,
2006-10-16 07:00:00,10.3,,,36.0,
2006-10-16 08:00:00,0.4,,,23.3,
2006-10-16 09:00:00,18.3,,,29.9,
2006-10-16 10:00:00,7.7,,,36.5,
2006-10-16 11:00:00,17.1,,,42.3,
2006-10-16 12:00:00,,,,39.2,
2006-10-16 13:00:00,,,,38.5,
2006-10-16 14:00:00,,,,37.7,
2006-10-16 15:00:00,0.2,,,38.3,
2006-10-16 16:00:00,6.7,,,40.0,
2006-10-16 17:00:00,19.6,,,42.2,
2006-10-16 18:00:00,12.8,,,34.4,
2006-10-16 19:00:00,7.2,,,21.6,
2006-10-16 20:00:00,0.4,,,7.6,
2006-10-16 21:00:00,17.5,,,18.2,
2006-10-16 22:00:00,17.2,,,23.2,
2006-10-16 23:00:00,35.1,,,17.1,
2006-10-17 00:00:00,12.2,,,18.6,
2006-10-17 01:00:00,,,,23.8,
2006-10-17 02:00:00,0.3,,,27.6,
2006-10-17 03:00:00,11.8,,,24.9,
2006-10-17 04:00:00,6.2,,,26.3,
2006-10-17 05:00:00,0.4,,,32.0,
2006-10-17 06:00:00,15.4,,,28.7,
2006-10-17 07:00:00,0.7,,,23.2,
2006-10-17 08:00:00,29.4,,,24.7,
2006-10-17 09:00:00,13.7,,,37.4,
2006-10-17 10:00:00,9.9,,,37.2,
2006-10-17 11:00:00,9.3,,,35.7,
2006-10-17 12:00:00,13.0,,,43.2,
2006-10-17 13:00:00,,,,47.3,
2006-10-17 14:00:00,,,,47.5,
2006-10-17 15:00:00,0.2,,,48.4,
2006-10-17 16:00:00,7.4,,,46.1,
2006-10-17 17:00:00,10.7,,,43.4,
2006-10-17 18:00:00,30.4,,,38.8,
2006-10-17 19:00:00,3.4,,,30.2,
2006-10-17 20:00:00,26.6,,,29.0,
2006-10-17 21:00:00,0.2,,,31.7,
2006-10-17 22:00:00,8.8,,,37.2,
2006-10-17 23:00:00,25.7,,,38.0,
2006-10-18 00:00:00,5.3,,,37.5,
2006-10-18 01:00:00,,,,38.5,
2006-10-18 02:00:00,0.2,,,41.3,
2006-10-18 03:00:00,10.5,,,39.7,
2006-10-18 04:00:00,8.2,,,38.6,
2006-10-18 05:00:00,0.4,,,36.8,
2006-10-18 06:00:00,17.4,,,34.8,
2006-10-18 07:00:00,8.8,,,26.0,
2006-10-18 08:00:00,20.2,,,16.1,
2006-10-18 09:00:00,10.4,,,16.6,
2006-10-18 10:00:00,9.9,,,12.3,
2006-10-18 11:00:00,24.6,,,19.7,
2006-10-18 12:00:00,0.2,,,35.5,
2006-10-18 13:00:00,9.9,,,39.9,
2006-10-18 14:00:00,14.4,,,41.8,
2006-10-18 15:00:00,4.4,,,42.2,
2006-10-18 16:00:00,20.8,,,39.9,
2006-10-18 17:00:00,16.7,,,43.8,
2006-10-18 18:00:00,12.7,,,37.8,
2006-10-18 19:00:00,13.0,,,34.2,
2006-10-18 20:00:00,11.4,,,29.9,
2006-10-18 21:00:00,24.1,,,34.7,
2006-10-18 22:00:00,11.8,,,36.4,
2006-10-18 23:00:00,10.4,,,34.5,
2006-10-19 00:00:00,1.9,,,32.6,
2006-10-19 01:00:00,6.4,,,39.6,
2006-10-19 02:00:00,,,,41.6,
2006-10-19 03:00:00,,,,40.7,
2006-10-19 04:00:00,0.7,,,37.6,
2006-10-19 05:00:00,27.6,,,35.4,
2006-10-19 06:00:00,0.1,,,34.6,
2006-10-19 07:00:00,4.0,,,30.7,
2006-10-19 08:00:00,19.4,,,22.8,
2006-10-19 09:00:00,15.2,,,20.3,
2006-10-19 10:00:00,5.5,,,26.3,
2006-10-19 11:00:00,9.0,,,27.3,
2006-10-19 12:00:00,13.4,,,27.9,
2006-10-19 13:00:00,,,,28.3,
2006-10-19 14:00:00,,,,25.2,
2006-10-19 15:00:00,,,,31.7,
2006-10-19 16:00:00,,,,31.8,
2006-10-19 17:00:00,2.1,,,32.0,
2006-10-19 18:00:00,9.1,,,27.9,
2006-10-19 19:00:00,23.8,,,22.0,
2006-10-19 20:00:00,0.5,,,10.8,
2006-10-19 21:00:00,11.4,,,21.8,
2006-10-19 22:00:00,6.9,,,27.7,
2006-10-19 23:00:00,8.6,,,32.3,
2006-10-20 00:00:00,27.0,,,31.6,
2006-10-20 01:00:00,,,,33.6,
2006-10-20 02:00:00,,,,36.0,
2006-10-20 03:00:00,,,,39.9,
2006-10-20 04:00:00,0.2,,,39.8,
2006-10-20 05:00:00,7.7,,,40.5,
2006-10-20 06:00:00,,,,38.4,
2006-10-20 07:00:00,0.4,,,36.6,
2006-10-20 08:00:00,15.7,,,28.6,
2006-10-20 09:00:00,0.9,,,33.2,
2006-10-20 10:00:00,35.9,,,37.0,
2006-10-20 11:00:00,7.8,,,41.2,
2006-10-20 13:00:00,,,,8.1,
2006-10-20 14:00:00,,,,25.1,
2006-10-20 15:00:00,,,,36.4,
2006-10-20 16:00:00,,,,39.6,
2006-10-20 17:00:00,14.1,,,38.3,
2006-10-20 18:00:00,0.4,,,38.5,
2006-10-20 19:00:00,,,,29.3,
2006-10-20 20:00:00,29.0,,,22.9,
2006-10-20 21:00:00,0.8,,,24.8,
2006-10-20 22:00:00,17.4,,,23.2,
2006-10-20 23:00:00,7.5,,,9.9,
2006-10-21 00:00:00,36.5,,,3.7,
2006-10-21 01:00:00,6.7,,,2.5,
2006-10-21 02:00:00,0.2,,,18.4,
2006-10-21 03:00:00,,,,21.9,
2006-10-21 04:00:00,,,,23.7,
2006-10-21 05:00:00,,,,28.0,
2006-10-21 06:00:00,9.5,,,26.8,
2006-10-21 07:00:00,11.8,,,20.5,
2006-10-21 08:00:00,18.9,,,20.2,
2006-10-21 09:00:00,0.5,,,27.5,
2006-10-21 10:00:00,19.3,,,20.4,
2006-10-21 11:00:00,6.9,,,38.9,
2006-10-21 12:00:00,12.4,,,45.8,
2006-10-21 13:00:00,6.3,,,36.5,
2006-10-21 14:00:00,0.2,,,40.5,
2006-10-21 15:00:00,,,,42.6,
2006-10-21 16:00:00,,,,37.4,
2006-10-21 17:00:00,13.4,,,47.2,
2006-10-21 18:00:00,16.7,,,37.2,
2006-10-21 19:00:00,1.5,,,38.0,
2006-10-21 20:00:00,34.6,,,36.3,
2006-10-21 21:00:00,14.2,,,31.2,
2006-10-21 22:00:00,2.5,,,28.0,
2006-10-21 23:00:00,30.0,,,22.7,
2006-10-22 00:00:00,16.8,,,12.2,
2006-10-22 01:00:00,21.9,,,2.8,
2006-10-22 02:00:00,5.9,,,0.5,
2006-10-22 03:00:00,0.2,,,0.5,
2006-10-22 04:00:00,36.9,,,0.5,
2006-10-22 05:00:00,2.1,,,1.1,
2006-10-22 06:00:00,33.6,,,0.5,
2006-10-22 07:00:00,12.3,,,3.2,
2006-10-22 08:00:00,26.6,,,8.3,
2006-10-22 09:00:00,32.1,,,16.7,
2006-10-22 10:00:00,42.0,,,23.8,
2006-10-22 11:00:00,1.3,,,50.4,
2006-10-22 12:00:00,19.2,,,60.9,
2006-10-22 13:00:00,25.2,,,62.0,
2006-10-22 14:00:00,4.9,,,53.2,
2006-10-22 15:00:00,0.1,,,53.9,
2006-10-22 16:00:00,2.4,,,63.8,
2006-10-22 17:00:00,0.1,,,66.2,
2006-10-22 18:00:00,20.9,,,57.2,
2006-10-22 19:00:00,10.8,,,36.8,
2006-10-22 20:00:00,41.4,,,35.2,
2006-10-22 21:00:00,21.0,,,28.3,
2006-10-22 22:00:00,22.6,,,26.8,
2006-10-22 23:00:00,16.2,,,26.9,
2006-10-23 00:00:00,16.5,,,26.8,
2006-10-23 01:00:00,6.6,,,29.1,
2006-10-23 02:00:00,0.2,,,29.1,
2006-10-23 03:00:00,,,,31.9,
2006-10-23 04:00:00,,,,30.4,
2006-10-23 05:00:00,,,,23.7,
2006-10-23 06:00:00,11.1,,,13.2,
2006-10-23 07:00:00,0.4,,,3.0,
2006-10-23 08:00:00,45.6,,,7.3,
2006-10-23 09:00:00,1.4,,,19.1,
2006-10-23 10:00:00,32.0,,,26.1,
2006-10-23 11:00:00,6.8,,,33.7,
2006-10-23 12:00:00,0.2,,,38.4,
2006-10-23 13:00:00,23.0,,,54.3,
2006-10-23 14:00:00,0.7,,,49.2,
2006-10-23 15:00:00,7.6,,,45.6,
2006-10-23 16:00:00,19.3,,,33.9,
2006-10-23 17:00:00,39.1,,,42.9,
2006-10-23 18:00:00,22.9,,,41.3,
2006-10-23 19:00:00,9.6,,,29.3,
2006-10-23 20:00:00,38.0,,,12.2,
2006-10-23 21:00:00,53.5,,,17.4,
2006-10-23 22:00:00,23.9,,,22.5,
2006-10-23 23:00:00,22.7,,,18.4,
2006-10-24 00:00:00,16.7,,,17.7,
2006-10-24 01:00:00,19.2,,,20.7,
2006-10-24 02:00:00,0.5,,,22.6,
2006-10-24 03:00:00,,,,24.1,
2006-10-24 04:00:00,3.9,,,23.3,
2006-10-24 05:00:00,13.4,,,20.9,
2006-10-24 06:00:00,0.4,,,15.7,
2006-10-24 07:00:00,22.6,,,5.2,
2006-10-24 08:00:00,4.9,,,6.7,
2006-10-24 09:00:00,13.6,,,5.1,
2006-10-24 10:00:00,35.6,,,14.0,
2006-10-24 11:00:00,42.0,,,31.4,
2006-10-24 12:00:00,36.9,,,49.8,
2006-10-24 13:00:00,1.0,,,62.3,
2006-10-24 14:00:00,,,,79.8,
2006-10-24 15:00:00,14.9,,,75.9,
2006-10-24 16:00:00,5.6,,,74.6,
2006-10-24 17:00:00,11.7,,,66.5,
2006-10-24 18:00:00,33.0,,,50.1,
2006-10-24 19:00:00,32.1,,,18.8,
2006-10-24 20:00:00,29.9,,,15.1,
2006-10-24 21:00:00,67.0,,,11.4,
2006-10-24 22:00:00,34.0,,,3.9,
2006-10-24 23:00:00,61.1,,,1.9,
2006-10-25 00:00:00,56.6,,,2.1,
2006-10-25 01:00:00,9.4,,,17.0,
2006-10-25 02:00:00,6.3,,,19.4,
2006-10-25 03:00:00,21.8,,,17.0,
2006-10-25 04:00:00,11.7,,,10.1,
2006-10-25 05:00:00,31.5,,,17.7,
2006-10-25 06:00:00,7.7,,,17.3,
2006-10-25 07:00:00,31.1,,,11.7,
2006-10-25 08:00:00,0.9,,,4.7,
2006-10-25 09:00:00,12.6,,,8.4,
2006-10-25 10:00:00,32.9,,,12.6,
2006-10-25 11:00:00,16.7,,,21.1,
2006-10-25 12:00:00,42.9,,,32.5,
2006-10-25 13:00:00,23.6,,,44.7,
2006-10-25 14:00:00,12.0,,,37.4,
2006-10-25 15:00:00,40.3,,,40.0,
2006-10-25 16:00:00,4.8,,,41.0,
2006-10-25 17:00:00,20.9,,,31.9,
2006-10-25 18:00:00,6.2,,,16.8,
2006-10-25 19:00:00,16.5,,,8.0,
2006-10-25 20:00:00,52.4,,,10.3,
2006-10-25 21:00:00,45.6,,,0.5,
2006-10-25 22:00:00,36.7,,,12.9,
2006-10-25 23:00:00,57.8,,,1.6,
2006-10-26 00:00:00,51.3,,,0.5,
2006-10-26 01:00:00,40.6,,,0.5,
2006-10-26 02:00:00,39.0,,,1.1,
2006-10-26 03:00:00,44.8,,,11.0,
2006-10-26 04:00:00,59.9,,,13.6,
2006-10-26 05:00:00,33.5,,,20.5,
2006-10-26 06:00:00,33.6,,,24.3,
2006-10-26 07:00:00,45.7,,,43.7,
2006-10-26 08:00:00,14.6,,,32.8,
2006-10-26 09:00:00,41.6,,,30.6,
2006-10-26 10:00:00,6.8,,,24.4,
2006-10-26 11:00:00,0.2,,,30.8,
2006-10-26 12:00:00,15.4,,,37.7,
2006-10-26 13:00:00,32.1,,,48.5,
2006-10-26 14:00:00,3.6,,,40.4,
2006-10-26 15:00:00,19.0,,,42.9,
2006-10-26 16:00:00,0.6,,,48.1,
2006-10-26 17:00:00,,,,44.3,
2006-10-26 18:00:00,,,,35.5,
2006-10-26 19:00:00,4.6,,,26.4,
2006-10-26 20:00:00,29.0,,,21.1,
2006-10-26 21:00:00,18.6,,,24.6,
2006-10-26 22:00:00,13.0,,,18.0,
2006-10-26 23:00:00,10.7,,,26.7,
2006-10-27 00:00:00,33.3,,,20.2,
2006-10-27 01:00:00,1.1,,,28.0,
2006-10-27 02:00:00,6.7,,,33.2,
2006-10-27 03:00:00,3.8,,,31.5,
2006-10-27 04:00:00,17.0,,,31.5,
2006-10-27 05:00:00,18.4,,,35.2,
2006-10-27 06:00:00,0.6,,,36.7,
2006-10-27 07:00:00,27.3,,,32.2,
2006-10-27 08:00:00,6.5,,,33.6,
2006-10-27 09:00:00,0.2,,,38.3,
2006-10-27 10:00:00,15.7,,,39.2,
2006-10-27 11:00:00,18.1,,,39.8,
2006-10-27 12:00:00,28.0,,,42.0,
2006-10-27 13:00:00,27.8,,,39.5,
2006-10-27 14:00:00,0.8,,,35.4,
2006-10-27 15:00:00,15.1,,,41.0,
2006-10-27 16:00:00,22.3,,,43.0,
2006-10-27 17:00:00,45.5,,,37.3,
2006-10-27 18:00:00,9.8,,,34.1,
2006-10-27 19:00:00,25.8,,,27.3,
2006-10-27 20:00:00,19.8,,,23.2,
2006-10-27 21:00:00,39.4,,,21.7,
2006-10-27 22:00:00,37.8,,,22.6,
2006-10-27 23:00:00,33.9,,,19.8,
2006-10-28 00:00:00,1.0,,,22.4,
2006-10-28 01:00:00,5.7,,,24.7,
2006-10-28 02:00:00,8.1,,,24.5,
2006-10-28 03:00:00,12.0,,,33.3,
2006-10-28 04:00:00,5.9,,,34.5,
2006-10-28 05:00:00,0.2,,,29.6,
2006-10-28 06:00:00,1.6,,,30.9,
2006-10-28 07:00:00,20.0,,,29.1,
2006-10-28 08:00:00,6.5,,,27.5,
2006-10-28 09:00:00,5.5,,,22.9,
2006-10-28 10:00:00,20.5,,,24.8,
2006-10-28 11:00:00,0.6,,,29.8,
2006-10-28 12:00:00,23.9,,,31.8,
2006-10-28 13:00:00,0.7,,,35.7,
2006-10-28 14:00:00,,,,44.5,
2006-10-28 15:00:00,,,,44.3,
2006-10-28 16:00:00,,,,44.3,
2006-10-28 17:00:00,22.9,,,40.5,
2006-10-28 18:00:00,18.7,,,31.3,
2006-10-28 19:00:00,38.6,,,32.2,
2006-10-28 20:00:00,29.2,,,35.9,
2006-10-28 21:00:00,3.6,,,32.4,
2006-10-28 22:00:00,21.4,,,35.4,
2006-10-28 23:00:00,24.8,,,35.8,
2006-10-29 00:00:00,21.1,,,35.3,
2006-10-29 01:00:00,0.6,,,37.2,
2006-10-29 02:00:00,,,,34.7,
2006-10-29 03:00:00,,,,32.6,
2006-10-29 04:00:00,10.5,,,30.8,
2006-10-29 05:00:00,0.3,,,30.9,
2006-10-29 06:00:00,,,,21.8,
2006-10-29 07:00:00,,,,20.5,
2006-10-29 08:00:00,20.2,,,26.6,
2006-10-29 09:00:00,0.6,,,26.6,
2006-10-29 10:00:00,,,,24.6,
2006-10-29 11:00:00,1.1,,,32.7,
2006-10-29 12:00:00,27.4,,,42.1,
2006-10-29 13:00:00,13.1,,,45.2,
2006-10-29 14:00:00,0.4,,,46.7,
2006-10-29 15:00:00,,,,46.2,
2006-10-29 16:00:00,35.7,,,27.8,
2006-10-29 17:00:00,36.8,,,30.9,
2006-10-29 18:00:00,3.1,,,32.8,
2006-10-29 19:00:00,33.9,,,27.3,
2006-10-29 20:00:00,22.1,,,26.7,
2006-10-29 21:00:00,23.1,,,21.4,
2006-10-29 22:00:00,39.8,,,25.3,
2006-10-29 23:00:00,45.0,,,25.0,
2006-10-30 00:00:00,5.0,,,23.0,
2006-10-30 01:00:00,0.1,,,12.3,
2006-10-30 02:00:00,,,,13.2,
2006-10-30 03:00:00,0.8,,,12.9,
2006-10-30 04:00:00,1.9,,,15.5,
2006-10-30 05:00:00,3.6,,,14.9,
2006-10-30 06:00:00,0.1,,,8.0,
2006-10-30 07:00:00,19.7,,,6.1,
2006-10-30 08:00:00,11.7,,,3.0,
2006-10-30 09:00:00,18.3,,,8.0,
2006-10-30 10:00:00,36.0,,,9.2,
2006-10-30 11:00:00,8.9,,,19.7,
2006-10-30 12:00:00,27.1,,,30.7,
2006-10-30 13:00:00,0.8,,,51.8,
2006-10-30 14:00:00,,,,44.5,
2006-10-30 15:00:00,5.1,,,32.0,
2006-10-30 16:00:00,8.4,,,38.6,
2006-10-30 17:00:00,19.4,,,36.9,
2006-10-30 18:00:00,0.6,,,35.3,
2006-10-30 19:00:00,22.4,,,31.7,
2006-10-30 20:00:00,26.6,,,28.3,
2006-10-30 21:00:00,13.4,,,18.8,
2006-10-30 22:00:00,50.8,,,22.1,
2006-10-30 23:00:00,10.4,,,21.5,
2006-10-31 00:00:00,21.4,,,24.2,
2006-10-31 01:00:00,0.7,,,26.3,
2006-10-31 02:00:00,7.6,,,26.5,
2006-10-31 03:00:00,0.2,,,28.6,
2006-10-31 04:00:00,3.5,,,28.6,
2006-10-31 05:00:00,24.1,,,29.5,
2006-10-31 06:00:00,0.8,,,29.2,
2006-10-31 07:00:00,14.0,,,24.5,
2006-10-31 08:00:00,28.1,,,13.0,
2006-10-31 09:00:00,7.0,,,9.0,
2006-10-31 10:00:00,7.0,,,6.9,
2006-10-31 11:00:00,15.6,,,14.9,
2006-10-31 12:00:00,6.0,,,20.2,
2006-10-31 13:00:00,58.1,,,17.0,
2006-10-31 14:00:00,1.8,,,20.1,
2006-10-31 15:00:00,10.0,,,26.4,
2006-10-31 17:00:00,,,,20.4,
2006-10-31 18:00:00,,,,20.1,
2006-10-31 19:00:00,11.1,,,15.4,
2006-10-31 20:00:00,43.7,,,16.0,
2006-10-31 21:00:00,36.4,,,17.3,
2006-10-31 22:00:00,13.5,,,15.9,
2006-10-31 23:00:00,12.8,,,18.0,
2006-11-01 00:00:00,28.2,,,23.2,
2006-11-01 01:00:00,6.5,,,25.4,
2006-11-01 02:00:00,17.5,,,23.2,
2006-11-01 03:00:00,15.9,,,22.4,
2006-11-01 04:00:00,0.5,,,22.0,
2006-11-01 05:00:00,,,,21.6,
2006-11-01 06:00:00,18.0,,,22.9,
2006-11-01 07:00:00,0.6,,,17.7,
2006-11-01 08:00:00,0.8,,,9.3,
2006-11-01 09:00:00,16.3,,,5.8,
2006-11-01 10:00:00,12.9,,,5.2,
2006-11-01 11:00:00,10.2,,,4.9,
2006-11-01 12:00:00,26.6,,,4.6,
2006-11-01 13:00:00,27.1,,,6.6,
2006-11-01 14:00:00,24.9,,,12.9,
2006-11-01 15:00:00,0.8,,,18.8,
2006-11-01 16:00:00,25.0,,,19.5,
2006-11-01 17:00:00,10.7,,,23.4,
2006-11-01 18:00:00,0.3,,,25.7,
2006-11-01 19:00:00,,,,22.1,
2006-11-01 20:00:00,,,,17.7,
2006-11-01 21:00:00,4.2,,,8.9,
2006-11-01 22:00:00,0.1,,,12.8,
2006-11-01 23:00:00,27.3,,,9.9,
2006-11-02 00:00:00,15.0,,,8.6,
2006-11-02 01:00:00,16.3,,,9.6,
2006-11-02 02:00:00,3.1,,,11.5,
2006-11-02 03:00:00,10.3,,,15.2,
2006-11-02 04:00:00,0.3,,,15.6,
2006-11-02 05:00:00,13.8,,,23.5,
2006-11-02 06:00:00,15.6,,,26.8,
2006-11-02 07:00:00,0.4,,,26.7,
2006-11-02 08:00:00,,,,29.8,
2006-11-02 09:00:00,,,,31.6,
2006-11-02 10:00:00,16.9,,,32.0,
2006-11-02 11:00:00,0.5,,,32.0,
2006-11-02 12:00:00,1.9,,,34.8,
2006-11-02 13:00:00,0.7,,,32.0,
2006-11-02 14:00:00,7.8,,,35.4,
2006-11-02 15:00:00,6.9,,,34.9,
2006-11-02 16:00:00,0.2,,,39.7,
2006-11-02 17:00:00,,,,43.3,
2006-11-02 18:00:00,,,,42.5,
2006-11-02 19:00:00,,,,37.4,
2006-11-02 20:00:00,,,,31.8,
2006-11-02 21:00:00,6.1,,,31.0,
2006-11-02 22:00:00,21.7,,,29.1,
2006-11-02 23:00:00,10.6,,,29.9,
2006-11-03 00:00:00,18.2,,,30.2,
2006-11-03 01:00:00,0.9,,,34.8,
2006-11-03 02:00:00,23.7,,,36.4,
2006-11-03 03:00:00,0.7,,,29.0,
2006-11-03 04:00:00,13.2,,,29.8,
2006-11-03 05:00:00,0.4,,,27.4,
2006-11-03 06:00:00,,,,17.0,
2006-11-03 07:00:00,,,,15.4,
2006-11-03 08:00:00,,,,17.6,
2006-11-03 09:00:00,4.8,,,14.5,
2006-11-03 10:00:00,19.1,,,27.8,
2006-11-03 11:00:00,12.3,,,30.2,
2006-11-03 12:00:00,0.4,,,43.3,
2006-11-03 13:00:00,20.7,,,43.6,
2006-11-03 14:00:00,8.0,,,43.6,
2006-11-03 15:00:00,0.2,,,45.4,
2006-11-03 16:00:00,,,,44.8,
2006-11-03 17:00:00,11.8,,,40.5,
2006-11-03 18:00:00,0.4,,,35.5,
2006-11-03 19:00:00,1.2,,,27.4,
2006-11-03 20:00:00,32.7,,,23.7,
2006-11-03 21:00:00,23.7,,,23.9,
2006-11-03 22:00:00,12.8,,,27.4,
2006-11-03 23:00:00,16.1,,,24.4,
2006-11-04 00:00:00,5.6,,,32.2,
2006-11-04 01:00:00,0.2,,,34.8,
2006-11-04 02:00:00,30.4,,,34.9,
2006-11-04 03:00:00,1.0,,,32.6,
2006-11-04 04:00:00,0.3,,,35.8,
2006-11-04 05:00:00,,,,35.5,
2006-11-04 06:00:00,,,,32.4,
2006-11-04 07:00:00,,,,34.9,
2006-11-04 08:00:00,12.7,,,38.3,
2006-11-04 09:00:00,0.4,,,42.1,
2006-11-04 10:00:00,16.6,,,41.8,
2006-11-04 11:00:00,12.7,,,38.3,
2006-11-04 12:00:00,46.0,,,39.5,
2006-11-04 13:00:00,22.2,,,37.5,
2006-11-04 14:00:00,37.0,,,37.4,
2006-11-04 15:00:00,21.1,,,38.8,
2006-11-04 16:00:00,1.3,,,35.6,
2006-11-04 17:00:00,11.4,,,35.1,
2006-11-04 18:00:00,0.4,,,32.6,
2006-11-04 19:00:00,22.3,,,30.9,
2006-11-04 20:00:00,17.3,,,28.3,
2006-11-04 21:00:00,20.8,,,27.4,
2006-11-04 22:00:00,18.5,,,29.2,
2006-11-04 23:00:00,26.8,,,30.8,
2006-11-05 00:00:00,0.9,,,30.0,
2006-11-05 01:00:00,13.0,,,33.1,
2006-11-05 02:00:00,10.9,,,35.9,
2006-11-05 03:00:00,7.1,,,34.1,
2006-11-05 04:00:00,0.3,,,32.1,
2006-11-05 05:00:00,,,,32.5,
2006-11-05 06:00:00,,,,30.4,
2006-11-05 07:00:00,,,,30.2,
2006-11-05 08:00:00,,,,34.1,
2006-11-05 09:00:00,,,,31.7,
2006-11-05 10:00:00,6.0,,,30.5,
2006-11-05 11:00:00,0.2,,,32.7,
2006-11-05 12:00:00,,,,30.9,
2006-11-05 13:00:00,14.9,,,32.3,
2006-11-05 14:00:00,13.8,,,34.0,
2006-11-05 15:00:00,9.0,,,32.5,
2006-11-05 16:00:00,3.3,,,32.0,
2006-11-05 17:00:00,20.9,,,27.6,
2006-11-05 18:00:00,22.2,,,24.8,
2006-11-05 19:00:00,0.6,,,19.0,
2006-11-05 20:00:00,17.7,,,13.7,
2006-11-05 21:00:00,29.9,,,14.1,
2006-11-05 22:00:00,4.5,,,12.9,
2006-11-05 23:00:00,23.1,,,11.6,
2006-11-06 00:00:00,0.7,,,13.1,
2006-11-06 01:00:00,0.8,,,13.4,
2006-11-06 02:00:00,0.7,,,11.1,
2006-11-06 03:00:00,,,,10.7,
2006-11-06 04:00:00,0.9,,,7.4,
2006-11-06 05:00:00,17.2,,,9.1,
2006-11-06 06:00:00,0.5,,,3.6,
2006-11-06 07:00:00,,,,0.5,
2006-11-06 08:00:00,7.5,,,3.5,
2006-11-06 09:00:00,18.4,,,2.5,
2006-11-06 10:00:00,0.5,,,1.1,
2006-11-06 11:00:00,14.4,,,1.4,
2006-11-06 12:00:00,30.5,,,4.2,
2006-11-06 13:00:00,23.2,,,3.0,
2006-11-06 14:00:00,21.6,,,5.2,
2006-11-06 15:00:00,14.9,,,5.1,
2006-11-06 16:00:00,19.0,,,5.2,
2006-11-06 17:00:00,0.6,,,17.1,
2006-11-06 18:00:00,,,,16.7,
2006-11-06 19:00:00,,,,11.9,
2006-11-06 20:00:00,,,,9.2,
2006-11-06 21:00:00,,,,8.9,
2006-11-06 22:00:00,,,,2.0,
2006-11-06 23:00:00,,,,0.5,
2006-11-07 00:00:00,12.7,,,0.5,
2006-11-07 01:00:00,24.2,,,0.5,
2006-11-07 02:00:00,28.6,,,0.5,
2006-11-07 03:00:00,31.8,,,21.4,
2006-11-07 04:00:00,9.2,,,43.5,
2006-11-07 05:00:00,10.8,,,37.3,
2006-11-07 06:00:00,0.3,,,26.6,
2006-11-07 07:00:00,,,,10.8,
2006-11-07 08:00:00,,,,11.8,
2006-11-07 09:00:00,2.1,,,22.3,
2006-11-07 10:00:00,18.5,,,24.5,
2006-11-07 11:00:00,13.5,,,24.2,
2006-11-07 12:00:00,0.4,,,24.5,
2006-11-07 13:00:00,9.5,,,26.4,
2006-11-07 14:00:00,0.3,,,25.6,
2006-11-07 15:00:00,,,,29.3,
2006-11-07 16:00:00,3.5,,,31.1,
2006-11-07 17:00:00,18.8,,,33.9,
2006-11-07 18:00:00,0.6,,,29.9,
2006-11-07 19:00:00,,,,24.2,
2006-11-07 20:00:00,7.0,,,30.0,
2006-11-07 21:00:00,19.2,,,26.1,
2006-11-07 22:00:00,11.4,,,24.5,
2006-11-07 23:00:00,18.0,,,21.0,
2006-11-08 00:00:00,22.8,,,27.6,
2006-11-08 01:00:00,0.8,,,31.2,
2006-11-08 02:00:00,23.0,,,26.1,
2006-11-08 03:00:00,0.8,,,24.6,
2006-11-08 04:00:00,8.8,,,22.4,
2006-11-08 05:00:00,0.3,,,23.8,
2006-11-08 06:00:00,,,,18.3,
2006-11-08 07:00:00,1.8,,,9.7,
2006-11-08 08:00:00,18.1,,,13.2,
2006-11-08 09:00:00,16.3,,,16.4,
2006-11-08 10:00:00,18.1,,,18.5,
2006-11-08 11:00:00,0.6,,,16.8,
2006-11-08 12:00:00,14.5,,,19.4,
2006-11-08 13:00:00,18.7,,,18.5,
2006-11-08 14:00:00,0.7,,,20.8,
2006-11-08 15:00:00,20.4,,,30.3,
2006-11-08 16:00:00,7.1,,,34.3,
2006-11-08 17:00:00,3.2,,,34.5,
2006-11-08 18:00:00,2.9,,,30.2,
2006-11-08 19:00:00,0.1,,,27.5,
2006-11-08 20:00:00,20.6,,,25.2,
2006-11-08 21:00:00,0.7,,,25.3,
2006-11-08 22:00:00,31.2,,,21.7,
2006-11-08 23:00:00,1.6,,,23.3,
2006-11-09 00:00:00,32.6,,,22.3,
2006-11-09 01:00:00,1.2,,,23.3,
2006-11-09 02:00:00,11.7,,,14.1,
2006-11-09 03:00:00,6.7,,,4.6,
2006-11-09 04:00:00,18.6,,,16.0,
2006-11-09 05:00:00,8.8,,,18.4,
2006-11-09 06:00:00,0.3,,,7.8,
2006-11-09 07:00:00,8.4,,,3.1,
2006-11-09 08:00:00,19.0,,,4.9,
2006-11-09 09:00:00,5.4,,,11.1,
2006-11-09 10:00:00,33.6,,,16.0,
2006-11-09 11:00:00,0.9,,,19.5,
2006-11-09 12:00:00,16.5,,,22.6,
2006-11-09 13:00:00,5.3,,,32.7,
2006-11-09 14:00:00,11.6,,,34.8,
2006-11-09 15:00:00,0.3,,,39.0,
2006-11-09 16:00:00,27.1,,,38.0,
2006-11-09 17:00:00,34.3,,,38.7,
2006-11-09 18:00:00,1.0,,,35.8,
2006-11-09 19:00:00,20.9,,,32.5,
2006-11-09 20:00:00,0.6,,,21.7,
2006-11-09 21:00:00,35.4,,,12.1,
2006-11-09 22:00:00,28.9,,,9.8,
2006-11-09 23:00:00,5.3,,,3.5,
2006-11-10 00:00:00,40.1,,,7.9,
2006-11-10 01:00:00,4.7,,,7.3,
2006-11-10 02:00:00,24.2,,,4.9,
2006-11-10 03:00:00,12.8,,,8.9,
2006-11-10 04:00:00,18.9,,,2.9,
2006-11-10 05:00:00,20.4,,,7.9,
2006-11-10 06:00:00,0.6,,,2.5,
2006-11-10 07:00:00,5.4,,,1.3,
2006-11-10 08:00:00,18.1,,,2.4,
2006-11-10 09:00:00,39.3,,,6.4,
2006-11-10 10:00:00,19.4,,,11.3,
2006-11-10 11:00:00,28.9,,,16.2,
2006-11-10 12:00:00,31.5,,,23.4,
2006-11-10 13:00:00,17.0,,,27.4,
2006-11-10 14:00:00,0.5,,,23.3,
2006-11-10 15:00:00,14.4,,,30.4,
2006-11-10 16:00:00,,,,,
2006-11-10 17:00:00,,,,27.6,
2006-11-10 18:00:00,,,,41.6,
2006-11-10 19:00:00,,,,43.9,
2006-11-10 20:00:00,16.2,,,48.2,
2006-11-10 21:00:00,34.1,,,34.9,
2006-11-10 22:00:00,31.6,,,42.0,
2006-11-10 23:00:00,38.0,,,39.2,
2006-11-11 00:00:00,47.1,,,33.1,
2006-11-11 01:00:00,50.8,,,29.4,
2006-11-11 02:00:00,34.6,,,34.0,
2006-11-11 03:00:00,7.7,,,30.9,
2006-11-11 04:00:00,38.2,,,27.0,
2006-11-11 05:00:00,2.6,,,18.6,
2006-11-11 06:00:00,13.8,,,8.7,
2006-11-11 07:00:00,2.7,,,14.0,
2006-11-11 08:00:00,39.5,,,24.7,
2006-11-11 09:00:00,15.8,,,27.0,
2006-11-11 10:00:00,35.4,,,25.8,
2006-11-11 11:00:00,2.4,,,28.5,
2006-11-11 12:00:00,8.7,,,32.4,
2006-11-11 13:00:00,17.2,,,32.5,
2006-11-11 14:00:00,41.8,,,38.7,
2006-11-11 15:00:00,2.8,,,40.2,
2006-11-11 16:00:00,0.4,,,40.1,
2006-11-11 17:00:00,24.7,,,40.7,
2006-11-11 18:00:00,15.3,,,36.9,
2006-11-11 19:00:00,0.9,,,32.0,
2006-11-11 20:00:00,17.6,,,28.1,
2006-11-11 21:00:00,12.3,,,28.6,
2006-11-11 22:00:00,30.5,,,27.3,
2006-11-11 23:00:00,18.9,,,26.9,
2006-11-12 00:00:00,27.6,,,26.7,
2006-11-12 01:00:00,13.8,,,31.1,
2006-11-12 02:00:00,25.1,,,32.9,
2006-11-12 03:00:00,1.6,,,31.7,
2006-11-12 04:00:00,,,,30.5,
2006-11-12 05:00:00,,,,29.3,
2006-11-12 06:00:00,,,,28.7,
2006-11-12 07:00:00,2.2,,,23.7,
2006-11-12 08:00:00,0.1,,,24.5,
2006-11-12 09:00:00,11.4,,,30.1,
2006-11-12 10:00:00,1.1,,,28.5,
2006-11-12 11:00:00,2.1,,,28.1,
2006-11-12 12:00:00,0.1,,,31.3,
2006-11-12 13:00:00,6.6,,,37.5,
2006-11-12 14:00:00,23.6,,,35.3,
2006-11-12 15:00:00,1.5,,,39.8,
2006-11-12 16:00:00,11.8,,,38.2,
2006-11-12 17:00:00,16.5,,,36.9,
2006-11-12 18:00:00,25.3,,,31.1,
2006-11-12 19:00:00,1.6,,,31.4,
2006-11-12 20:00:00,21.2,,,27.6,
2006-11-12 21:00:00,34.2,,,26.4,
2006-11-12 22:00:00,2.2,,,26.6,
2006-11-12 23:00:00,2.3,,,22.7,
2006-11-13 00:00:00,16.2,,,22.2,
2006-11-13 01:00:00,13.5,,,25.3,
2006-11-13 02:00:00,3.6,,,26.5,
2006-11-13 03:00:00,4.8,,,26.4,
2006-11-13 04:00:00,0.8,,,26.2,
2006-11-13 05:00:00,4.5,,,25.2,
2006-11-13 06:00:00,30.7,,,17.5,
2006-11-13 07:00:00,3.0,,,6.1,
2006-11-13 08:00:00,0.1,,,12.6,
2006-11-13 09:00:00,23.0,,,19.4,
2006-11-13 10:00:00,1.6,,,21.6,
2006-11-13 11:00:00,7.7,,,26.3,
2006-11-13 12:00:00,0.5,,,31.6,
2006-11-13 13:00:00,42.1,,,31.5,
2006-11-13 14:00:00,18.9,,,31.6,
2006-11-13 15:00:00,1.1,,,38.6,
2006-11-13 16:00:00,29.6,,,33.9,
2006-11-13 17:00:00,6.4,,,29.6,
2006-11-13 18:00:00,36.3,,,25.6,
2006-11-13 19:00:00,17.7,,,22.6,
2006-11-13 20:00:00,36.8,,,20.7,
2006-11-13 21:00:00,20.3,,,16.3,
2006-11-13 22:00:00,9.9,,,14.0,
2006-11-13 23:00:00,28.8,,,15.1,
2006-11-14 00:00:00,5.3,,,18.0,
2006-11-14 01:00:00,17.6,,,19.6,
2006-11-14 02:00:00,1.2,,,20.7,
2006-11-14 03:00:00,9.1,,,20.6,
2006-11-14 04:00:00,7.7,,,21.4,
2006-11-14 05:00:00,19.6,,,21.4,
2006-11-14 06:00:00,1.3,,,13.7,
2006-11-14 07:00:00,,,,3.2,
2006-11-14 08:00:00,,,,4.2,
2006-11-14 09:00:00,,,,12.1,
2006-11-14 10:00:00,21.2,,,14.3,
2006-11-14 11:00:00,14.6,,,19.9,
2006-11-14 12:00:00,27.2,,,43.3,
2006-11-14 13:00:00,31.4,,,29.0,
2006-11-14 14:00:00,1.9,,,20.1,
2006-11-14 15:00:00,,,,28.3,
2006-11-14 16:00:00,9.8,,,24.7,
2006-11-14 18:00:00,,,,29.8,
2006-11-14 19:00:00,,,,25.5,
2006-11-14 20:00:00,57.1,,,14.9,
2006-11-14 21:00:00,49.0,,,9.3,
2006-11-14 22:00:00,54.7,,,5.6,
2006-11-14 23:00:00,25.3,,,7.5,
2006-11-15 00:00:00,2.8,,,8.0,
2006-11-15 01:00:00,39.8,,,10.1,
2006-11-15 02:00:00,15.2,,,10.0,
2006-11-15 03:00:00,24.4,,,8.1,
2006-11-15 04:00:00,19.9,,,1.7,
2006-11-15 05:00:00,0.6,,,0.5,
2006-11-15 06:00:00,16.2,,,0.5,
2006-11-15 07:00:00,24.1,,,1.0,
2006-11-15 08:00:00,0.6,,,7.3,
2006-11-15 09:00:00,11.7,,,13.6,
2006-11-15 10:00:00,0.8,,,21.4,
2006-11-15 11:00:00,23.5,,,30.0,
2006-11-15 12:00:00,15.5,,,27.1,
2006-11-15 13:00:00,0.4,,,40.3,
2006-11-15 14:00:00,0.2,,,46.4,
2006-11-15 15:00:00,32.5,,,72.5,
2006-11-15 16:00:00,0.9,,,72.6,
2006-11-15 17:00:00,5.4,,,,
2006-11-15 18:00:00,12.6,,,43.0,
2006-11-15 19:00:00,37.6,,,35.7,
2006-11-15 20:00:00,15.5,,,26.4,
2006-11-15 21:00:00,26.9,,,17.1,
2006-11-15 22:00:00,12.4,,,17.0,
2006-11-15 23:00:00,8.4,,,18.5,
2006-11-16 00:00:00,51.8,,,21.7,
2006-11-16 01:00:00,1.3,,,24.1,
2006-11-16 02:00:00,,,,24.0,
2006-11-16 03:00:00,15.3,,,20.0,
2006-11-16 04:00:00,9.8,,,11.3,
2006-11-16 05:00:00,2.2,,,4.1,
2006-11-16 06:00:00,22.8,,,0.5,
2006-11-16 07:00:00,36.4,,,0.5,
2006-11-16 08:00:00,0.9,,,2.4,
2006-11-16 09:00:00,33.3,,,8.4,
2006-11-16 10:00:00,8.2,,,20.5,
2006-11-16 11:00:00,62.6,,,31.9,
2006-11-16 12:00:00,25.3,,,52.2,
2006-11-16 13:00:00,28.8,,,42.0,
2006-11-16 14:00:00,30.3,,,35.0,
2006-11-16 15:00:00,50.6,,,33.3,
2006-11-16 16:00:00,3.9,,,36.3,
2006-11-16 17:00:00,0.1,,,19.3,
2006-11-16 18:00:00,,,,33.5,
2006-11-16 19:00:00,27.0,,,44.4,
2006-11-16 20:00:00,108.2,,,51.4,
2006-11-16 21:00:00,59.2,,,60.2,
2006-11-16 22:00:00,23.8,,,62.5,
2006-11-16 23:00:00,9.7,,,54.1,
2006-11-17 00:00:00,20.0,,,46.5,
2006-11-17 01:00:00,23.2,,,47.1,
2006-11-17 02:00:00,14.0,,,45.4,
2006-11-17 03:00:00,0.5,,,33.9,
2006-11-17 04:00:00,16.8,,,26.1,
2006-11-17 05:00:00,9.4,,,24.5,
2006-11-17 06:00:00,5.0,,,20.8,
2006-11-17 07:00:00,15.7,,,14.6,
2006-11-17 08:00:00,15.4,,,11.0,
2006-11-17 09:00:00,30.3,,,20.6,
2006-11-17 10:00:00,3.6,,,27.7,
2006-11-17 11:00:00,23.4,,,25.2,
2006-11-17 12:00:00,10.5,,,34.9,
2006-11-17 13:00:00,6.1,,,28.5,
2006-11-17 14:00:00,0.2,,,15.8,
2006-11-17 15:00:00,25.6,,,18.5,
2006-11-17 16:00:00,0.7,,,19.1,
2006-11-17 17:00:00,,,,15.9,
2006-11-17 18:00:00,,,,16.2,
2006-11-17 19:00:00,,,,12.3,
2006-11-17 20:00:00,,,,2.8,
2006-11-17 21:00:00,,,,2.2,
2006-11-17 22:00:00,12.1,,,17.3,
2006-11-17 23:00:00,0.3,,,36.6,
2006-11-18 00:00:00,,,,40.2,
2006-11-18 01:00:00,7.4,,,43.5,
2006-11-18 02:00:00,13.7,,,43.7,
2006-11-18 03:00:00,0.4,,,44.2,
2006-11-18 04:00:00,1.2,,,33.6,
2006-11-18 05:00:00,,,,35.2,
2006-11-18 06:00:00,11.0,,,32.3,
2006-11-18 07:00:00,0.3,,,37.1,
2006-11-18 08:00:00,,,,39.9,
2006-11-18 09:00:00,,,,33.5,
2006-11-18 10:00:00,,,,31.3,
2006-11-18 11:00:00,,,,32.1,
2006-11-18 12:00:00,21.6,,,31.5,
2006-11-18 13:00:00,3.9,,,34.0,
2006-11-18 14:00:00,1.4,,,34.2,
2006-11-18 15:00:00,24.6,,,30.3,
2006-11-18 16:00:00,0.7,,,32.6,
2006-11-18 17:00:00,,,,29.0,
2006-11-18 18:00:00,,,,29.9,
2006-11-18 19:00:00,16.6,,,29.0,
2006-11-18 20:00:00,0.5,,,26.2,
2006-11-18 21:00:00,,,,31.4,
2006-11-18 22:00:00,,,,35.0,
2006-11-18 23:00:00,,,,37.8,
2006-11-19 00:00:00,,,,35.5,
2006-11-19 01:00:00,11.8,,,35.6,
2006-11-19 02:00:00,0.4,,,32.0,
2006-11-19 03:00:00,,,,36.7,
2006-11-19 04:00:00,,,,37.5,
2006-11-19 05:00:00,,,,37.0,
2006-11-19 06:00:00,,,,36.2,
2006-11-19 07:00:00,9.4,,,34.7,
2006-11-19 08:00:00,0.3,,,33.8,
2006-11-19 09:00:00,,,,30.9,
2006-11-19 10:00:00,,,,32.5,
2006-11-19 11:00:00,,,,31.8,
2006-11-19 12:00:00,4.3,,,31.3,
2006-11-19 13:00:00,0.1,,,42.2,
2006-11-19 14:00:00,,,,38.3,
2006-11-19 15:00:00,,,,31.6,
2006-11-19 16:00:00,5.1,,,27.4,
2006-11-19 17:00:00,0.8,,,30.3,
2006-11-19 18:00:00,1.6,,,21.0,
2006-11-19 19:00:00,3.1,,,16.9,
2006-11-19 20:00:00,0.1,,,27.3,
2006-11-19 21:00:00,,,,23.6,
2006-11-19 22:00:00,3.9,,,19.1,
2006-11-19 23:00:00,0.1,,,23.6,
2006-11-20 00:00:00,6.9,,,29.3,
2006-11-20 01:00:00,0.2,,,30.6,
2006-11-20 02:00:00,,,,30.2,
2006-11-20 03:00:00,,,,31.3,
2006-11-20 04:00:00,0.4,,,29.0,
2006-11-20 05:00:00,,,,26.6,
2006-11-20 06:00:00,16.6,,,18.5,
2006-11-20 07:00:00,0.5,,,12.1,
2006-11-20 08:00:00,25.2,,,11.5,
2006-11-20 09:00:00,0.8,,,20.6,
2006-11-20 10:00:00,,,,24.4,
2006-11-20 11:00:00,9.5,,,20.8,
2006-11-20 12:00:00,0.2,,,18.7,
2006-11-20 13:00:00,,,,21.8,
2006-11-20 14:00:00,,,,26.4,
2006-11-20 15:00:00,,,,28.7,
2006-11-20 16:00:00,,,,31.7,
2006-11-20 17:00:00,,,,27.5,
2006-11-20 18:00:00,,,,25.3,
2006-11-20 19:00:00,28.2,,,20.5,
2006-11-20 20:00:00,0.8,,,19.9,
2006-11-20 21:00:00,,,,19.5,
2006-11-20 22:00:00,9.9,,,17.1,
2006-11-20 23:00:00,9.5,,,15.3,
2006-11-21 00:00:00,0.2,,,20.1,
2006-11-21 01:00:00,8.8,,,24.2,
2006-11-21 02:00:00,0.3,,,24.5,
2006-11-21 03:00:00,29.4,,,20.9,
2006-11-21 04:00:00,65.1,,,18.4,
2006-11-21 05:00:00,38.8,,,15.5,
2006-11-21 06:00:00,34.8,,,11.8,
2006-11-21 07:00:00,1.0,,,3.4,
2006-11-21 08:00:00,,,,6.0,
2006-11-21 09:00:00,,,,13.0,
2006-11-21 10:00:00,0.7,,,16.7,
2006-11-21 11:00:00,,,,24.7,
2006-11-21 12:00:00,,,,44.6,
2006-11-21 13:00:00,,,,37.7,
2006-11-21 14:00:00,2.8,,,46.3,
2006-11-21 15:00:00,11.1,,,37.9,
2006-11-21 16:00:00,11.3,,,34.6,
2006-11-21 17:00:00,13.8,,,33.5,
2006-11-21 18:00:00,39.8,,,29.4,
2006-11-21 19:00:00,23.8,,,23.4,
2006-11-21 20:00:00,0.6,,,21.7,
2006-11-21 21:00:00,38.1,,,19.2,
2006-11-21 22:00:00,19.8,,,6.8,
2006-11-21 23:00:00,39.3,,,3.3,
2006-11-22 00:00:00,44.5,,,7.5,
2006-11-22 01:00:00,20.7,,,4.2,
2006-11-22 02:00:00,23.3,,,3.2,
2006-11-22 03:00:00,42.7,,,3.4,
2006-11-22 04:00:00,51.7,,,4.0,
2006-11-22 05:00:00,46.5,,,1.4,
2006-11-22 06:00:00,103.0,,,0.5,
2006-11-22 07:00:00,2.9,,,0.5,
2006-11-22 08:00:00,19.1,,,1.0,
2006-11-22 09:00:00,34.2,,,3.1,
2006-11-22 10:00:00,21.2,,,13.3,
2006-11-22 11:00:00,8.5,,,25.8,
2006-11-22 12:00:00,55.4,,,35.8,
2006-11-22 13:00:00,1.6,,,33.9,
2006-11-22 14:00:00,,,,27.5,
2006-11-22 15:00:00,,,,45.9,
2006-11-22 16:00:00,,,,45.3,
2006-11-22 17:00:00,,,,52.5,
2006-11-22 18:00:00,,,,45.1,
2006-11-22 19:00:00,,,,36.8,
2006-11-22 20:00:00,9.6,,,36.1,
2006-11-22 21:00:00,52.6,,,41.8,
2006-11-22 22:00:00,7.2,,,38.6,
2006-11-22 23:00:00,38.7,,,31.8,
2006-11-23 00:00:00,8.2,,,27.8,
2006-11-23 01:00:00,0.2,,,24.0,
2006-11-23 02:00:00,4.7,,,23.1,
2006-11-23 03:00:00,2.3,,,14.5,
2006-11-23 04:00:00,27.3,,,16.6,
2006-11-23 05:00:00,32.9,,,10.0,
2006-11-23 06:00:00,1.0,,,3.0,
2006-11-23 07:00:00,34.3,,,2.3,
2006-11-23 08:00:00,21.8,,,15.0,
2006-11-23 09:00:00,16.8,,,16.5,
2006-11-23 10:00:00,2.0,,,15.3,
2006-11-23 11:00:00,31.5,,,22.3,
2006-11-23 12:00:00,1.0,,,30.2,
2006-11-23 13:00:00,9.0,,,37.6,
2006-11-23 14:00:00,13.0,,,37.2,
2006-11-23 15:00:00,24.1,,,44.3,
2006-11-23 16:00:00,0.6,,,36.1,
2006-11-23 17:00:00,8.2,,,40.9,
2006-11-23 18:00:00,17.0,,,32.9,
2006-11-23 19:00:00,37.5,,,23.6,
2006-11-23 20:00:00,1.5,,,22.1,
2006-11-23 21:00:00,45.3,,,19.8,
2006-11-23 22:00:00,19.9,,,14.9,
2006-11-23 23:00:00,51.9,,,19.6,
2006-11-24 00:00:00,42.7,,,18.9,
2006-11-24 01:00:00,14.6,,,12.6,
2006-11-24 02:00:00,76.7,,,11.0,
2006-11-24 03:00:00,2.1,,,11.6,
2006-11-24 04:00:00,31.2,,,13.4,
2006-11-24 05:00:00,0.8,,,9.5,
2006-11-24 06:00:00,33.9,,,4.2,
2006-11-24 07:00:00,23.8,,,1.8,
2006-11-24 08:00:00,37.4,,,1.3,
2006-11-24 09:00:00,13.6,,,6.0,
2006-11-24 18:00:00,46.0,,,13.3,
2006-11-24 19:00:00,280.5,,,5.6,
2006-11-24 20:00:00,62.0,,,0.5,
2006-11-24 21:00:00,86.9,,,1.8,
2006-11-24 22:00:00,128.5,,,9.9,
2006-11-24 23:00:00,3.2,,,5.2,
2006-11-25 00:00:00,12.7,,,8.5,
2006-11-25 01:00:00,0.3,,,6.9,
2006-11-25 02:00:00,7.9,,,6.2,
2006-11-25 03:00:00,0.2,,,5.9,
2006-11-25 04:00:00,60.0,,,3.8,
2006-11-25 05:00:00,56.3,,,4.7,
2006-11-25 06:00:00,39.8,,,4.3,
2006-11-25 07:00:00,90.9,,,2.8,
2006-11-25 08:00:00,39.2,,,4.6,
2006-11-25 09:00:00,6.6,,,3.2,
2006-11-25 10:00:00,61.2,,,2.3,
2006-11-25 11:00:00,1.6,,,4.2,
2006-11-25 12:00:00,,,,5.0,
2006-11-25 13:00:00,,,,8.7,
2006-11-25 14:00:00,,,,11.9,
2006-11-25 15:00:00,,,,16.2,
2006-11-25 16:00:00,,,,12.6,
2006-11-25 17:00:00,58.1,,,15.1,
2006-11-25 18:00:00,79.4,,,20.2,
2006-11-25 19:00:00,2.2,,,22.9,
2006-11-25 20:00:00,,,,17.5,
2006-11-25 21:00:00,57.3,,,1.3,
2006-11-25 22:00:00,88.4,,,0.5,
2006-11-25 23:00:00,56.6,,,1.9,
2006-11-26 00:00:00,31.4,,,2.1,
2006-11-26 01:00:00,106.0,,,16.3,
2006-11-26 02:00:00,11.3,,,15.7,
2006-11-26 03:00:00,7.2,,,25.4,
2006-11-26 04:00:00,0.2,,,19.2,
2006-11-26 05:00:00,82.8,,,29.9,
2006-11-26 06:00:00,2.2,,,34.6,
2006-11-26 07:00:00,,,,36.5,
2006-11-26 08:00:00,1.0,,,40.9,
2006-11-26 09:00:00,,,,45.8,
2006-11-26 10:00:00,,,,42.9,
2006-11-26 11:00:00,,,,46.7,
2006-11-26 12:00:00,,,,43.8,
2006-11-26 13:00:00,,,,45.5,
2006-11-26 14:00:00,,,,40.5,
2006-11-26 15:00:00,,,,37.7,
2006-11-26 16:00:00,,,,33.5,
2006-11-26 17:00:00,,,,29.3,
2006-11-26 18:00:00,,,,26.8,
2006-11-26 19:00:00,,,,24.0,
2006-11-26 20:00:00,,,,19.7,
2006-11-26 21:00:00,12.5,,,15.1,
2006-11-26 22:00:00,54.2,,,15.6,
2006-11-26 23:00:00,0.5,,,16.6,
2006-11-27 00:00:00,41.2,,,18.1,
2006-11-27 01:00:00,0.4,,,20.1,
2006-11-27 02:00:00,27.5,,,20.8,
2006-11-27 03:00:00,33.4,,,22.7,
2006-11-27 04:00:00,22.6,,,23.3,
2006-11-27 05:00:00,37.3,,,25.2,
2006-11-27 06:00:00,1.0,,,19.4,
2006-11-27 07:00:00,59.1,,,11.6,
2006-11-27 08:00:00,24.0,,,19.2,
2006-11-27 09:00:00,18.0,,,23.5,
2006-11-27 11:00:00,18.2,,,24.3,
2006-11-27 12:00:00,0.2,,,24.5,
2006-11-27 13:00:00,10.2,,,24.5,
2006-11-27 14:00:00,5.0,,,23.4,
2006-11-27 15:00:00,20.8,,,22.5,
2006-11-27 16:00:00,0.1,,,23.3,
2006-11-27 17:00:00,15.2,,,20.0,
2006-11-27 18:00:00,15.2,,,18.0,
2006-11-27 19:00:00,20.2,,,17.9,
2006-11-27 20:00:00,18.9,,,18.5,
2006-11-27 21:00:00,29.4,,,17.9,
2006-11-27 22:00:00,45.4,,,18.8,
2006-11-27 23:00:00,22.6,,,20.5,
2006-11-28 00:00:00,20.8,,,22.7,
2006-11-28 01:00:00,20.3,,,24.1,
2006-11-28 02:00:00,21.0,,,26.0,
2006-11-28 03:00:00,9.5,,,25.0,
2006-11-28 04:00:00,18.0,,,25.1,
2006-11-28 05:00:00,0.1,,,24.4,
2006-11-28 06:00:00,,,,17.3,
2006-11-28 07:00:00,13.5,,,7.8,
2006-11-28 08:00:00,36.5,,,6.1,
2006-11-28 09:00:00,0.2,,,9.8,
2006-11-28 10:00:00,,,,12.3,
2006-11-28 11:00:00,,,,15.1,
2006-11-28 12:00:00,,,,19.0,
2006-11-28 13:00:00,,,,25.8,
2006-11-28 14:00:00,,,,22.5,
2006-11-28 15:00:00,18.3,,,31.9,
2006-11-28 16:00:00,0.2,,,27.1,
2006-11-28 17:00:00,26.1,,,24.3,
2006-11-28 18:00:00,0.2,,,22.8,
2006-11-28 19:00:00,10.3,,,19.3,
2006-11-28 20:00:00,59.0,,,22.0,
2006-11-28 21:00:00,14.3,,,20.5,
2006-11-28 22:00:00,27.4,,,26.5,
2006-11-28 23:00:00,0.2,,,25.9,
2006-11-29 00:00:00,17.6,,,28.6,
2006-11-29 01:00:00,0.1,,,27.4,
2006-11-29 02:00:00,8.6,,,28.8,
2006-11-29 03:00:00,0.1,,,27.2,
2006-11-29 04:00:00,3.1,,,28.5,
2006-11-29 05:00:00,,,,26.9,
2006-11-29 06:00:00,14.4,,,22.9,
2006-11-29 07:00:00,0.1,,,16.3,
2006-11-29 08:00:00,13.1,,,13.6,
2006-11-29 09:00:00,24.3,,,15.3,
2006-11-29 10:00:00,4.1,,,18.3,
2006-11-29 11:00:00,,,,22.3,
2006-11-29 12:00:00,10.8,,,22.7,
2006-11-29 13:00:00,0.1,,,23.9,
2006-11-29 14:00:00,6.3,,,24.8,
2006-11-29 15:00:00,,,,26.0,
2006-11-29 16:00:00,,,,24.3,
2006-11-29 17:00:00,,,,22.5,
2006-11-29 18:00:00,3.0,,,20.9,
2006-11-29 19:00:00,,,,16.1,
2006-11-29 20:00:00,1.0,,,13.4,
2006-11-29 21:00:00,7.0,,,13.9,
2006-11-29 22:00:00,30.0,,,14.1,
2006-11-29 23:00:00,7.0,,,22.9,
2006-11-30 00:00:00,12.9,,,25.0,
2006-11-30 01:00:00,0.1,,,23.3,
2006-11-30 02:00:00,,,,24.4,
2006-11-30 03:00:00,15.8,,,18.7,
2006-11-30 04:00:00,34.1,,,22.7,
2006-11-30 05:00:00,0.3,,,23.9,
2006-11-30 06:00:00,15.2,,,18.9,
2006-11-30 07:00:00,14.5,,,9.3,
2006-11-30 08:00:00,0.1,,,17.5,
2006-11-30 09:00:00,32.4,,,22.8,
2006-11-30 10:00:00,5.6,,,25.1,
2006-11-30 11:00:00,0.1,,,23.2,
2006-11-30 12:00:00,,,,23.2,
2006-11-30 13:00:00,,,,27.9,
2006-11-30 14:00:00,,,,26.5,
2006-11-30 15:00:00,,,,20.1,
2006-11-30 16:00:00,17.4,,,22.1,
2006-11-30 17:00:00,14.2,,,23.4,
2006-11-30 18:00:00,0.1,,,23.0,
2006-11-30 19:00:00,,,,21.2,
2006-11-30 20:00:00,30.3,,,19.8,
2006-11-30 21:00:00,15.5,,,20.0,
2006-11-30 22:00:00,31.2,,,19.4,
2006-11-30 23:00:00,47.1,,,20.2,
2006-12-01 00:00:00,9.1,,,20.2,
2006-12-01 01:00:00,0.1,,,19.3,
2006-12-01 02:00:00,9.4,,,18.7,
2006-12-01 03:00:00,4.8,,,19.5,
2006-12-01 04:00:00,9.4,,,15.3,
2006-12-01 05:00:00,2.8,,,10.5,
2006-12-01 06:00:00,14.6,,,1.5,
2006-12-01 07:00:00,4.5,,,2.5,
2006-12-01 08:00:00,,,,5.0,
2006-12-01 09:00:00,5.8,,,13.2,
2006-12-01 10:00:00,,,,17.0,
2006-12-01 11:00:00,12.7,,,24.1,
2006-12-01 12:00:00,0.1,,,27.6,
2006-12-01 13:00:00,,,,29.8,
2006-12-01 14:00:00,4.6,,,27.7,
2006-12-01 15:00:00,,,,37.4,
2006-12-01 16:00:00,11.7,,,37.1,
2006-12-01 17:00:00,41.2,,,26.5,
2006-12-01 18:00:00,24.1,,,24.6,
2006-12-01 19:00:00,28.4,,,15.7,
2006-12-01 20:00:00,32.6,,,9.7,
2006-12-01 21:00:00,80.8,,,7.5,
2006-12-01 22:00:00,26.1,,,5.7,
2006-12-01 23:00:00,66.1,,,5.5,
2006-12-02 00:00:00,17.6,,,8.5,
2006-12-02 01:00:00,0.1,,,9.3,
2006-12-02 02:00:00,,,,7.9,
2006-12-02 03:00:00,35.9,,,7.7,
2006-12-02 04:00:00,12.5,,,8.5,
2006-12-02 05:00:00,9.9,,,7.6,
2006-12-02 06:00:00,9.2,,,4.8,
2006-12-02 07:00:00,0.1,,,4.4,
2006-12-02 08:00:00,2.1,,,8.9,
2006-12-02 09:00:00,,,,16.4,
2006-12-02 10:00:00,,,,24.3,
2006-12-02 11:00:00,,,,23.5,
2006-12-02 12:00:00,6.4,,,28.4,
2006-12-02 13:00:00,,,,36.6,
2006-12-02 14:00:00,,,,44.7,
2006-12-02 15:00:00,,,,41.3,
2006-12-02 16:00:00,14.9,,,63.5,
2006-12-02 17:00:00,3.6,,,63.8,
2006-12-02 18:00:00,11.1,,,67.3,
2006-12-02 19:00:00,22.2,,,50.7,
2006-12-02 20:00:00,60.0,,,18.4,
2006-12-02 21:00:00,50.8,,,15.3,
2006-12-02 22:00:00,16.1,,,6.5,
2006-12-02 23:00:00,51.1,,,15.4,
2006-12-03 00:00:00,50.8,,,16.2,
2006-12-03 01:00:00,0.5,,,4.9,
2006-12-03 02:00:00,39.2,,,3.1,
2006-12-03 03:00:00,64.5,,,2.3,
2006-12-03 04:00:00,39.5,,,1.0,
2006-12-03 05:00:00,19.0,,,1.7,
2006-12-03 06:00:00,65.8,,,0.5,
2006-12-03 07:00:00,92.4,,,2.3,
2006-12-03 08:00:00,0.5,,,11.2,
2006-12-03 09:00:00,,,,18.2,
2006-12-03 10:00:00,,,,20.4,
2006-12-03 11:00:00,,,,31.3,
2006-12-03 12:00:00,,,,35.2,
2006-12-03 13:00:00,4.7,,,48.6,
2006-12-03 14:00:00,1.2,,,56.5,
2006-12-03 15:00:00,2.4,,,47.4,
2006-12-03 16:00:00,,,,48.3,
2006-12-03 17:00:00,3.4,,,42.1,
2006-12-03 18:00:00,25.6,,,39.5,
2006-12-03 19:00:00,0.1,,,28.8,
2006-12-03 20:00:00,5.6,,,34.0,
2006-12-03 21:00:00,78.2,,,53.0,
2006-12-03 22:00:00,67.6,,,46.3,
2006-12-03 23:00:00,87.2,,,41.1,
2006-12-04 00:00:00,8.8,,,35.1,
2006-12-04 01:00:00,43.0,,,41.3,
2006-12-04 02:00:00,17.7,,,38.7,
2006-12-04 03:00:00,61.6,,,39.1,
2006-12-04 04:00:00,5.6,,,39.7,
2006-12-04 05:00:00,1.3,,,28.7,
2006-12-04 06:00:00,36.9,,,14.8,
2006-12-04 07:00:00,114.6,,,18.9,
2006-12-04 08:00:00,0.6,,,32.9,
2006-12-04 09:00:00,,,,35.3,
2006-12-04 10:00:00,,,,43.0,
2006-12-04 11:00:00,,,,43.2,
2006-12-04 12:00:00,2.2,,,41.4,
2006-12-04 13:00:00,,,,43.6,
2006-12-04 14:00:00,,,,42.0,
2006-12-04 15:00:00,,,,39.6,
2006-12-04 16:00:00,,,,41.2,
2006-12-04 17:00:00,12.9,,,43.5,
2006-12-04 18:00:00,0.1,,,39.5,
2006-12-04 19:00:00,39.7,,,33.5,
2006-12-04 20:00:00,25.1,,,32.7,
2006-12-04 21:00:00,37.2,,,25.5,
2006-12-04 22:00:00,52.8,,,27.6,
2006-12-04 23:00:00,0.4,,,32.3,
2006-12-05 00:00:00,63.1,,,36.0,
2006-12-05 01:00:00,0.5,,,39.0,
2006-12-05 02:00:00,22.0,,,40.3,
2006-12-05 03:00:00,2.6,,,43.3,
2006-12-05 04:00:00,5.6,,,41.2,
2006-12-05 05:00:00,13.5,,,44.6,
2006-12-05 06:00:00,19.0,,,41.3,
2006-12-05 07:00:00,5.0,,,29.3,
2006-12-05 08:00:00,50.9,,,30.1,
2006-12-05 09:00:00,26.9,,,27.7,
2006-12-05 10:00:00,0.2,,,34.6,
2006-12-05 11:00:00,,,,40.9,
2006-12-05 12:00:00,1.2,,,46.2,
2006-12-05 13:00:00,5.6,,,42.3,
2006-12-05 14:00:00,7.0,,,37.5,
2006-12-05 15:00:00,35.2,,,39.8,
2006-12-05 16:00:00,0.3,,,38.9,
2006-12-05 17:00:00,27.4,,,29.5,
2006-12-05 18:00:00,0.2,,,27.3,
2006-12-05 19:00:00,21.4,,,25.1,
2006-12-05 20:00:00,88.7,,,25.9,
2006-12-05 21:00:00,27.2,,,21.6,
2006-12-05 22:00:00,0.2,,,25.7,
2006-12-05 23:00:00,53.9,,,27.7,
2006-12-06 00:00:00,8.4,,,30.2,
2006-12-06 01:00:00,15.5,,,33.2,
2006-12-06 02:00:00,25.3,,,31.5,
2006-12-06 03:00:00,18.0,,,33.0,
2006-12-06 04:00:00,50.4,,,33.0,
2006-12-06 05:00:00,36.0,,,30.3,
2006-12-06 06:00:00,105.8,,,16.2,
2006-12-06 07:00:00,160.8,,,13.5,
2006-12-06 08:00:00,1.3,,,18.8,
2006-12-06 09:00:00,,,,18.5,
2006-12-06 10:00:00,,,,23.6,
2006-12-06 11:00:00,,,,23.3,
2006-12-06 12:00:00,,,,26.0,
2006-12-06 13:00:00,21.3,,,25.6,
2006-12-06 14:00:00,0.2,,,22.1,
2006-12-06 15:00:00,,,,23.1,
2006-12-06 16:00:00,12.0,,,23.6,
2006-12-06 17:00:00,10.1,,,22.3,
2006-12-06 18:00:00,0.1,,,18.5,
2006-12-06 19:00:00,,,,16.3,
2006-12-06 20:00:00,,,,12.8,
2006-12-06 21:00:00,12.0,,,11.2,
2006-12-06 22:00:00,62.8,,,11.1,
2006-12-06 23:00:00,14.4,,,9.8,
2006-12-07 00:00:00,27.6,,,8.4,
2006-12-07 01:00:00,10.4,,,15.5,
2006-12-07 02:00:00,15.3,,,17.8,
2006-12-07 03:00:00,5.8,,,20.0,
2006-12-07 04:00:00,7.4,,,23.1,
2006-12-07 05:00:00,5.5,,,24.4,
2006-12-07 06:00:00,5.6,,,13.0,
2006-12-07 07:00:00,0.1,,,9.3,
2006-12-07 08:00:00,9.6,,,15.7,
2006-12-07 09:00:00,,,,21.3,
2006-12-07 10:00:00,,,,23.2,
2006-12-07 11:00:00,,,,21.2,
2006-12-07 12:00:00,,,,30.6,
2006-12-07 13:00:00,,,,33.8,
2006-12-07 14:00:00,,,,35.7,
2006-12-07 15:00:00,,,,33.0,
2006-12-07 16:00:00,,,,31.8,
2006-12-07 17:00:00,8.0,,,27.0,
2006-12-07 18:00:00,,,,26.7,
2006-12-07 19:00:00,14.1,,,18.4,
2006-12-07 20:00:00,16.8,,,19.2,
2006-12-07 21:00:00,9.8,,,16.2,
2006-12-07 22:00:00,2.7,,,17.0,
2006-12-07 23:00:00,32.0,,,19.2,
2006-12-08 00:00:00,16.2,,,21.5,
2006-12-08 01:00:00,0.1,,,24.9,
2006-12-08 02:00:00,0.9,,,25.7,
2006-12-08 03:00:00,8.8,,,25.8,
2006-12-08 04:00:00,8.3,,,25.2,
2006-12-08 05:00:00,11.9,,,24.2,
2006-12-08 06:00:00,0.1,,,17.4,
2006-12-08 07:00:00,,,,11.8,
2006-12-08 08:00:00,27.8,,,13.0,
2006-12-08 09:00:00,6.7,,,19.3,
2006-12-08 10:00:00,14.1,,,20.3,
2006-12-08 11:00:00,10.4,,,25.3,
2006-12-08 12:00:00,0.1,,,26.4,
2006-12-08 13:00:00,,,,27.8,
2006-12-08 14:00:00,4.5,,,35.5,
2006-12-08 15:00:00,,,,34.0,
2006-12-08 16:00:00,,,,28.6,
2006-12-08 17:00:00,23.6,,,31.7,
2006-12-08 18:00:00,13.1,,,33.3,
2006-12-08 19:00:00,,,,29.1,
2006-12-08 20:00:00,31.6,,,24.5,
2006-12-08 21:00:00,20.0,,,22.5,
2006-12-08 22:00:00,15.2,,,18.6,
2006-12-08 23:00:00,64.3,,,15.1,
2006-12-09 00:00:00,7.7,,,13.8,
2006-12-09 01:00:00,2.0,,,11.0,
2006-12-09 02:00:00,34.3,,,12.5,
2006-12-09 03:00:00,23.1,,,9.3,
2006-12-09 04:00:00,5.8,,,6.8,
2006-12-09 05:00:00,4.7,,,2.4,
2006-12-09 06:00:00,25.5,,,1.7,
2006-12-09 07:00:00,27.0,,,4.7,
2006-12-09 08:00:00,24.6,,,5.6,
2006-12-09 09:00:00,20.5,,,4.7,
2006-12-09 10:00:00,7.7,,,10.5,
2006-12-09 11:00:00,16.7,,,11.8,
2006-12-09 12:00:00,0.1,,,20.5,
2006-12-09 13:00:00,15.1,,,32.2,
2006-12-09 14:00:00,19.1,,,46.9,
2006-12-09 15:00:00,0.1,,,55.2,
2006-12-09 16:00:00,33.7,,,41.9,
2006-12-09 17:00:00,48.1,,,42.6,
2006-12-09 18:00:00,0.2,,,39.6,
2006-12-09 19:00:00,36.6,,,29.5,
2006-12-09 20:00:00,14.8,,,25.8,
2006-12-09 21:00:00,39.1,,,21.7,
2006-12-09 22:00:00,74.1,,,12.3,
2006-12-09 23:00:00,33.8,,,12.9,
2006-12-10 00:00:00,71.3,,,14.1,
2006-12-10 01:00:00,59.0,,,15.8,
2006-12-10 02:00:00,26.7,,,16.4,
2006-12-10 03:00:00,40.9,,,10.2,
2006-12-10 04:00:00,70.5,,,9.2,
2006-12-10 05:00:00,27.1,,,10.6,
2006-12-10 06:00:00,43.0,,,11.0,
2006-12-10 07:00:00,0.2,,,10.6,
2006-12-10 08:00:00,58.7,,,7.4,
2006-12-10 09:00:00,0.3,,,3.3,
2006-12-10 10:00:00,,,,7.9,
2006-12-10 11:00:00,,,,11.9,
2006-12-10 12:00:00,,,,33.8,
2006-12-10 13:00:00,,,,52.9,
2006-12-10 14:00:00,1.0,,,66.0,
2006-12-10 15:00:00,,,,31.3,
2006-12-10 16:00:00,21.7,,,29.8,
2006-12-10 17:00:00,25.0,,,27.8,
2006-12-10 18:00:00,59.0,,,28.5,
2006-12-10 19:00:00,0.2,,,21.5,
2006-12-10 20:00:00,4.8,,,17.5,
2006-12-10 21:00:00,101.6,,,17.1,
2006-12-10 22:00:00,16.2,,,17.8,
2006-12-10 23:00:00,89.3,,,16.3,
2006-12-11 00:00:00,38.0,,,18.2,
2006-12-11 01:00:00,19.2,,,18.4,
2006-12-11 02:00:00,48.9,,,18.2,
2006-12-11 03:00:00,25.3,,,17.4,
2006-12-11 04:00:00,5.0,,,17.8,
2006-12-11 05:00:00,78.3,,,16.1,
2006-12-11 06:00:00,5.9,,,12.6,
2006-12-11 07:00:00,68.9,,,5.8,
2006-12-11 08:00:00,0.3,,,6.8,
2006-12-11 09:00:00,,,,10.7,
2006-12-11 10:00:00,,,,16.6,
2006-12-11 11:00:00,,,,17.5,
2006-12-11 12:00:00,,,,23.5,
2006-12-11 13:00:00,,,,27.6,
2006-12-11 14:00:00,,,,29.9,
2006-12-11 15:00:00,,,,28.3,
2006-12-11 16:00:00,,,,34.5,
2006-12-11 17:00:00,11.5,,,33.6,
2006-12-11 18:00:00,15.8,,,24.5,
2006-12-11 19:00:00,35.1,,,20.3,
2006-12-11 20:00:00,43.8,,,16.2,
2006-12-11 21:00:00,89.7,,,15.3,
2006-12-11 22:00:00,0.4,,,14.5,
2006-12-11 23:00:00,2.7,,,12.0,
2006-12-12 00:00:00,58.2,,,11.5,
2006-12-12 01:00:00,0.5,,,12.6,
2006-12-12 02:00:00,,,,13.8,
2006-12-12 03:00:00,14.1,,,13.6,
2006-12-12 04:00:00,27.3,,,12.7,
2006-12-12 05:00:00,0.1,,,12.8,
2006-12-12 06:00:00,,,,8.7,
2006-12-12 07:00:00,,,,2.1,
2006-12-12 08:00:00,26.6,,,2.5,
2006-12-12 09:00:00,13.3,,,6.9,
2006-12-12 10:00:00,0.1,,,14.7,
2006-12-12 12:00:00,,,,42.1,
2006-12-12 13:00:00,2.5,,,57.9,
2006-12-12 14:00:00,,,,52.2,
2006-12-12 15:00:00,13.1,,,61.7,
2006-12-12 16:00:00,40.0,,,41.8,
2006-12-12 17:00:00,22.3,,,36.3,
2006-12-12 18:00:00,30.2,,,27.0,
2006-12-12 19:00:00,32.8,,,16.0,
2006-12-12 20:00:00,48.1,,,11.5,
2006-12-12 21:00:00,35.1,,,10.6,
2006-12-12 22:00:00,46.9,,,8.7,
2006-12-12 23:00:00,21.1,,,7.1,
2006-12-13 00:00:00,42.1,,,9.0,
2006-12-13 01:00:00,0.2,,,13.4,
2006-12-13 02:00:00,4.4,,,15.3,
2006-12-13 03:00:00,20.4,,,16.6,
2006-12-13 04:00:00,0.1,,,15.1,
2006-12-13 05:00:00,34.1,,,11.9,
2006-12-13 06:00:00,24.9,,,6.0,
2006-12-13 07:00:00,20.1,,,2.2,
2006-12-13 08:00:00,25.2,,,1.3,
2006-12-13 09:00:00,17.5,,,4.8,
2006-12-13 10:00:00,0.1,,,6.8,
2006-12-13 11:00:00,,,,12.8,
2006-12-13 12:00:00,,,,25.0,
2006-12-13 13:00:00,,,,109.9,
2006-12-13 14:00:00,,,,69.8,
2006-12-13 15:00:00,44.6,,,48.1,
2006-12-13 16:00:00,14.4,,,43.6,
2006-12-13 17:00:00,52.9,,,31.6,
2006-12-13 18:00:00,46.6,,,24.4,
2006-12-13 19:00:00,46.7,,,14.3,
2006-12-13 20:00:00,38.2,,,8.0,
2006-12-13 21:00:00,104.5,,,2.5,
2006-12-13 22:00:00,69.4,,,4.0,
2006-12-13 23:00:00,60.8,,,1.4,
2006-12-14 00:00:00,40.2,,,1.2,
2006-12-14 01:00:00,48.3,,,5.0,
2006-12-14 02:00:00,59.7,,,6.5,
2006-12-14 03:00:00,49.3,,,6.5,
2006-12-14 04:00:00,6.9,,,5.5,
2006-12-14 05:00:00,41.0,,,2.1,
2006-12-14 06:00:00,46.2,,,0.5,
2006-12-14 07:00:00,41.7,,,0.5,
2006-12-14 08:00:00,0.1,,,1.0,
2006-12-14 09:00:00,,,,3.6,
2006-12-14 10:00:00,,,,11.2,
2006-12-14 11:00:00,,,,15.7,
2006-12-14 12:00:00,,,,16.5,
2006-12-14 13:00:00,,,,23.0,
2006-12-14 14:00:00,1.5,,,30.3,
2006-12-14 15:00:00,13.0,,,31.9,
2006-12-14 16:00:00,4.9,,,33.6,
2006-12-14 18:00:00,,,,26.1,
2006-12-14 19:00:00,22.1,,,20.5,
2006-12-14 20:00:00,37.6,,,16.8,
2006-12-14 21:00:00,3.4,,,6.9,
2006-12-14 22:00:00,182.7,,,5.9,
2006-12-14 23:00:00,103.1,,,11.4,
2006-12-15 00:00:00,41.4,,,36.4,
2006-12-15 01:00:00,37.3,,,41.3,
2006-12-15 02:00:00,0.1,,,40.2,
2006-12-15 03:00:00,,,,30.8,
2006-12-15 04:00:00,22.8,,,16.7,
2006-12-15 14:00:00,48.8,,,38.9,
2006-12-15 15:00:00,6.2,,,49.1,
2006-12-15 16:00:00,2.7,,,38.4,
2006-12-15 17:00:00,,,,69.4,
2006-12-15 18:00:00,0.4,,,58.8,
2006-12-15 19:00:00,11.5,,,40.8,
2006-12-15 20:00:00,45.7,,,27.9,
2006-12-15 21:00:00,57.4,,,15.8,
2006-12-15 22:00:00,27.4,,,11.3,
2006-12-15 23:00:00,66.4,,,11.7,
2006-12-16 00:00:00,51.9,,,14.7,
2006-12-16 01:00:00,56.0,,,11.8,
2006-12-16 02:00:00,16.8,,,9.1,
2006-12-16 03:00:00,,,,10.6,
2006-12-16 04:00:00,48.7,,,13.1,
2006-12-16 05:00:00,64.7,,,12.7,
2006-12-16 06:00:00,56.0,,,9.4,
2006-12-16 07:00:00,0.2,,,11.3,
2006-12-16 08:00:00,,,,9.1,
2006-12-16 09:00:00,,,,15.1,
2006-12-16 10:00:00,,,,17.5,
2006-12-16 11:00:00,,,,25.6,
2006-12-16 12:00:00,,,,41.2,
2006-12-16 13:00:00,4.5,,,42.8,
2006-12-16 14:00:00,26.6,,,42.4,
2006-12-16 15:00:00,0.1,,,44.1,
2006-12-16 16:00:00,12.7,,,44.2,
2006-12-16 17:00:00,0.1,,,40.2,
2006-12-16 18:00:00,5.2,,,34.7,
2006-12-16 19:00:00,45.5,,,23.6,
2006-12-16 20:00:00,16.4,,,24.2,
2006-12-16 21:00:00,72.8,,,19.7,
2006-12-16 22:00:00,68.2,,,18.5,
2006-12-16 23:00:00,24.9,,,14.5,
2006-12-17 00:00:00,84.1,,,11.3,
2006-12-17 01:00:00,39.4,,,12.3,
2006-12-17 02:00:00,17.7,,,8.7,
2006-12-17 03:00:00,11.8,,,7.3,
2006-12-17 04:00:00,5.9,,,6.7,
2006-12-17 05:00:00,50.6,,,4.7,
2006-12-17 06:00:00,38.7,,,4.7,
2006-12-17 07:00:00,0.2,,,2.8,
2006-12-17 08:00:00,,,,7.8,
2006-12-17 09:00:00,,,,12.3,
2006-12-17 10:00:00,6.5,,,16.6,
2006-12-17 11:00:00,,,,31.1,
2006-12-17 12:00:00,,,,45.9,
2006-12-17 13:00:00,18.8,,,55.5,
2006-12-17 14:00:00,22.6,,,72.7,
2006-12-17 15:00:00,0.2,,,89.1,
2006-12-17 16:00:00,,,,72.1,
2006-12-17 17:00:00,,,,108.7,
2006-12-17 18:00:00,,,,52.4,
2006-12-17 19:00:00,,,,28.3,
2006-12-17 20:00:00,,,,30.5,
2006-12-17 21:00:00,,,,24.2,
2006-12-17 22:00:00,,,,19.7,
2006-12-17 23:00:00,,,,10.9,
2006-12-18 00:00:00,,,,11.1,
2006-12-18 01:00:00,,,,5.8,
2006-12-18 02:00:00,,,,9.6,
2006-12-18 03:00:00,,,,9.8,
2006-12-18 04:00:00,,,,38.2,
2006-12-18 05:00:00,,,,48.5,
2006-12-18 06:00:00,,,,36.0,
2006-12-18 07:00:00,,,,9.1,
2006-12-18 08:00:00,,,,6.9,
2006-12-18 09:00:00,,,,6.8,
2006-12-18 10:00:00,,,,18.9,
2006-12-18 11:00:00,,,,40.9,
2006-12-18 12:00:00,,,,34.7,
2006-12-18 13:00:00,,,,29.1,
2006-12-18 14:00:00,,,,31.0,
2006-12-18 15:00:00,,,,27.0,
2006-12-18 16:00:00,,,,33.7,
2006-12-18 17:00:00,,,,29.0,
2006-12-18 18:00:00,,,,16.9,
2006-12-18 19:00:00,,,,14.3,
2006-12-18 20:00:00,,,,6.1,
2006-12-18 21:00:00,,,,7.4,
2006-12-18 22:00:00,,,,4.0,
2006-12-18 23:00:00,,,,0.5,
2006-12-19 00:00:00,,,,0.5,
2006-12-19 01:00:00,,,,0.5,
2006-12-19 02:00:00,,,,2.1,
2006-12-19 03:00:00,,,,9.2,
2006-12-19 04:00:00,,,,9.0,
2006-12-19 05:00:00,,,,5.3,
2006-12-19 06:00:00,,,,1.6,
2006-12-19 07:00:00,,,,1.0,
2006-12-19 08:00:00,,,,1.1,
2006-12-19 09:00:00,,,,3.8,
2006-12-19 10:00:00,,,,21.0,
2006-12-19 11:00:00,,,,32.8,
2006-12-19 12:00:00,,,,34.1,
2006-12-19 13:00:00,,,,34.7,
2006-12-19 14:00:00,,,,65.0,
2006-12-19 15:00:00,,,,48.2,
2006-12-19 16:00:00,,,,35.7,
2006-12-19 17:00:00,,,,26.5,
2006-12-19 18:00:00,,,,14.4,
2006-12-19 19:00:00,,,,13.3,
2006-12-19 20:00:00,,,,9.6,
2006-12-19 21:00:00,,,,10.2,
2006-12-19 22:00:00,,,,2.3,
2006-12-19 23:00:00,,,,0.5,
2006-12-20 00:00:00,,,,2.4,
2006-12-20 01:00:00,,,,2.7,
2006-12-20 02:00:00,,,,0.5,
2006-12-20 03:00:00,,,,4.2,
2006-12-20 04:00:00,,,,3.1,
2006-12-20 05:00:00,,,,2.1,
2006-12-20 06:00:00,,,,3.9,
2006-12-20 07:00:00,,,,1.3,
2006-12-20 08:00:00,,,,1.0,
2006-12-20 09:00:00,,,,5.4,
2006-12-20 10:00:00,,,,9.7,
2006-12-20 11:00:00,,,,16.5,
2006-12-20 12:00:00,,,,20.6,
2006-12-20 13:00:00,,,,12.8,
2006-12-20 14:00:00,,,,7.1,
2006-12-20 15:00:00,,,,6.2,
2006-12-20 18:00:00,,,,2.7,
2006-12-20 19:00:00,,,,1.2,
2006-12-20 20:00:00,,,,1.1,
2006-12-20 21:00:00,,,,5.9,
2006-12-20 22:00:00,,,,7.5,
2006-12-20 23:00:00,,,,8.1,
2006-12-21 00:00:00,,,,3.9,
2006-12-21 01:00:00,,,,3.2,
2006-12-21 02:00:00,,,,7.7,
2006-12-21 03:00:00,,,,18.9,
2006-12-21 04:00:00,,,,25.8,
2006-12-21 05:00:00,,,,26.3,
2006-12-21 06:00:00,,,,14.8,
2006-12-21 07:00:00,,,,3.5,
2006-12-21 08:00:00,,,,5.7,
2006-12-21 09:00:00,,,,9.3,
2006-12-21 10:00:00,,,,14.5,
2006-12-21 11:00:00,,,,17.6,
2006-12-21 12:00:00,,,,21.1,
2006-12-21 13:00:00,,,,19.9,
2006-12-21 14:00:00,,,,22.8,
2006-12-21 15:00:00,,,,28.1,
2006-12-21 16:00:00,,,,26.7,
2006-12-21 17:00:00,,,,29.4,
2006-12-21 18:00:00,,,,22.0,
2006-12-21 19:00:00,,,,16.5,
2006-12-21 20:00:00,,,,11.8,
2006-12-21 21:00:00,,,,11.9,
2006-12-21 22:00:00,,,,11.7,
2006-12-21 23:00:00,,,,15.0,
2006-12-22 00:00:00,,,,16.6,
2006-12-22 01:00:00,,,,17.8,
2006-12-22 02:00:00,,,,15.1,
2006-12-22 03:00:00,,,,12.9,
2006-12-22 04:00:00,,,,19.8,
2006-12-22 05:00:00,,,,17.9,
2006-12-22 06:00:00,,,,11.2,
2006-12-22 07:00:00,,,,4.0,
2006-12-22 08:00:00,,,,8.9,
2006-12-22 09:00:00,,,,19.2,
2006-12-22 10:00:00,,,,27.7,
2006-12-22 11:00:00,,,,28.5,
2006-12-22 12:00:00,,,,35.8,
2006-12-22 13:00:00,,,,31.3,
2006-12-22 14:00:00,,,,24.2,
2006-12-22 15:00:00,,,,37.4,
2006-12-22 16:00:00,,,,41.5,
2006-12-22 17:00:00,,,,39.9,
2006-12-22 18:00:00,,,,32.5,
2006-12-22 19:00:00,,,,30.6,
2006-12-22 20:00:00,,,,25.1,
2006-12-22 21:00:00,,,,21.4,
2006-12-22 22:00:00,,,,15.8,
2006-12-22 23:00:00,,,,16.2,
2006-12-23 00:00:00,,,,17.0,
2006-12-23 01:00:00,,,,18.0,
2006-12-23 02:00:00,,,,17.6,
2006-12-23 03:00:00,,,,16.9,
2006-12-23 04:00:00,,,,14.7,
2006-12-23 05:00:00,,,,3.5,
2006-12-23 06:00:00,,,,0.5,
2006-12-23 07:00:00,,,,1.2,
2006-12-23 08:00:00,,,,8.5,
2006-12-23 09:00:00,,,,16.4,
2006-12-23 10:00:00,,,,19.4,
2006-12-23 11:00:00,,,,23.4,
2006-12-23 12:00:00,,,,27.2,
2006-12-23 13:00:00,,,,24.5,
2006-12-23 14:00:00,,,,26.7,
2006-12-23 15:00:00,,,,28.5,
2006-12-23 16:00:00,,,,64.7,
2006-12-23 17:00:00,,,,39.2,
2006-12-23 18:00:00,,,,36.0,
2006-12-23 19:00:00,,,,34.3,
2006-12-23 20:00:00,,,,23.8,
2006-12-23 21:00:00,,,,16.9,
2006-12-23 22:00:00,,,,7.8,
2006-12-23 23:00:00,,,,6.5,
2006-12-24 00:00:00,,,,20.1,
2006-12-24 01:00:00,,,,36.3,
2006-12-24 02:00:00,,,,47.9,
2006-12-24 03:00:00,,,,49.0,
2006-12-24 04:00:00,,,,31.4,
2006-12-24 05:00:00,,,,36.3,
2006-12-24 06:00:00,,,,29.5,
2006-12-24 07:00:00,,,,23.1,
2006-12-24 08:00:00,,,,16.2,
2006-12-24 09:00:00,,,,10.3,
2006-12-24 10:00:00,,,,13.7,
2006-12-24 11:00:00,,,,20.6,
2006-12-24 12:00:00,,,,21.4,
2006-12-24 13:00:00,,,,23.9,
2006-12-24 14:00:00,,,,22.6,
2006-12-24 15:00:00,,,,21.7,
2006-12-24 16:00:00,,,,15.6,
2006-12-24 17:00:00,,,,22.6,
2006-12-24 18:00:00,,,,13.7,
2006-12-24 19:00:00,0.2,,,15.5,
2006-12-24 20:00:00,16.5,,,6.5,
2006-12-24 21:00:00,48.5,,,5.7,
2006-12-24 22:00:00,18.1,,,9.0,
2006-12-24 23:00:00,41.8,,,9.9,
2006-12-25 00:00:00,37.8,,,12.4,
2006-12-25 01:00:00,8.6,,,13.9,
2006-12-25 02:00:00,,,,6.7,
2006-12-25 03:00:00,,,,7.6,
2006-12-25 04:00:00,21.8,,,14.4,
2006-12-25 05:00:00,12.1,,,16.1,
2006-12-25 06:00:00,,,,9.8,
2006-12-25 07:00:00,,,,13.9,
2006-12-25 08:00:00,,,,21.2,
2006-12-25 09:00:00,,,,27.3,
2006-12-25 10:00:00,17.8,,,29.2,
2006-12-25 11:00:00,,,,30.8,
2006-12-25 12:00:00,,,,39.1,
2006-12-25 13:00:00,,,,40.4,
2006-12-25 14:00:00,,,,44.0,
2006-12-25 15:00:00,0.2,,,31.3,
2006-12-25 16:00:00,114.1,,,24.2,
2006-12-25 17:00:00,288.4,,,12.6,
2006-12-25 18:00:00,,,,23.5,
2006-12-25 19:00:00,0.1,,,26.8,
2006-12-25 20:00:00,41.7,,,15.3,
2006-12-25 21:00:00,24.8,,,3.7,
2006-12-25 22:00:00,47.0,,,20.5,
2006-12-25 23:00:00,7.7,,,25.5,
2006-12-26 00:00:00,26.7,,,27.6,
2006-12-26 01:00:00,101.1,,,27.0,
2006-12-26 02:00:00,,,,20.6,
2006-12-26 03:00:00,35.6,,,19.5,
2006-12-26 04:00:00,,,,18.7,
2006-12-26 05:00:00,,,,18.4,
2006-12-26 06:00:00,,,,15.9,
2006-12-26 07:00:00,12.4,,,7.3,
2006-12-26 08:00:00,,,,11.5,
2006-12-26 09:00:00,,,,13.7,
2006-12-26 10:00:00,,,,15.7,
2006-12-26 11:00:00,,,,,
2006-12-26 12:00:00,,,,17.4,
2006-12-26 13:00:00,,,,20.8,
2006-12-26 14:00:00,,,,20.1,
2006-12-26 15:00:00,,,,14.6,
2006-12-26 16:00:00,,,,16.8,
2006-12-26 17:00:00,,,,18.4,
2006-12-26 18:00:00,,,,19.6,
2006-12-26 19:00:00,7.1,,,21.5,
2006-12-26 20:00:00,,,,23.6,
2006-12-26 21:00:00,24.9,,,23.3,
2006-12-26 22:00:00,25.0,,,23.2,
2006-12-26 23:00:00,29.1,,,24.9,
2006-12-27 00:00:00,32.2,,,21.1,
2006-12-27 01:00:00,,,,19.0,
2006-12-27 02:00:00,21.7,,,15.6,
2006-12-27 03:00:00,21.8,,,15.4,
2006-12-27 04:00:00,65.0,,,17.8,
2006-12-27 05:00:00,9.4,,,11.8,
2006-12-27 06:00:00,32.7,,,0.5,
2006-12-27 07:00:00,12.0,,,1.0,
2006-12-27 08:00:00,27.3,,,6.0,
2006-12-27 09:00:00,5.2,,,4.3,
2006-12-27 10:00:00,24.3,,,5.4,
2006-12-27 11:00:00,0.6,,,19.1,
2006-12-27 12:00:00,7.0,,,29.7,
2006-12-27 13:00:00,13.9,,,21.9,
2006-12-27 14:00:00,2.7,,,18.4,
2006-12-27 15:00:00,,,,26.5,
2006-12-27 16:00:00,,,,29.8,
2006-12-27 17:00:00,,,,26.1,
2006-12-27 18:00:00,8.7,,,33.6,
2006-12-27 19:00:00,29.1,,,22.1,
2006-12-27 20:00:00,19.7,,,14.7,
2006-12-27 21:00:00,0.1,,,13.0,
2006-12-27 22:00:00,48.2,,,16.8,
2006-12-27 23:00:00,55.4,,,19.2,
2006-12-28 00:00:00,36.1,,,16.3,
2006-12-28 01:00:00,0.3,,,19.4,
2006-12-28 02:00:00,17.3,,,17.5,
2006-12-28 03:00:00,15.4,,,16.1,
2006-12-28 04:00:00,11.5,,,12.6,
2006-12-28 05:00:00,45.6,,,5.5,
2006-12-28 06:00:00,45.5,,,0.5,
2006-12-28 07:00:00,11.0,,,0.5,
2006-12-28 08:00:00,53.9,,,0.5,
2006-12-28 09:00:00,33.9,,,11.3,
2006-12-28 10:00:00,29.8,,,18.4,
2006-12-28 11:00:00,7.5,,,34.9,
2006-12-28 12:00:00,5.0,,,67.3,
2006-12-28 13:00:00,21.2,,,76.3,
2006-12-28 14:00:00,,,,50.0,
2006-12-28 15:00:00,22.3,,,40.6,
2006-12-28 16:00:00,7.2,,,45.4,
2006-12-28 17:00:00,,,,43.0,
2006-12-28 18:00:00,19.9,,,42.4,
2006-12-28 19:00:00,15.2,,,28.3,
2006-12-28 20:00:00,32.0,,,20.1,
2006-12-28 21:00:00,74.5,,,18.3,
2006-12-28 22:00:00,47.0,,,17.1,
2006-12-28 23:00:00,78.4,,,14.6,
2006-12-29 00:00:00,117.0,,,16.4,
2006-12-29 01:00:00,29.7,,,19.5,
2006-12-29 02:00:00,38.9,,,20.1,
2006-12-29 03:00:00,65.0,,,17.7,
2006-12-29 04:00:00,198.5,,,16.8,
2006-12-29 05:00:00,173.8,,,15.2,
2006-12-29 06:00:00,0.2,,,8.6,
2006-12-29 07:00:00,122.4,,,3.0,
2006-12-29 08:00:00,,,,2.3,
2006-12-29 09:00:00,,,,4.0,
2006-12-29 10:00:00,,,,14.9,
2006-12-29 11:00:00,,,,28.5,
2006-12-29 12:00:00,,,,48.0,
2006-12-29 13:00:00,,,,45.2,
2006-12-29 14:00:00,0.1,,,26.9,
2006-12-29 15:00:00,49.6,,,48.0,
2006-12-29 16:00:00,,,,44.2,
2006-12-29 17:00:00,10.0,,,40.7,
2006-12-29 18:00:00,15.4,,,32.6,
2006-12-29 19:00:00,43.5,,,22.5,
2006-12-29 20:00:00,20.4,,,18.8,
2006-12-29 21:00:00,37.2,,,14.4,
2006-12-29 22:00:00,62.9,,,12.8,
2006-12-29 23:00:00,53.8,,,11.7,
2006-12-30 00:00:00,22.9,,,11.0,
2006-12-30 01:00:00,33.2,,,12.5,
2006-12-30 02:00:00,16.8,,,11.3,
2006-12-30 03:00:00,50.0,,,9.4,
2006-12-30 04:00:00,22.9,,,6.6,
2006-12-30 05:00:00,,,,4.9,
2006-12-30 06:00:00,58.4,,,0.5,
2006-12-30 07:00:00,18.4,,,0.5,
2006-12-30 08:00:00,9.3,,,3.2,
2006-12-30 09:00:00,4.8,,,16.7,
2006-12-30 10:00:00,5.5,,,21.2,
2006-12-30 11:00:00,8.9,,,32.9,
2006-12-30 12:00:00,,,,34.2,
2006-12-30 13:00:00,10.4,,,35.8,
2006-12-30 14:00:00,,,,37.9,
2006-12-30 15:00:00,16.0,,,47.8,
2006-12-30 16:00:00,,,,60.1,
2006-12-30 18:00:00,,,,60.8,
2006-12-30 19:00:00,,,,58.3,
2006-12-30 20:00:00,0.2,,,48.1,
2006-12-30 21:00:00,84.2,,,36.6,
2006-12-30 22:00:00,37.3,,,30.4,
2006-12-30 23:00:00,40.3,,,27.5,
2006-12-31 00:00:00,74.9,,,30.8,
2006-12-31 01:00:00,0.1,,,37.3,
2006-12-31 02:00:00,25.3,,,34.0,
2006-12-31 03:00:00,0.1,,,21.1,
2006-12-31 04:00:00,41.6,,,18.9,
2006-12-31 05:00:00,65.9,,,12.4,
2006-12-31 06:00:00,70.0,,,6.0,
2006-12-31 07:00:00,20.0,,,7.8,
2006-12-31 08:00:00,1.5,,,16.0,
2006-12-31 09:00:00,,,,25.1,
2006-12-31 10:00:00,21.6,,,28.9,
2006-12-31 11:00:00,33.7,,,48.5,
2006-12-31 12:00:00,,,,52.5,
2006-12-31 13:00:00,27.1,,,38.5,
2006-12-31 14:00:00,1.0,,,42.6,
2006-12-31 15:00:00,10.4,,,37.6,
2006-12-31 16:00:00,14.5,,,41.8,
2006-12-31 17:00:00,9.4,,,43.0,
2006-12-31 18:00:00,16.5,,,42.0,
2006-12-31 19:00:00,7.3,,,39.4,
2006-12-31 20:00:00,43.1,,,35.1,
2006-12-31 21:00:00,52.2,,,20.6,
2006-12-31 22:00:00,63.4,,,14.9,
2006-12-31 23:00:00,61.9,,,10.4,
