data,pm10,so2,no2,o3,co
2005-01-01 00:00:00,24.1,0.65,,16.33,
2005-01-01 01:00:00,10.68,0.65,,16.44,
2005-01-01 02:00:00,22.55,0.65,,17.18,
2005-01-01 03:00:00,17.53,0.65,,17.94,
2005-01-01 04:00:00,13.22,0.65,,15.57,
2005-01-01 05:00:00,18.63,0.65,,13.88,
2005-01-01 06:00:00,17.11,0.65,,12.09,
2005-01-01 07:00:00,12.24,0.65,,11.79,
2005-01-01 08:00:00,28.39,0.65,,14.02,
2005-01-01 09:00:00,19.98,0.65,,18.4,
2005-01-01 10:00:00,25.77,0.65,,21.91,
2005-01-01 11:00:00,2.129,0.65,,25.7,
2005-01-01 12:00:00,5.793,0.65,,26.93,
2005-01-01 13:00:00,0.866,0.65,,25.7,
2005-01-01 14:00:00,5.211,0.65,,27.23,
2005-01-01 15:00:00,8.755,0.65,,29.74,
2005-01-01 16:00:00,9.897,0.65,,27.78,
2005-01-01 17:00:00,16.96,0.65,,23.77,
2005-01-01 18:00:00,13.27,0.65,,20.06,
2005-01-01 19:00:00,18.72,0.65,,18.27,
2005-01-01 20:00:00,27.88,0.65,,18.42,
2005-01-01 21:00:00,29.21,0.65,,17.12,
2005-01-01 22:00:00,26.33,0.65,,18.56,
2005-01-01 23:00:00,5.548,0.65,,18.7,
2005-01-02 00:00:00,15.19,,,17.86,
2005-01-02 01:00:00,10.92,3.394,,19.23,
2005-01-02 02:00:00,7.823,5.261,,17.28,
2005-01-02 03:00:00,1.243,6.05,,16.9,
2005-01-02 04:00:00,26.7,7.848,,15.15,
2005-01-02 05:00:00,10.75,8.289,,13.91,
2005-01-02 06:00:00,22.27,9.5,,9.561,
2005-01-02 07:00:00,4.412,7.833,,11.82,
2005-01-02 08:00:00,15.76,5.034,,12.49,
2005-01-02 09:00:00,32.53,3.761,,17.37,
2005-01-02 10:00:00,21.01,2.169,,20.61,
2005-01-02 11:00:00,11.17,1.433,,22.03,
2005-01-02 12:00:00,1.485,0.65,,23.49,
2005-01-02 13:00:00,22.19,0.65,,26.43,
2005-01-02 14:00:00,18.51,0.65,,30.33,
2005-01-02 15:00:00,26.19,0.65,,29.62,
2005-01-02 16:00:00,57.24,0.65,,21.42,
2005-01-02 17:00:00,66.42,1.554,,23.24,
2005-01-02 18:00:00,75.09,2.108,,21.14,
2005-01-02 19:00:00,51.12,1.553,,14.04,
2005-01-02 20:00:00,34.51,2.657,,12.17,
2005-01-02 21:00:00,30.51,3.765,,9.592,
2005-01-02 22:00:00,33.23,2.468,,8.837,
2005-01-02 23:00:00,26.46,5.048,,8.879,
2005-01-03 00:00:00,27.25,2.572,,9.815,
2005-01-03 01:00:00,14.2,0.65,,9.972,
2005-01-03 02:00:00,28.11,0.65,,8.833,
2005-01-03 03:00:00,18.98,0.65,,9.481,
2005-01-03 04:00:00,26.38,0.65,,7.764,
2005-01-03 05:00:00,9.723,0.65,,5.626,
2005-01-03 06:00:00,27.29,0.65,,2.826,
2005-01-03 07:00:00,41.59,0.65,,2.174,
2005-01-03 08:00:00,42.57,1.303,,1.769,
2005-01-03 09:00:00,35.21,1.39,,1.749,
2005-01-03 10:00:00,38.56,1.465,,3.836,
2005-01-03 11:00:00,29.52,1.382,,4.329,
2005-01-03 12:00:00,2.651,0.65,,5.117,
2005-01-03 13:00:00,8.617,0.65,,5.399,
2005-01-03 14:00:00,36.19,0.65,,8.251,
2005-01-03 15:00:00,16.32,0.65,,17.86,
2005-01-03 16:00:00,2.622,0.65,,17.27,
2005-01-03 17:00:00,9.64,0.65,,13.33,
2005-01-03 18:00:00,27.53,0.65,,10.48,
2005-01-03 19:00:00,14.09,0.65,,7.617,
2005-01-03 20:00:00,22.13,0.65,,8.207,
2005-01-03 21:00:00,22.92,0.65,,3.893,
2005-01-03 22:00:00,11.28,0.65,,1.238,
2005-01-03 23:00:00,19.7,0.65,,3.334,
2005-01-04 00:00:00,12.05,0.65,,2.41,
2005-01-04 01:00:00,2.829,2.153,,2.269,
2005-01-04 02:00:00,11.66,1.36,,1.693,
2005-01-04 03:00:00,10.03,0.65,,1.422,
2005-01-04 04:00:00,23.86,1.459,,1.04,
2005-01-04 05:00:00,8.464,2.1,,1.167,
2005-01-04 06:00:00,15.94,2.221,,1.144,
2005-01-04 07:00:00,31.09,3.37,,1.283,
2005-01-04 08:00:00,37.1,3.056,,1.427,
2005-01-04 09:00:00,27.08,1.985,,4.036,
2005-01-04 10:00:00,33.55,2.161,,8.95,
2005-01-04 11:00:00,2.523,0.65,,15.08,
2005-01-04 12:00:00,9.57,0.65,,18.77,
2005-01-04 13:00:00,3.65,0.65,,33.54,
2005-01-04 14:00:00,15.85,0.65,,40.72,
2005-01-04 15:00:00,13.25,0.65,,38.9,
2005-01-04 16:00:00,21.36,0.65,,27.22,
2005-01-04 17:00:00,14.0,0.65,,30.67,
2005-01-04 18:00:00,22.01,0.65,,26.77,
2005-01-04 19:00:00,28.9,0.65,,24.95,
2005-01-04 20:00:00,30.42,0.65,,24.22,
2005-01-04 21:00:00,6.896,0.65,,23.5,
2005-01-04 22:00:00,29.6,0.65,,21.6,
2005-01-04 23:00:00,20.95,0.65,,20.29,
2005-01-05 00:00:00,31.1,1.312,,16.97,
2005-01-05 01:00:00,19.5,0.65,,18.23,
2005-01-05 02:00:00,25.44,0.65,,19.95,
2005-01-05 03:00:00,17.26,0.65,,21.41,
2005-01-05 04:00:00,15.24,0.65,,19.18,
2005-01-05 05:00:00,,0.65,,17.02,
2005-01-05 06:00:00,8.05,0.65,,14.34,
2005-01-05 07:00:00,32.88,0.65,,11.32,
2005-01-05 08:00:00,13.49,0.65,,8.864,
2005-01-05 09:00:00,19.32,2.103,,8.529,
2005-01-05 10:00:00,31.29,2.462,,17.55,
2005-01-05 11:00:00,30.32,0.65,,19.9,
2005-01-05 12:00:00,15.0,0.65,,25.28,
2005-01-05 13:00:00,9.268,0.65,,28.99,
2005-01-05 14:00:00,23.26,0.65,,27.0,
2005-01-05 15:00:00,11.03,0.65,,24.66,
2005-01-05 16:00:00,23.37,0.65,,24.99,
2005-01-05 17:00:00,18.89,0.65,,23.92,
2005-01-05 18:00:00,7.033,0.65,,22.49,
2005-01-05 19:00:00,29.72,0.65,,19.81,
2005-01-05 20:00:00,21.29,0.65,,18.07,
2005-01-05 21:00:00,30.91,0.65,,17.88,
2005-01-05 22:00:00,23.7,0.65,,17.34,
2005-01-05 23:00:00,33.0,0.65,,18.85,
2005-01-06 00:00:00,13.32,0.65,,18.45,
2005-01-06 01:00:00,1.917,0.65,,20.24,
2005-01-06 02:00:00,12.33,0.65,,20.1,
2005-01-06 03:00:00,20.27,0.65,,18.7,
2005-01-06 04:00:00,12.85,0.65,,21.04,
2005-01-06 05:00:00,34.59,0.65,,21.69,
2005-01-06 06:00:00,2.443,0.65,,17.52,
2005-01-06 07:00:00,13.38,0.65,,15.35,
2005-01-06 08:00:00,25.54,0.65,,10.46,
2005-01-06 09:00:00,34.2,0.65,,12.29,
2005-01-06 12:00:00,3.255,0.65,,16.71,
2005-01-06 13:00:00,14.29,11.98,,21.74,
2005-01-06 14:00:00,7.938,15.56,,19.33,
2005-01-06 15:00:00,6.543,14.85,,21.34,
2005-01-06 16:00:00,25.83,14.7,,25.57,
2005-01-06 17:00:00,6.734,14.17,,24.57,
2005-01-06 18:00:00,10.4,14.6,,20.49,
2005-01-06 19:00:00,10.13,14.66,,20.22,
2005-01-06 20:00:00,14.36,13.44,,19.05,
2005-01-06 21:00:00,33.09,14.02,,18.48,
2005-01-06 22:00:00,36.52,14.04,,18.06,
2005-01-06 23:00:00,45.68,13.83,,16.23,
2005-01-07 00:00:00,10.89,15.89,,14.12,
2005-01-07 01:00:00,7.628,0.65,,10.24,
2005-01-07 02:00:00,9.923,0.65,,12.78,
2005-01-07 03:00:00,20.23,0.65,,12.85,
2005-01-07 04:00:00,10.33,8.872,,12.81,
2005-01-07 05:00:00,20.01,24.33,,14.07,
2005-01-07 06:00:00,23.76,25.13,,13.67,
2005-01-07 07:00:00,26.98,25.89,,10.11,
2005-01-07 08:00:00,14.27,26.23,,11.4,
2005-01-07 09:00:00,8.727,26.16,,14.39,
2005-01-07 10:00:00,10.7,26.75,,18.41,
2005-01-07 11:00:00,27.42,26.46,,23.49,
2005-01-07 12:00:00,26.51,25.91,,29.21,
2005-01-07 13:00:00,10.85,24.97,,33.06,
2005-01-07 14:00:00,9.675,24.05,,31.88,
2005-01-07 15:00:00,19.79,19.55,,39.48,
2005-01-07 16:00:00,28.49,0.65,,32.1,
2005-01-07 17:00:00,30.75,23.49,,28.53,
2005-01-07 18:00:00,23.92,25.8,,23.7,
2005-01-07 19:00:00,28.85,25.15,,20.24,
2005-01-07 20:00:00,38.61,25.72,,17.88,
2005-01-07 21:00:00,65.73,26.13,,17.83,
2005-01-07 22:00:00,11.42,25.67,,14.55,
2005-01-07 23:00:00,34.48,26.24,,13.16,
2005-01-08 00:00:00,29.27,,,13.39,
2005-01-08 01:00:00,18.88,,,12.04,
2005-01-08 02:00:00,36.67,,,13.39,
2005-01-08 03:00:00,18.45,,,13.02,
2005-01-08 04:00:00,26.63,,,12.22,
2005-01-08 05:00:00,13.94,,,11.3,
2005-01-08 06:00:00,37.19,,,10.8,
2005-01-08 07:00:00,14.87,,,8.656,
2005-01-08 08:00:00,10.38,,,9.326,
2005-01-08 09:00:00,20.66,,,10.12,
2005-01-08 10:00:00,34.2,,,19.48,
2005-01-08 11:00:00,28.19,,,35.81,
2005-01-08 12:00:00,45.45,,,32.5,
2005-01-08 13:00:00,56.35,,,27.21,
2005-01-08 14:00:00,23.81,,,27.9,
2005-01-08 15:00:00,58.29,,,34.36,
2005-01-08 16:00:00,59.65,,,39.07,
2005-01-08 17:00:00,71.64,,,30.43,
2005-01-08 18:00:00,45.88,,,25.14,
2005-01-08 19:00:00,23.18,,,,
2005-01-08 20:00:00,49.48,,,,
2005-01-08 21:00:00,51.42,,,,
2005-01-08 22:00:00,42.25,,,,
2005-01-08 23:00:00,34.3,,,,
2005-01-09 00:00:00,28.21,,,,
2005-01-09 01:00:00,30.93,,,,
2005-01-09 02:00:00,1.175,,,,
2005-01-09 03:00:00,11.4,,,,
2005-01-09 04:00:00,33.89,,,,
2005-01-09 05:00:00,28.96,,,,
2005-01-09 06:00:00,3.019,,,,
2005-01-09 07:00:00,11.28,,,,
2005-01-09 08:00:00,5.944,,,,
2005-01-09 09:00:00,27.97,,,,
2005-01-09 10:00:00,22.02,,,,
2005-01-09 11:00:00,2.134,,,,
2005-01-09 12:00:00,11.82,,,31.09,
2005-01-09 13:00:00,20.1,,,38.04,
2005-01-09 14:00:00,26.07,,,43.22,
2005-01-09 15:00:00,17.2,,,42.49,
2005-01-09 16:00:00,,,,41.58,
2005-01-09 17:00:00,,,,39.72,
2005-01-09 18:00:00,3.577,,,31.77,
2005-01-09 19:00:00,25.8,,,15.17,
2005-01-09 20:00:00,58.53,,,8.693,
2005-01-09 21:00:00,56.23,,,15.98,
2005-01-09 22:00:00,48.38,,,21.78,
2005-01-09 23:00:00,38.92,,,23.36,
2005-01-10 00:00:00,3.89,,,14.46,
2005-01-10 01:00:00,12.23,,,15.35,
2005-01-10 02:00:00,30.35,,,14.72,
2005-01-10 03:00:00,12.54,,,16.48,
2005-01-10 04:00:00,11.7,,,11.88,
2005-01-10 05:00:00,22.08,,,16.13,
2005-01-10 06:00:00,33.97,,,13.56,
2005-01-10 07:00:00,20.36,,,8.051,
2005-01-10 08:00:00,7.997,,,10.43,
2005-01-10 09:00:00,5.22,,,16.59,
2005-01-10 10:00:00,22.79,,,14.12,
2005-01-10 11:00:00,21.28,,,16.09,
2005-01-10 12:00:00,,,,20.99,
2005-01-10 13:00:00,,,,19.63,
2005-01-10 14:00:00,1.092,,,22.71,
2005-01-10 15:00:00,4.884,,,21.36,
2005-01-10 16:00:00,7.059,,,21.39,
2005-01-10 17:00:00,20.89,,,20.2,
2005-01-10 18:00:00,19.89,,,17.56,
2005-01-10 19:00:00,10.92,,,14.5,
2005-01-10 20:00:00,19.38,,,11.53,
2005-01-10 21:00:00,34.55,,,9.694,
2005-01-10 22:00:00,24.92,,,9.353,
2005-01-10 23:00:00,36.74,,,8.967,
2005-01-11 00:00:00,11.34,,,9.875,
2005-01-11 01:00:00,10.64,,,10.74,
2005-01-11 02:00:00,25.98,,,10.35,
2005-01-11 03:00:00,10.24,,,11.58,
2005-01-11 04:00:00,23.8,,,10.92,
2005-01-11 05:00:00,21.97,,,10.19,
2005-01-11 06:00:00,10.28,,,8.457,
2005-01-11 07:00:00,14.69,,,6.943,
2005-01-11 08:00:00,23.75,,,8.064,
2005-01-11 09:00:00,10.39,,,11.45,
2005-01-11 10:00:00,25.0,,,15.71,
2005-01-11 11:00:00,,,,16.16,
2005-01-11 12:00:00,,,,15.44,
2005-01-11 13:00:00,0.724,,,14.23,
2005-01-11 14:00:00,4.476,,,17.23,
2005-01-11 15:00:00,8.129,,,18.72,
2005-01-11 16:00:00,6.332,,,17.45,
2005-01-11 17:00:00,7.889,,,16.01,
2005-01-11 18:00:00,39.0,,,13.08,
2005-01-11 19:00:00,36.98,,,12.46,
2005-01-11 20:00:00,20.05,,,11.51,
2005-01-11 21:00:00,23.03,,,11.59,
2005-01-11 22:00:00,30.78,,,11.64,
2005-01-11 23:00:00,31.67,,,11.9,
2005-01-12 00:00:00,16.17,,,11.29,
2005-01-12 01:00:00,5.851,,,10.43,
2005-01-12 02:00:00,11.1,,,10.67,
2005-01-12 03:00:00,16.98,,,9.367,
2005-01-12 04:00:00,13.14,,,8.454,
2005-01-12 05:00:00,3.528,,,6.628,
2005-01-12 06:00:00,16.99,,,4.242,
2005-01-12 07:00:00,16.89,,,1.929,
2005-01-12 08:00:00,16.44,,,2.496,
2005-01-12 09:00:00,8.465,,,3.756,
2005-01-12 10:00:00,25.14,,,9.963,
2005-01-12 11:00:00,10.48,,,16.87,
2005-01-12 12:00:00,0.016,,,27.46,
2005-01-12 13:00:00,5.123,,,25.52,
2005-01-12 14:00:00,28.59,,,14.79,
2005-01-12 15:00:00,37.34,,,16.18,
2005-01-12 16:00:00,16.47,,,25.49,
2005-01-12 17:00:00,12.97,,,29.37,
2005-01-12 18:00:00,29.17,,,27.67,
2005-01-12 19:00:00,18.57,,,21.9,
2005-01-12 20:00:00,46.44,,,14.9,
2005-01-12 21:00:00,32.21,,,10.72,
2005-01-12 22:00:00,31.73,,,9.01,
2005-01-12 23:00:00,32.56,,,5.366,
2005-01-13 00:00:00,41.21,,,4.339,
2005-01-13 01:00:00,30.05,,,3.674,
2005-01-13 02:00:00,14.03,,,2.483,
2005-01-13 03:00:00,20.83,,,1.353,
2005-01-13 04:00:00,27.63,,,1.654,
2005-01-13 05:00:00,39.95,,,0.5,
2005-01-13 06:00:00,13.15,,,1.305,
2005-01-13 07:00:00,22.8,,,1.471,
2005-01-13 08:00:00,55.97,,,1.967,
2005-01-13 09:00:00,41.12,,,6.913,
2005-01-13 10:00:00,35.25,,,13.15,
2005-01-13 11:00:00,51.17,,,15.93,
2005-01-13 12:00:00,60.33,,,23.68,
2005-01-13 13:00:00,50.01,,,23.15,
2005-01-13 14:00:00,15.03,,,23.01,
2005-01-13 15:00:00,23.88,,,24.02,
2005-01-13 16:00:00,19.84,,,28.47,
2005-01-13 17:00:00,21.47,,,30.75,
2005-01-13 18:00:00,24.5,,,26.35,
2005-01-13 19:00:00,32.84,,,20.79,
2005-01-13 20:00:00,35.21,,,20.58,
2005-01-13 21:00:00,35.97,,,21.14,
2005-01-13 22:00:00,50.01,,,28.39,
2005-01-13 23:00:00,22.35,,,23.9,
2005-01-14 00:00:00,15.58,,,22.79,
2005-01-14 01:00:00,9.302,,,20.58,
2005-01-14 02:00:00,2.515,,,17.36,
2005-01-14 03:00:00,10.22,,,15.7,
2005-01-14 04:00:00,5.337,,,13.77,
2005-01-14 05:00:00,17.71,,,13.59,
2005-01-14 06:00:00,32.33,,,10.58,
2005-01-14 07:00:00,23.3,,,8.521,
2005-01-14 08:00:00,15.08,,,6.568,
2005-01-14 09:00:00,27.95,,,8.267,
2005-01-14 10:00:00,14.09,,,13.66,
2005-01-14 11:00:00,14.06,,,23.14,
2005-01-14 12:00:00,38.88,,,44.7,
2005-01-14 13:00:00,36.15,,,67.82,
2005-01-14 14:00:00,52.55,,,56.76,
2005-01-14 15:00:00,40.99,,,55.91,
2005-01-14 16:00:00,48.55,,,38.26,
2005-01-14 17:00:00,54.89,,,43.43,
2005-01-14 18:00:00,42.73,,,29.28,
2005-01-14 19:00:00,35.82,,,22.76,
2005-01-14 20:00:00,55.14,,,17.03,
2005-01-14 21:00:00,41.02,,,12.17,
2005-01-14 22:00:00,41.06,,,9.04,
2005-01-14 23:00:00,54.92,,,7.36,
2005-01-15 00:00:00,37.09,,,5.804,
2005-01-15 01:00:00,35.11,,,6.438,
2005-01-15 02:00:00,34.3,,,6.828,
2005-01-15 03:00:00,41.0,,,6.312,
2005-01-15 04:00:00,40.87,,,9.2,
2005-01-15 05:00:00,21.01,,,4.064,
2005-01-15 06:00:00,49.11,,,6.751,
2005-01-15 07:00:00,45.64,,,10.95,
2005-01-15 08:00:00,51.01,,,13.57,
2005-01-15 09:00:00,30.8,,,5.157,
2005-01-15 10:00:00,33.32,,,4.841,
2005-01-15 11:00:00,51.97,,,2.933,
2005-01-15 12:00:00,35.61,,,6.922,
2005-01-15 13:00:00,7.504,,,11.15,
2005-01-15 14:00:00,26.65,,,13.54,
2005-01-15 15:00:00,27.98,,,16.16,
2005-01-15 16:00:00,28.34,,,16.59,
2005-01-15 17:00:00,7.29,,,15.51,
2005-01-15 18:00:00,28.0,,,10.34,
2005-01-15 19:00:00,17.15,,,8.678,
2005-01-15 20:00:00,46.79,,,8.917,
2005-01-15 21:00:00,22.88,,,8.881,
2005-01-15 22:00:00,1.434,,,7.285,
2005-01-15 23:00:00,7.375,,,19.57,
2005-01-16 00:00:00,7.201,,,16.48,
2005-01-16 01:00:00,0.894,,,16.25,
2005-01-16 02:00:00,8.438,,,15.91,
2005-01-16 03:00:00,19.21,,,15.98,
2005-01-16 04:00:00,0.375,,,14.6,
2005-01-16 05:00:00,4.403,,,14.45,
2005-01-16 06:00:00,20.57,,,9.315,
2005-01-16 07:00:00,35.93,,,5.632,
2005-01-16 08:00:00,3.778,,,10.1,
2005-01-16 09:00:00,11.72,,,15.84,
2005-01-16 10:00:00,31.68,,,18.04,
2005-01-16 11:00:00,17.15,,,20.11,
2005-01-16 12:00:00,25.9,,,19.9,
2005-01-16 13:00:00,24.58,,,20.73,
2005-01-16 14:00:00,12.83,,,23.34,
2005-01-16 15:00:00,21.02,,,22.58,
2005-01-16 16:00:00,28.09,,,21.49,
2005-01-16 17:00:00,3.716,,,21.32,
2005-01-16 18:00:00,19.28,,,20.0,
2005-01-16 19:00:00,21.71,,,20.47,
2005-01-16 20:00:00,15.47,,,16.67,
2005-01-16 21:00:00,25.94,,,12.2,
2005-01-16 22:00:00,26.84,,,11.92,
2005-01-16 23:00:00,8.917,,,5.385,
2005-01-17 00:00:00,23.99,,,6.076,
2005-01-17 01:00:00,5.299,,,9.589,
2005-01-17 02:00:00,21.43,,,7.136,
2005-01-17 03:00:00,7.07,,,6.685,
2005-01-17 04:00:00,17.6,,,6.425,
2005-01-17 05:00:00,20.11,,,4.921,
2005-01-17 06:00:00,14.57,,,0.5,
2005-01-17 07:00:00,22.16,,,0.5,
2005-01-17 08:00:00,37.66,,,1.683,
2005-01-17 09:00:00,48.69,,,8.194,
2005-01-17 10:00:00,22.3,,,11.01,
2005-01-17 11:00:00,32.92,,,16.98,
2005-01-17 12:00:00,7.248,,,23.74,
2005-01-17 13:00:00,29.74,,,21.3,
2005-01-17 14:00:00,17.45,,,27.57,
2005-01-17 15:00:00,31.29,,,27.5,
2005-01-17 16:00:00,6.818,,,25.18,
2005-01-17 17:00:00,25.69,,,25.53,
2005-01-17 18:00:00,4.641,,,22.5,
2005-01-17 19:00:00,20.83,,,17.35,
2005-01-17 20:00:00,21.36,,,14.81,
2005-01-17 21:00:00,38.88,,,15.54,
2005-01-17 22:00:00,33.01,,,13.75,
2005-01-17 23:00:00,44.79,,,13.92,
2005-01-18 00:00:00,19.21,,,12.31,
2005-01-18 01:00:00,22.34,,,10.7,
2005-01-18 02:00:00,7.168,,,9.875,
2005-01-18 03:00:00,24.99,,,6.613,
2005-01-18 04:00:00,26.63,,,4.096,
2005-01-18 05:00:00,11.66,,,1.083,
2005-01-18 06:00:00,50.13,,,0.5,
2005-01-18 07:00:00,37.98,,,0.5,
2005-01-18 08:00:00,29.09,,,0.5,
2005-01-18 09:00:00,54.7,,,1.764,
2005-01-18 10:00:00,63.69,,,6.317,
2005-01-18 11:00:00,39.14,,,12.58,
2005-01-18 12:00:00,26.98,,,19.59,
2005-01-18 13:00:00,10.68,,,28.08,
2005-01-18 14:00:00,41.81,,,24.79,
2005-01-18 15:00:00,20.96,,,24.38,
2005-01-18 16:00:00,6.404,,,23.68,
2005-01-18 17:00:00,30.9,,,22.22,
2005-01-18 18:00:00,24.98,,,30.46,
2005-01-18 19:00:00,18.8,,,23.63,
2005-01-18 20:00:00,81.42,,,13.45,
2005-01-18 21:00:00,40.23,,,10.37,
2005-01-18 22:00:00,22.21,,,9.499,
2005-01-18 23:00:00,30.87,,,8.988,
2005-01-19 00:00:00,34.33,,,8.204,
2005-01-19 01:00:00,19.53,,,10.12,
2005-01-19 02:00:00,21.36,,,11.15,
2005-01-19 03:00:00,1.242,,,11.63,
2005-01-19 04:00:00,11.95,,,13.02,
2005-01-19 05:00:00,36.32,,,13.35,
2005-01-19 06:00:00,33.62,,,10.9,
2005-01-19 07:00:00,,,,6.647,
2005-01-19 08:00:00,3.415,,,6.938,
2005-01-19 09:00:00,21.47,,,9.035,
2005-01-19 10:00:00,32.15,,,16.21,
2005-01-19 11:00:00,1.488,,,18.17,
2005-01-19 12:00:00,6.36,,,20.46,
2005-01-19 13:00:00,4.6,,,22.84,
2005-01-19 14:00:00,10.83,,,22.03,
2005-01-19 15:00:00,19.03,,,21.98,
2005-01-19 16:00:00,31.17,,,22.58,
2005-01-19 17:00:00,9.25,,,20.89,
2005-01-19 18:00:00,31.83,,,18.21,
2005-01-19 19:00:00,17.05,,,14.96,
2005-01-19 20:00:00,31.82,,,13.82,
2005-01-19 21:00:00,31.14,,,12.83,
2005-01-19 22:00:00,22.41,,,12.62,
2005-01-19 23:00:00,31.59,,,13.64,
2005-01-20 00:00:00,3.521,,,13.02,
2005-01-20 01:00:00,1.832,,,11.54,
2005-01-20 02:00:00,10.25,,,8.029,
2005-01-20 03:00:00,14.5,,,6.329,
2005-01-20 04:00:00,11.74,,,3.943,
2005-01-20 05:00:00,18.93,,,4.985,
2005-01-20 06:00:00,30.11,,,3.778,
2005-01-20 07:00:00,24.75,,,0.5,
2005-01-20 08:00:00,41.64,,,1.296,
2005-01-20 09:00:00,31.87,,,3.644,
2005-01-20 10:00:00,37.16,,,6.776,
2005-01-20 11:00:00,38.29,,,10.79,
2005-01-20 12:00:00,16.68,,,19.55,
2005-01-20 13:00:00,27.32,,,21.76,
2005-01-20 14:00:00,36.22,,,21.95,
2005-01-20 15:00:00,35.02,,,20.15,
2005-01-20 16:00:00,36.05,,,21.86,
2005-01-20 17:00:00,51.01,,,21.46,
2005-01-20 18:00:00,24.69,,,18.03,
2005-01-20 19:00:00,27.2,,,18.35,
2005-01-20 20:00:00,57.62,,,15.79,
2005-01-20 21:00:00,17.51,,,12.78,
2005-01-20 22:00:00,19.52,,,12.48,
2005-01-20 23:00:00,33.43,,,10.89,
2005-01-21 00:00:00,32.32,,,9.474,
2005-01-21 01:00:00,17.13,,,10.96,
2005-01-21 02:00:00,29.93,,,9.147,
2005-01-21 03:00:00,13.31,,,10.41,
2005-01-21 04:00:00,28.93,,,9.622,
2005-01-21 05:00:00,17.29,,,13.68,
2005-01-21 06:00:00,43.04,,,6.882,
2005-01-21 07:00:00,25.66,,,1.083,
2005-01-21 08:00:00,40.09,,,8.559,
2005-01-21 09:00:00,13.23,,,7.251,
2005-01-21 10:00:00,35.59,,,16.12,
2005-01-21 11:00:00,29.93,,,22.73,
2005-01-21 12:00:00,42.84,,,25.01,
2005-01-21 13:00:00,35.71,,,22.17,
2005-01-21 14:00:00,45.66,,,25.36,
2005-01-21 15:00:00,21.7,,,26.44,
2005-01-21 16:00:00,17.91,,,28.2,
2005-01-21 17:00:00,27.96,,,26.12,
2005-01-21 18:00:00,30.48,,,26.46,
2005-01-21 19:00:00,25.88,,,24.95,
2005-01-21 20:00:00,8.781,,,18.65,
2005-01-21 21:00:00,29.97,,,18.82,
2005-01-21 22:00:00,59.28,,,19.71,
2005-01-21 23:00:00,30.57,,,17.81,
2005-01-22 00:00:00,7.735,,,19.02,
2005-01-22 01:00:00,9.769,,,17.62,
2005-01-22 02:00:00,19.49,,,15.51,
2005-01-22 03:00:00,31.96,,,9.291,
2005-01-22 04:00:00,39.36,,,12.26,
2005-01-22 05:00:00,13.18,,,9.374,
2005-01-22 06:00:00,13.18,,,4.886,
2005-01-22 07:00:00,28.69,,,2.232,
2005-01-22 08:00:00,56.7,,,7.196,
2005-01-22 09:00:00,30.04,,,11.77,
2005-01-22 10:00:00,33.14,,,21.09,
2005-01-22 11:00:00,28.53,,,25.63,
2005-01-22 12:00:00,3.457,,,36.68,
2005-01-22 13:00:00,24.71,,,43.48,
2005-01-22 14:00:00,59.11,,,47.33,
2005-01-22 15:00:00,30.17,,,40.75,
2005-01-22 16:00:00,37.26,,,38.66,
2005-01-22 17:00:00,40.92,,,31.95,
2005-01-22 18:00:00,48.85,,,22.12,
2005-01-22 19:00:00,42.19,,,22.55,
2005-01-22 20:00:00,35.6,,,20.03,
2005-01-22 21:00:00,52.37,,,16.83,
2005-01-22 22:00:00,47.06,,,15.31,
2005-01-22 23:00:00,33.28,,,12.46,
2005-01-23 00:00:00,22.56,,,10.91,
2005-01-23 01:00:00,37.27,,,9.101,
2005-01-23 02:00:00,29.37,,,6.455,
2005-01-23 03:00:00,18.96,,,5.786,
2005-01-23 04:00:00,5.061,,,3.653,
2005-01-23 05:00:00,30.11,,,3.556,
2005-01-23 06:00:00,44.79,,,3.537,
2005-01-23 07:00:00,27.74,,,4.397,
2005-01-23 08:00:00,36.85,,,4.643,
2005-01-23 09:00:00,9.873,,,7.336,
2005-01-23 10:00:00,41.29,,,14.0,
2005-01-23 11:00:00,32.62,,,25.17,
2005-01-23 12:00:00,17.94,,,21.1,
2005-01-23 13:00:00,3.571,,,21.95,
2005-01-23 14:00:00,12.53,,,23.41,
2005-01-23 15:00:00,,,,23.88,
2005-01-23 16:00:00,0.994,,,25.27,
2005-01-23 17:00:00,5.074,,,23.45,
2005-01-23 18:00:00,12.59,,,22.14,
2005-01-23 19:00:00,35.31,,,17.07,
2005-01-23 20:00:00,29.52,,,12.59,
2005-01-23 21:00:00,56.82,,,11.05,
2005-01-23 22:00:00,41.52,,,11.29,
2005-01-23 23:00:00,35.61,,,11.37,
2005-01-24 00:00:00,50.15,,,13.18,
2005-01-24 01:00:00,27.92,,,13.74,
2005-01-24 02:00:00,48.6,,,16.05,
2005-01-24 03:00:00,30.07,,,15.74,
2005-01-24 04:00:00,53.03,,,16.95,
2005-01-24 05:00:00,35.93,,,15.37,
2005-01-24 06:00:00,56.76,,,12.37,
2005-01-24 07:00:00,44.78,,,6.207,
2005-01-24 08:00:00,46.72,,,3.321,
2005-01-24 09:00:00,61.05,,,2.498,
2005-01-24 10:00:00,61.47,,,3.394,
2005-01-24 11:00:00,53.61,,,12.43,
2005-01-24 12:00:00,37.79,,,23.36,
2005-01-24 13:00:00,32.71,,,19.85,
2005-01-24 14:00:00,52.37,,,11.0,
2005-01-24 15:00:00,33.02,,,15.32,
2005-01-24 16:00:00,40.23,,,13.4,
2005-01-24 17:00:00,47.14,,,11.85,
2005-01-24 18:00:00,52.98,,,7.75,
2005-01-24 19:00:00,28.97,,,4.239,
2005-01-24 20:00:00,20.46,,,2.803,
2005-01-24 21:00:00,55.62,,,4.57,
2005-01-24 22:00:00,44.57,,,4.269,
2005-01-24 23:00:00,33.11,,,4.421,
2005-01-25 00:00:00,43.35,,,8.226,
2005-01-25 01:00:00,26.76,,,7.229,
2005-01-25 02:00:00,28.14,,,7.307,
2005-01-25 03:00:00,36.42,,,21.29,
2005-01-25 04:00:00,33.16,,,25.47,
2005-01-25 05:00:00,8.658,,,21.75,
2005-01-25 06:00:00,13.63,,,18.98,
2005-01-25 07:00:00,34.49,,,18.96,
2005-01-25 08:00:00,19.43,,,12.15,
2005-01-25 09:00:00,36.2,,,13.18,
2005-01-25 10:00:00,28.69,,,13.41,
2005-01-25 11:00:00,32.6,,,15.33,
2005-01-25 12:00:00,30.97,,,14.94,
2005-01-25 13:00:00,16.04,,,17.51,
2005-01-25 14:00:00,49.46,,,15.94,
2005-01-25 15:00:00,31.23,,,21.29,
2005-01-25 16:00:00,29.6,,,36.48,
2005-01-25 17:00:00,45.78,,,35.12,
2005-01-25 18:00:00,47.19,,,28.95,
2005-01-25 19:00:00,53.77,,,24.03,
2005-01-25 20:00:00,51.86,,,24.67,
2005-01-25 21:00:00,50.89,,,22.42,
2005-01-25 22:00:00,44.57,,,23.61,
2005-01-25 23:00:00,23.71,,,22.05,
2005-01-26 00:00:00,23.97,,,23.21,
2005-01-26 01:00:00,26.9,,,20.61,
2005-01-26 02:00:00,32.23,,,17.04,
2005-01-26 03:00:00,18.86,,,15.82,
2005-01-26 04:00:00,16.97,,,14.86,
2005-01-26 05:00:00,10.49,,,14.74,
2005-01-26 06:00:00,16.61,,,5.997,
2005-01-26 07:00:00,38.25,,,2.112,
2005-01-26 08:00:00,32.47,,,2.706,
2005-01-26 09:00:00,58.82,,,4.768,
2005-01-26 10:00:00,36.98,,,8.614,
2005-01-26 11:00:00,34.32,,,10.84,
2005-01-26 12:00:00,29.83,,,15.73,
2005-01-26 13:00:00,4.502,,,23.77,
2005-01-26 14:00:00,7.662,,,24.65,
2005-01-26 15:00:00,15.91,,,24.34,
2005-01-26 16:00:00,13.38,,,22.83,
2005-01-26 17:00:00,11.13,,,24.9,
2005-01-26 18:00:00,47.4,,,25.43,
2005-01-26 19:00:00,17.48,,,23.44,
2005-01-26 20:00:00,12.98,,,17.88,
2005-01-26 21:00:00,54.72,,,13.22,
2005-01-26 22:00:00,55.71,,,8.507,
2005-01-26 23:00:00,41.92,,,17.46,
2005-01-27 00:00:00,27.39,,,15.99,
2005-01-27 01:00:00,25.85,,,12.47,
2005-01-27 02:00:00,35.87,,,9.489,
2005-01-27 03:00:00,22.79,,,14.96,
2005-01-27 04:00:00,12.08,,,11.82,
2005-01-27 05:00:00,24.45,,,9.256,
2005-01-27 06:00:00,5.184,,,9.699,
2005-01-27 07:00:00,26.16,,,2.06,
2005-01-27 08:00:00,29.37,,,3.322,
2005-01-27 09:00:00,29.18,,,8.603,
2005-01-27 10:00:00,31.28,,,14.36,
2005-01-27 11:00:00,20.13,,,19.72,
2005-01-27 12:00:00,23.0,,,26.64,
2005-01-27 13:00:00,11.23,,,26.41,
2005-01-27 14:00:00,26.25,,,25.38,
2005-01-27 15:00:00,1.917,,,23.79,
2005-01-27 16:00:00,14.67,,,22.77,
2005-01-27 17:00:00,36.36,,,21.34,
2005-01-27 18:00:00,40.0,,,19.18,
2005-01-27 19:00:00,44.97,,,20.33,
2005-01-27 20:00:00,55.24,,,14.5,
2005-01-27 21:00:00,45.85,,,12.41,
2005-01-27 22:00:00,42.32,,,9.776,
2005-01-27 23:00:00,45.44,,,8.451,
2005-01-28 00:00:00,25.7,,,8.962,
2005-01-28 01:00:00,10.64,,,8.94,
2005-01-28 02:00:00,12.02,,,10.22,
2005-01-28 03:00:00,27.49,,,10.44,
2005-01-28 04:00:00,19.32,,,10.47,
2005-01-28 05:00:00,14.34,,,10.7,
2005-01-28 06:00:00,35.49,,,7.336,
2005-01-28 07:00:00,45.3,,,1.515,
2005-01-28 08:00:00,43.28,,,3.264,
2005-01-28 09:00:00,28.28,,,3.147,
2005-01-28 10:00:00,8.931,,,4.251,
2005-01-28 11:00:00,13.55,,,8.03,
2005-01-28 12:00:00,3.705,,,16.49,
2005-01-28 13:00:00,1.806,,,28.4,
2005-01-28 14:00:00,11.26,,,24.46,
2005-01-29 11:00:00,,,,10.47,
2005-01-29 12:00:00,2.293,,,19.43,
2005-01-29 13:00:00,15.4,,,24.25,
2005-01-29 14:00:00,27.81,,,30.63,
2005-01-29 15:00:00,19.31,,,22.52,
2005-01-29 16:00:00,47.28,,,18.52,
2005-01-29 17:00:00,29.2,,,31.53,
2005-01-29 18:00:00,32.06,,,25.66,
2005-01-29 19:00:00,48.08,,,18.79,
2005-01-29 20:00:00,43.8,,,14.3,
2005-01-29 21:00:00,59.45,,,10.05,
2005-01-29 22:00:00,71.1,,,7.536,
2005-01-29 23:00:00,60.65,,,8.11,
2005-01-30 00:00:00,23.6,,,7.461,
2005-01-30 01:00:00,48.5,,,7.135,
2005-01-30 02:00:00,38.0,,,6.667,
2005-01-30 03:00:00,41.64,,,6.761,
2005-01-30 04:00:00,37.75,,,5.869,
2005-01-30 05:00:00,13.28,,,3.687,
2005-01-30 06:00:00,14.08,,,2.075,
2005-01-30 07:00:00,25.71,,,2.006,
2005-01-30 08:00:00,43.28,,,3.543,
2005-01-30 09:00:00,23.93,,,5.026,
2005-01-30 10:00:00,0.333,,,8.232,
2005-01-30 11:00:00,,,,12.4,
2005-01-30 12:00:00,,,,15.14,
2005-01-30 13:00:00,3.804,,,18.2,
2005-01-30 14:00:00,16.31,,,20.94,
2005-01-30 15:00:00,11.59,,,20.84,
2005-01-30 16:00:00,25.35,,,19.97,
2005-01-30 17:00:00,45.81,,,22.66,
2005-01-30 18:00:00,100.2,,,23.77,
2005-01-30 19:00:00,100.5,,,27.49,
2005-01-30 20:00:00,185.1,,,21.32,
2005-01-30 21:00:00,,,,17.09,
2005-01-30 22:00:00,,,,17.01,
2005-01-30 23:00:00,,,,9.804,
2005-01-31 00:00:00,,,,7.377,
2005-01-31 01:00:00,,,,6.46,
2005-01-31 02:00:00,,,,5.788,
2005-01-31 03:00:00,,,,5.956,
2005-01-31 04:00:00,,,,4.522,
2005-01-31 05:00:00,,,,3.661,
2005-01-31 06:00:00,,,,2.299,
2005-01-31 07:00:00,,,,0.5,
2005-01-31 08:00:00,,,,0.5,
2005-01-31 09:00:00,,,,0.5,
2005-01-31 10:00:00,,,,2.988,
2005-02-01 12:00:00,,,,6.296,
2005-02-01 13:00:00,,,,8.954,
2005-02-01 14:00:00,,,,7.505,
2005-02-01 15:00:00,7.355,,,5.751,
2005-02-01 16:00:00,14.38,,,7.264,
2005-02-01 17:00:00,16.04,,,9.553,
2005-02-01 18:00:00,18.03,,,8.183,
2005-02-01 19:00:00,14.46,,,10.65,
2005-02-01 20:00:00,,,,11.84,
2005-02-01 21:00:00,,,,9.007,
2005-02-01 22:00:00,2.192,,,14.28,
2005-02-01 23:00:00,11.01,,,15.01,
2005-02-02 00:00:00,10.17,,,15.61,
2005-02-02 01:00:00,0.85,,,17.63,
2005-02-02 02:00:00,4.959,,,18.13,
2005-02-02 03:00:00,6.571,,,18.65,
2005-02-02 04:00:00,6.756,,,16.08,
2005-02-02 05:00:00,25.67,,,16.48,
2005-02-02 06:00:00,,,,15.93,
2005-02-02 07:00:00,,,,12.71,
2005-02-02 08:00:00,0.685,,,14.19,
2005-02-02 09:00:00,4.107,,,5.979,
2005-02-02 10:00:00,6.77,,,4.732,
2005-02-02 11:00:00,8.323,,,8.826,
2005-02-02 12:00:00,16.28,,,15.71,
2005-02-02 13:00:00,0.394,,,16.78,
2005-02-02 14:00:00,6.282,,,16.08,
2005-02-02 17:00:00,5.373,,,14.86,
2005-02-02 18:00:00,15.01,,,11.86,
2005-02-02 19:00:00,8.948,,,13.32,
2005-02-02 20:00:00,22.68,,,6.136,
2005-02-02 21:00:00,2.314,,,2.994,
2005-02-02 22:00:00,10.95,,,1.658,
2005-02-02 23:00:00,12.52,,,1.717,
2005-02-03 00:00:00,17.33,,,3.001,
2005-02-03 01:00:00,,,,7.674,
2005-02-03 02:00:00,0.18,,,10.02,
2005-02-03 03:00:00,4.992,,,11.7,
2005-02-03 04:00:00,21.63,,,12.51,
2005-02-03 05:00:00,20.28,,,13.12,
2005-02-03 06:00:00,3.228,,,8.907,
2005-02-03 07:00:00,15.32,,,2.032,
2005-02-03 08:00:00,17.92,,,4.518,
2005-02-03 09:00:00,24.35,,,12.5,
2005-02-03 10:00:00,10.48,,,14.93,
2005-02-03 11:00:00,21.2,,,17.99,
2005-02-03 12:00:00,22.22,,,16.69,
2005-02-03 13:00:00,3.334,,,14.14,
2005-02-03 14:00:00,19.08,,,6.632,
2005-02-03 15:00:00,27.51,,,9.374,
2005-02-03 16:00:00,19.37,,,10.01,
2005-02-03 17:00:00,21.44,,,9.449,
2005-02-03 18:00:00,5.942,,,8.097,
2005-02-03 19:00:00,22.66,,,8.897,
2005-02-03 20:00:00,2.471,,,8.981,
2005-02-03 21:00:00,13.22,,,7.773,
2005-02-03 22:00:00,14.17,,,8.943,
2005-02-03 23:00:00,5.688,,,9.496,
2005-02-04 00:00:00,27.8,,,11.33,
2005-02-04 01:00:00,21.94,,,10.0,
2005-02-04 02:00:00,1.791,,,13.25,
2005-02-04 03:00:00,9.097,,,14.53,
2005-02-04 04:00:00,9.6,,,14.8,
2005-02-04 05:00:00,8.699,,,15.7,
2005-02-04 06:00:00,17.95,,,13.05,
2005-02-04 07:00:00,17.62,,,8.605,
2005-02-04 08:00:00,0.719,,,8.661,
2005-02-04 09:00:00,8.006,,,9.346,
2005-02-04 10:00:00,24.19,,,10.9,
2005-02-04 11:00:00,15.23,,,16.05,
2005-02-04 12:00:00,,,,18.92,
2005-02-04 13:00:00,0.108,,,18.81,
2005-02-04 14:00:00,3.666,,,22.71,
2005-02-04 15:00:00,17.26,,,24.52,
2005-02-04 16:00:00,20.0,,,21.25,
2005-02-05 11:00:00,9.007,,,12.0,
2005-02-05 12:00:00,14.25,,,18.32,
2005-02-05 13:00:00,11.66,,,25.64,
2005-02-05 14:00:00,19.25,,,25.13,
2005-02-05 15:00:00,19.68,,,28.27,
2005-02-05 16:00:00,11.95,,,26.43,
2005-02-05 17:00:00,12.61,,,24.18,
2005-02-05 18:00:00,42.3,,,21.83,
2005-02-05 19:00:00,25.68,,,19.25,
2005-02-05 20:00:00,36.84,,,16.1,
2005-02-05 21:00:00,12.75,,,15.28,
2005-02-05 22:00:00,26.84,,,12.19,
2005-02-05 23:00:00,11.91,,,12.26,
2005-02-06 00:00:00,10.88,,,11.48,
2005-02-06 01:00:00,25.25,,,14.54,
2005-02-06 02:00:00,19.32,,,14.17,
2005-02-06 03:00:00,2.145,,,12.5,
2005-02-06 04:00:00,8.783,,,11.62,
2005-02-06 05:00:00,34.55,,,10.88,
2005-02-06 06:00:00,5.05,,,6.699,
2005-02-06 07:00:00,19.01,,,6.062,
2005-02-06 08:00:00,19.56,,,9.982,
2005-02-06 09:00:00,3.5,,,9.703,
2005-02-06 10:00:00,13.76,,,11.15,
2005-02-06 11:00:00,2.867,,,16.91,
2005-02-06 12:00:00,11.36,,,23.97,
2005-02-06 13:00:00,0.548,,,22.68,
2005-02-06 14:00:00,2.502,,,22.08,
2005-02-06 15:00:00,9.228,,,27.42,
2005-02-06 16:00:00,15.12,,,25.88,
2005-02-06 17:00:00,22.15,,,23.96,
2005-02-06 18:00:00,19.26,,,19.68,
2005-02-06 19:00:00,22.89,,,19.33,
2005-02-06 20:00:00,49.25,,,15.84,
2005-02-06 21:00:00,23.92,,,16.31,
2005-02-06 22:00:00,41.73,,,14.71,
2005-02-06 23:00:00,11.82,,,15.17,
2005-02-07 00:00:00,11.79,,,15.54,
2005-02-07 01:00:00,5.96,,,14.44,
2005-02-07 02:00:00,23.43,,,14.55,
2005-02-07 03:00:00,,,,14.03,
2005-02-07 04:00:00,8.533,,,14.21,
2005-02-07 05:00:00,33.61,,,13.6,
2005-02-07 06:00:00,,,,11.93,
2005-02-07 07:00:00,2.908,,,9.711,
2005-02-07 08:00:00,11.53,,,10.21,
2005-02-07 09:00:00,3.781,,,13.95,
2005-02-07 10:00:00,16.75,,,19.7,
2005-02-07 11:00:00,7.855,,,24.02,
2005-02-07 12:00:00,,,,30.08,
2005-02-07 13:00:00,,,,36.55,
2005-02-07 14:00:00,0.891,,,36.87,
2005-02-07 15:00:00,4.26,,,34.65,
2005-02-07 16:00:00,9.73,,,27.58,
2005-02-07 17:00:00,30.42,,,29.37,
2005-02-07 18:00:00,33.27,,,22.57,
2005-02-07 19:00:00,51.25,,,20.35,
2005-02-07 20:00:00,35.05,,,19.73,
2005-02-07 21:00:00,29.74,,,17.82,
2005-02-07 22:00:00,43.09,,,14.45,
2005-02-07 23:00:00,21.06,,,14.36,
2005-02-08 00:00:00,17.07,,,14.13,
2005-02-08 01:00:00,5.881,,,14.77,
2005-02-08 02:00:00,26.99,,,14.96,
2005-02-08 03:00:00,17.17,,,14.05,
2005-02-08 04:00:00,14.55,,,13.37,
2005-02-08 05:00:00,28.65,,,13.04,
2005-02-08 06:00:00,9.989,,,12.02,
2005-02-08 07:00:00,19.26,,,11.07,
2005-02-08 08:00:00,24.48,,,12.22,
2005-02-08 09:00:00,13.47,,,15.38,
2005-02-08 10:00:00,10.94,,,17.17,
2005-02-08 11:00:00,8.718,,,24.6,
2005-02-08 12:00:00,0.518,,,24.49,
2005-02-08 13:00:00,4.001,,,26.3,
2005-02-08 14:00:00,19.14,,,27.29,
2005-02-08 15:00:00,15.89,,,26.48,
2005-02-08 16:00:00,18.76,,,27.99,
2005-02-08 17:00:00,39.84,,,30.13,
2005-02-08 18:00:00,27.25,,,27.13,
2005-02-08 19:00:00,47.61,,,23.17,
2005-02-08 20:00:00,39.49,,,18.84,
2005-02-08 21:00:00,40.28,,,15.83,
2005-02-08 22:00:00,57.71,,,13.55,
2005-02-08 23:00:00,21.18,,,12.42,
2005-02-09 00:00:00,20.68,,,12.86,
2005-02-09 01:00:00,19.8,,,13.44,
2005-02-09 02:00:00,13.4,,,12.95,
2005-02-09 03:00:00,18.01,,,12.44,
2005-02-09 04:00:00,28.47,,,12.43,
2005-02-09 05:00:00,35.54,,,10.51,
2005-02-09 06:00:00,5.822,,,3.55,
2005-02-09 07:00:00,29.13,,,1.079,
2005-02-09 08:00:00,44.8,,,1.357,
2005-02-09 09:00:00,37.38,,,7.147,
2005-02-09 10:00:00,19.94,,,15.98,
2005-02-09 11:00:00,16.03,,,20.15,
2005-02-09 12:00:00,28.61,,,23.59,
2005-02-09 13:00:00,11.59,,,25.35,
2005-02-09 14:00:00,26.83,,,37.59,
2005-02-09 15:00:00,64.8,,,52.13,
2005-02-09 16:00:00,82.97,,,23.78,
2005-02-09 17:00:00,38.46,,,27.88,
2005-02-09 18:00:00,15.2,,,19.5,
2005-02-09 19:00:00,33.29,,,23.07,
2005-02-09 20:00:00,51.75,,,19.09,
2005-02-09 21:00:00,49.44,,,15.5,
2005-02-09 22:00:00,50.14,,,14.33,
2005-02-09 23:00:00,51.91,,,6.942,
2005-02-10 00:00:00,48.87,,,12.22,
2005-02-10 01:00:00,36.01,,,13.37,
2005-02-10 02:00:00,57.56,,,15.02,
2005-02-10 03:00:00,33.9,,,14.56,
2005-02-10 04:00:00,26.95,,,17.54,
2005-02-10 05:00:00,28.62,,,12.0,
2005-02-10 06:00:00,51.3,,,5.992,
2005-02-10 07:00:00,25.69,,,2.549,
2005-02-10 08:00:00,32.87,,,2.347,
2005-02-10 09:00:00,103.5,,,2.955,
2005-02-10 10:00:00,46.8,,,6.104,
2005-02-10 11:00:00,78.6,,,11.86,
2005-02-10 12:00:00,35.01,,,20.04,
2005-02-10 13:00:00,31.04,,,20.83,
2005-02-10 14:00:00,21.99,,,18.17,
2005-02-10 15:00:00,31.98,,,18.86,
2005-02-10 17:00:00,,,,18.39,
2005-02-10 18:00:00,2.932,,,24.63,
2005-02-10 19:00:00,49.22,,,21.22,
2005-02-10 20:00:00,12.08,,,8.553,
2005-02-10 21:00:00,22.81,,,12.59,
2005-02-10 22:00:00,59.46,,,9.169,
2005-02-10 23:00:00,26.93,,,6.968,
2005-02-11 00:00:00,48.38,,,15.45,
2005-02-11 01:00:00,14.5,,,22.01,
2005-02-11 02:00:00,16.59,,,24.3,
2005-02-11 03:00:00,0.831,,,24.96,
2005-02-11 04:00:00,14.51,,,21.67,
2005-02-11 05:00:00,12.34,,,21.28,
2005-02-11 06:00:00,0.428,,,18.44,
2005-02-11 07:00:00,7.524,,,10.47,
2005-02-11 08:00:00,8.575,,,6.793,
2005-02-11 09:00:00,26.29,,,10.65,
2005-02-11 10:00:00,34.73,,,10.84,
2005-02-11 11:00:00,23.34,,,14.69,
2005-02-11 12:00:00,1.523,,,15.22,
2005-02-11 13:00:00,2.703,,,12.24,
2005-02-11 14:00:00,27.91,,,13.41,
2005-02-11 15:00:00,18.42,,,15.72,
2005-02-11 16:00:00,10.05,,,14.32,
2005-02-11 17:00:00,15.24,,,9.704,
2005-02-11 18:00:00,2.037,,,2.863,
2005-02-11 19:00:00,35.76,,,12.1,
2005-02-11 20:00:00,20.09,,,12.24,
2005-02-11 21:00:00,13.52,,,11.63,
2005-02-11 22:00:00,28.41,,,13.93,
2005-02-11 23:00:00,15.72,,,12.6,
2005-02-12 00:00:00,22.61,,,15.1,
2005-02-12 01:00:00,1.098,,,14.81,
2005-02-12 02:00:00,20.08,,,15.35,
2005-02-12 03:00:00,29.34,,,14.26,
2005-02-12 04:00:00,246.3,,,8.954,
2005-02-12 05:00:00,136.7,,,8.204,
2005-02-12 06:00:00,,,,7.35,
2005-02-12 07:00:00,1.66,,,3.951,
2005-02-12 08:00:00,30.36,,,2.949,
2005-02-12 09:00:00,24.97,,,3.936,
2005-02-12 10:00:00,15.4,,,7.103,
2005-02-12 11:00:00,15.91,,,10.68,
2005-02-12 12:00:00,3.689,,,12.83,
2005-02-12 13:00:00,21.8,,,14.5,
2005-02-12 14:00:00,,,,19.06,
2005-02-12 15:00:00,,,,18.84,
2005-02-12 16:00:00,0.307,,,14.64,
2005-02-12 17:00:00,5.363,,,11.67,
2005-02-12 18:00:00,0.361,,,13.61,
2005-02-12 19:00:00,6.857,,,12.88,
2005-02-12 20:00:00,11.19,,,13.32,
2005-02-12 21:00:00,25.92,,,14.59,
2005-02-12 22:00:00,0.096,,,15.61,
2005-02-12 23:00:00,3.026,,,13.9,
2005-02-13 00:00:00,24.92,,,16.59,
2005-02-13 01:00:00,29.15,,,17.26,
2005-02-13 02:00:00,24.59,,,15.72,
2005-02-13 03:00:00,0.9,,,16.0,
2005-02-13 04:00:00,16.95,,,15.63,
2005-02-13 05:00:00,14.62,,,16.25,
2005-02-13 06:00:00,9.008,,,16.98,
2005-02-13 07:00:00,0.048,,,13.82,
2005-02-13 08:00:00,2.703,,,14.17,
2005-02-13 09:00:00,34.42,,,15.28,
2005-02-13 10:00:00,24.6,,,16.55,
2005-02-13 11:00:00,,,,16.74,
2005-02-13 12:00:00,,,,18.19,
2005-02-13 13:00:00,0.04,,,22.43,
2005-02-13 14:00:00,0.882,,,23.41,
2005-02-13 15:00:00,3.172,,,20.08,
2005-02-13 16:00:00,4.761,,,26.14,
2005-02-13 17:00:00,3.817,,,29.2,
2005-02-13 18:00:00,9.096,,,29.33,
2005-02-13 19:00:00,12.63,,,27.73,
2005-02-13 20:00:00,33.13,,,21.02,
2005-02-13 21:00:00,1.975,,,15.04,
2005-02-13 22:00:00,38.06,,,12.9,
2005-02-13 23:00:00,31.13,,,9.135,
2005-02-14 00:00:00,30.4,,,9.194,
2005-02-14 01:00:00,8.6,,,8.496,
2005-02-14 02:00:00,11.97,,,8.84,
2005-02-14 03:00:00,37.98,,,9.604,
2005-02-14 04:00:00,1.49,,,9.958,
2005-02-14 05:00:00,28.32,,,8.749,
2005-02-14 06:00:00,0.812,,,10.1,
2005-02-14 07:00:00,16.0,,,7.232,
2005-02-14 08:00:00,12.26,,,7.076,
2005-02-14 09:00:00,29.34,,,9.992,
2005-02-14 10:00:00,17.03,,,12.86,
2005-02-14 11:00:00,8.903,,,13.98,
2005-02-14 12:00:00,5.067,,,16.61,
2005-02-14 13:00:00,20.87,,,17.48,
2005-02-14 14:00:00,12.22,,,18.06,
2005-02-14 15:00:00,18.29,,,16.77,
2005-02-14 16:00:00,20.35,,,17.44,
2005-02-14 17:00:00,0.847,,,15.28,
2005-02-14 18:00:00,15.53,,,13.58,
2005-02-14 19:00:00,31.73,,,11.35,
2005-02-14 20:00:00,29.05,,,10.38,
2005-02-14 21:00:00,31.98,,,8.638,
2005-02-14 22:00:00,43.08,,,9.238,
2005-02-14 23:00:00,38.07,,,11.64,
2005-02-15 00:00:00,19.71,,,12.1,
2005-02-15 01:00:00,4.587,,,11.07,
2005-02-15 02:00:00,16.95,,,13.35,
2005-02-15 03:00:00,25.44,,,12.28,
2005-02-15 04:00:00,9.475,,,9.376,
2005-02-15 05:00:00,6.695,,,7.233,
2005-02-15 06:00:00,1.026,,,4.657,
2005-02-15 07:00:00,18.92,,,4.456,
2005-02-15 08:00:00,18.7,,,3.503,
2005-02-15 09:00:00,22.64,,,6.114,
2005-02-15 10:00:00,20.94,,,12.32,
2005-02-15 11:00:00,22.88,,,15.62,
2005-02-15 12:00:00,22.33,,,17.04,
2005-02-15 13:00:00,10.49,,,17.6,
2005-02-15 14:00:00,41.27,,,14.12,
2005-02-15 15:00:00,,,,15.22,
2005-02-15 16:00:00,1.596,,,17.41,
2005-02-15 17:00:00,29.91,,,16.75,
2005-02-15 18:00:00,23.48,,,16.44,
2005-02-15 19:00:00,15.33,,,14.65,
2005-02-15 20:00:00,14.77,,,11.47,
2005-02-15 21:00:00,45.14,,,10.76,
2005-02-15 22:00:00,37.39,,,10.07,
2005-02-15 23:00:00,5.258,,,10.39,
2005-02-16 00:00:00,2.334,,,8.418,
2005-02-16 01:00:00,20.65,,,7.978,
2005-02-16 02:00:00,9.363,,,8.187,
2005-02-16 03:00:00,0.547,,,7.836,
2005-02-16 04:00:00,11.22,,,7.251,
2005-02-16 05:00:00,20.58,,,7.31,
2005-02-16 06:00:00,,,,4.872,
2005-02-16 07:00:00,0.02,,,2.201,
2005-02-16 08:00:00,1.293,,,2.604,
2005-02-16 09:00:00,18.11,,,1.434,
2005-02-16 10:00:00,19.8,,,2.806,
2005-02-16 11:00:00,1.065,,,7.262,
2005-02-16 12:00:00,14.7,,,11.61,
2005-02-16 13:00:00,7.124,,,13.22,
2005-02-16 14:00:00,27.83,,,14.62,
2005-02-16 15:00:00,,,,15.77,
2005-02-16 16:00:00,0.761,,,16.1,
2005-02-16 17:00:00,14.81,,,16.15,
2005-02-16 18:00:00,14.67,,,16.59,
2005-02-16 19:00:00,8.555,,,13.73,
2005-02-16 20:00:00,37.63,,,10.41,
2005-02-16 21:00:00,8.265,,,9.576,
2005-02-16 22:00:00,32.35,,,8.706,
2005-02-16 23:00:00,24.21,,,9.867,
2005-02-17 00:00:00,5.342,,,7.753,
2005-02-17 01:00:00,27.18,,,8.672,
2005-02-17 02:00:00,1.86,,,9.292,
2005-02-17 03:00:00,20.36,,,9.329,
2005-02-17 04:00:00,0.813,,,9.117,
2005-02-17 05:00:00,15.79,,,8.11,
2005-02-17 06:00:00,6.298,,,8.665,
2005-02-17 07:00:00,1.961,,,6.617,
2005-02-17 08:00:00,37.25,,,7.114,
2005-02-17 09:00:00,1.668,,,8.743,
2005-02-17 10:00:00,32.44,,,10.65,
2005-02-17 11:00:00,15.2,,,16.69,
2005-02-17 12:00:00,18.68,,,20.47,
2005-02-17 13:00:00,42.32,,,24.25,
2005-02-17 14:00:00,21.3,,,28.0,
2005-02-17 15:00:00,40.94,,,22.05,
2005-02-17 16:00:00,21.6,,,20.18,
2005-02-17 17:00:00,25.32,,,20.6,
2005-02-17 18:00:00,17.13,,,17.63,
2005-02-17 19:00:00,37.83,,,17.01,
2005-02-17 20:00:00,12.37,,,12.22,
2005-02-17 21:00:00,52.4,,,10.48,
2005-02-17 22:00:00,16.15,,,9.917,
2005-02-17 23:00:00,16.45,,,9.724,
2005-02-18 00:00:00,27.13,,,10.22,
2005-02-18 01:00:00,9.09,,,15.73,
2005-02-18 02:00:00,18.55,,,13.01,
2005-02-18 03:00:00,1.775,,,10.2,
2005-02-18 04:00:00,23.32,,,10.97,
2005-02-18 05:00:00,17.14,,,9.9,
2005-02-18 06:00:00,,,,6.658,
2005-02-18 07:00:00,1.114,,,4.347,
2005-02-18 08:00:00,22.04,,,6.976,
2005-02-18 09:00:00,6.425,,,12.69,
2005-02-18 10:00:00,34.75,,,10.11,
2005-02-18 11:00:00,28.65,,,12.14,
2005-02-18 12:00:00,37.54,,,20.9,
2005-02-18 13:00:00,31.29,,,17.6,
2005-02-18 14:00:00,37.23,,,22.66,
2005-02-18 15:00:00,2.77,,,23.75,
2005-02-18 16:00:00,16.81,,,24.97,
2005-02-18 17:00:00,40.5,,,27.4,
2005-02-18 18:00:00,,,,29.0,
2005-02-18 19:00:00,1.705,,,23.76,
2005-02-18 20:00:00,35.49,,,22.27,
2005-02-18 21:00:00,23.58,,,19.4,
2005-02-18 22:00:00,33.94,,,20.49,
2005-02-18 23:00:00,40.08,,,18.88,
2005-02-19 00:00:00,19.08,,,16.63,
2005-02-19 01:00:00,49.75,,,14.02,
2005-02-19 02:00:00,27.05,,,13.38,
2005-02-19 03:00:00,1.021,,,12.87,
2005-02-19 04:00:00,21.12,,,11.93,
2005-02-19 05:00:00,33.36,,,11.93,
2005-02-19 06:00:00,13.75,,,11.56,
2005-02-19 07:00:00,9.093,,,9.172,
2005-02-19 08:00:00,15.84,,,7.376,
2005-02-19 09:00:00,55.28,,,4.001,
2005-02-19 10:00:00,37.17,,,8.856,
2005-02-19 11:00:00,58.66,,,17.77,
2005-02-19 12:00:00,41.02,,,25.05,
2005-02-19 13:00:00,11.32,,,42.04,
2005-02-19 14:00:00,19.3,,,44.97,
2005-02-19 15:00:00,51.14,,,28.56,
2005-02-19 16:00:00,29.33,,,30.57,
2005-02-19 17:00:00,24.77,,,27.1,
2005-02-19 18:00:00,33.38,,,23.9,
2005-02-19 19:00:00,2.816,,,19.06,
2005-02-19 20:00:00,22.28,,,15.28,
2005-02-19 21:00:00,38.11,,,13.16,
2005-02-19 22:00:00,32.93,,,10.68,
2005-02-19 23:00:00,33.61,,,10.18,
2005-02-20 00:00:00,21.85,,,9.94,
2005-02-20 01:00:00,2.583,,,10.43,
2005-02-20 02:00:00,26.58,,,9.91,
2005-02-20 03:00:00,1.118,,,9.8,
2005-02-20 04:00:00,19.01,,,9.408,
2005-02-20 05:00:00,0.313,,,8.844,
2005-02-20 06:00:00,6.403,,,6.576,
2005-02-20 07:00:00,19.02,,,5.597,
2005-02-20 08:00:00,12.88,,,7.186,
2005-02-20 09:00:00,10.6,,,8.342,
2005-02-20 10:00:00,18.04,,,11.23,
2005-02-20 11:00:00,25.94,,,11.66,
2005-02-20 12:00:00,8.413,,,20.25,
2005-02-20 13:00:00,30.16,,,20.38,
2005-02-20 14:00:00,0.412,,,20.0,
2005-02-20 15:00:00,8.033,,,21.81,
2005-02-20 16:00:00,18.1,,,23.05,
2005-02-20 17:00:00,8.538,,,23.52,
2005-02-20 18:00:00,,,,19.94,
2005-02-20 19:00:00,0.959,,,14.78,
2005-02-20 20:00:00,17.17,,,11.93,
2005-02-20 21:00:00,16.48,,,11.9,
2005-02-20 22:00:00,30.29,,,12.74,
2005-02-20 23:00:00,29.41,,,11.76,
2005-02-21 00:00:00,7.433,,,9.894,
2005-02-21 01:00:00,3.12,,,10.27,
2005-02-21 02:00:00,23.6,,,10.74,
2005-02-21 03:00:00,6.745,,,9.849,
2005-02-21 04:00:00,14.73,,,9.84,
2005-02-21 05:00:00,,,,8.06,
2005-02-21 06:00:00,1.014,,,6.59,
2005-02-21 07:00:00,18.09,,,3.033,
2005-02-21 08:00:00,6.621,,,3.178,
2005-02-21 09:00:00,1.305,,,5.131,
2005-02-21 10:00:00,24.28,,,9.406,
2005-02-21 11:00:00,26.33,,,22.95,
2005-02-21 12:00:00,6.833,,,22.24,
2005-02-21 13:00:00,16.74,,,26.79,
2005-02-21 14:00:00,32.14,,,33.65,
2005-02-21 15:00:00,15.47,,,30.67,
2005-02-21 16:00:00,21.57,,,25.01,
2005-02-21 17:00:00,41.8,,,22.57,
2005-02-21 18:00:00,7.178,,,18.92,
2005-02-21 19:00:00,21.18,,,13.17,
2005-02-21 20:00:00,22.02,,,10.61,
2005-02-21 21:00:00,26.58,,,9.761,
2005-02-21 22:00:00,37.87,,,8.719,
2005-02-21 23:00:00,14.33,,,10.56,
2005-02-22 00:00:00,7.881,,,11.39,
2005-02-22 01:00:00,34.12,,,11.27,
2005-02-22 02:00:00,2.658,,,11.12,
2005-02-22 03:00:00,26.31,,,10.31,
2005-02-22 04:00:00,9.733,,,8.388,
2005-02-22 05:00:00,,,,8.201,
2005-02-22 06:00:00,,,,6.839,
2005-02-22 07:00:00,0.138,,,4.474,
2005-02-22 08:00:00,4.634,,,4.389,
2005-02-22 09:00:00,39.55,,,5.699,
2005-02-22 10:00:00,16.98,,,8.343,
2005-02-22 11:00:00,21.11,,,9.747,
2005-02-22 12:00:00,45.39,,,19.47,
2005-02-22 13:00:00,40.06,,,20.44,
2005-02-22 14:00:00,23.6,,,19.81,
2005-02-22 15:00:00,34.94,,,19.63,
2005-02-22 16:00:00,12.45,,,22.2,
2005-02-22 17:00:00,25.02,,,23.45,
2005-02-22 18:00:00,20.4,,,15.79,
2005-02-22 19:00:00,56.29,,,11.06,
2005-02-22 20:00:00,42.32,,,7.828,
2005-02-22 21:00:00,11.25,,,9.914,
2005-02-22 22:00:00,42.57,,,10.56,
2005-02-22 23:00:00,19.46,,,11.27,
2005-02-23 00:00:00,9.221,,,11.55,
2005-02-23 01:00:00,35.23,,,10.8,
2005-02-23 02:00:00,25.68,,,10.98,
2005-02-23 03:00:00,6.689,,,10.74,
2005-02-23 04:00:00,17.22,,,9.242,
2005-02-23 05:00:00,32.94,,,11.47,
2005-02-23 06:00:00,0.861,,,9.396,
2005-02-23 07:00:00,17.37,,,6.979,
2005-02-23 08:00:00,1.553,,,7.417,
2005-02-23 09:00:00,32.66,,,7.132,
2005-02-23 10:00:00,36.08,,,5.329,
2005-02-23 11:00:00,34.13,,,13.64,
2005-02-23 12:00:00,36.13,,,14.73,
2005-02-23 13:00:00,54.82,,,28.56,
2005-02-23 14:00:00,29.47,,,29.44,
2005-02-23 15:00:00,59.63,,,17.37,
2005-02-23 16:00:00,16.74,,,17.06,
2005-02-23 17:00:00,25.99,,,17.22,
2005-02-23 18:00:00,5.909,,,17.0,
2005-02-23 19:00:00,18.15,,,12.25,
2005-02-23 20:00:00,14.13,,,9.235,
2005-02-23 21:00:00,34.66,,,8.814,
2005-02-23 22:00:00,30.76,,,8.632,
2005-02-23 23:00:00,22.72,,,7.108,
2005-02-24 00:00:00,18.58,,,5.386,
2005-02-24 01:00:00,25.01,,,6.704,
2005-02-24 02:00:00,23.33,,,7.299,
2005-02-24 03:00:00,1.253,,,6.42,
2005-02-24 04:00:00,26.09,,,6.059,
2005-02-24 05:00:00,,,,4.621,
2005-02-24 06:00:00,,,,5.369,
2005-02-24 07:00:00,0.838,,,2.478,
2005-02-24 08:00:00,16.91,,,3.724,
2005-02-24 09:00:00,1.914,,,3.749,
2005-02-24 10:00:00,39.56,,,5.606,
2005-02-24 11:00:00,21.83,,,9.301,
2005-02-24 12:00:00,57.66,,,17.49,
2005-02-24 13:00:00,36.42,,,16.26,
2005-02-24 14:00:00,13.35,,,16.76,
2005-02-24 15:00:00,36.78,,,15.39,
2005-02-24 16:00:00,35.23,,,19.24,
2005-02-24 17:00:00,36.26,,,21.05,
2005-02-24 18:00:00,37.22,,,17.1,
2005-02-24 19:00:00,30.37,,,12.17,
2005-02-24 20:00:00,49.0,,,8.7,
2005-02-24 21:00:00,22.89,,,6.221,
2005-02-24 22:00:00,46.83,,,5.394,
2005-02-24 23:00:00,45.24,,,3.778,
2005-02-25 00:00:00,27.23,,,3.896,
2005-02-25 01:00:00,13.9,,,4.386,
2005-02-25 02:00:00,36.28,,,4.979,
2005-02-25 03:00:00,42.02,,,7.284,
2005-02-25 04:00:00,7.466,,,7.835,
2005-02-25 05:00:00,18.62,,,6.333,
2005-02-25 06:00:00,26.24,,,6.324,
2005-02-25 07:00:00,1.733,,,6.422,
2005-02-25 08:00:00,35.54,,,3.371,
2005-02-25 09:00:00,34.65,,,2.251,
2005-02-25 10:00:00,63.48,,,2.557,
2005-02-25 11:00:00,58.1,,,2.678,
2005-02-25 12:00:00,32.39,,,2.54,
2005-02-25 13:00:00,64.86,,,3.961,
2005-02-25 14:00:00,46.23,,,9.79,
2005-02-25 15:00:00,22.15,,,18.21,
2005-02-25 16:00:00,6.088,,,18.2,
2005-02-25 17:00:00,,,,16.94,
2005-02-25 18:00:00,,,,12.09,
2005-02-25 19:00:00,,,,8.418,
2005-02-25 20:00:00,,,,8.714,
2005-02-25 21:00:00,,,,6.2,
2005-02-25 22:00:00,,,,6.892,
2005-02-25 23:00:00,,,,2.856,
2005-02-26 00:00:00,,,,4.851,
2005-02-26 01:00:00,,,,8.293,
2005-02-26 02:00:00,,,,5.083,
2005-02-26 03:00:00,,,,10.45,
2005-02-26 04:00:00,,,,12.37,
2005-02-26 05:00:00,,,,14.61,
2005-02-26 06:00:00,,,,10.45,
2005-02-26 07:00:00,,,,5.226,
2005-02-26 08:00:00,,,,5.918,
2005-02-26 09:00:00,,,,3.867,
2005-02-26 10:00:00,,,,8.569,
2005-02-26 11:00:00,,,,8.997,
2005-02-26 12:00:00,,,,15.16,
2005-02-26 13:00:00,,,,18.92,
2005-02-26 14:00:00,,,,13.05,
2005-02-26 15:00:00,,,,11.61,
2005-02-26 16:00:00,,,,19.55,
2005-02-26 17:00:00,,,,17.57,
2005-02-26 18:00:00,,,,22.8,
2005-02-26 19:00:00,,,,19.71,
2005-02-26 20:00:00,,,,12.82,
2005-02-26 21:00:00,,,,11.68,
2005-02-26 22:00:00,,,,11.73,
2005-02-26 23:00:00,,,,9.408,
2005-02-27 00:00:00,,,,9.122,
2005-02-27 01:00:00,,,,3.735,
2005-02-27 02:00:00,,,,5.422,
2005-02-27 03:00:00,,,,2.851,
2005-02-27 04:00:00,,,,3.192,
2005-02-27 05:00:00,,,,5.526,
2005-02-27 06:00:00,,,,4.914,
2005-02-27 07:00:00,,,,4.114,
2005-02-27 08:00:00,,,,5.404,
2005-02-27 09:00:00,,,,7.086,
2005-02-27 10:00:00,,,,13.6,
2005-02-27 11:00:00,,,,24.66,
2005-02-27 12:00:00,,,,25.67,
2005-02-27 13:00:00,,,,26.73,
2005-02-27 14:00:00,,,,28.12,
2005-02-27 15:00:00,,,,27.59,
2005-02-27 16:00:00,,,,28.43,
2005-02-27 17:00:00,,,,32.65,
2005-02-27 18:00:00,,,,31.34,
2005-02-27 19:00:00,,,,25.5,
2005-02-27 20:00:00,,,,22.91,
2005-02-27 21:00:00,,,,16.27,
2005-02-27 22:00:00,,,,16.87,
2005-02-27 23:00:00,,,,17.16,
2005-02-28 00:00:00,,,,15.78,
2005-02-28 01:00:00,,,,15.74,
2005-02-28 02:00:00,,,,10.63,
2005-02-28 03:00:00,,,,9.242,
2005-02-28 04:00:00,,,,9.499,
2005-02-28 05:00:00,,,,7.989,
2005-02-28 06:00:00,,,,2.828,
2005-02-28 07:00:00,,,,1.258,
2005-02-28 08:00:00,,,,2.337,
2005-02-28 09:00:00,,,,2.203,
2005-02-28 10:00:00,,,,7.813,
2005-02-28 11:00:00,,,,12.21,
2005-02-28 12:00:00,,,,19.54,
2005-02-28 13:00:00,,,,25.3,
2005-02-28 14:00:00,,,,25.74,
2005-02-28 15:00:00,,,,24.39,
2005-02-28 16:00:00,,,,29.85,
2005-02-28 17:00:00,,,,21.68,
2005-02-28 18:00:00,,,,19.41,
2005-02-28 19:00:00,,,,15.82,
2005-02-28 20:00:00,,,,7.731,
2005-02-28 21:00:00,,,,7.514,
2005-02-28 22:00:00,,,,4.149,
2005-02-28 23:00:00,,,,12.65,
2005-03-01 00:00:00,,,,18.45,
2005-03-01 01:00:00,,,,19.29,
2005-03-01 02:00:00,,,,18.95,
2005-03-01 03:00:00,,,,20.07,
2005-03-01 04:00:00,,,,19.91,
2005-03-01 05:00:00,,,,17.64,
2005-03-01 06:00:00,,,,15.09,
2005-03-01 07:00:00,,,,12.12,
2005-03-01 08:00:00,,,,7.033,
2005-03-01 09:00:00,,,,10.38,
2005-03-01 10:00:00,,,,15.55,
2005-03-01 11:00:00,,,,19.72,
2005-03-01 12:00:00,,,,20.54,
2005-03-01 13:00:00,,,,23.61,
2005-03-01 14:00:00,,,,22.1,
2005-03-01 15:00:00,,,,25.41,
2005-03-01 16:00:00,,,,23.61,
2005-03-01 17:00:00,,,,26.45,
2005-03-01 18:00:00,,,,21.17,
2005-03-01 19:00:00,,,,16.45,
2005-03-01 20:00:00,,,,10.9,
2005-03-01 21:00:00,,,,12.51,
2005-03-01 22:00:00,,,,11.67,
2005-03-01 23:00:00,,,,12.29,
2005-03-02 00:00:00,,,,10.11,
2005-03-02 01:00:00,,,,8.357,
2005-03-02 02:00:00,,,,8.867,
2005-03-02 03:00:00,,,,9.029,
2005-03-02 04:00:00,,,,10.89,
2005-03-02 05:00:00,,,,11.26,
2005-03-02 06:00:00,,,,8.45,
2005-03-02 07:00:00,,,,0.5,
2005-03-02 08:00:00,,,,1.345,
2005-03-02 09:00:00,,,,2.088,
2005-03-02 10:00:00,,,,4.451,
2005-03-02 11:00:00,,,,15.63,
2005-03-02 12:00:00,,,,23.41,
2005-03-02 13:00:00,,,,20.56,
2005-03-02 14:00:00,,,,23.39,
2005-03-02 15:00:00,,,,24.71,
2005-03-02 16:00:00,,,,24.54,
2005-03-02 17:00:00,,,,22.42,
2005-03-02 18:00:00,,,,19.46,
2005-03-02 19:00:00,,,,14.86,
2005-03-02 20:00:00,,,,12.12,
2005-03-02 21:00:00,,,,9.467,
2005-03-02 22:00:00,,,,10.97,
2005-03-02 23:00:00,,,,11.18,
2005-03-03 00:00:00,,,,11.86,
2005-03-03 01:00:00,,,,9.005,
2005-03-03 02:00:00,,,,10.85,
2005-03-03 03:00:00,,,,13.99,
2005-03-03 04:00:00,,,,14.05,
2005-03-03 05:00:00,,,,14.87,
2005-03-03 06:00:00,,,,12.83,
2005-03-03 07:00:00,,,,8.05,
2005-03-03 08:00:00,,,,4.276,
2005-03-03 09:00:00,,,,6.011,
2005-03-03 10:00:00,,,,16.09,
2005-03-03 11:00:00,,,,18.89,
2005-03-03 12:00:00,,,,21.95,
2005-03-03 13:00:00,,,,23.52,
2005-03-03 14:00:00,,,,25.3,
2005-03-03 15:00:00,,,,28.02,
2005-03-03 16:00:00,,,,27.77,
2005-03-03 17:00:00,,,,24.07,
2005-03-03 18:00:00,,,,21.2,
2005-03-03 19:00:00,,,,17.62,
2005-03-03 20:00:00,,,,13.08,
2005-03-03 21:00:00,,,,12.2,
2005-03-03 22:00:00,,,,11.41,
2005-03-03 23:00:00,,,,9.099,
2005-03-04 00:00:00,,,,6.428,
2005-03-04 01:00:00,,,,8.635,
2005-03-04 02:00:00,,,,8.969,
2005-03-04 03:00:00,,,,8.222,
2005-03-04 04:00:00,,,,7.64,
2005-03-04 05:00:00,,,,7.548,
2005-03-04 06:00:00,,,,6.704,
2005-03-04 07:00:00,,,,5.513,
2005-03-04 08:00:00,,,,0.5,
2005-03-04 09:00:00,,,,4.192,
2005-03-04 10:00:00,,,,12.69,
2005-03-04 11:00:00,,,,13.61,
2005-03-04 12:00:00,,,,16.69,
2005-03-04 13:00:00,,,,19.53,
2005-03-04 14:00:00,,,,20.63,
2005-03-04 15:00:00,,,,24.37,
2005-03-04 16:00:00,,,,22.57,
2005-03-04 18:00:00,,,,20.87,
2005-03-04 19:00:00,,,,16.21,
2005-03-04 20:00:00,,,,10.8,
2005-03-04 21:00:00,,,,9.024,
2005-03-04 22:00:00,,,,8.178,
2005-03-04 23:00:00,,,,6.441,
2005-03-05 00:00:00,,,,5.018,
2005-03-05 01:00:00,,,,4.794,
2005-03-05 02:00:00,,,,5.345,
2005-03-05 03:00:00,,,,4.956,
2005-03-05 04:00:00,,,,6.031,
2005-03-05 05:00:00,,,,6.492,
2005-03-05 06:00:00,,,,2.521,
2005-03-05 07:00:00,,,,0.5,
2005-03-05 08:00:00,,,,2.043,
2005-03-05 09:00:00,,,,6.042,
2005-03-05 10:00:00,,,,9.494,
2005-03-05 11:00:00,,,,14.94,
2005-03-05 12:00:00,,,,20.63,
2005-03-05 13:00:00,,,,36.94,
2005-03-05 14:00:00,,,,56.19,
2005-03-05 15:00:00,,,,60.62,
2005-03-05 16:00:00,,,,27.27,
2005-03-05 17:00:00,,,,31.27,
2005-03-05 18:00:00,,,,23.4,
2005-03-05 19:00:00,,,,16.87,
2005-03-05 20:00:00,,,,14.11,
2005-03-05 21:00:00,,,,9.963,
2005-03-05 22:00:00,,,,8.581,
2005-03-05 23:00:00,,,,7.024,
2005-03-06 00:00:00,,,,4.428,
2005-03-06 01:00:00,,,,5.324,
2005-03-06 02:00:00,,,,3.649,
2005-03-06 03:00:00,,,,2.833,
2005-03-06 04:00:00,,,,2.715,
2005-03-06 05:00:00,,,,3.455,
2005-03-06 06:00:00,,,,1.996,
2005-03-06 07:00:00,,,,0.5,
2005-03-06 08:00:00,,,,3.683,
2005-03-06 09:00:00,,,,6.932,
2005-03-06 10:00:00,,,,6.835,
2005-03-06 11:00:00,,,,14.66,
2005-03-06 12:00:00,,,,19.38,
2005-03-06 13:00:00,,,,21.89,
2005-03-06 14:00:00,,,,34.74,
2005-03-06 15:00:00,,,,38.28,
2005-03-06 16:00:00,,,,41.05,
2005-03-06 17:00:00,,,,37.87,
2005-03-06 18:00:00,,,,26.06,
2005-03-06 19:00:00,,,,18.31,
2005-03-06 20:00:00,,,,10.14,
2005-03-06 21:00:00,,,,7.165,
2005-03-06 22:00:00,,,,5.043,
2005-03-06 23:00:00,,,,4.993,
2005-03-07 00:00:00,,,,5.339,
2005-03-07 01:00:00,,,,3.579,
2005-03-07 02:00:00,,,,5.261,
2005-03-07 03:00:00,,,,6.129,
2005-03-07 04:00:00,,,,5.831,
2005-03-07 05:00:00,,,,5.846,
2005-03-07 06:00:00,,,,6.517,
2005-03-07 07:00:00,,,,3.137,
2005-03-07 08:00:00,,,,1.36,
2005-03-07 09:00:00,,,,1.928,
2005-03-07 10:00:00,,,,1.671,
2005-03-07 11:00:00,,,,7.944,
2005-03-07 12:00:00,,,,19.73,
2005-03-07 13:00:00,,,,27.81,
2005-03-07 14:00:00,,,,48.08,
2005-03-07 15:00:00,,,,34.77,
2005-03-07 16:00:00,,,,29.78,
2005-03-07 17:00:00,,,,40.69,
2005-03-07 18:00:00,,,,28.7,
2005-03-07 19:00:00,,,,11.44,
2005-03-07 20:00:00,,,,5.533,
2005-03-07 21:00:00,,,,5.756,
2005-03-07 22:00:00,,,,5.714,
2005-03-07 23:00:00,,,,5.324,
2005-03-08 00:00:00,,,,6.34,
2005-03-08 01:00:00,,,,10.25,
2005-03-08 02:00:00,,,,12.41,
2005-03-08 03:00:00,,,,8.592,
2005-03-08 04:00:00,,,,9.865,
2005-03-08 05:00:00,,,,11.46,
2005-03-08 06:00:00,,,,9.435,
2005-03-08 07:00:00,,,,1.303,
2005-03-08 08:00:00,,,,0.5,
2005-03-08 09:00:00,,,,1.928,
2005-03-08 10:00:00,,,,8.044,
2005-03-08 11:00:00,,,,13.72,
2005-03-08 12:00:00,,,,22.44,
2005-03-08 13:00:00,,,,46.42,
2005-03-08 14:00:00,,,,37.63,
2005-03-08 15:00:00,,,,25.31,
2005-03-08 16:00:00,,,,27.27,
2005-03-08 17:00:00,,,,21.68,
2005-03-08 18:00:00,,,,12.75,
2005-03-08 19:00:00,,,,1.578,
2005-03-08 20:00:00,,,,15.69,
2005-03-08 21:00:00,,,,16.56,
2005-03-08 22:00:00,,,,15.03,
2005-03-08 23:00:00,,,,3.081,
2005-03-09 00:00:00,,,,12.84,
2005-03-09 01:00:00,,,,26.83,
2005-03-09 02:00:00,,,,25.95,
2005-03-09 03:00:00,,,,24.2,
2005-03-09 04:00:00,,,,25.54,
2005-03-09 05:00:00,,,,28.42,
2005-03-09 06:00:00,,,,24.68,
2005-03-09 07:00:00,,,,28.91,
2005-03-09 08:00:00,,,,23.1,
2005-03-09 09:00:00,,,,12.34,
2005-03-09 10:00:00,,,,11.67,
2005-03-09 11:00:00,,,,10.57,
2005-03-09 12:00:00,,,,11.33,
2005-03-09 13:00:00,,,,15.04,
2005-03-09 14:00:00,,,,16.57,
2005-03-09 15:00:00,,,,17.35,
2005-03-09 16:00:00,,,,19.99,
2005-03-09 17:00:00,,,,17.47,
2005-03-09 18:00:00,,,,15.28,
2005-03-09 19:00:00,,,,11.39,
2005-03-09 20:00:00,,,,7.107,
2005-03-09 21:00:00,,,,7.125,
2005-03-09 22:00:00,,,,14.35,
2005-03-09 23:00:00,,,,17.6,
2005-03-10 00:00:00,,,,17.36,
2005-03-10 01:00:00,,,,13.6,
2005-03-10 02:00:00,,,,15.69,
2005-03-10 03:00:00,,,,17.22,
2005-03-10 04:00:00,,,,18.81,
2005-03-10 05:00:00,,,,18.7,
2005-03-10 06:00:00,,,,13.66,
2005-03-10 07:00:00,,,,4.778,
2005-03-10 08:00:00,,,,2.394,
2005-03-10 09:00:00,,,,8.229,
2005-03-10 10:00:00,,,,5.701,
2005-03-10 11:00:00,,,,9.972,
2005-03-10 12:00:00,,,,15.08,
2005-03-10 13:00:00,,,,23.99,
2005-03-10 14:00:00,,,,21.85,
2005-03-10 15:00:00,,,,23.2,
2005-03-10 16:00:00,,,,28.41,
2005-03-10 17:00:00,,,,19.43,
2005-03-10 18:00:00,,,,20.22,
2005-03-10 19:00:00,,,,19.85,
2005-03-10 20:00:00,,,,15.27,
2005-03-10 21:00:00,,,,11.8,
2005-03-10 22:00:00,,,,7.994,
2005-03-10 23:00:00,,,,4.751,
2005-03-11 00:00:00,,,,3.156,
2005-03-11 01:00:00,,,,2.746,
2005-03-11 02:00:00,,,,4.416,
2005-03-11 03:00:00,,,,4.033,
2005-03-11 04:00:00,,,,4.706,
2005-03-11 05:00:00,,,,4.974,
2005-03-11 06:00:00,,,,4.478,
2005-03-11 07:00:00,,,,3.796,
2005-03-11 08:00:00,,,,3.373,
2005-03-11 09:00:00,,,,4.611,
2005-03-11 10:00:00,,,,7.994,
2005-03-11 11:00:00,,,,14.8,
2005-03-11 12:00:00,,,,18.63,
2005-03-11 13:00:00,,,,21.1,
2005-03-11 14:00:00,,,,27.91,
2005-03-11 15:00:00,,,,27.16,
2005-03-11 16:00:00,,,,25.26,
2005-03-11 17:00:00,,,,15.67,
2005-03-11 18:00:00,,,,8.856,
2005-03-11 19:00:00,,,,3.296,
2005-03-11 20:00:00,,,,0.5,
2005-03-11 21:00:00,,,,0.5,
2005-03-11 22:00:00,,,,1.444,
2005-03-11 23:00:00,,,,1.235,
2005-03-12 00:00:00,,,,1.32,
2005-03-12 01:00:00,,,,1.343,
2005-03-12 02:00:00,,,,2.117,
2005-03-12 03:00:00,,,,2.435,
2005-03-12 04:00:00,,,,6.543,
2005-03-12 05:00:00,,,,1.914,
2005-03-12 06:00:00,,,,2.336,
2005-03-12 07:00:00,,,,12.77,
2005-03-12 08:00:00,,,,13.04,
2005-03-12 09:00:00,,,,12.78,
2005-03-12 10:00:00,,,,18.76,
2005-03-12 11:00:00,,,,21.23,
2005-03-12 12:00:00,,,,21.89,
2005-03-12 13:00:00,,,,23.21,
2005-03-12 14:00:00,,,,22.53,
2005-03-12 15:00:00,,,,21.23,
2005-03-12 16:00:00,,,,20.92,
2005-03-12 17:00:00,,,,19.89,
2005-03-12 18:00:00,,,,19.12,
2005-03-12 19:00:00,,,,17.46,
2005-03-12 20:00:00,,,,11.4,
2005-03-12 21:00:00,,,,12.3,
2005-03-12 22:00:00,,,,13.28,
2005-03-12 23:00:00,,,,13.66,
2005-03-13 00:00:00,,,,14.46,
2005-03-13 01:00:00,,,,13.68,
2005-03-13 02:00:00,,,,15.47,
2005-03-13 03:00:00,,,,11.81,
2005-03-13 04:00:00,,,,11.16,
2005-03-13 05:00:00,,,,13.16,
2005-03-13 06:00:00,,,,12.35,
2005-03-13 07:00:00,,,,12.46,
2005-03-13 08:00:00,,,,14.68,
2005-03-13 09:00:00,,,,18.6,
2005-03-13 10:00:00,,,,23.59,
2005-03-13 11:00:00,,,,20.34,
2005-03-13 12:00:00,,,,18.22,
2005-03-13 13:00:00,,,,12.32,
2005-03-13 14:00:00,,,,7.501,
2005-03-13 15:00:00,,,,9.154,
2005-03-13 16:00:00,,,,6.225,
2005-03-13 17:00:00,,,,4.969,
2005-03-13 18:00:00,,,,3.717,
2005-03-13 19:00:00,,,,3.032,
2005-03-13 20:00:00,,,,1.821,
2005-03-13 21:00:00,,,,1.565,
2005-03-13 22:00:00,,,,1.531,
2005-03-13 23:00:00,,,,1.829,
2005-03-14 00:00:00,,,,1.932,
2005-03-14 01:00:00,,,,1.931,
2005-03-14 02:00:00,,,,2.332,
2005-03-14 03:00:00,,,,3.03,
2005-03-14 04:00:00,,,,6.463,
2005-03-14 05:00:00,,,,8.062,
2005-03-14 06:00:00,,,,5.644,
2005-03-14 07:00:00,,,,3.629,
2005-03-14 08:00:00,,,,2.374,
2005-03-14 09:00:00,,,,2.696,
2005-03-14 10:00:00,,,,2.962,
2005-03-14 11:00:00,,,,3.892,
2005-03-14 12:00:00,,,,4.007,
2005-03-14 13:00:00,,,,5.05,
2005-03-14 14:00:00,,,,9.637,
2005-03-14 15:00:00,,,,8.867,
2005-03-14 16:00:00,,,,9.75,
2005-03-14 17:00:00,,,,5.465,
2005-03-14 18:00:00,,,,4.462,
2005-03-14 19:00:00,,,,3.965,
2005-03-14 20:00:00,,,,4.104,
2005-03-14 21:00:00,,,,5.003,
2005-03-14 22:00:00,,,,4.153,
2005-03-14 23:00:00,,,,6.375,
2005-03-15 00:00:00,,,,7.047,
2005-03-15 01:00:00,,,,10.58,
2005-03-15 02:00:00,,,,12.68,
2005-03-15 03:00:00,,,,14.15,
2005-03-15 04:00:00,,,,13.93,
2005-03-15 05:00:00,,,,13.11,
2005-03-15 06:00:00,,,,10.53,
2005-03-15 07:00:00,,,,6.247,
2005-03-15 08:00:00,,,,2.629,
2005-03-15 09:00:00,,,,2.736,
2005-03-15 10:00:00,,,,2.575,
2005-03-15 11:00:00,,,,3.58,
2005-03-15 12:00:00,,,,3.125,
2005-03-15 13:00:00,,,,2.742,
2005-03-15 14:00:00,,,,2.443,
2005-03-15 15:00:00,,,,4.956,
2005-03-15 16:00:00,,,,6.415,
2005-03-15 17:00:00,,,,5.135,
2005-03-15 18:00:00,,,,2.056,
2005-03-15 19:00:00,,,,1.716,
2005-03-15 20:00:00,,,,1.209,
2005-03-15 21:00:00,,,,1.153,
2005-03-15 22:00:00,,,,1.14,
2005-03-15 23:00:00,,,,1.106,
2005-03-16 00:00:00,,,,2.282,
2005-03-16 01:00:00,,,,3.675,
2005-03-16 02:00:00,,,,2.485,
2005-03-16 03:00:00,,,,1.611,
2005-03-16 04:00:00,,,,1.703,
2005-03-16 05:00:00,,,,0.5,
2005-03-16 06:00:00,,,,1.71,
2005-03-16 07:00:00,,,,1.239,
2005-03-16 08:00:00,,,,1.375,
2005-03-16 09:00:00,,,,1.216,
2005-03-16 10:00:00,,,,1.178,
2005-03-16 11:00:00,,,,1.946,
2005-03-16 12:00:00,,,,2.267,
2005-03-16 13:00:00,,,,5.607,
2005-03-16 14:00:00,,,,3.688,
2005-03-16 15:00:00,,,,2.562,
2005-03-16 16:00:00,,,,9.014,
2005-03-16 17:00:00,,,,5.997,
2005-03-16 18:00:00,,,,4.805,
2005-03-16 19:00:00,,,,3.971,
2005-03-16 20:00:00,,,,5.427,
2005-03-16 21:00:00,,,,4.905,
2005-03-16 22:00:00,,,,5.03,
2005-03-16 23:00:00,,,,3.026,
2005-03-17 00:00:00,,,,1.549,
2005-03-17 01:00:00,,,,1.632,
2005-03-17 02:00:00,,,,1.983,
2005-03-17 03:00:00,,,,3.639,
2005-03-17 04:00:00,,,,4.41,
2005-03-17 05:00:00,,,,4.925,
2005-03-17 06:00:00,,,,3.326,
2005-03-17 07:00:00,,,,1.411,
2005-03-17 08:00:00,,,,1.91,
2005-03-17 09:00:00,,,,1.805,
2005-03-17 10:00:00,,,,1.829,
2005-03-17 11:00:00,,,,3.284,
2005-03-17 12:00:00,,,,5.754,
2005-03-17 13:00:00,,,,7.022,
2005-03-17 14:00:00,,,,11.59,
2005-03-17 15:00:00,,,,11.28,
2005-03-17 16:00:00,,,,10.31,
2005-03-17 17:00:00,,,,14.55,
2005-03-17 18:00:00,,,,14.74,
2005-03-17 19:00:00,,,,5.279,
2005-03-17 20:00:00,,,,3.715,
2005-03-17 21:00:00,,,,5.017,
2005-03-17 22:00:00,,,,5.753,
2005-03-17 23:00:00,,,,4.786,
2005-03-18 00:00:00,,,,3.79,
2005-03-18 01:00:00,,,,2.156,
2005-03-18 02:00:00,,,,2.906,
2005-03-18 03:00:00,,,,2.439,
2005-03-18 04:00:00,,,,1.556,
2005-03-18 05:00:00,,,,1.544,
2005-03-18 06:00:00,,,,1.631,
2005-03-18 07:00:00,,,,1.508,
2005-03-18 08:00:00,,,,1.164,
2005-03-18 09:00:00,,,,1.41,
2005-03-18 10:00:00,,,,1.651,
2005-03-18 11:00:00,,,,3.596,
2005-03-18 12:00:00,,,,9.768,
2005-03-18 13:00:00,,,,14.68,
2005-03-18 14:00:00,,,,17.48,
2005-03-18 15:00:00,,,,13.74,
2005-03-18 16:00:00,,,,13.33,
2005-03-18 17:00:00,,,,7.514,
2005-03-18 18:00:00,,,,2.472,
2005-03-18 19:00:00,,,,2.225,
2005-03-18 20:00:00,2.549,,,15.4,
2005-03-18 21:00:00,58.62,,,24.21,
2005-03-18 22:00:00,2.102,,,17.47,
2005-03-18 23:00:00,48.87,,,10.22,
2005-03-19 00:00:00,13.86,,,4.135,
2005-03-19 01:00:00,20.9,,,5.297,
2005-03-19 02:00:00,26.68,,,3.568,
2005-03-19 03:00:00,20.86,,,2.954,
2005-03-19 04:00:00,25.76,,,8.607,
2005-03-19 05:00:00,11.84,,,14.12,
2005-03-19 06:00:00,10.6,,,11.02,
2005-03-19 07:00:00,15.89,,,9.129,
2005-03-19 08:00:00,9.151,,,7.201,
2005-03-19 09:00:00,11.05,,,6.04,
2005-03-19 10:00:00,26.83,,,6.831,
2005-03-19 11:00:00,34.96,,,6.954,
2005-03-19 12:00:00,46.45,,,14.6,
2005-03-19 13:00:00,15.38,,,14.69,
2005-03-19 14:00:00,24.13,,,19.61,
2005-03-19 15:00:00,13.11,,,20.01,
2005-03-19 16:00:00,0.495,,,23.92,
2005-03-19 17:00:00,13.63,,,24.56,
2005-03-19 18:00:00,35.27,,,23.21,
2005-03-19 19:00:00,23.37,,,16.27,
2005-03-19 20:00:00,0.638,,,9.474,
2005-03-19 21:00:00,17.06,,,4.793,
2005-03-19 22:00:00,33.62,,,9.437,
2005-03-19 23:00:00,38.78,,,10.76,
2005-03-20 00:00:00,41.99,,,10.38,
2005-03-20 01:00:00,5.902,,,9.11,
2005-03-20 02:00:00,22.88,,,12.66,
2005-03-20 03:00:00,9.472,,,13.67,
2005-03-20 04:00:00,9.677,,,14.1,
2005-03-20 05:00:00,20.06,,,12.15,
2005-03-20 06:00:00,24.13,,,12.57,
2005-03-20 07:00:00,9.827,,,10.31,
2005-03-20 08:00:00,0.907,,,11.12,
2005-03-20 09:00:00,24.44,,,15.59,
2005-03-20 10:00:00,30.66,,,16.85,
2005-03-20 11:00:00,15.94,,,17.84,
2005-03-20 12:00:00,6.255,,,22.18,
2005-03-20 13:00:00,34.49,,,19.32,
2005-03-20 14:00:00,36.84,,,19.09,
2005-03-20 15:00:00,7.468,,,18.77,
2005-03-20 16:00:00,26.32,,,14.97,
2005-03-20 17:00:00,23.81,,,13.82,
2005-03-20 18:00:00,17.68,,,19.26,
2005-03-20 19:00:00,28.21,,,21.92,
2005-03-20 20:00:00,22.14,,,16.28,
2005-03-20 21:00:00,40.15,,,16.12,
2005-03-20 22:00:00,29.7,,,15.45,
2005-03-20 23:00:00,35.0,,,15.6,
2005-03-21 00:00:00,11.95,,,13.35,
2005-03-21 01:00:00,19.49,,,11.1,
2005-03-21 02:00:00,48.31,,,9.381,
2005-03-21 03:00:00,33.61,,,6.213,
2005-03-21 04:00:00,2.267,,,2.665,
2005-03-21 05:00:00,32.44,,,1.887,
2005-03-21 06:00:00,17.17,,,1.786,
2005-03-21 07:00:00,21.39,,,1.283,
2005-03-21 08:00:00,12.47,,,1.49,
2005-03-21 09:00:00,49.46,,,1.516,
2005-03-21 10:00:00,32.05,,,1.484,
2005-03-21 11:00:00,70.34,,,2.581,
2005-03-21 12:00:00,25.65,,,15.14,
2005-03-21 13:00:00,48.27,,,18.08,
2005-03-21 14:00:00,30.88,,,21.47,
2005-03-21 15:00:00,10.5,,,23.43,
2005-03-21 16:00:00,38.34,,,18.14,
2005-03-21 17:00:00,60.02,,,18.56,
2005-03-21 18:00:00,16.64,,,9.125,
2005-03-21 19:00:00,83.32,,,5.244,
2005-03-21 20:00:00,11.26,,,1.331,
2005-03-21 21:00:00,34.83,,,4.564,
2005-03-21 22:00:00,55.88,,,9.139,
2005-03-21 23:00:00,16.44,,,5.161,
2005-03-22 00:00:00,31.27,,,9.626,
2005-03-22 01:00:00,14.86,,,12.47,
2005-03-22 02:00:00,40.31,,,11.2,
2005-03-22 03:00:00,32.62,,,11.9,
2005-03-22 04:00:00,35.9,,,15.75,
2005-03-22 05:00:00,22.87,,,14.16,
2005-03-22 06:00:00,0.448,,,14.54,
2005-03-22 07:00:00,9.861,,,11.62,
2005-03-22 08:00:00,1.242,,,8.856,
2005-03-22 09:00:00,28.95,,,8.868,
2005-03-22 10:00:00,9.73,,,8.433,
2005-03-22 11:00:00,28.45,,,10.55,
2005-03-22 12:00:00,21.12,,,8.241,
2005-03-22 13:00:00,43.7,,,8.303,
2005-03-22 14:00:00,0.158,,,11.82,
2005-03-22 15:00:00,4.965,,,10.52,
2005-03-22 16:00:00,31.15,,,12.04,
2005-03-22 17:00:00,11.54,,,9.94,
2005-03-22 18:00:00,9.131,,,10.99,
2005-03-22 19:00:00,20.23,,,10.48,
2005-03-22 20:00:00,0.486,,,6.975,
2005-03-22 21:00:00,12.86,,,13.49,
2005-03-22 22:00:00,39.69,,,8.272,
2005-03-22 23:00:00,20.47,,,6.518,
2005-03-23 00:00:00,29.78,,,4.236,
2005-03-23 01:00:00,20.9,,,6.093,
2005-03-23 02:00:00,1.261,,,6.473,
2005-03-23 03:00:00,29.12,,,6.64,
2005-03-23 04:00:00,2.623,,,6.729,
2005-03-23 05:00:00,24.07,,,10.16,
2005-03-23 06:00:00,11.25,,,9.106,
2005-03-23 07:00:00,18.69,,,6.067,
2005-03-23 08:00:00,0.244,,,1.668,
2005-03-23 09:00:00,6.422,,,1.011,
2005-03-23 10:00:00,14.21,,,6.237,
2005-03-23 11:00:00,0.715,,,7.889,
2005-03-23 12:00:00,17.53,,,7.89,
2005-03-23 13:00:00,11.5,,,6.576,
2005-03-23 14:00:00,0.955,,,11.18,
2005-03-23 15:00:00,25.38,,,10.16,
2005-03-23 16:00:00,0.15,,,9.79,
2005-03-23 17:00:00,4.105,,,10.52,
2005-03-23 18:00:00,13.06,,,6.165,
2005-03-23 19:00:00,7.179,,,4.631,
2005-03-23 20:00:00,0.175,,,0.5,
2005-03-23 21:00:00,4.193,,,4.857,
2005-03-23 22:00:00,0.616,,,8.788,
2005-03-23 23:00:00,16.22,,,4.224,
2005-03-24 00:00:00,10.56,,,2.31,
2005-03-24 01:00:00,0.637,,,0.5,
2005-03-24 02:00:00,15.93,,,2.961,
2005-03-24 03:00:00,4.123,,,3.836,
2005-03-24 04:00:00,14.15,,,1.794,
2005-03-24 05:00:00,15.52,,,0.5,
2005-03-24 06:00:00,0.805,,,0.5,
2005-03-24 07:00:00,21.77,,,0.5,
2005-03-24 08:00:00,10.03,,,0.5,
2005-03-24 09:00:00,61.54,,,0.5,
2005-03-24 10:00:00,46.87,,,2.745,
2005-03-24 11:00:00,26.7,,,4.488,
2005-03-24 12:00:00,31.59,,,6.746,
2005-03-24 13:00:00,11.07,,,6.718,
2005-03-24 14:00:00,19.16,,,10.58,
2005-03-24 15:00:00,0.395,,,12.3,
2005-03-24 16:00:00,9.079,,,,
2005-03-24 17:00:00,3.054,,,14.84,
2005-03-24 18:00:00,20.98,,,16.49,
2005-03-24 19:00:00,17.91,,,10.57,
2005-03-24 20:00:00,0.806,,,4.928,
2005-03-24 21:00:00,20.02,,,4.214,
2005-03-24 22:00:00,19.64,,,5.232,
2005-03-24 23:00:00,4.275,,,7.988,
2005-03-25 00:00:00,29.61,,,5.943,
2005-03-25 01:00:00,0.468,,,6.65,
2005-03-25 02:00:00,11.75,,,7.932,
2005-03-25 03:00:00,14.69,,,7.439,
2005-03-25 04:00:00,8.798,,,7.654,
2005-03-25 05:00:00,13.54,,,6.424,
2005-03-25 06:00:00,19.11,,,3.617,
2005-03-25 07:00:00,1.507,,,2.937,
2005-03-25 08:00:00,0.642,,,5.415,
2005-03-25 09:00:00,16.6,,,6.547,
2005-03-25 10:00:00,31.27,,,6.013,
2005-03-25 11:00:00,3.778,,,6.51,
2005-03-25 12:00:00,11.82,,,12.69,
2005-03-25 13:00:00,0.867,,,14.03,
2005-03-25 14:00:00,20.66,,,18.81,
2005-03-25 15:00:00,0.303,,,20.45,
2005-03-25 16:00:00,7.188,,,19.37,
2005-03-25 17:00:00,10.5,,,18.96,
2005-03-25 18:00:00,8.708,,,18.76,
2005-03-25 19:00:00,30.09,,,19.51,
2005-03-25 20:00:00,9.811,,,19.03,
2005-03-25 21:00:00,10.36,,,17.76,
2005-03-25 22:00:00,29.23,,,17.2,
2005-03-25 23:00:00,22.59,,,17.49,
2005-03-26 00:00:00,1.345,,,16.79,
2005-03-26 01:00:00,33.38,,,15.34,
2005-03-26 02:00:00,5.243,,,15.49,
2005-03-26 03:00:00,23.16,,,13.25,
2005-03-26 04:00:00,5.633,,,11.55,
2005-03-26 05:00:00,8.706,,,5.297,
2005-03-26 06:00:00,11.77,,,2.614,
2005-03-26 07:00:00,1.951,,,2.871,
2005-03-26 08:00:00,,,,4.517,
2005-03-26 09:00:00,,,,8.034,
2005-03-26 10:00:00,2.065,,,9.237,
2005-03-26 11:00:00,51.03,,,13.9,
2005-03-26 12:00:00,,,,17.8,
2005-03-26 13:00:00,,,,16.34,
2005-03-26 14:00:00,0.152,,,18.39,
2005-03-26 15:00:00,3.378,,,23.29,
2005-03-26 16:00:00,0.585,,,23.02,
2005-03-26 17:00:00,13.53,,,22.94,
2005-03-26 18:00:00,13.36,,,19.67,
2005-03-26 19:00:00,31.11,,,19.98,
2005-03-26 20:00:00,10.06,,,17.86,
2005-03-26 21:00:00,10.84,,,15.11,
2005-03-26 22:00:00,31.2,,,15.82,
2005-03-26 23:00:00,16.98,,,15.35,
2005-03-27 00:00:00,16.27,,,11.9,
2005-03-27 01:00:00,25.71,,,10.81,
2005-03-27 02:00:00,0.388,,,8.949,
2005-03-27 03:00:00,9.188,,,9.769,
2005-03-27 04:00:00,12.58,,,3.833,
2005-03-27 05:00:00,1.33,,,3.599,
2005-03-27 06:00:00,29.86,,,3.675,
2005-03-27 07:00:00,6.45,,,2.981,
2005-03-27 08:00:00,1.464,,,5.022,
2005-03-27 09:00:00,33.68,,,8.057,
2005-03-27 10:00:00,0.833,,,12.05,
2005-03-27 11:00:00,20.22,,,12.05,
2005-03-27 12:00:00,24.33,,,25.01,
2005-03-27 13:00:00,0.049,,,37.83,
2005-03-27 14:00:00,2.547,,,42.12,
2005-03-27 15:00:00,33.32,,,24.77,
2005-03-27 16:00:00,12.51,,,20.34,
2005-03-27 17:00:00,5.859,,,24.08,
2005-03-27 18:00:00,48.97,,,17.67,
2005-03-27 19:00:00,25.21,,,16.95,
2005-03-27 20:00:00,19.56,,,12.11,
2005-03-27 21:00:00,29.34,,,9.821,
2005-03-27 22:00:00,23.98,,,8.194,
2005-03-27 23:00:00,19.12,,,6.624,
2005-03-28 00:00:00,9.545,,,8.103,
2005-03-28 01:00:00,17.89,,,8.803,
2005-03-28 02:00:00,31.47,,,7.362,
2005-03-28 03:00:00,1.102,,,4.685,
2005-03-28 04:00:00,25.91,,,3.653,
2005-03-28 05:00:00,13.38,,,4.189,
2005-03-28 06:00:00,2.676,,,3.526,
2005-03-28 07:00:00,10.48,,,3.09,
2005-03-28 08:00:00,1.324,,,5.779,
2005-03-28 09:00:00,32.61,,,6.521,
2005-03-28 10:00:00,27.39,,,5.677,
2005-03-28 11:00:00,46.42,,,7.632,
2005-03-28 12:00:00,23.01,,,9.719,
2005-03-28 13:00:00,12.4,,,18.17,
2005-03-28 14:00:00,46.09,,,28.09,
2005-03-28 15:00:00,27.65,,,35.2,
2005-03-28 16:00:00,26.91,,,56.84,
2005-03-28 17:00:00,45.65,,,29.73,
2005-03-28 18:00:00,8.541,,,20.47,
2005-03-28 19:00:00,43.14,,,15.47,
2005-03-28 20:00:00,2.117,,,10.4,
2005-03-28 21:00:00,53.85,,,10.92,
2005-03-28 22:00:00,38.79,,,9.503,
2005-03-28 23:00:00,20.55,,,7.397,
2005-03-29 00:00:00,4.239,,,6.793,
2005-03-29 01:00:00,1.332,,,5.756,
2005-03-29 02:00:00,32.92,,,7.124,
2005-03-29 03:00:00,1.111,,,7.951,
2005-03-29 04:00:00,27.24,,,6.224,
2005-03-29 05:00:00,6.647,,,8.039,
2005-03-29 06:00:00,12.88,,,10.87,
2005-03-29 07:00:00,15.78,,,7.99,
2005-03-29 08:00:00,0.831,,,4.996,
2005-03-29 09:00:00,21.84,,,6.154,
2005-03-29 10:00:00,34.48,,,9.629,
2005-03-29 11:00:00,45.1,,,9.499,
2005-03-29 12:00:00,30.55,,,10.74,
2005-03-29 13:00:00,22.65,,,19.48,
2005-03-29 14:00:00,30.1,,,26.44,
2005-03-29 15:00:00,22.28,,,20.86,
2005-03-29 16:00:00,58.28,,,19.68,
2005-03-29 17:00:00,25.18,,,23.36,
2005-03-29 18:00:00,38.47,,,23.3,
2005-03-29 19:00:00,30.77,,,16.7,
2005-03-29 20:00:00,5.611,,,13.31,
2005-03-29 21:00:00,66.99,,,7.708,
2005-03-29 22:00:00,28.27,,,7.121,
2005-03-29 23:00:00,44.91,,,12.33,
2005-03-30 00:00:00,14.33,,,11.76,
2005-03-30 01:00:00,28.78,,,9.717,
2005-03-30 02:00:00,18.67,,,14.09,
2005-03-30 03:00:00,,,,17.61,
2005-03-30 04:00:00,,,,17.19,
2005-03-30 05:00:00,0.521,,,13.37,
2005-03-30 06:00:00,13.74,,,11.54,
2005-03-30 07:00:00,9.726,,,7.514,
2005-03-30 08:00:00,0.831,,,5.158,
2005-03-30 09:00:00,23.03,,,5.782,
2005-03-30 10:00:00,23.43,,,13.2,
2005-03-30 11:00:00,30.28,,,19.48,
2005-03-30 12:00:00,30.3,,,18.5,
2005-03-30 13:00:00,0.509,,,18.83,
2005-03-30 14:00:00,15.21,,,19.37,
2005-03-30 15:00:00,30.44,,,17.62,
2005-03-30 16:00:00,27.14,,,17.4,
2005-03-30 17:00:00,18.14,,,15.16,
2005-03-30 18:00:00,34.86,,,13.54,
2005-03-30 19:00:00,45.19,,,7.89,
2005-03-30 20:00:00,1.588,,,9.507,
2005-03-30 21:00:00,46.33,,,12.34,
2005-03-30 22:00:00,8.884,,,14.88,
2005-03-30 23:00:00,27.34,,,15.53,
2005-03-31 00:00:00,29.33,,,14.31,
2005-03-31 01:00:00,23.17,,,17.54,
2005-03-31 02:00:00,33.16,,,20.27,
2005-03-31 03:00:00,23.92,,,21.04,
2005-03-31 04:00:00,18.06,,,21.76,
2005-03-31 05:00:00,1.01,,,22.23,
2005-03-31 06:00:00,30.19,,,22.16,
2005-03-31 07:00:00,25.78,,,20.57,
2005-03-31 08:00:00,0.959,,,14.73,
2005-03-31 09:00:00,28.35,,,15.87,
2005-03-31 10:00:00,15.5,,,19.59,
2005-03-31 11:00:00,0.999,,,19.74,
2005-03-31 12:00:00,29.06,,,20.11,
2005-03-31 13:00:00,4.061,,,19.64,
2005-03-31 14:00:00,40.45,,,19.48,
2005-03-31 15:00:00,10.55,,,19.33,
2005-03-31 16:00:00,17.16,,,18.27,
2005-03-31 17:00:00,1.968,,,12.13,
2005-03-31 18:00:00,59.66,,,9.271,
2005-03-31 19:00:00,0.126,,,9.408,
2005-03-31 20:00:00,0.099,,,9.16,
2005-03-31 21:00:00,3.386,,,10.47,
2005-03-31 22:00:00,11.54,,,10.79,
2005-03-31 23:00:00,5.88,,,9.44,
2005-04-01 00:00:00,18.3,,,10.07,
2005-04-01 01:00:00,0.042,,,10.72,
2005-04-01 02:00:00,1.288,,,10.57,
2005-04-01 03:00:00,0.001,,,10.82,
2005-04-01 04:00:00,0.47,,,10.61,
2005-04-01 05:00:00,14.39,,,8.258,
2005-04-01 06:00:00,22.31,,,13.39,
2005-04-01 07:00:00,4.163,,,9.243,
2005-04-01 08:00:00,0.527,,,6.056,
2005-04-01 09:00:00,16.15,,,6.233,
2005-04-01 10:00:00,6.511,,,5.56,
2005-04-01 11:00:00,33.6,,,6.801,
2005-04-01 12:00:00,20.81,,,6.14,
2005-04-01 13:00:00,0.792,,,5.018,
2005-04-01 14:00:00,9.579,,,4.107,
2005-04-01 15:00:00,1.675,,,3.554,
2005-04-01 16:00:00,38.07,,,7.137,
2005-04-01 17:00:00,0.871,,,5.665,
2005-04-01 18:00:00,21.7,,,7.03,
2005-04-01 19:00:00,41.05,,,5.156,
2005-04-01 20:00:00,32.84,,,7.035,
2005-04-01 21:00:00,29.28,,,10.39,
2005-04-01 22:00:00,50.95,,,11.48,
2005-04-01 23:00:00,62.91,,,14.3,
2005-04-02 00:00:00,64.35,,,13.41,
2005-04-02 01:00:00,65.56,,,10.93,
2005-04-02 02:00:00,39.6,,,5.324,
2005-04-02 03:00:00,29.04,,,4.128,
2005-04-02 04:00:00,1.342,,,3.353,
2005-04-02 05:00:00,32.08,,,3.647,
2005-04-02 06:00:00,0.437,,,4.092,
2005-04-02 07:00:00,11.95,,,4.293,
2005-04-02 08:00:00,19.71,,,4.799,
2005-04-02 09:00:00,27.13,,,6.078,
2005-04-02 10:00:00,27.46,,,6.906,
2005-04-02 11:00:00,23.37,,,7.208,
2005-04-02 12:00:00,49.65,,,9.274,
2005-04-02 13:00:00,63.46,,,6.954,
2005-04-02 14:00:00,40.17,,,7.301,
2005-04-02 15:00:00,14.95,,,6.711,
2005-04-02 16:00:00,9.53,,,6.211,
2005-04-02 17:00:00,19.37,,,4.865,
2005-04-02 18:00:00,9.031,,,4.164,
2005-04-02 19:00:00,45.71,,,3.963,
2005-04-02 20:00:00,1.394,,,6.292,
2005-04-02 21:00:00,34.14,,,4.814,
2005-04-02 22:00:00,49.34,,,5.724,
2005-04-02 23:00:00,36.77,,,5.39,
2005-04-03 00:00:00,29.45,,,6.703,
2005-04-03 01:00:00,9.518,,,8.44,
2005-04-03 02:00:00,25.38,,,10.06,
2005-04-03 03:00:00,9.198,,,11.29,
2005-04-03 04:00:00,,,,11.01,
2005-04-03 05:00:00,0.051,,,11.06,
2005-04-03 06:00:00,1.41,,,12.82,
2005-04-03 07:00:00,3.985,,,11.18,
2005-04-03 08:00:00,,,,10.62,
2005-04-03 09:00:00,,,,11.18,
2005-04-03 10:00:00,,,,11.08,
2005-04-03 11:00:00,0.424,,,12.69,
2005-04-03 12:00:00,10.88,,,15.74,
2005-04-03 13:00:00,0.03,,,17.42,
2005-04-03 14:00:00,1.285,,,16.42,
2005-04-03 15:00:00,13.48,,,14.17,
2005-04-03 16:00:00,2.524,,,12.12,
2005-04-03 17:00:00,42.41,,,10.03,
2005-04-03 18:00:00,0.876,,,10.69,
2005-04-03 19:00:00,20.64,,,10.27,
2005-04-03 20:00:00,11.69,,,5.339,
2005-04-03 21:00:00,9.354,,,4.874,
2005-04-03 22:00:00,17.8,,,6.76,
2005-04-03 23:00:00,10.01,,,9.386,
2005-04-04 00:00:00,31.56,,,8.16,
2005-04-04 01:00:00,0.019,,,12.77,
2005-04-04 02:00:00,,,,9.906,
2005-04-04 03:00:00,0.402,,,13.93,
2005-04-04 04:00:00,9.928,,,17.33,
2005-04-04 05:00:00,,,,17.9,
2005-04-04 06:00:00,0.275,,,16.45,
2005-04-04 07:00:00,6.805,,,9.597,
2005-04-04 08:00:00,0.777,,,4.918,
2005-04-04 09:00:00,21.13,,,6.159,
2005-04-04 10:00:00,30.23,,,9.778,
2005-04-04 11:00:00,0.581,,,16.65,
2005-04-04 12:00:00,15.07,,,18.33,
2005-04-04 13:00:00,4.4,,,16.56,
2005-04-04 14:00:00,6.152,,,16.77,
2005-04-04 15:00:00,11.42,,,18.43,
2005-04-04 16:00:00,14.08,,,21.71,
2005-04-04 17:00:00,35.0,,,25.94,
2005-04-04 18:00:00,,,,19.04,
2005-04-04 19:00:00,0.164,,,6.514,
2005-04-04 20:00:00,5.475,,,3.922,
2005-04-04 21:00:00,34.25,,,6.556,
2005-04-04 22:00:00,43.82,,,4.831,
2005-04-04 23:00:00,14.51,,,3.308,
2005-04-05 00:00:00,6.395,,,2.817,
2005-04-05 01:00:00,38.63,,,4.771,
2005-04-05 02:00:00,18.66,,,4.329,
2005-04-05 03:00:00,10.93,,,3.899,
2005-04-05 04:00:00,1.996,,,7.533,
2005-04-05 05:00:00,19.21,,,6.321,
2005-04-05 06:00:00,5.431,,,5.11,
2005-04-05 07:00:00,39.42,,,3.864,
2005-04-05 08:00:00,22.97,,,5.31,
2005-04-05 09:00:00,9.47,,,5.606,
2005-04-05 10:00:00,48.79,,,9.62,
2005-04-05 11:00:00,8.142,,,,
2005-04-05 12:00:00,8.305,,,14.37,
2005-04-05 13:00:00,1.41,,,13.08,
2005-04-05 14:00:00,12.95,,,16.76,
2005-04-05 15:00:00,8.049,,,21.54,
2005-04-05 16:00:00,20.25,,,20.94,
2005-04-05 17:00:00,26.85,,,17.59,
2005-04-05 18:00:00,3.563,,,15.71,
2005-04-05 19:00:00,35.96,,,6.424,
2005-04-05 20:00:00,29.05,,,4.297,
2005-04-05 21:00:00,51.68,,,3.058,
2005-04-05 22:00:00,24.45,,,5.047,
2005-04-05 23:00:00,25.94,,,2.707,
2005-04-06 00:00:00,30.0,,,4.272,
2005-04-06 01:00:00,25.42,,,4.76,
2005-04-06 02:00:00,14.26,,,5.913,
2005-04-06 03:00:00,17.58,,,4.675,
2005-04-06 04:00:00,42.08,,,4.519,
2005-04-06 05:00:00,1.436,,,3.361,
2005-04-06 06:00:00,36.68,,,2.701,
2005-04-06 07:00:00,29.96,,,0.5,
2005-04-06 08:00:00,17.3,,,1.161,
2005-04-06 09:00:00,4.539,,,1.181,
2005-04-06 10:00:00,44.85,,,1.622,
2005-04-06 11:00:00,34.51,,,2.307,
2005-04-06 12:00:00,41.62,,,3.664,
2005-04-06 13:00:00,47.24,,,12.46,
2005-04-06 14:00:00,34.8,,,15.99,
2005-04-06 15:00:00,31.55,,,16.24,
2005-04-06 16:00:00,25.93,,,10.64,
2005-04-06 17:00:00,20.91,,,4.007,
2005-04-06 18:00:00,64.53,,,21.68,
2005-04-06 19:00:00,30.89,,,14.59,
2005-04-06 20:00:00,0.201,,,7.693,
2005-04-06 21:00:00,5.488,,,6.477,
2005-04-06 22:00:00,13.55,,,6.554,
2005-04-06 23:00:00,12.24,,,5.779,
2005-04-07 00:00:00,13.35,,,3.925,
2005-04-07 01:00:00,31.69,,,2.561,
2005-04-07 02:00:00,0.934,,,1.364,
2005-04-07 03:00:00,23.77,,,1.412,
2005-04-07 04:00:00,17.31,,,1.392,
2005-04-07 05:00:00,20.1,,,1.188,
2005-04-07 06:00:00,11.32,,,1.282,
2005-04-07 07:00:00,31.0,,,1.357,
2005-04-07 08:00:00,10.4,,,1.552,
2005-04-07 09:00:00,39.52,,,1.306,
2005-04-07 10:00:00,47.48,,,1.438,
2005-04-07 11:00:00,47.17,,,2.869,
2005-04-07 12:00:00,21.73,,,7.907,
2005-04-07 13:00:00,29.39,,,10.02,
2005-04-07 14:00:00,0.329,,,12.98,
2005-04-07 15:00:00,10.32,,,9.683,
2005-04-07 16:00:00,44.31,,,9.929,
2005-04-07 17:00:00,11.02,,,6.631,
2005-04-07 18:00:00,21.24,,,1.886,
2005-04-07 19:00:00,62.03,,,0.5,
2005-04-07 20:00:00,43.76,,,0.5,
2005-04-07 21:00:00,50.06,,,0.5,
2005-04-07 22:00:00,68.97,,,0.5,
2005-04-07 23:00:00,56.64,,,6.703,
2005-04-08 00:00:00,60.57,,,18.95,
2005-04-08 01:00:00,2.958,,,18.49,
2005-04-08 02:00:00,24.16,,,16.35,
2005-04-08 03:00:00,2.835,,,12.74,
2005-04-08 04:00:00,18.48,,,9.876,
2005-04-08 05:00:00,7.543,,,11.4,
2005-04-08 06:00:00,0.558,,,11.52,
2005-04-08 07:00:00,13.29,,,9.206,
2005-04-08 08:00:00,0.435,,,3.051,
2005-04-08 09:00:00,11.9,,,1.292,
2005-04-08 10:00:00,8.38,,,2.407,
2005-04-08 11:00:00,18.46,,,1.317,
2005-04-08 12:00:00,44.23,,,1.884,
2005-04-08 13:00:00,25.39,,,2.911,
2005-04-08 14:00:00,40.04,,,2.826,
2005-04-08 15:00:00,0.447,,,1.478,
2005-04-08 16:00:00,11.98,,,3.076,
2005-04-08 17:00:00,23.29,,,1.644,
2005-04-08 18:00:00,16.02,,,3.496,
2005-04-08 19:00:00,20.48,,,2.435,
2005-04-08 20:00:00,2.251,,,1.321,
2005-04-08 21:00:00,30.22,,,2.179,
2005-04-08 22:00:00,23.47,,,1.961,
2005-04-08 23:00:00,38.2,,,1.211,
2005-04-09 00:00:00,32.15,,,2.07,
2005-04-09 01:00:00,16.73,,,1.461,
2005-04-09 02:00:00,21.37,,,1.704,
2005-04-09 03:00:00,27.78,,,3.551,
2005-04-09 04:00:00,4.32,,,4.167,
2005-04-09 05:00:00,42.84,,,8.319,
2005-04-09 06:00:00,4.806,,,7.481,
2005-04-09 07:00:00,28.75,,,10.35,
2005-04-09 08:00:00,2.261,,,8.443,
2005-04-09 09:00:00,58.2,,,10.5,
2005-04-09 10:00:00,4.616,,,8.719,
2005-04-09 11:00:00,9.095,,,9.183,
2005-04-09 12:00:00,33.61,,,11.07,
2005-04-09 13:00:00,19.4,,,10.97,
2005-04-09 14:00:00,,,,14.55,
2005-04-09 15:00:00,,,,16.44,
2005-04-09 16:00:00,1.011,,,16.25,
2005-04-09 17:00:00,26.74,,,14.28,
2005-04-09 18:00:00,20.86,,,12.74,
2005-04-09 19:00:00,13.14,,,8.851,
2005-04-09 20:00:00,35.05,,,5.354,
2005-04-09 21:00:00,40.58,,,5.126,
2005-04-09 22:00:00,19.89,,,5.671,
2005-04-09 23:00:00,34.38,,,2.621,
2005-04-10 00:00:00,43.77,,,1.211,
2005-04-10 01:00:00,25.07,,,3.096,
2005-04-10 02:00:00,0.94,,,2.876,
2005-04-10 03:00:00,25.84,,,0.5,
2005-04-10 04:00:00,34.64,,,0.5,
2005-04-10 05:00:00,33.12,,,0.5,
2005-04-10 06:00:00,13.69,,,2.474,
2005-04-10 07:00:00,34.0,,,1.087,
2005-04-10 08:00:00,31.49,,,1.093,
2005-04-10 09:00:00,19.12,,,0.5,
2005-04-10 10:00:00,44.23,,,1.293,
2005-04-10 11:00:00,57.62,,,1.306,
2005-04-10 12:00:00,29.9,,,2.896,
2005-04-10 13:00:00,21.47,,,4.039,
2005-04-10 14:00:00,25.14,,,7.676,
2005-04-10 15:00:00,32.08,,,12.65,
2005-04-10 16:00:00,37.57,,,19.59,
2005-04-10 17:00:00,14.56,,,14.87,
2005-04-10 18:00:00,33.36,,,8.874,
2005-04-10 19:00:00,36.12,,,4.95,
2005-04-10 20:00:00,40.05,,,1.364,
2005-04-10 21:00:00,20.16,,,3.108,
2005-04-10 22:00:00,22.44,,,4.192,
2005-04-10 23:00:00,45.72,,,1.321,
2005-04-11 00:00:00,46.24,,,0.5,
2005-04-11 01:00:00,15.61,,,0.5,
2005-04-11 02:00:00,38.68,,,2.003,
2005-04-11 03:00:00,29.4,,,1.861,
2005-04-11 04:00:00,25.69,,,1.182,
2005-04-11 05:00:00,14.18,,,1.404,
2005-04-11 06:00:00,33.45,,,0.5,
2005-04-11 07:00:00,31.62,,,0.5,
2005-04-11 08:00:00,22.26,,,0.5,
2005-04-11 09:00:00,48.58,,,0.5,
2005-04-11 10:00:00,9.723,,,0.5,
2005-04-11 11:00:00,72.76,,,2.507,
2005-04-11 12:00:00,34.19,,,6.643,
2005-04-11 13:00:00,27.67,,,10.64,
2005-04-11 14:00:00,44.45,,,10.15,
2005-04-11 15:00:00,9.15,,,9.319,
2005-04-11 16:00:00,47.56,,,13.19,
2005-04-11 17:00:00,15.64,,,9.704,
2005-04-11 18:00:00,44.72,,,3.578,
2005-04-11 19:00:00,51.36,,,0.5,
2005-04-11 20:00:00,45.27,,,9.598,
2005-04-11 21:00:00,67.0,,,19.72,
2005-04-11 22:00:00,41.52,,,18.78,
2005-04-11 23:00:00,6.768,,,16.73,
2005-04-12 00:00:00,10.33,,,15.25,
2005-04-12 01:00:00,16.89,,,12.96,
2005-04-12 02:00:00,0.184,,,11.62,
2005-04-12 03:00:00,5.492,,,6.349,
2005-04-12 04:00:00,20.95,,,5.185,
2005-04-12 05:00:00,39.72,,,7.06,
2005-04-12 06:00:00,11.81,,,11.68,
2005-04-12 07:00:00,33.31,,,13.52,
2005-04-12 08:00:00,1.438,,,5.349,
2005-04-12 09:00:00,36.9,,,5.45,
2005-04-12 10:00:00,0.111,,,8.386,
2005-04-12 11:00:00,3.525,,,3.529,
2005-04-12 12:00:00,19.1,,,3.871,
2005-04-12 13:00:00,24.54,,,6.897,
2005-04-12 14:00:00,0.579,,,7.482,
2005-04-12 15:00:00,16.54,,,5.632,
2005-04-12 16:00:00,29.3,,,3.824,
2005-04-12 17:00:00,3.931,,,7.312,
2005-04-12 18:00:00,7.151,,,5.782,
2005-04-12 19:00:00,13.35,,,5.908,
2005-04-12 20:00:00,,,,5.642,
2005-04-12 21:00:00,0.222,,,6.781,
2005-04-12 22:00:00,6.855,,,7.001,
2005-04-12 23:00:00,25.87,,,8.396,
2005-04-13 00:00:00,23.52,,,11.26,
2005-04-13 01:00:00,18.33,,,12.17,
2005-04-13 02:00:00,2.117,,,14.55,
2005-04-13 03:00:00,34.46,,,18.65,
2005-04-13 04:00:00,9.408,,,16.2,
2005-04-13 05:00:00,0.641,,,15.53,
2005-04-13 06:00:00,17.39,,,15.23,
2005-04-13 07:00:00,7.326,,,14.22,
2005-04-13 08:00:00,0.329,,,7.817,
2005-04-13 09:00:00,10.51,,,7.653,
2005-04-13 10:00:00,47.71,,,10.32,
2005-04-13 11:00:00,5.972,,,11.8,
2005-04-13 12:00:00,21.12,,,12.27,
2005-04-13 13:00:00,0.114,,,11.55,
2005-04-13 14:00:00,3.642,,,11.58,
2005-04-13 15:00:00,13.79,,,11.2,
2005-04-13 16:00:00,8.646,,,9.389,
2005-04-13 17:00:00,21.93,,,9.688,
2005-04-13 18:00:00,,,,8.212,
2005-04-13 19:00:00,,,,6.844,
2005-04-13 20:00:00,0.834,,,7.346,
2005-04-13 21:00:00,23.39,,,7.471,
2005-04-13 22:00:00,6.175,,,7.329,
2005-04-13 23:00:00,4.17,,,5.853,
2005-04-14 00:00:00,7.739,,,6.289,
2005-04-14 01:00:00,35.88,,,6.181,
2005-04-14 02:00:00,0.169,,,7.122,
2005-04-14 03:00:00,4.691,,,5.812,
2005-04-14 04:00:00,0.216,,,4.382,
2005-04-14 05:00:00,6.149,,,2.811,
2005-04-14 06:00:00,4.592,,,0.5,
2005-04-14 07:00:00,8.715,,,0.5,
2005-04-14 08:00:00,6.079,,,0.5,
2005-04-14 09:00:00,10.94,,,0.5,
2005-04-14 10:00:00,52.64,,,0.5,
2005-04-14 11:00:00,11.64,,,0.5,
2005-04-14 12:00:00,54.44,,,0.5,
2005-04-14 13:00:00,14.64,,,1.615,
2005-04-14 14:00:00,56.38,,,0.5,
2005-04-14 15:00:00,44.63,,,1.228,
2005-04-14 16:00:00,14.74,,,1.677,
2005-04-14 17:00:00,21.59,,,0.5,
2005-04-14 18:00:00,53.75,,,0.5,
2005-04-14 19:00:00,39.1,,,0.5,
2005-04-14 20:00:00,26.79,,,0.5,
2005-04-14 21:00:00,63.06,,,0.5,
2005-04-14 22:00:00,72.4,,,0.5,
2005-04-14 23:00:00,91.3,,,0.5,
2005-04-15 00:00:00,95.68,,,0.5,
2005-04-15 01:00:00,62.97,,,0.5,
2005-04-15 02:00:00,53.4,,,1.363,
2005-04-15 03:00:00,22.37,,,3.987,
2005-04-15 04:00:00,17.26,,,5.654,
2005-04-15 05:00:00,0.399,,,4.901,
2005-04-15 06:00:00,9.851,,,4.809,
2005-04-15 07:00:00,,,,4.115,
2005-04-15 08:00:00,1.186,,,1.664,
2005-04-15 09:00:00,29.45,,,2.076,
2005-04-15 10:00:00,0.706,,,1.987,
2005-04-15 11:00:00,19.11,,,1.047,
2005-04-15 12:00:00,7.546,,,2.462,
2005-04-15 13:00:00,16.44,,,6.475,
2005-04-15 14:00:00,,,,7.158,
2005-04-15 15:00:00,0.777,,,7.049,
2005-04-15 16:00:00,21.46,,,9.168,
2005-04-15 17:00:00,19.94,,,9.036,
2005-04-15 18:00:00,12.98,,,4.8,
2005-04-15 19:00:00,1.571,,,2.507,
2005-04-15 20:00:00,1.42,,,2.239,
2005-04-15 21:00:00,38.19,,,4.051,
2005-04-15 22:00:00,8.631,,,3.568,
2005-04-15 23:00:00,14.97,,,5.426,
2005-04-16 00:00:00,6.551,,,5.319,
2005-04-16 01:00:00,36.54,,,7.675,
2005-04-16 02:00:00,3.228,,,6.486,
2005-04-16 03:00:00,11.81,,,5.749,
2005-04-16 04:00:00,0.252,,,3.957,
2005-04-16 05:00:00,7.727,,,2.919,
2005-04-16 06:00:00,26.56,,,4.408,
2005-04-16 07:00:00,3.894,,,2.122,
2005-04-16 08:00:00,0.438,,,1.353,
2005-04-16 09:00:00,11.69,,,2.071,
2005-04-16 10:00:00,0.529,,,4.217,
2005-04-16 11:00:00,15.25,,,5.181,
2005-04-16 12:00:00,30.02,,,10.39,
2005-04-16 13:00:00,1.311,,,11.17,
2005-04-16 14:00:00,22.31,,,12.42,
2005-04-16 15:00:00,12.32,,,11.33,
2005-04-16 16:00:00,5.475,,,11.15,
2005-04-16 17:00:00,0.559,,,8.293,
2005-04-16 18:00:00,16.28,,,4.865,
2005-04-16 19:00:00,35.97,,,7.772,
2005-04-16 20:00:00,0.815,,,6.649,
2005-04-16 21:00:00,23.18,,,6.774,
2005-04-16 22:00:00,38.54,,,5.854,
2005-04-16 23:00:00,17.64,,,4.944,
2005-04-17 00:00:00,5.66,,,3.532,
2005-04-17 01:00:00,37.17,,,0.5,
2005-04-17 02:00:00,22.66,,,0.5,
2005-04-17 03:00:00,30.32,,,0.5,
2005-04-17 04:00:00,23.79,,,0.5,
2005-04-17 05:00:00,22.4,,,0.5,
2005-04-17 06:00:00,11.43,,,0.5,
2005-04-17 07:00:00,33.6,,,0.5,
2005-04-17 08:00:00,12.21,,,0.5,
2005-04-17 09:00:00,24.04,,,0.5,
2005-04-17 10:00:00,38.34,,,1.946,
2005-04-17 11:00:00,55.12,,,10.31,
2005-04-17 12:00:00,1.36,,,30.72,
2005-04-17 13:00:00,35.76,,,29.59,
2005-04-17 14:00:00,23.45,,,27.3,
2005-04-17 15:00:00,35.23,,,21.73,
2005-04-17 16:00:00,,,,27.24,
2005-04-17 17:00:00,1.016,,,23.58,
2005-04-17 18:00:00,26.83,,,17.9,
2005-04-17 19:00:00,19.12,,,13.03,
2005-04-17 20:00:00,0.306,,,1.643,
2005-04-17 21:00:00,9.06,,,4.25,
2005-04-17 22:00:00,30.91,,,6.326,
2005-04-17 23:00:00,5.868,,,6.11,
2005-04-18 00:00:00,24.81,,,7.254,
2005-04-18 01:00:00,17.92,,,5.612,
2005-04-18 02:00:00,8.044,,,13.18,
2005-04-18 03:00:00,15.19,,,9.062,
2005-04-18 04:00:00,17.13,,,0.5,
2005-04-18 05:00:00,20.49,,,0.5,
2005-04-18 06:00:00,27.22,,,2.035,
2005-04-18 07:00:00,9.453,,,0.5,
2005-04-18 08:00:00,30.97,,,0.5,
2005-04-18 09:00:00,39.24,,,0.5,
2005-04-18 10:00:00,54.11,,,0.5,
2005-04-18 11:00:00,43.39,,,1.425,
2005-04-18 12:00:00,65.32,,,3.168,
2005-04-18 13:00:00,50.48,,,8.864,
2005-04-18 14:00:00,17.95,,,9.674,
2005-04-18 15:00:00,71.56,,,9.892,
2005-04-18 16:00:00,48.47,,,8.067,
2005-04-18 17:00:00,51.37,,,6.802,
2005-04-18 18:00:00,75.06,,,12.01,
2005-04-18 19:00:00,50.92,,,0.5,
2005-04-18 20:00:00,37.97,,,0.5,
2005-04-18 21:00:00,66.65,,,0.5,
2005-04-18 22:00:00,55.23,,,0.5,
2005-04-18 23:00:00,57.79,,,0.5,
2005-04-19 00:00:00,62.72,,,0.5,
2005-04-19 01:00:00,94.12,,,0.5,
2005-04-19 02:00:00,43.85,,,0.5,
2005-04-19 03:00:00,47.56,,,2.674,
2005-04-19 04:00:00,55.71,,,1.942,
2005-04-19 05:00:00,17.42,,,0.5,
2005-04-19 06:00:00,44.19,,,0.5,
2005-04-19 07:00:00,46.92,,,0.5,
2005-04-19 08:00:00,2.617,,,0.5,
2005-04-19 09:00:00,67.41,,,0.5,
2005-04-19 10:00:00,69.84,,,0.5,
2005-04-19 11:00:00,58.55,,,0.5,
2005-04-19 12:00:00,59.38,,,0.5,
2005-04-19 13:00:00,46.72,,,0.5,
2005-04-19 14:00:00,35.47,,,1.264,
2005-04-19 15:00:00,46.16,,,0.5,
2005-04-19 16:00:00,22.61,,,1.049,
2005-04-19 17:00:00,15.73,,,1.531,
2005-04-19 18:00:00,50.55,,,0.5,
2005-04-19 19:00:00,39.63,,,0.5,
2005-04-19 20:00:00,24.32,,,0.5,
2005-04-19 21:00:00,24.51,,,0.5,
2005-04-19 22:00:00,38.45,,,0.5,
2005-04-19 23:00:00,25.17,,,0.5,
2005-04-20 00:00:00,28.71,,,0.5,
2005-04-20 01:00:00,45.27,,,0.5,
2005-04-20 02:00:00,26.79,,,0.5,
2005-04-20 03:00:00,28.83,,,0.5,
2005-04-20 04:00:00,48.93,,,0.5,
2005-04-20 05:00:00,25.55,,,0.5,
2005-04-20 06:00:00,23.91,,,0.5,
2005-04-20 07:00:00,17.54,,,0.5,
2005-04-20 08:00:00,29.18,,,0.5,
2005-04-20 09:00:00,35.45,,,0.5,
2005-04-20 10:00:00,51.05,,,0.5,
2005-04-20 11:00:00,37.27,,,,
2005-04-20 12:00:00,51.96,,,0.5,
2005-04-20 13:00:00,20.38,,,2.401,
2005-04-20 14:00:00,45.5,,,4.824,
2005-04-20 15:00:00,1.982,,,4.085,
2005-04-20 16:00:00,53.39,,,5.078,
2005-04-20 17:00:00,14.29,,,4.142,
2005-04-20 18:00:00,47.19,,,3.696,
2005-04-20 19:00:00,45.75,,,5.165,
2005-04-20 20:00:00,19.79,,,3.533,
2005-04-20 21:00:00,28.13,,,1.943,
2005-04-20 22:00:00,35.29,,,1.481,
2005-04-20 23:00:00,54.22,,,1.357,
2005-04-21 00:00:00,29.87,,,1.372,
2005-04-21 01:00:00,42.05,,,1.45,
2005-04-21 02:00:00,33.31,,,2.896,
2005-04-21 03:00:00,40.46,,,6.867,
2005-04-21 04:00:00,20.81,,,5.271,
2005-04-21 05:00:00,19.76,,,5.375,
2005-04-21 06:00:00,17.25,,,8.91,
2005-04-21 07:00:00,24.53,,,9.26,
2005-04-21 08:00:00,2.384,,,1.8,
2005-04-21 09:00:00,25.25,,,5.783,
2005-04-21 10:00:00,40.17,,,6.11,
2005-04-21 11:00:00,10.35,,,8.564,
2005-04-21 12:00:00,29.01,,,11.18,
2005-04-21 13:00:00,1.77,,,15.67,
2005-04-21 14:00:00,47.07,,,19.03,
2005-04-21 15:00:00,9.449,,,22.73,
2005-04-21 16:00:00,13.21,,,23.62,
2005-04-21 17:00:00,3.597,,,25.97,
2005-04-21 18:00:00,23.82,,,20.33,
2005-04-21 19:00:00,23.3,,,16.44,
2005-04-21 20:00:00,0.675,,,14.48,
2005-04-21 21:00:00,18.66,,,15.2,
2005-04-21 22:00:00,18.53,,,13.51,
2005-04-21 23:00:00,31.94,,,12.3,
2005-04-22 00:00:00,26.66,,,10.27,
2005-04-22 01:00:00,21.84,,,8.514,
2005-04-22 02:00:00,6.041,,,7.153,
2005-04-22 03:00:00,36.97,,,9.379,
2005-04-22 04:00:00,,,,4.363,
2005-04-22 05:00:00,0.885,,,6.324,
2005-04-22 06:00:00,23.94,,,0.5,
2005-04-22 07:00:00,8.482,,,0.5,
2005-04-22 08:00:00,1.749,,,0.5,
2005-04-22 09:00:00,48.2,,,0.5,
2005-04-22 10:00:00,42.4,,,1.901,
2005-04-22 11:00:00,53.11,,,5.835,
2005-04-22 12:00:00,27.53,,,7.294,
2005-04-22 13:00:00,29.59,,,11.48,
2005-04-22 14:00:00,43.25,,,12.63,
2005-04-22 15:00:00,9.478,,,16.57,
2005-04-22 16:00:00,24.75,,,15.67,
2005-04-22 17:00:00,13.54,,,16.31,
2005-04-22 18:00:00,22.03,,,13.0,
2005-04-22 19:00:00,29.54,,,4.361,
2005-04-22 20:00:00,35.51,,,0.5,
2005-04-22 21:00:00,24.66,,,4.188,
2005-04-22 22:00:00,4.067,,,4.233,
2005-04-22 23:00:00,52.78,,,2.169,
2005-04-23 00:00:00,16.51,,,0.5,
2005-04-23 01:00:00,29.87,,,0.5,
2005-04-23 02:00:00,18.63,,,0.5,
2005-04-23 03:00:00,8.983,,,0.5,
2005-04-23 04:00:00,14.87,,,0.5,
2005-04-23 05:00:00,50.5,,,1.699,
2005-04-23 06:00:00,0.662,,,1.871,
2005-04-23 07:00:00,17.0,,,0.5,
2005-04-23 08:00:00,1.605,,,0.5,
2005-04-23 09:00:00,42.24,,,0.5,
2005-04-23 10:00:00,27.49,,,1.908,
2005-04-23 11:00:00,16.08,,,3.924,
2005-04-23 12:00:00,41.69,,,7.037,
2005-04-23 13:00:00,29.54,,,11.4,
2005-04-23 14:00:00,1.422,,,16.0,
2005-04-23 15:00:00,37.95,,,13.2,
2005-04-23 16:00:00,0.285,,,18.66,
2005-04-23 17:00:00,8.817,,,30.53,
2005-04-23 18:00:00,32.96,,,29.09,
2005-04-23 19:00:00,24.08,,,26.06,
2005-04-23 20:00:00,31.14,,,6.281,
2005-04-23 21:00:00,83.75,,,4.756,
2005-04-23 22:00:00,42.63,,,2.815,
2005-04-23 23:00:00,47.46,,,0.5,
2005-04-24 00:00:00,49.79,,,0.5,
2005-04-24 01:00:00,12.72,,,0.5,
2005-04-24 02:00:00,43.67,,,0.5,
2005-04-24 03:00:00,43.25,,,0.5,
2005-04-24 04:00:00,23.21,,,0.5,
2005-04-24 05:00:00,5.438,,,0.5,
2005-04-24 06:00:00,22.03,,,0.5,
2005-04-24 07:00:00,65.82,,,0.5,
2005-04-24 08:00:00,19.21,,,0.5,
2005-04-24 09:00:00,25.18,,,1.124,
2005-04-24 10:00:00,30.81,,,1.676,
2005-04-24 11:00:00,4.945,,,4.322,
2005-04-24 12:00:00,47.37,,,9.132,
2005-04-24 13:00:00,41.0,,,5.386,
2005-04-24 14:00:00,59.55,,,3.722,
2005-04-24 15:00:00,100.9,,,7.649,
2005-04-24 16:00:00,57.16,,,6.168,
2005-04-24 17:00:00,55.81,,,3.618,
2005-04-24 18:00:00,60.93,,,1.779,
2005-04-24 19:00:00,64.99,,,1.694,
2005-04-24 20:00:00,60.65,,,0.5,
2005-04-24 21:00:00,33.08,,,0.5,
2005-04-24 22:00:00,63.61,,,11.13,
2005-04-24 23:00:00,35.66,,,21.4,
2005-04-25 00:00:00,31.65,,,21.81,
2005-04-25 01:00:00,14.57,,,20.12,
2005-04-25 02:00:00,12.94,,,20.51,
2005-04-25 03:00:00,12.51,,,22.17,
2005-04-25 04:00:00,0.48,,,22.95,
2005-04-25 05:00:00,13.94,,,22.51,
2005-04-25 06:00:00,0.831,,,23.18,
2005-04-25 07:00:00,,,,19.4,
2005-04-25 08:00:00,,,,11.25,
2005-04-25 09:00:00,1.014,,,6.16,
2005-04-25 10:00:00,30.48,,,6.336,
2005-04-25 11:00:00,31.18,,,7.389,
2005-04-25 12:00:00,6.755,,,6.114,
2005-04-25 13:00:00,19.24,,,4.893,
2005-04-25 14:00:00,23.51,,,4.374,
2005-04-25 15:00:00,24.73,,,4.909,
2005-04-25 16:00:00,8.581,,,2.571,
2005-04-25 17:00:00,33.35,,,1.119,
2005-04-25 18:00:00,49.49,,,0.5,
2005-04-25 19:00:00,43.69,,,0.5,
2005-04-25 20:00:00,13.08,,,0.5,
2005-04-25 21:00:00,26.78,,,0.5,
2005-04-25 22:00:00,24.54,,,0.5,
2005-04-25 23:00:00,18.14,,,0.5,
2005-04-26 00:00:00,28.68,,,1.003,
2005-04-26 01:00:00,9.808,,,3.455,
2005-04-26 02:00:00,8.308,,,3.375,
2005-04-26 03:00:00,17.23,,,11.96,
2005-04-26 04:00:00,16.25,,,10.49,
2005-04-26 05:00:00,6.317,,,7.668,
2005-04-26 06:00:00,30.14,,,3.374,
2005-04-26 07:00:00,,,,0.5,
2005-04-26 08:00:00,0.184,,,0.5,
2005-04-26 09:00:00,6.164,,,1.907,
2005-04-26 10:00:00,26.0,,,0.5,
2005-04-26 11:00:00,49.39,,,1.394,
2005-04-26 12:00:00,43.1,,,1.313,
2005-04-26 13:00:00,26.69,,,1.408,
2005-04-26 14:00:00,34.77,,,3.425,
2005-04-26 15:00:00,22.75,,,13.67,
2005-04-26 16:00:00,4.36,,,9.646,
2005-04-26 17:00:00,30.45,,,13.4,
2005-04-26 18:00:00,13.39,,,12.21,
2005-04-26 19:00:00,29.49,,,5.103,
2005-04-26 20:00:00,1.305,,,2.692,
2005-04-26 21:00:00,39.94,,,5.435,
2005-04-26 22:00:00,13.35,,,11.68,
2005-04-26 23:00:00,34.5,,,8.152,
2005-04-27 00:00:00,0.974,,,13.49,
2005-04-27 01:00:00,27.54,,,21.63,
2005-04-27 02:00:00,12.75,,,22.14,
2005-04-27 03:00:00,0.475,,,13.29,
2005-04-27 04:00:00,13.26,,,4.941,
2005-04-27 05:00:00,2.652,,,14.69,
2005-04-27 06:00:00,26.23,,,14.02,
2005-04-27 07:00:00,0.325,,,7.876,
2005-04-27 08:00:00,10.04,,,0.5,
2005-04-27 09:00:00,30.05,,,0.5,
2005-04-27 10:00:00,42.8,,,1.994,
2005-04-27 11:00:00,7.752,,,3.067,
2005-04-27 12:00:00,77.6,,,13.98,
2005-04-27 13:00:00,27.74,,,14.26,
2005-04-27 14:00:00,43.33,,,19.11,
2005-04-27 15:00:00,0.487,,,15.98,
2005-04-27 16:00:00,15.27,,,14.04,
2005-04-27 17:00:00,14.93,,,14.65,
2005-04-27 18:00:00,45.2,,,9.619,
2005-04-27 19:00:00,60.49,,,2.933,
2005-04-27 20:00:00,8.367,,,1.415,
2005-04-27 21:00:00,23.53,,,4.071,
2005-04-27 22:00:00,25.41,,,5.516,
2005-04-27 23:00:00,50.56,,,5.038,
2005-04-28 00:00:00,9.67,,,7.903,
2005-04-28 01:00:00,31.53,,,10.75,
2005-04-28 02:00:00,0.928,,,5.476,
2005-04-28 03:00:00,29.43,,,9.611,
2005-04-28 04:00:00,0.808,,,17.75,
2005-04-28 05:00:00,25.77,,,14.46,
2005-04-28 06:00:00,4.639,,,5.808,
2005-04-28 07:00:00,9.074,,,0.5,
2005-04-28 08:00:00,0.084,,,0.5,
2005-04-28 09:00:00,3.175,,,3.444,
2005-04-28 10:00:00,17.33,,,10.6,
2005-04-28 11:00:00,43.26,,,22.17,
2005-04-28 12:00:00,0.206,,,24.35,
2005-04-28 13:00:00,5.72,,,21.41,
2005-04-28 14:00:00,0.527,,,23.84,
2005-04-28 15:00:00,11.12,,,24.22,
2005-04-28 16:00:00,28.42,,,23.12,
2005-04-28 17:00:00,0.415,,,21.76,
2005-04-28 18:00:00,11.79,,,8.967,
2005-04-28 19:00:00,22.59,,,1.408,
2005-04-28 20:00:00,15.41,,,1.704,
2005-04-28 21:00:00,57.24,,,5.903,
2005-04-28 22:00:00,0.405,,,9.664,
2005-04-28 23:00:00,12.04,,,1.178,
2005-04-29 00:00:00,22.74,,,0.5,
2005-04-29 01:00:00,29.52,,,0.5,
2005-04-29 02:00:00,18.37,,,2.321,
2005-04-29 03:00:00,0.964,,,0.5,
2005-04-29 04:00:00,26.9,,,0.5,
2005-04-29 05:00:00,3.399,,,0.5,
2005-04-29 06:00:00,13.47,,,0.5,
2005-04-29 07:00:00,7.828,,,0.5,
2005-04-29 08:00:00,2.277,,,0.5,
2005-04-29 09:00:00,65.66,,,0.5,
2005-04-29 10:00:00,68.36,,,0.5,
2005-04-29 11:00:00,76.24,,,0.5,
2005-04-29 12:00:00,50.72,,,9.375,
2005-04-29 13:00:00,29.99,,,16.32,
2005-04-29 14:00:00,3.013,,,9.999,
2005-04-29 15:00:00,37.8,,,9.139,
2005-04-29 16:00:00,35.69,,,15.66,
2005-04-29 17:00:00,25.97,,,18.27,
2005-04-29 18:00:00,0.225,,,9.804,
2005-04-29 19:00:00,7.739,,,1.833,
2005-04-29 20:00:00,36.34,,,1.087,
2005-04-29 21:00:00,25.46,,,0.5,
2005-04-29 22:00:00,15.78,,,0.5,
2005-04-29 23:00:00,30.34,,,0.5,
2005-04-30 00:00:00,46.02,,,0.5,
2005-04-30 01:00:00,25.79,,,0.5,
2005-04-30 02:00:00,31.85,,,0.5,
2005-04-30 03:00:00,35.26,,,0.5,
2005-04-30 04:00:00,20.2,,,0.5,
2005-04-30 05:00:00,37.17,,,0.5,
2005-04-30 06:00:00,0.482,,,0.5,
2005-04-30 07:00:00,15.4,,,0.5,
2005-04-30 08:00:00,25.46,,,0.5,
2005-04-30 09:00:00,52.04,,,0.5,
2005-04-30 10:00:00,49.01,,,1.167,
2005-04-30 11:00:00,29.63,,,4.518,
2005-04-30 12:00:00,26.78,,,13.21,
2005-04-30 13:00:00,5.332,,,16.84,
2005-04-30 14:00:00,15.1,,,25.34,
2005-04-30 15:00:00,10.58,,,25.31,
2005-04-30 16:00:00,14.12,,,21.77,
2005-04-30 17:00:00,0.172,,,19.12,
2005-04-30 18:00:00,5.386,,,21.47,
2005-04-30 19:00:00,28.08,,,4.257,
2005-04-30 20:00:00,1.793,,,1.35,
2005-04-30 21:00:00,52.93,,,0.5,
2005-04-30 22:00:00,28.23,,,0.5,
2005-04-30 23:00:00,34.88,,,0.5,
2005-05-01 00:00:00,54.99,,,0.5,
2005-05-01 01:00:00,12.88,,,0.5,
2005-05-01 02:00:00,56.92,,,0.5,
2005-05-01 03:00:00,41.71,,,0.5,
2005-05-01 04:00:00,19.49,,,0.5,
2005-05-01 05:00:00,40.1,,,0.5,
2005-05-01 06:00:00,52.07,,,0.5,
2005-05-01 07:00:00,18.15,,,0.5,
2005-05-01 08:00:00,27.24,,,0.5,
2005-05-01 09:00:00,19.01,,,0.5,
2005-05-01 10:00:00,53.0,,,2.904,
2005-05-01 11:00:00,24.63,,,6.597,
2005-05-01 12:00:00,20.54,,,12.93,
2005-05-01 13:00:00,64.03,,,25.23,
2005-05-01 14:00:00,27.9,,,30.56,
2005-05-01 15:00:00,70.31,,,25.14,
2005-05-01 16:00:00,33.74,,,31.37,
2005-05-01 17:00:00,0.019,,,31.39,
2005-05-01 18:00:00,0.499,,,25.91,
2005-05-01 19:00:00,13.92,,,7.544,
2005-05-01 20:00:00,2.081,,,6.094,
2005-05-01 21:00:00,24.01,,,11.65,
2005-05-01 22:00:00,60.22,,,10.71,
2005-05-01 23:00:00,16.4,,,16.01,
2005-05-02 00:00:00,31.41,,,20.93,
2005-05-02 01:00:00,14.46,,,23.24,
2005-05-02 02:00:00,9.515,,,21.98,
2005-05-02 03:00:00,16.36,,,19.26,
2005-05-02 04:00:00,32.8,,,13.72,
2005-05-02 05:00:00,3.049,,,7.242,
2005-05-02 06:00:00,0.102,,,1.786,
2005-05-02 07:00:00,3.785,,,0.5,
2005-05-02 08:00:00,21.74,,,0.5,
2005-05-02 09:00:00,35.05,,,0.5,
2005-05-02 10:00:00,78.13,,,0.5,
2005-05-02 11:00:00,74.83,,,2.87,
2005-05-02 12:00:00,25.99,,,12.72,
2005-05-02 13:00:00,37.48,,,19.09,
2005-05-02 14:00:00,24.14,,,33.05,
2005-05-02 15:00:00,3.409,,,27.75,
2005-05-02 16:00:00,23.25,,,27.3,
2005-05-02 17:00:00,,,,19.14,
2005-05-02 18:00:00,,,,16.27,
2005-05-02 19:00:00,,,,9.308,
2005-05-02 20:00:00,,,,9.433,
2005-05-02 21:00:00,,,,10.5,
2005-05-02 22:00:00,,,,15.54,
2005-05-02 23:00:00,,,,11.24,
2005-05-03 00:00:00,,,,8.38,
2005-05-03 01:00:00,,,,11.05,
2005-05-03 02:00:00,,,,6.685,
2005-05-03 03:00:00,,,,2.217,
2005-05-03 04:00:00,,,,3.018,
2005-05-03 05:00:00,,,,2.204,
2005-05-03 06:00:00,,,,1.14,
2005-05-03 07:00:00,,,,0.5,
2005-05-03 08:00:00,,,,0.5,
2005-05-03 09:00:00,,,,0.5,
2005-05-03 10:00:00,,,,0.5,
2005-05-03 11:00:00,,,,5.589,
2005-05-03 12:00:00,,,,8.724,
2005-05-03 13:00:00,,,,8.994,
2005-05-03 14:00:00,,,,24.67,
2005-05-03 15:00:00,,,,48.98,
2005-05-03 16:00:00,,,,32.06,
2005-05-03 17:00:00,,,,18.08,
2005-05-03 18:00:00,,,,9.247,
2005-05-03 19:00:00,,,,4.455,
2005-05-03 20:00:00,,,,3.863,
2005-05-03 21:00:00,,,,1.297,
2005-05-03 22:00:00,,,,2.74,
2005-05-03 23:00:00,,,,3.571,
2005-05-04 00:00:00,,,,5.235,
2005-05-04 01:00:00,,,,6.998,
2005-05-04 02:00:00,,,,7.739,
2005-05-04 03:00:00,,,,9.747,
2005-05-04 04:00:00,,,,4.349,
2005-05-04 05:00:00,,,,1.724,
2005-05-04 06:00:00,,,,0.5,
2005-05-04 07:00:00,,,,0.5,
2005-05-04 08:00:00,,,,0.5,
2005-05-04 09:00:00,,,,0.5,
2005-05-04 10:00:00,,,,0.5,
2005-05-04 11:00:00,,,,4.382,
2005-05-04 12:00:00,,,,6.994,
2005-05-04 13:00:00,,,,15.32,
2005-05-04 14:00:00,,,,20.67,
2005-05-04 15:00:00,,,,17.24,
2005-05-04 16:00:00,,,,11.68,
2005-05-04 17:00:00,,,,8.31,
2005-05-04 18:00:00,,,,12.51,
2005-05-04 19:00:00,,,,0.5,
2005-05-04 20:00:00,,,,0.5,
2005-05-04 21:00:00,,,,0.5,
2005-05-04 22:00:00,,,,0.5,
2005-05-04 23:00:00,,,,0.5,
2005-05-05 00:00:00,,,,0.5,
2005-05-05 01:00:00,,,,0.5,
2005-05-05 02:00:00,,,,0.5,
2005-05-05 03:00:00,,,,0.5,
2005-05-05 04:00:00,,,,0.5,
2005-05-05 05:00:00,,,,0.5,
2005-05-05 06:00:00,,,,0.5,
2005-05-05 07:00:00,,,,0.5,
2005-05-05 08:00:00,,,,0.5,
2005-05-05 09:00:00,,,,0.5,
2005-05-05 10:00:00,,,,0.5,
2005-05-05 11:00:00,,,,3.382,
2005-05-05 12:00:00,,,,5.192,
2005-05-05 13:00:00,,,,15.24,
2005-05-05 14:00:00,,,,18.63,
2005-05-05 15:00:00,,,,13.78,
2005-05-05 16:00:00,,,,14.86,
2005-05-05 17:00:00,,,,21.36,
2005-05-05 18:00:00,,,,8.494,
2005-05-05 19:00:00,,,,1.63,
2005-05-05 20:00:00,,,,0.5,
2005-05-05 21:00:00,,,,0.5,
2005-05-05 22:00:00,,,,0.5,
2005-05-05 23:00:00,,,,0.5,
2005-05-06 00:00:00,,,,0.5,
2005-05-06 01:00:00,,,,0.5,
2005-05-06 02:00:00,,,,0.5,
2005-05-06 03:00:00,,,,0.5,
2005-05-06 04:00:00,,,,0.5,
2005-05-06 05:00:00,,,,0.5,
2005-05-06 06:00:00,,,,0.5,
2005-05-06 07:00:00,,,,0.5,
2005-05-06 08:00:00,,,,0.5,
2005-05-06 09:00:00,,,,0.5,
2005-05-06 10:00:00,,,,0.5,
2005-05-06 11:00:00,,,,6.114,
2005-05-06 12:00:00,,,,9.971,
2005-05-06 13:00:00,,,,8.81,
2005-05-06 14:00:00,,,,12.52,
2005-05-06 15:00:00,,,,9.272,
2005-05-06 16:00:00,,,,6.106,
2005-05-06 17:00:00,,,,3.447,
2005-05-06 18:00:00,,,,9.086,
2005-05-06 19:00:00,,,,4.926,
2005-05-06 20:00:00,,,,3.829,
2005-05-06 21:00:00,,,,0.5,
2005-05-06 22:00:00,,,,2.849,
2005-05-06 23:00:00,,,,2.821,
2005-05-07 00:00:00,,,,1.868,
2005-05-07 01:00:00,,,,5.942,
2005-05-07 02:00:00,,,,11.12,
2005-05-07 03:00:00,,,,13.53,
2005-05-07 04:00:00,,,,15.77,
2005-05-07 05:00:00,,,,8.28,
2005-05-07 06:00:00,,,,13.46,
2005-05-07 07:00:00,,,,9.46,
2005-05-07 08:00:00,,,,9.847,
2005-05-07 09:00:00,,,,3.691,
2005-05-07 10:00:00,,,,4.075,
2005-05-07 11:00:00,,,,2.918,
2005-05-07 12:00:00,,,,4.818,
2005-05-07 13:00:00,,,,3.902,
2005-05-07 14:00:00,,,,9.174,
2005-05-07 15:00:00,,,,8.997,
2005-05-07 16:00:00,,,,4.568,
2005-05-07 17:00:00,,,,10.89,
2005-05-07 18:00:00,,,,14.4,
2005-05-07 19:00:00,,,,13.04,
2005-05-07 20:00:00,,,,13.08,
2005-05-07 21:00:00,,,,12.21,
2005-05-07 22:00:00,,,,13.67,
2005-05-07 23:00:00,,,,12.0,
2005-05-08 00:00:00,,,,10.46,
2005-05-08 01:00:00,,,,12.99,
2005-05-08 02:00:00,,,,11.62,
2005-05-08 03:00:00,,,,13.56,
2005-05-08 04:00:00,,,,16.24,
2005-05-08 05:00:00,,,,20.81,
2005-05-08 06:00:00,,,,23.1,
2005-05-08 07:00:00,,,,20.54,
2005-05-08 08:00:00,,,,11.88,
2005-05-08 09:00:00,,,,13.14,
2005-05-08 10:00:00,,,,17.78,
2005-05-08 11:00:00,,,,22.69,
2005-05-08 12:00:00,,,,22.09,
2005-05-08 13:00:00,,,,22.92,
2005-05-08 14:00:00,,,,26.2,
2005-05-08 15:00:00,,,,25.99,
2005-05-08 16:00:00,,,,23.67,
2005-05-08 17:00:00,,,,20.41,
2005-05-08 18:00:00,,,,18.03,
2005-05-08 19:00:00,,,,11.78,
2005-05-08 20:00:00,,,,14.26,
2005-05-08 21:00:00,,,,17.76,
2005-05-08 22:00:00,,,,19.55,
2005-05-08 23:00:00,,,,14.99,
2005-05-09 00:00:00,,,,12.6,
2005-05-09 01:00:00,,,,13.54,
2005-05-09 02:00:00,,,,15.73,
2005-05-09 03:00:00,,,,16.78,
2005-05-09 04:00:00,,,,15.81,
2005-05-09 05:00:00,,,,13.55,
2005-05-09 06:00:00,,,,13.17,
2005-05-09 07:00:00,,,,13.11,
2005-05-09 08:00:00,,,,8.549,
2005-05-09 09:00:00,,,,6.271,
2005-05-09 10:00:00,,,,6.126,
2005-05-09 11:00:00,,,,9.382,
2005-05-09 12:00:00,,,,10.68,
2005-05-09 13:00:00,,,,7.156,
2005-05-09 14:00:00,,,,4.632,
2005-05-09 15:00:00,,,,3.172,
2005-05-09 16:00:00,,,,2.499,
2005-05-09 17:00:00,,,,1.008,
2005-05-09 18:00:00,,,,1.101,
2005-05-09 19:00:00,,,,0.5,
2005-05-09 20:00:00,,,,0.5,
2005-05-09 21:00:00,,,,0.5,
2005-05-09 22:00:00,,,,0.5,
2005-05-09 23:00:00,,,,0.5,
2005-05-10 00:00:00,,,,0.5,
2005-05-10 01:00:00,,,,0.5,
2005-05-10 02:00:00,,,,0.5,
2005-05-10 03:00:00,,,,0.5,
2005-05-10 04:00:00,,,,0.5,
2005-05-10 05:00:00,,,,0.5,
2005-05-10 07:00:00,,,,0.5,
2005-05-10 08:00:00,,,,0.5,
2005-05-10 09:00:00,,,,0.5,
2005-05-10 10:00:00,,,,0.5,
2005-05-10 11:00:00,,,,2.513,
2005-05-10 12:00:00,,,,7.251,
2005-05-10 13:00:00,,,,8.742,
2005-05-10 14:00:00,,,,10.17,
2005-05-10 15:00:00,,,,9.615,
2005-05-10 16:00:00,,,,8.266,
2005-05-10 17:00:00,7.185,,,6.888,
2005-05-10 18:00:00,3.468,,,4.226,
2005-05-10 19:00:00,3.415,,,0.5,
2005-05-10 20:00:00,4.952,,,0.5,
2005-05-10 21:00:00,13.35,,,0.5,
2005-05-10 22:00:00,15.64,,,0.5,
2005-05-10 23:00:00,28.83,,,0.5,
2005-05-11 00:00:00,40.36,,,0.5,
2005-05-11 01:00:00,46.07,,,0.5,
2005-05-11 02:00:00,38.22,,,0.5,
2005-05-11 03:00:00,39.72,,,0.5,
2005-05-11 04:00:00,29.5,,,0.5,
2005-05-11 05:00:00,10.57,,,0.5,
2005-05-11 06:00:00,15.15,,,0.5,
2005-05-11 07:00:00,25.03,,,0.5,
2005-05-11 08:00:00,42.07,,,0.5,
2005-05-11 09:00:00,73.83,,,0.5,
2005-05-11 10:00:00,100.3,,,0.5,
2005-05-11 11:00:00,105.5,,,0.5,
2005-05-11 12:00:00,105.3,,,0.5,
2005-05-11 13:00:00,73.6,,,0.5,
2005-05-11 14:00:00,28.97,,,0.5,
2005-05-11 15:00:00,27.35,,,0.5,
2005-05-11 16:00:00,38.67,,,0.5,
2005-05-11 17:00:00,,,,0.5,
2005-05-11 18:00:00,,,,0.5,
2005-05-11 19:00:00,,,,0.5,
2005-05-11 20:00:00,,,,0.5,
2005-05-11 21:00:00,,,,0.5,
2005-05-11 22:00:00,,,,0.5,
2005-05-11 23:00:00,,,,0.5,
2005-05-12 00:00:00,,,,0.5,
2005-05-12 01:00:00,,,,0.5,
2005-05-12 02:00:00,,,,3.119,
2005-05-12 03:00:00,,,,7.85,
2005-05-12 04:00:00,,,,9.567,
2005-05-12 05:00:00,,,,11.36,
2005-05-12 06:00:00,,,,8.15,
2005-05-12 07:00:00,,,,10.8,
2005-05-12 08:00:00,,,,3.058,
2005-05-12 09:00:00,,,,2.693,
2005-05-12 10:00:00,,,,3.379,
2005-05-12 11:00:00,,,,3.371,
2005-05-12 12:00:00,,,,1.499,
2005-05-12 13:00:00,,,,0.5,
2005-05-12 14:00:00,,,,0.5,
2005-05-12 15:00:00,,,,0.5,
2005-05-12 16:00:00,,,,0.5,
2005-05-12 17:00:00,,,,0.5,
2005-05-12 18:00:00,,,,0.5,
2005-05-12 19:00:00,,,,0.5,
2005-05-12 20:00:00,,,,0.5,
2005-05-12 21:00:00,,,,0.5,
2005-05-12 22:00:00,,,,0.5,
2005-05-12 23:00:00,,,,0.5,
2005-05-13 00:00:00,,,,0.5,
2005-05-13 01:00:00,,,,0.5,
2005-05-13 02:00:00,,,,0.5,
2005-05-13 03:00:00,,,,0.5,
2005-05-13 04:00:00,,,,0.5,
2005-05-13 05:00:00,,,,0.5,
2005-05-13 06:00:00,,,,0.5,
2005-05-13 07:00:00,,,,0.5,
2005-05-13 08:00:00,,,,0.5,
2005-05-13 09:00:00,,,,0.5,
2005-05-13 10:00:00,,,,0.5,
2005-05-13 11:00:00,,,,0.5,
2005-05-13 12:00:00,,,,0.5,
2005-05-13 13:00:00,,,,0.5,
2005-05-13 14:00:00,,,,1.094,
2005-05-13 15:00:00,,,,0.5,
2005-05-13 16:00:00,,,,6.835,
2005-05-13 17:00:00,,,,3.796,
2005-05-13 18:00:00,,,,1.699,
2005-05-13 19:00:00,,,,0.5,
2005-05-13 20:00:00,,,,0.5,
2005-05-13 21:00:00,,,,0.5,
2005-05-13 22:00:00,,,,0.5,
2005-05-13 23:00:00,,,,0.5,
2005-05-14 00:00:00,,,,0.5,
2005-05-14 01:00:00,,,,0.5,
2005-05-14 02:00:00,,,,0.5,
2005-05-14 03:00:00,,,,0.5,
2005-05-14 04:00:00,,,,0.5,
2005-05-14 05:00:00,,,,0.5,
2005-05-14 06:00:00,,,,0.5,
2005-05-14 07:00:00,,,,0.5,
2005-05-14 08:00:00,,,,0.5,
2005-05-14 09:00:00,,,,0.5,
2005-05-14 10:00:00,,,,0.5,
2005-05-14 11:00:00,,,,0.5,
2005-05-14 12:00:00,,,,1.583,
2005-05-14 13:00:00,,,,1.802,
2005-05-14 14:00:00,,,,3.204,
2005-05-14 15:00:00,,,,2.075,
2005-05-14 16:00:00,,,,1.378,
2005-05-14 17:00:00,,,,4.812,
2005-05-14 18:00:00,,,,2.611,
2005-05-14 19:00:00,,,,1.441,
2005-05-14 20:00:00,,,,0.5,
2005-05-14 21:00:00,,,,0.5,
2005-05-14 22:00:00,,,,0.5,
2005-05-14 23:00:00,,,,0.5,
2005-05-15 00:00:00,,,,0.5,
2005-05-15 01:00:00,,,,0.5,
2005-05-15 02:00:00,,,,0.5,
2005-05-15 03:00:00,,,,0.5,
2005-05-15 04:00:00,,,,0.5,
2005-05-15 05:00:00,,,,0.5,
2005-05-15 06:00:00,,,,0.5,
2005-05-15 07:00:00,,,,0.5,
2005-05-15 08:00:00,,,,0.5,
2005-05-15 09:00:00,,,,0.5,
2005-05-15 10:00:00,,,,0.5,
2005-05-15 11:00:00,,,,0.5,
2005-05-15 12:00:00,,,,0.5,
2005-05-15 13:00:00,,,,1.465,
2005-05-15 14:00:00,,,,3.412,
2005-05-15 15:00:00,,,,5.087,
2005-05-15 16:00:00,,,,7.365,
2005-05-15 17:00:00,,,,8.846,
2005-05-15 18:00:00,,,,1.008,
2005-05-15 19:00:00,,,,3.972,
2005-05-15 20:00:00,,,,0.5,
2005-05-15 21:00:00,,,,0.5,
2005-05-15 22:00:00,,,,0.5,
2005-05-15 23:00:00,,,,0.5,
2005-05-16 00:00:00,,,,0.5,
2005-05-16 01:00:00,,,,0.5,
2005-05-16 02:00:00,,,,0.5,
2005-05-16 03:00:00,,,,0.5,
2005-05-16 04:00:00,,,,0.5,
2005-05-16 05:00:00,,,,0.5,
2005-05-16 06:00:00,,,,0.5,
2005-05-16 07:00:00,,,,0.5,
2005-05-16 08:00:00,,,,0.5,
2005-05-16 09:00:00,,,,0.5,
2005-05-16 10:00:00,,,,0.5,
2005-05-16 11:00:00,,,,0.5,
2005-05-16 12:00:00,,,,0.5,
2005-05-16 13:00:00,,,,0.5,
2005-05-16 14:00:00,,,,1.072,
2005-05-16 15:00:00,,,,1.953,
2005-05-16 16:00:00,,,,1.476,
2005-05-16 17:00:00,,,,1.032,
2005-05-16 18:00:00,,,,0.5,
2005-05-16 19:00:00,,,,0.5,
2005-05-16 20:00:00,,,,0.5,
2005-05-16 21:00:00,,,,0.5,
2005-05-16 22:00:00,,,,1.392,
2005-05-16 23:00:00,,,,7.962,
2005-05-17 00:00:00,,,,13.37,
2005-05-17 01:00:00,,,,15.43,
2005-05-17 02:00:00,,,,17.58,
2005-05-17 03:00:00,,,,19.84,
2005-05-17 04:00:00,,,,19.43,
2005-05-17 05:00:00,,,,18.72,
2005-05-17 06:00:00,,,,19.7,
2005-05-17 07:00:00,,,,10.36,
2005-05-17 08:00:00,,,,1.999,
2005-05-17 09:00:00,,,,3.497,
2005-05-17 10:00:00,,,,7.207,
2005-05-17 11:00:00,,,,9.517,
2005-05-17 12:00:00,,,,7.458,
2005-05-17 13:00:00,,,,7.381,
2005-05-17 14:00:00,,,,6.476,
2005-05-17 15:00:00,,,,7.123,
2005-05-17 16:00:00,,,,7.536,
2005-05-17 17:00:00,18.09,,,7.107,
2005-05-17 18:00:00,11.49,,,3.331,
2005-05-17 19:00:00,16.7,,,6.721,
2005-05-17 20:00:00,3.06,,,5.457,
2005-05-17 21:00:00,22.31,,,11.48,
2005-05-17 22:00:00,13.43,,,12.01,
2005-05-17 23:00:00,1.828,,,13.15,
2005-05-18 00:00:00,12.2,,,5.217,
2005-05-18 01:00:00,4.308,,,7.2,
2005-05-18 02:00:00,9.898,,,9.706,
2005-05-18 03:00:00,1.959,,,6.728,
2005-05-18 04:00:00,19.34,,,4.85,
2005-05-18 05:00:00,8.155,,,5.561,
2005-05-18 06:00:00,0.859,,,4.319,
2005-05-18 07:00:00,27.74,,,1.276,
2005-05-18 08:00:00,16.67,,,1.066,
2005-05-18 09:00:00,17.6,,,0.5,
2005-05-18 10:00:00,36.97,,,1.118,
2005-05-18 11:00:00,27.69,,,1.047,
2005-05-18 12:00:00,11.18,,,0.5,
2005-05-18 13:00:00,,,,0.5,
2005-05-18 14:00:00,11.54,,,0.5,
2005-05-18 15:00:00,37.73,,,0.5,
2005-05-18 16:00:00,19.81,,,0.5,
2005-05-18 17:00:00,8.209,,,0.5,
2005-05-18 18:00:00,39.11,,,0.5,
2005-05-18 19:00:00,,,,0.5,
2005-05-18 20:00:00,,,,0.5,
2005-05-18 21:00:00,,,,0.5,
2005-05-18 22:00:00,,,,0.5,
2005-05-18 23:00:00,,,,0.5,
2005-05-19 00:00:00,,,,0.5,
2005-05-19 01:00:00,,,,0.5,
2005-05-19 02:00:00,,,,0.5,
2005-05-19 03:00:00,,,,0.5,
2005-05-19 04:00:00,,,,0.5,
2005-05-19 05:00:00,,,,0.5,
2005-05-19 06:00:00,,,,0.5,
2005-05-19 07:00:00,,,,0.5,
2005-05-19 08:00:00,,,,0.5,
2005-05-19 09:00:00,,,,0.5,
2005-05-19 10:00:00,,,,0.5,
2005-05-19 11:00:00,,,,0.5,
2005-05-19 12:00:00,,,,0.5,
2005-05-19 13:00:00,,,,0.5,
2005-05-19 14:00:00,,,,0.5,
2005-05-19 15:00:00,,,,0.5,
2005-05-19 16:00:00,,,,0.5,
2005-05-19 17:00:00,,,,,
2005-05-19 18:00:00,,,,,
2005-05-19 19:00:00,,,,,
2005-05-19 20:00:00,,,,,
2005-05-19 21:00:00,,,,,
2005-05-19 22:00:00,,,,,
2005-05-19 23:00:00,,,,,
2005-05-20 00:00:00,,,,,
2005-05-20 01:00:00,,,,,
2005-05-20 02:00:00,,,,,
2005-05-20 03:00:00,,,,,
2005-05-20 04:00:00,,,,,
2005-05-20 05:00:00,,,,,
2005-05-20 06:00:00,,,,,
2005-05-20 07:00:00,,,,,
2005-05-20 08:00:00,,,,,
2005-05-20 09:00:00,,,,,
2005-05-20 10:00:00,,,,,
2005-05-20 11:00:00,,,,,
2005-05-20 13:00:00,,,,,
2005-05-20 14:00:00,,,,,
2005-05-20 15:00:00,,,,,
2005-05-20 16:00:00,,,,,
2005-05-20 17:00:00,11.9,,,,
2005-05-20 18:00:00,30.4,,,,
2005-05-20 19:00:00,10.79,,,,
2005-05-20 20:00:00,23.77,,,,
2005-05-20 21:00:00,42.54,,,,
2005-05-20 22:00:00,7.001,,,,
2005-05-20 23:00:00,0.154,,,,
2005-05-21 00:00:00,11.18,,,,
2005-05-21 01:00:00,16.53,,,,
2005-05-21 02:00:00,3.853,,,,
2005-05-21 03:00:00,15.94,,,,
2005-05-21 04:00:00,1.595,,,,
2005-05-21 05:00:00,0.161,,,,
2005-05-21 06:00:00,14.49,,,,
2005-05-21 07:00:00,12.47,,,,
2005-05-21 08:00:00,,,,,
2005-05-21 09:00:00,0.132,,,,
2005-05-21 10:00:00,9.398,,,,
2005-05-21 11:00:00,,,,,
2005-05-21 12:00:00,,,,,
2005-05-21 13:00:00,0.078,,,,
2005-05-21 14:00:00,5.522,,,,
2005-05-21 15:00:00,,,,,
2005-05-21 16:00:00,0.147,,,,
2005-05-21 17:00:00,9.853,,,,
2005-05-21 18:00:00,24.03,,,,
2005-05-21 19:00:00,8.696,,,,
2005-05-21 20:00:00,10.12,,,,
2005-05-21 21:00:00,29.52,,,,
2005-05-21 22:00:00,25.52,,,,
2005-05-21 23:00:00,5.986,,,,
2005-05-22 00:00:00,10.4,,,,
2005-05-22 01:00:00,40.89,,,,
2005-05-22 02:00:00,0.397,,,,
2005-05-22 03:00:00,28.3,,,,
2005-05-22 04:00:00,8.514,,,,
2005-05-22 05:00:00,2.672,,,,
2005-05-22 06:00:00,19.95,,,,
2005-05-22 07:00:00,25.05,,,,
2005-05-22 08:00:00,1.513,,,,
2005-05-22 09:00:00,31.11,,,,
2005-05-22 10:00:00,0.343,,,,
2005-05-22 11:00:00,23.49,,,,
2005-05-22 12:00:00,38.17,,,,
2005-05-22 13:00:00,0.036,,,,
2005-05-22 14:00:00,2.711,,,,
2005-05-22 15:00:00,10.48,,,,
2005-05-22 16:00:00,0.091,,,,
2005-05-22 17:00:00,7.283,,,,
2005-05-22 18:00:00,4.526,,,,
2005-05-22 19:00:00,16.28,,,,
2005-05-22 20:00:00,31.43,,,,
2005-05-22 21:00:00,19.95,,,,
2005-05-22 22:00:00,30.22,,,,
2005-05-22 23:00:00,19.02,,,,
2005-05-23 00:00:00,13.73,,,,
2005-05-23 01:00:00,32.9,,,,
2005-05-23 02:00:00,33.56,,,,
2005-05-23 03:00:00,9.43,,,,
2005-05-23 04:00:00,24.42,,,,
2005-05-23 05:00:00,24.83,,,,
2005-05-23 06:00:00,9.737,,,,
2005-05-23 07:00:00,51.79,,,,
2005-05-23 08:00:00,23.63,,,,
2005-05-23 09:00:00,17.78,,,,
2005-05-23 10:00:00,50.57,,,,
2005-05-23 11:00:00,78.88,,,,
2005-05-23 12:00:00,53.77,,,,
2005-05-23 13:00:00,52.75,,,,
2005-05-23 14:00:00,5.514,,,,
2005-05-23 15:00:00,,,,,
2005-05-23 16:00:00,,,,,
2005-05-23 17:00:00,0.031,,,,
2005-05-23 18:00:00,2.736,,,,
2005-05-23 19:00:00,46.83,,,,
2005-05-23 20:00:00,36.78,,,,
2005-05-23 21:00:00,37.0,,,,
2005-05-23 22:00:00,26.46,,,,
2005-05-23 23:00:00,32.84,,,,
2005-05-24 00:00:00,31.63,,,,
2005-05-24 01:00:00,19.19,,,,
2005-05-24 02:00:00,10.24,,,,
2005-05-24 03:00:00,19.23,,,,
2005-05-24 04:00:00,,,,,
2005-05-24 05:00:00,0.077,,,,
2005-05-24 06:00:00,7.123,,,,
2005-05-24 07:00:00,26.71,,,,
2005-05-24 08:00:00,0.521,,,,
2005-05-24 09:00:00,41.76,,,,
2005-05-24 10:00:00,50.93,,,,
2005-05-24 11:00:00,54.77,,,,
2005-05-24 12:00:00,46.74,,,,
2005-05-24 13:00:00,33.77,,,1.896,
2005-05-24 14:00:00,11.47,,,1.156,
2005-05-24 15:00:00,15.62,,,0.5,
2005-05-24 16:00:00,0.392,,,0.5,
2005-05-24 17:00:00,40.42,,,0.5,
2005-05-24 18:00:00,54.01,,,0.5,
2005-05-24 19:00:00,30.98,,,0.5,
2005-05-24 20:00:00,20.99,,,0.5,
2005-05-24 21:00:00,30.98,,,0.5,
2005-05-24 22:00:00,17.51,,,1.597,
2005-05-24 23:00:00,5.99,,,0.5,
2005-05-25 00:00:00,19.46,,,0.5,
2005-05-25 01:00:00,28.62,,,2.763,
2005-05-25 02:00:00,33.47,,,8.467,
2005-05-25 03:00:00,,,,7.829,
2005-05-25 04:00:00,,,,7.411,
2005-05-25 05:00:00,0.095,,,6.624,
2005-05-25 06:00:00,9.744,,,4.183,
2005-05-25 07:00:00,6.335,,,1.807,
2005-05-25 08:00:00,31.25,,,0.5,
2005-05-25 09:00:00,24.18,,,0.5,
2005-05-25 10:00:00,9.016,,,1.525,
2005-05-25 11:00:00,34.86,,,2.568,
2005-05-25 12:00:00,14.78,,,4.246,
2005-05-25 13:00:00,42.11,,,8.929,
2005-05-25 14:00:00,22.48,,,8.625,
2005-05-25 15:00:00,7.057,,,7.539,
2005-05-25 16:00:00,12.75,,,5.975,
2005-05-25 17:00:00,17.64,,,4.536,
2005-05-25 18:00:00,27.52,,,2.625,
2005-05-25 19:00:00,41.43,,,3.99,
2005-05-25 20:00:00,37.65,,,4.75,
2005-05-25 21:00:00,25.53,,,2.971,
2005-05-25 22:00:00,23.74,,,2.382,
2005-05-25 23:00:00,14.0,,,1.147,
2005-05-26 00:00:00,32.12,,,0.5,
2005-05-26 01:00:00,11.97,,,7.046,
2005-05-26 02:00:00,17.21,,,2.806,
2005-05-26 03:00:00,16.58,,,0.5,
2005-05-26 04:00:00,9.574,,,3.467,
2005-05-26 05:00:00,14.83,,,3.333,
2005-05-26 06:00:00,46.11,,,3.108,
2005-05-26 07:00:00,5.776,,,1.842,
2005-05-26 08:00:00,21.64,,,0.5,
2005-05-26 09:00:00,21.45,,,1.878,
2005-05-26 10:00:00,32.7,,,6.483,
2005-05-26 11:00:00,60.73,,,8.736,
2005-05-26 12:00:00,4.05,,,12.22,
2005-05-26 13:00:00,50.35,,,16.45,
2005-05-26 14:00:00,0.31,,,16.3,
2005-05-26 15:00:00,18.68,,,17.03,
2005-05-26 16:00:00,0.332,,,11.62,
2005-05-26 17:00:00,21.62,,,16.31,
2005-05-26 18:00:00,14.4,,,3.911,
2005-05-26 19:00:00,44.06,,,0.5,
2005-05-26 20:00:00,45.78,,,0.5,
2005-05-26 21:00:00,63.54,,,0.5,
2005-05-26 22:00:00,50.69,,,0.5,
2005-05-26 23:00:00,35.43,,,1.367,
2005-05-27 00:00:00,19.36,,,2.324,
2005-05-27 01:00:00,39.94,,,1.197,
2005-05-27 02:00:00,25.26,,,0.5,
2005-05-27 03:00:00,21.5,,,2.622,
2005-05-27 04:00:00,5.479,,,0.5,
2005-05-27 05:00:00,29.06,,,0.5,
2005-05-27 06:00:00,45.67,,,0.5,
2005-05-27 07:00:00,36.7,,,0.5,
2005-05-27 08:00:00,6.346,,,0.5,
2005-05-27 09:00:00,71.68,,,0.5,
2005-05-27 10:00:00,60.21,,,0.5,
2005-05-27 11:00:00,65.01,,,0.5,
2005-05-27 12:00:00,51.66,,,1.301,
2005-05-27 13:00:00,37.37,,,3.057,
2005-05-27 14:00:00,24.71,,,5.076,
2005-05-27 15:00:00,71.23,,,3.238,
2005-05-27 16:00:00,80.16,,,2.925,
2005-05-27 17:00:00,87.79,,,0.5,
2005-05-27 18:00:00,48.93,,,1.661,
2005-05-27 19:00:00,63.81,,,0.5,
2005-05-27 20:00:00,60.76,,,0.5,
2005-05-27 21:00:00,22.18,,,0.5,
2005-05-27 22:00:00,60.8,,,0.5,
2005-05-27 23:00:00,49.48,,,0.5,
2005-05-28 00:00:00,70.17,,,0.5,
2005-05-28 01:00:00,75.87,,,0.5,
2005-05-28 02:00:00,66.63,,,0.5,
2005-05-28 03:00:00,58.66,,,0.5,
2005-05-28 04:00:00,26.31,,,0.5,
2005-05-28 05:00:00,39.81,,,0.5,
2005-05-28 06:00:00,48.94,,,0.5,
2005-05-28 07:00:00,28.86,,,0.5,
2005-05-28 08:00:00,18.02,,,0.5,
2005-05-28 09:00:00,40.63,,,0.5,
2005-05-28 10:00:00,48.43,,,0.5,
2005-05-28 11:00:00,54.88,,,0.5,
2005-05-28 12:00:00,70.79,,,4.911,
2005-05-28 13:00:00,8.804,,,7.435,
2005-05-28 14:00:00,29.72,,,10.33,
2005-05-28 15:00:00,44.89,,,23.15,
2005-05-28 16:00:00,28.71,,,29.78,
2005-05-28 17:00:00,40.17,,,28.66,
2005-05-28 18:00:00,22.48,,,15.44,
2005-05-28 19:00:00,45.58,,,9.779,
2005-05-28 20:00:00,13.2,,,6.169,
2005-05-28 21:00:00,36.17,,,3.609,
2005-05-28 22:00:00,14.4,,,1.529,
2005-05-28 23:00:00,51.26,,,4.169,
2005-05-29 00:00:00,47.09,,,0.5,
2005-05-29 01:00:00,45.78,,,0.5,
2005-05-29 02:00:00,44.43,,,0.5,
2005-05-29 03:00:00,22.66,,,0.5,
2005-05-29 04:00:00,29.99,,,0.5,
2005-05-29 05:00:00,34.12,,,0.5,
2005-05-29 06:00:00,25.68,,,0.5,
2005-05-29 07:00:00,39.93,,,0.5,
2005-05-29 08:00:00,5.818,,,0.5,
2005-05-29 09:00:00,45.77,,,0.5,
2005-05-29 10:00:00,65.3,,,0.5,
2005-05-29 11:00:00,34.93,,,3.847,
2005-05-29 12:00:00,56.3,,,11.46,
2005-05-29 13:00:00,31.03,,,17.06,
2005-05-29 14:00:00,9.227,,,22.11,
2005-05-29 15:00:00,10.15,,,20.32,
2005-05-29 16:00:00,15.4,,,13.83,
2005-05-29 17:00:00,8.968,,,7.95,
2005-05-29 18:00:00,37.45,,,0.5,
2005-05-29 19:00:00,65.62,,,0.5,
2005-05-29 20:00:00,52.41,,,0.5,
2005-05-29 21:00:00,87.79,,,0.5,
2005-05-29 22:00:00,55.2,,,0.5,
2005-05-29 23:00:00,77.36,,,0.5,
2005-05-30 00:00:00,56.61,,,0.5,
2005-05-30 01:00:00,54.2,,,0.5,
2005-05-30 02:00:00,47.64,,,3.461,
2005-05-30 03:00:00,20.43,,,8.944,
2005-05-30 04:00:00,9.578,,,9.172,
2005-05-30 05:00:00,9.429,,,2.456,
2005-05-30 06:00:00,47.86,,,4.439,
2005-05-30 07:00:00,23.56,,,0.5,
2005-05-30 08:00:00,15.24,,,0.5,
2005-05-30 09:00:00,89.6,,,0.5,
2005-05-30 10:00:00,85.69,,,0.5,
2005-05-30 11:00:00,69.04,,,0.5,
2005-05-30 12:00:00,70.36,,,4.75,
2005-05-30 13:00:00,60.46,,,11.14,
2005-05-30 14:00:00,53.46,,,16.15,
2005-05-30 15:00:00,19.68,,,12.98,
2005-05-30 16:00:00,14.95,,,14.91,
2005-05-30 17:00:00,0.724,,,13.59,
2005-05-30 18:00:00,15.73,,,6.217,
2005-05-30 19:00:00,39.45,,,7.622,
2005-05-30 20:00:00,38.26,,,8.294,
2005-05-30 21:00:00,14.25,,,9.222,
2005-05-30 22:00:00,47.24,,,9.867,
2005-05-30 23:00:00,24.69,,,9.311,
2005-05-31 00:00:00,42.0,,,7.517,
2005-05-31 01:00:00,21.42,,,11.76,
2005-05-31 02:00:00,15.1,,,7.544,
2005-05-31 03:00:00,19.88,,,8.072,
2005-05-31 04:00:00,22.92,,,6.55,
2005-05-31 05:00:00,16.27,,,7.289,
2005-05-31 06:00:00,11.87,,,6.867,
2005-05-31 07:00:00,25.28,,,1.094,
2005-05-31 08:00:00,1.518,,,0.5,
2005-05-31 09:00:00,33.02,,,0.5,
2005-05-31 10:00:00,10.28,,,1.617,
2005-05-31 11:00:00,44.53,,,,
2005-05-31 12:00:00,,,,4.739,
2005-05-31 13:00:00,39.98,,,4.15,
2005-05-31 14:00:00,47.11,,,5.861,
2005-05-31 15:00:00,33.6,,,5.594,
2005-05-31 16:00:00,48.81,,,5.706,
2005-05-31 17:00:00,47.92,,,1.585,
2005-05-31 18:00:00,73.49,,,1.0,
2005-05-31 19:00:00,96.19,,,1.264,
2005-05-31 20:00:00,101.0,,,1.497,
2005-05-31 21:00:00,114.7,,,1.017,
2005-05-31 22:00:00,88.25,,,0.5,
2005-05-31 23:00:00,63.22,,,1.0,
2005-06-01 00:00:00,66.82,,,0.5,
2005-06-01 01:00:00,38.63,,,0.5,
2005-06-01 02:00:00,67.89,,,1.0,
2005-06-01 03:00:00,60.31,,,0.5,
2005-06-01 04:00:00,45.75,,,0.5,
2005-06-01 05:00:00,65.52,,,0.5,
2005-06-01 06:00:00,29.59,,,0.5,
2005-06-01 07:00:00,18.72,,,0.5,
2005-06-01 08:00:00,48.49,,,0.5,
2005-06-01 09:00:00,76.27,,,0.5,
2005-06-01 10:00:00,88.67,,,1.085,
2005-06-01 11:00:00,104.9,,,0.5,
2005-06-01 12:00:00,119.6,,,0.5,
2005-06-01 13:00:00,137.5,,,2.026,
2005-06-01 14:00:00,66.75,,,5.163,
2005-06-01 15:00:00,34.88,,,12.13,
2005-06-01 16:00:00,49.24,,,10.14,
2005-06-01 17:00:00,42.55,,,5.089,
2005-06-01 18:00:00,47.5,,,0.5,
2005-06-01 19:00:00,68.54,,,0.5,
2005-06-01 20:00:00,123.6,,,0.5,
2005-06-01 21:00:00,53.57,,,0.5,
2005-06-01 22:00:00,32.42,,,3.031,
2005-06-01 23:00:00,31.56,,,0.5,
2005-06-02 00:00:00,34.14,,,0.5,
2005-06-02 01:00:00,46.39,,,0.5,
2005-06-02 02:00:00,35.23,,,0.5,
2005-06-02 03:00:00,58.24,,,0.5,
2005-06-02 04:00:00,40.5,,,0.5,
2005-06-02 05:00:00,36.53,,,0.5,
2005-06-02 06:00:00,43.37,,,0.5,
2005-06-02 07:00:00,28.06,,,0.5,
2005-06-02 08:00:00,50.25,,,0.5,
2005-06-02 09:00:00,42.59,,,0.5,
2005-06-02 10:00:00,100.3,,,0.5,
2005-06-02 11:00:00,56.85,,,0.5,
2005-06-02 12:00:00,53.51,,,3.312,
2005-06-02 13:00:00,47.06,,,6.126,
2005-06-02 14:00:00,38.06,,,7.296,
2005-06-02 15:00:00,30.45,,,5.149,
2005-06-02 16:00:00,40.97,,,2.737,
2005-06-02 17:00:00,49.52,,,2.371,
2005-06-02 18:00:00,68.9,,,0.5,
2005-06-02 19:00:00,84.28,,,0.5,
2005-06-02 20:00:00,115.1,,,0.5,
2005-06-02 21:00:00,76.58,,,0.5,
2005-06-02 22:00:00,69.83,,,0.5,
2005-06-02 23:00:00,78.73,,,0.5,
2005-06-03 00:00:00,79.99,,,0.5,
2005-06-03 01:00:00,79.99,,,0.5,
2005-06-03 02:00:00,15.99,,,0.5,
2005-06-03 03:00:00,67.8,,,0.5,
2005-06-03 04:00:00,3.638,,,0.5,
2005-06-03 05:00:00,22.18,,,0.5,
2005-06-03 06:00:00,50.92,,,0.5,
2005-06-03 07:00:00,34.51,,,0.5,
2005-06-03 08:00:00,41.82,,,0.5,
2005-06-03 09:00:00,94.23,,,0.5,
2005-06-03 10:00:00,119.7,,,0.5,
2005-06-03 11:00:00,47.71,,,0.5,
2005-06-03 12:00:00,48.16,,,3.283,
2005-06-03 13:00:00,23.55,,,8.376,
2005-06-03 14:00:00,40.76,,,7.794,
2005-06-03 15:00:00,20.17,,,7.858,
2005-06-03 16:00:00,10.14,,,5.626,
2005-06-03 17:00:00,50.28,,,5.353,
2005-06-03 18:00:00,38.22,,,0.5,
2005-06-03 19:00:00,69.08,,,0.5,
2005-06-03 20:00:00,106.0,,,0.5,
2005-06-03 21:00:00,52.73,,,1.551,
2005-06-03 22:00:00,51.46,,,1.436,
2005-06-03 23:00:00,28.87,,,0.5,
2005-06-04 00:00:00,41.63,,,0.5,
2005-06-04 01:00:00,27.85,,,0.5,
2005-06-04 02:00:00,54.56,,,0.5,
2005-06-04 03:00:00,43.01,,,0.5,
2005-06-04 04:00:00,64.38,,,0.5,
2005-06-04 05:00:00,11.63,,,1.157,
2005-06-04 06:00:00,33.59,,,0.5,
2005-06-04 07:00:00,27.01,,,0.5,
2005-06-04 08:00:00,43.23,,,0.5,
2005-06-04 09:00:00,25.07,,,0.5,
2005-06-04 10:00:00,64.29,,,0.5,
2005-06-04 11:00:00,56.6,,,6.117,
2005-06-04 12:00:00,67.49,,,9.178,
2005-06-04 13:00:00,14.81,,,12.49,
2005-06-04 14:00:00,30.47,,,11.6,
2005-06-04 15:00:00,25.32,,,8.482,
2005-06-04 16:00:00,32.36,,,8.992,
2005-06-04 17:00:00,22.25,,,8.007,
2005-06-04 18:00:00,27.05,,,0.5,
2005-06-04 19:00:00,59.8,,,0.5,
2005-06-04 20:00:00,61.33,,,0.5,
2005-06-04 21:00:00,70.85,,,1.414,
2005-06-04 22:00:00,51.94,,,1.153,
2005-06-04 23:00:00,40.32,,,0.5,
2005-06-05 00:00:00,35.03,,,0.5,
2005-06-05 01:00:00,51.92,,,0.5,
2005-06-05 02:00:00,74.36,,,0.5,
2005-06-05 03:00:00,69.27,,,0.5,
2005-06-05 04:00:00,70.27,,,0.5,
2005-06-05 05:00:00,115.7,,,0.5,
2005-06-05 06:00:00,6.743,,,0.5,
2005-06-05 07:00:00,34.44,,,0.5,
2005-06-05 08:00:00,33.53,,,0.5,
2005-06-05 09:00:00,12.07,,,0.5,
2005-06-05 10:00:00,67.64,,,1.585,
2005-06-05 11:00:00,20.03,,,5.688,
2005-06-05 12:00:00,30.53,,,11.44,
2005-06-05 13:00:00,27.77,,,13.65,
2005-06-05 14:00:00,19.37,,,14.73,
2005-06-05 15:00:00,42.93,,,16.01,
2005-06-05 16:00:00,12.39,,,13.91,
2005-06-05 17:00:00,29.21,,,10.75,
2005-06-05 18:00:00,37.11,,,1.651,
2005-06-05 19:00:00,29.0,,,0.5,
2005-06-05 20:00:00,49.19,,,0.5,
2005-06-05 21:00:00,60.31,,,0.5,
2005-06-05 22:00:00,64.31,,,0.5,
2005-06-05 23:00:00,69.43,,,0.5,
2005-06-06 00:00:00,72.63,,,0.5,
2005-06-06 01:00:00,73.18,,,0.5,
2005-06-06 02:00:00,42.89,,,0.5,
2005-06-06 03:00:00,70.52,,,0.5,
2005-06-06 04:00:00,41.2,,,0.5,
2005-06-06 05:00:00,48.72,,,0.5,
2005-06-06 06:00:00,16.2,,,0.5,
2005-06-06 07:00:00,45.76,,,0.5,
2005-06-06 08:00:00,49.82,,,0.5,
2005-06-06 09:00:00,80.84,,,0.5,
2005-06-06 10:00:00,60.92,,,0.5,
2005-06-06 11:00:00,78.47,,,0.5,
2005-06-06 12:00:00,61.16,,,1.139,
2005-06-06 13:00:00,37.79,,,3.031,
2005-06-06 14:00:00,57.63,,,4.89,
2005-06-06 15:00:00,52.72,,,5.014,
2005-06-06 16:00:00,36.13,,,4.667,
2005-06-06 17:00:00,52.28,,,2.04,
2005-06-06 18:00:00,50.34,,,1.102,
2005-06-06 19:00:00,90.51,,,1.272,
2005-06-06 20:00:00,105.7,,,0.5,
2005-06-06 21:00:00,56.84,,,1.418,
2005-06-06 22:00:00,49.57,,,1.115,
2005-06-06 23:00:00,36.77,,,1.132,
2005-06-07 00:00:00,40.14,,,1.272,
2005-06-07 01:00:00,31.32,,,1.404,
2005-06-07 02:00:00,37.68,,,1.414,
2005-06-07 03:00:00,48.69,,,0.5,
2005-06-07 04:00:00,48.88,,,1.0,
2005-06-07 05:00:00,36.94,,,0.5,
2005-06-07 06:00:00,37.01,,,1.0,
2005-06-07 07:00:00,14.37,,,1.154,
2005-06-07 08:00:00,63.53,,,2.204,
2005-06-07 09:00:00,60.11,,,3.053,
2005-06-07 10:00:00,95.89,,,1.851,
2005-06-07 11:00:00,46.86,,,2.103,
2005-06-07 12:00:00,19.02,,,3.365,
2005-06-07 13:00:00,33.53,,,4.165,
2005-06-07 14:00:00,27.99,,,7.079,
2005-06-07 15:00:00,11.55,,,8.665,
2005-06-07 16:00:00,35.52,,,11.2,
2005-06-07 17:00:00,38.29,,,9.093,
2005-06-07 18:00:00,23.73,,,2.36,
2005-06-07 19:00:00,90.88,,,3.372,
2005-06-07 20:00:00,97.8,,,3.158,
2005-06-07 21:00:00,107.6,,,3.144,
2005-06-07 22:00:00,97.26,,,3.468,
2005-06-07 23:00:00,105.1,,,4.128,
2005-06-08 00:00:00,90.59,,,3.972,
2005-06-08 01:00:00,104.2,,,3.786,
2005-06-08 02:00:00,96.12,,,3.525,
2005-06-08 03:00:00,61.63,,,3.043,
2005-06-08 04:00:00,72.44,,,3.0,
2005-06-08 05:00:00,52.22,,,3.336,
2005-06-08 06:00:00,61.45,,,2.01,
2005-06-08 07:00:00,29.75,,,2.015,
2005-06-08 08:00:00,32.32,,,3.6,
2005-06-08 09:00:00,45.41,,,3.597,
2005-06-08 10:00:00,83.62,,,3.497,
2005-06-08 11:00:00,65.98,,,3.117,
2005-06-08 12:00:00,44.03,,,5.663,
2005-06-08 13:00:00,47.19,,,9.278,
2005-06-08 14:00:00,49.53,,,15.71,
2005-06-08 15:00:00,8.309,,,20.03,
2005-06-08 16:00:00,61.63,,,17.54,
2005-06-08 17:00:00,41.58,,,13.05,
2005-06-08 18:00:00,31.64,,,3.762,
2005-06-08 19:00:00,55.54,,,4.815,
2005-06-08 20:00:00,97.92,,,6.225,
2005-06-08 21:00:00,108.6,,,6.271,
2005-06-08 22:00:00,148.7,,,6.265,
2005-06-08 23:00:00,89.51,,,6.668,
2005-06-09 00:00:00,135.4,,,6.884,
2005-06-09 01:00:00,72.17,,,6.758,
2005-06-09 02:00:00,116.6,,,5.933,
2005-06-09 03:00:00,105.7,,,4.786,
2005-06-09 04:00:00,70.45,,,3.91,
2005-06-09 05:00:00,85.24,,,8.031,
2005-06-09 06:00:00,4.427,,,15.15,
2005-06-09 07:00:00,39.96,,,13.77,
2005-06-09 08:00:00,24.98,,,8.804,
2005-06-09 09:00:00,1.236,,,6.305,
2005-06-09 10:00:00,17.84,,,6.14,
2005-06-09 11:00:00,37.36,,,6.458,
2005-06-09 12:00:00,28.95,,,10.52,
2005-06-09 13:00:00,38.08,,,9.933,
2005-06-09 14:00:00,21.58,,,18.04,
2005-06-09 15:00:00,36.73,,,19.56,
2005-06-09 16:00:00,34.44,,,19.87,
2005-06-09 17:00:00,31.11,,,15.33,
2005-06-09 18:00:00,22.34,,,6.622,
2005-06-09 19:00:00,34.08,,,2.451,
2005-06-09 20:00:00,55.88,,,2.282,
2005-06-09 21:00:00,31.53,,,7.8,
2005-06-09 22:00:00,35.0,,,8.457,
2005-06-09 23:00:00,35.14,,,3.96,
2005-06-10 00:00:00,20.08,,,1.908,
2005-06-10 01:00:00,22.56,,,4.543,
2005-06-10 02:00:00,8.424,,,7.799,
2005-06-10 03:00:00,33.28,,,3.338,
2005-06-10 04:00:00,30.53,,,1.304,
2005-06-10 05:00:00,8.274,,,1.174,
2005-06-10 06:00:00,36.41,,,1.661,
2005-06-10 07:00:00,34.62,,,2.043,
2005-06-10 08:00:00,23.53,,,3.365,
2005-06-10 09:00:00,35.64,,,5.511,
2005-06-10 10:00:00,106.1,,,5.349,
2005-06-10 11:00:00,74.91,,,3.421,
2005-06-10 12:00:00,67.95,,,5.784,
2005-06-10 13:00:00,78.95,,,7.171,
2005-06-10 14:00:00,32.8,,,9.192,
2005-06-10 15:00:00,31.85,,,7.086,
2005-06-10 16:00:00,49.6,,,4.782,
2005-06-10 17:00:00,62.36,,,3.34,
2005-06-10 18:00:00,53.25,,,2.65,
2005-06-10 19:00:00,38.79,,,2.8,
2005-06-10 20:00:00,79.91,,,3.968,
2005-06-10 21:00:00,74.11,,,3.972,
2005-06-10 22:00:00,52.92,,,4.708,
2005-06-10 23:00:00,63.7,,,5.785,
2005-06-11 00:00:00,86.88,,,6.047,
2005-06-11 01:00:00,98.81,,,4.407,
2005-06-11 02:00:00,51.74,,,5.02,
2005-06-11 03:00:00,42.95,,,4.335,
2005-06-11 04:00:00,59.95,,,3.439,
2005-06-11 05:00:00,20.94,,,5.831,
2005-06-11 06:00:00,42.77,,,1.932,
2005-06-11 07:00:00,3.525,,,2.0,
2005-06-11 08:00:00,48.26,,,3.514,
2005-06-11 09:00:00,45.89,,,4.136,
2005-06-11 10:00:00,74.14,,,3.1,
2005-06-11 11:00:00,49.02,,,3.872,
2005-06-11 12:00:00,39.0,,,7.129,
2005-06-11 13:00:00,22.73,,,9.075,
2005-06-11 14:00:00,12.23,,,12.85,
2005-06-11 15:00:00,62.91,,,9.349,
2005-06-11 16:00:00,23.1,,,4.661,
2005-06-11 17:00:00,46.45,,,3.706,
2005-06-11 18:00:00,51.19,,,3.156,
2005-06-11 19:00:00,48.59,,,3.364,
2005-06-11 20:00:00,36.2,,,5.164,
2005-06-11 21:00:00,23.99,,,3.369,
2005-06-11 22:00:00,24.55,,,2.512,
2005-06-11 23:00:00,26.04,,,2.271,
2005-06-12 00:00:00,17.36,,,3.574,
2005-06-12 01:00:00,25.62,,,2.839,
2005-06-12 02:00:00,19.12,,,3.36,
2005-06-12 03:00:00,12.99,,,3.89,
2005-06-12 04:00:00,15.29,,,5.394,
2005-06-12 05:00:00,0.923,,,5.476,
2005-06-12 06:00:00,14.55,,,6.567,
2005-06-12 07:00:00,0.924,,,7.235,
2005-06-12 08:00:00,30.33,,,3.65,
2005-06-12 09:00:00,1.974,,,2.265,
2005-06-12 10:00:00,8.891,,,4.612,
2005-06-12 11:00:00,26.99,,,6.967,
2005-06-12 12:00:00,3.071,,,5.424,
2005-06-12 13:00:00,4.313,,,5.062,
2005-06-12 14:00:00,8.5,,,5.735,
2005-06-12 15:00:00,28.26,,,5.382,
2005-06-12 16:00:00,12.86,,,9.743,
2005-06-12 17:00:00,32.52,,,15.85,
2005-06-12 18:00:00,44.95,,,10.36,
2005-06-12 19:00:00,2.791,,,6.081,
2005-06-12 20:00:00,10.02,,,3.756,
2005-06-12 21:00:00,30.14,,,5.683,
2005-06-12 22:00:00,9.28,,,3.136,
2005-06-12 23:00:00,0.498,,,5.625,
2005-06-13 00:00:00,4.865,,,1.24,
2005-06-13 01:00:00,0.324,,,3.488,
2005-06-13 02:00:00,,,,6.326,
2005-06-13 03:00:00,2.422,,,6.774,
2005-06-13 04:00:00,9.068,,,6.579,
2005-06-13 05:00:00,0.58,,,5.053,
2005-06-13 06:00:00,,,,3.635,
2005-06-13 07:00:00,29.71,,,1.094,
2005-06-13 08:00:00,1.981,,,3.026,
2005-06-13 09:00:00,34.68,,,1.889,
2005-06-13 10:00:00,23.65,,,2.133,
2005-06-13 11:00:00,48.52,,,1.656,
2005-06-13 12:00:00,28.62,,,1.12,
2005-06-13 13:00:00,22.88,,,1.354,
2005-06-13 14:00:00,10.7,,,1.053,
2005-06-13 15:00:00,19.44,,,1.535,
2005-06-13 16:00:00,8.476,,,1.296,
2005-06-13 17:00:00,26.2,,,1.286,
2005-06-13 18:00:00,22.83,,,1.112,
2005-06-13 19:00:00,21.16,,,2.236,
2005-06-13 20:00:00,39.1,,,1.304,
2005-06-13 21:00:00,28.54,,,1.196,
2005-06-13 22:00:00,24.3,,,1.828,
2005-06-13 23:00:00,28.13,,,1.834,
2005-06-14 00:00:00,18.37,,,1.412,
2005-06-14 01:00:00,10.9,,,1.039,
2005-06-14 02:00:00,13.21,,,1.0,
2005-06-14 03:00:00,22.61,,,1.189,
2005-06-14 04:00:00,7.752,,,5.061,
2005-06-14 05:00:00,9.8,,,4.16,
2005-06-14 06:00:00,18.18,,,4.851,
2005-06-14 07:00:00,16.5,,,2.503,
2005-06-14 08:00:00,0.955,,,2.553,
2005-06-14 09:00:00,17.2,,,3.447,
2005-06-14 10:00:00,4.041,,,5.908,
2005-06-14 11:00:00,17.66,,,6.837,
2005-06-14 12:00:00,23.44,,,7.112,
2005-06-14 13:00:00,4.756,,,13.61,
2005-06-14 14:00:00,0.224,,,11.0,
2005-06-14 16:00:00,10.84,,,15.02,
2005-06-14 17:00:00,51.58,,,16.52,
2005-06-14 18:00:00,,,,9.093,
2005-06-14 19:00:00,,,,5.812,
2005-06-14 20:00:00,,,,5.31,
2005-06-14 21:00:00,,,,7.533,
2005-06-14 22:00:00,,,,8.809,
2005-06-14 23:00:00,6.595,,,6.375,
2005-06-15 00:00:00,31.39,,,5.349,
2005-06-15 01:00:00,2.592,,,2.702,
2005-06-15 02:00:00,13.09,,,9.36,
2005-06-15 03:00:00,3.578,,,15.4,
2005-06-15 04:00:00,,,,16.4,
2005-06-15 05:00:00,,,,17.34,
2005-06-15 06:00:00,,,,17.57,
2005-06-15 07:00:00,,,,15.85,
2005-06-15 08:00:00,1.524,,,8.689,
2005-06-15 09:00:00,8.608,,,10.93,
2005-06-15 10:00:00,6.429,,,13.51,
2005-06-15 11:00:00,5.422,,,10.8,
2005-06-15 12:00:00,25.81,,,8.15,
2005-06-15 13:00:00,,,,9.206,
2005-06-15 14:00:00,4.409,,,8.314,
2005-06-15 15:00:00,21.19,,,8.819,
2005-06-15 16:00:00,,,,6.954,
2005-06-15 17:00:00,,,,6.966,
2005-06-15 18:00:00,1.378,,,3.651,
2005-06-15 19:00:00,9.793,,,1.178,
2005-06-15 20:00:00,19.94,,,0.5,
2005-06-15 21:00:00,26.89,,,0.5,
2005-06-15 22:00:00,38.63,,,0.5,
2005-06-15 23:00:00,11.49,,,0.5,
2005-06-16 00:00:00,11.28,,,0.5,
2005-06-16 01:00:00,35.2,,,0.5,
2005-06-16 02:00:00,24.74,,,0.5,
2005-06-16 03:00:00,24.14,,,0.5,
2005-06-16 04:00:00,8.829,,,0.5,
2005-06-16 05:00:00,0.579,,,0.5,
2005-06-16 06:00:00,5.215,,,0.5,
2005-06-16 07:00:00,14.6,,,0.5,
2005-06-16 08:00:00,19.9,,,0.5,
2005-06-16 09:00:00,36.94,,,0.5,
2005-06-16 10:00:00,37.14,,,1.003,
2005-06-16 11:00:00,39.26,,,1.524,
2005-06-16 12:00:00,46.31,,,0.5,
2005-06-16 13:00:00,55.34,,,1.225,
2005-06-16 14:00:00,21.72,,,1.571,
2005-06-16 15:00:00,21.01,,,2.393,
2005-06-16 16:00:00,31.23,,,4.765,
2005-06-16 17:00:00,39.62,,,2.044,
2005-06-16 18:00:00,35.57,,,1.018,
2005-06-16 19:00:00,52.69,,,0.5,
2005-06-16 20:00:00,41.72,,,0.5,
2005-06-16 21:00:00,43.22,,,0.5,
2005-06-16 22:00:00,22.57,,,0.5,
2005-06-16 23:00:00,37.85,,,0.5,
2005-06-17 00:00:00,49.88,,,0.5,
2005-06-17 01:00:00,19.61,,,0.5,
2005-06-17 02:00:00,34.9,,,0.5,
2005-06-17 03:00:00,26.0,,,3.0,
2005-06-17 04:00:00,6.976,,,9.765,
2005-06-17 05:00:00,5.323,,,7.227,
2005-06-17 06:00:00,11.05,,,11.89,
2005-06-17 07:00:00,,,,7.554,
2005-06-17 08:00:00,5.611,,,0.5,
2005-06-17 09:00:00,26.45,,,0.5,
2005-06-17 10:00:00,1.227,,,0.5,
2005-06-17 11:00:00,15.34,,,1.319,
2005-06-17 12:00:00,45.47,,,1.203,
2005-06-17 13:00:00,5.618,,,1.312,
2005-06-17 14:00:00,21.76,,,2.783,
2005-06-17 15:00:00,21.18,,,3.635,
2005-06-17 16:00:00,0.016,,,3.883,
2005-06-17 17:00:00,3.077,,,1.368,
2005-06-17 18:00:00,29.05,,,0.5,
2005-06-17 19:00:00,77.01,,,0.5,
2005-06-17 20:00:00,41.13,,,0.5,
2005-06-17 21:00:00,50.76,,,0.5,
2005-06-17 22:00:00,36.38,,,0.5,
2005-06-17 23:00:00,6.249,,,0.5,
2005-06-18 00:00:00,31.47,,,0.5,
2005-06-18 01:00:00,12.91,,,0.5,
2005-06-18 02:00:00,20.07,,,0.5,
2005-06-18 03:00:00,23.81,,,0.5,
2005-06-18 04:00:00,32.95,,,0.5,
2005-06-18 05:00:00,21.26,,,0.5,
2005-06-18 06:00:00,7.332,,,0.5,
2005-06-18 07:00:00,29.06,,,0.5,
2005-06-18 08:00:00,16.7,,,0.5,
2005-06-18 09:00:00,31.81,,,0.5,
2005-06-18 10:00:00,27.34,,,0.5,
2005-06-18 11:00:00,30.19,,,1.361,
2005-06-18 12:00:00,16.97,,,2.589,
2005-06-18 13:00:00,31.25,,,3.177,
2005-06-18 14:00:00,9.109,,,5.061,
2005-06-18 15:00:00,24.59,,,5.558,
2005-06-18 16:00:00,8.291,,,4.703,
2005-06-18 17:00:00,4.263,,,3.478,
2005-06-18 18:00:00,25.05,,,1.98,
2005-06-18 19:00:00,30.42,,,0.5,
2005-06-18 20:00:00,36.85,,,0.5,
2005-06-18 21:00:00,20.12,,,0.5,
2005-06-18 22:00:00,25.7,,,3.029,
2005-06-18 23:00:00,35.1,,,5.574,
2005-06-19 00:00:00,20.27,,,7.576,
2005-06-19 01:00:00,3.222,,,5.579,
2005-06-19 02:00:00,18.03,,,5.971,
2005-06-19 03:00:00,12.81,,,8.881,
2005-06-19 04:00:00,,,,9.547,
2005-06-19 05:00:00,,,,11.06,
2005-06-19 06:00:00,,,,8.653,
2005-06-19 07:00:00,0.932,,,8.585,
2005-06-19 08:00:00,4.438,,,6.215,
2005-06-19 09:00:00,1.41,,,5.71,
2005-06-19 10:00:00,6.728,,,9.721,
2005-06-19 11:00:00,2.664,,,10.13,
2005-06-19 12:00:00,12.29,,,10.47,
2005-06-19 13:00:00,1.807,,,8.549,
2005-06-19 14:00:00,8.603,,,8.279,
2005-06-19 15:00:00,4.295,,,7.61,
2005-06-19 16:00:00,20.44,,,5.916,
2005-06-19 17:00:00,,,,5.197,
2005-06-19 18:00:00,,,,4.242,
2005-06-19 19:00:00,1.722,,,3.157,
2005-06-19 20:00:00,12.82,,,1.642,
2005-06-19 21:00:00,22.0,,,2.918,
2005-06-19 22:00:00,4.94,,,9.374,
2005-06-19 23:00:00,19.57,,,11.29,
2005-06-20 00:00:00,,,,17.7,
2005-06-20 01:00:00,0.03,,,19.15,
2005-06-20 02:00:00,0.318,,,20.66,
2005-06-20 03:00:00,0.853,,,26.44,
2005-06-20 04:00:00,,,,27.69,
2005-06-20 05:00:00,,,,25.52,
2005-06-20 06:00:00,,,,22.17,
2005-06-20 07:00:00,0.818,,,12.03,
2005-06-20 08:00:00,8.208,,,2.243,
2005-06-20 09:00:00,26.72,,,2.982,
2005-06-20 10:00:00,30.14,,,5.293,
2005-06-20 11:00:00,5.063,,,7.497,
2005-06-20 12:00:00,10.47,,,9.829,
2005-06-20 13:00:00,6.377,,,10.94,
2005-06-20 14:00:00,18.54,,,13.95,
2005-06-20 15:00:00,12.53,,,12.4,
2005-06-20 16:00:00,1.138,,,14.48,
2005-06-20 17:00:00,9.011,,,15.2,
2005-06-20 18:00:00,17.27,,,5.192,
2005-06-20 19:00:00,1.621,,,0.5,
2005-06-20 20:00:00,14.16,,,0.5,
2005-06-20 21:00:00,36.96,,,0.5,
2005-06-20 22:00:00,31.8,,,5.294,
2005-06-20 23:00:00,17.0,,,8.156,
2005-06-21 00:00:00,15.48,,,15.18,
2005-06-21 01:00:00,5.891,,,19.81,
2005-06-21 02:00:00,2.34,,,25.72,
2005-06-21 03:00:00,11.49,,,28.77,
2005-06-21 04:00:00,3.893,,,28.42,
2005-06-21 05:00:00,8.085,,,29.99,
2005-06-21 06:00:00,,,,27.56,
2005-06-21 07:00:00,5.077,,,13.97,
2005-06-21 08:00:00,24.82,,,1.117,
2005-06-21 09:00:00,10.25,,,2.285,
2005-06-21 10:00:00,35.79,,,10.13,
2005-06-21 11:00:00,35.99,,,14.95,
2005-06-21 12:00:00,9.067,,,15.19,
2005-06-21 13:00:00,2.536,,,15.66,
2005-06-21 14:00:00,14.14,,,17.47,
2005-06-21 15:00:00,11.21,,,18.09,
2005-06-21 16:00:00,4.257,,,18.3,
2005-06-21 17:00:00,,,,27.08,
2005-06-21 18:00:00,0.863,,,10.25,
2005-06-21 19:00:00,10.14,,,4.752,
2005-06-21 20:00:00,31.05,,,1.818,
2005-06-21 21:00:00,13.76,,,0.5,
2005-06-21 22:00:00,19.42,,,0.5,
2005-06-21 23:00:00,23.58,,,0.5,
2005-06-22 00:00:00,42.27,,,0.5,
2005-06-22 01:00:00,63.92,,,0.5,
2005-06-22 02:00:00,49.95,,,0.5,
2005-06-22 03:00:00,15.32,,,0.5,
2005-06-22 04:00:00,26.39,,,0.5,
2005-06-22 05:00:00,8.662,,,0.5,
2005-06-22 06:00:00,28.56,,,0.5,
2005-06-22 07:00:00,8.503,,,0.5,
2005-06-22 08:00:00,46.32,,,0.5,
2005-06-22 09:00:00,72.68,,,0.5,
2005-06-22 10:00:00,47.56,,,0.5,
2005-06-22 11:00:00,74.87,,,0.5,
2005-06-22 12:00:00,51.22,,,0.5,
2005-06-22 13:00:00,79.67,,,0.5,
2005-06-22 14:00:00,51.25,,,0.5,
2005-06-22 15:00:00,26.5,,,2.126,
2005-06-22 16:00:00,38.07,,,2.819,
2005-06-22 17:00:00,39.8,,,1.921,
2005-06-22 18:00:00,25.18,,,1.79,
2005-06-22 19:00:00,30.87,,,0.5,
2005-06-22 20:00:00,38.27,,,0.5,
2005-06-22 21:00:00,45.68,,,0.5,
2005-06-22 22:00:00,53.54,,,0.5,
2005-06-22 23:00:00,79.95,,,0.5,
2005-06-23 00:00:00,87.72,,,0.5,
2005-06-23 01:00:00,90.58,,,0.5,
2005-06-23 02:00:00,83.37,,,0.5,
2005-06-23 03:00:00,43.86,,,0.5,
2005-06-23 04:00:00,59.71,,,0.5,
2005-06-23 05:00:00,41.65,,,0.5,
2005-06-23 06:00:00,56.65,,,0.5,
2005-06-23 07:00:00,40.38,,,0.5,
2005-06-23 08:00:00,36.61,,,0.5,
2005-06-23 09:00:00,69.23,,,0.5,
2005-06-23 10:00:00,87.43,,,0.5,
2005-06-23 11:00:00,62.67,,,0.5,
2005-06-23 12:00:00,50.22,,,0.5,
2005-06-23 13:00:00,37.63,,,3.392,
2005-06-23 14:00:00,18.67,,,2.896,
2005-06-23 15:00:00,19.1,,,3.41,
2005-06-23 16:00:00,12.28,,,3.189,
2005-06-23 17:00:00,5.987,,,3.817,
2005-06-23 18:00:00,33.47,,,2.893,
2005-06-23 19:00:00,31.29,,,1.34,
2005-06-23 20:00:00,32.2,,,2.26,
2005-06-23 21:00:00,10.42,,,5.737,
2005-06-23 22:00:00,18.52,,,3.719,
2005-06-23 23:00:00,7.21,,,3.419,
2005-06-24 00:00:00,34.63,,,3.999,
2005-06-24 01:00:00,16.14,,,3.685,
2005-06-24 02:00:00,5.482,,,7.082,
2005-06-24 03:00:00,2.99,,,8.092,
2005-06-24 04:00:00,14.16,,,11.76,
2005-06-24 05:00:00,,,,11.17,
2005-06-24 06:00:00,3.092,,,1.211,
2005-06-24 07:00:00,16.23,,,0.5,
2005-06-24 08:00:00,14.95,,,0.5,
2005-06-24 09:00:00,44.23,,,0.5,
2005-06-24 10:00:00,39.97,,,4.081,
2005-06-24 11:00:00,25.81,,,13.88,
2005-06-24 12:00:00,6.55,,,6.042,
2005-06-24 13:00:00,10.97,,,5.313,
2005-06-24 14:00:00,22.55,,,4.962,
2005-06-24 15:00:00,59.15,,,4.615,
2005-06-24 16:00:00,5.986,,,4.194,
2005-06-24 17:00:00,36.08,,,3.743,
2005-06-24 18:00:00,38.16,,,2.982,
2005-06-24 19:00:00,13.07,,,2.411,
2005-06-24 20:00:00,22.41,,,0.5,
2005-06-24 21:00:00,35.44,,,1.003,
2005-06-24 22:00:00,30.42,,,0.5,
2005-06-24 23:00:00,37.09,,,0.5,
2005-06-25 00:00:00,50.83,,,1.551,
2005-06-25 01:00:00,45.98,,,0.5,
2005-06-25 02:00:00,24.2,,,0.5,
2005-06-25 03:00:00,12.98,,,0.5,
2005-06-25 04:00:00,5.523,,,0.5,
2005-06-25 05:00:00,27.49,,,0.5,
2005-06-25 06:00:00,5.657,,,0.5,
2005-06-25 07:00:00,16.58,,,0.5,
2005-06-25 08:00:00,35.3,,,0.5,
2005-06-25 09:00:00,57.77,,,0.5,
2005-06-25 10:00:00,59.19,,,0.5,
2005-06-25 11:00:00,76.4,,,0.5,
2005-06-25 12:00:00,82.66,,,2.325,
2005-06-25 13:00:00,66.95,,,3.587,
2005-06-25 14:00:00,63.9,,,7.554,
2005-06-25 15:00:00,45.98,,,10.76,
2005-06-25 16:00:00,44.1,,,6.18,
2005-06-25 17:00:00,88.86,,,0.5,
2005-06-25 18:00:00,106.9,,,0.5,
2005-06-25 19:00:00,61.03,,,0.5,
2005-06-25 20:00:00,70.14,,,0.5,
2005-06-25 21:00:00,51.85,,,0.5,
2005-06-25 22:00:00,74.24,,,0.5,
2005-06-25 23:00:00,71.39,,,0.5,
2005-06-26 00:00:00,69.43,,,0.5,
2005-06-26 01:00:00,93.7,,,0.5,
2005-06-26 02:00:00,107.4,,,0.5,
2005-06-26 03:00:00,101.7,,,0.5,
2005-06-26 04:00:00,59.78,,,0.5,
2005-06-26 05:00:00,20.08,,,0.5,
2005-06-26 06:00:00,26.0,,,1.334,
2005-06-26 07:00:00,43.94,,,8.457,
2005-06-26 08:00:00,23.62,,,4.632,
2005-06-26 09:00:00,5.637,,,1.218,
2005-06-26 10:00:00,12.46,,,3.093,
2005-06-26 11:00:00,25.88,,,4.196,
2005-06-26 12:00:00,22.91,,,2.404,
2005-06-26 13:00:00,38.0,,,1.45,
2005-06-26 14:00:00,21.59,,,2.524,
2005-06-26 15:00:00,33.16,,,1.44,
2005-06-26 16:00:00,37.19,,,0.5,
2005-06-26 17:00:00,4.058,,,0.5,
2005-06-26 18:00:00,24.56,,,0.5,
2005-06-26 19:00:00,72.78,,,0.5,
2005-06-26 20:00:00,43.4,,,0.5,
2005-06-26 21:00:00,75.66,,,0.5,
2005-06-26 22:00:00,64.09,,,0.5,
2005-06-26 23:00:00,69.6,,,0.5,
2005-06-27 00:00:00,54.8,,,0.5,
2005-06-27 01:00:00,36.13,,,0.5,
2005-06-27 02:00:00,27.74,,,0.5,
2005-06-27 03:00:00,16.51,,,0.5,
2005-06-27 04:00:00,18.49,,,3.203,
2005-06-27 05:00:00,,,,3.324,
2005-06-27 06:00:00,,,,0.5,
2005-06-27 07:00:00,1.526,,,0.5,
2005-06-27 08:00:00,16.12,,,0.5,
2005-06-27 09:00:00,54.25,,,0.5,
2005-06-27 10:00:00,74.4,,,0.5,
2005-06-27 11:00:00,91.27,,,0.5,
2005-06-27 12:00:00,62.26,,,0.5,
2005-06-27 13:00:00,53.75,,,0.5,
2005-06-27 14:00:00,38.71,,,1.811,
2005-06-27 15:00:00,16.5,,,0.5,
2005-06-27 16:00:00,57.28,,,0.5,
2005-06-27 17:00:00,49.96,,,0.5,
2005-06-27 18:00:00,96.93,,,0.5,
2005-06-27 19:00:00,47.02,,,0.5,
2005-06-27 20:00:00,26.59,,,0.5,
2005-06-27 21:00:00,33.85,,,0.5,
2005-06-27 22:00:00,38.37,,,0.5,
2005-06-27 23:00:00,4.527,,,0.5,
2005-06-28 00:00:00,25.24,,,0.5,
2005-06-28 01:00:00,20.53,,,0.5,
2005-06-28 02:00:00,26.56,,,0.5,
2005-06-28 03:00:00,22.09,,,0.5,
2005-06-28 04:00:00,16.28,,,0.5,
2005-06-28 05:00:00,18.89,,,0.5,
2005-06-28 06:00:00,12.49,,,0.5,
2005-06-28 07:00:00,11.53,,,0.5,
2005-06-28 08:00:00,56.91,,,0.5,
2005-06-28 09:00:00,49.62,,,0.5,
2005-06-28 10:00:00,107.4,,,0.5,
2005-06-28 11:00:00,37.02,,,,
2005-06-28 12:00:00,34.47,,,1.0,
2005-06-28 13:00:00,59.42,,,0.5,
2005-06-28 14:00:00,44.85,,,1.0,
2005-06-28 15:00:00,43.94,,,1.17,
2005-06-28 16:00:00,50.29,,,0.5,
2005-06-28 17:00:00,58.08,,,0.5,
2005-06-28 18:00:00,33.27,,,0.5,
2005-06-28 19:00:00,76.82,,,0.5,
2005-06-28 20:00:00,61.63,,,0.5,
2005-06-28 21:00:00,109.0,,,0.5,
2005-06-28 22:00:00,69.09,,,0.5,
2005-06-28 23:00:00,74.46,,,0.5,
2005-06-29 00:00:00,42.26,,,0.5,
2005-06-29 01:00:00,36.96,,,0.5,
2005-06-29 02:00:00,54.57,,,0.5,
2005-06-29 03:00:00,44.28,,,0.5,
2005-06-29 04:00:00,37.36,,,0.5,
2005-06-29 05:00:00,50.29,,,0.5,
2005-06-29 06:00:00,27.48,,,0.5,
2005-06-29 07:00:00,49.88,,,0.5,
2005-06-29 08:00:00,41.57,,,0.5,
2005-06-29 09:00:00,81.66,,,0.5,
2005-06-29 10:00:00,57.92,,,0.5,
2005-06-29 11:00:00,68.1,,,0.5,
2005-06-29 12:00:00,89.19,,,0.5,
2005-06-29 13:00:00,79.29,,,0.5,
2005-06-29 14:00:00,67.03,,,5.876,
2005-06-29 15:00:00,46.14,,,23.9,
2005-06-29 16:00:00,22.66,,,11.21,
2005-06-29 17:00:00,44.13,,,3.238,
2005-06-29 18:00:00,43.62,,,0.5,
2005-06-29 19:00:00,55.31,,,0.5,
2005-06-29 20:00:00,64.68,,,0.5,
2005-06-29 21:00:00,101.2,,,0.5,
2005-06-29 22:00:00,127.6,,,0.5,
2005-06-29 23:00:00,109.2,,,0.5,
2005-06-30 00:00:00,125.5,,,0.5,
2005-06-30 01:00:00,111.8,,,0.5,
2005-06-30 02:00:00,81.72,,,0.5,
2005-06-30 03:00:00,76.82,,,0.5,
2005-06-30 04:00:00,58.52,,,0.5,
2005-06-30 05:00:00,21.79,,,0.5,
2005-06-30 06:00:00,45.97,,,0.5,
2005-06-30 07:00:00,33.03,,,0.5,
2005-06-30 08:00:00,66.66,,,0.5,
2005-06-30 09:00:00,35.48,,,0.5,
2005-06-30 10:00:00,53.8,,,0.5,
2005-06-30 11:00:00,51.34,,,0.5,
2005-06-30 12:00:00,31.96,,,0.5,
2005-06-30 13:00:00,36.78,,,0.5,
2005-06-30 14:00:00,61.77,,,0.5,
2005-06-30 15:00:00,32.47,,,6.408,
2005-06-30 16:00:00,10.12,,,8.717,
2005-06-30 17:00:00,,,,7.246,
2005-06-30 18:00:00,4.616,,,4.665,
2005-06-30 19:00:00,22.89,,,3.074,
2005-06-30 20:00:00,5.864,,,1.589,
2005-06-30 21:00:00,22.31,,,0.5,
2005-06-30 22:00:00,25.22,,,1.11,
2005-06-30 23:00:00,7.042,,,0.5,
2005-07-01 00:00:00,34.18,,,1.229,
2005-07-01 01:00:00,,,,3.543,
2005-07-01 02:00:00,1.016,,,5.593,
2005-07-01 03:00:00,8.135,,,1.42,
2005-07-01 04:00:00,19.33,,,0.5,
2005-07-01 05:00:00,18.46,,,0.5,
2005-07-01 06:00:00,0.771,,,0.5,
2005-07-01 07:00:00,6.174,,,0.5,
2005-07-01 08:00:00,15.24,,,0.5,
2005-07-01 09:00:00,28.1,,,0.5,
2005-07-01 10:00:00,61.37,,,0.5,
2005-07-01 11:00:00,64.93,,,0.5,
2005-07-01 12:00:00,65.37,,,1.102,
2005-07-01 13:00:00,38.62,,,2.269,
2005-07-01 14:00:00,49.96,,,8.036,
2005-07-01 15:00:00,26.69,,,5.286,
2005-07-01 16:00:00,3.595,,,3.611,
2005-07-01 17:00:00,8.78,,,1.621,
2005-07-01 18:00:00,48.22,,,0.5,
2005-07-01 19:00:00,46.9,,,0.5,
2005-07-01 20:00:00,94.67,,,0.5,
2005-07-01 21:00:00,95.25,,,1.047,
2005-07-01 22:00:00,125.3,,,0.5,
2005-07-01 23:00:00,129.1,,,0.5,
2005-07-02 00:00:00,113.2,,,0.5,
2005-07-02 01:00:00,114.8,,,0.5,
2005-07-02 02:00:00,64.78,,,0.5,
2005-07-02 03:00:00,34.47,,,0.5,
2005-07-02 04:00:00,20.79,,,0.5,
2005-07-02 05:00:00,1.305,,,1.017,
2005-07-02 06:00:00,11.27,,,1.496,
2005-07-02 07:00:00,24.13,,,1.836,
2005-07-02 08:00:00,6.263,,,0.5,
2005-07-02 09:00:00,32.07,,,0.5,
2005-07-02 10:00:00,13.62,,,1.288,
2005-07-02 11:00:00,39.05,,,2.293,
2005-07-02 12:00:00,30.08,,,4.671,
2005-07-02 13:00:00,22.07,,,8.121,
2005-07-02 14:00:00,22.39,,,9.608,
2005-07-02 15:00:00,12.04,,,10.57,
2005-07-02 16:00:00,24.65,,,9.083,
2005-07-02 17:00:00,4.981,,,4.272,
2005-07-02 18:00:00,30.17,,,1.358,
2005-07-02 19:00:00,37.56,,,0.5,
2005-07-02 20:00:00,48.3,,,0.5,
2005-07-02 21:00:00,91.52,,,0.5,
2005-07-02 22:00:00,85.9,,,0.5,
2005-07-02 23:00:00,48.43,,,0.5,
2005-07-03 00:00:00,26.93,,,0.5,
2005-07-03 01:00:00,82.66,,,0.5,
2005-07-03 02:00:00,50.23,,,0.5,
2005-07-03 03:00:00,91.34,,,0.5,
2005-07-03 04:00:00,81.75,,,0.5,
2005-07-03 05:00:00,46.51,,,0.5,
2005-07-03 06:00:00,42.5,,,0.5,
2005-07-03 07:00:00,41.91,,,0.5,
2005-07-03 08:00:00,48.73,,,0.5,
2005-07-03 09:00:00,44.85,,,0.5,
2005-07-03 10:00:00,77.92,,,1.853,
2005-07-03 11:00:00,36.65,,,3.125,
2005-07-03 12:00:00,23.27,,,7.581,
2005-07-03 13:00:00,20.11,,,8.101,
2005-07-03 14:00:00,25.56,,,5.731,
2005-07-03 15:00:00,15.94,,,4.192,
2005-07-03 16:00:00,32.14,,,2.794,
2005-07-03 17:00:00,2.401,,,2.219,
2005-07-03 18:00:00,25.47,,,0.5,
2005-07-03 19:00:00,71.52,,,1.097,
2005-07-03 20:00:00,28.81,,,1.192,
2005-07-03 21:00:00,40.11,,,0.5,
2005-07-03 22:00:00,45.26,,,0.5,
2005-07-03 23:00:00,9.904,,,3.679,
2005-07-04 00:00:00,27.12,,,8.332,
2005-07-04 01:00:00,3.398,,,15.64,
2005-07-04 02:00:00,16.17,,,22.95,
2005-07-04 03:00:00,,,,26.05,
2005-07-04 04:00:00,,,,26.11,
2005-07-04 05:00:00,,,,26.44,
2005-07-04 06:00:00,,,,21.57,
2005-07-04 07:00:00,,,,18.8,
2005-07-04 08:00:00,,,,7.853,
2005-07-04 09:00:00,,,,7.137,
2005-07-04 10:00:00,0.352,,,10.11,
2005-07-04 11:00:00,3.125,,,8.752,
2005-07-04 12:00:00,10.04,,,11.33,
2005-07-04 13:00:00,15.96,,,9.529,
2005-07-04 14:00:00,5.395,,,6.393,
2005-07-04 15:00:00,17.51,,,2.982,
2005-07-04 16:00:00,0.231,,,9.847,
2005-07-04 17:00:00,0.512,,,5.851,
2005-07-04 18:00:00,8.447,,,2.863,
2005-07-04 19:00:00,29.95,,,6.982,
2005-07-04 20:00:00,7.977,,,10.4,
2005-07-04 21:00:00,19.03,,,15.24,
2005-07-04 22:00:00,,,,20.13,
2005-07-04 23:00:00,3.297,,,19.32,
2005-07-05 00:00:00,20.62,,,21.23,
2005-07-05 01:00:00,21.29,,,25.06,
2005-07-05 02:00:00,,,,28.41,
2005-07-05 03:00:00,1.245,,,31.49,
2005-07-05 04:00:00,6.105,,,33.93,
2005-07-05 05:00:00,1.945,,,35.49,
2005-07-05 06:00:00,14.08,,,35.63,
2005-07-05 07:00:00,22.3,,,26.57,
2005-07-05 08:00:00,8.196,,,11.0,
2005-07-05 09:00:00,40.88,,,5.05,
2005-07-05 10:00:00,6.936,,,6.682,
2005-07-05 11:00:00,23.25,,,9.479,
2005-07-05 12:00:00,26.45,,,9.657,
2005-07-05 13:00:00,25.35,,,10.14,
2005-07-05 14:00:00,38.9,,,10.51,
2005-07-05 15:00:00,16.29,,,8.724,
2005-07-05 16:00:00,12.46,,,8.467,
2005-07-05 17:00:00,7.529,,,11.44,
2005-07-05 18:00:00,18.82,,,6.464,
2005-07-05 19:00:00,48.93,,,4.906,
2005-07-05 20:00:00,32.69,,,6.544,
2005-07-05 21:00:00,18.86,,,4.876,
2005-07-05 22:00:00,17.27,,,13.43,
2005-07-05 23:00:00,24.14,,,12.18,
2005-07-06 00:00:00,3.352,,,20.15,
2005-07-06 01:00:00,7.638,,,17.89,
2005-07-06 02:00:00,29.87,,,18.3,
2005-07-06 03:00:00,12.14,,,18.43,
2005-07-06 04:00:00,6.762,,,20.17,
2005-07-06 05:00:00,10.29,,,19.39,
2005-07-06 06:00:00,15.22,,,18.63,
2005-07-06 07:00:00,4.315,,,12.53,
2005-07-06 08:00:00,20.58,,,3.796,
2005-07-06 09:00:00,31.59,,,3.063,
2005-07-06 10:00:00,19.09,,,5.222,
2005-07-06 11:00:00,24.97,,,9.964,
2005-07-06 12:00:00,2.078,,,13.89,
2005-07-06 13:00:00,14.0,,,15.49,
2005-07-06 14:00:00,19.6,,,15.14,
2005-07-06 15:00:00,9.855,,,14.15,
2005-07-06 16:00:00,13.82,,,10.88,
2005-07-06 17:00:00,17.68,,,5.654,
2005-07-06 18:00:00,15.88,,,7.081,
2005-07-06 19:00:00,16.85,,,3.232,
2005-07-06 20:00:00,58.7,,,2.075,
2005-07-06 21:00:00,19.99,,,2.457,
2005-07-06 22:00:00,27.11,,,3.4,
2005-07-06 23:00:00,47.34,,,1.468,
2005-07-07 00:00:00,4.28,,,0.5,
2005-07-07 01:00:00,20.94,,,0.5,
2005-07-07 02:00:00,11.95,,,2.961,
2005-07-07 03:00:00,6.473,,,7.289,
2005-07-07 04:00:00,36.91,,,6.399,
2005-07-07 05:00:00,29.32,,,5.783,
2005-07-07 06:00:00,14.31,,,6.083,
2005-07-07 07:00:00,9.104,,,3.047,
2005-07-07 08:00:00,21.15,,,0.5,
2005-07-07 09:00:00,42.34,,,0.5,
2005-07-07 10:00:00,26.86,,,1.276,
2005-07-07 11:00:00,25.07,,,1.411,
2005-07-07 12:00:00,34.96,,,1.265,
2005-07-07 13:00:00,58.72,,,3.879,
2005-07-07 14:00:00,67.7,,,6.569,
2005-07-07 15:00:00,47.05,,,24.92,
2005-07-07 16:00:00,,,,24.31,
2005-07-07 17:00:00,,,,22.28,
2005-07-07 18:00:00,2.701,,,10.5,
2005-07-07 19:00:00,16.62,,,1.346,
2005-07-07 20:00:00,20.65,,,0.5,
2005-07-07 21:00:00,24.39,,,1.223,
2005-07-07 22:00:00,30.11,,,0.5,
2005-07-07 23:00:00,51.77,,,0.5,
2005-07-08 00:00:00,42.74,,,0.5,
2005-07-08 01:00:00,40.8,,,0.5,
2005-07-08 02:00:00,38.09,,,0.5,
2005-07-08 03:00:00,26.51,,,0.5,
2005-07-08 04:00:00,51.53,,,0.5,
2005-07-08 05:00:00,40.94,,,0.5,
2005-07-08 06:00:00,38.67,,,0.5,
2005-07-08 07:00:00,60.14,,,0.5,
2005-07-08 08:00:00,33.81,,,0.5,
2005-07-08 09:00:00,39.24,,,0.5,
2005-07-08 10:00:00,50.17,,,0.5,
2005-07-08 11:00:00,73.85,,,0.5,
2005-07-08 12:00:00,72.38,,,4.925,
2005-07-08 13:00:00,27.22,,,10.29,
2005-07-08 14:00:00,10.6,,,16.18,
2005-07-08 15:00:00,7.142,,,18.11,
2005-07-08 16:00:00,1.955,,,21.53,
2005-07-08 17:00:00,2.975,,,24.1,
2005-07-08 18:00:00,18.09,,,14.01,
2005-07-08 19:00:00,18.6,,,6.913,
2005-07-08 20:00:00,17.63,,,3.218,
2005-07-08 21:00:00,39.9,,,5.531,
2005-07-08 22:00:00,4.529,,,8.401,
2005-07-08 23:00:00,25.31,,,7.474,
2005-07-09 00:00:00,17.99,,,7.468,
2005-07-09 01:00:00,18.79,,,9.989,
2005-07-09 02:00:00,8.073,,,8.084,
2005-07-09 03:00:00,29.06,,,7.664,
2005-07-09 04:00:00,13.1,,,12.54,
2005-07-09 05:00:00,,,,13.83,
2005-07-09 06:00:00,2.837,,,1.0,
2005-07-09 07:00:00,16.37,,,0.5,
2005-07-09 08:00:00,17.28,,,0.5,
2005-07-09 09:00:00,37.29,,,0.5,
2005-07-09 10:00:00,50.51,,,0.5,
2005-07-09 11:00:00,45.36,,,4.31,
2005-07-09 12:00:00,43.38,,,10.19,
2005-07-09 13:00:00,22.54,,,13.92,
2005-07-09 14:00:00,,,,18.05,
2005-07-09 15:00:00,2.32,,,17.8,
2005-07-09 16:00:00,13.23,,,19.15,
2005-07-09 17:00:00,11.53,,,14.05,
2005-07-09 18:00:00,7.371,,,13.9,
2005-07-09 19:00:00,4.232,,,12.96,
2005-07-09 20:00:00,26.62,,,3.944,
2005-07-09 21:00:00,33.61,,,0.5,
2005-07-09 22:00:00,29.43,,,0.5,
2005-07-09 23:00:00,52.49,,,0.5,
2005-07-10 00:00:00,31.91,,,0.5,
2005-07-10 01:00:00,8.054,,,1.283,
2005-07-10 02:00:00,21.67,,,0.5,
2005-07-10 03:00:00,35.94,,,0.5,
2005-07-10 04:00:00,18.16,,,0.5,
2005-07-10 05:00:00,11.05,,,0.5,
2005-07-10 06:00:00,54.74,,,0.5,
2005-07-10 07:00:00,12.18,,,0.5,
2005-07-10 08:00:00,29.93,,,0.5,
2005-07-10 09:00:00,20.47,,,0.5,
2005-07-10 10:00:00,36.25,,,1.41,
2005-07-10 11:00:00,63.14,,,4.329,
2005-07-10 12:00:00,12.17,,,11.87,
2005-07-10 13:00:00,27.24,,,14.56,
2005-07-10 14:00:00,1.071,,,14.14,
2005-07-10 15:00:00,5.299,,,17.05,
2005-07-10 16:00:00,,,,12.32,
2005-07-10 17:00:00,,,,8.589,
2005-07-10 18:00:00,2.497,,,1.647,
2005-07-10 19:00:00,13.13,,,5.418,
2005-07-10 20:00:00,9.487,,,6.65,
2005-07-10 21:00:00,36.51,,,0.5,
2005-07-10 22:00:00,45.3,,,0.5,
2005-07-10 23:00:00,26.33,,,0.5,
2005-07-11 00:00:00,37.52,,,0.5,
2005-07-11 01:00:00,42.58,,,0.5,
2005-07-11 02:00:00,39.48,,,0.5,
2005-07-11 03:00:00,50.3,,,0.5,
2005-07-11 04:00:00,41.14,,,0.5,
2005-07-11 05:00:00,31.04,,,0.5,
2005-07-11 06:00:00,47.95,,,0.5,
2005-07-11 07:00:00,12.13,,,0.5,
2005-07-11 08:00:00,15.05,,,0.5,
2005-07-11 09:00:00,59.48,,,0.5,
2005-07-11 10:00:00,76.01,,,0.5,
2005-07-11 11:00:00,41.63,,,0.5,
2005-07-11 12:00:00,26.12,,,1.053,
2005-07-11 13:00:00,39.56,,,3.933,
2005-07-11 14:00:00,25.88,,,9.826,
2005-07-11 15:00:00,25.7,,,5.2,
2005-07-11 16:00:00,17.1,,,4.896,
2005-07-11 17:00:00,18.84,,,3.369,
2005-07-11 18:00:00,37.76,,,0.5,
2005-07-11 19:00:00,42.16,,,0.5,
2005-07-11 20:00:00,56.15,,,0.5,
2005-07-11 21:00:00,49.16,,,0.5,
2005-07-11 22:00:00,74.24,,,0.5,
2005-07-11 23:00:00,82.55,,,0.5,
2005-07-12 00:00:00,90.02,,,0.5,
2005-07-12 01:00:00,74.78,,,0.5,
2005-07-12 02:00:00,39.65,,,0.5,
2005-07-12 03:00:00,26.51,,,0.5,
2005-07-12 04:00:00,21.31,,,0.5,
2005-07-12 05:00:00,30.56,,,0.5,
2005-07-12 06:00:00,29.47,,,0.5,
2005-07-12 07:00:00,23.61,,,0.5,
2005-07-12 08:00:00,50.62,,,0.5,
2005-07-12 09:00:00,28.25,,,0.5,
2005-07-12 10:00:00,81.93,,,0.5,
2005-07-12 11:00:00,111.5,,,,
2005-07-12 12:00:00,129.7,,,1.778,
2005-07-12 13:00:00,73.02,,,2.101,
2005-07-12 14:00:00,53.8,,,4.14,
2005-07-12 15:00:00,42.64,,,5.165,
2005-07-12 16:00:00,50.39,,,12.4,
2005-07-12 17:00:00,13.63,,,19.18,
2005-07-12 18:00:00,26.27,,,14.12,
2005-07-12 19:00:00,24.64,,,12.13,
2005-07-12 20:00:00,33.7,,,7.396,
2005-07-12 21:00:00,22.73,,,7.139,
2005-07-12 22:00:00,4.738,,,9.929,
2005-07-12 23:00:00,21.49,,,8.443,
2005-07-13 00:00:00,24.82,,,6.014,
2005-07-13 01:00:00,2.717,,,3.729,
2005-07-13 02:00:00,17.45,,,8.838,
2005-07-13 03:00:00,22.34,,,14.16,
2005-07-13 04:00:00,15.08,,,9.382,
2005-07-13 05:00:00,5.288,,,2.494,
2005-07-13 06:00:00,31.42,,,0.5,
2005-07-13 07:00:00,24.91,,,0.5,
2005-07-13 08:00:00,7.647,,,0.5,
2005-07-13 09:00:00,49.44,,,0.5,
2005-07-13 10:00:00,71.61,,,0.5,
2005-07-13 11:00:00,87.14,,,0.5,
2005-07-13 12:00:00,52.13,,,3.315,
2005-07-13 13:00:00,37.0,,,3.501,
2005-07-13 14:00:00,58.27,,,9.344,
2005-07-13 15:00:00,34.02,,,15.1,
2005-07-13 16:00:00,26.12,,,23.02,
2005-07-13 17:00:00,26.09,,,15.6,
2005-07-13 18:00:00,55.25,,,3.254,
2005-07-13 19:00:00,46.41,,,1.064,
2005-07-13 20:00:00,59.0,,,0.5,
2005-07-13 21:00:00,44.82,,,0.5,
2005-07-13 22:00:00,26.57,,,0.5,
2005-07-13 23:00:00,64.13,,,0.5,
2005-07-14 00:00:00,66.86,,,0.5,
2005-07-14 01:00:00,75.23,,,0.5,
2005-07-14 02:00:00,61.52,,,0.5,
2005-07-14 03:00:00,40.84,,,0.5,
2005-07-14 04:00:00,39.67,,,0.5,
2005-07-14 05:00:00,27.46,,,0.5,
2005-07-14 06:00:00,26.98,,,0.5,
2005-07-14 07:00:00,28.33,,,0.5,
2005-07-14 08:00:00,41.41,,,0.5,
2005-07-14 09:00:00,53.79,,,0.5,
2005-07-14 10:00:00,86.79,,,0.5,
2005-07-14 11:00:00,59.37,,,2.165,
2005-07-14 12:00:00,36.76,,,5.697,
2005-07-14 13:00:00,37.67,,,9.043,
2005-07-14 14:00:00,42.08,,,9.181,
2005-07-14 15:00:00,28.76,,,9.931,
2005-07-14 16:00:00,38.78,,,16.79,
2005-07-14 17:00:00,28.13,,,7.24,
2005-07-14 18:00:00,42.92,,,1.4,
2005-07-14 19:00:00,63.27,,,0.5,
2005-07-14 20:00:00,62.84,,,0.5,
2005-07-14 21:00:00,64.45,,,0.5,
2005-07-14 22:00:00,56.9,,,0.5,
2005-07-14 23:00:00,33.85,,,0.5,
2005-07-15 00:00:00,59.28,,,0.5,
2005-07-15 01:00:00,74.54,,,0.5,
2005-07-15 02:00:00,56.51,,,0.5,
2005-07-15 03:00:00,52.87,,,0.5,
2005-07-15 04:00:00,40.31,,,0.5,
2005-07-15 05:00:00,38.46,,,0.5,
2005-07-15 06:00:00,55.14,,,0.5,
2005-07-15 07:00:00,36.21,,,0.5,
2005-07-15 08:00:00,58.46,,,0.5,
2005-07-15 09:00:00,44.9,,,0.5,
2005-07-15 10:00:00,40.02,,,0.5,
2005-07-15 11:00:00,59.3,,,2.568,
2005-07-15 12:00:00,82.76,,,9.406,
2005-07-15 13:00:00,14.4,,,14.47,
2005-07-15 14:00:00,24.41,,,14.07,
2005-07-15 15:00:00,47.12,,,12.5,
2005-07-15 16:00:00,3.343,,,6.119,
2005-07-15 17:00:00,25.52,,,2.828,
2005-07-15 18:00:00,52.94,,,2.101,
2005-07-15 19:00:00,56.94,,,0.5,
2005-07-15 20:00:00,72.48,,,17.31,
2005-07-15 21:00:00,64.41,,,8.589,
2005-07-15 22:00:00,53.68,,,1.947,
2005-07-15 23:00:00,56.72,,,0.5,
2005-07-16 00:00:00,67.24,,,0.5,
2005-07-16 01:00:00,51.38,,,0.5,
2005-07-16 02:00:00,73.8,,,0.5,
2005-07-16 03:00:00,37.52,,,0.5,
2005-07-16 04:00:00,58.9,,,0.5,
2005-07-16 05:00:00,27.2,,,0.5,
2005-07-16 06:00:00,42.97,,,0.5,
2005-07-16 07:00:00,46.65,,,2.362,
2005-07-16 08:00:00,19.08,,,1.85,
2005-07-16 09:00:00,18.46,,,0.5,
2005-07-16 10:00:00,52.58,,,0.5,
2005-07-16 11:00:00,12.11,,,0.5,
2005-07-16 12:00:00,60.63,,,0.5,
2005-07-16 13:00:00,31.57,,,3.255,
2005-07-16 14:00:00,23.11,,,1.554,
2005-07-16 15:00:00,26.63,,,1.565,
2005-07-16 16:00:00,8.998,,,1.792,
2005-07-16 17:00:00,0.99,,,1.296,
2005-07-16 18:00:00,8.461,,,0.5,
2005-07-16 19:00:00,21.27,,,0.5,
2005-07-16 20:00:00,20.6,,,0.5,
2005-07-16 21:00:00,10.2,,,2.247,
2005-07-16 22:00:00,18.03,,,2.129,
2005-07-16 23:00:00,16.72,,,2.567,
2005-07-17 00:00:00,,,,4.089,
2005-07-17 01:00:00,,,,4.783,
2005-07-17 02:00:00,2.747,,,5.911,
2005-07-17 03:00:00,13.87,,,8.625,
2005-07-17 04:00:00,0.476,,,11.21,
2005-07-17 05:00:00,2.404,,,12.0,
2005-07-17 06:00:00,2.777,,,12.93,
2005-07-17 07:00:00,14.02,,,15.19,
2005-07-17 08:00:00,1.106,,,17.68,
2005-07-17 09:00:00,5.563,,,20.88,
2005-07-17 10:00:00,,,,22.03,
2005-07-17 11:00:00,2.33,,,22.08,
2005-07-17 12:00:00,13.06,,,20.39,
2005-07-17 13:00:00,8.519,,,18.62,
2005-07-17 14:00:00,0.017,,,20.34,
2005-07-17 15:00:00,1.703,,,21.1,
2005-07-17 16:00:00,8.267,,,20.47,
2005-07-17 17:00:00,,,,15.44,
2005-07-17 18:00:00,0.919,,,14.29,
2005-07-17 19:00:00,6.882,,,11.51,
2005-07-17 20:00:00,12.35,,,11.2,
2005-07-17 21:00:00,7.535,,,12.48,
2005-07-17 22:00:00,22.53,,,12.09,
2005-07-17 23:00:00,1.038,,,10.9,
2005-07-18 00:00:00,8.531,,,12.49,
2005-07-18 01:00:00,17.27,,,18.0,
2005-07-18 02:00:00,2.028,,,21.07,
2005-07-18 03:00:00,10.39,,,22.81,
2005-07-18 04:00:00,2.184,,,23.69,
2005-07-18 05:00:00,,,,23.74,
2005-07-18 06:00:00,1.054,,,22.39,
2005-07-18 07:00:00,5.417,,,15.62,
2005-07-18 08:00:00,5.409,,,6.335,
2005-07-18 09:00:00,20.78,,,4.368,
2005-07-18 10:00:00,3.812,,,7.287,
2005-07-18 11:00:00,18.31,,,9.765,
2005-07-18 12:00:00,32.67,,,13.85,
2005-07-18 13:00:00,3.814,,,17.77,
2005-07-18 14:00:00,18.7,,,16.86,
2005-07-18 15:00:00,,,,18.62,
2005-07-18 16:00:00,,,,15.71,
2005-07-18 17:00:00,8.371,,,12.16,
2005-07-18 18:00:00,15.64,,,3.911,
2005-07-18 19:00:00,24.47,,,5.483,
2005-07-18 20:00:00,24.97,,,8.5,
2005-07-18 21:00:00,7.696,,,17.39,
2005-07-18 22:00:00,15.76,,,18.62,
2005-07-18 23:00:00,11.75,,,24.0,
2005-07-19 00:00:00,7.549,,,24.2,
2005-07-19 01:00:00,20.53,,,19.57,
2005-07-19 02:00:00,8.686,,,23.01,
2005-07-19 03:00:00,0.813,,,17.24,
2005-07-19 04:00:00,4.423,,,17.01,
2005-07-19 05:00:00,1.963,,,14.77,
2005-07-19 06:00:00,7.105,,,13.87,
2005-07-19 07:00:00,8.076,,,1.8,
2005-07-19 08:00:00,30.96,,,0.5,
2005-07-19 09:00:00,24.22,,,2.767,
2005-07-19 10:00:00,30.3,,,6.061,
2005-07-19 11:00:00,31.72,,,7.183,
2005-07-19 12:00:00,14.51,,,11.45,
2005-07-19 13:00:00,6.853,,,19.67,
2005-07-19 14:00:00,12.11,,,16.16,
2005-07-19 15:00:00,5.174,,,15.18,
2005-07-19 16:00:00,,,,10.68,
2005-07-19 17:00:00,3.147,,,11.24,
2005-07-19 18:00:00,17.98,,,2.699,
2005-07-19 19:00:00,16.0,,,0.5,
2005-07-19 20:00:00,39.2,,,0.5,
2005-07-19 21:00:00,53.07,,,0.5,
2005-07-19 22:00:00,91.28,,,0.5,
2005-07-19 23:00:00,128.8,,,0.5,
2005-07-20 00:00:00,139.4,,,1.762,
2005-07-20 01:00:00,199.1,,,2.446,
2005-07-20 02:00:00,286.3,,,0.5,
2005-07-20 03:00:00,123.6,,,0.5,
2005-07-20 04:00:00,88.21,,,0.5,
2005-07-20 05:00:00,115.2,,,0.5,
2005-07-20 06:00:00,93.47,,,0.5,
2005-07-20 07:00:00,70.12,,,0.5,
2005-07-20 08:00:00,53.23,,,0.5,
2005-07-20 09:00:00,39.68,,,0.5,
2005-07-20 10:00:00,71.03,,,0.5,
2005-07-20 11:00:00,55.02,,,0.5,
2005-07-20 12:00:00,42.85,,,3.8,
2005-07-20 13:00:00,49.59,,,7.857,
2005-07-20 14:00:00,32.5,,,16.45,
2005-07-20 15:00:00,,,,4.775,
2005-07-20 16:00:00,3.832,,,15.0,
2005-07-20 17:00:00,19.33,,,24.48,
2005-07-20 18:00:00,8.001,,,6.756,
2005-07-20 19:00:00,30.77,,,1.693,
2005-07-20 20:00:00,45.22,,,0.5,
2005-07-20 21:00:00,10.98,,,3.081,
2005-07-20 22:00:00,44.17,,,0.5,
2005-07-20 23:00:00,49.99,,,0.5,
2005-07-21 00:00:00,35.87,,,0.5,
2005-07-21 01:00:00,38.13,,,0.5,
2005-07-21 02:00:00,40.76,,,0.5,
2005-07-21 03:00:00,49.1,,,0.5,
2005-07-21 04:00:00,41.73,,,0.5,
2005-07-21 05:00:00,33.01,,,0.5,
2005-07-21 06:00:00,24.32,,,0.5,
2005-07-21 07:00:00,32.57,,,0.5,
2005-07-21 08:00:00,40.04,,,0.5,
2005-07-21 09:00:00,43.56,,,0.5,
2005-07-21 10:00:00,49.32,,,0.5,
2005-07-21 11:00:00,59.85,,,0.5,
2005-07-21 12:00:00,60.62,,,0.5,
2005-07-21 13:00:00,55.98,,,0.5,
2005-07-21 14:00:00,65.65,,,0.5,
2005-07-21 15:00:00,47.07,,,0.5,
2005-07-21 16:00:00,56.45,,,0.5,
2005-07-21 17:00:00,36.57,,,0.5,
2005-07-21 18:00:00,25.95,,,0.5,
2005-07-21 19:00:00,38.56,,,1.275,
2005-07-21 20:00:00,8.29,,,2.575,
2005-07-21 21:00:00,21.72,,,0.5,
2005-07-21 22:00:00,27.59,,,0.5,
2005-07-21 23:00:00,29.11,,,0.5,
2005-07-22 00:00:00,32.58,,,0.5,
2005-07-22 01:00:00,46.28,,,0.5,
2005-07-22 02:00:00,42.01,,,0.5,
2005-07-22 03:00:00,32.18,,,0.5,
2005-07-22 04:00:00,51.13,,,0.5,
2005-07-22 05:00:00,24.51,,,0.5,
2005-07-22 06:00:00,9.801,,,0.5,
2005-07-22 07:00:00,32.22,,,0.5,
2005-07-22 08:00:00,29.64,,,0.5,
2005-07-22 09:00:00,25.62,,,0.5,
2005-07-22 10:00:00,32.78,,,0.5,
2005-07-22 11:00:00,40.53,,,0.5,
2005-07-22 12:00:00,50.38,,,0.5,
2005-07-22 13:00:00,46.62,,,0.5,
2005-07-22 14:00:00,19.69,,,0.5,
2005-07-22 15:00:00,43.16,,,0.5,
2005-07-22 16:00:00,42.27,,,0.5,
2005-07-22 17:00:00,21.9,,,0.5,
2005-07-22 18:00:00,40.13,,,0.5,
2005-07-22 19:00:00,62.95,,,0.5,
2005-07-22 20:00:00,36.74,,,0.5,
2005-07-22 21:00:00,34.49,,,1.854,
2005-07-22 22:00:00,34.56,,,1.5,
2005-07-22 23:00:00,4.471,,,5.15,
2005-07-23 00:00:00,20.65,,,3.886,
2005-07-23 01:00:00,15.82,,,2.401,
2005-07-23 02:00:00,16.44,,,3.634,
2005-07-23 03:00:00,18.49,,,9.0,
2005-07-23 04:00:00,10.18,,,7.592,
2005-07-23 05:00:00,10.44,,,9.997,
2005-07-23 06:00:00,6.224,,,9.043,
2005-07-23 07:00:00,31.22,,,6.41,
2005-07-23 08:00:00,6.651,,,4.328,
2005-07-23 09:00:00,23.91,,,2.781,
2005-07-23 10:00:00,41.72,,,2.017,
2005-07-23 11:00:00,30.02,,,3.557,
2005-07-23 12:00:00,16.26,,,2.974,
2005-07-23 13:00:00,33.26,,,4.092,
2005-07-23 14:00:00,30.04,,,9.875,
2005-07-23 15:00:00,3.118,,,10.37,
2005-07-23 16:00:00,6.403,,,8.493,
2005-07-23 17:00:00,6.989,,,8.422,
2005-07-23 18:00:00,14.76,,,9.254,
2005-07-23 19:00:00,15.99,,,6.94,
2005-07-23 20:00:00,28.68,,,7.457,
2005-07-23 21:00:00,10.83,,,6.472,
2005-07-23 22:00:00,23.02,,,4.446,
2005-07-23 23:00:00,18.21,,,1.778,
2005-07-24 00:00:00,32.27,,,1.249,
2005-07-24 01:00:00,32.41,,,3.357,
2005-07-24 02:00:00,25.46,,,1.485,
2005-07-24 03:00:00,21.42,,,0.5,
2005-07-24 04:00:00,15.49,,,3.4,
2005-07-24 05:00:00,8.423,,,3.35,
2005-07-24 06:00:00,23.0,,,5.189,
2005-07-24 07:00:00,19.77,,,2.606,
2005-07-24 08:00:00,21.39,,,0.5,
2005-07-24 09:00:00,29.88,,,3.324,
2005-07-24 10:00:00,4.738,,,7.154,
2005-07-24 11:00:00,29.74,,,7.649,
2005-07-24 12:00:00,30.97,,,13.13,
2005-07-24 13:00:00,3.658,,,20.18,
2005-07-24 14:00:00,0.11,,,25.45,
2005-07-24 15:00:00,1.947,,,24.84,
2005-07-24 16:00:00,9.318,,,23.5,
2005-07-24 17:00:00,11.68,,,15.05,
2005-07-24 18:00:00,1.808,,,7.226,
2005-07-24 19:00:00,11.61,,,0.5,
2005-07-24 20:00:00,19.82,,,0.5,
2005-07-24 21:00:00,40.79,,,0.5,
2005-07-24 22:00:00,35.31,,,2.279,
2005-07-24 23:00:00,28.04,,,1.976,
2005-07-25 00:00:00,12.16,,,3.143,
2005-07-25 01:00:00,29.21,,,4.097,
2005-07-25 02:00:00,14.5,,,6.585,
2005-07-25 03:00:00,13.34,,,9.21,
2005-07-25 04:00:00,29.76,,,15.48,
2005-07-25 05:00:00,3.375,,,17.92,
2005-07-25 06:00:00,6.085,,,14.38,
2005-07-25 07:00:00,5.887,,,2.044,
2005-07-25 08:00:00,34.34,,,0.5,
2005-07-25 09:00:00,30.71,,,0.5,
2005-07-25 10:00:00,40.48,,,2.624,
2005-07-25 11:00:00,21.7,,,8.756,
2005-07-25 12:00:00,36.61,,,12.9,
2005-07-25 13:00:00,17.84,,,13.71,
2005-07-25 14:00:00,21.94,,,14.25,
2005-07-25 15:00:00,21.12,,,10.51,
2005-07-25 16:00:00,25.83,,,10.85,
2005-07-25 17:00:00,,,,9.791,
2005-07-25 18:00:00,5.375,,,6.25,
2005-07-25 19:00:00,30.74,,,3.426,
2005-07-25 20:00:00,21.4,,,3.074,
2005-07-25 21:00:00,12.22,,,4.847,
2005-07-25 22:00:00,10.27,,,6.861,
2005-07-25 23:00:00,7.012,,,6.708,
2005-07-26 00:00:00,13.66,,,11.22,
2005-07-26 01:00:00,39.18,,,14.44,
2005-07-26 02:00:00,3.859,,,14.34,
2005-07-26 03:00:00,19.49,,,12.11,
2005-07-26 04:00:00,0.017,,,12.36,
2005-07-26 05:00:00,,,,11.81,
2005-07-26 06:00:00,,,,13.23,
2005-07-26 07:00:00,2.373,,,5.499,
2005-07-26 08:00:00,11.97,,,0.5,
2005-07-26 09:00:00,7.433,,,0.5,
2005-07-26 10:00:00,40.87,,,0.5,
2005-07-26 12:00:00,2.649,,,3.35,
2005-07-26 13:00:00,9.544,,,4.674,
2005-07-26 14:00:00,9.252,,,6.961,
2005-07-26 15:00:00,6.688,,,3.974,
2005-07-26 16:00:00,14.3,,,2.539,
2005-07-26 17:00:00,15.14,,,2.124,
2005-07-26 18:00:00,20.91,,,1.131,
2005-07-26 19:00:00,15.35,,,0.5,
2005-07-26 20:00:00,11.72,,,0.5,
2005-07-26 21:00:00,31.28,,,0.5,
2005-07-26 22:00:00,46.45,,,0.5,
2005-07-26 23:00:00,50.09,,,0.5,
2005-07-27 00:00:00,51.46,,,1.0,
2005-07-27 01:00:00,46.01,,,0.5,
2005-07-27 02:00:00,53.05,,,0.5,
2005-07-27 03:00:00,28.86,,,0.5,
2005-07-27 04:00:00,10.79,,,0.5,
2005-07-27 05:00:00,21.14,,,0.5,
2005-07-27 06:00:00,13.92,,,1.526,
2005-07-27 07:00:00,29.79,,,0.5,
2005-07-27 08:00:00,26.0,,,0.5,
2005-07-27 09:00:00,46.4,,,0.5,
2005-07-27 10:00:00,64.43,,,0.5,
2005-07-27 11:00:00,80.07,,,1.39,
2005-07-27 12:00:00,93.42,,,5.154,
2005-07-27 13:00:00,39.35,,,10.47,
2005-07-27 14:00:00,17.4,,,8.128,
2005-07-27 15:00:00,31.47,,,6.646,
2005-07-27 16:00:00,56.7,,,4.95,
2005-07-27 17:00:00,62.3,,,2.475,
2005-07-27 18:00:00,54.88,,,0.5,
2005-07-27 19:00:00,51.81,,,0.5,
2005-07-27 20:00:00,50.22,,,0.5,
2005-07-27 21:00:00,50.54,,,0.5,
2005-07-27 22:00:00,24.34,,,1.529,
2005-07-27 23:00:00,12.03,,,0.5,
2005-07-28 00:00:00,29.7,,,0.5,
2005-07-28 01:00:00,38.14,,,0.5,
2005-07-28 02:00:00,46.63,,,0.5,
2005-07-28 03:00:00,25.38,,,0.5,
2005-07-28 04:00:00,39.41,,,0.5,
2005-07-28 05:00:00,43.61,,,0.5,
2005-07-28 06:00:00,41.4,,,0.5,
2005-07-28 07:00:00,44.74,,,0.5,
2005-07-28 08:00:00,47.43,,,0.5,
2005-07-28 09:00:00,46.69,,,0.5,
2005-07-28 10:00:00,83.38,,,0.5,
2005-07-28 11:00:00,84.19,,,0.5,
2005-07-28 12:00:00,38.51,,,1.393,
2005-07-28 13:00:00,20.71,,,3.667,
2005-07-28 14:00:00,38.19,,,9.836,
2005-07-28 15:00:00,44.68,,,4.581,
2005-07-28 16:00:00,32.33,,,5.568,
2005-07-28 17:00:00,46.05,,,2.349,
2005-07-28 18:00:00,41.35,,,0.5,
2005-07-28 19:00:00,61.64,,,0.5,
2005-07-28 20:00:00,99.39,,,0.5,
2005-07-28 21:00:00,71.8,,,0.5,
2005-07-28 22:00:00,42.77,,,4.339,
2005-07-28 23:00:00,38.0,,,8.771,
2005-07-29 00:00:00,19.94,,,1.026,
2005-07-29 01:00:00,7.906,,,0.5,
2005-07-29 02:00:00,21.58,,,1.036,
2005-07-29 03:00:00,40.35,,,0.5,
2005-07-29 04:00:00,46.55,,,0.5,
2005-07-29 05:00:00,43.33,,,0.5,
2005-07-29 06:00:00,34.78,,,0.5,
2005-07-29 07:00:00,35.2,,,0.5,
2005-07-29 08:00:00,48.49,,,0.5,
2005-07-29 09:00:00,53.72,,,0.5,
2005-07-29 10:00:00,52.99,,,0.5,
2005-07-29 11:00:00,59.34,,,0.5,
2005-07-29 12:00:00,67.83,,,0.5,
2005-07-29 13:00:00,69.64,,,0.5,
2005-07-29 14:00:00,68.27,,,2.046,
2005-07-29 15:00:00,55.46,,,6.258,
2005-07-29 16:00:00,50.26,,,9.544,
2005-07-29 17:00:00,23.49,,,8.811,
2005-07-29 18:00:00,36.47,,,4.843,
2005-07-29 19:00:00,23.4,,,0.5,
2005-07-29 20:00:00,45.34,,,0.5,
2005-07-29 21:00:00,33.02,,,0.5,
2005-07-29 22:00:00,49.78,,,0.5,
2005-07-29 23:00:00,80.45,,,0.5,
2005-07-30 00:00:00,79.07,,,0.5,
2005-07-30 01:00:00,54.14,,,0.5,
2005-07-30 02:00:00,96.26,,,0.5,
2005-07-30 03:00:00,64.63,,,0.5,
2005-07-30 04:00:00,57.69,,,0.5,
2005-07-30 05:00:00,70.05,,,0.5,
2005-07-30 06:00:00,71.42,,,0.5,
2005-07-30 07:00:00,55.66,,,0.5,
2005-07-30 08:00:00,52.83,,,0.5,
2005-07-30 09:00:00,38.32,,,0.5,
2005-07-30 10:00:00,59.39,,,0.5,
2005-07-30 11:00:00,71.2,,,0.5,
2005-07-30 12:00:00,33.35,,,2.128,
2005-07-30 13:00:00,73.99,,,4.622,
2005-07-30 14:00:00,47.96,,,8.463,
2005-07-30 15:00:00,30.11,,,14.46,
2005-07-30 16:00:00,11.72,,,11.21,
2005-07-30 17:00:00,36.49,,,7.756,
2005-07-30 18:00:00,50.15,,,0.5,
2005-07-30 19:00:00,47.6,,,0.5,
2005-07-30 20:00:00,59.81,,,0.5,
2005-07-30 21:00:00,70.63,,,0.5,
2005-07-30 22:00:00,101.6,,,0.5,
2005-07-30 23:00:00,123.1,,,0.5,
2005-07-31 00:00:00,111.9,,,0.5,
2005-07-31 01:00:00,107.8,,,0.5,
2005-07-31 02:00:00,119.3,,,0.5,
2005-07-31 03:00:00,89.23,,,0.5,
2005-07-31 04:00:00,26.78,,,1.015,
2005-07-31 05:00:00,24.4,,,2.251,
2005-07-31 06:00:00,37.44,,,3.587,
2005-07-31 07:00:00,11.15,,,4.068,
2005-07-31 08:00:00,27.92,,,0.5,
2005-07-31 09:00:00,25.78,,,1.769,
2005-07-31 10:00:00,13.82,,,11.18,
2005-07-31 11:00:00,35.72,,,13.1,
2005-07-31 12:00:00,18.32,,,18.68,
2005-07-31 13:00:00,10.55,,,23.97,
2005-07-31 14:00:00,26.71,,,24.98,
2005-07-31 15:00:00,16.73,,,30.24,
2005-07-31 16:00:00,15.1,,,22.33,
2005-07-31 17:00:00,31.78,,,9.901,
2005-07-31 18:00:00,45.71,,,1.013,
2005-07-31 19:00:00,50.04,,,0.5,
2005-07-31 20:00:00,62.75,,,0.5,
2005-07-31 21:00:00,52.27,,,0.5,
2005-07-31 22:00:00,72.09,,,0.5,
2005-07-31 23:00:00,60.28,,,0.5,
2005-08-01 00:00:00,43.21,,,0.5,
2005-08-01 01:00:00,42.21,,,0.5,
2005-08-01 02:00:00,62.12,,,0.5,
2005-08-01 03:00:00,60.29,,,0.5,
2005-08-01 04:00:00,31.09,,,0.5,
2005-08-01 05:00:00,41.13,,,0.5,
2005-08-01 06:00:00,39.61,,,0.5,
2005-08-01 07:00:00,26.87,,,0.5,
2005-08-01 08:00:00,39.02,,,0.5,
2005-08-01 09:00:00,58.48,,,0.5,
2005-08-01 10:00:00,94.07,,,0.5,
2005-08-01 11:00:00,82.59,,,0.5,
2005-08-01 12:00:00,71.95,,,3.422,
2005-08-01 13:00:00,46.87,,,7.164,
2005-08-01 14:00:00,49.89,,,12.18,
2005-08-01 15:00:00,45.38,,,15.08,
2005-08-01 16:00:00,40.55,,,14.4,
2005-08-01 17:00:00,38.28,,,8.926,
2005-08-01 18:00:00,58.69,,,1.776,
2005-08-01 19:00:00,79.31,,,0.5,
2005-08-01 20:00:00,112.7,,,0.5,
2005-08-01 21:00:00,132.9,,,0.5,
2005-08-01 22:00:00,89.33,,,5.813,
2005-08-01 23:00:00,48.37,,,1.801,
2005-08-02 00:00:00,78.74,,,0.5,
2005-08-02 01:00:00,87.67,,,0.5,
2005-08-02 02:00:00,111.3,,,0.5,
2005-08-02 03:00:00,77.04,,,0.5,
2005-08-02 04:00:00,63.42,,,0.5,
2005-08-02 05:00:00,73.91,,,0.5,
2005-08-02 06:00:00,58.92,,,0.5,
2005-08-02 07:00:00,49.25,,,0.5,
2005-08-02 08:00:00,59.23,,,0.5,
2005-08-02 09:00:00,90.52,,,0.5,
2005-08-02 10:00:00,108.7,,,0.5,
2005-08-02 11:00:00,84.82,,,2.755,
2005-08-02 12:00:00,60.88,,,5.126,
2005-08-02 13:00:00,58.63,,,12.56,
2005-08-02 14:00:00,51.82,,,17.46,
2005-08-02 15:00:00,27.36,,,16.58,
2005-08-02 16:00:00,52.81,,,15.9,
2005-08-02 17:00:00,39.56,,,8.576,
2005-08-02 18:00:00,32.32,,,2.067,
2005-08-02 19:00:00,76.33,,,0.5,
2005-08-02 20:00:00,112.8,,,0.5,
2005-08-02 21:00:00,104.3,,,0.5,
2005-08-02 22:00:00,102.3,,,0.5,
2005-08-02 23:00:00,132.0,,,0.5,
2005-08-03 00:00:00,121.4,,,0.5,
2005-08-03 01:00:00,93.66,,,0.5,
2005-08-03 02:00:00,88.26,,,0.5,
2005-08-03 03:00:00,77.3,,,0.5,
2005-08-03 04:00:00,69.42,,,0.5,
2005-08-03 05:00:00,68.79,,,0.5,
2005-08-03 06:00:00,51.44,,,0.5,
2005-08-03 07:00:00,45.59,,,0.5,
2005-08-03 08:00:00,61.86,,,0.5,
2005-08-03 09:00:00,83.9,,,0.5,
2005-08-03 10:00:00,78.86,,,0.5,
2005-08-03 11:00:00,68.11,,,4.936,
2005-08-03 12:00:00,69.3,,,11.6,
2005-08-03 13:00:00,52.22,,,11.39,
2005-08-03 14:00:00,48.13,,,21.27,
2005-08-03 15:00:00,40.9,,,15.49,
2005-08-03 16:00:00,39.0,,,17.36,
2005-08-03 17:00:00,48.2,,,9.648,
2005-08-03 18:00:00,58.34,,,1.46,
2005-08-03 19:00:00,67.66,,,0.5,
2005-08-03 20:00:00,94.19,,,0.5,
2005-08-03 21:00:00,128.7,,,0.5,
2005-08-03 22:00:00,109.5,,,0.5,
2005-08-03 23:00:00,119.4,,,0.5,
2005-08-04 00:00:00,100.9,,,0.5,
2005-08-04 01:00:00,98.84,,,0.5,
2005-08-04 02:00:00,104.7,,,0.5,
2005-08-04 03:00:00,105.3,,,0.5,
2005-08-04 04:00:00,66.45,,,0.5,
2005-08-04 05:00:00,82.67,,,0.5,
2005-08-04 06:00:00,62.79,,,0.5,
2005-08-04 07:00:00,53.7,,,0.5,
2005-08-04 08:00:00,66.19,,,0.5,
2005-08-04 09:00:00,92.91,,,0.5,
2005-08-04 10:00:00,84.12,,,2.215,
2005-08-04 11:00:00,58.33,,,4.838,
2005-08-04 12:00:00,51.55,,,11.33,
2005-08-04 13:00:00,35.82,,,19.93,
2005-08-04 14:00:00,54.05,,,21.75,
2005-08-04 15:00:00,35.37,,,18.52,
2005-08-04 16:00:00,32.21,,,15.19,
2005-08-04 17:00:00,50.0,,,10.25,
2005-08-04 18:00:00,49.4,,,1.521,
2005-08-04 19:00:00,70.99,,,0.5,
2005-08-04 20:00:00,102.2,,,0.5,
2005-08-04 21:00:00,138.1,,,0.5,
2005-08-04 22:00:00,138.6,,,0.5,
2005-08-04 23:00:00,143.3,,,0.5,
2005-08-05 00:00:00,117.1,,,0.5,
2005-08-05 01:00:00,123.8,,,0.5,
2005-08-05 02:00:00,91.03,,,0.5,
2005-08-05 03:00:00,78.22,,,0.5,
2005-08-05 04:00:00,92.86,,,0.5,
2005-08-05 05:00:00,118.4,,,0.5,
2005-08-05 06:00:00,88.45,,,0.5,
2005-08-05 07:00:00,69.25,,,0.5,
2005-08-05 08:00:00,53.03,,,0.5,
2005-08-05 09:00:00,61.7,,,0.5,
2005-08-05 10:00:00,67.06,,,1.945,
2005-08-05 11:00:00,73.94,,,6.693,
2005-08-05 12:00:00,58.15,,,12.79,
2005-08-05 13:00:00,43.12,,,17.84,
2005-08-05 14:00:00,41.25,,,17.63,
2005-08-05 15:00:00,39.76,,,16.42,
2005-08-05 16:00:00,42.79,,,11.88,
2005-08-05 17:00:00,40.09,,,7.572,
2005-08-05 18:00:00,47.19,,,0.5,
2005-08-05 19:00:00,60.68,,,0.5,
2005-08-05 20:00:00,64.17,,,0.5,
2005-08-05 21:00:00,61.37,,,0.5,
2005-08-05 22:00:00,84.75,,,0.5,
2005-08-05 23:00:00,103.3,,,0.5,
2005-08-06 00:00:00,53.97,,,0.5,
2005-08-06 01:00:00,76.51,,,0.5,
2005-08-06 02:00:00,110.4,,,0.5,
2005-08-06 03:00:00,62.88,,,1.328,
2005-08-06 04:00:00,30.21,,,0.5,
2005-08-06 05:00:00,36.55,,,0.5,
2005-08-06 06:00:00,62.36,,,0.5,
2005-08-06 07:00:00,57.9,,,2.779,
2005-08-06 08:00:00,41.69,,,10.21,
2005-08-06 09:00:00,50.05,,,11.86,
2005-08-06 10:00:00,50.03,,,15.56,
2005-08-06 11:00:00,15.38,,,16.6,
2005-08-06 12:00:00,,,,15.46,
2005-08-06 13:00:00,7.332,,,17.98,
2005-08-06 14:00:00,26.23,,,21.82,
2005-08-06 15:00:00,23.43,,,23.6,
2005-08-06 16:00:00,,,,24.9,
2005-08-06 17:00:00,,,,25.3,
2005-08-06 18:00:00,10.77,,,23.0,
2005-08-06 19:00:00,26.21,,,25.3,
2005-08-06 20:00:00,12.39,,,27.26,
2005-08-06 21:00:00,8.012,,,27.69,
2005-08-06 22:00:00,14.37,,,30.4,
2005-08-06 23:00:00,11.9,,,28.68,
2005-08-07 00:00:00,13.49,,,28.6,
2005-08-07 01:00:00,1.712,,,31.09,
2005-08-07 02:00:00,3.198,,,36.26,
2005-08-07 03:00:00,4.706,,,35.45,
2005-08-07 04:00:00,11.07,,,33.21,
2005-08-07 05:00:00,5.609,,,28.89,
2005-08-07 06:00:00,5.544,,,28.9,
2005-08-07 07:00:00,5.673,,,25.24,
2005-08-07 08:00:00,8.58,,,20.92,
2005-08-07 09:00:00,16.6,,,15.64,
2005-08-07 10:00:00,0.875,,,16.68,
2005-08-07 11:00:00,11.3,,,16.16,
2005-08-07 12:00:00,21.24,,,12.03,
2005-08-07 13:00:00,3.962,,,16.24,
2005-08-07 14:00:00,7.448,,,18.97,
2005-08-07 15:00:00,6.351,,,24.87,
2005-08-07 16:00:00,15.58,,,11.98,
2005-08-07 17:00:00,14.22,,,7.658,
2005-08-07 18:00:00,13.88,,,8.668,
2005-08-07 19:00:00,1.691,,,6.344,
2005-08-07 20:00:00,10.74,,,4.549,
2005-08-07 21:00:00,20.64,,,2.065,
2005-08-07 22:00:00,12.07,,,3.365,
2005-08-07 23:00:00,8.111,,,4.347,
2005-08-08 00:00:00,15.25,,,3.574,
2005-08-08 01:00:00,,,,9.554,
2005-08-08 02:00:00,7.743,,,16.34,
2005-08-08 03:00:00,14.56,,,22.22,
2005-08-08 04:00:00,1.049,,,23.15,
2005-08-08 05:00:00,1.971,,,23.49,
2005-08-08 06:00:00,0.997,,,23.94,
2005-08-08 07:00:00,6.498,,,20.34,
2005-08-08 08:00:00,21.17,,,7.054,
2005-08-08 09:00:00,23.45,,,4.35,
2005-08-08 10:00:00,6.812,,,6.696,
2005-08-08 11:00:00,18.23,,,10.12,
2005-08-08 12:00:00,13.63,,,12.34,
2005-08-08 13:00:00,7.261,,,14.74,
2005-08-08 14:00:00,1.488,,,14.28,
2005-08-08 15:00:00,,,,24.36,
2005-08-08 16:00:00,2.507,,,24.75,
2005-08-08 17:00:00,12.64,,,23.91,
2005-08-08 18:00:00,16.6,,,14.82,
2005-08-08 19:00:00,8.597,,,6.401,
2005-08-08 20:00:00,10.2,,,5.958,
2005-08-08 21:00:00,16.74,,,8.751,
2005-08-08 22:00:00,38.46,,,1.11,
2005-08-08 23:00:00,12.85,,,1.518,
2005-08-09 00:00:00,3.808,,,2.331,
2005-08-09 01:00:00,13.13,,,15.4,
2005-08-09 02:00:00,11.24,,,23.59,
2005-08-09 03:00:00,0.013,,,26.52,
2005-08-09 04:00:00,,,,26.19,
2005-08-09 05:00:00,2.26,,,26.78,
2005-08-09 06:00:00,4.3,,,23.37,
2005-08-09 07:00:00,8.022,,,19.45,
2005-08-09 08:00:00,21.15,,,4.243,
2005-08-09 09:00:00,20.59,,,10.91,
2005-08-09 10:00:00,,,,16.95,
2005-08-09 11:00:00,3.162,,,19.33,
2005-08-09 12:00:00,13.84,,,22.74,
2005-08-09 13:00:00,14.23,,,28.86,
2005-08-09 14:00:00,7.84,,,27.79,
2005-08-09 15:00:00,13.46,,,27.21,
2005-08-09 16:00:00,8.83,,,23.24,
2005-08-09 17:00:00,15.16,,,18.31,
2005-08-09 18:00:00,7.177,,,17.24,
2005-08-09 19:00:00,20.66,,,7.653,
2005-08-09 20:00:00,19.76,,,4.964,
2005-08-09 21:00:00,18.1,,,5.529,
2005-08-09 22:00:00,20.47,,,12.59,
2005-08-09 23:00:00,9.24,,,13.66,
2005-08-10 00:00:00,,,,17.63,
2005-08-10 01:00:00,3.846,,,20.8,
2005-08-10 02:00:00,12.33,,,27.7,
2005-08-10 03:00:00,17.64,,,28.22,
2005-08-10 04:00:00,13.45,,,28.45,
2005-08-10 05:00:00,10.52,,,30.26,
2005-08-10 06:00:00,17.95,,,28.96,
2005-08-10 07:00:00,11.62,,,26.98,
2005-08-10 08:00:00,26.48,,,11.31,
2005-08-10 09:00:00,24.54,,,11.37,
2005-08-10 10:00:00,28.33,,,19.86,
2005-08-10 11:00:00,14.84,,,25.53,
2005-08-10 12:00:00,18.2,,,24.41,
2005-08-10 13:00:00,16.62,,,22.74,
2005-08-10 14:00:00,3.126,,,25.41,
2005-08-10 15:00:00,6.6,,,25.38,
2005-08-10 16:00:00,16.67,,,24.61,
2005-08-10 17:00:00,18.22,,,24.07,
2005-08-10 18:00:00,19.33,,,21.96,
2005-08-10 19:00:00,16.55,,,16.39,
2005-08-10 20:00:00,7.746,,,14.83,
2005-08-10 21:00:00,18.81,,,13.45,
2005-08-10 22:00:00,16.75,,,11.97,
2005-08-10 23:00:00,5.143,,,8.624,
2005-08-11 00:00:00,8.289,,,10.16,
2005-08-11 01:00:00,14.27,,,9.967,
2005-08-11 02:00:00,0.99,,,16.34,
2005-08-11 03:00:00,9.703,,,16.85,
2005-08-11 04:00:00,18.36,,,16.99,
2005-08-11 05:00:00,15.34,,,19.32,
2005-08-11 06:00:00,17.01,,,16.97,
2005-08-11 07:00:00,10.46,,,10.65,
2005-08-11 08:00:00,10.81,,,2.353,
2005-08-11 09:00:00,19.16,,,3.879,
2005-08-11 10:00:00,33.39,,,6.489,
2005-08-11 11:00:00,21.21,,,10.55,
2005-08-11 12:00:00,12.19,,,13.26,
2005-08-11 13:00:00,27.28,,,11.9,
2005-08-11 14:00:00,13.64,,,12.26,
2005-08-11 15:00:00,6.212,,,14.09,
2005-08-11 16:00:00,13.54,,,14.2,
2005-08-11 17:00:00,8.715,,,17.28,
2005-08-11 18:00:00,15.35,,,14.69,
2005-08-11 19:00:00,14.57,,,6.333,
2005-08-11 20:00:00,11.31,,,10.68,
2005-08-11 21:00:00,25.84,,,12.03,
2005-08-11 22:00:00,10.45,,,6.958,
2005-08-11 23:00:00,4.615,,,6.887,
2005-08-12 00:00:00,8.819,,,7.652,
2005-08-12 01:00:00,8.896,,,12.55,
2005-08-12 02:00:00,13.57,,,13.9,
2005-08-12 03:00:00,3.673,,,15.89,
2005-08-12 04:00:00,6.145,,,16.48,
2005-08-12 05:00:00,6.862,,,17.45,
2005-08-12 06:00:00,12.07,,,16.0,
2005-08-12 07:00:00,,,,16.17,
2005-08-12 08:00:00,12.94,,,1.309,
2005-08-12 09:00:00,31.08,,,6.35,
2005-08-12 10:00:00,21.17,,,10.3,
2005-08-12 11:00:00,18.38,,,2.813,
2005-08-12 12:00:00,22.69,,,5.429,
2005-08-12 13:00:00,27.17,,,5.669,
2005-08-12 14:00:00,21.59,,,10.04,
2005-08-12 15:00:00,18.02,,,11.18,
2005-08-12 16:00:00,15.46,,,12.97,
2005-08-12 17:00:00,17.93,,,16.65,
2005-08-12 18:00:00,9.717,,,13.38,
2005-08-12 19:00:00,16.84,,,2.735,
2005-08-12 20:00:00,13.4,,,0.5,
2005-08-12 21:00:00,17.22,,,0.5,
2005-08-12 22:00:00,15.98,,,0.5,
2005-08-12 23:00:00,20.71,,,0.5,
2005-08-13 00:00:00,7.747,,,3.126,
2005-08-13 01:00:00,17.79,,,5.319,
2005-08-13 02:00:00,10.16,,,8.95,
2005-08-13 03:00:00,4.796,,,9.507,
2005-08-13 04:00:00,,,,11.45,
2005-08-13 05:00:00,,,,9.95,
2005-08-13 06:00:00,,,,11.47,
2005-08-13 07:00:00,1.641,,,11.69,
2005-08-13 08:00:00,9.712,,,8.34,
2005-08-13 09:00:00,12.0,,,6.874,
2005-08-13 10:00:00,17.06,,,4.421,
2005-08-13 11:00:00,29.98,,,4.429,
2005-08-13 12:00:00,8.066,,,6.013,
2005-08-13 13:00:00,21.48,,,7.737,
2005-08-13 14:00:00,32.53,,,12.36,
2005-08-13 15:00:00,44.92,,,13.13,
2005-08-13 16:00:00,27.65,,,8.162,
2005-08-13 17:00:00,31.45,,,1.865,
2005-08-13 18:00:00,32.19,,,4.999,
2005-08-13 19:00:00,20.15,,,3.582,
2005-08-13 20:00:00,23.34,,,3.833,
2005-08-13 21:00:00,26.24,,,2.785,
2005-08-13 22:00:00,41.5,,,0.5,
2005-08-13 23:00:00,50.55,,,0.5,
2005-08-14 00:00:00,45.06,,,0.5,
2005-08-14 01:00:00,48.16,,,0.5,
2005-08-14 02:00:00,31.19,,,2.333,
2005-08-14 03:00:00,19.76,,,1.021,
2005-08-14 04:00:00,22.7,,,0.5,
2005-08-14 05:00:00,27.04,,,0.5,
2005-08-14 06:00:00,30.06,,,0.5,
2005-08-14 07:00:00,14.8,,,0.5,
2005-08-14 08:00:00,22.66,,,0.5,
2005-08-14 09:00:00,30.52,,,0.5,
2005-08-14 10:00:00,41.79,,,0.5,
2005-08-14 11:00:00,36.45,,,2.044,
2005-08-14 12:00:00,22.93,,,6.244,
2005-08-14 13:00:00,29.93,,,12.79,
2005-08-14 14:00:00,34.88,,,15.73,
2005-08-14 15:00:00,31.39,,,17.31,
2005-08-14 16:00:00,42.71,,,15.45,
2005-08-14 17:00:00,32.55,,,9.306,
2005-08-14 18:00:00,40.07,,,12.25,
2005-08-14 19:00:00,37.85,,,0.5,
2005-08-14 20:00:00,40.98,,,0.5,
2005-08-14 21:00:00,61.77,,,0.5,
2005-08-14 22:00:00,59.81,,,0.5,
2005-08-14 23:00:00,55.85,,,0.5,
2005-08-15 00:00:00,39.77,,,0.5,
2005-08-15 01:00:00,54.96,,,0.5,
2005-08-15 02:00:00,56.79,,,0.5,
2005-08-15 03:00:00,60.9,,,0.5,
2005-08-15 04:00:00,49.9,,,0.5,
2005-08-15 05:00:00,41.97,,,0.5,
2005-08-15 06:00:00,44.9,,,0.5,
2005-08-15 07:00:00,47.34,,,0.5,
2005-08-15 08:00:00,40.2,,,0.5,
2005-08-15 09:00:00,71.79,,,0.5,
2005-08-15 10:00:00,88.78,,,0.5,
2005-08-15 11:00:00,78.26,,,0.5,
2005-08-15 12:00:00,59.2,,,1.053,
2005-08-15 13:00:00,45.35,,,1.746,
2005-08-15 14:00:00,47.67,,,14.55,
2005-08-15 15:00:00,58.64,,,20.52,
2005-08-15 16:00:00,33.39,,,13.24,
2005-08-15 17:00:00,24.03,,,11.21,
2005-08-15 18:00:00,22.71,,,11.41,
2005-08-15 19:00:00,25.58,,,11.28,
2005-08-15 20:00:00,34.56,,,11.21,
2005-08-15 21:00:00,25.23,,,13.65,
2005-08-15 22:00:00,21.13,,,13.76,
2005-08-15 23:00:00,35.41,,,14.9,
2005-08-16 00:00:00,25.14,,,16.86,
2005-08-16 01:00:00,19.3,,,21.73,
2005-08-16 02:00:00,17.76,,,22.58,
2005-08-16 03:00:00,16.1,,,21.32,
2005-08-16 04:00:00,6.965,,,21.03,
2005-08-16 05:00:00,20.03,,,22.31,
2005-08-16 06:00:00,34.61,,,19.82,
2005-08-16 07:00:00,31.41,,,15.89,
2005-08-16 08:00:00,33.48,,,10.03,
2005-08-16 09:00:00,21.15,,,7.671,
2005-08-16 10:00:00,25.12,,,5.343,
2005-08-16 11:00:00,32.32,,,4.385,
2005-08-16 12:00:00,27.44,,,7.579,
2005-08-16 13:00:00,28.8,,,11.3,
2005-08-16 14:00:00,42.52,,,4.887,
2005-08-16 15:00:00,54.71,,,7.173,
2005-08-16 16:00:00,52.88,,,3.393,
2005-08-16 17:00:00,65.47,,,0.5,
2005-08-16 18:00:00,88.67,,,0.5,
2005-08-16 19:00:00,79.99,,,0.5,
2005-08-16 20:00:00,75.87,,,0.5,
2005-08-16 21:00:00,64.97,,,0.5,
2005-08-16 22:00:00,77.96,,,0.5,
2005-08-16 23:00:00,62.18,,,0.5,
2005-08-17 00:00:00,72.24,,,0.5,
2005-08-17 01:00:00,60.86,,,0.5,
2005-08-17 02:00:00,61.08,,,0.5,
2005-08-17 03:00:00,50.02,,,0.5,
2005-08-17 04:00:00,50.85,,,0.5,
2005-08-17 05:00:00,43.87,,,0.5,
2005-08-17 06:00:00,36.68,,,0.5,
2005-08-17 07:00:00,48.47,,,0.5,
2005-08-17 08:00:00,67.81,,,0.5,
2005-08-17 09:00:00,92.98,,,0.5,
2005-08-17 10:00:00,121.8,,,0.5,
2005-08-17 11:00:00,92.68,,,2.413,
2005-08-17 12:00:00,63.29,,,4.153,
2005-08-17 13:00:00,76.79,,,7.238,
2005-08-17 14:00:00,67.17,,,2.24,
2005-08-17 15:00:00,79.8,,,7.714,
2005-08-17 16:00:00,109.4,,,17.93,
2005-08-17 17:00:00,51.6,,,9.692,
2005-08-17 18:00:00,54.07,,,2.029,
2005-08-17 19:00:00,70.75,,,3.521,
2005-08-17 20:00:00,36.27,,,3.146,
2005-08-17 21:00:00,31.63,,,1.165,
2005-08-17 22:00:00,23.86,,,0.5,
2005-08-17 23:00:00,32.14,,,0.5,
2005-08-18 00:00:00,31.22,,,0.5,
2005-08-18 01:00:00,30.57,,,1.461,
2005-08-18 02:00:00,15.81,,,0.5,
2005-08-18 03:00:00,29.44,,,2.421,
2005-08-18 04:00:00,24.67,,,4.297,
2005-08-18 05:00:00,19.46,,,5.01,
2005-08-18 06:00:00,34.22,,,11.93,
2005-08-18 07:00:00,,,,12.8,
2005-08-18 08:00:00,2.298,,,9.153,
2005-08-18 09:00:00,7.319,,,8.189,
2005-08-18 10:00:00,13.78,,,8.758,
2005-08-18 11:00:00,14.1,,,14.49,
2005-08-18 12:00:00,5.698,,,13.38,
2005-08-18 13:00:00,12.33,,,15.38,
2005-08-18 14:00:00,4.767,,,17.65,
2005-08-18 15:00:00,13.99,,,18.49,
2005-08-18 16:00:00,28.62,,,18.78,
2005-08-18 17:00:00,10.86,,,17.76,
2005-08-18 18:00:00,1.47,,,12.73,
2005-08-18 19:00:00,13.42,,,8.053,
2005-08-18 20:00:00,28.06,,,6.058,
2005-08-18 21:00:00,27.88,,,7.664,
2005-08-18 22:00:00,24.65,,,9.16,
2005-08-18 23:00:00,5.763,,,8.593,
2005-08-19 00:00:00,11.49,,,10.0,
2005-08-19 01:00:00,26.23,,,12.94,
2005-08-19 02:00:00,23.88,,,12.31,
2005-08-19 03:00:00,31.7,,,14.69,
2005-08-19 04:00:00,18.34,,,15.8,
2005-08-19 05:00:00,7.718,,,16.23,
2005-08-19 06:00:00,7.507,,,15.02,
2005-08-19 07:00:00,22.0,,,11.12,
2005-08-19 08:00:00,19.98,,,4.4,
2005-08-19 09:00:00,16.06,,,2.785,
2005-08-19 10:00:00,28.85,,,5.199,
2005-08-19 11:00:00,31.81,,,6.674,
2005-08-19 12:00:00,20.35,,,6.906,
2005-08-19 13:00:00,20.44,,,12.67,
2005-08-19 14:00:00,6.723,,,13.02,
2005-08-19 15:00:00,12.58,,,15.55,
2005-08-19 16:00:00,14.17,,,15.12,
2005-08-19 17:00:00,3.133,,,13.18,
2005-08-19 18:00:00,17.75,,,11.38,
2005-08-19 19:00:00,22.79,,,8.254,
2005-08-19 20:00:00,14.16,,,2.656,
2005-08-19 21:00:00,26.33,,,5.925,
2005-08-19 22:00:00,12.77,,,9.185,
2005-08-19 23:00:00,7.104,,,10.27,
2005-08-20 01:00:00,10.45,,,9.04,
2005-08-20 02:00:00,15.85,,,12.6,
2005-08-20 03:00:00,19.69,,,14.76,
2005-08-20 04:00:00,11.01,,,14.2,
2005-08-20 05:00:00,16.56,,,14.21,
2005-08-20 06:00:00,13.7,,,10.78,
2005-08-20 07:00:00,10.04,,,7.575,
2005-08-20 08:00:00,14.5,,,7.004,
2005-08-20 09:00:00,22.43,,,4.532,
2005-08-20 10:00:00,22.46,,,6.378,
2005-08-20 11:00:00,15.14,,,5.807,
2005-08-20 12:00:00,12.33,,,8.482,
2005-08-20 13:00:00,16.73,,,16.99,
2005-08-20 14:00:00,19.5,,,18.21,
2005-08-20 15:00:00,29.24,,,20.38,
2005-08-20 16:00:00,14.92,,,18.51,
2005-08-20 17:00:00,15.36,,,20.84,
2005-08-20 18:00:00,8.667,,,19.73,
2005-08-20 19:00:00,11.62,,,19.39,
2005-08-20 20:00:00,25.3,,,18.2,
2005-08-20 21:00:00,15.28,,,19.56,
2005-08-20 22:00:00,,,,21.18,
2005-08-20 23:00:00,,,,21.08,
2005-08-21 00:00:00,,,,21.05,
2005-08-21 01:00:00,2.211,,,20.14,
2005-08-21 02:00:00,3.889,,,19.27,
2005-08-21 03:00:00,0.917,,,17.89,
2005-08-21 04:00:00,7.409,,,15.58,
2005-08-21 05:00:00,12.9,,,8.14,
2005-08-21 06:00:00,10.54,,,6.131,
2005-08-21 07:00:00,13.29,,,9.093,
2005-08-21 08:00:00,6.605,,,10.09,
2005-08-21 09:00:00,1.942,,,6.721,
2005-08-21 10:00:00,7.684,,,6.596,
2005-08-21 11:00:00,13.6,,,4.751,
2005-08-21 12:00:00,,,,2.786,
2005-08-21 13:00:00,21.9,,,2.724,
2005-08-21 14:00:00,42.32,,,3.14,
2005-08-21 15:00:00,13.85,,,6.414,
2005-08-21 16:00:00,23.12,,,9.871,
2005-08-21 17:00:00,31.03,,,7.786,
2005-08-21 18:00:00,26.32,,,3.843,
2005-08-21 19:00:00,12.98,,,6.947,
2005-08-21 20:00:00,30.06,,,0.5,
2005-08-21 21:00:00,29.52,,,2.964,
2005-08-21 22:00:00,20.83,,,8.092,
2005-08-21 23:00:00,23.37,,,3.399,
2005-08-22 00:00:00,10.24,,,0.5,
2005-08-22 01:00:00,9.105,,,0.5,
2005-08-22 02:00:00,3.899,,,1.932,
2005-08-22 03:00:00,28.24,,,7.481,
2005-08-22 04:00:00,37.92,,,11.85,
2005-08-22 05:00:00,,,,12.18,
2005-08-22 06:00:00,7.835,,,10.83,
2005-08-22 07:00:00,18.11,,,3.372,
2005-08-22 08:00:00,10.69,,,1.483,
2005-08-22 09:00:00,21.49,,,0.5,
2005-08-22 10:00:00,27.84,,,0.5,
2005-08-22 11:00:00,11.75,,,0.5,
2005-08-22 12:00:00,30.7,,,0.5,
2005-08-22 13:00:00,24.2,,,1.235,
2005-08-22 14:00:00,20.19,,,1.657,
2005-08-22 15:00:00,28.78,,,3.872,
2005-08-22 16:00:00,42.09,,,6.225,
2005-08-22 17:00:00,41.38,,,5.036,
2005-08-22 18:00:00,31.72,,,2.843,
2005-08-22 19:00:00,35.61,,,0.5,
2005-08-22 20:00:00,80.37,,,0.5,
2005-08-22 21:00:00,69.92,,,0.5,
2005-08-22 22:00:00,49.8,,,0.5,
2005-08-22 23:00:00,60.73,,,0.5,
2005-08-23 00:00:00,73.98,,,0.5,
2005-08-23 01:00:00,100.6,,,0.5,
2005-08-23 02:00:00,88.64,,,0.5,
2005-08-23 03:00:00,72.63,,,0.5,
2005-08-23 04:00:00,64.13,,,0.5,
2005-08-23 05:00:00,70.26,,,0.5,
2005-08-23 06:00:00,30.25,,,0.5,
2005-08-23 07:00:00,22.84,,,0.5,
2005-08-23 08:00:00,50.92,,,1.161,
2005-08-23 09:00:00,60.44,,,1.994,
2005-08-23 10:00:00,72.5,,,1.044,
2005-08-23 11:00:00,23.26,,,1.408,
2005-08-23 12:00:00,21.21,,,3.828,
2005-08-23 13:00:00,33.37,,,10.8,
2005-08-23 14:00:00,41.92,,,10.66,
2005-08-23 15:00:00,50.49,,,13.51,
2005-08-23 16:00:00,47.81,,,20.31,
2005-08-23 17:00:00,17.78,,,15.18,
2005-08-23 18:00:00,17.17,,,5.478,
2005-08-23 19:00:00,16.05,,,2.513,
2005-08-23 20:00:00,8.327,,,3.035,
2005-08-23 21:00:00,26.52,,,11.58,
2005-08-23 22:00:00,35.7,,,8.157,
2005-08-23 23:00:00,8.459,,,9.6,
2005-08-24 00:00:00,3.849,,,9.99,
2005-08-24 01:00:00,6.811,,,9.751,
2005-08-24 02:00:00,5.514,,,16.02,
2005-08-24 03:00:00,13.2,,,18.44,
2005-08-24 04:00:00,10.03,,,20.94,
2005-08-24 05:00:00,12.03,,,20.52,
2005-08-24 06:00:00,9.022,,,19.84,
2005-08-24 07:00:00,,,,16.24,
2005-08-24 08:00:00,,,,9.797,
2005-08-24 09:00:00,,,,10.44,
2005-08-24 10:00:00,4.385,,,12.73,
2005-08-24 11:00:00,7.805,,,15.52,
2005-08-24 12:00:00,1.856,,,14.88,
2005-08-24 13:00:00,3.304,,,13.98,
2005-08-24 14:00:00,,,,11.59,
2005-08-24 15:00:00,6.421,,,7.485,
2005-08-24 16:00:00,16.61,,,9.814,
2005-08-24 17:00:00,15.58,,,10.18,
2005-08-24 18:00:00,12.98,,,6.353,
2005-08-24 19:00:00,11.38,,,3.849,
2005-08-24 20:00:00,18.78,,,3.382,
2005-08-24 21:00:00,10.5,,,3.308,
2005-08-24 22:00:00,17.0,,,6.694,
2005-08-24 23:00:00,18.72,,,5.59,
2005-08-25 00:00:00,,,,14.45,
2005-08-25 01:00:00,,,,18.35,
2005-08-25 02:00:00,,,,20.14,
2005-08-25 03:00:00,,,,18.64,
2005-08-25 04:00:00,6.102,,,19.17,
2005-08-25 05:00:00,15.11,,,14.61,
2005-08-25 06:00:00,13.25,,,14.28,
2005-08-25 07:00:00,10.31,,,6.596,
2005-08-25 08:00:00,5.905,,,4.108,
2005-08-25 09:00:00,23.3,,,1.701,
2005-08-25 10:00:00,22.78,,,7.215,
2005-08-25 11:00:00,,,,12.03,
2005-08-25 12:00:00,4.024,,,12.11,
2005-08-25 13:00:00,8.256,,,14.65,
2005-08-25 14:00:00,1.88,,,13.05,
2005-08-25 15:00:00,5.468,,,13.72,
2005-08-25 16:00:00,16.45,,,12.42,
2005-08-25 17:00:00,14.46,,,10.94,
2005-08-25 18:00:00,11.17,,,3.111,
2005-08-25 19:00:00,24.34,,,1.94,
2005-08-25 20:00:00,28.23,,,1.456,
2005-08-25 21:00:00,18.97,,,2.088,
2005-08-25 22:00:00,28.65,,,3.468,
2005-08-25 23:00:00,22.89,,,4.485,
2005-08-26 00:00:00,10.56,,,5.394,
2005-08-26 01:00:00,23.37,,,7.392,
2005-08-26 02:00:00,11.82,,,10.99,
2005-08-26 03:00:00,5.922,,,4.713,
2005-08-26 04:00:00,13.34,,,3.967,
2005-08-26 05:00:00,31.14,,,1.417,
2005-08-26 06:00:00,23.64,,,0.5,
2005-08-26 07:00:00,26.96,,,1.197,
2005-08-26 08:00:00,42.4,,,1.926,
2005-08-26 09:00:00,53.71,,,1.699,
2005-08-26 10:00:00,28.82,,,2.431,
2005-08-26 11:00:00,40.19,,,3.085,
2005-08-26 12:00:00,38.68,,,5.186,
2005-08-26 13:00:00,50.17,,,10.82,
2005-08-26 14:00:00,36.21,,,15.52,
2005-08-26 15:00:00,16.89,,,18.92,
2005-08-26 16:00:00,21.98,,,16.33,
2005-08-26 17:00:00,48.23,,,23.03,
2005-08-26 18:00:00,22.46,,,16.88,
2005-08-26 19:00:00,16.17,,,2.999,
2005-08-26 20:00:00,47.14,,,3.824,
2005-08-26 21:00:00,40.76,,,2.87,
2005-08-26 22:00:00,32.36,,,2.832,
2005-08-26 23:00:00,40.11,,,3.288,
2005-08-27 00:00:00,35.06,,,1.861,
2005-08-27 01:00:00,43.64,,,1.226,
2005-08-27 02:00:00,22.85,,,1.882,
2005-08-27 03:00:00,34.13,,,2.0,
2005-08-27 04:00:00,31.57,,,2.076,
2005-08-27 05:00:00,36.73,,,2.0,
2005-08-27 06:00:00,43.19,,,2.0,
2005-08-27 07:00:00,33.91,,,2.694,
2005-08-27 08:00:00,59.47,,,3.601,
2005-08-27 09:00:00,52.55,,,3.744,
2005-08-27 10:00:00,58.38,,,4.382,
2005-08-27 11:00:00,61.15,,,4.796,
2005-08-27 12:00:00,63.36,,,10.46,
2005-08-27 13:00:00,55.94,,,19.25,
2005-08-27 14:00:00,42.64,,,20.69,
2005-08-27 15:00:00,27.9,,,23.83,
2005-08-27 16:00:00,18.59,,,22.55,
2005-08-27 17:00:00,33.63,,,18.39,
2005-08-27 18:00:00,28.15,,,11.05,
2005-08-27 19:00:00,33.32,,,9.719,
2005-08-27 20:00:00,34.75,,,5.602,
2005-08-27 21:00:00,46.9,,,7.422,
2005-08-27 22:00:00,46.42,,,4.918,
2005-08-27 23:00:00,58.12,,,6.326,
2005-08-28 00:00:00,93.16,,,7.162,
2005-08-28 01:00:00,100.9,,,7.247,
2005-08-28 02:00:00,92.97,,,5.771,
2005-08-28 03:00:00,85.21,,,4.556,
2005-08-28 04:00:00,76.84,,,4.067,
2005-08-28 05:00:00,65.82,,,3.947,
2005-08-28 06:00:00,67.39,,,4.589,
2005-08-28 07:00:00,54.76,,,11.54,
2005-08-28 08:00:00,56.97,,,14.4,
2005-08-28 09:00:00,43.96,,,20.95,
2005-08-28 10:00:00,33.41,,,15.23,
2005-08-28 11:00:00,41.24,,,9.232,
2005-08-28 12:00:00,2.361,,,9.038,
2005-08-28 13:00:00,,,,12.16,
2005-08-28 14:00:00,0.713,,,12.54,
2005-08-28 15:00:00,3.939,,,12.0,
2005-08-28 16:00:00,8.616,,,12.78,
2005-08-28 17:00:00,10.46,,,16.22,
2005-08-28 18:00:00,9.486,,,18.39,
2005-08-28 19:00:00,8.315,,,14.96,
2005-08-28 20:00:00,7.541,,,13.54,
2005-08-28 21:00:00,7.22,,,14.94,
2005-08-28 22:00:00,6.796,,,17.65,
2005-08-28 23:00:00,5.786,,,18.45,
2005-08-29 00:00:00,5.75,,,16.71,
2005-08-29 01:00:00,5.111,,,19.13,
2005-08-29 02:00:00,4.741,,,17.77,
2005-08-29 03:00:00,5.826,,,18.98,
2005-08-29 04:00:00,6.159,,,20.81,
2005-08-29 05:00:00,5.823,,,19.48,
2005-08-29 06:00:00,6.08,,,16.27,
2005-08-29 07:00:00,6.905,,,11.79,
2005-08-29 08:00:00,6.881,,,5.081,
2005-08-29 09:00:00,6.566,,,8.428,
2005-08-29 10:00:00,7.328,,,11.77,
2005-08-29 11:00:00,7.854,,,14.34,
2005-08-29 12:00:00,10.27,,,8.584,
2005-08-29 13:00:00,12.34,,,11.62,
2005-08-29 14:00:00,11.45,,,15.49,
2005-08-29 15:00:00,11.51,,,11.8,
2005-08-29 16:00:00,10.1,,,8.432,
2005-08-29 17:00:00,8.273,,,6.561,
2005-08-29 18:00:00,7.043,,,5.687,
2005-08-29 19:00:00,6.311,,,4.113,
2005-08-29 20:00:00,6.843,,,1.761,
2005-08-29 21:00:00,6.981,,,1.064,
2005-08-29 22:00:00,5.948,,,1.387,
2005-08-29 23:00:00,5.494,,,2.138,
2005-08-30 00:00:00,6.078,,,8.693,
2005-08-30 01:00:00,5.762,,,16.3,
2005-08-30 02:00:00,4.363,,,17.95,
2005-08-30 03:00:00,2.832,,,21.85,
2005-08-30 04:00:00,2.26,,,20.36,
2005-08-30 05:00:00,2.491,,,21.41,
2005-08-30 06:00:00,0.21,,,20.14,
2005-08-30 07:00:00,,,,18.01,
2005-08-30 08:00:00,,,,4.928,
2005-08-30 09:00:00,,,,3.574,
2005-08-30 10:00:00,,,,8.31,
2005-08-30 11:00:00,2.517,,,7.953,
2005-08-30 12:00:00,8.342,,,4.696,
2005-08-30 13:00:00,9.674,,,5.521,
2005-08-30 14:00:00,4.919,,,6.312,
2005-08-30 15:00:00,2.11,,,3.267,
2005-08-30 16:00:00,8.698,,,3.674,
2005-08-30 17:00:00,17.57,,,3.533,
2005-08-30 18:00:00,25.92,,,2.932,
2005-08-30 19:00:00,28.9,,,4.226,
2005-08-30 20:00:00,28.96,,,10.47,
2005-08-30 21:00:00,27.84,,,12.92,
2005-08-30 22:00:00,28.39,,,19.06,
2005-08-30 23:00:00,20.0,,,20.64,
2005-08-31 00:00:00,3.925,,,22.89,
2005-08-31 01:00:00,3.215,,,26.84,
2005-08-31 02:00:00,3.026,,,29.08,
2005-08-31 03:00:00,2.837,,,28.85,
2005-08-31 04:00:00,2.248,,,28.43,
2005-08-31 05:00:00,1.632,,,29.68,
2005-08-31 06:00:00,1.029,,,30.02,
2005-08-31 07:00:00,0.842,,,26.93,
2005-08-31 08:00:00,0.161,,,18.54,
2005-08-31 09:00:00,,,,14.63,
2005-08-31 10:00:00,0.192,,,18.16,
2005-08-31 11:00:00,2.456,,,17.44,
2005-08-31 12:00:00,6.044,,,14.16,
2005-08-31 13:00:00,8.069,,,17.84,
2005-08-31 14:00:00,0.484,,,20.29,
2005-08-31 15:00:00,1.812,,,17.42,
2005-08-31 16:00:00,1.714,,,11.61,
2005-08-31 17:00:00,5.485,,,11.84,
2005-08-31 18:00:00,8.39,,,13.45,
2005-08-31 19:00:00,12.91,,,15.78,
2005-08-31 20:00:00,12.08,,,12.07,
2005-08-31 21:00:00,8.842,,,10.45,
2005-08-31 22:00:00,19.35,,,12.14,
2005-08-31 23:00:00,18.37,,,21.0,
2005-09-01 00:00:00,,,,22.43,
2005-09-01 01:00:00,1.65,,,21.2,
2005-09-01 02:00:00,5.756,,,23.36,
2005-09-01 03:00:00,8.441,,,24.85,
2005-09-01 04:00:00,10.02,,,24.79,
2005-09-01 05:00:00,11.13,,,25.01,
2005-09-01 06:00:00,12.5,,,21.46,
2005-09-01 07:00:00,14.42,,,16.79,
2005-09-01 08:00:00,16.13,,,7.803,
2005-09-01 09:00:00,16.78,,,9.874,
2005-09-01 10:00:00,17.31,,,15.29,
2005-09-01 11:00:00,12.64,,,17.68,
2005-09-01 12:00:00,2.996,,,11.81,
2005-09-01 13:00:00,1.647,,,6.392,
2005-09-01 14:00:00,,,,6.381,
2005-09-01 15:00:00,,,,5.417,
2005-09-01 16:00:00,,,,5.528,
2005-09-01 17:00:00,0.411,,,3.149,
2005-09-01 18:00:00,5.934,,,2.618,
2005-09-01 19:00:00,17.2,,,2.626,
2005-09-01 20:00:00,21.13,,,2.906,
2005-09-01 21:00:00,18.86,,,6.729,
2005-09-01 22:00:00,13.75,,,9.803,
2005-09-01 23:00:00,9.064,,,10.32,
2005-09-02 00:00:00,14.45,,,9.986,
2005-09-02 01:00:00,20.35,,,15.97,
2005-09-02 02:00:00,22.54,,,19.45,
2005-09-02 03:00:00,22.44,,,19.52,
2005-09-02 04:00:00,22.02,,,22.91,
2005-09-02 05:00:00,20.93,,,23.61,
2005-09-02 06:00:00,19.55,,,25.56,
2005-09-02 07:00:00,18.38,,,21.09,
2005-09-02 08:00:00,17.54,,,10.97,
2005-09-02 09:00:00,16.74,,,11.52,
2005-09-02 10:00:00,18.08,,,13.39,
2005-09-02 11:00:00,14.98,,,14.93,
2005-09-02 12:00:00,6.16,,,14.81,
2005-09-02 13:00:00,8.316,,,17.0,
2005-09-02 14:00:00,11.69,,,14.83,
2005-09-02 15:00:00,16.47,,,14.45,
2005-09-02 16:00:00,18.9,,,13.61,
2005-09-02 17:00:00,19.19,,,10.89,
2005-09-02 18:00:00,18.69,,,9.324,
2005-09-02 19:00:00,19.48,,,6.203,
2005-09-02 20:00:00,17.89,,,9.832,
2005-09-02 21:00:00,16.13,,,10.2,
2005-09-02 22:00:00,14.16,,,8.781,
2005-09-02 23:00:00,9.159,,,9.373,
2005-09-03 00:00:00,1.599,,,8.161,
2005-09-03 01:00:00,0.179,,,8.604,
2005-09-03 02:00:00,,,,9.443,
2005-09-03 03:00:00,,,,9.369,
2005-09-03 04:00:00,,,,5.378,
2005-09-03 05:00:00,,,,8.174,
2005-09-03 06:00:00,,,,8.292,
2005-09-03 07:00:00,,,,4.958,
2005-09-03 08:00:00,,,,2.903,
2005-09-03 09:00:00,,,,5.439,
2005-09-03 10:00:00,,,,6.39,
2005-09-03 11:00:00,5.024,,,6.788,
2005-09-03 12:00:00,17.93,,,10.48,
2005-09-03 13:00:00,26.83,,,14.96,
2005-09-03 14:00:00,30.9,,,16.51,
2005-09-03 15:00:00,32.93,,,20.73,
2005-09-03 16:00:00,34.7,,,19.25,
2005-09-03 17:00:00,35.26,,,14.69,
2005-09-03 18:00:00,34.35,,,13.43,
2005-09-03 19:00:00,30.4,,,15.4,
2005-09-03 20:00:00,24.97,,,14.42,
2005-09-03 21:00:00,23.28,,,14.71,
2005-09-03 22:00:00,24.09,,,13.17,
2005-09-03 23:00:00,17.63,,,14.06,
2005-09-04 00:00:00,4.695,,,15.33,
2005-09-04 01:00:00,3.003,,,17.48,
2005-09-04 02:00:00,1.303,,,17.03,
2005-09-04 03:00:00,0.395,,,16.64,
2005-09-04 04:00:00,0.151,,,16.12,
2005-09-04 05:00:00,0.801,,,13.22,
2005-09-04 06:00:00,2.24,,,14.5,
2005-09-04 07:00:00,3.529,,,15.18,
2005-09-04 08:00:00,4.694,,,14.57,
2005-09-04 09:00:00,5.873,,,14.01,
2005-09-04 10:00:00,6.772,,,12.79,
2005-09-04 11:00:00,8.265,,,11.32,
2005-09-04 12:00:00,10.13,,,14.69,
2005-09-04 13:00:00,9.993,,,10.68,
2005-09-04 14:00:00,9.047,,,10.85,
2005-09-04 15:00:00,8.329,,,7.296,
2005-09-04 16:00:00,8.299,,,5.861,
2005-09-04 17:00:00,7.773,,,8.594,
2005-09-04 18:00:00,6.307,,,10.88,
2005-09-04 19:00:00,5.014,,,9.426,
2005-09-04 20:00:00,4.209,,,6.835,
2005-09-04 21:00:00,3.584,,,8.992,
2005-09-04 22:00:00,3.029,,,6.843,
2005-09-04 23:00:00,4.17,,,3.664,
2005-09-05 00:00:00,6.866,,,4.735,
2005-09-05 01:00:00,6.085,,,7.8,
2005-09-05 02:00:00,6.165,,,9.281,
2005-09-05 03:00:00,6.714,,,8.717,
2005-09-05 04:00:00,6.535,,,8.461,
2005-09-05 05:00:00,5.946,,,11.02,
2005-09-05 06:00:00,5.862,,,9.786,
2005-09-05 07:00:00,5.938,,,6.653,
2005-09-05 08:00:00,6.719,,,2.565,
2005-09-05 09:00:00,5.913,,,2.838,
2005-09-05 10:00:00,6.47,,,6.143,
2005-09-05 11:00:00,7.673,,,8.785,
2005-09-05 12:00:00,9.476,,,10.5,
2005-09-05 13:00:00,11.53,,,11.88,
2005-09-05 14:00:00,12.47,,,10.67,
2005-09-05 15:00:00,12.91,,,11.48,
2005-09-05 16:00:00,4.613,,,,
2005-09-05 17:00:00,,,,6.196,
2005-09-05 18:00:00,,,,4.912,
2005-09-05 19:00:00,,,,2.069,
2005-09-05 20:00:00,,,,0.5,
2005-09-05 21:00:00,,,,0.5,
2005-09-05 22:00:00,,,,1.256,
2005-09-05 23:00:00,,,,7.399,
2005-09-06 00:00:00,,,,2.219,
2005-09-06 01:00:00,,,,1.366,
2005-09-06 02:00:00,,,,0.5,
2005-09-06 03:00:00,,,,0.5,
2005-09-06 04:00:00,,,,2.557,
2005-09-06 05:00:00,1.64,,,4.521,
2005-09-06 06:00:00,1.502,,,6.861,
2005-09-06 07:00:00,0.278,,,2.792,
2005-09-06 08:00:00,,,,1.015,
2005-09-06 09:00:00,,,,2.365,
2005-09-06 10:00:00,,,,3.157,
2005-09-06 11:00:00,1.549,,,6.262,
2005-09-06 12:00:00,8.531,,,11.82,
2005-09-06 13:00:00,14.15,,,14.38,
2005-09-06 14:00:00,15.43,,,15.38,
2005-09-06 15:00:00,17.16,,,11.99,
2005-09-06 16:00:00,19.12,,,13.4,
2005-09-06 17:00:00,11.11,,,14.42,
2005-09-06 18:00:00,2.996,,,18.29,
2005-09-06 19:00:00,0.519,,,8.518,
2005-09-06 20:00:00,,,,8.092,
2005-09-06 21:00:00,,,,8.2,
2005-09-06 22:00:00,,,,5.45,
2005-09-06 23:00:00,,,,4.719,
2005-09-07 00:00:00,,,,1.108,
2005-09-07 01:00:00,,,,0.5,
2005-09-07 02:00:00,,,,0.5,
2005-09-07 03:00:00,,,,0.5,
2005-09-07 04:00:00,,,,0.5,
2005-09-07 05:00:00,1.479,,,0.5,
2005-09-07 06:00:00,1.27,,,0.5,
2005-09-07 07:00:00,0.22,,,0.5,
2005-09-07 08:00:00,0.008,,,0.5,
2005-09-07 09:00:00,,,,2.303,
2005-09-07 10:00:00,0.882,,,5.228,
2005-09-07 11:00:00,6.487,,,8.858,
2005-09-07 12:00:00,15.69,,,13.03,
2005-09-07 13:00:00,21.94,,,22.47,
2005-09-07 14:00:00,24.49,,,26.62,
2005-09-07 15:00:00,26.67,,,24.25,
2005-09-07 16:00:00,28.08,,,25.14,
2005-09-07 17:00:00,12.57,,,25.19,
2005-09-07 18:00:00,0.944,,,26.43,
2005-09-07 19:00:00,,,,20.99,
2005-09-07 20:00:00,,,,18.09,
2005-09-07 21:00:00,,,,17.08,
2005-09-07 22:00:00,,,,18.27,
2005-09-07 23:00:00,,,,16.77,
2005-09-08 00:00:00,,,,18.61,
2005-09-08 01:00:00,,,,14.96,
2005-09-08 02:00:00,,,,20.16,
2005-09-08 03:00:00,,,,21.3,
2005-09-08 04:00:00,,,,17.86,
2005-09-08 05:00:00,1.88,,,14.74,
2005-09-08 06:00:00,1.466,,,16.57,
2005-09-08 07:00:00,0.177,,,7.608,
2005-09-08 08:00:00,0.008,,,0.5,
2005-09-08 09:00:00,,,,4.06,
2005-09-08 10:00:00,2.98,,,8.188,
2005-09-08 11:00:00,10.29,,,12.23,
2005-09-08 12:00:00,18.18,,,15.98,
2005-09-08 13:00:00,23.36,,,16.21,
2005-09-08 14:00:00,25.69,,,17.79,
2005-09-08 15:00:00,26.81,,,19.04,
2005-09-08 16:00:00,27.81,,,20.92,
2005-09-08 17:00:00,13.41,,,19.91,
2005-09-08 18:00:00,1.52,,,19.0,
2005-09-08 19:00:00,,,,13.93,
2005-09-08 20:00:00,,,,11.33,
2005-09-08 21:00:00,,,,9.704,
2005-09-08 22:00:00,,,,10.82,
2005-09-08 23:00:00,,,,8.714,
2005-09-09 00:00:00,,,,8.871,
2005-09-09 01:00:00,,,,10.32,
2005-09-09 02:00:00,,,,12.96,
2005-09-09 03:00:00,,,,13.99,
2005-09-09 04:00:00,,,,13.56,
2005-09-09 05:00:00,3.593,,,10.62,
2005-09-09 06:00:00,5.101,,,7.775,
2005-09-09 07:00:00,5.462,,,1.472,
2005-09-09 08:00:00,5.16,,,5.61,
2005-09-09 09:00:00,4.76,,,2.671,
2005-09-09 10:00:00,5.726,,,1.515,
2005-09-09 11:00:00,5.442,,,0.5,
2005-09-09 12:00:00,4.694,,,0.5,
2005-09-09 13:00:00,4.481,,,0.5,
2005-09-09 14:00:00,4.594,,,1.493,
2005-09-09 15:00:00,4.791,,,1.881,
2005-09-09 16:00:00,6.054,,,0.5,
2005-09-09 17:00:00,6.478,,,0.5,
2005-09-09 18:00:00,6.064,,,0.5,
2005-09-09 19:00:00,5.842,,,0.5,
2005-09-09 20:00:00,5.548,,,0.5,
2005-09-09 21:00:00,4.868,,,0.5,
2005-09-09 22:00:00,4.742,,,0.5,
2005-09-09 23:00:00,5.446,,,0.5,
2005-09-10 01:00:00,5.378,,,1.653,
2005-09-10 02:00:00,5.702,,,2.275,
2005-09-10 03:00:00,5.493,,,4.794,
2005-09-10 04:00:00,5.48,,,5.946,
2005-09-10 05:00:00,6.025,,,5.529,
2005-09-10 06:00:00,6.144,,,2.717,
2005-09-10 07:00:00,6.242,,,1.032,
2005-09-10 08:00:00,6.18,,,0.5,
2005-09-10 09:00:00,8.174,,,1.233,
2005-09-10 10:00:00,11.29,,,4.276,
2005-09-10 11:00:00,13.52,,,5.513,
2005-09-10 12:00:00,13.93,,,11.97,
2005-09-10 13:00:00,8.907,,,15.94,
2005-09-10 14:00:00,5.771,,,22.13,
2005-09-10 15:00:00,6.935,,,18.22,
2005-09-10 16:00:00,8.102,,,11.82,
2005-09-10 17:00:00,5.317,,,11.04,
2005-09-10 18:00:00,2.193,,,7.951,
2005-09-10 19:00:00,1.483,,,6.951,
2005-09-10 20:00:00,1.303,,,10.08,
2005-09-10 21:00:00,2.082,,,13.52,
2005-09-10 22:00:00,2.072,,,12.53,
2005-09-11 00:00:00,0.451,,,4.958,
2005-09-11 01:00:00,0.039,,,15.58,
2005-09-11 02:00:00,,,,10.13,
2005-09-11 03:00:00,,,,10.53,
2005-09-11 04:00:00,,,,13.83,
2005-09-11 05:00:00,,,,16.02,
2005-09-11 06:00:00,,,,18.9,
2005-09-11 07:00:00,,,,18.85,
2005-09-11 08:00:00,,,,18.34,
2005-09-11 09:00:00,0.561,,,15.67,
2005-09-11 10:00:00,5.839,,,14.17,
2005-09-11 11:00:00,22.23,,,13.82,
2005-09-11 12:00:00,35.66,,,11.85,
2005-09-11 13:00:00,36.38,,,9.786,
2005-09-11 14:00:00,20.25,,,10.69,
2005-09-11 15:00:00,,,,14.66,
2005-09-11 16:00:00,,,,15.44,
2005-09-11 17:00:00,1.163,,,14.54,
2005-09-11 18:00:00,3.067,,,13.35,
2005-09-11 19:00:00,,,,12.43,
2005-09-11 20:00:00,,,,17.6,
2005-09-11 21:00:00,,,,17.22,
2005-09-11 22:00:00,,,,19.96,
2005-09-11 23:00:00,,,,22.0,
2005-09-12 00:00:00,,,,23.31,
2005-09-12 01:00:00,,,,21.84,
2005-09-12 02:00:00,,,,23.45,
2005-09-12 03:00:00,,,,22.54,
2005-09-12 04:00:00,,,,22.69,
2005-09-12 05:00:00,,,,21.41,
2005-09-12 06:00:00,0.763,,,20.13,
2005-09-12 07:00:00,2.544,,,14.6,
2005-09-12 08:00:00,1.909,,,7.385,
2005-09-12 09:00:00,2.608,,,5.75,
2005-09-12 10:00:00,4.978,,,11.03,
2005-09-12 11:00:00,7.663,,,12.5,
2005-09-12 12:00:00,12.02,,,14.32,
2005-09-12 13:00:00,18.64,,,19.56,
2005-09-12 14:00:00,24.53,,,14.75,
2005-09-12 15:00:00,27.45,,,17.12,
2005-09-12 16:00:00,28.12,,,18.47,
2005-09-12 17:00:00,21.55,,,20.16,
2005-09-12 18:00:00,5.814,,,17.52,
2005-09-12 19:00:00,3.557,,,9.776,
2005-09-12 20:00:00,0.593,,,15.08,
2005-09-12 21:00:00,,,,14.69,
2005-09-12 22:00:00,,,,15.45,
2005-09-12 23:00:00,,,,7.185,
2005-09-13 00:00:00,,,,2.604,
2005-09-13 01:00:00,,,,0.5,
2005-09-13 02:00:00,,,,0.5,
2005-09-13 03:00:00,,,,0.5,
2005-09-13 04:00:00,,,,0.5,
2005-09-13 05:00:00,0.589,,,0.5,
2005-09-13 06:00:00,1.468,,,0.5,
2005-09-13 07:00:00,,,,0.5,
2005-09-13 08:00:00,,,,0.5,
2005-09-13 09:00:00,0.794,,,5.665,
2005-09-13 10:00:00,4.709,,,9.628,
2005-09-13 11:00:00,11.19,,,11.37,
2005-09-13 12:00:00,17.53,,,17.98,
2005-09-13 13:00:00,25.13,,,24.28,
2005-09-13 14:00:00,32.07,,,20.74,
2005-09-13 15:00:00,36.21,,,25.95,
2005-09-13 16:00:00,37.23,,,24.34,
2005-09-13 17:00:00,27.12,,,23.95,
2005-09-13 18:00:00,3.748,,,22.24,
2005-09-13 19:00:00,2.568,,,10.39,
2005-09-13 20:00:00,1.41,,,9.047,
2005-09-13 21:00:00,0.507,,,10.81,
2005-09-13 22:00:00,,,,12.61,
2005-09-13 23:00:00,,,,12.84,
2005-09-14 00:00:00,,,,9.514,
2005-09-14 01:00:00,,,,14.59,
2005-09-14 02:00:00,,,,19.82,
2005-09-14 03:00:00,,,,17.88,
2005-09-14 04:00:00,,,,16.61,
2005-09-14 05:00:00,1.608,,,14.47,
2005-09-14 06:00:00,5.471,,,14.93,
2005-09-14 07:00:00,5.192,,,9.874,
2005-09-14 08:00:00,5.838,,,3.438,
2005-09-14 09:00:00,7.301,,,5.289,
2005-09-14 10:00:00,9.57,,,12.97,
2005-09-14 11:00:00,13.09,,,14.11,
2005-09-14 12:00:00,14.13,,,10.68,
2005-09-14 13:00:00,13.96,,,10.1,
2005-09-14 14:00:00,10.61,,,8.686,
2005-09-14 15:00:00,,,,8.421,
2005-09-14 16:00:00,,,,7.55,
2005-09-14 17:00:00,,,,5.632,
2005-09-14 18:00:00,,,,2.381,
2005-09-14 19:00:00,,,,0.5,
2005-09-14 20:00:00,4.007,,,0.5,
2005-09-14 21:00:00,11.46,,,1.439,
2005-09-14 22:00:00,2.362,,,1.549,
2005-09-14 23:00:00,0.014,,,0.5,
2005-09-15 00:00:00,2.681,,,1.156,
2005-09-15 01:00:00,7.073,,,3.524,
2005-09-15 02:00:00,6.468,,,5.743,
2005-09-15 03:00:00,32.45,,,3.196,
2005-09-15 04:00:00,57.69,,,0.5,
2005-09-15 05:00:00,45.6,,,0.5,
2005-09-15 06:00:00,2.058,,,3.544,
2005-09-15 07:00:00,2.033,,,5.431,
2005-09-15 08:00:00,1.976,,,2.407,
2005-09-15 09:00:00,2.216,,,1.99,
2005-09-15 10:00:00,3.545,,,3.736,
2005-09-15 11:00:00,7.124,,,7.381,
2005-09-15 12:00:00,8.463,,,7.836,
2005-09-15 13:00:00,8.614,,,8.035,
2005-09-15 14:00:00,9.752,,,8.532,
2005-09-15 15:00:00,11.09,,,8.889,
2005-09-15 16:00:00,10.72,,,8.526,
2005-09-15 17:00:00,8.647,,,8.519,
2005-09-15 18:00:00,3.058,,,6.975,
2005-09-15 19:00:00,1.301,,,4.286,
2005-09-15 20:00:00,1.257,,,2.307,
2005-09-15 21:00:00,,,,2.851,
2005-09-15 22:00:00,,,,5.693,
2005-09-15 23:00:00,,,,4.858,
2005-09-16 00:00:00,,,,6.719,
2005-09-16 01:00:00,,,,8.743,
2005-09-16 02:00:00,,,,9.744,
2005-09-16 03:00:00,,,,11.74,
2005-09-16 04:00:00,,,,11.36,
2005-09-16 05:00:00,0.923,,,9.752,
2005-09-16 06:00:00,2.87,,,9.047,
2005-09-16 07:00:00,1.556,,,4.949,
2005-09-16 08:00:00,2.0,,,1.681,
2005-09-16 09:00:00,3.391,,,1.751,
2005-09-16 10:00:00,6.701,,,2.682,
2005-09-16 11:00:00,10.18,,,4.886,
2005-09-16 15:00:00,0.833,,,,
2005-09-16 16:00:00,2.043,,,10.18,
2005-09-16 17:00:00,8.167,,,7.838,
2005-09-16 18:00:00,10.21,,,7.053,
2005-09-16 19:00:00,10.19,,,8.803,
2005-09-16 20:00:00,9.515,,,6.61,
2005-09-16 21:00:00,9.54,,,11.35,
2005-09-16 22:00:00,8.87,,,5.981,
2005-09-16 23:00:00,8.173,,,8.429,
2005-09-17 00:00:00,8.987,,,10.78,
2005-09-17 01:00:00,9.313,,,8.183,
2005-09-17 02:00:00,8.114,,,6.441,
2005-09-17 03:00:00,6.847,,,12.5,
2005-09-17 04:00:00,8.405,,,11.97,
2005-09-17 05:00:00,7.597,,,16.91,
2005-09-17 06:00:00,3.692,,,18.73,
2005-09-17 07:00:00,3.066,,,17.83,
2005-09-17 08:00:00,4.724,,,17.67,
2005-09-17 09:00:00,5.625,,,15.28,
2005-09-17 10:00:00,6.246,,,19.44,
2005-09-17 11:00:00,9.74,,,19.7,
2005-09-17 12:00:00,12.31,,,19.74,
2005-09-17 13:00:00,13.82,,,19.73,
2005-09-17 14:00:00,13.25,,,21.27,
2005-09-17 15:00:00,13.82,,,21.04,
2005-09-17 16:00:00,12.65,,,20.49,
2005-09-17 17:00:00,8.552,,,17.36,
2005-09-17 18:00:00,1.867,,,16.29,
2005-09-17 19:00:00,0.919,,,15.48,
2005-09-17 20:00:00,0.283,,,16.38,
2005-09-17 21:00:00,,,,15.98,
2005-09-17 22:00:00,,,,17.6,
2005-09-17 23:00:00,,,,18.65,
2005-09-18 00:00:00,,,,18.25,
2005-09-18 01:00:00,,,,18.23,
2005-09-18 02:00:00,,,,19.62,
2005-09-18 03:00:00,,,,19.95,
2005-09-18 04:00:00,,,,19.11,
2005-09-18 05:00:00,1.992,,,19.52,
2005-09-18 06:00:00,6.306,,,18.78,
2005-09-18 07:00:00,3.98,,,17.63,
2005-09-18 08:00:00,4.845,,,16.56,
2005-09-18 09:00:00,5.337,,,17.64,
2005-09-18 10:00:00,5.673,,,14.97,
2005-09-18 11:00:00,6.789,,,14.56,
2005-09-18 12:00:00,8.699,,,14.43,
2005-09-18 13:00:00,11.75,,,13.46,
2005-09-18 14:00:00,14.26,,,12.93,
2005-09-18 15:00:00,14.1,,,13.14,
2005-09-18 16:00:00,13.14,,,12.43,
2005-09-18 17:00:00,10.58,,,11.16,
2005-09-18 18:00:00,4.984,,,9.526,
2005-09-18 19:00:00,1.572,,,7.726,
2005-09-18 20:00:00,0.968,,,7.296,
2005-09-18 21:00:00,1.254,,,10.04,
2005-09-18 22:00:00,0.862,,,6.347,
2005-09-18 23:00:00,0.61,,,0.5,
2005-09-19 00:00:00,0.511,,,0.5,
2005-09-19 01:00:00,0.44,,,2.707,
2005-09-19 02:00:00,0.2,,,3.225,
2005-09-19 03:00:00,0.442,,,4.24,
2005-09-19 04:00:00,0.926,,,6.872,
2005-09-19 05:00:00,2.559,,,5.075,
2005-09-19 06:00:00,6.443,,,4.869,
2005-09-19 07:00:00,5.937,,,1.861,
2005-09-19 08:00:00,6.112,,,0.5,
2005-09-19 09:00:00,6.235,,,0.5,
2005-09-19 10:00:00,6.421,,,0.5,
2005-09-19 11:00:00,6.808,,,0.5,
2005-09-19 12:00:00,7.403,,,0.5,
2005-09-19 13:00:00,8.21,,,2.356,
2005-09-19 14:00:00,14.3,,,3.332,
2005-09-19 15:00:00,17.45,,,2.344,
2005-09-19 16:00:00,17.32,,,1.96,
2005-09-19 17:00:00,13.35,,,2.306,
2005-09-19 18:00:00,4.738,,,0.5,
2005-09-19 19:00:00,2.668,,,0.5,
2005-09-19 20:00:00,,,,0.5,
2005-09-19 21:00:00,,,,0.5,
2005-09-19 22:00:00,,,,0.5,
2005-09-19 23:00:00,,,,1.428,
2005-09-20 00:00:00,,,,0.5,
2005-09-20 01:00:00,,,,0.5,
2005-09-20 02:00:00,,,,1.217,
2005-09-20 03:00:00,,,,4.047,
2005-09-20 04:00:00,,,,8.028,
2005-09-20 05:00:00,1.962,,,4.655,
2005-09-20 06:00:00,6.91,,,9.064,
2005-09-20 07:00:00,6.447,,,2.676,
2005-09-20 08:00:00,7.042,,,6.386,
2005-09-20 09:00:00,7.162,,,9.845,
2005-09-20 10:00:00,8.645,,,12.01,
2005-09-20 11:00:00,11.93,,,13.75,
2005-09-20 13:00:00,3.344,,,15.86,
2005-09-20 14:00:00,19.16,,,16.36,
2005-09-20 15:00:00,18.45,,,17.23,
2005-09-20 16:00:00,17.5,,,17.95,
2005-09-20 17:00:00,18.71,,,17.72,
2005-09-20 18:00:00,17.98,,,17.95,
2005-09-20 19:00:00,14.34,,,14.74,
2005-09-20 20:00:00,10.5,,,13.73,
2005-09-20 21:00:00,8.742,,,13.28,
2005-09-20 22:00:00,8.458,,,13.93,
2005-09-20 23:00:00,8.447,,,14.74,
2005-09-21 00:00:00,7.243,,,15.13,
2005-09-21 01:00:00,6.106,,,14.72,
2005-09-21 02:00:00,7.171,,,15.79,
2005-09-21 03:00:00,7.633,,,15.98,
2005-09-21 04:00:00,7.17,,,15.98,
2005-09-21 05:00:00,7.655,,,15.68,
2005-09-21 06:00:00,7.73,,,14.71,
2005-09-21 07:00:00,7.932,,,11.6,
2005-09-21 08:00:00,7.755,,,8.647,
2005-09-21 09:00:00,8.199,,,10.24,
2005-09-21 10:00:00,11.0,,,11.66,
2005-09-21 11:00:00,15.97,,,11.66,
2005-09-21 12:00:00,22.33,,,12.92,
2005-09-21 13:00:00,21.32,,,14.75,
2005-09-21 14:00:00,8.816,,,14.19,
2005-09-21 15:00:00,6.817,,,15.79,
2005-09-21 16:00:00,5.8,,,15.66,
2005-09-21 17:00:00,5.231,,,15.22,
2005-09-21 18:00:00,2.921,,,13.06,
2005-09-21 19:00:00,0.472,,,11.14,
2005-09-21 20:00:00,,,,9.608,
2005-09-21 21:00:00,,,,9.376,
2005-09-21 22:00:00,,,,10.34,
2005-09-21 23:00:00,,,,8.722,
2005-09-22 00:00:00,,,,7.558,
2005-09-22 01:00:00,1.29,,,9.575,
2005-09-22 02:00:00,7.335,,,11.74,
2005-09-22 03:00:00,6.581,,,12.25,
2005-09-22 04:00:00,6.617,,,11.56,
2005-09-22 05:00:00,6.792,,,11.1,
2005-09-22 06:00:00,5.751,,,10.5,
2005-09-22 07:00:00,5.355,,,7.261,
2005-09-22 08:00:00,5.492,,,3.984,
2005-09-22 09:00:00,6.949,,,5.821,
2005-09-22 10:00:00,9.917,,,7.022,
2005-09-22 11:00:00,15.56,,,7.744,
2005-09-22 12:00:00,22.63,,,9.053,
2005-09-22 13:00:00,22.54,,,12.6,
2005-09-22 14:00:00,8.563,,,12.47,
2005-09-22 15:00:00,6.814,,,12.44,
2005-09-22 16:00:00,4.759,,,9.247,
2005-09-22 17:00:00,1.927,,,3.628,
2005-09-22 18:00:00,1.343,,,6.672,
2005-09-22 19:00:00,,,,3.815,
2005-09-22 20:00:00,,,,2.094,
2005-09-22 21:00:00,,,,2.917,
2005-09-22 22:00:00,,,,2.582,
2005-09-22 23:00:00,,,,5.792,
2005-09-23 00:00:00,,,,6.08,
2005-09-23 01:00:00,0.941,,,5.562,
2005-09-23 02:00:00,5.606,,,6.439,
2005-09-23 03:00:00,5.699,,,6.685,
2005-09-23 04:00:00,3.851,,,7.412,
2005-09-23 05:00:00,3.783,,,7.826,
2005-09-23 06:00:00,4.028,,,7.788,
2005-09-23 07:00:00,3.466,,,5.797,
2005-09-23 08:00:00,3.642,,,4.628,
2005-09-23 09:00:00,5.165,,,4.197,
2005-09-23 10:00:00,7.959,,,3.915,
2005-09-23 11:00:00,14.6,,,7.378,
2005-09-23 12:00:00,19.99,,,10.04,
2005-09-23 13:00:00,20.0,,,10.89,
2005-09-23 14:00:00,10.0,,,12.37,
2005-09-23 15:00:00,9.335,,,12.77,
2005-09-23 16:00:00,8.598,,,11.34,
2005-09-23 17:00:00,7.37,,,12.11,
2005-09-23 18:00:00,4.153,,,7.864,
2005-09-23 19:00:00,1.083,,,5.639,
2005-09-23 20:00:00,,,,6.526,
2005-09-23 21:00:00,,,,5.488,
2005-09-23 22:00:00,,,,6.546,
2005-09-23 23:00:00,,,,4.626,
2005-09-24 00:00:00,,,,2.528,
2005-09-24 01:00:00,1.042,,,1.692,
2005-09-24 02:00:00,5.828,,,2.906,
2005-09-24 03:00:00,5.033,,,7.566,
2005-09-24 04:00:00,5.199,,,4.25,
2005-09-24 05:00:00,5.402,,,4.726,
2005-09-24 06:00:00,5.145,,,4.424,
2005-09-24 07:00:00,6.016,,,3.096,
2005-09-24 08:00:00,7.339,,,0.5,
2005-09-24 09:00:00,6.667,,,1.699,
2005-09-24 10:00:00,8.848,,,4.283,
2005-09-24 11:00:00,9.876,,,5.16,
2005-09-24 12:00:00,11.2,,,6.243,
2005-09-24 13:00:00,9.465,,,3.532,
2005-09-24 14:00:00,6.806,,,4.293,
2005-09-24 15:00:00,7.752,,,4.807,
2005-09-24 16:00:00,6.357,,,4.203,
2005-09-24 17:00:00,5.09,,,4.233,
2005-09-24 18:00:00,4.778,,,3.017,
2005-09-24 19:00:00,4.222,,,3.465,
2005-09-24 20:00:00,3.213,,,3.257,
2005-09-24 21:00:00,3.213,,,5.431,
2005-09-24 22:00:00,3.341,,,4.703,
2005-09-24 23:00:00,3.124,,,3.31,
2005-09-25 00:00:00,2.664,,,1.071,
2005-09-25 01:00:00,2.767,,,9.236,
2005-09-25 02:00:00,4.889,,,19.85,
2005-09-25 03:00:00,1.979,,,16.37,
2005-09-25 04:00:00,1.885,,,18.09,
2005-09-25 05:00:00,1.895,,,20.82,
2005-09-25 06:00:00,1.693,,,22.43,
2005-09-25 07:00:00,1.159,,,23.05,
2005-09-25 08:00:00,1.678,,,22.5,
2005-09-25 09:00:00,2.437,,,21.84,
2005-09-25 10:00:00,3.009,,,22.77,
2005-09-25 11:00:00,3.831,,,21.91,
2005-09-25 12:00:00,4.954,,,22.23,
2005-09-25 13:00:00,8.088,,,20.26,
2005-09-25 14:00:00,8.254,,,23.07,
2005-09-25 15:00:00,8.088,,,26.76,
2005-09-25 16:00:00,9.624,,,31.53,
2005-09-25 17:00:00,7.375,,,28.79,
2005-09-25 18:00:00,5.301,,,25.89,
2005-09-25 19:00:00,2.388,,,23.61,
2005-09-25 20:00:00,,,,19.52,
2005-09-25 21:00:00,,,,18.34,
2005-09-25 22:00:00,,,,19.28,
2005-09-25 23:00:00,,,,17.85,
2005-09-26 00:00:00,,,,13.76,
2005-09-26 01:00:00,0.733,,,11.02,
2005-09-26 02:00:00,3.965,,,13.0,
2005-09-26 03:00:00,2.39,,,16.73,
2005-09-26 04:00:00,2.253,,,19.38,
2005-09-26 05:00:00,1.318,,,18.4,
2005-09-26 06:00:00,,,,17.69,
2005-09-26 07:00:00,,,,11.84,
2005-09-26 08:00:00,,,,6.683,
2005-09-26 09:00:00,,,,10.92,
2005-09-26 10:00:00,1.113,,,14.3,
2005-09-26 11:00:00,7.007,,,12.38,
2005-09-26 12:00:00,9.877,,,20.01,
2005-09-26 13:00:00,12.28,,,23.43,
2005-09-26 14:00:00,6.581,,,21.36,
2005-09-26 15:00:00,6.366,,,23.89,
2005-09-26 16:00:00,6.199,,,26.77,
2005-09-26 17:00:00,5.835,,,28.91,
2005-09-26 18:00:00,4.792,,,22.94,
2005-09-26 19:00:00,2.038,,,16.77,
2005-09-26 20:00:00,0.017,,,12.92,
2005-09-26 21:00:00,,,,11.78,
2005-09-26 22:00:00,,,,8.017,
2005-09-26 23:00:00,,,,7.799,
2005-09-27 00:00:00,,,,9.849,
2005-09-27 01:00:00,0.642,,,10.41,
2005-09-27 02:00:00,3.593,,,12.34,
2005-09-27 03:00:00,2.416,,,11.0,
2005-09-27 04:00:00,1.249,,,12.11,
2005-09-27 05:00:00,0.541,,,9.612,
2005-09-27 06:00:00,0.138,,,2.304,
2005-09-27 07:00:00,0.733,,,1.346,
2005-09-27 08:00:00,0.436,,,0.5,
2005-09-27 09:00:00,1.849,,,1.888,
2005-09-27 10:00:00,6.984,,,7.299,
2005-09-27 11:00:00,14.89,,,15.77,
2005-09-27 12:00:00,18.77,,,16.58,
2005-09-27 13:00:00,20.36,,,20.25,
2005-09-27 14:00:00,6.096,,,22.25,
2005-09-27 15:00:00,2.911,,,22.75,
2005-09-27 16:00:00,4.531,,,20.97,
2005-09-27 17:00:00,4.518,,,22.26,
2005-09-27 18:00:00,1.032,,,18.92,
2005-09-27 19:00:00,,,,16.61,
2005-09-27 20:00:00,,,,16.88,
2005-09-27 21:00:00,,,,17.04,
2005-09-27 22:00:00,,,,16.36,
2005-09-27 23:00:00,,,,14.28,
2005-09-28 00:00:00,,,,12.58,
2005-09-28 01:00:00,0.985,,,13.37,
2005-09-28 02:00:00,5.557,,,14.79,
2005-09-28 03:00:00,4.2,,,15.55,
2005-09-28 04:00:00,4.705,,,16.56,
2005-09-28 05:00:00,3.28,,,16.63,
2005-09-28 06:00:00,3.797,,,16.6,
2005-09-28 07:00:00,5.195,,,11.67,
2005-09-28 08:00:00,5.52,,,7.413,
2005-09-28 09:00:00,5.795,,,7.265,
2005-09-28 10:00:00,8.305,,,9.467,
2005-09-28 11:00:00,15.03,,,13.47,
2005-09-28 12:00:00,20.76,,,14.83,
2005-09-28 13:00:00,20.91,,,13.85,
2005-09-28 14:00:00,8.768,,,17.95,
2005-09-28 15:00:00,5.693,,,20.96,
2005-09-28 16:00:00,2.753,,,20.91,
2005-09-28 17:00:00,3.518,,,17.62,
2005-09-28 18:00:00,3.133,,,17.72,
2005-09-28 19:00:00,,,,13.13,
2005-09-28 20:00:00,,,,11.73,
2005-09-28 21:00:00,,,,11.31,
2005-09-28 22:00:00,,,,9.908,
2005-09-28 23:00:00,,,,7.418,
2005-09-29 00:00:00,,,,8.083,
2005-09-29 01:00:00,0.96,,,11.23,
2005-09-29 02:00:00,5.544,,,13.39,
2005-09-29 03:00:00,4.15,,,13.49,
2005-09-29 04:00:00,3.865,,,13.15,
2005-09-29 05:00:00,3.672,,,11.67,
2005-09-29 06:00:00,3.57,,,11.15,
2005-09-29 07:00:00,3.644,,,1.737,
2005-09-29 08:00:00,4.506,,,1.011,
2005-09-29 09:00:00,6.485,,,2.594,
2005-09-29 10:00:00,11.68,,,8.678,
2005-09-29 11:00:00,18.5,,,10.46,
2005-09-29 12:00:00,22.14,,,11.3,
2005-09-29 13:00:00,22.01,,,15.36,
2005-09-29 14:00:00,7.546,,,16.12,
2005-09-29 15:00:00,5.155,,,13.88,
2005-09-29 16:00:00,4.99,,,15.57,
2005-09-29 17:00:00,3.68,,,12.85,
2005-09-29 18:00:00,1.594,,,10.13,
2005-09-29 19:00:00,,,,8.115,
2005-09-29 20:00:00,,,,6.215,
2005-09-29 21:00:00,,,,4.969,
2005-09-29 22:00:00,,,,7.739,
2005-09-29 23:00:00,,,,7.303,
2005-09-30 00:00:00,,,,6.376,
2005-09-30 01:00:00,1.019,,,5.753,
2005-09-30 02:00:00,6.205,,,6.981,
2005-09-30 03:00:00,6.162,,,8.726,
2005-09-30 04:00:00,6.242,,,8.454,
2005-09-30 05:00:00,5.873,,,8.597,
2005-09-30 06:00:00,6.095,,,7.932,
2005-09-30 07:00:00,5.089,,,3.909,
2005-09-30 08:00:00,5.6,,,0.5,
2005-09-30 09:00:00,7.264,,,0.5,
2005-09-30 10:00:00,9.198,,,1.484,
2005-09-30 11:00:00,10.99,,,3.033,
2005-09-30 12:00:00,13.71,,,3.742,
2005-09-30 13:00:00,12.42,,,7.324,
2005-09-30 14:00:00,9.133,,,4.7,
2005-09-30 15:00:00,9.028,,,7.211,
2005-09-30 16:00:00,8.481,,,6.186,
2005-09-30 17:00:00,6.082,,,5.745,
2005-09-30 18:00:00,4.527,,,2.707,
2005-09-30 19:00:00,3.245,,,1.19,
2005-09-30 20:00:00,2.671,,,4.974,
2005-09-30 21:00:00,1.086,,,3.825,
2005-09-30 22:00:00,0.564,,,6.524,
2005-09-30 23:00:00,,,,11.31,
2005-10-01 00:00:00,,,,13.56,
2005-10-01 01:00:00,0.969,,,14.85,
2005-10-01 02:00:00,5.6,,,18.52,
2005-10-01 03:00:00,5.189,,,20.61,
2005-10-01 04:00:00,4.969,,,19.71,
2005-10-01 05:00:00,5.634,,,19.17,
2005-10-01 06:00:00,5.67,,,19.54,
2005-10-01 07:00:00,5.05,,,18.55,
2005-10-01 08:00:00,5.336,,,18.23,
2005-10-01 09:00:00,6.762,,,16.38,
2005-10-01 10:00:00,9.573,,,17.75,
2005-10-01 11:00:00,11.08,,,20.03,
2005-10-01 12:00:00,12.21,,,20.16,
2005-10-01 13:00:00,15.65,,,23.2,
2005-10-01 14:00:00,8.358,,,22.67,
2005-10-01 15:00:00,8.438,,,23.84,
2005-10-01 16:00:00,6.573,,,23.51,
2005-10-01 17:00:00,3.38,,,20.26,
2005-10-01 18:00:00,2.656,,,19.98,
2005-10-01 19:00:00,1.661,,,16.32,
2005-10-01 20:00:00,,,,14.4,
2005-10-01 21:00:00,,,,16.11,
2005-10-01 22:00:00,,,,17.2,
2005-10-01 23:00:00,,,,19.08,
2005-10-02 00:00:00,,,,20.44,
2005-10-02 01:00:00,1.071,,,17.68,
2005-10-02 02:00:00,6.173,,,18.68,
2005-10-02 03:00:00,5.166,,,18.01,
2005-10-02 04:00:00,4.976,,,16.64,
2005-10-02 05:00:00,4.931,,,18.18,
2005-10-02 06:00:00,5.213,,,14.7,
2005-10-02 07:00:00,5.11,,,7.743,
2005-10-02 08:00:00,6.225,,,13.05,
2005-10-02 09:00:00,6.692,,,14.85,
2005-10-02 10:00:00,10.65,,,14.35,
2005-10-02 11:00:00,16.73,,,14.84,
2005-10-02 12:00:00,22.51,,,16.99,
2005-10-02 13:00:00,21.63,,,20.0,
2005-10-02 14:00:00,8.852,,,16.31,
2005-10-02 15:00:00,9.806,,,18.51,
2005-10-02 16:00:00,5.438,,,17.86,
2005-10-02 17:00:00,4.888,,,17.04,
2005-10-02 18:00:00,4.214,,,17.19,
2005-10-02 19:00:00,0.083,,,15.13,
2005-10-02 20:00:00,,,,15.14,
2005-10-02 21:00:00,,,,14.25,
2005-10-02 22:00:00,,,,13.38,
2005-10-02 23:00:00,,,,12.19,
2005-10-03 00:00:00,,,,10.96,
2005-10-03 01:00:00,1.032,,,10.12,
2005-10-03 02:00:00,5.785,,,6.944,
2005-10-03 03:00:00,4.688,,,5.972,
2005-10-03 04:00:00,5.345,,,8.416,
2005-10-03 05:00:00,5.166,,,6.7,
2005-10-03 06:00:00,4.826,,,5.639,
2005-10-03 07:00:00,5.645,,,1.405,
2005-10-03 08:00:00,6.265,,,1.272,
2005-10-03 09:00:00,9.484,,,2.978,
2005-10-03 10:00:00,13.13,,,5.539,
2005-10-03 11:00:00,18.4,,,9.035,
2005-10-03 12:00:00,24.02,,,13.94,
2005-10-03 13:00:00,22.71,,,16.23,
2005-10-03 14:00:00,9.387,,,19.94,
2005-10-03 15:00:00,9.227,,,18.35,
2005-10-03 16:00:00,7.916,,,17.89,
2005-10-03 17:00:00,5.541,,,14.04,
2005-10-03 18:00:00,2.347,,,9.651,
2005-10-03 19:00:00,,,,4.126,
2005-10-03 20:00:00,,,,1.963,
2005-10-03 21:00:00,,,,4.008,
2005-10-03 22:00:00,,,,3.644,
2005-10-03 23:00:00,,,,5.928,
2005-10-04 00:00:00,,,,12.83,
2005-10-04 01:00:00,0.358,,,16.04,
2005-10-04 02:00:00,2.051,,,19.45,
2005-10-04 03:00:00,1.462,,,16.57,
2005-10-04 04:00:00,,,,12.55,
2005-10-04 05:00:00,,,,13.91,
2005-10-04 06:00:00,0.112,,,12.4,
2005-10-04 07:00:00,1.866,,,10.07,
2005-10-04 08:00:00,2.214,,,4.339,
2005-10-04 09:00:00,4.438,,,5.806,
2005-10-04 10:00:00,13.59,,,0.5,
2005-10-04 11:00:00,13.47,,,0.5,
2005-10-04 12:00:00,4.191,,,0.5,
2005-10-04 13:00:00,6.366,,,1.831,
2005-10-04 14:00:00,17.73,,,5.764,
2005-10-04 15:00:00,22.95,,,4.045,
2005-10-04 16:00:00,,,,4.272,
2005-10-04 17:00:00,0.06,,,2.023,
2005-10-04 18:00:00,0.368,,,0.5,
2005-10-04 19:00:00,0.342,,,0.5,
2005-10-04 20:00:00,1.682,,,0.5,
2005-10-04 21:00:00,19.83,,,1.482,
2005-10-04 22:00:00,31.46,,,7.954,
2005-10-04 23:00:00,33.41,,,10.45,
2005-10-05 01:00:00,33.11,,,13.36,
2005-10-05 02:00:00,33.4,,,15.73,
2005-10-05 03:00:00,31.32,,,16.42,
2005-10-05 04:00:00,29.95,,,15.6,
2005-10-05 05:00:00,29.18,,,15.03,
2005-10-05 06:00:00,5.683,,,14.27,
2005-10-05 07:00:00,0.02,,,10.3,
2005-10-05 08:00:00,,,,4.274,
2005-10-05 09:00:00,,,,4.959,
2005-10-05 10:00:00,,,,7.825,
2005-10-05 11:00:00,,,,9.355,
2005-10-05 12:00:00,,,,5.232,
2005-10-05 13:00:00,,,,6.518,
2005-10-05 14:00:00,8.59,,,6.549,
2005-10-05 15:00:00,9.073,,,7.764,
2005-10-05 16:00:00,10.54,,,7.844,
2005-10-05 17:00:00,10.45,,,6.998,
2005-10-05 18:00:00,,,,10.19,
2005-10-05 19:00:00,4.087,,,6.674,
2005-10-05 20:00:00,4.38,,,5.811,
2005-10-05 21:00:00,,,,7.059,
2005-10-05 22:00:00,0.103,,,7.164,
2005-10-05 23:00:00,5.689,,,3.524,
2005-10-06 00:00:00,5.084,,,1.115,
2005-10-06 01:00:00,,,,1.674,
2005-10-06 02:00:00,,,,4.378,
2005-10-06 03:00:00,,,,2.589,
2005-10-06 04:00:00,0.05,,,0.5,
2005-10-06 05:00:00,2.244,,,0.5,
2005-10-06 06:00:00,1.919,,,0.5,
2005-10-06 07:00:00,,,,0.5,
2005-10-06 08:00:00,0.055,,,0.5,
2005-10-06 09:00:00,2.845,,,1.453,
2005-10-06 10:00:00,11.67,,,5.914,
2005-10-06 11:00:00,18.67,,,17.29,
2005-10-06 12:00:00,21.21,,,21.62,
2005-10-06 13:00:00,0.563,,,17.16,
2005-10-06 14:00:00,26.11,,,13.84,
2005-10-06 15:00:00,26.46,,,19.5,
2005-10-06 16:00:00,26.87,,,19.6,
2005-10-06 17:00:00,20.45,,,17.83,
2005-10-06 18:00:00,4.504,,,16.97,
2005-10-06 19:00:00,0.46,,,11.7,
2005-10-06 20:00:00,,,,8.414,
2005-10-06 21:00:00,,,,13.81,
2005-10-06 22:00:00,,,,12.53,
2005-10-06 23:00:00,,,,13.04,
2005-10-07 00:00:00,,,,15.58,
2005-10-07 01:00:00,,,,17.55,
2005-10-07 02:00:00,,,,16.27,
2005-10-07 03:00:00,,,,16.25,
2005-10-07 04:00:00,,,,17.06,
2005-10-07 05:00:00,0.148,,,17.35,
2005-10-07 06:00:00,7.549,,,17.86,
2005-10-07 07:00:00,3.953,,,14.86,
2005-10-07 08:00:00,2.069,,,10.75,
2005-10-07 09:00:00,0.114,,,8.097,
2005-10-07 10:00:00,5.919,,,7.194,
2005-10-07 11:00:00,8.456,,,6.793,
2005-10-07 12:00:00,12.35,,,7.817,
2005-10-07 13:00:00,14.29,,,7.578,
2005-10-07 14:00:00,16.07,,,7.244,
2005-10-07 15:00:00,13.95,,,5.679,
2005-10-07 16:00:00,11.4,,,4.335,
2005-10-07 17:00:00,11.63,,,3.858,
2005-10-07 18:00:00,6.931,,,0.5,
2005-10-07 19:00:00,5.913,,,0.5,
2005-10-07 20:00:00,,,,0.5,
2005-10-07 21:00:00,0.176,,,0.5,
2005-10-07 22:00:00,,,,0.5,
2005-10-07 23:00:00,,,,0.5,
2005-10-08 00:00:00,,,,0.5,
2005-10-08 01:00:00,,,,0.5,
2005-10-08 02:00:00,,,,0.5,
2005-10-08 03:00:00,,,,1.485,
2005-10-08 04:00:00,,,,1.325,
2005-10-08 05:00:00,,,,0.5,
2005-10-08 06:00:00,10.2,,,0.5,
2005-10-08 07:00:00,2.922,,,0.5,
2005-10-08 08:00:00,12.92,,,0.5,
2005-10-08 09:00:00,19.4,,,0.5,
2005-10-08 10:00:00,28.24,,,0.5,
2005-10-08 11:00:00,37.16,,,1.521,
2005-10-08 12:00:00,42.23,,,1.681,
2005-10-08 13:00:00,45.55,,,2.269,
2005-10-08 14:00:00,45.7,,,3.076,
2005-10-08 15:00:00,47.57,,,2.457,
2005-10-08 16:00:00,50.35,,,2.515,
2005-10-08 17:00:00,50.09,,,2.394,
2005-10-08 18:00:00,7.946,,,1.468,
2005-10-08 19:00:00,6.227,,,1.239,
2005-10-08 20:00:00,5.062,,,1.19,
2005-10-08 21:00:00,3.612,,,4.09,
2005-10-08 22:00:00,2.689,,,7.953,
2005-10-08 23:00:00,2.143,,,8.581,
2005-10-09 00:00:00,2.773,,,8.861,
2005-10-09 01:00:00,1.877,,,9.658,
2005-10-09 02:00:00,0.216,,,9.372,
2005-10-09 03:00:00,,,,9.649,
2005-10-09 04:00:00,0.008,,,10.62,
2005-10-09 05:00:00,0.525,,,9.653,
2005-10-09 06:00:00,6.26,,,9.554,
2005-10-09 07:00:00,,,,9.794,
2005-10-09 08:00:00,,,,9.571,
2005-10-09 09:00:00,,,,10.62,
2005-10-09 10:00:00,,,,11.1,
2005-10-09 11:00:00,,,,12.12,
2005-10-09 12:00:00,,,,11.41,
2005-10-09 13:00:00,,,,13.64,
2005-10-09 14:00:00,,,,14.36,
2005-10-09 15:00:00,,,,13.63,
2005-10-09 16:00:00,0.246,,,14.07,
2005-10-09 17:00:00,12.54,,,14.51,
2005-10-09 18:00:00,6.781,,,14.18,
2005-10-09 19:00:00,2.796,,,11.93,
2005-10-09 20:00:00,1.505,,,10.22,
2005-10-09 21:00:00,2.283,,,11.1,
2005-10-09 22:00:00,1.359,,,11.24,
2005-10-09 23:00:00,1.31,,,12.8,
2005-10-10 00:00:00,0.216,,,11.55,
2005-10-10 01:00:00,,,,12.67,
2005-10-10 02:00:00,,,,11.93,
2005-10-10 03:00:00,,,,11.29,
2005-10-10 04:00:00,,,,11.72,
2005-10-10 05:00:00,0.079,,,7.918,
2005-10-10 06:00:00,4.419,,,5.188,
2005-10-10 07:00:00,5.993,,,0.5,
2005-10-10 08:00:00,7.279,,,1.629,
2005-10-10 09:00:00,8.92,,,6.818,
2005-10-10 10:00:00,13.29,,,13.15,
2005-10-10 11:00:00,14.53,,,11.11,
2005-10-10 12:00:00,16.51,,,14.23,
2005-10-10 13:00:00,18.65,,,14.46,
2005-10-10 14:00:00,19.27,,,16.23,
2005-10-10 15:00:00,21.1,,,14.66,
2005-10-10 16:00:00,18.05,,,14.04,
2005-10-10 17:00:00,18.31,,,13.05,
2005-10-10 18:00:00,5.341,,,8.99,
2005-10-10 19:00:00,0.688,,,4.849,
2005-10-10 20:00:00,,,,5.508,
2005-10-10 21:00:00,,,,5.696,
2005-10-10 22:00:00,,,,8.076,
2005-10-10 23:00:00,,,,10.45,
2005-10-11 00:00:00,,,,9.844,
2005-10-11 01:00:00,,,,11.17,
2005-10-11 02:00:00,,,,12.12,
2005-10-11 03:00:00,,,,12.67,
2005-10-11 04:00:00,,,,12.25,
2005-10-11 05:00:00,0.09,,,12.94,
2005-10-11 06:00:00,5.389,,,11.97,
2005-10-11 07:00:00,5.379,,,9.217,
2005-10-11 08:00:00,7.136,,,6.114,
2005-10-11 09:00:00,9.969,,,4.299,
2005-10-11 10:00:00,15.91,,,5.482,
2005-10-11 11:00:00,21.19,,,4.007,
2005-10-11 12:00:00,23.02,,,6.538,
2005-10-11 13:00:00,24.14,,,5.251,
2005-10-11 14:00:00,24.76,,,12.73,
2005-10-11 15:00:00,26.51,,,14.04,
2005-10-11 16:00:00,25.34,,,15.55,
2005-10-12 17:00:00,32.1,,,14.0,
2005-10-12 18:00:00,10.71,,,10.65,
2005-10-12 19:00:00,5.839,,,12.42,
2005-10-12 20:00:00,0.188,,,9.094,
2005-10-12 21:00:00,,,,9.053,
2005-10-12 22:00:00,,,,7.811,
2005-10-12 23:00:00,,,,1.336,
2005-10-13 00:00:00,,,,0.5,
2005-10-13 01:00:00,,,,0.5,
2005-10-13 02:00:00,,,,2.969,
2005-10-13 03:00:00,,,,10.62,
2005-10-13 04:00:00,,,,13.11,
2005-10-13 05:00:00,0.07,,,12.74,
2005-10-13 06:00:00,6.28,,,11.59,
2005-10-13 07:00:00,6.264,,,8.861,
2005-10-13 08:00:00,6.61,,,4.683,
2005-10-13 09:00:00,9.295,,,8.381,
2005-10-13 10:00:00,11.6,,,7.04,
2005-10-13 11:00:00,20.06,,,6.304,
2005-10-13 12:00:00,23.95,,,6.565,
2005-10-13 13:00:00,23.89,,,8.269,
2005-10-13 14:00:00,25.39,,,5.599,
2005-10-13 15:00:00,27.35,,,9.321,
2005-10-13 16:00:00,27.52,,,7.093,
2005-10-13 17:00:00,25.6,,,11.63,
2005-10-13 18:00:00,1.325,,,12.03,
2005-10-13 19:00:00,,,,11.21,
2005-10-13 20:00:00,,,,10.47,
2005-10-13 21:00:00,,,,12.1,
2005-10-13 22:00:00,,,,11.99,
2005-10-13 23:00:00,,,,12.42,
2005-10-14 00:00:00,,,,11.61,
2005-10-14 01:00:00,,,,13.37,
2005-10-14 02:00:00,,,,11.41,
2005-10-14 03:00:00,,,,12.73,
2005-10-14 04:00:00,,,,20.39,
2005-10-14 05:00:00,0.063,,,24.56,
2005-10-14 06:00:00,6.457,,,20.18,
2005-10-14 07:00:00,0.227,,,15.81,
2005-10-14 08:00:00,22.71,,,2.146,
2005-10-14 09:00:00,8.714,,,0.5,
2005-10-14 10:00:00,4.741,,,0.5,
2005-10-14 11:00:00,38.71,,,1.215,
2005-10-14 12:00:00,104.3,,,7.961,
2005-10-14 13:00:00,108.9,,,13.68,
2005-10-14 14:00:00,193.5,,,12.88,
2005-10-14 15:00:00,202.1,,,10.49,
2005-10-14 16:00:00,201.7,,,11.08,
2005-10-14 17:00:00,199.8,,,12.27,
2005-10-14 18:00:00,7.596,,,11.28,
2005-10-14 19:00:00,7.229,,,9.596,
2005-10-14 20:00:00,7.105,,,11.44,
2005-10-14 21:00:00,6.568,,,13.44,
2005-10-14 22:00:00,7.517,,,18.87,
2005-10-14 23:00:00,7.212,,,16.01,
2005-10-15 00:00:00,7.487,,,11.64,
2005-10-15 01:00:00,8.285,,,17.23,
2005-10-15 02:00:00,7.743,,,16.71,
2005-10-15 03:00:00,8.082,,,18.97,
2005-10-15 04:00:00,5.874,,,20.96,
2005-10-15 05:00:00,5.116,,,21.58,
2005-10-15 06:00:00,4.622,,,24.35,
2005-10-15 07:00:00,3.702,,,19.51,
2005-10-15 08:00:00,4.032,,,20.35,
2005-10-15 09:00:00,7.923,,,19.92,
2005-10-15 10:00:00,13.09,,,21.85,
2005-10-15 11:00:00,14.78,,,21.76,
2005-10-15 12:00:00,18.58,,,22.79,
2005-10-15 13:00:00,22.44,,,20.44,
2005-10-15 14:00:00,22.97,,,21.84,
2005-10-15 15:00:00,20.84,,,20.89,
2005-10-15 16:00:00,22.55,,,21.73,
2005-10-15 17:00:00,19.46,,,18.35,
2005-10-15 18:00:00,3.016,,,16.38,
2005-10-15 19:00:00,1.037,,,15.2,
2005-10-15 20:00:00,0.675,,,16.29,
2005-10-15 21:00:00,,,,13.23,
2005-10-15 22:00:00,,,,15.46,
2005-10-15 23:00:00,,,,12.43,
2005-10-16 00:00:00,,,,13.59,
2005-10-16 01:00:00,,,,13.88,
2005-10-16 02:00:00,,,,13.77,
2005-10-16 03:00:00,,,,14.96,
2005-10-16 04:00:00,,,,14.94,
2005-10-16 05:00:00,0.054,,,14.88,
2005-10-16 06:00:00,7.742,,,13.55,
2005-10-16 07:00:00,6.666,,,12.3,
2005-10-16 08:00:00,7.598,,,9.663,
2005-10-16 09:00:00,8.745,,,9.242,
2005-10-16 10:00:00,6.622,,,9.142,
2005-10-16 11:00:00,8.426,,,9.794,
2005-10-16 12:00:00,10.23,,,10.75,
2005-10-16 13:00:00,10.6,,,13.59,
2005-10-16 14:00:00,9.252,,,21.0,
2005-10-16 17:00:00,1.314,,,17.23,
2005-10-16 18:00:00,49.37,,,17.65,
2005-10-16 19:00:00,40.45,,,17.32,
2005-10-16 20:00:00,42.6,,,18.62,
2005-10-16 21:00:00,43.48,,,18.13,
2005-10-16 22:00:00,42.83,,,18.73,
2005-10-16 23:00:00,44.3,,,19.51,
2005-10-17 00:00:00,42.59,,,19.22,
2005-10-17 01:00:00,44.57,,,18.97,
2005-10-17 02:00:00,42.51,,,17.49,
2005-10-17 03:00:00,42.33,,,16.41,
2005-10-17 04:00:00,42.72,,,15.53,
2005-10-17 05:00:00,41.96,,,14.93,
2005-10-17 06:00:00,8.401,,,10.66,
2005-10-17 07:00:00,9.537,,,4.761,
2005-10-17 08:00:00,9.397,,,1.279,
2005-10-17 09:00:00,10.41,,,0.5,
2005-10-17 10:00:00,15.2,,,1.612,
2005-10-17 11:00:00,18.83,,,1.06,
2005-10-17 12:00:00,15.28,,,2.178,
2005-10-17 13:00:00,16.95,,,5.264,
2005-10-17 14:00:00,20.67,,,2.841,
2005-10-17 15:00:00,22.72,,,3.25,
2005-10-17 16:00:00,17.95,,,1.407,
2005-10-17 17:00:00,,,,0.5,
2005-10-17 18:00:00,,,,0.5,
2005-10-17 19:00:00,,,,0.5,
2005-10-17 20:00:00,,,,4.242,
2005-10-17 21:00:00,,,,9.972,
2005-10-17 22:00:00,,,,9.844,
2005-10-17 23:00:00,,,,15.06,
2005-10-18 00:00:00,,,,16.68,
2005-10-18 01:00:00,,,,14.62,
2005-10-18 02:00:00,,,,18.55,
2005-10-18 03:00:00,,,,25.04,
2005-10-18 04:00:00,,,,22.69,
2005-10-18 05:00:00,,,,17.6,
2005-10-18 06:00:00,,,,15.72,
2005-10-18 07:00:00,,,,10.83,
2005-10-18 08:00:00,,,,9.252,
2005-10-18 10:00:00,,,,13.96,
2005-10-18 11:00:00,,,,10.07,
2005-10-18 12:00:00,,,,16.45,
2005-10-18 13:00:00,,,,17.23,
2005-10-18 14:00:00,,,,13.01,
2005-10-18 15:00:00,,,,20.67,
2005-10-18 16:00:00,,,,16.2,
2005-10-18 17:00:00,,,,17.72,
2005-10-18 18:00:00,,,,18.72,
2005-10-18 19:00:00,,,,14.43,
2005-10-18 20:00:00,,,,6.694,
2005-10-18 21:00:00,,,,6.586,
2005-10-18 22:00:00,,,,3.982,
2005-10-18 23:00:00,,,,5.035,
2005-10-19 00:00:00,,,,8.065,
2005-10-19 01:00:00,,,,8.249,
2005-10-19 02:00:00,,,,5.75,
2005-10-19 03:00:00,,,,3.428,
2005-10-19 04:00:00,,,,0.5,
2005-10-19 05:00:00,,,,0.5,
2005-10-19 06:00:00,,,,0.5,
2005-10-19 07:00:00,,,,0.5,
2005-10-19 08:00:00,,,,0.5,
2005-10-19 09:00:00,,,,0.5,
2005-10-19 10:00:00,,,,3.231,
2005-10-19 11:00:00,,,,7.201,
2005-10-19 12:00:00,,,,14.69,
2005-10-19 13:00:00,,,,16.84,
2005-10-19 14:00:00,,,,13.57,
2005-10-19 15:00:00,,,,25.76,
2005-10-19 16:00:00,,,,25.97,
2005-10-19 17:00:00,,,,28.38,
2005-10-19 18:00:00,,,,36.8,
2005-10-19 19:00:00,,,,19.89,
2005-10-19 20:00:00,,,,10.98,
2005-10-19 21:00:00,,,,5.192,
2005-10-19 22:00:00,,,,2.044,
2005-10-19 23:00:00,,,,0.5,
2005-10-20 00:00:00,,,,1.558,
2005-10-20 01:00:00,,,,1.544,
2005-10-20 02:00:00,,,,2.711,
2005-10-20 03:00:00,,,,0.5,
2005-10-20 04:00:00,,,,1.071,
2005-10-20 05:00:00,,,,0.5,
2005-10-20 06:00:00,,,,0.5,
2005-10-20 07:00:00,,,,0.5,
2005-10-20 08:00:00,,,,0.5,
2005-10-20 09:00:00,,,,0.5,
2005-10-20 10:00:00,,,,4.669,
2005-10-20 11:00:00,,,,9.619,
2005-10-20 12:00:00,,,,12.64,
2005-10-20 13:00:00,,,,15.99,
2005-10-20 14:00:00,,,,11.72,
2005-10-20 15:00:00,,,,19.87,
2005-10-20 16:00:00,,,,17.11,
2005-10-20 17:00:00,,,,11.45,
2005-10-20 18:00:00,,,,15.93,
2005-10-20 19:00:00,,,,15.74,
2005-10-20 20:00:00,,,,14.6,
2005-10-20 21:00:00,,,,13.64,
2005-10-20 22:00:00,,,,10.91,
2005-10-20 23:00:00,,,,11.93,
2005-10-21 00:00:00,,,,10.43,
2005-10-21 01:00:00,,,,8.447,
2005-10-21 02:00:00,,,,3.644,
2005-10-21 03:00:00,,,,1.6,
2005-10-21 04:00:00,,,,2.624,
2005-10-21 05:00:00,,,,1.906,
2005-10-21 06:00:00,,,,0.5,
2005-10-21 07:00:00,,,,0.5,
2005-10-21 08:00:00,,,,0.5,
2005-10-21 09:00:00,,,,1.186,
2005-10-21 10:00:00,,,,7.469,
2005-10-21 12:00:00,,,,10.58,
2005-10-21 13:00:00,,,,14.94,
2005-10-21 14:00:00,,,,10.48,
2005-10-21 15:00:00,,,,11.64,
2005-10-21 16:00:00,,,,5.704,
2005-10-21 17:00:00,,,,13.8,
2005-10-21 18:00:00,,,,13.73,
2005-10-21 19:00:00,,,,8.261,
2005-10-21 20:00:00,,,,4.151,
2005-10-21 21:00:00,,,,2.289,
2005-10-21 22:00:00,,,,2.574,
2005-10-21 23:00:00,,,,3.997,
2005-10-22 00:00:00,,,,10.7,
2005-10-22 01:00:00,,,,8.815,
2005-10-22 02:00:00,,,,5.747,
2005-10-22 03:00:00,,,,5.016,
2005-10-22 04:00:00,,,,6.685,
2005-10-22 05:00:00,,,,8.4,
2005-10-22 06:00:00,,,,6.026,
2005-10-22 07:00:00,,,,4.794,
2005-10-22 08:00:00,,,,2.353,
2005-10-22 09:00:00,,,,3.604,
2005-10-22 10:00:00,,,,7.963,
2005-10-22 11:00:00,,,,11.29,
2005-10-22 12:00:00,,,,12.58,
2005-10-22 13:00:00,,,,14.11,
2005-10-22 14:00:00,,,,13.57,
2005-10-22 15:00:00,,,,15.15,
2005-10-22 16:00:00,,,,10.92,
2005-10-22 17:00:00,,,,13.88,
2005-10-22 18:00:00,,,,8.826,
2005-10-22 19:00:00,,,,5.529,
2005-10-22 20:00:00,,,,6.021,
2005-10-22 21:00:00,,,,3.736,
2005-10-22 22:00:00,,,,1.926,
2005-10-22 23:00:00,,,,2.199,
2005-10-23 00:00:00,,,,3.228,
2005-10-23 01:00:00,,,,11.33,
2005-10-23 02:00:00,,,,22.06,
2005-10-23 03:00:00,,,,22.51,
2005-10-23 04:00:00,,,,21.63,
2005-10-23 05:00:00,,,,18.84,
2005-10-23 06:00:00,,,,18.05,
2005-10-23 07:00:00,,,,17.6,
2005-10-23 08:00:00,,,,17.62,
2005-10-23 09:00:00,,,,15.09,
2005-10-23 10:00:00,,,,14.82,
2005-10-23 11:00:00,,,,16.11,
2005-10-23 12:00:00,,,,16.92,
2005-10-23 13:00:00,,,,17.9,
2005-10-23 14:00:00,,,,20.24,
2005-10-23 15:00:00,,,,18.87,
2005-10-23 16:00:00,,,,16.55,
2005-10-23 17:00:00,,,,17.35,
2005-10-23 18:00:00,,,,15.95,
2005-10-23 19:00:00,,,,16.0,
2005-10-23 20:00:00,,,,15.16,
2005-10-23 21:00:00,,,,15.16,
2005-10-23 22:00:00,,,,14.14,
2005-10-23 23:00:00,,,,14.1,
2005-10-24 00:00:00,,,,13.65,
2005-10-24 01:00:00,,,,13.45,
2005-10-24 02:00:00,,,,12.76,
2005-10-24 03:00:00,,,,12.0,
2005-10-24 04:00:00,,,,12.34,
2005-10-24 05:00:00,,,,13.9,
2005-10-24 06:00:00,,,,12.56,
2005-10-24 07:00:00,,,,9.532,
2005-10-24 08:00:00,,,,10.48,
2005-10-24 09:00:00,,,,9.951,
2005-10-24 10:00:00,,,,9.319,
2005-10-24 11:00:00,,,,12.61,
2005-10-24 12:00:00,,,,12.44,
2005-10-24 13:00:00,,,,12.74,
2005-10-24 14:00:00,,,,11.31,
2005-10-24 15:00:00,,,,11.81,
2005-10-24 16:00:00,,,,12.19,
2005-10-24 17:00:00,,,,11.36,
2005-10-24 18:00:00,,,,10.02,
2005-10-24 19:00:00,,,,9.408,
2005-10-24 20:00:00,,,,9.185,
2005-10-24 21:00:00,,,,9.271,
2005-10-24 22:00:00,,,,8.911,
2005-10-24 23:00:00,,,,5.989,
2005-10-25 00:00:00,,,,4.69,
2005-10-25 01:00:00,,,,5.746,
2005-10-25 02:00:00,,,,7.032,
2005-10-25 03:00:00,,,,6.667,
2005-10-25 04:00:00,,,,5.994,
2005-10-25 05:00:00,,,,4.075,
2005-10-25 06:00:00,,,,1.229,
2005-10-25 07:00:00,,,,2.135,
2005-10-25 08:00:00,,,,1.912,
2005-10-25 09:00:00,,,,2.036,
2005-10-25 10:00:00,,,,5.247,
2005-10-25 11:00:00,,,,8.771,
2005-10-25 12:00:00,,,,9.899,
2005-10-25 13:00:00,,,,11.74,
2005-10-25 14:00:00,,,,11.0,
2005-10-25 15:00:00,,,,11.05,
2005-10-25 16:00:00,,,,9.769,
2005-10-25 17:00:00,,,,7.151,
2005-10-25 18:00:00,,,,5.285,
2005-10-25 19:00:00,,,,5.031,
2005-10-25 20:00:00,,,,3.278,
2005-10-25 21:00:00,,,,3.518,
2005-10-25 22:00:00,,,,6.703,
2005-10-25 23:00:00,,,,7.121,
2005-10-26 00:00:00,,,,11.34,
2005-10-26 01:00:00,,,,13.03,
2005-10-26 02:00:00,,,,13.75,
2005-10-26 03:00:00,,,,13.87,
2005-10-26 04:00:00,,,,13.15,
2005-10-26 05:00:00,,,,12.58,
2005-10-26 06:00:00,,,,10.84,
2005-10-26 07:00:00,,,,9.0,
2005-10-26 08:00:00,,,,9.609,
2005-10-26 09:00:00,,,,12.34,
2005-10-26 10:00:00,,,,14.56,
2005-10-26 11:00:00,,,,13.49,
2005-10-26 12:00:00,,,,14.14,
2005-10-26 13:00:00,,,,14.49,
2005-10-26 14:00:00,,,,14.41,
2005-10-26 15:00:00,,,,14.5,
2005-10-26 16:00:00,,,,15.32,
2005-10-26 17:00:00,,,,13.21,
2005-10-26 18:00:00,,,,13.06,
2005-10-26 19:00:00,,,,11.82,
2005-10-26 20:00:00,,,,13.49,
2005-10-26 21:00:00,,,,12.5,
2005-10-26 22:00:00,,,,11.83,
2005-10-26 23:00:00,,,,12.31,
2005-10-27 00:00:00,,,,12.85,
2005-10-27 01:00:00,,,,13.78,
2005-10-27 02:00:00,,,,15.38,
2005-10-27 03:00:00,,,,15.77,
2005-10-27 04:00:00,,,,16.15,
2005-10-27 05:00:00,,,,15.43,
2005-10-27 06:00:00,,,,13.4,
2005-10-27 07:00:00,,,,9.658,
2005-10-27 08:00:00,,,,9.286,
2005-10-27 10:00:00,,,,7.464,
2005-10-27 11:00:00,,,,8.556,
2005-10-27 12:00:00,,,,7.711,
2005-10-27 13:00:00,,,,7.252,
2005-10-27 14:00:00,,,,3.886,
2005-10-27 15:00:00,,,,1.914,
2005-10-27 16:00:00,,,,2.354,
2005-10-27 17:00:00,,,,2.015,
2005-10-27 18:00:00,,,,1.892,
2005-10-27 19:00:00,,,,1.407,
2005-10-27 20:00:00,,,,1.919,
2005-10-27 21:00:00,,,,1.572,
2005-10-27 22:00:00,,,,2.413,
2005-10-27 23:00:00,,,,1.481,
2005-10-28 00:00:00,,,,1.301,
2005-10-28 01:00:00,,,,1.667,
2005-10-28 02:00:00,,,,1.682,
2005-10-28 03:00:00,,,,2.317,
2005-10-28 04:00:00,,,,2.753,
2005-10-28 05:00:00,,,,2.564,
2005-10-28 06:00:00,,,,1.978,
2005-10-28 07:00:00,,,,1.685,
2005-10-28 08:00:00,,,,2.074,
2005-10-28 09:00:00,,,,3.19,
2005-10-28 10:00:00,,,,3.913,
2005-10-28 11:00:00,,,,7.473,
2005-10-28 12:00:00,,,,10.2,
2005-10-28 13:00:00,,,,13.32,
2005-10-28 14:00:00,,,,12.77,
2005-10-28 15:00:00,,,,12.86,
2005-10-28 16:00:00,,,,12.43,
2005-10-28 17:00:00,,,,13.07,
2005-10-28 18:00:00,,,,12.69,
2005-10-28 19:00:00,,,,12.78,
2005-10-28 20:00:00,,,,13.4,
2005-10-28 21:00:00,,,,15.59,
2005-10-28 22:00:00,,,,13.77,
2005-10-28 23:00:00,,,,13.37,
2005-10-29 00:00:00,,,,13.36,
2005-10-29 01:00:00,,,,12.78,
2005-10-29 02:00:00,,,,12.05,
2005-10-29 03:00:00,,,,8.351,
2005-10-29 04:00:00,,,,11.28,
2005-10-29 05:00:00,,,,12.52,
2005-10-29 06:00:00,,,,8.913,
2005-10-29 07:00:00,,,,8.425,
2005-10-29 08:00:00,,,,8.708,
2005-10-29 09:00:00,,,,11.31,
2005-10-29 10:00:00,,,,11.05,
2005-10-29 11:00:00,,,,13.19,
2005-10-29 12:00:00,,,,14.97,
2005-10-29 13:00:00,,,,16.81,
2005-10-29 14:00:00,,,,18.21,
2005-10-29 15:00:00,,,,17.7,
2005-10-29 16:00:00,,,,20.47,
2005-10-29 17:00:00,,,,20.09,
2005-10-29 18:00:00,,,,17.33,
2005-10-29 19:00:00,,,,18.95,
2005-10-29 20:00:00,,,,16.98,
2005-10-29 21:00:00,,,,15.98,
2005-10-29 22:00:00,,,,15.19,
2005-10-29 23:00:00,,,,12.19,
2005-10-30 00:00:00,,,,11.36,
2005-10-30 01:00:00,,,,12.85,
2005-10-30 02:00:00,,,,14.18,
2005-10-30 03:00:00,,,,13.52,
2005-10-30 04:00:00,,,,12.05,
2005-10-30 05:00:00,,,,8.899,
2005-10-30 06:00:00,,,,5.286,
2005-10-30 07:00:00,,,,6.035,
2005-10-30 08:00:00,,,,7.649,
2005-10-30 09:00:00,,,,9.281,
2005-10-30 10:00:00,,,,14.18,
2005-10-30 11:00:00,,,,15.95,
2005-10-30 12:00:00,,,,16.65,
2005-10-30 13:00:00,,,,15.72,
2005-10-30 14:00:00,,,,16.77,
2005-10-30 15:00:00,,,,14.83,
2005-10-30 16:00:00,,,,18.43,
2005-10-30 17:00:00,,,,16.89,
2005-10-30 18:00:00,,,,15.29,
2005-10-30 19:00:00,,,,14.67,
2005-10-30 20:00:00,,,,12.89,
2005-10-30 21:00:00,,,,8.839,
2005-10-30 22:00:00,,,,11.71,
2005-10-30 23:00:00,,,,10.22,
2005-10-31 00:00:00,,,,13.31,
2005-10-31 01:00:00,,,,15.63,
2005-10-31 02:00:00,,,,16.15,
2005-10-31 03:00:00,,,,16.47,
2005-10-31 04:00:00,,,,17.84,
2005-10-31 05:00:00,,,,17.5,
2005-10-31 06:00:00,,,,12.07,
2005-10-31 07:00:00,,,,3.391,
2005-10-31 08:00:00,,,,6.189,
2005-10-31 09:00:00,,,,6.711,
2005-10-31 10:00:00,,,,9.869,
2005-10-31 11:00:00,,,,9.512,
2005-10-31 12:00:00,,,,12.19,
2005-10-31 13:00:00,,,,12.8,
2005-10-31 14:00:00,,,,15.77,
2005-10-31 15:00:00,,,,17.38,
2005-10-31 16:00:00,,,,19.3,
2005-10-31 17:00:00,,,,20.27,
2005-10-31 18:00:00,,,,17.89,
2005-10-31 19:00:00,,,,14.63,
2005-10-31 20:00:00,,,,15.58,
2005-10-31 21:00:00,,,,15.77,
2005-10-31 22:00:00,,,,15.31,
2005-10-31 23:00:00,,,,13.44,
2005-11-01 00:00:00,,,,11.7,
2005-11-01 01:00:00,,,,11.6,
2005-11-01 02:00:00,,,,8.522,
2005-11-01 03:00:00,,,,7.011,
2005-11-01 04:00:00,,,,0.5,
2005-11-01 05:00:00,,,,0.5,
2005-11-01 06:00:00,,,,0.5,
2005-11-01 07:00:00,,,,0.5,
2005-11-01 08:00:00,,,,1.812,
2005-11-01 09:00:00,,,,1.771,
2005-11-01 10:00:00,,,,5.585,
2005-11-01 11:00:00,,,,9.297,
2005-11-01 12:00:00,,,,17.46,
2005-11-01 13:00:00,,,,17.77,
2005-11-01 14:00:00,,,,18.89,
2005-11-01 16:00:00,,,,18.07,
2005-11-01 17:00:00,,,,17.84,
2005-11-01 18:00:00,,,,19.28,
2005-11-01 19:00:00,,,,13.29,
2005-11-01 20:00:00,,,,11.08,
2005-11-01 21:00:00,,,,14.5,
2005-11-01 22:00:00,,,,12.73,
2005-11-01 23:00:00,,,,12.36,
2005-11-02 00:00:00,,,,12.69,
2005-11-02 01:00:00,,,,14.53,
2005-11-02 02:00:00,,,,13.66,
2005-11-02 03:00:00,,,,12.15,
2005-11-02 04:00:00,,,,6.429,
2005-11-02 05:00:00,,,,2.258,
2005-11-02 06:00:00,,,,4.861,
2005-11-02 07:00:00,,,,1.854,
2005-11-02 08:00:00,,,,3.567,
2005-11-02 09:00:00,,,,5.568,
2005-11-02 10:00:00,,,,9.189,
2005-11-02 11:00:00,,,,13.16,
2005-11-02 12:00:00,,,,18.43,
2005-11-02 13:00:00,,,,16.15,
2005-11-02 14:00:00,,,,16.85,
2005-11-02 15:00:00,,,,18.98,
2005-11-02 16:00:00,,,,18.45,
2005-11-02 17:00:00,,,,16.65,
2005-11-02 18:00:00,,,,14.65,
2005-11-02 19:00:00,,,,13.46,
2005-11-02 20:00:00,,,,12.96,
2005-11-02 21:00:00,,,,12.0,
2005-11-02 22:00:00,,,,11.39,
2005-11-02 23:00:00,,,,9.59,
2005-11-03 00:00:00,,,,9.24,
2005-11-03 01:00:00,,,,9.27,
2005-11-03 02:00:00,,,,8.301,
2005-11-03 03:00:00,,,,8.957,
2005-11-03 04:00:00,,,,8.683,
2005-11-03 05:00:00,,,,7.674,
2005-11-03 06:00:00,,,,3.428,
2005-11-03 07:00:00,,,,0.5,
2005-11-03 08:00:00,,,,2.067,
2005-11-03 09:00:00,,,,2.397,
2005-11-03 10:00:00,,,,4.835,
2005-11-03 11:00:00,,,,10.19,
2005-11-03 12:00:00,,,,13.73,
2005-11-03 13:00:00,,,,15.59,
2005-11-03 14:00:00,,,,14.09,
2005-11-03 15:00:00,,,,10.55,
2005-11-03 16:00:00,,,,11.14,
2005-11-03 17:00:00,,,,12.17,
2005-11-03 18:00:00,,,,10.67,
2005-11-03 19:00:00,,,,8.857,
2005-11-03 20:00:00,,,,8.394,
2005-11-03 21:00:00,,,,7.183,
2005-11-03 22:00:00,,,,4.137,
2005-11-03 23:00:00,,,,3.301,
2005-11-04 00:00:00,,,,3.132,
2005-11-04 01:00:00,,,,4.778,
2005-11-04 02:00:00,,,,4.919,
2005-11-04 03:00:00,,,,4.836,
2005-11-04 04:00:00,,,,3.992,
2005-11-04 05:00:00,,,,2.743,
2005-11-04 06:00:00,,,,0.5,
2005-11-04 07:00:00,,,,0.5,
2005-11-04 08:00:00,,,,1.068,
2005-11-04 09:00:00,,,,1.807,
2005-11-04 10:00:00,,,,3.026,
2005-11-04 11:00:00,,,,7.114,
2005-11-04 12:00:00,,,,9.721,
2005-11-04 13:00:00,,,,9.89,
2005-11-04 14:00:00,,,,10.11,
2005-11-04 15:00:00,,,,14.16,
2005-11-04 16:00:00,,,,12.3,
2005-11-04 17:00:00,,,,11.72,
2005-11-04 18:00:00,,,,7.597,
2005-11-04 19:00:00,,,,6.521,
2005-11-04 20:00:00,,,,11.44,
2005-11-04 21:00:00,,,,11.18,
2005-11-04 22:00:00,,,,12.43,
2005-11-04 23:00:00,,,,6.194,
2005-11-05 00:00:00,,,,9.264,
2005-11-05 01:00:00,,,,10.3,
2005-11-05 02:00:00,,,,7.929,
2005-11-05 03:00:00,,,,10.65,
2005-11-05 04:00:00,,,,8.814,
2005-11-05 05:00:00,,,,9.939,
2005-11-05 06:00:00,,,,12.91,
2005-11-05 07:00:00,,,,12.75,
2005-11-05 08:00:00,,,,11.43,
2005-11-05 09:00:00,,,,10.68,
2005-11-05 10:00:00,,,,11.97,
2005-11-05 11:00:00,,,,13.3,
2005-11-05 12:00:00,,,,14.39,
2005-11-05 13:00:00,,,,14.61,
2005-11-05 14:00:00,,,,14.67,
2005-11-05 15:00:00,,,,14.63,
2005-11-05 16:00:00,,,,13.39,
2005-11-05 17:00:00,,,,14.43,
2005-11-05 18:00:00,,,,11.26,
2005-11-05 19:00:00,,,,10.96,
2005-11-05 20:00:00,,,,8.236,
2005-11-05 21:00:00,,,,6.246,
2005-11-05 22:00:00,,,,9.899,
2005-11-05 23:00:00,,,,11.35,
2005-11-06 00:00:00,,,,10.98,
2005-11-06 01:00:00,,,,9.778,
2005-11-06 02:00:00,,,,10.0,
2005-11-06 03:00:00,,,,8.529,
2005-11-06 04:00:00,,,,7.987,
2005-11-06 05:00:00,,,,8.097,
2005-11-06 06:00:00,,,,7.403,
2005-11-06 07:00:00,,,,6.853,
2005-11-06 08:00:00,,,,10.2,
2005-11-06 09:00:00,,,,11.75,
2005-11-06 10:00:00,,,,12.74,
2005-11-06 11:00:00,,,,11.9,
2005-11-06 12:00:00,,,,7.293,
2005-11-06 13:00:00,,,,10.04,
2005-11-06 14:00:00,,,,12.17,
2005-11-06 15:00:00,,,,11.94,
2005-11-06 16:00:00,,,,13.86,
2005-11-06 17:00:00,,,,13.14,
2005-11-06 18:00:00,,,,10.81,
2005-11-06 19:00:00,,,,10.59,
2005-11-06 20:00:00,,,,10.37,
2005-11-06 21:00:00,,,,10.63,
2005-11-06 22:00:00,,,,8.61,
2005-11-06 23:00:00,,,,9.643,
2005-11-07 00:00:00,,,,7.482,
2005-11-07 01:00:00,,,,8.031,
2005-11-07 02:00:00,,,,8.881,
2005-11-07 03:00:00,,,,9.24,
2005-11-07 04:00:00,,,,7.756,
2005-11-07 05:00:00,,,,6.654,
2005-11-07 06:00:00,,,,4.601,
2005-11-07 07:00:00,,,,1.476,
2005-11-07 08:00:00,,,,2.783,
2005-11-07 09:00:00,,,,6.74,
2005-11-07 10:00:00,,,,8.872,
2005-11-07 12:00:00,,,,9.742,
2005-11-07 13:00:00,,,,8.643,
2005-11-07 14:00:00,,,,9.358,
2005-11-07 15:00:00,,,,8.46,
2005-11-07 16:00:00,,,,9.087,
2005-11-07 17:00:00,,,,10.91,
2005-11-07 18:00:00,,,,8.876,
2005-11-07 19:00:00,,,,3.122,
2005-11-07 20:00:00,,,,2.917,
2005-11-07 21:00:00,,,,4.486,
2005-11-07 22:00:00,,,,6.149,
2005-11-07 23:00:00,,,,9.067,
2005-11-08 00:00:00,,,,9.097,
2005-11-08 01:00:00,,,,9.147,
2005-11-08 02:00:00,,,,7.217,
2005-11-08 03:00:00,,,,5.215,
2005-11-08 04:00:00,,,,9.697,
2005-11-08 05:00:00,,,,8.318,
2005-11-08 06:00:00,,,,6.483,
2005-11-08 07:00:00,,,,3.01,
2005-11-08 08:00:00,,,,5.656,
2005-11-08 09:00:00,,,,5.979,
2005-11-08 10:00:00,,,,8.269,
2005-11-08 11:00:00,,,,9.618,
2005-11-08 12:00:00,,,,11.58,
2005-11-08 13:00:00,,,,11.92,
2005-11-08 14:00:00,,,,12.04,
2005-11-08 15:00:00,,,,11.59,
2005-11-08 16:00:00,,,,12.78,
2005-11-08 17:00:00,,,,13.51,
2005-11-08 18:00:00,,,,11.78,
2005-11-08 19:00:00,,,,11.51,
2005-11-08 20:00:00,,,,12.44,
2005-11-08 21:00:00,,,,13.21,
2005-11-08 22:00:00,,,,11.82,
2005-11-08 23:00:00,,,,10.82,
2005-11-09 00:00:00,,,,9.676,
2005-11-09 01:00:00,,,,9.479,
2005-11-09 02:00:00,,,,12.35,
2005-11-09 03:00:00,,,,12.46,
2005-11-09 04:00:00,,,,14.2,
2005-11-09 05:00:00,,,,13.19,
2005-11-09 06:00:00,,,,11.73,
2005-11-09 07:00:00,,,,9.094,
2005-11-09 08:00:00,,,,6.982,
2005-11-09 09:00:00,,,,7.56,
2005-11-09 10:00:00,,,,9.282,
2005-11-09 13:00:00,,,,10.77,
2005-11-09 14:00:00,,,,13.24,
2005-11-09 15:00:00,,,,12.18,
2005-11-09 16:00:00,,,,11.49,
2005-11-09 17:00:00,,,,12.23,
2005-11-09 18:00:00,,,,12.06,
2005-11-09 19:00:00,,,,12.31,
2005-11-09 20:00:00,,,,12.15,
2005-11-09 21:00:00,,,,11.44,
2005-11-09 22:00:00,,,,11.15,
2005-11-09 23:00:00,,,,11.45,
2005-11-10 00:00:00,,,,12.89,
2005-11-10 01:00:00,,,,13.66,
2005-11-10 02:00:00,,,,12.9,
2005-11-10 03:00:00,,,,13.05,
2005-11-10 04:00:00,,,,13.16,
2005-11-10 05:00:00,,,,13.22,
2005-11-10 06:00:00,,,,11.04,
2005-11-10 07:00:00,,,,7.364,
2005-11-10 08:00:00,,,,7.843,
2005-11-10 09:00:00,,,,8.288,
2005-11-10 10:00:00,,,,9.871,
2005-11-10 11:00:00,,,,10.28,
2005-11-10 12:00:00,,,,11.56,
2005-11-10 13:00:00,,,,10.92,
2005-11-10 14:00:00,,,,11.4,
2005-11-10 15:00:00,,,,10.89,
2005-11-10 17:00:00,,,,11.92,
2005-11-10 18:00:00,,,,11.82,
2005-11-10 19:00:00,,,,9.26,
2005-11-10 20:00:00,,,,8.374,
2005-11-10 21:00:00,,,,8.855,
2005-11-10 22:00:00,,,,8.238,
2005-11-10 23:00:00,,,,8.393,
2005-11-11 00:00:00,,,,8.243,
2005-11-11 01:00:00,,,,8.403,
2005-11-11 02:00:00,,,,9.579,
2005-11-11 03:00:00,,,,9.79,
2005-11-11 04:00:00,,,,9.133,
2005-11-11 05:00:00,,,,8.153,
2005-11-11 06:00:00,,,,6.311,
2005-11-11 07:00:00,,,,4.531,
2005-11-11 08:00:00,,,,5.798,
2005-11-11 09:00:00,,,,5.365,
2005-11-11 10:00:00,,,,7.936,
2005-11-11 11:00:00,,,,9.031,
2005-11-11 12:00:00,,,,8.262,
2005-11-11 13:00:00,,,,10.45,
2005-11-11 14:00:00,,,,10.55,
2005-11-11 15:00:00,,,,11.31,
2005-11-11 16:00:00,,,,9.913,
2005-11-11 17:00:00,,,,11.12,
2005-11-11 18:00:00,,,,10.15,
2005-11-11 19:00:00,,,,8.781,
2005-11-11 20:00:00,,,,8.146,
2005-11-11 21:00:00,,,,7.335,
2005-11-11 22:00:00,,,,5.783,
2005-11-11 23:00:00,,,,5.511,
2005-11-12 00:00:00,,,,4.938,
2005-11-12 01:00:00,,,,3.811,
2005-11-12 02:00:00,,,,3.689,
2005-11-12 03:00:00,,,,5.49,
2005-11-12 04:00:00,,,,5.092,
2005-11-12 05:00:00,,,,1.294,
2005-11-12 06:00:00,,,,0.5,
2005-11-12 07:00:00,,,,0.5,
2005-11-12 08:00:00,,,,1.871,
2005-11-12 09:00:00,,,,2.683,
2005-11-12 10:00:00,,,,4.404,
2005-11-12 11:00:00,,,,8.035,
2005-11-12 12:00:00,,,,16.18,
2005-11-12 13:00:00,,,,21.78,
2005-11-12 14:00:00,,,,23.08,
2005-11-12 15:00:00,,,,20.87,
2005-11-12 16:00:00,,,,16.14,
2005-11-12 17:00:00,,,,15.61,
2005-11-12 18:00:00,,,,11.99,
2005-11-12 19:00:00,,,,11.74,
2005-11-12 20:00:00,,,,9.823,
2005-11-12 21:00:00,,,,7.504,
2005-11-12 22:00:00,,,,4.743,
2005-11-12 23:00:00,,,,2.994,
2005-11-13 00:00:00,,,,2.305,
2005-11-13 01:00:00,,,,1.131,
2005-11-13 02:00:00,,,,1.149,
2005-11-13 03:00:00,,,,0.5,
2005-11-13 04:00:00,,,,0.5,
2005-11-13 05:00:00,,,,0.5,
2005-11-13 06:00:00,,,,1.704,
2005-11-13 07:00:00,,,,2.213,
2005-11-13 08:00:00,,,,3.722,
2005-11-13 09:00:00,,,,3.567,
2005-11-13 10:00:00,,,,7.285,
2005-11-13 11:00:00,,,,10.84,
2005-11-13 12:00:00,,,,14.12,
2005-11-13 13:00:00,,,,16.55,
2005-11-13 14:00:00,,,,17.57,
2005-11-13 15:00:00,,,,15.54,
2005-11-13 16:00:00,,,,16.15,
2005-11-13 17:00:00,,,,15.9,
2005-11-13 18:00:00,,,,15.08,
2005-11-13 19:00:00,,,,14.88,
2005-11-13 20:00:00,,,,12.82,
2005-11-13 21:00:00,,,,9.289,
2005-11-13 22:00:00,,,,8.479,
2005-11-13 23:00:00,,,,4.828,
2005-11-14 00:00:00,,,,4.439,
2005-11-14 01:00:00,,,,8.797,
2005-11-14 02:00:00,,,,8.174,
2005-11-14 03:00:00,,,,9.725,
2005-11-14 04:00:00,,,,9.867,
2005-11-14 05:00:00,,,,8.906,
2005-11-14 06:00:00,,,,7.151,
2005-11-14 07:00:00,,,,5.568,
2005-11-14 08:00:00,,,,8.138,
2005-11-14 09:00:00,,,,7.817,
2005-11-14 10:00:00,,,,7.106,
2005-11-14 11:00:00,,,,10.77,
2005-11-14 12:00:00,,,,12.63,
2005-11-14 13:00:00,,,,14.62,
2005-11-14 14:00:00,,,,14.84,
2005-11-14 15:00:00,,,,12.53,
2005-11-14 16:00:00,,,,11.09,
2005-11-14 17:00:00,,,,11.35,
2005-11-14 18:00:00,,,,9.149,
2005-11-14 19:00:00,,,,7.369,
2005-11-14 20:00:00,,,,6.662,
2005-11-14 21:00:00,,,,6.222,
2005-11-14 22:00:00,,,,6.453,
2005-11-14 23:00:00,,,,7.263,
2005-11-15 00:00:00,,,,7.546,
2005-11-15 01:00:00,,,,8.089,
2005-11-15 02:00:00,,,,5.858,
2005-11-15 03:00:00,,,,3.885,
2005-11-15 04:00:00,,,,2.336,
2005-11-15 05:00:00,,,,1.131,
2005-11-15 06:00:00,,,,1.586,
2005-11-15 07:00:00,,,,1.407,
2005-11-15 08:00:00,,,,2.604,
2005-11-15 09:00:00,,,,6.431,
2005-11-15 10:00:00,,,,10.49,
2005-11-15 11:00:00,,,,18.34,
2005-11-15 12:00:00,,,,15.42,
2005-11-15 13:00:00,,,,14.63,
2005-11-15 14:00:00,,,,16.46,
2005-11-15 15:00:00,,,,13.81,
2005-11-15 16:00:00,,,,15.26,
2005-11-15 17:00:00,,,,14.48,
2005-11-15 18:00:00,,,,14.0,
2005-11-15 19:00:00,,,,9.405,
2005-11-15 20:00:00,,,,4.477,
2005-11-15 21:00:00,,,,5.032,
2005-11-15 22:00:00,,,,4.093,
2005-11-15 23:00:00,,,,4.093,
2005-11-16 00:00:00,,,,2.726,
2005-11-16 01:00:00,,,,11.05,
2005-11-16 02:00:00,,,,12.71,
2005-11-16 03:00:00,,,,13.78,
2005-11-16 04:00:00,,,,15.08,
2005-11-16 05:00:00,,,,13.65,
2005-11-16 06:00:00,,,,7.516,
2005-11-16 07:00:00,,,,6.169,
2005-11-16 08:00:00,,,,8.5,
2005-11-16 09:00:00,,,,10.31,
2005-11-16 10:00:00,,,,13.77,
2005-11-16 11:00:00,,,,15.05,
2005-11-16 12:00:00,,,,13.87,
2005-11-16 13:00:00,,,,16.2,
2005-11-16 14:00:00,,,,17.54,
2005-11-16 15:00:00,,,,19.74,
2005-11-16 16:00:00,,,,18.24,
2005-11-16 17:00:00,,,,14.81,
2005-11-16 18:00:00,,,,13.09,
2005-11-16 19:00:00,,,,12.2,
2005-11-16 20:00:00,,,,13.57,
2005-11-16 21:00:00,,,,12.57,
2005-11-16 22:00:00,,,,12.41,
2005-11-16 23:00:00,,,,12.16,
2005-11-17 00:00:00,,,,11.97,
2005-11-17 01:00:00,,,,12.85,
2005-11-17 02:00:00,,,,14.07,
2005-11-17 03:00:00,,,,14.15,
2005-11-17 04:00:00,,,,14.74,
2005-11-17 05:00:00,,,,14.51,
2005-11-17 06:00:00,,,,13.72,
2005-11-17 07:00:00,,,,10.09,
2005-11-17 08:00:00,,,,8.183,
2005-11-17 09:00:00,,,,9.906,
2005-11-17 10:00:00,,,,8.086,
2005-11-17 11:00:00,,,,8.385,
2005-11-17 12:00:00,,,,9.839,
2005-11-17 13:00:00,,,,8.933,
2005-11-17 14:00:00,,,,10.07,
2005-11-17 15:00:00,,,,9.408,
2005-11-17 16:00:00,,,,8.59,
2005-11-17 17:00:00,,,,9.033,
2005-11-17 18:00:00,,,,7.731,
2005-11-17 19:00:00,,,,8.044,
2005-11-17 20:00:00,,,,8.639,
2005-11-17 21:00:00,,,,9.686,
2005-11-17 22:00:00,,,,9.646,
2005-11-17 23:00:00,,,,9.061,
2005-11-18 00:00:00,,,,10.0,
2005-11-18 01:00:00,,,,11.36,
2005-11-18 02:00:00,,,,11.65,
2005-11-18 03:00:00,,,,10.82,
2005-11-18 04:00:00,,,,9.868,
2005-11-18 05:00:00,,,,8.321,
2005-11-18 06:00:00,,,,6.46,
2005-11-18 07:00:00,,,,2.439,
2005-11-18 08:00:00,,,,1.653,
2005-11-18 09:00:00,,,,0.5,
2005-11-18 10:00:00,,,,0.5,
2005-11-18 11:00:00,,,,1.631,
2005-11-18 12:00:00,,,,4.668,
2005-11-18 13:00:00,,,,8.978,
2005-11-18 14:00:00,,,,7.5,
2005-11-18 15:00:00,,,,7.747,
2005-11-18 16:00:00,,,,7.74,
2005-11-18 17:00:00,,,,9.16,
2005-11-18 18:00:00,,,,10.05,
2005-11-18 19:00:00,,,,7.622,
2005-11-18 20:00:00,,,,7.436,
2005-11-18 21:00:00,,,,6.217,
2005-11-18 22:00:00,,,,7.472,
2005-11-18 23:00:00,,,,8.429,
2005-11-19 00:00:00,,,,8.233,
2005-11-19 01:00:00,,,,7.686,
2005-11-19 02:00:00,,,,9.196,
2005-11-19 03:00:00,,,,8.153,
2005-11-19 04:00:00,,,,8.981,
2005-11-19 05:00:00,,,,8.625,
2005-11-19 06:00:00,,,,6.982,
2005-11-19 07:00:00,,,,4.737,
2005-11-19 08:00:00,,,,3.906,
2005-11-19 09:00:00,,,,5.419,
2005-11-19 10:00:00,,,,5.35,
2005-11-19 11:00:00,,,,6.909,
2005-11-19 12:00:00,,,,7.171,
2005-11-19 13:00:00,,,,8.863,
2005-11-19 14:00:00,,,,10.95,
2005-11-19 15:00:00,,,,10.72,
2005-11-19 16:00:00,,,,12.38,
2005-11-19 17:00:00,,,,12.41,
2005-11-19 18:00:00,,,,11.73,
2005-11-19 19:00:00,,,,12.62,
2005-11-19 20:00:00,,,,9.085,
2005-11-19 21:00:00,,,,5.388,
2005-11-19 22:00:00,,,,5.246,
2005-11-19 23:00:00,,,,4.638,
2005-11-20 00:00:00,,,,5.196,
2005-11-20 01:00:00,,,,5.69,
2005-11-20 02:00:00,,,,2.817,
2005-11-20 03:00:00,,,,1.525,
2005-11-20 04:00:00,,,,2.383,
2005-11-20 05:00:00,,,,0.5,
2005-11-20 06:00:00,,,,1.06,
2005-11-20 07:00:00,,,,1.064,
2005-11-20 08:00:00,,,,1.705,
2005-11-20 09:00:00,,,,3.916,
2005-11-20 10:00:00,,,,6.487,
2005-11-20 11:00:00,,,,10.21,
2005-11-20 12:00:00,,,,14.15,
2005-11-20 13:00:00,,,,15.05,
2005-11-20 14:00:00,,,,10.56,
2005-11-20 15:00:00,,,,10.46,
2005-11-20 16:00:00,,,,12.6,
2005-11-20 17:00:00,,,,16.97,
2005-11-20 18:00:00,,,,17.98,
2005-11-20 19:00:00,,,,13.25,
2005-11-20 20:00:00,,,,10.19,
2005-11-20 21:00:00,,,,8.608,
2005-11-20 22:00:00,,,,7.9,
2005-11-20 23:00:00,,,,7.336,
2005-11-21 00:00:00,,,,6.754,
2005-11-21 01:00:00,,,,6.495,
2005-11-21 02:00:00,,,,6.015,
2005-11-21 03:00:00,,,,5.637,
2005-11-21 04:00:00,,,,4.994,
2005-11-21 05:00:00,,,,4.986,
2005-11-21 06:00:00,,,,1.892,
2005-11-21 07:00:00,,,,0.5,
2005-11-21 08:00:00,,,,1.286,
2005-11-21 09:00:00,,,,3.443,
2005-11-21 10:00:00,,,,7.184,
2005-11-21 11:00:00,,,,9.265,
2005-11-21 12:00:00,,,,15.96,
2005-11-21 13:00:00,,,,21.14,
2005-11-21 14:00:00,,,,20.03,
2005-11-21 15:00:00,,,,18.96,
2005-11-21 16:00:00,,,,18.57,
2005-11-21 17:00:00,,,,,
2005-11-21 18:00:00,,,,,
2005-11-21 19:00:00,,,,,
2005-11-21 20:00:00,,,,,
2005-11-21 21:00:00,,,,,
2005-11-21 22:00:00,,,,,
2005-11-21 23:00:00,,,,,
2005-11-22 00:00:00,,,,,
2005-11-22 01:00:00,,,,,
2005-11-22 02:00:00,,,,,
2005-11-22 03:00:00,,,,,
2005-11-22 04:00:00,,,,,
2005-11-22 05:00:00,,,,,
2005-11-22 06:00:00,,,,,
2005-11-22 07:00:00,,,,,
2005-11-22 08:00:00,,,,,
2005-11-22 09:00:00,,,,,
2005-11-22 10:00:00,,,,,
2005-11-22 11:00:00,,,,,
2005-11-22 12:00:00,,,,,
2005-11-22 13:00:00,,,,,
2005-11-22 14:00:00,,,,,
2005-11-22 15:00:00,,,,,
2005-11-22 16:00:00,,,,,
2005-11-22 17:00:00,,,,28.18,
2005-11-22 18:00:00,,,,28.26,
2005-11-22 19:00:00,,,,20.61,
2005-11-22 20:00:00,,,,15.49,
2005-11-22 21:00:00,,,,22.32,
2005-11-22 22:00:00,,,,23.09,
2005-11-22 23:00:00,,,,18.42,
2005-11-23 00:00:00,,,,14.61,
2005-11-23 01:00:00,,,,10.97,
2005-11-23 02:00:00,,,,12.46,
2005-11-23 03:00:00,,,,6.914,
2005-11-23 04:00:00,,,,5.84,
2005-11-23 05:00:00,,,,11.47,
2005-11-23 06:00:00,,,,2.34,
2005-11-23 07:00:00,,,,0.5,
2005-11-23 08:00:00,,,,0.5,
2005-11-23 09:00:00,,,,4.586,
2005-11-23 10:00:00,,,,11.94,
2005-11-23 11:00:00,,,,19.8,
2005-11-23 12:00:00,,,,19.07,
2005-11-23 13:00:00,,,,20.54,
2005-11-23 14:00:00,,,,18.91,
2005-11-23 15:00:00,,,,17.4,
2005-12-01 16:00:00,,,,,
2005-12-01 17:00:00,,,,,
2005-12-01 18:00:00,,,,,
2005-12-01 19:00:00,,,,,
2005-12-01 20:00:00,,,,,
2005-12-01 21:00:00,,,,,
2005-12-01 22:00:00,,,,,
2005-12-01 23:00:00,,,,,
2005-12-02 00:00:00,,,,,
2005-12-02 01:00:00,,,,,
2005-12-02 02:00:00,,,,,
2005-12-02 03:00:00,,,,,
2005-12-02 04:00:00,,,,,
2005-12-02 05:00:00,,,,,
2005-12-02 06:00:00,,,,,
2005-12-02 07:00:00,,,,,
2005-12-02 08:00:00,,,,,
2005-12-02 09:00:00,,,,,
2005-12-02 10:00:00,,,,,
2005-12-02 11:00:00,,,,,
2005-12-02 12:00:00,,,,,
2005-12-02 13:00:00,,,,,
2005-12-02 14:00:00,,,,,
2005-12-02 15:00:00,,,,,
2005-12-02 16:00:00,,,,,
2005-12-02 17:00:00,,,,,
2005-12-02 18:00:00,,,,,
2005-12-02 19:00:00,,,,,
2005-12-02 20:00:00,,,,,
2005-12-02 21:00:00,,,,,
2005-12-02 22:00:00,,,,,
2005-12-02 23:00:00,,,,,
2005-12-03 00:00:00,,,,,
2005-12-03 01:00:00,,,,,
2005-12-03 02:00:00,,,,,
2005-12-03 03:00:00,,,,,
2005-12-03 04:00:00,,,,,
2005-12-03 05:00:00,,,,,
2005-12-03 06:00:00,,,,,
2005-12-03 07:00:00,,,,,
2005-12-03 08:00:00,,,,,
2005-12-03 09:00:00,,,,,
2005-12-03 10:00:00,,,,,
2005-12-03 11:00:00,,,,,
2005-12-03 12:00:00,,,,,
2005-12-03 13:00:00,,,,,
2005-12-03 14:00:00,,,,,
2005-12-03 15:00:00,,,,,
2005-12-03 16:00:00,,,,5.4,
2005-12-03 17:00:00,,,,6.893,
2005-12-03 18:00:00,,,,13.63,
2005-12-03 19:00:00,,,,14.33,
2005-12-03 20:00:00,,,,8.851,
2005-12-03 21:00:00,,,,10.51,
2005-12-03 22:00:00,,,,7.858,
2005-12-03 23:00:00,,,,5.568,
2005-12-04 00:00:00,,,,4.532,
2005-12-04 01:00:00,,,,6.639,
2005-12-04 02:00:00,,,,4.767,
2005-12-04 03:00:00,,,,2.25,
2005-12-04 04:00:00,,,,11.86,
2005-12-04 05:00:00,,,,13.01,
2005-12-04 06:00:00,,,,14.34,
2005-12-04 07:00:00,,,,9.136,
2005-12-04 08:00:00,,,,14.03,
2005-12-04 09:00:00,,,,18.16,
2005-12-04 10:00:00,,,,23.13,
2005-12-04 11:00:00,,,,24.53,
2005-12-04 12:00:00,,,,30.83,
2005-12-04 13:00:00,,,,34.63,
2005-12-04 14:00:00,,,,40.55,
2005-12-04 15:00:00,,,,41.35,
2005-12-04 16:00:00,,,,42.2,
2005-12-04 17:00:00,,,,48.73,
2005-12-04 18:00:00,,,,52.97,
2005-12-04 19:00:00,,,,42.84,
2005-12-04 20:00:00,,,,33.4,
2005-12-04 21:00:00,,,,27.52,
2005-12-04 22:00:00,,,,23.22,
2005-12-04 23:00:00,,,,24.42,
2005-12-05 00:00:00,,,,10.21,
2005-12-05 01:00:00,,,,9.161,
2005-12-05 02:00:00,,,,6.345,
2005-12-05 03:00:00,,,,7.811,
2005-12-05 04:00:00,,,,11.8,
2005-12-05 05:00:00,,,,8.451,
2005-12-05 06:00:00,,,,0.5,
2005-12-05 07:00:00,,,,3.256,
2005-12-05 08:00:00,,,,1.946,
2005-12-05 09:00:00,,,,4.394,
2005-12-05 10:00:00,,,,1.756,
2005-12-05 11:00:00,,,,1.917,
2005-12-05 12:00:00,,,,5.069,
2005-12-05 13:00:00,,,,2.351,
2005-12-05 14:00:00,,,,3.103,
2005-12-05 15:00:00,,,,9.506,
2005-12-05 16:00:00,,,,9.152,
2005-12-05 17:00:00,,,,5.833,
2005-12-05 18:00:00,,,,8.721,
2005-12-05 19:00:00,,,,9.254,
2005-12-05 20:00:00,,,,5.275,
2005-12-05 21:00:00,,,,5.522,
2005-12-05 22:00:00,,,,2.386,
2005-12-05 23:00:00,,,,1.952,
2005-12-06 00:00:00,,,,5.346,
2005-12-06 01:00:00,,,,12.69,
2005-12-06 02:00:00,,,,9.557,
2005-12-06 03:00:00,,,,22.0,
2005-12-06 04:00:00,,,,25.91,
2005-12-06 05:00:00,,,,31.43,
2005-12-06 06:00:00,,,,41.76,
2005-12-06 07:00:00,,,,21.13,
2005-12-06 08:00:00,,,,12.12,
2005-12-06 09:00:00,,,,26.05,
2005-12-06 10:00:00,,,,26.13,
2005-12-06 11:00:00,,,,25.28,
2005-12-06 12:00:00,,,,31.67,
2005-12-06 13:00:00,,,,27.77,
2005-12-06 14:00:00,,,,27.41,
2005-12-06 15:00:00,,,,23.87,
2005-12-06 16:00:00,,,,28.79,
2005-12-06 17:00:00,,,,27.38,
2005-12-06 18:00:00,,,,18.24,
2005-12-06 19:00:00,,,,18.01,
2005-12-06 20:00:00,,,,19.37,
2005-12-06 21:00:00,,,,12.51,
2005-12-06 22:00:00,,,,15.33,
2005-12-06 23:00:00,,,,17.58,
2005-12-07 00:00:00,,,,14.45,
2005-12-07 01:00:00,,,,8.373,
2005-12-07 02:00:00,,,,4.686,
2005-12-07 03:00:00,,,,4.594,
2005-12-07 04:00:00,,,,6.607,
2005-12-07 05:00:00,,,,5.863,
2005-12-07 06:00:00,,,,0.5,
2005-12-07 07:00:00,,,,1.858,
2005-12-07 08:00:00,,,,10.23,
2005-12-07 09:00:00,,,,21.94,
2005-12-07 10:00:00,,,,25.5,
2005-12-07 11:00:00,,,,29.42,
2005-12-07 12:00:00,,,,29.8,
2005-12-07 13:00:00,,,,32.68,
2005-12-07 14:00:00,,,,27.68,
2005-12-07 15:00:00,,,,35.24,
2005-12-07 16:00:00,,,,37.91,
2005-12-07 17:00:00,,,,31.51,
2005-12-07 18:00:00,,,,31.57,
2005-12-07 19:00:00,,,,28.6,
2005-12-07 20:00:00,,,,29.79,
2005-12-07 21:00:00,,,,26.57,
2005-12-07 22:00:00,,,,25.92,
2005-12-07 23:00:00,,,,22.98,
2005-12-08 00:00:00,,,,20.1,
2005-12-08 01:00:00,,,,16.14,
2005-12-08 02:00:00,,,,18.44,
2005-12-08 03:00:00,,,,16.08,
2005-12-08 04:00:00,,,,18.03,
2005-12-08 05:00:00,,,,15.87,
2005-12-08 06:00:00,,,,9.466,
2005-12-08 07:00:00,,,,2.083,
2005-12-08 08:00:00,,,,1.724,
2005-12-08 09:00:00,,,,7.8,
2005-12-08 10:00:00,,,,13.42,
2005-12-08 11:00:00,,,,21.41,
2005-12-08 12:00:00,,,,28.15,
2005-12-08 13:00:00,,,,46.01,
2005-12-08 14:00:00,,,,42.15,
2005-12-08 15:00:00,,,,46.51,
2005-12-08 16:00:00,,,,33.16,
2005-12-08 17:00:00,,,,33.46,
2005-12-08 18:00:00,,,,25.37,
2005-12-08 19:00:00,,,,15.64,
2005-12-08 20:00:00,,,,28.44,
2005-12-08 21:00:00,,,,20.4,
2005-12-08 22:00:00,,,,10.09,
2005-12-08 23:00:00,,,,1.272,
2005-12-09 00:00:00,,,,1.079,
2005-12-09 01:00:00,,,,3.078,
2005-12-09 02:00:00,,,,0.5,
2005-12-09 03:00:00,,,,0.5,
2005-12-09 04:00:00,,,,2.232,
2005-12-09 05:00:00,,,,2.543,
2005-12-09 06:00:00,,,,9.994,
2005-12-09 07:00:00,,,,8.474,
2005-12-09 08:00:00,,,,7.326,
2005-12-09 09:00:00,,,,17.05,
2005-12-09 10:00:00,,,,25.0,
2005-12-09 11:00:00,,,,37.28,
2005-12-09 12:00:00,,,,50.62,
2005-12-09 13:00:00,,,,50.57,
2005-12-09 14:00:00,,,,51.65,
2005-12-09 15:00:00,,,,40.19,
2005-12-09 16:00:00,,,,40.58,
2005-12-09 17:00:00,,,,38.35,
2005-12-09 18:00:00,17.93,,,35.03,
2005-12-09 19:00:00,1.623,,,29.26,
2005-12-09 20:00:00,,,,23.43,
2005-12-09 21:00:00,55.3,,,16.33,
2005-12-09 22:00:00,19.82,,,19.02,
2005-12-09 23:00:00,10.26,,,19.52,
2005-12-10 00:00:00,45.0,,,20.37,
2005-12-10 01:00:00,3.879,,,19.78,
2005-12-10 02:00:00,,,,18.06,
2005-12-10 03:00:00,48.57,,,16.03,
2005-12-10 04:00:00,4.335,,,25.91,
2005-12-10 05:00:00,,,,30.87,
2005-12-10 06:00:00,,,,29.62,
2005-12-10 07:00:00,,,,7.673,
2005-12-10 08:00:00,,,,16.03,
2005-12-10 09:00:00,,,,23.13,
2005-12-10 10:00:00,,,,27.37,
2005-12-10 11:00:00,,,,33.52,
2005-12-10 12:00:00,,,,34.31,
2005-12-10 13:00:00,0.984,,,35.5,
2005-12-10 14:00:00,23.3,,,35.56,
2005-12-10 15:00:00,7.87,,,37.09,
2005-12-10 16:00:00,0.515,,,37.41,
2005-12-10 17:00:00,8.878,,,37.82,
2005-12-10 18:00:00,0.819,,,38.05,
2005-12-10 19:00:00,,,,35.91,
2005-12-10 20:00:00,,,,28.42,
2005-12-10 21:00:00,,,,29.82,
2005-12-10 22:00:00,,,,26.03,
2005-12-10 23:00:00,6.563,,,23.17,
2005-12-11 00:00:00,0.597,,,23.91,
2005-12-11 01:00:00,2.176,,,19.54,
2005-12-11 02:00:00,2.425,,,23.0,
2005-12-11 03:00:00,20.18,,,16.4,
2005-12-11 04:00:00,16.46,,,13.47,
2005-12-11 05:00:00,11.51,,,22.2,
2005-12-11 06:00:00,0.941,,,15.48,
2005-12-11 07:00:00,,,,22.86,
2005-12-11 08:00:00,,,,33.52,
2005-12-11 09:00:00,18.49,,,37.58,
2005-12-11 10:00:00,3.326,,,39.83,
2005-12-11 11:00:00,19.48,,,30.8,
2005-12-11 12:00:00,32.51,,,29.73,
2005-12-11 13:00:00,2.749,,,37.02,
2005-12-11 14:00:00,8.302,,,40.37,
2005-12-11 15:00:00,0.768,,,39.76,
2005-12-11 16:00:00,,,,37.4,
2005-12-11 17:00:00,11.1,,,37.19,
2005-12-11 18:00:00,1.041,,,36.04,
2005-12-11 19:00:00,0.751,,,31.83,
2005-12-11 20:00:00,16.05,,,26.54,
2005-12-11 21:00:00,7.741,,,23.38,
2005-12-11 22:00:00,0.591,,,23.0,
2005-12-11 23:00:00,23.68,,,24.86,
2005-12-12 00:00:00,17.93,,,26.04,
2005-12-12 01:00:00,1.482,,,26.05,
2005-12-12 02:00:00,,,,22.67,
2005-12-12 03:00:00,,,,19.93,
2005-12-12 04:00:00,18.65,,,18.89,
2005-12-12 05:00:00,1.751,,,21.4,
2005-12-12 06:00:00,,,,16.02,
2005-12-12 07:00:00,,,,4.206,
2005-12-12 08:00:00,1.128,,,9.9,
2005-12-12 09:00:00,0.108,,,20.65,
2005-12-12 10:00:00,10.44,,,24.45,
2005-12-12 11:00:00,10.45,,,28.65,
2005-12-12 12:00:00,4.448,,,41.79,
2005-12-12 13:00:00,0.32,,,42.55,
2005-12-12 14:00:00,12.6,,,44.28,
2005-12-12 15:00:00,28.24,,,41.26,
2005-12-12 16:00:00,2.506,,,39.39,
2005-12-12 17:00:00,25.97,,,37.56,
2005-12-12 18:00:00,2.321,,,31.12,
2005-12-12 19:00:00,24.65,,,27.2,
2005-12-12 20:00:00,15.84,,,26.15,
2005-12-12 21:00:00,11.0,,,25.86,
2005-12-12 22:00:00,0.891,,,24.65,
2005-12-12 23:00:00,12.07,,,22.81,
2005-12-13 00:00:00,1.119,,,22.72,
2005-12-13 01:00:00,20.31,,,24.32,
2005-12-13 02:00:00,9.372,,,25.3,
2005-12-13 03:00:00,5.222,,,26.28,
2005-12-13 04:00:00,20.67,,,26.31,
2005-12-13 05:00:00,1.844,,,21.88,
2005-12-13 06:00:00,,,,15.05,
2005-12-13 07:00:00,,,,5.928,
2005-12-13 08:00:00,5.29,,,7.443,
2005-12-13 09:00:00,22.31,,,13.77,
2005-12-13 10:00:00,6.992,,,26.73,
2005-12-13 11:00:00,,,,32.43,
2005-12-13 12:00:00,,,,38.13,
2005-12-13 13:00:00,,,,37.44,
2005-12-13 14:00:00,9.874,,,34.33,
2005-12-13 15:00:00,4.616,,,,
2005-12-13 16:00:00,12.33,,,30.41,
2005-12-13 17:00:00,23.12,,,26.91,
2005-12-13 18:00:00,16.28,,,25.32,
2005-12-13 19:00:00,20.35,,,24.36,
2005-12-13 20:00:00,9.382,,,26.12,
2005-12-13 21:00:00,22.55,,,25.72,
2005-12-13 22:00:00,10.52,,,24.3,
2005-12-13 23:00:00,9.135,,,24.52,
2005-12-14 00:00:00,4.229,,,25.15,
2005-12-14 01:00:00,2.857,,,26.26,
2005-12-14 02:00:00,1.344,,,26.5,
2005-12-14 03:00:00,0.014,,,26.75,
2005-12-14 04:00:00,5.567,,,25.95,
2005-12-14 05:00:00,9.882,,,23.66,
2005-12-14 06:00:00,8.744,,,16.8,
2005-12-14 07:00:00,18.61,,,10.1,
2005-12-14 08:00:00,17.24,,,9.497,
2005-12-14 09:00:00,4.523,,,15.14,
2005-12-14 10:00:00,18.42,,,23.54,
2005-12-14 11:00:00,8.701,,,29.49,
2005-12-14 12:00:00,2.926,,,34.58,
2005-12-14 13:00:00,1.368,,,29.25,
2005-12-14 14:00:00,,,,31.86,
2005-12-14 15:00:00,,,,32.32,
2005-12-14 16:00:00,3.26,,,30.31,
2005-12-14 17:00:00,15.59,,,28.83,
2005-12-14 18:00:00,17.38,,,22.63,
2005-12-14 19:00:00,9.098,,,22.22,
2005-12-14 20:00:00,20.49,,,21.15,
2005-12-14 21:00:00,31.76,,,19.83,
2005-12-14 22:00:00,10.8,,,15.98,
2005-12-14 23:00:00,11.43,,,17.19,
2005-12-15 00:00:00,5.295,,,18.28,
2005-12-15 01:00:00,,,,18.82,
2005-12-15 02:00:00,,,,19.26,
2005-12-15 03:00:00,7.571,,,17.81,
2005-12-15 04:00:00,7.827,,,17.05,
2005-12-15 05:00:00,14.26,,,15.14,
2005-12-15 06:00:00,5.722,,,10.97,
2005-12-15 07:00:00,7.23,,,4.486,
2005-12-15 08:00:00,6.532,,,7.519,
2005-12-15 09:00:00,12.04,,,12.63,
2005-12-15 10:00:00,4.936,,,22.06,
2005-12-15 11:00:00,13.15,,,31.35,
2005-12-15 12:00:00,6.189,,,36.65,
2005-12-15 13:00:00,,,,44.42,
2005-12-15 14:00:00,,,,44.74,
2005-12-15 15:00:00,,,,38.36,
2005-12-15 16:00:00,4.218,,,43.57,
2005-12-15 17:00:00,29.64,,,40.75,
2005-12-15 18:00:00,37.43,,,34.25,
2005-12-15 19:00:00,11.42,,,25.13,
2005-12-15 20:00:00,27.77,,,16.62,
2005-12-15 21:00:00,35.29,,,15.05,
2005-12-15 22:00:00,16.33,,,16.12,
2005-12-15 23:00:00,30.44,,,12.15,
2005-12-16 00:00:00,13.02,,,9.191,
2005-12-16 01:00:00,9.351,,,6.047,
2005-12-16 02:00:00,5.577,,,10.56,
2005-12-16 03:00:00,0.563,,,10.71,
2005-12-16 04:00:00,4.883,,,6.81,
2005-12-16 05:00:00,12.01,,,2.867,
2005-12-16 06:00:00,21.91,,,2.263,
2005-12-16 07:00:00,20.37,,,3.415,
2005-12-16 08:00:00,22.03,,,5.117,
2005-12-16 09:00:00,16.45,,,12.24,
2005-12-16 10:00:00,35.62,,,20.37,
2005-12-16 11:00:00,14.91,,,36.27,
2005-12-16 12:00:00,,,,42.51,
2005-12-16 13:00:00,8.388,,,48.04,
2005-12-16 14:00:00,3.945,,,38.1,
2005-12-16 15:00:00,6.995,,,46.99,
2005-12-16 16:00:00,3.311,,,49.56,
2005-12-16 17:00:00,19.01,,,41.61,
2005-12-16 18:00:00,24.26,,,40.55,
2005-12-16 19:00:00,15.08,,,35.93,
2005-12-16 20:00:00,29.73,,,33.73,
2005-12-16 21:00:00,42.02,,,37.59,
2005-12-16 22:00:00,22.11,,,45.0,
2005-12-16 23:00:00,30.27,,,40.46,
2005-12-17 00:00:00,12.56,,,31.27,
2005-12-17 01:00:00,,,,20.89,
2005-12-17 02:00:00,,,,27.98,
2005-12-17 03:00:00,,,,28.22,
2005-12-17 04:00:00,,,,38.68,
2005-12-17 05:00:00,1.08,,,39.09,
2005-12-17 06:00:00,18.0,,,26.93,
2005-12-17 07:00:00,9.24,,,13.87,
2005-12-17 08:00:00,24.52,,,15.09,
2005-12-17 09:00:00,19.18,,,19.64,
2005-12-17 10:00:00,3.674,,,32.96,
2005-12-17 11:00:00,0.555,,,40.99,
2005-12-17 12:00:00,0.264,,,36.3,
2005-12-17 13:00:00,,,,36.62,
2005-12-17 14:00:00,,,,41.46,
2005-12-17 15:00:00,,,,55.4,
2005-12-17 16:00:00,,,,60.65,
2005-12-17 17:00:00,,,,54.83,
2005-12-17 18:00:00,,,,48.92,
2005-12-17 19:00:00,,,,46.17,
2005-12-17 20:00:00,,,,39.8,
2005-12-17 21:00:00,,,,34.13,
2005-12-17 22:00:00,11.59,,,33.49,
2005-12-17 23:00:00,5.45,,,32.53,
2005-12-18 00:00:00,,,,33.6,
2005-12-18 01:00:00,,,,29.05,
2005-12-18 02:00:00,,,,26.03,
2005-12-18 03:00:00,,,,23.99,
2005-12-18 04:00:00,,,,25.2,
2005-12-18 05:00:00,,,,26.94,
2005-12-18 06:00:00,,,,19.79,
2005-12-18 07:00:00,0.129,,,24.33,
2005-12-18 08:00:00,4.991,,,26.29,
2005-12-18 09:00:00,2.32,,,31.5,
2005-12-18 10:00:00,,,,42.98,
2005-12-18 12:00:00,0.53,,,52.64,
2005-12-18 13:00:00,3.525,,,63.41,
2005-12-18 14:00:00,1.665,,,59.62,
2005-12-18 15:00:00,,,,53.56,
2005-12-18 16:00:00,,,,48.87,
2005-12-18 17:00:00,,,,37.17,
2005-12-18 18:00:00,,,,38.44,
2005-12-18 19:00:00,14.52,,,26.55,
2005-12-18 20:00:00,8.335,,,23.04,
2005-12-18 21:00:00,22.2,,,19.78,
2005-12-18 22:00:00,11.91,,,14.53,
2005-12-18 23:00:00,30.89,,,11.62,
2005-12-19 00:00:00,14.07,,,14.22,
2005-12-19 01:00:00,0.068,,,7.571,
2005-12-19 02:00:00,31.82,,,4.078,
2005-12-19 03:00:00,18.71,,,10.81,
2005-12-19 04:00:00,14.51,,,39.6,
2005-12-19 05:00:00,5.957,,,55.91,
2005-12-19 06:00:00,,,,38.34,
2005-12-19 07:00:00,5.145,,,15.41,
2005-12-19 08:00:00,2.415,,,11.23,
2005-12-19 09:00:00,,,,12.39,
2005-12-19 10:00:00,3.471,,,26.27,
2005-12-19 11:00:00,33.34,,,35.84,
2005-12-19 12:00:00,14.91,,,46.17,
2005-12-19 13:00:00,,,,49.47,
2005-12-19 14:00:00,,,,40.91,
2005-12-19 15:00:00,,,,56.42,
2005-12-19 16:00:00,11.8,,,50.82,
2005-12-19 17:00:00,9.077,,,52.67,
2005-12-19 18:00:00,24.64,,,50.72,
2005-12-19 19:00:00,21.94,,,41.07,
2005-12-19 20:00:00,10.58,,,39.9,
2005-12-19 21:00:00,24.0,,,38.04,
2005-12-19 22:00:00,17.95,,,39.12,
2005-12-19 23:00:00,17.47,,,37.81,
2005-12-20 00:00:00,6.393,,,36.13,
2005-12-20 01:00:00,,,,34.34,
2005-12-20 02:00:00,,,,34.33,
2005-12-20 03:00:00,,,,36.23,
2005-12-20 04:00:00,,,,37.54,
2005-12-20 05:00:00,1.198,,,29.73,
2005-12-20 06:00:00,0.573,,,21.71,
2005-12-20 07:00:00,17.1,,,11.12,
2005-12-20 08:00:00,8.027,,,14.02,
2005-12-20 09:00:00,18.53,,,20.81,
2005-12-20 10:00:00,12.94,,,24.37,
2005-12-20 11:00:00,1.994,,,25.02,
2005-12-20 12:00:00,1.352,,,31.7,
2005-12-20 13:00:00,2.378,,,35.95,
2005-12-20 14:00:00,15.22,,,34.78,
2005-12-20 15:00:00,6.721,,,33.47,
2005-12-20 16:00:00,,,,34.14,
2005-12-20 17:00:00,,,,28.26,
2005-12-20 18:00:00,16.31,,,23.67,
2005-12-20 19:00:00,9.138,,,19.72,
2005-12-20 20:00:00,11.52,,,18.43,
2005-12-20 21:00:00,18.61,,,16.31,
2005-12-20 22:00:00,6.364,,,18.55,
2005-12-20 23:00:00,2.939,,,20.18,
2005-12-21 00:00:00,1.38,,,21.7,
2005-12-21 01:00:00,,,,21.38,
2005-12-21 02:00:00,,,,20.33,
2005-12-21 03:00:00,,,,18.1,
2005-12-21 04:00:00,5.053,,,15.46,
2005-12-21 05:00:00,11.07,,,11.71,
2005-12-21 06:00:00,8.666,,,6.427,
2005-12-21 07:00:00,3.992,,,6.375,
2005-12-21 08:00:00,11.8,,,8.84,
2005-12-21 09:00:00,20.05,,,14.83,
2005-12-21 10:00:00,26.94,,,23.42,
2005-12-21 11:00:00,9.441,,,30.22,
2005-12-21 12:00:00,14.88,,,41.06,
2005-12-21 13:00:00,7.043,,,33.21,
2005-12-21 14:00:00,9.711,,,38.55,
2005-12-21 15:00:00,10.53,,,41.82,
2005-12-21 16:00:00,28.18,,,40.75,
2005-12-21 17:00:00,16.33,,,34.86,
2005-12-21 18:00:00,17.21,,,29.78,
2005-12-21 19:00:00,7.182,,,27.11,
2005-12-21 20:00:00,44.8,,,27.07,
2005-12-21 21:00:00,34.89,,,18.51,
2005-12-21 22:00:00,24.14,,,13.65,
2005-12-21 23:00:00,24.74,,,11.37,
2005-12-22 00:00:00,7.775,,,8.171,
2005-12-22 01:00:00,,,,7.421,
2005-12-22 02:00:00,1.552,,,6.619,
2005-12-22 03:00:00,2.063,,,2.75,
2005-12-22 04:00:00,4.617,,,2.892,
2005-12-22 05:00:00,2.926,,,4.686,
2005-12-22 06:00:00,15.02,,,2.068,
2005-12-22 07:00:00,19.03,,,2.743,
2005-12-22 08:00:00,28.47,,,4.101,
2005-12-22 09:00:00,10.76,,,6.821,
2005-12-22 10:00:00,20.72,,,10.77,
2005-12-22 11:00:00,16.05,,,22.42,
2005-12-22 12:00:00,2.942,,,53.58,
2005-12-22 13:00:00,,,,56.78,
2005-12-22 14:00:00,9.223,,,43.74,
2005-12-22 15:00:00,8.0,,,43.37,
2005-12-22 16:00:00,1.717,,,39.94,
2005-12-22 17:00:00,0.759,,,51.3,
2005-12-22 18:00:00,2.166,,,58.08,
2005-12-22 19:00:00,12.88,,,48.73,
2005-12-22 20:00:00,19.63,,,36.24,
2005-12-22 21:00:00,38.87,,,33.94,
2005-12-22 22:00:00,16.33,,,38.75,
2005-12-22 23:00:00,27.86,,,28.77,
2005-12-23 00:00:00,13.09,,,26.47,
2005-12-23 01:00:00,13.38,,,27.75,
2005-12-23 02:00:00,6.415,,,27.67,
2005-12-23 03:00:00,12.84,,,24.97,
2005-12-23 04:00:00,8.339,,,20.81,
2005-12-23 05:00:00,24.86,,,24.63,
2005-12-23 06:00:00,11.41,,,9.407,
2005-12-23 07:00:00,2.3,,,5.24,
2005-12-23 08:00:00,26.51,,,10.08,
2005-12-23 09:00:00,12.1,,,14.22,
2005-12-23 10:00:00,19.92,,,22.34,
2005-12-23 11:00:00,27.6,,,21.23,
2005-12-23 12:00:00,24.09,,,25.26,
2005-12-23 13:00:00,10.5,,,17.1,
2005-12-23 14:00:00,18.12,,,11.86,
2005-12-23 15:00:00,19.03,,,11.84,
2005-12-23 16:00:00,23.58,,,7.844,
2005-12-23 17:00:00,15.11,,,10.86,
2005-12-23 18:00:00,3.068,,,10.57,
2005-12-23 19:00:00,11.37,,,10.09,
2005-12-23 20:00:00,5.453,,,10.21,
2005-12-23 21:00:00,,,,6.164,
2005-12-23 22:00:00,,,,8.349,
2005-12-23 23:00:00,,,,8.659,
2005-12-24 00:00:00,,,,8.936,
2005-12-24 01:00:00,,,,12.24,
2005-12-24 02:00:00,6.493,,,10.39,
2005-12-24 03:00:00,6.771,,,9.183,
2005-12-24 04:00:00,6.07,,,9.227,
2005-12-24 05:00:00,20.35,,,10.57,
2005-12-24 06:00:00,10.04,,,18.06,
2005-12-24 07:00:00,18.7,,,21.3,
2005-12-24 08:00:00,8.692,,,23.3,
2005-12-24 09:00:00,20.59,,,23.01,
2005-12-24 10:00:00,17.66,,,21.82,
2005-12-24 11:00:00,3.708,,,32.15,
2005-12-24 12:00:00,,,,37.53,
2005-12-24 13:00:00,,,,42.54,
2005-12-24 14:00:00,,,,40.15,
2005-12-24 15:00:00,,,,35.54,
2005-12-24 16:00:00,8.093,,,36.02,
2005-12-24 17:00:00,3.93,,,37.82,
2005-12-24 18:00:00,,,,38.22,
2005-12-24 19:00:00,,,,32.11,
2005-12-24 20:00:00,,,,25.45,
2005-12-24 21:00:00,,,,19.8,
2005-12-24 22:00:00,,,,20.99,
2005-12-24 23:00:00,,,,19.45,
2005-12-25 00:00:00,4.387,,,15.69,
2005-12-25 01:00:00,2.131,,,9.959,
2005-12-25 02:00:00,12.67,,,6.762,
2005-12-25 03:00:00,21.69,,,5.317,
2005-12-25 04:00:00,7.597,,,5.143,
2005-12-25 05:00:00,6.077,,,15.33,
2005-12-25 06:00:00,3.793,,,14.5,
2005-12-25 07:00:00,18.7,,,16.78,
2005-12-25 08:00:00,10.03,,,23.28,
2005-12-25 09:00:00,0.515,,,26.62,
2005-12-25 10:00:00,,,,27.69,
2005-12-25 11:00:00,,,,28.23,
2005-12-25 12:00:00,,,,27.0,
2005-12-25 13:00:00,,,,28.0,
2005-12-25 14:00:00,,,,28.37,
2005-12-25 15:00:00,,,,27.3,
2005-12-25 16:00:00,,,,27.73,
2005-12-25 17:00:00,,,,29.72,
2005-12-25 18:00:00,,,,28.53,
2005-12-25 19:00:00,,,,29.09,
2005-12-25 20:00:00,,,,25.1,
2005-12-25 21:00:00,4.41,,,18.56,
2005-12-25 22:00:00,10.91,,,12.15,
2005-12-25 23:00:00,10.8,,,11.46,
2005-12-26 00:00:00,3.141,,,11.83,
2005-12-26 01:00:00,,,,15.65,
2005-12-26 02:00:00,,,,19.86,
2005-12-26 03:00:00,,,,20.25,
2005-12-26 04:00:00,,,,15.66,
2005-12-26 05:00:00,,,,8.221,
2005-12-26 06:00:00,,,,1.69,
2005-12-26 07:00:00,13.13,,,3.307,
2005-12-26 08:00:00,6.179,,,5.935,
2005-12-26 09:00:00,18.61,,,8.687,
2005-12-26 10:00:00,15.71,,,19.39,
2005-12-26 11:00:00,3.273,,,56.49,
2005-12-26 12:00:00,3.926,,,49.98,
2005-12-26 13:00:00,3.085,,,38.87,
2005-12-26 14:00:00,0.595,,,35.32,
2005-12-26 15:00:00,11.57,,,37.39,
2005-12-26 16:00:00,5.455,,,38.11,
2005-12-26 17:00:00,0.006,,,32.46,
2005-12-26 18:00:00,,,,31.06,
2005-12-26 19:00:00,3.239,,,27.38,
2005-12-26 20:00:00,19.66,,,27.16,
2005-12-26 21:00:00,20.61,,,22.72,
2005-12-26 22:00:00,21.07,,,23.37,
2005-12-26 23:00:00,16.59,,,22.34,
2005-12-27 00:00:00,4.418,,,20.46,
2005-12-27 01:00:00,13.26,,,20.86,
2005-12-27 02:00:00,6.239,,,21.64,
2005-12-27 03:00:00,,,,19.69,
2005-12-27 04:00:00,,,,19.14,
2005-12-27 05:00:00,1.875,,,15.73,
2005-12-27 06:00:00,0.895,,,5.556,
2005-12-27 07:00:00,24.21,,,2.994,
2005-12-27 08:00:00,15.08,,,6.277,
2005-12-27 09:00:00,13.37,,,12.96,
2005-12-27 10:00:00,13.26,,,19.55,
2005-12-27 11:00:00,3.645,,,31.1,
2005-12-27 12:00:00,,,,28.99,
2005-12-27 13:00:00,,,,36.56,
2005-12-27 14:00:00,,,,41.74,
2005-12-27 15:00:00,,,,44.81,
2005-12-27 16:00:00,,,,34.42,
2005-12-27 18:00:00,,,,26.09,
2005-12-27 19:00:00,,,,22.62,
2005-12-27 20:00:00,,,,21.0,
2005-12-27 21:00:00,1.013,,,17.67,
2005-12-27 22:00:00,7.679,,,17.21,
2005-12-27 23:00:00,15.94,,,17.32,
2005-12-28 00:00:00,13.27,,,19.42,
2005-12-28 01:00:00,18.47,,,20.71,
2005-12-28 02:00:00,1.661,,,20.35,
2005-12-28 03:00:00,9.404,,,20.33,
2005-12-28 04:00:00,9.623,,,20.09,
2005-12-28 05:00:00,3.991,,,19.61,
2005-12-28 06:00:00,,,,10.29,
2005-12-28 07:00:00,,,,5.746,
2005-12-28 08:00:00,0.935,,,6.801,
2005-12-28 09:00:00,9.449,,,11.1,
2005-12-28 10:00:00,26.2,,,17.51,
2005-12-28 11:00:00,13.29,,,27.19,
2005-12-28 12:00:00,3.489,,,33.42,
2005-12-28 13:00:00,,,,34.0,
2005-12-28 14:00:00,,,,36.05,
2005-12-28 15:00:00,,,,39.05,
2005-12-28 16:00:00,,,,33.17,
2005-12-28 17:00:00,1.421,,,32.8,
2005-12-28 18:00:00,7.592,,,27.33,
2005-12-28 19:00:00,9.608,,,24.86,
2005-12-28 20:00:00,21.66,,,19.62,
2005-12-28 21:00:00,9.475,,,18.12,
2005-12-28 22:00:00,17.85,,,17.58,
2005-12-28 23:00:00,14.37,,,15.21,
2005-12-29 00:00:00,16.6,,,13.55,
2005-12-29 01:00:00,2.795,,,14.68,
2005-12-29 02:00:00,12.79,,,14.67,
2005-12-29 03:00:00,2.642,,,14.2,
2005-12-29 04:00:00,13.65,,,14.43,
2005-12-29 05:00:00,9.255,,,14.39,
2005-12-29 06:00:00,10.38,,,7.729,
2005-12-29 07:00:00,,,,2.8,
2005-12-29 08:00:00,1.545,,,3.704,
2005-12-29 09:00:00,8.955,,,8.234,
2005-12-29 10:00:00,8.334,,,11.89,
2005-12-29 11:00:00,1.422,,,16.17,
2005-12-29 12:00:00,6.578,,,16.22,
2005-12-29 13:00:00,4.268,,,11.38,
2005-12-29 14:00:00,24.91,,,18.05,
2005-12-29 15:00:00,24.57,,,13.51,
2005-12-29 16:00:00,2.917,,,19.04,
2005-12-29 17:00:00,14.86,,,30.58,
2005-12-29 18:00:00,9.656,,,24.47,
2005-12-29 19:00:00,15.25,,,14.07,
2005-12-29 20:00:00,3.472,,,1.946,
2005-12-29 21:00:00,18.58,,,13.63,
2005-12-29 22:00:00,14.95,,,7.554,
2005-12-29 23:00:00,20.34,,,5.158,
2005-12-30 00:00:00,30.86,,,6.872,
2005-12-30 01:00:00,30.56,,,3.787,
2005-12-30 02:00:00,9.615,,,9.032,
2005-12-30 03:00:00,13.68,,,12.19,
2005-12-30 04:00:00,26.62,,,6.511,
2005-12-30 05:00:00,28.62,,,2.014,
2005-12-30 06:00:00,39.98,,,1.582,
2005-12-30 07:00:00,23.43,,,2.075,
2005-12-30 08:00:00,19.94,,,4.19,
2005-12-30 09:00:00,31.08,,,13.1,
2005-12-30 10:00:00,5.918,,,35.35,
2005-12-30 11:00:00,32.88,,,53.03,
2005-12-30 12:00:00,23.41,,,64.65,
2005-12-30 13:00:00,3.52,,,65.85,
2005-12-30 14:00:00,16.68,,,69.78,
2005-12-30 15:00:00,2.81,,,65.11,
2005-12-30 16:00:00,5.584,,,67.41,
2005-12-30 17:00:00,0.308,,,69.98,
2005-12-30 18:00:00,1.427,,,56.46,
2005-12-30 19:00:00,,,,50.99,
2005-12-30 20:00:00,,,,36.48,
2005-12-30 21:00:00,4.544,,,32.49,
2005-12-30 22:00:00,22.97,,,22.83,
2005-12-30 23:00:00,14.55,,,28.92,
2005-12-31 00:00:00,29.25,,,31.56,
2005-12-31 01:00:00,14.64,,,35.75,
2005-12-31 02:00:00,11.9,,,27.17,
2005-12-31 03:00:00,,,,17.91,
2005-12-31 04:00:00,0.009,,,15.28,
2005-12-31 05:00:00,0.045,,,16.31,
2005-12-31 06:00:00,0.016,,,21.24,
2005-12-31 07:00:00,2.392,,,18.42,
2005-12-31 08:00:00,15.57,,,12.34,
2005-12-31 09:00:00,20.2,,,13.41,
2005-12-31 10:00:00,4.162,,,14.14,
2005-12-31 11:00:00,23.3,,,23.62,
2005-12-31 12:00:00,22.63,,,25.06,
2005-12-31 13:00:00,33.15,,,40.17,
2005-12-31 14:00:00,44.13,,,30.52,
2005-12-31 15:00:00,21.67,,,35.37,
2005-12-31 16:00:00,2.155,,,45.72,
2005-12-31 17:00:00,10.92,,,44.82,
2005-12-31 18:00:00,3.892,,,51.35,
2005-12-31 19:00:00,,,,39.06,
2005-12-31 20:00:00,1.4,,,32.18,
2005-12-31 21:00:00,6.622,,,28.76,
2005-12-31 22:00:00,1.979,,,30.44,
2005-12-31 23:00:00,11.29,,,25.73,
