data,pm10,so2,no2,o3,co
2003-01-01 00:00:00,49.54,0.65,15.66,12.22,0.94
2003-01-01 01:00:00,82.64,0.65,16.24,9.843,0.828
2003-01-01 02:00:00,69.46,0.65,22.81,3.699,0.987
2003-01-01 03:00:00,41.22,0.65,12.31,14.39,0.574
2003-01-01 04:00:00,15.59,0.65,7.759,17.74,0.305
2003-01-01 05:00:00,8.868,0.65,7.321,17.35,0.276
2003-01-01 06:00:00,17.86,0.65,8.353,17.28,0.221
2003-01-01 07:00:00,5.784,0.65,6.206,17.86,0.192
2003-01-01 08:00:00,,0.65,4.321,19.77,0.201
2003-01-01 09:00:00,8.663,0.65,3.411,23.58,0.165
2003-01-01 10:00:00,20.72,0.65,4.681,23.81,0.275
2003-01-01 11:00:00,,0.65,4.751,26.85,0.212
2003-01-01 12:00:00,,0.65,6.424,33.37,0.203
2003-01-01 13:00:00,,0.65,6.804,41.08,0.209
2003-01-01 14:00:00,0.47,0.65,3.668,37.29,0.168
2003-01-01 15:00:00,7.711,0.65,2.492,32.57,0.159
2003-01-01 16:00:00,15.75,0.65,2.522,31.37,0.14
2003-01-01 17:00:00,6.204,0.65,4.096,29.53,0.145
2003-01-01 18:00:00,14.84,0.65,3.818,28.08,0.189
2003-01-01 19:00:00,,0.65,4.196,29.44,0.228
2003-01-01 20:00:00,6.128,0.65,4.47,26.54,0.22
2003-01-01 21:00:00,18.39,0.65,5.007,24.03,0.215
2003-01-01 22:00:00,14.92,0.65,6.897,18.67,0.197
2003-01-01 23:00:00,14.84,0.65,6.796,15.65,0.181
2003-01-02 00:00:00,4.079,0.65,5.749,17.93,0.164
2003-01-02 01:00:00,9.802,0.65,3.843,22.44,0.241
2003-01-02 02:00:00,1.645,0.65,3.133,22.02,0.238
2003-01-02 03:00:00,3.987,0.65,1.662,23.58,0.199
2003-01-02 04:00:00,2.353,0.65,1.513,21.54,0.238
2003-01-02 05:00:00,5.637,0.65,3.082,18.61,0.224
2003-01-02 06:00:00,,0.65,6.435,15.33,0.184
2003-01-02 07:00:00,5.46,0.65,13.06,8.458,0.441
2003-01-02 08:00:00,16.5,0.65,12.19,9.425,0.41
2003-01-02 09:00:00,8.845,0.65,8.866,17.49,0.453
2003-01-02 10:00:00,9.773,0.65,8.346,23.25,0.372
2003-01-02 11:00:00,19.05,0.65,6.589,27.73,0.29
2003-01-02 12:00:00,0.073,0.65,8.467,28.2,0.349
2003-01-02 13:00:00,0.176,0.65,7.465,29.02,0.304
2003-01-02 14:00:00,,0.65,6.756,31.67,0.349
2003-01-02 15:00:00,11.32,0.65,7.098,33.24,0.273
2003-01-02 16:00:00,27.3,0.65,7.844,33.04,0.267
2003-01-02 17:00:00,4.537,0.65,6.239,31.75,0.256
2003-01-02 18:00:00,15.84,0.65,6.361,26.95,0.215
2003-01-02 19:00:00,17.25,0.65,6.646,23.24,0.231
2003-01-02 20:00:00,20.05,0.65,7.908,20.44,0.218
2003-01-02 21:00:00,25.58,0.65,7.747,21.68,0.228
2003-01-02 22:00:00,24.51,0.65,6.709,22.92,0.17
2003-01-02 23:00:00,14.78,0.65,6.974,23.27,0.232
2003-01-03 00:00:00,15.28,0.65,4.293,24.82,0.264
2003-01-03 01:00:00,15.74,0.65,3.015,25.36,0.339
2003-01-03 02:00:00,,0.65,2.229,24.47,0.387
2003-01-03 03:00:00,8.044,0.65,1.752,24.82,0.306
2003-01-03 04:00:00,19.37,0.65,0.901,25.32,0.343
2003-01-03 05:00:00,2.995,0.65,1.847,21.37,0.344
2003-01-03 06:00:00,9.252,0.65,5.236,17.11,0.413
2003-01-03 07:00:00,7.39,0.65,9.099,13.75,0.497
2003-01-03 08:00:00,14.45,0.65,8.75,13.56,0.453
2003-01-03 09:00:00,23.71,0.65,6.492,16.95,0.424
2003-01-03 10:00:00,14.99,0.65,5.629,19.77,0.49
2003-01-03 11:00:00,13.08,0.65,5.622,21.56,0.443
2003-01-03 12:00:00,5.709,0.65,5.06,22.06,0.497
2003-01-03 13:00:00,15.61,0.65,4.76,26.23,0.527
2003-01-03 14:00:00,10.59,0.65,6.319,27.33,0.465
2003-01-03 15:00:00,17.87,0.65,,29.38,
2003-01-03 16:00:00,5.796,,,28.33,0.528
2003-01-03 17:00:00,7.436,3.561,10.38,26.65,0.444
2003-01-03 18:00:00,24.89,3.544,10.3,27.79,0.449
2003-01-03 19:00:00,23.46,4.25,9.866,22.35,0.474
2003-01-03 20:00:00,28.9,4.586,12.74,11.83,0.543
2003-01-03 21:00:00,36.47,4.683,15.87,3.267,0.62
2003-01-03 22:00:00,17.12,4.822,12.19,9.209,0.353
2003-01-03 23:00:00,30.07,4.338,9.478,8.112,0.413
2003-01-04 00:00:00,13.46,3.384,8.033,7.906,0.37
2003-01-04 01:00:00,9.111,0.65,8.304,7.076,0.535
2003-01-04 02:00:00,,0.65,6.72,7.954,0.48
2003-01-04 03:00:00,1.968,0.65,5.571,9.932,0.411
2003-01-04 04:00:00,11.27,0.65,5.086,8.254,0.399
2003-01-04 05:00:00,17.71,0.65,6.48,5.07,0.44
2003-01-04 06:00:00,5.661,0.65,8.522,1.432,0.442
2003-01-04 07:00:00,13.87,0.65,8.044,0.5,0.716
2003-01-04 08:00:00,34.75,0.65,8.228,1.972,0.61
2003-01-04 09:00:00,17.44,0.65,11.96,1.696,1.005
2003-01-04 10:00:00,17.18,0.65,11.5,4.557,0.987
2003-01-04 11:00:00,34.11,0.65,12.04,10.8,0.942
2003-01-04 12:00:00,34.45,0.65,25.2,29.55,0.92
2003-01-04 13:00:00,8.834,0.65,31.02,53.92,0.76
2003-01-04 14:00:00,5.488,0.65,30.25,43.76,0.747
2003-01-04 15:00:00,18.73,0.65,27.1,41.96,0.688
2003-01-04 16:00:00,14.53,0.65,29.71,45.92,0.665
2003-01-04 17:00:00,7.899,0.65,25.1,48.85,0.528
2003-01-04 18:00:00,14.8,0.65,15.8,38.21,0.348
2003-01-04 19:00:00,15.54,0.65,13.5,34.29,0.396
2003-01-04 20:00:00,28.78,0.65,12.81,34.58,0.358
2003-01-04 21:00:00,30.59,0.65,13.72,24.5,0.515
2003-01-04 22:00:00,28.34,0.65,14.54,20.44,0.482
2003-01-04 23:00:00,13.98,0.65,14.29,17.21,0.591
2003-01-05 00:00:00,20.05,0.65,14.15,16.87,0.493
2003-01-05 01:00:00,24.35,0.65,11.11,19.91,0.276
2003-01-05 02:00:00,11.12,0.65,12.98,14.7,0.456
2003-01-05 03:00:00,12.13,0.65,12.69,11.98,0.448
2003-01-05 04:00:00,21.56,0.65,10.47,14.11,0.382
2003-01-05 05:00:00,8.448,0.65,10.56,12.17,0.291
2003-01-05 06:00:00,1.88,0.65,9.783,16.9,0.208
2003-01-05 07:00:00,0.461,0.65,13.64,7.446,0.793
2003-01-05 08:00:00,8.767,0.65,11.91,17.25,0.28
2003-01-05 09:00:00,18.75,0.65,11.11,22.95,0.272
2003-01-05 10:00:00,0.999,0.65,11.1,25.08,0.251
2003-01-05 11:00:00,6.748,0.65,12.66,24.02,0.412
2003-01-05 12:00:00,15.3,1.418,15.41,24.8,0.483
2003-01-05 13:00:00,0.236,0.65,13.07,31.47,0.313
2003-01-05 14:00:00,3.359,0.65,13.93,30.21,0.335
2003-01-05 15:00:00,10.68,0.65,13.29,31.29,0.293
2003-01-05 16:00:00,9.614,0.65,14.37,31.02,0.33
2003-01-05 17:00:00,,0.65,13.36,35.73,0.282
2003-01-05 18:00:00,4.952,0.65,12.14,35.12,0.353
2003-01-05 19:00:00,18.67,0.65,10.51,35.04,0.332
2003-01-05 20:00:00,23.39,0.65,11.37,28.02,0.345
2003-01-05 21:00:00,25.93,0.65,11.95,19.14,0.394
2003-01-05 22:00:00,24.12,1.515,14.03,14.94,0.475
2003-01-05 23:00:00,12.24,0.65,13.75,17.99,0.388
2003-01-06 00:00:00,27.55,0.65,12.68,12.43,0.399
2003-01-06 01:00:00,25.92,0.65,14.64,8.685,0.547
2003-01-06 02:00:00,6.159,0.65,12.88,9.077,0.599
2003-01-06 03:00:00,1.449,0.65,11.1,11.42,0.616
2003-01-06 04:00:00,10.46,0.65,14.74,5.363,0.625
2003-01-06 05:00:00,25.28,0.65,12.89,5.0,0.552
2003-01-06 06:00:00,23.87,1.446,12.37,1.264,0.71
2003-01-06 07:00:00,34.12,2.428,28.28,1.142,2.089
2003-01-06 08:00:00,36.49,3.738,29.9,6.319,1.814
2003-01-06 09:00:00,21.54,3.283,28.14,31.92,0.846
2003-01-06 10:00:00,6.11,3.14,27.91,38.37,0.8
2003-01-06 11:00:00,23.96,3.142,29.54,35.09,0.921
2003-01-06 12:00:00,30.27,2.96,24.41,38.79,0.704
2003-01-06 13:00:00,5.574,2.237,19.57,38.22,0.572
2003-01-06 14:00:00,4.888,1.988,18.16,32.8,0.525
2003-01-06 15:00:00,22.75,1.906,13.94,38.57,0.338
2003-01-06 16:00:00,37.62,1.487,14.95,35.73,0.44
2003-01-06 17:00:00,27.96,1.674,13.27,38.25,0.364
2003-01-06 18:00:00,12.0,0.65,13.15,33.63,0.39
2003-01-06 19:00:00,30.21,0.65,15.36,29.87,0.454
2003-01-06 20:00:00,22.3,1.693,15.73,28.83,0.395
2003-01-06 21:00:00,37.65,1.892,13.4,22.9,0.397
2003-01-06 22:00:00,46.83,2.246,12.27,18.4,0.342
2003-01-06 23:00:00,33.87,1.593,10.44,23.58,0.278
2003-01-07 00:00:00,13.27,0.65,8.706,23.54,0.267
2003-01-07 01:00:00,32.07,0.65,7.008,26.43,0.335
2003-01-07 02:00:00,,0.65,8.261,22.77,0.327
2003-01-07 03:00:00,5.565,0.65,10.94,18.19,0.414
2003-01-07 04:00:00,14.13,0.65,10.14,20.4,0.373
2003-01-07 05:00:00,15.21,0.65,12.64,15.31,0.428
2003-01-07 06:00:00,42.55,4.428,18.19,3.336,0.699
2003-01-07 07:00:00,41.04,17.47,34.07,0.5,2.034
2003-01-07 08:00:00,45.88,18.91,37.53,4.038,2.054
2003-01-07 09:00:00,20.54,28.69,40.91,7.631,1.625
2003-01-07 10:00:00,43.99,45.47,69.46,17.56,1.156
2003-01-07 11:00:00,29.06,32.31,58.19,20.48,1.269
2003-01-07 12:00:00,37.0,17.96,38.99,32.64,0.843
2003-01-07 13:00:00,22.17,14.12,28.43,38.36,0.805
2003-01-07 14:00:00,14.98,14.5,40.72,35.09,0.842
2003-01-07 15:00:00,36.44,3.434,34.51,42.4,0.63
2003-01-07 16:00:00,25.05,0.65,17.0,44.32,0.498
2003-01-07 17:00:00,26.39,0.65,13.58,39.09,0.422
2003-01-07 18:00:00,40.43,0.65,16.96,35.13,0.542
2003-01-07 19:00:00,24.23,0.65,15.8,29.88,0.548
2003-01-07 20:00:00,35.08,0.65,13.51,27.49,0.572
2003-01-07 21:00:00,52.17,0.65,12.12,23.01,0.45
2003-01-07 22:00:00,30.56,0.65,11.79,21.66,0.465
2003-01-07 23:00:00,22.01,0.65,10.26,23.63,0.366
2003-01-08 00:00:00,28.4,0.65,9.045,25.52,0.31
2003-01-08 01:00:00,10.17,0.65,5.938,28.91,0.235
2003-01-08 02:00:00,18.06,0.65,5.433,29.01,0.207
2003-01-08 03:00:00,11.28,0.65,3.971,29.4,0.21
2003-01-08 04:00:00,38.13,0.65,4.682,27.92,0.231
2003-01-08 05:00:00,50.47,0.65,5.375,24.65,0.208
2003-01-08 06:00:00,4.423,0.65,11.58,14.86,0.309
2003-01-08 07:00:00,25.68,2.267,19.91,5.628,0.696
2003-01-08 08:00:00,47.04,3.25,18.09,14.23,0.615
2003-01-08 09:00:00,33.87,3.601,16.99,23.18,0.486
2003-01-08 10:00:00,27.2,3.296,12.92,34.54,0.389
2003-01-08 11:00:00,35.9,3.918,13.22,41.08,0.396
2003-01-08 12:00:00,38.28,3.135,10.85,36.94,0.313
2003-01-08 13:00:00,5.246,2.478,9.861,41.32,0.333
2003-01-08 14:00:00,25.28,1.874,11.82,45.12,0.415
2003-01-08 15:00:00,38.73,2.771,16.23,50.01,0.487
2003-01-08 16:00:00,25.76,3.826,40.25,46.4,0.849
2003-01-08 17:00:00,29.03,3.562,39.81,41.89,0.953
2003-01-08 18:00:00,45.74,2.158,21.62,44.08,0.383
2003-01-08 19:00:00,45.77,2.264,12.83,35.47,0.352
2003-01-08 20:00:00,46.83,2.323,12.68,21.45,0.489
2003-01-08 21:00:00,55.66,2.507,12.28,18.54,0.447
2003-01-08 22:00:00,55.77,2.748,14.29,12.11,0.542
2003-01-08 23:00:00,57.91,3.208,16.2,6.473,0.643
2003-01-09 00:00:00,27.61,2.373,16.49,5.042,0.48
2003-01-09 01:00:00,26.2,0.65,15.37,4.932,0.279
2003-01-09 02:00:00,19.77,0.65,10.51,12.72,0.245
2003-01-09 03:00:00,34.1,0.65,10.02,12.0,0.21
2003-01-09 04:00:00,28.49,0.65,12.27,6.095,0.267
2003-01-09 05:00:00,23.04,0.65,12.57,2.546,0.261
2003-01-09 06:00:00,34.06,0.65,12.26,1.785,0.395
2003-01-09 07:00:00,41.23,0.65,16.83,0.5,1.446
2003-01-09 08:00:00,55.88,1.728,28.58,0.5,1.737
2003-01-09 09:00:00,43.91,1.914,30.0,6.707,0.996
2003-01-09 10:00:00,16.64,0.65,30.08,15.34,0.816
2003-01-09 11:00:00,19.65,0.65,58.58,41.67,0.706
2003-01-09 12:00:00,23.63,0.65,51.16,32.34,0.766
2003-01-09 13:00:00,33.33,3.073,82.98,28.03,0.835
2003-01-09 14:00:00,26.37,6.431,104.7,33.44,0.864
2003-01-09 15:00:00,43.81,6.367,66.24,34.02,0.853
2003-01-09 16:00:00,38.49,11.74,61.75,23.44,0.904
2003-01-09 17:00:00,41.49,3.213,43.1,43.75,0.327
2003-01-09 18:00:00,28.8,0.65,34.47,39.55,0.752
2003-01-09 19:00:00,33.92,0.65,25.51,49.0,0.394
2003-01-09 20:00:00,36.19,0.65,24.76,32.0,0.764
2003-01-09 21:00:00,38.28,0.65,39.53,10.69,0.93
2003-01-09 22:00:00,56.62,0.65,21.98,25.74,0.437
2003-01-09 23:00:00,56.64,0.65,15.26,28.82,0.272
2003-01-10 00:00:00,39.28,0.65,17.29,20.15,0.34
2003-01-10 01:00:00,11.09,0.65,14.95,24.79,0.41
2003-01-10 02:00:00,13.15,0.65,12.01,27.82,0.37
2003-01-10 03:00:00,12.65,0.65,10.8,24.3,0.38
2003-01-10 04:00:00,5.2,0.65,12.21,23.89,0.35
2003-01-10 05:00:00,15.25,0.65,14.54,21.19,0.356
2003-01-10 06:00:00,12.08,0.65,20.09,12.11,0.445
2003-01-10 07:00:00,17.2,0.65,26.07,6.069,0.631
2003-01-10 08:00:00,21.7,0.65,28.19,2.663,1.153
2003-01-10 09:00:00,35.3,1.554,35.42,13.93,0.942
2003-01-10 10:00:00,37.23,0.65,25.67,10.15,0.967
2003-01-10 11:00:00,60.65,1.892,35.65,7.142,1.475
2003-01-10 12:00:00,50.14,0.65,27.31,9.803,0.81
2003-01-10 13:00:00,18.0,1.3,24.23,19.54,0.722
2003-01-10 14:00:00,3.63,0.65,30.68,19.49,0.782
2003-01-10 15:00:00,20.12,2.214,75.74,13.23,1.641
2003-01-10 16:00:00,27.27,4.983,84.73,11.76,1.679
2003-01-10 17:00:00,9.519,12.3,65.7,13.45,1.42
2003-01-10 18:00:00,22.77,4.642,60.61,10.77,1.234
2003-01-10 19:00:00,1.633,3.435,31.51,19.61,1.047
2003-01-10 20:00:00,6.114,2.731,41.28,18.01,1.021
2003-01-10 21:00:00,7.24,2.513,42.09,16.28,0.994
2003-01-10 22:00:00,16.4,2.329,37.83,1.321,1.0
2003-01-10 23:00:00,31.77,3.095,41.4,0.5,1.563
2003-01-11 00:00:00,21.16,2.526,45.88,0.5,1.889
2003-01-11 01:00:00,29.73,0.65,27.99,3.478,0.697
2003-01-11 02:00:00,11.43,0.65,23.11,0.5,1.65
2003-01-11 03:00:00,32.87,0.65,18.65,2.668,1.158
2003-01-11 04:00:00,17.83,0.65,19.12,9.513,0.527
2003-01-11 05:00:00,14.51,0.65,20.96,9.113,0.378
2003-01-11 06:00:00,19.42,0.65,20.36,1.103,1.122
2003-01-11 07:00:00,25.1,0.65,25.44,0.5,1.35
2003-01-11 08:00:00,13.09,0.65,31.37,4.54,0.865
2003-01-11 09:00:00,23.96,0.65,21.61,15.26,0.937
2003-01-11 10:00:00,33.04,0.65,25.41,25.21,0.834
2003-01-11 11:00:00,21.62,0.65,30.44,31.48,0.929
2003-01-11 12:00:00,28.04,0.65,32.5,45.97,0.686
2003-01-11 13:00:00,26.54,0.65,30.72,69.22,0.522
2003-01-11 14:00:00,23.26,0.65,32.63,80.41,0.451
2003-01-11 15:00:00,19.09,0.65,29.39,63.96,0.604
2003-01-11 16:00:00,3.181,0.65,18.9,58.45,0.353
2003-01-11 17:00:00,3.047,0.65,12.02,55.14,0.272
2003-01-11 18:00:00,11.84,0.65,10.46,52.3,0.239
2003-01-11 19:00:00,14.03,0.65,11.36,50.44,0.266
2003-01-11 20:00:00,8.662,0.65,20.74,26.78,0.528
2003-01-11 21:00:00,15.78,0.65,25.87,12.95,0.597
2003-01-11 22:00:00,46.22,0.65,25.0,12.07,0.669
2003-01-11 23:00:00,43.75,0.65,26.34,5.107,0.745
2003-01-12 00:00:00,34.27,0.65,19.45,9.521,0.532
2003-01-12 01:00:00,35.75,0.65,15.19,11.37,0.618
2003-01-12 02:00:00,11.24,0.65,12.77,12.41,0.716
2003-01-12 03:00:00,26.43,0.65,10.61,14.31,0.702
2003-01-12 04:00:00,27.82,0.65,12.23,13.38,0.643
2003-01-12 05:00:00,7.379,1.494,11.53,12.81,0.796
2003-01-12 06:00:00,17.75,1.604,15.28,6.876,0.907
2003-01-12 07:00:00,4.147,1.828,16.68,7.915,1.011
2003-01-12 08:00:00,16.49,3.247,10.77,19.55,0.782
2003-01-12 09:00:00,18.22,2.572,7.542,26.26,0.741
2003-01-12 10:00:00,8.637,1.972,8.233,35.96,0.732
2003-01-12 11:00:00,5.62,2.223,12.11,38.67,0.714
2003-01-12 12:00:00,,4.204,14.16,40.92,0.68
2003-01-12 13:00:00,2.367,20.41,16.63,38.45,0.616
2003-01-12 14:00:00,8.547,5.544,14.87,41.48,0.587
2003-01-12 15:00:00,9.455,1.601,7.853,46.29,0.477
2003-01-12 16:00:00,6.129,0.65,6.464,45.65,0.441
2003-01-12 17:00:00,8.836,0.65,7.203,45.78,0.489
2003-01-12 18:00:00,21.26,1.328,5.356,41.44,0.568
2003-01-12 19:00:00,6.151,1.532,6.982,38.49,0.55
2003-01-12 20:00:00,25.78,1.868,7.645,32.7,0.507
2003-01-12 21:00:00,30.93,1.504,7.54,29.16,0.473
2003-01-12 22:00:00,14.22,1.696,6.63,29.69,0.465
2003-01-12 23:00:00,10.72,1.922,6.982,26.18,0.468
2003-01-13 00:00:00,11.96,1.435,8.637,20.54,0.427
2003-01-13 01:00:00,5.546,0.65,5.747,21.08,0.275
2003-01-13 02:00:00,,0.65,3.916,20.36,0.309
2003-01-13 03:00:00,5.638,0.65,3.443,20.0,0.285
2003-01-13 04:00:00,14.7,0.65,3.329,20.59,0.238
2003-01-13 05:00:00,4.144,0.65,5.72,16.13,0.304
2003-01-13 06:00:00,3.889,0.65,11.62,9.126,0.378
2003-01-13 07:00:00,4.704,0.65,16.68,1.496,0.721
2003-01-13 08:00:00,18.87,3.649,20.53,3.39,1.025
2003-01-13 09:00:00,22.75,7.645,39.33,6.536,1.311
2003-01-13 10:00:00,13.71,8.023,50.4,16.07,1.027
2003-01-13 11:00:00,15.7,13.36,79.62,22.03,1.095
2003-01-13 12:00:00,29.79,17.88,51.85,35.59,0.856
2003-01-13 13:00:00,27.36,14.15,44.05,42.33,0.714
2003-01-13 14:00:00,19.68,6.571,33.02,29.41,0.706
2003-01-13 15:00:00,7.63,3.044,23.21,46.24,0.346
2003-01-13 16:00:00,13.48,4.775,17.19,45.06,0.326
2003-01-13 17:00:00,12.38,2.225,14.01,42.41,0.285
2003-01-13 18:00:00,12.99,1.476,12.18,36.62,0.329
2003-01-13 19:00:00,30.31,1.615,10.42,33.15,0.257
2003-01-13 20:00:00,31.49,0.65,10.99,24.81,0.248
2003-01-13 21:00:00,22.87,0.65,8.608,22.57,0.453
2003-01-13 22:00:00,21.35,0.65,9.437,14.79,0.368
2003-01-13 23:00:00,31.99,0.65,9.322,12.25,0.284
2003-01-14 00:00:00,34.5,0.65,8.056,11.64,0.285
2003-01-14 01:00:00,8.078,0.65,6.918,12.73,0.288
2003-01-14 02:00:00,10.07,0.65,4.229,14.85,0.264
2003-01-14 03:00:00,2.32,0.65,3.88,14.97,0.265
2003-01-14 04:00:00,13.28,0.65,4.396,12.91,0.325
2003-01-14 05:00:00,31.88,0.65,4.881,13.39,0.402
2003-01-14 06:00:00,2.126,2.207,9.436,5.414,0.479
2003-01-14 07:00:00,11.96,2.74,14.42,1.5,0.749
2003-01-14 08:00:00,24.83,4.679,15.29,5.86,0.831
2003-01-14 09:00:00,26.61,5.02,17.02,10.73,0.9
2003-01-14 10:00:00,20.16,7.81,34.53,14.81,1.176
2003-01-14 11:00:00,15.07,6.685,26.32,36.77,0.777
2003-01-14 12:00:00,19.54,5.776,34.12,52.26,0.813
2003-01-14 13:00:00,38.74,6.86,48.28,61.89,1.096
2003-01-14 14:00:00,33.53,3.493,38.63,38.96,0.734
2003-01-14 15:00:00,26.32,2.183,16.59,37.72,0.463
2003-01-14 16:00:00,23.85,0.65,9.579,38.93,0.414
2003-01-14 17:00:00,17.04,0.65,9.476,31.71,0.487
2003-01-14 18:00:00,35.86,0.65,9.999,27.05,0.442
2003-01-14 19:00:00,28.56,0.65,9.354,23.6,0.384
2003-01-14 20:00:00,38.94,2.075,10.1,17.57,0.44
2003-01-14 21:00:00,51.13,2.057,9.448,12.64,0.426
2003-01-14 22:00:00,31.55,1.789,9.429,10.3,0.364
2003-01-14 23:00:00,16.2,1.911,9.209,11.18,0.358
2003-01-15 00:00:00,23.59,1.66,7.434,14.12,0.256
2003-01-15 01:00:00,,0.65,5.915,16.79,0.128
2003-01-15 02:00:00,2.539,2.181,4.162,18.97,0.111
2003-01-15 03:00:00,6.759,0.65,3.985,19.08,0.123
2003-01-15 04:00:00,5.185,1.584,4.784,17.53,0.156
2003-01-15 05:00:00,21.77,2.533,8.577,11.51,0.298
2003-01-15 06:00:00,34.18,2.076,13.72,3.669,0.336
2003-01-15 07:00:00,15.27,3.301,15.42,1.512,0.527
2003-01-15 08:00:00,19.11,4.382,14.48,4.708,0.572
2003-01-15 09:00:00,22.08,4.003,11.59,11.78,0.34
2003-01-15 10:00:00,14.25,4.332,11.56,18.95,0.425
2003-01-15 11:00:00,18.73,4.811,16.81,25.51,0.486
2003-01-15 12:00:00,30.27,3.384,16.39,36.71,0.283
2003-01-15 13:00:00,3.366,1.958,12.45,34.74,0.207
2003-01-15 14:00:00,4.234,0.65,14.78,25.62,0.335
2003-01-15 15:00:00,14.82,0.65,12.19,28.66,0.174
2003-01-15 16:00:00,15.38,0.65,8.657,29.37,0.117
2003-01-15 17:00:00,17.78,0.65,7.649,27.07,0.173
2003-01-15 18:00:00,29.93,0.65,8.509,23.27,0.202
2003-01-15 19:00:00,40.7,1.31,8.517,21.52,0.259
2003-01-15 20:00:00,51.37,1.544,8.641,17.01,0.284
2003-01-15 21:00:00,47.11,1.889,10.05,14.74,0.301
2003-01-15 22:00:00,3.057,1.793,11.57,13.11,0.238
2003-01-15 23:00:00,14.92,2.414,11.61,12.79,0.152
2003-01-16 00:00:00,35.69,2.352,10.27,15.16,0.178
2003-01-16 01:00:00,,0.65,7.4,17.23,0.179
2003-01-16 02:00:00,5.201,0.65,5.296,19.07,0.17
2003-01-16 03:00:00,17.85,0.65,4.199,18.85,0.181
2003-01-16 04:00:00,12.99,0.65,3.847,18.89,0.213
2003-01-16 05:00:00,3.766,0.65,5.545,16.21,0.201
2003-01-16 06:00:00,11.52,0.65,8.781,11.15,0.213
2003-01-16 07:00:00,12.44,0.65,14.49,4.444,0.341
2003-01-16 08:00:00,20.08,2.926,17.04,3.107,0.774
2003-01-16 09:00:00,24.4,8.75,20.63,8.397,0.802
2003-01-16 10:00:00,44.33,10.03,21.96,19.57,0.601
2003-01-16 11:00:00,32.2,2.547,21.26,33.01,0.424
2003-01-16 12:00:00,10.66,2.031,30.21,47.59,0.508
2003-01-16 13:00:00,21.11,0.65,21.34,73.99,0.37
2003-01-16 14:00:00,20.35,0.65,40.93,79.72,0.851
2003-01-16 15:00:00,44.26,0.65,39.97,51.64,0.655
2003-01-16 16:00:00,34.86,0.65,20.75,33.78,0.36
2003-01-16 17:00:00,15.06,0.65,11.84,31.62,0.232
2003-01-16 18:00:00,41.12,0.65,11.58,26.66,0.316
2003-01-16 19:00:00,29.58,0.65,17.14,14.25,0.487
2003-01-16 20:00:00,43.8,0.65,23.41,5.743,1.034
2003-01-16 21:00:00,16.08,8.634,27.07,15.13,0.861
2003-01-16 22:00:00,29.67,6.769,29.24,17.74,0.868
2003-01-16 23:00:00,11.38,3.091,29.24,15.32,1.049
2003-01-17 00:00:00,11.81,1.766,25.85,19.17,0.634
2003-01-17 01:00:00,22.75,0.65,27.29,10.4,0.545
2003-01-17 02:00:00,15.67,0.65,18.2,7.731,0.414
2003-01-17 03:00:00,26.41,0.65,12.41,4.603,0.324
2003-01-17 04:00:00,24.82,0.65,8.511,8.736,0.25
2003-01-17 05:00:00,40.24,0.65,10.08,4.849,0.282
2003-01-17 06:00:00,21.02,0.65,12.69,1.021,0.472
2003-01-17 07:00:00,21.35,1.317,24.97,0.5,1.158
2003-01-17 08:00:00,41.52,7.98,25.5,0.5,1.603
2003-01-17 09:00:00,44.22,10.24,46.52,3.624,1.353
2003-01-17 10:00:00,28.77,6.574,58.98,8.661,1.23
2003-01-17 11:00:00,21.47,3.878,44.25,16.51,1.223
2003-01-17 12:00:00,24.96,,,,
2003-01-17 13:00:00,27.38,,,34.67,0.835
2003-01-17 14:00:00,1.651,9.568,102.1,55.65,0.785
2003-01-17 15:00:00,8.324,4.167,102.3,46.46,0.734
2003-01-17 16:00:00,18.61,11.07,87.15,65.31,0.779
2003-01-17 17:00:00,25.16,2.521,64.22,72.43,0.534
2003-01-17 18:00:00,25.6,0.65,13.05,49.81,0.191
2003-01-17 19:00:00,43.69,0.65,13.66,37.82,0.163
2003-01-17 20:00:00,43.37,0.65,11.56,32.79,0.145
2003-01-17 21:00:00,36.72,0.65,16.45,21.82,0.305
2003-01-17 22:00:00,41.93,0.65,25.96,9.574,0.523
2003-01-17 23:00:00,50.79,0.65,27.99,4.162,0.593
2003-01-18 00:00:00,37.94,0.65,28.42,1.507,0.702
2003-01-18 01:00:00,36.63,0.65,25.92,3.686,0.57
2003-01-18 02:00:00,20.25,0.65,27.06,0.5,0.747
2003-01-18 03:00:00,30.48,0.65,23.93,1.406,0.449
2003-01-18 04:00:00,38.16,0.65,19.48,2.378,0.43
2003-01-18 05:00:00,22.14,0.65,25.62,2.914,0.585
2003-01-18 06:00:00,51.07,0.65,25.34,3.563,0.483
2003-01-18 07:00:00,38.84,0.65,19.48,5.994,0.516
2003-01-18 08:00:00,36.89,0.65,17.25,23.91,0.45
2003-01-18 09:00:00,14.69,0.65,15.59,31.54,0.435
2003-01-18 10:00:00,30.9,0.65,12.78,33.7,0.383
2003-01-18 11:00:00,26.13,0.65,11.45,40.66,0.336
2003-01-18 12:00:00,22.67,0.65,8.243,52.68,0.236
2003-01-18 13:00:00,38.53,0.65,8.735,52.22,0.226
2003-01-18 14:00:00,17.37,0.65,6.685,52.94,0.178
2003-01-18 15:00:00,31.09,0.65,8.48,49.64,0.213
2003-01-18 16:00:00,20.16,0.65,6.316,46.65,0.158
2003-01-18 17:00:00,36.16,0.65,5.548,37.26,0.145
2003-01-18 18:00:00,32.97,0.65,5.61,35.65,0.086
2003-01-18 19:00:00,29.61,0.65,6.039,33.66,0.12
2003-01-18 20:00:00,39.1,0.65,7.513,31.51,0.084
2003-01-18 21:00:00,43.55,0.65,11.25,26.55,0.126
2003-01-18 22:00:00,38.65,0.65,11.81,26.16,0.105
2003-01-18 23:00:00,19.31,0.65,9.288,25.87,0.133
2003-01-19 00:00:00,42.6,0.65,8.071,25.88,0.204
2003-01-19 01:00:00,18.09,0.65,5.642,26.23,0.274
2003-01-19 02:00:00,20.09,0.65,4.857,28.37,0.279
2003-01-19 03:00:00,34.32,0.65,3.753,29.84,0.221
2003-01-19 04:00:00,20.52,0.65,3.709,30.6,0.243
2003-01-19 05:00:00,14.43,0.65,3.682,30.76,0.188
2003-01-19 06:00:00,27.16,0.65,4.417,31.56,0.205
2003-01-19 07:00:00,36.29,0.65,5.129,33.24,0.2
2003-01-19 08:00:00,13.06,0.65,3.673,33.11,0.239
2003-01-19 09:00:00,25.92,0.65,3.209,32.79,0.319
2003-01-19 10:00:00,32.77,0.65,2.779,34.39,0.41
2003-01-19 11:00:00,26.35,0.65,3.14,35.09,0.402
2003-01-19 12:00:00,16.11,0.65,3.439,39.7,0.279
2003-01-19 13:00:00,17.24,0.65,4.097,45.79,0.306
2003-01-19 14:00:00,25.01,0.65,9.604,54.67,0.395
2003-01-19 15:00:00,29.45,0.65,3.489,54.01,0.315
2003-01-19 16:00:00,28.54,0.65,2.261,42.05,0.34
2003-01-19 17:00:00,34.5,0.65,3.074,42.21,0.316
2003-01-19 18:00:00,28.76,0.65,3.875,41.13,0.412
2003-01-19 19:00:00,33.29,0.65,4.522,32.84,0.425
2003-01-19 20:00:00,41.53,0.65,7.525,28.81,0.487
2003-01-19 21:00:00,60.09,0.65,9.957,22.03,0.449
2003-01-19 22:00:00,47.49,0.65,12.96,17.41,0.452
2003-01-19 23:00:00,36.7,0.65,10.86,16.75,0.367
2003-01-20 00:00:00,29.64,0.65,10.01,16.3,0.361
2003-01-20 01:00:00,22.06,0.65,10.04,16.23,0.468
2003-01-20 02:00:00,9.078,0.65,4.496,22.17,0.41
2003-01-20 03:00:00,9.843,0.65,4.222,22.45,0.405
2003-01-20 04:00:00,9.744,0.65,3.471,22.97,0.381
2003-01-20 05:00:00,3.883,0.65,3.859,21.66,0.377
2003-01-20 06:00:00,6.153,0.65,11.14,13.38,0.403
2003-01-20 07:00:00,20.14,0.65,21.75,1.346,0.736
2003-01-20 10:00:00,,0.65,71.41,8.415,0.163
2003-01-20 11:00:00,,0.65,92.73,13.26,1.274
2003-01-20 12:00:00,,0.65,115.5,14.79,1.331
2003-01-20 13:00:00,4.764,0.65,147.0,17.92,1.801
2003-01-20 14:00:00,17.41,0.65,151.9,18.49,2.011
2003-01-20 15:00:00,21.27,2.529,151.1,29.93,1.724
2003-01-20 16:00:00,19.88,0.65,196.7,30.65,1.353
2003-01-20 17:00:00,8.644,0.65,163.1,22.36,1.699
2003-01-20 18:00:00,14.8,2.506,188.5,18.84,1.692
2003-01-20 19:00:00,8.377,4.712,156.2,11.73,2.095
2003-01-20 20:00:00,19.83,0.65,102.9,26.73,1.236
2003-01-20 21:00:00,22.37,0.65,58.81,22.49,1.289
2003-01-20 22:00:00,14.4,0.65,64.11,25.15,1.212
2003-01-20 23:00:00,18.99,0.65,16.82,36.48,0.82
2003-01-21 00:00:00,7.578,0.65,22.53,29.02,0.693
2003-01-21 01:00:00,23.79,0.65,12.78,32.96,0.254
2003-01-21 02:00:00,13.97,0.65,8.601,35.26,0.265
2003-01-21 03:00:00,4.918,0.65,8.264,31.93,0.266
2003-01-21 04:00:00,11.81,0.65,6.772,31.6,0.231
2003-01-21 05:00:00,24.54,0.65,19.81,11.05,0.367
2003-01-21 06:00:00,17.04,0.65,32.73,0.5,0.419
2003-01-21 07:00:00,20.17,0.65,57.58,2.601,0.569
2003-01-21 08:00:00,22.39,0.65,36.83,27.29,0.556
2003-01-21 09:00:00,7.351,0.65,19.51,28.9,0.357
2003-01-21 10:00:00,13.73,0.65,35.39,35.38,0.403
2003-01-21 11:00:00,11.6,0.65,81.19,36.99,0.661
2003-01-21 12:00:00,4.14,0.65,50.63,42.88,0.442
2003-01-21 13:00:00,20.43,0.65,11.14,43.44,0.314
2003-01-21 14:00:00,25.14,0.65,14.72,41.31,0.321
2003-01-21 15:00:00,,0.65,13.71,44.63,0.303
2003-01-21 16:00:00,13.14,0.65,10.09,53.93,0.208
2003-01-21 17:00:00,33.82,0.65,10.42,55.03,0.244
2003-01-21 18:00:00,11.44,0.65,14.6,46.52,0.364
2003-01-21 19:00:00,36.62,0.65,11.6,41.79,0.427
2003-01-21 20:00:00,45.63,0.65,10.83,33.43,0.427
2003-01-21 21:00:00,29.59,0.65,8.476,28.45,0.433
2003-01-21 22:00:00,22.96,0.65,9.495,27.19,0.356
2003-01-21 23:00:00,27.34,0.65,7.335,26.57,0.317
2003-01-22 00:00:00,34.13,0.65,5.301,28.4,0.279
2003-01-22 01:00:00,28.09,0.65,3.476,29.11,0.381
2003-01-22 02:00:00,21.36,0.65,2.042,30.6,0.337
2003-01-22 03:00:00,3.362,0.65,2.186,33.16,0.303
2003-01-22 04:00:00,14.56,0.65,2.618,31.21,0.417
2003-01-22 05:00:00,19.07,0.65,2.591,29.49,0.283
2003-01-22 06:00:00,15.28,0.65,7.674,22.88,0.387
2003-01-22 07:00:00,23.43,0.65,24.33,11.57,0.495
2003-01-22 08:00:00,22.71,0.65,34.88,9.621,0.632
2003-01-22 09:00:00,14.74,0.65,25.28,23.26,0.536
2003-01-22 10:00:00,17.17,0.65,19.17,32.48,0.47
2003-01-22 11:00:00,19.2,0.65,15.88,40.73,0.405
2003-01-22 12:00:00,36.13,0.65,15.54,45.52,0.354
2003-01-22 13:00:00,30.69,0.65,11.86,49.07,0.354
2003-01-22 14:00:00,24.47,0.65,12.8,50.91,0.33
2003-01-22 15:00:00,23.09,0.65,12.54,56.38,0.309
2003-01-22 16:00:00,34.57,0.65,10.37,58.14,0.44
2003-01-22 17:00:00,18.63,0.65,10.93,57.24,0.404
2003-01-22 18:00:00,48.76,0.65,16.56,40.27,0.52
2003-01-22 19:00:00,59.11,0.65,24.65,21.66,0.678
2003-01-22 20:00:00,56.46,0.65,21.5,17.99,0.598
2003-01-22 21:00:00,37.13,0.65,23.09,19.76,0.605
2003-01-22 22:00:00,39.92,0.65,45.82,18.08,0.665
2003-01-22 23:00:00,6.593,0.65,33.28,10.62,0.591
2003-01-23 00:00:00,19.06,0.65,29.92,12.13,0.642
2003-01-23 01:00:00,30.31,0.65,13.77,19.73,0.37
2003-01-23 02:00:00,3.283,0.65,17.21,16.38,0.394
2003-01-23 03:00:00,14.6,0.65,20.43,15.52,0.444
2003-01-23 04:00:00,36.93,0.65,17.05,21.02,0.344
2003-01-23 05:00:00,12.51,0.65,19.51,,
2003-01-23 06:00:00,23.47,0.65,61.79,12.6,0.569
2003-01-23 07:00:00,20.17,0.65,130.8,2.94,1.271
2003-01-23 08:00:00,22.11,0.65,153.3,0.5,1.964
2003-01-23 09:00:00,10.38,0.65,79.73,9.73,1.094
2003-01-23 10:00:00,2.817,0.65,121.1,10.79,1.047
2003-01-23 11:00:00,12.16,0.65,72.25,7.868,1.105
2003-01-23 12:00:00,21.31,0.65,166.4,6.719,2.086
2003-01-23 13:00:00,26.62,0.65,196.5,11.75,1.283
2003-01-23 14:00:00,23.49,0.65,160.0,11.26,1.464
2003-01-23 15:00:00,27.06,0.65,155.3,14.39,1.324
2003-01-23 16:00:00,22.15,0.65,63.58,25.31,0.959
2003-01-23 17:00:00,14.56,0.65,71.0,28.18,0.832
2003-01-23 18:00:00,4.165,0.65,30.1,32.97,0.62
2003-01-23 19:00:00,10.08,0.65,57.52,26.69,0.675
2003-01-23 20:00:00,,0.65,25.12,24.83,0.452
2003-01-23 21:00:00,7.947,0.65,23.01,27.09,0.386
2003-01-23 22:00:00,19.66,0.65,30.01,15.15,0.455
2003-01-23 23:00:00,12.19,0.65,32.68,10.53,0.461
2003-01-24 00:00:00,26.33,0.65,29.11,12.53,0.601
2003-01-24 01:00:00,3.838,0.65,39.99,4.049,0.806
2003-01-24 02:00:00,19.11,0.65,51.59,0.5,1.138
2003-01-24 03:00:00,27.66,0.65,57.12,0.5,1.033
2003-01-24 04:00:00,19.66,0.65,23.72,5.877,0.67
2003-01-24 05:00:00,35.11,0.65,18.68,10.83,0.443
2003-01-24 06:00:00,25.29,0.65,18.95,8.693,0.423
2003-01-24 07:00:00,7.658,0.65,137.7,2.396,1.187
2003-01-24 08:00:00,20.91,0.65,104.1,6.962,1.133
2003-01-24 09:00:00,14.26,0.65,91.17,13.62,0.833
2003-01-24 10:00:00,23.5,1.362,106.7,16.63,0.861
2003-01-24 11:00:00,6.764,0.65,53.42,24.57,0.594
2003-01-24 12:00:00,2.447,0.65,39.56,24.58,0.52
2003-01-24 13:00:00,5.947,0.65,67.79,25.04,0.561
2003-01-24 14:00:00,,0.65,18.21,31.82,0.331
2003-01-24 15:00:00,,1.727,97.59,27.86,0.678
2003-01-24 16:00:00,1.173,1.646,84.08,27.79,0.79
2003-01-24 17:00:00,8.824,0.65,81.52,29.7,0.735
2003-01-24 18:00:00,14.96,0.65,25.42,30.7,0.521
2003-01-24 19:00:00,8.389,0.65,22.79,27.19,0.418
2003-01-24 20:00:00,20.54,0.65,27.12,18.64,0.537
2003-01-24 21:00:00,17.44,0.65,25.01,15.48,0.458
2003-01-24 22:00:00,18.06,0.65,15.76,18.12,0.304
2003-01-24 23:00:00,12.5,0.65,14.35,20.0,0.264
2003-01-25 00:00:00,27.16,0.65,12.55,21.15,0.302
2003-01-25 01:00:00,14.1,0.65,11.29,20.17,0.235
2003-01-25 02:00:00,8.884,0.65,11.63,18.06,0.253
2003-01-25 03:00:00,21.53,0.65,11.3,18.05,0.294
2003-01-25 04:00:00,2.647,0.65,19.88,11.06,0.507
2003-01-25 05:00:00,14.95,0.65,18.58,13.0,0.327
2003-01-25 06:00:00,25.55,0.65,23.73,8.832,0.332
2003-01-25 07:00:00,11.42,0.65,29.38,7.647,0.391
2003-01-25 08:00:00,6.675,2.49,40.54,6.351,0.466
2003-01-25 09:00:00,25.47,1.604,17.67,19.39,0.333
2003-01-25 10:00:00,24.54,2.086,17.73,29.09,0.353
2003-01-25 11:00:00,10.57,3.288,31.11,33.11,0.527
2003-01-25 12:00:00,24.04,3.446,55.12,44.86,0.448
2003-01-25 13:00:00,20.78,1.786,10.72,71.1,0.251
2003-01-25 14:00:00,9.98,0.65,15.63,58.49,0.309
2003-01-25 15:00:00,31.15,0.65,11.26,45.68,0.267
2003-01-25 16:00:00,28.36,0.65,8.411,44.37,0.322
2003-01-25 17:00:00,2.871,0.65,6.179,44.89,0.246
2003-01-25 18:00:00,16.62,0.65,6.974,44.07,0.262
2003-01-25 19:00:00,29.78,0.65,9.53,41.66,0.259
2003-01-25 20:00:00,27.13,1.889,10.58,38.54,0.366
2003-01-25 21:00:00,39.31,2.282,11.39,28.07,0.373
2003-01-25 22:00:00,34.2,2.254,11.86,23.0,0.462
2003-01-25 23:00:00,26.88,3.41,10.3,22.85,0.415
2003-01-26 00:00:00,29.88,3.139,12.12,20.04,0.396
2003-01-26 01:00:00,6.609,0.65,11.95,19.13,0.241
2003-01-26 02:00:00,8.82,0.65,9.137,20.88,0.197
2003-01-26 03:00:00,24.08,0.65,15.28,14.47,0.274
2003-01-26 04:00:00,17.45,0.65,14.73,12.82,0.307
2003-01-26 05:00:00,32.67,0.65,16.95,8.933,0.35
2003-01-26 06:00:00,17.31,0.65,24.11,3.985,0.408
2003-01-26 07:00:00,19.95,0.65,22.62,5.408,0.355
2003-01-26 08:00:00,38.17,0.65,19.43,12.92,0.348
2003-01-26 09:00:00,15.27,0.65,13.23,22.66,0.213
2003-01-26 10:00:00,12.53,0.65,9.862,30.17,0.286
2003-01-26 11:00:00,18.97,0.65,17.01,35.05,0.347
2003-01-26 12:00:00,23.03,0.65,12.53,47.99,0.368
2003-01-26 13:00:00,22.46,0.65,31.11,56.65,0.481
2003-01-26 14:00:00,18.56,0.65,28.54,46.73,0.379
2003-01-26 15:00:00,35.97,0.65,5.61,43.68,0.229
2003-01-26 16:00:00,18.82,0.65,5.622,44.72,0.241
2003-01-26 17:00:00,31.62,0.65,7.144,44.56,0.211
2003-01-26 18:00:00,15.39,0.65,6.705,39.81,0.232
2003-01-26 19:00:00,7.404,0.65,7.17,31.82,0.214
2003-01-26 20:00:00,26.15,0.65,6.406,28.13,0.235
2003-01-26 21:00:00,24.19,0.65,6.526,24.22,0.222
2003-01-26 22:00:00,21.42,0.65,6.876,21.71,0.235
2003-01-26 23:00:00,31.19,0.65,6.162,21.41,0.17
2003-01-27 00:00:00,19.03,0.65,5.693,19.77,0.173
2003-01-27 01:00:00,6.124,0.65,4.488,19.64,0.126
2003-01-27 02:00:00,10.77,0.65,3.182,20.06,0.111
2003-01-27 03:00:00,16.13,0.65,2.342,20.66,0.11
2003-01-27 04:00:00,7.191,0.65,2.585,19.61,0.125
2003-01-27 05:00:00,14.29,0.65,2.807,18.84,0.154
2003-01-27 06:00:00,15.39,0.65,6.988,16.39,0.117
2003-01-27 07:00:00,9.665,1.376,17.53,8.562,0.246
2003-01-27 08:00:00,24.88,0.65,21.2,7.85,0.324
2003-01-27 09:00:00,20.76,1.583,15.42,12.8,0.208
2003-01-27 10:00:00,4.786,1.403,10.1,18.08,0.166
2003-01-27 11:00:00,15.57,0.65,9.333,24.25,0.143
2003-01-27 12:00:00,20.4,0.65,11.78,30.46,0.167
2003-01-27 13:00:00,18.45,0.65,78.25,36.4,0.41
2003-01-27 14:00:00,,1.799,80.27,40.68,0.513
2003-01-27 15:00:00,6.119,1.839,50.47,41.02,0.305
2003-01-27 16:00:00,24.37,1.549,13.01,33.65,0.12
2003-01-27 17:00:00,25.28,1.547,8.248,34.11,0.102
2003-01-27 18:00:00,12.0,0.65,11.0,28.95,0.166
2003-01-27 19:00:00,24.96,1.562,11.3,23.79,0.122
2003-01-27 20:00:00,32.11,1.724,11.45,21.47,0.116
2003-01-27 21:00:00,24.73,2.471,12.26,19.31,0.132
2003-01-27 22:00:00,17.49,1.978,14.5,16.62,0.161
2003-01-27 23:00:00,11.12,2.017,13.91,15.79,0.17
2003-01-28 00:00:00,15.53,2.304,18.67,10.07,0.171
2003-01-28 01:00:00,2.872,0.65,15.87,10.33,0.202
2003-01-28 02:00:00,11.79,0.65,12.21,12.69,0.166
2003-01-28 03:00:00,27.67,0.65,15.85,9.431,0.195
2003-01-28 04:00:00,2.074,0.65,10.47,12.07,0.194
2003-01-28 05:00:00,10.73,0.65,9.397,12.03,0.289
2003-01-28 06:00:00,14.99,0.65,20.74,3.469,0.298
2003-01-28 07:00:00,5.18,0.65,38.97,0.5,0.497
2003-01-28 08:00:00,12.83,0.65,72.22,3.874,0.672
2003-01-28 09:00:00,27.11,1.529,73.76,11.16,0.627
2003-01-28 10:00:00,27.25,0.65,114.0,17.29,0.63
2003-01-28 11:00:00,27.4,1.783,166.5,21.23,0.834
2003-01-28 12:00:00,34.97,1.574,120.4,26.25,0.648
2003-01-28 13:00:00,17.69,0.65,50.18,25.71,0.372
2003-01-28 14:00:00,7.852,0.65,35.78,27.06,0.257
2003-01-28 15:00:00,5.688,0.65,15.95,28.05,0.343
2003-01-28 16:00:00,14.06,0.65,32.83,27.48,0.256
2003-01-28 17:00:00,,0.65,13.99,28.46,0.214
2003-01-28 18:00:00,9.258,0.65,15.57,23.19,0.241
2003-01-28 19:00:00,27.02,0.65,15.07,18.25,0.253
2003-01-28 20:00:00,25.18,0.65,12.2,18.27,0.221
2003-01-28 21:00:00,40.14,0.65,12.68,18.39,0.245
2003-01-28 22:00:00,17.71,0.65,13.55,12.76,0.207
2003-01-28 23:00:00,37.14,0.65,10.92,14.99,0.195
2003-01-29 00:00:00,27.27,0.65,9.151,16.43,0.22
2003-01-29 01:00:00,19.0,0.65,13.59,10.91,0.377
2003-01-29 02:00:00,23.67,0.65,8.331,13.73,0.322
2003-01-29 03:00:00,,0.65,7.127,14.3,0.414
2003-01-29 04:00:00,7.156,0.65,9.021,10.57,0.405
2003-01-29 05:00:00,18.88,0.65,9.901,9.15,0.323
2003-01-29 06:00:00,6.439,0.65,14.27,5.54,0.403
2003-01-29 07:00:00,15.31,0.65,28.86,1.612,0.655
2003-01-29 08:00:00,30.0,1.804,78.58,2.176,1.234
2003-01-29 09:00:00,42.39,0.65,43.74,7.175,0.936
2003-01-29 10:00:00,18.38,1.614,18.01,22.8,0.549
2003-01-29 11:00:00,31.39,1.429,13.89,31.08,0.466
2003-01-29 12:00:00,24.6,0.65,14.72,25.8,0.396
2003-01-29 13:00:00,5.811,0.65,8.895,25.89,0.315
2003-01-29 14:00:00,,0.65,6.782,24.73,0.275
2003-01-29 15:00:00,,0.65,6.336,25.88,0.336
2003-01-29 16:00:00,3.734,0.65,6.274,24.83,0.257
2003-01-29 17:00:00,12.92,0.65,6.86,20.95,0.453
2003-01-29 18:00:00,12.69,0.65,8.809,19.86,0.345
2003-01-29 19:00:00,18.27,0.65,9.523,16.4,0.435
2003-01-29 20:00:00,29.01,0.65,9.692,12.12,0.395
2003-01-29 21:00:00,28.99,1.531,9.408,11.23,0.356
2003-01-29 22:00:00,33.25,0.65,9.954,9.747,0.378
2003-01-29 23:00:00,1.575,0.65,9.42,9.069,0.385
2003-01-30 00:00:00,8.819,0.65,6.588,10.58,0.395
2003-01-30 01:00:00,13.04,0.65,6.77,9.415,0.459
2003-01-30 02:00:00,2.917,0.65,6.393,9.696,0.462
2003-01-30 03:00:00,6.945,0.65,5.153,11.3,0.452
2003-01-30 04:00:00,11.7,0.65,6.525,9.095,0.447
2003-01-30 05:00:00,2.284,0.65,10.68,5.224,0.52
2003-01-30 06:00:00,6.278,0.65,18.17,2.343,0.571
2003-01-30 07:00:00,2.48,0.65,73.26,0.5,1.319
2003-01-30 08:00:00,18.28,0.65,105.6,0.5,1.678
2003-01-30 09:00:00,45.97,1.431,122.3,6.9,1.488
2003-01-30 10:00:00,23.81,1.414,125.4,19.63,1.186
2003-01-30 11:00:00,24.71,0.65,129.5,27.36,1.429
2003-01-30 12:00:00,51.7,0.65,153.9,42.41,1.12
2003-01-30 13:00:00,42.06,0.65,107.3,51.5,1.021
2003-01-30 14:00:00,25.47,0.65,144.2,54.76,1.167
2003-01-30 15:00:00,29.19,0.65,75.68,59.92,1.132
2003-01-30 16:00:00,17.34,2.664,170.6,54.78,1.184
2003-01-30 17:00:00,20.15,3.904,99.17,31.89,1.099
2003-01-30 18:00:00,1.385,3.799,188.0,24.86,1.515
2003-01-30 19:00:00,13.35,1.724,49.56,35.43,0.887
2003-01-30 20:00:00,38.81,0.65,17.9,31.37,0.737
2003-01-30 21:00:00,51.91,0.65,20.86,25.98,0.768
2003-01-30 22:00:00,53.94,0.65,21.8,19.26,0.82
2003-01-30 23:00:00,42.29,0.65,25.13,15.83,0.767
2003-01-31 00:00:00,31.67,0.65,23.31,14.32,0.604
2003-01-31 01:00:00,35.77,0.65,21.33,14.41,0.448
2003-01-31 02:00:00,29.53,0.65,11.97,23.08,0.313
2003-01-31 03:00:00,27.65,0.65,16.89,15.74,0.338
2003-01-31 04:00:00,23.35,0.65,11.01,20.93,0.303
2003-01-31 05:00:00,33.37,0.65,14.28,16.48,0.318
2003-01-31 06:00:00,33.57,0.65,30.02,5.821,0.391
2003-01-31 07:00:00,30.9,0.65,44.05,2.099,0.558
2003-01-31 08:00:00,36.54,0.65,138.7,2.578,1.43
2003-01-31 09:00:00,43.3,0.65,103.5,11.08,0.919
2003-01-31 10:00:00,32.83,0.65,174.3,14.84,1.104
2003-01-31 11:00:00,,,,23.6,0.795
2003-01-31 12:00:00,,6.047,,46.82,0.904
2003-01-31 13:00:00,,3.392,,57.84,0.687
2003-01-31 14:00:00,12.65,3.987,,64.67,0.998
2003-01-31 15:00:00,25.37,7.414,,58.14,0.953
2003-01-31 16:00:00,20.77,9.854,,34.32,0.972
2003-01-31 17:00:00,13.57,12.57,,31.24,
2003-01-31 18:00:00,11.92,10.53,,31.58,
2003-01-31 19:00:00,9.692,6.068,,36.22,
2003-01-31 20:00:00,35.94,0.65,,50.54,
2003-01-31 21:00:00,59.87,0.65,,27.96,
2003-01-31 22:00:00,54.17,0.65,,22.64,
2003-01-31 23:00:00,37.54,0.65,,30.62,
2003-02-01 00:00:00,42.29,0.65,,30.43,
2003-02-01 01:00:00,30.55,0.65,,30.93,
2003-02-01 02:00:00,17.36,0.65,,28.15,
2003-02-01 03:00:00,28.67,0.65,,28.28,
2003-02-01 04:00:00,13.96,0.65,,11.26,
2003-02-01 05:00:00,6.762,0.65,,2.524,
2003-02-01 06:00:00,24.82,0.65,,0.5,
2003-02-01 07:00:00,43.43,0.65,,0.5,
2003-02-01 08:00:00,33.73,0.65,,11.48,
2003-02-01 09:00:00,38.68,0.65,,19.64,
2003-02-01 10:00:00,41.65,0.65,,34.14,
2003-02-01 11:00:00,33.55,0.65,,44.4,
2003-02-01 12:00:00,46.51,0.65,,54.93,
2003-02-01 13:00:00,28.96,0.65,,59.17,
2003-02-01 14:00:00,23.55,3.753,,55.39,
2003-02-01 15:00:00,20.23,8.001,,57.89,
2003-02-01 16:00:00,14.26,9.614,,67.41,
2003-02-01 17:00:00,30.25,6.186,,74.89,
2003-02-01 18:00:00,21.6,0.65,,66.74,
2003-02-01 19:00:00,36.42,0.65,,69.64,
2003-02-01 20:00:00,61.03,0.65,,41.04,
2003-02-01 21:00:00,53.02,0.65,,37.14,
2003-02-01 22:00:00,33.13,0.65,,30.96,
2003-02-01 23:00:00,12.09,0.65,,17.91,
2003-02-02 00:00:00,6.929,0.65,,15.86,
2003-02-02 01:00:00,16.26,0.65,,16.08,
2003-02-02 02:00:00,17.37,0.65,,12.0,
2003-02-02 03:00:00,15.69,0.65,,20.62,
2003-02-02 04:00:00,11.81,0.65,,23.95,
2003-02-02 05:00:00,8.388,0.65,,20.66,
2003-02-02 06:00:00,14.34,0.65,,13.82,
2003-02-02 07:00:00,20.84,0.65,,8.654,
2003-02-02 08:00:00,23.54,0.65,,9.067,
2003-02-02 09:00:00,13.02,0.65,,18.42,
2003-02-02 10:00:00,18.48,0.65,,26.57,
2003-02-02 11:00:00,20.65,0.65,,33.48,
2003-02-02 12:00:00,6.921,0.65,,33.8,
2003-02-02 13:00:00,2.566,0.65,,35.81,
2003-02-02 14:00:00,,0.65,,43.47,
2003-02-02 15:00:00,11.98,0.65,,50.97,
2003-02-02 16:00:00,11.52,0.65,,43.25,
2003-02-02 17:00:00,3.03,1.788,,55.62,
2003-02-02 18:00:00,2.922,0.65,,65.2,
2003-02-02 19:00:00,9.128,0.65,,47.9,
2003-02-02 20:00:00,11.2,0.65,,28.67,
2003-02-02 21:00:00,5.264,0.65,,27.51,
2003-02-02 22:00:00,13.26,0.65,,24.41,
2003-02-02 23:00:00,17.29,0.65,,21.02,
2003-02-03 00:00:00,11.68,0.65,,17.3,
2003-02-03 01:00:00,4.496,0.65,,16.78,
2003-02-03 02:00:00,,0.65,,14.05,
2003-02-03 03:00:00,8.735,0.65,,12.46,
2003-02-03 04:00:00,19.3,0.65,,13.67,
2003-02-03 05:00:00,12.73,0.65,,12.34,
2003-02-03 06:00:00,17.03,0.65,,0.5,
2003-02-03 07:00:00,22.37,0.65,,0.5,
2003-02-03 08:00:00,30.47,2.493,,0.5,
2003-02-03 09:00:00,28.69,3.679,,1.982,
2003-02-03 10:00:00,55.58,0.65,,2.871,
2003-02-03 11:00:00,45.51,0.65,,11.48,
2003-02-03 12:00:00,7.455,0.65,,29.4,
2003-02-03 13:00:00,,0.65,,41.8,
2003-02-03 14:00:00,8.466,0.65,,29.07,
2003-02-03 15:00:00,8.144,0.65,,27.72,
2003-02-03 16:00:00,12.49,2.246,,31.35,
2003-02-03 17:00:00,12.02,2.328,,25.71,
2003-02-03 18:00:00,,0.65,,26.45,
2003-02-03 19:00:00,5.123,0.65,,20.52,
2003-02-03 20:00:00,22.6,0.65,,7.687,
2003-02-03 21:00:00,35.83,0.65,,41.16,
2003-02-03 22:00:00,35.0,0.65,,39.55,
2003-02-03 23:00:00,22.98,0.65,,41.72,
2003-02-04 00:00:00,13.15,0.65,,41.16,
2003-02-04 01:00:00,6.397,0.65,,37.27,
2003-02-04 02:00:00,9.491,0.65,,35.72,
2003-02-04 03:00:00,23.46,0.65,,33.62,
2003-02-04 04:00:00,18.93,0.65,,29.92,
2003-02-04 05:00:00,24.84,0.65,,17.74,
2003-02-04 06:00:00,31.8,0.65,,6.375,
2003-02-04 07:00:00,29.25,0.65,,2.743,
2003-02-04 08:00:00,37.31,0.65,,2.415,
2003-02-04 09:00:00,35.12,0.65,,10.8,
2003-02-04 10:00:00,29.96,0.65,,21.94,
2003-02-04 11:00:00,45.79,0.65,,55.25,
2003-02-04 12:00:00,63.99,0.65,,63.77,
2003-02-04 13:00:00,38.79,0.65,,56.24,
2003-02-04 14:00:00,8.282,4.058,,46.15,
2003-02-04 15:00:00,2.672,7.205,,53.03,
2003-02-04 16:00:00,0.542,9.606,,49.61,
2003-02-04 17:00:00,16.44,6.7,,40.14,
2003-02-04 18:00:00,34.94,0.65,,35.72,
2003-02-04 19:00:00,19.42,0.65,,33.48,
2003-02-04 20:00:00,12.04,0.65,,20.62,
2003-02-04 21:00:00,21.45,0.65,,18.97,
2003-02-04 22:00:00,15.47,0.65,,8.07,
2003-02-04 23:00:00,27.36,0.65,,5.17,
2003-02-05 00:00:00,42.03,0.65,,23.18,
2003-02-05 01:00:00,23.65,0.65,,50.14,
2003-02-05 02:00:00,23.34,0.65,,58.57,
2003-02-05 03:00:00,35.87,0.65,,46.18,
2003-02-05 04:00:00,31.46,0.65,,40.95,
2003-02-05 05:00:00,17.19,0.65,,36.41,
2003-02-05 06:00:00,13.48,0.65,,25.7,
2003-02-05 07:00:00,18.86,0.65,,5.134,
2003-02-05 08:00:00,27.17,0.65,,3.056,
2003-02-05 09:00:00,32.4,0.65,,4.157,
2003-02-05 10:00:00,29.83,0.65,,4.96,
2003-02-05 11:00:00,19.87,0.65,,16.08,
2003-02-05 12:00:00,22.71,0.65,,34.4,
2003-02-05 13:00:00,31.53,0.65,,48.18,
2003-02-05 14:00:00,14.63,0.65,,35.71,
2003-02-05 15:00:00,11.54,2.733,,40.06,
2003-02-05 16:00:00,10.45,4.504,,25.71,
2003-02-05 17:00:00,7.802,4.803,,26.66,
2003-02-05 18:00:00,13.03,1.382,,19.53,
2003-02-05 19:00:00,12.87,0.65,,26.07,
2003-02-05 20:00:00,11.66,0.65,,13.16,
2003-02-05 21:00:00,23.96,0.65,,10.67,
2003-02-05 22:00:00,34.91,0.65,,3.472,
2003-02-05 23:00:00,27.82,0.65,,4.772,
2003-02-06 00:00:00,17.87,0.65,,20.36,
2003-02-06 01:00:00,13.37,0.65,,34.47,
2003-02-06 02:00:00,6.878,0.65,,35.2,
2003-02-06 03:00:00,9.87,0.65,,27.04,
2003-02-06 04:00:00,9.752,0.65,,20.77,
2003-02-06 05:00:00,11.58,0.65,,21.38,
2003-02-06 06:00:00,15.62,0.65,,15.66,
2003-02-06 07:00:00,10.43,0.65,,3.142,
2003-02-06 08:00:00,24.85,0.65,,1.256,
2003-02-06 09:00:00,32.41,0.65,,4.675,
2003-02-06 10:00:00,20.32,0.65,,10.07,
2003-02-06 11:00:00,23.87,0.65,,23.51,
2003-02-06 12:00:00,19.07,0.65,,25.36,
2003-02-06 13:00:00,2.092,0.65,,26.6,
2003-02-06 14:00:00,12.06,1.62,,23.88,
2003-02-06 15:00:00,24.3,1.314,,34.61,
2003-02-06 16:00:00,27.17,3.651,,30.94,
2003-02-06 17:00:00,24.89,3.836,,18.25,
2003-02-06 18:00:00,27.05,0.65,,13.61,
2003-02-06 19:00:00,37.64,1.447,,3.911,
2003-02-06 20:00:00,43.84,1.562,,2.006,
2003-02-06 21:00:00,54.28,2.944,,0.5,
2003-02-06 22:00:00,43.58,2.312,,0.5,
2003-02-06 23:00:00,51.79,1.964,,0.5,
2003-02-07 00:00:00,83.11,2.993,,0.5,
2003-02-07 01:00:00,68.12,0.65,,0.5,
2003-02-07 02:00:00,43.94,0.65,,0.5,
2003-02-07 03:00:00,26.86,0.65,,0.5,
2003-02-07 04:00:00,38.52,0.65,,0.5,
2003-02-07 05:00:00,41.54,0.65,,2.396,
2003-02-07 06:00:00,22.84,0.65,,0.5,
2003-02-07 07:00:00,35.61,0.65,,0.5,
2003-02-07 08:00:00,41.1,0.65,,0.5,
2003-02-07 09:00:00,19.4,0.65,,3.512,
2003-02-07 10:00:00,17.82,0.65,,13.74,
2003-02-07 11:00:00,31.64,0.65,,14.61,
2003-02-07 12:00:00,32.03,0.65,,15.12,
2003-02-07 13:00:00,16.09,0.65,,22.23,
2003-02-07 14:00:00,6.57,0.65,,25.26,
2003-02-07 15:00:00,18.68,0.65,,25.45,
2003-02-07 16:00:00,27.27,0.65,,18.96,
2003-02-07 17:00:00,24.44,0.65,,11.54,
2003-02-07 18:00:00,26.6,0.65,,3.176,
2003-02-07 19:00:00,24.42,0.65,,2.576,
2003-02-07 20:00:00,18.19,0.65,,0.5,
2003-02-07 21:00:00,10.44,0.65,,1.011,
2003-02-07 22:00:00,15.23,0.65,,1.182,
2003-02-07 23:00:00,14.81,0.65,,0.5,
2003-02-08 00:00:00,16.06,0.65,,0.5,
2003-02-08 01:00:00,15.88,0.65,,0.5,
2003-02-08 02:00:00,2.16,0.65,,0.5,
2003-02-08 03:00:00,33.28,0.65,,0.5,
2003-02-08 04:00:00,30.59,0.65,,0.5,
2003-02-08 05:00:00,19.39,0.65,,0.5,
2003-02-08 06:00:00,28.96,0.65,,0.5,
2003-02-08 07:00:00,21.98,0.65,,0.5,
2003-02-08 08:00:00,15.61,0.65,,0.5,
2003-02-08 09:00:00,12.46,0.65,,3.207,
2003-02-08 10:00:00,33.87,1.361,,12.03,
2003-02-08 11:00:00,24.75,0.65,,19.86,
2003-02-08 12:00:00,6.666,0.65,,22.29,
2003-02-08 13:00:00,6.456,0.65,,28.15,
2003-02-08 14:00:00,6.415,0.65,,29.64,
2003-02-08 15:00:00,6.257,0.65,,32.89,
2003-02-08 16:00:00,20.08,0.65,,18.59,
2003-02-08 17:00:00,19.47,0.65,,17.28,
2003-02-08 18:00:00,12.53,0.65,,15.74,
2003-02-08 19:00:00,19.82,0.65,,6.1,
2003-02-08 20:00:00,17.32,0.65,,5.039,
2003-02-08 21:00:00,9.642,0.65,,4.956,
2003-02-08 22:00:00,7.947,0.65,,12.18,
2003-02-08 23:00:00,16.64,0.65,,6.054,
2003-02-09 00:00:00,8.653,0.65,,7.176,
2003-02-09 01:00:00,0.222,0.65,,5.413,
2003-02-09 02:00:00,6.593,0.65,,7.694,
2003-02-09 03:00:00,8.26,0.65,,10.32,
2003-02-09 04:00:00,1.988,0.65,,12.94,
2003-02-09 05:00:00,8.067,0.65,,16.82,
2003-02-09 06:00:00,15.2,0.65,,8.615,
2003-02-09 07:00:00,15.15,0.65,,2.586,
2003-02-09 08:00:00,21.1,0.65,,3.599,
2003-02-09 09:00:00,27.99,0.65,,9.414,
2003-02-09 10:00:00,21.88,0.65,,24.26,
2003-02-09 11:00:00,19.23,0.65,,40.7,
2003-02-09 12:00:00,29.31,0.65,,55.14,
2003-02-09 13:00:00,17.09,0.65,,62.74,
2003-02-09 14:00:00,8.21,0.65,,65.53,
2003-02-09 15:00:00,8.03,0.65,,41.12,
2003-02-09 16:00:00,7.376,0.65,,45.43,
2003-02-09 17:00:00,7.274,0.65,,34.35,
2003-02-09 18:00:00,2.214,0.65,,44.91,
2003-02-09 19:00:00,2.166,0.65,,38.17,
2003-02-09 20:00:00,,0.65,,28.47,
2003-02-09 21:00:00,,0.65,,20.27,
2003-02-09 22:00:00,6.203,1.496,,6.881,
2003-02-09 23:00:00,6.026,1.414,,7.839,
2003-02-10 00:00:00,1.112,2.072,,3.51,
2003-02-10 01:00:00,1.049,0.65,,8.209,
2003-02-10 02:00:00,1.911,0.65,,14.5,
2003-02-10 03:00:00,12.07,0.65,,17.81,
2003-02-10 04:00:00,11.46,0.65,,21.49,
2003-02-10 05:00:00,3.39,0.65,,21.45,
2003-02-10 06:00:00,11.27,0.65,,14.65,
2003-02-10 07:00:00,9.156,0.65,,4.383,
2003-02-10 08:00:00,13.09,0.65,,2.115,
2003-02-10 09:00:00,29.33,0.65,,6.407,
2003-02-10 10:00:00,18.77,0.65,,8.087,
2003-02-10 11:00:00,10.93,0.65,,20.46,
2003-02-10 12:00:00,16.51,0.65,,28.62,
2003-02-10 13:00:00,8.063,0.65,,31.31,
2003-02-10 14:00:00,,0.65,,28.57,
2003-02-10 15:00:00,0.188,0.65,,23.69,
2003-02-10 16:00:00,8.476,0.65,,28.08,
2003-02-10 17:00:00,8.044,0.65,,38.51,
2003-02-10 18:00:00,5.571,0.65,,29.8,
2003-02-10 19:00:00,11.45,0.65,,27.42,
2003-02-10 20:00:00,21.27,0.65,,24.52,
2003-02-10 21:00:00,17.47,0.65,,20.41,
2003-02-10 22:00:00,7.756,0.65,,24.09,
2003-02-10 23:00:00,21.27,0.65,,30.41,
2003-02-11 00:00:00,15.69,0.65,,30.08,
2003-02-11 01:00:00,,0.65,,34.65,
2003-02-11 02:00:00,,0.65,,35.89,
2003-02-11 03:00:00,,0.65,,31.16,
2003-02-11 04:00:00,8.881,0.65,,30.16,
2003-02-11 05:00:00,11.06,0.65,,26.04,
2003-02-11 06:00:00,11.91,0.65,,15.5,
2003-02-11 07:00:00,12.55,0.65,,3.55,
2003-02-11 08:00:00,12.08,0.65,,5.779,
2003-02-11 09:00:00,31.78,0.65,,3.526,
2003-02-11 10:00:00,28.27,1.714,,6.814,
2003-02-11 11:00:00,16.31,0.65,,10.08,
2003-02-11 12:00:00,23.25,1.346,,13.61,
2003-02-11 13:00:00,18.41,0.65,,27.43,
2003-02-11 14:00:00,7.979,1.328,,28.29,
2003-02-11 15:00:00,2.141,0.65,,29.82,
2003-02-11 16:00:00,,1.825,,19.2,
2003-02-11 17:00:00,8.759,1.648,,17.18,
2003-02-11 18:00:00,11.09,0.65,,13.71,
2003-02-11 19:00:00,21.88,0.65,,12.76,
2003-02-11 20:00:00,22.2,1.424,,8.674,
2003-02-11 21:00:00,17.27,1.768,,0.5,
2003-02-11 22:00:00,38.13,1.836,,1.628,
2003-02-11 23:00:00,33.22,0.65,,2.167,
2003-02-12 00:00:00,19.74,0.65,,7.776,
2003-02-12 01:00:00,10.33,0.65,,11.02,
2003-02-12 02:00:00,3.61,0.65,,14.17,
2003-02-12 03:00:00,13.33,0.65,,12.29,
2003-02-12 04:00:00,22.07,0.65,,16.87,
2003-02-12 05:00:00,15.91,0.65,,18.92,
2003-02-12 06:00:00,16.91,0.65,,5.556,
2003-02-12 07:00:00,39.83,0.65,,0.5,
2003-02-12 08:00:00,36.3,0.65,,0.5,
2003-02-12 09:00:00,22.87,0.65,,3.757,
2003-02-12 10:00:00,36.63,0.65,,15.56,
2003-02-12 11:00:00,23.26,0.65,,26.66,
2003-02-12 12:00:00,12.34,0.65,,25.11,
2003-02-12 13:00:00,16.26,0.65,,25.95,
2003-02-12 14:00:00,17.19,0.65,,22.01,
2003-02-12 15:00:00,26.3,0.65,,20.84,
2003-02-12 16:00:00,13.28,0.65,,18.07,
2003-02-12 17:00:00,7.91,1.316,,17.52,
2003-02-12 18:00:00,18.51,0.65,,16.66,
2003-02-12 19:00:00,28.02,2.56,,9.787,
2003-02-12 20:00:00,27.39,0.65,,15.9,
2003-02-12 21:00:00,13.32,0.65,,7.092,
2003-02-12 22:00:00,15.28,0.65,,2.344,
2003-02-12 23:00:00,29.68,0.65,,15.71,
2003-02-13 00:00:00,20.14,0.65,,25.33,
2003-02-13 01:00:00,2.625,0.65,,23.68,
2003-02-13 02:00:00,8.6,0.65,,18.38,
2003-02-13 03:00:00,12.15,0.65,,21.52,
2003-02-13 04:00:00,12.98,0.65,,17.24,
2003-02-13 05:00:00,9.104,0.65,,20.2,
2003-02-13 06:00:00,5.136,0.65,,12.25,
2003-02-13 07:00:00,19.2,0.65,,5.315,
2003-02-13 08:00:00,27.98,0.65,,5.79,
2003-02-13 09:00:00,28.13,0.65,,11.51,
2003-02-13 10:00:00,26.15,1.84,,14.25,
2003-02-13 11:00:00,18.46,0.65,,18.18,
2003-02-13 12:00:00,10.29,,,22.86,
2003-02-13 13:00:00,6.332,0.65,,23.7,
2003-02-13 14:00:00,,0.65,,28.22,
2003-02-13 15:00:00,,0.65,,33.48,
2003-02-13 16:00:00,2.829,0.65,,33.31,
2003-02-13 17:00:00,5.308,0.65,,28.48,
2003-02-13 18:00:00,8.331,0.65,,16.61,
2003-02-13 19:00:00,16.76,0.65,,22.95,
2003-02-13 20:00:00,21.08,0.65,,21.77,
2003-02-13 21:00:00,13.03,0.65,,22.44,
2003-02-13 22:00:00,18.33,0.65,,14.32,
2003-02-13 23:00:00,28.55,0.65,,9.486,
2003-02-14 00:00:00,13.08,0.65,,24.54,
2003-02-14 01:00:00,,0.65,,18.39,
2003-02-14 02:00:00,3.958,0.65,,10.06,
2003-02-14 03:00:00,16.31,0.65,,5.174,
2003-02-14 04:00:00,16.13,0.65,,3.07,
2003-02-14 05:00:00,25.25,0.65,,2.654,
2003-02-14 06:00:00,32.22,1.582,,1.422,
2003-02-14 07:00:00,19.55,10.45,,0.5,
2003-02-14 08:00:00,33.77,8.37,,1.743,
2003-02-14 09:00:00,52.31,8.71,,2.625,
2003-02-14 10:00:00,47.17,22.07,,7.779,
2003-02-14 11:00:00,27.9,20.01,,23.71,
2003-02-14 12:00:00,18.65,10.3,,55.1,
2003-02-14 13:00:00,10.62,8.519,,37.47,
2003-02-14 14:00:00,,5.811,,29.7,
2003-02-14 15:00:00,3.67,5.247,,31.15,
2003-02-14 16:00:00,11.93,4.204,,38.85,
2003-02-14 17:00:00,8.206,4.422,,29.57,
2003-02-14 18:00:00,,2.903,,29.69,
2003-02-14 19:00:00,7.138,1.516,,30.34,
2003-02-14 20:00:00,7.021,1.864,,21.55,
2003-02-14 21:00:00,21.8,0.65,,20.56,
2003-02-14 22:00:00,42.41,2.318,,15.73,
2003-02-14 23:00:00,22.29,1.63,,17.63,
2003-02-15 00:00:00,9.946,1.304,,18.51,
2003-02-15 01:00:00,13.99,0.65,,16.71,
2003-02-15 02:00:00,14.83,0.65,,8.426,
2003-02-15 03:00:00,15.97,0.65,,6.344,
2003-02-15 04:00:00,9.2,0.65,,6.863,
2003-02-15 05:00:00,23.14,0.65,,0.5,
2003-02-15 06:00:00,28.5,0.65,,0.5,
2003-02-15 07:00:00,11.02,0.65,,0.5,
2003-02-15 08:00:00,29.18,3.949,,2.071,
2003-02-15 09:00:00,33.31,4.99,,9.9,
2003-02-15 10:00:00,11.93,7.932,,17.71,
2003-02-15 11:00:00,18.13,8.517,,27.78,
2003-02-15 12:00:00,24.45,5.943,,43.9,
2003-02-15 13:00:00,10.59,6.703,,63.76,
2003-02-15 14:00:00,7.787,4.832,,54.67,
2003-02-15 15:00:00,7.722,11.18,,48.12,
2003-02-15 16:00:00,,3.629,,49.42,
2003-02-15 17:00:00,7.144,3.775,,46.61,0.434
2003-02-15 18:00:00,15.39,8.853,,36.25,0.618
2003-02-15 19:00:00,12.77,8.17,,30.31,0.64
2003-02-15 20:00:00,4.465,0.65,,42.16,0.438
2003-02-15 21:00:00,28.78,0.65,,43.19,0.402
2003-02-15 22:00:00,49.01,0.65,,43.1,0.373
2003-02-15 23:00:00,33.75,0.65,,37.79,0.497
2003-02-16 00:00:00,19.95,0.65,,36.72,0.49
2003-02-16 01:00:00,8.11,0.65,,35.5,0.471
2003-02-16 02:00:00,11.99,0.65,,33.22,0.424
2003-02-16 03:00:00,29.32,0.65,,33.16,0.32
2003-02-16 04:00:00,18.72,0.65,,32.79,0.315
2003-02-16 05:00:00,6.553,0.65,,33.65,0.304
2003-02-16 06:00:00,10.95,0.65,,31.59,0.281
2003-02-16 07:00:00,16.06,0.65,,20.77,0.395
2003-02-16 08:00:00,11.59,3.332,,15.48,0.549
2003-02-16 09:00:00,15.1,5.76,,24.1,0.467
2003-02-16 10:00:00,33.1,4.364,,28.35,0.443
2003-02-16 11:00:00,25.74,3.043,,24.59,0.414
2003-02-16 12:00:00,45.77,3.841,,22.99,0.93
2003-02-16 13:00:00,47.63,1.802,,18.4,0.76
2003-02-16 14:00:00,18.46,1.465,,18.04,0.512
2003-02-16 15:00:00,18.15,1.608,,19.98,0.489
2003-02-16 16:00:00,10.89,4.365,,19.94,0.462
2003-02-16 17:00:00,2.21,1.918,,18.22,0.48
2003-02-16 18:00:00,8.812,2.921,,19.09,0.669
2003-02-16 19:00:00,10.07,6.639,,15.45,0.902
2003-02-16 20:00:00,4.049,1.968,,13.13,0.743
2003-02-16 21:00:00,5.843,2.214,,8.76,0.873
2003-02-16 22:00:00,7.435,3.529,,1.549,1.115
2003-02-16 23:00:00,16.18,3.626,,0.5,0.905
2003-02-17 00:00:00,22.17,3.844,,0.5,1.489
2003-02-17 01:00:00,22.24,0.65,,0.5,1.324
2003-02-17 02:00:00,12.77,0.65,,11.57,0.506
2003-02-17 03:00:00,,0.65,,37.44,0.287
2003-02-17 04:00:00,0.912,0.65,,39.89,0.259
2003-02-17 05:00:00,3.66,0.65,,39.85,0.228
2003-02-17 06:00:00,3.076,4.175,,28.07,0.264
2003-02-17 07:00:00,8.692,4.423,,19.19,0.368
2003-02-17 08:00:00,23.51,2.518,,9.135,0.808
2003-02-17 09:00:00,25.83,3.037,,10.98,0.819
2003-02-17 10:00:00,15.08,21.95,,13.11,1.015
2003-02-17 11:00:00,19.31,31.03,,17.57,0.758
2003-02-17 12:00:00,32.43,31.62,,20.65,0.622
2003-02-17 13:00:00,18.07,31.91,,19.8,0.536
2003-02-17 14:00:00,2.746,28.88,,24.51,0.521
2003-02-17 15:00:00,19.76,31.75,,22.08,0.774
2003-02-17 16:00:00,28.55,26.75,,29.01,0.76
2003-02-17 17:00:00,,44.77,,27.42,0.655
2003-02-17 18:00:00,12.05,41.95,,22.34,0.68
2003-02-17 19:00:00,24.54,69.57,,8.103,1.53
2003-02-17 20:00:00,46.59,58.86,,4.271,1.351
2003-02-17 21:00:00,51.54,15.23,,2.492,0.874
2003-02-17 22:00:00,43.52,5.386,,4.134,0.706
2003-02-17 23:00:00,53.87,4.403,,7.635,0.522
2003-02-18 00:00:00,39.46,3.499,,10.19,0.463
2003-02-18 01:00:00,45.94,4.676,,13.92,0.527
2003-02-18 02:00:00,29.12,4.692,,19.65,0.453
2003-02-18 03:00:00,14.16,9.638,,17.83,0.461
2003-02-18 04:00:00,39.73,16.55,,22.25,0.325
2003-02-18 05:00:00,22.86,18.42,,25.9,0.259
2003-02-18 06:00:00,0.009,14.84,,21.42,0.297
2003-02-18 07:00:00,3.217,10.13,,7.513,0.51
2003-02-18 08:00:00,28.53,21.0,,6.34,0.917
2003-02-18 09:00:00,37.53,46.46,,7.619,1.34
2003-02-18 10:00:00,42.86,56.37,,12.73,1.021
2003-02-18 11:00:00,34.61,41.18,,19.03,0.744
2003-02-18 12:00:00,24.73,53.44,,27.69,0.655
2003-02-18 13:00:00,25.42,29.96,,27.32,0.583
2003-02-18 14:00:00,21.44,24.19,,27.96,0.607
2003-02-18 15:00:00,9.309,37.1,,31.04,0.709
2003-02-18 16:00:00,24.78,52.39,,32.9,0.78
2003-02-18 17:00:00,31.03,32.71,,26.6,0.966
2003-02-18 18:00:00,14.61,38.98,,16.76,1.312
2003-02-18 19:00:00,25.25,13.69,,11.1,1.146
2003-02-18 20:00:00,24.14,9.852,,2.086,1.091
2003-02-18 21:00:00,26.67,14.46,,0.5,1.152
2003-02-18 22:00:00,38.84,11.01,,1.289,2.783
2003-02-18 23:00:00,71.53,14.33,,1.824,3.288
2003-02-19 00:00:00,97.47,14.64,,0.5,2.093
2003-02-19 01:00:00,68.19,4.057,,5.763,0.89
2003-02-19 02:00:00,30.44,0.65,,38.87,0.225
2003-02-19 03:00:00,33.3,0.65,,33.71,0.225
2003-02-19 04:00:00,27.63,0.65,,29.25,0.391
2003-02-19 05:00:00,19.17,0.65,,35.49,0.252
2003-02-19 06:00:00,15.51,0.65,,38.89,0.233
2003-02-19 07:00:00,4.882,0.65,,35.99,0.218
2003-02-19 08:00:00,24.08,0.65,,26.81,0.291
2003-02-19 09:00:00,40.48,0.65,,26.45,0.39
2003-02-19 10:00:00,23.81,0.65,,35.97,0.253
2003-02-19 11:00:00,25.0,0.65,,35.63,0.301
2003-02-19 12:00:00,38.84,0.65,,23.01,0.571
2003-02-19 13:00:00,49.72,2.046,,0.5,2.335
2003-02-19 14:00:00,57.18,0.65,,0.5,2.049
2003-02-19 15:00:00,45.91,0.65,,14.54,0.857
2003-02-19 16:00:00,33.46,0.65,,21.71,0.451
2003-02-19 17:00:00,20.15,0.65,,19.52,0.696
2003-02-19 18:00:00,9.14,0.65,,20.85,0.471
2003-02-19 19:00:00,8.401,0.65,,7.679,1.182
2003-02-19 20:00:00,8.818,0.65,,0.5,0.954
2003-02-19 21:00:00,27.23,0.65,,0.5,0.904
2003-02-19 22:00:00,37.2,0.65,,0.5,1.196
2003-02-19 23:00:00,19.87,0.65,,0.5,0.855
2003-02-20 00:00:00,19.28,0.65,,3.456,0.505
2003-02-20 01:00:00,22.36,0.65,,6.442,0.528
2003-02-20 02:00:00,15.69,0.65,,9.19,0.531
2003-02-20 03:00:00,10.36,0.65,,4.533,0.565
2003-02-20 04:00:00,3.451,0.65,,3.967,0.622
2003-02-20 05:00:00,10.1,0.65,,6.303,0.806
2003-02-20 06:00:00,17.38,0.65,,21.61,0.434
2003-02-20 07:00:00,7.418,0.65,,24.15,0.381
2003-02-20 08:00:00,5.297,0.65,,12.38,0.896
2003-02-20 09:00:00,6.346,0.65,,7.089,1.501
2003-02-20 10:00:00,1.678,0.65,,11.65,1.092
2003-02-20 11:00:00,3.509,0.65,,12.72,1.01
2003-02-20 12:00:00,14.07,2.226,,13.01,0.906
2003-02-20 13:00:00,21.67,2.164,,8.818,0.974
2003-02-20 14:00:00,19.68,1.785,,13.82,0.984
2003-02-20 15:00:00,9.401,1.632,,13.02,0.991
2003-02-20 16:00:00,5.751,0.65,,15.27,0.724
2003-02-20 17:00:00,6.119,0.65,,15.08,0.791
2003-02-20 18:00:00,18.92,1.793,,25.15,0.628
2003-02-20 19:00:00,13.36,2.164,,18.65,0.748
2003-02-20 20:00:00,1.589,2.035,,25.18,0.757
2003-02-20 21:00:00,4.018,1.733,,28.04,0.651
2003-02-20 22:00:00,6.531,1.935,,23.6,0.519
2003-02-20 23:00:00,15.35,2.014,,19.1,0.602
2003-02-21 00:00:00,20.26,1.913,,10.6,0.506
2003-02-21 01:00:00,15.29,0.65,,6.787,0.422
2003-02-21 02:00:00,20.7,0.65,,22.49,0.231
2003-02-21 03:00:00,12.24,0.65,,20.62,0.341
2003-02-21 04:00:00,8.358,0.65,,28.63,0.17
2003-02-21 05:00:00,6.653,0.65,,24.64,0.214
2003-02-21 06:00:00,,0.65,,24.46,0.196
2003-02-21 07:00:00,,0.65,,8.258,0.38
2003-02-21 08:00:00,12.12,0.65,,4.522,0.56
2003-02-21 09:00:00,12.52,0.65,,10.55,0.338
2003-02-21 10:00:00,7.858,0.65,,14.69,0.51
2003-02-21 11:00:00,9.917,1.657,,14.35,0.606
2003-02-21 12:00:00,13.18,1.597,,19.42,0.495
2003-02-21 13:00:00,28.58,1.452,,22.5,0.378
2003-02-21 14:00:00,26.38,1.749,,24.37,0.332
2003-02-21 15:00:00,14.15,0.65,,28.29,0.407
2003-02-21 16:00:00,12.43,0.65,,28.26,0.472
2003-02-21 17:00:00,12.5,0.65,,26.69,0.406
2003-02-21 18:00:00,10.46,0.65,,27.28,0.37
2003-02-21 19:00:00,3.924,0.65,,21.87,0.304
2003-02-21 20:00:00,12.92,0.65,,13.02,0.389
2003-02-21 21:00:00,12.96,0.65,,14.45,0.378
2003-02-21 22:00:00,15.76,0.65,,5.301,0.512
2003-02-21 23:00:00,25.86,0.65,,5.679,0.321
2003-02-22 00:00:00,26.25,0.65,,10.57,0.298
2003-02-22 01:00:00,26.89,0.65,,3.545,0.641
2003-02-22 02:00:00,15.0,0.65,,10.28,0.614
2003-02-22 03:00:00,10.95,0.65,,17.38,0.381
2003-02-22 04:00:00,18.22,0.65,,9.111,0.4
2003-02-22 05:00:00,18.69,0.65,,9.974,0.549
2003-02-22 06:00:00,20.46,0.65,,4.864,0.495
2003-02-22 07:00:00,12.35,0.65,,2.147,0.571
2003-02-22 08:00:00,13.37,0.65,,16.88,0.524
2003-02-22 09:00:00,32.81,0.65,,27.54,0.571
2003-02-22 10:00:00,32.98,0.65,,32.68,0.545
2003-02-22 11:00:00,11.4,0.65,,35.05,0.552
2003-02-22 12:00:00,14.79,0.65,,32.5,0.58
2003-02-22 13:00:00,39.29,0.65,,27.69,0.685
2003-02-22 14:00:00,30.26,0.65,,30.93,0.572
2003-02-22 15:00:00,30.44,0.65,,26.18,0.603
2003-02-22 16:00:00,20.62,0.65,,28.47,0.612
2003-02-22 17:00:00,25.96,0.65,,28.76,0.554
2003-02-22 18:00:00,32.72,0.65,,28.17,0.583
2003-02-22 19:00:00,29.0,0.65,,27.96,0.645
2003-02-22 20:00:00,20.11,0.65,,27.17,0.658
2003-02-22 21:00:00,23.22,0.65,,22.82,0.621
2003-02-22 22:00:00,38.15,0.65,,24.4,0.709
2003-02-22 23:00:00,28.82,1.575,,23.29,0.604
2003-02-23 00:00:00,15.2,1.319,,22.34,0.422
2003-02-23 01:00:00,17.38,0.65,,21.06,0.221
2003-02-23 02:00:00,9.647,0.65,,18.8,0.269
2003-02-23 03:00:00,20.87,0.65,,11.26,0.435
2003-02-23 04:00:00,31.24,0.65,,13.71,0.256
2003-02-23 05:00:00,11.56,0.65,,12.11,0.224
2003-02-23 06:00:00,20.96,0.65,,11.57,0.155
2003-02-23 07:00:00,26.36,0.65,,1.924,0.462
2003-02-23 08:00:00,25.03,2.702,,4.346,0.503
2003-02-23 09:00:00,25.84,3.845,,10.69,0.442
2003-02-23 10:00:00,14.86,3.829,,18.43,0.411
2003-02-23 11:00:00,7.47,2.297,,19.99,0.301
2003-02-23 12:00:00,14.26,1.669,,26.76,0.235
2003-02-23 13:00:00,20.31,0.65,,37.06,0.552
2003-02-23 14:00:00,22.82,1.483,,50.12,0.725
2003-02-23 15:00:00,31.42,1.732,,38.44,0.623
2003-02-23 16:00:00,25.02,0.65,,24.5,0.385
2003-02-23 17:00:00,12.13,0.65,,20.51,0.281
2003-02-23 18:00:00,3.947,0.65,,20.98,0.231
2003-02-23 19:00:00,20.99,2.029,,18.39,0.21
2003-02-23 20:00:00,31.37,1.697,,11.86,0.265
2003-02-23 21:00:00,14.91,2.189,,6.101,0.388
2003-02-23 22:00:00,28.61,2.49,,4.536,0.481
2003-02-23 23:00:00,38.14,2.938,,1.401,0.638
2003-02-24 00:00:00,25.87,3.333,,2.082,0.448
2003-02-24 01:00:00,30.26,0.65,,0.5,0.687
2003-02-24 02:00:00,16.46,0.65,,0.5,0.697
2003-02-24 03:00:00,11.03,0.65,,0.5,0.722
2003-02-24 04:00:00,21.87,0.65,,1.406,0.58
2003-02-24 05:00:00,23.69,0.65,,1.349,0.748
2003-02-24 06:00:00,10.63,0.65,,0.5,0.89
2003-02-24 07:00:00,6.401,0.65,,0.5,0.891
2003-02-24 08:00:00,18.53,0.65,,0.5,1.403
2003-02-24 09:00:00,28.56,0.65,,0.5,2.55
2003-02-24 10:00:00,35.19,0.65,,1.193,1.735
2003-02-24 11:00:00,16.85,0.65,,4.366,1.279
2003-02-24 12:00:00,27.11,0.65,,12.05,1.137
2003-02-24 13:00:00,33.04,0.65,,19.26,0.883
2003-02-24 14:00:00,12.87,0.65,,28.53,1.269
2003-02-24 15:00:00,37.08,4.228,,27.66,1.619
2003-02-24 16:00:00,28.0,13.38,,21.94,1.588
2003-02-24 17:00:00,11.19,13.8,,12.31,1.326
2003-02-24 18:00:00,29.75,8.996,,11.89,1.262
2003-02-24 19:00:00,24.92,7.685,,3.511,1.706
2003-02-24 20:00:00,12.08,8.258,,1.254,1.41
2003-02-24 21:00:00,14.83,7.153,,0.5,0.985
2003-02-24 22:00:00,19.58,6.639,,0.5,0.692
2003-02-24 23:00:00,9.17,6.738,,0.5,1.143
2003-02-25 00:00:00,16.41,5.694,,0.5,0.863
2003-02-25 01:00:00,23.69,0.65,,0.5,0.967
2003-02-25 02:00:00,29.3,0.65,,0.5,0.863
2003-02-25 03:00:00,23.75,0.65,,0.5,0.821
2003-02-25 04:00:00,17.12,0.65,,0.5,0.677
2003-02-25 05:00:00,19.92,0.65,,0.5,0.427
2003-02-25 06:00:00,13.6,0.65,,1.167,0.348
2003-02-25 07:00:00,9.629,0.65,,0.5,0.548
2003-02-25 08:00:00,31.54,0.65,,0.5,1.747
2003-02-25 09:00:00,36.35,0.65,,0.5,1.635
2003-02-25 10:00:00,36.29,0.65,,0.5,1.583
2003-02-25 11:00:00,31.68,0.65,,2.297,1.862
2003-02-25 12:00:00,32.04,0.65,,4.11,1.656
2003-02-25 13:00:00,19.6,0.65,,12.09,1.039
2003-02-25 14:00:00,23.74,0.65,,15.0,0.855
2003-02-25 15:00:00,40.23,1.436,,12.3,1.054
2003-02-25 16:00:00,17.64,0.65,,17.67,0.814
2003-02-25 17:00:00,,2.629,,10.53,1.312
2003-02-25 18:00:00,5.905,2.156,,6.458,1.112
2003-02-25 19:00:00,14.28,0.65,,3.411,0.926
2003-02-25 20:00:00,30.6,0.65,,2.217,0.559
2003-02-25 21:00:00,26.85,0.65,,0.5,0.822
2003-02-25 22:00:00,37.49,0.65,,0.5,1.014
2003-02-25 23:00:00,30.97,0.65,,0.5,1.309
2003-02-26 00:00:00,12.37,0.65,,0.5,0.703
2003-02-26 01:00:00,22.39,0.65,,0.5,1.071
2003-02-26 02:00:00,32.03,0.65,,0.5,1.261
2003-02-26 03:00:00,37.32,0.65,,0.5,1.322
2003-02-26 04:00:00,27.33,1.389,,0.5,1.178
2003-02-26 05:00:00,28.99,1.853,,0.5,0.922
2003-02-26 06:00:00,33.25,1.917,,0.5,0.905
2003-02-26 07:00:00,24.71,2.285,,0.5,1.064
2003-02-26 08:00:00,38.89,3.217,,0.5,1.888
2003-02-26 09:00:00,41.84,4.292,,0.5,2.438
2003-02-26 10:00:00,31.93,3.634,,5.018,1.439
2003-02-26 11:00:00,44.14,2.533,,22.54,1.188
2003-02-26 12:00:00,32.12,1.608,,45.67,0.854
2003-02-26 13:00:00,14.77,0.65,,45.95,0.821
2003-02-26 14:00:00,10.37,0.65,,58.68,0.565
2003-02-26 15:00:00,6.501,0.65,,50.62,0.431
2003-02-26 16:00:00,13.35,0.65,,45.06,0.231
2003-02-26 17:00:00,12.22,0.65,,40.51,0.34
2003-02-26 18:00:00,3.1,0.65,,33.79,0.341
2003-02-26 19:00:00,16.62,0.65,,30.02,0.41
2003-02-26 20:00:00,20.14,0.65,,19.56,0.4
2003-02-26 21:00:00,26.6,0.65,,24.32,0.349
2003-02-26 22:00:00,23.71,0.65,,25.8,0.289
2003-02-26 23:00:00,11.22,0.65,,24.29,0.435
2003-02-27 00:00:00,10.49,0.65,,20.81,0.466
2003-02-27 01:00:00,23.56,0.65,,9.464,0.419
2003-02-27 02:00:00,31.9,0.65,,8.601,0.478
2003-02-27 03:00:00,19.2,0.65,,11.95,0.563
2003-02-27 04:00:00,19.81,0.65,,7.917,0.619
2003-02-27 05:00:00,19.03,0.65,,6.24,0.61
2003-02-27 06:00:00,12.11,0.65,,0.5,0.566
2003-02-27 07:00:00,13.59,0.65,,0.5,0.491
2003-02-27 08:00:00,26.02,0.65,,1.31,0.711
2003-02-27 09:00:00,35.47,0.65,,4.229,1.314
2003-02-27 10:00:00,28.88,0.65,,13.09,0.926
2003-02-27 11:00:00,43.11,0.65,,42.62,1.005
2003-02-27 12:00:00,50.96,0.65,,46.52,0.81
2003-02-27 13:00:00,38.96,0.65,,46.59,0.695
2003-02-27 14:00:00,35.72,0.65,,89.0,0.669
2003-02-27 15:00:00,36.53,0.65,,50.01,0.948
2003-02-27 16:00:00,41.75,0.65,,44.19,0.986
2003-02-27 17:00:00,26.96,0.65,,35.09,1.136
2003-02-27 18:00:00,3.085,,,26.81,1.444
2003-02-27 19:00:00,8.86,1.465,,30.68,1.048
2003-02-27 20:00:00,28.42,1.901,,26.13,0.469
2003-02-27 21:00:00,42.29,2.603,,17.3,0.573
2003-02-27 22:00:00,39.9,3.048,,8.018,0.73
2003-02-27 23:00:00,42.33,3.448,,4.181,0.861
2003-02-28 00:00:00,58.98,3.72,,2.395,0.935
2003-02-28 01:00:00,43.56,0.65,,30.65,0.918
2003-02-28 02:00:00,12.26,0.65,,52.47,0.256
2003-02-28 03:00:00,1.337,0.65,,50.67,0.299
2003-02-28 04:00:00,,0.65,,47.65,0.207
2003-02-28 05:00:00,,0.65,,38.87,0.268
2003-02-28 06:00:00,4.219,0.65,,30.06,0.297
2003-02-28 07:00:00,3.989,0.65,,5.118,0.668
2003-02-28 08:00:00,20.01,0.65,,8.742,1.257
2003-02-28 09:00:00,23.3,0.65,,7.849,1.644
2003-02-28 10:00:00,18.55,4.223,,14.2,1.539
2003-02-28 11:00:00,10.6,1.558,,31.58,1.459
2003-02-28 12:00:00,14.92,1.493,,35.92,1.654
2003-02-28 13:00:00,12.25,0.65,,50.81,1.25
2003-02-28 14:00:00,27.69,0.65,,54.78,0.781
2003-02-28 15:00:00,22.78,0.65,,55.8,0.695
2003-02-28 16:00:00,6.015,0.65,,58.77,0.781
2003-02-28 17:00:00,13.88,0.65,,49.83,0.687
2003-02-28 18:00:00,7.331,0.65,,32.44,0.721
2003-02-28 19:00:00,20.32,0.65,,34.69,0.632
2003-02-28 20:00:00,21.06,0.65,,29.06,0.678
2003-02-28 21:00:00,15.39,0.65,,23.55,0.636
2003-02-28 22:00:00,27.69,0.65,,30.52,0.496
2003-02-28 23:00:00,29.13,0.65,,28.39,0.544
2003-03-01 00:00:00,16.46,0.65,,27.84,0.623
2003-03-01 01:00:00,8.511,0.65,,29.67,0.514
2003-03-01 02:00:00,16.99,0.65,,42.61,0.492
2003-03-01 03:00:00,11.94,0.65,,46.22,0.381
2003-03-01 04:00:00,4.627,0.65,,35.45,0.436
2003-03-01 05:00:00,4.628,0.65,,29.54,0.294
2003-03-01 06:00:00,1.271,0.65,,28.35,0.315
2003-03-01 07:00:00,,0.65,,18.54,0.47
2003-03-01 08:00:00,0.498,1.619,,12.74,0.725
2003-03-01 09:00:00,27.38,2.146,,10.32,0.771
2003-03-01 10:00:00,26.94,1.689,,18.12,0.626
2003-03-01 11:00:00,5.162,1.651,,27.01,0.769
2003-03-01 12:00:00,23.66,0.65,,53.83,0.642
2003-03-01 13:00:00,23.88,0.65,,69.85,0.565
2003-03-01 14:00:00,31.69,0.65,,82.85,0.559
2003-03-01 15:00:00,36.85,0.65,,68.76,0.49
2003-03-01 16:00:00,24.82,0.65,,65.04,0.496
2003-03-01 19:00:00,,0.65,,23.92,0.808
2003-03-01 20:00:00,,0.65,,24.79,0.462
2003-03-01 21:00:00,13.58,0.65,,15.9,0.358
2003-03-01 22:00:00,15.41,0.65,,14.55,0.297
2003-03-01 23:00:00,3.624,0.65,,18.74,0.259
2003-03-02 00:00:00,,0.65,,21.01,0.254
2003-03-02 01:00:00,,0.65,,9.44,0.571
2003-03-02 02:00:00,12.99,0.65,,21.34,0.252
2003-03-02 03:00:00,16.27,0.65,,20.32,0.322
2003-03-02 04:00:00,9.21,0.65,,15.29,0.269
2003-03-02 05:00:00,20.33,0.65,,25.61,0.237
2003-03-02 06:00:00,13.37,0.65,,22.67,0.23
2003-03-02 07:00:00,5.185,0.65,,20.43,0.188
2003-03-02 08:00:00,7.26,0.65,,20.17,0.258
2003-03-02 09:00:00,19.87,0.65,,30.26,0.207
2003-03-02 10:00:00,13.85,0.65,,33.42,0.196
2003-03-02 11:00:00,11.66,0.65,,42.02,0.14
2003-03-02 12:00:00,16.51,0.65,,46.77,0.112
2003-03-02 13:00:00,8.782,0.65,,45.13,0.115
2003-03-02 14:00:00,2.418,0.65,,48.06,0.131
2003-03-02 15:00:00,,0.65,,52.06,0.076
2003-03-02 16:00:00,7.082,0.65,,51.09,0.078
2003-03-02 17:00:00,5.68,0.65,,52.73,0.118
2003-03-02 18:00:00,,0.65,,51.78,0.079
2003-03-02 19:00:00,0.78,0.65,,42.27,0.103
2003-03-02 20:00:00,0.626,0.65,,32.41,0.229
2003-03-02 21:00:00,25.01,0.65,,27.59,0.226
2003-03-02 23:00:00,51.07,,,,
2003-03-03 00:00:00,27.51,0.65,,26.14,
2003-03-03 01:00:00,6.467,0.65,,20.28,0.382
2003-03-03 02:00:00,14.24,0.65,,26.31,0.221
2003-03-03 03:00:00,7.222,0.65,,24.26,0.136
2003-03-03 04:00:00,4.76,0.65,,27.11,0.094
2003-03-03 05:00:00,12.03,0.65,,29.48,0.092
2003-03-03 06:00:00,10.62,0.65,,24.08,0.179
2003-03-03 07:00:00,3.245,0.65,,16.72,0.161
2003-03-03 08:00:00,14.93,0.65,,6.276,0.261
2003-03-03 09:00:00,22.93,0.65,,6.143,0.258
2003-03-03 10:00:00,29.81,0.65,,18.41,0.299
2003-03-03 11:00:00,27.03,0.65,,20.96,0.332
2003-03-03 12:00:00,36.22,0.65,,32.57,0.222
2003-03-03 13:00:00,30.67,0.65,,30.22,0.259
2003-03-03 14:00:00,7.833,0.65,,16.54,0.312
2003-03-03 15:00:00,25.79,0.65,,17.54,0.282
2003-03-03 16:00:00,34.12,0.65,,18.46,0.288
2003-03-03 17:00:00,19.79,0.65,,30.98,0.24
2003-03-03 18:00:00,12.9,0.65,,32.56,0.189
2003-03-03 19:00:00,15.54,0.65,,35.52,0.189
2003-03-03 20:00:00,21.18,0.65,,30.47,0.185
2003-03-03 21:00:00,12.31,0.65,,31.53,0.178
2003-03-03 22:00:00,7.784,0.65,,32.37,0.149
2003-03-03 23:00:00,19.37,0.65,,26.1,0.128
2003-03-04 00:00:00,12.13,0.65,,31.35,0.221
2003-03-04 01:00:00,10.96,0.65,,27.96,0.424
2003-03-04 02:00:00,12.74,0.65,,31.28,0.389
2003-03-04 03:00:00,6.074,0.65,,35.25,0.414
2003-03-04 04:00:00,6.028,0.65,,37.52,0.403
2003-03-04 05:00:00,19.34,0.65,,34.23,0.485
2003-03-04 06:00:00,13.06,0.65,,33.63,0.421
2003-03-04 07:00:00,0.133,0.65,,25.44,0.555
2003-03-04 08:00:00,9.415,0.65,,32.76,0.444
2003-03-04 09:00:00,15.22,0.65,,34.23,0.297
2003-03-04 10:00:00,13.24,0.65,,34.95,0.359
2003-03-04 11:00:00,5.671,0.65,,35.88,0.329
2003-03-04 12:00:00,2.189,0.65,,33.82,0.388
2003-03-04 13:00:00,18.6,0.65,,41.24,0.4
2003-03-04 14:00:00,13.48,0.65,,42.89,0.316
2003-03-04 15:00:00,,0.65,,40.32,0.336
2003-03-04 16:00:00,4.699,0.65,,39.35,0.466
2003-03-04 17:00:00,8.984,0.65,,40.02,0.456
2003-03-04 18:00:00,4.173,0.65,,40.4,0.449
2003-03-04 19:00:00,,0.65,,34.75,0.497
2003-03-04 20:00:00,1.48,0.65,,33.47,0.485
2003-03-04 21:00:00,1.19,0.65,,29.56,0.444
2003-03-04 22:00:00,7.078,0.65,,32.76,0.508
2003-03-04 23:00:00,5.662,0.65,,33.57,0.485
2003-03-05 00:00:00,8.438,1.396,,32.36,0.432
2003-03-05 01:00:00,6.733,0.65,,30.23,0.188
2003-03-05 02:00:00,4.149,0.65,,29.25,0.232
2003-03-05 03:00:00,8.159,0.65,,28.09,0.172
2003-03-05 04:00:00,13.23,0.65,,26.89,0.172
2003-03-05 05:00:00,7.489,0.65,,26.37,0.175
2003-03-05 06:00:00,9.067,0.65,,22.34,0.19
2003-03-05 07:00:00,8.954,0.65,,10.37,0.215
2003-03-05 08:00:00,14.5,0.65,,7.321,0.337
2003-03-05 09:00:00,19.91,0.65,,14.02,0.286
2003-03-05 10:00:00,7.887,0.65,,21.7,0.234
2003-03-05 11:00:00,8.373,0.65,,32.16,0.35
2003-03-05 12:00:00,8.069,0.65,,51.58,0.182
2003-03-05 13:00:00,1.586,0.65,,53.44,0.181
2003-03-05 14:00:00,13.95,0.65,,44.44,0.129
2003-03-05 15:00:00,18.32,0.65,,42.68,0.16
2003-03-05 16:00:00,18.85,0.65,,40.34,0.27
2003-03-05 17:00:00,14.66,0.65,,39.19,0.235
2003-03-05 18:00:00,9.794,0.65,,34.62,0.259
2003-03-05 19:00:00,7.027,0.65,,27.01,0.294
2003-03-05 20:00:00,30.03,0.65,,22.05,0.26
2003-03-05 21:00:00,23.9,0.65,,21.72,0.219
2003-03-05 22:00:00,15.75,0.65,,21.39,0.245
2003-03-05 23:00:00,12.06,0.65,,17.31,0.258
2003-03-06 00:00:00,19.46,0.65,,15.63,0.184
2003-03-06 01:00:00,25.94,0.65,,16.48,0.174
2003-03-06 02:00:00,9.803,0.65,,15.43,0.181
2003-03-06 03:00:00,1.266,0.65,,15.8,0.203
2003-03-06 04:00:00,,0.65,,14.79,0.144
2003-03-06 05:00:00,4.599,0.65,,12.84,0.22
2003-03-06 06:00:00,3.73,0.65,,13.52,0.191
2003-03-06 07:00:00,14.09,0.65,,5.663,0.208
2003-03-06 08:00:00,27.17,0.65,,1.371,0.51
2003-03-06 09:00:00,21.48,0.65,,3.883,0.825
2003-03-06 10:00:00,20.6,0.65,,9.531,0.832
2003-03-06 11:00:00,22.6,0.65,,16.63,0.852
2003-03-06 12:00:00,9.489,0.65,,35.79,0.938
2003-03-06 13:00:00,16.53,0.65,,45.44,0.616
2003-03-06 14:00:00,23.74,0.65,,43.28,1.065
2003-03-06 15:00:00,21.27,0.65,,53.76,0.846
2003-03-06 16:00:00,40.66,0.65,,101.5,0.458
2003-03-06 17:00:00,43.83,0.65,,49.36,0.217
2003-03-06 18:00:00,15.71,0.65,,39.7,0.18
2003-03-06 19:00:00,25.23,0.65,,28.53,0.179
2003-03-06 20:00:00,27.2,0.65,,19.7,0.249
2003-03-06 21:00:00,20.74,0.65,,22.25,0.265
2003-03-06 22:00:00,26.72,0.65,,13.33,0.34
2003-03-06 23:00:00,26.73,0.65,,3.595,0.539
2003-03-07 00:00:00,33.78,1.302,,2.512,1.097
2003-03-07 01:00:00,46.07,0.65,,6.225,0.962
2003-03-07 02:00:00,39.73,0.65,,8.81,0.8
2003-03-07 03:00:00,13.49,0.65,,24.93,0.681
2003-03-07 04:00:00,0.524,0.65,,22.75,0.684
2003-03-07 05:00:00,2.698,0.65,,23.41,0.47
2003-03-07 06:00:00,8.166,0.65,,17.36,0.501
2003-03-07 07:00:00,16.38,0.65,,10.13,0.629
2003-03-07 08:00:00,11.72,0.65,,3.747,0.789
2003-03-07 09:00:00,10.05,0.65,,1.986,1.368
2003-03-07 10:00:00,32.7,0.65,,8.497,0.981
2003-03-07 11:00:00,36.9,0.65,,17.58,1.651
2003-03-07 12:00:00,20.69,0.65,,33.83,1.822
2003-03-07 13:00:00,36.97,0.65,,58.47,1.621
2003-03-07 14:00:00,42.52,0.65,,45.4,1.356
2003-03-07 15:00:00,28.2,0.65,,55.68,1.281
2003-03-07 16:00:00,16.11,0.65,,39.3,1.228
2003-03-07 17:00:00,22.52,0.65,,43.52,1.188
2003-03-07 18:00:00,15.08,0.65,,46.89,0.892
2003-03-07 19:00:00,21.54,0.65,,17.87,0.88
2003-03-07 20:00:00,17.67,0.65,,16.48,0.811
2003-03-07 21:00:00,10.88,0.65,,10.74,0.921
2003-03-07 22:00:00,33.99,0.65,,14.38,0.793
2003-03-07 23:00:00,40.21,0.65,,17.11,0.79
2003-03-08 00:00:00,34.17,0.65,,25.45,0.593
2003-03-08 01:00:00,31.43,0.65,,27.58,0.574
2003-03-08 02:00:00,30.57,0.65,,29.25,0.579
2003-03-08 03:00:00,31.36,0.65,,31.76,0.463
2003-03-08 04:00:00,17.53,0.65,,33.02,0.399
2003-03-08 05:00:00,3.831,0.65,,33.06,0.364
2003-03-08 06:00:00,0.952,0.65,,29.75,0.462
2003-03-08 07:00:00,21.99,0.65,,21.18,0.511
2003-03-08 08:00:00,25.57,0.65,,16.45,0.523
2003-03-08 09:00:00,17.09,0.65,,23.66,0.66
2003-03-08 10:00:00,17.72,0.65,,26.61,0.638
2003-03-08 11:00:00,13.84,0.65,,37.09,0.731
2003-03-08 12:00:00,12.2,0.65,,42.0,0.504
2003-03-08 13:00:00,14.22,0.65,,41.89,0.587
2003-03-08 14:00:00,9.798,0.65,,53.77,0.433
2003-03-08 15:00:00,2.424,0.65,,50.88,0.452
2003-03-08 16:00:00,0.832,0.65,,49.7,0.458
2003-03-08 17:00:00,17.28,0.65,,46.64,0.449
2003-03-08 18:00:00,13.69,0.65,,51.52,0.604
2003-03-08 19:00:00,4.603,0.65,,47.31,0.64
2003-03-08 20:00:00,32.14,0.65,,42.83,0.533
2003-03-08 21:00:00,23.09,0.65,,36.37,0.623
2003-03-08 22:00:00,12.3,0.65,,40.2,0.505
2003-03-08 23:00:00,23.85,0.65,,43.91,0.571
2003-03-09 00:00:00,25.27,0.65,,45.87,0.451
2003-03-09 01:00:00,11.39,0.65,,48.13,0.507
2003-03-09 02:00:00,8.773,0.65,,50.24,0.33
2003-03-09 03:00:00,13.77,0.65,,50.77,0.352
2003-03-09 04:00:00,11.29,0.65,,47.76,0.339
2003-03-09 05:00:00,4.782,0.65,,42.32,0.504
2003-03-09 06:00:00,,0.65,,37.52,0.317
2003-03-09 07:00:00,1.952,0.65,,34.87,0.326
2003-03-09 08:00:00,8.643,0.65,,34.18,0.305
2003-03-09 09:00:00,13.09,0.65,,37.47,0.326
2003-03-09 10:00:00,13.57,0.65,,37.91,0.383
2003-03-09 11:00:00,12.75,0.65,,41.14,0.412
2003-03-09 12:00:00,9.056,0.65,,47.53,0.33
2003-03-09 13:00:00,9.299,0.65,,48.1,0.356
2003-03-09 14:00:00,5.094,0.65,,44.57,0.36
2003-03-09 15:00:00,6.655,0.65,,47.35,0.308
2003-03-09 16:00:00,16.43,0.65,,39.7,0.438
2003-03-09 17:00:00,15.08,0.65,,45.19,0.494
2003-03-09 18:00:00,4.993,0.65,,43.88,0.428
2003-03-09 19:00:00,22.26,0.65,,33.07,0.56
2003-03-09 20:00:00,29.03,0.65,,30.18,0.622
2003-03-09 21:00:00,8.784,0.65,,29.31,0.569
2003-03-09 22:00:00,8.183,0.65,,29.07,0.552
2003-03-09 23:00:00,14.96,0.65,,34.74,0.484
2003-03-10 00:00:00,18.25,0.65,,37.41,0.522
2003-03-10 01:00:00,9.425,0.65,,41.74,0.605
2003-03-10 02:00:00,9.228,0.65,,43.71,0.539
2003-03-10 03:00:00,26.44,0.65,,43.21,0.541
2003-03-10 04:00:00,15.39,0.65,,40.75,0.593
2003-03-10 05:00:00,12.87,0.65,,42.05,0.615
2003-03-10 06:00:00,12.09,0.65,,40.55,0.624
2003-03-10 07:00:00,7.173,0.65,,33.79,0.652
2003-03-10 08:00:00,18.23,0.65,,21.13,0.896
2003-03-10 09:00:00,18.05,0.65,,23.05,1.087
2003-03-10 10:00:00,22.86,0.65,,32.71,0.754
2003-03-10 11:00:00,15.55,0.65,,38.01,0.745
2003-03-10 12:00:00,23.06,0.65,,44.43,0.641
2003-03-10 13:00:00,17.93,0.65,,53.06,0.766
2003-03-10 14:00:00,9.895,0.65,,61.9,0.801
2003-03-10 15:00:00,11.64,0.65,,59.96,1.256
2003-03-10 16:00:00,18.71,0.65,,47.06,1.326
2003-03-10 17:00:00,23.2,0.65,,31.22,1.33
2003-03-10 18:00:00,9.835,0.65,,30.75,1.032
2003-03-10 19:00:00,50.75,0.65,,17.68,1.106
2003-03-10 20:00:00,66.45,0.65,,2.957,1.694
2003-03-10 21:00:00,46.03,0.65,,8.446,1.867
2003-03-10 22:00:00,47.97,0.65,,8.912,1.969
2003-03-10 23:00:00,37.11,0.65,,7.154,1.489
2003-03-11 00:00:00,24.81,0.65,,2.956,0.947
2003-03-11 01:00:00,10.63,0.65,,8.964,0.29
2003-03-11 02:00:00,0.971,0.65,,12.37,0.168
2003-03-11 03:00:00,14.01,0.65,,10.66,0.162
2003-03-11 04:00:00,10.95,0.65,,9.3,0.19
2003-03-11 05:00:00,11.55,0.65,,4.808,0.156
2003-03-11 06:00:00,19.67,0.65,,5.244,0.227
2003-03-11 07:00:00,12.2,0.65,,2.644,0.283
2003-03-11 08:00:00,17.25,0.65,,0.5,1.53
2003-03-11 09:00:00,41.29,0.65,,0.5,1.886
2003-03-11 10:00:00,42.64,0.65,,3.393,1.423
2003-03-11 11:00:00,20.15,0.65,,17.01,0.617
2003-03-11 12:00:00,19.17,0.65,,20.38,0.713
2003-03-11 13:00:00,15.51,0.65,,19.28,0.872
2003-03-11 14:00:00,2.687,0.65,,19.5,0.794
2003-03-11 15:00:00,13.06,0.65,,19.22,0.939
2003-03-11 16:00:00,27.96,0.65,,17.07,0.837
2003-03-11 17:00:00,21.62,0.65,,7.978,1.553
2003-03-11 18:00:00,11.47,0.65,,6.299,1.381
2003-03-11 19:00:00,29.16,1.301,,2.767,1.919
2003-03-11 20:00:00,27.35,0.65,,0.5,1.055
2003-03-11 21:00:00,33.41,0.65,,2.94,0.537
2003-03-11 22:00:00,22.51,0.65,,6.004,0.316
2003-03-11 23:00:00,2.476,0.65,,7.953,0.254
2003-03-12 00:00:00,14.04,0.65,,12.23,0.308
2003-03-12 01:00:00,9.795,0.65,,12.21,0.456
2003-03-12 02:00:00,0.009,0.65,,13.93,0.416
2003-03-12 03:00:00,5.168,0.65,,4.79,0.429
2003-03-12 04:00:00,4.239,0.65,,0.5,0.458
2003-03-12 05:00:00,22.01,0.65,,4.208,0.422
2003-03-12 06:00:00,24.41,0.65,,9.125,0.531
2003-03-12 07:00:00,11.5,0.65,,0.5,0.543
2003-03-12 08:00:00,15.77,0.65,,0.5,1.477
2003-03-12 09:00:00,31.91,0.65,,1.794,1.63
2003-03-12 10:00:00,31.79,0.65,,5.764,1.528
2003-03-12 11:00:00,35.34,2.05,,6.313,1.414
2003-03-12 12:00:00,25.47,3.184,,11.77,1.233
2003-03-12 13:00:00,13.89,0.65,,13.26,1.266
2003-03-12 14:00:00,25.07,0.65,,13.25,1.253
2003-03-12 15:00:00,25.74,0.65,,17.87,0.954
2003-03-12 16:00:00,13.27,0.65,,15.15,0.976
2003-03-12 17:00:00,9.072,0.65,,14.07,0.861
2003-03-12 18:00:00,15.15,0.65,,8.351,1.405
2003-03-12 19:00:00,16.92,0.65,,5.904,1.708
2003-03-12 20:00:00,7.392,1.856,,0.5,1.914
2003-03-12 21:00:00,14.83,1.804,,1.368,1.275
2003-03-12 22:00:00,11.86,1.521,,5.014,0.844
2003-03-12 23:00:00,8.602,0.65,,4.475,0.919
2003-03-13 00:00:00,15.39,0.65,,6.157,0.69
2003-03-13 01:00:00,8.768,0.65,,7.749,0.682
2003-03-13 02:00:00,1.589,0.65,,9.713,0.594
2003-03-13 03:00:00,2.695,0.65,,9.69,0.646
2003-03-13 04:00:00,16.38,3.983,,10.8,0.49
2003-03-13 05:00:00,15.58,1.762,,11.97,0.419
2003-03-13 06:00:00,13.43,0.65,,12.32,0.441
2003-03-13 07:00:00,26.06,0.65,,8.601,0.556
2003-03-13 08:00:00,20.94,1.31,,3.11,1.387
2003-03-13 09:00:00,15.99,0.65,,4.808,1.302
2003-03-13 10:00:00,14.02,1.581,,6.521,1.261
2003-03-13 11:00:00,11.28,2.053,,10.15,1.087
2003-03-13 12:00:00,18.89,7.222,,,
2003-03-13 13:00:00,15.68,,,11.32,1.071
2003-03-13 14:00:00,12.87,24.56,,15.92,0.903
2003-03-13 15:00:00,23.44,27.25,,14.42,0.962
2003-03-13 16:00:00,17.84,35.3,,16.39,0.917
2003-03-13 17:00:00,15.82,29.23,,12.76,1.371
2003-03-13 18:00:00,22.38,28.91,,8.044,1.431
2003-03-13 19:00:00,24.0,14.69,,10.6,1.058
2003-03-13 20:00:00,16.7,0.65,,6.625,0.834
2003-03-13 21:00:00,22.13,0.65,,3.239,1.495
2003-03-13 22:00:00,31.17,0.65,,7.074,1.51
2003-03-13 23:00:00,25.51,0.65,,1.661,2.206
2003-03-14 00:00:00,24.48,0.65,,1.139,1.651
2003-03-14 01:00:00,26.77,0.65,,12.66,0.407
2003-03-14 02:00:00,28.93,0.65,,21.6,0.266
2003-03-14 03:00:00,14.09,0.65,,23.58,0.242
2003-03-14 04:00:00,5.769,0.65,,20.9,0.184
2003-03-14 05:00:00,4.841,0.65,,22.58,0.17
2003-03-14 06:00:00,0.045,0.65,,15.01,0.195
2003-03-14 07:00:00,2.565,0.65,,5.018,0.272
2003-03-14 08:00:00,17.0,6.527,,1.826,1.185
2003-03-14 09:00:00,27.1,18.28,,1.308,1.347
2003-03-14 10:00:00,33.45,10.99,,7.991,0.655
2003-03-14 11:00:00,21.79,27.98,,12.61,0.572
2003-03-14 12:00:00,19.98,15.41,,25.95,0.649
2003-03-14 13:00:00,20.49,21.29,,33.23,0.734
2003-03-14 14:00:00,20.57,17.48,,39.89,1.03
2003-03-14 15:00:00,23.83,11.76,,74.56,0.576
2003-03-14 16:00:00,22.49,24.77,,47.32,1.012
2003-03-14 17:00:00,28.55,12.06,,67.5,0.715
2003-03-14 18:00:00,42.94,6.558,,52.49,0.609
2003-03-14 19:00:00,27.55,2.919,,29.27,0.143
2003-03-14 20:00:00,23.52,1.372,,25.53,0.248
2003-03-14 21:00:00,38.07,0.65,,22.79,0.229
2003-03-14 22:00:00,27.45,0.65,,19.48,0.23
2003-03-14 23:00:00,27.4,0.65,,6.671,0.434
2003-03-15 00:00:00,37.99,1.334,,1.562,0.548
2003-03-15 01:00:00,19.77,1.503,,1.822,0.745
2003-03-15 02:00:00,20.62,1.996,,0.5,0.976
2003-03-15 03:00:00,39.58,5.006,,0.5,2.411
2003-03-15 04:00:00,29.63,5.556,,0.5,1.414
2003-03-15 05:00:00,19.85,5.041,,0.5,1.25
2003-03-15 06:00:00,23.67,6.176,,0.5,1.25
2003-03-15 07:00:00,27.2,5.444,,0.5,0.934
2003-03-15 08:00:00,28.24,6.016,,1.896,1.083
2003-03-15 09:00:00,44.77,10.19,,5.078,1.404
2003-03-15 10:00:00,46.69,17.02,,8.34,1.187
2003-03-15 11:00:00,24.99,13.48,,18.2,1.074
2003-03-15 12:00:00,24.36,13.58,,43.51,1.033
2003-03-15 13:00:00,37.26,6.576,,42.63,0.818
2003-03-15 14:00:00,31.71,6.943,,42.89,0.832
2003-03-15 15:00:00,22.65,23.81,,25.91,1.151
2003-03-15 16:00:00,42.2,29.4,,19.49,1.316
2003-03-15 17:00:00,41.68,21.68,,20.75,1.014
2003-03-15 18:00:00,21.64,27.27,,12.07,1.36
2003-03-15 19:00:00,31.76,16.75,,8.732,1.36
2003-03-15 20:00:00,39.48,10.68,,10.3,1.429
2003-03-15 21:00:00,32.14,13.11,,7.951,1.106
2003-03-15 22:00:00,22.73,7.101,,9.276,0.709
2003-03-15 23:00:00,28.91,5.125,,2.363,0.749
2003-03-16 00:00:00,38.31,4.044,,1.817,0.716
2003-03-16 01:00:00,30.13,0.65,,2.079,0.715
2003-03-16 02:00:00,29.7,0.65,,3.597,0.84
2003-03-16 03:00:00,35.38,0.65,,3.571,1.051
2003-03-16 04:00:00,36.73,0.65,,2.695,0.906
2003-03-16 05:00:00,24.31,0.65,,2.45,0.804
2003-03-16 06:00:00,17.77,0.65,,2.524,0.825
2003-03-16 07:00:00,20.87,0.65,,0.5,0.569
2003-03-16 08:00:00,23.37,1.945,,1.179,0.701
2003-03-16 09:00:00,29.85,4.477,,4.997,0.669
2003-03-16 10:00:00,42.85,0.65,,14.48,0.515
2003-03-16 11:00:00,33.31,0.65,,15.88,0.582
2003-03-16 12:00:00,29.75,0.65,,28.43,0.57
2003-03-16 13:00:00,18.01,0.65,,29.66,0.66
2003-03-16 14:00:00,17.16,0.65,,29.96,0.533
2003-03-16 15:00:00,24.54,2.359,,34.92,0.486
2003-03-16 16:00:00,11.72,0.65,,42.76,0.348
2003-03-16 17:00:00,2.727,0.65,,37.26,0.298
2003-03-16 19:00:00,3.864,0.65,,26.17,0.439
2003-03-16 20:00:00,13.02,2.93,,24.38,0.432
2003-03-16 21:00:00,20.49,0.65,,17.07,0.231
2003-03-16 22:00:00,10.15,0.65,,23.89,0.115
2003-03-16 23:00:00,16.53,0.65,,2.768,0.245
2003-03-17 00:00:00,13.33,0.65,,4.664,0.364
2003-03-17 01:00:00,5.084,0.65,,10.21,0.657
2003-03-17 02:00:00,29.61,14.87,,0.5,1.244
2003-03-17 03:00:00,21.15,5.981,,3.197,0.759
2003-03-17 04:00:00,14.8,4.133,,20.02,0.49
2003-03-17 05:00:00,14.15,2.539,,16.62,0.584
2003-03-17 06:00:00,1.95,1.811,,8.029,0.525
2003-03-17 07:00:00,,3.025,,0.5,0.654
2003-03-17 08:00:00,16.37,9.212,,0.5,1.114
2003-03-17 09:00:00,37.66,9.474,,10.68,0.788
2003-03-17 10:00:00,43.48,2.312,,30.03,0.402
2003-03-17 11:00:00,19.35,1.45,,34.46,0.406
2003-03-17 12:00:00,3.344,0.65,,36.56,0.302
2003-03-17 13:00:00,5.093,0.65,,33.77,0.465
2003-03-17 14:00:00,1.93,0.65,,36.99,0.576
2003-03-17 15:00:00,12.01,0.65,,33.52,0.525
2003-03-17 16:00:00,22.74,0.65,,28.88,0.561
2003-03-17 17:00:00,16.57,0.65,,36.29,0.457
2003-03-17 18:00:00,4.926,0.65,,28.7,0.423
2003-03-17 19:00:00,,0.65,,16.62,0.497
2003-03-17 20:00:00,34.33,0.65,,4.514,0.626
2003-03-17 21:00:00,41.63,0.65,,14.54,0.415
2003-03-17 22:00:00,25.41,0.65,,13.0,0.458
2003-03-17 23:00:00,25.91,0.65,,17.0,0.304
2003-03-18 00:00:00,17.74,0.65,,16.41,0.339
2003-03-18 01:00:00,15.27,0.65,,21.32,0.285
2003-03-18 02:00:00,11.49,0.65,,27.49,0.326
2003-03-18 03:00:00,2.545,0.65,,26.96,0.297
2003-03-18 04:00:00,18.16,0.65,,27.58,0.313
2003-03-18 05:00:00,16.77,0.65,,20.36,0.312
2003-03-18 06:00:00,1.607,0.65,,7.919,0.484
2003-03-18 07:00:00,9.146,0.65,,2.929,0.422
2003-03-18 08:00:00,18.53,5.037,,1.0,1.032
2003-03-18 09:00:00,29.42,24.67,,4.509,1.108
2003-03-18 10:00:00,33.72,16.94,,9.436,1.19
2003-03-18 11:00:00,35.09,14.8,,17.28,0.981
2003-03-18 12:00:00,37.75,10.54,,25.56,0.845
2003-03-18 13:00:00,28.31,10.17,,28.89,0.915
2003-03-18 14:00:00,29.74,11.41,,33.46,0.996
2003-03-18 15:00:00,26.96,10.66,,41.76,1.263
2003-03-18 16:00:00,14.71,17.4,,43.88,1.417
2003-03-18 17:00:00,22.41,15.75,,35.99,1.481
2003-03-18 18:00:00,15.32,29.48,,21.5,1.573
2003-03-18 19:00:00,23.71,21.52,,8.818,2.207
2003-03-18 20:00:00,42.1,22.55,,1.133,2.447
2003-03-18 21:00:00,52.36,14.78,,7.481,1.161
2003-03-18 22:00:00,48.96,9.786,,7.424,0.755
2003-03-18 23:00:00,48.25,10.53,,0.5,1.07
2003-03-19 00:00:00,42.77,14.27,,0.5,1.835
2003-03-19 01:00:00,33.98,5.749,,0.5,1.501
2003-03-19 02:00:00,56.55,4.536,,0.5,1.394
2003-03-19 03:00:00,37.19,4.376,,0.5,1.102
2003-03-19 04:00:00,47.54,6.031,,0.5,1.093
2003-03-19 05:00:00,58.45,4.433,,0.5,0.936
2003-03-19 06:00:00,45.5,13.21,,0.5,0.707
2003-03-19 07:00:00,51.29,17.99,,0.5,0.882
2003-03-19 08:00:00,46.01,19.67,,0.5,0.907
2003-03-19 09:00:00,45.79,34.23,,1.004,2.017
2003-03-19 10:00:00,65.05,32.83,,5.798,1.398
2003-03-19 11:00:00,63.92,36.15,,12.47,1.682
2003-03-19 12:00:00,58.8,29.22,,47.98,1.23
2003-03-19 13:00:00,48.0,13.74,,37.46,1.036
2003-03-19 14:00:00,28.98,17.28,,30.91,1.121
2003-03-19 15:00:00,17.61,10.77,,35.6,1.219
2003-03-19 16:00:00,7.714,10.47,,32.85,1.467
2003-03-19 17:00:00,20.34,23.81,,27.23,1.796
2003-03-19 18:00:00,23.54,6.427,,47.31,0.768
2003-03-19 19:00:00,33.81,7.149,,16.61,1.054
2003-03-19 20:00:00,39.86,6.289,,16.61,0.822
2003-03-19 21:00:00,31.7,4.826,,14.39,0.711
2003-03-19 22:00:00,43.03,2.807,,23.92,0.491
2003-03-19 23:00:00,26.54,6.554,,14.0,0.668
2003-03-20 00:00:00,29.66,3.041,,7.926,0.484
2003-03-20 01:00:00,35.94,1.597,,7.856,0.383
2003-03-20 02:00:00,34.71,1.333,,11.61,0.506
2003-03-20 03:00:00,43.94,1.716,,9.296,0.57
2003-03-20 04:00:00,30.64,3.049,,4.149,0.478
2003-03-20 05:00:00,37.4,11.56,,0.5,0.439
2003-03-20 06:00:00,38.64,12.19,,6.732,0.365
2003-03-20 07:00:00,17.17,3.825,,11.02,0.397
2003-03-20 08:00:00,27.34,3.656,,5.104,0.559
2003-03-20 09:00:00,38.87,7.385,,3.918,1.111
2003-03-20 10:00:00,45.37,10.34,,11.88,1.033
2003-03-20 11:00:00,41.08,7.735,,19.89,0.747
2003-03-20 12:00:00,37.71,5.522,,27.63,0.928
2003-03-20 13:00:00,41.85,11.91,,29.39,1.113
2003-03-20 14:00:00,33.36,5.837,,37.58,1.052
2003-03-20 15:00:00,27.35,3.343,,37.32,0.619
2003-03-20 16:00:00,33.46,1.57,,28.51,0.337
2003-03-20 17:00:00,34.9,0.65,,22.0,0.534
2003-03-20 18:00:00,14.96,0.65,,18.04,0.594
2003-03-20 19:00:00,13.8,3.092,,8.033,1.595
2003-03-20 20:00:00,15.21,4.728,,3.465,1.661
2003-03-20 21:00:00,8.104,2.832,,20.73,0.486
2003-03-20 22:00:00,11.16,1.678,,19.06,0.323
2003-03-20 23:00:00,11.66,1.997,,9.483,0.883
2003-03-21 00:00:00,6.411,1.948,,15.85,0.712
2003-03-21 01:00:00,3.02,0.65,,23.3,0.306
2003-03-21 02:00:00,6.776,0.65,,27.03,0.283
2003-03-21 03:00:00,11.0,0.65,,28.83,0.245
2003-03-21 04:00:00,17.63,0.65,,32.97,0.217
2003-03-21 05:00:00,10.84,0.65,,34.78,0.215
2003-03-21 06:00:00,5.941,0.65,,32.85,0.205
2003-03-21 07:00:00,10.39,0.65,,28.21,0.216
2003-03-21 08:00:00,19.2,0.65,,16.61,0.426
2003-03-21 09:00:00,14.76,0.65,,14.48,0.62
2003-03-21 10:00:00,14.44,2.132,,9.285,0.801
2003-03-21 11:00:00,25.7,2.51,,10.45,0.729
2003-03-21 12:00:00,29.37,2.775,,17.81,0.594
2003-03-21 13:00:00,24.5,1.465,,30.31,0.358
2003-03-21 14:00:00,15.5,0.65,,32.51,0.316
2003-03-21 15:00:00,23.24,0.65,,25.98,0.538
2003-03-21 16:00:00,15.46,0.65,,21.76,0.527
2003-03-21 17:00:00,22.48,1.578,,19.35,0.546
2003-03-21 18:00:00,21.6,2.024,,14.66,0.698
2003-03-21 19:00:00,22.32,1.611,,8.984,0.947
2003-03-21 20:00:00,32.15,0.65,,7.748,0.978
2003-03-21 21:00:00,24.84,0.65,,11.01,0.463
2003-03-21 22:00:00,21.99,0.65,,3.978,0.504
2003-03-21 23:00:00,11.89,0.65,,9.013,0.344
2003-03-22 00:00:00,11.47,0.65,,15.61,0.25
2003-03-22 01:00:00,24.99,0.65,,21.92,0.219
2003-03-22 02:00:00,27.09,0.65,,10.77,0.332
2003-03-22 03:00:00,11.06,0.65,,18.2,0.247
2003-03-22 04:00:00,2.379,1.796,,2.896,1.081
2003-03-22 05:00:00,12.03,1.963,,0.5,0.817
2003-03-22 06:00:00,13.74,3.476,,1.176,0.541
2003-03-22 07:00:00,11.19,2.358,,7.071,0.262
2003-03-22 08:00:00,19.83,2.215,,8.231,0.272
2003-03-22 09:00:00,27.57,3.131,,11.89,0.449
2003-03-22 10:00:00,15.13,3.031,,16.26,0.346
2003-03-22 11:00:00,11.32,4.301,,25.19,0.319
2003-03-23 12:00:00,,0.65,,35.12,0.025
2003-03-23 13:00:00,,0.65,,36.82,0.255
2003-03-23 14:00:00,,0.65,,37.43,0.247
2003-03-23 15:00:00,,0.65,,36.61,0.236
2003-03-23 16:00:00,,0.65,,34.83,0.171
2003-03-23 17:00:00,,0.65,,33.66,0.167
2003-03-23 18:00:00,,0.65,,32.99,0.135
2003-03-23 19:00:00,,0.65,,25.78,0.125
2003-03-23 20:00:00,,0.65,,18.4,0.219
2003-03-23 21:00:00,1.499,0.65,,16.29,0.211
2003-03-23 22:00:00,3.288,0.65,,20.9,0.079
2003-03-23 23:00:00,9.625,0.65,,20.7,0.025
2003-03-24 00:00:00,18.54,0.65,,22.75,0.111
2003-03-24 01:00:00,20.49,0.65,,19.29,0.183
2003-03-24 02:00:00,8.837,0.65,,18.17,0.159
2003-03-24 03:00:00,1.753,0.65,,18.89,0.158
2003-03-24 04:00:00,1.462,0.65,,20.45,0.124
2003-03-24 05:00:00,,0.65,,23.8,0.116
2003-03-24 06:00:00,,0.65,,21.55,0.085
2003-03-24 07:00:00,,0.65,,14.76,0.175
2003-03-24 08:00:00,,0.65,,7.565,0.506
2003-03-24 09:00:00,13.5,0.65,,12.17,0.549
2003-03-24 10:00:00,14.12,0.65,,27.95,0.237
2003-03-24 11:00:00,2.36,0.65,,32.68,0.139
2003-03-24 12:00:00,9.354,0.65,,34.53,0.209
2003-03-24 13:00:00,15.56,0.65,,35.66,0.325
2003-03-24 14:00:00,17.28,0.65,,36.09,0.391
2003-03-24 15:00:00,9.079,0.65,,31.43,0.405
2003-03-24 16:00:00,3.844,0.65,,32.29,0.352
2003-03-24 17:00:00,6.498,0.65,,30.78,0.323
2003-03-24 18:00:00,2.755,0.65,,27.01,0.367
2003-03-24 19:00:00,19.77,0.65,,21.7,0.362
2003-03-24 20:00:00,22.37,0.65,,18.85,0.336
2003-03-24 21:00:00,18.45,0.65,,21.29,0.282
2003-03-24 22:00:00,15.68,0.65,,20.13,0.283
2003-03-24 23:00:00,12.98,0.65,,16.42,0.258
2003-03-25 00:00:00,8.848,0.65,,18.43,0.206
2003-03-25 01:00:00,4.654,1.532,,19.98,0.097
2003-03-25 02:00:00,16.59,1.944,,21.32,0.134
2003-03-25 03:00:00,11.2,1.878,,24.91,0.087
2003-03-25 04:00:00,13.35,1.476,,25.79,0.068
2003-03-25 05:00:00,11.21,1.808,,28.0,0.076
2003-03-25 06:00:00,,2.675,,29.27,0.063
2003-03-25 07:00:00,13.43,1.921,,23.67,0.088
2003-03-25 08:00:00,11.24,3.83,,5.093,0.529
2003-03-25 09:00:00,20.13,4.828,,5.267,0.581
2003-03-25 10:00:00,29.56,4.117,,21.36,0.202
2003-03-25 11:00:00,10.55,4.214,,26.6,0.119
2003-03-25 12:00:00,12.09,2.956,,29.68,0.111
2003-03-25 13:00:00,10.18,2.785,,29.97,0.138
2003-03-25 14:00:00,3.074,2.718,,27.78,0.2
2003-03-25 15:00:00,6.42,3.256,,31.59,0.104
2003-03-25 16:00:00,17.95,2.342,,31.78,0.121
2003-03-25 17:00:00,12.4,2.29,,30.92,0.092
2003-03-25 18:00:00,,2.514,,27.55,0.158
2003-03-25 19:00:00,22.22,2.309,,22.67,0.194
2003-03-25 20:00:00,36.86,2.272,,21.36,0.248
2003-03-25 21:00:00,15.34,2.651,,25.02,0.35
2003-03-25 22:00:00,9.837,2.143,,24.54,0.243
2003-03-25 23:00:00,17.0,2.032,,26.66,0.114
2003-03-26 00:00:00,13.51,1.55,,26.17,0.128
2003-03-26 01:00:00,12.42,0.65,,30.94,0.145
2003-03-26 02:00:00,6.073,0.65,,30.27,0.1
2003-03-26 03:00:00,11.28,0.65,,30.98,0.092
2003-03-26 04:00:00,9.565,0.65,,30.72,0.117
2003-03-26 05:00:00,3.629,0.65,,31.17,0.091
2003-03-26 06:00:00,3.062,0.65,,29.67,0.106
2003-03-26 07:00:00,,0.65,,23.53,0.143
2003-03-26 08:00:00,,1.808,,5.63,0.415
2003-03-26 09:00:00,1.815,2.699,,5.056,0.671
2003-03-26 10:00:00,20.03,2.642,,14.05,0.367
2003-03-26 11:00:00,34.62,4.128,,21.83,0.399
2003-03-26 12:00:00,24.99,4.274,,23.48,0.407
2003-03-26 13:00:00,30.09,2.774,,31.14,0.245
2003-03-26 14:00:00,29.04,2.76,,31.75,0.377
2003-03-26 15:00:00,13.45,2.549,,30.22,0.433
2003-03-26 16:00:00,5.309,1.558,,31.56,0.333
2003-03-26 17:00:00,22.88,4.954,,30.42,0.505
2003-03-26 18:00:00,52.36,3.429,,27.44,0.47
2003-03-26 19:00:00,28.51,2.62,,16.3,0.464
2003-03-26 20:00:00,8.58,2.068,,12.47,0.456
2003-03-26 21:00:00,30.63,2.298,,12.02,0.423
2003-03-26 22:00:00,19.59,1.469,,15.75,0.182
2003-03-26 23:00:00,0.298,0.65,,14.08,0.195
2003-03-27 00:00:00,7.981,0.65,,13.9,0.226
2003-03-27 01:00:00,8.213,0.65,,20.45,0.209
2003-03-27 02:00:00,2.774,0.65,,22.29,0.231
2003-03-27 03:00:00,15.72,0.65,,18.93,0.19
2003-03-27 04:00:00,17.15,0.65,,22.66,0.166
2003-03-27 05:00:00,4.173,0.65,,18.03,0.184
2003-03-27 06:00:00,,0.65,,20.85,0.147
2003-03-27 07:00:00,1.032,0.65,,16.49,0.149
2003-03-27 08:00:00,3.16,0.65,,3.526,0.456
2003-03-27 09:00:00,20.08,1.874,,8.329,0.376
2003-03-27 10:00:00,31.31,2.79,,14.67,0.482
2003-03-27 11:00:00,16.45,2.056,,18.52,0.659
2003-03-27 12:00:00,16.02,1.491,,31.01,0.645
2003-03-27 13:00:00,21.68,0.65,,41.87,0.613
2003-03-27 14:00:00,8.71,0.65,,44.05,0.571
2003-03-27 15:00:00,4.973,0.65,,39.1,0.474
2003-03-27 16:00:00,16.72,0.65,,31.78,0.534
2003-03-27 17:00:00,18.39,0.65,,31.27,0.499
2003-03-27 18:00:00,7.507,0.65,,27.48,0.51
2003-03-27 19:00:00,23.15,0.65,,15.88,0.624
2003-03-27 20:00:00,29.21,0.65,,16.22,0.415
2003-03-27 21:00:00,19.58,0.65,,16.01,0.324
2003-03-27 22:00:00,22.66,0.65,,16.87,0.32
2003-03-27 23:00:00,19.91,0.65,,16.04,0.301
2003-03-28 00:00:00,18.84,0.65,,14.43,0.297
2003-03-28 01:00:00,9.826,0.65,,18.87,0.214
2003-03-28 02:00:00,7.72,0.65,,23.37,0.161
2003-03-28 03:00:00,6.499,0.65,,28.12,0.124
2003-03-28 04:00:00,5.403,0.65,,20.14,0.144
2003-03-28 05:00:00,8.142,0.65,,10.62,0.237
2003-03-28 06:00:00,7.022,0.65,,8.713,0.216
2003-03-28 07:00:00,12.94,0.65,,1.159,0.414
2003-03-28 08:00:00,10.32,2.724,,1.09,0.631
2003-03-28 09:00:00,15.58,2.173,,5.695,0.69
2003-03-28 10:00:00,21.21,4.726,,10.65,0.668
2003-03-28 11:00:00,21.68,11.65,,10.55,1.028
2003-03-28 12:00:00,25.32,14.09,,19.27,0.732
2003-03-28 13:00:00,43.16,15.29,,26.93,1.1
2003-03-28 14:00:00,38.88,5.715,,64.35,0.893
2003-03-28 15:00:00,39.22,4.3,,98.53,0.766
2003-03-28 16:00:00,38.2,1.901,,59.78,0.456
2003-03-28 17:00:00,22.96,1.539,,42.25,0.289
2003-03-28 18:00:00,22.93,3.803,,26.28,0.304
2003-03-28 19:00:00,17.21,3.007,,24.49,0.351
2003-03-28 20:00:00,20.78,3.093,,20.29,0.466
2003-03-28 21:00:00,31.5,3.282,,13.97,0.466
2003-03-28 22:00:00,34.65,3.767,,8.803,0.443
2003-03-28 23:00:00,29.93,3.371,,2.312,0.568
2003-03-29 00:00:00,42.18,4.703,,0.5,0.989
2003-03-29 01:00:00,32.28,0.65,,0.5,0.811
2003-03-29 02:00:00,15.47,0.65,,0.5,0.735
2003-03-29 03:00:00,19.71,0.65,,2.04,0.729
2003-03-29 04:00:00,20.39,0.65,,0.5,1.064
2003-03-29 05:00:00,19.04,0.65,,0.5,1.344
2003-03-29 06:00:00,8.243,2.177,,0.5,1.211
2003-03-29 07:00:00,16.4,3.025,,0.5,1.467
2003-03-29 08:00:00,29.64,7.322,,0.5,1.24
2003-03-29 09:00:00,30.76,9.849,,3.529,1.086
2003-03-29 10:00:00,21.65,11.59,,8.873,0.845
2003-03-29 11:00:00,32.6,11.58,,12.58,1.006
2003-03-29 12:00:00,26.62,10.47,,24.51,0.682
2003-03-29 13:00:00,6.201,5.271,,45.39,0.549
2003-03-29 14:00:00,24.72,5.217,,42.65,0.792
2003-03-29 15:00:00,31.31,7.419,,40.47,0.686
2003-03-29 16:00:00,16.47,20.0,,32.88,0.7
2003-03-29 17:00:00,22.36,19.43,,26.34,0.95
2003-03-29 18:00:00,20.58,18.56,,16.83,1.149
2003-03-29 19:00:00,14.48,6.618,,8.999,1.049
2003-03-29 20:00:00,37.22,10.95,,0.5,2.947
2003-03-29 21:00:00,69.71,12.64,,1.412,3.087
2003-03-29 22:00:00,65.21,6.779,,8.137,1.177
2003-03-29 23:00:00,61.19,5.569,,8.768,1.076
2003-03-30 00:00:00,68.87,4.269,,5.21,1.11
2003-03-30 01:00:00,35.98,1.894,,2.763,1.084
2003-03-30 02:00:00,30.08,1.415,,0.5,1.309
2003-03-30 03:00:00,41.95,1.679,,1.971,1.218
2003-03-30 04:00:00,48.7,5.04,,0.5,2.389
2003-03-30 05:00:00,63.55,5.771,,0.5,0.917
2003-03-30 06:00:00,56.96,4.364,,2.814,0.449
2003-03-30 07:00:00,40.9,2.958,,6.546,0.356
2003-03-30 08:00:00,31.9,2.379,,6.397,0.413
2003-03-30 09:00:00,27.29,10.04,,8.413,0.536
2003-03-30 10:00:00,30.04,10.09,,17.33,0.271
2003-03-30 11:00:00,38.51,4.92,,27.91,0.304
2003-03-30 12:00:00,27.05,2.429,,28.91,0.54
2003-03-30 13:00:00,12.91,9.185,,38.59,0.437
2003-03-30 14:00:00,15.97,9.846,,41.59,0.509
2003-03-30 15:00:00,29.92,2.465,,44.07,0.505
2003-03-30 16:00:00,18.45,0.65,,33.68,0.504
2003-03-30 17:00:00,15.84,3.479,,38.12,0.734
2003-03-30 18:00:00,21.42,0.65,,26.8,0.514
2003-03-30 19:00:00,38.51,0.65,,9.309,1.135
2003-03-30 20:00:00,43.56,1.615,,5.462,1.108
2003-03-30 21:00:00,24.22,3.953,,2.412,1.502
2003-03-30 22:00:00,27.78,1.54,,6.712,0.853
2003-03-30 23:00:00,18.53,6.486,,7.022,0.999
2003-03-31 00:00:00,8.086,9.8,,9.042,0.641
2003-03-31 01:00:00,27.44,4.711,,11.95,0.364
2003-03-31 02:00:00,18.64,6.374,,14.29,0.144
2003-03-31 03:00:00,17.84,16.52,,15.53,0.197
2003-03-31 04:00:00,22.75,3.997,,19.21,0.176
2003-03-31 05:00:00,6.619,0.65,,17.67,0.169
2003-03-31 06:00:00,,2.575,,12.13,0.206
2003-03-31 07:00:00,1.594,7.744,,7.587,0.37
2003-03-31 08:00:00,30.29,22.29,,2.039,1.229
2003-03-31 09:00:00,24.19,8.224,,4.161,1.427
2003-03-31 10:00:00,15.65,6.615,,10.32,0.931
2003-03-31 11:00:00,20.41,4.779,,15.08,0.755
2003-03-31 12:00:00,18.37,2.908,,15.26,0.874
2003-03-31 13:00:00,14.62,1.443,,22.88,0.582
2003-03-31 14:00:00,3.663,0.65,,22.78,0.554
2003-03-31 15:00:00,2.647,0.65,,24.33,0.419
2003-03-31 16:00:00,9.408,0.65,,20.88,0.662
2003-03-31 17:00:00,9.676,0.65,,21.65,0.602
2003-03-31 18:00:00,3.667,0.65,,18.86,0.454
2003-03-31 19:00:00,0.51,0.65,,16.95,0.515
2003-03-31 20:00:00,,0.65,,15.71,0.476
2003-03-31 21:00:00,6.783,0.65,,12.48,0.422
2003-03-31 22:00:00,17.09,0.65,,18.07,0.24
2003-03-31 23:00:00,14.72,0.65,,19.95,0.224
2003-04-01 00:00:00,9.585,0.65,,24.18,0.321
2003-04-01 01:00:00,4.387,0.65,,28.71,0.436
2003-04-01 02:00:00,,0.65,,29.68,0.404
2003-04-01 03:00:00,1.522,0.65,,28.31,0.449
2003-04-01 04:00:00,7.252,0.65,,28.38,0.376
2003-04-01 05:00:00,5.007,0.65,,30.42,0.299
2003-04-01 06:00:00,,0.65,,28.97,0.396
2003-04-01 07:00:00,4.225,0.65,,23.63,0.276
2003-04-01 08:00:00,3.564,0.65,,13.69,0.679
2003-04-01 09:00:00,,0.65,,12.12,0.769
2003-04-01 10:00:00,25.45,0.65,,20.8,0.459
2003-04-01 11:00:00,21.43,1.663,,21.39,0.715
2003-04-01 12:00:00,8.445,2.301,,25.72,0.758
2003-04-01 13:00:00,7.095,1.971,,25.99,0.903
2003-04-01 14:00:00,3.104,1.309,,29.59,0.631
2003-04-01 15:00:00,5.73,1.869,,28.21,0.689
2003-04-01 16:00:00,13.21,0.65,,31.58,0.572
2003-04-01 17:00:00,16.55,1.989,,26.29,0.603
2003-04-01 18:00:00,15.55,0.65,,22.07,0.572
2003-04-01 19:00:00,13.57,0.65,31.0,18.66,0.575
2003-04-01 20:00:00,6.973,0.65,38.07,11.22,0.598
2003-04-01 21:00:00,9.334,0.65,33.37,13.14,0.475
2003-04-01 22:00:00,25.1,0.65,36.05,8.846,0.566
2003-04-01 23:00:00,22.92,0.65,40.06,3.91,0.633
2003-04-02 00:00:00,15.73,0.65,37.08,7.522,0.476
2003-04-02 01:00:00,23.95,0.65,29.97,12.6,0.361
2003-04-02 02:00:00,24.06,0.65,30.35,10.3,0.402
2003-04-02 03:00:00,8.952,0.65,22.14,14.61,0.298
2003-04-02 04:00:00,,0.65,20.53,13.12,0.295
2003-04-02 05:00:00,12.87,0.65,18.64,13.51,0.3
2003-04-02 06:00:00,11.39,0.65,17.33,18.17,0.284
2003-04-02 07:00:00,5.703,0.65,24.81,10.79,0.428
2003-04-02 08:00:00,10.84,0.65,34.78,5.867,0.869
2003-04-02 09:00:00,15.88,1.426,31.66,9.585,1.039
2003-04-02 10:00:00,30.65,1.542,27.12,15.37,0.713
2003-04-02 11:00:00,38.29,1.532,24.4,20.65,0.699
2003-04-02 12:00:00,16.76,1.537,24.83,22.71,0.582
2003-04-02 13:00:00,8.83,0.65,22.87,26.42,0.489
2003-04-02 14:00:00,7.407,0.65,24.19,26.12,0.618
2003-04-02 15:00:00,9.197,0.65,22.6,28.45,0.516
2003-04-02 16:00:00,20.28,0.65,16.95,33.07,0.342
2003-04-02 17:00:00,23.9,0.65,19.66,31.94,0.383
2003-04-02 18:00:00,22.1,0.65,22.56,30.09,0.473
2003-04-02 19:00:00,15.18,0.65,30.04,21.91,0.639
2003-04-02 20:00:00,19.48,0.65,35.09,14.65,0.569
2003-04-02 21:00:00,18.37,0.65,36.43,11.57,0.507
2003-04-02 22:00:00,24.16,0.65,36.18,10.83,0.596
2003-04-02 23:00:00,41.6,0.65,28.97,14.54,0.547
2003-04-03 00:00:00,26.32,0.65,33.57,9.368,0.501
2003-04-03 01:00:00,18.64,0.65,30.28,10.85,0.591
2003-04-03 02:00:00,22.76,0.65,36.07,6.185,0.79
2003-04-03 03:00:00,8.773,0.65,38.95,0.5,0.951
2003-04-03 04:00:00,14.92,0.65,32.97,0.5,0.87
2003-04-03 05:00:00,18.4,0.65,32.77,0.5,0.722
2003-04-03 06:00:00,13.03,0.65,33.19,0.5,0.709
2003-04-03 07:00:00,9.354,0.65,32.37,0.5,0.864
2003-04-03 08:00:00,19.32,2.748,43.54,0.5,1.684
2003-04-03 09:00:00,34.17,6.45,48.62,1.096,1.733
2003-04-03 10:00:00,38.34,6.464,57.54,7.669,1.482
2003-04-03 11:00:00,65.9,8.137,38.71,18.79,1.092
2003-04-03 12:00:00,40.1,0.65,14.95,27.15,0.665
2003-04-03 13:00:00,5.816,0.65,,25.94,0.808
2003-04-03 14:00:00,6.768,0.65,,24.9,0.851
2003-04-03 15:00:00,19.24,0.65,,22.1,0.895
2003-04-03 16:00:00,31.7,0.65,,16.92,0.836
2003-04-03 17:00:00,32.76,0.65,,19.72,0.708
2003-04-03 18:00:00,23.65,0.65,20.48,18.61,0.659
2003-04-03 19:00:00,6.758,0.65,21.66,17.27,0.514
2003-04-03 20:00:00,18.39,0.65,21.27,16.61,0.556
2003-04-03 21:00:00,25.63,0.65,17.71,19.47,0.49
2003-04-03 22:00:00,18.41,0.65,13.01,24.68,0.393
2003-04-03 23:00:00,8.381,0.65,12.45,25.91,0.423
2003-04-04 00:00:00,4.144,0.65,14.13,21.55,0.363
2003-04-04 01:00:00,24.19,1.771,13.26,17.23,0.318
2003-04-04 02:00:00,17.96,1.504,11.59,17.54,0.321
2003-04-04 03:00:00,0.362,1.394,6.862,21.73,0.353
2003-04-04 04:00:00,5.061,1.325,5.883,27.52,0.252
2003-04-04 05:00:00,4.285,1.357,4.499,28.7,0.273
2003-04-04 06:00:00,6.867,1.347,6.316,25.16,0.262
2003-04-04 07:00:00,5.825,0.65,14.33,17.04,0.316
2003-04-04 08:00:00,10.67,0.65,24.54,8.489,0.532
2003-04-04 09:00:00,9.196,2.342,25.37,6.856,0.6
2003-04-04 10:00:00,0.905,2.994,30.18,4.873,0.677
2003-04-04 11:00:00,19.19,4.833,36.21,5.718,1.025
2003-04-04 12:00:00,28.24,11.9,46.97,7.117,1.449
2003-04-04 13:00:00,18.04,30.88,59.08,9.581,1.78
2003-04-04 14:00:00,25.22,52.87,58.87,13.94,1.638
2003-04-04 15:00:00,34.56,43.9,43.28,13.54,1.347
2003-04-04 16:00:00,17.45,49.29,40.5,10.25,1.421
2003-04-04 17:00:00,15.95,59.71,40.16,6.67,1.429
2003-04-04 18:00:00,20.46,43.45,38.79,5.792,1.792
2003-04-04 19:00:00,22.86,60.32,42.0,2.617,2.105
2003-04-04 20:00:00,23.4,59.85,41.16,0.5,2.357
2003-04-04 21:00:00,34.23,38.86,32.4,1.392,1.682
2003-04-04 22:00:00,23.41,27.04,32.0,1.219,1.517
2003-04-04 23:00:00,20.76,19.0,28.21,5.961,1.49
2003-04-05 00:00:00,16.11,14.62,28.67,6.006,1.308
2003-04-05 01:00:00,11.66,14.84,30.3,5.015,1.038
2003-04-05 02:00:00,9.785,14.67,20.95,13.34,0.569
2003-04-05 03:00:00,,10.83,16.59,15.84,0.426
2003-04-05 04:00:00,0.997,16.45,18.89,11.84,0.399
2003-04-05 05:00:00,13.84,8.507,16.28,12.36,0.462
2003-04-05 06:00:00,10.93,10.59,15.07,11.75,0.304
2003-04-05 07:00:00,3.207,12.99,16.71,10.48,0.344
2003-04-05 08:00:00,13.01,31.87,21.72,9.64,0.385
2003-04-05 09:00:00,10.19,30.72,26.03,8.567,0.587
2003-04-05 10:00:00,11.95,18.4,21.3,15.83,0.454
2003-04-05 11:00:00,12.12,23.71,26.04,13.22,0.533
2003-04-05 12:00:00,23.97,47.93,26.86,12.31,0.86
2003-04-05 13:00:00,18.04,49.49,29.87,9.907,0.876
2003-04-05 14:00:00,0.907,42.74,26.65,11.55,0.642
2003-04-05 15:00:00,14.05,28.88,30.11,10.23,0.688
2003-04-05 16:00:00,17.5,35.48,27.88,13.6,0.606
2003-04-05 17:00:00,9.088,15.27,27.29,16.15,0.552
2003-04-05 18:00:00,3.162,4.039,47.04,3.234,1.631
2003-04-05 19:00:00,22.66,5.026,46.2,2.392,1.647
2003-04-05 20:00:00,19.34,6.365,50.05,0.5,2.007
2003-04-05 21:00:00,16.51,6.171,47.55,0.5,2.09
2003-04-05 22:00:00,25.05,5.954,44.26,0.5,1.556
2003-04-05 23:00:00,23.11,4.067,41.28,2.285,1.337
2003-04-06 00:00:00,15.08,3.939,44.92,1.185,1.721
2003-04-06 01:00:00,17.06,7.812,42.1,0.5,2.213
2003-04-06 02:00:00,19.7,16.26,25.93,2.783,1.115
2003-04-06 03:00:00,15.05,17.4,21.78,4.924,0.857
2003-04-06 04:00:00,7.513,12.03,22.52,3.658,0.891
2003-04-06 05:00:00,0.989,14.77,24.28,6.325,0.799
2003-04-06 06:00:00,2.67,9.836,19.33,5.431,0.58
2003-04-06 07:00:00,1.801,21.14,19.07,3.954,0.534
2003-04-06 08:00:00,11.62,22.42,15.51,7.553,0.337
2003-04-06 09:00:00,14.95,27.24,16.5,8.669,0.389
2003-04-06 10:00:00,10.1,34.43,15.52,12.51,0.41
2003-04-06 11:00:00,4.854,37.71,17.08,18.23,0.419
2003-04-06 12:00:00,13.49,19.58,20.7,20.51,0.484
2003-04-06 13:00:00,15.09,22.88,22.12,21.67,0.634
2003-04-06 17:00:00,83.89,0.65,24.94,19.12,0.066
2003-04-06 18:00:00,52.78,0.65,15.65,27.76,0.084
2003-04-06 19:00:00,,0.65,27.06,16.13,0.376
2003-04-06 20:00:00,4.784,0.65,29.54,14.52,0.157
2003-04-06 21:00:00,6.203,0.65,31.86,12.72,0.144
2003-04-06 22:00:00,6.939,0.65,39.95,3.904,0.167
2003-04-06 23:00:00,19.06,0.65,46.27,0.5,0.885
2003-04-07 00:00:00,15.62,0.65,44.56,0.5,0.916
2003-04-07 01:00:00,21.14,0.65,35.8,0.5,1.565
2003-04-07 02:00:00,26.16,0.65,30.38,0.5,1.128
2003-04-07 03:00:00,14.37,0.65,26.18,0.5,1.066
2003-04-07 04:00:00,11.09,0.65,22.3,0.5,0.962
2003-04-07 05:00:00,16.02,0.65,20.82,1.201,0.545
2003-04-07 06:00:00,8.905,0.65,20.68,0.5,0.921
2003-04-07 07:00:00,9.853,0.65,24.48,0.5,0.628
2003-04-07 08:00:00,12.5,0.65,28.14,0.5,1.2
2003-04-07 09:00:00,19.41,1.47,37.32,0.5,1.937
2003-04-07 10:00:00,33.69,4.48,32.91,3.915,1.178
2003-04-07 11:00:00,45.43,26.35,73.47,22.87,1.356
2003-04-07 12:00:00,31.89,13.24,79.43,65.0,1.15
2003-04-07 13:00:00,11.88,7.723,58.33,52.05,0.9
2003-04-07 14:00:00,18.1,4.662,37.16,25.72,0.833
2003-04-07 15:00:00,16.33,9.003,44.17,21.39,1.236
2003-04-07 16:00:00,11.86,15.56,,19.56,1.106
2003-04-07 17:00:00,6.681,5.793,40.68,20.76,1.143
2003-04-07 18:00:00,,1.881,43.46,18.07,1.037
2003-04-07 19:00:00,6.744,1.357,52.02,7.015,1.116
2003-04-07 20:00:00,18.73,0.65,39.04,5.953,0.563
2003-04-07 21:00:00,32.79,0.65,41.26,4.586,0.724
2003-04-07 22:00:00,36.77,0.65,41.57,2.24,0.657
2003-04-07 23:00:00,21.89,0.65,34.38,5.167,0.588
2003-04-08 00:00:00,11.8,0.65,31.33,7.455,0.448
2003-04-08 01:00:00,20.72,1.481,27.16,10.78,0.439
2003-04-08 02:00:00,12.94,0.65,33.48,6.0,0.401
2003-04-08 03:00:00,6.44,0.65,21.12,14.67,0.291
2003-04-08 04:00:00,12.09,0.65,25.53,7.679,0.341
2003-04-08 05:00:00,13.99,0.65,31.08,0.5,0.635
2003-04-08 06:00:00,7.103,1.449,26.82,0.5,0.634
2003-04-08 07:00:00,7.15,0.65,28.46,0.5,0.552
2003-04-08 08:00:00,16.61,13.09,45.74,0.5,2.549
2003-04-08 09:00:00,47.04,18.64,49.91,1.033,1.999
2003-04-08 10:00:00,53.77,33.64,54.99,4.012,1.682
2003-04-08 11:00:00,33.39,28.38,44.22,8.918,1.133
2003-04-08 12:00:00,25.51,21.84,54.55,20.42,1.318
2003-04-08 13:00:00,39.7,13.53,53.05,44.72,0.982
2003-04-08 14:00:00,31.03,16.37,55.95,39.47,0.927
2003-04-08 15:00:00,18.08,18.12,66.99,45.67,1.095
2003-04-08 16:00:00,29.72,22.99,86.61,50.02,1.549
2003-04-08 17:00:00,40.75,11.02,47.25,41.43,0.901
2003-04-08 18:00:00,20.98,7.099,37.18,32.86,0.599
2003-04-08 19:00:00,9.62,7.715,37.43,20.99,0.573
2003-04-08 20:00:00,20.25,5.987,28.95,20.63,0.495
2003-04-08 21:00:00,33.77,4.564,25.03,20.65,0.421
2003-04-08 22:00:00,36.61,3.676,26.95,17.17,0.518
2003-04-08 23:00:00,19.83,3.246,30.94,12.75,0.529
2003-04-09 00:00:00,26.07,4.193,38.1,6.543,0.451
2003-04-09 01:00:00,28.21,0.65,31.75,10.63,0.245
2003-04-09 02:00:00,25.8,0.65,27.16,14.02,0.294
2003-04-09 03:00:00,14.73,0.65,24.03,16.05,0.294
2003-04-09 04:00:00,9.635,0.65,36.08,3.411,0.508
2003-04-09 05:00:00,14.71,0.65,32.69,1.193,0.374
2003-04-09 06:00:00,6.925,0.65,29.6,0.5,0.217
2003-04-09 07:00:00,24.72,1.361,32.73,1.771,0.255
2003-04-09 08:00:00,20.54,13.13,50.77,0.5,1.946
2003-04-09 09:00:00,33.75,13.64,47.0,1.784,1.753
2003-04-09 10:00:00,53.77,13.68,43.27,4.157,1.202
2003-04-09 11:00:00,33.2,16.37,42.46,16.9,0.897
2003-04-09 12:00:00,32.48,29.5,60.29,33.23,1.032
2003-04-09 13:00:00,34.94,50.27,50.2,27.19,0.731
2003-04-09 14:00:00,29.95,30.99,45.24,33.76,0.602
2003-04-09 15:00:00,34.08,40.68,57.92,23.22,0.915
2003-04-09 16:00:00,32.49,56.71,58.44,24.88,0.971
2003-04-09 17:00:00,21.69,74.86,58.18,20.63,0.963
2003-04-09 18:00:00,16.12,33.3,57.88,21.32,1.249
2003-04-09 19:00:00,35.86,7.188,34.25,33.36,0.333
2003-04-09 20:00:00,53.4,5.549,45.99,21.88,0.431
2003-04-09 21:00:00,37.91,4.672,38.36,28.89,0.307
2003-04-09 22:00:00,24.23,2.986,26.6,32.88,0.213
2003-04-09 23:00:00,22.45,2.213,26.96,32.01,0.255
2003-04-10 00:00:00,38.02,2.861,41.85,15.36,0.34
2003-04-10 01:00:00,30.25,0.65,22.15,29.59,0.215
2003-04-10 02:00:00,18.34,0.65,32.52,18.31,0.276
2003-04-10 03:00:00,22.44,0.65,43.42,8.71,0.494
2003-04-10 04:00:00,24.45,0.65,29.65,21.99,0.287
2003-04-10 05:00:00,16.4,0.65,9.772,32.53,0.148
2003-04-10 06:00:00,6.51,0.65,8.901,28.13,0.14
2003-04-10 07:00:00,2.695,0.65,16.1,22.68,0.172
2003-04-10 08:00:00,14.06,0.65,36.43,8.271,0.713
2003-04-10 09:00:00,18.71,2.392,36.21,12.73,0.81
2003-04-10 10:00:00,18.13,0.65,31.02,27.9,0.347
2003-04-10 11:00:00,30.17,2.103,34.14,18.49,0.626
2003-04-10 12:00:00,16.64,4.892,35.46,20.25,0.744
2003-04-10 13:00:00,11.79,13.15,38.04,14.29,0.728
2003-04-10 14:00:00,28.24,14.18,37.93,13.37,0.756
2003-04-10 15:00:00,25.75,4.705,30.05,22.88,0.611
2003-04-10 16:00:00,24.31,24.15,40.09,16.98,0.983
2003-04-10 17:00:00,38.07,19.26,39.89,15.77,0.913
2003-04-10 18:00:00,20.9,,27.66,24.45,0.476
2003-04-10 19:00:00,14.52,4.625,41.56,12.19,0.415
2003-04-10 20:00:00,18.69,5.23,53.4,1.611,0.665
2003-04-10 21:00:00,24.44,5.119,55.28,1.028,0.876
2003-04-10 22:00:00,24.97,28.23,55.13,1.774,1.233
2003-04-10 23:00:00,28.92,37.01,43.18,5.626,0.799
2003-04-11 00:00:00,30.13,29.46,33.02,8.11,0.548
2003-04-11 01:00:00,14.48,4.55,23.58,12.94,0.443
2003-04-11 02:00:00,16.73,2.516,18.39,13.74,0.356
2003-04-11 03:00:00,22.45,10.59,14.8,17.46,0.319
2003-04-11 04:00:00,9.032,6.88,15.03,16.14,0.421
2003-04-11 05:00:00,14.6,14.4,13.45,18.57,0.353
2003-04-11 06:00:00,16.05,12.63,14.81,19.47,0.295
2003-04-11 07:00:00,8.159,11.03,22.15,14.29,0.403
2003-04-11 08:00:00,18.45,59.5,36.13,5.801,1.002
2003-04-11 09:00:00,34.77,53.85,33.64,8.13,1.189
2003-04-11 10:00:00,36.82,60.92,33.04,11.15,0.982
2003-04-11 11:00:00,15.39,21.28,26.77,19.43,0.995
2003-04-11 12:00:00,28.73,22.78,27.69,22.62,0.981
2003-04-11 13:00:00,53.91,30.52,30.09,21.08,1.049
2003-04-11 14:00:00,57.33,25.58,28.85,23.17,0.802
2003-04-11 15:00:00,48.5,35.2,36.18,19.31,1.042
2003-04-11 16:00:00,28.5,26.15,31.85,23.15,0.902
2003-04-11 17:00:00,49.26,40.67,37.39,18.97,1.076
2003-04-11 18:00:00,44.56,33.16,41.32,13.48,1.205
2003-04-11 19:00:00,28.72,49.23,44.64,8.151,1.373
2003-04-11 20:00:00,45.01,40.79,46.12,5.726,1.465
2003-04-11 21:00:00,45.69,8.542,33.6,12.45,0.958
2003-04-11 22:00:00,41.32,0.65,24.74,20.1,0.656
2003-04-11 23:00:00,27.59,2.037,26.88,18.11,0.739
2003-04-12 00:00:00,7.938,14.66,29.28,15.3,0.724
2003-04-12 01:00:00,9.229,18.97,22.31,19.54,0.526
2003-04-12 02:00:00,23.23,24.04,18.42,23.87,0.478
2003-04-12 03:00:00,13.5,19.62,15.61,26.83,0.486
2003-04-12 04:00:00,2.552,21.35,14.98,27.1,0.512
2003-04-12 05:00:00,2.141,21.27,16.04,25.04,0.571
2003-04-12 06:00:00,,13.48,17.03,22.02,0.551
2003-04-12 07:00:00,7.986,23.05,17.94,19.69,0.449
2003-04-12 08:00:00,14.68,30.1,23.17,13.62,0.578
2003-04-12 09:00:00,17.21,33.52,26.37,11.84,0.788
2003-04-12 10:00:00,15.92,46.56,26.12,15.15,0.691
2003-04-12 11:00:00,21.58,55.69,26.57,17.12,0.832
2003-04-12 12:00:00,24.9,41.59,27.79,19.14,0.981
2003-04-12 13:00:00,13.26,45.66,29.33,19.92,1.008
2003-04-12 14:00:00,14.18,15.37,25.72,23.93,1.141
2003-04-12 15:00:00,28.18,27.17,27.26,21.73,0.663
2003-04-12 16:00:00,18.64,35.18,34.05,15.25,0.409
2003-04-12 17:00:00,42.98,48.4,36.95,14.71,0.368
2003-04-12 18:00:00,32.58,30.94,42.59,8.581,0.434
2003-04-12 19:00:00,9.076,22.72,44.02,6.01,0.741
2003-04-12 20:00:00,35.07,39.34,48.12,2.119,0.95
2003-04-12 21:00:00,42.58,19.88,44.57,1.753,0.844
2003-04-12 22:00:00,32.9,16.06,45.15,0.5,0.835
2003-04-12 23:00:00,32.08,12.44,44.26,0.5,0.941
2003-04-13 00:00:00,48.2,12.6,43.64,1.139,1.909
2003-04-13 01:00:00,65.36,5.355,38.04,0.5,1.982
2003-04-13 02:00:00,61.76,1.811,27.18,2.264,0.585
2003-04-13 03:00:00,25.4,0.65,30.24,2.807,0.778
2003-04-13 04:00:00,12.52,5.84,31.04,1.957,1.165
2003-04-13 05:00:00,25.54,3.251,29.91,2.236,1.043
2003-04-13 06:00:00,12.7,0.65,22.66,3.465,0.461
2003-04-13 07:00:00,4.225,0.65,18.32,2.719,0.368
2003-04-13 08:00:00,14.45,3.438,25.47,1.868,0.524
2003-04-13 09:00:00,38.9,15.2,21.87,8.903,0.393
2003-04-13 10:00:00,26.1,6.289,21.95,20.58,0.453
2003-04-13 11:00:00,14.05,12.8,,22.0,0.668
2003-04-13 12:00:00,24.22,6.747,,29.77,0.595
2003-04-13 13:00:00,33.15,14.7,,32.98,0.632
2003-04-13 14:00:00,39.27,5.783,,39.34,0.411
2003-04-13 15:00:00,21.85,0.65,,46.59,0.27
2003-04-13 16:00:00,14.55,0.65,,41.42,0.484
2003-04-13 17:00:00,25.01,0.65,,39.66,0.365
2003-04-13 18:00:00,13.48,0.65,,32.62,0.334
2003-04-13 19:00:00,17.62,0.65,,14.17,0.499
2003-04-13 20:00:00,29.74,0.65,,4.25,0.574
2003-04-13 21:00:00,42.97,0.65,,8.725,0.502
2003-04-13 22:00:00,44.71,0.65,,10.32,0.426
2003-04-13 23:00:00,23.74,0.65,,11.89,0.337
2003-04-14 00:00:00,19.29,0.65,,10.18,0.364
2003-04-14 01:00:00,21.17,0.65,,5.683,0.328
2003-04-14 02:00:00,19.85,0.65,,20.19,0.326
2003-04-14 03:00:00,9.425,0.65,,16.42,0.275
2003-04-14 04:00:00,4.789,0.65,,10.0,0.28
2003-04-14 05:00:00,13.79,0.65,,5.867,0.459
2003-04-14 06:00:00,8.261,0.65,,0.5,0.619
2003-04-14 07:00:00,12.44,0.65,,0.5,0.954
2003-04-14 08:00:00,23.46,6.675,,0.5,1.973
2003-04-14 09:00:00,57.79,10.98,,0.5,1.746
2003-04-14 10:00:00,50.7,20.48,,2.313,2.313
2003-04-14 11:00:00,43.62,21.7,,9.533,1.04
2003-04-14 12:00:00,43.12,23.24,,13.79,1.05
2003-04-14 13:00:00,30.07,18.97,,21.18,0.924
2003-04-14 14:00:00,35.94,29.14,,23.63,1.155
2003-04-14 15:00:00,30.39,21.9,,28.31,1.187
2003-04-14 16:00:00,36.37,18.85,,32.95,1.478
2003-04-14 17:00:00,38.49,21.27,,39.64,1.262
2003-04-14 18:00:00,37.36,9.067,,46.75,0.514
2003-04-14 19:00:00,37.34,7.775,,6.49,0.752
2003-04-14 20:00:00,41.1,6.587,,6.661,0.615
2003-04-14 21:00:00,45.2,5.332,,10.5,0.434
2003-04-14 22:00:00,31.37,5.193,,10.18,0.44
2003-04-14 23:00:00,18.5,3.484,,13.78,0.413
2003-04-15 00:00:00,24.79,2.626,,4.203,0.556
2003-04-15 01:00:00,23.16,1.758,,0.5,0.925
2003-04-15 02:00:00,22.18,2.861,,0.5,1.259
2003-04-15 03:00:00,35.73,3.692,,0.5,1.237
2003-04-15 04:00:00,43.66,3.486,,0.5,0.947
2003-04-15 05:00:00,33.18,2.996,,0.5,0.739
2003-04-15 06:00:00,20.18,3.408,,0.5,0.554
2003-04-15 07:00:00,33.67,4.203,,0.5,0.842
2003-04-15 08:00:00,39.59,7.546,,0.5,1.42
2003-04-15 09:00:00,57.78,17.55,,0.5,2.267
2003-04-15 10:00:00,57.66,20.32,,2.525,1.669
2003-04-15 11:00:00,41.08,22.04,,7.738,1.194
2003-04-15 12:00:00,38.31,28.71,,18.21,1.268
2003-04-15 13:00:00,32.27,31.12,,26.16,1.285
2003-04-15 14:00:00,24.02,40.91,,28.5,1.072
2003-04-15 15:00:00,28.04,39.36,,25.98,1.212
2003-04-15 16:00:00,21.2,28.41,,21.12,1.255
2003-04-15 17:00:00,4.128,27.07,,14.0,1.595
2003-04-15 18:00:00,3.253,16.3,,18.68,1.119
2003-04-15 19:00:00,33.43,10.77,,22.75,0.59
2003-04-15 20:00:00,49.5,10.1,,7.758,0.709
2003-04-15 21:00:00,39.71,7.899,,13.94,0.503
2003-04-15 22:00:00,42.11,5.804,,35.81,0.352
2003-04-15 23:00:00,42.15,5.714,,32.21,0.423
2003-04-16 00:00:00,30.22,5.656,,6.781,0.882
2003-04-16 01:00:00,25.28,4.629,,0.5,1.802
2003-04-16 02:00:00,41.57,3.628,,0.5,1.659
2003-04-16 03:00:00,40.66,3.53,,0.5,1.323
2003-04-16 04:00:00,28.89,3.247,,0.5,1.231
2003-04-16 05:00:00,42.36,2.657,,0.5,1.046
2003-04-16 06:00:00,28.87,1.804,,0.5,0.706
2003-04-16 07:00:00,20.27,2.004,,0.5,1.212
2003-04-16 08:00:00,37.28,4.857,,0.5,2.398
2003-04-16 09:00:00,58.25,8.561,,1.012,1.547
2003-04-16 10:00:00,63.77,30.9,,4.151,2.215
2003-04-16 11:00:00,55.75,27.0,,11.63,1.392
2003-04-16 12:00:00,40.58,14.97,,23.0,1.305
2003-04-16 13:00:00,29.61,13.94,,42.97,1.27
2003-04-16 14:00:00,47.27,15.29,,42.18,1.458
2003-04-16 15:00:00,31.03,12.22,,39.44,1.379
2003-04-16 16:00:00,31.19,13.78,,30.73,1.748
2003-04-16 17:00:00,31.4,9.647,,54.84,1.088
2003-04-16 18:00:00,32.64,5.49,,50.15,0.919
2003-04-16 19:00:00,39.36,4.426,,19.9,1.116
2003-04-16 20:00:00,41.32,3.067,,24.7,0.988
2003-04-16 21:00:00,43.01,3.038,,35.97,0.866
2003-04-16 22:00:00,46.58,3.804,,32.81,0.844
2003-04-16 23:00:00,36.46,2.872,,29.16,0.766
2003-04-17 00:00:00,29.49,3.856,,19.45,0.638
2003-04-17 01:00:00,37.41,2.14,,35.53,0.348
2003-04-17 02:00:00,37.99,2.054,,21.72,0.436
2003-04-17 03:00:00,36.73,1.393,,21.04,0.446
2003-04-17 04:00:00,29.97,2.364,,3.393,1.068
2003-04-17 05:00:00,23.15,2.301,,7.412,0.535
2003-04-17 06:00:00,19.72,1.737,,10.28,0.461
2003-04-17 07:00:00,23.54,6.842,,1.289,0.623
2003-04-17 08:00:00,46.02,4.613,,0.5,1.108
2003-04-17 09:00:00,56.32,7.229,,1.215,1.673
2003-04-17 10:00:00,65.59,32.84,,2.868,2.547
2003-04-17 11:00:00,68.04,40.66,,8.361,1.802
2003-04-17 12:00:00,61.81,37.57,,13.08,1.958
2003-04-17 13:00:00,64.62,29.6,,37.4,1.418
2003-04-17 14:00:00,73.7,26.35,,80.06,0.852
2003-04-17 15:00:00,64.23,14.64,,95.51,1.074
2003-04-17 16:00:00,42.71,11.73,,67.2,0.47
2003-04-17 17:00:00,35.88,4.347,,52.92,0.303
2003-04-17 18:00:00,23.16,5.661,,41.07,0.375
2003-04-17 19:00:00,34.45,6.221,,29.65,0.541
2003-04-17 20:00:00,62.77,6.793,,16.26,0.963
2003-04-17 21:00:00,74.83,7.184,,11.03,0.954
2003-04-17 22:00:00,62.2,6.4,,39.2,0.425
2003-04-17 23:00:00,53.93,4.707,,42.14,0.422
2003-04-18 00:00:00,36.33,3.72,,44.21,0.421
2003-04-18 01:00:00,22.59,0.65,,47.54,0.46
2003-04-18 02:00:00,38.41,0.65,,45.32,0.422
2003-04-18 03:00:00,22.11,0.65,,44.41,0.417
2003-04-18 04:00:00,19.61,0.65,,42.63,0.502
2003-04-18 05:00:00,31.82,0.65,,41.6,0.556
2003-04-18 06:00:00,12.84,0.65,,35.19,0.479
2003-04-18 07:00:00,11.02,0.65,,36.03,0.45
2003-04-18 08:00:00,12.35,0.65,,38.3,0.67
2003-04-18 09:00:00,17.72,0.65,,37.19,0.687
2003-04-18 10:00:00,34.27,0.65,,40.63,0.56
2003-04-18 11:00:00,26.05,0.65,,43.49,0.626
2003-04-18 12:00:00,34.64,0.65,,47.9,0.709
2003-04-18 13:00:00,42.69,0.65,,52.83,0.794
2003-04-18 14:00:00,34.83,0.65,,36.99,0.928
2003-04-18 15:00:00,46.73,0.65,,8.476,1.49
2003-04-18 16:00:00,59.78,0.65,,14.19,1.166
2003-04-18 17:00:00,54.95,0.65,,20.04,0.923
2003-04-18 18:00:00,41.35,0.65,,25.52,0.785
2003-04-18 19:00:00,27.16,2.87,,11.28,1.152
2003-04-18 20:00:00,9.403,1.465,,17.15,0.828
2003-04-18 21:00:00,3.691,1.55,,11.19,0.889
2003-04-18 22:00:00,18.72,0.65,,7.449,1.071
2003-04-18 23:00:00,13.33,7.189,,7.198,0.88
2003-04-19 00:00:00,1.177,5.617,,14.73,0.685
2003-04-19 01:00:00,1.007,5.937,,18.37,0.741
2003-04-19 02:00:00,11.45,3.693,,25.19,0.64
2003-04-19 03:00:00,10.92,2.587,,26.56,0.63
2003-04-19 04:00:00,2.319,2.12,,33.34,0.56
2003-04-19 05:00:00,4.328,4.128,,31.96,0.571
2003-04-19 06:00:00,2.678,1.849,,31.47,0.643
2003-04-19 07:00:00,16.02,2.19,,24.94,0.623
2003-04-19 08:00:00,13.75,1.857,,17.19,0.642
2003-04-19 09:00:00,9.426,3.569,,16.6,0.652
2003-04-19 10:00:00,13.36,2.69,,25.08,0.583
2003-04-19 11:00:00,10.35,7.217,,24.35,0.601
2003-04-19 12:00:00,4.965,12.22,,25.56,0.712
2003-04-19 13:00:00,10.41,34.55,,25.62,0.738
2003-04-19 14:00:00,10.2,26.92,,28.92,0.758
2003-04-19 15:00:00,13.36,28.5,,27.69,0.733
2003-04-19 16:00:00,18.65,31.05,,24.24,0.793
2003-04-19 17:00:00,16.33,38.26,,18.95,0.858
2003-04-19 18:00:00,7.851,45.76,,17.89,0.76
2003-04-19 19:00:00,18.18,37.21,,16.93,0.8
2003-04-19 20:00:00,15.48,28.88,,20.34,0.815
2003-04-19 21:00:00,,15.35,,18.04,0.845
2003-04-19 22:00:00,15.68,13.88,,18.45,0.773
2003-04-19 23:00:00,17.41,13.88,,15.3,0.847
2003-04-20 00:00:00,7.04,19.01,,16.69,0.774
2003-04-20 01:00:00,6.796,27.32,,16.34,0.701
2003-04-20 02:00:00,9.142,23.28,,16.92,0.587
2003-04-20 03:00:00,5.05,16.68,,19.78,0.527
2003-04-20 04:00:00,5.917,13.18,,19.46,0.522
2003-04-20 05:00:00,5.048,19.95,,16.43,0.481
2003-04-20 06:00:00,6.759,14.68,,17.45,0.458
2003-04-20 07:00:00,7.097,12.83,,12.85,0.542
2003-04-20 08:00:00,5.981,20.14,,10.6,0.501
2003-04-20 09:00:00,4.142,18.95,,13.8,0.496
2003-04-20 10:00:00,15.95,21.31,,18.28,0.446
2003-04-20 11:00:00,20.08,29.9,,24.05,0.468
2003-04-20 12:00:00,5.515,32.51,,25.16,0.578
2003-04-20 13:00:00,2.344,27.68,,28.55,0.491
2003-04-20 14:00:00,6.425,28.87,,34.66,0.378
2003-04-20 15:00:00,11.8,27.29,,33.14,0.403
2003-04-20 16:00:00,6.875,23.96,,28.96,0.464
2003-04-20 17:00:00,,4.925,,28.31,0.484
2003-04-20 18:00:00,,13.67,,17.08,0.762
2003-04-20 19:00:00,3.504,17.05,,3.414,1.836
2003-04-20 20:00:00,14.8,10.28,,0.5,2.013
2003-04-20 21:00:00,29.38,9.31,,1.0,2.8
2003-04-20 22:00:00,48.54,8.269,,0.5,2.434
2003-04-20 23:00:00,54.57,9.869,,1.0,2.432
2003-04-21 00:00:00,43.68,10.96,,0.5,2.573
2003-04-21 01:00:00,51.33,1.49,,0.5,1.899
2003-04-21 02:00:00,34.2,0.65,,0.5,1.145
2003-04-21 03:00:00,17.59,0.65,,0.5,1.116
2003-04-21 04:00:00,22.07,0.65,,0.5,0.941
2003-04-21 05:00:00,26.18,0.65,,0.5,0.801
2003-04-21 06:00:00,19.9,0.65,,0.5,0.771
2003-04-21 07:00:00,22.11,0.65,,0.5,0.776
2003-04-21 08:00:00,16.54,0.65,,0.5,0.777
2003-04-21 09:00:00,3.042,0.65,,4.5,0.634
2003-04-21 10:00:00,30.15,3.21,,9.249,0.725
2003-04-21 11:00:00,38.03,0.65,,31.3,0.541
2003-04-21 12:00:00,20.32,0.65,,38.63,0.634
2003-04-21 13:00:00,13.5,0.65,,46.42,0.478
2003-04-21 14:00:00,11.4,0.65,,47.27,0.472
2003-04-21 15:00:00,16.67,1.656,,50.32,0.358
2003-04-21 16:00:00,10.06,0.65,,51.73,0.433
2003-04-21 17:00:00,10.23,4.883,,42.13,0.496
2003-04-21 18:00:00,8.342,0.65,,38.14,0.342
2003-04-21 19:00:00,20.66,0.65,,31.12,0.367
2003-04-21 20:00:00,29.84,0.65,,25.56,0.525
2003-04-21 21:00:00,31.11,0.65,,19.46,0.504
2003-04-21 22:00:00,30.71,0.65,,20.21,0.471
2003-04-21 23:00:00,30.95,0.65,,22.74,0.396
2003-04-22 00:00:00,20.19,0.65,,24.52,0.326
2003-04-22 01:00:00,9.308,0.65,,21.99,0.235
2003-04-22 02:00:00,19.47,0.65,,2.869,0.575
2003-04-22 03:00:00,27.55,0.65,,0.5,0.654
2003-04-22 04:00:00,24.36,0.65,,0.5,0.476
2003-04-22 05:00:00,19.21,0.65,,0.5,0.452
2003-04-22 06:00:00,8.413,0.65,,0.5,0.365
2003-04-22 07:00:00,2.134,1.436,,0.5,0.535
2003-04-22 08:00:00,15.73,5.774,,0.5,1.585
2003-04-22 09:00:00,57.01,22.27,,0.5,4.835
2003-04-22 10:00:00,62.15,30.63,,1.092,2.882
2003-04-22 11:00:00,39.97,16.48,,14.27,0.815
2003-04-22 12:00:00,25.61,15.83,,17.03,1.148
2003-04-22 13:00:00,33.36,20.0,,26.18,1.052
2003-04-22 14:00:00,35.52,29.17,,42.31,1.335
2003-04-22 15:00:00,43.79,30.0,,37.23,1.648
2003-04-22 16:00:00,40.36,51.78,,32.43,1.932
2003-04-22 17:00:00,33.19,24.43,,28.41,1.744
2003-04-22 18:00:00,26.36,17.16,,45.82,1.181
2003-04-22 19:00:00,41.42,11.37,,13.92,0.695
2003-04-22 20:00:00,39.67,10.91,,1.589,0.671
2003-04-22 21:00:00,25.99,11.3,,0.5,1.032
2003-04-22 22:00:00,27.68,11.11,,0.5,0.966
2003-04-22 23:00:00,44.17,10.38,,0.5,1.136
2003-04-23 00:00:00,47.82,10.27,,1.836,0.747
2003-04-23 01:00:00,20.82,2.218,,0.5,0.763
2003-04-23 02:00:00,20.48,1.313,,7.387,0.655
2003-04-23 03:00:00,23.19,0.65,,14.71,0.371
2003-04-23 04:00:00,17.83,0.65,,5.278,0.516
2003-04-23 05:00:00,8.781,0.65,,0.5,0.681
2003-04-23 06:00:00,,0.65,,0.5,0.545
2003-04-23 07:00:00,7.095,0.65,,0.5,0.669
2003-04-23 08:00:00,8.954,7.395,,0.5,3.251
2003-04-23 09:00:00,43.94,29.05,,0.5,2.239
2003-04-23 10:00:00,49.85,32.56,,1.942,1.635
2003-04-23 11:00:00,48.46,20.52,,8.387,1.749
2003-04-23 12:00:00,114.5,14.88,,9.827,1.322
2003-04-23 13:00:00,82.79,12.99,,18.7,1.067
2003-04-23 14:00:00,26.95,11.89,,26.51,1.092
2003-04-23 15:00:00,26.16,16.04,,22.43,1.546
2003-04-23 16:00:00,9.619,12.61,,22.81,1.709
2003-04-23 17:00:00,29.63,6.846,,58.75,1.202
2003-04-23 18:00:00,53.23,4.863,,42.28,0.995
2003-04-23 19:00:00,54.44,3.87,,17.18,0.82
2003-04-23 20:00:00,45.42,3.057,,9.374,0.745
2003-04-23 21:00:00,43.26,3.361,,2.514,0.955
2003-04-23 22:00:00,49.9,3.762,,0.5,1.058
2003-04-23 23:00:00,60.97,3.353,,0.5,1.08
2003-04-24 00:00:00,59.99,3.144,,1.507,0.722
2003-04-24 01:00:00,42.51,0.65,,5.124,0.57
2003-04-24 02:00:00,33.43,0.65,,16.79,0.264
2003-04-24 03:00:00,23.52,0.65,,28.28,0.202
2003-04-24 04:00:00,10.83,0.65,,26.87,0.194
2003-04-24 05:00:00,2.783,0.65,,28.27,0.183
2003-04-24 06:00:00,,0.65,,23.47,0.19
2003-04-24 07:00:00,13.15,0.65,,16.73,0.26
2003-04-24 08:00:00,19.71,0.65,,7.343,0.327
2003-04-24 09:00:00,17.82,2.24,,1.301,1.099
2003-04-24 10:00:00,31.06,9.031,,1.883,1.605
2003-04-24 11:00:00,49.53,,,,1.464
2003-04-24 12:00:00,60.14,20.73,,4.744,1.725
2003-04-24 13:00:00,62.04,26.39,,15.6,1.636
2003-04-24 14:00:00,59.74,16.08,,21.46,1.368
2003-04-24 15:00:00,51.96,27.37,,17.28,1.966
2003-04-24 16:00:00,54.66,15.26,,27.58,1.553
2003-04-24 17:00:00,59.57,11.85,,13.47,1.872
2003-04-24 18:00:00,45.75,12.1,,5.174,2.186
2003-04-24 19:00:00,65.79,10.09,,5.286,1.503
2003-04-24 20:00:00,67.32,7.469,,8.496,1.24
2003-04-24 21:00:00,48.15,2.865,,26.39,0.467
2003-04-24 22:00:00,43.13,1.424,,22.76,0.43
2003-04-24 23:00:00,29.13,0.65,,11.77,0.58
2003-04-25 00:00:00,30.19,0.65,,6.496,0.692
2003-04-25 01:00:00,37.56,0.65,,4.156,0.556
2003-04-25 02:00:00,34.35,0.65,,11.14,0.515
2003-04-25 03:00:00,35.45,0.65,,3.08,0.798
2003-04-25 04:00:00,47.85,1.407,,0.5,0.684
2003-04-25 05:00:00,37.43,0.65,,0.5,0.72
2003-04-25 06:00:00,10.14,0.65,,0.5,0.707
2003-04-25 07:00:00,20.2,1.356,,1.0,0.945
2003-04-25 08:00:00,45.17,8.421,,1.829,2.711
2003-04-25 09:00:00,70.45,29.01,,1.718,2.905
2003-04-25 10:00:00,76.7,16.52,,2.3,1.911
2003-04-25 11:00:00,46.62,18.78,,2.157,2.464
2003-04-25 12:00:00,62.19,26.43,,2.522,1.942
2003-04-25 13:00:00,72.12,29.52,,1.812,2.52
2003-04-25 14:00:00,58.7,11.66,,4.081,1.156
2003-04-25 15:00:00,42.49,4.787,,11.96,0.879
2003-04-25 16:00:00,12.27,1.642,,17.89,0.808
2003-04-25 17:00:00,24.55,0.65,,20.69,0.742
2003-04-25 18:00:00,40.51,0.65,,10.87,1.321
2003-04-25 19:00:00,16.66,0.65,,14.71,0.666
2003-04-25 20:00:00,6.68,0.65,,6.671,0.68
2003-04-25 21:00:00,14.37,0.65,,9.643,0.618
2003-04-25 22:00:00,18.88,0.65,,14.72,0.472
2003-04-25 23:00:00,9.84,0.65,,14.44,0.499
2003-04-26 00:00:00,15.05,0.65,,17.58,0.415
2003-04-26 01:00:00,16.25,0.65,,20.58,0.392
2003-04-26 02:00:00,6.464,0.65,,23.06,0.292
2003-04-26 03:00:00,3.163,0.65,,25.37,0.254
2003-04-26 04:00:00,11.19,0.65,,23.39,0.286
2003-04-26 05:00:00,9.63,0.65,,27.52,0.289
2003-04-26 06:00:00,11.86,0.65,,25.56,0.339
2003-04-26 07:00:00,10.24,0.65,,25.63,0.259
2003-04-26 08:00:00,,0.65,,20.39,0.357
2003-04-26 09:00:00,18.04,0.65,,14.52,0.405
2003-04-26 10:00:00,22.35,0.65,,17.25,0.395
2003-04-26 11:00:00,16.54,0.65,,21.64,0.444
2003-04-26 12:00:00,9.255,0.65,,26.03,0.498
2003-04-26 13:00:00,12.68,0.65,,25.16,0.548
2003-04-26 14:00:00,32.85,0.65,,18.03,0.63
2003-04-26 15:00:00,18.87,0.65,,19.73,0.517
2003-04-26 16:00:00,9.66,0.65,,25.06,0.441
2003-04-26 17:00:00,19.45,0.65,,24.91,0.445
2003-04-26 18:00:00,30.29,0.65,,16.87,0.512
2003-04-26 19:00:00,23.25,0.65,,5.729,0.806
2003-04-26 20:00:00,25.85,0.65,,3.896,0.949
2003-04-26 21:00:00,31.67,0.65,,8.804,0.835
2003-04-26 22:00:00,26.02,0.65,,1.94,2.473
2003-04-26 23:00:00,43.97,3.293,,1.824,2.895
2003-04-27 00:00:00,54.35,4.361,,4.342,2.593
2003-04-27 01:00:00,33.84,2.68,,11.05,0.671
2003-04-27 02:00:00,13.88,2.2,,6.326,1.004
2003-04-27 03:00:00,4.281,1.667,,7.348,0.61
2003-04-27 04:00:00,6.492,0.65,,14.18,0.284
2003-04-27 05:00:00,6.286,0.65,,21.2,0.296
2003-04-27 06:00:00,0.564,0.65,,10.36,0.372
2003-04-27 07:00:00,,0.65,,14.66,0.256
2003-04-27 08:00:00,1.337,0.65,,11.91,0.402
2003-04-27 09:00:00,7.711,0.65,,5.467,0.671
2003-04-27 10:00:00,21.03,0.65,,13.81,0.272
2003-04-27 11:00:00,13.37,0.65,,10.8,0.413
2003-04-27 12:00:00,5.855,0.65,,16.58,0.573
2003-04-27 13:00:00,18.83,0.65,,22.4,0.414
2003-04-27 14:00:00,11.89,0.65,,27.9,0.312
2003-04-27 15:00:00,10.82,0.65,,22.73,0.496
2003-04-27 16:00:00,9.44,0.65,,21.6,0.401
2003-04-27 17:00:00,10.42,0.65,,19.73,0.428
2003-04-27 18:00:00,9.041,0.65,,27.39,0.286
2003-04-27 19:00:00,2.827,0.65,,23.33,0.408
2003-04-27 20:00:00,2.466,0.65,,29.54,0.251
2003-04-27 21:00:00,1.962,0.65,,10.57,0.672
2003-04-27 22:00:00,2.571,0.65,,15.85,0.337
2003-04-27 23:00:00,1.801,0.65,,6.549,0.501
2003-04-28 00:00:00,1.944,0.65,,5.062,0.427
2003-04-28 01:00:00,8.388,1.44,,16.42,0.578
2003-04-28 02:00:00,6.566,0.65,,22.44,0.62
2003-04-28 03:00:00,1.134,0.65,,27.67,0.414
2003-04-28 04:00:00,0.986,0.65,,32.67,0.393
2003-04-28 05:00:00,5.793,0.65,,28.99,0.459
2003-04-28 06:00:00,5.082,0.65,,21.45,0.487
2003-04-28 07:00:00,,0.65,,7.458,0.764
2003-04-28 08:00:00,7.78,2.74,,2.049,1.02
2003-04-28 09:00:00,14.06,6.531,,0.5,2.882
2003-04-28 10:00:00,26.41,6.225,,4.628,1.562
2003-04-28 11:00:00,24.91,7.978,,4.874,1.737
2003-04-28 12:00:00,6.943,8.369,,5.704,1.734
2003-04-28 13:00:00,12.59,11.4,,5.45,1.792
2003-04-28 14:00:00,17.33,12.51,,6.497,1.811
2003-04-28 15:00:00,24.28,15.27,,8.874,1.578
2003-04-28 16:00:00,22.17,6.779,,19.21,0.949
2003-04-28 17:00:00,29.88,3.083,,15.99,0.889
2003-04-28 18:00:00,34.18,2.568,,3.854,1.207
2003-04-28 19:00:00,11.03,2.673,,2.219,1.234
2003-04-28 20:00:00,6.021,1.626,,7.043,0.807
2003-04-28 21:00:00,18.71,1.385,,2.136,0.876
2003-04-28 22:00:00,16.92,0.65,,7.454,0.742
2003-04-28 23:00:00,15.92,0.65,,10.84,0.648
2003-04-29 00:00:00,21.14,0.65,,12.76,0.473
2003-04-29 01:00:00,9.77,1.35,,20.52,0.354
2003-04-29 02:00:00,5.737,0.65,,24.52,0.314
2003-04-29 03:00:00,5.042,0.65,,28.06,0.283
2003-04-29 04:00:00,1.362,0.65,,29.8,0.247
2003-04-29 05:00:00,5.773,0.65,,27.4,0.278
2003-04-29 06:00:00,4.013,0.65,,29.23,0.28
2003-04-29 07:00:00,,0.65,,22.86,0.241
2003-04-29 08:00:00,,0.65,,7.749,0.669
2003-04-29 09:00:00,9.671,1.868,,8.606,1.032
2003-04-29 10:00:00,19.99,2.015,,19.82,0.703
2003-04-29 11:00:00,25.03,1.906,,20.76,0.653
2003-04-29 12:00:00,17.46,1.506,,18.19,0.563
2003-04-29 13:00:00,19.28,1.312,,12.88,0.523
2003-04-29 14:00:00,19.85,1.938,,5.739,1.114
2003-04-29 15:00:00,15.75,5.384,,0.5,2.511
2003-04-29 16:00:00,11.96,3.637,,3.565,0.729
2003-04-29 17:00:00,14.62,4.23,,2.456,1.115
2003-04-29 18:00:00,10.63,2.965,,2.408,0.86
2003-04-29 19:00:00,4.112,2.897,,1.834,0.977
2003-04-29 20:00:00,5.234,3.906,,0.5,1.006
2003-04-29 21:00:00,2.703,3.091,,2.569,0.71
2003-04-29 22:00:00,8.041,2.003,,2.558,0.789
2003-04-29 23:00:00,11.31,1.714,,8.108,0.583
2003-04-30 00:00:00,10.85,1.704,,6.601,0.508
2003-04-30 01:00:00,5.5,0.65,,12.58,0.352
2003-04-30 02:00:00,,0.65,,1.578,0.483
2003-04-30 03:00:00,,0.65,,1.245,0.579
2003-04-30 04:00:00,9.07,0.65,,3.767,0.347
2003-04-30 05:00:00,7.98,0.65,,3.478,0.377
2003-04-30 06:00:00,,0.65,,7.353,0.323
2003-04-30 07:00:00,,0.65,,5.05,0.391
2003-04-30 08:00:00,12.45,0.65,,0.5,1.232
2003-04-30 09:00:00,10.99,0.65,,0.5,1.107
2003-04-30 10:00:00,19.56,5.353,,0.5,2.063
2003-04-30 11:00:00,42.22,15.34,,0.5,2.904
2003-04-30 12:00:00,43.99,17.32,,0.5,2.585
2003-04-30 13:00:00,40.18,13.33,,0.5,2.276
2003-04-30 14:00:00,40.44,12.88,,0.5,2.333
2003-04-30 15:00:00,66.57,31.75,,0.5,4.083
2003-04-30 16:00:00,86.33,32.37,,0.5,2.769
2003-04-30 17:00:00,52.19,17.19,,0.5,2.139
2003-04-30 18:00:00,18.18,11.62,,0.5,1.473
2003-04-30 19:00:00,38.02,12.38,,0.5,2.546
2003-04-30 20:00:00,48.89,14.1,,0.5,3.007
2003-04-30 21:00:00,42.95,15.8,,0.5,2.607
2003-04-30 22:00:00,31.0,10.81,,0.5,1.534
2003-04-30 23:00:00,18.36,7.803,,0.5,1.013
2003-05-01 00:00:00,33.38,7.673,,0.5,1.331
2003-05-01 01:00:00,21.49,3.817,,0.5,1.362
2003-05-01 02:00:00,0.009,1.596,,1.825,0.917
2003-05-01 03:00:00,3.364,0.65,,1.006,0.869
2003-05-01 04:00:00,17.0,1.425,,1.101,0.937
2003-05-01 05:00:00,12.53,0.65,,2.286,0.962
2003-05-01 06:00:00,,2.076,,2.468,0.966
2003-05-01 07:00:00,6.584,5.13,,2.372,0.965
2003-05-01 08:00:00,15.23,10.2,,4.422,0.916
2003-05-01 09:00:00,14.81,30.02,,5.91,0.971
2003-05-01 10:00:00,15.67,39.41,,4.354,0.831
2003-05-01 11:00:00,18.37,34.38,,12.48,0.786
2003-05-01 12:00:00,12.7,3.089,,27.0,0.634
2003-05-01 13:00:00,14.24,1.994,,30.57,0.532
2003-05-01 14:00:00,9.365,0.65,,34.38,0.534
2003-05-01 15:00:00,,0.65,,32.27,0.552
2003-05-01 16:00:00,,0.65,,35.06,0.562
2003-05-01 17:00:00,5.901,0.65,,27.33,0.702
2003-05-01 18:00:00,5.155,0.65,,21.33,0.816
2003-05-01 19:00:00,,0.65,,21.09,0.823
2003-05-01 20:00:00,2.344,0.65,,24.3,0.754
2003-05-01 21:00:00,14.32,0.65,,20.53,0.697
2003-05-01 22:00:00,10.54,0.65,,14.72,0.846
2003-05-01 23:00:00,5.254,0.65,,24.3,0.596
2003-05-02 00:00:00,8.155,0.65,,26.59,0.619
2003-05-02 01:00:00,13.39,0.65,,26.34,0.484
2003-05-02 02:00:00,18.0,0.65,,23.71,0.43
2003-05-02 03:00:00,8.442,0.65,,25.08,0.4
2003-05-02 04:00:00,3.253,0.65,,29.44,0.314
2003-05-02 05:00:00,3.565,0.65,,32.74,0.329
2003-05-02 06:00:00,1.705,0.65,,21.69,0.351
2003-05-02 07:00:00,12.7,4.506,,4.01,0.585
2003-05-02 08:00:00,22.07,47.23,,1.803,1.481
2003-05-02 09:00:00,20.51,56.6,,4.053,1.542
2003-05-02 10:00:00,17.92,54.36,,5.546,1.35
2003-05-02 11:00:00,28.27,16.96,,20.29,0.825
2003-05-02 12:00:00,26.76,7.429,,25.37,0.774
2003-05-02 13:00:00,11.46,4.89,,28.77,0.754
2003-05-02 14:00:00,3.15,3.446,,23.86,0.799
2003-05-02 15:00:00,,2.992,,18.95,0.992
2003-05-02 16:00:00,4.214,2.733,,18.61,0.962
2003-05-02 17:00:00,16.38,1.692,,18.04,0.89
2003-05-02 18:00:00,11.05,2.488,,7.147,1.108
2003-05-02 19:00:00,2.87,0.65,,5.219,0.929
2003-05-02 20:00:00,5.555,0.65,,7.897,0.881
2003-05-02 21:00:00,15.6,0.65,,7.661,0.739
2003-05-02 22:00:00,36.47,0.65,,2.969,1.022
2003-05-02 23:00:00,30.16,0.65,,0.5,1.615
2003-05-03 00:00:00,23.4,0.65,,0.5,1.59
2003-05-03 01:00:00,21.27,3.547,,0.5,2.178
2003-05-03 02:00:00,16.45,2.301,,0.5,1.379
2003-05-03 03:00:00,14.87,1.34,,7.699,0.619
2003-05-03 04:00:00,15.92,5.74,,8.058,0.539
2003-05-03 05:00:00,14.4,1.889,,9.065,0.573
2003-05-03 06:00:00,4.463,0.65,,2.965,0.303
2003-05-03 07:00:00,11.39,1.336,,1.385,0.479
2003-05-03 08:00:00,9.915,12.33,,1.05,0.637
2003-05-03 09:00:00,22.43,22.2,,3.232,0.981
2003-05-03 10:00:00,19.4,13.33,,9.129,0.597
2003-05-03 11:00:00,11.98,7.263,,14.46,0.602
2003-05-03 12:00:00,14.51,5.476,,21.5,0.494
2003-05-03 13:00:00,10.68,21.23,,19.98,0.566
2003-05-03 14:00:00,18.53,10.73,,22.2,0.56
2003-05-03 15:00:00,10.94,2.636,,28.46,0.466
2003-05-03 16:00:00,0.181,19.37,,24.86,0.867
2003-05-03 17:00:00,15.9,10.15,,22.06,0.911
2003-05-03 18:00:00,13.8,3.803,,12.48,1.086
2003-05-03 19:00:00,3.973,0.65,,11.25,0.651
2003-05-03 20:00:00,17.55,0.65,,8.344,0.651
2003-05-03 21:00:00,27.28,0.65,,0.5,1.414
2003-05-03 22:00:00,53.59,1.629,,0.5,2.114
2003-05-03 23:00:00,74.87,0.65,,1.957,1.015
2003-05-04 00:00:00,38.95,0.65,,6.013,0.514
2003-05-04 01:00:00,15.57,0.65,,2.9,0.842
2003-05-04 02:00:00,10.55,0.65,,3.14,1.156
2003-05-04 03:00:00,15.09,0.65,,4.769,0.799
2003-05-04 04:00:00,16.94,0.65,,0.5,0.946
2003-05-04 05:00:00,9.057,0.65,,0.5,1.055
2003-05-04 06:00:00,4.997,0.65,,0.5,1.109
2003-05-04 07:00:00,13.98,0.65,,0.5,1.122
2003-05-04 08:00:00,18.42,0.65,,0.5,1.391
2003-05-04 09:00:00,22.38,2.162,,2.814,1.417
2003-05-04 10:00:00,19.86,2.049,,19.21,1.018
2003-05-04 11:00:00,25.78,2.274,,29.93,0.65
2003-05-04 12:00:00,18.55,1.747,,33.96,0.764
2003-05-04 13:00:00,6.942,0.65,,42.39,0.604
2003-05-04 14:00:00,8.287,6.065,,41.49,0.788
2003-05-04 15:00:00,24.35,6.508,,39.39,0.976
2003-05-04 16:00:00,33.15,2.025,,45.9,0.507
2003-05-04 17:00:00,19.39,1.811,,37.75,0.501
2003-05-04 18:00:00,7.081,2.157,,21.87,0.553
2003-05-04 19:00:00,15.73,2.599,,18.42,0.563
2003-05-04 20:00:00,31.24,2.476,,16.73,0.703
2003-05-04 21:00:00,16.49,2.75,,11.08,0.612
2003-05-04 22:00:00,16.39,2.633,,5.899,0.686
2003-05-04 23:00:00,20.63,3.224,,2.142,0.715
2003-05-05 00:00:00,24.4,4.176,,0.5,0.878
2003-05-05 01:00:00,18.49,0.65,,0.5,0.622
2003-05-05 02:00:00,12.94,0.65,,0.5,0.661
2003-05-05 03:00:00,21.66,0.65,,0.5,0.648
2003-05-05 04:00:00,20.21,0.65,,0.5,0.49
2003-05-05 05:00:00,18.71,0.65,,0.5,0.558
2003-05-05 06:00:00,9.058,2.824,,0.5,0.463
2003-05-05 07:00:00,22.4,2.034,,0.5,0.781
2003-05-05 08:00:00,21.99,10.06,,0.5,1.916
2003-05-05 09:00:00,22.54,24.91,,0.5,1.756
2003-05-05 10:00:00,49.69,37.47,,1.111,1.476
2003-05-05 11:00:00,49.76,30.22,,1.026,1.679
2003-05-05 12:00:00,39.98,32.06,,10.11,1.176
2003-05-05 13:00:00,31.19,33.2,,20.51,0.934
2003-05-05 14:00:00,32.87,42.77,,18.82,1.193
2003-05-05 15:00:00,36.2,44.15,,15.03,1.313
2003-05-05 16:00:00,15.22,61.86,,13.09,1.077
2003-05-05 17:00:00,21.19,47.55,,8.236,1.401
2003-05-05 18:00:00,22.15,82.06,,1.8,2.413
2003-05-05 19:00:00,32.9,28.8,,1.646,1.463
2003-05-05 20:00:00,32.69,8.658,,13.03,0.762
2003-05-05 21:00:00,14.61,5.586,,17.24,0.593
2003-05-05 22:00:00,10.98,5.256,,4.69,0.841
2003-05-05 23:00:00,27.69,4.61,,5.606,0.908
2003-05-06 00:00:00,39.5,5.176,,12.86,0.55
2003-05-06 01:00:00,16.87,3.122,,18.06,0.513
2003-05-06 02:00:00,1.699,2.014,,19.0,0.444
2003-05-06 03:00:00,24.85,3.987,,26.32,0.35
2003-05-06 04:00:00,22.48,4.243,,26.58,0.344
2003-05-06 05:00:00,1.41,9.406,,20.81,0.357
2003-05-06 06:00:00,17.09,12.92,,13.93,0.281
2003-05-06 07:00:00,15.69,17.03,,9.685,0.434
2003-05-06 08:00:00,15.66,24.25,,5.146,0.98
2003-05-06 09:00:00,33.73,45.41,,2.819,1.741
2003-05-06 10:00:00,22.97,47.61,,4.163,1.296
2003-05-06 11:00:00,23.94,74.57,,7.371,0.943
2003-05-06 12:00:00,25.26,40.69,,14.31,0.825
2003-05-06 13:00:00,17.92,14.97,,13.41,0.726
2003-05-06 14:00:00,9.352,8.195,,14.28,0.759
2003-05-06 15:00:00,7.735,4.55,,11.47,0.79
2003-05-06 16:00:00,20.06,6.459,,4.55,1.134
2003-05-06 17:00:00,21.51,7.896,,6.628,1.046
2003-05-06 18:00:00,8.573,14.67,,6.119,1.218
2003-05-06 19:00:00,,35.88,,3.707,1.492
2003-05-06 20:00:00,16.68,82.02,,3.658,1.421
2003-05-06 21:00:00,24.7,54.61,,7.694,0.68
2003-05-06 22:00:00,15.32,38.6,,9.506,0.672
2003-05-06 23:00:00,5.607,37.04,,12.19,0.538
2003-05-07 00:00:00,9.545,28.03,,15.11,0.387
2003-05-07 01:00:00,14.39,25.66,,18.74,0.367
2003-05-07 02:00:00,5.306,22.57,,20.67,0.337
2003-05-07 03:00:00,7.909,23.05,,21.62,0.281
2003-05-07 04:00:00,6.881,21.61,,21.36,0.298
2003-05-07 05:00:00,,21.57,,19.83,0.288
2003-05-07 06:00:00,,18.24,,22.23,0.248
2003-05-07 07:00:00,,32.95,,16.27,0.389
2003-05-07 08:00:00,0.941,46.32,,6.146,1.248
2003-05-07 09:00:00,8.483,58.79,,6.93,1.093
2003-05-07 10:00:00,22.29,64.94,,4.568,1.324
2003-05-07 11:00:00,31.24,60.15,,7.335,1.054
2003-05-07 12:00:00,15.34,63.31,,8.643,0.892
2003-05-07 13:00:00,17.65,53.24,,7.935,1.003
2003-05-07 14:00:00,27.61,58.01,,9.965,1.002
2003-05-07 15:00:00,11.05,51.68,,9.654,0.995
2003-05-07 16:00:00,17.56,60.38,,9.718,1.001
2003-05-07 17:00:00,21.27,69.83,,9.301,0.988
2003-05-07 18:00:00,18.84,68.54,,7.54,1.132
2003-05-07 19:00:00,20.08,90.14,,4.296,1.493
2003-05-07 20:00:00,27.79,64.23,,6.426,1.327
2003-05-07 21:00:00,23.94,42.58,,11.22,0.927
2003-05-07 22:00:00,6.984,37.83,,11.52,0.753
2003-05-07 23:00:00,18.96,39.1,,10.13,0.711
2003-05-08 00:00:00,21.89,29.39,,15.01,0.459
2003-05-08 01:00:00,12.53,19.61,,15.9,0.439
2003-05-08 02:00:00,5.917,16.72,,18.92,0.341
2003-05-08 03:00:00,,18.29,,21.13,0.3
2003-05-08 04:00:00,12.7,18.53,,19.26,0.267
2003-05-08 05:00:00,12.59,15.49,,20.82,0.273
2003-05-08 06:00:00,1.241,15.61,,19.48,0.265
2003-05-08 07:00:00,2.978,29.28,,12.15,0.352
2003-05-08 08:00:00,15.83,53.51,,3.286,1.203
2003-05-08 09:00:00,24.94,65.71,,1.354,1.864
2003-05-08 10:00:00,29.36,60.64,,2.118,1.401
2003-05-08 11:00:00,26.2,80.8,,2.924,1.883
2003-05-08 12:00:00,23.34,,,,
2003-05-08 13:00:00,29.58,48.67,,2.287,2.426
2003-05-08 14:00:00,31.51,53.22,,3.618,1.948
2003-05-08 15:00:00,27.86,37.64,,7.433,1.654
2003-05-08 16:00:00,37.78,19.31,,8.568,1.278
2003-05-08 17:00:00,24.84,10.99,,9.917,1.275
2003-05-08 18:00:00,4.501,7.87,,,1.357
2003-05-08 19:00:00,13.5,6.594,,,1.662
2003-05-08 20:00:00,42.71,7.95,,,2.005
2003-05-08 21:00:00,56.21,8.267,,,2.658
2003-05-08 22:00:00,34.64,10.89,,,3.173
2003-05-08 23:00:00,49.35,13.61,,,6.125
2003-05-09 00:00:00,66.81,14.66,,,3.964
2003-05-09 01:00:00,47.36,8.129,,,2.226
2003-05-09 02:00:00,28.24,3.687,,,1.383
2003-05-09 03:00:00,20.02,1.354,,,1.198
2003-05-09 04:00:00,13.43,0.65,,,0.492
2003-05-09 05:00:00,4.127,0.65,,,0.502
2003-05-09 06:00:00,24.98,0.65,,,0.466
2003-05-09 07:00:00,22.04,0.65,,,0.571
2003-05-09 08:00:00,24.5,0.65,,,1.814
2003-05-09 09:00:00,37.76,1.76,,,1.982
2003-05-09 10:00:00,32.22,15.04,,,2.438
2003-05-09 11:00:00,38.12,18.81,,,1.803
2003-05-09 12:00:00,41.2,10.8,,,0.998
2003-05-09 13:00:00,34.47,3.6,,,0.831
2003-05-09 14:00:00,40.03,4.986,,,1.404
2003-05-09 15:00:00,49.24,17.43,,,2.159
2003-05-09 16:00:00,47.62,20.97,,,1.253
2003-05-09 17:00:00,24.95,0.65,,,0.474
2003-05-09 18:00:00,26.2,0.65,,,0.642
2003-05-09 19:00:00,42.07,0.65,,,1.385
2003-05-09 20:00:00,29.03,0.65,,,1.082
2003-05-09 21:00:00,20.42,0.65,,,1.122
2003-05-09 22:00:00,39.89,0.65,,,0.829
2003-05-09 23:00:00,27.38,0.65,,,1.183
2003-05-10 00:00:00,13.87,0.65,,,0.47
2003-05-10 01:00:00,20.38,0.65,,,0.284
2003-05-10 02:00:00,10.84,0.65,,,0.297
2003-05-10 03:00:00,9.916,0.65,,,0.302
2003-05-10 04:00:00,14.33,0.65,,,0.22
2003-05-10 05:00:00,6.61,0.65,,,0.243
2003-05-10 06:00:00,,0.65,,,0.919
2003-05-10 07:00:00,11.19,1.568,,,0.705
2003-05-10 08:00:00,18.2,1.339,,,0.513
2003-05-10 09:00:00,21.59,2.558,,,1.46
2003-05-10 10:00:00,15.15,2.396,,,0.787
2003-05-10 11:00:00,24.48,3.85,,,0.894
2003-05-10 12:00:00,32.92,5.954,,,0.396
2003-05-10 13:00:00,19.04,5.781,,,0.583
2003-05-10 14:00:00,9.09,3.064,,,0.255
2003-05-10 15:00:00,2.478,1.729,,,0.286
2003-05-10 16:00:00,10.31,0.65,,,0.188
2003-05-10 17:00:00,25.46,0.65,,33.85,0.17
2003-05-10 18:00:00,27.39,0.65,,26.48,0.34
2003-05-10 19:00:00,19.0,2.121,,10.8,0.718
2003-05-10 20:00:00,35.9,1.921,,8.914,0.665
2003-05-10 21:00:00,28.34,2.644,,2.392,0.663
2003-05-10 22:00:00,20.03,2.554,,5.772,0.434
2003-05-10 23:00:00,36.22,2.975,,1.86,1.028
2003-05-11 00:00:00,35.97,3.433,,0.5,1.128
2003-05-11 01:00:00,34.28,1.737,,0.5,1.677
2003-05-11 02:00:00,22.86,3.15,,0.5,1.992
2003-05-11 03:00:00,27.38,2.904,,0.5,1.819
2003-05-11 04:00:00,39.44,3.351,,0.5,1.572
2003-05-11 05:00:00,24.03,3.266,,0.5,1.096
2003-05-11 06:00:00,5.681,2.532,,0.5,0.874
2003-05-11 07:00:00,7.711,2.903,,0.5,0.956
2003-05-11 08:00:00,26.68,2.976,,1.112,0.76
2003-05-11 09:00:00,21.56,5.096,,6.542,0.562
2003-05-11 10:00:00,7.793,10.34,,8.411,0.795
2003-05-11 11:00:00,24.32,15.29,,17.31,0.545
2003-05-11 12:00:00,32.45,10.82,,22.78,0.709
2003-05-11 13:00:00,38.09,13.54,,29.23,0.791
2003-05-11 14:00:00,29.45,8.579,,36.4,0.494
2003-05-11 15:00:00,12.48,23.74,,38.13,0.522
2003-05-11 16:00:00,17.76,16.95,,40.37,0.77
2003-05-11 17:00:00,36.84,6.831,,78.42,0.652
2003-05-11 18:00:00,45.1,5.019,,57.3,0.923
2003-05-11 19:00:00,43.29,3.422,,23.74,0.848
2003-05-11 20:00:00,41.38,3.354,,10.62,0.501
2003-05-11 21:00:00,27.08,3.828,,2.932,0.753
2003-05-11 22:00:00,33.98,4.562,,0.5,0.866
2003-05-11 23:00:00,30.98,6.305,,0.5,1.313
2003-05-12 00:00:00,18.91,5.376,,0.5,1.375
2003-05-12 01:00:00,25.31,0.65,,0.5,1.974
2003-05-12 02:00:00,26.74,0.65,,0.5,1.583
2003-05-12 03:00:00,33.44,0.65,,0.5,1.68
2003-05-12 04:00:00,39.82,0.65,,0.5,1.217
2003-05-12 05:00:00,21.88,0.65,,0.5,0.751
2003-05-12 06:00:00,3.075,0.65,,0.5,0.745
2003-05-12 07:00:00,18.76,0.65,,0.5,0.875
2003-05-12 08:00:00,33.57,0.65,,0.5,1.553
2003-05-12 09:00:00,39.77,3.882,,0.5,3.026
2003-05-12 10:00:00,44.41,9.82,,1.34,1.562
2003-05-12 11:00:00,46.86,11.7,,3.504,1.863
2003-05-12 12:00:00,46.16,11.74,,12.74,1.532
2003-05-12 13:00:00,44.4,18.75,,18.65,1.282
2003-05-12 14:00:00,30.0,14.0,,23.25,1.193
2003-05-12 15:00:00,33.9,10.96,,24.29,1.374
2003-05-12 16:00:00,37.42,8.804,,24.79,1.479
2003-05-12 17:00:00,36.98,0.65,,54.86,0.726
2003-05-12 18:00:00,26.94,0.65,,22.96,0.583
2003-05-12 19:00:00,16.43,0.65,,7.019,0.779
2003-05-12 20:00:00,26.69,0.65,,4.215,0.975
2003-05-12 21:00:00,33.19,0.65,,8.871,0.626
2003-05-12 22:00:00,31.23,0.65,,2.554,0.894
2003-05-12 23:00:00,26.16,2.992,,0.5,2.417
2003-05-13 00:00:00,34.14,3.324,,0.5,2.428
2003-05-13 01:00:00,53.59,4.311,,0.5,2.954
2003-05-13 02:00:00,41.82,1.413,,0.5,0.811
2003-05-13 03:00:00,12.84,0.65,,0.5,0.676
2003-05-13 04:00:00,16.61,0.65,,0.5,0.775
2003-05-13 05:00:00,32.04,0.65,,0.5,0.51
2003-05-13 06:00:00,24.98,0.65,,0.5,0.293
2003-05-13 07:00:00,7.084,0.65,,0.5,0.387
2003-05-13 08:00:00,23.33,0.65,,0.5,2.325
2003-05-13 09:00:00,49.98,0.65,,0.5,1.744
2003-05-13 10:00:00,33.09,4.133,,3.175,1.185
2003-05-13 11:00:00,32.52,13.93,,2.276,2.712
2003-05-13 12:00:00,86.91,15.3,,7.292,1.556
2003-05-13 13:00:00,77.14,16.25,,17.67,1.093
2003-05-13 14:00:00,24.67,10.38,,19.38,0.878
2003-05-13 15:00:00,30.08,1.885,,32.19,0.49
2003-05-13 16:00:00,33.17,0.65,,34.55,0.294
2003-05-13 17:00:00,22.43,0.65,,24.95,0.327
2003-05-13 18:00:00,10.68,0.65,,11.14,0.474
2003-05-13 19:00:00,18.69,0.65,,2.49,0.829
2003-05-13 20:00:00,37.96,0.65,,17.38,0.376
2003-05-13 21:00:00,40.92,0.65,,22.38,0.297
2003-05-13 22:00:00,42.69,0.65,,16.17,0.265
2003-05-13 23:00:00,33.41,0.65,,9.806,0.37
2003-05-14 00:00:00,39.36,0.65,,10.01,0.405
2003-05-14 01:00:00,28.96,1.726,,17.47,0.462
2003-05-14 02:00:00,9.066,0.65,,26.63,0.428
2003-05-14 03:00:00,18.01,0.65,,25.34,0.351
2003-05-14 04:00:00,11.81,0.65,,25.35,0.31
2003-05-14 05:00:00,11.52,0.65,,25.01,0.315
2003-05-14 06:00:00,10.02,0.65,,21.94,0.413
2003-05-14 07:00:00,7.032,1.356,,8.375,0.498
2003-05-14 08:00:00,18.48,3.053,,0.5,1.639
2003-05-14 09:00:00,29.31,8.04,,0.5,1.985
2003-05-14 10:00:00,43.81,7.068,,5.317,0.858
2003-05-14 11:00:00,24.21,6.284,,12.14,0.745
2003-05-14 12:00:00,16.94,5.411,,22.48,0.565
2003-05-14 13:00:00,29.41,4.849,,26.2,0.734
2003-05-14 14:00:00,16.0,4.858,,25.67,0.73
2003-05-14 15:00:00,22.58,5.985,,29.97,0.738
2003-05-14 16:00:00,21.0,4.024,,36.42,0.524
2003-05-14 17:00:00,16.03,2.953,,25.01,0.539
2003-05-14 18:00:00,32.47,2.779,,15.87,0.603
2003-05-14 19:00:00,25.74,3.347,,7.958,0.664
2003-05-14 20:00:00,15.55,2.989,,4.803,0.63
2003-05-14 21:00:00,28.32,2.56,,8.103,0.511
2003-05-14 22:00:00,25.71,2.303,,7.621,0.554
2003-05-14 23:00:00,21.07,2.261,,3.874,0.627
2003-05-15 00:00:00,12.27,2.296,,4.515,0.437
2003-05-15 01:00:00,6.518,1.668,,6.907,0.248
2003-05-15 02:00:00,24.25,0.65,,10.07,0.228
2003-05-15 03:00:00,19.98,1.989,,2.892,0.435
2003-05-15 04:00:00,3.211,2.69,,0.5,0.59
2003-05-15 05:00:00,2.866,2.862,,0.5,0.407
2003-05-15 06:00:00,6.131,3.057,,0.5,0.424
2003-05-15 07:00:00,3.187,3.808,,0.5,0.541
2003-05-15 08:00:00,8.635,10.7,,0.5,2.876
2003-05-15 09:00:00,41.47,19.05,,0.5,2.967
2003-05-15 10:00:00,43.25,14.86,,1.265,1.305
2003-05-15 11:00:00,28.94,14.25,,7.683,1.006
2003-05-15 12:00:00,32.47,16.59,,12.81,1.143
2003-05-15 13:00:00,20.87,13.16,,18.1,0.894
2003-05-15 14:00:00,29.18,12.11,,26.38,1.307
2003-05-15 15:00:00,22.23,18.97,,24.77,1.137
2003-05-15 16:00:00,24.13,21.78,,16.26,1.814
2003-05-15 17:00:00,41.65,13.81,,30.47,0.837
2003-05-15 18:00:00,37.98,8.399,,8.854,0.772
2003-05-15 19:00:00,35.2,8.724,,0.5,1.064
2003-05-15 20:00:00,41.68,7.121,,2.012,0.624
2003-05-15 21:00:00,37.95,9.217,,0.5,1.563
2003-05-15 22:00:00,31.87,10.23,,0.5,1.711
2003-05-15 23:00:00,35.64,10.95,,0.5,1.757
2003-05-16 00:00:00,41.85,7.885,,8.697,0.534
2003-05-16 01:00:00,21.88,0.65,,5.8,0.904
2003-05-16 02:00:00,23.65,0.65,,0.5,1.023
2003-05-16 03:00:00,20.42,1.495,,0.5,1.683
2003-05-16 04:00:00,11.73,2.094,,0.5,1.44
2003-05-16 05:00:00,21.73,2.141,,0.5,1.117
2003-05-16 06:00:00,10.0,2.517,,0.5,1.045
2003-05-16 07:00:00,1.894,3.49,,0.5,1.358
2003-05-16 08:00:00,23.76,8.782,,0.5,2.982
2003-05-16 09:00:00,64.22,16.27,,0.5,3.362
2003-05-16 10:00:00,69.84,18.01,,1.446,1.488
2003-05-16 11:00:00,54.34,12.26,,5.822,1.64
2003-05-16 12:00:00,49.09,9.21,,16.02,1.593
2003-05-16 13:00:00,45.06,8.3,,17.38,1.346
2003-05-16 14:00:00,29.61,5.839,,19.65,1.246
2003-05-16 15:00:00,44.19,11.01,,7.443,1.984
2003-05-16 16:00:00,57.0,12.73,,6.721,2.251
2003-05-16 17:00:00,45.18,13.15,,6.447,2.448
2003-05-16 18:00:00,35.86,17.07,,0.5,4.225
2003-05-16 19:00:00,87.24,24.3,,0.5,7.487
2003-05-16 20:00:00,122.2,24.72,,0.5,6.04
2003-05-16 21:00:00,110.0,19.93,,1.092,2.287
2003-05-16 22:00:00,84.6,12.21,,2.269,1.378
2003-05-16 23:00:00,76.32,13.07,,0.5,3.814
2003-05-17 00:00:00,79.02,17.9,,0.5,5.94
2003-05-17 01:00:00,79.82,12.95,,0.5,6.076
2003-05-17 02:00:00,95.33,12.42,,0.5,5.009
2003-05-17 03:00:00,82.85,8.731,,0.5,3.361
2003-05-17 04:00:00,62.78,7.42,,0.5,2.418
2003-05-17 05:00:00,44.23,6.078,,0.5,1.305
2003-05-17 06:00:00,14.52,3.311,,0.5,2.097
2003-05-17 07:00:00,35.59,2.401,,0.5,2.123
2003-05-17 08:00:00,61.12,3.696,,0.5,2.636
2003-05-17 09:00:00,47.04,9.001,,0.5,3.048
2003-05-17 10:00:00,57.54,7.399,,2.342,1.772
2003-05-17 11:00:00,47.23,10.8,,5.885,1.572
2003-05-17 12:00:00,53.73,9.628,,8.407,1.383
2003-05-17 13:00:00,62.66,4.89,,13.52,1.39
2003-05-17 14:00:00,34.25,1.576,,17.93,1.358
2003-05-17 15:00:00,37.26,0.65,,19.53,1.257
2003-05-17 16:00:00,29.46,0.65,,25.41,0.967
2003-05-17 17:00:00,21.4,0.65,,12.89,1.393
2003-05-17 18:00:00,26.36,2.335,,4.031,1.798
2003-05-17 19:00:00,33.7,2.465,,3.153,1.231
2003-05-17 20:00:00,57.86,1.619,,2.689,1.439
2003-05-17 21:00:00,52.18,0.65,,2.676,1.346
2003-05-17 22:00:00,43.06,0.65,,7.171,1.136
2003-05-17 23:00:00,54.5,0.65,,8.779,1.235
2003-05-18 00:00:00,35.07,0.65,,6.281,1.204
2003-05-18 01:00:00,19.53,4.499,,12.48,0.895
2003-05-18 02:00:00,22.68,4.697,,1.193,1.545
2003-05-18 03:00:00,20.56,5.051,,1.171,1.466
2003-05-18 04:00:00,36.27,5.269,,1.673,1.028
2003-05-18 05:00:00,29.58,6.173,,1.171,1.188
2003-05-18 06:00:00,11.92,9.725,,0.5,1.948
2003-05-18 07:00:00,21.31,9.629,,7.025,0.576
2003-05-18 08:00:00,29.87,8.861,,0.5,0.857
2003-05-18 09:00:00,33.31,9.529,,2.506,0.659
2003-05-18 10:00:00,41.42,7.294,,7.172,0.602
2003-05-18 11:00:00,40.62,4.067,,18.49,0.55
2003-05-18 12:00:00,38.87,3.154,,15.18,0.863
2003-05-18 13:00:00,45.99,2.073,,16.03,0.746
2003-05-18 14:00:00,26.06,1.89,,21.77,0.502
2003-05-18 15:00:00,18.25,1.454,,21.94,0.498
2003-05-18 16:00:00,14.01,0.65,,19.98,0.523
2003-05-18 17:00:00,5.816,0.65,,26.21,0.42
2003-05-18 18:00:00,5.152,1.831,,21.12,0.373
2003-05-18 19:00:00,,1.394,,9.037,0.7
2003-05-18 20:00:00,2.85,0.65,,23.5,0.385
2003-05-18 21:00:00,5.325,0.65,,22.81,0.366
2003-05-18 22:00:00,3.251,0.65,,23.57,0.383
2003-05-18 23:00:00,3.03,0.65,,26.59,0.317
2003-05-19 00:00:00,20.0,0.65,,20.53,0.413
2003-05-19 01:00:00,15.74,0.65,,22.1,0.401
2003-05-19 02:00:00,0.208,0.65,,36.2,0.283
2003-05-19 03:00:00,5.406,0.65,,37.01,0.362
2003-05-19 04:00:00,15.57,0.65,,37.48,0.289
2003-05-19 05:00:00,13.96,0.65,,37.17,0.37
2003-05-19 06:00:00,13.08,0.65,,31.9,0.317
2003-05-19 07:00:00,9.405,0.65,,27.58,0.323
2003-05-19 08:00:00,17.38,1.549,,16.45,0.497
2003-05-19 09:00:00,19.33,2.153,,15.17,0.707
2003-05-19 10:00:00,14.02,2.528,,21.53,0.601
2003-05-19 11:00:00,19.04,2.262,,15.59,0.814
2003-05-19 12:00:00,23.82,2.71,,22.04,0.549
2003-05-19 13:00:00,17.89,3.238,,25.77,0.516
2003-05-19 14:00:00,4.475,2.765,,31.62,0.461
2003-05-19 15:00:00,16.56,3.032,,32.83,0.426
2003-05-19 16:00:00,18.33,2.664,,29.89,0.44
2003-05-19 17:00:00,12.98,2.858,,28.26,0.441
2003-05-19 18:00:00,9.664,2.049,,23.41,0.663
2003-05-19 19:00:00,15.99,2.707,,19.92,0.848
2003-05-19 20:00:00,20.52,2.949,,19.46,0.701
2003-05-19 21:00:00,17.89,2.685,,19.87,0.635
2003-05-19 22:00:00,10.04,2.661,,23.59,0.486
2003-05-19 23:00:00,13.81,4.69,,24.34,0.503
2003-05-20 00:00:00,12.16,4.427,,24.92,1.076
2003-05-20 01:00:00,9.713,0.65,,29.53,0.243
2003-05-20 02:00:00,13.44,0.65,,29.46,0.168
2003-05-20 03:00:00,4.328,0.65,,25.79,0.192
2003-05-20 04:00:00,,0.65,,23.49,0.159
2003-05-20 05:00:00,0.149,0.65,,27.09,0.112
2003-05-20 06:00:00,9.069,0.65,,25.97,0.091
2003-05-20 07:00:00,7.868,0.65,,10.4,0.136
2003-05-20 08:00:00,13.92,0.65,,0.5,0.454
2003-05-20 09:00:00,25.0,1.619,,0.5,1.244
2003-05-20 10:00:00,31.2,7.446,,1.749,0.695
2003-05-20 11:00:00,37.42,7.376,,1.956,1.072
2003-05-20 12:00:00,47.85,9.043,,2.891,1.094
2003-05-20 13:00:00,73.19,27.42,,2.628,1.493
2003-05-20 14:00:00,48.58,8.813,,6.401,0.724
2003-05-20 15:00:00,40.36,9.745,,5.371,0.943
2003-05-20 16:00:00,50.94,9.437,,7.701,1.293
2003-05-20 17:00:00,31.81,12.27,,4.496,1.433
2003-05-20 18:00:00,27.52,13.51,,0.5,1.077
2003-05-20 19:00:00,39.63,10.64,,0.5,2.6
2003-05-20 20:00:00,69.72,14.51,,0.5,3.932
2003-05-20 21:00:00,79.37,18.19,,0.5,4.626
2003-05-20 22:00:00,74.35,9.654,,0.5,0.834
2003-05-20 23:00:00,70.43,8.894,,0.5,1.531
2003-05-21 00:00:00,62.0,10.27,,0.5,2.332
2003-05-21 01:00:00,51.66,9.089,,0.5,1.649
2003-05-21 02:00:00,45.16,6.894,,0.5,2.222
2003-05-21 03:00:00,52.16,6.455,,0.5,2.5
2003-05-21 04:00:00,49.53,6.044,,0.5,2.149
2003-05-21 05:00:00,43.3,4.483,,0.5,1.49
2003-05-21 06:00:00,45.51,3.243,,0.5,1.418
2003-05-21 07:00:00,37.51,4.335,,0.5,1.401
2003-05-21 08:00:00,44.71,7.707,,0.5,2.89
2003-05-21 09:00:00,69.65,16.79,,0.5,3.952
2003-05-21 10:00:00,85.49,31.55,,0.5,2.838
2003-05-21 11:00:00,59.8,22.98,,6.867,1.888
2003-05-21 12:00:00,44.12,15.22,,23.46,1.235
2003-05-21 13:00:00,62.6,10.94,,38.14,1.153
2003-05-21 14:00:00,55.87,10.48,,52.64,1.014
2003-05-21 16:00:00,66.21,1.81,,47.06,1.691
2003-05-21 17:00:00,71.25,1.852,,45.61,0.718
2003-05-21 18:00:00,64.61,1.394,,29.76,0.389
2003-05-21 19:00:00,41.85,0.65,,22.4,0.221
2003-05-21 20:00:00,23.08,0.65,,25.89,0.15
2003-05-21 21:00:00,33.68,0.65,,25.85,0.15
2003-05-21 22:00:00,29.67,0.65,,31.0,0.025
2003-05-21 23:00:00,27.91,0.65,,29.89,0.025
2003-05-22 00:00:00,33.03,0.65,,40.72,0.142
2003-05-22 01:00:00,28.09,0.65,,36.47,0.35
2003-05-22 02:00:00,21.85,0.65,,18.86,0.46
2003-05-22 03:00:00,27.29,0.65,,6.071,0.455
2003-05-22 04:00:00,24.9,0.65,,4.413,0.414
2003-05-22 05:00:00,21.3,0.65,,4.677,0.387
2003-05-22 06:00:00,19.2,1.566,,1.885,0.433
2003-05-22 07:00:00,11.79,3.192,,0.5,0.847
2003-05-22 08:00:00,30.79,12.58,,0.5,3.729
2003-05-22 09:00:00,60.8,25.03,,0.5,6.104
2003-05-22 10:00:00,69.96,24.02,,0.5,2.405
2003-05-22 11:00:00,63.82,24.73,,8.337,1.507
2003-05-22 12:00:00,60.98,13.6,,15.97,1.047
2003-05-22 13:00:00,57.66,11.58,,16.81,1.078
2003-05-22 14:00:00,43.44,11.38,,11.43,1.116
2003-05-22 15:00:00,43.89,13.64,,4.292,1.794
2003-05-22 16:00:00,45.62,,,,1.934
2003-05-22 17:00:00,50.62,11.73,,0.5,1.357
2003-05-22 18:00:00,53.94,19.89,,0.5,2.609
2003-05-22 19:00:00,73.99,9.163,,5.056,1.573
2003-05-22 20:00:00,51.46,8.468,,2.707,1.545
2003-05-22 21:00:00,14.04,7.689,,4.149,1.101
2003-05-22 22:00:00,12.51,8.126,,1.443,1.325
2003-05-22 23:00:00,10.94,8.131,,2.465,0.735
2003-05-23 00:00:00,14.14,6.627,,8.346,0.456
2003-05-23 01:00:00,13.82,0.65,,5.271,1.132
2003-05-23 02:00:00,6.898,0.65,,18.51,0.402
2003-05-23 03:00:00,,2.051,,18.73,0.346
2003-05-23 04:00:00,,6.033,,17.59,0.324
2003-05-23 05:00:00,10.26,9.125,,20.07,0.294
2003-05-23 06:00:00,14.6,8.52,,18.81,0.302
2003-05-23 07:00:00,4.831,1.485,,12.02,0.348
2003-05-23 08:00:00,8.743,4.939,,1.632,1.571
2003-05-23 09:00:00,19.41,6.293,,2.108,1.274
2003-05-23 10:00:00,19.28,15.74,,3.56,1.335
2003-05-23 11:00:00,13.43,34.92,,5.826,1.15
2003-05-23 12:00:00,10.99,21.55,,15.36,0.715
2003-05-23 13:00:00,7.873,47.69,,14.08,0.732
2003-05-23 14:00:00,19.97,43.52,,17.11,0.552
2003-05-23 15:00:00,15.88,44.62,,12.36,0.767
2003-05-23 16:00:00,9.027,28.72,,11.43,0.665
2003-05-23 17:00:00,13.21,36.8,,7.587,0.912
2003-05-23 18:00:00,4.585,51.75,,5.664,0.891
2003-05-23 19:00:00,,44.62,,1.408,2.047
2003-05-23 20:00:00,23.93,30.77,,0.5,1.622
2003-05-23 21:00:00,29.96,20.7,,1.442,1.568
2003-05-23 22:00:00,7.598,11.07,,11.43,0.746
2003-05-23 23:00:00,13.03,11.49,,12.89,0.832
2003-05-24 00:00:00,22.13,12.52,,5.608,0.673
2003-05-24 01:00:00,9.392,5.764,,11.37,0.631
2003-05-24 02:00:00,,4.925,,18.81,0.466
2003-05-24 03:00:00,3.332,1.87,,25.43,0.244
2003-05-24 04:00:00,8.14,0.65,,22.37,0.275
2003-05-24 05:00:00,4.609,7.647,,17.31,0.293
2003-05-24 06:00:00,5.53,16.63,,18.53,0.225
2003-05-24 07:00:00,5.602,12.1,,20.09,0.234
2003-05-24 08:00:00,2.761,24.45,,11.01,0.454
2003-05-24 09:00:00,13.53,32.88,,8.439,0.771
2003-05-24 10:00:00,16.51,28.92,,15.89,0.632
2003-05-24 11:00:00,17.54,26.41,,19.2,0.458
2003-05-24 12:00:00,10.8,22.24,,23.21,0.627
2003-05-24 13:00:00,8.868,25.69,,22.41,0.646
2003-05-24 14:00:00,16.53,23.78,,,0.69
2003-05-24 15:00:00,21.85,21.93,,,0.765
2003-05-24 16:00:00,27.36,26.17,,,0.748
2003-05-24 17:00:00,13.16,27.92,,,0.819
2003-05-24 18:00:00,0.009,30.75,,,1.037
2003-05-24 19:00:00,4.581,30.13,,,1.231
2003-05-24 20:00:00,8.099,24.82,,,0.982
2003-05-24 21:00:00,16.39,20.38,,,0.783
2003-05-24 22:00:00,20.77,20.04,,,0.674
2003-05-24 23:00:00,9.483,26.43,,,0.718
2003-05-25 00:00:00,4.863,26.69,,,0.57
2003-05-25 01:00:00,17.95,19.85,,,0.424
2003-05-25 02:00:00,18.38,18.52,,,0.26
2003-05-25 03:00:00,4.853,21.26,,,0.219
2003-05-25 04:00:00,0.196,17.69,,,0.176
2003-05-25 05:00:00,0.885,12.98,,,0.11
2003-05-25 06:00:00,2.686,23.77,,,0.12
2003-05-25 07:00:00,9.742,23.92,,,0.11
2003-05-25 08:00:00,9.842,20.71,,,0.106
2003-05-25 09:00:00,6.538,25.32,,,0.14
2003-05-25 10:00:00,15.82,36.73,,,0.098
2003-05-25 11:00:00,20.26,38.86,,,0.087
2003-05-25 12:00:00,14.59,31.4,,,0.134
2003-05-25 13:00:00,5.516,39.46,,,0.199
2003-05-25 14:00:00,5.442,29.32,,,0.24
2003-05-25 15:00:00,5.575,40.49,,,0.249
2003-05-25 16:00:00,12.26,58.37,,,0.324
2003-05-25 17:00:00,10.27,27.09,,,0.349
2003-05-25 18:00:00,0.009,17.96,,,0.394
2003-05-25 19:00:00,2.947,31.83,,,0.589
2003-05-25 20:00:00,14.56,34.48,,,0.6
2003-05-25 21:00:00,10.6,17.77,,,0.938
2003-05-25 22:00:00,10.92,13.98,,,1.059
2003-05-25 23:00:00,22.61,10.52,,,0.377
2003-05-26 00:00:00,19.56,8.872,,,0.267
2003-05-26 01:00:00,7.874,3.526,,,0.36
2003-05-26 02:00:00,0.874,1.76,,,0.212
2003-05-26 03:00:00,10.9,0.65,,,0.26
2003-05-26 04:00:00,9.45,1.537,,,0.227
2003-05-26 05:00:00,0.466,0.65,,,0.308
2003-05-26 06:00:00,2.429,0.65,,,0.27
2003-05-26 07:00:00,1.789,0.65,,,0.399
2003-05-26 08:00:00,5.238,0.65,,,1.103
2003-05-26 09:00:00,19.1,6.604,,,2.006
2003-05-26 10:00:00,38.55,8.007,,,1.411
2003-05-26 11:00:00,28.04,9.099,,,0.911
2003-05-26 12:00:00,4.736,16.27,,,0.964
2003-05-26 13:00:00,18.2,50.63,,,1.092
2003-05-26 14:00:00,23.67,49.0,,,0.848
2003-05-26 15:00:00,21.25,45.22,,,1.558
2003-05-26 16:00:00,27.05,53.06,,,1.884
2003-05-26 17:00:00,18.65,43.89,,,2.147
2003-05-26 18:00:00,14.2,19.34,,,2.705
2003-05-26 19:00:00,20.69,22.12,,,3.321
2003-05-26 20:00:00,28.57,18.45,,,4.131
2003-05-26 21:00:00,40.53,22.22,,,5.727
2003-05-26 22:00:00,77.78,24.34,,,7.345
2003-05-26 23:00:00,77.05,23.67,,,7.28
2003-05-27 00:00:00,72.14,23.5,,,7.574
2003-05-27 01:00:00,102.0,11.46,,,4.851
2003-05-27 02:00:00,77.84,7.24,,,3.747
2003-05-27 03:00:00,75.55,6.32,,,4.268
2003-05-27 04:00:00,73.87,4.847,,,3.178
2003-05-27 05:00:00,37.04,2.387,,,0.681
2003-05-27 06:00:00,12.46,2.036,,,0.534
2003-05-27 07:00:00,9.059,0.65,,,0.313
2003-05-27 08:00:00,32.28,3.967,,,1.326
2003-05-27 09:00:00,40.12,19.77,,,2.054
2003-05-27 10:00:00,35.29,29.69,,,1.176
2003-05-27 11:00:00,38.5,14.12,,,0.996
2003-05-27 12:00:00,19.52,16.42,,10.48,0.709
2003-05-27 13:00:00,6.708,6.092,,11.87,0.625
2003-05-27 14:00:00,18.35,10.82,,13.71,0.642
2003-05-27 15:00:00,15.33,20.77,,13.81,0.56
2003-05-27 16:00:00,8.437,47.89,,7.817,0.995
2003-05-27 17:00:00,21.26,39.71,,7.835,1.049
2003-05-27 18:00:00,15.29,22.29,,1.71,2.044
2003-05-27 19:00:00,18.71,15.39,,0.5,2.801
2003-05-27 20:00:00,49.71,37.41,,0.5,4.065
2003-05-27 21:00:00,77.58,16.16,,1.108,6.384
2003-05-27 22:00:00,102.8,15.0,,1.117,5.864
2003-05-27 23:00:00,113.3,12.69,,1.0,5.562
2003-05-28 00:00:00,103.3,11.22,,1.0,5.557
2003-05-28 01:00:00,102.6,9.951,,0.5,6.776
2003-05-28 02:00:00,91.65,3.431,,0.5,1.642
2003-05-28 03:00:00,43.53,1.472,,0.5,2.536
2003-05-28 04:00:00,33.95,0.65,,0.5,0.542
2003-05-28 05:00:00,28.78,0.65,,0.5,0.266
2003-05-28 06:00:00,12.5,0.65,,0.5,0.269
2003-05-28 07:00:00,28.24,0.65,,0.5,0.513
2003-05-28 08:00:00,28.57,0.65,,0.5,1.499
2003-05-28 09:00:00,27.55,0.65,,0.5,2.701
2003-05-28 10:00:00,38.17,0.65,,0.5,1.981
2003-05-28 11:00:00,42.82,10.41,,0.5,1.692
2003-05-28 12:00:00,33.76,26.49,,2.981,1.443
2003-05-28 13:00:00,21.36,29.32,,5.801,1.084
2003-05-28 14:00:00,24.87,25.23,,7.794,1.002
2003-05-28 15:00:00,15.99,29.61,,6.302,1.386
2003-05-28 16:00:00,21.25,50.86,,6.904,1.323
2003-05-28 17:00:00,36.46,39.08,,3.099,1.713
2003-05-28 18:00:00,35.48,11.06,,0.5,2.874
2003-05-28 19:00:00,41.08,12.04,,0.5,4.343
2003-05-28 20:00:00,43.33,10.32,,0.5,5.171
2003-05-28 21:00:00,58.18,10.35,,1.0,7.451
2003-05-28 22:00:00,97.65,12.63,,1.215,8.009
2003-05-28 23:00:00,123.2,17.09,,0.5,5.475
2003-05-29 00:00:00,104.7,11.3,,0.5,4.819
2003-05-29 01:00:00,93.16,10.27,,0.5,4.595
2003-05-29 02:00:00,98.55,7.325,,0.5,4.12
2003-05-29 03:00:00,74.3,5.474,,0.5,3.483
2003-05-29 04:00:00,62.4,2.453,,0.5,1.642
2003-05-29 05:00:00,55.67,0.65,,0.5,1.572
2003-05-29 06:00:00,37.57,0.65,,0.5,1.423
2003-05-29 07:00:00,55.12,0.65,,0.5,1.414
2003-05-29 08:00:00,79.29,0.65,,0.5,1.847
2003-05-29 09:00:00,78.24,11.89,,0.5,3.233
2003-05-29 10:00:00,77.24,27.08,,0.5,3.402
2003-05-29 11:00:00,90.82,46.88,,0.5,2.759
2003-05-29 12:00:00,111.9,40.84,,1.057,2.9
2003-05-29 13:00:00,87.43,29.59,,3.552,1.573
2003-05-29 14:00:00,50.81,23.57,,4.389,1.45
2003-05-29 15:00:00,50.85,26.2,,6.008,1.396
2003-05-29 16:00:00,47.7,21.33,,5.744,1.734
2003-05-29 17:00:00,36.67,27.54,,1.222,2.765
2003-05-29 18:00:00,40.43,23.23,,0.5,4.333
2003-05-29 19:00:00,70.12,22.08,,0.5,8.2
2003-05-29 20:00:00,121.4,23.93,,0.5,8.904
2003-05-29 21:00:00,163.6,23.81,,0.5,8.14
2003-05-29 22:00:00,150.3,23.03,,0.5,8.606
2003-05-29 23:00:00,150.3,20.85,,0.5,7.82
2003-05-30 00:00:00,178.2,22.2,,0.5,8.96
2003-05-30 01:00:00,148.0,9.449,,0.5,6.273
2003-05-30 02:00:00,137.0,7.71,,0.5,6.832
2003-05-30 03:00:00,131.9,6.454,,0.5,5.96
2003-05-30 04:00:00,109.9,3.308,,0.5,4.723
2003-05-30 05:00:00,89.32,1.434,,0.5,3.877
2003-05-30 06:00:00,74.88,0.65,,0.5,3.185
2003-05-30 07:00:00,93.21,0.65,,0.5,3.2
2003-05-30 08:00:00,88.75,0.65,,0.5,3.829
2003-05-30 09:00:00,81.61,2.957,,0.5,3.488
2003-05-30 10:00:00,76.83,14.68,,0.5,2.21
2003-05-30 11:00:00,55.22,32.2,,0.5,2.127
2003-05-30 12:00:00,57.63,28.08,,0.5,2.107
2003-05-30 13:00:00,55.38,20.18,,2.026,1.664
2003-05-30 14:00:00,58.91,15.29,,4.982,1.615
2003-05-30 15:00:00,59.25,1.531,,11.89,1.106
2003-05-30 16:00:00,38.5,0.65,,14.96,1.156
2003-05-30 17:00:00,17.55,0.65,,24.44,0.816
2003-05-30 18:00:00,30.79,9.621,,0.5,4.433
2003-05-30 19:00:00,83.57,12.11,,0.5,7.465
2003-05-30 20:00:00,109.8,13.6,,0.5,6.372
2003-05-30 21:00:00,107.6,8.69,,0.5,3.79
2003-05-30 22:00:00,73.36,0.65,,0.5,1.225
2003-05-30 23:00:00,47.21,0.65,,0.5,1.969
2003-05-31 00:00:00,49.42,0.65,,0.5,4.036
2003-05-31 01:00:00,67.67,6.258,,0.5,5.631
2003-05-31 02:00:00,87.62,6.95,,0.5,4.865
2003-05-31 03:00:00,70.6,3.924,,0.5,2.439
2003-05-31 04:00:00,55.29,2.421,,0.5,3.285
2003-05-31 05:00:00,53.42,2.252,,0.5,4.351
2003-05-31 06:00:00,41.19,1.493,,0.5,2.248
2003-05-31 07:00:00,29.98,0.65,,0.5,1.763
2003-05-31 08:00:00,38.85,5.644,,0.5,1.85
2003-05-31 09:00:00,54.62,24.5,,0.5,2.313
2003-05-31 10:00:00,58.42,22.81,,0.5,1.912
2003-05-31 11:00:00,57.12,26.02,,1.982,1.78
2003-05-31 12:00:00,36.31,22.88,,5.976,1.732
2003-05-31 13:00:00,36.28,16.21,,15.0,1.67
2003-05-31 14:00:00,38.04,40.24,,11.13,1.573
2003-05-31 15:00:00,35.95,41.2,,9.116,1.686
2003-05-31 16:00:00,30.47,43.16,,8.669,2.011
2003-05-31 17:00:00,37.29,21.61,,6.088,2.289
2003-05-31 18:00:00,46.66,9.969,,0.5,3.007
2003-05-31 19:00:00,59.1,12.23,,0.5,5.809
2003-05-31 20:00:00,73.9,14.58,,0.5,7.85
2003-05-31 21:00:00,99.81,14.64,,0.5,6.597
2003-05-31 22:00:00,119.2,16.86,,0.5,8.303
2003-05-31 23:00:00,131.0,17.81,,0.5,7.871
2003-06-01 00:00:00,128.3,17.26,,0.5,7.967
2003-06-01 01:00:00,115.8,8.469,,0.5,5.415
2003-06-01 02:00:00,112.6,7.783,,0.5,6.772
2003-06-01 03:00:00,121.1,7.665,,0.5,7.353
2003-06-01 04:00:00,131.4,6.86,,0.5,5.893
2003-06-01 05:00:00,107.2,4.922,,0.5,3.464
2003-06-01 06:00:00,90.88,3.164,,0.5,3.163
2003-06-01 07:00:00,94.35,3.235,,0.5,3.357
2003-06-01 08:00:00,87.81,1.411,,0.5,1.295
2003-06-01 09:00:00,55.44,1.879,,0.5,0.674
2003-06-01 10:00:00,35.99,0.65,,0.5,0.716
2003-06-01 11:00:00,49.24,0.65,,0.5,0.911
2003-06-01 12:00:00,31.04,0.65,,1.486,1.076
2003-06-01 13:00:00,19.76,0.65,,2.731,1.121
2003-06-01 14:00:00,27.08,0.65,,2.653,1.269
2003-06-01 15:00:00,22.14,0.65,,2.546,0.92
2003-06-01 16:00:00,21.64,0.65,,1.197,0.993
2003-06-01 17:00:00,22.38,0.65,,0.5,1.001
2003-06-01 18:00:00,27.87,0.65,,0.5,1.322
2003-06-01 19:00:00,31.73,0.65,,0.5,2.924
2003-06-01 20:00:00,39.91,0.65,,0.5,4.254
2003-06-01 21:00:00,48.71,0.65,,0.5,4.993
2003-06-01 22:00:00,57.69,1.667,,0.5,5.607
2003-06-01 23:00:00,72.83,3.229,,0.5,6.27
2003-06-02 00:00:00,76.83,6.63,,0.5,6.735
2003-06-02 01:00:00,69.96,6.431,,0.5,6.32
2003-06-02 02:00:00,60.28,7.235,,0.5,5.406
2003-06-02 03:00:00,44.3,5.888,,0.5,4.929
2003-06-02 04:00:00,45.26,3.947,,0.5,3.536
2003-06-02 05:00:00,49.5,2.29,,0.5,3.39
2003-06-02 06:00:00,38.16,0.65,,0.5,2.294
2003-06-02 07:00:00,28.58,0.65,,0.5,2.003
2003-06-02 08:00:00,38.02,0.65,,0.5,4.238
2003-06-02 09:00:00,76.03,5.07,,0.5,9.473
2003-06-02 10:00:00,94.52,9.967,,0.5,4.641
2003-06-02 11:00:00,67.59,20.12,,0.5,1.666
2003-06-02 12:00:00,48.01,20.19,,0.5,1.777
2003-06-02 13:00:00,37.4,10.93,,3.354,1.428
2003-06-02 14:00:00,28.45,17.77,,2.693,1.858
2003-06-02 15:00:00,25.82,13.17,,1.607,2.287
2003-06-02 16:00:00,32.04,10.85,,0.5,2.921
2003-06-02 17:00:00,38.57,0.65,,13.32,0.715
2003-06-02 18:00:00,17.44,0.65,,11.72,0.657
2003-06-02 19:00:00,8.234,2.293,,12.4,0.635
2003-06-02 20:00:00,32.96,1.992,,10.17,0.61
2003-06-02 21:00:00,25.74,1.47,,12.11,0.676
2003-06-02 22:00:00,26.43,0.65,,21.17,0.287
2003-06-02 23:00:00,24.18,0.65,,16.87,0.236
2003-06-03 00:00:00,12.67,0.65,,14.08,0.422
2003-06-03 01:00:00,8.8,1.392,,13.82,0.401
2003-06-03 02:00:00,1.64,0.65,,17.84,0.345
2003-06-03 03:00:00,1.455,0.65,,18.03,0.436
2003-06-03 04:00:00,3.208,0.65,,18.31,0.473
2003-06-03 05:00:00,2.858,0.65,,23.62,0.362
2003-06-03 06:00:00,0.009,0.65,,39.23,0.251
2003-06-03 07:00:00,,0.65,,40.94,0.288
2003-06-03 08:00:00,,0.65,,32.71,0.408
2003-06-03 09:00:00,,0.65,,29.65,0.602
2003-06-03 10:00:00,,0.65,,31.52,0.508
2003-06-03 11:00:00,1.533,0.65,,32.95,0.504
2003-06-03 12:00:00,1.357,0.65,,38.05,0.575
2003-06-03 13:00:00,,0.65,,38.24,0.443
2003-06-03 14:00:00,13.62,0.65,,30.56,0.584
2003-06-03 15:00:00,12.11,0.65,,35.81,0.509
2003-06-03 16:00:00,,0.65,,32.88,0.545
2003-06-03 17:00:00,1.831,0.65,,38.47,0.389
2003-06-03 18:00:00,1.634,0.65,,30.85,0.501
2003-06-03 19:00:00,,0.65,,21.45,1.012
2003-06-03 20:00:00,3.422,0.65,,25.58,0.757
2003-06-03 21:00:00,16.97,0.65,,27.63,0.469
2003-06-03 22:00:00,16.54,0.65,,19.08,0.485
2003-06-03 23:00:00,15.82,0.65,,26.98,0.438
2003-06-04 00:00:00,10.88,0.65,,25.98,0.355
2003-06-04 01:00:00,9.969,0.65,,46.99,0.179
2003-06-04 02:00:00,8.871,0.65,,39.21,0.214
2003-06-04 03:00:00,3.885,0.65,,23.44,0.28
2003-06-04 04:00:00,3.554,0.65,,31.92,0.187
2003-06-04 05:00:00,4.542,0.65,,30.0,0.23
2003-06-04 06:00:00,7.553,0.65,,27.67,0.238
2003-06-04 07:00:00,6.015,0.65,,24.99,0.269
2003-06-04 08:00:00,2.541,0.65,,15.97,0.351
2003-06-04 09:00:00,8.392,0.65,,14.76,0.636
2003-06-04 10:00:00,7.486,0.65,,21.4,0.419
2003-06-04 11:00:00,1.421,0.65,,32.63,0.278
2003-06-04 12:00:00,6.085,0.65,,34.37,0.329
2003-06-04 13:00:00,4.311,0.65,,36.47,0.205
2003-06-04 14:00:00,10.06,0.65,,32.29,0.302
2003-06-04 15:00:00,9.003,0.65,,32.77,0.262
2003-06-04 16:00:00,,0.65,,32.12,0.385
2003-06-04 17:00:00,,0.65,,20.86,0.426
2003-06-04 18:00:00,,0.65,,7.74,0.65
2003-06-04 19:00:00,,0.65,,3.121,0.776
2003-06-04 20:00:00,14.63,0.65,,2.542,0.822
2003-06-04 21:00:00,21.65,0.65,,7.227,0.534
2003-06-04 22:00:00,16.65,0.65,,13.55,0.401
2003-06-04 23:00:00,7.962,0.65,,24.32,0.265
2003-06-05 00:00:00,0.96,0.65,,8.515,0.409
2003-06-05 01:00:00,6.414,0.65,,29.86,0.204
2003-06-05 02:00:00,10.68,0.65,,38.09,0.146
2003-06-05 03:00:00,5.129,0.65,,36.19,0.109
2003-06-05 04:00:00,,0.65,,34.71,0.114
2003-06-05 05:00:00,1.525,0.65,,34.63,0.1
2003-06-05 06:00:00,1.361,0.65,,34.14,0.092
2003-06-05 07:00:00,,0.65,,25.97,0.128
2003-06-05 08:00:00,,0.65,,8.357,0.365
2003-06-05 09:00:00,6.249,0.65,,4.482,0.593
2003-06-05 10:00:00,14.71,0.65,,2.202,0.677
2003-06-05 11:00:00,20.52,1.469,,4.966,0.726
2003-06-05 12:00:00,17.18,1.666,,3.307,0.951
2003-06-05 13:00:00,14.42,1.951,,5.913,0.711
2003-06-05 14:00:00,15.76,3.46,,5.604,0.925
2003-06-05 15:00:00,18.74,3.069,,5.151,0.89
2003-06-05 16:00:00,16.13,3.832,,5.643,0.93
2003-06-05 17:00:00,13.38,2.164,,8.051,0.519
2003-06-05 18:00:00,7.472,2.494,,1.68,0.865
2003-06-05 19:00:00,13.01,4.924,,0.5,1.72
2003-06-05 20:00:00,33.6,7.582,,0.5,2.224
2003-06-05 21:00:00,46.53,7.726,,0.5,2.305
2003-06-05 22:00:00,50.54,10.18,,0.5,2.613
2003-06-05 23:00:00,51.48,12.52,,0.5,2.447
2003-06-06 00:00:00,36.48,15.65,,0.5,1.392
2003-06-06 01:00:00,19.12,7.967,,0.5,0.965
2003-06-06 02:00:00,22.31,4.955,,1.147,0.397
2003-06-06 03:00:00,13.05,4.221,,1.782,0.316
2003-06-06 04:00:00,9.004,7.614,,2.558,0.23
2003-06-06 05:00:00,17.72,12.23,,2.882,0.341
2003-06-06 06:00:00,8.626,11.24,,2.168,0.324
2003-06-06 07:00:00,4.722,13.98,,1.601,0.364
2003-06-06 08:00:00,23.15,24.4,,0.5,1.74
2003-06-06 09:00:00,33.07,38.72,,0.5,1.847
2003-06-06 10:00:00,42.67,34.42,,1.279,1.366
2003-06-06 11:00:00,45.3,57.65,,5.511,1.195
2003-06-06 12:00:00,23.33,49.96,,3.96,1.337
2003-06-06 13:00:00,12.12,47.32,,6.767,0.95
2003-06-06 14:00:00,17.15,52.5,,8.951,0.894
2003-06-06 15:00:00,22.97,28.92,,9.556,1.018
2003-06-06 16:00:00,15.66,17.91,,8.128,1.103
2003-06-06 17:00:00,13.43,1.418,,14.56,0.28
2003-06-06 18:00:00,12.77,0.65,,3.399,0.402
2003-06-06 19:00:00,20.34,0.65,,0.5,0.792
2003-06-06 20:00:00,27.55,0.65,,0.5,1.07
2003-06-06 21:00:00,25.14,0.65,,0.5,1.975
2003-06-06 22:00:00,32.64,4.327,,1.0,3.275
2003-06-06 23:00:00,52.35,4.126,,1.011,3.058
2003-06-07 00:00:00,73.88,7.807,,1.167,5.026
2003-06-07 01:00:00,69.05,5.783,,0.5,3.186
2003-06-07 02:00:00,46.45,4.58,,0.5,3.773
2003-06-07 03:00:00,45.41,3.676,,0.5,1.861
2003-06-07 04:00:00,25.27,0.65,,0.5,1.475
2003-06-07 05:00:00,1.433,0.65,,0.5,1.262
2003-06-07 06:00:00,5.124,0.65,,0.5,1.017
2003-06-07 07:00:00,13.03,0.65,,0.5,1.079
2003-06-07 08:00:00,19.88,0.65,,2.59,0.719
2003-06-07 09:00:00,21.71,0.65,,8.028,0.471
2003-06-07 10:00:00,23.9,0.65,,21.25,0.313
2003-06-07 11:00:00,17.98,0.65,,31.56,0.325
2003-06-07 12:00:00,14.06,0.65,,31.81,0.552
2003-06-07 13:00:00,22.71,0.65,,30.94,0.708
2003-06-07 14:00:00,22.55,0.65,,38.87,0.519
2003-06-07 15:00:00,9.023,0.65,,36.05,0.518
2003-06-07 16:00:00,1.944,0.65,,40.87,0.513
2003-06-07 17:00:00,23.62,0.65,,42.76,0.392
2003-06-07 18:00:00,20.07,0.65,,30.51,0.501
2003-06-07 19:00:00,,0.65,,32.26,0.547
2003-06-07 20:00:00,18.48,0.65,,22.04,0.606
2003-06-07 21:00:00,16.58,0.65,,14.27,0.635
2003-06-07 22:00:00,17.71,0.65,,9.947,0.904
2003-06-07 23:00:00,44.52,0.65,,3.542,0.868
2003-06-08 00:00:00,42.22,0.65,,4.006,0.892
2003-06-08 01:00:00,39.51,0.65,,3.001,1.177
2003-06-08 02:00:00,29.44,0.65,,9.61,0.754
2003-06-08 03:00:00,13.94,0.65,,7.985,0.883
2003-06-08 04:00:00,7.597,0.65,,11.72,0.728
2003-06-08 05:00:00,1.012,0.65,,20.88,0.461
2003-06-08 06:00:00,0.09,0.65,,12.67,0.406
2003-06-08 07:00:00,2.432,0.65,,6.93,0.691
2003-06-08 08:00:00,18.51,0.65,,3.738,0.702
2003-06-08 09:00:00,16.02,0.65,,9.932,0.576
2003-06-08 10:00:00,4.276,0.65,,18.23,0.509
2003-06-08 11:00:00,11.88,0.65,,27.03,0.347
2003-06-08 12:00:00,16.36,0.65,,31.15,0.352
2003-06-08 13:00:00,7.277,0.65,,31.06,0.467
2003-06-08 14:00:00,9.702,0.65,,31.56,0.387
2003-06-08 15:00:00,8.752,0.65,,32.52,0.42
2003-06-08 16:00:00,9.601,0.65,,32.28,0.38
2003-06-08 17:00:00,9.864,0.65,,28.24,0.679
2003-06-08 18:00:00,1.116,0.65,,19.1,0.761
2003-06-08 19:00:00,7.438,0.65,,15.32,0.731
2003-06-08 20:00:00,10.27,0.65,,10.0,0.813
2003-06-08 21:00:00,4.617,0.65,,15.86,0.61
2003-06-08 22:00:00,10.66,0.65,,19.75,0.577
2003-06-08 23:00:00,17.42,0.65,,19.21,0.538
2003-06-09 00:00:00,19.82,0.65,,25.86,0.386
2003-06-09 01:00:00,10.5,0.65,,23.84,0.384
2003-06-09 02:00:00,,0.65,,29.98,0.346
2003-06-09 03:00:00,14.3,0.65,,33.31,0.31
2003-06-09 04:00:00,12.73,0.65,,31.98,0.303
2003-06-09 05:00:00,0.792,0.65,,31.54,0.3
2003-06-09 06:00:00,0.706,0.65,,30.86,0.294
2003-06-09 07:00:00,,0.65,,28.78,0.606
2003-06-09 08:00:00,6.333,0.65,,17.11,0.618
2003-06-09 09:00:00,5.677,0.65,,11.73,0.875
2003-06-09 10:00:00,14.56,0.65,,19.0,0.641
2003-06-09 11:00:00,32.13,0.65,,19.21,0.62
2003-06-09 12:00:00,17.01,0.65,,21.12,0.579
2003-06-09 13:00:00,0.011,1.504,,21.05,0.643
2003-06-09 14:00:00,7.772,1.533,,20.95,0.723
2003-06-09 15:00:00,16.35,1.634,,21.72,0.61
2003-06-09 16:00:00,19.38,0.65,,13.94,0.788
2003-06-09 17:00:00,17.24,0.65,,9.922,0.779
2003-06-09 18:00:00,11.65,0.65,,3.806,0.884
2003-06-09 19:00:00,20.59,0.65,,0.5,1.253
2003-06-09 20:00:00,22.72,0.65,,0.5,1.306
2003-06-09 21:00:00,28.82,0.65,,0.5,2.143
2003-06-09 22:00:00,34.94,0.65,,0.5,2.226
2003-06-09 23:00:00,18.73,0.65,,0.5,1.658
2003-06-10 00:00:00,17.34,0.65,,0.5,1.71
2003-06-10 01:00:00,29.55,3.058,,0.5,1.624
2003-06-10 02:00:00,20.09,3.032,,0.5,1.659
2003-06-10 03:00:00,27.46,2.354,,0.5,1.452
2003-06-10 04:00:00,28.16,2.424,,0.5,1.407
2003-06-10 05:00:00,27.34,3.118,,0.5,1.549
2003-06-10 06:00:00,23.22,2.33,,0.5,1.216
2003-06-10 07:00:00,15.3,3.948,,0.5,1.441
2003-06-10 08:00:00,31.83,6.204,,0.5,2.814
2003-06-10 09:00:00,33.29,13.39,,0.5,4.512
2003-06-10 10:00:00,56.32,21.59,,0.5,5.286
2003-06-10 11:00:00,80.65,28.58,,0.5,4.151
2003-06-10 12:00:00,66.63,26.17,,0.5,5.186
2003-06-10 13:00:00,85.9,27.65,,0.5,4.618
2003-06-10 14:00:00,83.26,17.22,,1.071,2.056
2003-06-10 15:00:00,48.99,11.43,,3.185,1.884
2003-06-10 16:00:00,36.42,6.487,,2.872,1.958
2003-06-10 17:00:00,33.77,5.003,,1.692,2.473
2003-06-10 18:00:00,33.17,4.896,,0.5,1.226
2003-06-10 19:00:00,31.35,4.421,,0.5,1.538
2003-06-10 20:00:00,22.3,3.835,,0.5,1.498
2003-06-10 21:00:00,31.47,3.865,,0.5,2.244
2003-06-10 22:00:00,33.75,5.228,,0.5,2.884
2003-06-10 23:00:00,38.32,7.786,,0.5,2.25
2003-06-11 00:00:00,33.71,9.501,,0.5,2.578
2003-06-11 01:00:00,25.46,0.65,,5.051,0.585
2003-06-11 02:00:00,24.58,0.65,,20.42,0.308
2003-06-11 03:00:00,7.664,0.65,,11.57,0.457
2003-06-11 04:00:00,0.711,0.65,,5.464,0.427
2003-06-11 05:00:00,0.628,0.65,,10.69,0.272
2003-06-11 06:00:00,,0.65,,7.751,0.301
2003-06-11 07:00:00,,0.65,,2.822,0.593
2003-06-11 08:00:00,10.11,0.65,,0.5,2.076
2003-06-11 09:00:00,32.93,7.411,,0.5,2.576
2003-06-11 10:00:00,38.56,21.3,,0.5,1.36
2003-06-11 11:00:00,23.65,33.73,,1.535,1.369
2003-06-11 12:00:00,22.81,13.78,,3.49,1.073
2003-06-11 13:00:00,23.21,10.92,,4.773,1.066
2003-06-11 14:00:00,13.67,15.97,,2.728,1.278
2003-06-11 15:00:00,9.113,39.31,,1.974,1.514
2003-06-11 16:00:00,26.57,63.94,,1.854,1.426
2003-06-11 17:00:00,12.15,47.39,,1.089,1.969
2003-06-11 18:00:00,,37.96,,0.5,2.298
2003-06-11 19:00:00,10.35,19.22,,0.5,2.079
2003-06-11 20:00:00,24.74,27.79,,0.5,1.941
2003-06-11 21:00:00,41.96,29.16,,0.5,1.412
2003-06-11 22:00:00,10.82,17.14,,1.233,0.868
2003-06-11 23:00:00,,7.35,,0.5,1.177
2003-06-12 00:00:00,14.87,,,0.5,1.043
2003-06-12 01:00:00,21.82,2.656,,0.5,0.838
2003-06-12 02:00:00,,0.65,,0.5,0.583
2003-06-12 03:00:00,14.39,0.65,,0.5,0.584
2003-06-12 04:00:00,,0.65,,0.5,1.655
2003-06-12 05:00:00,13.38,0.65,,0.5,0.739
2003-06-12 06:00:00,,0.65,,0.5,0.803
2003-06-12 07:00:00,16.89,0.65,,0.5,0.597
2003-06-12 08:00:00,9.65,0.65,,0.5,2.544
2003-06-12 09:00:00,53.23,0.65,,0.5,1.195
2003-06-12 10:00:00,18.76,0.65,,9.839,0.545
2003-06-12 11:00:00,16.69,0.65,,8.911,0.588
2003-06-12 12:00:00,7.84,0.65,,17.18,0.474
2003-06-12 13:00:00,1.6,0.65,,22.63,0.484
2003-06-12 14:00:00,5.68,0.65,,20.12,0.585
2003-06-12 15:00:00,18.88,0.65,,24.01,0.521
2003-06-12 16:00:00,15.47,0.65,,25.97,0.371
2003-06-12 17:00:00,10.57,0.65,,16.72,0.492
2003-06-12 18:00:00,2.914,0.65,,13.4,0.598
2003-06-12 19:00:00,5.565,0.65,,9.253,0.672
2003-06-12 20:00:00,15.63,0.65,,16.71,0.488
2003-06-12 21:00:00,11.97,0.65,,7.66,0.667
2003-06-12 22:00:00,17.3,0.65,,2.287,1.398
2003-06-12 23:00:00,31.86,0.65,,0.5,1.99
2003-06-13 00:00:00,18.61,0.65,,7.783,0.813
2003-06-13 01:00:00,8.753,1.633,,8.861,0.363
2003-06-13 02:00:00,8.48,1.868,,15.07,0.268
2003-06-13 03:00:00,23.71,1.383,,14.92,0.201
2003-06-13 04:00:00,19.41,1.864,,15.33,0.257
2003-06-13 05:00:00,,1.418,,13.68,0.21
2003-06-13 06:00:00,,1.787,,6.674,0.217
2003-06-13 07:00:00,2.179,2.04,,0.5,0.277
2003-06-13 08:00:00,15.13,5.698,,0.5,1.714
2003-06-13 09:00:00,31.31,14.96,,0.5,2.093
2003-06-13 10:00:00,25.5,17.82,,0.5,1.101
2003-06-13 11:00:00,29.55,24.16,,1.637,1.106
2003-06-13 12:00:00,35.46,31.17,,1.326,1.41
2003-06-13 13:00:00,29.5,35.45,,2.696,0.995
2003-06-13 14:00:00,27.5,50.14,,3.34,1.257
2003-06-13 15:00:00,51.35,65.65,,4.068,1.161
2003-06-13 16:00:00,41.38,28.73,,1.448,1.539
2003-06-13 17:00:00,12.48,25.41,,0.5,1.923
2003-06-13 18:00:00,11.47,14.56,,3.331,0.494
2003-06-13 19:00:00,6.259,11.21,,5.003,0.593
2003-06-13 20:00:00,11.36,8.594,,12.71,0.414
2003-06-13 21:00:00,19.49,6.852,,19.46,0.255
2003-06-13 22:00:00,16.78,5.82,,25.44,0.134
2003-06-13 23:00:00,6.508,5.65,,21.12,0.159
2003-06-14 00:00:00,7.3,4.535,,20.01,0.317
2003-06-14 01:00:00,12.26,1.464,,23.26,0.451
2003-06-14 02:00:00,8.72,0.65,,21.9,0.539
2003-06-14 03:00:00,4.464,0.65,,30.05,0.385
2003-06-14 04:00:00,9.348,0.65,,37.6,0.293
2003-06-14 05:00:00,7.486,0.65,,34.8,0.279
2003-06-14 06:00:00,,0.65,,32.18,0.257
2003-06-14 07:00:00,2.862,0.65,,19.46,0.268
2003-06-14 08:00:00,4.061,0.65,,19.5,0.378
2003-06-14 09:00:00,12.69,0.65,,23.32,0.298
2003-06-14 10:00:00,22.73,0.65,,25.01,0.368
2003-06-14 11:00:00,11.32,0.65,,28.16,0.285
2003-06-14 12:00:00,2.21,0.65,,27.59,0.469
2003-06-14 13:00:00,8.194,0.65,,27.58,0.488
2003-06-14 14:00:00,12.61,0.65,,29.61,0.417
2003-06-14 15:00:00,15.16,0.65,,30.83,0.4
2003-06-14 16:00:00,12.09,0.65,,27.59,0.51
2003-06-14 17:00:00,8.171,0.65,,19.23,0.708
2003-06-14 18:00:00,5.549,0.65,,14.51,0.795
2003-06-14 19:00:00,6.965,0.65,,16.08,0.907
2003-06-14 20:00:00,13.14,0.65,,22.99,0.795
2003-06-14 21:00:00,25.49,0.65,,18.67,0.756
2003-06-14 22:00:00,18.92,0.65,,17.96,0.688
2003-06-14 23:00:00,8.414,0.65,,7.868,0.906
2003-06-15 00:00:00,12.8,0.65,,6.66,0.737
2003-06-15 01:00:00,9.403,0.65,,2.61,1.145
2003-06-15 02:00:00,13.27,3.035,,0.5,2.2
2003-06-15 03:00:00,21.69,4.219,,0.5,2.621
2003-06-15 04:00:00,24.0,7.408,,0.5,4.934
2003-06-15 05:00:00,19.0,8.25,,0.5,3.034
2003-06-15 06:00:00,7.932,7.261,,0.5,1.383
2003-06-15 07:00:00,1.758,6.861,,0.5,1.638
2003-06-15 08:00:00,21.25,6.743,,0.5,1.771
2003-06-15 09:00:00,22.69,8.823,,0.5,1.767
2003-06-15 10:00:00,18.8,9.847,,1.503,1.416
2003-06-15 11:00:00,38.94,16.6,,9.842,0.809
2003-06-15 12:00:00,22.71,16.08,,13.03,0.946
2003-06-15 13:00:00,33.01,10.15,,18.39,0.907
2003-06-15 14:00:00,38.35,8.003,,18.23,0.692
2003-06-15 15:00:00,15.28,6.346,,16.66,0.693
2003-06-15 16:00:00,22.13,6.841,,8.757,1.178
2003-06-15 17:00:00,29.2,7.632,,3.432,1.138
2003-06-15 18:00:00,26.2,7.233,,0.5,1.426
2003-06-15 19:00:00,35.97,10.93,,0.5,4.232
2003-06-15 20:00:00,39.77,16.6,,0.5,4.631
2003-06-15 21:00:00,48.1,19.45,,0.5,6.87
2003-06-15 22:00:00,80.45,21.74,,0.5,7.886
2003-06-15 23:00:00,89.12,25.39,,0.5,7.776
2003-06-16 00:00:00,72.69,27.97,,0.5,5.529
2003-06-16 01:00:00,69.96,6.256,,0.5,5.052
2003-06-16 02:00:00,39.79,3.178,,0.5,3.009
2003-06-16 03:00:00,52.54,0.65,,0.5,2.538
2003-06-16 04:00:00,43.63,0.65,,0.5,1.981
2003-06-16 05:00:00,17.04,0.65,,9.939,0.443
2003-06-16 06:00:00,15.42,0.65,,15.32,0.339
2003-06-16 07:00:00,,0.65,,16.64,0.369
2003-06-16 08:00:00,6.323,0.65,,7.029,0.381
2003-06-16 09:00:00,19.32,0.65,,3.682,0.461
2003-06-16 10:00:00,26.45,0.65,,6.109,0.359
2003-06-16 11:00:00,12.73,0.65,,9.863,0.318
2003-06-16 12:00:00,17.67,0.65,,13.61,0.379
2003-06-16 13:00:00,20.96,0.65,,15.44,0.312
2003-06-16 14:00:00,12.62,0.65,,19.34,0.285
2003-06-16 15:00:00,12.18,0.65,,17.67,0.357
2003-06-16 16:00:00,26.95,0.65,,14.15,0.323
2003-06-16 17:00:00,34.69,0.65,,11.31,0.446
2003-06-16 18:00:00,20.43,0.65,,11.22,0.599
2003-06-16 19:00:00,22.59,0.65,,3.046,1.096
2003-06-16 20:00:00,19.54,0.65,,2.654,0.706
2003-06-16 21:00:00,7.096,0.65,,1.409,1.673
2003-06-16 22:00:00,7.6,0.65,,0.5,0.891
2003-06-16 23:00:00,18.49,0.65,,0.5,0.808
2003-06-17 00:00:00,14.44,0.65,,0.5,0.533
2003-06-17 01:00:00,5.957,4.82,,0.5,0.572
2003-06-17 02:00:00,3.418,2.651,,4.363,0.428
2003-06-17 03:00:00,14.63,2.238,,2.067,0.471
2003-06-17 04:00:00,19.59,1.783,,1.346,0.799
2003-06-17 05:00:00,14.43,0.65,,3.324,0.664
2003-06-17 06:00:00,7.697,0.65,,5.321,0.526
2003-06-17 07:00:00,4.011,0.65,,2.496,0.487
2003-06-17 08:00:00,8.406,0.65,,1.314,0.788
2003-06-17 09:00:00,6.026,1.354,,1.263,1.079
2003-06-17 10:00:00,16.67,1.407,,4.866,0.781
2003-06-17 11:00:00,20.57,3.286,,8.043,0.699
2003-06-17 12:00:00,21.96,1.796,,8.154,0.694
2003-06-17 13:00:00,23.57,1.587,,13.65,0.58
2003-06-17 14:00:00,13.99,1.329,,17.09,0.587
2003-06-17 15:00:00,4.878,1.529,,12.37,0.653
2003-06-17 16:00:00,19.0,1.626,,12.65,0.523
2003-06-17 17:00:00,27.9,1.726,,7.91,0.63
2003-06-17 18:00:00,9.661,1.633,,7.858,0.624
2003-06-17 19:00:00,,1.647,,2.997,0.705
2003-06-17 20:00:00,20.13,1.719,,0.5,0.798
2003-06-17 21:00:00,31.7,2.517,,0.5,0.831
2003-06-17 22:00:00,17.16,2.404,,2.336,0.722
2003-06-17 23:00:00,16.68,2.292,,5.565,0.657
2003-06-18 00:00:00,25.42,1.791,,8.972,0.564
2003-06-18 01:00:00,17.88,0.65,,18.46,0.383
2003-06-18 02:00:00,16.26,0.65,,21.03,0.255
2003-06-18 03:00:00,13.56,0.65,,23.39,0.168
2003-06-18 04:00:00,7.35,0.65,,27.46,0.195
2003-06-18 05:00:00,9.569,0.65,,31.23,0.156
2003-06-18 06:00:00,4.854,0.65,,27.34,0.207
2003-06-18 07:00:00,,0.65,,23.3,0.293
2003-06-18 08:00:00,,0.65,,10.96,0.397
2003-06-18 09:00:00,8.703,0.65,,9.256,0.373
2003-06-18 10:00:00,11.44,0.65,,12.24,0.327
2003-06-18 11:00:00,11.94,0.65,,9.854,0.346
2003-06-18 12:00:00,10.22,0.65,,13.43,0.466
2003-06-18 13:00:00,18.38,0.65,,12.52,0.412
2003-06-18 14:00:00,31.75,0.65,,11.16,0.398
2003-06-18 15:00:00,24.59,0.65,,6.507,0.473
2003-06-18 16:00:00,8.117,0.65,,6.133,0.412
2003-06-18 17:00:00,,0.65,,3.389,0.46
2003-06-18 18:00:00,,1.315,,1.985,0.647
2003-06-18 19:00:00,0.831,0.65,,3.234,0.728
2003-06-18 20:00:00,0.748,0.65,,0.5,0.758
2003-06-18 21:00:00,13.72,1.519,,0.5,0.931
2003-06-18 22:00:00,13.12,0.65,,0.5,0.656
2003-06-18 23:00:00,7.631,1.593,,3.908,0.794
2003-06-19 00:00:00,17.0,0.65,,6.219,0.447
2003-06-19 01:00:00,9.685,0.65,,6.126,0.514
2003-06-19 02:00:00,1.307,0.65,,2.422,0.887
2003-06-19 03:00:00,6.876,0.65,,0.5,0.719
2003-06-19 04:00:00,5.673,0.65,,0.5,0.718
2003-06-19 05:00:00,11.07,0.65,,0.5,0.888
2003-06-19 06:00:00,9.436,0.65,,0.5,0.981
2003-06-19 07:00:00,0.374,1.832,,0.5,0.999
2003-06-19 08:00:00,8.505,6.208,,0.5,1.002
2003-06-19 09:00:00,27.2,13.81,,1.833,0.883
2003-06-19 10:00:00,27.73,30.3,,4.853,0.696
2003-06-19 11:00:00,15.78,46.25,,6.139,0.501
2003-06-19 12:00:00,6.157,23.94,,7.04,0.655
2003-06-19 13:00:00,,20.89,,8.076,0.658
2003-06-19 14:00:00,0.698,11.77,,12.34,0.547
2003-06-19 15:00:00,0.625,8.322,,10.99,0.527
2003-06-19 16:00:00,,33.82,,8.998,0.662
2003-06-19 17:00:00,13.21,24.33,,6.594,1.115
2003-06-19 18:00:00,11.78,17.53,,4.296,1.1
2003-06-19 19:00:00,3.145,10.46,,3.221,1.168
2003-06-19 20:00:00,6.406,23.15,,0.5,1.615
2003-06-19 21:00:00,17.96,14.99,,0.5,1.406
2003-06-19 22:00:00,14.11,13.22,,0.5,0.843
2003-06-19 23:00:00,16.79,8.809,,1.643,0.632
2003-06-20 00:00:00,19.52,18.0,,1.294,1.127
2003-06-20 01:00:00,9.106,7.171,,3.474,0.816
2003-06-20 02:00:00,4.066,9.196,,4.231,0.71
2003-06-20 03:00:00,14.81,7.906,,4.975,0.536
2003-06-20 04:00:00,13.28,9.021,,6.746,0.394
2003-06-20 05:00:00,11.95,7.84,,8.633,0.297
2003-06-20 06:00:00,10.82,5.434,,9.528,0.276
2003-06-20 07:00:00,2.653,4.028,,4.125,0.4
2003-06-20 08:00:00,16.44,3.694,,0.5,0.594
2003-06-20 09:00:00,24.81,7.013,,0.5,1.007
2003-06-20 10:00:00,21.45,7.44,,3.836,0.777
2003-06-20 11:00:00,22.99,10.09,,5.789,1.303
2003-06-20 12:00:00,22.38,,,13.51,1.151
2003-06-20 13:00:00,7.908,16.56,,21.38,0.893
2003-06-20 14:00:00,17.66,11.7,,23.55,0.991
2003-06-20 15:00:00,22.04,12.29,,17.01,1.028
2003-06-20 16:00:00,9.848,14.91,,16.04,1.104
2003-06-20 17:00:00,21.41,17.5,,13.73,1.684
2003-06-20 18:00:00,25.28,19.93,,1.306,2.708
2003-06-20 19:00:00,36.22,20.47,,0.5,3.662
2003-06-20 20:00:00,45.71,16.35,,0.5,1.911
2003-06-20 21:00:00,40.38,13.33,,0.5,1.554
2003-06-20 22:00:00,39.59,12.11,,0.5,1.97
2003-06-20 23:00:00,31.57,10.77,,0.5,1.72
2003-06-21 00:00:00,34.96,9.643,,1.19,1.39
2003-06-21 01:00:00,23.87,1.321,,0.5,0.598
2003-06-21 02:00:00,11.23,0.65,,0.5,0.783
2003-06-21 03:00:00,14.46,0.65,,0.5,1.344
2003-06-21 04:00:00,35.15,2.568,,0.5,2.394
2003-06-21 05:00:00,39.54,0.65,,0.5,0.831
2003-06-21 06:00:00,12.42,0.65,,0.5,0.689
2003-06-21 07:00:00,8.993,0.65,,0.5,0.593
2003-06-21 08:00:00,16.19,0.65,,0.5,0.484
2003-06-21 09:00:00,22.39,0.65,,0.5,0.959
2003-06-21 10:00:00,30.83,1.656,,0.5,1.38
2003-06-21 11:00:00,46.77,3.101,,1.378,1.233
2003-06-21 12:00:00,37.59,13.55,,3.349,1.156
2003-06-21 13:00:00,20.65,17.9,,2.178,1.063
2003-06-21 14:00:00,20.53,7.914,,2.283,0.762
2003-06-21 15:00:00,8.715,6.128,,5.594,0.724
2003-06-21 16:00:00,28.66,13.4,,9.696,0.771
2003-06-21 17:00:00,25.71,9.881,,16.73,0.573
2003-06-21 18:00:00,,5.54,,11.2,0.665
2003-06-21 19:00:00,10.97,11.09,,7.643,0.964
2003-06-21 20:00:00,14.05,6.84,,7.422,0.936
2003-06-21 21:00:00,13.9,3.925,,4.02,1.29
2003-06-21 22:00:00,23.32,5.019,,2.239,1.142
2003-06-21 23:00:00,26.46,2.525,,5.689,0.85
2003-06-22 00:00:00,12.28,0.65,,18.57,0.322
2003-06-22 01:00:00,33.95,1.51,,19.67,0.498
2003-06-22 02:00:00,30.21,0.65,,25.9,0.324
2003-06-22 03:00:00,,0.65,,25.68,0.356
2003-06-22 04:00:00,3.267,0.65,,26.54,0.265
2003-06-22 05:00:00,2.923,0.65,,20.86,0.418
2003-06-22 06:00:00,,0.65,,20.62,0.333
2003-06-22 07:00:00,12.68,0.65,,16.74,0.298
2003-06-22 08:00:00,12.22,0.65,,10.57,0.339
2003-06-22 09:00:00,7.49,0.65,,9.004,0.455
2003-06-22 10:00:00,15.82,5.452,,8.619,0.597
2003-06-22 11:00:00,24.13,18.72,,9.263,0.599
2003-06-22 12:00:00,14.23,29.81,,19.24,0.581
2003-06-22 13:00:00,9.266,22.7,,32.28,0.43
2003-06-22 14:00:00,16.18,24.02,,33.16,0.687
2003-06-22 15:00:00,12.52,22.88,,51.84,0.454
2003-06-22 16:00:00,19.87,22.05,,54.8,0.703
2003-06-22 17:00:00,16.62,19.45,,58.09,0.625
2003-06-22 18:00:00,13.1,18.11,,32.95,0.599
2003-06-22 19:00:00,30.74,17.04,,9.968,0.75
2003-06-22 20:00:00,20.55,15.76,,12.25,0.448
2003-06-22 21:00:00,12.12,14.9,,6.43,0.483
2003-06-22 22:00:00,9.799,14.75,,6.409,0.481
2003-06-22 23:00:00,13.62,15.11,,0.5,1.221
2003-06-23 00:00:00,30.49,15.95,,0.5,1.367
2003-06-23 01:00:00,16.98,1.346,,0.5,0.815
2003-06-23 02:00:00,18.02,1.322,,0.5,0.754
2003-06-23 03:00:00,19.11,1.648,,0.5,0.635
2003-06-23 04:00:00,10.76,0.65,,0.5,0.564
2003-06-23 05:00:00,28.14,0.65,,0.5,0.706
2003-06-23 06:00:00,19.11,1.856,,0.5,0.577
2003-06-23 07:00:00,6.733,1.429,,0.5,0.597
2003-06-23 08:00:00,25.54,3.904,,0.5,1.974
2003-06-23 09:00:00,48.7,10.4,,0.5,6.031
2003-06-23 10:00:00,78.89,23.25,,0.5,3.138
2003-06-23 11:00:00,87.39,33.45,,0.5,1.525
2003-06-23 12:00:00,38.95,22.45,,2.364,1.076
2003-06-23 13:00:00,18.9,22.44,,6.152,0.883
2003-06-23 14:00:00,37.03,26.97,,10.85,0.968
2003-06-23 15:00:00,22.78,14.22,,14.59,0.72
2003-06-23 16:00:00,17.17,17.47,,11.96,0.922
2003-06-23 17:00:00,35.42,12.69,,6.995,0.805
2003-06-23 18:00:00,31.5,22.16,,1.529,2.048
2003-06-23 19:00:00,48.66,21.37,,0.5,2.774
2003-06-23 20:00:00,54.78,12.47,,0.5,0.931
2003-06-23 21:00:00,34.24,10.37,,0.5,0.929
2003-06-23 22:00:00,44.41,9.461,,0.5,0.956
2003-06-23 23:00:00,48.94,10.15,,0.5,1.702
2003-06-24 00:00:00,39.24,9.672,,0.5,2.293
2003-06-24 01:00:00,55.33,6.632,,0.5,3.223
2003-06-24 02:00:00,73.47,6.932,,0.5,3.091
2003-06-24 03:00:00,62.56,5.77,,0.5,2.347
2003-06-24 04:00:00,55.17,4.162,,0.5,1.318
2003-06-24 05:00:00,31.74,0.65,,10.11,0.27
2003-06-24 06:00:00,3.753,0.65,,11.35,0.334
2003-06-24 07:00:00,,0.65,,7.149,0.355
2003-06-24 08:00:00,10.96,0.65,,2.394,0.434
2003-06-24 09:00:00,24.71,0.65,,3.03,0.5
2003-06-24 10:00:00,20.59,0.65,,2.003,0.496
2003-06-24 11:00:00,17.55,0.65,,2.143,0.84
2003-06-24 12:00:00,23.89,0.65,,5.128,0.648
2003-06-24 13:00:00,29.28,0.65,,11.27,0.466
2003-06-24 14:00:00,20.23,0.65,,16.79,0.42
2003-06-24 15:00:00,10.58,0.65,,18.84,0.341
2003-06-24 16:00:00,11.33,0.65,,17.38,0.353
2003-06-24 17:00:00,18.66,0.65,,11.48,0.388
2003-06-24 18:00:00,12.01,0.65,,9.139,0.392
2003-06-24 19:00:00,2.495,0.65,,9.568,0.43
2003-06-24 20:00:00,10.72,0.65,,7.604,0.57
2003-06-24 21:00:00,28.29,0.65,,9.028,0.433
2003-06-24 22:00:00,28.24,0.65,,10.65,0.34
2003-06-24 23:00:00,23.34,0.65,,6.636,0.477
2003-06-25 00:00:00,16.74,0.65,,1.772,0.47
2003-06-25 01:00:00,17.89,1.681,,4.371,0.398
2003-06-25 02:00:00,18.38,1.695,,4.94,0.442
2003-06-25 03:00:00,26.66,0.65,,7.446,0.398
2003-06-25 04:00:00,20.18,1.437,,24.08,0.242
2003-06-25 05:00:00,,1.836,,20.3,0.258
2003-06-25 06:00:00,11.2,1.643,,22.89,0.201
2003-06-25 07:00:00,14.85,0.65,,17.11,0.239
2003-06-25 08:00:00,12.43,1.487,,5.391,0.415
2003-06-25 09:00:00,16.87,2.501,,1.993,0.874
2003-06-25 10:00:00,19.63,13.08,,0.5,1.356
2003-06-25 11:00:00,29.8,18.75,,1.938,1.328
2003-06-25 12:00:00,24.16,17.36,,6.137,1.069
2003-06-25 13:00:00,44.72,14.51,,8.243,1.6
2003-06-25 14:00:00,45.31,31.74,,8.886,1.779
2003-06-25 15:00:00,28.41,37.23,,6.364,1.802
2003-06-25 16:00:00,40.2,21.63,,7.382,1.594
2003-06-25 17:00:00,54.3,13.12,,10.61,1.158
2003-06-25 18:00:00,41.99,8.846,,2.129,1.084
2003-06-25 19:00:00,25.93,8.034,,0.5,1.279
2003-06-25 20:00:00,45.12,8.576,,0.5,1.285
2003-06-25 21:00:00,41.52,7.911,,0.5,1.24
2003-06-25 22:00:00,35.6,7.093,,0.5,1.205
2003-06-25 23:00:00,33.13,6.861,,0.5,1.175
2003-06-26 00:00:00,24.78,5.13,,1.246,0.72
2003-06-26 01:00:00,31.6,0.65,,0.5,1.291
2003-06-26 02:00:00,27.33,0.65,,7.11,0.662
2003-06-26 03:00:00,9.141,0.65,,16.09,0.424
2003-06-26 04:00:00,0.068,0.65,,19.19,0.432
2003-06-26 05:00:00,13.34,0.65,,29.48,0.441
2003-06-26 06:00:00,17.64,0.65,,30.85,0.463
2003-06-26 07:00:00,20.14,0.65,,24.04,0.531
2003-06-26 08:00:00,23.39,0.65,,17.07,0.695
2003-06-26 09:00:00,20.34,0.65,,9.65,1.066
2003-06-26 10:00:00,23.84,2.303,,14.42,0.756
2003-06-26 11:00:00,21.45,5.644,,5.726,1.307
2003-06-26 12:00:00,29.61,12.03,,7.832,1.639
2003-06-26 13:00:00,52.82,10.91,,18.19,0.954
2003-06-26 14:00:00,38.41,11.27,,18.36,0.981
2003-06-26 15:00:00,30.9,9.236,,20.56,1.183
2003-06-26 16:00:00,42.08,5.064,,25.58,0.931
2003-06-26 17:00:00,28.07,3.789,,19.84,0.9
2003-06-26 18:00:00,22.88,1.857,,16.17,0.804
2003-06-26 19:00:00,19.32,0.65,,2.627,0.857
2003-06-26 20:00:00,31.69,0.65,,2.408,0.864
2003-06-26 21:00:00,41.15,1.332,,8.11,0.657
2003-06-26 22:00:00,22.03,0.65,,24.17,0.5
2003-06-26 23:00:00,22.15,0.65,,26.21,0.448
2003-06-27 00:00:00,16.72,0.65,,21.25,0.457
2003-06-27 01:00:00,9.1,0.65,,30.96,0.338
2003-06-27 02:00:00,21.44,0.65,,33.34,0.255
2003-06-27 03:00:00,18.91,0.65,,36.62,0.272
2003-06-27 04:00:00,5.131,0.65,,35.57,0.24
2003-06-27 05:00:00,17.56,0.65,,32.13,0.235
2003-06-27 06:00:00,15.89,0.65,,33.77,0.231
2003-06-27 07:00:00,14.77,0.65,,26.34,0.214
2003-06-27 08:00:00,23.12,0.65,,10.46,0.507
2003-06-27 09:00:00,24.61,1.892,,1.364,0.681
2003-06-27 10:00:00,36.61,7.392,,2.983,1.197
2003-06-27 11:00:00,48.87,14.72,,10.88,1.309
2003-06-27 12:00:00,44.33,12.93,,11.63,1.213
2003-06-27 13:00:00,49.24,11.7,,13.99,1.102
2003-06-27 14:00:00,57.12,10.61,,21.89,1.184
2003-06-27 15:00:00,44.49,12.74,,17.18,1.501
2003-06-27 16:00:00,40.09,13.71,,16.99,1.61
2003-06-27 17:00:00,45.86,16.09,,5.745,2.114
2003-06-27 18:00:00,50.65,7.603,,9.413,1.086
2003-06-27 19:00:00,61.5,5.154,,2.456,0.931
2003-06-27 20:00:00,63.91,5.189,,0.5,1.135
2003-06-27 21:00:00,54.64,5.226,,0.5,1.162
2003-06-27 22:00:00,60.59,5.822,,0.5,1.206
2003-06-27 23:00:00,48.57,5.086,,0.5,1.315
2003-06-28 00:00:00,48.43,6.589,,0.5,2.333
2003-06-28 01:00:00,74.53,5.303,,0.5,3.029
2003-06-28 02:00:00,55.77,4.674,,0.5,2.966
2003-06-28 03:00:00,49.52,5.239,,0.5,2.746
2003-06-28 04:00:00,57.4,4.367,,0.5,2.231
2003-06-28 05:00:00,36.49,3.696,,0.5,1.767
2003-06-28 06:00:00,24.46,1.992,,0.5,0.946
2003-06-28 07:00:00,29.42,0.65,,0.5,0.96
2003-06-28 08:00:00,31.19,1.316,,0.5,1.099
2003-06-28 09:00:00,54.34,1.626,,0.5,1.134
2003-06-28 10:00:00,49.2,3.735,,0.5,1.832
2003-06-28 11:00:00,36.05,8.742,,1.202,1.852
2003-06-28 12:00:00,39.49,8.703,,4.11,1.623
2003-06-28 13:00:00,52.22,21.66,,5.653,1.524
2003-06-28 14:00:00,52.38,33.38,,12.99,1.304
2003-06-28 15:00:00,32.32,36.37,,20.01,1.306
2003-06-28 16:00:00,56.12,23.42,,14.07,1.514
2003-06-28 17:00:00,51.62,36.57,,11.58,1.638
2003-06-28 18:00:00,40.41,29.48,,9.724,1.834
2003-06-28 19:00:00,54.77,28.5,,8.925,1.539
2003-06-28 20:00:00,54.82,11.71,,4.66,1.811
2003-06-28 21:00:00,42.62,8.33,,3.888,1.655
2003-06-28 22:00:00,41.99,7.272,,7.091,1.238
2003-06-28 23:00:00,34.53,5.69,,5.014,1.287
2003-06-29 00:00:00,33.02,4.624,,2.801,1.339
2003-06-29 01:00:00,42.76,0.65,,4.089,1.157
2003-06-29 02:00:00,24.64,0.65,,4.246,0.818
2003-06-29 03:00:00,5.147,0.65,,20.81,0.546
2003-06-29 04:00:00,5.589,0.65,,31.89,0.358
2003-06-29 05:00:00,6.953,0.65,,33.6,0.359
2003-06-29 06:00:00,1.653,0.65,,28.1,0.442
2003-06-29 07:00:00,,0.65,,27.46,0.37
2003-06-29 08:00:00,,0.65,,33.2,0.326
2003-06-29 09:00:00,,0.65,,30.5,0.339
2003-06-29 10:00:00,0.099,0.65,,35.88,0.466
2003-06-29 11:00:00,9.401,0.65,,34.06,0.444
2003-06-29 12:00:00,12.89,0.65,,29.84,0.548
2003-06-29 13:00:00,7.51,9.889,,26.77,0.703
2003-06-29 14:00:00,10.41,10.64,,28.66,0.619
2003-06-29 15:00:00,11.91,6.115,,25.66,0.644
2003-06-29 16:00:00,5.595,0.65,,24.41,0.877
2003-06-29 17:00:00,6.506,0.65,,25.55,0.877
2003-06-29 18:00:00,9.742,0.65,,24.2,0.819
2003-06-29 19:00:00,5.615,0.65,,21.97,0.739
2003-06-29 20:00:00,2.276,0.65,,22.8,0.68
2003-06-29 21:00:00,13.51,0.65,,33.13,0.525
2003-06-29 22:00:00,11.61,0.65,,27.14,0.589
2003-06-29 23:00:00,1.414,0.65,,25.22,0.581
2003-06-30 00:00:00,14.86,0.65,,31.47,0.482
2003-06-30 01:00:00,12.32,0.65,,24.68,0.288
2003-06-30 02:00:00,2.541,0.65,,28.62,0.162
2003-06-30 03:00:00,2.299,0.65,,29.77,0.193
2003-06-30 04:00:00,,0.65,,26.19,0.16
2003-06-30 05:00:00,7.226,0.65,,20.88,0.315
2003-06-30 06:00:00,6.555,0.65,,6.474,0.317
2003-06-30 07:00:00,4.835,0.65,,4.689,0.261
2003-06-30 08:00:00,6.359,0.65,,1.211,0.588
2003-06-30 09:00:00,5.588,1.926,,0.5,2.315
2003-06-30 10:00:00,26.97,2.393,,2.699,1.195
2003-06-30 11:00:00,33.05,3.672,,15.6,0.592
2003-06-30 12:00:00,28.36,7.278,,7.199,1.303
2003-06-30 13:00:00,35.77,21.15,,6.499,1.524
2003-06-30 14:00:00,32.26,25.57,,9.961,1.716
2003-06-30 15:00:00,59.68,13.46,,16.42,0.909
2003-06-30 16:00:00,68.86,6.433,,23.81,0.679
2003-06-30 17:00:00,43.52,8.243,,15.21,1.468
2003-06-30 18:00:00,47.18,17.89,,0.5,3.902
2003-06-30 19:00:00,69.0,17.18,,0.5,4.122
2003-06-30 20:00:00,64.49,14.4,,0.5,2.41
2003-06-30 21:00:00,53.91,11.91,,0.5,1.683
2003-06-30 22:00:00,62.18,9.597,,0.5,1.7
2003-06-30 23:00:00,52.39,7.841,,0.5,1.985
2003-07-01 00:00:00,59.65,9.104,,0.5,3.239
2003-07-01 01:00:00,76.01,1.344,,0.5,2.95
2003-07-01 02:00:00,61.26,0.65,,0.5,2.562
2003-07-01 03:00:00,57.19,0.65,,0.5,2.057
2003-07-01 04:00:00,62.61,0.65,,0.5,1.828
2003-07-01 05:00:00,40.54,0.65,,0.5,1.526
2003-07-01 06:00:00,22.31,0.65,,0.5,1.711
2003-07-01 07:00:00,41.2,0.65,,0.5,1.668
2003-07-01 08:00:00,54.65,0.65,,0.5,1.862
2003-07-01 09:00:00,57.88,0.65,,0.5,2.613
2003-07-01 10:00:00,55.64,0.65,,0.5,2.416
2003-07-01 11:00:00,56.86,2.375,,0.5,1.886
2003-07-01 12:00:00,47.49,15.64,,1.128,1.673
2003-07-01 13:00:00,42.23,33.33,,4.057,1.517
2003-07-01 14:00:00,42.6,40.09,,4.353,1.599
2003-07-01 15:00:00,41.18,33.87,,4.465,1.714
2003-07-01 16:00:00,41.45,17.3,,5.894,1.393
2003-07-01 17:00:00,34.84,8.717,,4.108,1.76
2003-07-01 18:00:00,44.22,16.24,,0.5,2.747
2003-07-01 19:00:00,52.95,28.99,,0.5,2.505
2003-07-01 20:00:00,47.1,21.27,,0.5,3.04
2003-07-01 21:00:00,63.73,16.19,,0.5,3.455
2003-07-01 22:00:00,74.89,15.97,,0.5,5.147
2003-07-01 23:00:00,58.96,9.793,,0.5,1.84
2003-07-02 00:00:00,60.51,12.73,,0.5,1.688
2003-07-02 01:00:00,49.21,3.682,,7.036,0.685
2003-07-02 02:00:00,28.22,0.65,,21.9,0.224
2003-07-02 03:00:00,22.57,0.65,,24.73,0.243
2003-07-02 04:00:00,20.22,0.65,,26.91,0.183
2003-07-02 05:00:00,9.795,0.65,,29.17,0.17
2003-07-02 06:00:00,11.26,0.65,,29.28,0.126
2003-07-02 07:00:00,12.61,0.65,,20.45,0.225
2003-07-02 08:00:00,23.83,0.65,,10.34,0.596
2003-07-02 09:00:00,36.97,0.65,,13.29,0.567
2003-07-02 10:00:00,22.97,0.65,,14.87,0.514
2003-07-02 11:00:00,16.9,0.65,,20.15,0.515
2003-07-02 12:00:00,30.27,0.65,,26.29,0.391
2003-07-02 13:00:00,41.64,0.65,,27.47,0.325
2003-07-02 14:00:00,45.44,0.65,,29.67,0.255
2003-07-02 15:00:00,35.55,0.65,,29.95,0.368
2003-07-02 16:00:00,35.49,0.65,,30.59,0.258
2003-07-02 17:00:00,42.91,0.65,,25.84,0.321
2003-07-02 18:00:00,34.85,0.65,,19.49,0.263
2003-07-02 19:00:00,27.96,0.65,,10.8,0.391
2003-07-02 20:00:00,31.8,0.65,,11.46,0.342
2003-07-02 21:00:00,30.37,0.65,,13.06,0.293
2003-07-02 22:00:00,45.56,0.65,,18.19,0.234
2003-07-02 23:00:00,43.5,0.65,,19.6,0.417
2003-07-03 00:00:00,34.48,0.65,,19.82,0.436
2003-07-03 01:00:00,21.7,0.65,,17.24,0.255
2003-07-03 02:00:00,21.25,0.65,,26.22,0.18
2003-07-03 03:00:00,26.56,0.65,,32.43,0.161
2003-07-03 04:00:00,25.43,0.65,,29.19,0.165
2003-07-03 05:00:00,30.3,0.65,,33.7,0.127
2003-07-03 06:00:00,11.79,0.65,,19.26,0.123
2003-07-03 07:00:00,12.16,0.65,,4.887,0.231
2003-07-03 08:00:00,27.71,7.464,,0.5,1.238
2003-07-03 09:00:00,48.72,10.72,,0.5,1.246
2003-07-03 10:00:00,56.93,9.538,,2.779,0.912
2003-07-03 11:00:00,41.56,9.751,,8.694,0.386
2003-07-03 12:00:00,43.02,9.426,,14.05,0.491
2003-07-03 13:00:00,39.54,8.128,,,
2003-07-03 14:00:00,31.51,,,11.65,1.197
2003-07-03 15:00:00,60.74,20.93,,15.78,1.275
2003-07-03 16:00:00,81.8,28.92,,8.953,1.549
2003-07-03 17:00:00,76.15,25.43,,5.172,1.928
2003-07-03 18:00:00,73.37,23.79,,1.758,3.036
2003-07-03 19:00:00,85.54,25.15,,1.375,4.042
2003-07-03 20:00:00,102.0,30.31,,2.706,6.067
2003-07-03 21:00:00,114.5,25.17,,1.437,3.316
2003-07-03 22:00:00,110.9,24.9,,1.946,3.743
2003-07-03 23:00:00,94.75,22.88,,1.417,4.054
2003-07-04 00:00:00,87.27,21.76,,0.5,3.539
2003-07-04 01:00:00,104.6,4.835,,1.64,4.786
2003-07-04 02:00:00,98.48,4.539,,1.087,5.26
2003-07-04 03:00:00,72.71,2.711,,0.5,4.273
2003-07-04 04:00:00,76.94,1.49,,0.5,3.167
2003-07-04 05:00:00,58.95,0.65,,0.5,2.494
2003-07-04 06:00:00,42.93,0.65,,0.5,1.584
2003-07-04 07:00:00,58.87,0.65,,0.5,1.53
2003-07-04 08:00:00,64.19,0.65,,0.5,2.466
2003-07-04 09:00:00,80.83,0.65,,1.0,5.085
2003-07-04 10:00:00,81.96,1.372,,0.5,2.392
2003-07-04 11:00:00,64.14,16.31,,1.353,2.207
2003-07-04 12:00:00,56.59,11.66,,4.643,1.502
2003-07-04 13:00:00,57.24,5.961,,14.12,1.142
2003-07-04 14:00:00,48.35,0.65,,28.65,1.179
2003-07-04 15:00:00,34.53,0.65,,25.8,1.527
2003-07-04 16:00:00,43.1,0.65,,26.9,1.386
2003-07-04 17:00:00,35.33,0.65,,9.238,1.926
2003-07-04 18:00:00,25.53,12.52,,0.5,2.437
2003-07-04 19:00:00,68.39,11.09,,1.108,5.455
2003-07-04 20:00:00,129.6,22.91,,1.811,11.19
2003-07-04 21:00:00,157.3,24.17,,1.14,8.634
2003-07-04 22:00:00,133.2,27.29,,0.5,3.575
2003-07-04 23:00:00,98.7,16.32,,0.5,2.222
2003-07-05 00:00:00,79.33,6.08,,0.5,1.622
2003-07-05 01:00:00,64.83,10.86,,0.5,1.831
2003-07-05 02:00:00,64.22,10.23,,0.5,2.032
2003-07-05 03:00:00,46.21,3.964,,0.5,2.893
2003-07-05 04:00:00,49.7,4.428,,0.5,2.998
2003-07-05 05:00:00,62.99,8.558,,5.434,1.141
2003-07-05 06:00:00,40.88,5.8,,3.328,1.093
2003-07-05 07:00:00,40.19,4.375,,2.399,1.133
2003-07-05 08:00:00,47.49,7.932,,0.5,1.548
2003-07-05 09:00:00,59.15,9.756,,0.5,1.806
2003-07-05 10:00:00,75.91,5.357,,9.644,1.387
2003-07-05 11:00:00,49.91,0.65,,19.73,0.655
2003-07-05 12:00:00,31.56,0.65,,16.36,0.777
2003-07-05 13:00:00,35.35,0.65,,10.32,0.756
2003-07-05 14:00:00,18.76,0.65,,17.57,0.661
2003-07-05 15:00:00,10.87,0.65,,26.41,0.635
2003-07-05 16:00:00,14.11,0.65,,25.18,0.618
2003-07-05 17:00:00,10.82,0.65,,28.08,0.585
2003-07-05 18:00:00,4.271,0.65,,32.07,0.571
2003-07-05 19:00:00,12.78,0.65,,26.72,0.604
2003-07-05 20:00:00,13.64,0.65,,27.46,0.545
2003-07-05 21:00:00,4.184,0.65,,27.27,0.574
2003-07-05 22:00:00,15.74,0.65,,25.57,0.557
2003-07-05 23:00:00,14.26,0.65,,23.42,0.764
2003-07-06 00:00:00,15.41,0.65,,31.96,0.43
2003-07-06 01:00:00,14.01,0.65,,37.35,0.245
2003-07-06 02:00:00,2.931,0.65,,36.24,0.289
2003-07-06 03:00:00,1.462,0.65,,36.11,0.311
2003-07-06 04:00:00,5.252,0.65,,42.08,0.182
2003-07-06 05:00:00,10.88,0.65,,33.08,0.228
2003-07-06 06:00:00,5.592,0.65,,30.02,0.194
2003-07-06 07:00:00,,0.65,,27.04,0.239
2003-07-06 08:00:00,1.744,0.65,,13.59,0.383
2003-07-06 09:00:00,11.2,0.65,,17.18,0.309
2003-07-06 10:00:00,12.09,0.65,,26.12,0.226
2003-07-06 11:00:00,12.91,0.65,,35.0,0.227
2003-07-06 12:00:00,9.056,0.65,,32.6,0.275
2003-07-06 13:00:00,14.69,0.65,,39.74,0.306
2003-07-06 14:00:00,13.55,0.65,,40.07,0.295
2003-07-06 15:00:00,,0.65,,41.24,0.271
2003-07-06 16:00:00,19.43,0.65,,35.34,0.347
2003-07-06 17:00:00,18.16,0.65,,36.46,0.281
2003-07-06 18:00:00,4.566,0.65,,25.54,0.352
2003-07-06 19:00:00,8.536,0.65,,28.13,0.359
2003-07-06 20:00:00,4.456,0.65,,24.25,0.32
2003-07-06 21:00:00,13.28,0.65,,22.34,0.338
2003-07-06 22:00:00,12.26,0.65,,24.2,0.282
2003-07-06 23:00:00,5.21,0.65,,31.55,0.231
2003-07-07 00:00:00,22.6,0.65,,31.03,0.315
2003-07-07 01:00:00,16.53,0.65,,29.31,0.284
2003-07-07 02:00:00,,0.65,,30.52,0.204
2003-07-07 03:00:00,5.59,0.65,,31.82,0.21
2003-07-07 04:00:00,5.876,0.65,,34.03,0.222
2003-07-07 05:00:00,7.169,0.65,,33.71,0.215
2003-07-07 06:00:00,6.009,0.65,,29.15,0.217
2003-07-07 07:00:00,,0.65,,21.52,0.289
2003-07-07 08:00:00,4.353,0.65,,5.752,1.001
2003-07-07 09:00:00,23.6,1.907,,2.362,1.27
2003-07-07 10:00:00,20.42,1.884,,4.097,1.06
2003-07-07 11:00:00,9.034,2.5,,4.8,1.005
2003-07-07 12:00:00,18.53,3.317,,5.989,1.016
2003-07-07 13:00:00,11.3,3.339,,6.063,1.073
2003-07-07 14:00:00,13.78,4.866,,6.469,1.071
2003-07-07 15:00:00,20.94,2.801,,14.08,0.478
2003-07-07 16:00:00,19.47,3.539,,3.453,0.876
2003-07-07 17:00:00,28.94,8.285,,1.54,1.594
2003-07-07 18:00:00,31.38,7.425,,0.5,1.543
2003-07-07 19:00:00,39.36,5.939,,2.024,1.416
2003-07-07 20:00:00,30.2,2.712,,4.478,0.667
2003-07-07 21:00:00,23.24,0.65,,1.672,0.471
2003-07-07 22:00:00,18.46,0.65,,0.5,0.589
2003-07-07 23:00:00,11.6,0.65,,1.267,0.557
2003-07-08 00:00:00,24.09,0.65,,0.5,0.523
2003-07-08 01:00:00,18.93,0.65,,0.5,0.387
2003-07-08 02:00:00,21.3,0.65,,6.581,0.324
2003-07-08 03:00:00,15.78,0.65,,17.46,0.207
2003-07-08 04:00:00,11.94,0.65,,14.45,0.186
2003-07-08 05:00:00,24.81,0.65,,9.658,0.36
2003-07-08 06:00:00,12.76,0.65,,5.001,0.342
2003-07-08 07:00:00,10.77,0.65,,0.5,0.75
2003-07-08 08:00:00,16.74,0.65,,0.5,1.003
2003-07-08 09:00:00,21.94,0.65,,0.5,1.033
2003-07-08 10:00:00,35.87,2.421,,3.101,0.919
2003-07-08 11:00:00,19.86,2.883,,7.586,0.695
2003-07-08 12:00:00,5.88,3.436,,14.94,0.52
2003-07-08 13:00:00,23.21,1.818,,11.06,0.535
2003-07-08 14:00:00,32.54,2.221,,2.201,1.683
2003-07-08 15:00:00,39.1,1.755,,0.5,1.582
2003-07-08 16:00:00,30.62,3.387,,0.5,1.664
2003-07-08 17:00:00,22.38,3.0,,0.5,0.955
2003-07-08 18:00:00,13.77,1.831,,1.924,0.968
2003-07-08 19:00:00,8.6,2.256,,7.038,0.585
2003-07-08 20:00:00,11.02,1.721,,16.06,0.427
2003-07-08 21:00:00,5.352,1.783,,7.1,0.884
2003-07-08 22:00:00,7.467,0.65,,5.424,0.433
2003-07-08 23:00:00,11.89,3.382,,2.367,0.73
2003-07-09 00:00:00,22.87,4.224,,4.807,0.554
2003-07-09 01:00:00,18.88,0.65,,11.99,0.396
2003-07-09 02:00:00,3.494,8.856,,11.34,0.366
2003-07-09 03:00:00,,10.85,,11.53,0.343
2003-07-09 04:00:00,6.833,4.438,,17.15,0.347
2003-07-09 05:00:00,14.32,9.844,,17.32,0.411
2003-07-09 06:00:00,15.94,12.02,,18.27,0.5
2003-07-09 07:00:00,8.552,9.858,,13.85,0.584
2003-07-09 08:00:00,5.267,28.78,,3.929,0.958
2003-07-09 09:00:00,22.97,43.77,,6.118,0.8
2003-07-09 10:00:00,25.7,47.13,,10.28,0.533
2003-07-09 11:00:00,17.08,57.63,,14.92,0.535
2003-07-09 12:00:00,19.81,50.9,,15.94,0.664
2003-07-09 13:00:00,15.84,56.81,,17.76,0.72
2003-07-09 14:00:00,9.793,47.56,,18.72,0.553
2003-07-09 15:00:00,12.87,45.67,,18.25,0.756
2003-07-09 16:00:00,7.931,58.25,,17.91,0.653
2003-07-09 17:00:00,10.16,37.06,,12.54,0.909
2003-07-09 18:00:00,11.91,69.79,,8.766,1.19
2003-07-09 19:00:00,19.18,36.35,,6.265,1.408
2003-07-09 20:00:00,26.33,39.14,,3.59,1.429
2003-07-09 21:00:00,9.99,45.24,,2.632,1.445
2003-07-09 22:00:00,22.87,36.17,,5.057,0.921
2003-07-09 23:00:00,23.55,22.71,,6.885,0.778
2003-07-10 00:00:00,8.58,44.41,,9.812,0.468
2003-07-10 01:00:00,20.7,15.4,,8.39,0.461
2003-07-10 02:00:00,13.66,20.03,,12.35,0.353
2003-07-10 03:00:00,0.846,20.19,,10.92,0.275
2003-07-10 04:00:00,6.269,13.42,,12.9,0.234
2003-07-10 05:00:00,11.54,0.65,,17.48,0.206
2003-07-10 06:00:00,5.961,7.847,,16.75,0.192
2003-07-10 07:00:00,,7.262,,5.633,0.243
2003-07-10 08:00:00,10.66,13.43,,0.5,1.542
2003-07-10 09:00:00,28.25,21.89,,1.088,2.026
2003-07-10 10:00:00,31.24,23.56,,6.724,1.168
2003-07-10 11:00:00,21.72,16.37,,11.32,1.089
2003-07-10 12:00:00,14.53,18.79,,14.59,0.832
2003-07-10 13:00:00,6.108,17.33,,19.25,0.659
2003-07-10 14:00:00,11.51,18.74,,20.67,0.691
2003-07-10 15:00:00,10.55,16.28,,18.85,0.742
2003-07-10 16:00:00,3.937,30.53,,10.29,1.027
2003-07-10 17:00:00,14.7,59.42,,5.658,1.413
2003-07-10 18:00:00,23.11,10.62,,8.003,1.088
2003-07-10 19:00:00,19.67,25.27,,1.544,2.012
2003-07-10 20:00:00,13.97,35.38,,0.5,2.25
2003-07-10 21:00:00,33.73,52.86,,0.5,1.829
2003-07-10 22:00:00,39.74,48.29,,2.157,1.369
2003-07-10 23:00:00,34.53,32.57,,2.606,1.35
2003-07-11 00:00:00,33.87,28.48,,2.582,1.238
2003-07-11 01:00:00,19.73,22.25,,3.617,0.999
2003-07-11 02:00:00,6.442,12.63,,4.943,0.762
2003-07-11 03:00:00,9.509,12.54,,7.907,0.605
2003-07-11 04:00:00,24.05,17.27,,12.22,0.441
2003-07-11 05:00:00,14.31,15.42,,17.05,0.358
2003-07-11 06:00:00,,12.51,,15.37,0.452
2003-07-11 07:00:00,1.337,45.57,,6.937,0.602
2003-07-11 08:00:00,2.959,44.54,,4.806,1.279
2003-07-11 09:00:00,26.49,68.07,,4.519,1.207
2003-07-11 10:00:00,45.16,92.98,,8.567,0.947
2003-07-11 11:00:00,31.38,86.74,,8.707,1.037
2003-07-11 12:00:00,14.69,63.84,,13.8,0.869
2003-07-11 13:00:00,19.04,69.32,,17.61,0.728
2003-07-11 14:00:00,15.47,49.8,,17.77,0.748
2003-07-11 15:00:00,14.92,52.48,,17.16,0.82
2003-07-11 16:00:00,24.44,57.96,,11.28,1.154
2003-07-11 17:00:00,20.38,68.36,,7.376,1.284
2003-07-11 18:00:00,8.328,50.79,,3.819,1.756
2003-07-11 19:00:00,13.55,44.47,,0.5,2.182
2003-07-11 20:00:00,37.41,35.26,,0.5,1.818
2003-07-11 21:00:00,38.56,31.69,,0.5,1.743
2003-07-11 22:00:00,26.07,15.99,,0.5,3.055
2003-07-11 23:00:00,66.79,13.29,,2.224,4.624
2003-07-12 00:00:00,136.8,11.99,,1.199,3.808
2003-07-12 01:00:00,106.7,2.158,,1.589,0.482
2003-07-12 02:00:00,37.44,0.65,,3.917,0.686
2003-07-12 03:00:00,19.09,0.65,,0.5,1.148
2003-07-12 04:00:00,25.95,0.65,,1.411,0.383
2003-07-12 05:00:00,22.6,0.65,,1.215,0.28
2003-07-12 06:00:00,6.61,0.65,,0.5,0.294
2003-07-12 07:00:00,4.19,0.65,,0.5,0.239
2003-07-12 08:00:00,26.2,2.735,,0.5,0.498
2003-07-12 09:00:00,40.59,14.75,,0.5,0.658
2003-07-12 10:00:00,33.64,16.5,,1.864,0.522
2003-07-12 11:00:00,37.01,21.99,,5.228,0.443
2003-07-12 12:00:00,35.41,16.69,,8.839,0.322
2003-07-12 13:00:00,23.16,24.29,,13.52,0.381
2003-07-12 14:00:00,8.591,6.566,,24.61,0.305
2003-07-12 15:00:00,7.672,5.864,,25.79,0.274
2003-07-12 16:00:00,14.14,6.218,,24.52,0.398
2003-07-12 17:00:00,6.497,0.65,,33.76,0.15
2003-07-12 18:00:00,4.234,0.65,,22.25,0.171
2003-07-12 19:00:00,12.18,0.65,,6.64,0.444
2003-07-12 20:00:00,40.31,0.65,,1.413,1.233
2003-07-12 21:00:00,73.08,0.65,,0.5,1.52
2003-07-12 22:00:00,72.19,0.65,,0.5,1.638
2003-07-12 23:00:00,74.53,0.65,,1.537,2.458
2003-07-13 00:00:00,79.34,0.65,,1.19,3.214
2003-07-13 01:00:00,90.65,3.688,,1.467,3.249
2003-07-13 02:00:00,91.95,4.565,,1.0,3.07
2003-07-13 03:00:00,69.89,4.352,,0.5,2.96
2003-07-13 04:00:00,60.79,1.913,,0.5,2.17
2003-07-13 05:00:00,62.24,0.65,,0.5,1.869
2003-07-13 06:00:00,45.0,0.65,,0.5,1.154
2003-07-13 07:00:00,26.05,0.65,,0.5,1.242
2003-07-13 08:00:00,37.74,0.65,,0.5,0.764
2003-07-13 09:00:00,35.73,0.65,,0.5,0.453
2003-07-13 10:00:00,32.64,3.968,,1.517,0.656
2003-07-13 11:00:00,53.51,18.22,,4.217,0.666
2003-07-13 12:00:00,44.35,11.64,,19.64,0.42
2003-07-13 13:00:00,34.36,5.469,,36.41,0.252
2003-07-13 14:00:00,21.1,0.65,,42.34,0.121
2003-07-13 15:00:00,1.976,0.65,,44.78,0.1
2003-07-13 16:00:00,1.346,0.65,,45.68,0.086
2003-07-13 17:00:00,20.82,0.65,,44.94,0.096
2003-07-13 18:00:00,25.48,0.65,,37.02,0.2
2003-07-13 19:00:00,15.77,0.65,,33.74,0.176
2003-07-13 20:00:00,25.92,0.65,,34.83,0.147
2003-07-13 21:00:00,24.32,0.65,,29.56,0.095
2003-07-13 22:00:00,8.415,0.65,,26.41,0.144
2003-07-13 23:00:00,15.27,0.65,,24.22,0.16
2003-07-14 00:00:00,19.96,0.65,,20.79,0.257
2003-07-14 01:00:00,5.37,0.65,,18.64,0.568
2003-07-14 02:00:00,15.36,2.469,,0.5,0.992
2003-07-14 03:00:00,23.86,2.826,,0.5,0.977
2003-07-14 04:00:00,8.958,0.65,,0.5,0.696
2003-07-14 05:00:00,10.16,1.667,,15.32,0.457
2003-07-14 06:00:00,9.475,0.65,,25.18,0.356
2003-07-14 07:00:00,,0.65,,4.642,0.536
2003-07-14 08:00:00,6.271,1.704,,7.464,0.917
2003-07-14 09:00:00,9.344,6.064,,2.326,1.73
2003-07-14 10:00:00,3.306,7.179,,10.97,0.805
2003-07-14 11:00:00,21.88,9.032,,15.78,0.677
2003-07-14 12:00:00,31.03,9.511,,29.15,0.597
2003-07-14 13:00:00,9.847,8.187,,27.0,0.566
2003-07-14 14:00:00,,5.722,,29.52,0.718
2003-07-14 15:00:00,4.228,5.571,,29.9,0.61
2003-07-14 16:00:00,17.75,6.038,,28.38,0.597
2003-07-14 17:00:00,12.82,6.215,,25.25,0.6
2003-07-14 18:00:00,11.23,6.029,,12.29,0.699
2003-07-14 19:00:00,10.39,5.867,,4.792,0.806
2003-07-14 20:00:00,19.77,5.593,,5.221,0.77
2003-07-14 21:00:00,24.23,5.39,,11.74,0.823
2003-07-14 22:00:00,6.352,5.085,,18.36,0.674
2003-07-14 23:00:00,15.71,4.735,,19.36,0.654
2003-07-15 00:00:00,13.79,4.184,,20.24,0.397
2003-07-15 01:00:00,1.314,0.65,,22.34,0.107
2003-07-15 02:00:00,1.212,0.65,,24.53,0.111
2003-07-15 03:00:00,2.823,0.65,,24.82,0.132
2003-07-15 04:00:00,3.818,0.65,,25.0,0.147
2003-07-15 05:00:00,1.105,0.65,,23.99,0.186
2003-07-15 06:00:00,3.193,0.65,,22.82,0.131
2003-07-15 07:00:00,2.954,0.65,,19.93,0.113
2003-07-15 08:00:00,0.793,2.071,,4.14,0.36
2003-07-15 09:00:00,4.205,3.639,,0.5,0.641
2003-07-15 10:00:00,26.48,5.491,,0.5,0.626
2003-07-15 11:00:00,23.22,9.358,,2.344,1.126
2003-07-15 12:00:00,14.31,14.36,,1.537,1.269
2003-07-15 13:00:00,33.86,16.21,,2.278,1.307
2003-07-15 14:00:00,21.78,33.14,,0.5,2.853
2003-07-15 15:00:00,24.72,43.88,,0.5,2.307
2003-07-15 16:00:00,43.49,17.18,,0.5,1.088
2003-07-15 17:00:00,26.49,16.4,,0.5,1.814
2003-07-15 18:00:00,7.272,13.44,,0.5,0.823
2003-07-15 19:00:00,14.5,11.98,,0.5,1.02
2003-07-15 20:00:00,18.47,10.56,,0.5,0.864
2003-07-15 21:00:00,18.12,8.976,,0.5,0.428
2003-07-15 22:00:00,12.93,8.608,,0.5,1.13
2003-07-15 23:00:00,25.31,11.55,,0.5,2.034
2003-07-16 00:00:00,39.92,18.2,,0.5,0.845
2003-07-16 01:00:00,26.14,5.296,,1.378,1.104
2003-07-16 02:00:00,21.66,5.37,,7.647,0.785
2003-07-16 03:00:00,18.5,0.65,,21.8,0.585
2003-07-16 04:00:00,12.02,0.65,,33.59,0.464
2003-07-16 05:00:00,5.297,0.65,,38.17,0.424
2003-07-16 06:00:00,2.583,0.65,,34.47,0.393
2003-07-16 07:00:00,2.41,0.65,,15.89,0.566
2003-07-16 08:00:00,17.67,1.331,,0.5,1.844
2003-07-16 09:00:00,30.51,3.133,,0.5,1.907
2003-07-16 10:00:00,33.15,3.085,,1.058,1.507
2003-07-16 11:00:00,41.0,19.38,,3.128,1.739
2003-07-16 12:00:00,29.54,9.577,,10.77,1.094
2003-07-16 13:00:00,17.37,14.13,,12.85,1.1
2003-07-16 14:00:00,11.94,42.8,,17.19,0.946
2003-07-16 15:00:00,14.16,65.47,,14.0,1.131
2003-07-16 16:00:00,15.87,59.65,,11.79,1.226
2003-07-16 17:00:00,23.87,56.11,,9.235,1.36
2003-07-16 18:00:00,31.38,36.12,,5.721,1.859
2003-07-16 19:00:00,23.57,48.09,,0.5,2.561
2003-07-16 20:00:00,23.2,41.71,,0.5,2.207
2003-07-16 21:00:00,30.54,38.21,,0.5,2.042
2003-07-16 22:00:00,28.29,16.88,,0.5,1.449
2003-07-16 23:00:00,18.32,7.736,,0.5,1.57
2003-07-17 00:00:00,28.54,14.46,,0.5,1.177
2003-07-17 01:00:00,29.99,3.457,,0.5,0.866
2003-07-17 02:00:00,23.37,0.65,,0.5,0.561
2003-07-17 03:00:00,30.9,4.339,,0.5,0.495
2003-07-17 04:00:00,30.41,1.948,,0.5,1.054
2003-07-17 05:00:00,23.76,0.65,,0.5,0.696
2003-07-17 06:00:00,26.89,0.65,,0.5,0.459
2003-07-17 07:00:00,24.16,0.65,,0.5,0.452
2003-07-17 08:00:00,20.47,0.65,,0.5,1.6
2003-07-17 09:00:00,34.96,6.589,,0.5,1.555
2003-07-17 10:00:00,45.95,15.08,,0.5,1.428
2003-07-17 11:00:00,33.45,26.91,,1.922,1.231
2003-07-17 12:00:00,32.09,20.59,,3.46,1.182
2003-07-17 13:00:00,33.15,23.82,,5.929,1.084
2003-07-17 14:00:00,23.18,8.113,,10.24,0.923
2003-07-17 15:00:00,15.42,14.08,,11.54,0.905
2003-07-17 16:00:00,26.6,4.982,,10.89,0.986
2003-07-17 17:00:00,27.37,12.96,,4.707,1.634
2003-07-17 18:00:00,15.92,17.51,,0.5,2.391
2003-07-17 19:00:00,33.99,10.05,,0.5,1.864
2003-07-17 20:00:00,41.27,0.65,,0.5,0.877
2003-07-17 21:00:00,28.74,0.65,,9.327,0.446
2003-07-17 22:00:00,18.21,0.65,,19.93,0.316
2003-07-17 23:00:00,16.46,0.65,,21.3,0.379
2003-07-18 00:00:00,10.25,0.65,,32.51,0.292
2003-07-18 01:00:00,14.8,0.65,,26.09,0.238
2003-07-18 02:00:00,12.7,0.65,,22.91,0.27
2003-07-18 03:00:00,15.41,0.65,,1.158,0.787
2003-07-18 04:00:00,14.57,1.942,,0.5,0.823
2003-07-18 05:00:00,9.832,2.61,,0.5,0.741
2003-07-18 06:00:00,15.9,3.498,,0.5,0.74
2003-07-18 07:00:00,26.19,2.056,,0.5,0.532
2003-07-18 08:00:00,35.25,7.355,,0.5,1.263
2003-07-18 09:00:00,44.37,17.66,,0.5,1.523
2003-07-18 10:00:00,53.75,23.4,,0.5,1.704
2003-07-18 11:00:00,60.2,49.92,,0.5,2.01
2003-07-18 12:00:00,69.49,108.9,,1.013,1.873
2003-07-18 13:00:00,90.43,82.7,,1.857,2.678
2003-07-18 14:00:00,99.21,78.08,,2.219,3.325
2003-07-18 15:00:00,96.65,62.09,,1.627,3.301
2003-07-18 16:00:00,93.85,47.93,,1.529,3.007
2003-07-18 17:00:00,80.31,46.34,,0.5,4.01
2003-07-18 18:00:00,79.53,44.0,,0.5,5.148
2003-07-18 19:00:00,106.7,40.46,,0.5,9.095
2003-07-18 20:00:00,146.5,37.65,,0.5,7.441
2003-07-18 21:00:00,147.6,31.66,,0.5,3.79
2003-07-18 22:00:00,85.95,28.5,,0.5,4.818
2003-07-18 23:00:00,62.9,27.52,,0.5,5.213
2003-07-19 00:00:00,81.34,30.55,,0.5,7.666
2003-07-19 01:00:00,78.62,4.424,,0.5,4.477
2003-07-19 02:00:00,61.83,3.053,,0.5,5.412
2003-07-19 03:00:00,51.94,1.993,,0.5,5.2
2003-07-19 04:00:00,54.21,1.351,,0.5,4.77
2003-07-19 05:00:00,55.1,0.65,,0.5,4.324
2003-07-19 06:00:00,50.48,0.65,,0.5,4.816
2003-07-19 07:00:00,48.62,0.65,,0.5,3.91
2003-07-19 08:00:00,33.62,0.65,,0.5,3.933
2003-07-19 09:00:00,51.38,0.65,,0.5,5.09
2003-07-19 10:00:00,85.2,4.964,,0.5,4.455
2003-07-19 11:00:00,68.36,19.31,,0.5,2.166
2003-07-19 12:00:00,53.39,27.57,,,2.131
2003-07-19 13:00:00,46.93,14.78,,17.73,1.738
2003-07-19 14:00:00,41.22,4.2,,37.67,1.143
2003-07-19 15:00:00,23.8,3.703,,26.87,1.407
2003-07-19 16:00:00,25.63,6.315,,19.45,1.631
2003-07-19 17:00:00,44.65,10.62,,15.98,1.835
2003-07-19 18:00:00,29.95,5.842,,10.55,3.159
2003-07-19 19:00:00,45.85,8.859,,2.761,4.928
2003-07-19 20:00:00,84.95,10.83,,2.664,6.924
2003-07-19 21:00:00,75.79,14.34,,3.948,8.219
2003-07-19 22:00:00,96.1,14.67,,5.078,7.829
2003-07-19 23:00:00,122.3,14.0,,5.217,6.8
2003-07-20 00:00:00,119.6,13.17,,3.989,5.445
2003-07-20 01:00:00,85.65,2.556,,3.154,4.453
2003-07-20 02:00:00,59.65,0.65,,2.988,4.3
2003-07-20 03:00:00,64.95,0.65,,2.479,3.749
2003-07-20 04:00:00,48.9,0.65,,1.931,2.92
2003-07-20 05:00:00,45.22,0.65,,1.463,2.481
2003-07-20 06:00:00,36.05,0.65,,0.5,1.792
2003-07-20 07:00:00,23.48,0.65,,0.5,1.492
2003-07-20 08:00:00,30.05,0.65,,1.117,1.6
2003-07-20 09:00:00,40.07,0.65,,1.632,1.733
2003-07-20 10:00:00,49.89,7.601,,5.801,1.753
2003-07-20 11:00:00,42.56,13.41,,22.99,1.013
2003-07-20 12:00:00,25.09,0.65,,26.21,1.123
2003-07-20 13:00:00,20.07,0.65,,27.67,0.86
2003-07-20 14:00:00,25.1,0.65,,36.44,0.799
2003-07-20 15:00:00,15.9,0.65,,31.71,0.746
2003-07-20 16:00:00,12.81,0.65,,26.9,0.866
2003-07-20 17:00:00,29.51,0.65,,18.26,1.159
2003-07-20 18:00:00,30.31,0.65,,5.643,1.346
2003-07-20 19:00:00,24.76,0.65,,2.567,1.685
2003-07-20 20:00:00,22.2,0.65,,1.235,2.717
2003-07-20 21:00:00,45.26,0.65,,0.5,4.047
2003-07-20 22:00:00,52.91,0.65,,0.5,3.098
2003-07-20 23:00:00,35.04,0.65,,0.5,4.814
2003-07-21 00:00:00,49.09,0.65,,0.5,5.041
2003-07-21 01:00:00,57.22,15.8,,0.5,4.62
2003-07-21 02:00:00,58.24,11.93,,0.5,3.666
2003-07-21 03:00:00,50.14,9.299,,0.5,2.334
2003-07-21 04:00:00,42.07,7.119,,2.564,1.748
2003-07-21 05:00:00,42.2,1.867,,35.91,0.628
2003-07-21 06:00:00,34.67,0.65,,39.55,0.561
2003-07-21 07:00:00,30.99,0.65,,44.26,0.467
2003-07-21 08:00:00,25.18,0.65,,40.02,0.506
2003-07-21 09:00:00,23.67,0.65,,20.01,0.795
2003-07-21 10:00:00,12.63,0.65,,11.54,0.661
2003-07-21 11:00:00,4.098,0.65,,7.425,0.901
2003-07-21 12:00:00,14.67,0.65,,13.65,0.931
2003-07-21 13:00:00,21.15,0.65,,18.82,0.676
2003-07-21 14:00:00,22.74,0.65,,18.84,0.477
2003-07-21 15:00:00,18.6,0.65,,16.64,0.65
2003-07-21 16:00:00,27.34,1.818,,6.943,1.137
2003-07-21 17:00:00,34.35,0.65,,0.5,2.065
2003-07-21 18:00:00,13.94,0.65,,0.5,1.121
2003-07-21 19:00:00,17.51,0.65,,0.5,1.59
2003-07-21 20:00:00,31.07,2.318,,0.5,1.455
2003-07-21 21:00:00,26.39,0.65,,0.5,1.689
2003-07-21 22:00:00,30.86,0.65,,0.5,0.977
2003-07-21 23:00:00,23.76,0.65,,5.306,0.587
2003-07-22 00:00:00,29.3,0.65,,2.846,0.778
2003-07-22 01:00:00,36.64,0.65,,3.536,1.006
2003-07-22 02:00:00,15.16,0.65,,19.55,0.719
2003-07-22 03:00:00,1.565,0.65,,27.73,0.735
2003-07-22 04:00:00,5.008,0.65,,27.65,0.583
2003-07-22 05:00:00,6.264,0.65,,27.4,0.594
2003-07-22 06:00:00,5.386,0.65,,34.75,0.642
2003-07-22 07:00:00,4.579,0.65,,21.44,0.784
2003-07-22 08:00:00,0.845,0.65,,11.88,1.094
2003-07-22 09:00:00,8.995,0.65,,6.75,1.482
2003-07-22 10:00:00,8.415,0.65,,8.185,1.541
2003-07-22 11:00:00,9.07,0.65,,17.18,1.149
2003-07-22 12:00:00,22.2,0.65,,16.82,1.244
2003-07-22 13:00:00,12.85,0.65,,13.48,1.284
2003-07-22 14:00:00,2.426,,,,1.046
2003-07-22 15:00:00,2.109,0.65,,16.18,0.757
2003-07-22 16:00:00,,1.883,,16.86,0.659
2003-07-22 17:00:00,,4.797,,8.782,0.707
2003-07-22 18:00:00,1.674,5.061,,4.301,0.7
2003-07-22 19:00:00,7.582,5.474,,2.778,0.519
2003-07-22 20:00:00,16.07,5.353,,1.382,0.532
2003-07-22 21:00:00,15.65,6.101,,0.5,1.086
2003-07-22 22:00:00,11.14,10.39,,0.5,1.77
2003-07-22 23:00:00,16.65,10.08,,0.5,0.536
2003-07-23 00:00:00,16.57,8.657,,0.5,0.848
2003-07-23 01:00:00,18.35,3.097,,0.5,0.783
2003-07-23 02:00:00,32.66,2.524,,0.5,0.482
2003-07-23 03:00:00,20.41,1.46,,0.5,0.351
2003-07-23 04:00:00,16.62,0.65,,0.5,0.296
2003-07-23 05:00:00,27.71,0.65,,0.5,0.235
2003-07-23 06:00:00,12.26,0.65,,0.5,0.286
2003-07-23 07:00:00,0.835,0.65,,0.5,0.367
2003-07-23 08:00:00,17.54,3.115,,0.5,1.002
2003-07-23 09:00:00,42.33,12.41,,0.5,2.238
2003-07-23 10:00:00,39.26,24.46,,0.5,1.657
2003-07-23 11:00:00,26.93,23.41,,0.5,1.279
2003-07-23 12:00:00,31.67,24.72,,1.351,1.027
2003-07-23 13:00:00,35.24,41.11,,4.568,1.196
2003-07-23 14:00:00,37.67,39.73,,3.404,1.405
2003-07-23 15:00:00,38.67,48.98,,3.308,1.558
2003-07-23 16:00:00,22.74,16.42,,5.38,1.035
2003-07-23 17:00:00,34.63,17.99,,0.5,2.18
2003-07-23 18:00:00,47.79,20.0,,0.5,2.556
2003-07-23 19:00:00,47.83,21.89,,0.5,2.708
2003-07-23 20:00:00,49.81,12.64,,0.5,0.668
2003-07-23 21:00:00,37.77,10.51,,2.026,0.497
2003-07-23 22:00:00,15.51,8.403,,9.004,0.443
2003-07-23 23:00:00,21.62,7.0,,5.491,0.575
2003-07-24 00:00:00,20.23,7.015,,2.76,0.792
2003-07-24 01:00:00,2.976,2.586,,13.89,0.525
2003-07-24 02:00:00,2.776,2.361,,16.53,0.497
2003-07-24 03:00:00,1.912,1.6,,15.96,0.445
2003-07-24 04:00:00,4.854,1.757,,20.93,0.485
2003-07-24 05:00:00,2.866,0.65,,25.43,0.406
2003-07-24 06:00:00,0.373,1.783,,23.52,0.322
2003-07-24 07:00:00,0.349,1.632,,24.23,0.418
2003-07-24 08:00:00,10.41,0.65,,12.02,0.476
2003-07-24 09:00:00,12.47,2.655,,2.51,1.063
2003-07-24 10:00:00,2.523,3.483,,8.511,0.832
2003-07-24 11:00:00,,2.485,,13.22,0.61
2003-07-24 12:00:00,5.313,2.997,,8.926,0.789
2003-07-24 13:00:00,8.042,5.533,,6.425,1.171
2003-07-24 14:00:00,13.15,6.643,,6.475,1.646
2003-07-24 15:00:00,11.22,5.497,,9.622,1.203
2003-07-24 16:00:00,14.43,6.037,,9.039,1.268
2003-07-24 17:00:00,22.3,6.308,,4.421,1.417
2003-07-24 18:00:00,16.59,6.735,,3.646,1.679
2003-07-24 19:00:00,14.84,6.219,,8.433,0.98
2003-07-24 20:00:00,11.09,5.673,,16.14,0.964
2003-07-24 21:00:00,8.382,5.188,,20.38,0.754
2003-07-24 22:00:00,11.55,5.597,,16.18,0.898
2003-07-24 23:00:00,6.305,5.908,,10.29,1.084
2003-07-25 00:00:00,,9.481,,2.906,1.086
2003-07-25 01:00:00,7.8,0.65,,7.699,0.757
2003-07-25 02:00:00,12.46,0.65,,6.375,0.598
2003-07-25 03:00:00,8.758,0.65,,13.86,0.604
2003-07-25 04:00:00,6.086,0.65,,8.033,0.52
2003-07-25 05:00:00,12.63,0.65,,8.282,0.521
2003-07-25 06:00:00,9.883,0.65,,12.78,0.54
2003-07-25 07:00:00,,0.65,,24.56,0.419
2003-07-25 08:00:00,0.067,0.65,,14.4,0.715
2003-07-25 09:00:00,9.911,0.65,,4.561,1.423
2003-07-25 10:00:00,9.172,1.996,,5.688,1.513
2003-07-25 11:00:00,9.96,2.839,,7.868,1.566
2003-07-25 12:00:00,11.15,0.65,,19.74,0.981
2003-07-25 13:00:00,10.32,0.65,,28.22,0.844
2003-07-25 14:00:00,8.029,0.65,,31.67,0.58
2003-07-25 15:00:00,2.891,0.65,,25.57,0.611
2003-07-25 16:00:00,7.444,0.65,,25.29,0.629
2003-07-25 17:00:00,16.65,0.65,,26.13,0.554
2003-07-25 18:00:00,17.03,0.65,,25.07,0.568
2003-07-25 19:00:00,5.269,0.65,,17.16,0.704
2003-07-25 20:00:00,6.639,1.493,,22.79,0.541
2003-07-25 21:00:00,14.26,0.65,,26.34,0.531
2003-07-25 22:00:00,15.26,0.65,,32.11,0.456
2003-07-25 23:00:00,7.256,0.65,,33.68,0.508
2003-07-26 00:00:00,10.16,0.65,,31.72,0.469
2003-07-26 01:00:00,16.52,0.65,,33.07,0.424
2003-07-26 02:00:00,18.19,0.65,,35.01,0.417
2003-07-26 03:00:00,10.92,0.65,,38.76,0.44
2003-07-26 04:00:00,10.44,0.65,,41.89,0.403
2003-07-26 05:00:00,22.36,0.65,,38.77,0.328
2003-07-26 06:00:00,31.84,0.65,,39.62,0.354
2003-07-26 07:00:00,20.84,0.65,,40.84,0.467
2003-07-26 08:00:00,1.906,0.65,,40.73,0.524
2003-07-26 09:00:00,16.95,0.65,,27.53,0.505
2003-07-26 10:00:00,15.85,0.65,,29.5,0.533
2003-07-26 11:00:00,5.545,0.65,,35.24,0.527
2003-07-26 12:00:00,12.98,0.65,,33.72,0.465
2003-07-26 13:00:00,12.84,0.65,,35.55,0.472
2003-07-26 14:00:00,9.56,0.65,,38.93,0.449
2003-07-26 15:00:00,5.98,0.65,,41.61,0.412
2003-07-26 16:00:00,13.05,0.65,,36.11,0.374
2003-07-26 17:00:00,16.04,0.65,,35.68,0.427
2003-07-26 18:00:00,5.123,0.65,,34.72,0.506
2003-07-26 19:00:00,5.051,0.65,,33.78,0.496
2003-07-26 20:00:00,18.22,0.65,,35.72,0.461
2003-07-26 21:00:00,13.97,0.65,,32.27,0.454
2003-07-26 22:00:00,13.47,0.65,,33.56,0.447
2003-07-26 23:00:00,11.42,0.65,,34.33,0.48
2003-07-27 00:00:00,5.781,0.65,,33.2,0.414
2003-07-27 01:00:00,7.102,0.65,,31.87,0.485
2003-07-27 02:00:00,11.18,0.65,,35.32,0.465
2003-07-27 03:00:00,20.45,0.65,,36.03,0.402
2003-07-27 04:00:00,10.78,0.65,,37.71,0.401
2003-07-27 05:00:00,6.164,0.65,,37.4,0.314
2003-07-27 06:00:00,5.75,0.65,,35.93,0.404
2003-07-27 07:00:00,1.974,0.65,,31.69,0.359
2003-07-27 08:00:00,3.155,0.65,,26.23,0.452
2003-07-27 09:00:00,6.555,0.65,,24.95,0.405
2003-07-27 10:00:00,8.656,0.65,,31.25,0.444
2003-07-27 11:00:00,16.48,0.65,,33.25,0.43
2003-07-27 12:00:00,12.11,0.65,,34.98,0.488
2003-07-27 13:00:00,1.664,0.65,,35.85,0.636
2003-07-27 14:00:00,3.096,1.697,,37.48,0.628
2003-07-27 15:00:00,12.15,1.395,,40.63,0.475
2003-07-27 16:00:00,18.36,1.929,,39.38,0.513
2003-07-27 17:00:00,8.203,0.65,,35.72,0.556
2003-07-27 18:00:00,0.324,0.65,,31.24,0.464
2003-07-27 19:00:00,14.39,1.797,,30.91,0.435
2003-07-27 20:00:00,14.22,1.413,,27.32,0.405
2003-07-27 21:00:00,8.587,1.304,,13.23,0.567
2003-07-27 22:00:00,7.318,1.378,,16.06,0.61
2003-07-27 23:00:00,11.46,1.403,,18.46,0.461
2003-07-28 00:00:00,19.96,1.896,,12.91,0.516
2003-07-28 01:00:00,18.8,0.65,,24.43,0.213
2003-07-28 02:00:00,9.465,0.65,,24.55,0.301
2003-07-28 03:00:00,1.365,0.65,,27.91,0.25
2003-07-28 04:00:00,1.285,0.65,,20.51,0.265
2003-07-28 05:00:00,8.437,0.65,,15.3,0.301
2003-07-28 06:00:00,7.87,0.65,,11.15,0.259
2003-07-28 07:00:00,13.85,0.65,,0.5,0.66
2003-07-28 08:00:00,13.03,2.157,,0.5,2.026
2003-07-28 09:00:00,27.05,8.752,,0.5,3.64
2003-07-28 10:00:00,52.1,8.382,,0.5,1.813
2003-07-28 11:00:00,32.22,7.197,,8.549,0.67
2003-07-28 12:00:00,19.05,5.265,,13.26,0.765
2003-07-28 13:00:00,25.51,4.711,,17.54,0.736
2003-07-28 14:00:00,33.15,40.19,,9.127,1.788
2003-07-28 15:00:00,34.42,49.58,,13.35,1.546
2003-07-28 16:00:00,20.98,5.854,,29.14,0.451
2003-07-28 17:00:00,12.16,3.267,,21.89,0.436
2003-07-28 18:00:00,5.727,2.24,,20.09,0.409
2003-07-28 19:00:00,22.71,2.266,,8.865,0.69
2003-07-28 20:00:00,32.84,0.65,,7.429,0.657
2003-07-28 21:00:00,20.49,1.857,,0.5,0.845
2003-07-28 22:00:00,16.69,0.65,,0.5,0.857
2003-07-28 23:00:00,26.99,0.65,,0.5,1.067
2003-07-29 00:00:00,43.71,0.65,,0.5,1.435
2003-07-29 01:00:00,27.98,5.111,,0.5,1.045
2003-07-29 02:00:00,22.64,3.558,,0.5,0.536
2003-07-29 03:00:00,29.24,2.95,,0.5,0.665
2003-07-29 04:00:00,30.02,3.496,,0.5,0.633
2003-07-29 05:00:00,17.92,3.474,,0.5,0.622
2003-07-29 06:00:00,0.01,3.274,,0.5,0.569
2003-07-29 07:00:00,17.51,3.939,,0.5,0.918
2003-07-29 08:00:00,32.88,7.931,,0.5,2.318
2003-07-29 09:00:00,40.86,19.09,,0.5,4.781
2003-07-29 10:00:00,74.8,36.09,,0.5,3.135
2003-07-29 11:00:00,77.71,35.57,,1.235,1.344
2003-07-29 12:00:00,37.43,27.86,,4.403,0.907
2003-07-29 13:00:00,24.59,19.36,,8.715,0.832
2003-07-29 14:00:00,24.02,11.63,,14.61,0.693
2003-07-29 15:00:00,29.09,16.76,,8.617,1.119
2003-07-29 16:00:00,27.75,21.44,,11.43,1.061
2003-07-29 17:00:00,27.58,99.47,,1.779,1.624
2003-07-29 18:00:00,33.96,44.7,,1.728,1.635
2003-07-29 19:00:00,38.72,46.8,,1.544,1.895
2003-07-29 20:00:00,39.32,22.98,,5.61,0.972
2003-07-29 21:00:00,49.1,31.83,,7.764,0.697
2003-07-29 22:00:00,38.4,50.96,,8.128,0.539
2003-07-29 23:00:00,25.97,28.98,,9.017,0.42
2003-07-30 00:00:00,18.28,12.12,,11.91,0.35
2003-07-30 01:00:00,8.799,1.993,,15.04,0.287
2003-07-30 02:00:00,15.52,12.16,,15.28,0.204
2003-07-30 03:00:00,6.835,11.04,,15.26,0.211
2003-07-30 04:00:00,16.72,8.835,,16.95,0.145
2003-07-30 05:00:00,15.68,0.65,,17.87,0.266
2003-07-30 06:00:00,,5.536,,12.45,0.281
2003-07-30 07:00:00,18.36,14.58,,3.165,0.352
2003-07-30 08:00:00,21.86,27.55,,0.5,1.13
2003-07-30 09:00:00,15.91,35.23,,0.5,1.557
2003-07-30 10:00:00,32.05,55.98,,3.017,1.26
2003-07-30 11:00:00,37.98,58.27,,8.43,0.844
2003-07-30 12:00:00,22.49,68.08,,12.85,0.709
2003-07-30 13:00:00,19.08,62.89,,19.28,0.458
2003-07-30 14:00:00,16.84,46.87,,17.14,0.617
2003-07-30 15:00:00,25.11,55.84,,14.83,0.705
2003-07-30 16:00:00,27.69,67.53,,15.25,0.692
2003-07-30 17:00:00,22.28,46.86,,11.05,0.847
2003-07-30 18:00:00,24.48,71.93,,3.094,1.257
2003-07-30 19:00:00,21.22,72.84,,0.5,1.757
2003-07-30 20:00:00,23.46,45.5,,0.5,1.536
2003-07-30 21:00:00,35.01,20.02,,0.5,1.706
2003-07-30 22:00:00,40.39,16.22,,0.5,1.205
2003-07-30 23:00:00,32.71,11.72,,0.5,3.807
2003-07-31 00:00:00,48.37,9.674,,0.5,1.915
2003-07-31 01:00:00,48.11,7.403,,0.5,1.467
2003-07-31 02:00:00,31.23,4.414,,0.5,1.05
2003-07-31 03:00:00,35.96,1.583,,2.649,0.774
2003-07-31 04:00:00,36.97,0.65,,2.321,0.889
2003-07-31 05:00:00,37.05,0.65,,0.5,1.63
2003-07-31 06:00:00,22.7,0.65,,0.5,1.108
2003-07-31 07:00:00,20.51,0.65,,0.5,1.398
2003-07-31 08:00:00,36.85,0.65,,0.5,1.768
2003-07-31 09:00:00,42.53,4.383,,0.5,2.658
2003-07-31 10:00:00,53.07,19.07,,0.5,2.712
2003-07-31 11:00:00,47.46,27.36,,4.742,1.879
2003-07-31 12:00:00,38.77,15.83,,16.07,1.384
2003-07-31 13:00:00,45.03,14.97,,18.51,1.415
2003-07-31 14:00:00,31.32,29.8,,14.33,1.459
2003-07-31 15:00:00,16.13,8.106,,18.09,1.458
2003-07-31 16:00:00,26.4,0.65,,50.09,0.819
2003-07-31 17:00:00,43.74,0.65,,28.69,1.018
2003-07-31 18:00:00,30.97,0.65,,19.26,0.768
2003-07-31 19:00:00,24.57,0.65,,6.88,1.204
2003-07-31 20:00:00,21.71,0.65,,10.49,1.072
2003-07-31 21:00:00,16.07,0.65,,4.743,1.227
2003-07-31 22:00:00,25.3,0.65,,11.56,0.952
2003-07-31 23:00:00,16.3,0.65,,7.551,1.007
2003-08-01 00:00:00,18.32,0.65,,3.051,0.793
2003-08-01 01:00:00,21.49,0.65,,15.41,
2003-08-01 02:00:00,13.93,0.65,,20.58,
2003-08-01 03:00:00,6.668,0.65,,13.81,
2003-08-01 04:00:00,,0.65,,15.19,
2003-08-01 05:00:00,13.96,0.65,,4.14,
2003-08-01 06:00:00,26.06,1.429,,1.41,
2003-08-01 07:00:00,13.49,1.34,,0.5,
2003-08-01 08:00:00,12.11,3.062,,0.5,
2003-08-01 09:00:00,30.22,3.549,,0.5,
2003-08-01 10:00:00,55.36,9.893,,0.5,
2003-08-01 11:00:00,57.45,11.75,,6.275,
2003-08-01 12:00:00,52.52,12.0,,5.097,1.816
2003-08-01 13:00:00,53.61,36.09,,4.544,1.947
2003-08-01 14:00:00,60.18,17.08,,11.92,1.414
2003-08-01 15:00:00,57.57,34.07,,10.63,1.49
2003-08-01 16:00:00,45.66,17.99,,45.57,0.766
2003-08-01 17:00:00,34.14,13.55,,48.96,0.455
2003-08-01 18:00:00,31.8,6.774,,32.3,0.414
2003-08-01 19:00:00,38.22,5.696,,19.63,0.456
2003-08-01 20:00:00,43.04,4.817,,13.28,0.539
2003-08-01 21:00:00,37.26,2.314,,11.54,0.571
2003-08-01 22:00:00,29.74,1.664,,1.926,0.715
2003-08-01 23:00:00,35.17,2.431,,0.5,0.796
2003-08-02 00:00:00,42.57,1.767,,0.5,0.735
2003-08-02 01:00:00,25.51,2.624,,0.5,1.007
2003-08-02 02:00:00,15.24,2.947,,0.5,1.572
2003-08-02 03:00:00,17.47,3.944,,0.5,2.691
2003-08-02 04:00:00,22.54,4.633,,0.5,1.963
2003-08-02 05:00:00,26.26,5.304,,0.5,1.965
2003-08-02 06:00:00,19.14,6.28,,0.5,1.773
2003-08-02 07:00:00,20.79,6.143,,0.5,2.08
2003-08-02 08:00:00,35.03,6.493,,0.5,1.573
2003-08-02 09:00:00,39.45,6.462,,0.5,2.007
2003-08-02 10:00:00,39.69,7.035,,0.5,2.473
2003-08-02 11:00:00,57.51,17.4,,1.637,2.577
2003-08-02 12:00:00,63.2,20.08,,8.638,1.925
2003-08-02 13:00:00,61.93,25.25,,24.7,1.376
2003-08-02 14:00:00,59.43,20.5,,41.63,1.254
2003-08-02 15:00:00,53.57,14.05,,63.04,0.934
2003-08-02 16:00:00,61.19,10.84,,64.34,0.887
2003-08-02 17:00:00,60.06,15.68,,40.2,1.454
2003-08-02 18:00:00,62.01,19.47,,18.51,1.358
2003-08-02 19:00:00,73.67,10.79,,4.868,1.61
2003-08-02 20:00:00,70.45,8.712,,15.42,1.06
2003-08-02 21:00:00,82.6,7.704,,10.47,1.145
2003-08-02 22:00:00,66.59,8.226,,1.769,1.838
2003-08-02 23:00:00,67.76,10.53,,0.5,2.692
2003-08-03 00:00:00,78.11,14.79,,0.5,2.448
2003-08-03 01:00:00,66.06,8.536,,0.5,2.326
2003-08-03 02:00:00,53.65,9.918,,0.5,2.623
2003-08-03 03:00:00,50.08,6.428,,0.5,1.982
2003-08-03 04:00:00,62.86,6.295,,0.5,1.709
2003-08-03 05:00:00,43.56,4.551,,3.072,1.02
2003-08-03 06:00:00,12.79,3.46,,13.31,0.681
2003-08-03 07:00:00,12.79,2.107,,17.81,0.61
2003-08-03 08:00:00,23.09,0.65,,12.95,0.547
2003-08-03 09:00:00,25.63,0.65,,21.55,0.44
2003-08-03 10:00:00,29.61,1.676,,27.28,0.537
2003-08-03 11:00:00,27.04,2.25,,27.25,0.652
2003-08-03 12:00:00,18.62,3.276,,34.33,0.618
2003-08-03 13:00:00,35.66,3.192,,42.0,0.711
2003-08-03 14:00:00,46.83,1.615,,49.26,0.634
2003-08-03 15:00:00,35.36,1.532,,44.08,0.63
2003-08-03 16:00:00,37.47,1.575,,36.12,0.616
2003-08-03 17:00:00,37.19,1.333,,30.36,0.707
2003-08-03 18:00:00,26.4,1.606,,24.05,0.74
2003-08-03 19:00:00,36.1,1.742,,16.52,0.728
2003-08-03 20:00:00,40.97,1.856,,13.51,0.848
2003-08-03 21:00:00,26.04,2.596,,6.96,0.881
2003-08-03 22:00:00,23.62,1.768,,5.919,0.904
2003-08-03 23:00:00,34.0,1.94,,6.308,0.679
2003-08-04 00:00:00,38.51,2.143,,0.5,1.181
2003-08-04 01:00:00,30.3,0.65,,0.5,1.182
2003-08-04 02:00:00,32.44,0.65,,0.5,0.959
2003-08-04 03:00:00,29.67,0.65,,0.5,0.942
2003-08-04 04:00:00,16.82,0.65,,0.5,0.911
2003-08-04 05:00:00,8.918,0.65,,0.5,1.079
2003-08-04 06:00:00,9.145,0.65,,0.5,1.17
2003-08-04 07:00:00,14.83,0.65,,0.5,1.19
2003-08-04 08:00:00,40.58,1.764,,0.5,3.835
2003-08-04 09:00:00,83.71,7.22,,0.5,7.613
2003-08-04 10:00:00,111.0,10.36,,0.5,4.814
2003-08-04 11:00:00,92.94,32.87,,0.5,4.298
2003-08-04 12:00:00,66.56,26.23,,12.31,1.347
2003-08-04 13:00:00,46.67,13.32,,26.67,1.016
2003-08-04 14:00:00,26.51,6.403,,35.42,0.801
2003-08-04 15:00:00,34.49,4.633,,29.54,0.81
2003-08-04 16:00:00,29.94,3.761,,25.99,0.723
2003-08-04 17:00:00,25.85,3.242,,14.57,0.933
2003-08-04 18:00:00,40.09,4.771,,1.469,1.497
2003-08-04 19:00:00,40.58,5.696,,0.5,1.979
2003-08-04 20:00:00,54.87,3.815,,3.615,1.524
2003-08-04 21:00:00,55.88,2.149,,6.608,1.091
2003-08-04 22:00:00,38.01,12.36,,0.5,5.359
2003-08-04 23:00:00,68.96,15.3,,0.5,6.764
2003-08-05 00:00:00,94.09,17.28,,0.5,4.594
2003-08-05 01:00:00,88.52,5.985,,0.5,3.663
2003-08-05 02:00:00,80.91,8.414,,0.5,4.993
2003-08-05 03:00:00,71.71,7.414,,0.5,3.575
2003-08-05 04:00:00,59.61,4.46,,0.5,2.076
2003-08-05 05:00:00,49.84,1.811,,0.5,1.465
2003-08-05 06:00:00,51.09,0.65,,0.5,0.989
2003-08-05 07:00:00,68.87,0.65,,0.5,1.131
2003-08-05 08:00:00,68.36,5.244,,0.5,3.475
2003-08-05 09:00:00,83.57,29.07,,0.5,3.605
2003-08-05 10:00:00,90.9,34.78,,0.5,1.88
2003-08-05 11:00:00,83.43,24.87,,0.5,3.823
2003-08-05 12:00:00,81.86,20.39,,0.5,2.032
2003-08-05 13:00:00,88.25,9.027,,0.5,4.633
2003-08-05 14:00:00,117.1,7.731,,0.5,3.73
2003-08-05 15:00:00,76.86,8.151,,0.5,1.794
2003-08-05 16:00:00,37.83,7.983,,1.378,1.341
2003-08-05 17:00:00,43.91,2.389,,3.797,1.087
2003-08-05 18:00:00,43.13,3.378,,1.025,1.364
2003-08-05 19:00:00,35.87,4.211,,1.129,1.576
2003-08-05 20:00:00,30.76,17.86,,1.565,1.724
2003-08-05 21:00:00,30.42,38.79,,3.867,1.238
2003-08-05 22:00:00,25.55,24.25,,6.196,0.926
2003-08-05 23:00:00,16.59,13.25,,6.027,0.983
2003-08-06 00:00:00,21.39,0.65,,7.828,0.652
2003-08-06 01:00:00,28.29,2.26,,18.59,0.596
2003-08-06 02:00:00,12.17,0.65,,25.62,0.392
2003-08-06 03:00:00,14.38,9.218,,26.69,0.401
2003-08-06 04:00:00,13.76,9.463,,26.27,0.302
2003-08-06 05:00:00,1.983,17.61,,33.05,0.31
2003-08-06 06:00:00,1.897,11.36,,31.23,0.337
2003-08-06 07:00:00,,10.49,,22.38,0.372
2003-08-06 08:00:00,9.18,44.13,,10.64,0.739
2003-08-06 09:00:00,13.72,32.69,,13.83,0.825
2003-08-06 10:00:00,15.82,64.25,,13.38,0.706
2003-08-06 11:00:00,16.45,65.38,,14.99,0.658
2003-08-06 12:00:00,17.34,35.22,,18.14,0.699
2003-08-06 13:00:00,25.05,25.47,,21.42,0.559
2003-08-06 14:00:00,22.43,5.255,,28.37,0.454
2003-08-06 15:00:00,8.706,7.783,,29.18,0.518
2003-08-06 16:00:00,13.28,9.103,,30.71,0.685
2003-08-06 17:00:00,22.15,40.81,,14.62,1.106
2003-08-06 18:00:00,35.21,15.91,,9.89,1.015
2003-08-06 19:00:00,52.52,36.72,,3.789,1.515
2003-08-06 20:00:00,35.24,63.58,,8.676,0.922
2003-08-06 21:00:00,35.48,43.59,,13.11,0.615
2003-08-06 22:00:00,47.32,73.31,,11.46,0.535
2003-08-06 23:00:00,47.0,56.83,,12.71,0.628
2003-08-07 00:00:00,43.05,13.41,,16.1,0.626
2003-08-07 01:00:00,36.3,0.65,,28.82,0.223
2003-08-07 02:00:00,34.91,5.04,,32.84,0.185
2003-08-07 03:00:00,19.97,0.65,,36.18,0.136
2003-08-07 04:00:00,20.45,1.429,,38.2,0.102
2003-08-07 05:00:00,36.68,0.65,,38.16,0.132
2003-08-07 06:00:00,23.36,0.65,,32.69,0.165
2003-08-07 07:00:00,7.936,1.833,,20.44,0.256
2003-08-07 08:00:00,15.52,16.55,,4.378,1.077
2003-08-07 09:00:00,32.31,39.33,,12.39,0.743
2003-08-07 10:00:00,29.93,33.45,,19.57,0.546
2003-08-07 11:00:00,18.2,54.08,,20.77,0.448
2003-08-07 12:00:00,18.9,22.81,,22.17,0.511
2003-08-07 13:00:00,20.36,25.18,,25.78,0.465
2003-08-07 14:00:00,20.0,13.23,,27.52,0.466
2003-08-07 15:00:00,19.25,23.63,,22.06,0.778
2003-08-07 16:00:00,19.38,55.83,,17.4,0.942
2003-08-07 17:00:00,27.94,45.68,,18.94,0.656
2003-08-07 18:00:00,33.06,67.25,,6.11,1.466
2003-08-07 19:00:00,26.12,44.99,,0.5,1.862
2003-08-07 20:00:00,30.37,39.99,,0.5,2.018
2003-08-07 21:00:00,30.1,12.74,,2.49,1.177
2003-08-07 22:00:00,33.84,16.25,,2.876,1.11
2003-08-07 23:00:00,27.91,15.91,,0.5,0.851
2003-08-08 00:00:00,23.39,9.917,,0.5,1.481
2003-08-08 01:00:00,39.31,12.13,,0.5,1.186
2003-08-08 02:00:00,45.24,7.039,,0.5,1.162
2003-08-08 03:00:00,48.37,5.658,,0.5,1.709
2003-08-08 04:00:00,29.53,5.214,,0.5,1.362
2003-08-08 05:00:00,25.65,5.292,,0.5,1.282
2003-08-08 06:00:00,32.6,4.785,,0.5,0.731
2003-08-08 07:00:00,33.32,4.496,,0.5,1.189
2003-08-08 08:00:00,44.39,7.449,,0.5,2.19
2003-08-08 09:00:00,59.65,20.49,,0.5,2.623
2003-08-08 10:00:00,60.07,39.31,,0.5,2.663
2003-08-08 11:00:00,54.35,33.84,,3.937,1.899
2003-08-08 12:00:00,55.02,42.32,,11.04,1.297
2003-08-08 13:00:00,24.83,15.34,,18.48,1.275
2003-08-08 14:00:00,15.86,24.11,,17.23,1.466
2003-08-08 15:00:00,25.5,25.09,,22.33,1.649
2003-08-08 16:00:00,29.62,12.69,,18.78,1.444
2003-08-08 17:00:00,26.73,21.99,,7.92,2.567
2003-08-08 18:00:00,22.08,11.43,,9.087,1.525
2003-08-08 19:00:00,52.83,14.89,,2.71,2.448
2003-08-08 20:00:00,88.18,20.88,,0.5,4.873
2003-08-08 21:00:00,115.1,20.29,,0.5,5.066
2003-08-08 22:00:00,140.7,22.22,,1.263,5.454
2003-08-08 23:00:00,112.7,33.16,,0.5,2.038
2003-08-09 00:00:00,65.39,21.9,,5.299,1.115
2003-08-09 01:00:00,59.53,2.471,,39.1,0.18
2003-08-09 02:00:00,36.2,10.23,,40.62,0.142
2003-08-09 03:00:00,4.874,13.68,,40.55,0.102
2003-08-09 04:00:00,6.954,9.957,,36.46,0.149
2003-08-09 05:00:00,6.726,9.54,,37.52,0.1
2003-08-09 06:00:00,,14.26,,32.97,0.135
2003-08-09 07:00:00,5.147,13.86,,32.36,0.155
2003-08-09 08:00:00,11.27,32.95,,25.37,0.17
2003-08-09 09:00:00,12.31,40.48,,23.44,0.206
2003-08-09 10:00:00,5.976,39.99,,25.01,0.172
2003-08-09 11:00:00,2.239,44.3,,24.23,0.155
2003-08-09 12:00:00,18.73,38.83,,23.21,0.247
2003-08-09 13:00:00,25.01,35.09,,24.29,0.214
2003-08-09 14:00:00,20.95,32.12,,26.5,0.232
2003-08-09 15:00:00,20.72,41.77,,20.51,0.318
2003-08-09 16:00:00,14.5,40.49,,21.08,0.261
2003-08-09 17:00:00,11.75,33.84,,21.01,0.263
2003-08-09 18:00:00,5.8,20.21,,18.28,0.328
2003-08-09 19:00:00,14.2,32.53,,12.82,0.496
2003-08-09 20:00:00,20.54,37.16,,7.857,0.988
2003-08-09 21:00:00,12.58,31.06,,10.87,0.724
2003-08-09 22:00:00,7.027,25.14,,13.79,0.501
2003-08-09 23:00:00,22.71,25.63,,12.12,0.533
2003-08-10 00:00:00,28.4,27.37,,11.95,0.462
2003-08-10 01:00:00,15.24,30.12,,12.58,0.487
2003-08-10 02:00:00,20.91,20.65,,16.84,0.357
2003-08-10 03:00:00,23.61,19.72,,15.92,0.292
2003-08-10 04:00:00,10.38,14.57,,15.71,0.258
2003-08-10 05:00:00,11.09,17.88,,14.49,0.241
2003-08-10 06:00:00,10.76,12.91,,14.55,0.229
2003-08-10 07:00:00,,30.81,,11.88,0.257
2003-08-10 08:00:00,7.6,20.43,,13.58,0.248
2003-08-10 09:00:00,20.42,14.52,,13.83,0.175
2003-08-10 10:00:00,13.07,21.23,,19.07,0.196
2003-08-10 11:00:00,2.393,14.61,,26.12,0.189
2003-08-10 12:00:00,15.83,9.629,,27.37,0.518
2003-08-10 13:00:00,13.21,24.22,,28.76,0.604
2003-08-10 14:00:00,8.866,3.085,,39.12,0.437
2003-08-10 15:00:00,14.09,4.194,,35.91,0.423
2003-08-10 16:00:00,16.2,1.594,,34.32,0.407
2003-08-10 17:00:00,18.62,0.65,,34.95,0.4
2003-08-10 18:00:00,11.84,0.65,,32.86,0.343
2003-08-10 19:00:00,3.724,0.65,,23.55,0.398
2003-08-10 20:00:00,14.27,0.65,,18.62,0.471
2003-08-10 21:00:00,34.35,0.65,,9.942,0.591
2003-08-10 22:00:00,36.71,0.65,,15.61,0.438
2003-08-10 23:00:00,35.09,0.65,,11.98,0.549
2003-08-11 00:00:00,22.63,1.946,,4.086,0.772
2003-08-11 01:00:00,14.63,3.149,,3.379,0.84
2003-08-11 02:00:00,20.21,2.953,,0.5,1.176
2003-08-11 03:00:00,16.55,3.331,,0.5,1.025
2003-08-11 04:00:00,23.9,2.546,,0.5,0.74
2003-08-11 05:00:00,20.46,2.738,,2.019,0.686
2003-08-11 06:00:00,6.097,2.259,,5.953,0.481
2003-08-11 07:00:00,18.64,3.854,,3.747,0.627
2003-08-11 08:00:00,26.4,7.933,,0.5,1.696
2003-08-11 09:00:00,31.22,10.82,,0.5,1.626
2003-08-11 10:00:00,41.41,29.55,,0.5,1.572
2003-08-11 11:00:00,35.77,35.89,,5.403,1.004
2003-08-11 12:00:00,34.15,33.08,,16.24,0.749
2003-08-11 13:00:00,27.39,30.87,,14.24,1.037
2003-08-11 14:00:00,29.8,19.46,,28.81,0.511
2003-08-11 15:00:00,38.58,8.476,,36.23,0.377
2003-08-11 16:00:00,25.37,4.133,,39.32,0.269
2003-08-11 17:00:00,29.55,3.244,,38.83,0.529
2003-08-11 18:00:00,29.67,3.816,,26.63,0.624
2003-08-11 19:00:00,20.76,5.654,,4.514,1.025
2003-08-11 20:00:00,32.24,4.326,,5.228,0.751
2003-08-11 21:00:00,42.75,3.867,,17.79,0.539
2003-08-11 22:00:00,29.35,3.351,,19.92,0.497
2003-08-11 23:00:00,16.08,3.598,,17.83,0.418
2003-08-12 00:00:00,20.46,3.441,,24.94,0.344
2003-08-12 01:00:00,30.31,0.65,,25.36,0.31
2003-08-12 02:00:00,33.6,0.65,,21.62,0.337
2003-08-12 03:00:00,22.77,0.65,,20.31,0.419
2003-08-12 04:00:00,8.525,0.65,,21.34,0.274
2003-08-12 05:00:00,5.895,0.65,,14.52,0.246
2003-08-12 06:00:00,5.069,0.65,,1.796,0.354
2003-08-12 07:00:00,12.45,0.65,,0.5,0.356
2003-08-12 08:00:00,16.58,2.524,,0.5,1.09
2003-08-12 09:00:00,43.34,5.839,,0.5,3.054
2003-08-12 10:00:00,89.52,18.59,,0.5,2.79
2003-08-12 11:00:00,88.67,40.06,,0.5,1.838
2003-08-12 12:00:00,70.28,48.79,,4.915,1.434
2003-08-12 13:00:00,52.91,18.03,,21.36,0.963
2003-08-12 14:00:00,40.29,21.21,,16.18,1.338
2003-08-12 15:00:00,57.97,49.61,,15.29,1.581
2003-08-12 16:00:00,65.67,52.06,,14.23,1.328
2003-08-12 17:00:00,54.4,45.13,,9.304,1.461
2003-08-12 18:00:00,43.8,8.544,,32.52,0.352
2003-08-12 19:00:00,41.77,6.532,,15.02,0.451
2003-08-12 20:00:00,44.23,4.335,,14.68,0.437
2003-08-12 21:00:00,48.81,3.35,,14.76,0.367
2003-08-12 22:00:00,31.1,2.828,,13.11,0.371
2003-08-12 23:00:00,33.37,2.39,,5.947,0.652
2003-08-13 00:00:00,46.18,1.791,,0.5,0.921
2003-08-13 01:00:00,21.87,0.65,,0.5,0.674
2003-08-13 02:00:00,33.19,0.65,,0.5,0.945
2003-08-13 03:00:00,26.87,0.65,,0.5,0.546
2003-08-13 04:00:00,10.73,0.65,,1.029,0.556
2003-08-13 05:00:00,31.99,0.65,,0.5,0.613
2003-08-13 06:00:00,35.46,0.65,,0.5,0.73
2003-08-13 07:00:00,36.37,0.65,,0.5,0.779
2003-08-13 08:00:00,34.56,0.65,,0.5,2.648
2003-08-13 09:00:00,64.35,2.569,,0.5,3.958
2003-08-13 10:00:00,103.0,14.06,,0.5,3.102
2003-08-13 11:00:00,84.68,23.62,,7.342,1.009
2003-08-13 12:00:00,59.78,14.64,,12.6,0.826
2003-08-13 13:00:00,45.99,10.51,,27.22,0.749
2003-08-13 14:00:00,35.77,7.936,,33.2,0.779
2003-08-13 15:00:00,32.99,4.461,,37.43,0.78
2003-08-13 16:00:00,35.63,2.827,,47.91,0.544
2003-08-13 17:00:00,33.09,6.601,,27.43,1.294
2003-08-13 18:00:00,41.62,12.61,,4.873,1.965
2003-08-13 19:00:00,63.47,5.422,,3.64,1.419
2003-08-13 20:00:00,89.11,2.914,,4.486,1.441
2003-08-13 21:00:00,103.2,2.783,,0.5,1.332
2003-08-13 22:00:00,73.38,1.529,,0.5,1.224
2003-08-13 23:00:00,73.77,2.001,,0.5,1.192
2003-08-14 00:00:00,73.48,3.88,,0.5,2.486
2003-08-14 01:00:00,67.17,8.411,,0.5,2.638
2003-08-14 02:00:00,77.76,9.792,,0.5,2.647
2003-08-14 03:00:00,71.88,8.272,,0.5,1.781
2003-08-14 04:00:00,75.9,7.48,,0.5,1.228
2003-08-14 05:00:00,51.16,6.904,,0.5,0.794
2003-08-14 06:00:00,38.24,7.149,,0.5,0.335
2003-08-14 07:00:00,61.25,8.099,,0.5,0.416
2003-08-14 08:00:00,79.71,12.45,,0.5,1.681
2003-08-14 09:00:00,87.9,30.57,,0.5,2.015
2003-08-14 10:00:00,95.78,53.01,,0.5,1.706
2003-08-14 11:00:00,83.46,47.74,,5.535,0.926
2003-08-14 12:00:00,50.17,28.86,,8.594,0.876
2003-08-14 13:00:00,60.05,31.58,,18.33,0.719
2003-08-14 14:00:00,70.24,11.49,,36.88,0.572
2003-08-14 15:00:00,54.56,5.84,,49.33,0.387
2003-08-14 16:00:00,51.83,2.621,,65.42,0.207
2003-08-14 17:00:00,48.03,2.21,,64.06,0.169
2003-08-14 18:00:00,49.79,2.384,,46.24,0.208
2003-08-14 19:00:00,43.64,2.01,,29.18,0.304
2003-08-14 20:00:00,38.7,0.65,,44.36,0.176
2003-08-14 21:00:00,47.02,0.65,,47.41,0.139
2003-08-14 22:00:00,38.85,0.65,,46.17,0.097
2003-08-14 23:00:00,24.05,0.65,,48.65,0.101
2003-08-15 00:00:00,23.91,0.65,,44.79,0.223
2003-08-15 01:00:00,23.23,1.697,,49.71,0.401
2003-08-15 02:00:00,17.65,3.253,,47.46,0.554
2003-08-15 03:00:00,23.93,3.211,,43.85,0.488
2003-08-15 04:00:00,24.85,3.481,,42.75,0.514
2003-08-15 05:00:00,25.26,3.641,,34.21,0.466
2003-08-15 06:00:00,28.35,2.969,,37.54,0.459
2003-08-15 07:00:00,19.55,3.496,,32.0,0.487
2003-08-15 08:00:00,15.12,6.103,,7.583,1.272
2003-08-15 09:00:00,18.66,6.288,,10.27,1.118
2003-08-15 10:00:00,25.95,6.76,,4.404,1.705
2003-08-15 11:00:00,41.58,5.799,,4.552,1.406
2003-08-15 12:00:00,44.06,6.476,,9.646,1.373
2003-08-15 13:00:00,25.83,8.478,,4.938,1.734
2003-08-15 14:00:00,38.86,8.223,,9.768,1.494
2003-08-15 15:00:00,38.45,8.926,,12.9,1.389
2003-08-15 16:00:00,20.18,8.906,,25.72,1.018
2003-08-15 17:00:00,23.02,6.548,,26.98,0.981
2003-08-15 18:00:00,17.97,6.948,,15.04,1.326
2003-08-15 19:00:00,19.02,7.753,,11.93,1.505
2003-08-15 20:00:00,21.6,6.292,,16.17,1.229
2003-08-15 21:00:00,26.36,5.642,,19.19,1.014
2003-08-15 22:00:00,31.71,4.656,,28.06,0.774
2003-08-15 23:00:00,14.85,4.34,,28.7,0.768
2003-08-16 00:00:00,11.25,4.128,,24.04,0.713
2003-08-16 01:00:00,16.66,0.65,,22.91,0.421
2003-08-16 02:00:00,18.21,0.65,,28.53,0.307
2003-08-16 03:00:00,16.07,0.65,,27.89,0.274
2003-08-16 04:00:00,6.641,0.65,,28.34,0.265
2003-08-16 05:00:00,2.78,0.65,,30.74,0.253
2003-08-16 06:00:00,0.064,0.65,,40.91,0.175
2003-08-16 07:00:00,9.067,3.44,,32.11,0.216
2003-08-16 08:00:00,17.32,20.77,,16.85,0.589
2003-08-16 09:00:00,8.329,12.98,,16.04,0.666
2003-08-16 10:00:00,9.893,29.2,,23.55,0.56
2003-08-16 11:00:00,10.76,18.14,,26.79,0.467
2003-08-16 12:00:00,9.085,23.68,,25.92,0.527
2003-08-16 13:00:00,14.81,10.12,,30.55,0.37
2003-08-16 14:00:00,14.31,0.65,,37.42,0.336
2003-08-16 15:00:00,7.089,0.65,,39.44,0.311
2003-08-16 16:00:00,14.79,0.65,,38.19,0.444
2003-08-16 17:00:00,14.34,0.65,,33.6,0.367
2003-08-16 18:00:00,6.657,0.65,,26.05,0.437
2003-08-16 19:00:00,17.67,0.65,,18.25,0.449
2003-08-16 20:00:00,29.02,0.65,,20.9,0.503
2003-08-16 21:00:00,24.12,0.65,,15.46,0.888
2003-08-16 22:00:00,15.95,0.65,,18.15,0.881
2003-08-16 23:00:00,11.75,0.65,,24.52,0.717
2003-08-17 00:00:00,14.1,0.65,,25.08,0.623
2003-08-17 01:00:00,18.4,7.968,,19.09,0.822
2003-08-17 02:00:00,6.863,4.382,,23.93,0.651
2003-08-17 03:00:00,6.965,1.485,,26.65,0.507
2003-08-17 04:00:00,12.36,5.878,,17.56,0.553
2003-08-17 05:00:00,24.25,5.146,,16.32,0.619
2003-08-17 06:00:00,20.31,13.39,,5.651,0.852
2003-08-17 07:00:00,1.948,15.41,,7.536,0.588
2003-08-17 08:00:00,28.63,12.4,,11.99,0.417
2003-08-17 09:00:00,31.85,43.62,,14.32,0.403
2003-08-17 10:00:00,13.25,40.39,,19.78,0.452
2003-08-17 11:00:00,20.11,35.51,,26.83,0.409
2003-08-17 12:00:00,27.95,28.65,,31.87,0.419
2003-08-17 13:00:00,16.6,9.042,,35.4,0.409
2003-08-17 14:00:00,4.707,6.134,,33.51,0.473
2003-08-17 15:00:00,10.14,3.34,,37.03,0.377
2003-08-17 16:00:00,6.966,14.69,,33.17,0.492
2003-08-17 17:00:00,12.14,15.23,,27.5,0.686
2003-08-17 18:00:00,10.21,9.934,,17.22,1.037
2003-08-17 19:00:00,13.58,18.77,,2.786,1.35
2003-08-17 20:00:00,37.18,8.453,,0.5,1.439
2003-08-17 21:00:00,40.09,8.309,,0.5,1.972
2003-08-17 22:00:00,43.34,4.577,,0.5,1.212
2003-08-17 23:00:00,55.08,3.53,,0.5,1.091
2003-08-18 00:00:00,49.39,2.263,,0.5,1.153
2003-08-18 01:00:00,51.14,0.65,,3.892,0.744
2003-08-18 02:00:00,37.94,0.65,,1.662,0.448
2003-08-18 03:00:00,24.62,0.65,,2.739,0.411
2003-08-18 04:00:00,39.87,0.65,,4.202,0.505
2003-08-18 05:00:00,30.73,0.65,,0.5,0.912
2003-08-18 06:00:00,7.251,0.65,,1.029,0.367
2003-08-18 07:00:00,17.2,0.65,,0.5,0.497
2003-08-18 08:00:00,32.61,1.979,,0.5,1.171
2003-08-18 09:00:00,34.81,7.721,,0.5,1.731
2003-08-18 10:00:00,58.83,23.02,,0.5,2.43
2003-08-18 11:00:00,76.73,17.27,,4.408,1.943
2003-08-18 12:00:00,82.43,19.64,,4.603,2.033
2003-08-18 13:00:00,93.59,11.74,,14.3,1.16
2003-08-18 14:00:00,60.63,7.135,,38.37,0.653
2003-08-18 15:00:00,27.82,0.65,,53.45,0.433
2003-08-18 16:00:00,42.24,0.65,,67.84,0.363
2003-08-18 17:00:00,35.87,0.65,,53.57,0.264
2003-08-18 18:00:00,18.3,0.65,,25.45,0.3
2003-08-18 19:00:00,28.44,0.65,,5.982,0.626
2003-08-18 20:00:00,51.91,0.65,,0.5,0.835
2003-08-18 21:00:00,60.95,0.65,,2.365,0.533
2003-08-18 22:00:00,68.13,0.65,,2.097,0.572
2003-08-18 23:00:00,62.78,0.65,,0.5,1.263
2003-08-19 00:00:00,62.79,0.65,,0.5,2.386
2003-08-19 01:00:00,77.0,4.457,,0.5,1.997
2003-08-19 02:00:00,74.14,3.355,,0.5,1.589
2003-08-19 03:00:00,60.3,2.726,,0.5,1.705
2003-08-19 04:00:00,53.57,2.95,,0.5,1.337
2003-08-19 05:00:00,51.49,1.535,,0.5,0.82
2003-08-19 06:00:00,35.16,1.671,,0.5,0.771
2003-08-19 07:00:00,34.99,1.806,,0.5,0.987
2003-08-19 08:00:00,61.39,6.982,,0.5,2.233
2003-08-19 09:00:00,91.36,23.54,,0.5,4.627
2003-08-19 10:00:00,112.2,44.82,,0.5,6.207
2003-08-19 11:00:00,158.0,57.37,,1.499,3.877
2003-08-19 12:00:00,117.4,45.09,,3.91,2.32
2003-08-19 13:00:00,67.02,29.1,,21.27,1.407
2003-08-19 14:00:00,59.88,10.98,,38.09,1.043
2003-08-19 15:00:00,27.3,10.37,,48.3,0.973
2003-08-19 16:00:00,33.54,20.55,,29.75,1.635
2003-08-19 17:00:00,38.35,20.58,,16.14,1.973
2003-08-19 18:00:00,39.53,27.77,,1.369,3.774
2003-08-19 19:00:00,84.36,28.12,,0.5,3.39
2003-08-19 20:00:00,126.4,19.25,,0.5,2.154
2003-08-19 21:00:00,121.7,17.75,,0.5,2.021
2003-08-19 22:00:00,100.5,18.05,,0.5,2.913
2003-08-19 23:00:00,98.47,17.32,,0.5,3.374
2003-08-20 00:00:00,109.3,18.83,,0.5,5.013
2003-08-20 01:00:00,104.3,10.65,,0.5,4.452
2003-08-20 02:00:00,94.03,9.212,,0.5,3.426
2003-08-20 03:00:00,85.1,5.532,,0.5,2.22
2003-08-20 04:00:00,79.14,5.012,,0.5,2.007
2003-08-20 05:00:00,82.11,4.744,,0.5,1.914
2003-08-20 06:00:00,66.1,3.342,,0.5,1.481
2003-08-20 07:00:00,51.93,3.274,,0.5,1.127
2003-08-20 08:00:00,79.07,7.357,,0.5,2.682
2003-08-20 09:00:00,132.8,30.34,,0.5,7.701
2003-08-20 10:00:00,195.2,72.49,,0.5,6.694
2003-08-20 11:00:00,187.7,44.62,,1.177,2.368
2003-08-20 12:00:00,126.1,19.17,,18.62,1.603
2003-08-20 13:00:00,73.04,7.17,,49.73,0.909
2003-08-20 14:00:00,46.59,3.281,,58.11,0.968
2003-08-20 15:00:00,40.5,2.632,,42.66,1.245
2003-08-20 16:00:00,55.63,6.689,,29.97,1.563
2003-08-20 17:00:00,60.54,7.594,,19.09,2.017
2003-08-20 18:00:00,67.3,21.64,,1.035,3.773
2003-08-20 19:00:00,117.0,30.38,,0.5,6.128
2003-08-20 20:00:00,133.2,13.85,,13.58,1.354
2003-08-20 21:00:00,92.02,6.186,,11.38,1.048
2003-08-20 22:00:00,73.34,8.611,,1.868,2.256
2003-08-20 23:00:00,85.94,12.32,,0.5,3.286
2003-08-21 00:00:00,94.43,18.87,,0.5,4.334
2003-08-21 01:00:00,91.13,11.43,,0.5,2.721
2003-08-21 02:00:00,102.1,6.17,,0.5,1.809
2003-08-21 03:00:00,104.9,5.964,,0.5,2.473
2003-08-21 04:00:00,79.33,4.428,,0.5,1.728
2003-08-21 05:00:00,66.85,2.908,,0.5,1.08
2003-08-21 06:00:00,59.21,2.147,,0.5,0.979
2003-08-21 07:00:00,70.34,1.928,,0.5,1.152
2003-08-21 08:00:00,88.55,7.514,,0.5,2.651
2003-08-21 09:00:00,112.8,23.42,,0.5,5.844
2003-08-21 10:00:00,141.1,49.12,,0.5,7.074
2003-08-21 11:00:00,162.6,61.68,,1.01,4.118
2003-08-21 12:00:00,126.8,28.76,,13.18,1.356
2003-08-21 13:00:00,82.17,38.86,,11.24,2.034
2003-08-21 14:00:00,121.2,27.57,,20.37,2.121
2003-08-21 15:00:00,119.9,16.07,,28.62,1.976
2003-08-21 16:00:00,93.15,24.43,,25.29,2.131
2003-08-21 17:00:00,95.02,16.92,,31.29,1.592
2003-08-21 18:00:00,89.44,26.92,,5.689,3.944
2003-08-21 19:00:00,134.7,40.75,,0.5,8.118
2003-08-21 20:00:00,192.2,42.37,,0.5,9.304
2003-08-21 21:00:00,187.4,43.09,,0.5,9.366
2003-08-21 22:00:00,188.4,40.66,,0.5,9.762
2003-08-21 23:00:00,193.0,36.89,,0.5,8.094
2003-08-22 00:00:00,187.2,38.22,,0.5,8.065
2003-08-22 01:00:00,180.1,16.29,,0.5,8.33
2003-08-22 02:00:00,163.0,15.43,,0.5,8.107
2003-08-22 03:00:00,123.1,10.46,,0.5,5.008
2003-08-22 04:00:00,111.9,6.804,,0.5,4.29
2003-08-22 05:00:00,110.1,3.113,,0.5,2.92
2003-08-22 06:00:00,84.16,0.65,,0.5,2.657
2003-08-22 07:00:00,71.23,3.28,,0.5,1.214
2003-08-22 08:00:00,78.89,0.65,,6.494,0.977
2003-08-22 09:00:00,87.69,0.65,,21.6,0.692
2003-08-22 10:00:00,71.94,0.65,,26.13,0.755
2003-08-22 11:00:00,66.16,0.65,,35.02,0.678
2003-08-22 12:00:00,62.23,0.65,,33.96,0.567
2003-08-22 13:00:00,58.45,0.65,,36.56,0.626
2003-08-22 14:00:00,42.15,0.65,,38.12,0.519
2003-08-22 15:00:00,40.12,0.65,,38.57,0.562
2003-08-22 16:00:00,57.96,0.65,,34.78,0.609
2003-08-22 17:00:00,63.0,0.65,,36.95,0.494
2003-08-22 18:00:00,55.54,0.65,,35.72,0.415
2003-08-22 19:00:00,58.91,0.65,,29.39,0.558
2003-08-22 20:00:00,48.21,0.65,,29.35,0.607
2003-08-22 21:00:00,31.44,0.65,,28.95,0.666
2003-08-22 22:00:00,34.41,0.65,,33.67,0.44
2003-08-22 23:00:00,47.55,0.65,,29.9,0.49
2003-08-23 00:00:00,60.59,0.65,,27.08,0.624
2003-08-23 01:00:00,55.91,2.131,,37.73,0.382
2003-08-23 02:00:00,44.63,2.54,,36.46,0.422
2003-08-23 03:00:00,27.43,1.593,,36.76,0.332
2003-08-23 04:00:00,27.63,1.675,,40.27,0.253
2003-08-23 05:00:00,31.22,2.067,,35.54,0.317
2003-08-23 06:00:00,37.68,2.218,,33.21,0.355
2003-08-23 07:00:00,38.02,2.263,,28.22,0.27
2003-08-23 08:00:00,43.97,2.324,,17.04,0.358
2003-08-23 09:00:00,45.26,4.108,,6.651,0.764
2003-08-23 10:00:00,38.88,4.557,,28.92,0.555
2003-08-23 11:00:00,43.41,4.707,,18.57,0.721
2003-08-23 12:00:00,39.0,5.414,,37.37,0.425
2003-08-23 13:00:00,42.44,9.059,,36.9,0.738
2003-08-23 14:00:00,55.85,29.72,,21.16,1.06
2003-08-23 15:00:00,60.43,19.59,,30.45,0.913
2003-08-23 16:00:00,54.62,10.57,,52.42,0.529
2003-08-23 17:00:00,52.94,8.514,,50.71,0.509
2003-08-23 18:00:00,49.37,7.597,,43.43,0.711
2003-08-23 19:00:00,65.24,10.31,,9.171,1.577
2003-08-23 20:00:00,83.16,17.42,,4.178,1.999
2003-08-23 21:00:00,74.84,25.42,,0.5,2.529
2003-08-23 22:00:00,82.49,20.89,,0.5,1.978
2003-08-23 23:00:00,90.71,16.65,,0.5,1.28
2003-08-24 00:00:00,80.67,14.46,,1.646,1.721
2003-08-24 01:00:00,67.94,5.343,,1.903,1.973
2003-08-24 02:00:00,65.75,1.333,,6.047,1.317
2003-08-24 03:00:00,50.75,3.21,,15.77,0.763
2003-08-24 04:00:00,35.96,3.858,,14.37,0.655
2003-08-24 05:00:00,27.05,2.925,,11.72,0.71
2003-08-24 06:00:00,16.61,2.597,,9.57,0.664
2003-08-24 07:00:00,26.5,1.351,,19.76,0.391
2003-08-24 08:00:00,16.48,0.65,,26.41,0.31
2003-08-24 09:00:00,4.725,0.65,,27.51,0.377
2003-08-24 10:00:00,4.482,0.65,,31.31,0.349
2003-08-24 11:00:00,,0.65,,32.8,0.337
2003-08-24 12:00:00,1.922,0.65,,30.52,0.498
2003-08-24 13:00:00,1.833,0.65,,34.96,0.487
2003-08-24 14:00:00,9.954,0.65,,31.53,0.503
2003-08-24 15:00:00,9.416,0.65,,31.97,0.461
2003-08-24 16:00:00,,0.65,,28.99,0.487
2003-08-24 17:00:00,,0.65,,26.76,0.526
2003-08-24 18:00:00,,0.65,,22.03,0.54
2003-08-24 19:00:00,,0.65,,23.43,0.524
2003-08-24 20:00:00,,0.65,,21.0,0.547
2003-08-24 21:00:00,0.01,0.65,,24.17,0.483
2003-08-24 22:00:00,0.01,0.65,,23.57,0.467
2003-08-24 23:00:00,7.307,0.65,,22.85,0.346
2003-08-25 00:00:00,15.45,0.65,,26.91,0.29
2003-08-25 01:00:00,8.117,2.598,,31.04,0.446
2003-08-25 02:00:00,0.01,4.501,,32.2,0.351
2003-08-25 03:00:00,1.651,4.217,,32.98,0.29
2003-08-25 04:00:00,13.34,4.085,,36.78,0.298
2003-08-25 05:00:00,11.19,4.106,,38.58,0.223
2003-08-25 06:00:00,,0.65,,35.02,0.351
2003-08-25 07:00:00,,16.24,,18.13,0.427
2003-08-25 08:00:00,2.08,32.34,,4.194,1.447
2003-08-25 09:00:00,4.398,33.11,,6.104,1.217
2003-08-25 10:00:00,22.66,38.33,,10.82,0.934
2003-08-25 11:00:00,34.51,49.74,,15.62,0.947
2003-08-25 12:00:00,14.33,30.38,,22.88,0.767
2003-08-25 13:00:00,7.882,27.41,,24.63,0.846
2003-08-25 14:00:00,12.35,22.22,,23.95,0.815
2003-08-25 15:00:00,18.76,45.06,,17.6,1.001
2003-08-25 16:00:00,25.33,56.61,,15.22,1.104
2003-08-25 17:00:00,23.43,66.57,,10.38,1.189
2003-08-25 18:00:00,23.91,47.56,,7.489,1.26
2003-08-25 19:00:00,18.29,2.726,,14.31,0.982
2003-08-25 20:00:00,26.67,1.497,,16.84,0.895
2003-08-25 21:00:00,19.47,1.453,,22.47,0.638
2003-08-25 22:00:00,7.208,0.65,,23.77,0.719
2003-08-25 23:00:00,25.54,0.65,,27.78,0.608
2003-08-26 00:00:00,24.99,0.65,,24.28,0.559
2003-08-26 01:00:00,6.864,2.171,,38.22,0.177
2003-08-26 02:00:00,8.023,1.628,,28.73,0.282
2003-08-26 03:00:00,16.1,0.65,,36.99,0.208
2003-08-26 04:00:00,14.51,0.65,,36.72,0.157
2003-08-26 05:00:00,6.21,0.65,,36.22,0.142
2003-08-26 06:00:00,,0.65,,27.84,0.159
2003-08-26 07:00:00,2.755,0.65,,1.286,0.28
2003-08-26 08:00:00,9.812,0.65,,0.5,0.937
2003-08-26 09:00:00,32.5,7.0,,2.958,1.231
2003-08-26 10:00:00,27.48,6.74,,14.85,0.614
2003-08-26 11:00:00,9.956,5.271,,19.62,0.503
2003-08-26 12:00:00,17.27,8.231,,25.49,0.496
2003-08-26 13:00:00,20.97,4.856,,26.72,0.474
2003-08-26 14:00:00,15.44,4.326,,28.53,0.471
2003-08-26 15:00:00,8.262,12.73,,28.68,0.36
2003-08-26 16:00:00,13.41,23.14,,22.54,0.473
2003-08-26 17:00:00,14.71,19.26,,21.96,0.532
2003-08-26 18:00:00,9.689,0.65,,23.63,0.306
2003-08-26 19:00:00,14.62,0.65,,16.88,0.292
2003-08-26 20:00:00,23.21,0.65,,9.196,0.263
2003-08-26 21:00:00,21.3,0.65,,11.04,0.248
2003-08-26 22:00:00,22.22,0.65,,12.1,0.259
2003-08-26 23:00:00,32.86,0.65,,11.91,0.244
2003-08-27 00:00:00,22.6,0.65,,10.14,0.226
2003-08-27 01:00:00,4.035,0.65,,3.742,0.411
2003-08-27 02:00:00,18.96,0.65,,2.826,0.268
2003-08-27 03:00:00,19.62,0.65,,2.625,0.302
2003-08-27 04:00:00,20.14,0.65,,4.941,0.406
2003-08-27 05:00:00,27.23,0.65,,2.014,0.234
2003-08-27 06:00:00,8.639,0.65,,0.5,0.308
2003-08-27 07:00:00,16.86,0.65,,0.5,0.353
2003-08-27 08:00:00,21.42,0.65,,0.5,0.808
2003-08-27 09:00:00,26.02,6.518,,0.5,1.088
2003-08-27 10:00:00,47.42,20.35,,2.857,1.047
2003-08-27 11:00:00,50.44,13.39,,12.15,0.729
2003-08-27 12:00:00,43.66,8.646,,23.23,0.585
2003-08-27 13:00:00,22.2,18.28,,23.24,0.499
2003-08-27 14:00:00,2.815,17.4,,31.67,0.478
2003-08-27 15:00:00,0.565,17.8,,29.9,0.649
2003-08-27 16:00:00,13.32,12.03,,31.66,0.587
2003-08-27 17:00:00,20.17,5.618,,29.71,0.458
2003-08-27 18:00:00,8.33,4.782,,30.93,0.297
2003-08-27 19:00:00,7.03,3.771,,21.79,0.338
2003-08-27 20:00:00,39.82,3.254,,19.55,0.384
2003-08-27 21:00:00,35.58,3.819,,11.47,0.452
2003-08-27 22:00:00,12.29,3.763,,28.61,0.325
2003-08-27 23:00:00,9.361,2.525,,29.26,0.344
2003-08-28 00:00:00,10.97,2.324,,25.58,0.332
2003-08-28 01:00:00,27.54,1.403,,17.6,0.666
2003-08-28 02:00:00,19.29,0.65,,26.96,0.457
2003-08-28 03:00:00,2.376,0.65,,34.09,0.424
2003-08-28 04:00:00,10.41,1.896,,33.61,0.419
2003-08-28 05:00:00,24.35,0.65,,36.57,0.284
2003-08-28 06:00:00,13.7,3.21,,26.32,0.343
2003-08-28 07:00:00,,12.41,,13.66,0.567
2003-08-28 08:00:00,15.5,28.59,,2.228,1.603
2003-08-28 09:00:00,38.17,27.27,,4.797,1.433
2003-08-28 10:00:00,36.54,37.17,,,1.413
2003-08-28 11:00:00,15.28,59.28,,16.07,0.85
2003-08-28 12:00:00,,,,18.23,0.847
2003-08-28 13:00:00,,55.67,,19.03,0.847
2003-08-28 14:00:00,0.658,44.99,,17.75,0.915
2003-08-28 15:00:00,13.57,55.46,,13.15,0.86
2003-08-28 16:00:00,15.19,18.38,,15.57,0.792
2003-08-28 17:00:00,9.209,28.02,,7.203,1.358
2003-08-28 18:00:00,16.0,16.45,,5.674,1.421
2003-08-28 19:00:00,9.26,16.1,,1.454,2.31
2003-08-28 20:00:00,28.85,12.17,,8.829,0.917
2003-08-28 21:00:00,19.32,11.32,,8.131,1.058
2003-08-28 22:00:00,12.92,8.726,,18.0,0.634
2003-08-28 23:00:00,14.6,7.127,,26.28,0.463
2003-08-29 00:00:00,12.14,6.216,,32.65,0.51
2003-08-29 01:00:00,14.31,0.65,,32.63,0.504
2003-08-29 02:00:00,5.941,0.65,,39.25,0.386
2003-08-29 03:00:00,,0.65,,35.51,0.35
2003-08-29 04:00:00,,0.65,,37.44,0.292
2003-08-29 05:00:00,,0.65,,33.7,0.401
2003-08-29 06:00:00,,0.65,,24.33,0.512
2003-08-29 07:00:00,,0.65,,15.53,0.525
2003-08-29 08:00:00,,0.65,,5.936,0.967
2003-08-29 09:00:00,21.14,2.389,,9.911,1.348
2003-08-29 10:00:00,21.91,2.475,,16.78,0.919
2003-08-29 11:00:00,6.651,2.067,,26.87,0.617
2003-08-29 12:00:00,16.22,2.804,,31.04,0.641
2003-08-29 13:00:00,11.56,2.147,,31.89,0.782
2003-08-29 14:00:00,7.607,2.249,,34.02,0.826
2003-08-29 15:00:00,6.376,1.486,,36.47,0.862
2003-08-29 16:00:00,1.16,0.65,,36.63,0.663
2003-08-29 17:00:00,2.497,0.65,,34.34,0.624
2003-08-29 18:00:00,1.707,0.65,,31.86,0.542
2003-08-29 19:00:00,8.051,0.65,,25.21,0.643
2003-08-29 20:00:00,7.919,0.65,,8.678,0.856
2003-08-29 21:00:00,13.02,0.65,,11.47,0.68
2003-08-29 22:00:00,26.18,0.65,,21.95,0.591
2003-08-29 23:00:00,12.69,0.65,,22.0,0.689
2003-08-30 00:00:00,3.89,0.65,,28.78,0.521
2003-08-30 01:00:00,11.16,0.65,,34.4,0.435
2003-08-30 02:00:00,5.864,0.65,,34.98,0.363
2003-08-30 03:00:00,,0.65,,35.53,0.465
2003-08-30 04:00:00,,0.65,,28.13,0.437
2003-08-30 05:00:00,1.228,0.65,,37.32,0.365
2003-08-30 06:00:00,0.849,0.65,,32.84,0.294
2003-08-30 07:00:00,,0.65,,33.5,0.374
2003-08-30 08:00:00,1.156,0.65,,13.75,0.479
2003-08-30 09:00:00,3.502,0.65,,4.725,0.806
2003-08-30 10:00:00,21.99,0.65,,9.79,0.882
2003-08-30 11:00:00,13.92,1.344,,13.29,1.069
2003-08-30 12:00:00,8.465,1.592,,8.817,1.083
2003-08-30 13:00:00,9.142,1.838,,12.08,0.985
2003-08-30 14:00:00,5.289,1.454,,24.29,0.755
2003-08-30 15:00:00,5.849,1.454,,35.95,0.492
2003-08-30 16:00:00,6.368,1.576,,34.52,0.532
2003-08-30 17:00:00,2.615,0.65,,34.22,0.482
2003-08-30 18:00:00,,0.65,,28.4,0.614
2003-08-30 19:00:00,15.19,0.65,,17.48,0.657
2003-08-30 20:00:00,16.91,1.621,,3.553,0.996
2003-08-30 21:00:00,18.94,1.929,,1.194,1.37
2003-08-30 22:00:00,30.72,2.011,,1.154,1.18
2003-08-30 23:00:00,22.87,1.873,,4.428,1.057
2003-08-31 00:00:00,18.08,1.62,,7.14,0.787
2003-08-31 01:00:00,25.16,0.65,,5.38,0.87
2003-08-31 02:00:00,11.46,0.65,,2.693,0.821
2003-08-31 03:00:00,8.389,0.65,,4.24,0.747
2003-08-31 04:00:00,9.929,0.65,,4.956,0.859
2003-08-31 05:00:00,13.22,0.65,,0.5,1.415
2003-08-31 06:00:00,11.32,0.65,,2.321,0.976
2003-08-31 07:00:00,9.637,0.65,,9.235,0.826
2003-08-31 08:00:00,10.72,0.65,,14.1,0.76
2003-08-31 09:00:00,7.932,0.65,,24.0,0.583
2003-08-31 10:00:00,10.1,0.65,,25.92,0.547
2003-08-31 11:00:00,5.125,0.65,,36.59,0.477
2003-08-31 12:00:00,5.545,0.65,,37.39,0.442
2003-08-31 13:00:00,3.805,0.65,,37.75,0.457
2003-08-31 14:00:00,,0.65,,40.16,0.417
2003-08-31 15:00:00,,0.65,,39.87,0.452
2003-08-31 16:00:00,0.166,0.65,,35.51,0.487
2003-08-31 17:00:00,1.276,0.65,,35.54,0.457
2003-08-31 18:00:00,1.633,0.65,,32.44,0.432
2003-08-31 19:00:00,6.874,0.65,,17.92,0.626
2003-08-31 20:00:00,4.32,0.65,,18.41,0.692
2003-08-31 21:00:00,22.45,0.65,,18.16,0.694
2003-08-31 22:00:00,15.35,0.65,,15.79,0.68
2003-08-31 23:00:00,10.29,0.65,,18.34,0.56
2003-09-01 00:00:00,17.69,0.65,,18.79,0.444
2003-09-01 01:00:00,7.284,0.65,,11.81,0.401
2003-09-01 02:00:00,,0.65,,15.91,0.423
2003-09-01 03:00:00,,0.65,,12.5,0.422
2003-09-01 04:00:00,,0.65,,11.89,0.385
2003-09-01 05:00:00,,0.65,,5.867,0.282
2003-09-01 06:00:00,,0.65,,8.632,0.36
2003-09-01 07:00:00,10.18,0.65,,0.5,0.388
2003-09-01 08:00:00,12.18,0.65,,3.57,0.76
2003-09-01 09:00:00,16.49,0.65,,5.349,0.637
2003-09-01 10:00:00,29.64,0.65,,11.98,0.512
2003-09-01 11:00:00,14.32,4.647,,15.12,0.65
2003-09-01 12:00:00,,11.09,,18.14,0.86
2003-09-01 13:00:00,16.16,51.43,,17.9,0.911
2003-09-01 14:00:00,11.14,40.96,,19.16,0.905
2003-09-01 15:00:00,,29.33,,19.27,0.771
2003-09-01 16:00:00,13.55,6.825,,27.32,0.54
2003-09-01 17:00:00,9.299,4.014,,30.22,0.402
2003-09-01 18:00:00,17.4,1.614,,27.38,0.269
2003-09-01 19:00:00,14.29,1.981,,12.58,0.46
2003-09-01 20:00:00,6.313,1.472,,7.78,0.67
2003-09-01 21:00:00,17.19,2.852,,4.06,0.609
2003-09-01 22:00:00,19.55,0.65,,9.067,0.481
2003-09-01 23:00:00,10.88,0.65,,16.2,0.337
2003-09-02 00:00:00,16.21,0.65,,15.27,0.388
2003-09-02 01:00:00,10.52,0.65,,4.417,0.599
2003-09-02 02:00:00,8.888,0.65,,6.215,0.506
2003-09-02 03:00:00,5.534,0.65,,2.553,0.537
2003-09-02 04:00:00,4.905,0.65,,11.43,0.393
2003-09-02 05:00:00,8.406,0.65,,20.72,0.446
2003-09-02 06:00:00,3.483,0.65,,24.29,0.445
2003-09-02 07:00:00,9.138,0.65,,1.243,1.05
2003-09-02 08:00:00,13.16,1.996,,0.5,1.314
2003-09-02 09:00:00,19.09,1.957,,7.771,1.02
2003-09-02 10:00:00,26.97,2.439,,16.23,0.857
2003-09-02 11:00:00,11.76,16.87,,8.151,1.438
2003-09-02 12:00:00,25.24,20.82,,12.03,1.152
2003-09-02 13:00:00,35.79,18.66,,20.99,0.768
2003-09-02 14:00:00,27.22,5.106,,35.29,0.469
2003-09-02 15:00:00,9.997,4.336,,36.88,0.441
2003-09-02 16:00:00,,3.367,,36.41,0.498
2003-09-02 17:00:00,,3.607,,33.65,0.569
2003-09-02 18:00:00,,2.031,,29.63,0.489
2003-09-02 19:00:00,15.76,3.481,,16.92,0.672
2003-09-02 20:00:00,31.22,2.022,,20.81,0.538
2003-09-02 21:00:00,24.52,2.497,,14.43,0.519
2003-09-02 22:00:00,10.0,1.791,,21.76,0.446
2003-09-02 23:00:00,5.994,0.65,,31.5,0.357
2003-09-03 00:00:00,12.08,0.65,,26.42,0.344
2003-09-03 01:00:00,10.47,0.65,,27.18,0.26
2003-09-03 02:00:00,2.827,0.65,,25.92,0.27
2003-09-03 03:00:00,,1.447,,16.0,0.367
2003-09-03 04:00:00,5.676,1.804,,11.32,0.337
2003-09-03 05:00:00,3.894,1.513,,9.284,0.283
2003-09-03 06:00:00,,2.258,,3.521,0.312
2003-09-03 07:00:00,,3.053,,0.5,0.433
2003-09-03 08:00:00,19.84,3.994,,0.5,1.123
2003-09-03 09:00:00,37.34,23.01,,0.5,3.965
2003-09-03 10:00:00,66.32,50.98,,0.5,2.617
2003-09-03 11:00:00,81.37,45.58,,1.661,2.568
2003-09-03 12:00:00,66.83,29.7,,6.431,2.155
2003-09-03 13:00:00,53.25,65.19,,10.3,1.47
2003-09-03 14:00:00,38.0,55.07,,13.86,1.604
2003-09-03 15:00:00,35.57,131.1,,10.74,1.719
2003-09-03 16:00:00,31.42,20.59,,54.55,0.508
2003-09-03 17:00:00,27.03,15.08,,47.13,0.458
2003-09-03 18:00:00,37.59,13.45,,38.75,0.452
2003-09-03 19:00:00,42.1,10.01,,23.28,0.517
2003-09-03 20:00:00,37.08,8.074,,18.42,0.561
2003-09-03 21:00:00,41.79,7.556,,7.898,0.639
2003-09-03 22:00:00,44.74,8.126,,1.242,0.805
2003-09-03 23:00:00,33.91,7.706,,0.5,0.973
2003-09-04 00:00:00,40.97,7.87,,0.5,0.822
2003-09-04 01:00:00,37.51,0.65,,3.703,0.466
2003-09-04 02:00:00,14.22,0.65,,6.429,0.419
2003-09-04 03:00:00,19.54,0.65,,16.15,0.345
2003-09-04 04:00:00,30.69,0.65,,5.215,0.748
2003-09-04 05:00:00,25.17,0.65,,0.5,0.517
2003-09-04 06:00:00,20.62,0.65,,0.5,0.627
2003-09-04 07:00:00,32.18,0.65,,0.5,0.996
2003-09-04 08:00:00,23.1,2.365,,0.5,2.515
2003-09-04 09:00:00,60.35,9.092,,0.5,2.854
2003-09-04 10:00:00,97.85,15.44,,0.5,2.273
2003-09-04 11:00:00,55.41,28.51,,5.717,1.501
2003-09-04 12:00:00,46.3,15.71,,16.59,1.001
2003-09-04 13:00:00,42.24,19.48,,42.82,0.612
2003-09-04 14:00:00,14.03,8.404,,49.2,0.581
2003-09-04 15:00:00,35.94,6.075,,68.67,0.45
2003-09-04 16:00:00,47.76,3.487,,62.3,0.363
2003-09-04 17:00:00,41.3,3.761,,45.71,0.347
2003-09-04 18:00:00,44.05,6.599,,24.34,0.474
2003-09-04 19:00:00,52.36,10.08,,7.329,0.76
2003-09-04 20:00:00,52.0,6.554,,5.46,1.111
2003-09-04 21:00:00,68.19,4.503,,2.074,0.954
2003-09-04 22:00:00,62.87,4.212,,0.5,1.447
2003-09-04 23:00:00,61.27,10.18,,0.5,3.029
2003-09-05 00:00:00,80.28,9.894,,0.5,2.907
2003-09-05 01:00:00,78.49,6.749,,0.5,1.874
2003-09-05 02:00:00,64.09,5.99,,0.5,2.119
2003-09-05 03:00:00,44.19,5.362,,0.5,1.918
2003-09-05 04:00:00,51.95,4.982,,0.5,1.414
2003-09-05 05:00:00,54.94,4.32,,0.5,1.309
2003-09-05 06:00:00,43.27,5.001,,0.5,1.096
2003-09-05 07:00:00,38.58,6.081,,3.56,0.897
2003-09-05 08:00:00,60.11,12.21,,3.096,1.731
2003-09-05 09:00:00,71.89,31.16,,0.5,3.094
2003-09-05 10:00:00,60.38,23.73,,9.254,1.169
2003-09-05 11:00:00,37.24,19.2,,14.94,1.453
2003-09-05 12:00:00,52.78,25.15,,27.69,1.557
2003-09-05 13:00:00,64.65,28.49,,28.82,1.816
2003-09-05 14:00:00,48.97,22.41,,33.09,1.931
2003-09-05 15:00:00,69.58,21.37,,43.72,1.716
2003-09-05 16:00:00,70.58,23.21,,37.42,2.051
2003-09-05 17:00:00,47.77,16.21,,52.01,1.319
2003-09-05 18:00:00,73.3,16.55,,28.39,1.915
2003-09-05 19:00:00,80.37,14.41,,7.799,1.702
2003-09-05 20:00:00,63.54,10.98,,22.78,0.932
2003-09-05 21:00:00,72.12,11.62,,3.704,2.057
2003-09-05 22:00:00,74.39,12.37,,0.5,2.115
2003-09-05 23:00:00,74.72,10.86,,0.5,2.391
2003-09-06 00:00:00,79.85,11.71,,0.5,3.03
2003-09-06 01:00:00,82.59,11.08,,0.5,4.311
2003-09-06 02:00:00,75.7,12.52,,0.5,4.581
2003-09-06 03:00:00,82.62,12.79,,0.5,5.529
2003-09-06 04:00:00,77.75,14.32,,0.5,5.061
2003-09-06 05:00:00,80.24,12.83,,0.5,3.02
2003-09-06 06:00:00,77.88,11.14,,0.5,2.278
2003-09-06 07:00:00,67.32,9.262,,0.5,2.201
2003-09-06 08:00:00,64.09,11.78,,0.5,2.421
2003-09-06 09:00:00,89.06,20.87,,0.5,3.248
2003-09-06 10:00:00,82.96,45.05,,8.578,1.248
2003-09-06 11:00:00,54.04,24.69,,30.23,0.895
2003-09-06 12:00:00,57.96,9.091,,42.16,0.796
2003-09-06 13:00:00,58.97,8.498,,48.85,0.703
2003-09-06 14:00:00,42.5,17.46,,52.41,0.798
2003-09-06 15:00:00,41.15,41.96,,60.62,0.773
2003-09-06 16:00:00,45.37,45.45,,59.94,0.937
2003-09-06 17:00:00,45.45,48.05,,52.18,0.969
2003-09-06 18:00:00,44.18,39.9,,29.01,1.525
2003-09-06 19:00:00,83.4,17.74,,47.31,0.763
2003-09-06 20:00:00,90.7,10.54,,13.35,1.175
2003-09-06 21:00:00,91.89,9.918,,1.557,1.782
2003-09-06 22:00:00,78.78,8.764,,26.06,0.953
2003-09-06 23:00:00,67.63,7.23,,32.08,0.674
2003-09-07 00:00:00,57.15,6.643,,6.233,1.118
2003-09-07 01:00:00,74.62,3.294,,23.3,0.74
2003-09-07 02:00:00,74.53,3.717,,1.94,1.305
2003-09-07 03:00:00,68.76,3.865,,0.5,1.638
2003-09-07 04:00:00,64.75,3.651,,1.307,1.574
2003-09-07 05:00:00,39.83,3.318,,15.53,0.91
2003-09-07 06:00:00,37.74,3.489,,5.633,0.937
2003-09-07 07:00:00,49.12,5.031,,0.5,1.122
2003-09-07 08:00:00,58.62,6.642,,0.5,1.822
2003-09-07 09:00:00,64.34,13.56,,6.476,1.294
2003-09-07 10:00:00,49.59,8.174,,39.04,0.405
2003-09-07 11:00:00,36.02,13.46,,45.12,0.542
2003-09-07 12:00:00,51.72,4.335,,57.79,0.525
2003-09-07 13:00:00,41.74,10.37,,59.93,0.581
2003-09-07 14:00:00,18.31,20.1,,62.55,0.413
2003-09-07 15:00:00,21.55,29.65,,61.49,0.396
2003-09-07 16:00:00,28.42,36.38,,49.99,0.544
2003-09-07 17:00:00,48.08,49.92,,32.0,0.801
2003-09-07 18:00:00,135.5,18.54,,42.65,0.461
2003-09-07 19:00:00,118.7,5.586,,31.17,0.842
2003-09-07 20:00:00,57.96,6.624,,11.68,1.294
2003-09-07 21:00:00,44.6,6.74,,4.921,1.51
2003-09-07 22:00:00,53.37,5.221,,10.12,0.844
2003-09-07 23:00:00,54.35,3.899,,13.44,0.751
2003-09-08 00:00:00,28.71,3.682,,25.03,0.619
2003-09-08 01:00:00,34.4,0.65,,21.08,0.69
2003-09-08 02:00:00,28.59,2.906,,20.56,0.748
2003-09-08 03:00:00,30.78,2.588,,14.83,0.78
2003-09-08 04:00:00,34.68,1.922,,17.25,0.633
2003-09-08 05:00:00,26.08,3.91,,24.83,0.577
2003-09-08 06:00:00,21.14,2.721,,26.49,0.639
2003-09-08 07:00:00,15.72,2.275,,16.24,0.611
2003-09-08 08:00:00,19.87,2.114,,6.322,1.118
2003-09-08 09:00:00,14.19,3.532,,3.11,1.449
2003-09-08 10:00:00,16.45,4.192,,5.556,1.186
2003-09-08 11:00:00,14.68,3.195,,14.18,0.904
2003-09-08 12:00:00,18.74,2.763,,20.05,0.824
2003-09-08 13:00:00,13.21,2.672,,15.03,1.016
2003-09-08 14:00:00,1.881,3.231,,10.67,1.093
2003-09-08 15:00:00,0.599,7.783,,11.46,1.495
2003-09-08 16:00:00,25.08,13.71,,13.79,1.623
2003-09-08 17:00:00,37.31,9.801,,3.953,2.589
2003-09-08 18:00:00,42.36,12.25,,0.5,2.45
2003-09-08 19:00:00,50.1,12.06,,1.834,2.721
2003-09-08 20:00:00,33.74,11.48,,0.5,2.07
2003-09-08 21:00:00,25.31,11.58,,0.5,1.367
2003-09-08 22:00:00,36.73,10.77,,0.5,2.057
2003-09-08 23:00:00,30.9,11.11,,0.5,2.001
2003-09-09 00:00:00,18.06,13.13,,10.72,1.47
2003-09-09 01:00:00,20.21,0.65,,32.48,0.365
2003-09-09 02:00:00,9.859,0.65,,37.39,0.368
2003-09-09 03:00:00,,0.65,,37.34,0.312
2003-09-09 04:00:00,,0.65,,40.13,0.304
2003-09-09 05:00:00,,0.65,,42.46,0.258
2003-09-09 06:00:00,,0.65,,40.95,0.229
2003-09-09 07:00:00,,0.65,,30.03,0.253
2003-09-09 08:00:00,,0.65,,11.78,0.808
2003-09-09 09:00:00,,0.65,,8.067,1.386
2003-09-09 10:00:00,15.19,0.65,,10.78,1.143
2003-09-09 11:00:00,10.63,0.65,,13.88,0.895
2003-09-09 12:00:00,10.78,0.65,,20.51,0.677
2003-09-09 13:00:00,8.122,0.65,,26.01,0.47
2003-09-09 14:00:00,0.433,0.65,,20.71,0.729
2003-09-09 15:00:00,,0.65,,16.33,0.899
2003-09-09 16:00:00,,0.65,,21.39,0.862
2003-09-09 17:00:00,5.833,0.65,,21.39,0.794
2003-09-09 18:00:00,6.712,0.65,,18.21,0.8
2003-09-09 19:00:00,12.24,0.65,,12.42,1.104
2003-09-09 20:00:00,15.01,0.65,,18.0,0.958
2003-09-09 21:00:00,9.284,0.65,,24.63,0.627
2003-09-09 22:00:00,16.75,0.65,,33.36,0.35
2003-09-09 23:00:00,16.33,0.65,,32.83,0.306
2003-09-10 00:00:00,12.5,0.65,,28.11,0.374
2003-09-10 01:00:00,4.947,0.65,,34.01,0.19
2003-09-10 02:00:00,0.008,0.65,,41.02,0.165
2003-09-10 03:00:00,13.14,0.65,,42.2,0.149
2003-09-10 04:00:00,8.184,0.65,,44.94,0.098
2003-09-10 05:00:00,,0.65,,46.45,0.127
2003-09-10 06:00:00,,1.508,,40.99,0.124
2003-09-10 07:00:00,3.845,0.65,,29.42,0.189
2003-09-10 08:00:00,2.396,3.244,,14.05,0.538
2003-09-10 09:00:00,10.79,7.432,,7.953,0.794
2003-09-10 10:00:00,15.29,3.957,,15.29,0.477
2003-09-10 11:00:00,15.01,2.497,,18.73,0.469
2003-09-10 12:00:00,13.53,3.203,,18.48,0.581
2003-09-10 13:00:00,4.691,0.65,,24.32,0.392
2003-09-10 14:00:00,,1.351,,25.41,0.404
2003-09-10 15:00:00,,0.65,,26.12,0.361
2003-09-10 16:00:00,2.929,0.65,,24.7,0.434
2003-09-10 17:00:00,11.77,2.165,,12.94,0.622
2003-09-10 18:00:00,16.39,1.503,,9.957,0.755
2003-09-10 19:00:00,17.25,0.65,,10.16,0.344
2003-09-10 20:00:00,10.93,0.65,,4.418,0.579
2003-09-10 21:00:00,21.37,0.65,,9.693,0.366
2003-09-10 22:00:00,16.5,0.65,,2.114,0.824
2003-09-10 23:00:00,36.3,0.65,,0.5,1.297
2003-09-11 00:00:00,24.41,0.65,,0.5,0.999
2003-09-11 01:00:00,26.12,3.315,,0.5,2.403
2003-09-11 02:00:00,31.94,9.533,,10.84,0.649
2003-09-11 03:00:00,11.67,22.8,,16.73,0.375
2003-09-11 04:00:00,1.549,22.92,,15.69,0.346
2003-09-11 05:00:00,17.85,11.67,,14.14,0.303
2003-09-11 06:00:00,35.43,19.34,,11.06,0.539
2003-09-11 07:00:00,39.79,38.06,,8.097,0.6
2003-09-11 08:00:00,32.43,38.5,,3.868,1.269
2003-09-11 09:00:00,25.5,22.89,,6.186,1.438
2003-09-11 10:00:00,16.99,60.12,,9.572,1.038
2003-09-11 11:00:00,25.21,50.56,,19.08,0.682
2003-09-11 12:00:00,30.6,31.47,,20.53,0.823
2003-09-11 13:00:00,11.17,25.66,,25.3,0.743
2003-09-11 14:00:00,,25.63,,27.75,0.778
2003-09-11 15:00:00,,29.48,,26.92,0.812
2003-09-11 16:00:00,8.054,24.79,,26.7,0.771
2003-09-11 17:00:00,16.32,35.68,,17.57,1.062
2003-09-11 18:00:00,7.074,13.38,,8.95,1.675
2003-09-11 19:00:00,11.02,4.654,,3.044,1.355
2003-09-11 20:00:00,30.96,14.99,,1.086,3.339
2003-09-11 21:00:00,67.0,18.12,,2.283,4.716
2003-09-11 22:00:00,106.8,15.02,,1.351,3.135
2003-09-11 23:00:00,79.75,10.43,,1.0,2.424
2003-09-12 00:00:00,55.48,8.976,,0.5,1.805
2003-09-12 01:00:00,26.27,2.871,,0.5,1.068
2003-09-12 02:00:00,2.796,0.65,,0.5,0.78
2003-09-12 03:00:00,22.14,0.65,,0.5,0.867
2003-09-12 04:00:00,23.53,0.65,,0.5,0.966
2003-09-12 05:00:00,11.12,0.65,,0.5,1.122
2003-09-12 06:00:00,22.59,0.65,,0.5,0.713
2003-09-12 07:00:00,24.16,0.65,,0.5,0.826
2003-09-12 08:00:00,35.14,5.866,,1.067,1.897
2003-09-12 09:00:00,50.38,27.89,,1.0,1.923
2003-09-12 10:00:00,70.26,29.37,,4.496,0.968
2003-09-12 11:00:00,52.81,26.64,,7.733,1.001
2003-09-12 12:00:00,28.87,23.78,,14.95,0.963
2003-09-12 13:00:00,28.57,24.43,,55.99,0.991
2003-09-12 14:00:00,20.74,30.22,,32.19,0.747
2003-09-12 15:00:00,24.5,29.01,,27.19,0.876
2003-09-12 16:00:00,23.6,50.58,,19.24,1.098
2003-09-12 17:00:00,29.17,40.17,,15.73,1.428
2003-09-12 18:00:00,30.95,51.98,,5.549,2.03
2003-09-12 19:00:00,37.49,38.4,,0.5,2.306
2003-09-12 20:00:00,46.57,17.62,,0.5,2.77
2003-09-12 21:00:00,50.13,22.78,,2.738,6.315
2003-09-12 22:00:00,97.63,21.14,,3.0,6.308
2003-09-12 23:00:00,122.3,21.98,,3.764,7.023
2003-09-13 00:00:00,131.4,19.76,,3.551,7.849
2003-09-13 01:00:00,139.4,12.71,,2.253,6.277
2003-09-13 02:00:00,90.04,12.52,,0.5,3.149
2003-09-13 03:00:00,59.04,8.219,,2.58,0.753
2003-09-13 04:00:00,41.57,7.001,,1.224,0.81
2003-09-13 05:00:00,26.44,8.058,,0.5,1.335
2003-09-13 06:00:00,40.56,0.65,,20.07,0.402
2003-09-13 07:00:00,44.42,0.65,,36.56,0.214
2003-09-13 08:00:00,18.53,0.65,,32.6,0.208
2003-09-13 09:00:00,24.89,0.65,,25.72,0.275
2003-09-13 10:00:00,43.3,0.65,,24.47,0.336
2003-09-13 11:00:00,20.63,0.65,,26.03,0.404
2003-09-13 12:00:00,10.46,0.65,,35.56,0.194
2003-09-13 13:00:00,10.97,0.65,,39.9,0.211
2003-09-13 14:00:00,2.78,0.65,,39.09,0.162
2003-09-13 15:00:00,7.82,0.65,,41.04,0.159
2003-09-13 16:00:00,14.7,0.65,,43.6,0.139
2003-09-13 17:00:00,22.94,0.65,,41.9,0.121
2003-09-13 18:00:00,19.87,0.65,,40.7,0.12
2003-09-13 19:00:00,27.58,0.65,,31.43,0.143
2003-09-13 20:00:00,31.47,0.65,,34.26,0.126
2003-09-13 21:00:00,30.66,0.65,,24.42,0.226
2003-09-13 22:00:00,25.17,0.65,,19.5,0.212
2003-09-13 23:00:00,19.92,0.65,,23.29,0.162
2003-09-14 00:00:00,26.14,0.65,,27.85,0.197
2003-09-14 01:00:00,11.78,0.65,,22.76,0.29
2003-09-14 02:00:00,0.008,0.65,,7.631,0.409
2003-09-14 03:00:00,4.747,0.65,,5.238,0.446
2003-09-14 04:00:00,30.99,0.65,,22.86,0.225
2003-09-14 05:00:00,17.65,0.65,,30.18,0.175
2003-09-14 06:00:00,7.143,0.65,,33.67,0.163
2003-09-14 07:00:00,12.19,0.65,,33.18,0.283
2003-09-14 08:00:00,10.5,0.65,,32.49,0.263
2003-09-14 09:00:00,15.76,0.65,,35.39,0.18
2003-09-14 10:00:00,16.03,0.65,,36.82,0.165
2003-09-14 11:00:00,12.59,0.65,,42.23,0.189
2003-09-14 12:00:00,19.1,0.65,,42.19,0.229
2003-09-14 13:00:00,22.58,0.65,,43.4,0.215
2003-09-14 14:00:00,22.21,0.65,,42.21,0.649
2003-09-14 15:00:00,34.21,0.65,,45.09,0.56
2003-09-14 16:00:00,16.14,0.65,,43.66,0.501
2003-09-14 17:00:00,,0.65,,44.19,0.468
2003-09-14 18:00:00,,0.65,,38.47,0.52
2003-09-14 19:00:00,,0.65,,32.01,0.486
2003-09-14 20:00:00,,0.65,,29.39,0.456
2003-09-14 21:00:00,,0.65,,32.32,0.415
2003-09-14 22:00:00,,0.65,,34.65,0.297
2003-09-14 23:00:00,,0.65,,31.23,0.359
2003-09-15 00:00:00,,0.65,,34.96,0.286
2003-09-15 01:00:00,,0.65,,38.63,0.193
2003-09-15 02:00:00,,0.65,,37.66,0.147
2003-09-15 03:00:00,,0.65,,31.46,0.165
2003-09-15 04:00:00,,0.65,,39.14,0.144
2003-09-15 05:00:00,,0.65,,36.56,0.136
2003-09-15 06:00:00,,0.65,,29.49,0.163
2003-09-15 07:00:00,,0.65,,10.63,0.279
2003-09-15 08:00:00,,5.168,,1.864,0.859
2003-09-15 09:00:00,,7.172,,7.304,0.604
2003-09-15 10:00:00,,3.479,,20.41,0.355
2003-09-15 11:00:00,,2.822,,26.26,0.381
2003-09-15 12:00:00,,1.907,,31.72,0.356
2003-09-15 13:00:00,,0.65,,39.06,0.234
2003-09-15 14:00:00,,0.65,,40.55,0.259
2003-09-15 15:00:00,,0.65,,38.37,0.246
2003-09-15 16:00:00,,0.65,,33.46,0.529
2003-09-15 17:00:00,,0.65,,27.47,0.488
2003-09-15 18:00:00,,0.65,,26.0,0.539
2003-09-15 19:00:00,,0.65,,16.25,0.595
2003-09-15 20:00:00,,0.65,,13.91,0.725
2003-09-15 21:00:00,,0.65,,19.81,0.528
2003-09-16 14:00:00,,0.65,,32.26,0.671
2003-09-16 15:00:00,,0.65,,35.51,0.543
2003-09-16 16:00:00,,0.65,,31.39,0.567
2003-09-16 17:00:00,,0.65,,35.0,0.433
2003-09-16 18:00:00,,0.65,,25.92,0.598
2003-09-16 19:00:00,,0.65,,20.67,0.678
2003-09-16 20:00:00,,0.65,,14.68,0.586
2003-09-16 21:00:00,,0.65,,17.13,0.448
2003-09-16 22:00:00,,0.65,,18.96,0.511
2003-09-16 23:00:00,,0.65,,14.94,0.623
2003-09-17 00:00:00,,0.65,,2.218,0.774
2003-09-17 01:00:00,,0.65,,0.5,1.398
2003-09-17 02:00:00,,0.65,,0.5,1.208
2003-09-17 03:00:00,,0.65,,4.3,0.524
2003-09-17 04:00:00,,0.65,,18.83,0.4
2003-09-17 05:00:00,,0.65,,20.95,0.335
2003-09-17 06:00:00,,0.65,,19.86,0.696
2003-09-17 07:00:00,,0.65,,8.368,0.542
2003-09-17 08:00:00,,0.65,,12.15,0.868
2003-09-17 09:00:00,,1.489,,14.28,1.129
2003-09-17 10:00:00,,0.65,,25.03,0.696
2003-09-17 11:00:00,,19.13,,17.79,1.027
2003-09-17 12:00:00,,10.47,,19.52,1.194
2003-09-17 13:00:00,,12.25,,27.32,0.888
2003-09-17 14:00:00,,19.19,,26.06,0.898
2003-09-17 15:00:00,,7.06,,30.69,0.875
2003-09-17 16:00:00,,3.391,,26.9,0.862
2003-09-17 17:00:00,,0.65,,33.97,0.591
2003-09-17 18:00:00,,0.65,,28.16,0.587
2003-09-17 19:00:00,,0.65,,18.66,0.62
2003-09-17 20:00:00,,0.65,,15.79,0.579
2003-09-17 21:00:00,,0.65,,14.39,0.48
2003-09-17 22:00:00,,0.65,,22.7,0.475
2003-09-17 23:00:00,,0.65,,21.45,0.445
2003-09-18 00:00:00,,0.65,,20.89,0.317
2003-09-18 01:00:00,,0.65,,14.31,0.434
2003-09-18 02:00:00,,0.65,,9.481,0.521
2003-09-18 03:00:00,,0.65,,13.65,0.255
2003-09-18 04:00:00,,0.65,,19.16,0.258
2003-09-18 05:00:00,,0.65,,16.55,0.241
2003-09-18 06:00:00,,0.65,,23.24,0.224
2003-09-18 07:00:00,,0.65,,14.18,0.22
2003-09-18 08:00:00,,0.65,,2.786,0.557
2003-09-18 09:00:00,,1.889,,3.318,1.227
2003-09-18 10:00:00,,3.438,,13.38,0.658
2003-09-18 11:00:00,,5.394,,16.57,0.647
2003-09-18 12:00:00,,7.48,,21.1,0.602
2003-09-18 13:00:00,,32.87,,16.17,0.959
2003-09-18 14:00:00,,8.672,,34.92,0.601
2003-09-18 15:00:00,,5.532,,46.79,0.414
2003-09-18 16:00:00,,5.15,,41.46,0.405
2003-09-18 17:00:00,,5.285,,41.0,0.348
2003-09-18 18:00:00,,3.853,,36.37,0.338
2003-09-18 19:00:00,,3.222,,28.58,0.337
2003-09-18 20:00:00,,2.482,,17.53,0.421
2003-09-18 21:00:00,,2.605,,5.319,0.578
2003-09-18 22:00:00,,1.989,,8.297,0.599
2003-09-18 23:00:00,,2.243,,9.309,0.449
2003-09-19 00:00:00,,1.592,,5.332,0.437
2003-09-19 01:00:00,,0.65,,6.16,0.239
2003-09-19 02:00:00,,0.65,,4.862,0.412
2003-09-19 03:00:00,,0.65,,8.165,0.277
2003-09-19 04:00:00,,0.65,,0.5,0.364
2003-09-19 05:00:00,,0.65,,5.79,0.201
2003-09-19 06:00:00,,0.65,,7.042,0.254
2003-09-19 07:00:00,,0.65,,0.5,0.597
2003-09-19 08:00:00,,3.172,,0.5,1.093
2003-09-19 09:00:00,,11.85,,0.5,2.355
2003-09-19 10:00:00,,39.77,,4.635,1.062
2003-09-19 11:00:00,,29.9,,11.99,1.029
2003-09-19 12:00:00,,17.3,,22.49,0.672
2003-09-19 13:00:00,,12.33,,30.76,0.437
2003-09-19 14:00:00,,15.55,,32.06,0.618
2003-09-19 15:00:00,,23.95,,36.7,0.451
2003-09-19 16:00:00,,30.89,,31.56,0.414
2003-09-19 17:00:00,,32.45,,8.658,1.03
2003-09-19 18:00:00,,45.23,,0.5,4.161
2003-09-19 19:00:00,,43.43,,0.5,6.142
2003-09-19 20:00:00,,44.9,,0.5,7.924
2003-09-19 21:00:00,,32.0,,0.5,2.856
2003-09-19 22:00:00,,27.26,,0.5,3.113
2003-09-19 23:00:00,,25.71,,0.5,4.076
2003-09-20 00:00:00,,21.18,,17.08,1.88
2003-09-20 01:00:00,,0.65,,34.16,0.738
2003-09-20 02:00:00,,0.65,,33.79,0.719
2003-09-20 03:00:00,,0.65,,31.42,0.702
2003-09-20 11:00:00,,0.65,,30.64,0.155
2003-09-20 12:00:00,,0.65,,36.35,0.628
2003-09-20 13:00:00,,2.873,,40.23,0.358
2003-09-20 14:00:00,,0.65,,40.06,0.323
2003-09-20 15:00:00,,0.65,,44.84,0.182
2003-09-20 16:00:00,,0.65,,40.62,0.189
2003-09-20 17:00:00,,0.65,,20.59,0.312
2003-09-20 18:00:00,,0.65,,17.24,0.328
2003-09-20 19:00:00,,0.65,,17.97,0.267
2003-09-20 20:00:00,,0.65,,13.68,0.228
2003-09-20 21:00:00,,0.65,,14.01,0.246
2003-09-20 22:00:00,,0.65,,17.7,0.184
2003-09-20 23:00:00,,0.65,,16.13,0.203
2003-09-21 00:00:00,,0.65,,17.13,0.215
2003-09-21 01:00:00,,0.65,,16.59,0.241
2003-09-21 02:00:00,,0.65,,17.72,0.242
2003-09-21 03:00:00,,0.65,,18.31,0.181
2003-09-21 04:00:00,,0.65,,18.81,0.221
2003-09-21 05:00:00,,0.65,,17.44,0.205
2003-09-21 06:00:00,,0.65,,15.77,0.212
2003-09-21 07:00:00,,0.65,,12.51,0.275
2003-09-21 08:00:00,,0.65,,11.18,0.328
2003-09-21 11:00:00,,0.65,,10.31,0.317
2003-09-21 12:00:00,,5.33,,9.435,0.5
2003-09-21 13:00:00,,18.99,,11.69,0.42
2003-09-21 14:00:00,,8.756,,11.31,0.395
2003-09-21 15:00:00,,5.364,,16.66,0.242
2003-09-21 16:00:00,,0.65,,9.65,0.328
2003-09-21 17:00:00,,0.65,,10.45,0.165
2003-09-21 18:00:00,,0.65,,12.37,0.134
2003-09-21 19:00:00,,0.65,,7.076,0.31
2003-09-21 20:00:00,,0.65,,7.388,0.277
2003-09-21 21:00:00,,0.65,,10.12,0.186
2003-09-21 22:00:00,,0.65,,6.035,0.267
2003-09-21 23:00:00,,0.65,,1.351,0.698
2003-09-22 00:00:00,,0.65,,0.5,0.74
2003-09-22 01:00:00,,0.65,,0.5,1.461
2003-09-22 02:00:00,,0.65,,0.5,1.42
2003-09-22 03:00:00,,0.65,,5.028,0.677
2003-09-22 04:00:00,,0.65,,9.867,0.532
2003-09-22 05:00:00,,0.65,,13.44,0.593
2003-09-22 06:00:00,,0.65,,12.98,0.449
2003-09-22 07:00:00,,0.65,,8.501,0.515
2003-09-22 08:00:00,,0.65,,4.35,0.594
2003-09-22 09:00:00,,1.644,,5.835,0.609
2003-09-22 10:00:00,,5.593,,8.419,0.544
2003-09-22 11:00:00,,4.137,,11.82,0.541
2003-09-22 12:00:00,,2.534,,13.79,0.518
2003-09-22 13:00:00,,0.65,,16.3,0.613
2003-09-22 14:00:00,,0.65,,18.43,0.531
2003-09-22 15:00:00,,1.677,,19.58,0.478
2003-09-22 16:00:00,,0.65,,19.43,0.477
2003-09-22 17:00:00,,1.308,,16.64,0.593
2003-09-22 18:00:00,,1.724,,14.12,0.596
2003-09-22 19:00:00,,1.866,,9.95,0.682
2003-09-22 20:00:00,,3.055,,8.312,0.883
2003-09-22 21:00:00,,3.553,,11.49,0.75
2003-09-22 22:00:00,,4.364,,2.733,1.419
2003-09-22 23:00:00,,5.49,,2.253,1.377
2003-09-23 00:00:00,,5.571,,19.99,0.474
2003-09-23 01:00:00,,2.497,,14.36,0.517
2003-09-23 02:00:00,,2.675,,13.03,0.468
2003-09-23 03:00:00,,2.193,,18.63,0.333
2003-09-23 04:00:00,,2.411,,14.9,0.375
2003-09-23 05:00:00,,2.784,,3.725,0.512
2003-09-23 06:00:00,,3.599,,1.348,0.528
2003-09-23 07:00:00,,3.819,,0.5,0.792
2003-09-23 08:00:00,,8.06,,0.5,1.75
2003-09-23 09:00:00,,13.19,,1.076,2.249
2003-09-23 10:00:00,,11.4,,6.592,0.772
2003-09-23 11:00:00,,11.02,,7.047,0.952
2003-09-23 12:00:00,,8.947,,11.86,0.592
2003-09-23 13:00:00,,7.621,,11.59,0.537
2003-09-23 14:00:00,,6.726,,12.78,0.568
2003-09-23 15:00:00,,6.239,,13.12,0.445
2003-09-23 16:00:00,,5.724,,16.6,0.418
2003-09-23 17:00:00,,5.658,,15.58,0.34
2003-09-23 18:00:00,,5.45,,13.43,0.412
2003-09-23 19:00:00,,5.018,,10.48,0.527
2003-09-23 20:00:00,,5.881,,7.16,0.584
2003-09-23 21:00:00,,5.821,,12.29,0.48
2003-09-23 22:00:00,,6.487,,5.619,0.771
2003-09-23 23:00:00,,8.006,,0.5,1.379
2003-09-24 00:00:00,,10.08,,0.5,1.07
2003-09-24 01:00:00,,2.16,,0.5,0.868
2003-09-24 02:00:00,,1.657,,1.524,0.549
2003-09-24 03:00:00,,2.656,,4.542,0.429
2003-09-24 04:00:00,,1.558,,12.13,0.299
2003-09-24 05:00:00,,1.5,,21.79,0.296
2003-09-24 06:00:00,,1.469,,18.78,0.364
2003-09-24 07:00:00,,2.683,,6.672,0.474
2003-09-24 08:00:00,,7.707,,0.5,1.596
2003-09-24 09:00:00,,14.31,,1.092,1.874
2003-09-24 10:00:00,,12.92,,1.67,1.232
2003-09-24 11:00:00,,3.019,,17.56,1.375
2003-09-24 12:00:00,,3.537,,19.93,1.353
2003-09-24 13:00:00,,6.706,,30.71,1.092
2003-09-24 14:00:00,,5.964,,29.97,0.726
2003-09-24 15:00:00,,4.417,,25.77,0.825
2003-09-24 16:00:00,,4.785,,23.04,0.756
2003-09-24 17:00:00,,3.618,,23.49,0.749
2003-09-24 18:00:00,,4.792,,15.8,0.946
2003-09-24 19:00:00,,4.303,,9.876,1.062
2003-09-24 20:00:00,,3.426,,7.621,1.354
2003-09-24 21:00:00,,3.36,,9.751,0.746
2003-09-24 22:00:00,,3.133,,18.49,0.414
2003-09-24 23:00:00,,2.129,,16.66,0.578
2003-09-25 00:00:00,,2.24,,19.68,0.317
2003-09-25 01:00:00,,2.379,,22.15,0.174
2003-09-25 02:00:00,,0.65,,24.31,0.153
2003-09-25 03:00:00,,0.65,,23.48,0.158
2003-09-25 04:00:00,,1.435,,23.61,0.133
2003-09-25 05:00:00,,0.65,,23.03,0.147
2003-09-25 06:00:00,,0.65,,20.29,0.142
2003-09-25 07:00:00,,0.65,,15.25,0.193
2003-09-25 08:00:00,,1.418,,11.05,0.325
2003-09-25 09:00:00,,1.646,,13.01,0.31
2003-09-25 10:00:00,,0.65,,19.48,0.201
2003-09-25 11:00:00,,0.65,,21.26,0.272
2003-09-25 12:00:00,,0.65,,23.15,0.207
2003-09-25 13:00:00,,0.65,,22.54,0.194
2003-09-25 14:00:00,,0.65,,22.33,0.232
2003-09-25 15:00:00,,0.65,,33.51,0.244
2003-09-25 16:00:00,,0.65,,35.48,0.192
2003-09-25 17:00:00,,2.689,,36.35,0.152
2003-09-25 18:00:00,,3.189,,27.8,0.183
2003-09-25 19:00:00,,0.65,,27.3,0.209
2003-09-25 20:00:00,,0.65,,27.8,0.194
2003-09-25 21:00:00,,2.35,,32.52,0.173
2003-09-25 22:00:00,,2.386,,32.3,0.126
2003-09-25 23:00:00,,1.891,,32.79,0.152
2003-09-26 00:00:00,,1.466,,33.53,0.263
2003-09-26 01:00:00,,0.65,,36.17,0.579
2003-09-26 02:00:00,,0.65,,36.61,0.48
2003-09-26 03:00:00,,0.65,,36.63,0.465
2003-09-26 04:00:00,,0.65,,35.61,0.458
2003-09-26 05:00:00,,0.65,,36.84,0.426
2003-09-26 06:00:00,,0.65,,37.17,0.439
2003-09-26 07:00:00,,0.65,,31.71,0.481
2003-09-26 08:00:00,,0.65,,20.63,0.556
2003-09-26 09:00:00,,0.65,,18.34,0.718
2003-09-26 10:00:00,,0.65,,23.61,0.625
2003-09-26 11:00:00,,0.65,,22.67,0.616
2003-09-26 12:00:00,,1.383,,19.9,0.78
2003-09-26 13:00:00,,1.615,,25.11,0.66
2003-09-26 14:00:00,,0.65,,29.52,0.678
2003-09-26 15:00:00,,1.843,,24.04,0.727
2003-09-26 16:00:00,,1.921,,25.72,0.729
2003-09-26 17:00:00,,1.447,,23.63,0.711
2003-09-26 18:00:00,,2.468,,17.52,0.723
2003-09-26 19:00:00,,2.007,,6.946,0.931
2003-09-26 20:00:00,,2.172,,4.792,1.123
2003-09-26 21:00:00,,2.867,,8.815,0.815
2003-09-26 22:00:00,,2.204,,8.546,0.853
2003-09-26 23:00:00,,2.339,,2.843,1.002
2003-09-27 00:00:00,,3.29,,0.5,1.968
2003-09-27 01:00:00,,0.65,,4.675,1.285
2003-09-27 02:00:00,,0.65,,14.81,0.843
2003-09-27 03:00:00,,0.65,,18.24,1.052
2003-09-27 04:00:00,,0.65,,22.42,0.688
2003-09-27 05:00:00,,0.65,,23.59,0.632
2003-09-27 06:00:00,,0.65,,30.71,0.437
2003-09-27 07:00:00,,0.65,,27.62,0.41
2003-09-27 08:00:00,,0.65,,13.47,0.697
2003-09-27 09:00:00,,0.65,,13.44,0.967
2003-09-27 10:00:00,,2.06,,22.36,0.914
2003-09-27 11:00:00,,8.499,,25.11,0.816
2003-09-27 12:00:00,,22.74,,26.48,0.94
2003-09-27 13:00:00,,14.45,,35.22,0.847
2003-09-27 14:00:00,,15.43,,47.1,0.679
2003-09-27 15:00:00,,21.22,,49.88,0.742
2003-09-27 16:00:00,,6.642,,47.83,0.862
2003-09-27 17:00:00,,3.074,,58.7,0.527
2003-09-27 18:00:00,,1.582,,49.36,0.445
2003-09-27 19:00:00,,0.65,,30.76,0.511
2003-09-27 20:00:00,,0.65,,23.49,0.699
2003-09-27 21:00:00,,0.65,,15.8,0.822
2003-09-27 22:00:00,,0.65,,11.39,0.855
2003-09-27 23:00:00,,0.65,,8.771,0.728
2003-09-28 00:00:00,,0.65,,5.796,0.826
2003-09-28 01:00:00,,0.65,,2.082,0.953
2003-09-28 02:00:00,,0.65,,0.5,1.121
2003-09-28 03:00:00,,0.65,,0.5,1.4
2003-09-28 04:00:00,,0.65,,0.5,1.161
2003-09-28 05:00:00,,0.65,,0.5,1.218
2003-09-28 06:00:00,,1.589,,0.5,1.494
2003-09-28 07:00:00,,5.952,,5.636,0.91
2003-09-28 08:00:00,,7.986,,14.16,0.641
2003-09-28 09:00:00,,5.883,,14.56,0.685
2003-09-28 10:00:00,,11.72,,16.15,0.8
2003-09-28 11:00:00,,2.163,,21.83,0.696
2003-09-28 12:00:00,,2.687,,25.9,0.623
2003-09-28 13:00:00,,2.88,,31.49,0.726
2003-09-28 14:00:00,,1.582,,34.65,0.697
2003-09-28 15:00:00,,0.65,,33.43,0.661
2003-09-28 16:00:00,,0.65,,36.95,0.548
2003-09-28 17:00:00,,0.65,,34.68,0.623
2003-09-28 18:00:00,,0.65,,35.82,0.605
2003-09-28 19:00:00,,0.65,,34.46,0.642
2003-09-28 20:00:00,,0.65,,34.79,0.579
2003-09-28 21:00:00,,0.65,,29.67,0.672
2003-09-28 22:00:00,,0.65,,28.54,0.657
2003-09-28 23:00:00,,0.65,,31.24,0.569
2003-09-29 00:00:00,,0.65,,30.7,0.356
2003-09-29 01:00:00,,0.65,,34.27,0.304
2003-09-29 02:00:00,,0.65,,37.61,0.387
2003-09-29 03:00:00,,0.65,,37.03,0.354
2003-09-29 04:00:00,,0.65,,37.89,0.287
2003-09-29 05:00:00,,0.65,,32.41,0.315
2003-09-29 06:00:00,,0.65,,38.33,0.264
2003-09-29 07:00:00,,0.65,,39.2,0.235
2003-09-29 08:00:00,,0.65,,23.57,0.568
2003-09-29 09:00:00,,0.65,,26.28,0.497
2003-09-29 10:00:00,,0.65,,35.73,0.293
2003-09-29 11:00:00,,0.65,,37.99,0.274
2003-09-29 12:00:00,,0.65,,36.78,0.337
2003-09-29 13:00:00,,0.65,,38.07,0.331
2003-09-29 14:00:00,,0.65,,35.66,0.308
2003-09-29 15:00:00,,0.65,,34.55,0.297
2003-09-29 16:00:00,,0.65,,35.32,0.287
2003-09-29 17:00:00,,0.65,,33.62,0.294
2003-09-29 18:00:00,,0.65,,32.06,0.342
2003-09-29 19:00:00,,0.65,,15.15,0.467
2003-09-29 20:00:00,,0.65,,18.92,0.383
2003-09-29 21:00:00,,0.65,,27.56,0.281
2003-09-29 22:00:00,,0.65,,30.12,0.236
2003-09-29 23:00:00,,0.65,,25.81,0.268
2003-09-30 00:00:00,,0.65,,20.92,0.256
2003-09-30 01:00:00,,0.65,,25.87,0.193
2003-09-30 02:00:00,,0.65,,32.84,0.143
2003-09-30 03:00:00,,0.65,,27.12,0.13
2003-09-30 04:00:00,,0.65,,27.98,0.139
2003-09-30 05:00:00,,0.65,,33.55,0.125
2003-09-30 06:00:00,,0.65,,36.49,0.099
2003-09-30 07:00:00,,0.65,,29.36,0.102
2003-09-30 08:00:00,,0.65,,21.18,0.207
2003-09-30 09:00:00,,0.65,,27.36,0.284
2003-09-30 10:00:00,,0.65,,29.43,0.271
2003-09-30 11:00:00,,0.65,,32.01,0.279
2003-09-30 12:00:00,,0.65,,36.47,0.249
2003-09-30 13:00:00,,0.65,,37.25,0.27
2003-09-30 14:00:00,,0.65,,40.16,0.264
2003-09-30 15:00:00,,0.65,,40.67,0.27
2003-09-30 16:00:00,,1.334,,40.18,0.243
2003-09-30 17:00:00,,0.65,,,0.226
2003-09-30 18:00:00,,2.169,,33.55,0.27
2003-09-30 19:00:00,,3.773,,27.31,0.283
2003-09-30 20:00:00,,2.99,,27.03,0.203
2003-09-30 21:00:00,,1.976,,24.32,0.26
2003-09-30 22:00:00,,2.116,,25.77,0.225
2003-09-30 23:00:00,,3.088,,22.13,0.229
2003-10-01 00:00:00,,2.37,,18.92,0.326
2003-10-01 01:00:00,,0.65,,19.62,0.423
2003-10-01 02:00:00,,0.65,,24.68,0.472
2003-10-01 03:00:00,,0.65,,23.3,0.43
2003-10-01 04:00:00,,0.65,,19.64,0.524
2003-10-01 05:00:00,,0.65,,21.28,0.522
2003-10-01 06:00:00,,0.65,,11.86,0.476
2003-10-01 07:00:00,,0.65,,1.417,1.104
2003-10-01 08:00:00,,0.65,,2.864,1.168
2003-10-01 09:00:00,,0.65,,13.3,0.925
2003-10-01 10:00:00,,1.476,,15.19,1.206
2003-10-01 11:00:00,,0.65,,28.76,0.99
2003-10-01 12:00:00,,0.65,,32.96,1.192
2003-10-01 13:00:00,,0.65,,43.8,1.093
2003-10-01 14:00:00,,0.65,,57.54,0.928
2003-10-01 15:00:00,,7.308,,44.62,1.149
2003-10-01 16:00:00,,67.26,,17.58,1.705
2003-10-01 17:00:00,,4.881,,49.05,0.638
2003-10-01 18:00:00,,0.65,,36.91,0.755
2003-10-01 19:00:00,,0.65,,19.18,0.81
2003-10-01 20:00:00,,0.65,,8.942,0.917
2003-10-01 21:00:00,,0.65,,6.228,0.86
2003-10-01 22:00:00,,0.65,,9.749,0.737
2003-10-01 23:00:00,,0.65,,7.141,0.733
2003-10-02 00:00:00,,0.65,,5.864,0.786
2003-10-02 01:00:00,,0.65,,4.704,0.693
2003-10-02 02:00:00,,0.65,,5.419,0.601
2003-10-02 03:00:00,,0.65,,0.5,0.76
2003-10-02 04:00:00,,0.65,,12.26,0.533
2003-10-02 05:00:00,,0.65,,9.603,0.47
2003-10-02 06:00:00,,0.65,,0.5,0.817
2003-10-02 07:00:00,,2.017,,0.5,0.94
2003-10-02 08:00:00,,6.628,,1.867,1.907
2003-10-02 09:00:00,,26.83,,3.051,2.382
2003-10-02 10:00:00,,24.43,,7.393,1.6
2003-10-02 11:00:00,,11.82,,16.19,1.044
2003-10-02 12:00:00,,32.3,,28.52,1.397
2003-10-02 13:00:00,,44.88,,23.18,1.388
2003-10-02 14:00:00,,46.01,,23.42,1.549
2003-10-02 15:00:00,,94.56,,19.84,1.344
2003-10-02 16:00:00,,67.06,,18.66,1.122
2003-10-02 17:00:00,,,,9.64,1.673
2003-10-02 18:00:00,,,,8.331,1.417
2003-10-02 19:00:00,,,,4.275,1.736
2003-10-02 20:00:00,,,,6.099,0.996
2003-10-02 21:00:00,,,,12.61,0.817
2003-10-02 22:00:00,,,,20.56,0.516
2003-10-02 23:00:00,,,,15.68,0.521
2003-10-03 00:00:00,,,,18.62,0.462
2003-10-03 01:00:00,,,,28.61,0.38
2003-10-03 02:00:00,,,,35.39,0.323
2003-10-03 03:00:00,,,,37.11,0.276
2003-10-03 04:00:00,,,,34.55,0.308
2003-10-03 05:00:00,,,,33.76,0.248
2003-10-03 06:00:00,,,,34.51,0.282
2003-10-03 07:00:00,,,,28.13,0.346
2003-10-03 08:00:00,,,,17.72,0.628
2003-10-03 09:00:00,,,,17.49,0.705
2003-10-03 10:00:00,,,,22.66,0.53
2003-10-03 11:00:00,,,,20.99,0.738
2003-10-03 12:00:00,,,,27.34,0.521
2003-10-03 13:00:00,,,,29.01,0.533
2003-10-03 14:00:00,,,,36.29,0.483
2003-10-03 15:00:00,,,,41.94,0.375
2003-10-03 16:00:00,,,,39.04,0.516
2003-10-03 17:00:00,,,,27.51,0.764
2003-10-03 18:00:00,,,,16.62,0.818
2003-10-03 19:00:00,,,,17.22,0.776
2003-10-03 20:00:00,,,,17.94,0.735
2003-10-03 21:00:00,,,,15.5,0.574
2003-10-03 22:00:00,,,,18.96,0.485
2003-10-03 23:00:00,,,,21.98,0.539
2003-10-04 00:00:00,,,,26.27,0.51
2003-10-04 01:00:00,,,,26.43,0.499
2003-10-04 02:00:00,,,,23.66,0.758
2003-10-04 03:00:00,,,,29.78,0.631
2003-10-04 04:00:00,,,,34.21,0.511
2003-10-04 05:00:00,,,,32.63,0.398
2003-10-04 06:00:00,,,,28.33,0.434
2003-10-04 07:00:00,,,,23.06,0.545
2003-10-04 08:00:00,,,,18.13,0.615
2003-10-04 09:00:00,,,,22.28,0.573
2003-10-04 10:00:00,,,,20.17,0.616
2003-10-04 11:00:00,,,,18.97,0.969
2003-10-04 12:00:00,,,,29.93,0.964
2003-10-04 13:00:00,,,,42.55,0.996
2003-10-04 14:00:00,,,,48.74,1.05
2003-10-04 15:00:00,,,,64.77,0.992
2003-10-04 16:00:00,,,,79.77,0.722
2003-10-04 17:00:00,,,,45.14,0.6
2003-10-04 18:00:00,,,,41.41,0.728
2003-10-04 19:00:00,,,,33.11,0.743
2003-10-04 20:00:00,,,,33.96,0.717
2003-10-04 21:00:00,,,,30.41,0.752
2003-10-04 22:00:00,,,,22.67,0.865
2003-10-04 23:00:00,,,,19.21,0.715
2003-10-05 00:00:00,,,,15.26,0.563
2003-10-05 01:00:00,,,,15.71,0.465
2003-10-05 02:00:00,,,,25.2,0.351
2003-10-05 03:00:00,,,,31.25,0.227
2003-10-05 04:00:00,,,,43.48,0.184
2003-10-05 05:00:00,,,,31.29,0.25
2003-10-05 06:00:00,,,,37.5,0.188
2003-10-05 07:00:00,,,,41.63,0.164
2003-10-05 08:00:00,,,,26.59,0.244
2003-10-05 09:00:00,,,,16.0,0.255
2003-10-05 10:00:00,,,,13.47,0.299
2003-10-05 11:00:00,,,,26.68,0.45
2003-10-05 12:00:00,,,,25.05,0.535
2003-10-05 13:00:00,,,,21.36,0.793
2003-10-05 14:00:00,,,,28.6,0.631
2003-10-05 15:00:00,,,,42.6,0.448
2003-10-05 16:00:00,,,,32.48,0.604
2003-10-05 17:00:00,,,,21.26,0.674
2003-10-05 18:00:00,,,,24.97,0.412
2003-10-05 19:00:00,,,,30.8,0.3
2003-10-05 20:00:00,,,,27.93,0.405
2003-10-05 21:00:00,,,,25.78,0.37
2003-10-05 22:00:00,,,,28.61,0.24
2003-10-05 23:00:00,,,,28.17,0.243
2003-10-06 00:00:00,,,,22.79,0.277
2003-10-06 01:00:00,,,,23.04,0.435
2003-10-06 02:00:00,,,,33.33,0.3
2003-10-06 03:00:00,,,,42.69,0.278
2003-10-06 04:00:00,,,,45.41,0.259
2003-10-06 05:00:00,,,,41.96,0.375
2003-10-06 06:00:00,,,,37.52,0.439
2003-10-06 07:00:00,,,,32.27,0.354
2003-10-06 08:00:00,,,,13.95,0.805
2003-10-06 09:00:00,,,,25.41,0.643
2003-10-06 10:00:00,,,,21.01,0.884
2003-10-06 11:00:00,,,,27.48,0.475
2003-10-06 12:00:00,,,,21.76,0.721
2003-10-06 13:00:00,,,,30.84,0.621
2003-10-06 14:00:00,,,,30.14,0.477
2003-10-06 15:00:00,,,,24.41,0.62
2003-10-06 16:00:00,,,,19.63,0.65
2003-10-06 17:00:00,,,,18.05,0.715
2003-10-06 18:00:00,,,,19.23,0.494
2003-10-06 19:00:00,,,,20.57,0.5
2003-10-06 20:00:00,,,,17.79,0.52
2003-10-06 21:00:00,,,,16.85,0.443
2003-10-06 22:00:00,,,,16.03,0.436
2003-10-06 23:00:00,,,,20.5,0.397
2003-10-07 00:00:00,,,,25.34,0.299
2003-10-07 01:00:00,,,,38.53,0.346
2003-10-07 02:00:00,,,,39.27,0.309
2003-10-07 03:00:00,,,,43.35,0.31
2003-10-07 04:00:00,,,,43.08,0.261
2003-10-07 05:00:00,,,,40.8,0.268
2003-10-07 06:00:00,,,,38.08,0.292
2003-10-07 07:00:00,,,,36.35,0.238
2003-10-07 08:00:00,,,,28.47,0.338
2003-10-07 09:00:00,,,,33.03,0.39
2003-10-07 10:00:00,,,,36.13,0.338
2003-10-07 11:00:00,,,,37.86,0.316
2003-10-07 12:00:00,,,,36.42,0.32
2003-10-07 13:00:00,,,,36.41,0.341
2003-10-07 14:00:00,,,,36.85,0.349
2003-10-07 15:00:00,,,,33.77,0.379
2003-10-07 16:00:00,,,,34.73,0.383
2003-10-07 17:00:00,,,,30.78,0.346
2003-10-07 18:00:00,,,,33.48,0.335
2003-10-07 19:00:00,,,,27.68,0.383
2003-10-07 20:00:00,,,,24.73,0.389
2003-10-07 21:00:00,,,,21.7,0.37
2003-10-07 22:00:00,,,,21.46,0.406
2003-10-07 23:00:00,,,,19.3,0.377
2003-10-08 00:00:00,,,,16.17,0.352
2003-10-08 01:00:00,,,,17.9,0.313
2003-10-08 02:00:00,,,,19.6,0.282
2003-10-08 03:00:00,,,,26.56,0.265
2003-10-08 04:00:00,,,,27.78,0.231
2003-10-08 05:00:00,,,,26.29,0.258
2003-10-08 06:00:00,,,,15.65,0.299
2003-10-08 07:00:00,,,,4.844,0.369
2003-10-08 08:00:00,,,,5.6,0.778
2003-10-08 09:00:00,,,,9.232,0.936
2003-10-08 10:00:00,,,,13.99,0.846
2003-10-08 11:00:00,,,,20.03,0.987
2003-10-08 12:00:00,,,,28.56,1.133
2003-10-08 13:00:00,,,,38.81,1.067
2003-10-08 14:00:00,,,,28.08,1.16
2003-10-08 15:00:00,,,,22.71,1.227
2003-10-08 16:00:00,,,,19.14,1.165
2003-10-08 17:00:00,,,,18.17,0.859
2003-10-08 18:00:00,,,,13.92,1.141
2003-10-08 19:00:00,,,,19.95,1.154
2003-10-08 20:00:00,,,,20.21,0.835
2003-10-08 21:00:00,,,,22.8,0.792
2003-10-08 22:00:00,,,,15.48,0.694
2003-10-08 23:00:00,,,,15.84,0.619
2003-10-09 00:00:00,,,,10.06,0.637
2003-10-09 01:00:00,,,,16.57,0.818
2003-10-09 02:00:00,,,,20.03,0.672
2003-10-09 03:00:00,,,,27.45,0.637
2003-10-09 04:00:00,,,,25.47,0.64
2003-10-09 05:00:00,,,,24.12,0.659
2003-10-09 06:00:00,,,,31.08,0.571
2003-10-09 07:00:00,,,,25.45,0.679
2003-10-09 08:00:00,,,,6.083,1.744
2003-10-09 09:00:00,,,,2.509,2.094
2003-10-09 10:00:00,,,,7.032,1.577
2003-10-09 11:00:00,,,,9.01,1.495
2003-10-09 12:00:00,,,,4.062,2.02
2003-10-09 13:00:00,,,,7.188,2.138
2003-10-09 14:00:00,,,,19.66,1.056
2003-10-09 15:00:00,,,,15.12,1.27
2003-10-09 16:00:00,,,,11.23,1.421
2003-10-09 17:00:00,,,,20.47,0.824
2003-10-09 18:00:00,,,,23.27,0.947
2003-10-09 19:00:00,,,,17.15,1.022
2003-10-09 20:00:00,,,,7.176,0.951
2003-10-09 21:00:00,,,,2.724,1.022
2003-10-09 22:00:00,,,,0.5,1.524
2003-10-09 23:00:00,,,,0.5,2.583
2003-10-10 00:00:00,,,,0.5,2.967
2003-10-10 01:00:00,,,,0.5,1.866
2003-10-10 02:00:00,,,,0.5,0.833
2003-10-10 03:00:00,,,,0.5,0.756
2003-10-10 04:00:00,,,,5.804,0.315
2003-10-10 05:00:00,,,,1.053,0.507
2003-10-10 06:00:00,,,,0.5,0.517
2003-10-10 07:00:00,,,,2.679,0.519
2003-10-10 08:00:00,,,,4.499,0.423
2003-10-10 09:00:00,,,,5.381,1.139
2003-10-10 10:00:00,,,,17.21,0.499
2003-10-10 11:00:00,,,,29.87,0.388
2003-10-10 12:00:00,,,,32.69,0.349
2003-10-10 13:00:00,,,,36.39,0.321
2003-10-10 14:00:00,,,,37.59,0.232
2003-10-10 15:00:00,,,,33.69,0.287
2003-10-10 16:00:00,,,,27.02,0.335
2003-10-10 17:00:00,,,,24.19,0.285
2003-10-10 18:00:00,,,,26.11,0.29
2003-10-10 19:00:00,,,,17.09,0.47
2003-10-10 20:00:00,,,,19.59,0.403
2003-10-10 21:00:00,,,,26.6,0.245
2003-10-10 22:00:00,,,,33.09,0.219
2003-10-10 23:00:00,,,,28.8,0.203
2003-10-11 00:00:00,,,,29.09,0.223
2003-10-11 01:00:00,,,,30.78,0.209
2003-10-11 02:00:00,,,,34.69,0.188
2003-10-11 03:00:00,,,,32.37,0.135
2003-10-11 04:00:00,,,,33.59,0.133
2003-10-11 05:00:00,,,,26.23,0.165
2003-10-11 06:00:00,,,,23.65,0.178
2003-10-11 07:00:00,,,,22.84,0.275
2003-10-11 08:00:00,,,,15.55,0.364
2003-10-11 09:00:00,,,,11.4,0.536
2003-10-11 10:00:00,,,,19.53,0.386
2003-10-11 11:00:00,,,,24.21,0.335
2003-10-11 12:00:00,,,,28.63,0.4
2003-10-11 13:00:00,,,,34.06,0.333
2003-10-11 14:00:00,,,,36.74,0.326
2003-10-11 15:00:00,,,,37.83,0.3
2003-10-11 16:00:00,,,,34.35,0.381
2003-10-11 17:00:00,,,,32.36,0.392
2003-10-11 18:00:00,,,,32.74,0.255
2003-10-11 19:00:00,,,,33.66,0.205
2003-10-11 20:00:00,,,,22.86,0.335
2003-10-11 21:00:00,,,,21.15,0.362
2003-10-11 22:00:00,,,,23.14,0.373
2003-10-11 23:00:00,,,,27.42,0.301
2003-10-12 00:00:00,,,,27.16,0.231
2003-10-12 01:00:00,,,,32.44,0.16
2003-10-12 02:00:00,,,,28.21,0.197
2003-10-12 03:00:00,,,,33.49,0.226
2003-10-12 04:00:00,,,,38.78,0.163
2003-10-12 05:00:00,,,,38.27,0.161
2003-10-12 06:00:00,,,,39.36,0.12
2003-10-12 07:00:00,,,,31.38,0.165
2003-10-12 08:00:00,,,,38.81,0.108
2003-10-12 09:00:00,,,,41.28,0.12
2003-10-12 10:00:00,,,,42.09,0.165
2003-10-12 11:00:00,,,,41.64,0.15
2003-10-12 12:00:00,,,,41.08,0.176
2003-10-12 13:00:00,,,,42.62,0.27
2003-10-12 14:00:00,,,,40.77,0.197
2003-10-12 15:00:00,,,,40.87,0.173
2003-10-12 16:00:00,,,,41.79,0.203
2003-10-12 17:00:00,,,,44.43,0.127
2003-10-12 18:00:00,,,,39.85,0.127
2003-10-12 19:00:00,,,,33.2,0.154
2003-10-12 20:00:00,,,,28.36,0.324
2003-10-12 21:00:00,,,,18.7,0.394
2003-10-12 22:00:00,,,,14.29,0.342
2003-10-12 23:00:00,,,,18.38,0.263
2003-10-13 00:00:00,,,,22.06,0.217
2003-10-13 01:00:00,,,,22.88,0.155
2003-10-13 02:00:00,,,,22.94,0.149
2003-10-13 03:00:00,,,,22.3,0.127
2003-10-13 04:00:00,,,,21.58,0.116
2003-10-13 05:00:00,,,,15.07,0.159
2003-10-13 06:00:00,,,,3.871,0.204
2003-10-13 07:00:00,,,,1.601,0.326
2003-10-13 08:00:00,,,,5.634,0.533
2003-10-13 09:00:00,,,,14.25,0.581
2003-10-13 10:00:00,,,,35.43,0.242
2003-10-13 11:00:00,,,,39.92,0.218
2003-10-13 12:00:00,,,,41.36,0.198
2003-10-13 13:00:00,,,,47.64,0.155
2003-10-13 14:00:00,,,,46.17,0.142
2003-10-13 15:00:00,,,,45.71,0.129
2003-10-13 16:00:00,,,,43.04,0.108
2003-10-13 17:00:00,,,,41.57,0.211
2003-10-13 18:00:00,,,,35.45,0.254
2003-10-13 19:00:00,,,,26.5,0.252
2003-10-13 20:00:00,,,,9.418,0.301
2003-10-13 21:00:00,,,,15.25,0.242
2003-10-13 22:00:00,,,,15.46,0.222
2003-10-13 23:00:00,,,,17.41,0.192
2003-10-14 00:00:00,,,,24.39,0.193
2003-10-14 01:00:00,,,,28.53,0.289
2003-10-14 02:00:00,,,,26.0,0.283
2003-10-14 03:00:00,,,,28.85,0.284
2003-10-14 04:00:00,,,,26.91,0.315
2003-10-14 05:00:00,,,,29.9,0.356
2003-10-14 06:00:00,,,,20.61,0.328
2003-10-14 07:00:00,,,,8.252,0.497
2003-10-14 08:00:00,,,,10.65,0.724
2003-10-14 09:00:00,,,,22.39,0.619
2003-10-14 10:00:00,,,,30.76,0.649
2003-10-14 11:00:00,,,,37.75,0.541
2003-10-14 12:00:00,,,,41.09,0.458
2003-10-14 14:00:00,,,,40.08,0.506
2003-10-14 15:00:00,,,,42.32,0.559
2003-10-14 16:00:00,,,,42.82,0.588
2003-10-14 17:00:00,,,,41.53,0.521
2003-10-14 18:00:00,,,,37.62,0.597
2003-10-14 19:00:00,,,,30.0,0.645
2003-10-14 20:00:00,,,,24.48,0.636
2003-10-14 21:00:00,,,,23.83,0.606
2003-10-14 22:00:00,,,,23.72,0.633
2003-10-14 23:00:00,,,,22.92,0.652
2003-10-15 00:00:00,,,,21.21,0.424
2003-10-15 01:00:00,,,,22.39,0.189
2003-10-15 02:00:00,,,,26.77,0.17
2003-10-15 03:00:00,,,,26.77,0.149
2003-10-15 04:00:00,,,,25.06,0.146
2003-10-15 05:00:00,,,,24.65,0.161
2003-10-15 06:00:00,,,,19.78,0.117
2003-10-15 07:00:00,,,,11.19,0.145
2003-10-15 08:00:00,,,,13.16,0.177
2003-10-15 09:00:00,,,,17.11,0.213
2003-10-15 10:00:00,,,,26.02,0.247
2003-10-15 11:00:00,,,,29.47,0.353
2003-10-15 12:00:00,,,,35.96,0.197
2003-10-15 13:00:00,,,,36.9,0.248
2003-10-15 14:00:00,,,,43.33,0.142
2003-10-15 15:00:00,,,,43.71,0.16
2003-10-15 16:00:00,,,,37.33,0.153
2003-10-15 17:00:00,,,,33.57,0.157
2003-10-15 18:00:00,,,,27.19,0.182
2003-10-15 19:00:00,,,,20.9,0.192
2003-10-15 20:00:00,,,,19.89,0.199
2003-10-15 21:00:00,,,,18.78,0.188
2003-10-15 22:00:00,,,,18.02,0.166
2003-10-15 23:00:00,,,,13.9,0.154
2003-10-16 00:00:00,,,,12.8,0.331
2003-10-16 01:00:00,,,,15.33,0.613
2003-10-16 02:00:00,,,,17.64,0.629
2003-10-16 03:00:00,,,,14.68,0.618
2003-10-16 04:00:00,,,,13.37,0.648
2003-10-16 05:00:00,,,,14.11,0.578
2003-10-16 06:00:00,,,,14.22,0.546
2003-10-16 07:00:00,,,,4.475,0.753
2003-10-16 08:00:00,,,,8.031,0.944
2003-10-16 09:00:00,,,,10.11,1.267
2003-10-16 10:00:00,,,,15.97,1.333
2003-10-16 11:00:00,,,,28.57,1.053
2003-10-16 12:00:00,,,,37.61,0.759
2003-10-16 13:00:00,,,,31.85,0.771
2003-10-16 14:00:00,,,,41.67,0.812
2003-10-16 15:00:00,,,,48.05,0.766
2003-10-16 16:00:00,,,,44.95,0.796
2003-10-16 17:00:00,,,,45.55,0.63
2003-10-16 18:00:00,,,,36.73,0.67
2003-10-16 19:00:00,,,,24.88,0.851
2003-10-16 20:00:00,,,,17.93,0.836
2003-10-16 21:00:00,,,,11.12,1.038
2003-10-16 22:00:00,,,,6.998,1.092
2003-10-16 23:00:00,,,,3.289,1.356
2003-10-17 00:00:00,,,,3.557,1.07
2003-10-17 01:00:00,,,,1.249,0.746
2003-10-17 02:00:00,,,,1.478,0.746
2003-10-17 03:00:00,,,,1.918,0.755
2003-10-17 04:00:00,,,,1.121,0.642
2003-10-17 05:00:00,,,,0.5,0.814
2003-10-17 06:00:00,,,,0.5,0.609
2003-10-17 07:00:00,,,,1.329,0.691
2003-10-17 08:00:00,,,,2.071,1.457
2003-10-17 09:00:00,,,,7.636,1.202
2003-10-17 10:00:00,,,,15.31,1.051
2003-10-17 11:00:00,,,,24.26,0.955
2003-10-17 12:00:00,,,,38.28,0.762
2003-10-17 13:00:00,,,,56.93,0.857
2003-10-17 14:00:00,,,,57.96,0.692
2003-10-17 15:00:00,,,,45.28,0.929
2003-10-17 16:00:00,,,,52.38,0.815
2003-10-17 17:00:00,,,,43.52,0.809
2003-10-17 18:00:00,,,,28.24,1.147
2003-10-17 19:00:00,,,,30.29,0.887
2003-10-17 20:00:00,,,,28.23,0.75
2003-10-17 21:00:00,,,,14.11,0.82
2003-10-17 22:00:00,,,,15.4,0.813
2003-10-17 23:00:00,,,,3.078,1.144
2003-10-18 00:00:00,,,,6.353,1.07
2003-10-18 01:00:00,,,,11.57,0.707
2003-10-18 02:00:00,,,,12.58,1.067
2003-10-18 03:00:00,,,,28.09,0.526
2003-10-18 04:00:00,,,,18.66,0.668
2003-10-18 05:00:00,,,,11.95,0.571
2003-10-18 06:00:00,,,,4.518,0.766
2003-10-18 07:00:00,,,,1.11,1.001
2003-10-18 08:00:00,,,,9.804,0.69
2003-10-18 09:00:00,,,,23.12,0.663
2003-10-18 10:00:00,,,,29.2,0.784
2003-10-18 11:00:00,,,,43.72,0.816
2003-10-18 12:00:00,,,,56.87,0.607
2003-10-18 13:00:00,,,,57.82,0.64
2003-10-18 14:00:00,,,,70.81,0.49
2003-10-18 15:00:00,,,,68.29,0.45
2003-10-18 16:00:00,,,,60.91,0.502
2003-10-18 17:00:00,,,,48.51,0.778
2003-10-18 18:00:00,,,,49.3,0.543
2003-10-18 19:00:00,,,,8.178,1.52
2003-10-18 20:00:00,,,,1.253,2.952
2003-10-18 21:00:00,,,,1.275,1.799
2003-10-18 22:00:00,,,,19.19,1.154
2003-10-18 23:00:00,,,,3.804,1.918
2003-10-19 00:00:00,,,,0.5,2.074
2003-10-19 01:00:00,,,,16.44,1.795
2003-10-19 02:00:00,,,,46.46,0.731
2003-10-19 03:00:00,,,,52.67,0.604
2003-10-19 04:00:00,,,,47.85,0.703
2003-10-19 05:00:00,,,,42.0,0.855
2003-10-19 06:00:00,,,,40.98,0.818
2003-10-19 07:00:00,,,,28.58,0.704
2003-10-19 08:00:00,,,,38.37,0.63
2003-10-19 09:00:00,,,,36.81,0.651
2003-10-19 11:00:00,,,,31.97,0.777
2003-10-19 12:00:00,,,,30.86,0.831
2003-10-19 13:00:00,,,,32.12,0.858
2003-10-19 14:00:00,,,,27.95,0.736
2003-10-19 15:00:00,,,,26.52,0.955
2003-10-19 16:00:00,,,,28.62,1.116
2003-10-19 17:00:00,,,,32.69,0.91
2003-10-19 18:00:00,,,,25.67,0.701
2003-10-19 19:00:00,,,,24.88,0.64
2003-10-19 20:00:00,,,,18.65,0.718
2003-10-19 21:00:00,,,,21.18,0.701
2003-10-19 22:00:00,,,,22.27,0.623
2003-10-19 23:00:00,,,,27.31,0.56
2003-10-20 00:00:00,,,,31.19,0.498
2003-10-20 01:00:00,,,,26.81,0.376
2003-10-20 02:00:00,,,,31.82,0.338
2003-10-20 03:00:00,,,,36.88,0.296
2003-10-20 04:00:00,,,,35.37,0.285
2003-10-20 05:00:00,,,,40.41,0.36
2003-10-20 06:00:00,,,,33.92,0.346
2003-10-20 07:00:00,,,,20.36,0.544
2003-10-20 08:00:00,,,,21.89,0.549
2003-10-20 09:00:00,,,,25.58,0.494
2003-10-20 10:00:00,,,,30.6,0.398
2003-10-20 11:00:00,,,,33.43,0.432
2003-10-20 12:00:00,,,,35.57,0.384
2003-10-20 13:00:00,,,,36.64,0.464
2003-10-20 14:00:00,,,,37.31,0.4
2003-10-20 15:00:00,,,,37.62,0.37
2003-10-20 16:00:00,,,,34.84,0.316
2003-10-20 17:00:00,,,,36.08,0.309
2003-10-20 18:00:00,,,,28.69,0.388
2003-10-20 19:00:00,,,,28.98,0.359
2003-10-20 20:00:00,,,,30.11,0.38
2003-10-20 21:00:00,,,,26.93,0.393
2003-10-20 22:00:00,,,,25.75,0.332
2003-10-20 23:00:00,,,,26.65,0.357
2003-10-21 00:00:00,,,,28.19,0.334
2003-10-21 01:00:00,,,,29.44,0.497
2003-10-21 02:00:00,,,,31.31,0.481
2003-10-21 03:00:00,,,,26.33,0.424
2003-10-21 04:00:00,,,,19.84,0.448
2003-10-21 05:00:00,,,,21.27,0.436
2003-10-21 06:00:00,,,,8.614,0.551
2003-10-21 07:00:00,,,,1.654,1.015
2003-10-21 08:00:00,,,,0.5,2.296
2003-10-21 09:00:00,,,,3.132,1.399
2003-10-21 10:00:00,,,,6.767,1.285
2003-10-21 11:00:00,,,,5.071,1.59
2003-10-21 12:00:00,,,,9.331,1.432
2003-10-21 13:00:00,,,,13.04,1.455
2003-10-21 14:00:00,,,,23.51,1.314
2003-10-21 15:00:00,,,,13.99,1.353
2003-10-21 16:00:00,,,,14.66,1.328
2003-10-21 17:00:00,,,,14.73,1.405
2003-10-21 18:00:00,,,,10.18,1.727
2003-10-21 19:00:00,,,,6.664,1.905
2003-10-21 20:00:00,,,,12.57,1.072
2003-10-21 21:00:00,,,,20.76,0.631
2003-10-21 22:00:00,,,,21.37,0.728
2003-10-21 23:00:00,,,,20.0,0.749
2003-10-22 00:00:00,,,,19.51,0.525
2003-10-22 01:00:00,,,,25.38,0.288
2003-10-22 02:00:00,,,,35.66,0.27
2003-10-22 03:00:00,,,,35.04,0.243
2003-10-22 04:00:00,,,,35.89,0.197
2003-10-22 05:00:00,,,,34.71,0.141
2003-10-22 06:00:00,,,,27.78,0.246
2003-10-22 07:00:00,,,,8.848,0.733
2003-10-22 08:00:00,,,,10.18,0.853
2003-10-22 09:00:00,,,,15.8,0.637
2003-10-22 10:00:00,,,,14.25,0.55
2003-10-22 11:00:00,,,,20.27,0.498
2003-10-22 12:00:00,,,,24.25,0.393
2003-10-22 13:00:00,,,,25.25,0.516
2003-10-22 14:00:00,,,,24.55,0.541
2003-10-22 15:00:00,,,,30.74,0.483
2003-10-22 16:00:00,,,,39.65,0.268
2003-10-22 17:00:00,,,,38.84,0.262
2003-10-22 18:00:00,,,,34.6,0.403
2003-10-22 19:00:00,,,,24.08,0.409
2003-10-22 20:00:00,,,,22.73,0.37
2003-10-22 21:00:00,,,,23.93,0.338
2003-10-22 22:00:00,,,,20.46,0.468
2003-10-22 23:00:00,,,,15.84,0.389
2003-10-23 00:00:00,,,,14.84,0.317
2003-10-23 01:00:00,,,,18.53,0.271
2003-10-23 02:00:00,,,,9.645,0.341
2003-10-23 03:00:00,,,,11.82,0.29
2003-10-23 04:00:00,,,,7.726,0.345
2003-10-23 05:00:00,,,,3.947,0.403
2003-10-23 06:00:00,,,,0.5,0.533
2003-10-23 07:00:00,,,,0.5,1.461
2003-10-23 08:00:00,,,,0.5,2.51
2003-10-23 09:00:00,,,,2.429,1.479
2003-10-23 10:00:00,,,,9.701,1.017
2003-10-23 11:00:00,,,,16.39,0.831
2003-10-23 12:00:00,,,,44.23,0.381
2003-10-23 13:00:00,,,,62.63,0.344
2003-10-23 14:00:00,,,,45.31,0.355
2003-10-23 15:00:00,,,,48.77,0.228
2003-10-23 16:00:00,,,,52.67,0.21
2003-10-23 17:00:00,,,,46.75,0.295
2003-10-23 18:00:00,,,,37.27,0.269
2003-10-23 19:00:00,,,,35.46,0.307
2003-10-23 20:00:00,,,,24.2,0.394
2003-10-23 21:00:00,,,,19.78,0.332
2003-10-23 22:00:00,,,,17.33,0.356
2003-10-23 23:00:00,,,,18.35,0.411
2003-10-24 00:00:00,,,,29.44,0.3
2003-10-24 01:00:00,,,,32.45,0.401
2003-10-24 02:00:00,,,,34.42,0.487
2003-10-24 03:00:00,,,,35.12,0.495
2003-10-24 04:00:00,,,,26.56,0.596
2003-10-24 05:00:00,,,,9.989,0.75
2003-10-24 06:00:00,,,,1.357,0.799
2003-10-24 07:00:00,,,,0.5,1.569
2003-10-24 08:00:00,,,,12.96,1.238
2003-10-24 09:00:00,,,,12.13,1.449
2003-10-24 10:00:00,,,,23.26,1.332
2003-10-24 11:00:00,,,,31.81,1.117
2003-10-24 12:00:00,,,,35.39,1.151
2003-10-24 13:00:00,,,,38.66,1.073
2003-10-24 15:00:00,,,,44.05,1.088
2003-10-24 16:00:00,,,,40.53,1.286
2003-10-24 17:00:00,,,,65.34,0.681
2003-10-24 18:00:00,,,,54.94,0.489
2003-10-24 19:00:00,,,,39.32,0.632
2003-10-24 20:00:00,,,,22.25,0.801
2003-10-24 21:00:00,,,,28.32,0.805
2003-10-24 22:00:00,,,,25.77,0.711
2003-10-24 23:00:00,,,,23.06,0.83
2003-10-25 00:00:00,,,,22.85,0.676
2003-10-25 01:00:00,,,,21.7,0.3
2003-10-25 02:00:00,,,,22.81,0.329
2003-10-25 03:00:00,,,,25.0,0.284
2003-10-25 04:00:00,,,,24.93,0.274
2003-10-25 05:00:00,,,,28.6,0.248
2003-10-25 06:00:00,,,,25.14,0.25
2003-10-25 07:00:00,,,,15.46,0.307
2003-10-25 08:00:00,,,,19.35,0.347
2003-10-25 09:00:00,,,,31.53,0.34
2003-10-25 10:00:00,,,,23.96,0.622
2003-10-25 11:00:00,,,,17.22,0.735
2003-10-25 12:00:00,,,,16.61,0.524
2003-10-25 14:00:00,,,,19.92,0.437
2003-10-25 15:00:00,,,,11.71,0.989
2003-10-25 16:00:00,,,,0.5,1.769
2003-10-25 17:00:00,,,,0.5,1.494
2003-10-25 18:00:00,,,,0.5,0.954
2003-10-25 19:00:00,,,,4.888,0.689
2003-10-25 20:00:00,,,,2.217,0.97
2003-10-25 21:00:00,,,,3.066,1.027
2003-10-25 22:00:00,,,,13.64,0.674
2003-10-25 23:00:00,,,,14.86,0.599
2003-10-26 00:00:00,,,,14.96,0.503
2003-10-26 01:00:00,,,,17.64,0.757
2003-10-26 02:00:00,,,,14.08,0.993
2003-10-26 03:00:00,,,,15.19,1.046
2003-10-26 04:00:00,,,,21.72,0.973
2003-10-26 05:00:00,,,,23.15,0.791
2003-10-26 06:00:00,,,,19.97,0.816
2003-10-26 07:00:00,,,,24.67,0.661
2003-10-26 08:00:00,,,,17.57,0.682
2003-10-26 09:00:00,,,,15.46,0.766
2003-10-26 10:00:00,,,,19.67,0.745
2003-10-26 11:00:00,,,,19.42,0.819
2003-10-26 12:00:00,,,,18.59,0.871
2003-10-26 13:00:00,,,,19.63,0.855
2003-10-26 14:00:00,,,,16.68,1.002
2003-10-26 15:00:00,,,,19.84,0.912
2003-10-26 16:00:00,,,,23.98,0.767
2003-10-26 17:00:00,,,,16.63,1.009
2003-10-26 18:00:00,,,,14.87,1.031
2003-10-26 19:00:00,,,,7.893,1.401
2003-10-26 20:00:00,,,,4.252,1.66
2003-10-26 21:00:00,,,,1.953,2.004
2003-10-26 22:00:00,,,,18.81,1.05
2003-10-26 23:00:00,,,,31.56,0.675
2003-10-27 00:00:00,,,,36.84,0.668
2003-10-27 01:00:00,,,,41.29,0.391
2003-10-27 02:00:00,,,,32.81,0.406
2003-10-27 03:00:00,,,,33.82,0.4
2003-10-27 04:00:00,,,,29.82,0.382
2003-10-27 05:00:00,,,,28.43,0.457
2003-10-27 06:00:00,,,,21.11,0.478
2003-10-27 07:00:00,,,,8.643,0.987
2003-10-27 08:00:00,,,,14.37,0.747
2003-10-27 09:00:00,,,,13.05,0.829
2003-10-27 10:00:00,,,,23.63,0.518
2003-10-27 11:00:00,,,,29.02,0.475
2003-10-27 12:00:00,,,,31.54,0.459
2003-10-27 13:00:00,,,,32.59,0.458
2003-10-27 14:00:00,,,,30.22,0.5
2003-10-27 15:00:00,,,,28.97,0.502
2003-10-27 18:00:00,,,,28.91,0.48
2003-10-27 19:00:00,,,,24.0,0.546
2003-10-27 20:00:00,,,,16.09,0.607
2003-10-27 21:00:00,,,,12.18,0.556
2003-10-27 22:00:00,,,,17.43,0.559
2003-10-27 23:00:00,,,,18.0,0.521
2003-10-28 00:00:00,,,,25.96,0.464
2003-10-28 01:00:00,,,,28.64,0.374
2003-10-28 02:00:00,,,,29.22,0.256
2003-10-28 03:00:00,,,,30.62,0.218
2003-10-28 04:00:00,,,,32.44,0.25
2003-10-28 05:00:00,,,,33.61,0.232
2003-10-28 06:00:00,,,,29.96,0.231
2003-10-28 07:00:00,,,,20.77,0.231
2003-10-28 08:00:00,,,,12.9,0.349
2003-10-28 09:00:00,,,,21.06,0.39
2003-10-28 10:00:00,,,,28.57,0.215
2003-10-28 11:00:00,,,,31.54,0.307
2003-10-28 12:00:00,,,,30.97,0.276
2003-10-28 13:00:00,,,,25.42,0.291
2003-10-28 14:00:00,,,,29.75,0.36
2003-10-28 15:00:00,,,,29.73,0.316
2003-10-28 16:00:00,,,,28.91,0.313
2003-10-28 17:00:00,,,,26.69,0.267
2003-10-28 18:00:00,,,,22.46,0.316
2003-10-28 19:00:00,,,,22.99,0.318
2003-10-28 20:00:00,,,,23.79,0.297
2003-10-28 21:00:00,,,,22.52,0.324
2003-10-28 22:00:00,,,,22.54,0.298
2003-10-28 23:00:00,,,,22.55,0.313
2003-10-29 00:00:00,,,,23.35,0.218
2003-10-29 01:00:00,,,,20.84,0.205
2003-10-29 02:00:00,,,,23.42,0.246
2003-10-29 03:00:00,,,,22.96,0.193
2003-10-29 04:00:00,,,,22.72,0.21
2003-10-29 05:00:00,,,,20.14,0.161
2003-10-29 06:00:00,,,,17.57,0.244
2003-10-29 07:00:00,,,,13.6,0.413
2003-10-29 08:00:00,,,,19.31,0.398
2003-10-29 09:00:00,,,,18.0,0.375
2003-10-29 10:00:00,,,,22.67,0.328
2003-10-29 11:00:00,,,,23.4,0.361
2003-10-29 12:00:00,,,,25.46,0.327
2003-10-29 13:00:00,,,,23.78,0.355
2003-10-29 14:00:00,,,,23.45,0.331
2003-10-29 15:00:00,,,,20.0,0.345
2003-10-29 16:00:00,,,,21.57,0.378
2003-10-29 17:00:00,,,,16.31,0.29
2003-10-29 18:00:00,,,,14.03,0.35
2003-10-29 19:00:00,,,,13.7,0.393
2003-10-29 20:00:00,,,,11.31,0.34
2003-10-29 21:00:00,,,,9.061,0.327
2003-10-29 22:00:00,,,,8.108,0.292
2003-10-29 23:00:00,,,,8.924,0.309
2003-10-30 00:00:00,,,,9.768,0.343
2003-10-30 01:00:00,,,,11.97,0.267
2003-10-30 02:00:00,,,,10.25,0.257
2003-10-30 03:00:00,,,,9.096,0.308
2003-10-30 04:00:00,,,,3.824,0.349
2003-10-30 05:00:00,,,,0.5,0.627
2003-10-30 06:00:00,,,,0.5,0.929
2003-10-30 07:00:00,,,,2.894,0.992
2003-10-30 08:00:00,,,,4.854,0.95
2003-10-30 09:00:00,,,,5.442,1.096
2003-10-30 10:00:00,,,,14.73,0.975
2003-10-30 11:00:00,,,,41.82,0.782
2003-10-30 12:00:00,,,,45.04,0.744
2003-10-30 13:00:00,,,,54.39,1.225
2003-10-30 14:00:00,,,,29.42,0.887
2003-10-30 15:00:00,,,,23.83,0.747
2003-10-30 20:00:00,,,,27.12,0.488
2003-10-30 21:00:00,,,,16.89,0.495
2003-10-30 22:00:00,,,,10.83,0.5
2003-10-30 23:00:00,,,,7.163,0.983
2003-10-31 00:00:00,,,,4.481,0.754
2003-10-31 01:00:00,,,,0.5,0.828
2003-10-31 02:00:00,,,,1.075,0.677
2003-10-31 03:00:00,,,,4.661,0.621
2003-10-31 04:00:00,,,,4.391,0.663
2003-10-31 05:00:00,,,,1.161,0.994
2003-10-31 06:00:00,,,,0.5,0.708
2003-10-31 07:00:00,,,,5.764,0.976
2003-10-31 08:00:00,,,,0.5,0.914
2003-10-31 09:00:00,,,,0.5,1.332
2003-10-31 10:00:00,,,,0.5,1.63
2003-10-31 11:00:00,,,,11.52,1.033
2003-10-31 12:00:00,,,,12.46,1.176
2003-10-31 13:00:00,,,,20.67,1.138
2003-10-31 14:00:00,,,,27.59,0.95
2003-10-31 15:00:00,,,,36.84,1.173
2003-10-31 16:00:00,,,,42.03,0.978
2003-10-31 17:00:00,,,,50.15,0.554
2003-10-31 18:00:00,,,,31.32,0.698
2003-10-31 19:00:00,,,,19.97,0.793
2003-10-31 20:00:00,,,,25.88,0.601
2003-10-31 21:00:00,,,,26.29,0.675
2003-10-31 22:00:00,,,,24.91,0.646
2003-10-31 23:00:00,,,,22.73,0.59
2003-11-01 00:00:00,,,,21.6,0.723
2003-11-01 01:00:00,,,,24.08,0.323
2003-11-01 02:00:00,,,,34.16,0.254
2003-11-01 03:00:00,,,,32.59,0.209
2003-11-01 04:00:00,,,,40.28,0.193
2003-11-01 05:00:00,,,,38.64,0.23
2003-11-01 06:00:00,,,,37.89,0.193
2003-11-01 07:00:00,,,,41.44,0.169
2003-11-01 08:00:00,,,,31.66,0.227
2003-11-01 09:00:00,,,,27.74,0.276
2003-11-01 10:00:00,,,,21.89,0.272
2003-11-01 11:00:00,,,,26.29,0.253
2003-11-01 12:00:00,,,,24.3,0.224
2003-11-01 13:00:00,,,,25.64,0.158
2003-11-01 14:00:00,,,,29.65,0.158
2003-11-01 15:00:00,,,,29.72,0.162
2003-11-01 16:00:00,,,,28.41,0.162
2003-11-01 17:00:00,,,,28.04,0.227
2003-11-01 18:00:00,,,,26.88,0.26
2003-11-01 19:00:00,,,,28.72,0.219
2003-11-01 20:00:00,,,,28.77,0.162
2003-11-01 21:00:00,,,,30.52,0.176
2003-11-01 22:00:00,,,,29.81,0.162
2003-11-01 23:00:00,,,,28.9,0.287
2003-11-02 00:00:00,,,,31.46,0.186
2003-11-02 01:00:00,,,,30.46,0.333
2003-11-02 02:00:00,,,,37.36,0.317
2003-11-02 03:00:00,,,,37.08,0.267
2003-11-02 04:00:00,,,,31.28,0.268
2003-11-02 05:00:00,,,,22.73,0.329
2003-11-02 06:00:00,,,,20.76,0.465
2003-11-02 07:00:00,,,,24.57,0.304
2003-11-02 08:00:00,,,,17.82,0.367
2003-11-02 09:00:00,,,,23.74,0.361
2003-11-02 10:00:00,,,,24.47,0.381
2003-11-02 11:00:00,,,,31.33,0.347
2003-11-02 12:00:00,,,,29.94,0.371
2003-11-02 13:00:00,,,,34.57,0.264
2003-11-02 14:00:00,,,,33.34,0.285
2003-11-02 15:00:00,,,,35.3,0.243
2003-11-02 16:00:00,,,,33.93,0.292
2003-11-02 17:00:00,,,,34.45,0.397
2003-11-02 18:00:00,,,,33.33,0.349
2003-11-02 19:00:00,,,,27.8,0.354
2003-11-02 20:00:00,,,,29.09,0.337
2003-11-02 21:00:00,,,,26.53,0.345
2003-11-02 22:00:00,,,,23.4,0.385
2003-11-02 23:00:00,,,,26.92,0.318
2003-11-03 00:00:00,,,,29.13,0.253
2003-11-03 01:00:00,,,,23.11,0.26
2003-11-03 02:00:00,,,,10.96,0.319
2003-11-03 03:00:00,,,,2.826,0.4
2003-11-03 04:00:00,,,,1.311,0.405
2003-11-03 05:00:00,,,,1.614,0.451
2003-11-03 06:00:00,,,,0.5,0.672
2003-11-03 07:00:00,,,,0.5,1.176
2003-11-03 08:00:00,,,,10.57,0.778
2003-11-03 09:00:00,,,,13.17,0.784
2003-11-03 10:00:00,,,,22.41,0.504
2003-11-03 11:00:00,,,,30.6,0.375
2003-11-03 12:00:00,,,,27.3,0.507
2003-11-03 13:00:00,,,,25.7,0.572
2003-11-03 14:00:00,,,,29.24,0.485
2003-11-03 15:00:00,,,,35.19,0.542
2003-11-03 16:00:00,,,,35.91,0.506
2003-11-03 17:00:00,,,,34.63,0.47
2003-11-03 18:00:00,,,,32.26,0.494
2003-11-03 19:00:00,,,,29.42,0.491
2003-11-03 20:00:00,,,,23.0,0.517
2003-11-03 21:00:00,,,,13.21,0.6
2003-11-03 22:00:00,,,,9.075,0.535
2003-11-03 23:00:00,,,,9.378,0.51
2003-11-04 00:00:00,,,,13.12,0.413
2003-11-04 01:00:00,,,,17.69,0.356
2003-11-04 02:00:00,,,,17.55,0.308
2003-11-04 03:00:00,,,,15.92,0.244
2003-11-04 04:00:00,,,,11.23,0.294
2003-11-04 05:00:00,,,,9.737,0.3
2003-11-04 06:00:00,,,,3.765,0.357
2003-11-04 07:00:00,,,,4.132,0.581
2003-11-04 08:00:00,,,,16.33,0.448
2003-11-04 10:00:00,,,,28.49,0.343
2003-11-04 11:00:00,,,,30.08,0.324
2003-11-04 12:00:00,,,,28.1,0.231
2003-11-04 13:00:00,,,,31.38,0.33
2003-11-04 14:00:00,,,,31.04,0.397
2003-11-04 15:00:00,,,,33.8,0.35
2003-11-04 16:00:00,,,,32.71,0.359
2003-11-04 17:00:00,,,,26.86,0.373
2003-11-04 18:00:00,,,,24.61,0.43
2003-11-04 19:00:00,,,,23.73,0.386
2003-11-04 20:00:00,,,,23.98,0.382
2003-11-04 21:00:00,,,,26.21,0.372
2003-11-04 22:00:00,,,,25.14,0.339
2003-11-04 23:00:00,,,,25.37,0.289
2003-11-05 00:00:00,,,,27.05,0.281
2003-11-05 01:00:00,,,,27.18,0.14
2003-11-05 02:00:00,,,,27.42,0.131
2003-11-05 03:00:00,,,,27.4,0.123
2003-11-05 04:00:00,,,,24.03,0.118
2003-11-05 05:00:00,,,,26.67,0.14
2003-11-05 06:00:00,,,,17.25,0.171
2003-11-05 07:00:00,,,,5.05,0.305
2003-11-05 08:00:00,,,,8.058,0.336
2003-11-05 09:00:00,,,,11.68,0.265
2003-11-05 10:00:00,,,,12.82,0.192
2003-11-05 11:00:00,,,,18.24,0.197
2003-11-05 12:00:00,,,,21.11,0.25
2003-11-05 13:00:00,,,,23.21,0.544
2003-11-05 14:00:00,,,,36.25,0.445
2003-11-05 15:00:00,,,,37.35,0.25
2003-11-05 16:00:00,,,,31.59,0.26
2003-11-05 17:00:00,,,,33.79,0.241
2003-11-05 18:00:00,,,,22.6,0.264
2003-11-05 19:00:00,,,,20.05,0.206
2003-11-05 20:00:00,,,,15.11,0.21
2003-11-05 21:00:00,,,,16.36,0.209
2003-11-05 22:00:00,,,,14.64,0.291
2003-11-05 23:00:00,,,,8.867,0.28
2003-11-06 00:00:00,,,,13.03,0.219
2003-11-06 01:00:00,,,,17.95,0.201
2003-11-06 02:00:00,,,,19.39,0.186
2003-11-06 03:00:00,,,,17.44,0.174
2003-11-06 04:00:00,,,,18.51,0.211
2003-11-06 05:00:00,,,,15.34,0.204
2003-11-06 06:00:00,,,,5.972,0.216
2003-11-06 07:00:00,,,,2.058,0.401
2003-11-06 08:00:00,,,,5.222,0.904
2003-11-06 09:00:00,,,,14.28,0.775
2003-11-06 10:00:00,,,,17.02,0.936
2003-11-06 11:00:00,,,,25.91,0.711
2003-11-06 12:00:00,,,,28.14,0.445
2003-11-06 13:00:00,,,,25.51,0.652
2003-11-06 14:00:00,,,,32.74,0.365
2003-11-06 16:00:00,,,,32.41,0.282
2003-11-06 17:00:00,,,,23.45,0.255
2003-11-06 18:00:00,,,,20.55,0.32
2003-11-06 19:00:00,,,,16.96,0.36
2003-11-06 20:00:00,,,,15.36,0.312
2003-11-06 21:00:00,,,,13.75,0.356
2003-11-06 22:00:00,,,,11.51,0.299
2003-11-06 23:00:00,,,,9.468,0.289
2003-11-07 00:00:00,,,,12.98,0.216
2003-11-07 01:00:00,,,,19.02,0.146
2003-11-07 02:00:00,,,,17.34,0.169
2003-11-07 03:00:00,,,,16.19,0.178
2003-11-07 04:00:00,,,,16.69,0.168
2003-11-07 05:00:00,,,,15.58,0.113
2003-11-07 06:00:00,,,,11.35,0.201
2003-11-07 07:00:00,,,,6.242,0.284
2003-11-07 08:00:00,,,,8.378,0.33
2003-11-07 09:00:00,,,,10.96,0.218
2003-11-07 10:00:00,,,,17.28,0.196
2003-11-07 11:00:00,,,,18.93,0.277
2003-11-07 12:00:00,,,,24.3,0.203
2003-11-07 13:00:00,,,,28.14,0.287
2003-11-07 14:00:00,,,,26.53,0.255
2003-11-07 15:00:00,,,,24.36,0.246
2003-11-07 16:00:00,,,,23.4,0.226
2003-11-07 17:00:00,,,,24.33,0.227
2003-11-07 18:00:00,,,,18.81,0.247
2003-11-07 19:00:00,,,,18.42,0.23
2003-11-07 20:00:00,,,,16.16,0.261
2003-11-07 21:00:00,,,,16.56,0.245
2003-11-07 22:00:00,,,,15.01,0.262
2003-11-07 23:00:00,,,,17.2,0.263
2003-11-08 00:00:00,,,,20.88,0.289
2003-11-08 01:00:00,,,,22.04,0.45
2003-11-08 02:00:00,,,,23.27,0.357
2003-11-08 03:00:00,,,,23.86,0.377
2003-11-08 04:00:00,,,,12.92,0.464
2003-11-08 05:00:00,,,,1.906,0.633
2003-11-08 06:00:00,,,,1.047,0.581
2003-11-08 07:00:00,,,,4.596,0.604
2003-11-08 08:00:00,,,,9.257,0.608
2003-11-08 09:00:00,,,,13.99,0.556
2003-11-08 10:00:00,,,,20.47,0.504
2003-11-08 11:00:00,,,,21.79,0.533
2003-11-08 12:00:00,,,,26.88,0.57
2003-11-08 13:00:00,,,,24.47,0.676
2003-11-08 14:00:00,,,,23.54,0.674
2003-11-08 15:00:00,,,,19.63,0.642
2003-11-08 16:00:00,,,,19.76,0.877
2003-11-08 18:00:00,,,,30.68,0.457
2003-11-08 19:00:00,,,,39.45,0.421
2003-11-08 20:00:00,,,,35.38,0.428
2003-11-08 21:00:00,,,,36.18,0.516
2003-11-08 22:00:00,,,,32.08,0.544
2003-11-08 23:00:00,,,,25.71,0.563
2003-11-09 00:00:00,,,,20.12,0.689
2003-11-09 01:00:00,,,,14.32,0.541
2003-11-09 02:00:00,,,,10.11,
2003-11-09 03:00:00,,,,8.236,
2003-11-09 04:00:00,,,,8.561,
2003-11-09 05:00:00,,,,2.894,
2003-11-09 06:00:00,,,,0.5,
2003-11-09 07:00:00,,,,2.637,
2003-11-09 08:00:00,,,,8.268,
2003-11-09 09:00:00,,,,16.68,
2003-11-09 10:00:00,,,,30.41,
2003-11-09 11:00:00,,,,33.9,0.429
2003-11-09 12:00:00,,,,,0.381
2003-11-09 13:00:00,,,,34.55,0.355
2003-11-09 14:00:00,,,,28.98,0.262
2003-11-09 15:00:00,,,,28.52,0.198
2003-11-09 16:00:00,,,,27.22,0.206
2003-11-09 17:00:00,,,,27.51,0.266
2003-11-09 19:00:00,,,,20.41,0.363
2003-11-09 20:00:00,,,,17.7,0.372
2003-11-09 21:00:00,,,,13.34,0.407
2003-11-09 22:00:00,,,,10.14,0.59
2003-11-09 23:00:00,,,,4.2,0.741
2003-11-10 00:00:00,,,,13.58,0.274
2003-11-10 01:00:00,,,,15.0,0.361
2003-11-10 02:00:00,,,,13.92,0.647
2003-11-10 03:00:00,,,,16.51,0.5
2003-11-10 04:00:00,,,,17.68,0.458
2003-11-10 05:00:00,,,,20.78,0.501
2003-11-10 06:00:00,,,,21.17,0.416
2003-11-10 07:00:00,,,,16.62,0.576
2003-11-10 08:00:00,,,,14.85,0.523
2003-11-10 09:00:00,,,,14.66,1.151
2003-11-10 10:00:00,,,,24.4,0.848
2003-11-10 11:00:00,,,,14.7,1.223
2003-11-10 12:00:00,,,,28.17,0.742
2003-11-10 13:00:00,,,,37.7,0.548
2003-11-10 14:00:00,,,,35.41,0.506
2003-11-10 15:00:00,,,,35.94,0.444
2003-11-10 17:00:00,,,,30.43,0.591
2003-11-10 18:00:00,,,,30.82,0.668
2003-11-10 19:00:00,,,,22.87,0.653
2003-11-10 20:00:00,,,,24.76,0.568
2003-11-10 21:00:00,,,,26.9,0.489
2003-11-10 22:00:00,,,,25.28,0.556
2003-11-10 23:00:00,,,,22.77,0.509
2003-11-11 00:00:00,,,,23.18,0.408
2003-11-11 01:00:00,,,,22.87,0.242
2003-11-11 02:00:00,,,,21.87,0.262
2003-11-11 03:00:00,,,,22.18,0.232
2003-11-11 04:00:00,,,,20.0,0.241
2003-11-11 05:00:00,,,,20.46,0.267
2003-11-11 06:00:00,,,,16.13,0.292
2003-11-11 07:00:00,,,,3.029,0.614
2003-11-11 08:00:00,,,,8.413,0.607
2003-11-11 09:00:00,,,,13.21,0.647
2003-11-11 10:00:00,,,,22.05,0.845
2003-11-11 11:00:00,,,,32.32,0.805
2003-11-11 12:00:00,,,,50.77,0.667
2003-11-11 13:00:00,,,,62.04,0.741
2003-11-11 14:00:00,,,,66.41,0.763
2003-11-11 15:00:00,,,,75.99,0.859
2003-11-11 16:00:00,,,,96.13,0.494
2003-11-11 17:00:00,,,,72.9,0.45
2003-11-11 18:00:00,,,,44.38,0.451
2003-11-11 19:00:00,,,,30.13,0.507
2003-11-11 20:00:00,,,,21.9,0.565
2003-11-11 21:00:00,,,,17.88,0.68
2003-11-11 22:00:00,,,,6.535,1.624
2003-11-11 23:00:00,,,,1.315,1.415
2003-11-12 00:00:00,,,,3.322,1.065
2003-11-12 01:00:00,,,,1.633,1.183
2003-11-12 02:00:00,,,,11.56,0.922
2003-11-12 03:00:00,,,,18.78,0.831
2003-11-12 04:00:00,,,,26.58,0.729
2003-11-12 05:00:00,,,,30.17,0.712
2003-11-12 06:00:00,,,,23.64,0.79
2003-11-12 07:00:00,,,,8.824,1.496
2003-11-12 08:00:00,,,,22.42,1.251
2003-11-12 09:00:00,,,,30.97,1.045
2003-11-12 10:00:00,,,,35.58,1.094
2003-11-12 11:00:00,,,,35.39,1.414
2003-11-12 12:00:00,,,,31.24,1.116
2003-11-12 13:00:00,,,,13.57,1.626
2003-11-12 14:00:00,,,,5.613,2.239
2003-11-12 15:00:00,,,,8.99,1.735
2003-11-12 16:00:00,,,,6.921,1.713
2003-11-12 17:00:00,,,,4.496,1.527
2003-11-12 18:00:00,,,,2.156,1.996
2003-11-12 19:00:00,,,,7.039,1.192
2003-11-12 20:00:00,,,,6.811,1.239
2003-11-12 21:00:00,,,,2.649,1.158
2003-11-12 22:00:00,,,,4.785,1.13
2003-11-12 23:00:00,,,,13.81,0.779
2003-11-13 00:00:00,,,,19.8,0.542
2003-11-13 01:00:00,,,,21.92,0.275
2003-11-13 02:00:00,,,,29.59,0.206
2003-11-13 03:00:00,,,,27.94,0.179
2003-11-13 04:00:00,,,,26.36,0.116
2003-11-13 05:00:00,,,,24.22,0.097
2003-11-13 06:00:00,,,,22.2,0.132
2003-11-13 07:00:00,,,,12.09,0.387
2003-11-13 08:00:00,,,,7.935,0.531
2003-11-13 09:00:00,,,,9.797,0.394
2003-11-13 10:00:00,,,,8.844,0.434
2003-11-13 11:00:00,,,,10.9,0.651
2003-11-13 12:00:00,,,,17.82,0.437
2003-11-13 13:00:00,,,,22.56,0.374
2003-11-13 14:00:00,,,,20.44,0.433
2003-11-13 15:00:00,,,,19.93,0.444
2003-11-13 16:00:00,,,,18.7,0.38
2003-11-13 17:00:00,,,,14.05,0.519
2003-11-13 18:00:00,,,,7.561,0.8
2003-11-13 19:00:00,,,,9.012,0.542
2003-11-13 20:00:00,,,,11.47,0.431
2003-11-13 21:00:00,,,,11.9,0.351
2003-11-13 22:00:00,,,,20.27,0.173
2003-11-13 23:00:00,,,,13.84,0.136
2003-11-14 00:00:00,,,,16.88,0.149
2003-11-14 01:00:00,,,,22.97,0.182
2003-11-14 02:00:00,,,,26.08,0.175
2003-11-14 03:00:00,,,,26.94,0.199
2003-11-14 04:00:00,,,,23.78,0.169
2003-11-14 05:00:00,,,,17.92,0.315
2003-11-14 06:00:00,,,,8.581,0.292
2003-11-14 07:00:00,,,,17.78,0.192
2003-11-14 08:00:00,,,,21.01,0.299
2003-11-14 09:00:00,,,,20.44,0.47
2003-11-14 10:00:00,,,,27.54,0.277
2003-11-14 11:00:00,,,,20.01,0.772
2003-11-14 12:00:00,,,,18.06,0.816
2003-11-14 13:00:00,,,,37.95,0.395
2003-11-14 14:00:00,,,,44.96,0.256
2003-11-14 15:00:00,,,,46.02,0.324
2003-11-14 16:00:00,,,,39.5,0.349
2003-11-14 17:00:00,,,,36.93,0.263
2003-11-14 18:00:00,,,,30.68,0.226
2003-11-14 19:00:00,,,,27.84,0.216
2003-11-14 20:00:00,,,,24.88,0.179
2003-11-14 21:00:00,,,,24.13,0.208
2003-11-14 22:00:00,,,,23.03,0.178
2003-11-14 23:00:00,,,,17.42,0.256
2003-11-15 00:00:00,,,,8.722,0.342
2003-11-15 01:00:00,,,,9.033,0.47
2003-11-15 02:00:00,,,,8.944,0.488
2003-11-15 03:00:00,,,,10.77,0.444
2003-11-15 04:00:00,,,,7.218,0.549
2003-11-15 05:00:00,,,,2.565,0.634
2003-11-15 06:00:00,,,,2.728,0.827
2003-11-15 07:00:00,,,,4.61,0.799
2003-11-15 08:00:00,,,,12.88,0.543
2003-11-15 09:00:00,,,,22.31,0.547
2003-11-15 10:00:00,,,,30.16,0.46
2003-11-15 11:00:00,,,,36.03,0.525
2003-11-15 12:00:00,,,,40.38,0.711
2003-11-15 13:00:00,,,,55.66,0.602
2003-11-15 14:00:00,,,,43.64,0.71
2003-11-15 15:00:00,,,,26.49,0.854
2003-11-15 16:00:00,,,,43.19,0.552
2003-11-15 17:00:00,,,,37.37,0.514
2003-11-15 18:00:00,,,,32.51,0.82
2003-11-15 19:00:00,,,,29.64,0.586
2003-11-15 20:00:00,,,,23.18,0.699
2003-11-15 21:00:00,,,,13.49,1.026
2003-11-15 22:00:00,,,,13.52,0.812
2003-11-15 23:00:00,,,,15.37,0.717
2003-11-16 00:00:00,,,,16.32,0.644
2003-11-16 01:00:00,,,,15.91,0.532
2003-11-16 02:00:00,,,,1.16,1.044
2003-11-16 03:00:00,,,,3.667,0.873
2003-11-16 04:00:00,,,,11.67,0.614
2003-11-16 05:00:00,,,,4.808,0.746
2003-11-16 06:00:00,,,,0.5,0.867
2003-11-16 07:00:00,,,,1.492,0.964
2003-11-16 08:00:00,,,,6.911,0.703
2003-11-16 09:00:00,,,,14.04,0.714
2003-11-16 10:00:00,,,,18.1,0.631
2003-11-16 11:00:00,,,,17.52,0.705
2003-11-16 12:00:00,,,,17.74,1.006
2003-11-16 13:00:00,,,,15.42,0.952
2003-11-16 14:00:00,,,,11.53,1.078
2003-11-16 15:00:00,,,,3.973,1.405
2003-11-16 16:00:00,,,,5.444,1.297
2003-11-16 17:00:00,,,,11.71,0.838
2003-11-16 18:00:00,,,,11.5,0.909
2003-11-16 19:00:00,,,,10.86,1.158
2003-11-16 20:00:00,,,,13.11,1.072
2003-11-16 21:00:00,,,,9.146,0.988
2003-11-16 22:00:00,,,,7.379,0.922
2003-11-16 23:00:00,,,,4.863,0.823
2003-11-17 00:00:00,,,,13.85,0.534
2003-11-17 01:00:00,,,,15.53,0.467
2003-11-17 02:00:00,,,,15.08,0.465
2003-11-17 03:00:00,,,,19.42,0.395
2003-11-17 04:00:00,,,,19.01,0.361
2003-11-17 05:00:00,,,,18.03,0.365
2003-11-17 06:00:00,,,,9.997,0.518
2003-11-17 07:00:00,,,,0.5,1.113
2003-11-17 08:00:00,,,,3.093,1.695
2003-11-17 09:00:00,,,,7.135,1.25
2003-11-17 10:00:00,,,,7.883,1.715
2003-11-17 11:00:00,,,,15.95,1.531
2003-11-17 12:00:00,,,,21.43,1.053
2003-11-17 13:00:00,,,,32.54,1.004
2003-11-17 14:00:00,,,,35.04,1.406
2003-11-17 15:00:00,,,,27.76,1.1
2003-11-17 16:00:00,,,,20.42,1.222
2003-11-17 17:00:00,,,,20.61,1.278
2003-11-17 18:00:00,,,,8.882,1.672
2003-11-17 19:00:00,,,,12.17,1.313
2003-11-17 20:00:00,,,,5.838,0.981
2003-11-17 21:00:00,,,,17.69,0.558
2003-11-17 22:00:00,,,,21.58,0.56
2003-11-17 23:00:00,,,,20.07,0.474
2003-11-18 00:00:00,,,,18.69,0.487
2003-11-18 01:00:00,,,,25.18,0.377
2003-11-18 02:00:00,,,,22.87,0.418
2003-11-18 03:00:00,,,,17.85,0.447
2003-11-18 04:00:00,,,,14.09,0.446
2003-11-18 05:00:00,,,,13.65,0.434
2003-11-18 06:00:00,,,,9.761,0.645
2003-11-18 07:00:00,,,,7.471,1.24
2003-11-18 08:00:00,,,,9.732,0.914
2003-11-18 09:00:00,,,,13.16,0.911
2003-11-18 12:00:00,,,,18.8,0.744
2003-11-18 13:00:00,,,,26.1,0.791
2003-11-18 14:00:00,,,,26.89,0.867
2003-11-18 15:00:00,,,,24.54,0.95
2003-11-18 16:00:00,,,,18.82,1.053
2003-11-18 17:00:00,,,,16.19,0.846
2003-11-18 18:00:00,,,,10.3,1.072
2003-11-18 19:00:00,,,,6.699,1.179
2003-11-18 20:00:00,,,,2.657,1.221
2003-11-18 21:00:00,,,,6.142,0.932
2003-11-18 22:00:00,,,,7.933,0.836
2003-11-18 23:00:00,,,,8.289,0.939
2003-11-19 00:00:00,,,,12.47,0.571
2003-11-19 01:00:00,,,,17.59,0.3
2003-11-19 02:00:00,,,,24.21,0.247
2003-11-19 03:00:00,,,,25.37,0.233
2003-11-19 04:00:00,,,,29.75,0.168
2003-11-19 05:00:00,,,,27.54,0.14
2003-11-19 06:00:00,,,,22.76,0.191
2003-11-19 07:00:00,,,,11.46,0.491
2003-11-19 08:00:00,,,,17.59,0.504
2003-11-19 09:00:00,,,,15.41,0.618
2003-11-19 10:00:00,,,,12.85,0.779
2003-11-19 11:00:00,,,,17.48,0.485
2003-11-19 12:00:00,,,,18.23,0.704
2003-11-19 13:00:00,,,,19.77,0.644
2003-11-19 15:00:00,,,,17.98,0.514
2003-11-19 16:00:00,,,,19.73,0.503
2003-11-19 17:00:00,,,,19.38,0.584
2003-11-19 18:00:00,,,,14.25,0.673
2003-11-19 19:00:00,,,,8.908,0.806
2003-11-19 20:00:00,,,,6.301,0.77
2003-11-19 21:00:00,,,,3.671,0.997
2003-11-19 22:00:00,,,,3.974,1.078
2003-11-19 23:00:00,,,,5.333,0.65
2003-11-20 00:00:00,,,,7.736,0.385
2003-11-20 01:00:00,,,,9.689,0.395
2003-11-20 02:00:00,,,,9.633,0.372
2003-11-20 03:00:00,,,,17.98,0.266
2003-11-20 04:00:00,,,,21.67,0.243
2003-11-20 05:00:00,,,,17.46,0.221
2003-11-20 06:00:00,,,,18.36,0.256
2003-11-20 07:00:00,,,,13.35,0.457
2003-11-20 08:00:00,,,,14.26,0.546
2003-11-20 09:00:00,,,,18.91,0.389
2003-11-20 10:00:00,,,,20.38,0.453
2003-11-20 11:00:00,,,,27.44,0.286
2003-11-20 12:00:00,,,,29.08,0.248
2003-11-20 13:00:00,,,,28.36,0.324
2003-11-20 14:00:00,,,,35.38,0.254
2003-11-20 15:00:00,,,,34.84,0.247
2003-11-20 16:00:00,,,,33.73,0.201
2003-11-20 17:00:00,,,,30.52,0.23
2003-11-20 18:00:00,,,,28.52,0.257
2003-11-20 19:00:00,,,,25.38,0.449
2003-11-20 20:00:00,,,,20.38,0.255
2003-11-20 21:00:00,,,,13.91,0.383
2003-11-20 22:00:00,,,,13.78,0.278
2003-11-20 23:00:00,,,,22.96,0.179
2003-11-21 00:00:00,,,,25.02,0.201
2003-11-21 01:00:00,,,,26.2,0.202
2003-11-21 02:00:00,,,,28.13,0.206
2003-11-21 03:00:00,,,,28.3,0.205
2003-11-21 04:00:00,,,,26.52,0.185
2003-11-21 05:00:00,,,,24.01,0.26
2003-11-21 06:00:00,,,,8.05,0.27
2003-11-21 07:00:00,,,,6.486,0.593
2003-11-21 08:00:00,,,,14.63,0.493
2003-11-21 09:00:00,,,,22.67,0.377
2003-11-21 10:00:00,,,,23.66,
2003-11-21 11:00:00,,,,29.75,0.517
2003-11-21 12:00:00,,,,34.71,0.6
2003-11-21 13:00:00,,,,37.01,0.669
2003-11-21 14:00:00,,,,34.88,0.72
2003-11-21 15:00:00,,,,42.86,0.572
2003-11-21 16:00:00,,,,46.03,0.453
2003-11-21 17:00:00,,,,34.76,0.415
2003-11-21 18:00:00,,,,32.11,0.491
2003-11-21 19:00:00,,,,28.88,0.605
2003-11-21 20:00:00,,,,23.0,0.693
2003-11-21 21:00:00,,,,16.4,0.597
2003-11-21 22:00:00,,,,9.929,0.626
2003-11-21 23:00:00,,,,9.566,0.607
2003-11-22 00:00:00,,,,7.378,0.446
2003-11-22 01:00:00,,,,5.818,0.151
2003-11-22 02:00:00,,,,6.815,0.154
2003-11-22 03:00:00,,,,6.346,0.187
2003-11-22 04:00:00,,,,1.673,0.261
2003-11-22 05:00:00,,,,0.5,0.291
2003-11-22 06:00:00,,,,0.5,0.412
2003-11-22 07:00:00,,,,1.674,0.693
2003-11-22 08:00:00,,,,5.547,0.583
2003-11-22 09:00:00,,,,10.8,0.583
2003-11-22 10:00:00,,,,20.97,0.452
2003-11-22 11:00:00,,,,26.8,0.378
2003-11-22 12:00:00,,,,27.99,0.45
2003-11-22 13:00:00,,,,40.04,0.302
2003-11-22 14:00:00,,,,52.77,0.245
2003-11-22 15:00:00,,,,69.39,0.252
2003-11-22 16:00:00,,,,69.98,0.283
2003-11-22 17:00:00,,,,85.26,0.27
2003-11-22 18:00:00,,,,93.04,0.093
2003-11-22 19:00:00,,,,44.59,0.099
2003-11-22 20:00:00,,,,31.38,0.199
2003-11-22 21:00:00,,,,23.95,0.368
2003-11-22 22:00:00,,,,18.72,0.35
2003-11-22 23:00:00,,,,18.12,0.216
2003-11-23 00:00:00,,,,6.975,0.54
2003-11-23 01:00:00,,,,3.318,1.52
2003-11-23 02:00:00,,,,2.458,1.184
2003-11-23 03:00:00,,,,1.0,1.12
2003-11-23 04:00:00,,,,1.0,1.082
2003-11-23 05:00:00,,,,1.0,1.271
2003-11-23 06:00:00,,,,1.179,1.198
2003-11-23 07:00:00,,,,3.137,1.386
2003-11-23 08:00:00,,,,22.9,0.541
2003-11-23 09:00:00,,,,23.27,0.495
2003-11-23 10:00:00,,,,29.25,0.576
2003-11-23 11:00:00,,,,27.15,0.606
2003-11-23 12:00:00,,,,43.19,0.503
2003-11-23 13:00:00,,,,46.82,0.596
2003-11-23 14:00:00,,,,47.91,0.464
2003-11-23 15:00:00,,,,47.82,0.454
2003-11-23 16:00:00,,,,57.48,0.464
2003-11-23 17:00:00,,,,58.02,0.403
2003-11-23 18:00:00,,,,51.81,0.528
2003-11-23 19:00:00,,,,26.3,1.207
2003-11-23 20:00:00,,,,20.85,1.03
2003-11-23 21:00:00,,,,50.9,0.433
2003-11-23 22:00:00,,,,53.01,0.435
2003-11-23 23:00:00,,,,43.13,0.539
2003-11-24 00:00:00,,,,35.04,0.682
2003-11-24 01:00:00,,,,33.52,0.489
2003-11-24 02:00:00,,,,20.07,0.558
2003-11-24 03:00:00,,,,9.381,0.67
2003-11-24 04:00:00,,,,30.64,0.41
2003-11-24 05:00:00,,,,33.72,0.281
2003-11-24 06:00:00,,,,35.53,0.266
2003-11-24 07:00:00,,,,23.78,0.559
2003-11-24 08:00:00,,,,21.38,0.661
2003-11-24 09:00:00,,,,14.52,0.72
2003-11-24 10:00:00,,,,14.43,0.636
2003-11-24 11:00:00,,,,14.33,0.912
2003-11-24 12:00:00,,,,14.53,0.992
2003-11-24 13:00:00,,,,17.02,0.989
2003-11-24 14:00:00,,,,28.09,0.423
2003-11-24 15:00:00,,,,27.99,0.605
2003-11-24 16:00:00,,,,30.78,0.522
2003-11-24 17:00:00,,,,33.75,0.354
2003-11-24 18:00:00,,,,32.72,0.36
2003-11-24 19:00:00,,,,32.79,0.359
2003-11-24 20:00:00,,,,25.57,0.268
2003-11-24 21:00:00,,,,28.37,0.278
2003-11-24 22:00:00,,,,23.43,0.394
2003-11-24 23:00:00,,,,22.07,0.324
2003-11-25 00:00:00,,,,22.25,0.365
2003-11-25 01:00:00,,,,22.45,0.44
2003-11-25 02:00:00,,,,21.49,0.464
2003-11-25 03:00:00,,,,21.92,0.455
2003-11-25 04:00:00,,,,23.15,0.391
2003-11-25 05:00:00,,,,24.14,0.411
2003-11-25 06:00:00,,,,16.21,0.511
2003-11-25 07:00:00,,,,11.2,0.572
2003-11-25 08:00:00,,,,10.53,0.664
2003-11-25 09:00:00,,,,11.96,0.676
2003-11-25 10:00:00,,,,15.39,0.7
2003-11-25 11:00:00,,,,19.33,0.559
2003-11-25 12:00:00,,,,17.45,0.757
2003-11-25 13:00:00,,,,11.55,1.108
2003-11-25 14:00:00,,,,21.26,0.628
2003-11-25 15:00:00,,,,22.03,0.6
2003-11-25 16:00:00,,,,20.49,0.768
2003-11-25 17:00:00,,,,22.15,0.592
2003-11-25 18:00:00,,,,18.45,0.586
2003-11-25 19:00:00,,,,12.54,0.589
2003-11-25 20:00:00,,,,9.75,0.593
2003-11-25 21:00:00,,,,13.94,0.578
2003-11-25 22:00:00,,,,8.981,0.605
2003-11-25 23:00:00,,,,12.81,0.457
2003-11-26 00:00:00,,,,14.8,0.39
2003-11-26 01:00:00,,,,17.43,0.354
2003-11-26 02:00:00,,,,17.61,0.33
2003-11-26 03:00:00,,,,15.74,0.325
2003-11-26 04:00:00,,,,14.34,0.341
2003-11-26 05:00:00,,,,11.63,0.359
2003-11-26 06:00:00,,,,5.639,0.424
2003-11-26 07:00:00,,,,2.374,0.617
2003-11-26 08:00:00,,,,2.424,0.889
2003-11-26 09:00:00,,,,8.079,0.579
2003-11-26 10:00:00,,,,12.27,0.746
2003-11-26 11:00:00,,,,25.29,0.501
2003-11-26 12:00:00,,,,37.09,0.644
2003-11-26 13:00:00,,,,41.05,0.625
2003-11-26 14:00:00,,,,41.68,0.621
2003-11-26 17:00:00,,,,27.78,0.386
2003-11-26 18:00:00,,,,19.43,0.634
2003-11-26 19:00:00,,,,16.99,0.789
2003-11-26 20:00:00,,,,13.84,0.645
2003-11-26 21:00:00,,,,14.18,0.617
2003-11-26 22:00:00,,,,9.631,0.661
2003-11-26 23:00:00,,,,12.53,0.545
2003-11-27 00:00:00,,,,15.16,0.426
2003-11-27 01:00:00,,,,11.57,0.306
2003-11-27 02:00:00,,,,7.939,0.324
2003-11-27 03:00:00,,,,5.393,0.407
2003-11-27 04:00:00,,,,6.274,0.488
2003-11-27 05:00:00,,,,4.999,0.441
2003-11-27 06:00:00,,,,3.92,0.728
2003-11-27 07:00:00,,,,2.539,1.443
2003-11-27 08:00:00,,,,1.903,2.092
2003-11-27 09:00:00,,,,3.363,1.828
2003-11-27 10:00:00,,,,7.368,1.376
2003-11-27 11:00:00,,,,9.039,1.209
2003-11-27 12:00:00,,,,12.47,1.152
2003-11-27 13:00:00,,,,18.61,0.921
2003-11-27 14:00:00,,,,18.42,0.881
2003-11-27 15:00:00,,,,18.65,1.105
2003-11-27 17:00:00,,,,30.66,0.496
2003-11-27 18:00:00,,,,29.77,0.506
2003-11-27 19:00:00,,,,30.73,0.589
2003-11-27 20:00:00,,,,32.33,0.441
2003-11-27 21:00:00,,,,30.71,0.468
2003-11-27 22:00:00,,,,31.22,0.375
2003-11-27 23:00:00,,,,27.35,0.304
2003-11-28 00:00:00,,,,30.42,0.294
2003-11-28 01:00:00,,,,28.24,0.29
2003-11-28 02:00:00,,,,29.41,0.322
2003-11-28 03:00:00,,,,23.24,0.355
2003-11-28 04:00:00,,,,26.21,0.335
2003-11-28 05:00:00,,,,20.73,0.317
2003-11-28 06:00:00,,,,8.538,0.333
2003-11-28 07:00:00,,,,13.08,0.498
2003-11-28 08:00:00,,,,12.33,0.764
2003-11-28 09:00:00,,,,14.22,0.95
2003-11-28 10:00:00,,,,16.62,1.146
2003-11-28 11:00:00,,,,23.62,1.077
2003-11-28 12:00:00,,,,33.65,0.9
2003-11-28 13:00:00,,,,55.67,0.795
2003-11-28 14:00:00,,,,58.81,1.046
2003-11-28 15:00:00,,,,74.73,0.989
2003-11-28 16:00:00,,,,58.26,0.938
2003-11-28 17:00:00,,,,59.34,0.36
2003-11-28 18:00:00,,,,40.46,0.447
2003-11-28 19:00:00,,,,25.34,0.506
2003-11-28 20:00:00,,,,21.76,0.434
2003-11-28 21:00:00,,,,18.3,0.534
2003-11-28 22:00:00,,,,13.08,0.522
2003-11-28 23:00:00,,,,10.85,0.435
2003-11-29 00:00:00,,,,11.68,0.391
2003-11-29 01:00:00,,,,4.875,0.516
2003-11-29 02:00:00,,,,0.5,1.026
2003-11-29 03:00:00,,,,0.5,0.904
2003-11-29 04:00:00,,,,0.5,0.921
2003-11-29 05:00:00,,,,0.5,0.839
2003-11-29 06:00:00,,,,0.5,0.824
2003-11-29 07:00:00,,,,1.492,1.277
2003-11-29 08:00:00,,,,7.843,1.17
2003-11-29 09:00:00,,,,11.44,1.081
2003-11-29 10:00:00,,,,30.94,0.868
2003-11-29 11:00:00,,,,43.14,0.998
2003-11-29 12:00:00,,,,58.32,0.528
2003-11-29 13:00:00,,,,65.13,0.317
2003-11-29 14:00:00,,,,49.07,0.219
2003-11-29 15:00:00,,,,52.42,0.216
2003-11-29 16:00:00,,,,59.57,0.196
2003-11-29 17:00:00,,,,60.24,0.166
2003-11-29 18:00:00,,,,58.51,0.324
2003-11-29 19:00:00,,,,51.65,0.237
2003-11-29 20:00:00,,,,39.6,0.344
2003-11-29 21:00:00,,,,31.94,0.512
2003-11-29 22:00:00,,,,30.54,0.547
2003-11-29 23:00:00,,,,32.78,0.361
2003-11-30 00:00:00,,,,24.82,0.463
2003-11-30 01:00:00,,,,33.94,0.38
2003-11-30 02:00:00,,,,31.76,0.446
2003-11-30 03:00:00,,,,27.92,0.418
2003-11-30 04:00:00,,,,22.46,0.623
2003-11-30 05:00:00,,,,20.54,0.506
2003-11-30 06:00:00,,,,16.0,0.514
2003-11-30 07:00:00,,,,19.28,0.535
2003-11-30 08:00:00,,,,23.48,0.659
2003-11-30 09:00:00,,,,27.04,0.606
2003-11-30 10:00:00,,,,39.18,0.658
2003-11-30 11:00:00,,,,49.87,0.827
2003-11-30 12:00:00,,,,52.97,1.08
2003-11-30 13:00:00,,,,45.86,0.789
2003-11-30 14:00:00,,,,52.5,0.701
2003-11-30 15:00:00,,,,62.68,0.501
2003-11-30 16:00:00,,,,50.6,0.458
2003-11-30 17:00:00,,,,39.72,0.529
2003-11-30 18:00:00,,,,27.8,0.487
2003-11-30 19:00:00,,,,20.88,0.494
2003-11-30 20:00:00,,,,15.34,0.664
2003-11-30 21:00:00,,,,11.18,0.798
2003-11-30 22:00:00,,,,9.776,0.925
2003-11-30 23:00:00,,,,11.6,0.807
2003-12-01 00:00:00,,,,19.39,0.449
2003-12-01 01:00:00,,,,20.36,0.278
2003-12-01 02:00:00,,,,17.89,0.318
2003-12-01 03:00:00,,,,12.35,0.332
2003-12-01 04:00:00,,,,13.23,0.271
2003-12-01 05:00:00,,,,11.6,0.301
2003-12-01 06:00:00,,,,7.492,0.405
2003-12-01 07:00:00,,,,3.643,1.388
2003-12-01 08:00:00,,,,3.679,1.389
2003-12-01 09:00:00,,,,5.64,0.971
2003-12-01 10:00:00,,,,11.97,0.784
2003-12-01 11:00:00,,,,18.73,0.668
2003-12-01 12:00:00,,,,19.23,0.718
2003-12-01 13:00:00,,,,25.44,0.702
2003-12-01 14:00:00,,,,23.76,0.627
2003-12-01 15:00:00,,,,28.3,0.708
2003-12-01 16:00:00,,,,32.76,0.5
2003-12-01 17:00:00,,,,28.79,0.542
2003-12-01 18:00:00,,,,25.18,0.612
2003-12-01 19:00:00,,,,25.18,0.395
2003-12-01 20:00:00,,,,25.52,0.347
2003-12-01 21:00:00,,,,29.57,0.321
2003-12-01 22:00:00,,,,26.16,0.278
2003-12-01 23:00:00,,,,24.32,0.264
2003-12-02 00:00:00,,,,22.8,0.282
2003-12-02 01:00:00,,,,23.95,0.258
2003-12-02 02:00:00,,,,20.42,0.259
2003-12-02 03:00:00,,,,24.95,0.197
2003-12-02 04:00:00,,,,27.2,0.163
2003-12-02 05:00:00,,,,25.72,0.17
2003-12-02 06:00:00,,,,15.04,0.202
2003-12-02 07:00:00,,,,16.78,0.294
2003-12-02 08:00:00,,,,18.41,0.334
2003-12-02 09:00:00,,,,26.66,0.451
2003-12-02 10:00:00,,,,34.6,0.417
2003-12-02 11:00:00,,,,27.38,0.695
2003-12-02 12:00:00,,,,24.11,0.615
2003-12-02 13:00:00,,,,28.47,0.601
2003-12-02 14:00:00,,,,50.28,0.406
2003-12-02 15:00:00,,,,37.64,0.746
2003-12-02 16:00:00,,,,31.63,0.512
2003-12-02 17:00:00,,,,32.76,0.252
2003-12-02 18:00:00,,,,31.66,0.403
2003-12-02 19:00:00,,,,28.16,0.429
2003-12-02 20:00:00,,,,17.67,0.327
2003-12-02 21:00:00,,,,19.69,0.301
2003-12-02 22:00:00,,,,17.72,0.301
2003-12-02 23:00:00,,,,19.04,0.255
2003-12-03 00:00:00,,,,18.45,0.321
2003-12-03 01:00:00,,,,21.71,0.382
2003-12-03 02:00:00,,,,21.74,0.437
2003-12-03 03:00:00,,,,24.45,0.408
2003-12-03 04:00:00,,,,22.08,0.409
2003-12-03 05:00:00,,,,18.55,0.469
2003-12-03 06:00:00,,,,14.19,0.497
2003-12-03 07:00:00,,,,5.408,1.29
2003-12-03 08:00:00,,,,3.186,1.612
2003-12-03 09:00:00,,,,6.538,1.394
2003-12-03 10:00:00,,,,10.15,1.29
2003-12-03 11:00:00,,,,15.86,1.257
2003-12-03 12:00:00,,,,29.1,0.552
2003-12-03 13:00:00,,,,26.12,0.438
2003-12-03 14:00:00,,,,29.84,0.261
2003-12-03 15:00:00,,,,28.59,0.328
2003-12-03 16:00:00,,,,22.24,0.378
2003-12-03 17:00:00,,,,19.25,0.377
2003-12-03 18:00:00,,,,17.77,0.411
2003-12-03 19:00:00,,,,12.09,0.594
2003-12-03 20:00:00,,,,12.5,0.688
2003-12-03 21:00:00,,,,5.04,0.599
2003-12-03 22:00:00,,,,8.044,0.477
2003-12-03 23:00:00,,,,13.38,0.369
2003-12-04 00:00:00,,,,13.91,0.402
2003-12-04 01:00:00,,,,19.83,0.443
2003-12-04 02:00:00,,,,20.08,0.476
2003-12-04 03:00:00,,,,18.52,0.4
2003-12-04 04:00:00,,,,19.03,0.554
2003-12-04 05:00:00,,,,20.79,0.577
2003-12-04 06:00:00,,,,19.18,0.527
2003-12-04 07:00:00,,,,12.36,0.604
2003-12-04 08:00:00,,,,11.34,0.592
2003-12-04 09:00:00,,,,14.72,0.548
2003-12-04 10:00:00,,,,16.81,0.589
2003-12-04 11:00:00,,,,9.441,1.004
2003-12-04 12:00:00,,,,10.47,0.895
2003-12-04 13:00:00,,,,12.35,0.761
2003-12-04 14:00:00,,,,14.44,0.704
2003-12-04 15:00:00,,,,16.21,0.636
2003-12-04 16:00:00,,,,19.77,0.58
2003-12-04 17:00:00,,,,17.85,0.71
2003-12-04 18:00:00,,,,15.6,0.812
2003-12-04 19:00:00,,,,14.66,0.73
2003-12-04 20:00:00,,,,11.4,0.639
2003-12-04 21:00:00,,,,8.946,0.792
2003-12-04 22:00:00,,,,9.573,0.715
2003-12-04 23:00:00,,,,3.362,1.031
2003-12-05 00:00:00,,,,4.114,0.743
2003-12-05 01:00:00,,,,5.111,0.642
2003-12-05 02:00:00,,,,0.5,1.361
2003-12-05 03:00:00,,,,0.5,1.064
2003-12-05 04:00:00,,,,2.062,0.984
2003-12-05 05:00:00,,,,7.56,0.575
2003-12-05 06:00:00,,,,4.244,0.718
2003-12-05 07:00:00,,,,1.546,1.743
2003-12-05 08:00:00,,,,8.878,1.218
2003-12-05 09:00:00,,,,18.07,1.043
2003-12-05 10:00:00,,,,18.39,1.122
2003-12-05 11:00:00,,,,17.87,1.272
2003-12-05 12:00:00,,,,17.35,1.048
2003-12-05 13:00:00,,,,15.48,1.008
2003-12-05 14:00:00,,,,,0.964
2003-12-05 15:00:00,,,,14.02,
2003-12-05 16:00:00,,,,17.87,0.754
2003-12-05 17:00:00,,,,17.42,0.837
2003-12-05 18:00:00,,,,14.56,0.834
2003-12-05 19:00:00,,,,13.86,0.738
2003-12-05 20:00:00,,,,17.89,0.59
2003-12-05 21:00:00,,,,13.26,0.763
2003-12-05 22:00:00,,,,15.22,1.014
2003-12-05 23:00:00,,,,20.24,0.841
2003-12-06 00:00:00,,,,23.46,0.71
2003-12-06 01:00:00,,,,25.15,0.457
2003-12-06 02:00:00,,,,24.85,0.492
2003-12-06 03:00:00,,,,21.83,0.625
2003-12-06 04:00:00,,,,21.38,0.417
2003-12-06 05:00:00,,,,22.17,0.462
2003-12-06 06:00:00,,,,15.12,0.416
2003-12-06 07:00:00,,,,7.985,0.597
2003-12-06 08:00:00,,,,11.39,0.617
2003-12-06 09:00:00,,,,18.05,0.583
2003-12-06 10:00:00,,,,20.24,0.682
2003-12-06 11:00:00,,,,26.93,0.569
2003-12-06 12:00:00,,,,24.37,0.635
2003-12-06 13:00:00,,,,22.49,0.663
2003-12-06 14:00:00,,,,23.47,0.651
2003-12-06 15:00:00,,,,24.0,0.593
2003-12-06 16:00:00,,,,25.18,0.516
2003-12-06 17:00:00,,,,22.63,0.609
2003-12-06 18:00:00,,,,21.03,0.658
2003-12-06 19:00:00,,,,20.4,0.624
2003-12-06 20:00:00,,,,19.37,0.421
2003-12-06 21:00:00,,,,12.85,0.5
2003-12-06 22:00:00,,,,11.02,0.571
2003-12-06 23:00:00,,,,14.64,0.422
2003-12-07 00:00:00,,,,12.39,0.392
2003-12-07 01:00:00,,,,9.087,0.329
2003-12-07 02:00:00,,,,9.831,0.294
2003-12-07 03:00:00,,,,12.42,0.424
2003-12-07 04:00:00,,,,3.306,0.457
2003-12-07 05:00:00,,,,2.36,0.52
2003-12-07 06:00:00,,,,5.404,0.418
2003-12-07 07:00:00,,,,5.293,0.59
2003-12-07 08:00:00,,,,12.32,0.663
2003-12-07 09:00:00,,,,20.21,0.552
2003-12-07 10:00:00,,,,27.93,0.49
2003-12-07 11:00:00,,,,27.1,0.677
2003-12-07 12:00:00,,,,33.67,0.654
2003-12-07 13:00:00,,,,40.11,0.464
2003-12-07 15:00:00,,,,43.03,0.3
2003-12-07 16:00:00,,,,47.83,0.325
2003-12-07 17:00:00,,,,46.28,0.16
2003-12-07 18:00:00,,,,42.56,0.129
2003-12-07 19:00:00,,,,48.51,0.075
2003-12-07 20:00:00,,,,31.47,0.071
2003-12-07 21:00:00,,,,26.43,0.064
2003-12-07 22:00:00,,,,28.39,0.052
2003-12-07 23:00:00,,,,29.23,0.025
2003-12-08 00:00:00,,,,26.66,0.123
2003-12-08 01:00:00,,,,28.45,0.33
2003-12-08 02:00:00,,,,24.65,0.301
2003-12-08 03:00:00,,,,25.0,0.331
2003-12-08 04:00:00,,,,25.36,0.239
2003-12-08 05:00:00,,,,20.66,0.247
2003-12-08 06:00:00,,,,11.02,0.273
2003-12-08 07:00:00,,,,6.164,0.436
2003-12-08 08:00:00,,,,11.27,0.504
2003-12-08 09:00:00,,,,21.6,0.317
2003-12-08 10:00:00,,,,22.26,0.587
2003-12-08 11:00:00,,,,30.76,0.46
2003-12-08 12:00:00,,,,33.35,0.458
2003-12-08 13:00:00,,,,28.22,0.417
2003-12-08 14:00:00,,,,32.79,0.4
2003-12-08 15:00:00,,,,28.27,0.315
2003-12-08 17:00:00,,,,5.604,1.231
2003-12-08 18:00:00,,,,3.723,1.039
2003-12-08 19:00:00,,,,6.316,1.126
2003-12-08 20:00:00,,,,22.6,0.712
2003-12-08 21:00:00,,,,20.04,0.699
2003-12-08 22:00:00,,,,11.8,0.832
2003-12-08 23:00:00,,,,20.22,0.536
2003-12-09 00:00:00,,,,22.24,0.49
2003-12-09 01:00:00,,,,27.64,0.355
2003-12-09 02:00:00,,,,22.2,0.317
2003-12-09 03:00:00,,,,22.34,0.339
2003-12-09 04:00:00,,,,28.33,0.325
2003-12-09 05:00:00,,,,29.77,0.275
2003-12-09 06:00:00,,,,24.03,0.284
2003-12-09 07:00:00,,,,16.02,0.62
2003-12-09 08:00:00,,,,17.29,0.654
2003-12-09 09:00:00,,,,20.31,0.419
2003-12-09 10:00:00,,,,20.22,0.475
2003-12-09 11:00:00,,,,17.1,0.588
2003-12-09 12:00:00,,,,20.41,0.578
2003-12-09 13:00:00,,,,19.21,0.475
2003-12-09 14:00:00,,,,19.22,0.537
2003-12-09 15:00:00,,,,19.42,0.597
2003-12-09 16:00:00,,,,17.78,0.579
2003-12-09 17:00:00,,,,17.51,0.575
2003-12-09 18:00:00,,,,13.5,0.805
2003-12-09 19:00:00,,,,8.594,0.941
2003-12-09 20:00:00,,,,3.978,1.198
2003-12-09 21:00:00,,,,3.28,0.91
2003-12-09 22:00:00,,,,2.226,0.981
2003-12-09 23:00:00,,,,1.638,0.846
2003-12-10 00:00:00,,,,4.068,0.64
2003-12-10 01:00:00,,,,1.582,0.928
2003-12-10 02:00:00,,,,0.5,1.127
2003-12-10 03:00:00,,,,0.5,0.879
2003-12-10 04:00:00,,,,0.5,0.624
2003-12-10 05:00:00,,,,2.804,0.441
2003-12-10 06:00:00,,,,0.5,0.57
2003-12-10 07:00:00,,,,0.5,1.047
2003-12-10 08:00:00,,,,4.332,1.023
2003-12-10 09:00:00,,,,11.89,0.643
2003-12-10 10:00:00,,,,20.52,0.459
2003-12-10 11:00:00,,,,30.36,0.425
2003-12-10 12:00:00,,,,33.1,0.382
2003-12-10 13:00:00,,,,39.39,0.329
2003-12-10 14:00:00,,,,37.95,0.427
2003-12-10 15:00:00,,,,42.03,0.34
2003-12-10 16:00:00,,,,40.0,0.281
2003-12-10 17:00:00,,,,37.15,0.261
2003-12-10 18:00:00,,,,33.75,0.326
2003-12-10 19:00:00,,,,26.78,0.507
2003-12-10 20:00:00,,,,19.81,0.504
2003-12-10 21:00:00,,,,13.92,0.546
2003-12-10 22:00:00,,,,13.86,0.479
2003-12-10 23:00:00,,,,12.99,0.437
2003-12-11 00:00:00,,,,12.88,0.389
2003-12-11 01:00:00,,,,14.75,0.29
2003-12-11 02:00:00,,,,13.47,0.27
2003-12-11 03:00:00,,,,4.636,0.532
2003-12-11 04:00:00,,,,13.96,0.36
2003-12-11 05:00:00,,,,17.45,0.315
2003-12-11 06:00:00,,,,10.89,0.334
2003-12-11 07:00:00,,,,3.161,0.608
2003-12-11 08:00:00,,,,0.5,1.193
2003-12-11 09:00:00,,,,1.312,1.716
2003-12-11 10:00:00,,,,7.796,1.256
2003-12-11 12:00:00,,,,21.89,0.463
2003-12-11 13:00:00,,,,24.88,0.417
2003-12-11 14:00:00,,,,18.01,0.483
2003-12-11 15:00:00,,,,9.458,0.699
2003-12-11 16:00:00,,,,2.499,0.974
2003-12-11 17:00:00,,,,3.34,0.649
2003-12-11 18:00:00,,,,3.386,0.978
2003-12-11 19:00:00,,,,0.5,2.534
2003-12-11 20:00:00,,,,0.5,2.254
2003-12-11 21:00:00,,,,0.5,2.504
2003-12-11 22:00:00,,,,0.5,2.079
2003-12-11 23:00:00,,,,0.5,2.42
2003-12-12 00:00:00,,,,0.5,1.178
2003-12-12 01:00:00,,,,2.419,0.792
2003-12-12 02:00:00,,,,6.182,0.391
2003-12-12 03:00:00,,,,6.348,0.433
2003-12-12 04:00:00,,,,4.707,0.441
2003-12-12 05:00:00,,,,19.16,0.245
2003-12-12 06:00:00,,,,23.87,0.258
2003-12-12 07:00:00,,,,8.763,0.737
2003-12-12 08:00:00,,,,8.973,0.57
2003-12-12 09:00:00,,,,13.08,0.55
2003-12-12 10:00:00,,,,18.76,0.435
2003-12-12 11:00:00,,,,21.35,0.34
2003-12-12 12:00:00,,,,26.18,0.244
2003-12-12 13:00:00,,,,20.84,0.315
2003-12-12 14:00:00,,,,25.16,0.295
2003-12-12 15:00:00,,,,28.96,0.334
2003-12-12 16:00:00,,,,27.68,0.324
2003-12-12 17:00:00,,,,25.9,0.283
2003-12-12 18:00:00,,,,22.67,0.275
2003-12-12 19:00:00,,,,19.58,0.302
2003-12-12 20:00:00,,,,10.06,0.347
2003-12-12 21:00:00,,,,10.35,0.323
2003-12-12 22:00:00,,,,10.13,0.248
2003-12-12 23:00:00,,,,15.83,0.214
2003-12-13 00:00:00,,,,14.75,0.27
2003-12-13 01:00:00,,,,13.88,0.28
2003-12-13 02:00:00,,,,13.51,0.276
2003-12-13 03:00:00,,,,13.38,0.241
2003-12-13 04:00:00,,,,10.31,0.223
2003-12-13 05:00:00,,,,12.15,0.211
2003-12-13 06:00:00,,,,10.18,0.258
2003-12-13 07:00:00,,,,10.28,0.266
2003-12-13 08:00:00,,,,8.859,0.327
2003-12-13 09:00:00,,,,10.82,0.473
2003-12-13 10:00:00,,,,15.01,0.348
2003-12-13 11:00:00,,,,22.77,0.332
2003-12-13 12:00:00,,,,20.43,0.301
2003-12-13 13:00:00,,,,22.95,0.397
2003-12-13 14:00:00,,,,24.55,0.488
2003-12-13 15:00:00,,,,23.73,0.477
2003-12-13 16:00:00,,,,23.24,0.328
2003-12-13 17:00:00,,,,20.83,0.405
2003-12-13 18:00:00,,,,18.7,0.331
2003-12-13 19:00:00,,,,11.82,0.401
2003-12-13 20:00:00,,,,5.315,0.571
2003-12-13 21:00:00,,,,2.853,0.706
2003-12-13 22:00:00,,,,6.056,0.484
2003-12-13 23:00:00,,,,8.66,0.424
2003-12-14 00:00:00,,,,13.59,0.308
2003-12-14 01:00:00,,,,13.38,0.36
2003-12-14 02:00:00,,,,12.17,0.298
2003-12-14 03:00:00,,,,9.861,0.247
2003-12-14 04:00:00,,,,14.74,0.225
2003-12-14 05:00:00,,,,13.3,0.235
2003-12-14 06:00:00,,,,17.57,0.23
2003-12-14 07:00:00,,,,12.24,0.241
2003-12-14 08:00:00,,,,14.17,0.297
2003-12-14 09:00:00,,,,15.3,0.242
2003-12-14 10:00:00,,,,13.23,0.282
2003-12-14 11:00:00,,,,16.99,0.25
2003-12-14 12:00:00,,,,23.33,0.455
2003-12-14 13:00:00,,,,22.57,0.47
2003-12-14 14:00:00,,,,18.79,0.469
2003-12-14 15:00:00,,,,13.48,0.671
2003-12-14 16:00:00,,,,9.954,0.833
2003-12-14 17:00:00,,,,4.471,1.221
2003-12-14 18:00:00,,,,8.89,0.748
2003-12-14 19:00:00,,,,4.042,0.959
2003-12-14 20:00:00,,,,0.5,1.503
2003-12-14 21:00:00,,,,0.5,1.28
2003-12-14 22:00:00,,,,0.5,1.102
2003-12-14 23:00:00,,,,1.709,1.028
2003-12-15 00:00:00,,,,3.538,1.299
2003-12-15 01:00:00,,,,6.746,0.68
2003-12-15 02:00:00,,,,2.903,0.595
2003-12-15 03:00:00,,,,10.76,0.269
2003-12-15 04:00:00,,,,16.13,0.253
2003-12-15 05:00:00,,,,17.8,0.245
2003-12-15 06:00:00,,,,10.36,0.466
2003-12-15 07:00:00,,,,3.786,0.653
2003-12-15 08:00:00,,,,3.871,0.909
2003-12-15 09:00:00,,,,5.999,0.808
2003-12-15 10:00:00,,,,4.231,1.169
2003-12-15 11:00:00,,,,3.171,1.159
2003-12-15 12:00:00,,,,5.78,0.936
2003-12-15 13:00:00,,,,7.119,1.14
2003-12-15 14:00:00,,,,7.932,1.144
2003-12-15 15:00:00,,,,7.044,1.263
2003-12-15 16:00:00,,,,5.376,1.153
2003-12-15 17:00:00,20.59,,,4.486,1.124
2003-12-15 18:00:00,2.794,,,4.11,0.948
2003-12-15 19:00:00,7.426,,,1.571,1.311
2003-12-15 20:00:00,19.93,,,3.956,1.061
2003-12-15 21:00:00,21.86,,,4.537,0.878
2003-12-15 22:00:00,6.116,,,1.065,1.12
2003-12-15 23:00:00,1.863,,,1.61,0.997
2003-12-16 00:00:00,17.99,,,6.339,0.732
2003-12-16 01:00:00,5.657,,,13.8,0.518
2003-12-16 02:00:00,10.68,,,18.36,0.419
2003-12-16 03:00:00,1.462,,,17.53,0.478
2003-12-16 04:00:00,,,,16.62,0.464
2003-12-16 05:00:00,23.22,,,15.84,0.563
2003-12-16 06:00:00,13.9,,,9.136,0.707
2003-12-16 07:00:00,1.509,,,3.229,1.448
2003-12-16 08:00:00,7.004,,,4.274,1.515
2003-12-16 09:00:00,17.87,,,5.799,1.432
2003-12-16 10:00:00,52.12,,,7.249,1.262
2003-12-16 11:00:00,15.28,,,12.06,0.851
2003-12-16 12:00:00,17.56,,,11.5,0.891
2003-12-16 13:00:00,1.972,,,12.11,0.833
2003-12-16 14:00:00,19.49,,,15.09,0.799
2003-12-16 15:00:00,5.366,,,17.26,0.775
2003-12-16 16:00:00,13.64,,,17.87,0.689
2003-12-16 17:00:00,1.592,,,20.74,0.621
2003-12-16 18:00:00,5.823,,,17.58,0.666
2003-12-16 19:00:00,0.715,,,22.97,0.367
2003-12-16 20:00:00,,,,17.92,0.512
2003-12-16 21:00:00,0.455,,,20.22,0.449
2003-12-16 22:00:00,11.47,,,14.98,0.584
2003-12-16 23:00:00,8.489,,,15.72,0.471
2003-12-17 00:00:00,4.26,,,13.95,0.464
2003-12-17 01:00:00,14.3,,,15.47,0.54
2003-12-17 02:00:00,1.689,,,10.87,0.459
2003-12-17 03:00:00,,,,7.008,0.541
2003-12-17 04:00:00,,,,0.5,0.602
2003-12-17 05:00:00,12.04,,,0.5,0.513
2003-12-17 06:00:00,4.128,,,0.5,0.588
2003-12-17 07:00:00,22.36,,,0.5,1.201
2003-12-17 08:00:00,58.41,,,1.907,1.543
2003-12-17 09:00:00,11.4,,,11.07,0.907
2003-12-17 10:00:00,11.03,,,25.62,0.5
2003-12-17 11:00:00,11.29,,,19.62,0.86
2003-12-17 12:00:00,7.395,,,25.22,0.715
2003-12-17 13:00:00,3.833,,,26.49,0.741
2003-12-17 14:00:00,23.95,,,26.33,0.624
2003-12-17 15:00:00,3.019,,,24.31,0.468
2003-12-17 16:00:00,,,,23.69,0.535
2003-12-17 17:00:00,,,,23.84,0.463
2003-12-17 18:00:00,1.502,,,22.4,0.523
2003-12-17 19:00:00,5.722,,,18.24,0.547
2003-12-17 20:00:00,19.27,,,19.78,0.476
2003-12-17 21:00:00,11.67,,,18.82,0.452
2003-12-17 22:00:00,14.61,,,15.45,0.494
2003-12-17 23:00:00,21.22,,,13.34,0.486
2003-12-18 00:00:00,16.71,,,14.83,0.401
2003-12-18 01:00:00,13.35,,,14.82,0.123
2003-12-18 02:00:00,17.32,,,16.48,0.179
2003-12-18 03:00:00,12.47,,,16.01,0.117
2003-12-18 04:00:00,6.659,,,15.26,0.152
2003-12-18 05:00:00,16.32,,,13.99,0.137
2003-12-18 06:00:00,7.052,,,8.883,0.189
2003-12-18 07:00:00,24.77,,,5.994,0.3
2003-12-18 08:00:00,4.918,,,8.277,0.272
2003-12-18 09:00:00,35.29,,,13.66,0.242
2003-12-18 10:00:00,6.098,,,19.45,0.21
2003-12-18 11:00:00,6.524,,,22.47,0.231
2003-12-18 12:00:00,32.62,,,24.09,0.209
2003-12-18 13:00:00,15.4,,,26.84,0.219
2003-12-18 14:00:00,5.631,,,28.01,0.248
2003-12-18 15:00:00,0.552,,,25.56,0.28
2003-12-18 16:00:00,,,,22.92,0.252
2003-12-18 17:00:00,32.62,,,21.16,0.298
2003-12-18 18:00:00,28.45,,,19.06,0.248
2003-12-18 19:00:00,24.35,,,16.17,0.304
2003-12-18 20:00:00,2.861,,,12.04,0.28
2003-12-18 21:00:00,24.1,,,10.5,0.214
2003-12-18 22:00:00,35.15,,,9.163,0.199
2003-12-18 23:00:00,7.16,,,9.231,0.234
2003-12-19 00:00:00,1.113,,,11.07,0.214
2003-12-19 01:00:00,28.08,,,12.88,0.245
2003-12-19 02:00:00,16.68,,,13.67,0.284
2003-12-19 03:00:00,1.745,,,13.53,0.31
2003-12-19 04:00:00,10.81,,,13.18,0.247
2003-12-19 05:00:00,16.55,,,9.642,0.231
2003-12-19 06:00:00,7.88,,,5.383,0.398
2003-12-19 07:00:00,15.9,,,4.908,0.614
2003-12-19 08:00:00,33.18,,,5.713,0.634
2003-12-19 09:00:00,23.28,,,7.915,1.02
2003-12-19 10:00:00,2.617,,,18.44,0.469
2003-12-19 11:00:00,20.55,,,28.34,0.618
2003-12-19 12:00:00,17.98,,,32.92,0.622
2003-12-19 13:00:00,21.31,,,32.33,0.507
2003-12-19 14:00:00,33.12,,,42.05,0.978
2003-12-19 15:00:00,27.23,,,31.67,1.053
2003-12-19 16:00:00,25.57,,,24.56,0.906
2003-12-19 17:00:00,2.83,,,26.48,0.367
2003-12-19 18:00:00,29.19,,,19.08,0.507
2003-12-19 19:00:00,34.11,,,13.17,0.555
2003-12-19 20:00:00,50.86,,,8.162,0.578
2003-12-19 21:00:00,34.75,,,7.633,0.569
2003-12-19 22:00:00,59.19,,,6.325,0.714
2003-12-19 23:00:00,43.34,,,5.476,0.893
2003-12-20 00:00:00,56.01,,,5.816,0.505
2003-12-20 01:00:00,18.67,,,5.535,0.297
2003-12-20 02:00:00,29.44,,,4.0,0.322
2003-12-20 03:00:00,24.01,,,3.957,0.276
2003-12-20 04:00:00,17.74,,,3.665,0.375
2003-12-20 05:00:00,38.54,,,3.877,0.321
2003-12-20 06:00:00,13.2,,,3.239,0.193
2003-12-20 07:00:00,21.7,,,4.228,0.265
2003-12-20 08:00:00,12.02,,,5.836,0.388
2003-12-20 09:00:00,22.64,,,5.479,0.263
2003-12-20 10:00:00,21.72,,,8.399,0.42
2003-12-20 11:00:00,25.46,,,16.45,0.377
2003-12-20 12:00:00,43.42,,,25.36,0.347
2003-12-20 13:00:00,5.137,,,25.25,0.97
2003-12-20 14:00:00,35.12,,,12.48,1.73
2003-12-20 15:00:00,23.4,,,7.099,1.437
2003-12-20 16:00:00,64.79,,,9.719,0.745
2003-12-20 17:00:00,43.19,,,7.236,0.833
2003-12-20 18:00:00,19.34,,,7.179,0.853
2003-12-20 19:00:00,11.75,,,9.567,0.383
2003-12-20 20:00:00,1.265,,,9.864,0.388
2003-12-20 21:00:00,28.72,,,7.826,0.54
2003-12-20 22:00:00,3.799,,,7.646,0.495
2003-12-20 23:00:00,6.151,,,11.87,0.394
2003-12-21 00:00:00,5.145,,,13.58,0.401
2003-12-21 01:00:00,11.9,,,9.608,0.807
2003-12-21 02:00:00,14.42,,,3.919,1.259
2003-12-21 03:00:00,30.19,,,2.985,0.896
2003-12-21 04:00:00,3.714,,,3.218,0.848
2003-12-21 05:00:00,4.563,,,2.182,0.703
2003-12-21 06:00:00,4.063,,,2.957,0.782
2003-12-21 07:00:00,17.54,,,3.439,0.839
2003-12-21 08:00:00,2.229,,,6.297,0.872
2003-12-21 09:00:00,33.11,,,12.09,0.629
2003-12-21 10:00:00,4.359,,,19.64,0.602
2003-12-21 11:00:00,,,,29.52,0.629
2003-12-21 12:00:00,10.94,,,41.38,0.698
2003-12-21 13:00:00,1.408,,,48.48,1.019
2003-12-21 14:00:00,21.7,,,63.53,0.87
2003-12-21 15:00:00,2.871,,,53.24,0.825
2003-12-21 16:00:00,15.48,,,40.72,0.576
2003-12-21 17:00:00,17.55,,,,
2003-12-21 19:00:00,2.721,,,26.48,0.532
2003-12-21 20:00:00,0.365,,,28.43,0.56
2003-12-21 21:00:00,,,,22.73,0.671
2003-12-21 22:00:00,19.34,,,16.4,0.772
2003-12-21 23:00:00,15.42,,,15.05,0.756
2003-12-22 00:00:00,8.859,,,16.46,0.674
2003-12-22 01:00:00,5.471,,,16.99,0.748
2003-12-22 02:00:00,17.64,,,9.462,0.762
2003-12-22 03:00:00,9.903,,,6.917,0.797
2003-12-22 04:00:00,6.074,,,4.365,0.553
2003-12-22 05:00:00,36.0,,,6.328,0.479
2003-12-22 06:00:00,4.93,,,6.883,0.416
2003-12-22 07:00:00,4.324,,,4.869,0.892
2003-12-22 08:00:00,33.13,,,5.608,0.9
2003-12-22 09:00:00,20.06,,,5.756,0.998
2003-12-22 10:00:00,32.14,,,9.5,0.737
2003-12-22 11:00:00,48.1,,,12.69,0.724
2003-12-22 12:00:00,6.181,,,20.22,0.692
2003-12-22 13:00:00,14.46,,,17.45,0.851
2003-12-22 14:00:00,29.15,,,16.47,0.844
2003-12-22 17:00:00,2.863,,,17.46,0.773
2003-12-22 18:00:00,15.04,,,13.35,0.657
2003-12-22 19:00:00,26.42,,,11.85,0.904
2003-12-22 20:00:00,12.65,,,11.73,0.75
2003-12-22 21:00:00,16.94,,,9.626,0.681
2003-12-22 22:00:00,4.778,,,11.28,0.507
2003-12-22 23:00:00,23.89,,,19.43,0.269
2003-12-23 00:00:00,49.77,,,17.22,0.403
2003-12-23 01:00:00,39.33,,,17.63,0.73
2003-12-23 02:00:00,19.86,,,19.28,0.668
2003-12-23 03:00:00,2.166,,,20.24,0.607
2003-12-23 04:00:00,8.883,,,20.81,0.572
2003-12-23 05:00:00,1.303,,,16.26,0.626
2003-12-23 06:00:00,11.23,,,9.524,0.617
2003-12-23 07:00:00,1.624,,,6.954,1.096
2003-12-23 08:00:00,39.69,,,9.39,1.088
2003-12-23 09:00:00,27.79,,,12.58,1.049
2003-12-23 10:00:00,3.217,,,22.64,0.523
2003-12-23 11:00:00,,,,21.94,0.532
2003-12-23 12:00:00,21.26,,,21.7,0.698
2003-12-23 13:00:00,11.67,,,22.96,0.659
2003-12-23 14:00:00,1.252,,,24.81,0.69
2003-12-23 15:00:00,,,,24.13,0.62
2003-12-23 16:00:00,,,,26.63,0.659
2003-12-23 17:00:00,1.63,,,23.88,0.614
2003-12-23 18:00:00,31.52,,,24.11,0.707
2003-12-23 19:00:00,7.753,,,20.72,0.644
2003-12-23 20:00:00,17.36,,,14.63,0.724
2003-12-23 21:00:00,10.91,,,10.22,0.639
2003-12-23 22:00:00,44.73,,,11.43,0.756
2003-12-23 23:00:00,5.29,,,12.48,0.633
2003-12-24 00:00:00,24.37,,,12.78,0.614
2003-12-24 01:00:00,28.9,,,14.19,0.539
2003-12-24 02:00:00,10.03,,,13.06,0.483
2003-12-24 03:00:00,11.76,,,9.824,0.529
2003-12-24 04:00:00,1.31,,,8.181,0.58
2003-12-24 05:00:00,23.26,,,10.26,0.493
2003-12-24 06:00:00,19.64,,,4.96,0.652
2003-12-24 07:00:00,35.08,,,5.903,0.566
2003-12-24 08:00:00,13.08,,,7.849,0.693
2003-12-24 09:00:00,8.183,,,12.53,0.516
2003-12-24 10:00:00,33.38,,,16.11,0.527
2003-12-24 11:00:00,35.66,,,19.22,0.514
2003-12-24 12:00:00,33.6,,,20.26,0.517
2003-12-24 13:00:00,12.87,,,22.93,0.538
2003-12-24 14:00:00,4.74,,,21.97,0.567
2003-12-24 15:00:00,3.87,,,22.67,0.501
2003-12-24 16:00:00,34.92,,,20.87,0.497
2003-12-24 17:00:00,4.252,,,20.37,0.448
2003-12-24 18:00:00,28.34,,,18.83,0.51
2003-12-24 19:00:00,41.58,,,18.37,0.474
2003-12-24 20:00:00,18.15,,,15.9,0.462
2003-12-24 21:00:00,27.93,,,14.93,0.507
2003-12-24 22:00:00,23.57,,,16.82,0.529
2003-12-24 23:00:00,21.44,,,17.04,0.418
2003-12-25 00:00:00,51.22,,,14.46,0.376
2003-12-25 01:00:00,8.311,,,10.79,0.297
2003-12-25 02:00:00,19.89,,,9.911,0.301
2003-12-25 03:00:00,7.388,,,11.35,0.312
2003-12-25 04:00:00,13.89,,,13.0,0.282
2003-12-25 05:00:00,12.99,,,12.25,0.335
2003-12-25 06:00:00,8.88,,,11.83,0.258
2003-12-25 07:00:00,37.14,,,12.27,0.255
2003-12-25 08:00:00,6.949,,,12.05,0.204
2003-12-25 09:00:00,27.08,,,12.35,0.201
2003-12-25 10:00:00,20.45,,,12.18,0.242
2003-12-25 11:00:00,25.43,,,15.62,0.251
2003-12-25 12:00:00,3.097,,,21.13,0.303
2003-12-25 13:00:00,11.03,,,25.26,0.39
2003-12-25 14:00:00,25.67,,,27.5,0.303
2003-12-25 15:00:00,3.157,,,24.01,0.346
2003-12-25 16:00:00,,,,25.53,0.297
2003-12-25 17:00:00,7.968,,,23.18,0.281
2003-12-25 18:00:00,22.51,,,18.87,0.288
2003-12-25 19:00:00,48.33,,,19.14,0.239
2003-12-25 20:00:00,27.1,,,15.67,0.297
2003-12-25 21:00:00,5.506,,,13.63,0.245
2003-12-25 22:00:00,33.86,,,12.81,0.283
2003-12-25 23:00:00,9.123,,,12.69,0.271
2003-12-26 00:00:00,23.7,,,11.69,0.273
2003-12-26 01:00:00,18.26,,,12.33,0.301
2003-12-26 02:00:00,11.24,,,11.85,0.233
2003-12-26 03:00:00,8.689,,,12.42,0.213
2003-12-26 04:00:00,14.97,,,11.55,0.24
2003-12-26 05:00:00,6.253,,,9.371,0.307
2003-12-26 06:00:00,17.42,,,6.015,0.345
2003-12-26 07:00:00,19.47,,,5.045,0.508
2003-12-26 08:00:00,27.42,,,8.989,0.359
2003-12-26 09:00:00,15.27,,,12.56,0.351
2003-12-26 10:00:00,12.06,,,16.5,0.314
2003-12-26 11:00:00,9.271,,,17.76,0.455
2003-12-26 12:00:00,3.38,,,19.37,0.414
2003-12-26 13:00:00,23.1,,,22.52,0.341
2003-12-26 14:00:00,5.858,,,22.7,0.419
2003-12-26 15:00:00,6.041,,,22.35,0.359
2003-12-26 16:00:00,15.88,,,19.67,0.36
2003-12-26 17:00:00,41.65,,,17.32,0.336
2003-12-26 18:00:00,16.43,,,17.22,0.362
2003-12-26 19:00:00,13.96,,,15.13,0.392
2003-12-26 20:00:00,40.97,,,12.41,0.37
2003-12-26 21:00:00,24.03,,,11.19,0.373
2003-12-26 22:00:00,31.27,,,10.74,0.345
2003-12-26 23:00:00,16.99,,,11.04,0.352
2003-12-27 00:00:00,29.4,,,10.54,0.411
2003-12-27 01:00:00,3.886,,,11.67,0.45
2003-12-27 02:00:00,,,,12.09,0.519
2003-12-27 03:00:00,,,,12.4,0.437
2003-12-27 04:00:00,8.871,,,11.81,0.355
2003-12-27 05:00:00,5.594,,,10.75,0.385
2003-12-27 06:00:00,8.492,,,10.15,0.41
2003-12-27 07:00:00,34.69,,,8.154,0.422
2003-12-27 08:00:00,11.72,,,9.146,0.539
2003-12-27 09:00:00,4.738,,,13.15,0.497
2003-12-27 10:00:00,23.94,,,17.06,0.576
2003-12-27 11:00:00,25.91,,,21.89,0.661
2003-12-27 12:00:00,3.26,,,24.81,0.664
2003-12-27 13:00:00,23.82,,,32.37,0.508
2003-12-27 14:00:00,6.41,,,34.84,0.571
2003-12-27 15:00:00,0.438,,,30.99,0.594
2003-12-27 16:00:00,6.524,,,28.91,0.443
2003-12-27 17:00:00,0.945,,,29.92,0.414
2003-12-27 18:00:00,9.555,,,26.95,0.391
2003-12-27 19:00:00,25.92,,,21.14,0.366
2003-12-27 20:00:00,34.58,,,18.11,0.373
2003-12-27 21:00:00,39.64,,,13.26,0.521
2003-12-27 22:00:00,54.76,,,11.07,0.508
2003-12-27 23:00:00,15.65,,,9.71,0.405
2003-12-28 00:00:00,48.87,,,10.77,0.406
2003-12-28 01:00:00,20.48,,,10.68,0.398
2003-12-28 02:00:00,4.427,,,11.22,0.4
2003-12-28 03:00:00,0.354,,,10.14,0.332
2003-12-28 04:00:00,33.57,,,9.443,0.438
2003-12-28 05:00:00,21.39,,,9.34,0.398
2003-12-28 06:00:00,2.445,,,11.69,0.441
2003-12-28 07:00:00,11.76,,,8.196,0.443
2003-12-28 08:00:00,24.04,,,8.39,0.452
2003-12-28 09:00:00,19.55,,,9.807,0.361
2003-12-28 10:00:00,23.31,,,14.0,0.477
2003-12-28 11:00:00,3.067,,,17.16,0.428
2003-12-28 12:00:00,21.1,,,21.44,0.56
2003-12-28 13:00:00,3.176,,,22.79,0.551
2003-12-28 14:00:00,16.57,,,25.64,0.523
2003-12-28 15:00:00,8.117,,,27.93,0.541
2003-12-28 16:00:00,12.18,,,26.51,0.532
2003-12-28 17:00:00,11.9,,,25.23,0.579
2003-12-28 18:00:00,1.533,,,25.97,0.526
2003-12-28 19:00:00,0.003,,,30.03,0.354
2003-12-28 20:00:00,,,,30.34,0.36
2003-12-28 21:00:00,15.51,,,24.99,0.307
2003-12-28 22:00:00,16.06,,,22.68,0.265
2003-12-28 23:00:00,35.02,,,21.14,0.302
2003-12-29 00:00:00,5.589,,,21.67,0.298
2003-12-29 01:00:00,14.86,,,23.32,0.187
2003-12-29 02:00:00,9.985,,,25.56,0.177
2003-12-29 03:00:00,13.18,,,26.52,0.156
2003-12-29 04:00:00,17.01,,,27.26,0.161
2003-12-29 05:00:00,21.27,,,27.12,0.196
2003-12-29 06:00:00,20.45,,,23.78,0.178
2003-12-29 07:00:00,14.95,,,19.62,0.198
2003-12-29 08:00:00,7.114,,,15.91,0.25
2003-12-29 09:00:00,23.78,,,14.15,0.259
2003-12-29 10:00:00,20.34,,,17.74,0.361
2003-12-29 11:00:00,29.06,,,13.39,0.549
2003-12-29 12:00:00,5.944,,,22.2,0.306
2003-12-29 13:00:00,12.46,,,24.66,0.337
2003-12-29 14:00:00,28.76,,,25.45,0.349
2003-12-29 15:00:00,21.8,,,23.9,0.309
2003-12-29 16:00:00,9.882,,,26.62,0.245
2003-12-29 17:00:00,8.608,,,23.66,0.266
2003-12-29 18:00:00,18.89,,,22.94,0.29
2003-12-29 19:00:00,4.983,,,22.04,0.216
2003-12-29 20:00:00,32.51,,,19.18,0.243
2003-12-29 21:00:00,37.16,,,16.21,0.204
2003-12-29 22:00:00,15.72,,,20.29,0.182
2003-12-29 23:00:00,13.23,,,17.94,0.194
2003-12-30 00:00:00,29.87,,,17.19,0.201
2003-12-30 01:00:00,26.43,,,16.54,0.192
2003-12-30 02:00:00,3.501,,,16.03,0.221
2003-12-30 03:00:00,,,,15.77,0.191
2003-12-30 04:00:00,9.154,,,15.87,0.183
2003-12-30 05:00:00,7.879,,,18.03,0.21
2003-12-30 06:00:00,2.23,,,16.15,0.17
2003-12-30 07:00:00,41.29,,,11.09,0.279
2003-12-30 08:00:00,34.81,,,8.322,0.354
2003-12-30 09:00:00,33.79,,,9.53,0.406
2003-12-30 10:00:00,15.35,,,13.12,0.384
2003-12-30 11:00:00,15.21,,,13.99,0.352
2003-12-30 12:00:00,22.65,,,16.38,0.423
2003-12-30 13:00:00,46.16,,,16.49,0.582
2003-12-30 14:00:00,38.49,,,22.37,0.99
2003-12-30 15:00:00,27.98,,,33.49,0.839
2003-12-30 16:00:00,18.45,,,40.01,0.93
2003-12-30 17:00:00,52.92,,,30.43,0.871
2003-12-30 18:00:00,14.53,,,26.34,0.693
2003-12-30 19:00:00,27.98,,,20.07,1.119
2003-12-30 20:00:00,19.29,,,28.46,0.975
2003-12-30 21:00:00,41.01,,,33.28,0.479
2003-12-30 22:00:00,80.42,,,11.8,0.521
2003-12-30 23:00:00,55.09,,,8.371,0.548
2003-12-31 00:00:00,62.72,,,7.214,0.653
2003-12-31 01:00:00,28.09,,,12.48,0.372
2003-12-31 02:00:00,19.93,,,7.832,0.505
2003-12-31 03:00:00,34.1,,,7.078,0.588
2003-12-31 04:00:00,15.71,,,7.7,0.448
2003-12-31 05:00:00,55.51,,,7.314,0.47
2003-12-31 06:00:00,27.06,,,6.957,0.607
2003-12-31 07:00:00,51.15,,,9.65,1.062
2003-12-31 08:00:00,57.22,,,11.62,0.618
2003-12-31 09:00:00,37.77,,,12.95,0.658
2003-12-31 10:00:00,39.59,,,19.58,0.743
2003-12-31 11:00:00,9.219,,,21.35,0.775
2003-12-31 12:00:00,44.3,,,24.72,0.536
2003-12-31 13:00:00,15.64,,,29.38,0.292
2003-12-31 14:00:00,59.52,,,25.83,0.285
2003-12-31 15:00:00,18.4,,,21.66,0.24
2003-12-31 16:00:00,44.49,,,19.43,0.239
2003-12-31 17:00:00,30.53,,,18.29,0.242
2003-12-31 18:00:00,15.24,,,19.01,0.232
2003-12-31 19:00:00,15.92,,,17.75,0.227
2003-12-31 20:00:00,5.232,,,17.99,0.192
2003-12-31 21:00:00,11.42,,,17.67,0.212
2003-12-31 22:00:00,25.77,,,19.61,0.22
2003-12-31 23:00:00,13.52,,,22.06,0.219
