data,pm10,so2,no2,o3,co
2022-01-01 00:00:00,96.15,15.23,9.48,13.07,
2022-01-01 01:00:00,90.87,14.79,9.08,8.77,
2022-01-01 02:00:00,74.28,14.81,7.18,8.89,
2022-01-01 03:00:00,51.85,14.78,6.76,10.28,
2022-01-01 04:00:00,42.28,14.76,7.55,5.46,
2022-01-01 05:00:00,38.93,14.89,7.7,5.84,
2022-01-01 06:00:00,31.17,15.21,5.95,4.52,
2022-01-01 07:00:00,26.24,15.43,4.39,8.51,
2022-01-01 08:00:00,28.33,14.38,3.66,19.81,
2022-01-01 09:00:00,27.58,19.6,7.6,40.36,
2022-01-01 10:00:00,24.99,35.55,10.49,64.83,
2022-01-01 11:00:00,18.96,62.84,15.92,93.01,
2022-01-01 12:00:00,23.72,88.21,13.94,135.2,
2022-01-01 13:00:00,24.39,65.48,6.3,129.6,
2022-01-01 14:00:00,22.28,34.18,3.85,109.2,
2022-01-01 15:00:00,22.98,22.14,2.21,94.87,
2022-01-01 16:00:00,23.45,18.87,2.3,85.63,
2022-01-01 17:00:00,24.68,17.86,1.72,84.59,
2022-01-01 18:00:00,23.09,17.43,2.07,73.11,
2022-01-01 19:00:00,21.15,16.32,3.14,65.49,
2022-01-01 20:00:00,22.87,15.89,3.96,60.49,
2022-01-01 21:00:00,27.51,15.76,6.96,43.88,
2022-01-01 22:00:00,32.85,15.71,5.53,34.93,
2022-01-01 23:00:00,42.69,15.28,4.59,29.82,
2022-01-02 00:00:00,35.14,15.02,4.48,26.07,
2022-01-02 01:00:00,25.91,15.22,3.99,21.36,
2022-01-02 02:00:00,20.35,15.04,3.82,16.58,
2022-01-02 03:00:00,13.69,15.17,4.45,8.3,
2022-01-02 04:00:00,18.7,15.47,4.77,7.13,
2022-01-02 05:00:00,17.98,15.23,5.31,8.5,
2022-01-02 06:00:00,6,15.21,4.86,8.56,
2022-01-02 07:00:00,6,15.53,3.68,13.74,
2022-01-02 08:00:00,6,15.18,3.4,29.66,
2022-01-02 09:00:00,6,14.66,5.26,51.0,
2022-01-02 10:00:00,6,14.14,4.29,69.27,
2022-01-02 11:00:00,12.49,17.08,5.9,89.84,
2022-01-02 12:00:00,6,26.56,10.32,125.9,
2022-01-02 13:00:00,6,23.12,5.59,129.8,
2022-01-02 14:00:00,6,20.51,5.18,133.9,
2022-01-02 15:00:00,17.58,17.31,3.49,89.35,
2022-01-02 16:00:00,33.55,15.99,2.77,66.49,
2022-01-02 17:00:00,46.73,15.69,2.96,59.03,
2022-01-02 18:00:00,36.86,15.0,3.77,49.07,
2022-01-02 19:00:00,21.36,14.8,6.56,52.31,
2022-01-02 20:00:00,12.66,14.28,7.33,42.46,
2022-01-02 21:00:00,17.52,14.08,5.54,40.4,
2022-01-02 22:00:00,18.57,13.97,6.08,32.83,
2022-01-02 23:00:00,22.65,13.75,12.28,17.16,
2022-01-03 00:00:00,20.49,14.0,13.76,14.52,
2022-01-03 01:00:00,18.53,14.03,11.81,15.64,
2022-01-03 02:00:00,15.19,13.88,6.17,18.41,
2022-01-03 03:00:00,6,13.93,6.59,19.12,
2022-01-03 04:00:00,12.19,13.98,8.66,15.78,
2022-01-03 05:00:00,16.04,13.96,8.89,11.46,
2022-01-03 06:00:00,20.55,14.02,10.78,8.32,
2022-01-03 07:00:00,20.01,14.47,13.36,7.0,
2022-01-03 08:00:00,16.07,14.0,14.24,20.43,
2022-01-03 09:00:00,6,13.84,9.0,40.51,
2022-01-03 10:00:00,6,13.9,8.33,66.91,
2022-01-03 11:00:00,6,13.96,7.69,81.42,
2022-01-03 12:00:00,6,14.0,8.27,108.3,
2022-01-03 13:00:00,6,14.01,7.83,129.2,
2022-01-03 14:00:00,14.28,13.88,8.63,130.1,
2022-01-03 15:00:00,15.81,13.78,7.1,121.1,
2022-01-03 16:00:00,6,13.78,6.52,116.2,
2022-01-03 17:00:00,6,13.79,7.48,99.93,
2022-01-03 18:00:00,6,13.78,5.68,82.04,
2022-01-03 19:00:00,6,13.87,10.25,70.48,
2022-01-03 20:00:00,6,14.01,9.6,63.7,
2022-01-03 21:00:00,25.56,13.86,10.24,50.27,
2022-01-03 22:00:00,31.13,13.98,9.57,43.26,
2022-01-03 23:00:00,31.27,13.85,9.58,31.23,
2022-01-04 00:00:00,29.4,13.8,8.43,26.62,
2022-01-04 01:00:00,32.65,13.71,8.07,22.24,
2022-01-04 02:00:00,26.85,13.8,5.91,21.91,
2022-01-04 03:00:00,22.11,13.77,6.01,17.42,
2022-01-04 04:00:00,24,13.78,7.04,12.84,
2022-01-04 05:00:00,28.46,13.8,7.36,11.4,
2022-01-04 06:00:00,25.33,13.79,10.83,7.22,
2022-01-04 07:00:00,24.14,14.2,13.48,4.75,
2022-01-04 08:00:00,26.63,13.93,19.28,7.45,
2022-01-04 09:00:00,36.97,14.36,15.78,10.32,
2022-01-04 10:00:00,31.7,14.87,16.68,20.57,
2022-01-04 11:00:00,17.54,14.01,19.96,58.02,
2022-01-04 12:00:00,6,14.32,14.11,46.72,
2022-01-04 13:00:00,6,15.17,14.02,50.02,
2022-01-04 14:00:00,6,15.34,20.87,73.44,
2022-01-04 15:00:00,6,13.96,18.14,82.09,
2022-01-04 16:00:00,6,13.82,18.15,88.32,
2022-01-04 17:00:00,6,13.88,12.33,90.95,
2022-01-04 18:00:00,6,13.9,15.4,73.61,
2022-01-04 19:00:00,14.41,13.97,12.33,67.82,
2022-01-04 20:00:00,23.13,13.95,10.48,66.22,
2022-01-04 21:00:00,22.8,13.99,9.44,46.46,
2022-01-04 22:00:00,29.97,13.99,9.43,42.24,
2022-01-04 23:00:00,32.87,13.99,8.16,35.66,
2022-01-05 00:00:00,22.48,13.86,6.22,30.68,
2022-01-05 01:00:00,19.06,13.84,8.04,25.57,
2022-01-05 02:00:00,15.95,13.99,8.61,20.19,
2022-01-05 03:00:00,6,14.23,8.7,15.37,
2022-01-05 04:00:00,6,14.18,6.57,19.53,
2022-01-05 05:00:00,13.09,14.87,7.17,14.76,
2022-01-05 06:00:00,6,16.0,10.09,8.74,
2022-01-05 07:00:00,16.04,15.82,15.27,7.51,
2022-01-05 08:00:00,18.12,15.4,19.83,8.43,
2022-01-05 09:00:00,25.66,18.35,19.21,17.92,
2022-01-05 10:00:00,37.44,18.18,16.41,22.49,
2022-01-05 11:00:00,40,17.99,16.75,24.69,
2022-01-05 12:00:00,30.91,17.15,12.51,31.04,
2022-01-05 13:00:00,18.14,15.95,6.95,43.62,
2022-01-05 14:00:00,22.15,15.9,8.65,29.57,
2022-01-05 15:00:00,21.26,16.15,10.08,17.08,
2022-01-05 16:00:00,13.4,16.23,6.25,22.97,
2022-01-05 17:00:00,6,16.26,5.04,24.02,
2022-01-05 18:00:00,6,16.07,7.49,20.77,
2022-01-05 19:00:00,6,15.84,7.94,17.12,
2022-01-05 20:00:00,6,15.97,7.1,15.7,
2022-01-05 21:00:00,6,15.65,4.25,19.45,
2022-01-05 22:00:00,6,14.56,3.11,19.91,
2022-01-05 23:00:00,6,14.89,3.88,14.7,
2022-01-06 00:00:00,6,15.08,3.62,15.63,
2022-01-06 01:00:00,12.75,14.75,1.9,18.16,
2022-01-06 02:00:00,12.19,15.41,1.37,22.13,
2022-01-06 03:00:00,6,15.16,1.54,19.27,
2022-01-06 04:00:00,6,15.13,2.59,14.48,
2022-01-06 05:00:00,16.88,15.62,3.51,12.74,
2022-01-06 06:00:00,19.86,15.74,5.48,6.14,
2022-01-06 07:00:00,15.57,15.59,9.01,6.33,
2022-01-06 08:00:00,19.61,15.79,7.81,13.44,
2022-01-06 09:00:00,22.69,15.59,4.95,18.84,
2022-01-06 10:00:00,24.42,16.28,2.86,27.42,
2022-01-06 11:00:00,22.9,16.52,2.4,27.99,
2022-01-06 12:00:00,15.97,15.89,1.77,32.09,
2022-01-06 13:00:00,6,14.35,2.2,31.75,
2022-01-06 14:00:00,6,14.05,2.54,31.37,
2022-01-06 15:00:00,6,14.08,2.12,30.74,
2022-01-06 16:00:00,6,14.16,1.64,30.81,
2022-01-06 17:00:00,20.76,14.1,2.09,30.22,
2022-01-06 18:00:00,23.99,14.08,2.88,27.58,
2022-01-06 19:00:00,16.53,14.16,4.25,26.74,
2022-01-06 20:00:00,16.1,14.19,5.48,22.9,
2022-01-06 21:00:00,24.35,14.43,9.64,15.93,
2022-01-06 22:00:00,32.49,15.8,14.53,11.17,
2022-01-06 23:00:00,29.03,16.53,11.38,9.76,
2022-01-07 00:00:00,20.28,16.33,8.35,9.41,
2022-01-07 01:00:00,17.38,15.73,6.7,10.06,
2022-01-07 02:00:00,17.87,15.22,6.44,10.56,
2022-01-07 03:00:00,16.91,14.56,5.06,11.44,
2022-01-07 04:00:00,19.68,14.43,4.27,11.93,
2022-01-07 05:00:00,21.49,14.51,5.34,9.35,
2022-01-07 06:00:00,16.63,15.06,7.48,5.68,
2022-01-07 07:00:00,16.77,15.22,8.02,7.12,
2022-01-07 08:00:00,13.72,14.87,6.46,20.97,
2022-01-07 09:00:00,12.84,15.45,3.5,25.32,
2022-01-07 10:00:00,15.75,15.28,2.96,29.07,
2022-01-07 11:00:00,13.49,15.2,2.19,33.26,
2022-01-07 12:00:00,17.14,15.76,2.77,38.03,
2022-01-07 13:00:00,15.2,15.82,2.52,37.83,
2022-01-07 14:00:00,12.54,15.87,2.28,38.09,
2022-01-07 15:00:00,6,15.25,2.67,34.19,
2022-01-07 16:00:00,6,15.2,3.05,38.61,
2022-01-07 17:00:00,12.35,15.26,2.61,35.73,
2022-01-07 18:00:00,12.09,15.6,2.86,32.29,
2022-01-07 19:00:00,12.84,16.25,3.45,29.52,
2022-01-07 20:00:00,6,16.03,4.06,26.03,
2022-01-07 21:00:00,18.31,15.01,4.97,24.5,
2022-01-07 22:00:00,29.63,14.56,4.17,22.15,
2022-01-07 23:00:00,23.9,15.08,3.73,21.65,
2022-01-08 00:00:00,23.76,14.73,4.12,24.31,
2022-01-08 01:00:00,21.22,14.75,5.62,18.74,
2022-01-08 02:00:00,14.6,15.04,4.9,15.18,
2022-01-08 03:00:00,12.32,13.55,2.83,17.97,
2022-01-08 04:00:00,13.14,14.25,3.49,14.8,
2022-01-08 05:00:00,13.57,14.44,4.06,11.55,
2022-01-08 06:00:00,6,14.49,6.57,6.02,
2022-01-08 07:00:00,6,14.58,6.4,10.06,
2022-01-08 08:00:00,12.98,14.38,4.07,19.95,
2022-01-08 09:00:00,17.32,14.88,3.13,28.78,
2022-01-08 10:00:00,19.68,15.71,3.05,33.46,
2022-01-08 11:00:00,15.33,16.29,2.13,37.4,
2022-01-08 12:00:00,6,14.97,3.97,37.9,
2022-01-08 13:00:00,6,14.2,2.37,41.81,
2022-01-08 14:00:00,6,14.22,2.55,41.21,
2022-01-08 15:00:00,6,14.13,1.51,40.27,
2022-01-08 16:00:00,6,14.13,1.88,38.51,
2022-01-08 17:00:00,16.36,14.26,1.77,38.17,
2022-01-08 18:00:00,19.03,14.46,2.01,35.54,
2022-01-08 19:00:00,19.75,15.47,2.07,32.07,
2022-01-08 20:00:00,16.4,16.14,4.24,27.47,
2022-01-08 21:00:00,20.07,15.43,2.86,26.76,
2022-01-08 22:00:00,23.85,14.94,2.98,29.2,
2022-01-08 23:00:00,21.57,15.29,4.45,26.77,
2022-01-09 00:00:00,16.59,15.59,3.36,28.8,
2022-01-09 01:00:00,17.18,15.35,3.81,26.62,
2022-01-09 02:00:00,14.49,14.86,4.7,23.73,
2022-01-09 03:00:00,17.63,14.68,4.05,19.91,
2022-01-09 04:00:00,19.05,14.69,4.04,18.43,
2022-01-09 05:00:00,14.47,14.13,2.77,18.81,
2022-01-09 06:00:00,6,14.41,5.12,13.44,
2022-01-09 07:00:00,12,14.39,3.39,16.91,
2022-01-09 08:00:00,15.18,14.32,2.09,23.29,
2022-01-09 09:00:00,15.31,14.75,2.06,29.15,
2022-01-09 10:00:00,6,14.7,1.38,32.3,
2022-01-09 11:00:00,6,16.39,1.25,33.76,
2022-01-09 12:00:00,6,15.03,2.49,31.26,
2022-01-09 13:00:00,6,14.29,2.08,30.58,
2022-01-09 14:00:00,6,14.19,1.24,34.48,
2022-01-09 15:00:00,13.9,14.26,1.38,35.7,
2022-01-09 16:00:00,16.33,14.19,1.33,35.26,
2022-01-09 17:00:00,6,14.22,1.56,34.05,
2022-01-09 18:00:00,6,14.32,1.64,33.19,
2022-01-09 19:00:00,13.82,15.16,2.41,26.95,
2022-01-09 20:00:00,23.12,16.42,4.45,22.03,
2022-01-09 21:00:00,29.79,16.21,4.09,23.19,
2022-01-09 22:00:00,27.86,15.08,4.47,19.01,
2022-01-09 23:00:00,21.12,14.98,4.44,19.62,
2022-01-10 00:00:00,23.01,14.46,4.45,16.64,
2022-01-10 01:00:00,23.2,14.52,4.58,13.7,
2022-01-10 02:00:00,18.02,14.44,4.59,12.32,
2022-01-10 03:00:00,19.9,15.17,3.99,8.6,
2022-01-10 04:00:00,18.27,14.59,4.1,7.63,
2022-01-10 05:00:00,13.1,14.26,4.96,7.3,
2022-01-10 06:00:00,6,14.32,5.28,7.27,
2022-01-10 07:00:00,6,15.49,4.38,6.45,
2022-01-10 08:00:00,6,15.17,5.82,9.49,
2022-01-10 09:00:00,6,14.98,5.61,20.32,
2022-01-10 10:00:00,6,15.43,6.53,33.92,
2022-01-10 11:00:00,6,14.29,6.08,46.49,
2022-01-10 12:00:00,6,14.27,5.41,57.71,
2022-01-10 13:00:00,20.96,14.23,5.39,65.4,
2022-01-10 14:00:00,21.57,14.25,4.77,60.46,
2022-01-10 15:00:00,6,14.24,3.84,48.92,
2022-01-10 16:00:00,6,14.53,3.99,48.87,
2022-01-10 17:00:00,6,15.23,2.94,44.3,
2022-01-10 18:00:00,16.61,16.31,3.47,34.51,
2022-01-10 19:00:00,18.91,16.51,4.2,30.76,
2022-01-10 20:00:00,15.85,16.18,4.5,24.89,
2022-01-10 21:00:00,21.41,14.95,5.29,23.75,
2022-01-10 22:00:00,27.46,14.29,5.8,16.83,
2022-01-10 23:00:00,28.72,14.61,5.88,16.87,
2022-01-11 00:00:00,23,14.53,6.38,17.37,
2022-01-11 01:00:00,19.23,15.09,6.76,13.58,
2022-01-11 02:00:00,13.38,15.16,6.56,7.13,
2022-01-11 03:00:00,16.93,14.43,5.02,6.49,
2022-01-11 04:00:00,16.61,14.41,4.65,6.15,
2022-01-11 05:00:00,6,14.57,5.09,5.97,
2022-01-11 06:00:00,6,15.16,3.46,4.11,
2022-01-11 07:00:00,6,14.9,3.91,4.12,
2022-01-11 08:00:00,6,15.03,5.88,9.83,
2022-01-11 09:00:00,,15.19,5.08,18.64,
2022-01-11 10:00:00,,0.65,9.67,29.65,
2022-01-11 11:00:00,,0.65,18.24,54.23,
2022-01-11 12:00:00,,208.0,9.89,,
2022-01-11 13:00:00,,20.52,6.3,,
2022-01-11 14:00:00,,7.98,3.65,,
2022-01-11 15:00:00,,6.32,1.66,,
2022-01-11 16:00:00,,4.69,0.47,,
2022-01-11 17:00:00,6,2.29,1.36,,
2022-01-11 18:00:00,6,2.47,12.4,62.33,
2022-01-11 19:00:00,12.16,0.65,9.36,38.02,
2022-01-11 20:00:00,26.37,0.65,9.21,30.14,
2022-01-11 21:00:00,22.22,0.65,9.52,24.77,
2022-01-11 22:00:00,39.86,0.65,13.16,16.13,
2022-01-11 23:00:00,40.74,0.65,15.22,10.75,
2022-01-12 00:00:00,48.17,0.65,11.44,8.5,
2022-01-12 01:00:00,34.76,0.65,9.14,7.94,
2022-01-12 02:00:00,34.77,0.65,5.7,7.57,
2022-01-12 03:00:00,34.23,0.65,5.31,7.54,
2022-01-12 04:00:00,19.77,0.65,5.54,6.59,
2022-01-12 05:00:00,18.04,0.65,5.49,5.39,
2022-01-12 06:00:00,6,0.65,6.73,3.76,
2022-01-12 07:00:00,6,0.65,9.12,4.87,
2022-01-12 08:00:00,33.78,14.33,18.34,9.96,
2022-01-12 09:00:00,,325.5,15.58,,
2022-01-12 10:00:00,,215.3,13.57,44.67,
2022-01-12 11:00:00,,9.9,,66.08,
2022-01-12 12:00:00,,10.17,13.99,117.7,
2022-01-12 13:00:00,,7.35,7.88,141.6,
2022-01-12 14:00:00,,5.46,6.28,137.5,
2022-01-12 15:00:00,,3.31,7.24,106.8,
2022-01-12 16:00:00,6,2.83,5.27,91.41,
2022-01-12 17:00:00,6,2.1,4.16,79.91,
2022-01-12 18:00:00,6,1.52,3.67,68.74,
2022-01-12 19:00:00,26.78,1.99,4.97,48.2,
2022-01-12 20:00:00,25.91,1.81,5.14,39.17,
2022-01-12 21:00:00,28.47,0.65,5.45,28.28,
2022-01-12 22:00:00,30.9,0.65,7.78,20.85,
2022-01-12 23:00:00,25.99,0.65,6.4,14.11,
2022-01-13 00:00:00,18.18,0.65,6.09,10.59,
2022-01-13 01:00:00,30.08,0.65,5.57,7.9,
2022-01-13 02:00:00,26.92,0.65,5.46,5.23,
2022-01-13 03:00:00,20.61,0.65,5.13,3.63,
2022-01-13 04:00:00,19.6,0.65,4.31,2.23,
2022-01-13 05:00:00,14.54,0.65,4.51,0.98,
2022-01-13 06:00:00,6,0.65,3.45,0.98,
2022-01-13 07:00:00,13.78,0.65,5.27,2.09,
2022-01-13 08:00:00,28.74,0.65,36.55,27.53,
2022-01-13 09:00:00,29.38,0.65,36.62,49.47,
2022-01-13 10:00:00,28.88,20.77,41.02,56.92,
2022-01-13 11:00:00,20.96,55.26,29.37,97.08,
2022-01-13 12:00:00,16.56,23.64,14.02,140.7,
2022-01-13 13:00:00,37.76,11.65,11.16,157.5,
2022-01-13 14:00:00,32.37,8.17,7.66,125.5,
2022-01-13 15:00:00,17.53,5.94,6.19,91.56,
2022-01-13 16:00:00,17.91,3.65,3.99,80.06,
2022-01-13 17:00:00,28,2.56,3.72,62.25,
2022-01-13 18:00:00,29.86,1.87,5.64,50.27,
2022-01-13 19:00:00,33.54,1.33,6.71,38.31,
2022-01-13 20:00:00,38.94,0.65,6.71,31.78,
2022-01-13 21:00:00,44.72,0.65,7.86,22.29,
2022-01-13 22:00:00,35.51,0.65,7.06,17.01,
2022-01-13 23:00:00,23.38,0.65,7.58,13.75,
2022-01-14 00:00:00,22.7,0.65,7.38,13.78,
2022-01-14 01:00:00,21.06,0.65,7.67,13.26,
2022-01-14 02:00:00,19.76,0.65,6.02,11.48,
2022-01-14 03:00:00,13.27,0.65,5.46,10.9,
2022-01-14 04:00:00,16.58,0.65,5.56,9.07,
2022-01-14 05:00:00,21.28,0.65,4.69,9.85,
2022-01-14 06:00:00,16.05,0.65,7.17,4.16,
2022-01-14 07:00:00,6,0.65,9.37,4.54,
2022-01-14 08:00:00,22.62,0.65,13.09,10.35,
2022-01-14 09:00:00,18.49,0.65,13.84,34.8,
2022-01-14 10:00:00,22.35,0.65,18.81,54.96,
2022-01-14 11:00:00,21.96,38.51,18.94,78.41,
2022-01-14 12:00:00,21.81,29.06,17.55,90.15,
2022-01-14 13:00:00,24.12,19.61,9.05,96.49,
2022-01-14 14:00:00,25.2,18.88,10.59,108.6,
2022-01-14 15:00:00,21.79,12.44,5.14,133.9,
2022-01-14 16:00:00,18.8,7.71,7.13,146.6,
2022-01-14 17:00:00,22.97,3.83,5.59,104.4,
2022-01-14 18:00:00,40.95,2.31,9.1,81.92,
2022-01-14 19:00:00,40.13,2.36,14.72,67.73,
2022-01-14 20:00:00,55.68,1.32,13.21,46.67,
2022-01-14 21:00:00,41.77,0.65,10.14,38.71,
2022-01-14 22:00:00,40.74,0.65,12.36,26.75,
2022-01-14 23:00:00,30.87,0.65,11.6,20.4,
2022-01-15 00:00:00,22.57,0.65,10.34,17.03,
2022-01-15 01:00:00,20.58,0.65,9.27,14.1,
2022-01-15 02:00:00,21.05,0.65,10.81,5.51,
2022-01-15 03:00:00,22.34,0.65,8.89,7.02,
2022-01-15 04:00:00,23.02,0.65,10.9,5.97,
2022-01-15 05:00:00,16.81,0.65,11.84,6.75,
2022-01-15 06:00:00,17.04,0.65,10.04,8.39,
2022-01-15 07:00:00,12.88,0.65,11.87,10.08,
2022-01-15 08:00:00,19.51,0.65,10.76,18.19,
2022-01-15 09:00:00,17.12,0.65,7.7,31.7,
2022-01-15 10:00:00,12.96,2.67,10.94,43.16,
2022-01-15 11:00:00,6,14.29,10.34,57.12,
2022-01-15 12:00:00,6,13.26,9.09,74.1,
2022-01-15 13:00:00,6,8.88,5.28,80.36,
2022-01-15 14:00:00,6,4.87,4.98,91.36,
2022-01-15 15:00:00,6,2.62,5.59,96.64,
2022-01-15 16:00:00,6,2.63,9.73,68.78,
2022-01-15 17:00:00,15.66,2.55,8.73,56.0,
2022-01-15 18:00:00,24.75,2.13,11.31,42.72,
2022-01-15 19:00:00,18.13,0.65,11.57,41.69,
2022-01-15 20:00:00,13.74,0.65,10.69,37.91,
2022-01-15 21:00:00,14.59,0.65,14.14,28.55,
2022-01-15 22:00:00,22.98,0.65,16.95,19.7,
2022-01-15 23:00:00,31.63,0.65,12.5,17.31,
2022-01-16 00:00:00,37.3,0.65,8.71,21.78,
2022-01-16 01:00:00,26.73,0.65,7.98,21.95,
2022-01-16 02:00:00,15.93,0.65,7.86,20.37,
2022-01-16 03:00:00,6,0.65,6.14,21.06,
2022-01-16 04:00:00,6,0.65,6.54,19.95,
2022-01-16 05:00:00,6,0.65,12.31,14.54,
2022-01-16 06:00:00,6,6.52,10.02,13.94,
2022-01-16 07:00:00,6,5.36,12.05,13.93,
2022-01-16 08:00:00,17.63,6.44,9.1,28.82,
2022-01-16 09:00:00,21.98,5.45,5.69,47.5,
2022-01-16 10:00:00,16.34,10.43,7.24,57.49,
2022-01-16 11:00:00,14.09,27.56,16.82,58.87,
2022-01-16 12:00:00,19.7,43.73,14.14,63.27,
2022-01-16 13:00:00,15.99,35.68,11.73,67.04,
2022-01-16 14:00:00,6,26.03,7.84,75.31,
2022-01-16 15:00:00,6,15.35,5.13,78.38,
2022-01-16 16:00:00,12.64,9.38,3.01,84.07,
2022-01-16 17:00:00,6,4.82,2.36,83.71,
2022-01-16 18:00:00,17.12,2.75,5.09,64.0,
2022-01-16 19:00:00,25.85,1.98,8.47,42.38,
2022-01-16 20:00:00,44.15,0.65,3.49,40.14,
2022-01-16 21:00:00,35.32,0.65,3.1,44.33,
2022-01-16 22:00:00,31.84,0.65,7.4,38.32,
2022-01-16 23:00:00,30.15,0.65,4.35,37.17,
2022-01-17 00:00:00,23.67,0.65,2.54,37.99,
2022-01-17 01:00:00,21.21,0.65,1.08,43.41,
2022-01-17 02:00:00,15.23,0.65,1.04,42.08,
2022-01-17 03:00:00,6,0.65,0.47,35.48,
2022-01-17 04:00:00,6,0.65,8.24,13.52,
2022-01-17 05:00:00,6,0.65,8.62,5.86,
2022-01-17 06:00:00,13.24,0.65,10.55,3.77,
2022-01-17 07:00:00,13.49,0.65,12.98,4.63,
2022-01-17 08:00:00,13.63,0.65,28.98,11.42,
2022-01-17 09:00:00,6,0.65,24.07,23.34,
2022-01-17 10:00:00,13.77,0.65,16.4,33.77,
2022-01-17 11:00:00,6,0.65,15.56,47.45,
2022-01-17 12:00:00,6,0.65,6.81,75.56,
2022-01-17 13:00:00,6,0.65,5.44,99.42,
2022-01-17 14:00:00,6,0.65,3.18,109.7,
2022-01-17 15:00:00,6,0.65,3.68,94.03,
2022-01-17 16:00:00,12.98,0.65,4.66,73.03,
2022-01-17 17:00:00,18.01,0.65,4.91,65.79,
2022-01-17 18:00:00,24.42,0.65,9.29,52.76,
2022-01-17 19:00:00,20.89,0.65,12.83,38.5,
2022-01-17 20:00:00,17.02,0.65,16.8,25.87,
2022-01-17 21:00:00,19.02,0.65,17.1,23.23,
2022-01-17 22:00:00,24.79,0.65,7.92,53.4,
2022-01-17 23:00:00,19.61,0.65,3.87,66.48,
2022-01-18 00:00:00,6,0.65,4.19,57.52,
2022-01-18 01:00:00,6,,1.74,70.63,
2022-01-18 02:00:00,6,,5.17,51.66,
2022-01-18 03:00:00,6,,8.35,32.17,
2022-01-18 04:00:00,6,,4.5,35.53,
2022-01-18 05:00:00,6,,4.07,29.01,
2022-01-18 06:00:00,6,,15.51,8.24,
2022-01-18 07:00:00,6,,12.74,10.18,
2022-01-18 08:00:00,22.2,,10.89,17.09,
2022-01-18 09:00:00,26.64,,9.51,26.46,
2022-01-18 10:00:00,26.15,,5.5,40.07,
2022-01-18 11:00:00,19.27,,6.67,42.36,
2022-01-18 12:00:00,6,,9.08,40.51,
2022-01-18 13:00:00,6,,10.33,33.77,
2022-01-18 14:00:00,6,,9.31,36.42,
2022-01-18 15:00:00,6,,8.77,29.17,
2022-01-18 16:00:00,6,,14.57,31.66,
2022-01-18 17:00:00,34.22,,10.48,41.51,
2022-01-18 18:00:00,29.17,,12.97,35.07,
2022-01-18 19:00:00,29.02,,14.95,23.01,
2022-01-18 20:00:00,26.3,,20.97,7.59,
2022-01-18 21:00:00,41.6,,14.85,10.95,
2022-01-18 22:00:00,39.08,,11.08,17.71,
2022-01-18 23:00:00,27.26,,8.12,22.52,
2022-01-19 00:00:00,21.74,,6.29,24.07,
2022-01-19 01:00:00,16.29,,5.29,23.23,
2022-01-19 02:00:00,14.84,,5.49,12.41,
2022-01-19 03:00:00,12.01,,4.76,11.16,
2022-01-19 04:00:00,15.14,,4.55,8.81,
2022-01-19 05:00:00,22.55,,4.87,8.89,
2022-01-19 06:00:00,17.89,,4.93,7.65,
2022-01-19 07:00:00,31.02,,8.82,4.11,
2022-01-19 08:00:00,32.7,,19.15,6.3,
2022-01-19 09:00:00,46.74,,33.57,12.32,
2022-01-19 10:00:00,47.99,,40.58,25.34,
2022-01-19 11:00:00,37.41,,29.94,59.38,
2022-01-19 12:00:00,25.64,,22.06,83.22,
2022-01-19 13:00:00,16.31,,17.11,87.17,
2022-01-19 14:00:00,6,,19.02,96.91,
2022-01-19 15:00:00,6,,8.43,108.5,
2022-01-19 16:00:00,13.13,,6.34,116.6,
2022-01-19 17:00:00,6,,6.41,135.9,
2022-01-19 18:00:00,6,,12.17,112.5,
2022-01-19 19:00:00,31.29,,10.23,60.53,
2022-01-19 20:00:00,38.8,,7.91,44.03,
2022-01-19 21:00:00,40.4,,10.38,27.16,
2022-01-19 22:00:00,46.13,,12.18,15.65,
2022-01-19 23:00:00,39.35,,11.11,9.99,
2022-01-20 00:00:00,37.14,,13.11,6.75,
2022-01-20 01:00:00,39.66,,10.25,4.15,
2022-01-20 02:00:00,28.94,,9.53,3.48,
2022-01-20 03:00:00,37.28,,8.66,2.75,
2022-01-20 04:00:00,43.95,,6.36,2.6,
2022-01-20 05:00:00,40.02,,5.52,2.49,
2022-01-20 06:00:00,28.41,,5.84,2.45,
2022-01-20 07:00:00,32.19,,6.93,2.5,
2022-01-20 08:00:00,48.3,,24.58,10.48,
2022-01-20 09:00:00,48.59,,24.94,13.48,
2022-01-20 10:00:00,37.42,,14.86,35.29,
2022-01-20 11:00:00,32.34,,9.9,53.34,
2022-01-20 12:00:00,21.94,,12.72,65.45,
2022-01-20 13:00:00,13.29,,15.51,69.59,
2022-01-20 14:00:00,6,,6.57,98.8,
2022-01-20 15:00:00,22.55,,6.76,134.7,
2022-01-20 16:00:00,18.86,,7.19,146.6,
2022-01-20 17:00:00,30.98,,8.84,120.8,
2022-01-20 18:00:00,32.13,,5.82,82.45,
2022-01-20 19:00:00,36.77,,4.96,59.28,
2022-01-20 20:00:00,33.58,,4.87,51.21,
2022-01-20 21:00:00,31.29,,5.05,38.32,
2022-01-20 22:00:00,27.32,,2.92,30.49,
2022-01-20 23:00:00,17.43,,2.39,24.41,
2022-01-21 00:00:00,22.73,,1.38,22.38,
2022-01-21 01:00:00,33,,1.68,21.81,
2022-01-21 02:00:00,25.27,,1.44,17.84,
2022-01-21 03:00:00,21.09,,2.33,14.21,
2022-01-21 04:00:00,24.95,,3.14,11.65,
2022-01-21 05:00:00,25.53,,4.22,6.6,
2022-01-21 06:00:00,27.05,,5.44,5.01,
2022-01-21 07:00:00,31.56,,8.22,3.24,
2022-01-21 08:00:00,40.23,,7.79,10.23,
2022-01-21 09:00:00,29.64,,6.75,26.96,
2022-01-21 10:00:00,15.66,,5.2,47.38,
2022-01-21 11:00:00,17.55,,4.52,63.09,
2022-01-21 12:00:00,13.24,,4.38,73.11,
2022-01-21 13:00:00,6,,4.91,83.66,
2022-01-21 14:00:00,19.89,,1.79,75.92,
2022-01-21 15:00:00,25.43,,2.04,74.83,
2022-01-21 16:00:00,25.58,,2.48,79.01,
2022-01-21 17:00:00,32.72,,4.59,64.38,
2022-01-21 18:00:00,40.9,2.46,9.28,54.71,
2022-01-21 19:00:00,44.66,2.23,8.72,53.45,
2022-01-21 20:00:00,30.24,2.06,12.67,56.65,
2022-01-21 21:00:00,30.95,1.71,8.55,53.24,
2022-01-21 22:00:00,33.16,1.63,9.41,21.6,
2022-01-21 23:00:00,36.45,1.7,7.82,14.62,
2022-01-22 00:00:00,32.06,2.24,7.78,10.53,
2022-01-22 01:00:00,35.18,1.81,5.49,9.23,
2022-01-22 02:00:00,37.28,1.91,2.4,11.27,
2022-01-22 03:00:00,27.94,2.02,1.43,11.89,
2022-01-22 04:00:00,23.76,2.12,3.61,6.22,
2022-01-22 05:00:00,28.28,2.16,3.45,4.72,
2022-01-22 06:00:00,27.98,1.95,5.25,3.36,
2022-01-22 07:00:00,32.92,1.99,4.76,4.47,
2022-01-22 08:00:00,35.6,1.9,6.55,14.77,
2022-01-22 09:00:00,23.23,2.17,7.41,40.53,
2022-01-22 10:00:00,13.09,2.07,6.37,59.24,
2022-01-22 11:00:00,6,1.95,6.65,66.06,
2022-01-22 12:00:00,6,2.01,7.92,67.41,
2022-01-22 13:00:00,12.1,1.97,10.18,77.26,
2022-01-22 14:00:00,14.79,2.05,4.67,100.4,
2022-01-22 15:00:00,14.48,2.1,3.62,116.1,
2022-01-22 16:00:00,14.23,2.01,2.63,126.7,
2022-01-22 17:00:00,13.02,1.96,1.31,131.6,
2022-01-22 18:00:00,13.51,2.05,1.9,110.0,
2022-01-22 19:00:00,29.67,1.98,3.04,86.57,
2022-01-22 20:00:00,48.25,2.05,5.17,68.87,
2022-01-22 21:00:00,42.08,2.05,10.93,49.77,
2022-01-22 22:00:00,58.24,2.19,10.8,42.72,
2022-01-22 23:00:00,38.44,2.05,10.71,34.3,
2022-01-23 00:00:00,39.12,1.92,14.81,15.06,
2022-01-23 01:00:00,40.55,1.83,12.77,13.48,
2022-01-23 02:00:00,43.79,1.77,9.44,16.43,
2022-01-23 03:00:00,53.62,1.91,12.95,9.38,
2022-01-23 04:00:00,47.45,1.81,11.81,7.62,
2022-01-23 05:00:00,45.95,1.74,9.12,6.01,
2022-01-23 06:00:00,49.86,1.98,10.62,3.94,
2022-01-23 07:00:00,49.94,1.98,12.69,9.21,
2022-01-23 08:00:00,41.65,1.88,8.26,30.28,
2022-01-23 09:00:00,34.24,1.9,10.27,59.74,
2022-01-23 10:00:00,34.25,2.09,7.07,79.15,
2022-01-23 11:00:00,25.02,2.0,6.67,61.23,
2022-01-23 12:00:00,16.16,2.15,9.55,59.66,
2022-01-23 13:00:00,23.42,2.25,9.03,64.41,
2022-01-23 14:00:00,19.03,2.04,6.68,72.47,
2022-01-23 15:00:00,29.25,1.97,6.13,109.8,
2022-01-23 16:00:00,39.9,2.0,8.19,108.4,
2022-01-23 17:00:00,40.28,1.95,6.2,97.0,
2022-01-23 18:00:00,40.24,2.1,0.47,83.35,
2022-01-23 19:00:00,36.96,1.87,1.78,77.04,
2022-01-23 20:00:00,26.99,2.0,7.71,55.09,
2022-01-23 21:00:00,22.33,1.9,10.3,35.55,
2022-01-23 22:00:00,34.19,1.83,12.45,21.32,
2022-01-23 23:00:00,27.95,1.83,6.25,30.03,
2022-01-24 00:00:00,17.25,1.81,9.93,21.66,
2022-01-24 01:00:00,14.58,1.83,9.66,13.78,
2022-01-24 02:00:00,23.18,1.83,8.47,11.89,
2022-01-24 03:00:00,20.3,1.84,8.14,9.08,
2022-01-24 04:00:00,20.59,1.85,15.24,3.1,
2022-01-24 05:00:00,31.24,1.86,12.35,3.03,
2022-01-24 06:00:00,27.68,1.91,9.89,3.12,
2022-01-24 07:00:00,38.71,2.09,11.3,4.2,
2022-01-24 08:00:00,83.32,1.83,12.28,13.64,
2022-01-24 09:00:00,94.44,2.08,11.13,39.23,
2022-01-24 10:00:00,63.3,2.2,14.17,58.6,
2022-01-24 11:00:00,33.8,2.06,22.02,67.39,
2022-01-24 12:00:00,19.28,2.02,13.61,124.5,
2022-01-24 13:00:00,12.2,1.86,6.97,162.9,
2022-01-24 14:00:00,6,2.03,6.93,182.1,
2022-01-24 15:00:00,6,2.02,4.94,131.3,
2022-01-24 16:00:00,6,2.15,2.47,90.33,
2022-01-24 17:00:00,15.66,1.85,1.99,85.83,
2022-01-24 18:00:00,16.32,1.87,3.36,79.09,
2022-01-24 19:00:00,6,1.83,4.2,66.01,
2022-01-24 20:00:00,24.29,1.92,11.2,46.19,
2022-01-24 21:00:00,20.96,2.04,8.79,47.58,
2022-01-24 22:00:00,6,1.71,7.27,42.8,
2022-01-24 23:00:00,6,1.61,5.05,40.83,
2022-01-25 00:00:00,20.04,1.8,1.95,52.56,
2022-01-25 01:00:00,23.72,1.65,0.47,58.46,
2022-01-25 02:00:00,21.3,1.94,0.47,80.21,
2022-01-25 03:00:00,23.25,1.84,0.47,53.71,
2022-01-25 04:00:00,23.28,1.83,0.47,40.85,
2022-01-25 05:00:00,26.53,1.82,1.68,33.5,
2022-01-25 06:00:00,27.86,1.85,2.27,26.62,
2022-01-25 07:00:00,22.25,1.89,5.14,19.29,
2022-01-25 08:00:00,25.27,1.86,7.63,19.41,
2022-01-25 09:00:00,34.59,1.83,10.98,25.4,
2022-01-25 10:00:00,25.19,1.98,11.61,44.65,
2022-01-25 11:00:00,14.14,1.94,15.97,65.27,
2022-01-25 12:00:00,,1.94,20.74,103.1,
2022-01-25 13:00:00,,2.21,7.51,140.8,
2022-01-25 14:00:00,,2.11,13.95,149.9,
2022-01-25 15:00:00,,2.0,7.35,136.4,
2022-01-25 16:00:00,,2.24,1.7,75.13,
2022-01-25 17:00:00,,2.07,3.01,73.54,
2022-01-25 18:00:00,,1.99,9.13,56.76,
2022-01-25 19:00:00,,2.29,9.97,46.26,
2022-01-25 20:00:00,,1.78,7.1,46.6,
2022-01-25 21:00:00,,1.69,8.57,35.54,
2022-01-25 22:00:00,,1.93,6.45,29.15,
2022-01-25 23:00:00,,1.8,6.96,22.16,
2022-01-26 00:00:00,,1.97,5.35,18.97,
2022-01-26 01:00:00,,2.02,3.85,17.92,
2022-01-26 02:00:00,,1.84,4.17,14.85,
2022-01-26 03:00:00,,1.85,3.82,10.17,
2022-01-26 04:00:00,,1.84,3.48,7.91,
2022-01-26 05:00:00,,1.86,3.72,5.5,
2022-01-26 06:00:00,,1.91,4.71,3.75,
2022-01-26 07:00:00,,2.18,4.92,3.2,
2022-01-26 08:00:00,,2.18,9.62,7.46,
2022-01-26 09:00:00,,1.9,12.93,28.74,
2022-01-26 10:00:00,,2.22,10.32,49.02,
2022-01-26 11:00:00,,2.58,12.33,58.97,
2022-01-26 12:00:00,,2.37,12.58,75.92,
2022-01-26 13:00:00,,2.1,7.66,93.98,
2022-01-26 14:00:00,,2.06,3.43,120.5,
2022-01-26 15:00:00,,2.13,2.14,133.2,
2022-01-26 16:00:00,,2.07,3.92,124.0,
2022-01-26 17:00:00,18.21,2.23,18.32,62.31,
2022-01-26 18:00:00,32.89,2.22,12.27,73.24,
2022-01-26 19:00:00,20.21,2.2,11.61,69.71,
2022-01-26 20:00:00,13.23,1.97,10.67,63.36,
2022-01-26 21:00:00,19.19,2.04,9.63,56.86,
2022-01-26 22:00:00,15.51,2.45,5.55,72.85,
2022-01-26 23:00:00,20.55,2.09,4.38,62.61,
2022-01-27 00:00:00,6,2.09,4.76,50.57,
2022-01-27 01:00:00,6,2.1,6.96,49.35,
2022-01-27 02:00:00,6,2.06,9.46,40.62,
2022-01-27 03:00:00,16.4,2.09,6.65,40.67,
2022-01-27 04:00:00,25.22,2.08,1.13,56.06,
2022-01-27 05:00:00,14.05,2.12,0.47,56.1,
2022-01-27 06:00:00,15.33,2.06,0.47,56.63,
2022-01-27 07:00:00,13.95,2.04,3.59,44.0,
2022-01-27 08:00:00,6,2.11,4.27,39.79,
2022-01-27 09:00:00,6,2.07,5.48,37.06,
2022-01-27 10:00:00,6,2.19,5.06,36.34,
2022-01-27 11:00:00,14.61,2.06,3.44,37.52,
2022-01-27 12:00:00,18.23,2.46,3.87,33.74,
2022-01-27 13:00:00,14.23,2.09,1.23,34.14,
2022-01-27 14:00:00,6,2.11,1.24,29.97,
2022-01-27 15:00:00,6,2.12,0.47,26.06,
2022-01-27 16:00:00,6,2.11,0.47,24.37,
2022-01-27 17:00:00,6,2.09,1.36,19.34,
2022-01-27 18:00:00,6,2.1,2.19,17.96,
2022-01-27 19:00:00,6,2.16,3.25,17.41,
2022-01-27 20:00:00,6,2.12,3.02,18.68,
2022-01-27 21:00:00,6,2.06,3.57,18.02,
2022-01-27 22:00:00,15.22,2.11,6.19,11.65,
2022-01-27 23:00:00,13.51,2.4,11.47,3.78,
2022-01-28 00:00:00,27.55,2.17,8.31,3.48,
2022-01-28 01:00:00,22.13,2.15,7.08,2.85,
2022-01-28 02:00:00,22.14,2.11,7.0,2.75,
2022-01-28 03:00:00,15.56,2.12,6.56,3.72,
2022-01-28 04:00:00,15.99,2.12,3.88,6.03,
2022-01-28 05:00:00,18.28,2.13,4.94,2.72,
2022-01-28 06:00:00,16.65,2.27,5.83,0.98,
2022-01-28 07:00:00,24.54,2.32,8.13,2.79,
2022-01-28 08:00:00,35.96,2.26,8.34,7.83,
2022-01-28 09:00:00,21.72,2.4,4.28,17.51,
2022-01-28 10:00:00,16.97,2.05,1.91,24.26,
2022-01-28 11:00:00,20.9,2.09,2.58,24.48,
2022-01-28 12:00:00,6,2.19,2.07,26.79,
2022-01-28 13:00:00,6,2.03,2.55,28.67,
2022-01-28 14:00:00,6,2.0,1.2,31.03,
2022-01-28 15:00:00,15.28,2.07,1.17,30.65,
2022-01-28 16:00:00,6,2.03,1.02,29.4,
2022-01-28 17:00:00,6,1.96,1.75,29.56,
2022-01-28 18:00:00,6,1.98,1.66,29.7,
2022-01-28 19:00:00,6,1.91,2.59,28.72,
2022-01-28 20:00:00,21.36,1.91,4.79,25.24,
2022-01-28 21:00:00,13.56,2.13,9.21,17.77,
2022-01-28 22:00:00,23.72,2.19,11.52,11.36,
2022-01-28 23:00:00,27.64,2.22,9.04,9.83,
2022-01-29 00:00:00,26.74,2.03,10.84,4.96,
2022-01-29 01:00:00,17.2,2.26,10.4,2.13,
2022-01-29 02:00:00,20.48,2.01,8.7,2.04,
2022-01-29 03:00:00,21.13,1.99,7.03,2.12,
2022-01-29 04:00:00,13,1.94,6.89,3.55,
2022-01-29 05:00:00,6,2.11,5.55,2.61,
2022-01-29 06:00:00,15.89,2.05,5.28,1.99,
2022-01-29 07:00:00,18.47,2.02,5.86,4.76,
2022-01-29 08:00:00,24.24,2.08,5.33,11.33,
2022-01-29 09:00:00,16.32,1.96,3.4,24.32,
2022-01-29 10:00:00,14.45,1.96,1.4,32.21,
2022-01-29 11:00:00,16.89,1.92,1.58,34.49,
2022-01-29 12:00:00,6,1.85,1.81,34.6,
2022-01-29 13:00:00,6,1.85,1.16,33.29,
2022-01-29 14:00:00,6,2.0,0.47,34.41,
2022-01-29 15:00:00,6,1.89,0.47,36.34,
2022-01-29 16:00:00,6,1.8,1.09,35.18,
2022-01-29 17:00:00,6,1.91,0.47,35.77,
2022-01-29 18:00:00,6,1.98,1.46,34.19,
2022-01-29 19:00:00,6,1.87,1.68,32.47,
2022-01-29 20:00:00,6,1.94,3.28,27.26,
2022-01-29 21:00:00,25.08,1.88,3.88,21.56,
2022-01-29 22:00:00,17.82,1.81,4.46,17.99,
2022-01-29 23:00:00,29.57,1.92,4.44,16.59,
2022-01-30 00:00:00,23.34,1.95,2.4,18.61,
2022-01-30 01:00:00,22.89,1.92,6.43,11.59,
2022-01-30 02:00:00,18.94,1.93,6.52,8.85,
2022-01-30 03:00:00,18.26,1.88,4.57,10.34,
2022-01-30 04:00:00,15.76,1.91,2.2,14.01,
2022-01-30 05:00:00,12.58,1.89,2.19,14.86,
2022-01-30 06:00:00,6,1.87,2.23,14.44,
2022-01-30 07:00:00,12.7,1.91,1.65,15.73,
2022-01-30 08:00:00,13.03,1.95,1.01,19.75,
2022-01-30 09:00:00,19.93,1.88,0.47,25.88,
2022-01-30 10:00:00,6,1.82,0.47,31.52,
2022-01-30 11:00:00,6,1.85,1.0,34.02,
2022-01-30 12:00:00,6,1.84,1.17,35.29,
2022-01-30 13:00:00,6,1.98,1.42,33.32,
2022-01-30 14:00:00,6,2.0,1.06,34.18,
2022-01-30 15:00:00,6,2.03,0.97,34.77,
2022-01-30 16:00:00,6,2.03,1.98,32.17,
2022-01-30 17:00:00,6,2.04,0.47,36.85,
2022-01-30 18:00:00,6,1.99,1.41,43.98,
2022-01-30 19:00:00,6,1.98,1.29,39.9,
2022-01-30 20:00:00,6,2.03,2.87,30.86,
2022-01-30 21:00:00,14.33,2.12,4.51,24.61,
2022-01-30 22:00:00,19.01,1.86,5.42,21.03,
2022-01-30 23:00:00,33.18,1.94,6.6,16.7,
2022-01-31 00:00:00,31.03,1.93,4.03,20.63,
2022-01-31 01:00:00,24.47,1.91,3.17,19.76,
2022-01-31 02:00:00,26.93,1.92,2.33,16.04,
2022-01-31 03:00:00,17.77,1.95,3.23,11.22,
2022-01-31 04:00:00,24.09,1.94,5.51,8.97,
2022-01-31 05:00:00,19.39,1.92,5.21,4.06,
2022-01-31 06:00:00,15.7,2.05,5.43,3.48,
2022-01-31 07:00:00,20.19,2.24,6.93,4.18,
2022-01-31 08:00:00,28.56,2.36,9.29,7.8,
2022-01-31 09:00:00,23.3,2.33,10.41,16.89,
2022-01-31 10:00:00,15.36,6.45,9.95,27.91,
2022-01-31 11:00:00,22.42,8.06,4.2,48.35,
2022-01-31 12:00:00,25.77,5.56,5.28,76.29,
2022-01-31 13:00:00,23.44,4.27,4.38,85.27,
2022-01-31 14:00:00,12.82,3.65,1.67,65.64,
2022-01-31 15:00:00,6,2.96,2.02,80.46,
2022-01-31 16:00:00,6,2.74,1.65,79.39,
2022-01-31 17:00:00,6,2.37,4.89,61.7,
2022-01-31 18:00:00,6,2.08,7.06,56.32,
2022-01-31 19:00:00,6,2.03,7.64,51.71,
2022-01-31 20:00:00,19.18,2.12,11.02,38.3,
2022-01-31 21:00:00,19.78,1.91,8.47,42.05,
2022-01-31 22:00:00,26.77,1.98,6.21,41.74,
2022-01-31 23:00:00,36.83,2.25,3.62,38.47,
2022-02-01 00:00:00,28.66,1.85,2.81,39.09,
2022-02-01 01:00:00,24.27,1.85,3.85,34.04,
2022-02-01 02:00:00,20.36,1.74,3.71,22.65,
2022-02-01 03:00:00,17.34,1.88,2.8,18.85,
2022-02-01 04:00:00,22.21,1.9,1.59,22.83,
2022-02-01 05:00:00,28.67,1.89,3.9,13.86,
2022-02-01 06:00:00,29.1,1.98,8.35,6.46,
2022-02-01 07:00:00,22.18,1.82,8.4,14.76,
2022-02-01 08:00:00,28.79,1.94,5.39,23.91,
2022-02-01 09:00:00,19.13,1.83,2.47,31.54,
2022-02-01 10:00:00,26.99,1.86,1.8,35.69,
2022-02-01 11:00:00,27.4,1.83,1.08,41.36,
2022-02-01 12:00:00,21.17,2.06,2.04,51.74,
2022-02-01 13:00:00,12.93,1.87,2.78,57.96,
2022-02-01 14:00:00,6,2.04,2.6,62.53,
2022-02-01 15:00:00,6,2.1,2.2,65.0,
2022-02-01 16:00:00,6,1.97,1.56,56.15,
2022-02-01 17:00:00,17.52,2.01,1.19,45.93,
2022-02-01 18:00:00,26.91,1.81,2.17,39.82,
2022-02-01 19:00:00,22.43,1.86,3.38,35.97,
2022-02-01 20:00:00,34.3,1.92,2.93,34.24,
2022-02-01 21:00:00,26.06,1.88,4.27,28.51,
2022-02-01 22:00:00,42.03,1.75,3.15,27.21,
2022-02-01 23:00:00,40.07,1.73,3.62,23.42,
2022-02-02 00:00:00,26.98,1.74,3.49,20.13,
2022-02-02 01:00:00,20.73,1.67,3.53,15.77,
2022-02-02 02:00:00,24,1.66,3.66,10.43,
2022-02-02 03:00:00,21.59,1.81,3.34,8.77,
2022-02-02 04:00:00,17.25,1.75,3.85,5.78,
2022-02-02 05:00:00,24.23,1.77,3.97,4.14,
2022-02-02 06:00:00,19.56,1.84,4.95,2.7,
2022-02-02 07:00:00,19.77,2.06,5.41,3.06,
2022-02-02 08:00:00,25.68,2.15,8.54,5.73,
2022-02-02 09:00:00,21.73,2.11,8.3,16.54,
2022-02-02 10:00:00,27.09,3.15,5.61,39.1,
2022-02-02 11:00:00,24.83,4.0,4.09,60.1,
2022-02-02 12:00:00,18.08,3.67,4.57,74.16,
2022-02-02 13:00:00,12.94,3.33,3.88,90.17,
2022-02-02 14:00:00,6,2.73,2.89,94.37,
2022-02-02 15:00:00,6,2.54,1.33,81.63,
2022-02-02 16:00:00,15.15,2.01,1.92,77.67,
2022-02-02 17:00:00,12.71,2.03,2.06,64.19,
2022-02-02 18:00:00,14.74,2.26,1.65,55.48,
2022-02-02 19:00:00,30.6,2.03,2.1,45.8,
2022-02-02 20:00:00,37.78,1.86,3.0,35.53,
2022-02-02 21:00:00,32.75,1.8,4.44,25.02,
2022-02-02 22:00:00,38.58,1.77,5.11,22.84,
2022-02-02 23:00:00,42.12,1.89,4.04,21.97,
2022-02-03 00:00:00,30.03,1.81,2.7,21.76,
2022-02-03 01:00:00,35.81,1.59,2.89,19.6,
2022-02-03 02:00:00,21.76,1.69,2.3,19.28,
2022-02-03 03:00:00,26.25,1.66,2.73,12.93,
2022-02-03 04:00:00,20.07,1.73,3.78,9.18,
2022-02-03 05:00:00,14.97,1.74,4.69,8.21,
2022-02-03 06:00:00,23.04,1.82,5.81,3.52,
2022-02-03 07:00:00,21.74,2.18,9.85,4.54,
2022-02-03 08:00:00,23.25,2.04,12.4,9.34,
2022-02-03 09:00:00,22.17,1.8,8.39,33.87,
2022-02-03 10:00:00,22.62,1.91,6.88,60.57,
2022-02-03 11:00:00,22.86,1.88,6.69,69.35,
2022-02-03 12:00:00,14.97,2.37,6.06,76.04,
2022-02-03 13:00:00,6,7.94,8.79,73.17,
2022-02-03 14:00:00,6,19.64,7.82,79.76,
2022-02-03 15:00:00,6,17.09,7.23,96.56,
2022-02-03 16:00:00,18.42,10.92,4.1,113.0,
2022-02-03 17:00:00,21.67,5.53,7.59,86.78,
2022-02-03 18:00:00,29.94,3.09,8.18,65.61,
2022-02-03 19:00:00,40.17,2.93,11.19,55.14,
2022-02-03 20:00:00,55.99,2.66,10.84,43.56,
2022-02-03 21:00:00,39.79,2.18,9.99,35.64,
2022-02-03 22:00:00,54.09,2.06,16.1,19.98,
2022-02-03 23:00:00,60.41,2.15,13.24,17.06,
2022-02-04 00:00:00,46.72,1.82,5.07,23.13,
2022-02-04 01:00:00,45.25,1.76,2.86,26.82,
2022-02-04 02:00:00,36.93,1.79,2.15,22.18,
2022-02-04 03:00:00,34.6,1.9,1.85,19.13,
2022-02-04 04:00:00,28.19,2.23,4.06,19.41,
2022-02-04 05:00:00,29.64,2.36,2.2,21.74,
2022-02-04 06:00:00,34.03,2.1,6.02,14.0,
2022-02-04 07:00:00,20.57,1.91,9.84,8.77,
2022-02-04 08:00:00,25.06,1.73,13.4,9.23,
2022-02-04 09:00:00,26.48,1.62,17.6,15.49,
2022-02-04 10:00:00,22.48,1.68,15.17,25.71,
2022-02-04 11:00:00,22.8,2.21,9.01,28.61,
2022-02-04 12:00:00,25.6,1.89,7.75,38.63,
2022-02-04 13:00:00,15.59,1.78,4.84,44.58,
2022-02-04 14:00:00,6,2.27,6.66,39.97,
2022-02-04 15:00:00,6,4.8,7.06,43.8,
2022-02-04 16:00:00,6,12.76,4.89,51.16,
2022-02-04 17:00:00,6,13.75,11.83,38.81,
2022-02-04 18:00:00,6,15.2,6.44,47.42,
2022-02-04 19:00:00,6,9.44,7.08,44.89,
2022-02-04 20:00:00,6,5.45,6.83,51.08,
2022-02-04 21:00:00,6,3.92,5.34,45.05,
2022-02-04 22:00:00,18.22,2.99,4.36,39.01,
2022-02-04 23:00:00,31.8,2.56,5.85,33.07,
2022-02-05 00:00:00,20.58,2.41,5.82,28.65,
2022-02-05 01:00:00,19.28,2.03,6.08,17.88,
2022-02-05 02:00:00,30.83,1.99,2.81,19.09,
2022-02-05 03:00:00,34.93,1.94,8.37,7.78,
2022-02-05 04:00:00,30.05,1.91,10.03,6.21,
2022-02-05 05:00:00,38.69,1.74,9.14,8.84,
2022-02-05 06:00:00,36.12,1.88,7.58,7.41,
2022-02-05 07:00:00,45.46,1.98,12.72,6.27,
2022-02-05 08:00:00,33.56,1.82,8.08,12.43,
2022-02-05 09:00:00,24.6,1.69,6.79,23.0,
2022-02-05 10:00:00,23.66,1.98,7.21,28.67,
2022-02-05 11:00:00,28.61,2.26,5.94,43.98,
2022-02-05 12:00:00,15.87,2.21,4.24,65.32,
2022-02-05 13:00:00,6,1.89,2.7,58.37,
2022-02-05 14:00:00,6,1.86,8.48,53.46,
2022-02-05 15:00:00,6,1.84,6.25,53.79,
2022-02-05 16:00:00,6,2.15,5.19,50.24,
2022-02-05 17:00:00,21.14,2.15,1.5,54.13,
2022-02-05 18:00:00,19.02,2.08,7.64,47.72,
2022-02-05 19:00:00,6,1.55,6.51,38.88,
2022-02-05 20:00:00,6,1.59,12.89,27.82,
2022-02-05 21:00:00,14.55,1.69,11.63,23.88,
2022-02-05 22:00:00,30.9,1.83,10.65,28.78,
2022-02-05 23:00:00,35.15,1.64,8.09,28.71,
2022-02-06 00:00:00,39.49,1.63,8.85,20.73,
2022-02-06 01:00:00,20.76,1.68,4.87,27.65,
2022-02-06 02:00:00,13.11,1.69,5.4,31.57,
2022-02-06 03:00:00,15.66,1.67,3.29,26.86,
2022-02-06 04:00:00,25.52,1.69,2.56,24.53,
2022-02-06 05:00:00,32.55,1.7,3.56,18.3,
2022-02-06 06:00:00,28.01,1.74,5.76,16.66,
2022-02-06 07:00:00,17.37,1.72,7.58,12.06,
2022-02-06 08:00:00,21.77,1.74,6.92,14.14,
2022-02-06 09:00:00,28.38,1.64,2.02,31.43,
2022-02-06 10:00:00,20.8,1.63,1.91,36.69,
2022-02-06 11:00:00,6,1.65,3.4,52.46,
2022-02-06 12:00:00,6,1.62,2.82,52.01,
2022-02-06 13:00:00,6,1.91,5.24,54.45,
2022-02-06 14:00:00,6,2.34,4.03,47.05,
2022-02-06 15:00:00,6,2.26,2.63,49.57,
2022-02-06 16:00:00,6,1.99,1.28,51.33,
2022-02-06 17:00:00,6,2.04,2.49,49.04,
2022-02-06 18:00:00,6,1.89,3.65,46.07,
2022-02-06 19:00:00,6,1.84,4.92,42.65,
2022-02-06 20:00:00,6,2.17,10.23,30.81,
2022-02-06 21:00:00,6,2.3,14.12,24.17,
2022-02-06 22:00:00,6,8.8,15.95,19.02,
2022-02-06 23:00:00,6,26.49,22.98,10.36,
2022-02-07 00:00:00,6,10.74,12.11,13.32,
2022-02-07 01:00:00,6,5.83,8.13,15.68,
2022-02-07 02:00:00,6,5.53,8.21,11.54,
2022-02-07 03:00:00,6,4.8,9.9,8.89,
2022-02-07 04:00:00,6,4.02,11.55,6.76,
2022-02-07 05:00:00,6,3.11,9.8,8.53,
2022-02-07 06:00:00,6,2.8,11.03,5.32,
2022-02-07 07:00:00,6,2.74,15.03,12.8,
2022-02-07 08:00:00,18.08,2.74,15.84,20.4,
2022-02-07 09:00:00,12.64,3.21,7.81,33.18,
2022-02-07 10:00:00,6,3.01,5.75,42.41,
2022-02-07 11:00:00,6,2.88,4.44,46.29,
2022-02-07 12:00:00,6,2.82,4.79,46.81,
2022-02-07 13:00:00,6,2.6,3.89,49.22,
2022-02-07 14:00:00,6,2.55,4.07,50.62,
2022-02-07 15:00:00,6,2.18,2.63,51.75,
2022-02-07 16:00:00,6,2.57,3.09,54.94,
2022-02-07 17:00:00,6,2.78,5.11,51.16,
2022-02-07 18:00:00,6,2.95,8.61,43.67,
2022-02-07 19:00:00,6,2.32,13.47,30.32,
2022-02-07 20:00:00,6,2.26,20.23,20.28,
2022-02-07 21:00:00,20.88,2.12,23.07,13.43,
2022-02-07 22:00:00,35.39,2.05,20.06,13.85,
2022-02-07 23:00:00,21.84,2.01,6.39,23.4,
2022-02-08 00:00:00,20.67,1.92,3.12,25.06,
2022-02-08 01:00:00,14.6,1.94,1.2,24.47,
2022-02-08 02:00:00,13.57,1.86,0.95,22.47,
2022-02-08 03:00:00,6,1.83,1.28,19.92,
2022-02-08 04:00:00,6,1.88,1.2,19.5,
2022-02-08 05:00:00,19.86,1.88,2.49,17.21,
2022-02-08 06:00:00,21.89,1.93,12.04,4.36,
2022-02-08 07:00:00,21.01,2.19,15.29,6.17,
2022-02-08 08:00:00,19.9,2.05,10.91,15.68,
2022-02-08 09:00:00,16.95,1.99,4.08,25.56,
2022-02-08 10:00:00,16.53,2.2,1.37,31.22,
2022-02-08 11:00:00,16.04,1.76,0.47,33.77,
2022-02-08 12:00:00,14.37,1.82,0.47,37.53,
2022-02-08 13:00:00,6,1.6,0.47,40.32,
2022-02-08 14:00:00,6,1.62,2.39,43.3,
2022-02-08 15:00:00,6,1.81,1.77,49.41,
2022-02-08 16:00:00,6,1.82,1.31,39.82,
2022-02-08 17:00:00,6,2.11,0.94,38.5,
2022-02-08 18:00:00,27.37,1.85,1.85,35.16,
2022-02-08 19:00:00,26.49,1.81,5.13,30.03,
2022-02-08 20:00:00,27.58,1.78,4.29,30.04,
2022-02-08 21:00:00,29.75,1.9,7.7,19.88,
2022-02-08 22:00:00,26.9,1.99,8.07,14.61,
2022-02-08 23:00:00,31.31,1.93,8.09,12.2,
2022-02-09 00:00:00,32.91,1.89,5.71,15.06,
2022-02-09 01:00:00,20.64,1.96,5.93,7.42,
2022-02-09 02:00:00,23.75,1.9,5.48,6.01,
2022-02-09 03:00:00,21.03,1.83,5.91,3.6,
2022-02-09 04:00:00,23.74,1.89,4.62,5.28,
2022-02-09 05:00:00,13.37,1.87,4.39,4.25,
2022-02-09 06:00:00,6,2.11,4.19,3.45,
2022-02-09 07:00:00,15.15,2.28,7.14,3.13,
2022-02-09 08:00:00,17.9,2.01,9.92,9.64,
2022-02-09 09:00:00,33.32,1.96,8.11,17.69,
2022-02-09 10:00:00,34.41,2.02,3.64,26.49,
2022-02-09 11:00:00,21.9,1.94,2.32,36.39,
2022-02-09 12:00:00,12.69,1.85,1.98,43.56,
2022-02-09 13:00:00,6,1.77,1.59,51.16,
2022-02-09 14:00:00,6,1.69,1.49,54.07,
2022-02-09 15:00:00,6,1.68,3.44,47.23,
2022-02-09 16:00:00,6,1.65,1.64,44.02,
2022-02-09 17:00:00,6,1.73,1.71,38.65,
2022-02-09 18:00:00,6,1.58,2.23,33.72,
2022-02-09 19:00:00,6,1.77,3.91,31.49,
2022-02-09 20:00:00,20.9,1.8,3.72,28.61,
2022-02-09 21:00:00,40.99,1.86,3.56,27.28,
2022-02-09 22:00:00,23.14,1.82,3.27,24.85,
2022-02-09 23:00:00,24.9,1.77,3.8,21.52,
2022-02-10 00:00:00,30.91,1.8,4.85,17.41,
2022-02-10 01:00:00,17.01,1.86,5.03,14.95,
2022-02-10 02:00:00,6,1.74,4.57,13.36,
2022-02-10 03:00:00,6,1.78,4.43,10.45,
2022-02-10 04:00:00,6,1.73,3.75,9.0,
2022-02-10 05:00:00,6,1.74,3.98,9.4,
2022-02-10 06:00:00,6,1.82,5.87,6.52,
2022-02-10 07:00:00,17.05,2.12,8.31,5.34,
2022-02-10 08:00:00,13.97,1.92,6.71,10.91,
2022-02-10 09:00:00,,2.14,5.27,21.77,
2022-02-10 10:00:00,,2.65,3.84,,
2022-02-10 11:00:00,,185.2,2.94,43.47,
2022-02-10 12:00:00,6,3.13,3.26,51.82,
2022-02-10 13:00:00,6,2.9,2.58,60.41,
2022-02-10 14:00:00,6,2.73,3.17,69.44,
2022-02-10 15:00:00,6,3.0,1.73,69.13,
2022-02-10 16:00:00,6,2.54,0.94,64.57,
2022-02-10 17:00:00,6,2.82,1.91,57.94,
2022-02-10 18:00:00,24.65,2.93,2.28,44.52,
2022-02-10 19:00:00,28.96,2.94,4.14,33.86,
2022-02-10 20:00:00,22.76,2.58,7.62,21.08,
2022-02-10 21:00:00,30.09,2.62,7.99,20.68,
2022-02-10 22:00:00,35.18,2.35,4.77,20.88,
2022-02-10 23:00:00,36.17,2.39,5.7,18.3,
2022-02-11 00:00:00,37.88,2.35,6.29,13.82,
2022-02-11 01:00:00,23.76,2.24,5.77,10.14,
2022-02-11 02:00:00,27.72,2.12,4.73,11.01,
2022-02-11 03:00:00,15.11,2.16,3.89,7.42,
2022-02-11 04:00:00,6,2.1,4.5,5.33,
2022-02-11 05:00:00,6,2.27,4.39,4.32,
2022-02-11 06:00:00,16.5,2.34,5.87,0.98,
2022-02-11 07:00:00,,,,,
2022-02-11 08:00:00,,,,,
2022-02-11 09:00:00,,,,,
2022-02-11 10:00:00,,,,,
2022-02-11 11:00:00,,,,,
2022-02-11 12:00:00,,,,,
2022-02-11 13:00:00,,,,,
2022-02-11 14:00:00,,,,,
2022-02-11 15:00:00,,,,,
2022-02-11 16:00:00,,,,,
2022-02-11 17:00:00,,,,,
2022-02-11 18:00:00,,,,,
2022-02-11 19:00:00,,,,,
2022-02-11 20:00:00,,,,,
2022-02-11 21:00:00,,,,,
2022-02-11 22:00:00,,,,,
2022-02-11 23:00:00,,,,,
2022-02-12 00:00:00,,,,,
2022-05-21 01:00:00,,,,,
2022-05-21 02:00:00,,,,,
2022-05-21 03:00:00,,,,,
2022-05-21 04:00:00,,,,,
2022-05-21 05:00:00,,,,,
2022-05-21 06:00:00,,,,,
2022-05-21 07:00:00,,,,,
2022-05-21 08:00:00,,,,,
2022-05-21 09:00:00,,,,,
2022-05-21 10:00:00,,,,,
2022-05-21 11:00:00,,,,,
2022-05-21 12:00:00,,,,,
2022-05-21 13:00:00,,,,,
2022-05-21 14:00:00,,,,,
2022-05-21 15:00:00,,,,,
2022-05-21 16:00:00,,,,,
2022-05-21 17:00:00,,,,,
2022-05-21 18:00:00,,,,,
2022-05-21 19:00:00,,,,,
2022-05-21 20:00:00,,,,,
2022-05-21 21:00:00,,,,,
2022-05-21 22:00:00,,,,,
2022-05-21 23:00:00,,,,,
2022-05-22 00:00:00,,,,,
2022-05-22 01:00:00,,,,,
2022-05-22 02:00:00,,,,,
2022-05-22 03:00:00,,,,,
2022-05-22 04:00:00,,,,,
2022-05-22 05:00:00,,,,,
2022-05-22 06:00:00,,,,,
2022-05-22 07:00:00,,,,,
2022-05-22 08:00:00,,,,,
2022-05-22 09:00:00,,,,,
2022-05-22 10:00:00,,,,,
2022-05-22 11:00:00,,,,,
2022-05-22 12:00:00,,,,,
2022-05-22 13:00:00,,,,,
2022-05-22 14:00:00,,,,,
2022-05-22 15:00:00,,,,,
2022-05-22 16:00:00,,,,,
2022-05-22 17:00:00,,,,,
2022-05-22 18:00:00,,,,,
2022-05-22 19:00:00,,,,,
2022-05-22 20:00:00,,,,,
2022-05-22 21:00:00,,,,,
2022-05-22 22:00:00,,,,,
2022-05-22 23:00:00,,,,,
2022-05-23 00:00:00,,,,,
2022-05-23 01:00:00,,,,,
2022-05-23 02:00:00,,,,,
2022-05-23 03:00:00,,,,,
2022-05-23 04:00:00,,,,,
2022-05-23 05:00:00,,,,,
2022-05-23 06:00:00,,,,,
2022-05-23 07:00:00,,,,,
2022-05-23 08:00:00,,,,,
2022-05-23 09:00:00,,,,,
2022-05-23 10:00:00,,,,,
2022-05-23 11:00:00,,,,,
2022-05-23 12:00:00,,,,,
2022-05-23 13:00:00,,,,,
2022-05-23 14:00:00,,,,,
2022-05-23 15:00:00,,,,,
2022-05-23 16:00:00,,,,,
2022-05-23 17:00:00,,,,,
2022-05-23 18:00:00,,,,,
2022-05-23 19:00:00,,,,,
2022-05-23 20:00:00,,,,,
2022-05-23 21:00:00,,,,,
2022-05-23 22:00:00,,,,,
2022-05-23 23:00:00,,,,,2.725
2022-05-24 00:00:00,,3.7,30.6,0.98,2.985
2022-05-24 01:00:00,,3.3,23.0,0.98,1.845
2022-05-24 02:00:00,,3.3,23.4,0.98,2.195
2022-05-24 03:00:00,,3.3,21.5,0.98,2.1725
2022-05-24 04:00:00,,3.3,17.5,,1.87
2022-05-24 05:00:00,,3.3,20.5,,1.9275
2022-05-24 06:00:00,,3.3,29.7,0.98,2.07
2022-05-24 07:00:00,,3.9,51.7,0.98,2.855
2022-05-24 08:00:00,,4.9,71.7,0.98,4.6
2022-05-24 09:00:00,,4.4,65.8,0.98,3.48
2022-05-24 10:00:00,,4.2,88.9,4.1,3.4475
2022-05-24 11:00:00,,31.3,102.1,5.6,3.54
2022-05-24 12:00:00,,80.3,42.2,47.8,1.9775
2022-05-24 13:00:00,,16.3,23.6,78.2,1.65
2022-05-24 14:00:00,,7.0,21.7,82.5,1.6675
2022-05-24 15:00:00,,6.9,26.3,87.8,1.4225
2022-05-24 16:00:00,,12.8,21.0,95.9,1.35
2022-05-24 17:00:00,,6.3,29.0,98.8,1.465
2022-05-24 18:00:00,,4.8,55.6,57.9,1.9575
2022-05-24 19:00:00,,4.7,68.7,8.3,2.68
2022-05-24 20:00:00,,4.1,46.7,10.2,
2022-05-24 21:00:00,,3.7,50.7,6.1,
2022-05-24 22:00:00,,4.4,52.3,2.9,3.696666667
2022-05-24 23:00:00,,4.2,42.8,2.4,3.54
2022-05-25 00:00:00,,4.0,39.3,2.2,3.185
2022-05-25 01:00:00,,3.6,27.7,2.1,2.145
2022-05-25 02:00:00,,,23.1,2.0,2.05
2022-05-25 03:00:00,,3.4,19.4,2.0,2.0225
2022-05-25 04:00:00,,3.5,13.1,2.0,1.945
2022-05-25 05:00:00,,3.4,19.9,0.98,1.9
2022-05-25 06:00:00,,3.5,27.4,0.98,1.81
2022-05-25 07:00:00,,5.1,80.0,2.3,3.5775
2022-05-25 08:00:00,,6.0,87.1,2.7,5.77
2022-05-25 09:00:00,,4.9,64.7,2.6,4.2425
2022-05-25 10:00:00,,3.3,26.7,35.0,1.75
2022-05-25 11:00:00,,3.6,21.6,51.9,1.6775
2022-05-25 12:00:00,,3.5,27.3,72.1,1.65
2022-05-25 13:00:00,,3.5,20.4,76.2,1.7425
2022-05-25 14:00:00,,3.4,14.6,76.0,1.5025
2022-05-25 15:00:00,,3.3,20.1,78.6,1.5125
2022-05-25 16:00:00,,3.3,24.2,71.2,1.56
2022-05-25 17:00:00,,7.2,53.2,46.3,1.7725
2022-05-25 18:00:00,,9.0,97.8,14.1,4.1525
2022-05-25 19:00:00,,6.8,91.1,3.0,4.3325
2022-05-25 20:00:00,,6.9,82.2,2.9,4.44
2022-05-25 21:00:00,,4.5,15.0,36.7,1.725
2022-05-25 22:00:00,,3.8,13.8,55.6,1.4575
2022-05-25 23:00:00,,3.5,21.4,50.2,1.57
2022-05-26 00:00:00,,3.5,20.3,25.2,1.465
2022-05-26 01:00:00,,3.5,9.5,41.8,1.27
2022-05-26 02:00:00,,3.4,16.0,23.4,1.495
2022-05-26 03:00:00,,3.3,19.2,15.1,1.61
2022-05-26 04:00:00,,3.3,11.0,22.8,1.46
2022-05-26 05:00:00,,3.3,11.5,37.3,1.455
2022-05-26 06:00:00,,3.4,20.6,24.4,1.6
2022-05-26 07:00:00,,3.3,24.4,21.9,1.795
2022-05-26 08:00:00,,3.7,39.8,4.4,2.81
2022-05-26 09:00:00,,3.6,45.1,3.1,2.2825
2022-05-26 10:00:00,,3.5,41.1,4.0,2.25
2022-05-26 11:00:00,,3.3,40.2,6.5,1.9825
2022-05-26 12:00:00,,3.5,39.9,7.5,2.14
2022-05-26 13:00:00,,5.4,33.7,15.2,2.0475
2022-05-26 14:00:00,,12.0,38.5,19.4,1.9325
2022-05-26 15:00:00,,9.8,37.7,21.7,1.8925
2022-05-26 16:00:00,,7.8,35.5,23.5,1.9575
2022-05-26 17:00:00,,7.0,27.9,19.4,1.8325
2022-05-26 18:00:00,,5.5,26.8,9.8,1.755
2022-05-26 19:00:00,,4.7,28.4,5.1,1.8275
2022-05-26 20:00:00,,4.0,28.4,4.4,1.89
2022-05-26 21:00:00,,3.7,15.2,9.4,1.63
2022-05-26 22:00:00,,3.5,12.5,15.7,1.4675
2022-05-26 23:00:00,,3.4,12.1,15.2,1.4975
2022-05-27 00:00:00,,3.2,8.9,18.0,2.5075
2022-05-27 01:00:00,,3.0,7.8,20.4,1.375
2022-05-27 02:00:00,,3.0,7.3,14.4,1.315
2022-05-27 03:00:00,,3.0,7.8,13.2,1.3875
2022-05-27 04:00:00,,3.1,11.3,6.5,1.535
2022-05-27 05:00:00,,2.8,11.3,5.1,1.4775
2022-05-27 06:00:00,,3.0,17.9,3.6,1.6175
2022-05-27 07:00:00,,3.1,20.5,2.8,1.54
2022-05-27 08:00:00,,3.4,34.6,3.7,2.6125
2022-05-27 09:00:00,,3.6,35.6,2.9,2.6475
2022-05-27 10:00:00,,3.5,34.5,3.6,2.0675
2022-05-27 11:00:00,,4.0,41.8,4.1,2.2
2022-05-27 12:00:00,,3.6,61.2,6.2,2.5825
2022-05-27 13:00:00,,3.9,49.1,8.5,2.3425
2022-05-27 14:00:00,,3.8,32.3,9.7,1.6825
2022-05-27 15:00:00,,4.5,24.3,18.3,1.755
2022-05-27 16:00:00,,4.4,25.3,21.9,1.645
2022-05-27 17:00:00,,4.3,37.5,9.5,1.905
2022-05-27 18:00:00,,4.4,46.3,9.3,2.53
2022-05-27 19:00:00,,,61.8,4.0,3.5875
2022-05-27 20:00:00,,4.7,48.5,3.2,3.1575
2022-05-27 21:00:00,,4.5,62.4,3.2,4.2525
2022-05-27 22:00:00,,5.1,65.7,4.2,5.85
2022-05-27 23:00:00,,5.1,67.8,4.0,6.1175
2022-05-28 00:00:00,,4.9,60.6,3.8,5.9775
2022-05-28 01:00:00,,4.5,42.9,3.1,2.79
2022-05-28 02:00:00,,4.5,40.1,2.7,2.605
2022-05-28 03:00:00,,4.4,38.6,2.9,2.785
2022-05-28 04:00:00,,4.3,38.8,3.0,2.8675
2022-05-28 05:00:00,,3.9,37.0,2.9,2.4225
2022-05-28 06:00:00,,3.5,35.3,2.7,2.04
2022-05-28 07:00:00,,3.7,35.3,2.8,2.175
2022-05-28 08:00:00,,3.1,21.4,4.4,1.3375
2022-05-28 09:00:00,,2.9,15.3,5.4,1.28
2022-05-28 10:00:00,,2.5,11.7,15.1,0.975
2022-05-28 11:00:00,,2.6,10.2,16.5,0.9675
2022-05-28 12:00:00,,2.6,11.1,26.4,0.9025
2022-05-28 13:00:00,,2.8,9.1,30.7,0.9975
2022-05-28 14:00:00,,2.7,8.4,32.8,1.0425
2022-05-28 15:00:00,,2.6,9.1,36.8,0.915
2022-05-28 16:00:00,,2.7,10.7,30.8,1.0175
2022-05-28 17:00:00,,,30.5,,1.0275
2022-05-28 18:00:00,,3.0,18.8,8.6,2.015
2022-05-28 19:00:00,,2.8,21.7,0.98,2.23
2022-05-28 20:00:00,,3.0,21.5,0.98,2.465
2022-05-28 21:00:00,,2.7,18.0,3.0,2.1875
2022-05-28 22:00:00,,2.9,22.6,0.98,2.515
2022-05-28 23:00:00,,3.2,18.6,0.98,2.8
2022-05-29 00:00:00,,3.0,20.9,0.98,2.8575
2022-05-29 01:00:00,,3.4,18.1,0.98,2.1175
2022-05-29 02:00:00,,3.1,16.3,0.98,1.895
2022-05-29 03:00:00,,3.1,11.1,0.98,1.73
2022-05-29 04:00:00,,2.8,9.0,21.9,1.2875
2022-05-29 05:00:00,,3.1,12.5,12.6,1.515
2022-05-29 06:00:00,,2.9,11.1,9.8,1.335
2022-05-29 07:00:00,,3.2,14.6,8.5,1.27
2022-05-29 08:00:00,,3.5,12.1,6.2,1.2425
2022-05-29 09:00:00,,3.4,16.5,4.6,1.345
2022-05-29 10:00:00,,3.0,12.5,9.9,1.575
2022-05-29 11:00:00,,3.0,9.5,20.2,1.49
2022-05-29 12:00:00,,3.1,9.9,15.5,1.94
2022-05-29 13:00:00,,3.1,9.9,21.0,1.835
2022-05-29 14:00:00,,3.5,9.0,22.8,2.4425
2022-05-29 15:00:00,,3.5,6.9,31.4,1.5075
2022-05-29 16:00:00,,3.4,6.9,34.1,1.2375
2022-05-29 17:00:00,,3.0,6.8,31.4,1.2225
2022-05-29 18:00:00,,2.8,6.4,34.5,1.19
2022-05-29 19:00:00,,2.7,9.3,33.5,1.19
2022-05-29 20:00:00,,2.8,12.4,24.4,1.405
2022-05-29 21:00:00,,2.7,9.4,24.1,1.3475
2022-05-29 22:00:00,,2.7,9.6,27.4,1.3325
2022-05-29 23:00:00,,3.2,12.2,16.7,1.36
2022-05-30 00:00:00,,3.3,11.7,10.1,1.37
2022-05-30 01:00:00,,3.2,9.4,9.7,1.425
2022-05-30 02:00:00,,3.3,6.7,19.4,1.2475
2022-05-30 03:00:00,,3.3,4.8,24.3,1.1575
2022-05-30 04:00:00,,3.2,5.3,26.4,1.155
2022-05-30 05:00:00,,3.5,5.8,18.6,1.1675
2022-05-30 06:00:00,,,6.9,17.9,1.1325
2022-05-30 07:00:00,,3.4,13.3,14.5,1.3025
2022-05-30 08:00:00,,3.2,20.2,3.8,1.625
2022-05-30 09:00:00,,3.1,18.8,4.6,1.7525
2022-05-30 10:00:00,,3.2,17.6,9.4,1.335
2022-05-30 11:00:00,,3.9,14.5,18.4,1.34
2022-05-30 12:00:00,,3.4,16.2,22.7,1.38
2022-05-30 13:00:00,,3.5,17.5,26.5,1.405
2022-05-30 14:00:00,,4.4,10.9,35.4,1.22
2022-05-30 15:00:00,,4.7,15.2,38.7,1.3475
2022-05-30 16:00:00,,3.4,6.9,43.1,1.1225
2022-05-30 17:00:00,,3.4,13.0,40.1,1.11
2022-05-30 18:00:00,,3.4,17.3,25.6,1.235
2022-05-30 19:00:00,,3.3,19.2,17.8,1.2775
2022-05-30 20:00:00,,4.3,23.0,12.7,1.3725
2022-05-30 21:00:00,,3.8,23.7,8.0,1.495
2022-05-30 22:00:00,,3.3,23.0,0.98,1.995
2022-05-30 23:00:00,,2.9,22.4,0.98,2.03
2022-05-31 00:00:00,,2.5,17.8,0.98,1.6225
2022-05-31 01:00:00,,2.6,14.2,3.0,1.3825
2022-05-31 02:00:00,,8.1,9.7,0.98,1.3575
2022-05-31 03:00:00,,4.3,12.1,5.3,1.245
2022-05-31 04:00:00,,6.3,15.3,0.98,1.3075
2022-05-31 05:00:00,,14.2,15.4,3.6,1.235
2022-05-31 06:00:00,,13.2,21.5,0.98,1.635
2022-05-31 07:00:00,,6.5,38.6,0.98,2.03
2022-05-31 08:00:00,,5.1,50.9,0.98,3.69
2022-05-31 09:00:00,,4.5,28.4,2.7,1.985
2022-05-31 10:00:00,,30.8,20.6,17.7,1.69
2022-05-31 11:00:00,,65.4,16.4,15.5,1.6525
2022-05-31 12:00:00,,76.7,10.8,24.8,1.52
2022-05-31 13:00:00,,6.7,11.3,34.3,1.3025
2022-05-31 14:00:00,,4.6,7.3,42.5,1.2225
2022-05-31 15:00:00,,4.8,8.5,53.7,1.2375
2022-05-31 16:00:00,,3.8,6.5,46.0,1.3
2022-05-31 17:00:00,,3.4,14.9,44.4,1.2925
2022-05-31 18:00:00,,4.1,53.5,14.6,2.3
2022-05-31 19:00:00,,4.5,43.3,0.98,2.94
2022-05-31 20:00:00,,4.2,40.4,0.98,2.77
2022-05-31 21:00:00,,3.8,30.2,0.98,2.2975
2022-05-31 22:00:00,,3.4,24.2,0.98,2.5775
2022-05-31 23:00:00,,3.4,22.6,0.98,2.895
2022-06-15 01:00:00,,,19.5,0.98,2.37
2022-06-15 02:00:00,,,14.7,0.98,2.16
2022-06-15 03:00:00,,,10.9,0.98,1.65
2022-06-15 04:00:00,,,8.3,0.98,1.44
2022-06-15 05:00:00,,,8.3,0.98,1.27
2022-06-15 06:00:00,,,10.1,0.98,1.3
2022-06-15 07:00:00,,,15.5,,1.83
2022-06-15 08:00:00,,,21.2,,2.41
2022-06-15 09:00:00,,,45.0,,2.14
2022-06-15 10:00:00,,,98.4,0.98,2.4
2022-06-15 11:00:00,,,54.2,3.1,1.7
2022-06-15 12:00:00,,,33.3,3.0,1.43
2022-06-15 13:00:00,,,22.5,24.1,1.29
2022-06-15 14:00:00,,,11.2,19.2,1.15
2022-06-15 15:00:00,,,18.9,45.8,1.1
2022-06-15 16:00:00,,,12.7,22.9,1.14
2022-06-15 17:00:00,,,25.0,28.8,1.25
2022-06-15 18:00:00,,,50.0,0.98,2.73
2022-06-15 19:00:00,,,46.7,0.98,2.3
2022-06-15 20:00:00,,,44.5,0.98,2.53
2022-06-15 21:00:00,,,35.0,0.98,2.8
2022-06-15 22:00:00,,,28.2,0.98,2.2
2022-06-15 23:00:00,,,22.9,0.98,2.06
2022-06-16 00:00:00,,,18.5,0.98,2.3
2022-06-16 01:00:00,,,14.7,0.98,2.11
2022-06-16 02:00:00,,,13.8,0.98,1.93
2022-06-16 03:00:00,,,13.2,0.98,2.13
2022-06-16 04:00:00,,,11.9,0.98,1.96
2022-06-16 05:00:00,,,10.6,0.98,1.88
2022-06-16 06:00:00,,,10.6,0.98,1.68
2022-06-16 07:00:00,,,10.2,0.98,1.65
2022-06-16 08:00:00,,,13.9,0.98,1.82
2022-06-16 09:00:00,,,31.4,0.98,1.87
2022-06-16 10:00:00,,,35.7,9.6,2.01
2022-06-16 11:00:00,,,32.1,34.5,1.86
2022-06-16 12:00:00,,,79.0,86.8,1.99
2022-06-16 13:00:00,,,31.0,31.3,1.71
2022-06-16 14:00:00,,,30.3,21.6,1.65
2022-06-16 15:00:00,,,20.3,44.5,1.54
2022-06-16 16:00:00,,,24.8,54.7,1.66
2022-06-16 17:00:00,,,39.1,61.0,2.02
2022-06-16 18:00:00,,,50.3,2.5,3.03
2022-06-16 19:00:00,,,52.1,2.9,2.94
2022-06-16 20:00:00,,,43.9,3.1,2.75
2022-06-16 21:00:00,,,31.0,3.9,2.84
2022-06-16 22:00:00,,,24.2,2.7,2.33
2022-06-16 23:00:00,,,18.0,0.98,2
2022-06-17 00:00:00,,,21.2,0.98,2.38
2022-06-17 01:00:00,,,21.3,0.98,2.43
2022-06-17 02:00:00,,,15.3,0.98,1.86
2022-06-17 03:00:00,,,10.3,6.0,1.25
2022-06-17 04:00:00,,,7.9,5.7,1.23
2022-06-17 05:00:00,,,7.7,4.1,1.22
2022-06-17 06:00:00,,,13.0,6.4,1.26
2022-06-17 07:00:00,,,18.8,0.98,1.3
2022-06-17 08:00:00,,,21.2,0.98,1.6
2022-06-17 09:00:00,,,18.2,0.98,1.29
2022-06-17 10:00:00,,,22.1,0.98,1.45
2022-06-17 11:00:00,,,25.0,0.98,1.72
2022-06-17 12:00:00,,,17.2,2.2,1.51
2022-06-17 13:00:00,,,17.8,6.2,1.38
2022-06-17 14:00:00,,,20.8,33.0,1.32
2022-06-17 15:00:00,,,10.5,6.3,1.14
2022-06-17 16:00:00,,,9.5,16.2,1.05
2022-06-17 17:00:00,,,8.9,20.6,1.06
2022-06-17 18:00:00,,,14.7,21.1,1.13
2022-06-17 19:00:00,,,27.6,3.1,1.51
2022-06-17 20:00:00,,,12.0,6.5,1.13
2022-06-17 21:00:00,,,10.6,13.0,1.08
2022-06-17 22:00:00,,,7.0,20.1,1
2022-06-17 23:00:00,,,5.2,19.0,0.97
2022-06-18 00:00:00,,,2.9,28.1,0.9
2022-06-18 01:00:00,,,5.0,30.1,1.14
2022-06-18 02:00:00,,,7.9,20.6,1.19
2022-06-18 03:00:00,,,4.6,17.0,1.2
2022-06-18 04:00:00,,,2.2,23.2,1.13
2022-06-18 05:00:00,,,4.9,22.6,1.12
2022-06-18 06:00:00,,,7.9,16.3,1.12
2022-06-18 07:00:00,,,14.1,11.9,1.18
2022-06-18 08:00:00,,,14.3,2.7,1.21
2022-06-18 09:00:00,,,10.9,6.7,1.24
2022-06-18 10:00:00,,,11.3,12.5,1.24
2022-06-18 11:00:00,,,5.6,21.8,1.19
2022-06-18 12:00:00,,,4.5,39.4,1.15
2022-06-18 13:00:00,,,4.0,42.4,1.15
2022-06-18 14:00:00,,,4.4,43.4,1.14
2022-06-18 15:00:00,,,4.1,47.3,1.13
2022-06-18 16:00:00,,,4.7,45.9,1.23
2022-06-18 17:00:00,,,12.5,45.5,1.16
2022-06-18 18:00:00,,,17.4,21.2,1.33
2022-06-18 19:00:00,,,27.2,6.6,1.72
2022-06-18 20:00:00,,,28.1,0.98,3.02
2022-06-18 21:00:00,,,23.5,2.2,2.78
2022-06-18 22:00:00,,,23.7,0.98,2.74
2022-06-18 23:00:00,,,21.1,0.98,2.7
2022-06-19 00:00:00,,,19.0,0.98,2.32
2022-06-19 01:00:00,,,19.6,0.98,1.9
2022-06-19 02:00:00,,,17.4,0.98,2.05
2022-06-19 03:00:00,,,11.9,0.98,1.94
2022-06-19 04:00:00,,,11.1,0.98,1.56
2022-06-19 05:00:00,,,10.7,,1.75
2022-06-19 06:00:00,,,8.0,,1.57
2022-06-19 07:00:00,,,6.4,,1.5
2022-06-19 08:00:00,,,7.4,,1.59
2022-06-19 09:00:00,,,9.0,,1.55
2022-06-19 10:00:00,,,28.4,,1.95
2022-06-19 11:00:00,,,17.5,9.3,1.57
2022-06-19 12:00:00,,,22.7,25.6,1.47
2022-06-19 13:00:00,,,17.1,23.5,1.56
2022-06-19 14:00:00,,,9.2,41.3,1.58
2022-06-19 15:00:00,,,8.1,49.6,1.47
2022-06-19 16:00:00,,,9.6,65.4,1.6
2022-06-19 17:00:00,,,9.7,52.2,1.36
2022-06-19 18:00:00,,,28.0,24.4,2.21
2022-06-19 19:00:00,,,28.0,0.98,3.11
2022-06-19 20:00:00,,,29.9,3.2,3.97
2022-06-19 21:00:00,,,22.4,3.9,2.86
2022-06-19 22:00:00,,,17.2,0.98,2.87
2022-06-19 23:00:00,,,11.4,0.98,2.07
2022-06-20 00:00:00,,,9.6,0.98,1.92
2022-06-20 01:00:00,,,7.4,0.98,2.11
2022-06-20 02:00:00,,,7.0,0.98,1.79
2022-06-20 03:00:00,,,5.2,0.98,1.59
2022-06-20 04:00:00,,,5.2,0.98,1.56
2022-06-20 05:00:00,,,5.2,0.98,1.47
2022-06-20 06:00:00,,,8.7,0.98,1.51
2022-06-20 07:00:00,,,13.8,,1.95
2022-06-20 08:00:00,,,24.3,,2.94
2022-06-20 09:00:00,,,38.1,,3.77
2022-06-20 10:00:00,,,31.3,,2.24
2022-06-20 11:00:00,,,35.9,,2.03
2022-06-20 12:00:00,,,26.7,,1.78
2022-06-20 13:00:00,,,20.9,3.2,1.63
2022-06-20 14:00:00,,,26.7,14.8,1.58
2022-06-20 15:00:00,,,21.8,21.8,1.54
2022-06-20 16:00:00,,,15.9,30.9,1.42
2022-06-20 17:00:00,,,11.8,33.3,1.31
2022-06-20 18:00:00,,,16.5,27.8,1.42
2022-06-20 19:00:00,,,18.8,13.5,1.51
2022-06-20 20:00:00,,,18.0,8.3,1.53
2022-06-20 21:00:00,,,14.8,9.0,1.51
2022-06-20 22:00:00,,,14.5,10.9,1.44
2022-06-20 23:00:00,,,13.9,7.6,1.45
2022-06-21 00:00:00,,,10.2,2.3,1.37
2022-06-21 01:00:00,,,6.9,3.5,1.21
2022-06-21 02:00:00,,,9.3,2.4,1.3
2022-06-21 03:00:00,,,8.5,0.98,1.3
2022-06-21 04:00:00,,,7.5,0.98,1.21
2022-06-21 05:00:00,,,8.7,0.98,1.28
2022-06-21 06:00:00,,,13.6,0.98,1.5
2022-06-21 07:00:00,,,12.8,,1.79
2022-06-21 08:00:00,,,22.3,,2.02
2022-06-21 09:00:00,,,21.8,,1.67
2022-06-21 10:00:00,,,20.7,,1.6
2022-06-21 11:00:00,,,23.4,,1.69
2022-06-21 12:00:00,,,17.9,5.2,1.65
2022-06-21 13:00:00,,,12.73,6.1,1.83
2022-06-21 14:00:00,,,20.05,15.6,1.52
2022-06-21 15:00:00,,,28.03,13.3,1.5
2022-06-21 16:00:00,,,19.3,0.98,1.81
2022-06-21 17:00:00,,,23.91,0.98,1.63
2022-06-21 18:00:00,,,27.74,0.98,1.85
2022-06-21 19:00:00,,,25.62,0.98,1.94
2022-06-21 20:00:00,,,28.77,0.98,2.08
2022-06-21 21:00:00,,,28.5,0.98,2.09
2022-06-21 22:00:00,,,23.87,0.98,1.96
2022-06-21 23:00:00,,,23.46,0.98,1.68
2022-06-22 01:00:00,,4.39,18.58,,
2022-06-22 02:00:00,,4.38,11.64,,
2022-06-22 03:00:00,,4.5,13.88,,
2022-06-22 04:00:00,,4.54,16.97,,
2022-06-22 05:00:00,,4.44,9.69,,
2022-06-22 06:00:00,,4.11,10.65,,
2022-06-22 07:00:00,,4.2,15.81,,
2022-06-22 08:00:00,,4.25,25.52,,
2022-06-22 09:00:00,,3.34,15.31,,
2022-06-22 10:00:00,,3.89,12.51,0.98,
2022-06-22 11:00:00,,3.35,10.45,3.15,
2022-06-22 12:00:00,,3.16,10.1,7.65,
2022-06-22 13:00:00,,3.14,10.22,6.09,
2022-06-22 14:00:00,,3.25,10.66,3.69,
2022-06-22 15:00:00,,4.03,12.73,0.98,
2022-06-22 16:00:00,,3.67,14.98,0.98,
2022-06-22 17:00:00,,3.63,16.72,0.98,
2022-06-22 18:00:00,,3.84,15.24,0.98,
2022-06-22 19:00:00,,3.8,16.38,0.98,
2022-06-22 20:00:00,,3.2,16.9,0.98,
2022-06-22 21:00:00,,3.24,16.61,0.98,
2022-06-22 22:00:00,,3.27,23.55,0.98,
2022-06-22 23:00:00,,3.3,20.23,0.98,
2022-06-23 00:00:00,,3.72,20.45,0.98,
2022-06-23 01:00:00,,3.63,16.08,0.98,
2022-06-23 02:00:00,,3.55,14.43,0.98,
2022-06-23 03:00:00,,3.4,10.36,0.98,
2022-06-23 04:00:00,,3.45,6.99,0.98,
2022-06-23 05:00:00,,3.3,5.96,4.1,
2022-06-23 06:00:00,,3.38,9.21,2.85,
2022-06-23 07:00:00,,3.41,16.58,0.98,
2022-06-23 08:00:00,,3.62,20.36,0.98,
2022-06-23 09:00:00,,3.84,20.82,0.98,
2022-06-23 10:00:00,,4.36,17.47,0.98,
2022-06-23 11:00:00,,4.18,16.44,0.98,
2022-06-23 12:00:00,,3.33,9.63,0.98,
2022-06-23 13:00:00,,3.22,7.35,6.69,
2022-06-23 14:00:00,,3.26,9.33,6.91,
2022-06-23 15:00:00,,3.37,11.84,3.5,
2022-06-23 16:00:00,,3.27,12.84,2.22,
2022-06-23 17:00:00,,3.08,9.78,4.64,
2022-06-23 18:00:00,6,3.14,14.69,2.66,
2022-06-23 19:00:00,6,3.13,25.36,0.98,
2022-06-23 20:00:00,6,3.36,28.99,0.98,
2022-06-23 21:00:00,6,3.22,22.3,0.98,
2022-06-23 22:00:00,6,2.72,13.97,0.98,
2022-06-23 23:00:00,23.63,2.94,14.7,0.98,
2022-06-24 00:00:00,15.69,2.74,7.51,2.94,
2022-06-24 01:00:00,,2.54,5.47,4.44,
2022-06-24 02:00:00,,2.67,5.73,4.37,
2022-06-24 03:00:00,,2.74,3.91,5.34,
2022-06-24 04:00:00,,2.65,2.47,5.95,
2022-06-24 05:00:00,,2.61,2.35,6.1,
2022-06-24 06:00:00,,2.64,4.27,3.94,
2022-06-24 07:00:00,,2.76,7.1,0.98,
2022-06-24 08:00:00,,3.12,16.29,0.98,
2022-06-24 09:00:00,,3.12,19.01,0.98,
2022-06-24 10:00:00,,3.74,21.17,0.98,
2022-06-24 11:00:00,,3.4,21.25,0.98,
2022-06-24 12:00:00,,4.15,19.53,0.98,
2022-06-24 13:00:00,,5.66,13.86,2.61,
2022-06-24 14:00:00,,4.55,16.11,0.98,
2022-06-24 15:00:00,,5.32,17.33,0.98,
2022-06-24 16:00:00,,4.06,25.17,0.98,
2022-06-24 17:00:00,,3.54,28.07,0.98,
2022-06-24 18:00:00,,3.65,23.84,0.98,
2022-06-24 19:00:00,,3.48,24.91,0.98,
2022-06-24 20:00:00,,3.37,15.9,0.98,
2022-06-24 21:00:00,,3.06,10.23,5.03,
2022-06-24 22:00:00,,3.12,7.62,7.27,
2022-06-24 23:00:00,,3.16,6.14,9.1,
2022-06-25 00:00:00,,2.98,3.08,14.08,
2022-06-25 01:00:00,,3.09,1.82,17.26,
2022-06-25 02:00:00,,2.78,0.47,19.39,
2022-06-25 03:00:00,,2.74,0.95,20.03,
2022-06-25 04:00:00,,2.93,0.47,20.05,
2022-06-25 05:00:00,,3.17,1.21,18.1,
2022-06-25 06:00:00,,3.19,6.97,11.76,
2022-06-25 07:00:00,,3.43,4.17,13.03,
2022-06-25 08:00:00,,3.28,3.5,17.27,
2022-06-25 09:00:00,,3.23,5.81,16.25,
2022-06-25 10:00:00,,3.16,5.46,15.25,
2022-06-25 11:00:00,,2.76,3.04,20.44,
2022-06-25 12:00:00,,2.76,2.83,20.99,
2022-06-25 13:00:00,,2.95,3.17,22.53,
2022-06-25 14:00:00,,2.76,3.25,22.65,
2022-06-25 15:00:00,,3.05,3.92,22.0,
2022-06-25 16:00:00,,3.03,3.56,21.86,
2022-06-25 17:00:00,,2.93,3.61,23.33,
2022-06-25 18:00:00,,2.8,4.29,23.43,
2022-06-25 19:00:00,,2.87,7.15,20.91,
2022-06-25 20:00:00,,3.31,8.26,14.95,
2022-06-25 21:00:00,,3.38,11.99,7.22,
2022-06-25 22:00:00,,3.5,11.82,7.52,
2022-06-25 23:00:00,,3.51,13.16,0.98,
2022-06-26 00:00:00,,3.85,13.28,0.98,
2022-06-26 01:00:00,,3.63,12.92,0.98,
2022-06-26 02:00:00,,3.42,4.96,5.16,
2022-06-26 03:00:00,,3.43,2.11,13.69,
2022-06-26 04:00:00,,3.43,2.02,13.93,
2022-06-26 05:00:00,,3.41,1.67,14.09,
2022-06-26 06:00:00,,3.43,2.0,13.86,
2022-06-26 07:00:00,,3.42,3.56,9.53,
2022-06-26 08:00:00,,3.43,2.72,12.57,
2022-06-26 09:00:00,,3.4,3.83,12.5,
2022-06-26 10:00:00,,3.38,5.0,9.93,
2022-06-26 11:00:00,,3.34,4.48,15.1,
2022-06-26 12:00:00,,3.31,5.27,17.88,
2022-06-26 13:00:00,,3.13,3.85,22.8,
2022-06-26 14:00:00,,2.89,3.69,22.59,
2022-06-26 15:00:00,,3.35,2.34,26.28,
2022-06-26 16:00:00,,3.43,4.24,22.81,
2022-06-26 17:00:00,,2.99,3.87,23.35,
2022-06-26 18:00:00,,2.8,7.45,18.89,
2022-06-26 19:00:00,,2.97,12.62,9.94,
2022-06-26 20:00:00,,3.26,19.76,0.98,
2022-06-26 21:00:00,,3.5,19.17,0.98,
2022-06-26 22:00:00,,3.43,17.32,0.98,
2022-06-26 23:00:00,,3.32,12.57,0.98,
2022-06-27 00:00:00,,3.42,9.03,0.98,
2022-06-27 01:00:00,,3.5,9.94,,
2022-06-27 02:00:00,,3.4,7.43,,
2022-06-27 03:00:00,,3.41,6.23,,
2022-06-27 04:00:00,,3.38,7.09,,
2022-06-27 05:00:00,,3.44,7.05,,
2022-06-27 06:00:00,,3.52,8.27,,
2022-06-27 07:00:00,,3.75,10.74,,
2022-06-27 08:00:00,,4.32,16.77,,
2022-06-27 09:00:00,,4.67,18.4,,
2022-06-27 10:00:00,,4.24,25.01,,
2022-06-27 11:00:00,,3.42,15.66,,
2022-06-27 12:00:00,,4.61,23.34,,
2022-06-27 13:00:00,,3.59,12.27,,
2022-06-27 14:00:00,,3.54,23.81,,
2022-06-27 15:00:00,,3.99,34.08,,
2022-06-27 16:00:00,,4.47,42.58,,
2022-06-27 17:00:00,,4.45,19.17,,
2022-06-27 18:00:00,,4.52,16.46,,
2022-06-27 19:00:00,,4.18,16.3,,
2022-06-27 20:00:00,32.34,3.84,17.04,,
2022-06-27 21:00:00,40.21,3.67,16.94,,
2022-06-27 22:00:00,46.75,3.43,15.86,,
2022-06-27 23:00:00,47.3,3.27,13.55,,
2022-06-28 00:00:00,33.24,3.17,13.67,,
2022-06-28 01:00:00,35.98,3.2,10.57,,
2022-06-28 02:00:00,47.04,3.28,8.34,,
2022-06-28 03:00:00,30.33,3.14,8.11,,
2022-06-28 04:00:00,26.68,3.2,7.43,,
2022-06-28 05:00:00,29.57,3.34,7.17,,
2022-06-28 06:00:00,31.88,3.67,10.94,,
2022-06-28 07:00:00,38.18,4.08,13.02,,
2022-06-28 08:00:00,35.23,4.57,17.97,,
2022-06-28 09:00:00,46.55,4.67,21.58,,
2022-06-28 10:00:00,45.99,4.54,24.22,,
2022-06-28 11:00:00,38.21,3.43,23.66,,
2022-06-28 12:00:00,31.96,3.72,18.15,,
2022-06-28 13:00:00,29.86,3.59,11.13,7.14,
2022-06-28 14:00:00,,4.35,11.49,18.26,
2022-06-28 15:00:00,6,27.9,14.78,12.4,
2022-06-28 16:00:00,15.65,15.76,19.66,6.89,
2022-06-28 17:00:00,16.7,9.8,27.04,5.74,
2022-06-28 18:00:00,55.68,8.3,41.13,0.98,
2022-06-28 19:00:00,64.5,6.68,37.66,0.98,
2022-06-28 20:00:00,71.71,6.04,42.22,0.98,
2022-06-28 21:00:00,72.45,5.18,34.39,0.98,
2022-06-28 22:00:00,60.99,4.73,31.77,0.98,
2022-06-28 23:00:00,6,4.95,6.35,7.39,
2022-06-29 00:00:00,23.8,4.69,4.6,14.56,
2022-06-29 01:00:00,12.75,4.47,3.98,18.43,
2022-06-29 02:00:00,6,3.69,3.83,16.84,
2022-06-29 03:00:00,6,3.18,2.73,21.82,
2022-06-29 04:00:00,6,3.2,2.89,22.08,
2022-06-29 05:00:00,6,3.16,2.81,24.95,
2022-06-29 06:00:00,6,3.15,4.62,23.46,
2022-06-29 07:00:00,6,3.16,9.6,15.3,
2022-06-29 08:00:00,6,3.1,14.82,6.88,
2022-06-29 09:00:00,6,3.18,14.0,6.25,
2022-06-29 10:00:00,15.47,3.15,10.93,12.61,
2022-06-29 11:00:00,6,3.07,8.17,18.92,
2022-06-29 12:00:00,6,3.22,6.51,23.84,
2022-06-29 13:00:00,6,4.99,6.55,25.36,
2022-06-29 14:00:00,6,3.65,5.08,26.51,
2022-06-29 15:00:00,6,3.37,4.76,28.18,
2022-06-29 16:00:00,6,4.23,5.95,29.86,
2022-06-29 17:00:00,6,3.77,4.95,28.42,
2022-06-29 18:00:00,6,3.24,15.53,15.23,
2022-06-29 19:00:00,6,3.6,26.14,0.98,
2022-06-29 20:00:00,17.35,4.52,29.72,0.98,
2022-06-29 21:00:00,24.94,4.54,27.25,0.98,
2022-06-29 22:00:00,24.18,3.95,26.76,0.98,
2022-06-29 23:00:00,39.38,4.09,26.68,0.98,
2022-06-30 00:00:00,72.22,3.61,22.29,0.98,
2022-06-30 01:00:00,50.07,3.45,15.6,0.98,
2022-06-30 02:00:00,38.44,3.46,12.43,0.98,
2022-06-30 03:00:00,33.58,3.33,9.79,0.98,
2022-06-30 04:00:00,30.3,3.34,7.57,0.98,
2022-06-30 05:00:00,21.77,3.34,6.42,0.98,
2022-06-30 06:00:00,15.25,3.67,10.07,0.98,
2022-06-30 07:00:00,24.13,3.87,15.78,0.98,
2022-06-30 08:00:00,23.66,5.47,26.69,0.98,
2022-06-30 09:00:00,39.67,4.59,25.28,0.98,
2022-06-30 10:00:00,35.59,6.59,28.18,0.98,
2022-06-30 11:00:00,33.05,33.31,33.77,2.66,
2022-06-30 12:00:00,41.42,16.1,16.66,3.37,
2022-06-30 13:00:00,36,9.56,14.59,6.92,
2022-06-30 14:00:00,18.56,6.47,10.5,22.97,
2022-06-30 15:00:00,6,6.11,8.19,30.21,
2022-06-30 16:00:00,6,4.79,5.17,32.11,
2022-06-30 17:00:00,6,4.8,9.44,27.22,
2022-06-30 18:00:00,6,3.58,11.95,21.43,
2022-06-30 19:00:00,6,3.95,29.65,0.98,
2022-06-30 20:00:00,6,4.67,30.72,0.98,
2022-06-30 21:00:00,41.58,5.23,31.44,0.98,
2022-06-30 22:00:00,47.83,5.29,33.73,0.98,
2022-06-30 23:00:00,90.7,4.06,21.57,0.98,
2022-07-01 00:00:00,80.64,3.54,18.25,0.98,
2022-07-01 01:00:00,53.07,3.51,12.15,0.98,
2022-07-01 02:00:00,48.5,3.43,9.5,0.98,
2022-07-01 03:00:00,26.94,3.45,10.48,0.98,
2022-07-01 04:00:00,22.68,3.45,9.44,0.98,
2022-07-01 05:00:00,16.2,3.23,7.82,0.98,
2022-07-01 06:00:00,6,4.28,10.67,0.98,
2022-07-01 07:00:00,17.91,5.88,27.44,0.98,
2022-07-01 08:00:00,25.8,5.17,30.7,0.98,
2022-07-01 09:00:00,26.15,4.5,29.79,0.98,
2022-07-01 10:00:00,23.86,4.02,42.99,0.98,
2022-07-01 11:00:00,60.87,3.95,31.24,0.98,
2022-07-01 12:00:00,40.32,3.55,22.04,0.98,
2022-07-01 13:00:00,22.37,3.4,8.85,13.3,
2022-07-01 14:00:00,13.82,3.46,6.85,21.16,
2022-07-01 15:00:00,6,3.47,6.88,25.89,
2022-07-01 16:00:00,6,3.44,5.94,33.13,
2022-07-01 17:00:00,6,3.46,9.29,32.27,
2022-07-01 18:00:00,14.81,4.2,15.53,20.89,
2022-07-01 19:00:00,30.85,4.24,19.46,13.07,
2022-07-01 20:00:00,22.16,3.87,20.28,6.91,
2022-07-01 21:00:00,37.99,3.92,25.97,0.98,
2022-07-01 22:00:00,46.06,3.75,23.81,0.98,
2022-07-01 23:00:00,51.07,3.96,21.68,0.98,
2022-07-02 00:00:00,53.87,3.45,18.33,0.98,
2022-07-02 01:00:00,42.44,3.6,13.76,0.98,
2022-07-02 02:00:00,47.2,3.66,11.34,0.98,
2022-07-02 03:00:00,35.21,3.47,15.23,0.98,
2022-07-02 04:00:00,40.7,3.29,5.96,16.18,
2022-07-02 05:00:00,38.27,3.37,4.73,25.64,
2022-07-02 06:00:00,20.06,3.36,4.25,32.18,
2022-07-02 07:00:00,6,3.51,5.92,31.11,
2022-07-02 08:00:00,20.83,3.6,14.63,19.31,
2022-07-02 09:00:00,23.73,3.68,17.57,12.32,
2022-07-02 10:00:00,26.43,3.67,13.87,20.71,
2022-07-02 11:00:00,28.84,3.58,9.4,34.37,
2022-07-02 12:00:00,32.24,4.19,11.79,41.46,
2022-07-02 13:00:00,29.23,94.1,17.76,38.24,
2022-07-02 14:00:00,42.37,21.83,7.78,53.61,
2022-07-02 15:00:00,22.62,10.73,4.71,56.86,
2022-07-02 16:00:00,34.46,7.46,4.9,49.85,
2022-07-02 17:00:00,36.27,6.09,6.87,36.56,
2022-07-02 18:00:00,33.63,5.82,7.48,24.92,
2022-07-02 19:00:00,29.2,5.37,7.22,22.75,
2022-07-02 20:00:00,23.25,4.66,8.29,16.66,
2022-07-02 21:00:00,25.58,4.62,6.69,17.25,
2022-07-02 22:00:00,25.2,4.45,4.59,19.74,
2022-07-02 23:00:00,20.81,4.26,3.77,21.11,
2022-07-03 00:00:00,27.82,4.0,4.03,19.93,
2022-07-03 01:00:00,16.53,3.91,3.0,22.52,
2022-07-03 02:00:00,13.98,3.72,2.56,20.37,
2022-07-03 03:00:00,6,3.77,1.97,22.14,
2022-07-03 04:00:00,21.33,3.8,1.35,26.06,
2022-07-03 05:00:00,12.79,3.75,1.25,30.27,
2022-07-03 06:00:00,6,3.77,1.37,30.6,
2022-07-03 07:00:00,6,3.75,1.88,27.58,
2022-07-03 08:00:00,6,3.73,3.05,22.68,
2022-07-03 09:00:00,25.76,3.69,2.66,26.38,
2022-07-03 10:00:00,14.09,3.75,2.99,26.89,
2022-07-03 11:00:00,6,3.46,3.68,24.41,
2022-07-03 12:00:00,12.24,3.69,5.84,18.03,
2022-07-03 13:00:00,34.75,3.72,6.18,18.89,
2022-07-03 14:00:00,25.71,3.67,4.74,21.48,
2022-07-03 15:00:00,23.05,3.71,3.24,25.42,
2022-07-03 16:00:00,13.18,3.75,3.85,25.83,
2022-07-03 17:00:00,21.25,3.78,4.39,24.86,
2022-07-03 18:00:00,13.51,3.73,5.61,22.42,
2022-07-03 19:00:00,21.15,3.78,6.91,18.84,
2022-07-03 20:00:00,6,3.57,6.38,18.01,
2022-07-03 21:00:00,18.25,3.74,6.86,16.98,
2022-07-03 22:00:00,17.34,3.57,6.38,18.12,
2022-07-03 23:00:00,29.56,3.67,9.76,6.36,
2022-07-04 00:00:00,34.96,3.71,9.14,7.45,
2022-07-04 01:00:00,33.7,3.72,13.77,0.98,
2022-07-04 02:00:00,29.17,3.57,9.53,5.61,
2022-07-04 03:00:00,16.62,3.72,6.52,8.43,
2022-07-04 04:00:00,29.79,3.64,5.16,9.93,
2022-07-04 05:00:00,16.54,3.63,5.27,11.02,
2022-07-04 06:00:00,6,3.73,11.23,2.46,
2022-07-04 07:00:00,23.9,3.82,14.19,0.98,
2022-07-04 08:00:00,16.06,3.78,14.27,0.98,
2022-07-04 09:00:00,23.49,3.76,13.89,0.98,
2022-07-04 10:00:00,19.77,3.73,15.92,0.98,
2022-07-04 11:00:00,33.83,3.75,18.03,0.98,
2022-07-04 12:00:00,24.38,3.74,15.19,0.98,
2022-07-04 13:00:00,22.49,3.75,19.49,5.56,
2022-07-04 14:00:00,17.78,3.79,32.49,0.98,
2022-07-04 15:00:00,6,3.81,19.7,8.96,
2022-07-04 16:00:00,26.42,3.68,9.99,16.39,
2022-07-04 17:00:00,26.68,3.69,14.12,9.09,
2022-07-04 18:00:00,26.17,3.69,18.4,2.38,
2022-07-04 19:00:00,30.85,4.09,22.59,0.98,
2022-07-04 20:00:00,36.83,4.65,22.74,0.98,
2022-07-04 21:00:00,50.11,3.82,17.08,0.98,
2022-07-04 22:00:00,41.9,3.82,10.76,2.4,
2022-07-04 23:00:00,22.68,3.69,10.54,0.98,
2022-07-05 00:00:00,35.09,3.67,10.24,0.98,
2022-07-05 01:00:00,33.85,3.6,9.92,0.98,
2022-07-05 02:00:00,23.43,3.55,9.0,0.98,
2022-07-05 03:00:00,14.04,3.6,7.84,0.98,
2022-07-05 04:00:00,12.27,3.63,6.71,0.98,
2022-07-05 05:00:00,14.41,3.78,8.88,0.98,
2022-07-05 06:00:00,14.35,4.16,13.75,0.98,
2022-07-05 07:00:00,20.17,5.0,20.36,0.98,
2022-07-05 08:00:00,23.36,6.1,,0.98,
2022-07-05 09:00:00,37.25,4.79,29.41,0.98,
2022-07-05 10:00:00,53.62,4.14,31.23,0.98,
2022-07-05 11:00:00,52.07,3.74,24.31,0.98,
2022-07-05 12:00:00,30.06,3.78,11.45,6.9,
2022-07-05 13:00:00,22.04,3.75,8.78,11.28,
2022-07-05 14:00:00,29.53,3.22,7.42,21.07,
2022-07-05 15:00:00,22.45,2.95,6.84,21.04,
2022-07-05 16:00:00,17.47,3.22,8.52,19.1,
2022-07-05 17:00:00,23.56,3.49,8.54,15.54,
2022-07-05 18:00:00,15.6,3.61,8.44,11.56,
2022-07-05 19:00:00,23.48,3.98,7.68,9.42,
2022-07-05 20:00:00,17.27,3.64,7.12,9.62,
2022-07-05 21:00:00,14.36,3.57,5.04,12.25,
2022-07-05 22:00:00,16.41,3.72,4.17,15.77,
2022-07-05 23:00:00,15.36,3.5,3.93,16.45,
2022-07-06 00:00:00,6,3.5,4.78,13.49,
2022-07-06 01:00:00,6,3.64,3.67,18.23,
2022-07-06 02:00:00,6,3.39,1.6,22.65,
2022-07-06 03:00:00,6,3.64,1.54,21.77,
2022-07-06 04:00:00,6,3.55,1.51,19.21,
2022-07-06 05:00:00,6,3.37,2.19,14.5,
2022-07-06 06:00:00,6,3.27,2.4,12.8,
2022-07-06 07:00:00,6,3.4,5.59,9.23,
2022-07-06 08:00:00,6,3.35,8.04,3.06,
2022-07-06 09:00:00,6,3.69,9.53,2.99,
2022-07-06 10:00:00,6,3.69,9.82,0.98,
2022-07-06 11:00:00,6,3.74,8.88,0.98,
2022-07-06 12:00:00,6,3.66,8.93,0.98,
2022-07-06 13:00:00,12.43,3.64,11.68,0.98,
2022-07-06 14:00:00,6,3.64,13.16,0.98,
2022-07-06 15:00:00,22.2,3.96,13.19,5.75,
2022-07-06 16:00:00,13.17,3.88,18.09,7.28,
2022-07-06 17:00:00,23.75,4.08,22.97,2.5,
2022-07-06 18:00:00,40.94,4.22,25.4,0.98,
2022-07-06 19:00:00,44.2,4.85,26.83,0.98,
2022-07-06 20:00:00,68.52,5.46,25.53,0.98,
2022-07-06 21:00:00,78.88,5.11,21.84,0.98,
2022-07-06 22:00:00,66.95,4.94,20.31,0.98,
2022-07-06 23:00:00,57.08,4.82,15.76,0.98,
2022-07-07 00:00:00,50.2,4.28,13.43,0.98,
2022-07-07 01:00:00,52.05,4.26,10.21,0.98,
2022-07-07 02:00:00,,3.92,9.26,0.98,
2022-07-07 03:00:00,26.81,3.45,13.54,2.46,
2022-07-07 04:00:00,35.5,3.49,10.51,11.17,
2022-07-07 05:00:00,25.61,3.42,7.57,21.76,
2022-07-07 06:00:00,21.29,3.66,13.12,15.24,
2022-07-07 07:00:00,12.34,3.84,19.6,9.01,
2022-07-07 08:00:00,31.53,3.56,25.32,3.84,
2022-07-07 09:00:00,26.27,3.76,28.77,0.98,
2022-07-07 10:00:00,31.78,3.76,23.71,5.94,
2022-07-07 11:00:00,19.38,4.45,26.81,11.54,
2022-07-07 12:00:00,51.93,4.23,21.87,12.42,
2022-07-07 13:00:00,51.2,4.21,30.18,4.1,
2022-07-07 14:00:00,36.8,4.55,17.4,20.26,
2022-07-07 15:00:00,19.6,4.43,27.28,9.99,
2022-07-07 16:00:00,29.07,4.44,34.54,0.98,
2022-07-07 17:00:00,50.39,4.53,39.07,0.98,
2022-07-07 18:00:00,49.41,4.63,20.92,4.18,
2022-07-07 19:00:00,60.24,4.87,19.39,3.92,
2022-07-07 20:00:00,46.1,5.0,13.43,7.3,
2022-07-07 21:00:00,40.07,5.08,10.5,8.94,
2022-07-07 22:00:00,37.72,5.37,11.65,4.93,
2022-07-07 23:00:00,35.63,5.9,8.61,8.0,
2022-07-08 00:00:00,20.32,6.3,8.49,6.99,
2022-07-08 01:00:00,27.45,6.93,5.21,10.37,
2022-07-08 02:00:00,,7.85,2.95,16.47,
2022-07-08 03:00:00,,8.64,2.5,19.72,
2022-07-08 04:00:00,,8.88,1.32,25.74,
2022-07-08 05:00:00,,9.43,1.79,26.7,
2022-07-08 06:00:00,,9.88,4.07,25.42,
2022-07-08 07:00:00,,10.9,10.13,12.23,
2022-07-08 08:00:00,,12.29,15.33,7.11,
2022-07-08 09:00:00,,13.03,15.37,7.05,
2022-07-08 10:00:00,,13.72,14.36,5.07,
2022-07-08 11:00:00,,14.99,9.68,11.93,
2022-07-08 12:00:00,,16.56,7.97,16.32,
2022-07-08 13:00:00,,17.33,9.43,13.42,
2022-07-08 14:00:00,,18.09,6.11,17.75,
2022-07-08 15:00:00,6,19.33,4.48,23.93,
2022-07-08 16:00:00,6,20.78,5.4,24.6,
2022-07-08 17:00:00,6,21.72,5.97,25.92,
2022-07-08 18:00:00,6,22.98,13.38,16.6,
2022-07-08 19:00:00,16.26,24.23,23.94,0.98,
2022-07-08 20:00:00,22.09,25.22,23.64,0.98,
2022-07-08 21:00:00,26.4,26.29,19.1,0.98,
2022-07-08 22:00:00,25.01,27.22,13.44,0.98,
2022-07-08 23:00:00,30.21,28.15,15.03,0.98,
2022-07-09 00:00:00,28.67,29.16,14.55,0.98,
2022-07-09 01:00:00,37.27,30.16,11.71,0.98,
2022-07-09 02:00:00,22.8,31.1,11.35,0.98,
2022-07-09 03:00:00,12.08,33.15,10.52,0.98,
2022-07-09 04:00:00,6,34.45,7.3,0.98,
2022-07-09 05:00:00,14.99,35.49,5.55,0.98,
2022-07-09 06:00:00,12.89,36.95,6.72,0.98,
2022-07-09 07:00:00,6,38.43,9.89,0.98,
2022-07-09 08:00:00,14.27,39.75,12.75,0.98,
2022-07-09 09:00:00,15.86,41.51,14.36,0.98,
2022-07-09 10:00:00,28.63,42.95,19.25,0.98,
2022-07-09 11:00:00,31.08,43.99,22.16,0.98,
2022-07-09 12:00:00,35.15,45.61,13.26,9.34,
2022-07-09 13:00:00,29.11,46.0,9.59,31.16,
2022-07-09 14:00:00,29.54,46.61,6.24,41.38,
2022-07-09 15:00:00,25.48,47.22,6.33,45.42,
2022-07-09 16:00:00,38.21,47.77,6.97,41.02,
2022-07-09 17:00:00,19.85,48.35,6.48,38.32,
2022-07-09 18:00:00,20.29,48.75,12.92,29.03,
2022-07-09 19:00:00,26.93,49.42,14.33,21.72,
2022-07-09 20:00:00,37.19,50.14,18.42,12.84,
2022-07-09 21:00:00,49.84,50.62,22.96,0.98,
2022-07-09 22:00:00,69.5,50.65,21.01,0.98,
2022-07-09 23:00:00,61.12,50.86,16.64,0.98,
2022-07-10 00:00:00,49.18,51.35,15.4,0.98,
2022-07-10 01:00:00,62.36,51.5,14.32,0.98,
2022-07-10 02:00:00,54.94,51.88,11.78,0.98,
2022-07-10 03:00:00,47.74,52.48,8.22,0.98,
2022-07-10 04:00:00,41.64,53.55,8.19,0.98,
2022-07-10 05:00:00,31.71,54.25,9.16,0.98,
2022-07-10 06:00:00,27.37,55.25,10.09,0.98,
2022-07-10 07:00:00,30.23,56.43,8.68,17.96,
2022-07-10 08:00:00,39.19,57.71,4.62,33.77,
2022-07-10 09:00:00,20.65,59.1,13.83,22.28,
2022-07-10 10:00:00,26.16,60.04,23.1,5.24,
2022-07-10 11:00:00,24.95,60.98,21.8,9.24,
2022-07-10 12:00:00,38.95,61.63,15.89,29.58,
2022-07-10 13:00:00,39.43,62.44,12.73,39.55,
2022-07-10 14:00:00,,63.16,11.99,47.93,
2022-07-10 15:00:00,25.56,63.53,12.51,41.85,
2022-07-10 16:00:00,39.25,63.9,22.82,19.73,
2022-07-10 17:00:00,45.47,64.58,21.55,5.8,
2022-07-10 18:00:00,60.84,64.92,24.09,0.98,
2022-07-10 19:00:00,66.85,65.34,17.27,0.98,
2022-07-10 20:00:00,,65.7,17.67,0.98,
2022-07-10 21:00:00,46.17,66.28,23.52,0.98,
2022-07-10 22:00:00,70.89,66.36,18.69,0.98,
2022-07-10 23:00:00,,66.13,15.04,0.98,
2022-07-11 00:00:00,,65.78,16.12,0.98,
2022-07-11 01:00:00,,65.8,14.4,2.31,
2022-07-11 02:00:00,,66.44,19.36,0.98,
2022-07-11 03:00:00,,67.16,18.28,0.98,
2022-07-11 04:00:00,35.51,67.39,6.94,10.54,
2022-07-11 05:00:00,,67.79,9.26,20.11,
2022-07-11 06:00:00,,68.46,10.7,20.78,
2022-07-11 07:00:00,,69.08,18.08,13.27,
2022-07-11 08:00:00,,69.78,23.68,0.98,
2022-07-11 09:00:00,22.7,70.71,26.23,0.98,
2022-07-11 10:00:00,,71.78,32.15,0.98,
2022-07-11 11:00:00,,72.34,16.81,11.91,
2022-07-11 12:00:00,,74.14,12.52,21.29,
2022-07-11 13:00:00,,74.18,9.64,41.53,
2022-07-11 14:00:00,6,75.68,10.43,34.91,
2022-07-11 15:00:00,6,77.24,11.44,31.73,
2022-07-11 16:00:00,25.35,78.63,11.88,33.92,
2022-07-11 17:00:00,21.77,79.48,15.78,25.27,
2022-07-11 18:00:00,42.38,80.37,19.13,14.98,
2022-07-11 19:00:00,40.6,80.63,17.03,12.93,
2022-07-11 20:00:00,49.62,81.21,12.4,24.42,
2022-07-11 21:00:00,44.94,84.05,13.91,20.42,
2022-07-11 22:00:00,38.54,84.86,5.74,27.89,
2022-07-11 23:00:00,45.75,85.45,2.71,33.93,
2022-07-12 00:00:00,34.35,84.48,4.59,26.93,
2022-07-12 01:00:00,20.8,84.03,4.27,28.38,
2022-07-12 02:00:00,14,83.66,4.52,26.67,
2022-07-12 03:00:00,6,83.59,6.14,23.89,
2022-07-12 04:00:00,6,83.9,3.25,28.74,
2022-07-12 05:00:00,6,84.44,1.49,35.43,
2022-07-12 06:00:00,14.56,85.5,3.16,34.23,
2022-07-12 07:00:00,6,86.68,3.23,29.84,
2022-07-12 08:00:00,6,87.89,6.88,29.14,
2022-07-12 09:00:00,6,89.27,11.24,14.11,
2022-07-12 10:00:00,6,90.45,5.57,21.52,
2022-07-12 11:00:00,6,91.64,3.06,36.61,
2022-07-12 12:00:00,,92.49,4.93,28.47,
2022-07-12 13:00:00,,92.77,3.47,22.72,
2022-07-12 14:00:00,6,93.78,6.95,19.94,
2022-07-12 15:00:00,6,96.73,6.32,27.46,
2022-07-12 16:00:00,6,98.04,5.8,28.92,
2022-07-12 17:00:00,,,6.46,31.05,
2022-07-12 18:00:00,,,9.73,27.61,
2022-07-12 19:00:00,,,16.62,14.05,
2022-07-12 20:00:00,6,,23.31,0.98,
2022-07-12 21:00:00,36.06,,28.48,0.98,
2022-07-12 22:00:00,20.36,,,0.98,
2022-07-12 23:00:00,24.35,,,0.98,
2022-07-13 00:00:00,27.96,,,0.98,
2022-07-13 01:00:00,19.62,,15.26,,
2022-07-13 02:00:00,19.23,,,,
2022-07-13 03:00:00,26.84,,,,
2022-07-13 04:00:00,20.85,,,,
2022-07-13 05:00:00,18.65,,,,
2022-07-13 06:00:00,17.68,,,,
2022-07-13 07:00:00,22.87,,11.94,,
2022-07-13 08:00:00,38.33,,16.43,,
2022-07-13 09:00:00,28.52,,22.71,,
2022-07-13 10:00:00,29.18,,,,
2022-07-13 11:00:00,29.75,,5.99,,
2022-07-13 12:00:00,16.59,,,,
2022-07-13 13:00:00,6,,6.46,,
2022-07-13 14:00:00,6,,5.7,,
2022-07-13 15:00:00,6,,4.59,,
2022-07-13 16:00:00,6,,4.66,,
2022-07-13 17:00:00,6,,5.49,,
2022-07-13 18:00:00,6,,10.73,20.34,
2022-07-13 19:00:00,6,,20.39,6.84,
2022-07-13 20:00:00,6,,24.94,0.98,
2022-07-13 21:00:00,34.97,,24.09,0.98,
2022-07-13 22:00:00,38.9,,17.98,0.98,
2022-07-13 23:00:00,36.23,,11.17,2.41,
2022-07-14 00:00:00,33.98,,10.13,0.98,
2022-07-14 01:00:00,27.8,,10.16,0.98,
2022-07-14 02:00:00,22.79,,5.19,3.27,
2022-07-14 03:00:00,18.21,,3.81,4.53,
2022-07-14 04:00:00,13.83,,2.9,6.16,
2022-07-14 05:00:00,15.37,,5.35,6.73,
2022-07-14 06:00:00,,,12.24,0.98,
2022-07-14 07:00:00,,,14.88,0.98,
2022-07-14 08:00:00,,,15.92,0.98,
2022-07-14 09:00:00,,,17.79,0.98,
2022-07-14 10:00:00,,,19.45,0.98,
2022-07-14 11:00:00,,,20.25,0.98,
2022-07-14 12:00:00,,,21.24,0.98,
2022-07-14 13:00:00,,,21.08,0.98,
2022-07-14 14:00:00,,,1.14,0.98,
2022-07-14 15:00:00,,,,4.65,
2022-07-14 16:00:00,,,,10.15,
2022-07-14 17:00:00,,,,10.25,
2022-07-14 18:00:00,,,11.08,7.1,
2022-07-14 19:00:00,,,6.44,9.19,
2022-07-14 20:00:00,,,6.0,9.73,
2022-07-14 21:00:00,,,6.07,7.82,
2022-07-14 22:00:00,,,5.76,6.43,
2022-07-14 23:00:00,,,6.41,3.99,
2022-07-15 00:00:00,,,7.65,2.42,
2022-07-15 01:00:00,6,,6.76,2.26,
2022-07-15 02:00:00,6,,7.4,0.98,
2022-07-15 03:00:00,6,,4.87,0.98,
2022-07-15 04:00:00,6,,3.2,2.7,
2022-07-15 05:00:00,6,,3.02,2.34,
2022-07-15 06:00:00,6,,4.67,0.98,
2022-07-15 07:00:00,6,,5.97,0.98,
2022-07-15 08:00:00,6,,7.31,0.98,
2022-07-15 09:00:00,6,,8.82,0.98,
2022-07-15 10:00:00,15.49,,8.9,0.98,
2022-07-15 11:00:00,22.03,,11.03,0.98,
2022-07-15 12:00:00,6,,7.3,0.98,
2022-07-15 13:00:00,6,,8.62,5.99,
2022-07-15 14:00:00,6,,7.17,5.84,
2022-07-15 15:00:00,14.6,,7.67,2.18,
2022-07-15 16:00:00,6,,8.59,5.16,
2022-07-15 17:00:00,6,,9.07,2.38,
2022-07-15 18:00:00,22.38,,10.87,0.98,
2022-07-15 19:00:00,16.02,,11.69,0.98,
2022-07-15 20:00:00,6,,8.17,0.98,
2022-07-15 21:00:00,23.05,,6.76,0.98,
2022-07-15 22:00:00,26.53,,4.84,0.98,
2022-07-15 23:00:00,40.33,,,0.98,
2022-07-16 00:00:00,68.25,,,0.98,
2022-07-16 01:00:00,64.85,,,0.98,
2022-07-16 02:00:00,64.47,,6.25,0.98,
2022-07-16 03:00:00,53.28,,4.07,0.98,
2022-07-16 04:00:00,36.48,,2.95,0.98,
2022-07-16 05:00:00,21.6,,2.66,0.98,
2022-07-16 06:00:00,23.52,,2.43,0.98,
2022-07-16 07:00:00,29.06,,6.93,0.98,
2022-07-16 08:00:00,37.07,,6.7,0.98,
2022-07-16 09:00:00,27.01,,10.09,0.98,
2022-07-16 10:00:00,15.09,,8.55,0.98,
2022-07-16 11:00:00,6,,7.93,0.98,
2022-07-16 12:00:00,22.08,,7.28,0.98,
2022-07-16 13:00:00,23.6,,6.95,2.72,
2022-07-16 14:00:00,29.64,,4.25,5.9,
2022-07-16 15:00:00,17.34,,5.78,3.92,
2022-07-16 16:00:00,6,,5.83,4.69,
2022-07-16 17:00:00,6,0.65,6.2,6.28,
2022-07-16 18:00:00,21.13,2.59,9.92,5.33,
2022-07-16 19:00:00,35.93,3.98,4.77,6.03,
2022-07-16 20:00:00,18.98,4.94,2.62,11.21,
2022-07-16 21:00:00,12.36,4.84,2.33,10.33,
2022-07-16 22:00:00,6,5.07,1.8,9.76,
2022-07-16 23:00:00,,5.59,0.47,14.43,
2022-07-17 00:00:00,6,6.38,0.47,16.11,
2022-07-17 01:00:00,,8.12,0.47,17.71,
2022-07-17 02:00:00,,9.74,1.13,21.12,
2022-07-17 03:00:00,,11.36,0.47,28.48,
2022-07-17 04:00:00,,13.2,0.47,29.11,
2022-07-17 05:00:00,,15.97,1.73,25.23,
2022-07-17 06:00:00,,19.28,0.47,26.98,
2022-07-17 07:00:00,,22.6,0.47,29.39,
2022-07-17 08:00:00,,25.97,1.12,29.44,
2022-07-17 09:00:00,,28.13,1.75,23.47,
2022-07-17 10:00:00,,29.98,1.58,25.21,
2022-07-17 11:00:00,,31.74,0.47,31.94,
2022-07-17 12:00:00,,33.65,2.12,30.47,
2022-07-17 13:00:00,,34.74,2.27,27.06,
2022-07-17 14:00:00,,35.39,2.57,26.35,
2022-07-17 15:00:00,,36.3,1.22,30.0,
2022-07-17 16:00:00,,37.0,1.65,27.85,
2022-07-17 17:00:00,,37.9,2.06,25.88,
2022-07-17 18:00:00,,38.02,6.32,22.89,
2022-07-17 19:00:00,,38.94,9.59,6.6,
2022-07-17 20:00:00,,39.96,8.22,0.98,
2022-07-17 21:00:00,,41.57,9.19,0.98,
2022-07-17 22:00:00,,42.51,6.54,0.98,
2022-07-17 23:00:00,,43.5,2.41,0.98,
2022-07-18 00:00:00,,44.76,3.69,0.98,
2022-07-18 01:00:00,,46.19,2.6,0.98,
2022-07-18 02:00:00,,48.41,2.9,0.98,
2022-07-18 03:00:00,,50.34,2.38,0.98,
2022-07-18 04:00:00,,52.19,1.79,0.98,
2022-07-18 05:00:00,,53.84,2.6,0.98,
2022-07-18 06:00:00,,55.45,2.89,0.98,
2022-07-18 07:00:00,,58.2,,0.98,
2022-07-18 08:00:00,,61.75,0.47,0.98,
2022-07-18 09:00:00,,65.39,3.11,0.98,
2022-07-18 10:00:00,,13.11,11.07,0.98,
2022-07-18 11:00:00,16.17,11.0,22.59,1.98,
2022-07-18 12:00:00,18.16,14.06,29.64,9.27,
2022-07-18 13:00:00,22.72,12.41,23.71,8.8,
2022-07-18 14:00:00,30.24,9.55,15.79,7.92,
2022-07-18 15:00:00,24.9,6.29,13.74,19.68,
2022-07-18 16:00:00,18.44,3.33,9.5,26.86,
2022-07-18 17:00:00,27.3,1.43,7.91,23.57,
2022-07-18 18:00:00,16.23,0.65,10.51,15.41,
2022-07-18 19:00:00,26.6,0.65,17.56,0.98,
2022-07-18 20:00:00,38.79,0.65,11.52,0.98,
2022-07-18 21:00:00,56.01,0.65,12.81,0.98,
2022-07-18 22:00:00,62.6,0.65,8.13,0.98,
2022-07-18 23:00:00,53.91,0.65,4.66,0.98,
2022-07-19 00:00:00,60.13,0.65,5.04,0.98,
2022-07-19 01:00:00,42.21,0.65,2.85,0.98,
2022-07-19 02:00:00,47.22,0.65,2.75,0.98,
2022-07-19 03:00:00,33.79,0.65,2.72,0.98,
2022-07-19 04:00:00,35.46,0.65,5.3,0.98,
2022-07-19 05:00:00,20.66,0.65,4.29,0.98,
2022-07-19 06:00:00,15.08,0.65,4.7,0.98,
2022-07-19 07:00:00,22.65,0.65,6.85,0.98,
2022-07-19 08:00:00,32.15,3.24,6.06,0.98,
2022-07-19 09:00:00,25.85,5.12,8.58,0.98,
2022-07-19 10:00:00,23.37,6.72,10.34,0.98,
2022-07-19 11:00:00,34.61,8.29,10.16,3.38,
2022-07-19 12:00:00,19.59,9.18,4.26,14.96,
2022-07-19 13:00:00,18.53,9.61,5.11,17.37,
2022-07-19 14:00:00,16.23,9.63,4.84,21.06,
2022-07-19 15:00:00,15.28,9.26,6.37,15.68,
2022-07-19 16:00:00,13.5,9.21,5.32,22.54,
2022-07-19 17:00:00,28.3,8.64,6.27,19.97,
2022-07-19 18:00:00,15.43,8.15,13.3,6.6,
2022-07-19 19:00:00,22.91,7.64,13.42,4.25,
2022-07-19 20:00:00,31.93,6.58,10.94,5.29,
2022-07-19 21:00:00,24.22,5.42,13.42,4.08,
2022-07-19 22:00:00,45.73,3.93,12.7,0.98,
2022-07-19 23:00:00,50.49,2.52,11.15,2.0,
2022-07-20 00:00:00,31.06,1.31,7.42,4.43,
2022-07-20 01:00:00,31.59,0.65,6.45,2.16,
2022-07-20 02:00:00,25.92,0.65,4.7,0.98,
2022-07-20 03:00:00,15.95,1.88,3.66,3.66,
2022-07-20 04:00:00,6,2.3,1.47,9.11,
2022-07-20 05:00:00,14.27,2.77,0.47,12.74,
2022-07-20 06:00:00,17.43,3.63,3.97,4.28,
2022-07-20 07:00:00,6,5.06,5.48,0.98,
2022-07-20 08:00:00,6,6.82,7.58,0.98,
2022-07-20 09:00:00,6,9.75,9.52,0.98,
2022-07-20 10:00:00,19.73,11.52,10.62,0.98,
2022-07-20 11:00:00,37.05,12.03,10.66,0.98,
2022-07-20 12:00:00,22.34,12.0,14.57,2.15,
2022-07-20 13:00:00,37.9,11.99,11.68,2.62,
2022-07-20 14:00:00,36.47,12.53,12.66,10.56,
2022-07-20 15:00:00,32.67,13.38,11.33,14.19,
2022-07-20 16:00:00,34.31,13.01,8.14,22.66,
2022-07-20 17:00:00,27.45,11.56,10.37,28.4,
2022-07-20 18:00:00,25.84,9.82,13.95,0.98,
2022-07-20 19:00:00,36.39,8.42,14.58,0.98,
2022-07-20 20:00:00,34.22,6.96,15.31,0.98,
2022-07-20 21:00:00,51.21,5.45,17.57,0.98,
2022-07-20 22:00:00,50.98,3.53,13.1,0.98,
2022-07-20 23:00:00,50.79,2.43,10.25,0.98,
2022-07-21 00:00:00,49.9,1.38,9.02,0.98,
2022-07-21 01:00:00,35.51,0.65,6.51,0.98,
2022-07-21 02:00:00,28.29,0.65,2.47,0.98,
2022-07-21 03:00:00,36.47,0.65,2.79,0.98,
2022-07-21 04:00:00,31.04,1.52,3.73,0.98,
2022-07-21 05:00:00,20.41,2.04,0.47,0.98,
2022-07-21 06:00:00,21.03,2.85,0.47,0.98,
2022-07-21 07:00:00,27.7,3.31,,0.98,
2022-07-21 08:00:00,22.19,3.98,,0.98,
2022-07-21 09:00:00,42.72,4.69,13.46,0.98,
2022-07-21 10:00:00,31.56,6.44,8.46,0.98,
2022-07-21 11:00:00,17.63,10.5,6.95,5.67,
2022-07-21 12:00:00,22.14,14.71,6.86,9.99,
2022-07-21 13:00:00,15.45,18.37,7.26,18.55,
2022-07-21 14:00:00,25.06,19.67,13.82,11.17,
2022-07-21 15:00:00,40.29,19.05,12.66,18.99,
2022-07-21 16:00:00,32.44,16.97,12.52,20.87,
2022-07-21 17:00:00,44.75,15.05,13.5,19.56,
2022-07-21 18:00:00,37.71,11.52,14.32,13.08,
2022-07-21 19:00:00,21.15,8.75,14.51,6.91,
2022-07-21 20:00:00,48.21,6.22,15.06,0.98,
2022-07-21 21:00:00,45.05,3.87,10.36,5.65,
2022-07-21 22:00:00,37.9,1.55,10.97,4.96,
2022-07-21 23:00:00,29.82,0.65,10.57,2.87,
2022-07-22 00:00:00,34.45,0.65,10.92,2.24,
2022-07-22 01:00:00,24.23,0.65,10.78,0.98,
2022-07-22 02:00:00,34.65,0.65,8.5,0.98,
2022-07-22 03:00:00,32.81,0.65,7.31,0.98,
2022-07-22 04:00:00,25.99,0.65,5.33,0.98,
2022-07-22 05:00:00,23.98,0.65,6.36,0.98,
2022-07-22 06:00:00,41.95,0.65,4.36,0.98,
2022-07-22 07:00:00,28.36,0.65,5.07,0.98,
2022-07-22 08:00:00,34.84,0.65,4.21,0.98,
2022-07-22 09:00:00,48.1,0.65,10.47,0.98,
2022-07-22 10:00:00,,1.68,11.89,0.98,
2022-07-22 11:00:00,,2.75,12.05,0.98,
2022-07-22 12:00:00,,3.54,14.02,8.54,
2022-07-22 13:00:00,,4.09,17.26,13.04,
2022-07-22 14:00:00,,4.15,17.64,16.6,
2022-07-22 15:00:00,,4.08,21.51,15.87,
2022-07-22 16:00:00,,3.64,23.02,13.36,
2022-07-22 17:00:00,64.19,2.74,23.7,0.98,
2022-07-22 18:00:00,67.56,1.81,20.98,0.98,
2022-07-22 19:00:00,,0.65,20.32,0.98,
2022-07-22 20:00:00,,0.65,26.08,0.98,
2022-07-22 21:00:00,,0.65,14.2,9.43,
2022-07-22 22:00:00,,0.65,15.5,2.51,
2022-07-22 23:00:00,,0.65,13.25,0.98,
2022-07-23 00:00:00,,0.65,13.03,0.98,
2022-07-23 01:00:00,,0.65,13.54,0.98,
2022-07-23 02:00:00,,0.65,7.26,4.19,
2022-07-23 03:00:00,,0.65,4.91,7.96,
2022-07-23 04:00:00,,0.65,2.73,12.55,
2022-07-23 05:00:00,,0.65,1.68,13.25,
2022-07-23 06:00:00,,0.65,3.45,9.71,
2022-07-23 07:00:00,,0.65,5.64,8.63,
2022-07-23 08:00:00,,0.65,9.6,3.13,
2022-07-23 09:00:00,,0.65,10.72,0.98,
2022-07-23 10:00:00,,0.65,7.28,5.4,
2022-07-23 11:00:00,,0.65,15.62,2.05,
2022-07-23 12:00:00,,0.65,7.43,7.81,
2022-07-23 13:00:00,,0.65,8.22,7.73,
2022-07-23 14:00:00,,1.58,4.97,13.02,
2022-07-23 15:00:00,,0.65,4.93,22.55,
2022-07-23 16:00:00,,0.65,6.31,26.92,
2022-07-23 17:00:00,,0.65,6.02,19.03,
2022-07-23 18:00:00,,0.65,11.26,9.73,
2022-07-23 19:00:00,,0.65,15.46,0.98,
2022-07-23 20:00:00,,0.65,11.46,0.98,
2022-07-23 21:00:00,,0.65,7.32,0.98,
2022-07-23 22:00:00,,0.65,5.72,0.98,
2022-07-23 23:00:00,,0.65,2.08,0.98,
2022-07-24 00:00:00,,0.65,2.38,0.98,
2022-07-24 01:00:00,,0.65,1.72,0.98,
2022-07-24 02:00:00,,0.65,1.61,0.98,
2022-07-24 03:00:00,,0.65,0.47,0.98,
2022-07-24 04:00:00,,0.65,1.07,0.98,
2022-07-24 05:00:00,,0.65,0.47,0.98,
2022-07-24 06:00:00,,0.65,0.47,0.98,
2022-07-24 07:00:00,,0.65,0.47,0.98,
2022-07-24 08:00:00,,1.67,0.47,0.98,
2022-07-24 09:00:00,,2.36,3.6,0.98,
2022-07-24 10:00:00,,3.17,8.34,0.98,
2022-07-24 11:00:00,,4.08,6.0,0.98,
2022-07-24 12:00:00,,5.03,7.48,10.84,
2022-07-24 13:00:00,,5.27,5.51,30.56,
2022-07-24 14:00:00,,4.99,17.46,49.81,
2022-07-24 15:00:00,,4.34,13.29,53.43,
2022-07-24 16:00:00,,3.24,7.29,55.27,
2022-07-24 17:00:00,,1.61,9.0,40.51,
2022-07-24 18:00:00,,0.65,16.81,20.75,
2022-07-24 19:00:00,,0.65,21.55,0.98,
2022-07-24 20:00:00,,0.65,16.96,0.98,
2022-07-24 21:00:00,,0.65,11.76,2.08,
2022-07-24 22:00:00,,0.65,12.16,3.39,
2022-07-24 23:00:00,,0.65,11.1,0.98,
2022-07-25 00:00:00,,0.65,4.59,0.98,
2022-07-25 01:00:00,,0.65,5.51,0.98,
2022-07-25 02:00:00,,0.65,5.36,0.98,
2022-07-25 03:00:00,,0.65,1.68,0.98,
2022-07-25 04:00:00,,0.65,2.45,0.98,
2022-07-25 05:00:00,,0.65,2.48,0.98,
2022-07-25 06:00:00,,0.65,1.47,0.98,
2022-07-25 07:00:00,,0.65,,0.98,
2022-07-25 08:00:00,,0.65,,0.98,
2022-07-25 09:00:00,,0.65,4.68,0.98,
2022-07-25 10:00:00,,0.65,8.18,0.98,
2022-07-25 11:00:00,,1.78,11.58,4.31,
2022-07-25 12:00:00,,2.74,23.18,13.34,
2022-07-25 13:00:00,,2.83,17.95,28.65,
2022-07-25 14:00:00,,2.59,13.03,40.63,
2022-07-25 15:00:00,,1.66,11.95,49.6,
2022-07-25 16:00:00,,1.66,2.88,38.49,
2022-07-25 17:00:00,,2.41,3.71,37.25,
2022-07-25 18:00:00,,2.87,7.2,31.6,
2022-07-25 19:00:00,,2.79,11.61,17.35,
2022-07-25 20:00:00,,2.67,5.49,21.45,
2022-07-25 21:00:00,,2.09,3.25,26.22,
2022-07-25 22:00:00,,1.84,2.55,26.23,
2022-07-25 23:00:00,,1.31,2.05,29.33,
2022-07-26 00:00:00,,0.65,1.71,31.0,
2022-07-26 01:00:00,,1.49,0.47,34.87,
2022-07-26 02:00:00,,1.93,0.47,37.88,
2022-07-26 03:00:00,,1.91,0.47,39.44,
2022-07-26 04:00:00,,2.13,0.47,36.15,
2022-07-26 05:00:00,,1.99,1.02,31.36,
2022-07-26 06:00:00,,2.09,1.45,25.31,
2022-07-26 07:00:00,,2.22,3.97,20.26,
2022-07-26 08:00:00,,,9.35,13.86,
2022-07-26 09:00:00,,,7.13,9.1,
2022-07-26 10:00:00,,3.89,5.06,5.81,
2022-07-26 11:00:00,6,8.57,3.75,4.52,
2022-07-26 12:00:00,6,12.33,4.17,6.44,
2022-07-26 13:00:00,6,14.08,5.1,10.02,
2022-07-26 14:00:00,6,14.82,5.76,21.06,
2022-07-26 15:00:00,6,14.15,3.96,28.32,
2022-07-26 16:00:00,33.87,13.03,3.74,30.35,
2022-07-26 17:00:00,18.83,12.05,4.25,29.04,
2022-07-26 18:00:00,33.63,10.94,8.76,22.22,
2022-07-26 19:00:00,35.12,9.18,18.44,7.98,
2022-07-26 20:00:00,50.82,7.22,16.57,4.09,
2022-07-26 21:00:00,62.65,4.54,16.87,4.93,
2022-07-26 22:00:00,59.16,1.89,16.63,0.98,
2022-07-26 23:00:00,55.42,0.65,10.88,0.98,
2022-07-27 00:00:00,55.32,0.65,5.71,7.58,
2022-07-27 01:00:00,43.54,0.65,5.84,6.24,
2022-07-27 02:00:00,36.46,0.65,5.09,5.83,
2022-07-27 03:00:00,31.85,0.65,4.22,5.97,
2022-07-27 04:00:00,20.23,0.65,4.95,3.72,
2022-07-27 05:00:00,35.91,2.0,8.95,0.98,
2022-07-27 06:00:00,19.29,2.97,10.49,0.98,
2022-07-27 07:00:00,17.39,4.07,12.92,0.98,
2022-07-27 08:00:00,6,5.79,12.88,0.98,
2022-07-27 09:00:00,,8.18,11.75,0.98,
2022-07-27 10:00:00,44.79,10.21,10.3,0.98,
2022-07-27 11:00:00,34.91,11.66,10.12,3.21,
2022-07-27 12:00:00,,12.61,10.97,12.41,
2022-07-27 13:00:00,,12.63,19.38,15.98,
2022-07-27 14:00:00,,12.3,11.93,35.75,
2022-07-27 15:00:00,6,11.79,15.63,36.72,
2022-07-27 16:00:00,6,10.67,19.0,41.5,
2022-07-27 17:00:00,31.96,9.29,18.99,49.19,
2022-07-27 18:00:00,35.87,7.35,31.38,14.47,
2022-07-27 19:00:00,57.97,5.27,27.9,0.98,
2022-07-27 20:00:00,67.49,3.37,20.06,0.98,
2022-07-27 21:00:00,74.01,1.81,12.38,0.98,
2022-07-27 22:00:00,75.31,0.65,10.95,0.98,
2022-07-27 23:00:00,67.93,0.65,5.3,0.98,
2022-07-28 00:00:00,72.04,0.65,13.87,0.98,
2022-07-28 01:00:00,59.95,0.65,12.05,0.98,
2022-07-28 02:00:00,52.18,0.65,7.08,0.98,
2022-07-28 03:00:00,41.67,0.65,6.51,0.98,
2022-07-28 04:00:00,60.18,0.65,5.67,0.98,
2022-07-28 05:00:00,53.46,0.65,7.2,0.98,
2022-07-28 06:00:00,55.16,0.65,9.01,0.98,
2022-07-28 07:00:00,56.65,0.65,12.32,3.58,
2022-07-28 08:00:00,35.19,0.65,21.28,0.98,
2022-07-28 09:00:00,44.76,0.65,17.29,0.98,
2022-07-28 10:00:00,43.93,2.07,19.25,0.98,
2022-07-28 11:00:00,40.72,3.21,31.76,9.09,
2022-07-28 12:00:00,48.21,4.54,13.39,9.06,
2022-07-28 13:00:00,44.82,4.67,13.64,17.49,
2022-07-28 14:00:00,41.91,4.52,15.64,18.6,
2022-07-28 15:00:00,66.57,3.92,14.5,18.69,
2022-07-28 16:00:00,41.9,3.48,4.05,24.94,
2022-07-28 17:00:00,28.62,3.44,5.33,26.22,
2022-07-28 18:00:00,24.83,3.27,15.74,3.76,
2022-07-28 19:00:00,22.78,2.88,17.65,2.37,
2022-07-28 20:00:00,17.13,2.78,15.81,2.74,
2022-07-28 21:00:00,21.47,3.08,10.39,10.66,
2022-07-28 22:00:00,12.35,3.35,6.18,20.32,
2022-07-28 23:00:00,6,3.41,1.19,27.1,
2022-07-29 00:00:00,17.5,3.67,2.41,21.99,
2022-07-29 01:00:00,6,4.12,1.23,22.33,
2022-07-29 02:00:00,6,5.05,2.65,23.77,
2022-07-29 03:00:00,6,6.3,1.18,25.43,
2022-07-29 04:00:00,6,7.77,0.47,28.52,
2022-07-29 05:00:00,6,9.81,2.74,23.37,
2022-07-29 06:00:00,6,11.75,11.41,10.33,
2022-07-29 07:00:00,6,13.98,6.61,12.6,
2022-07-29 08:00:00,6,16.66,8.45,7.24,
2022-07-29 09:00:00,6,19.02,7.3,8.55,
2022-07-29 10:00:00,6,22.29,4.6,16.37,
2022-07-29 11:00:00,6,25.05,3.36,22.25,
2022-07-29 12:00:00,6,25.68,3.38,23.56,
2022-07-29 13:00:00,6,26.31,4.31,22.39,
2022-07-29 14:00:00,6,26.7,2.67,26.4,
2022-07-29 15:00:00,14.04,27.38,5.52,21.83,
2022-07-29 16:00:00,6,28.82,4.67,24.06,
2022-07-29 17:00:00,6,29.7,6.43,19.52,
2022-07-29 18:00:00,6,30.12,8.16,10.84,
2022-07-29 19:00:00,6,30.0,9.09,9.22,
2022-07-29 20:00:00,6,29.67,18.08,0.98,
2022-07-29 21:00:00,6,30.28,14.14,3.28,
2022-07-29 22:00:00,14.29,31.55,13.16,0.98,
2022-07-29 23:00:00,18.77,32.56,10.76,0.98,
2022-07-30 00:00:00,31.03,32.98,10.07,0.98,
2022-07-30 01:00:00,16.96,32.93,9.33,0.98,
2022-07-30 02:00:00,16.06,32.98,6.92,0.98,
2022-07-30 03:00:00,6,33.33,4.37,0.98,
2022-07-30 04:00:00,6,33.5,4.91,0.98,
2022-07-30 05:00:00,6,33.71,4.09,0.98,
2022-07-30 06:00:00,6,33.35,5.1,0.98,
2022-07-30 07:00:00,26.69,33.31,4.66,0.98,
2022-07-30 08:00:00,16.33,33.4,5.15,0.98,
2022-07-30 09:00:00,21.84,33.0,8.78,0.98,
2022-07-30 10:00:00,14.87,31.75,7.57,2.01,
2022-07-30 11:00:00,15.53,31.65,6.7,18.68,
2022-07-30 12:00:00,29.58,30.98,6.84,25.79,
2022-07-30 13:00:00,17.14,31.11,4.9,29.11,
2022-07-30 14:00:00,6,32.34,4.58,39.33,
2022-07-30 15:00:00,6,33.26,3.0,48.16,
2022-07-30 16:00:00,6,32.25,2.7,50.93,
2022-07-30 17:00:00,6,30.96,4.46,50.9,
2022-07-30 18:00:00,6,29.82,5.68,33.24,
2022-07-30 19:00:00,6,28.83,15.43,5.72,
2022-07-30 20:00:00,21.42,28.82,20.4,0.98,
2022-07-30 21:00:00,47.79,28.46,19.97,0.98,
2022-07-30 22:00:00,63.26,28.26,16.46,0.98,
2022-07-30 23:00:00,64.82,27.86,13.28,0.98,
2022-07-31 00:00:00,75.01,27.5,9.45,0.98,
2022-07-31 01:00:00,60.61,26.89,8.88,0.98,
2022-07-31 02:00:00,59.07,27.13,6.29,0.98,
2022-07-31 03:00:00,32.64,28.52,4.23,0.98,
2022-07-31 04:00:00,24,30.04,2.07,0.98,
2022-07-31 05:00:00,18.96,32.3,3.54,0.98,
2022-07-31 06:00:00,21.79,35.0,3.29,0.98,
2022-07-31 07:00:00,16.77,37.21,6.68,0.98,
2022-07-31 08:00:00,6,39.29,7.24,0.98,
2022-07-31 09:00:00,17.27,42.31,6.94,0.98,
2022-07-31 10:00:00,18.4,43.92,9.14,0.98,
2022-07-31 11:00:00,27.71,46.59,10.78,0.98,
2022-07-31 12:00:00,29.92,50.59,15.0,5.25,
2022-07-31 13:00:00,33.84,50.7,22.24,4.09,
2022-07-31 14:00:00,21.52,49.04,10.48,26.75,
2022-07-31 15:00:00,12.16,47.2,7.29,33.99,
2022-07-31 16:00:00,19.93,44.31,5.97,56.78,
2022-07-31 17:00:00,37.16,41.09,4.21,41.58,
2022-07-31 18:00:00,20.06,37.32,5.3,27.8,
2022-07-31 19:00:00,6,33.92,13.59,10.85,
2022-07-31 20:00:00,17.98,30.95,13.4,11.27,
2022-07-31 21:00:00,46.72,29.36,17.43,0.98,
2022-07-31 22:00:00,61.71,27.41,13.34,0.98,
2022-07-31 23:00:00,56.36,26.65,5.76,0.98,
2022-08-01 00:00:00,43.92,27.55,5.54,0.98,
2022-08-01 01:00:00,46.68,28.27,5.65,0.98,
2022-08-01 02:00:00,43.66,29.44,2.99,0.98,
2022-08-01 03:00:00,40.18,32.66,4.34,0.98,
2022-08-01 04:00:00,35.93,37.46,6.34,0.98,
2022-08-01 05:00:00,33.91,42.8,5.79,0.98,
2022-08-01 06:00:00,20.5,46.3,9.3,0.98,
2022-08-01 07:00:00,31.94,47.95,8.15,0.98,
2022-08-01 08:00:00,19.33,50.24,8.15,0.98,
2022-08-01 09:00:00,20.28,52.33,9.29,0.98,
2022-08-01 10:00:00,28.78,52.09,14.41,0.98,
2022-08-01 11:00:00,21.2,50.67,14.88,0.98,
2022-08-01 12:00:00,35.88,48.63,18.88,0.98,
2022-08-01 13:00:00,30.38,46.96,19.64,2.4,
2022-08-01 14:00:00,31.78,43.69,8.48,16.83,
2022-08-01 15:00:00,23.56,40.92,6.93,34.91,
2022-08-01 16:00:00,20.49,39.84,11.68,46.33,
2022-08-01 17:00:00,29.29,39.07,6.37,36.25,
2022-08-01 18:00:00,30.58,37.29,9.28,22.08,
2022-08-01 19:00:00,37.95,35.46,16.13,4.06,
2022-08-01 20:00:00,45.97,33.7,10.28,8.72,
2022-08-01 21:00:00,42.42,33.33,6.53,13.1,
2022-08-01 22:00:00,27.56,33.67,3.52,21.07,
2022-08-01 23:00:00,29.66,35.01,2.82,21.76,
2022-08-02 00:00:00,32.85,34.01,3.09,20.63,
2022-08-02 01:00:00,22.49,32.16,2.69,21.88,
2022-08-02 02:00:00,15.8,31.15,0.47,30.36,
2022-08-02 03:00:00,16.24,30.58,0.47,30.97,
2022-08-02 04:00:00,6,30.6,0.47,29.31,
2022-08-02 05:00:00,15.24,30.38,0.47,28.19,
2022-08-02 06:00:00,14.81,30.32,3.83,21.06,
2022-08-02 07:00:00,26.09,30.39,5.18,16.89,
2022-08-02 08:00:00,18.71,31.92,7.47,19.21,
2022-08-02 09:00:00,26.27,35.29,6.96,18.52,
2022-08-02 10:00:00,15.34,38.17,4.35,24.57,
2022-08-02 11:00:00,17.01,39.59,3.5,22.03,
2022-08-02 12:00:00,24.09,39.49,4.79,30.54,
2022-08-02 13:00:00,19.64,39.92,4.93,18.68,
2022-08-02 14:00:00,22.5,39.98,3.06,26.1,
2022-08-02 15:00:00,25,40.27,3.36,29.27,
2022-08-02 16:00:00,15.09,41.99,3.62,31.15,
2022-08-02 17:00:00,25.81,43.58,5.98,24.77,
2022-08-02 18:00:00,36.1,44.36,8.88,19.06,2.18
2022-08-02 19:00:00,31.46,43.79,10.59,18.3,2.2
2022-08-02 20:00:00,36.7,40.93,13.82,8.07,2.57
2022-08-02 21:00:00,27.49,37.95,12.17,5.78,2.39
2022-08-02 22:00:00,37.01,35.86,8.93,9.94,2.3
2022-08-02 23:00:00,44.41,33.84,4.35,21.5,2.04
2022-08-03 00:00:00,41.15,31.66,3.56,17.36,2.09
2022-08-03 01:00:00,23.94,30.43,2.67,16.99,1.86
2022-08-03 02:00:00,26.32,30.43,2.91,15.06,1.91
2022-08-03 03:00:00,21.08,30.37,1.38,14.19,1.86
2022-08-03 04:00:00,21.75,30.23,0.94,12.6,1.88
2022-08-03 05:00:00,36.26,29.49,1.43,13.34,1.85
2022-08-03 06:00:00,21.08,28.89,2.65,15.76,1.87
2022-08-03 07:00:00,28.76,28.59,5.69,8.65,2.01
2022-08-03 08:00:00,41.99,29.03,7.14,3.38,2.31
2022-08-03 09:00:00,43.07,31.2,5.89,0.98,2.15
2022-08-03 10:00:00,35.09,33.76,5.08,5.13,2.14
2022-08-03 11:00:00,43.51,34.91,4.14,7.44,2.04
2022-08-03 12:00:00,37.22,35.85,4.57,16.51,2.02
2022-08-03 13:00:00,23.97,33.9,6.44,24.47,2.12
2022-08-03 14:00:00,23.18,30.71,3.05,38.27,1.98
2022-08-03 15:00:00,30.3,28.68,2.31,46.32,1.92
2022-08-03 16:00:00,17.54,26.46,4.03,48.01,1.9
2022-08-03 17:00:00,29.22,24.37,7.26,37.08,2.03
2022-08-03 18:00:00,35.1,22.43,9.2,33.6,2.07
2022-08-03 19:00:00,41.28,21.16,11.83,22.19,2.16
2022-08-03 20:00:00,54.13,19.51,13.45,17.61,2.24
2022-08-03 21:00:00,47.63,18.0,9.46,18.22,2.16
2022-08-03 22:00:00,41.77,15.65,13.8,5.6,2.49
2022-08-03 23:00:00,52.94,13.26,12.75,0.98,2.56
2022-08-04 00:00:00,46.85,11.89,7.68,7.9,2.26
2022-08-04 01:00:00,44.06,11.15,5.16,8.95,2.17
2022-08-04 02:00:00,45.35,10.65,4.76,12.44,1.91
2022-08-04 03:00:00,41.48,10.58,2.59,21.27,1.84
2022-08-04 04:00:00,23.25,11.68,0.47,30.81,1.78
2022-08-04 05:00:00,34.88,13.23,0.47,34.23,1.73
2022-08-04 06:00:00,28.44,14.61,4.76,18.85,1.81
2022-08-04 07:00:00,17.93,17.08,10.75,3.8,1.95
2022-08-04 08:00:00,32.46,19.06,13.48,0.98,2.37
2022-08-04 09:00:00,18.63,20.63,12.78,0.98,2.22
2022-08-04 10:00:00,23.81,22.3,11.31,4.02,2.03
2022-08-04 11:00:00,23.96,22.52,8.81,13.76,2.02
2022-08-04 12:00:00,12.69,27.52,5.1,30.08,1.95
2022-08-04 13:00:00,6,28.85,16.39,9.66,2.31
2022-08-04 14:00:00,6,27.52,9.54,28.66,2.1
2022-08-04 15:00:00,6,25.41,11.23,33.93,2.05
2022-08-04 16:00:00,6,23.94,9.38,30.01,1.97
2022-08-04 17:00:00,6,25.62,7.05,30.85,2
2022-08-04 18:00:00,6,28.79,12.17,15.23,2.31
2022-08-04 19:00:00,21.44,31.17,12.18,8.68,2.34
2022-08-04 20:00:00,19.67,33.91,9.89,17.84,2.13
2022-08-04 21:00:00,25.05,33.56,5.99,19.79,1.81
2022-08-04 22:00:00,14.07,31.02,4.41,18.87,1.74
2022-08-04 23:00:00,17.37,28.98,1.72,30.63,1.68
2022-08-05 00:00:00,13.56,27.6,1.31,37.03,1.55
2022-08-05 01:00:00,15.24,26.06,0.47,35.98,1.63
2022-08-05 02:00:00,6,25.52,0.47,37.43,1.73
2022-08-05 03:00:00,12.05,26.26,1.81,31.78,1.75
2022-08-05 04:00:00,6,28.24,0.47,29.4,1.77
2022-08-05 05:00:00,6,29.88,1.52,26.49,1.79
2022-08-05 06:00:00,6,32.46,4.27,20.66,1.8
2022-08-05 07:00:00,6,34.74,6.83,14.9,1.83
2022-08-05 08:00:00,6,36.53,6.35,12.87,1.97
2022-08-05 09:00:00,13.09,38.56,5.85,10.99,1.94
2022-08-05 10:00:00,6,40.38,2.85,21.39,1.78
2022-08-05 11:00:00,6,,2.69,34.46,1.77
2022-08-05 12:00:00,6,,2.75,28.68,1.82
2022-08-05 13:00:00,12.84,,2.85,36.37,1.85
2022-08-05 14:00:00,6,3.03,1.12,47.64,1.78
2022-08-05 15:00:00,6,4.96,2.05,37.39,1.96
2022-08-05 16:00:00,6,12.17,2.88,31.53,1.94
2022-08-05 17:00:00,,21.15,2.7,29.36,1.91
2022-08-05 18:00:00,,29.56,6.83,17.41,2.05
2022-08-05 19:00:00,,37.5,10.55,10.82,2.07
2022-08-05 20:00:00,,43.29,16.47,2.53,2.32
2022-08-05 21:00:00,,46.81,13.48,0.98,2.58
2022-08-05 22:00:00,,51.61,11.7,2.71,2.84
2022-08-05 23:00:00,,58.96,11.07,0.98,2.63
2022-08-06 00:00:00,,66.08,6.68,8.98,2.28
2022-08-06 01:00:00,,73.52,5.07,11.64,2.07
2022-08-06 02:00:00,,78.56,3.63,11.09,1.86
2022-08-06 03:00:00,,79.46,1.37,18.44,1.79
2022-08-06 04:00:00,,79.69,1.51,14.71,1.82
2022-08-06 05:00:00,,80.74,3.36,4.22,1.85
2022-08-06 06:00:00,,83.11,4.97,0.98,1.95
2022-08-06 07:00:00,,86.3,3.96,0.98,2.05
2022-08-06 08:00:00,,88.76,3.92,0.98,2.33
2022-08-06 09:00:00,,88.07,7.32,3.17,2.38
2022-08-06 10:00:00,,88.82,3.86,22.04,1.89
2022-08-06 11:00:00,,88.84,2.43,30.31,1.91
2022-08-06 12:00:00,,88.76,2.92,32.73,1.89
2022-08-06 13:00:00,,87.34,1.99,36.87,1.86
2022-08-06 14:00:00,,84.2,1.96,39.27,1.84
2022-08-06 15:00:00,,82.36,1.0,40.89,1.82
2022-08-06 16:00:00,,80.3,1.87,37.66,1.86
2022-08-06 17:00:00,,81.11,3.26,33.09,1.95
2022-08-06 18:00:00,,80.4,3.11,33.4,1.89
2022-08-06 19:00:00,,77.57,3.81,30.4,1.95
2022-08-06 20:00:00,,76.59,4.7,26.36,2.02
2022-08-06 21:00:00,,75.11,4.82,22.62,2.21
2022-08-06 22:00:00,,71.79,3.68,24.62,2.19
2022-08-06 23:00:00,,65.77,3.25,27.12,2.08
2022-08-07 00:00:00,,61.07,2.91,28.46,2.01
2022-08-07 01:00:00,,61.53,1.39,26.34,1.84
2022-08-07 02:00:00,,61.11,1.77,25.33,1.86
2022-08-07 03:00:00,,60.34,2.11,21.63,1.86
2022-08-07 04:00:00,,60.57,3.44,14.1,1.9
2022-08-07 05:00:00,,61.54,2.06,9.24,1.92
2022-08-07 06:00:00,,61.42,0.47,21.38,1.8
2022-08-07 07:00:00,,61.78,1.8,21.71,1.89
2022-08-07 08:00:00,,67.56,3.57,9.47,1.88
2022-08-07 09:00:00,,73.04,2.35,9.26,1.9
2022-08-07 10:00:00,,82.68,1.59,16.2,1.88
2022-08-07 11:00:00,,87.47,2.35,20.02,2.43
2022-08-07 12:00:00,,90.2,2.52,22.93,2.72
2022-08-07 13:00:00,,85.18,1.63,31.38,2.28
2022-08-07 14:00:00,,77.38,1.55,34.79,2.25
2022-08-07 15:00:00,,73.35,1.16,34.52,2.35
2022-08-07 16:00:00,,72.61,1.2,36.98,1.98
2022-08-07 17:00:00,,69.09,1.05,39.94,1.89
2022-08-07 18:00:00,,65.34,1.22,38.43,1.86
2022-08-07 19:00:00,,60.35,1.37,41.36,1.84
2022-08-07 20:00:00,,56.03,1.46,39.61,1.85
2022-08-07 21:00:00,,48.68,1.47,35.14,1.8
2022-08-07 22:00:00,,44.17,1.03,34.67,1.82
2022-08-07 23:00:00,,40.69,0.47,32.62,1.81
2022-08-08 00:00:00,,44.03,0.47,35.36,1.72
2022-08-08 01:00:00,,48.5,0.47,35.19,1.69
2022-08-08 02:00:00,,51.21,0.47,37.93,1.72
2022-08-08 03:00:00,,53.1,0.47,39.85,1.67
2022-08-08 04:00:00,,52.92,0.47,41.1,1.72
2022-08-08 05:00:00,,50.78,0.47,38.89,1.72
2022-08-08 06:00:00,,47.66,0.47,34.3,1.77
2022-08-08 07:00:00,,44.73,3.63,26.71,1.79
2022-08-08 08:00:00,,45.65,6.63,20.43,1.96
2022-08-08 09:00:00,,51.4,4.4,24.27,1.82
2022-08-08 10:00:00,,56.96,2.98,27.43,1.82
2022-08-08 11:00:00,,57.24,1.88,31.0,1.75
2022-08-08 12:00:00,,51.74,1.9,40.84,1.77
2022-08-08 13:00:00,,341.3,1.77,29.4,1.75
2022-08-08 14:00:00,,,1.16,28.86,1.75
2022-08-08 15:00:00,,279.4,,27.99,1.7
2022-08-08 16:00:00,,160.7,2.12,,1.73
2022-08-08 17:00:00,,100.7,2.82,,2.32
2022-08-08 18:00:00,,57.32,3.54,28.81,
2022-08-08 19:00:00,,42.1,4.11,28.92,
2022-08-08 20:00:00,6,47.15,3.65,29.52,2.45
2022-08-08 21:00:00,6,56.04,3.52,27.44,2.45
2022-08-08 22:00:00,6,64.96,2.45,26.8,2.42
2022-08-08 23:00:00,6,69.18,3.87,22.68,2.5
2022-08-09 00:00:00,6,72.74,1.72,25.33,2.38
2022-08-09 01:00:00,6,,0.47,26.95,1.95
2022-08-09 02:00:00,6,,0.47,28.45,1.73
2022-08-09 03:00:00,6,,0.47,28.48,1.77
2022-08-09 04:00:00,6,,0.47,28.24,1.73
2022-08-09 05:00:00,6,,0.47,29.19,1.77
2022-08-09 06:00:00,6,,0.47,30.13,1.79
2022-08-09 07:00:00,6,,2.47,29.53,1.8
2022-08-09 08:00:00,6,,3.97,28.56,1.92
2022-08-09 09:00:00,6,,3.87,29.41,1.93
2022-08-09 10:00:00,6,,2.15,32.2,1.77
2022-08-09 11:00:00,6,,1.98,33.21,1.7
2022-08-09 12:00:00,6,,2.6,33.48,1.79
2022-08-09 13:00:00,6,,1.9,34.57,1.74
2022-08-09 14:00:00,6,,2.28,33.5,1.76
2022-08-09 15:00:00,6,,1.77,35.5,1.73
2022-08-09 16:00:00,6,,2.38,35.59,1.76
2022-08-09 17:00:00,6,,4.21,29.93,1.8
2022-08-09 18:00:00,6,,5.64,27.25,1.83
2022-08-09 19:00:00,6,,7.82,22.53,1.92
2022-08-09 20:00:00,6,,4.85,26.02,1.92
2022-08-09 21:00:00,6,,7.23,21.03,1.98
2022-08-09 22:00:00,6,,11.81,12.1,2.36
2022-08-09 23:00:00,20.03,,10.36,12.77,2.26
2022-08-10 00:00:00,20.85,,5.05,19.94,2.04
2022-08-10 01:00:00,6,,1.3,27.72,1.75
2022-08-10 02:00:00,6,,0.47,34.67,1.67
2022-08-10 03:00:00,6,,0.47,32.94,1.68
2022-08-10 04:00:00,6,,0.47,33.76,1.71
2022-08-10 05:00:00,6,,0.47,36.83,1.64
2022-08-10 06:00:00,6,,1.47,30.3,1.76
2022-08-10 07:00:00,6,,10.36,19.16,1.96
2022-08-10 08:00:00,6,,13.99,14.78,2.13
2022-08-10 09:00:00,6,,15.47,12.82,2.29
2022-08-10 10:00:00,6,,8.76,22.05,1.96
2022-08-10 11:00:00,6,,6.32,25.0,1.84
2022-08-10 12:00:00,12.73,,2.74,28.95,1.79
2022-08-10 13:00:00,6,,0.47,31.07,1.74
2022-08-10 14:00:00,6,,0.47,33.78,1.67
2022-08-10 15:00:00,18.6,,0.47,35.07,1.78
2022-08-10 16:00:00,6,,0.47,34.13,1.73
2022-08-10 17:00:00,6,,1.91,31.87,1.8
2022-08-10 18:00:00,6,,6.12,27.04,1.87
2022-08-10 19:00:00,6,,14.7,13.9,2.18
2022-08-10 20:00:00,6,,19.29,7.67,2.52
2022-08-10 21:00:00,18.68,,22.44,2.8,2.85
2022-08-10 22:00:00,23.25,,18.05,0.98,4.32
2022-08-10 23:00:00,23.16,,14.58,0.98,3.56
2022-08-11 00:00:00,36.05,,11.48,0.98,3
2022-08-11 01:00:00,32.26,,7.74,0.98,2.48
2022-08-11 02:00:00,25.57,,4.75,0.98,2.48
2022-08-11 03:00:00,29.23,,7.39,0.98,2.48
2022-08-11 04:00:00,18.27,,9.26,0.98,2.37
2022-08-11 05:00:00,25.4,,13.54,0.98,2.43
2022-08-11 06:00:00,27.47,,13.43,0.98,2.47
2022-08-11 07:00:00,27.05,,13.87,0.98,2.75
2022-08-11 08:00:00,18.42,,16.22,0.98,2.94
2022-08-11 09:00:00,16.14,,11.43,4.94,2.07
2022-08-11 10:00:00,6,,11.77,6.03,2
2022-08-11 11:00:00,12.89,,17.02,5.88,2.11
2022-08-11 12:00:00,23.04,,12.16,8.15,1.97
2022-08-11 13:00:00,13.44,,7.69,18.3,2.03
2022-08-11 14:00:00,15.17,,3.63,30.83,1.78
2022-08-11 15:00:00,6,,3.05,34.88,1.72
2022-08-11 16:00:00,22.03,,3.06,34.29,1.76
2022-08-11 17:00:00,12.58,,2.88,32.17,1.77
2022-08-11 18:00:00,6,,5.12,28.11,1.84
2022-08-11 19:00:00,12.69,,10.64,18.58,2
2022-08-11 20:00:00,12.05,,10.56,18.07,2.02
2022-08-11 21:00:00,18.7,,5.89,19.85,1.96
2022-08-11 22:00:00,13.46,,4.64,18.82,1.9
2022-08-11 23:00:00,17.09,,4.51,15.94,1.94
2022-08-12 00:00:00,15.22,,5.35,12.13,1.94
2022-08-12 01:00:00,16.4,,6.23,7.0,1.87
2022-08-12 02:00:00,6,,4.6,4.94,1.86
2022-08-12 03:00:00,6,,3.36,4.08,1.86
2022-08-12 04:00:00,6,,3.42,0.98,1.93
2022-08-12 05:00:00,6,,2.85,0.98,2.11
2022-08-12 06:00:00,6,,5.52,0.98,2.18
2022-08-12 07:00:00,6,,5.33,0.98,2.73
2022-08-12 08:00:00,13.65,,9.27,0.98,3.5
2022-08-12 09:00:00,13.21,,15.13,0.98,3.35
2022-08-12 10:00:00,21.48,,13.59,7.73,2.49
2022-08-12 11:00:00,28.04,,9.28,16.06,2.17
2022-08-12 12:00:00,15.37,,8.08,22.95,2.1
2022-08-12 13:00:00,6,,6.19,29.53,2
2022-08-12 14:00:00,6,,3.5,34.17,1.94
2022-08-12 15:00:00,6,,4.4,38.09,1.97
2022-08-12 16:00:00,6,,5.8,37.53,2
2022-08-12 17:00:00,6,,4.58,30.75,1.92
2022-08-12 18:00:00,6,,9.67,23.68,2.02
2022-08-12 19:00:00,6,,18.38,11.39,2.31
2022-08-12 20:00:00,38.09,,18.71,7.73,2.38
2022-08-12 21:00:00,21.87,,19.71,3.69,2.66
2022-08-12 22:00:00,46.26,,19.48,0.98,2.99
2022-08-12 23:00:00,44.59,,15.33,2.08,2.87
2022-08-13 00:00:00,28.88,,11.31,6.33,3.14
2022-08-13 01:00:00,25.86,,11.75,5.0,2.68
2022-08-13 02:00:00,29.58,,7.18,8.41,1.97
2022-08-13 03:00:00,27.85,,4.13,7.43,1.91
2022-08-13 04:00:00,16.42,,3.89,2.76,2.17
2022-08-13 05:00:00,18.81,,4.36,0.98,2.04
2022-08-13 06:00:00,19.99,,6.03,3.91,1.9
2022-08-13 07:00:00,6,,4.85,14.91,1.75
2022-08-13 08:00:00,6,,5.8,16.41,1.8
2022-08-13 09:00:00,6,,12.24,6.6,2.34
2022-08-13 10:00:00,6,,10.14,14.85,2.29
2022-08-13 11:00:00,13.73,,7.93,19.88,2.08
2022-08-13 12:00:00,6,,10.24,23.93,2.17
2022-08-13 13:00:00,6,,14.93,21.03,2.24
2022-08-13 14:00:00,6,,16.47,20.21,2.09
2022-08-13 15:00:00,23.07,,11.57,24.21,2.05
2022-08-13 16:00:00,30.17,,6.14,26.47,2.24
2022-08-13 17:00:00,19.87,,6.57,25.56,1.91
2022-08-13 18:00:00,25.97,,9.91,19.73,2.08
2022-08-13 19:00:00,27.9,,22.23,4.21,3.63
2022-08-13 20:00:00,47.88,,23.58,0.98,3.73
2022-08-13 21:00:00,61.73,,22.41,0.98,5.69
2022-08-13 22:00:00,97.62,,15.0,0.98,4.81
2022-08-13 23:00:00,91.23,,11.33,0.98,3.99
2022-08-14 00:00:00,94.29,,8.05,0.98,4.05
2022-08-14 01:00:00,62.67,0.65,9.35,0.98,3.75
2022-08-14 02:00:00,55,0.65,7.47,0.98,3.83
2022-08-14 03:00:00,61.67,0.65,4.45,0.98,3.68
2022-08-14 04:00:00,52.64,0.65,4.33,0.98,3.16
2022-08-14 05:00:00,35.35,0.65,3.26,0.98,3.04
2022-08-14 06:00:00,28.53,0.65,2.56,0.98,2.54
2022-08-14 07:00:00,35.1,0.65,3.09,0.98,2.41
2022-08-14 08:00:00,18.9,0.65,2.78,0.98,2.66
2022-08-14 09:00:00,23.24,0.65,7.34,0.98,3.48
2022-08-14 10:00:00,35.09,0.65,8.49,8.53,3.19
2022-08-14 11:00:00,51.19,0.65,15.75,43.06,3.21
2022-08-14 12:00:00,48.46,0.65,15.02,47.9,3.21
2022-08-14 13:00:00,43.75,0.65,5.52,41.99,3.03
2022-08-14 14:00:00,26.1,0.65,3.02,38.83,3.1
2022-08-14 15:00:00,45.31,0.65,3.54,39.64,2.76
2022-08-14 16:00:00,31.86,0.65,3.66,36.78,2.69
2022-08-14 17:00:00,23.66,0.65,4.17,35.45,2.51
2022-08-14 18:00:00,30.77,0.65,10.35,26.27,2.71
2022-08-14 19:00:00,28.25,0.65,16.7,12.5,3.24
2022-08-14 20:00:00,21.26,0.65,19.4,5.85,3.59
2022-08-14 21:00:00,36.87,0.65,18.64,2.96,3.68
2022-08-14 22:00:00,55.39,0.65,21.48,0.98,3.5
2022-08-14 23:00:00,46.72,0.65,14.72,5.51,3.23
2022-08-15 00:00:00,40.64,0.65,7.67,9.57,2.81
2022-08-15 01:00:00,42.53,,5.73,7.98,2.3
2022-08-15 02:00:00,30.53,,4.11,11.72,2.15
2022-08-15 03:00:00,24.06,,2.21,16.14,2.04
2022-08-15 04:00:00,22.34,,0.47,16.58,1.88
2022-08-15 05:00:00,25.41,,1.29,10.87,1.99
2022-08-15 06:00:00,14.84,,4.91,10.55,1.95
2022-08-15 07:00:00,15.16,,9.1,8.03,2.01
2022-08-15 08:00:00,6,,10.57,5.72,2.14
2022-08-15 09:00:00,6,,7.53,11.09,2.01
2022-08-15 10:00:00,25.71,,9.27,8.63,2.25
2022-08-15 11:00:00,16.34,,12.19,8.84,2.17
2022-08-15 12:00:00,24.27,,14.98,6.1,2.25
2022-08-15 13:00:00,32.91,,11.76,9.68,2.25
2022-08-15 14:00:00,24.13,,7.24,13.92,2.1
2022-08-15 15:00:00,32.63,,7.3,18.07,2.06
2022-08-15 16:00:00,19.2,,4.58,25.18,1.94
2022-08-15 17:00:00,12.06,,5.99,26.11,1.91
2022-08-15 18:00:00,22.15,,12.47,19.66,2.21
2022-08-15 19:00:00,30.58,,13.17,22.39,2.2
2022-08-15 20:00:00,,,,,
2022-08-15 21:00:00,96.68,,8.28,24.0,3.85
2022-08-15 22:00:00,48.52,,7.82,24.55,2.61
2022-08-15 23:00:00,6,,8.65,23.13,2.72
2022-08-16 00:00:00,13.63,,4.16,25.69,2.44
2022-08-16 01:00:00,24.6,,3.61,21.99,2.13
2022-08-16 02:00:00,13.68,,6.93,13.27,2.04
2022-08-16 03:00:00,6,,10.96,13.89,2.01
2022-08-16 04:00:00,6,,5.65,19.39,1.91
2022-08-16 05:00:00,6,,1.14,31.29,1.65
2022-08-16 06:00:00,6,,0.47,28.28,1.47
2022-08-16 07:00:00,6,,6.8,17.67,1.58
2022-08-16 08:00:00,6,,10.19,15.82,1.68
2022-08-16 09:00:00,6,,7.65,19.52,1.67
2022-08-16 10:00:00,6,,11.84,19.21,2.07
2022-08-16 11:00:00,6,,8.84,22.0,2.55
2022-08-16 12:00:00,6,,5.15,25.83,2.39
2022-08-16 13:00:00,6,,4.86,26.63,2.4
2022-08-16 14:00:00,12.08,,4.95,,2.15
2022-08-16 15:00:00,18.03,,7.61,23.72,2.71
2022-08-16 16:00:00,21.94,,7.85,24.05,2.72
2022-08-16 17:00:00,12.26,,7.24,23.83,2.75
2022-08-16 18:00:00,15.23,,11.79,18.78,2.87
2022-08-16 19:00:00,6,,14.7,12.57,2.97
2022-08-16 20:00:00,6,,13.69,11.5,2.94
2022-08-16 21:00:00,28.45,,10.99,11.85,3.09
2022-08-16 22:00:00,16.97,,13.15,8.51,3.4
2022-08-16 23:00:00,16.9,,9.17,10.61,3.05
2022-08-17 00:00:00,13.04,,3.91,16.8,2.81
2022-08-17 01:00:00,16.63,7.29,1.61,19.01,2.11
2022-08-17 02:00:00,16.01,7.28,0.47,20.28,1.77
2022-08-17 03:00:00,16.43,7.34,0.47,19.91,1.8
2022-08-17 04:00:00,21.43,7.35,0.47,16.18,1.83
2022-08-17 05:00:00,12.16,7.26,2.32,11.42,1.85
2022-08-17 06:00:00,6,7.48,2.53,9.8,1.93
2022-08-17 07:00:00,6,8.08,5.29,6.0,2.05
2022-08-17 08:00:00,6,7.61,7.52,3.74,2.15
2022-08-17 09:00:00,6,7.74,10.35,4.97,2.18
2022-08-17 10:00:00,6,7.35,10.97,4.49,2.52
2022-08-17 11:00:00,6,6.94,8.19,8.01,2.67
2022-08-17 12:00:00,12.26,6.98,6.65,13.09,2.69
2022-08-17 13:00:00,6,7.04,8.78,21.61,2.73
2022-08-17 14:00:00,6,7.16,4.68,23.86,2.71
2022-08-17 15:00:00,6,7.2,3.58,32.22,2.68
2022-08-17 16:00:00,6,7.26,5.96,35.79,2.59
2022-08-17 17:00:00,12.24,7.23,10.87,29.42,2.72
2022-08-17 18:00:00,19.35,7.39,10.19,24.42,2.63
2022-08-17 19:00:00,18.23,7.48,16.15,14.79,2.82
2022-08-17 20:00:00,6,7.66,16.0,13.27,2.87
2022-08-17 21:00:00,20.35,7.81,19.08,6.53,3.06
2022-08-17 22:00:00,30.27,7.59,18.83,4.7,2.98
2022-08-17 23:00:00,40.47,7.86,11.78,8.98,2.82
2022-08-18 00:00:00,40.13,7.57,8.92,7.89,2.76
2022-08-18 01:00:00,43.73,7.33,6.35,7.88,2.17
2022-08-18 02:00:00,36.13,7.39,10.21,5.78,2.04
2022-08-18 03:00:00,30.72,7.3,3.5,14.16,1.84
2022-08-18 04:00:00,34.52,7.19,5.15,11.41,1.84
2022-08-18 05:00:00,22.87,7.27,2.03,17.17,1.76
2022-08-18 06:00:00,14.52,7.27,0.47,25.69,1.59
2022-08-18 07:00:00,6,7.08,0.47,28.06,1.72
2022-08-18 08:00:00,15.78,7.0,2.92,27.24,1.85
2022-08-18 09:00:00,6,6.8,5.26,23.73,1.8
2022-08-18 10:00:00,6,6.99,6.1,25.36,1.63
2022-08-18 11:00:00,13.44,7.26,9.87,18.44,1.82
2022-08-18 12:00:00,6,7.2,4.34,22.57,1.62
2022-08-18 13:00:00,6,7.28,7.71,17.46,1.76
2022-08-18 14:00:00,6,7.27,4.45,21.58,1.65
2022-08-18 15:00:00,6,7.24,0.47,27.48,1.51
2022-08-18 16:00:00,6,7.06,0.47,29.82,1.43
2022-08-18 17:00:00,6,7.27,1.46,26.32,1.45
2022-08-18 18:00:00,6,7.42,5.59,18.8,1.48
2022-08-18 19:00:00,6,7.71,13.39,8.61,1.7
2022-08-18 20:00:00,15.18,7.99,19.25,0.98,2.37
2022-08-18 21:00:00,6,7.62,14.38,9.75,1.76
2022-08-18 22:00:00,14.35,7.4,13.15,10.51,1.64
2022-08-18 23:00:00,28.58,7.61,9.17,11.12,1.71
2022-08-19 00:00:00,16.03,7.75,5.66,14.18,1.54
2022-08-19 01:00:00,6,7.65,4.28,16.28,1.66
2022-08-19 02:00:00,12.06,6.92,0.47,18.67,1.63
2022-08-19 03:00:00,6,6.98,1.71,16.21,1.61
2022-08-19 04:00:00,6,7.88,3.21,14.87,1.62
2022-08-19 05:00:00,6,8.03,2.26,8.77,1.64
2022-08-19 06:00:00,13.2,22.01,17.1,4.97,1.72
2022-08-19 07:00:00,6,10.49,15.81,6.12,1.9
2022-08-19 08:00:00,6,19.2,21.19,7.1,2.47
2022-08-19 09:00:00,6,29.11,12.24,15.94,1.98
2022-08-19 10:00:00,13.98,13.9,6.93,19.02,1.87
2022-08-19 11:00:00,6,13.36,5.21,24.4,1.79
2022-08-19 12:00:00,6,8.25,1.36,28.67,1.73
2022-08-19 13:00:00,6,7.42,1.55,29.19,1.71
2022-08-19 14:00:00,6,7.31,1.81,30.32,1.75
2022-08-19 15:00:00,6,7.84,2.73,31.71,1.95
2022-08-19 16:00:00,6,7.37,2.31,32.84,1.89
2022-08-19 17:00:00,6,7.58,3.81,30.67,1.89
2022-08-19 18:00:00,6,7.73,7.9,24.3,2.12
2022-08-19 19:00:00,6,10.05,19.57,8.2,2.54
2022-08-19 20:00:00,6,9.99,23.07,0.98,3.11
2022-08-19 21:00:00,30.84,8.5,19.2,2.05,2.83
2022-08-19 22:00:00,47.95,7.65,15.1,3.48,2.58
2022-08-19 23:00:00,34.05,7.58,10.26,8.47,2.45
2022-08-20 00:00:00,29.62,7.58,9.99,7.38,2.58
2022-08-20 01:00:00,35.71,7.24,7.81,3.14,2.06
2022-08-20 02:00:00,25.02,7.22,6.52,0.98,2.1
2022-08-20 03:00:00,22.52,7.19,5.73,0.98,2.02
2022-08-20 04:00:00,30.01,7.67,4.8,2.52,1.97
2022-08-20 05:00:00,17.25,7.46,2.44,2.54,1.98
2022-08-20 06:00:00,6,7.6,5.0,0.98,2.25
2022-08-20 07:00:00,6,7.85,6.52,0.98,3.01
2022-08-20 08:00:00,18.1,8.76,10.7,0.98,2.87
2022-08-20 09:00:00,19.86,7.54,24.45,33.9,2.78
2022-08-20 10:00:00,22.24,8.69,13.47,22.09,2.63
2022-08-20 11:00:00,24.71,7.74,6.4,29.37,2.13
2022-08-20 12:00:00,18.65,8.12,2.59,31.46,1.88
2022-08-20 13:00:00,6,7.6,2.5,33.69,1.86
2022-08-20 14:00:00,6,7.58,1.5,36.62,1.85
2022-08-20 15:00:00,6,7.45,0.96,38.57,1.8
2022-08-20 16:00:00,6,7.6,1.3,37.13,1.8
2022-08-20 17:00:00,6,7.5,2.3,35.93,1.84
2022-08-20 18:00:00,20.39,7.51,3.98,32.98,1.92
2022-08-20 19:00:00,24.01,7.65,7.27,26.97,2.08
2022-08-20 20:00:00,28.16,8.45,11.86,20.19,2.41
2022-08-20 21:00:00,34.21,8.86,13.48,15.84,2.9
2022-08-20 22:00:00,43.79,8.34,14.54,8.31,3.66
2022-08-20 23:00:00,56.35,7.74,12.86,2.36,3.19
2022-08-21 00:00:00,57.89,7.72,10.31,0.98,3.5
2022-08-21 01:00:00,67.97,7.54,7.49,0.98,2.48
2022-08-21 02:00:00,37.43,7.47,5.82,0.98,2.65
2022-08-21 03:00:00,33.88,7.5,3.64,0.98,2.58
2022-08-21 04:00:00,30.73,7.08,3.89,0.98,2.33
2022-08-21 05:00:00,17.49,7.15,2.08,0.98,2.34
2022-08-21 06:00:00,20.07,7.34,1.22,0.98,2.25
2022-08-21 07:00:00,21.34,7.52,1.86,0.98,2.21
2022-08-21 08:00:00,26.46,7.56,2.46,0.98,2.35
2022-08-21 09:00:00,24.2,7.26,4.5,3.26,2.33
2022-08-21 10:00:00,34.27,8.59,7.54,16.94,2.54
2022-08-21 11:00:00,46.63,28.46,5.6,25.72,2.21
2022-08-21 12:00:00,25.68,9.72,4.56,32.7,2.02
2022-08-21 13:00:00,15.74,9.19,3.53,40.64,2.08
2022-08-21 14:00:00,18.99,20.17,3.21,44.85,1.97
2022-08-21 15:00:00,14.65,21.41,3.98,47.72,1.95
2022-08-21 16:00:00,6,21.17,4.91,53.7,2.02
2022-08-21 17:00:00,6,13.12,3.02,59.4,1.96
2022-08-21 18:00:00,24.95,9.65,2.44,40.06,1.87
2022-08-21 19:00:00,29.21,8.98,7.92,26.64,2.08
2022-08-21 20:00:00,41.43,9.01,11.07,23.28,2.2
2022-08-21 21:00:00,28.79,9.39,16.11,11.94,2.56
2022-08-21 22:00:00,44.03,8.66,14.56,4.62,2.65
2022-08-21 23:00:00,41.22,8.33,9.67,2.82,2.83
2022-08-22 00:00:00,52.71,8.43,8.8,0.98,3.13
2022-08-22 01:00:00,55.86,7.58,7.05,0.98,2.27
2022-08-22 02:00:00,39.76,7.33,4.95,0.98,2.06
2022-08-22 03:00:00,21.6,7.36,2.7,0.98,2.11
2022-08-22 04:00:00,23.32,7.03,2.77,0.98,1.92
2022-08-22 05:00:00,25.57,7.1,5.52,0.98,2.17
2022-08-22 06:00:00,23.91,7.36,4.78,0.98,2.01
2022-08-22 07:00:00,30.61,7.86,8.84,0.98,2.3
2022-08-22 08:00:00,32.09,8.09,14.05,0.98,3.02
2022-08-22 09:00:00,32,8.16,14.44,3.41,2.53
2022-08-22 10:00:00,34.36,8.33,5.37,21.33,1.86
2022-08-22 11:00:00,33.82,10.24,4.81,28.44,1.88
2022-08-22 12:00:00,19.68,13.13,7.8,29.89,1.96
2022-08-22 13:00:00,22.04,9.99,9.37,35.25,1.96
2022-08-22 14:00:00,34.96,8.5,5.13,45.32,1.84
2022-08-22 15:00:00,37.85,7.99,3.2,43.37,1.75
2022-08-22 16:00:00,21.4,8.01,2.79,39.45,1.74
2022-08-22 17:00:00,14.85,7.94,3.06,32.55,1.67
2022-08-22 18:00:00,37.99,8.04,6.11,27.94,1.77
2022-08-22 19:00:00,26.3,7.78,10.11,22.09,1.85
2022-08-22 20:00:00,23.92,7.75,8.42,22.4,1.95
2022-08-22 21:00:00,36.48,7.64,5.8,24.15,1.85
2022-08-22 22:00:00,24.53,7.54,7.26,18.31,1.98
2022-08-22 23:00:00,34.1,7.72,9.07,13.37,1.99
2022-08-23 00:00:00,21.32,7.55,4.44,19.7,1.79
2022-08-23 01:00:00,17.51,7.6,1.1,24.72,1.68
2022-08-23 02:00:00,31.3,7.76,1.24,25.07,1.71
2022-08-23 03:00:00,19.77,7.49,0.47,27.23,1.72
2022-08-23 04:00:00,35.55,7.42,0.47,22.32,1.69
2022-08-23 05:00:00,20.73,7.24,0.47,22.32,1.7
2022-08-23 06:00:00,22.96,7.63,3.02,19.0,1.76
2022-08-23 07:00:00,28.73,7.9,6.68,13.91,1.97
2022-08-23 08:00:00,15.34,7.74,9.81,9.05,2.28
2022-08-23 09:00:00,14.43,7.62,7.28,9.83,2.07
2022-08-23 10:00:00,30.34,7.59,5.73,14.02,1.95
2022-08-23 11:00:00,19.14,8.1,6.94,17.72,1.97
2022-08-23 12:00:00,16.88,7.82,6.87,24.28,1.95
2022-08-23 13:00:00,13.15,7.4,3.92,32.06,1.87
2022-08-23 14:00:00,15.99,7.38,4.41,34.4,1.77
2022-08-23 15:00:00,6,7.09,1.9,39.08,1.72
2022-08-23 16:00:00,6,7.76,2.41,42.02,1.76
2022-08-23 17:00:00,6,8.19,6.58,38.15,1.81
2022-08-23 18:00:00,19.88,8.38,13.83,27.14,2.03
2022-08-23 19:00:00,28.03,8.37,20.13,15.42,2.21
2022-08-23 20:00:00,40.44,8.18,24.61,5.86,2.95
2022-08-23 21:00:00,44.07,8.04,20.53,4.9,2.58
2022-08-23 22:00:00,55.09,8.1,18.18,0.98,2.92
2022-08-23 23:00:00,56.35,8.21,13.24,0.98,2.8
2022-08-24 00:00:00,44.44,8.23,8.9,0.98,2.89
2022-08-24 01:00:00,50.42,8.21,7.28,0.98,2.69
2022-08-24 02:00:00,53.36,8.01,6.82,0.98,2.39
2022-08-24 03:00:00,48.87,7.95,3.94,0.98,2.27
2022-08-24 04:00:00,45.96,7.89,3.38,0.98,2.31
2022-08-24 05:00:00,33.19,7.96,2.99,0.98,2.33
2022-08-24 06:00:00,33.56,7.96,4.95,0.98,2.36
2022-08-24 07:00:00,26.85,8.06,8.02,0.98,2.54
2022-08-24 08:00:00,32.43,8.52,7.71,0.98,3.3
2022-08-24 09:00:00,36.36,8.55,11.99,0.98,3.18
2022-08-24 10:00:00,58.2,15.62,14.81,8.45,2.55
2022-08-24 11:00:00,38.06,24.85,10.15,24.06,1.98
2022-08-24 12:00:00,21.53,11.9,10.74,32.78,2
2022-08-24 13:00:00,23.46,21.94,14.96,41.81,2.14
2022-08-24 14:00:00,22.52,32.66,11.22,54.3,2.14
2022-08-24 15:00:00,15.15,28.51,12.1,57.92,2.08
2022-08-24 16:00:00,19.8,31.73,9.77,64.38,1.99
2022-08-24 17:00:00,18.89,13.67,7.41,67.03,1.97
2022-08-24 18:00:00,31.87,10.97,21.65,44.46,2.34
2022-08-24 19:00:00,49.43,10.67,40.86,15.9,3.63
2022-08-24 20:00:00,63.18,9.97,42.35,0.98,3.75
2022-08-24 21:00:00,59.22,9.11,30.39,0.98,3.42
2022-08-24 22:00:00,86.4,8.97,24.22,0.98,3.55
2022-08-24 23:00:00,99.04,8.82,18.2,0.98,2.71
2022-08-25 00:00:00,78.75,8.55,13.42,0.98,2.92
2022-08-25 01:00:00,56.37,8.53,10.87,0.98,2.56
2022-08-25 02:00:00,50.02,8.63,6.69,0.98,2.47
2022-08-25 03:00:00,44.14,8.43,5.25,0.98,2.37
2022-08-25 04:00:00,32,7.35,5.64,0.98,2.29
2022-08-25 05:00:00,34.02,7.36,4.92,0.98,2.36
2022-08-25 06:00:00,40.3,7.79,4.32,0.98,2.49
2022-08-25 07:00:00,33.15,8.04,4.78,0.98,2.64
2022-08-25 08:00:00,20.87,8.51,8.3,0.98,3.47
2022-08-25 09:00:00,28.49,8.37,18.56,0.98,3.33
2022-08-25 10:00:00,38.01,8.44,22.58,9.64,2.79
2022-08-25 11:00:00,43.74,9.05,11.73,28.4,2.12
2022-08-25 12:00:00,23.18,8.03,7.14,41.84,2.04
2022-08-25 13:00:00,23.12,7.74,8.88,50.19,2.04
2022-08-25 14:00:00,14.44,7.59,7.42,52.96,1.81
2022-08-25 15:00:00,6,7.56,5.64,51.55,1.72
2022-08-25 16:00:00,6,7.97,7.66,54.46,1.99
2022-08-25 17:00:00,24.37,7.7,6.16,53.9,1.88
2022-08-25 18:00:00,30.97,7.59,10.45,40.91,2
2022-08-25 19:00:00,34.27,7.57,10.3,37.45,1.96
2022-08-25 20:00:00,43.18,7.57,13.88,30.17,2.15
2022-08-25 21:00:00,26.58,7.56,21.79,16.6,2.48
2022-08-25 22:00:00,44.14,7.68,25.89,7.15,2.74
2022-08-25 23:00:00,41.54,7.68,17.86,10.39,2.28
2022-08-26 00:00:00,39.38,7.97,18.67,2.33,2.9
2022-08-26 01:00:00,49.59,7.34,14.39,2.77,2.2
2022-08-26 02:00:00,40.9,7.34,11.33,0.98,2.32
2022-08-26 03:00:00,52.17,8.15,10.46,0.98,2.32
2022-08-26 04:00:00,43.8,8.13,6.82,0.98,2.37
2022-08-26 05:00:00,49.29,7.42,6.4,0.98,2.4
2022-08-26 06:00:00,29.21,7.26,6.45,0.98,2.38
2022-08-26 07:00:00,33.5,7.84,7.38,0.98,3.04
2022-08-26 08:00:00,42.11,8.53,13.64,0.98,3.68
2022-08-26 09:00:00,45.89,8.55,17.97,0.98,3.49
2022-08-26 10:00:00,51.32,10.24,29.17,11.46,2.86
2022-08-26 11:00:00,55.53,14.64,27.45,36.27,2.52
2022-08-26 12:00:00,44.19,10.92,19.2,36.38,2.33
2022-08-26 13:00:00,36.34,27.98,13.94,44.82,2.25
2022-08-26 14:00:00,37.41,78.9,11.55,48.23,2.03
2022-08-26 15:00:00,28.47,33.72,10.19,68.1,1.84
2022-08-26 16:00:00,18.96,28.17,10.57,67.72,1.99
2022-08-26 17:00:00,14.55,13.7,7.15,63.48,2
2022-08-26 18:00:00,20.94,9.87,6.2,44.51,1.98
2022-08-26 19:00:00,29.13,9.44,14.91,27.48,2.27
2022-08-26 20:00:00,35.87,8.87,11.41,27.31,2.17
2022-08-26 21:00:00,29.71,8.88,11.31,27.36,2.31
2022-08-26 22:00:00,53.08,8.82,11.86,24.11,2.23
2022-08-26 23:00:00,31.86,8.77,16.6,16.28,2.48
2022-08-27 00:00:00,27.76,8.66,14.38,14.2,2.42
2022-08-27 01:00:00,18.78,8.53,12.38,10.62,2.04
2022-08-27 02:00:00,26.3,8.53,11.7,5.51,2.16
2022-08-27 03:00:00,42.51,8.56,7.4,4.48,2.21
2022-08-27 04:00:00,25.97,7.93,6.9,0.98,2.4
2022-08-27 05:00:00,13.86,7.68,4.79,0.98,2.39
2022-08-27 06:00:00,6,8.55,4.39,0.98,2.47
2022-08-27 07:00:00,15.69,8.47,4.31,0.98,3.03
2022-08-27 08:00:00,12,8.21,7.23,0.98,2.9
2022-08-27 09:00:00,6,7.99,20.94,5.45,3.24
2022-08-27 10:00:00,13.32,7.9,14.62,32.04,2.63
2022-08-27 11:00:00,44.24,8.53,7.2,42.83,2.26
2022-08-27 12:00:00,25.16,7.74,5.96,46.25,1.99
2022-08-27 13:00:00,17.51,50.47,4.86,50.62,2.06
2022-08-27 14:00:00,22.27,108.1,7.25,49.84,1.92
2022-08-27 15:00:00,20.78,241.4,20.76,40.46,1.94
2022-08-27 16:00:00,18.55,118.3,15.28,44.59,2.06
2022-08-27 17:00:00,27.38,18.41,5.92,53.83,1.98
2022-08-27 18:00:00,28.59,12.41,5.99,48.83,1.92
2022-08-27 19:00:00,56.16,10.85,28.31,10.7,4.34
2022-08-27 20:00:00,43.54,9.6,21.24,17.23,2.67
2022-08-27 21:00:00,51.24,9.15,15.34,25.69,3.11
2022-08-27 22:00:00,51.62,8.82,4.89,42.26,2.51
2022-08-27 23:00:00,69.2,8.8,1.13,51.16,1.96
2022-08-28 00:00:00,50.11,8.43,0.47,48.05,1.77
2022-08-28 01:00:00,46.54,7.98,0.47,42.01,1.71
2022-08-28 02:00:00,24.6,7.78,0.47,40.97,1.8
2022-08-28 03:00:00,14.77,7.92,0.47,36.35,1.88
2022-08-28 04:00:00,18.93,7.98,0.47,32.11,1.72
2022-08-28 05:00:00,13.36,7.21,0.47,30.7,1.73
2022-08-28 06:00:00,16.49,7.17,0.47,31.37,1.74
2022-08-28 07:00:00,6,7.19,0.47,29.05,1.73
2022-08-28 08:00:00,6,7.17,0.47,28.57,1.73
2022-08-28 09:00:00,6,7.18,0.47,26.41,1.78
2022-08-28 10:00:00,6,7.11,0.47,28.71,1.74
2022-08-28 11:00:00,6,7.16,0.47,30.55,1.89
2022-08-28 12:00:00,6,7.19,0.98,29.61,1.9
2022-08-28 13:00:00,6,7.17,0.47,31.26,1.93
2022-08-28 14:00:00,6,7.05,0.47,32.39,1.96
2022-08-28 15:00:00,6,7.06,0.47,33.5,1.82
2022-08-28 16:00:00,6,7.08,0.47,32.88,1.81
2022-08-28 17:00:00,14.88,7.07,0.47,32.97,1.78
2022-08-28 18:00:00,22.95,7.04,0.94,31.88,1.81
2022-08-28 19:00:00,16.55,7.19,3.87,25.44,1.97
2022-08-28 20:00:00,13.04,7.2,3.77,27.11,2.04
2022-08-28 21:00:00,6,7.19,2.61,29.27,1.97
2022-08-28 22:00:00,14.41,7.04,1.01,31.41,1.79
2022-08-28 23:00:00,6,7.14,1.42,30.93,1.78
2022-08-29 00:00:00,6,7.16,6.17,22.61,1.86
2022-08-29 01:00:00,6,7.2,1.01,27.47,1.68
2022-08-29 02:00:00,6,7.86,6.45,19.89,1.71
2022-08-29 03:00:00,6,7.19,8.01,17.81,1.76
2022-08-29 04:00:00,6,7.19,7.63,17.37,1.76
2022-08-29 05:00:00,6,7.15,8.56,14.51,1.76
2022-08-29 06:00:00,6,7.18,8.76,14.17,1.88
2022-08-29 07:00:00,21.25,7.22,9.5,12.32,1.77
2022-08-29 08:00:00,15.55,7.23,11.77,13.69,1.83
2022-08-29 09:00:00,15.74,7.39,4.48,24.28,1.77
2022-08-29 10:00:00,20.25,7.34,4.93,23.77,1.78
2022-08-29 11:00:00,16.51,7.2,4.88,25.46,1.84
2022-08-29 12:00:00,12.13,7.27,4.31,26.55,1.75
2022-08-29 13:00:00,18.8,14.34,9.55,23.71,1.96
2022-08-29 14:00:00,6,7.53,3.36,30.82,1.89
2022-08-29 15:00:00,12.98,7.11,1.26,32.2,1.84
2022-08-29 16:00:00,6,7.11,1.8,32.03,1.84
2022-08-29 17:00:00,14.28,7.15,2.77,31.21,1.88
2022-08-29 18:00:00,16.94,7.13,5.58,27.7,1.87
2022-08-29 19:00:00,15.93,7.42,15.57,14.17,2.35
2022-08-29 20:00:00,28.52,7.78,19.98,8.24,2.88
2022-08-29 21:00:00,52.24,7.69,23.37,2.8,3.41
2022-08-29 22:00:00,50.86,7.52,18.27,0.98,3.13
2022-08-29 23:00:00,53.43,8.04,15.64,0.98,2.84
2022-08-30 00:00:00,45.79,7.82,11.06,3.2,2.53
2022-08-30 01:00:00,38.99,7.48,3.56,9.87,1.95
2022-08-30 02:00:00,22.42,7.38,4.57,4.45,1.87
2022-08-30 03:00:00,19.01,7.61,3.41,0.98,1.92
2022-08-30 04:00:00,12.75,7.62,1.76,0.98,1.82
2022-08-30 05:00:00,6,7.76,3.95,0.98,1.82
2022-08-30 06:00:00,6,7.92,4.16,0.98,1.91
2022-08-30 07:00:00,6,8.45,4.88,0.98,2.46
2022-08-30 08:00:00,13.57,8.58,11.64,0.98,2.76
2022-08-30 09:00:00,26.33,7.61,9.1,13.74,2.11
2022-08-30 10:00:00,15.46,7.23,2.87,25.4,1.8
2022-08-30 11:00:00,20.12,7.27,4.06,25.39,1.77
2022-08-30 12:00:00,13.03,7.77,1.28,31.06,1.73
2022-08-30 13:00:00,6,8.03,1.98,31.8,1.83
2022-08-30 14:00:00,6,7.57,2.11,33.16,1.78
2022-08-30 15:00:00,6,7.96,0.47,35.33,1.74
2022-08-30 16:00:00,6,7.87,0.47,35.99,1.68
2022-08-30 17:00:00,6,7.92,1.12,35.36,1.72
2022-08-30 18:00:00,6,8.21,3.56,30.66,1.82
2022-08-30 19:00:00,6,8.24,5.69,26.28,1.9
2022-08-30 20:00:00,6,7.76,5.51,25.65,1.92
2022-08-30 21:00:00,18.7,7.63,4.89,24.12,1.94
2022-08-30 22:00:00,27.82,7.34,5.7,19.73,2.05
2022-08-30 23:00:00,18.81,7.32,9.02,13.41,2.14
2022-08-31 00:00:00,21.92,7.38,9.52,6.02,2.47
2022-08-31 01:00:00,25.58,7.38,7.25,4.99,2.04
2022-08-31 02:00:00,25.17,7.41,5.31,3.5,2.02
2022-08-31 03:00:00,6,7.19,4.46,0.98,2.33
2022-08-31 04:00:00,6,7.23,2.91,2.58,2.17
2022-08-31 05:00:00,6,7.16,2.58,0.98,2.29
2022-08-31 06:00:00,6,7.36,4.34,0.98,2.61
2022-08-31 07:00:00,6,8.01,5.4,0.98,3.23
2022-08-31 08:00:00,35.72,8.5,18.81,0.98,4.17
2022-08-31 09:00:00,35.9,8.69,21.98,4.14,3.33
2022-08-31 10:00:00,19.93,83.44,16.51,18.74,2.61
2022-08-31 11:00:00,6,85.93,10.24,20.82,2.44
2022-08-31 12:00:00,6,59.17,11.28,27.27,2.4
2022-08-31 13:00:00,12.71,21.2,6.21,33.83,2.42
2022-08-31 14:00:00,6,12.28,4.92,38.92,2.49
2022-08-31 15:00:00,6,10.14,4.99,40.45,2.43
2022-08-31 16:00:00,15.91,9.83,6.51,43.28,2.54
2022-08-31 17:00:00,12.86,8.76,7.19,41.45,2.42
2022-08-31 18:00:00,13.48,9.13,10.11,28.61,
2022-08-31 19:00:00,45.05,8.99,18.75,13.81,2.92
2022-08-31 20:00:00,50.57,9.03,25.15,3.62,2.98
2022-08-31 21:00:00,38.15,8.84,23.32,2.08,3.74
2022-08-31 22:00:00,68.74,8.82,21.95,0.98,3.62
2022-08-31 23:00:00,54.51,8.81,19.03,0.98,3.39
2022-09-01 00:00:00,59.47,8.14,13.6,0.98,3.14
2022-09-01 01:00:00,53.36,7.53,6.67,0.98,2.15
2022-09-01 02:00:00,29.88,7.61,4.26,0.98,1.96
2022-09-01 03:00:00,21.13,7.54,3.61,0.98,1.98
2022-09-01 04:00:00,12.51,7.57,3.57,0.98,1.88
2022-09-01 05:00:00,12.81,7.5,5.49,0.98,1.94
2022-09-01 06:00:00,14.42,8.09,5.26,0.98,2.29
2022-09-01 07:00:00,23.06,7.82,6.72,0.98,2.26
2022-09-01 08:00:00,21.16,8.67,9.0,0.98,3.05
2022-09-01 09:00:00,13.12,8.77,13.05,0.98,3.14
2022-09-01 10:00:00,19.42,8.71,15.62,4.74,2.73
2022-09-01 11:00:00,12.71,8.05,5.79,14.0,1.85
2022-09-01 12:00:00,6,7.84,3.56,20.51,1.87
2022-09-01 13:00:00,16.09,7.95,4.77,27.68,2
2022-09-01 14:00:00,6,8.63,5.82,34.56,2.16
2022-09-01 15:00:00,23.67,7.78,5.13,41.66,2.05
2022-09-01 16:00:00,18.28,7.66,6.44,41.85,2.05
2022-09-01 17:00:00,12.95,7.64,5.59,35.03,2.02
2022-09-01 18:00:00,32.65,7.87,7.47,28.88,2.08
2022-09-01 19:00:00,31.41,8.08,15.58,17.76,2.21
2022-09-01 20:00:00,24.49,8.68,14.69,15.31,2.27
2022-09-01 21:00:00,37.52,8.86,18.23,9.23,2.49
2022-09-01 22:00:00,38.5,8.84,19.74,2.24,2.5
2022-09-01 23:00:00,37.82,8.52,18.06,0.98,2.8
2022-09-02 00:00:00,35.59,8.42,15.05,0.98,2.73
2022-09-02 01:00:00,38.31,7.75,15.3,0.98,2.23
2022-09-02 02:00:00,31.05,7.6,10.66,8.64,2.08
2022-09-02 03:00:00,47.66,7.65,2.92,14.76,1.75
2022-09-02 04:00:00,57.14,7.59,3.81,15.62,1.68
2022-09-02 05:00:00,37.5,7.72,4.13,17.96,1.75
2022-09-02 06:00:00,22.68,8.27,4.66,22.38,1.77
2022-09-02 07:00:00,13.3,8.34,10.54,9.21,2.3
2022-09-02 08:00:00,16.58,8.66,24.07,0.98,2.54
2022-09-02 09:00:00,6,8.03,17.89,7.78,2.24
2022-09-02 10:00:00,15.11,8.09,19.97,6.41,1.96
2022-09-02 11:00:00,15.28,8.51,12.06,21.22,1.96
2022-09-02 12:00:00,16.24,8.75,3.15,28.51,1.72
2022-09-02 13:00:00,14.19,8.84,4.87,20.28,1.75
2022-09-02 14:00:00,6,8.61,6.32,17.38,1.8
2022-09-02 15:00:00,6,7.9,6.1,16.0,1.71
2022-09-02 16:00:00,6,7.64,6.99,15.53,1.79
2022-09-02 17:00:00,6,7.76,11.02,13.14,1.83
2022-09-02 18:00:00,6,7.68,12.17,12.04,1.92
2022-09-02 19:00:00,6,8.52,19.59,0.98,3.18
2022-09-02 20:00:00,6,7.97,17.61,3.42,2.42
2022-09-02 21:00:00,6,7.62,3.94,19.88,1.84
2022-09-02 22:00:00,6,7.62,2.14,21.08,1.78
2022-09-02 23:00:00,6,7.65,0.47,22.8,1.6
2022-09-03 00:00:00,6,7.65,0.47,23.88,1.49
2022-09-03 01:00:00,6,7.64,0.47,22.87,1.58
2022-09-03 02:00:00,6,7.6,0.47,23.18,1.71
2022-09-03 03:00:00,15.05,7.64,0.47,25.58,1.65
2022-09-03 04:00:00,6,7.69,0.47,26.84,1.66
2022-09-03 05:00:00,6,7.72,0.47,26.64,1.66
2022-09-03 06:00:00,6,7.78,0.47,25.39,1.67
2022-09-03 07:00:00,6,7.7,1.55,23.93,1.69
2022-09-03 08:00:00,6,7.67,2.8,21.58,1.8
2022-09-03 09:00:00,12.24,7.71,2.11,23.17,1.74
2022-09-03 10:00:00,6,7.67,0.47,28.22,1.57
2022-09-03 11:00:00,6,7.66,0.47,31.51,1.72
2022-09-03 12:00:00,6,7.58,0.47,31.18,1.63
2022-09-03 13:00:00,6,7.52,0.47,33.24,1.63
2022-09-03 14:00:00,6,7.55,0.47,35.51,1.61
2022-09-03 15:00:00,6,7.52,0.47,36.65,1.59
2022-09-03 16:00:00,6,7.35,0.47,36.11,1.67
2022-09-03 17:00:00,6,7.12,0.47,36.96,1.64
2022-09-03 18:00:00,16.54,7.24,2.01,31.64,1.83
2022-09-03 19:00:00,6,7.52,9.23,19.17,3.17
2022-09-03 20:00:00,25.23,7.63,17.22,7.93,2.92
2022-09-03 21:00:00,30.3,8.02,18.54,3.62,3.59
2022-09-03 22:00:00,43.15,7.79,16.23,0.98,3.48
2022-09-03 23:00:00,59.49,7.95,11.56,0.98,2.89
2022-09-04 00:00:00,49.69,7.8,9.18,0.98,2.81
2022-09-04 01:00:00,27.27,7.51,5.09,0.98,2.7
2022-09-04 02:00:00,36.57,7.92,10.47,0.98,2.74
2022-09-04 03:00:00,35.06,7.87,9.23,0.98,2.65
2022-09-04 04:00:00,22.23,7.48,8.4,0.98,2.49
2022-09-04 05:00:00,19.88,7.21,5.29,0.98,2.47
2022-09-04 06:00:00,12.95,7.18,3.64,2.49,2.06
2022-09-04 07:00:00,26.55,7.51,5.15,0.98,2.08
2022-09-04 08:00:00,14.63,7.86,5.29,3.91,2.2
2022-09-04 09:00:00,6,16.63,11.25,11.59,2.12
2022-09-04 10:00:00,6,44.05,11.67,18.12,1.81
2022-09-04 11:00:00,31.23,203.0,19.97,16.89,1.86
2022-09-04 12:00:00,17.7,36.87,4.83,28.05,1.87
2022-09-04 13:00:00,28.9,10.83,3.37,36.05,1.94
2022-09-04 14:00:00,15.98,8.83,1.52,42.33,2.06
2022-09-04 15:00:00,6,7.87,0.47,37.39,1.9
2022-09-04 16:00:00,13.3,7.73,0.47,33.98,1.77
2022-09-04 17:00:00,23.93,7.89,0.47,34.07,1.79
2022-09-04 18:00:00,16.22,7.7,0.47,31.85,1.74
2022-09-04 19:00:00,18.17,7.59,1.88,30.1,1.81
2022-09-04 20:00:00,13.64,7.58,3.8,27.74,1.94
2022-09-04 21:00:00,16.46,7.57,4.32,25.22,1.94
2022-09-04 22:00:00,23.46,7.54,4.45,22.08,1.91
2022-09-04 23:00:00,37.94,7.6,5.83,15.28,2.1
2022-09-05 00:00:00,30.65,7.48,4.19,9.71,1.88
2022-09-05 01:00:00,20.38,7.29,3.46,7.45,1.8
2022-09-05 02:00:00,12.93,7.04,2.45,7.22,1.84
2022-09-05 03:00:00,6,6.9,1.86,7.89,1.83
2022-09-05 04:00:00,6,7.01,0.47,12.99,1.8
2022-09-05 05:00:00,6,7.08,0.47,9.24,1.8
2022-09-05 06:00:00,6,7.47,8.05,0.98,1.94
2022-09-05 07:00:00,14.1,7.79,7.03,0.98,2.18
2022-09-05 08:00:00,24.15,8.11,7.27,0.98,3.1
2022-09-05 09:00:00,14.59,8.12,12.8,4.56,2.83
2022-09-05 10:00:00,36.31,10.26,12.18,9.15,2.46
2022-09-05 11:00:00,19.45,8.52,10.43,19.9,2.2
2022-09-05 12:00:00,14.31,8.1,4.94,30.33,1.93
2022-09-05 13:00:00,6,7.88,3.45,34.69,1.93
2022-09-05 14:00:00,6,7.93,1.3,37.4,1.95
2022-09-05 15:00:00,6,8.65,1.12,40.38,1.84
2022-09-05 16:00:00,6,8.99,1.07,41.26,1.86
2022-09-05 17:00:00,6,9.72,1.79,39.22,1.88
2022-09-05 18:00:00,6,8.66,3.54,32.99,1.94
2022-09-05 19:00:00,6,8.09,7.11,27.71,2.03
2022-09-05 20:00:00,23.45,7.99,7.35,25.51,2.13
2022-09-05 21:00:00,12.63,7.98,7.34,23.27,2.18
2022-09-05 22:00:00,13.06,7.96,5.81,22.66,2.09
2022-09-05 23:00:00,24.7,8.06,5.43,19.63,2.12
2022-09-06 00:00:00,15.15,7.97,3.33,19.94,2.02
2022-09-06 01:00:00,26.91,7.99,1.86,22.36,1.84
2022-09-06 02:00:00,15.58,7.98,0.47,25.36,1.82
2022-09-06 03:00:00,13.23,8.11,0.47,24.68,1.84
2022-09-06 04:00:00,6,8.23,0.47,25.04,1.79
2022-09-06 05:00:00,6,8.04,0.47,23.91,1.76
2022-09-06 06:00:00,6,8.05,5.27,16.49,1.83
2022-09-06 07:00:00,19.24,8.09,10.8,7.62,2.11
2022-09-06 08:00:00,13.06,8.52,15.14,0.98,2.93
2022-09-06 09:00:00,12.11,8.47,15.61,0.98,2.53
2022-09-06 10:00:00,31.05,8.05,12.36,5.05,2.19
2022-09-06 11:00:00,15.67,7.98,7.57,9.43,2.03
2022-09-06 12:00:00,6,7.9,5.4,13.93,1.91
2022-09-06 13:00:00,6,7.98,7.81,15.25,2.03
2022-09-06 14:00:00,6,8.0,5.31,17.99,2.01
2022-09-06 15:00:00,6,7.98,5.97,21.27,2.02
2022-09-06 16:00:00,6,7.93,6.39,21.61,2.05
2022-09-06 17:00:00,6,7.96,13.51,12.39,2.16
2022-09-06 18:00:00,6,8.05,16.91,8.46,2.26
2022-09-06 19:00:00,6,8.07,20.64,3.63,2.57
2022-09-06 20:00:00,30.81,8.34,19.94,0.98,3.17
2022-09-06 21:00:00,21.59,8.14,17.15,0.98,2.99
2022-09-06 22:00:00,15.71,8.06,15.81,0.98,3.27
2022-09-06 23:00:00,58.65,8.06,11.68,0.98,3.33
2022-09-07 00:00:00,30.22,8.04,11.19,0.98,3.2
2022-09-07 01:00:00,18.08,8.17,7.76,0.98,2.46
2022-09-07 02:00:00,22.91,7.97,6.16,0.98,2.34
2022-09-07 03:00:00,15.67,8.02,6.04,0.98,2.41
2022-09-07 04:00:00,12.85,7.93,6.45,0.98,2.34
2022-09-07 05:00:00,6,7.93,5.46,0.98,2.12
2022-09-07 06:00:00,6,8.03,5.03,0.98,1.94
2022-09-07 07:00:00,6,8.01,4.4,0.98,1.94
2022-09-07 08:00:00,6,8.05,4.88,0.98,2.02
2022-09-07 09:00:00,6,7.99,5.08,0.98,2.17
2022-09-07 10:00:00,6,7.98,6.72,6.5,2.13
2022-09-07 11:00:00,6,8.02,5.62,25.05,2.07
2022-09-07 12:00:00,6,7.88,4.94,40.02,2.04
2022-09-07 13:00:00,6,7.95,3.98,40.32,2.1
2022-09-07 14:00:00,6,12.11,3.46,41.18,2.04
2022-09-07 15:00:00,6,29.22,3.28,43.41,1.99
2022-09-07 16:00:00,6,31.89,5.78,42.93,1.99
2022-09-07 17:00:00,6,15.43,2.93,46.4,1.89
2022-09-07 18:00:00,6,10.41,7.1,37.14,2.34
2022-09-07 19:00:00,6,11.86,9.33,31.87,2.42
2022-09-07 20:00:00,6,10.18,17.08,18.69,2.44
2022-09-07 21:00:00,22.31,9.86,14.95,16.32,2.74
2022-09-07 22:00:00,13.34,9.38,16.02,10.31,2.64
2022-09-07 23:00:00,21.7,8.88,16.12,7.32,2.78
2022-09-08 00:00:00,18.54,8.27,12.08,4.24,2.4
2022-09-08 01:00:00,44.29,8.08,9.69,0.98,2.22
2022-09-08 02:00:00,39.67,8.01,6.42,0.98,2.24
2022-09-08 03:00:00,22.15,8.0,3.67,2.5,2.1
2022-09-08 04:00:00,16.67,7.95,2.43,3.25,1.96
2022-09-08 05:00:00,12.47,7.97,1.69,1.96,1.94
2022-09-08 06:00:00,6,8.34,2.61,0.98,2.09
2022-09-08 07:00:00,6,9.08,3.13,0.98,2.74
2022-09-08 08:00:00,6,9.03,11.16,0.98,3.67
2022-09-08 09:00:00,18.43,8.7,25.93,6.17,3.34
2022-09-08 10:00:00,27.74,8.17,13.58,26.56,2.42
2022-09-08 11:00:00,17.58,8.05,10.35,31.98,2.16
2022-09-08 12:00:00,28.02,8.22,4.56,44.74,2.03
2022-09-08 13:00:00,17.98,8.16,4.92,48.44,1.99
2022-09-08 14:00:00,13.08,8.35,6.52,50.05,2.04
2022-09-08 15:00:00,12.05,8.18,4.46,49.79,1.98
2022-09-08 16:00:00,6,7.96,4.27,51.34,1.92
2022-09-08 17:00:00,88.92,7.84,7.35,47.21,2.04
2022-09-08 18:00:00,,7.66,11.43,37.06,2.1
2022-09-08 19:00:00,,7.42,12.7,29.21,2.16
2022-09-08 20:00:00,,7.55,18.52,17.52,2.37
2022-09-08 21:00:00,,7.72,15.71,17.92,2.33
2022-09-08 22:00:00,,7.88,14.31,14.39,2.44
2022-09-08 23:00:00,,7.88,16.06,6.14,2.56
2022-09-09 00:00:00,,7.88,12.75,4.89,2.56
2022-09-09 01:00:00,,7.68,11.49,2.22,2.38
2022-09-09 02:00:00,,7.87,12.17,0.98,2.35
2022-09-09 03:00:00,,8.09,9.69,0.98,2.53
2022-09-09 04:00:00,,7.99,8.15,16.47,2.49
2022-09-09 05:00:00,,7.73,4.09,32.36,2.14
2022-09-09 06:00:00,,7.92,12.16,28.95,2.29
2022-09-09 07:00:00,,8.18,11.91,29.46,2.32
2022-09-09 08:00:00,,8.37,9.13,30.03,2.26
2022-09-09 09:00:00,,8.37,23.69,13.7,2.85
2022-09-09 10:00:00,,8.2,18.02,17.59,2.73
2022-09-09 11:00:00,,7.82,19.58,16.08,2.92
2022-09-09 12:00:00,,7.62,21.11,41.78,2.48
2022-09-09 13:00:00,,7.75,13.12,42.51,2.31
2022-09-09 14:00:00,,7.67,5.58,49.14,2.23
2022-09-09 15:00:00,,7.65,1.04,41.77,2.16
2022-09-09 16:00:00,,7.4,2.75,34.72,2.07
2022-09-09 17:00:00,,7.29,6.4,19.39,2
2022-09-09 18:00:00,,6.95,5.69,20.81,1.99
2022-09-09 19:00:00,,7.39,4.26,19.06,1.85
2022-09-09 20:00:00,,7.47,3.05,22.15,1.62
2022-09-09 21:00:00,,7.91,1.41,26.32,1.58
2022-09-09 22:00:00,,7.99,1.84,28.69,1.53
2022-09-09 23:00:00,,7.96,1.17,31.24,1.53
2022-09-10 00:00:00,,8.04,2.38,27.45,1.49
2022-09-10 01:00:00,6,8.0,0.47,29.18,1.54
2022-09-10 02:00:00,6,7.88,0.47,27.27,1.63
2022-09-10 03:00:00,6,7.91,0.47,28.53,1.57
2022-09-10 04:00:00,6,7.88,0.47,28.08,1.59
2022-09-10 05:00:00,6,7.81,0.47,26.91,1.59
2022-09-10 06:00:00,6,7.47,2.44,21.05,1.59
2022-09-10 07:00:00,6,7.68,3.47,19.34,1.65
2022-09-10 08:00:00,15.9,7.77,5.91,19.41,1.71
2022-09-10 09:00:00,13.53,8.06,2.68,25.42,1.71
2022-09-10 10:00:00,12.36,8.1,1.38,27.41,1.69
2022-09-10 11:00:00,6,8.08,1.29,30.05,1.63
2022-09-10 12:00:00,6,9.45,1.51,32.08,1.73
2022-09-10 13:00:00,6,9.29,1.27,32.96,1.63
2022-09-10 14:00:00,6,9.03,1.32,32.55,1.59
2022-09-10 15:00:00,6,9.04,2.0,32.95,1.67
2022-09-10 16:00:00,6,8.91,1.64,32.91,1.69
2022-09-10 17:00:00,6,8.66,3.27,31.26,1.6
2022-09-10 18:00:00,6,8.4,4.04,28.74,1.66
2022-09-10 19:00:00,6,7.93,7.29,23.2,1.8
2022-09-10 20:00:00,6,7.97,10.07,17.45,1.93
2022-09-10 21:00:00,6,8.1,15.06,5.82,3.18
2022-09-10 22:00:00,22.23,8.15,14.48,0.98,3.21
2022-09-10 23:00:00,36.97,7.97,10.12,2.1,2.35
2022-09-11 00:00:00,20.7,7.96,8.67,0.98,2.68
2022-09-11 01:00:00,16.55,7.83,5.92,0.98,2.23
2022-09-11 02:00:00,6,7.41,3.97,0.98,2.12
2022-09-11 03:00:00,25.23,7.29,3.75,0.98,2.26
2022-09-11 04:00:00,13.9,7.51,2.49,0.98,2.42
2022-09-11 05:00:00,20.21,6.81,1.63,0.98,2.18
2022-09-11 06:00:00,6,6.81,3.3,0.98,2.09
2022-09-11 07:00:00,12.12,7.89,3.01,0.98,2.25
2022-09-11 08:00:00,16.48,7.02,2.44,0.98,2.1
2022-09-11 09:00:00,13.95,12.55,5.36,8.76,2.24
2022-09-11 10:00:00,30.98,35.34,8.06,22.87,2.05
2022-09-11 11:00:00,15.7,13.87,4.06,29.22,1.9
2022-09-11 12:00:00,6,10.13,2.33,35.48,1.91
2022-09-11 13:00:00,6,8.03,1.5,40.65,1.91
2022-09-11 14:00:00,6,7.88,1.18,39.76,1.91
2022-09-11 15:00:00,6,7.73,0.47,36.97,1.74
2022-09-11 16:00:00,6,7.58,0.47,35.24,1.7
2022-09-11 17:00:00,6,7.37,0.47,36.35,1.65
2022-09-11 18:00:00,6,7.34,0.47,33.99,1.67
2022-09-11 19:00:00,6,7.29,2.43,32.88,1.74
2022-09-11 20:00:00,22.73,7.73,2.37,30.24,1.79
2022-09-11 21:00:00,19.78,7.72,1.79,30.53,1.74
2022-09-11 22:00:00,15.9,7.5,0.47,31.25,1.72
2022-09-11 23:00:00,17.05,7.06,0.47,31.91,1.67
2022-09-12 00:00:00,16.17,7.46,0.47,31.65,1.66
2022-09-12 01:00:00,6,7.79,0.47,26.81,1.7
2022-09-12 02:00:00,6,7.52,1.16,23.39,1.77
2022-09-12 03:00:00,6,7.27,0.47,18.24,1.78
2022-09-12 04:00:00,6,7.55,1.98,14.92,1.84
2022-09-12 05:00:00,6,7.73,3.1,10.03,1.86
2022-09-12 06:00:00,6,7.62,5.68,4.81,1.86
2022-09-12 07:00:00,6,8.03,11.25,0.98,2.4
2022-09-12 08:00:00,6,8.48,13.96,0.98,3.34
2022-09-12 09:00:00,31.81,8.62,17.29,4.28,2.53
2022-09-12 10:00:00,19.04,9.62,15.56,10.11,2.24
2022-09-12 11:00:00,6,10.88,11.16,15.64,2.05
2022-09-12 12:00:00,6,10.39,11.02,17.04,2.12
2022-09-12 13:00:00,6,10.14,10.06,18.99,2.22
2022-09-12 14:00:00,6,9.34,6.9,24.15,2.08
2022-09-12 15:00:00,6,8.62,4.08,22.3,2.05
2022-09-12 16:00:00,6,8.51,15.7,13.97,2.22
2022-09-12 17:00:00,88.96,8.53,21.06,9.47,2.3
2022-09-12 18:00:00,84.19,8.48,27.26,3.31,2.79
2022-09-12 19:00:00,59.69,8.62,27.9,0.98,3.19
2022-09-12 20:00:00,35.96,9.18,19.95,0.98,2.86
2022-09-12 21:00:00,46.37,9.4,17.27,0.98,2.73
2022-09-12 22:00:00,28.85,9.37,15.3,0.98,2.93
2022-09-12 23:00:00,26.34,9.38,18.51,0.98,2.82
2022-09-13 00:00:00,27.32,8.83,13.38,2.56,2.17
2022-09-13 01:00:00,40.68,8.37,11.01,3.24,1.97
2022-09-13 02:00:00,33.98,8.42,10.21,3.01,2.04
2022-09-13 03:00:00,22.57,8.33,10.24,3.82,1.97
2022-09-13 04:00:00,16.56,8.35,8.46,2.45,1.95
2022-09-13 05:00:00,14.18,8.23,4.7,8.01,1.89
2022-09-13 06:00:00,6,8.22,5.86,7.79,1.85
2022-09-13 07:00:00,6,8.4,12.34,2.21,2.06
2022-09-13 08:00:00,6,8.32,13.18,0.98,2.16
2022-09-13 09:00:00,6,8.55,7.45,7.3,2.06
2022-09-13 10:00:00,17.72,8.85,5.04,11.48,1.89
2022-09-13 11:00:00,12.87,8.3,2.62,18.54,1.84
2022-09-13 12:00:00,6,8.08,3.14,25.33,1.86
2022-09-13 13:00:00,6,8.47,4.92,30.15,1.94
2022-09-13 14:00:00,6,51.82,8.02,24.74,1.88
2022-09-13 15:00:00,6,35.63,3.31,32.01,1.85
2022-09-13 16:00:00,6,11.42,0.47,36.93,1.7
2022-09-13 17:00:00,6,9.76,0.47,38.21,1.7
2022-09-13 18:00:00,6,9.21,3.92,33.51,1.84
2022-09-13 19:00:00,6,8.82,7.82,24.12,1.88
2022-09-13 20:00:00,6,8.44,9.13,21.23,2.01
2022-09-13 21:00:00,6,8.34,7.82,21.41,1.98
2022-09-13 22:00:00,6,8.28,7.78,18.19,2.53
2022-09-13 23:00:00,24.47,8.11,4.39,21.01,2.02
2022-09-14 00:00:00,18.59,7.93,3.88,18.13,1.95
2022-09-14 01:00:00,15.52,7.74,0.97,22.24,1.73
2022-09-14 02:00:00,12.2,7.38,1.24,23.22,1.74
2022-09-14 03:00:00,6,7.34,1.18,23.7,1.76
2022-09-14 04:00:00,6,7.21,0.47,27.59,1.78
2022-09-14 05:00:00,6,7.05,0.47,27.59,1.72
2022-09-14 06:00:00,6,7.05,0.47,23.5,1.8
2022-09-14 07:00:00,6,7.07,2.21,22.59,1.83
2022-09-14 08:00:00,23.45,7.37,10.02,13.66,2.09
2022-09-14 09:00:00,14.38,7.42,7.78,17.13,1.94
2022-09-14 10:00:00,18.3,8.25,3.42,24.85,1.82
2022-09-14 11:00:00,13.1,8.09,1.73,27.27,1.79
2022-09-14 12:00:00,6,7.75,0.95,31.35,1.74
2022-09-14 13:00:00,6,7.15,0.94,33.13,1.75
2022-09-14 14:00:00,6,6.93,0.47,36.55,1.68
2022-09-14 15:00:00,6,6.86,0.47,36.38,1.71
2022-09-14 16:00:00,6,6.79,0.47,36.3,1.72
2022-09-14 17:00:00,6,6.81,0.47,34.89,1.72
2022-09-14 18:00:00,6,6.84,2.82,29.5,1.77
2022-09-14 19:00:00,6,6.82,3.69,27.26,1.8
2022-09-14 20:00:00,6,7.0,6.96,21.1,2.08
2022-09-14 21:00:00,26.22,7.05,9.16,13.71,2.42
2022-09-14 22:00:00,14.99,6.97,6.53,13.83,2.22
2022-09-14 23:00:00,6,7.21,8.47,7.22,2.42
2022-09-15 00:00:00,6,6.82,3.78,16.16,1.93
2022-09-15 01:00:00,6,6.83,0.47,22.19,1.73
2022-09-15 02:00:00,6,6.74,0.47,20.94,1.78
2022-09-15 03:00:00,6,6.84,0.47,19.65,1.79
2022-09-15 04:00:00,6,6.78,0.47,18.89,1.8
2022-09-15 05:00:00,6,6.81,0.47,22.56,1.78
2022-09-15 06:00:00,6,6.78,0.99,19.67,1.97
2022-09-15 07:00:00,,7.02,5.54,14.3,
2022-09-15 08:00:00,6,6.96,7.87,14.34,
2022-09-15 09:00:00,6,7.2,4.26,18.23,2.02
2022-09-15 10:00:00,6,7.07,2.3,24.55,1.81
2022-09-15 11:00:00,6,7.19,4.95,22.7,1.92
2022-09-15 12:00:00,28.05,7.73,2.05,29.32,1.87
2022-09-15 13:00:00,14.05,7.52,1.79,28.29,1.85
2022-09-15 14:00:00,6,7.49,2.92,28.5,1.85
2022-09-15 15:00:00,6,7.41,1.51,32.36,1.76
2022-09-15 16:00:00,6,7.56,1.33,32.34,1.71
2022-09-15 17:00:00,6,7.2,1.07,33.91,1.73
2022-09-15 18:00:00,6,7.63,1.89,31.58,1.8
2022-09-15 19:00:00,6,7.35,5.22,26.06,1.88
2022-09-15 20:00:00,6,7.09,7.51,21.19,1.99
2022-09-15 21:00:00,6,7.19,8.4,15.89,2.13
2022-09-15 22:00:00,6,7.08,9.19,11.18,2.19
2022-09-15 23:00:00,6,7.17,6.41,12.71,2.12
2022-09-16 00:00:00,6,7.36,5.39,11.03,2.09
2022-09-16 01:00:00,6,7.41,3.36,11.12,1.95
2022-09-16 02:00:00,6,7.16,4.56,7.72,1.95
2022-09-16 03:00:00,6,7.4,1.1,12.94,1.71
2022-09-16 04:00:00,6,7.01,0.47,12.51,1.7
2022-09-16 05:00:00,6,6.9,0.47,16.21,1.7
2022-09-16 06:00:00,6,6.95,5.54,8.72,1.78
2022-09-16 07:00:00,6,7.06,6.74,10.1,1.88
2022-09-16 08:00:00,13.32,7.15,7.84,12.91,2.08
2022-09-16 09:00:00,6,7.35,4.56,20.1,1.95
2022-09-16 10:00:00,6,7.2,1.48,29.74,1.73
2022-09-16 11:00:00,6,7.73,2.11,32.53,1.71
2022-09-16 12:00:00,,7.65,2.46,33.46,
2022-09-16 13:00:00,,8.57,2.09,34.67,
2022-09-16 14:00:00,,7.34,0.94,36.34,
2022-09-16 15:00:00,,8.11,1.81,35.61,2.49
2022-09-16 16:00:00,6,7.32,0.47,36.99,2.15
2022-09-16 17:00:00,6,8.0,1.63,35.0,2.15
2022-09-16 18:00:00,16.33,7.45,2.57,32.55,2.21
2022-09-16 19:00:00,16.25,7.37,4.45,28.44,2.25
2022-09-16 20:00:00,23.43,7.58,3.99,27.93,2.25
2022-09-16 21:00:00,20.78,7.96,3.97,27.76,2.28
2022-09-16 22:00:00,21.61,7.38,2.72,26.71,2.23
2022-09-16 23:00:00,15.28,7.42,2.84,24.3,2.33
2022-09-17 00:00:00,16.61,7.56,2.33,23.47,2.26
2022-09-17 01:00:00,6,7.16,1.39,23.28,1.94
2022-09-17 02:00:00,25.51,7.29,2.33,18.8,1.8
2022-09-17 03:00:00,19.12,7.23,1.73,13.7,1.78
2022-09-17 04:00:00,13.68,7.33,2.74,9.41,1.83
2022-09-17 05:00:00,6,7.21,2.3,10.3,1.77
2022-09-17 06:00:00,19.02,7.19,4.85,5.81,1.83
2022-09-17 07:00:00,6,7.33,5.1,0.98,1.8
2022-09-17 08:00:00,19.85,7.59,7.51,3.1,1.95
2022-09-17 09:00:00,12.32,7.43,5.06,20.77,1.95
2022-09-17 10:00:00,6,7.38,2.58,27.62,1.74
2022-09-17 11:00:00,6,7.31,1.15,30.97,1.72
2022-09-17 12:00:00,6,7.35,0.47,32.91,1.71
2022-09-17 13:00:00,6,7.58,0.47,33.16,1.79
2022-09-17 14:00:00,6,7.6,1.22,33.31,1.7
2022-09-17 15:00:00,15.03,7.58,0.95,35.56,1.72
2022-09-17 16:00:00,6,7.52,0.47,38.74,1.71
2022-09-17 17:00:00,6,7.48,1.26,36.36,1.74
2022-09-17 18:00:00,31.88,7.62,1.07,35.32,1.79
2022-09-17 19:00:00,29.02,7.37,1.51,32.44,1.76
2022-09-17 20:00:00,25.88,7.37,1.53,31.01,1.76
2022-09-17 21:00:00,24.48,7.34,1.91,30.0,1.78
2022-09-17 22:00:00,16.44,7.3,1.73,28.59,1.88
2022-09-17 23:00:00,31.11,7.2,1.89,25.26,1.96
2022-09-18 00:00:00,18.57,7.09,2.12,23.03,1.92
2022-09-18 01:00:00,31.5,7.07,3.78,20.12,1.89
2022-09-18 02:00:00,18.41,6.92,5.96,11.53,2.05
2022-09-18 03:00:00,20.63,7.06,5.5,6.86,2.02
2022-09-18 04:00:00,12.11,7.16,4.05,3.79,1.98
2022-09-18 05:00:00,23.96,7.09,2.39,5.6,1.92
2022-09-18 06:00:00,14.75,7.25,2.05,6.18,1.86
2022-09-18 07:00:00,12.94,7.34,3.9,2.81,1.93
2022-09-18 08:00:00,23.08,7.43,4.11,8.3,2.19
2022-09-18 09:00:00,20.99,12.28,9.78,41.85,1.98
2022-09-18 10:00:00,6,9.31,1.56,34.68,1.78
2022-09-18 11:00:00,13.73,7.96,1.04,33.64,1.79
2022-09-18 12:00:00,6,7.37,1.4,34.89,1.87
2022-09-18 13:00:00,6,7.87,1.01,34.33,1.97
2022-09-18 14:00:00,6,7.62,0.47,34.19,1.96
2022-09-18 15:00:00,12.14,7.5,0.47,35.8,1.97
2022-09-18 16:00:00,6,7.56,0.47,37.88,1.93
2022-09-18 17:00:00,12.22,7.38,0.47,36.63,1.88
2022-09-18 18:00:00,20.46,7.42,1.32,35.05,1.9
2022-09-18 19:00:00,14.92,7.37,5.31,26.5,2.03
2022-09-18 20:00:00,41.51,7.41,5.16,22.52,2
2022-09-18 21:00:00,33.43,7.36,3.57,21.21,2.03
2022-09-18 22:00:00,36.94,7.39,6.63,13.55,2.32
2022-09-18 23:00:00,31.31,7.81,8.34,13.64,2.12
2022-09-19 00:00:00,35.08,8.02,4.59,15.71,2.01
2022-09-19 01:00:00,29.09,7.7,2.57,15.46,1.83
2022-09-19 02:00:00,25.66,7.45,1.56,15.61,1.81
2022-09-19 03:00:00,16.17,7.26,2.04,13.63,1.79
2022-09-19 04:00:00,19.33,7.37,2.55,12.52,1.8
2022-09-19 05:00:00,12.63,7.52,0.98,16.81,1.76
2022-09-19 06:00:00,6,7.76,2.51,17.4,1.76
2022-09-19 07:00:00,6,7.94,7.74,5.57,2.33
2022-09-19 08:00:00,6,8.01,11.27,2.01,2.2
2022-09-19 09:00:00,6,8.14,13.39,2.55,2.22
2022-09-19 10:00:00,20.97,7.89,9.58,13.47,1.83
2022-09-19 11:00:00,6,8.09,3.81,18.58,1.77
2022-09-19 12:00:00,12.77,19.51,5.92,16.38,1.79
2022-09-19 13:00:00,6,79.33,11.2,9.59,2.04
2022-09-19 14:00:00,6,25.32,8.26,10.82,2.24
2022-09-19 15:00:00,6,11.24,7.46,12.69,2.09
2022-09-19 16:00:00,16.69,9.81,6.65,13.94,1.96
2022-09-19 17:00:00,6,9.08,8.78,9.79,1.97
2022-09-19 18:00:00,6,8.73,14.29,4.96,2.27
2022-09-19 19:00:00,15.46,8.89,16.37,2.81,2.54
2022-09-19 20:00:00,6,8.83,19.32,2.03,2.65
2022-09-19 21:00:00,19.42,8.74,20.29,0.98,2.52
2022-09-19 22:00:00,12.65,8.61,13.75,3.98,2.39
2022-09-19 23:00:00,18.91,8.57,13.56,3.98,2.07
2022-09-20 00:00:00,6,8.36,7.06,9.59,1.82
2022-09-20 01:00:00,6,8.49,2.4,16.2,1.74
2022-09-20 02:00:00,6,8.16,2.19,14.49,1.91
2022-09-20 03:00:00,6,8.24,1.63,13.9,1.93
2022-09-20 04:00:00,6,8.48,3.27,10.93,1.86
2022-09-20 05:00:00,6,8.55,1.04,12.74,1.85
2022-09-20 06:00:00,6,8.36,2.15,10.77,1.84
2022-09-20 07:00:00,6,8.25,7.43,8.86,2.06
2022-09-20 08:00:00,6,8.15,6.12,14.66,1.96
2022-09-20 09:00:00,6,8.36,6.97,13.45,1.87
2022-09-20 10:00:00,6,8.67,2.19,23.03,1.89
2022-09-20 11:00:00,6,8.92,0.47,29.84,1.83
2022-09-20 12:00:00,6,8.8,1.06,31.46,1.87
2022-09-20 13:00:00,6,8.73,0.47,34.52,1.92
2022-09-20 14:00:00,6,8.47,0.47,36.26,1.93
2022-09-20 15:00:00,6,8.33,0.47,38.06,1.89
2022-09-20 16:00:00,12.6,8.0,1.32,39.83,1.87
2022-09-20 17:00:00,6,7.92,2.13,38.64,2.03
2022-09-20 18:00:00,13.94,7.77,2.45,30.3,1.96
2022-09-20 19:00:00,28.43,7.81,2.34,32.63,1.98
2022-09-20 20:00:00,24.17,7.84,2.82,36.74,2.34
2022-09-20 21:00:00,26.97,7.73,2.66,36.23,2.3
2022-09-20 22:00:00,22.86,7.55,2.03,34.72,2.07
2022-09-20 23:00:00,27.73,7.65,1.27,34.03,1.85
2022-09-21 00:00:00,16.05,7.43,0.47,34.13,1.76
2022-09-21 01:00:00,6,7.4,0.47,31.98,1.72
2022-09-21 02:00:00,6,7.41,0.47,34.84,1.71
2022-09-21 03:00:00,6,7.36,0.47,31.94,1.78
2022-09-21 04:00:00,6,7.35,0.47,28.39,1.82
2022-09-21 05:00:00,6,7.32,0.47,26.27,1.78
2022-09-21 06:00:00,6,7.55,1.16,21.39,1.82
2022-09-21 07:00:00,6,7.58,5.4,13.62,1.9
2022-09-21 08:00:00,6,7.55,10.05,12.31,2.13
2022-09-21 09:00:00,6,7.65,5.32,22.36,1.98
2022-09-21 10:00:00,6,7.71,2.89,27.8,1.89
2022-09-21 11:00:00,6,7.66,2.36,30.97,1.87
2022-09-21 12:00:00,6,7.7,1.08,34.33,1.82
2022-09-21 13:00:00,6,7.75,1.61,35.11,1.88
2022-09-21 14:00:00,6,7.75,0.47,35.84,
2022-09-21 15:00:00,6,7.98,0.47,33.86,
2022-09-21 16:00:00,6,7.74,2.34,28.45,2.11
2022-09-21 17:00:00,6,7.73,3.89,25.98,2.29
2022-09-21 18:00:00,17.87,8.06,5.37,24.0,2.36
2022-09-21 19:00:00,19.99,7.69,6.47,21.74,2.34
2022-09-21 20:00:00,14.92,7.72,3.75,23.75,2.26
2022-09-21 21:00:00,6,7.92,3.11,23.11,2.22
2022-09-21 22:00:00,6,7.97,2.75,22.68,2.25
2022-09-21 23:00:00,6,7.96,2.44,21.95,2.23
2022-09-22 00:00:00,6,8.01,1.23,22.8,2.2
2022-09-22 01:00:00,12.3,8.02,0.47,21.23,1.91
2022-09-22 02:00:00,15.11,7.95,0.47,22.27,1.75
2022-09-22 03:00:00,6,7.96,0.47,18.88,1.76
2022-09-22 04:00:00,6,7.98,0.47,17.51,1.74
2022-09-22 05:00:00,6,8.02,0.47,16.64,1.77
2022-09-22 06:00:00,6,7.95,2.75,12.12,1.8
2022-09-22 07:00:00,6,8.06,5.42,5.65,2.04
2022-09-22 08:00:00,6,8.25,13.81,2.88,2.9
2022-09-22 09:00:00,6,8.54,12.39,7.05,2.1
2022-09-22 10:00:00,6,8.39,5.37,14.12,1.83
2022-09-22 11:00:00,20.72,8.1,3.68,19.79,1.83
2022-09-22 12:00:00,6,8.01,3.31,22.05,1.78
2022-09-22 13:00:00,6,7.99,1.85,27.07,1.76
2022-09-22 14:00:00,6,8.03,3.48,25.94,1.83
2022-09-22 15:00:00,6,8.07,1.02,33.08,1.71
2022-09-22 16:00:00,6,8.58,0.99,32.59,1.65
2022-09-22 17:00:00,6,7.93,0.47,28.14,1.77
2022-09-22 18:00:00,17.72,7.96,3.26,24.27,1.8
2022-09-22 19:00:00,6,7.69,5.92,22.18,1.92
2022-09-22 20:00:00,6,7.62,6.92,20.05,2.03
2022-09-22 21:00:00,6,7.62,3.24,23.96,1.85
2022-09-22 22:00:00,6,7.59,1.04,28.95,1.86
2022-09-22 23:00:00,6,8.04,1.63,28.82,1.82
2022-09-23 00:00:00,6,8.32,1.82,27.49,1.82
2022-09-23 01:00:00,6,8.65,0.47,27.07,1.75
2022-09-23 02:00:00,6,9.18,1.0,25.1,1.71
2022-09-23 03:00:00,6,9.0,0.47,27.03,1.72
2022-09-23 04:00:00,6,9.29,1.01,27.15,1.69
2022-09-23 05:00:00,6,9.99,2.33,24.52,1.72
2022-09-23 06:00:00,6,10.32,5.79,20.01,1.73
2022-09-23 07:00:00,6,9.78,9.52,14.63,1.92
2022-09-23 08:00:00,6,10.8,10.43,15.41,2.24
2022-09-23 09:00:00,6,11.89,7.11,21.93,1.94
2022-09-23 10:00:00,6,10.92,4.0,28.56,1.82
2022-09-23 11:00:00,6,8.71,2.14,32.55,1.92
2022-09-23 12:00:00,6,8.62,1.53,34.14,1.8
2022-09-23 13:00:00,6,7.97,1.36,35.41,1.77
2022-09-23 14:00:00,6,8.06,1.42,36.74,1.74
2022-09-23 15:00:00,6,7.94,1.31,37.05,1.74
2022-09-23 16:00:00,6,7.98,1.2,36.65,1.74
2022-09-23 17:00:00,6,7.97,2.5,34.74,1.79
2022-09-23 18:00:00,6,7.93,5.06,32.22,1.87
2022-09-23 19:00:00,6,7.98,9.0,23.14,1.92
2022-09-23 20:00:00,13.47,7.94,13.42,15.63,2.15
2022-09-23 21:00:00,28.91,8.08,9.72,19.15,2.09
2022-09-23 22:00:00,17.29,8.98,18.34,3.18,3.61
2022-09-23 23:00:00,28.33,9.23,15.93,0.98,2.84
2022-09-24 00:00:00,33.23,9.03,11.28,0.98,2.9
2022-09-24 01:00:00,31.69,8.73,8.4,0.98,2.63
2022-09-24 02:00:00,31.71,8.73,10.44,0.98,2.72
2022-09-24 03:00:00,20.76,8.08,7.63,0.98,2.58
2022-09-24 04:00:00,20.33,8.03,8.31,0.98,2.43
2022-09-24 05:00:00,22.53,8.01,7.25,0.98,2.26
2022-09-24 06:00:00,13.06,7.95,5.86,3.11,2.09
2022-09-24 07:00:00,13.11,8.06,8.83,2.48,2.13
2022-09-24 08:00:00,23.71,11.66,14.49,6.29,2.18
2022-09-24 09:00:00,24.06,46.39,20.69,17.82,2.05
2022-09-24 10:00:00,21.92,17.58,8.42,26.66,1.83
2022-09-24 11:00:00,18.58,12.46,6.69,27.8,1.82
2022-09-24 12:00:00,14.9,10.01,3.85,44.93,1.79
2022-09-24 13:00:00,6,8.01,1.73,49.97,1.67
2022-09-24 14:00:00,6,7.92,2.48,53.52,1.68
2022-09-24 15:00:00,6,7.99,4.29,58.26,1.71
2022-09-24 16:00:00,6,7.89,1.0,48.22,1.64
2022-09-24 17:00:00,6,7.77,1.01,40.6,1.59
2022-09-24 18:00:00,18.28,7.67,1.06,37.6,1.59
2022-09-24 19:00:00,13.26,7.97,2.15,31.99,1.69
2022-09-24 20:00:00,6,8.43,3.54,26.69,1.8
2022-09-24 21:00:00,28.27,7.99,3.03,25.45,1.83
2022-09-24 22:00:00,23.08,7.99,2.28,26.59,1.9
2022-09-24 23:00:00,22.12,7.96,5.56,18.85,2.2
2022-09-25 00:00:00,29.82,7.93,4.75,14.04,2.09
2022-09-25 01:00:00,30.7,7.97,4.24,12.53,1.91
2022-09-25 02:00:00,31.33,7.99,3.7,10.57,1.99
2022-09-25 03:00:00,16.88,7.89,2.06,12.11,1.89
2022-09-25 04:00:00,6,7.93,1.59,11.08,1.86
2022-09-25 05:00:00,6,7.91,0.47,13.07,1.81
2022-09-25 06:00:00,6,7.91,1.88,9.2,1.77
2022-09-25 07:00:00,6,8.0,3.74,6.21,1.84
2022-09-25 08:00:00,6,7.95,2.0,11.15,1.86
2022-09-25 09:00:00,13.62,7.95,1.88,19.92,1.87
2022-09-25 10:00:00,15.34,7.95,1.6,25.09,1.95
2022-09-25 11:00:00,13.43,8.11,0.96,29.82,1.87
2022-09-25 12:00:00,6,8.17,0.47,33.96,1.87
2022-09-25 13:00:00,6,8.21,0.47,35.57,1.96
2022-09-25 14:00:00,12.33,8.94,0.47,37.78,2
2022-09-25 15:00:00,19.25,10.22,1.31,37.59,2.03
2022-09-25 16:00:00,17.08,9.34,0.47,34.83,1.89
2022-09-25 17:00:00,13.78,8.39,1.45,31.11,1.83
2022-09-25 18:00:00,24.45,8.16,4.47,23.35,2
2022-09-25 19:00:00,30.24,8.27,6.62,17.94,2.05
2022-09-25 20:00:00,29.02,8.29,7.74,13.42,2.11
2022-09-25 21:00:00,26.71,8.35,9.05,9.72,2.32
2022-09-25 22:00:00,25.95,8.38,9.09,5.87,2.4
2022-09-25 23:00:00,35.12,8.39,11.62,2.2,2.22
2022-09-26 00:00:00,37.67,9.21,12.86,3.19,2.14
2022-09-26 01:00:00,34.05,75.67,11.34,7.44,1.9
2022-09-26 02:00:00,32.49,16.44,5.24,8.46,2.07
2022-09-26 03:00:00,18.14,10.84,4.41,5.37,2.01
2022-09-26 04:00:00,15.18,9.46,4.52,3.03,2.12
2022-09-26 05:00:00,19.39,9.12,4.36,0.98,2.4
2022-09-26 06:00:00,27.59,8.95,5.66,0.98,2.3
2022-09-26 07:00:00,27.44,8.99,6.63,0.98,2.56
2022-09-26 08:00:00,34.65,8.97,9.51,0.98,2.92
2022-09-26 09:00:00,30.24,25.02,16.18,6.09,2.36
2022-09-26 10:00:00,36.17,18.61,8.45,16.65,2.01
2022-09-26 11:00:00,21.41,9.7,5.41,23.71,1.87
2022-09-26 12:00:00,21.55,40.42,8.37,25.31,1.94
2022-09-26 13:00:00,17.79,18.38,5.77,34.13,1.92
2022-09-26 14:00:00,6,16.68,4.66,41.27,1.92
2022-09-26 15:00:00,,164.8,3.28,,
2022-09-26 16:00:00,,18.6,,,
2022-09-26 17:00:00,6,12.58,8.84,44.09,
2022-09-26 18:00:00,6,8.81,4.82,46.91,2.09
2022-09-26 19:00:00,6,8.41,8.96,35.96,2.43
2022-09-26 20:00:00,14.36,8.72,31.16,9.77,3.09
2022-09-26 21:00:00,24.6,7.82,22.93,16.12,2.57
2022-09-26 22:00:00,15.15,8.44,32.26,2.93,3.13
2022-09-26 23:00:00,32.62,8.19,27.46,0.98,2.94
2022-09-27 00:00:00,58.47,8.0,20.52,0.98,3.05
2022-09-27 01:00:00,40.43,8.0,23.12,0.98,2.73
2022-09-27 02:00:00,51.67,7.78,23.27,0.98,2.61
2022-09-27 03:00:00,70.49,7.89,17.41,3.53,2.27
2022-09-27 04:00:00,49.72,8.14,12.96,4.62,2.18
2022-09-27 05:00:00,36.42,7.93,13.05,3.88,2.28
2022-09-27 06:00:00,34.57,7.87,14.73,0.98,2.24
2022-09-27 07:00:00,32.79,8.58,21.67,0.98,2.64
2022-09-27 08:00:00,50.42,8.21,27.98,3.97,2.7
2022-09-27 09:00:00,45.89,7.99,13.76,13.26,2.01
2022-09-27 10:00:00,39.62,8.55,10.54,28.51,1.88
2022-09-27 11:00:00,28.42,8.17,4.56,40.7,1.71
2022-09-27 12:00:00,16.95,7.67,6.02,46.6,1.69
2022-09-27 13:00:00,13.91,8.33,7.45,49.17,1.67
2022-09-27 14:00:00,12.7,7.76,6.73,49.84,1.58
2022-09-27 15:00:00,6,7.62,4.81,52.51,1.62
2022-09-27 16:00:00,6,8.24,6.41,48.03,1.64
2022-09-27 17:00:00,6,8.5,5.65,39.87,1.71
2022-09-27 18:00:00,21.88,8.48,6.42,35.69,1.7
2022-09-27 19:00:00,22.02,8.25,9.96,31.69,1.76
2022-09-27 20:00:00,29.37,7.58,9.44,30.61,1.68
2022-09-27 21:00:00,33.7,7.55,8.78,28.33,1.73
2022-09-27 22:00:00,24.75,7.5,7.11,24.54,1.64
2022-09-27 23:00:00,22.49,7.49,4.74,28.21,1.63
2022-09-28 00:00:00,26.46,7.58,2.68,32.24,1.61
2022-09-28 01:00:00,21.51,7.61,2.8,33.47,1.59
2022-09-28 02:00:00,15.19,7.54,2.2,31.48,1.65
2022-09-28 03:00:00,6,7.55,1.93,33.05,1.66
2022-09-28 04:00:00,16.58,7.57,2.79,27.86,1.65
2022-09-28 05:00:00,6,7.62,3.18,26.05,1.67
2022-09-28 06:00:00,6,7.58,5.4,24.14,1.67
2022-09-28 07:00:00,6,7.85,13.64,14.73,1.89
2022-09-28 08:00:00,14.68,8.09,15.91,14.36,2.14
2022-09-28 09:00:00,21.18,8.16,7.71,26.57,1.77
2022-09-28 10:00:00,19.77,8.07,4.05,32.72,1.7
2022-09-28 11:00:00,15.9,7.83,3.75,36.24,1.66
2022-09-28 12:00:00,14.12,7.83,3.47,38.33,1.67
2022-09-28 13:00:00,15.84,7.55,3.04,37.63,1.59
2022-09-28 14:00:00,6,7.63,3.76,37.41,1.6
2022-09-28 15:00:00,6,7.43,3.47,37.0,1.61
2022-09-28 16:00:00,6,7.47,3.09,36.19,1.62
2022-09-28 17:00:00,6,7.92,3.31,33.64,1.68
2022-09-28 18:00:00,16.22,7.7,5.35,31.48,1.69
2022-09-28 19:00:00,26.39,7.81,5.93,30.16,1.62
2022-09-28 20:00:00,25.52,7.77,5.75,30.3,1.63
2022-09-28 21:00:00,34.31,7.42,5.05,29.85,1.7
2022-09-28 22:00:00,23.93,7.61,5.51,27.72,1.73
2022-09-28 23:00:00,31.41,7.57,6.21,24.44,1.72
2022-09-29 00:00:00,25.9,7.54,6.26,22.5,1.71
2022-09-29 01:00:00,31.57,7.54,7.57,15.94,1.78
2022-09-29 02:00:00,22.54,7.56,7.67,11.38,1.89
2022-09-29 03:00:00,18.52,7.51,5.72,13.12,1.81
2022-09-29 04:00:00,17.8,7.56,5.86,8.6,1.82
2022-09-29 05:00:00,6,7.5,6.9,6.33,1.89
2022-09-29 06:00:00,6,7.48,9.17,3.94,1.91
2022-09-29 07:00:00,23.58,7.8,17.7,0.98,2.53
2022-09-29 08:00:00,15.69,7.83,21.49,4.82,2.58
2022-09-29 09:00:00,31.8,7.61,17.15,13.81,2.17
2022-09-29 10:00:00,19.17,7.69,9.12,27.16,1.92
2022-09-29 11:00:00,26.08,7.6,4.76,34.03,1.81
2022-09-29 12:00:00,23,7.45,3.82,36.18,1.78
2022-09-29 13:00:00,13.78,7.5,4.48,36.04,1.78
2022-09-29 14:00:00,6,7.37,3.35,36.85,1.79
2022-09-29 15:00:00,12.02,7.52,2.67,37.33,1.76
2022-09-29 16:00:00,17.34,7.83,3.05,36.74,1.79
2022-09-29 17:00:00,15.65,7.76,3.79,35.38,1.85
2022-09-29 18:00:00,15.33,7.45,5.11,33.15,1.87
2022-09-29 19:00:00,16.82,7.52,6.87,30.14,1.87
2022-09-29 20:00:00,13.84,7.77,7.29,28.81,1.86
2022-09-29 21:00:00,33.64,7.47,5.96,27.97,1.83
2022-09-29 22:00:00,19.21,7.54,4.79,28.49,1.84
2022-09-29 23:00:00,31.41,7.51,4.36,30.18,1.84
2022-09-30 00:00:00,17.2,7.5,5.21,28.44,1.89
2022-09-30 01:00:00,20.92,7.57,3.48,29.38,1.75
2022-09-30 02:00:00,22,7.5,2.52,28.13,1.71
2022-09-30 03:00:00,13.56,7.54,3.13,26.35,1.73
2022-09-30 04:00:00,6,7.54,3.42,24.68,1.74
2022-09-30 05:00:00,6,7.54,3.12,25.2,1.73
2022-09-30 06:00:00,6,7.55,4.11,24.02,1.74
2022-09-30 07:00:00,6,7.58,9.88,17.52,1.82
2022-09-30 08:00:00,6,7.63,16.34,12.21,2.17
2022-09-30 09:00:00,21.54,8.09,15.51,15.07,2.14
2022-09-30 10:00:00,20.31,7.6,8.33,23.32,1.85
2022-09-30 11:00:00,23.46,7.96,7.19,26.31,1.8
2022-09-30 12:00:00,13.56,7.93,5.14,30.91,1.75
2022-09-30 13:00:00,6,7.73,5.06,30.56,1.74
2022-09-30 14:00:00,24.46,7.82,6.29,28.74,1.83
2022-09-30 15:00:00,14.08,7.7,6.4,28.98,1.83
2022-09-30 16:00:00,13.3,7.87,7.17,26.9,1.85
2022-09-30 17:00:00,12.09,7.7,11.86,16.77,1.95
2022-09-30 18:00:00,19.89,7.78,19.07,11.28,2.07
2022-09-30 19:00:00,29.15,7.91,23.03,6.95,2.31
2022-09-30 20:00:00,27.19,7.97,16.8,9.31,2.42
2022-09-30 21:00:00,17.72,7.88,12.02,12.74,2.23
2022-09-30 22:00:00,25.13,7.82,18.02,3.84,2.32
2022-09-30 23:00:00,13.55,7.95,19.52,0.98,2.78
2022-10-01 00:00:00,6,7.98,20.68,0.98,2.57
2022-10-01 01:00:00,20.85,7.93,18.1,3.06,1.99
2022-10-01 02:00:00,14.71,7.92,13.93,2.8,1.99
2022-10-01 03:00:00,12.99,7.88,12.99,3.77,1.98
2022-10-01 04:00:00,19.07,7.99,9.32,6.56,1.88
2022-10-01 05:00:00,21.55,7.95,8.82,6.64,1.85
2022-10-01 06:00:00,16.85,7.96,9.32,5.17,2.04
2022-10-01 07:00:00,26.25,8.07,13.18,3.56,2.19
2022-10-01 08:00:00,27.97,7.95,13.54,9.08,2.05
2022-10-01 09:00:00,26.27,8.22,11.06,13.0,2.11
2022-10-01 10:00:00,25.25,8.86,9.1,20.43,1.99
2022-10-01 11:00:00,14.41,8.42,9.6,25.42,1.92
2022-10-01 12:00:00,12.83,7.98,8.31,33.0,2
2022-10-01 13:00:00,6,7.99,4.96,34.74,1.86
2022-10-01 14:00:00,6,8.41,6.21,38.45,1.85
2022-10-01 15:00:00,6,8.09,4.31,37.37,1.86
2022-10-01 16:00:00,6,8.16,4.85,32.74,1.75
2022-10-01 17:00:00,6,7.95,5.1,30.25,1.84
2022-10-01 18:00:00,6,7.77,5.63,29.23,1.79
2022-10-01 19:00:00,6,7.78,9.47,24.17,1.87
2022-10-01 20:00:00,6,7.72,10.22,21.05,1.96
2022-10-01 21:00:00,6,7.76,9.24,20.49,2.02
2022-10-01 22:00:00,21.74,7.92,8.5,19.54,2.04
2022-10-01 23:00:00,12.76,7.87,8.75,18.71,2.07
2022-10-02 00:00:00,16.35,7.85,7.04,19.56,1.96
2022-10-02 01:00:00,6,7.87,9.28,13.29,2.13
2022-10-02 02:00:00,13.46,7.9,7.81,11.63,2.05
2022-10-02 03:00:00,19.21,7.86,5.77,18.29,2.03
2022-10-02 04:00:00,12.23,7.91,4.51,18.2,1.9
2022-10-02 05:00:00,6,7.94,3.6,21.2,1.83
2022-10-02 06:00:00,6,7.94,3.69,18.38,1.82
2022-10-02 07:00:00,6,7.95,3.41,20.06,1.8
2022-10-02 08:00:00,6,7.93,4.5,22.53,1.8
2022-10-02 09:00:00,6,7.93,5.0,27.28,1.9
2022-10-02 10:00:00,6,7.99,5.21,29.37,1.92
2022-10-02 11:00:00,6,7.98,4.3,32.81,1.92
2022-10-02 12:00:00,6,7.87,5.26,33.88,2.01
2022-10-02 13:00:00,6,7.83,4.7,35.17,2.13
2022-10-02 14:00:00,6,7.78,4.67,36.07,2.12
2022-10-02 15:00:00,6,7.83,4.05,36.7,2.01
2022-10-02 16:00:00,6,7.76,5.95,38.6,1.97
2022-10-02 17:00:00,6,11.72,7.43,38.29,2.04
2022-10-02 18:00:00,6,8.76,4.5,34.22,1.82
2022-10-02 19:00:00,6,8.16,7.76,25.4,1.98
2022-10-02 20:00:00,12.89,7.94,8.32,22.43,2.11
2022-10-02 21:00:00,6,7.93,10.38,16.95,2.28
2022-10-02 22:00:00,12.95,7.95,13.67,10.1,2.36
2022-10-02 23:00:00,28.1,8.37,11.7,8.56,2.25
2022-10-03 00:00:00,19.73,8.46,9.7,5.93,2.17
2022-10-03 01:00:00,16.08,8.0,9.23,0.98,2.14
2022-10-03 02:00:00,14.08,8.05,8.36,0.98,1.99
2022-10-03 03:00:00,19.23,8.15,7.8,0.98,2.05
2022-10-03 04:00:00,6,8.04,6.53,0.98,1.82
2022-10-03 05:00:00,12.3,7.84,6.22,2.23,1.78
2022-10-03 06:00:00,16.98,7.99,9.28,0.98,2.02
2022-10-03 07:00:00,6,8.0,17.34,2.19,2.09
2022-10-03 08:00:00,6,7.94,14.52,10.47,2.09
2022-10-03 09:00:00,6,7.97,13.42,12.12,1.92
2022-10-03 10:00:00,16.1,7.93,8.9,16.15,1.79
2022-10-03 11:00:00,18.05,13.31,13.86,30.71,1.89
2022-10-03 12:00:00,6,97.07,18.02,38.63,1.8
2022-10-03 13:00:00,18.58,12.4,4.87,40.24,1.66
2022-10-03 14:00:00,6,9.03,4.49,39.73,1.69
2022-10-03 15:00:00,6,8.85,4.65,37.91,1.66
2022-10-03 16:00:00,6,8.91,4.55,37.31,1.74
2022-10-03 17:00:00,6,8.14,5.15,33.96,1.72
2022-10-03 18:00:00,6,8.21,7.42,28.41,1.75
2022-10-03 19:00:00,6,8.02,7.49,28.92,1.74
2022-10-03 20:00:00,19,8.58,12.58,23.67,1.98
2022-10-03 21:00:00,24.44,8.45,12.06,22.69,1.97
2022-10-03 22:00:00,37.87,8.68,15.84,15.68,2.1
2022-10-03 23:00:00,43.35,7.89,14.9,11.51,1.96
2022-10-04 00:00:00,30.7,7.88,9.05,16.85,1.85
2022-10-04 01:00:00,29.3,7.85,8.0,12.22,1.72
2022-10-04 02:00:00,31.6,8.16,7.09,8.75,1.8
2022-10-04 03:00:00,32.44,8.65,7.05,5.47,1.89
2022-10-04 04:00:00,18.29,8.16,4.67,5.09,1.82
2022-10-04 05:00:00,6,8.47,4.23,9.08,1.79
2022-10-04 06:00:00,6,8.76,12.38,2.9,2.06
2022-10-04 07:00:00,14.17,8.88,17.09,0.98,2.31
2022-10-04 08:00:00,25.18,8.93,20.42,6.37,2.46
2022-10-04 09:00:00,25.7,10.99,13.74,25.13,1.93
2022-10-04 10:00:00,22.17,10.29,13.53,31.76,2.04
2022-10-04 11:00:00,21.35,8.91,13.81,28.83,1.93
2022-10-04 12:00:00,20.38,7.82,4.22,30.59,1.79
2022-10-04 13:00:00,12.84,8.12,4.8,33.86,1.8
2022-10-04 14:00:00,6,7.9,4.13,37.04,1.8
2022-10-04 15:00:00,6,8.18,3.28,36.71,1.72
2022-10-04 16:00:00,6,7.78,5.13,35.57,1.72
2022-10-04 17:00:00,6,7.97,4.27,34.88,1.76
2022-10-04 18:00:00,6,8.04,5.02,32.48,1.7
2022-10-04 19:00:00,17.82,8.15,8.82,27.13,1.84
2022-10-04 20:00:00,19.64,7.96,13.42,19.25,1.93
2022-10-04 21:00:00,22.57,7.97,11.89,19.91,2.01
2022-10-04 22:00:00,25.67,8.02,8.4,20.6,1.84
2022-10-04 23:00:00,22.58,8.25,6.21,21.56,1.82
2022-10-05 00:00:00,32.34,8.02,9.17,15.56,1.87
2022-10-05 01:00:00,24.7,7.97,8.79,10.95,1.82
2022-10-05 02:00:00,25.45,7.96,6.16,10.19,1.76
2022-10-05 03:00:00,20.81,7.99,6.23,5.44,1.69
2022-10-05 04:00:00,6,7.93,7.33,2.65,1.71
2022-10-05 05:00:00,12.7,7.93,7.24,2.53,1.76
2022-10-05 06:00:00,20.61,7.91,9.73,2.2,1.81
2022-10-05 07:00:00,12.92,8.61,18.29,0.98,2.49
2022-10-05 08:00:00,12.14,8.12,17.0,7.31,2.35
2022-10-05 09:00:00,18.22,7.92,11.97,14.37,1.94
2022-10-05 10:00:00,6,8.1,7.43,24.66,1.71
2022-10-05 11:00:00,12.97,8.06,8.39,31.97,1.86
2022-10-05 12:00:00,6,8.04,5.36,37.0,1.72
2022-10-05 13:00:00,6,8.11,5.59,38.29,1.69
2022-10-05 14:00:00,6,8.49,4.45,43.05,1.74
2022-10-05 15:00:00,18.28,7.83,4.55,41.97,1.71
2022-10-05 16:00:00,30.75,8.57,3.73,40.78,1.71
2022-10-05 17:00:00,21.23,8.81,4.47,40.91,1.81
2022-10-05 18:00:00,29.8,9.61,6.3,36.89,1.81
2022-10-05 19:00:00,31.11,9.14,8.74,30.97,1.9
2022-10-05 20:00:00,35.04,8.4,10.38,25.53,1.93
2022-10-05 21:00:00,35.55,8.27,10.17,23.83,1.88
2022-10-05 22:00:00,30.79,7.99,7.87,24.85,1.86
2022-10-05 23:00:00,28.32,8.04,7.29,24.77,1.82
2022-10-06 00:00:00,22.17,7.96,6.84,24.31,1.81
2022-10-06 01:00:00,18.36,8.04,6.15,22.49,1.74
2022-10-06 02:00:00,16.62,7.95,7.3,16.86,1.71
2022-10-06 03:00:00,20.63,7.93,7.96,12.08,1.78
2022-10-06 04:00:00,12.32,7.96,5.52,11.74,1.76
2022-10-06 05:00:00,15.18,7.94,4.98,11.96,1.72
2022-10-06 06:00:00,12.63,8.32,13.93,4.46,2.02
2022-10-06 07:00:00,30.94,8.23,19.37,2.42,2.26
2022-10-06 08:00:00,37.9,8.14,18.41,5.79,2.33
2022-10-06 09:00:00,25.66,8.01,16.81,6.47,2.17
2022-10-06 10:00:00,33.56,8.27,10.28,12.13,1.92
2022-10-06 11:00:00,19.33,8.02,10.23,13.48,1.94
2022-10-06 12:00:00,16.16,8.36,9.7,14.32,1.95
2022-10-06 13:00:00,15.5,8.52,12.37,14.3,2.18
2022-10-06 14:00:00,6,8.46,9.14,18.83,2.02
2022-10-06 15:00:00,6,8.08,7.92,15.81,1.96
2022-10-06 16:00:00,6,7.99,6.9,13.46,1.91
2022-10-06 17:00:00,6,8.21,8.35,18.25,2.09
2022-10-06 18:00:00,6,8.38,14.97,12.82,2.42
2022-10-06 19:00:00,19.54,8.77,21.59,5.08,2.66
2022-10-06 20:00:00,13.18,8.47,22.26,0.98,2.97
2022-10-06 21:00:00,27.67,8.8,18.82,0.98,2.91
2022-10-06 22:00:00,45.7,8.74,17.38,0.98,2.71
2022-10-06 23:00:00,26.71,8.52,17.67,0.98,3.07
2022-10-07 00:00:00,42.77,8.67,19.34,0.98,3.23
2022-10-07 01:00:00,33.83,8.75,19.86,0.98,2.95
2022-10-07 02:00:00,26.97,8.5,18.69,3.43,2.45
2022-10-07 03:00:00,37.22,7.85,4.93,19.95,1.56
2022-10-07 04:00:00,20.67,8.05,7.63,17.15,1.58
2022-10-07 05:00:00,6,8.05,3.51,24.47,1.48
2022-10-07 06:00:00,6,8.24,5.27,21.32,1.44
2022-10-07 07:00:00,6,8.91,10.45,15.9,1.45
2022-10-07 08:00:00,6,9.27,11.75,14.55,1.66
2022-10-07 09:00:00,6,9.23,6.36,20.29,1.54
2022-10-07 10:00:00,6,9.02,5.78,22.88,1.46
2022-10-07 11:00:00,6,8.63,5.67,28.18,1.38
2022-10-07 12:00:00,6,8.94,4.33,30.33,1.31
2022-10-07 13:00:00,6,8.56,4.01,32.57,1.34
2022-10-07 14:00:00,6,8.19,4.01,34.67,1.43
2022-10-07 15:00:00,6,8.9,4.45,35.54,1.39
2022-10-07 16:00:00,6,9.16,5.13,35.55,1.37
2022-10-07 17:00:00,6,9.0,6.73,35.52,1.4
2022-10-07 18:00:00,6,8.07,10.64,33.31,1.45
2022-10-07 19:00:00,6,11.98,23.05,21.41,1.97
2022-10-07 20:00:00,24.5,25.59,30.21,10.87,2.52
2022-10-07 21:00:00,27.75,32.17,31.59,8.99,2.42
2022-10-07 22:00:00,23.29,18.51,24.98,14.06,2.02
2022-10-07 23:00:00,27.2,11.27,25.41,9.54,2.31
2022-10-08 00:00:00,27.48,9.93,18.72,9.89,2.1
2022-10-08 01:00:00,22.16,9.13,10.5,16.0,1.74
2022-10-08 02:00:00,13.22,8.48,11.3,15.39,1.87
2022-10-08 03:00:00,26.96,8.13,11.49,12.46,1.98
2022-10-08 04:00:00,18.1,8.81,11.36,12.41,1.97
2022-10-08 05:00:00,12.55,8.89,15.73,0.98,2.23
2022-10-08 06:00:00,17.2,8.36,13.03,0.98,2.38
2022-10-08 07:00:00,19.59,8.34,16.32,3.26,2.21
2022-10-08 08:00:00,31.83,8.5,13.32,15.88,2.24
2022-10-08 09:00:00,18.77,8.55,11.83,23.41,2.1
2022-10-08 10:00:00,13.99,10.21,9.68,29.81,2
2022-10-08 11:00:00,26.7,21.76,9.33,33.88,1.83
2022-10-08 12:00:00,14.77,23.41,7.94,37.97,1.78
2022-10-08 13:00:00,14.09,15.2,6.66,42.57,1.83
2022-10-08 14:00:00,17.2,26.54,9.39,40.57,1.82
2022-10-08 15:00:00,16.01,38.0,11.5,39.19,1.94
2022-10-08 16:00:00,13.39,19.53,8.57,41.05,1.92
2022-10-08 17:00:00,12.82,16.32,9.42,38.88,1.92
2022-10-08 18:00:00,6,17.11,17.06,28.48,2.58
2022-10-08 19:00:00,15.74,12.29,28.61,9.74,3.31
2022-10-08 20:00:00,19.41,10.12,31.28,0.98,3.36
2022-10-08 21:00:00,41.85,9.83,34.49,0.98,4.34
2022-10-08 22:00:00,60.83,9.13,26.64,0.98,3.74
2022-10-08 23:00:00,81.06,9.13,20.87,0.98,3.82
2022-10-09 00:00:00,79.42,8.95,23.43,5.43,3.28
2022-10-09 01:00:00,59.16,9.57,16.51,8.44,2.4
2022-10-09 02:00:00,33.67,9.05,3.94,28.58,1.64
2022-10-09 03:00:00,33.58,8.37,1.72,27.1,1.41
2022-10-09 04:00:00,26.81,8.01,1.72,30.58,1.45
2022-10-09 05:00:00,17.12,8.13,1.86,30.26,1.44
2022-10-09 06:00:00,6,8.34,2.14,30.79,1.37
2022-10-09 07:00:00,6,8.32,1.75,30.37,1.37
2022-10-09 08:00:00,6,8.27,2.28,28.63,1.39
2022-10-09 09:00:00,6,8.35,1.76,29.73,1.34
2022-10-09 10:00:00,6,8.32,1.67,28.64,1.33
2022-10-09 11:00:00,20.31,8.41,2.29,25.11,1.43
2022-10-09 12:00:00,6,8.35,3.44,26.2,1.52
2022-10-09 13:00:00,6,8.4,3.64,28.09,1.56
2022-10-09 14:00:00,6,8.48,2.87,27.7,1.48
2022-10-09 15:00:00,15.54,9.84,3.12,31.54,1.44
2022-10-09 16:00:00,6,8.37,3.07,31.01,1.38
2022-10-09 17:00:00,6,8.2,4.83,29.75,1.38
2022-10-09 18:00:00,6,7.98,5.07,27.91,1.41
2022-10-09 19:00:00,6,8.16,6.91,23.6,1.53
2022-10-09 20:00:00,6,8.23,6.27,23.33,1.47
2022-10-09 21:00:00,28.18,8.05,5.81,24.41,1.44
2022-10-09 22:00:00,15.51,8.26,5.74,24.87,1.42
2022-10-09 23:00:00,6,8.54,5.63,23.24,1.44
2022-10-10 00:00:00,25.88,8.41,4.14,23.59,1.43
2022-10-10 01:00:00,15.58,8.24,2.94,26.43,1.47
2022-10-10 02:00:00,6,8.22,2.04,27.86,1.57
2022-10-10 03:00:00,6,8.33,1.96,25.86,1.62
2022-10-10 04:00:00,6,8.19,2.06,25.67,1.56
2022-10-10 05:00:00,6,7.97,2.23,26.4,1.59
2022-10-10 06:00:00,12.27,7.97,3.82,24.78,1.58
2022-10-10 07:00:00,6,7.98,7.47,21.52,1.71
2022-10-10 08:00:00,16.82,8.0,10.23,20.75,1.77
2022-10-10 09:00:00,19.11,8.21,7.99,25.26,1.67
2022-10-10 10:00:00,12.32,8.3,3.66,30.71,1.62
2022-10-10 11:00:00,6,8.04,3.53,32.67,1.57
2022-10-10 12:00:00,6,8.14,3.76,31.95,1.6
2022-10-10 13:00:00,6,7.91,4.29,33.03,1.63
2022-10-10 14:00:00,19.4,7.93,5.2,32.67,1.56
2022-10-10 15:00:00,,7.93,5.19,31.75,
2022-10-10 16:00:00,,8.04,5.34,31.66,
2022-10-10 17:00:00,6,8.6,6.93,30.32,
2022-10-10 18:00:00,6,7.95,9.68,26.61,2.49
2022-10-10 19:00:00,6,8.01,10.4,22.4,2.51
2022-10-10 20:00:00,6,8.04,12.68,17.36,2.77
2022-10-10 21:00:00,22.43,7.98,9.17,19.38,2.59
2022-10-10 22:00:00,20.11,8.04,7.05,21.2,2.51
2022-10-10 23:00:00,6,8.04,6.15,21.21,2.49
2022-10-11 00:00:00,6,7.97,4.27,23.37,2.39
2022-10-11 01:00:00,6,8.09,2.78,24.41,2.01
2022-10-11 02:00:00,6,8.06,2.46,25.05,1.78
2022-10-11 03:00:00,6,8.16,2.44,23.69,1.75
2022-10-11 04:00:00,6,8.24,2.07,22.29,1.78
2022-10-11 05:00:00,6,8.27,2.5,23.21,1.79
2022-10-11 06:00:00,6,8.8,6.92,14.29,1.82
2022-10-11 07:00:00,6,9.15,16.18,4.03,2.52
2022-10-11 08:00:00,6,9.03,23.22,0.98,2.99
2022-10-11 09:00:00,6,8.54,23.33,0.98,2.54
2022-10-11 10:00:00,12.54,8.6,17.11,4.58,2.32
2022-10-11 11:00:00,16.82,8.14,12.57,9.32,2.2
2022-10-11 12:00:00,23.71,8.46,21.06,6.19,2.31
2022-10-11 13:00:00,24.74,9.57,25.13,15.07,2.39
2022-10-11 14:00:00,21.6,9.79,19.18,11.55,2.32
2022-10-11 15:00:00,25.39,13.1,31.28,14.23,2.25
2022-10-11 16:00:00,37.16,11.42,17.89,6.14,2.17
2022-10-11 17:00:00,20.56,10.35,19.88,4.79,2.39
2022-10-11 18:00:00,36.47,9.4,21.66,4.18,2.53
2022-10-11 19:00:00,21.29,8.93,22.96,2.23,2.48
2022-10-11 20:00:00,24.12,8.87,20.3,0.98,2.4
2022-10-11 21:00:00,26.73,8.82,20.87,0.98,2.46
2022-10-11 22:00:00,19.84,8.66,17.89,2.1,2.58
2022-10-11 23:00:00,30.28,8.55,14.9,3.21,2.43
2022-10-12 00:00:00,18.06,8.31,9.25,5.93,2.01
2022-10-12 01:00:00,12.89,8.41,5.44,8.45,1.84
2022-10-12 02:00:00,6,8.41,5.49,10.34,1.94
2022-10-12 03:00:00,6,8.37,5.01,11.49,1.86
2022-10-12 04:00:00,6,8.41,4.87,12.82,1.84
2022-10-12 05:00:00,6,8.48,4.2,10.33,1.84
2022-10-12 06:00:00,6,8.38,7.2,9.44,1.87
2022-10-12 07:00:00,6,8.76,12.4,5.11,2.31
2022-10-12 08:00:00,19.28,9.08,9.16,7.13,2.07
2022-10-12 09:00:00,12.36,8.97,9.26,8.38,1.89
2022-10-12 10:00:00,6,8.62,6.06,16.19,1.94
2022-10-12 11:00:00,6,8.68,5.28,18.06,1.8
2022-10-12 12:00:00,6,8.5,6.56,19.49,2.07
2022-10-12 13:00:00,6,8.32,7.65,19.76,2.06
2022-10-12 14:00:00,6,8.44,7.36,22.26,1.99
2022-10-12 15:00:00,6,9.39,10.37,21.37,2.19
2022-10-12 16:00:00,6,15.82,10.72,24.87,2.08
2022-10-12 17:00:00,6,17.7,6.35,27.27,2.04
2022-10-12 18:00:00,6,12.49,7.63,28.06,2.1
2022-10-12 19:00:00,6,11.26,15.81,11.41,2.36
2022-10-12 20:00:00,6,11.34,23.24,2.26,3.14
2022-10-12 21:00:00,24.86,10.14,18.81,0.98,2.76
2022-10-12 22:00:00,35.81,10.2,14.03,6.8,2.69
2022-10-12 23:00:00,25.94,9.44,6.48,11.1,2.22
2022-10-13 00:00:00,14.4,9.27,4.39,11.9,1.84
2022-10-13 01:00:00,12.03,9.14,3.54,11.07,1.79
2022-10-13 02:00:00,25.21,8.94,3.66,12.37,1.78
2022-10-13 03:00:00,13.14,8.77,2.7,13.01,1.71
2022-10-13 04:00:00,6,8.67,2.89,11.04,1.76
2022-10-13 05:00:00,,8.46,3.46,9.02,1.78
2022-10-13 06:00:00,6,8.75,6.66,4.37,1.81
2022-10-13 07:00:00,6,9.08,11.11,0.98,2.24
2022-10-13 08:00:00,6,8.97,12.15,2.24,2.45
2022-10-13 09:00:00,6,9.03,12.96,3.65,2.31
2022-10-13 10:00:00,6,22.03,33.15,25.94,
2022-10-13 11:00:00,,94.55,30.56,28.16,
2022-10-13 12:00:00,6,40.04,9.59,33.38,2.33
2022-10-13 13:00:00,6,17.67,8.23,47.6,2.42
2022-10-13 14:00:00,6,14.06,7.99,66.36,2.31
2022-10-13 15:00:00,13.03,11.89,6.25,48.55,2.16
2022-10-13 16:00:00,6,10.32,4.8,45.19,2.1
2022-10-13 17:00:00,6,9.52,3.7,41.24,2.19
2022-10-13 18:00:00,6,9.27,8.21,35.22,2.28
2022-10-13 19:00:00,6,8.97,9.2,27.23,2.37
2022-10-13 20:00:00,28.84,8.99,11.81,22.55,2.39
2022-10-13 21:00:00,23.89,9.1,11.93,17.6,2.48
2022-10-13 22:00:00,26.73,8.95,9.17,15.52,2.34
2022-10-13 23:00:00,36.24,8.81,5.62,22.29,2.19
2022-10-14 00:00:00,21.72,8.66,2.34,34.59,2.07
2022-10-14 01:00:00,27.19,8.51,2.2,31.82,1.86
2022-10-14 02:00:00,20.73,8.37,1.86,30.84,1.7
2022-10-14 03:00:00,19.08,8.36,1.41,31.12,1.64
2022-10-14 04:00:00,25.33,8.33,1.49,30.62,1.66
2022-10-14 05:00:00,23.51,8.32,1.75,30.46,1.63
2022-10-14 06:00:00,24.98,8.33,2.48,30.05,1.63
2022-10-14 07:00:00,35.44,8.32,5.31,27.17,1.66
2022-10-14 08:00:00,43.96,8.34,6.73,25.92,1.73
2022-10-14 09:00:00,25.45,8.45,5.42,28.32,1.67
2022-10-14 10:00:00,25.69,8.41,4.93,29.22,1.65
2022-10-14 11:00:00,27.88,8.34,3.41,31.45,1.65
2022-10-14 12:00:00,16.63,8.32,3.59,32.05,1.66
2022-10-14 13:00:00,6,8.34,4.04,31.95,1.66
2022-10-14 14:00:00,15.3,8.46,3.53,33.41,1.66
2022-10-14 15:00:00,31.59,8.39,3.61,32.33,1.72
2022-10-14 16:00:00,28.62,8.44,4.86,30.65,1.69
2022-10-14 17:00:00,46.34,8.39,5.21,28.64,1.7
2022-10-14 18:00:00,39.91,8.35,5.41,27.82,1.68
2022-10-14 19:00:00,45.54,8.43,6.5,26.66,1.73
2022-10-14 20:00:00,41.31,8.84,6.14,26.31,1.81
2022-10-14 21:00:00,25.18,8.45,4.81,26.58,1.67
2022-10-14 22:00:00,31.74,8.32,4.23,28.44,1.68
2022-10-14 23:00:00,19.92,8.33,3.88,29.07,1.66
2022-10-15 00:00:00,12.43,8.32,3.57,28.66,1.66
2022-10-15 01:00:00,16.99,8.37,2.97,29.29,1.66
2022-10-15 02:00:00,24.43,8.42,1.62,28.59,1.67
2022-10-15 03:00:00,27.36,8.41,1.92,27.49,1.71
2022-10-15 04:00:00,14.95,8.33,2.1,27.16,1.66
2022-10-15 05:00:00,17.7,8.32,1.96,28.02,1.68
2022-10-15 06:00:00,22.82,8.34,2.5,27.98,1.68
2022-10-15 07:00:00,20.65,8.36,3.62,27.39,1.7
2022-10-15 08:00:00,21.9,8.63,4.27,26.91,1.71
2022-10-15 09:00:00,17.51,8.4,4.64,28.35,1.76
2022-10-15 10:00:00,33.63,8.48,3.02,33.0,1.75
2022-10-15 11:00:00,28.23,8.63,3.96,33.96,1.8
2022-10-15 12:00:00,18.22,8.32,2.8,34.2,1.74
2022-10-15 13:00:00,13.22,8.34,2.92,34.84,1.79
2022-10-15 14:00:00,17.09,8.32,2.5,34.24,1.8
2022-10-15 15:00:00,25.22,8.31,2.07,33.53,1.79
2022-10-15 16:00:00,15.31,8.32,2.6,33.14,1.82
2022-10-15 17:00:00,16.97,8.34,3.52,31.76,1.87
2022-10-15 18:00:00,6,8.34,3.82,30.18,1.86
2022-10-15 19:00:00,16.82,8.38,6.55,25.65,2.87
2022-10-15 20:00:00,27.86,8.61,6.22,23.29,2.32
2022-10-15 21:00:00,16.55,8.66,5.25,22.01,2
2022-10-15 22:00:00,21.93,8.6,5.56,21.25,2.09
2022-10-15 23:00:00,18.96,8.54,4.96,22.03,2.05
2022-10-16 00:00:00,6,8.56,5.71,18.64,2.02
2022-10-16 01:00:00,6,8.56,5.02,17.42,1.85
2022-10-16 02:00:00,6,8.54,3.5,18.1,1.8
2022-10-16 03:00:00,6,8.5,2.48,19.55,1.73
2022-10-16 04:00:00,6,8.52,2.56,20.69,1.73
2022-10-16 05:00:00,6,8.54,2.58,16.82,1.75
2022-10-16 06:00:00,6,8.57,4.65,14.14,1.8
2022-10-16 07:00:00,13.87,8.59,4.71,13.88,1.82
2022-10-16 08:00:00,6,8.54,5.11,13.22,1.81
2022-10-16 09:00:00,6,8.45,2.46,17.47,1.79
2022-10-16 10:00:00,6,8.36,2.83,20.55,1.83
2022-10-16 11:00:00,6,11.39,5.07,21.46,1.89
2022-10-16 12:00:00,6,14.37,3.42,26.75,2.2
2022-10-16 13:00:00,6,10.93,5.1,36.71,2.49
2022-10-16 14:00:00,19.25,10.38,2.96,31.13,2.02
2022-10-16 15:00:00,15.03,9.85,2.5,32.21,1.92
2022-10-16 16:00:00,6,9.54,3.46,31.65,2.04
2022-10-16 17:00:00,6,9.15,3.24,33.48,2.09
2022-10-16 18:00:00,6,9.27,3.5,29.5,1.92
2022-10-16 19:00:00,6,8.48,5.33,22.89,1.85
2022-10-16 20:00:00,22.6,8.48,4.87,22.72,1.8
2022-10-16 21:00:00,18.22,8.39,6.78,20.42,1.94
2022-10-16 22:00:00,6,8.76,7.91,17.49,2
2022-10-16 23:00:00,17.34,8.64,10.32,12.39,2.07
2022-10-17 00:00:00,6,8.18,9.73,6.43,2.07
2022-10-17 01:00:00,13.85,8.63,12.39,3.07,2.02
2022-10-17 02:00:00,6,8.63,7.01,6.92,1.83
2022-10-17 03:00:00,6,8.53,5.31,8.23,1.89
2022-10-17 04:00:00,6,8.58,2.08,13.79,1.72
2022-10-17 05:00:00,6,8.5,4.07,8.17,1.78
2022-10-17 06:00:00,6,8.57,4.76,12.1,1.73
2022-10-17 07:00:00,6,8.65,8.08,15.07,1.9
2022-10-17 08:00:00,19.71,8.59,9.11,16.41,1.8
2022-10-17 09:00:00,12.03,8.52,10.84,18.33,1.82
2022-10-17 10:00:00,6,8.67,7.14,24.91,1.8
2022-10-17 11:00:00,6,8.63,3.99,28.9,1.79
2022-10-17 12:00:00,6,8.81,5.64,31.44,1.85
2022-10-17 13:00:00,6,8.83,5.55,40.04,2.01
2022-10-17 14:00:00,15.4,9.56,9.63,44.25,2.1
2022-10-17 15:00:00,6,12.33,6.9,51.56,1.97
2022-10-17 16:00:00,16.57,11.49,6.93,52.9,2.08
2022-10-17 17:00:00,15.95,10.59,5.49,48.37,2
2022-10-17 18:00:00,6,9.55,5.33,32.7,1.86
2022-10-17 19:00:00,24.12,9.24,5.46,31.88,1.84
2022-10-17 20:00:00,25.23,8.77,5.28,32.11,1.81
2022-10-17 21:00:00,31.66,8.63,4.33,31.75,1.79
2022-10-17 22:00:00,19.05,8.59,3.33,31.17,1.77
2022-10-17 23:00:00,21.43,8.59,2.57,31.32,1.74
2022-10-18 00:00:00,6,8.51,2.16,32.26,1.73
2022-10-18 01:00:00,6,8.48,1.74,33.6,1.67
2022-10-18 02:00:00,12.05,8.46,1.69,32.89,1.71
2022-10-18 03:00:00,6,8.42,1.33,30.6,1.71
2022-10-18 04:00:00,17.42,8.45,1.21,31.36,1.7
2022-10-18 05:00:00,6,8.35,1.67,30.51,1.72
2022-10-18 06:00:00,6,8.45,2.47,29.66,1.71
2022-10-18 07:00:00,6,8.5,3.89,29.39,1.76
2022-10-18 08:00:00,14.36,8.37,5.34,27.82,1.8
2022-10-18 09:00:00,12.07,8.44,5.69,28.92,1.78
2022-10-18 10:00:00,22.45,8.51,4.06,30.79,1.78
2022-10-18 11:00:00,17.73,8.54,3.99,32.91,1.76
2022-10-18 12:00:00,6,8.6,4.11,31.89,1.81
2022-10-18 13:00:00,6,9.0,5.61,29.04,1.79
2022-10-18 14:00:00,6,8.47,5.39,27.76,1.81
2022-10-18 15:00:00,12.09,8.76,5.0,27.35,1.86
2022-10-18 16:00:00,6,8.84,6.18,23.89,1.82
2022-10-18 17:00:00,6,8.44,6.81,21.56,1.9
2022-10-18 18:00:00,16.34,8.57,7.27,21.17,1.88
2022-10-18 19:00:00,6,8.78,7.93,20.15,1.87
2022-10-18 20:00:00,6,8.44,7.28,20.43,1.91
2022-10-18 21:00:00,14.06,8.75,7.9,19.14,1.92
2022-10-18 22:00:00,6,8.83,6.29,18.59,1.93
2022-10-18 23:00:00,6,8.45,4.86,20.09,1.84
2022-10-19 00:00:00,6,8.59,3.24,23.52,1.82
2022-10-19 01:00:00,6,9.0,3.02,23.08,1.73
2022-10-19 02:00:00,6,8.53,1.84,23.12,1.72
2022-10-19 03:00:00,6,8.53,1.72,24.59,1.76
2022-10-19 04:00:00,6,8.86,1.56,24.91,1.77
2022-10-19 05:00:00,6,8.74,1.63,22.1,1.64
2022-10-19 06:00:00,6,8.48,3.63,19.16,1.72
2022-10-19 07:00:00,6,8.81,6.18,17.69,1.82
2022-10-19 08:00:00,6,8.57,8.27,15.43,1.87
2022-10-19 09:00:00,12.32,8.52,7.59,18.37,1.93
2022-10-19 10:00:00,6,8.58,6.49,20.08,1.88
2022-10-19 11:00:00,6,8.57,5.73,22.92,1.83
2022-10-19 12:00:00,6,8.55,4.19,27.02,1.83
2022-10-19 13:00:00,6,8.58,5.99,27.85,1.93
2022-10-19 14:00:00,6,8.67,5.13,28.18,1.91
2022-10-19 15:00:00,6,8.84,5.1,30.93,1.82
2022-10-19 16:00:00,6,8.74,3.76,31.83,1.84
2022-10-19 17:00:00,6,8.69,4.45,29.46,1.84
2022-10-19 18:00:00,6,8.72,4.38,26.1,1.82
2022-10-19 19:00:00,6,8.64,5.46,21.67,1.83
2022-10-19 20:00:00,6,8.61,6.0,18.76,1.83
2022-10-19 21:00:00,6,8.71,6.28,18.07,1.88
2022-10-19 22:00:00,13.44,8.47,5.26,18.54,1.84
2022-10-19 23:00:00,17.52,8.37,3.91,19.4,1.79
2022-10-20 00:00:00,6,8.58,2.82,20.69,1.72
2022-10-20 01:00:00,6,8.48,1.89,22.9,1.69
2022-10-20 02:00:00,6,8.74,1.89,21.61,1.73
2022-10-20 03:00:00,6,8.62,1.74,20.86,1.72
2022-10-20 04:00:00,6,8.46,1.75,17.62,1.73
2022-10-20 05:00:00,6,8.76,2.2,16.92,1.73
2022-10-20 06:00:00,6,8.65,2.87,14.97,1.74
2022-10-20 07:00:00,6,8.64,6.46,11.68,1.82
2022-10-20 08:00:00,6,8.65,8.08,10.53,1.94
2022-10-20 09:00:00,6,8.64,7.62,12.45,2.06
2022-10-20 10:00:00,6,8.81,6.11,16.96,1.84
2022-10-20 11:00:00,6,8.51,5.32,19.07,1.9
2022-10-20 12:00:00,15.61,8.87,5.39,22.25,1.89
2022-10-20 13:00:00,6,8.83,3.78,26.71,1.86
2022-10-20 14:00:00,6,8.8,4.16,30.11,1.8
2022-10-20 15:00:00,6,8.92,5.18,31.23,1.79
2022-10-20 16:00:00,20.12,8.95,6.2,29.71,1.78
2022-10-20 17:00:00,20.68,8.87,6.13,30.68,1.89
2022-10-20 18:00:00,24.7,8.83,6.79,23.82,1.86
2022-10-20 19:00:00,30.31,8.62,13.07,15.51,2.06
2022-10-20 20:00:00,37.61,8.49,10.58,12.17,2.13
2022-10-20 21:00:00,31.93,8.75,14.08,6.3,2.29
2022-10-20 22:00:00,20.52,8.65,10.7,7.64,2.07
2022-10-20 23:00:00,21.44,8.5,10.28,7.72,2.25
2022-10-21 00:00:00,12.4,8.83,10.47,5.05,2.05
2022-10-21 01:00:00,6,8.53,7.44,6.18,1.89
2022-10-21 02:00:00,6,8.67,8.86,4.28,2.03
2022-10-21 03:00:00,23.08,8.78,11.65,2.16,2.06
2022-10-21 04:00:00,22.19,8.57,9.91,2.85,2.03
2022-10-21 05:00:00,17.02,8.83,6.55,4.98,1.92
2022-10-21 06:00:00,26.76,8.91,9.09,3.18,1.88
2022-10-21 07:00:00,32.11,8.85,13.9,0.98,2.48
2022-10-21 08:00:00,33.93,10.44,17.32,6.31,2.56
2022-10-21 09:00:00,18.89,27.79,11.83,19.28,2.14
2022-10-21 10:00:00,6,24.58,9.23,33.89,1.89
2022-10-21 11:00:00,6,14.53,6.34,39.65,1.87
2022-10-21 12:00:00,6,11.43,6.48,41.2,1.8
2022-10-21 13:00:00,6,9.91,5.65,41.64,1.8
2022-10-21 14:00:00,6,10.21,7.3,49.48,1.81
2022-10-21 15:00:00,6,9.79,5.38,49.44,1.77
2022-10-21 16:00:00,6,9.88,9.35,43.67,1.86
2022-10-21 17:00:00,6,9.74,6.13,37.15,1.83
2022-10-21 18:00:00,6,9.58,5.21,30.45,1.71
2022-10-21 19:00:00,6,9.37,5.39,23.1,1.71
2022-10-21 20:00:00,29.66,9.33,5.8,23.09,1.76
2022-10-21 21:00:00,16.28,8.81,5.57,23.29,1.77
2022-10-21 22:00:00,6,8.79,4.87,23.75,1.72
2022-10-21 23:00:00,6,8.83,6.79,18.61,1.92
2022-10-22 00:00:00,6,8.79,7.02,16.68,1.8
2022-10-22 01:00:00,6,8.77,7.45,12.07,1.78
2022-10-22 02:00:00,6,8.75,3.2,17.51,1.72
2022-10-22 03:00:00,6,8.47,3.06,15.38,1.71
2022-10-22 04:00:00,6,8.81,2.45,16.37,1.67
2022-10-22 05:00:00,6,8.84,2.61,15.95,1.64
2022-10-22 06:00:00,6,8.88,3.77,13.84,1.7
2022-10-22 07:00:00,6,9.02,6.54,11.59,1.78
2022-10-22 08:00:00,6,8.78,4.61,17.63,1.73
2022-10-22 09:00:00,6,8.7,3.74,22.97,1.66
2022-10-22 10:00:00,6,8.76,2.63,27.12,1.66
2022-10-22 11:00:00,6,8.72,3.68,28.69,1.73
2022-10-22 12:00:00,6,8.83,3.8,31.49,1.76
2022-10-22 13:00:00,6,8.75,3.22,35.44,1.76
2022-10-22 14:00:00,6,8.81,3.55,37.87,1.7
2022-10-22 15:00:00,6,8.82,3.13,38.4,1.68
2022-10-22 16:00:00,6,8.79,2.09,36.45,1.64
2022-10-22 17:00:00,6,8.77,3.61,32.62,1.7
2022-10-22 18:00:00,6,8.69,5.25,31.63,1.71
2022-10-22 19:00:00,6,8.75,7.41,25.98,1.8
2022-10-22 20:00:00,6,8.69,9.42,17.7,1.88
2022-10-22 21:00:00,26.65,8.85,11.16,13.09,2.06
2022-10-22 22:00:00,26.5,8.9,6.75,14.19,1.94
2022-10-22 23:00:00,26.31,8.84,7.44,11.83,1.95
2022-10-23 00:00:00,30.32,8.96,8.2,8.74,2.08
2022-10-23 01:00:00,36.17,8.9,7.86,4.82,2.13
2022-10-23 02:00:00,20.71,8.84,7.13,2.24,1.95
2022-10-23 03:00:00,13.41,8.8,7.37,0.98,2.18
2022-10-23 04:00:00,13.16,8.79,6.29,0.98,2
2022-10-23 05:00:00,19.89,8.82,6.16,0.98,1.97
2022-10-23 06:00:00,6,8.82,9.39,0.98,1.95
2022-10-23 07:00:00,17.94,8.81,6.62,2.09,1.89
2022-10-23 08:00:00,22.03,9.01,6.19,5.68,1.78
2022-10-23 09:00:00,26.03,9.59,6.44,10.03,1.75
2022-10-23 10:00:00,20.47,10.68,8.37,13.72,1.83
2022-10-23 11:00:00,25.64,10.83,8.38,22.95,1.75
2022-10-23 12:00:00,24.08,17.25,8.27,30.22,1.92
2022-10-23 13:00:00,13.72,12.54,4.4,36.49,1.78
2022-10-23 14:00:00,14.22,10.16,3.13,37.09,1.74
2022-10-23 15:00:00,6,8.84,2.1,40.62,1.6
2022-10-23 16:00:00,6,8.8,2.4,36.47,1.64
2022-10-23 17:00:00,6,8.8,2.36,34.34,1.61
2022-10-23 18:00:00,6,8.81,3.76,30.79,1.68
2022-10-23 19:00:00,16.53,8.73,4.78,26.01,1.67
2022-10-23 20:00:00,16.19,8.77,5.57,22.94,1.71
2022-10-23 21:00:00,17.09,8.72,9.64,17.79,1.92
2022-10-23 22:00:00,18.36,8.76,9.53,17.22,1.85
2022-10-23 23:00:00,6,8.77,11.88,10.32,1.9
2022-10-24 00:00:00,6,8.8,12.24,4.54,2.05
2022-10-24 01:00:00,16.79,8.81,8.45,5.39,1.83
2022-10-24 02:00:00,6,8.68,8.36,0.98,1.93
2022-10-24 03:00:00,17.31,8.74,5.8,2.68,1.82
2022-10-24 04:00:00,6,8.68,7.78,0.98,1.92
2022-10-24 05:00:00,6,8.78,10.62,0.98,1.99
2022-10-24 06:00:00,17.3,8.78,12.35,3.66,2.04
2022-10-24 07:00:00,28.33,9.0,15.35,3.33,2.31
2022-10-24 08:00:00,15.93,9.35,17.57,4.23,2.46
2022-10-24 09:00:00,19.08,62.45,16.11,12.52,2.03
2022-10-24 10:00:00,29.47,73.02,11.94,21.69,2.02
2022-10-24 11:00:00,19.58,28.36,8.45,32.37,1.89
2022-10-24 12:00:00,13.64,17.56,9.48,38.73,1.9
2022-10-24 13:00:00,18.38,11.86,8.56,41.11,1.9
2022-10-24 14:00:00,24.93,9.98,4.45,32.32,1.78
2022-10-24 15:00:00,14.7,9.55,3.04,30.97,1.69
2022-10-24 16:00:00,6,8.94,3.14,30.05,1.7
2022-10-24 17:00:00,6,8.92,3.29,28.94,1.75
2022-10-24 18:00:00,6,8.83,4.44,27.13,1.79
2022-10-24 19:00:00,6,8.79,6.36,23.42,1.82
2022-10-24 20:00:00,14.5,8.72,7.45,21.06,1.83
2022-10-24 21:00:00,17.4,8.95,6.09,20.67,1.79
2022-10-24 22:00:00,21.29,8.89,6.29,16.54,1.82
2022-10-24 23:00:00,22.24,8.87,5.4,14.78,1.83
2022-10-25 00:00:00,13.67,8.84,4.95,13.62,1.82
2022-10-25 01:00:00,13.12,8.81,8.27,9.73,1.85
2022-10-25 02:00:00,6,8.71,4.21,10.51,1.79
2022-10-25 03:00:00,6,8.31,4.31,9.22,1.77
2022-10-25 04:00:00,15.59,8.53,3.74,7.97,1.75
2022-10-25 05:00:00,20.42,8.43,5.18,5.48,1.78
2022-10-25 06:00:00,13.01,8.54,8.92,0.98,1.83
2022-10-25 07:00:00,6,8.7,12.94,0.98,2.15
2022-10-25 08:00:00,18.26,8.84,10.79,8.51,2.13
2022-10-25 09:00:00,6,8.76,7.36,16.42,1.88
2022-10-25 10:00:00,6,8.75,4.42,25.15,1.77
2022-10-25 11:00:00,6,8.51,3.82,29.0,1.75
2022-10-25 12:00:00,6,8.41,5.43,29.69,1.73
2022-10-25 13:00:00,6,8.42,3.84,35.47,1.76
2022-10-25 14:00:00,6,8.8,6.08,38.4,1.74
2022-10-25 15:00:00,6,8.74,4.87,42.31,1.75
2022-10-25 16:00:00,6,8.79,5.0,37.3,1.74
2022-10-25 17:00:00,6,8.61,4.94,34.58,1.83
2022-10-25 18:00:00,19.52,8.49,5.91,30.0,1.81
2022-10-25 19:00:00,20.63,8.45,8.03,23.11,1.83
2022-10-25 20:00:00,19.23,8.79,9.03,16.88,1.89
2022-10-25 21:00:00,21.77,8.64,8.32,15.6,1.96
2022-10-25 22:00:00,26.32,8.71,7.14,15.49,1.98
2022-10-25 23:00:00,19.69,8.74,7.19,13.99,1.95
2022-10-26 00:00:00,12.76,8.68,7.8,12.97,1.95
2022-10-26 01:00:00,6,8.64,4.71,14.66,1.8
2022-10-26 02:00:00,12.08,8.55,5.6,11.96,1.72
2022-10-26 03:00:00,21.36,8.71,5.96,6.84,1.76
2022-10-26 04:00:00,13.08,8.57,6.16,4.24,1.72
2022-10-26 05:00:00,6,8.7,6.11,3.05,1.71
2022-10-26 06:00:00,6,8.83,7.75,0.98,1.8
2022-10-26 07:00:00,6,8.93,13.33,0.98,2.15
2022-10-26 08:00:00,12.66,8.91,16.66,5.76,2.32
2022-10-26 09:00:00,25.3,8.8,10.91,16.51,2.04
2022-10-26 10:00:00,31.96,8.7,7.97,27.87,1.84
2022-10-26 11:00:00,17.03,8.8,7.92,40.48,1.88
2022-10-26 12:00:00,6,8.86,9.85,58.39,1.84
2022-10-26 13:00:00,6,8.77,11.43,70.13,1.88
2022-10-26 14:00:00,19.29,13.28,10.01,52.03,1.84
2022-10-26 15:00:00,15.29,9.87,8.61,54.55,1.71
2022-10-26 16:00:00,28.47,46.04,11.9,47.63,1.88
2022-10-26 17:00:00,23.19,39.48,11.28,44.39,1.75
2022-10-26 18:00:00,28.57,10.2,13.08,39.72,1.92
2022-10-26 19:00:00,47.59,9.76,12.01,38.82,1.82
2022-10-26 20:00:00,82.21,9.41,7.73,32.33,1.7
2022-10-26 21:00:00,51.23,9.03,12.62,23.55,1.77
2022-10-26 22:00:00,38.72,8.98,12.55,21.71,2.06
2022-10-26 23:00:00,21.67,8.97,10.11,26.14,1.95
2022-10-27 00:00:00,12.95,9.0,5.41,34.3,1.7
2022-10-27 01:00:00,6,9.18,3.97,35.87,1.72
2022-10-27 02:00:00,6,9.08,5.82,26.92,1.81
2022-10-27 03:00:00,6,10.78,12.99,15.89,1.81
2022-10-27 04:00:00,6,10.46,12.5,17.94,1.76
2022-10-27 05:00:00,6,13.18,14.0,14.23,1.83
2022-10-27 06:00:00,6,12.25,16.54,10.08,2.04
2022-10-27 07:00:00,15.4,11.02,22.26,16.52,1.99
2022-10-27 08:00:00,19.5,10.33,18.33,16.31,1.92
2022-10-27 09:00:00,16.44,12.94,24.25,20.17,2.05
2022-10-27 10:00:00,21.19,38.13,13.91,32.14,1.9
2022-10-27 11:00:00,21.18,26.33,8.74,44.13,1.78
2022-10-27 12:00:00,15.52,16.6,9.05,47.5,1.73
2022-10-27 13:00:00,6,12.36,7.04,45.7,1.61
2022-10-27 14:00:00,6,10.06,5.14,45.2,1.62
2022-10-27 15:00:00,6,9.17,5.57,42.61,1.65
2022-10-27 16:00:00,6,9.26,5.89,43.11,1.76
2022-10-27 17:00:00,12.01,9.64,8.54,41.49,1.79
2022-10-27 18:00:00,6,66.73,24.01,25.82,1.85
2022-10-27 19:00:00,17.27,79.1,30.54,15.79,2.09
2022-10-27 20:00:00,22,13.98,20.82,22.24,1.86
2022-10-27 21:00:00,27.65,9.82,20.36,19.56,1.84
2022-10-27 22:00:00,26.65,9.53,19.8,18.22,1.74
2022-10-27 23:00:00,22.62,9.26,16.37,18.71,1.73
2022-10-28 00:00:00,15.05,9.74,14.7,15.95,1.86
2022-10-28 01:00:00,30.73,9.98,10.84,18.44,1.82
2022-10-28 02:00:00,22.94,9.46,9.99,14.07,1.86
2022-10-28 03:00:00,34.7,8.88,8.74,11.23,1.78
2022-10-28 04:00:00,20.89,8.81,10.79,4.64,1.82
2022-10-28 05:00:00,20.48,8.87,10.41,0.98,1.94
2022-10-28 06:00:00,27.79,8.86,15.09,0.98,2.26
2022-10-28 07:00:00,35.75,9.33,19.76,2.04,2.52
2022-10-28 08:00:00,40.08,9.38,16.7,12.08,2.31
2022-10-28 09:00:00,24.94,27.91,20.79,23.59,2.09
2022-10-28 10:00:00,25.68,36.09,14.76,29.26,1.86
2022-10-28 11:00:00,28.26,88.94,18.19,32.8,1.81
2022-10-28 12:00:00,26.5,25.78,11.11,35.85,1.74
2022-10-28 13:00:00,23.76,14.46,5.95,39.56,1.78
2022-10-28 14:00:00,20.51,13.99,8.31,43.28,1.66
2022-10-28 15:00:00,6,19.3,8.22,48.82,1.76
2022-10-28 16:00:00,20.23,9.74,6.27,59.08,1.84
2022-10-28 17:00:00,12.19,9.85,7.08,67.19,1.84
2022-10-28 18:00:00,17.77,9.8,10.65,62.85,1.89
2022-10-28 19:00:00,29.88,10.05,10.97,55.74,1.9
2022-10-28 20:00:00,27.33,9.87,13.64,37.74,2.01
2022-10-28 21:00:00,44.85,9.21,11.84,30.61,2.03
2022-10-28 22:00:00,49.96,9.38,12.68,25.07,2.03
2022-10-28 23:00:00,46.86,8.89,16.73,16.69,2.24
2022-10-29 00:00:00,40.78,8.83,17.97,8.6,2.42
2022-10-29 01:00:00,41.87,8.85,13.45,7.71,2.08
2022-10-29 02:00:00,51.33,8.94,11.65,6.63,2.01
2022-10-29 03:00:00,40.45,8.88,9.65,6.03,1.9
2022-10-29 04:00:00,24.17,8.84,8.87,3.65,1.95
2022-10-29 05:00:00,38.93,8.82,9.76,0.98,1.93
2022-10-29 06:00:00,36.96,8.77,8.6,2.42,1.88
2022-10-29 07:00:00,30.17,8.89,13.25,3.15,2.36
2022-10-29 08:00:00,31.83,9.0,15.07,15.81,2.26
2022-10-29 09:00:00,24.39,9.08,12.22,31.41,2.14
2022-10-29 10:00:00,42,11.69,12.11,46.88,2.1
2022-10-29 11:00:00,23.54,47.75,16.08,51.9,2.12
2022-10-29 12:00:00,25.87,30.08,11.11,52.61,2.06
2022-10-29 13:00:00,29.59,30.13,12.94,47.38,2.09
2022-10-29 14:00:00,88.87,19.98,12.17,36.67,2.42
2022-10-29 15:00:00,54.33,24.89,7.74,42.57,2.32
2022-10-29 16:00:00,37.39,58.74,14.85,36.98,2.27
2022-10-29 17:00:00,27.5,43.0,9.09,45.87,2.32
2022-10-29 18:00:00,16.98,18.84,10.34,44.62,2.49
2022-10-29 19:00:00,19.97,13.76,11.8,39.82,2.38
2022-10-29 20:00:00,15.98,11.4,17.73,30.7,2.46
2022-10-29 21:00:00,22.69,10.75,18.77,28.4,2.46
2022-10-29 22:00:00,23.08,10.09,22.16,18.33,2.81
2022-10-29 23:00:00,18.79,9.77,20.66,18.49,2.9
2022-10-30 00:00:00,19.18,9.5,15.61,25.5,2.62
2022-10-30 01:00:00,12.14,9.87,9.41,35.2,2.14
2022-10-30 02:00:00,6,9.27,6.73,37.83,1.89
2022-10-30 03:00:00,15.5,12.47,11.15,25.32,1.91
2022-10-30 04:00:00,12.13,11.08,9.59,19.86,2.03
2022-10-30 05:00:00,12.78,9.98,5.93,23.12,1.95
2022-10-30 06:00:00,14.95,9.71,9.38,19.4,1.99
2022-10-30 07:00:00,14.86,9.22,6.36,29.1,1.84
2022-10-30 08:00:00,16.57,8.91,6.52,33.73,2
2022-10-30 09:00:00,12.88,8.95,5.74,38.99,1.98
2022-10-30 10:00:00,6,9.27,7.48,43.59,2.03
2022-10-30 11:00:00,6,12.32,10.31,45.01,2.13
2022-10-30 12:00:00,6,49.27,14.21,40.44,2.2
2022-10-30 13:00:00,15.64,127.0,17.49,35.88,2.49
2022-10-30 14:00:00,30.56,63.95,13.78,38.84,2.33
2022-10-30 15:00:00,22.17,19.25,6.05,46.59,2.28
2022-10-30 16:00:00,20.31,77.97,19.34,34.3,2.33
2022-10-30 17:00:00,18.14,133.6,13.27,38.76,2.34
2022-10-30 18:00:00,36.25,22.04,6.8,43.34,2.25
2022-10-30 19:00:00,29.2,14.39,9.2,38.11,2.4
2022-10-30 20:00:00,23.44,29.57,20.39,23.12,2.43
2022-10-30 21:00:00,21.77,16.46,6.63,40.09,2.33
2022-10-30 22:00:00,36.78,12.16,4.8,38.12,2.09
2022-10-30 23:00:00,19.81,10.76,7.19,29.75,2.36
2022-10-31 00:00:00,13.16,9.99,7.16,23.34,2.17
2022-10-31 01:00:00,19.22,9.65,2.49,31.32,1.83
2022-10-31 02:00:00,12.29,9.41,1.98,31.36,1.78
2022-10-31 03:00:00,6,9.07,1.01,26.9,1.73
2022-10-31 04:00:00,18.51,9.13,1.19,26.39,1.77
2022-10-31 05:00:00,12.27,9.05,1.19,29.74,1.76
2022-10-31 06:00:00,6,9.08,2.13,28.4,1.75
2022-10-31 07:00:00,6,9.05,5.51,23.26,1.84
2022-10-31 08:00:00,6,9.24,8.31,20.88,1.93
2022-10-31 09:00:00,6,9.06,7.31,20.43,1.84
2022-10-31 10:00:00,6,8.89,4.46,22.42,1.76
2022-10-31 11:00:00,6,9.03,5.87,20.74,1.77
2022-10-31 12:00:00,6,9.0,6.62,21.53,1.8
2022-10-31 13:00:00,6,8.99,6.23,22.13,1.79
2022-10-31 14:00:00,6,8.97,5.12,22.13,1.79
2022-10-31 15:00:00,6,9.01,4.18,23.41,1.77
2022-10-31 16:00:00,6,8.84,5.96,20.52,1.85
2022-10-31 17:00:00,18.39,8.99,5.92,19.75,1.93
2022-10-31 18:00:00,6,8.67,7.97,15.86,1.99
2022-10-31 19:00:00,6,8.56,8.82,15.23,1.97
2022-10-31 20:00:00,6,8.28,14.63,7.4,1.99
2022-10-31 21:00:00,6,8.49,16.16,4.96,2.06
2022-10-31 22:00:00,6,8.66,10.62,8.03,1.93
2022-10-31 23:00:00,6,8.7,9.8,9.37,1.98
2022-11-01 00:00:00,6,8.41,3.51,17.08,1.67
2022-11-01 01:00:00,6,8.55,2.83,14.87,1.61
2022-11-01 02:00:00,6,8.58,6.73,12.53,1.63
2022-11-01 03:00:00,6,8.35,9.0,9.34,1.68
2022-11-01 04:00:00,6,8.38,7.88,10.48,1.7
2022-11-01 05:00:00,6,8.34,6.42,11.42,1.66
2022-11-01 06:00:00,17.27,8.45,5.7,13.06,1.76
2022-11-01 07:00:00,17.16,50.81,13.94,7.59,1.87
2022-11-01 08:00:00,6,11.6,9.6,10.61,2.18
2022-11-01 09:00:00,6,9.7,6.61,15.27,1.85
2022-11-01 10:00:00,17.67,9.03,5.51,17.06,1.73
2022-11-01 11:00:00,6,8.97,3.42,22.32,1.7
2022-11-01 12:00:00,15.76,8.81,2.92,25.66,1.79
2022-11-01 13:00:00,6,8.46,2.48,29.58,1.7
2022-11-01 14:00:00,6,8.53,2.98,31.17,1.72
2022-11-01 15:00:00,20.86,8.5,2.67,30.54,1.74
2022-11-01 16:00:00,12.55,8.97,1.92,32.0,1.71
2022-11-01 17:00:00,6,8.46,3.49,28.98,1.76
2022-11-01 18:00:00,6,8.36,5.17,25.81,1.88
2022-11-01 19:00:00,15.15,8.25,8.8,20.97,1.91
2022-11-01 20:00:00,6,8.19,10.77,16.81,1.95
2022-11-01 21:00:00,6,8.34,17.43,8.64,2.19
2022-11-01 22:00:00,31.46,8.91,20.02,4.71,2.6
2022-11-01 23:00:00,29.4,9.02,15.96,3.75,2.49
2022-11-02 00:00:00,38.19,8.9,15.43,0.98,2.48
2022-11-02 01:00:00,26.36,8.7,10.49,0.98,2.21
2022-11-02 02:00:00,18.16,8.39,8.09,0.98,2.01
2022-11-02 03:00:00,6,8.36,7.89,0.98,2.08
2022-11-02 04:00:00,25.66,8.43,8.16,0.98,2.09
2022-11-02 05:00:00,28.01,8.47,9.16,0.98,2.19
2022-11-02 06:00:00,23.37,8.32,10.08,0.98,2.29
2022-11-02 07:00:00,13.4,17.93,8.57,3.07,1.93
2022-11-02 08:00:00,17.59,10.72,6.77,18.16,1.73
2022-11-02 09:00:00,6,9.46,5.54,21.91,1.74
2022-11-02 10:00:00,16.59,10.09,3.85,24.81,1.61
2022-11-02 11:00:00,12.75,9.4,3.13,27.87,1.65
2022-11-02 12:00:00,6,8.76,4.18,30.24,1.66
2022-11-02 13:00:00,6,9.39,4.05,36.14,1.63
2022-11-02 14:00:00,6,8.81,3.52,43.86,1.68
2022-11-02 15:00:00,6,8.8,4.16,45.99,1.73
2022-11-02 16:00:00,6,8.69,3.93,43.25,1.66
2022-11-02 17:00:00,6,8.73,2.55,36.99,1.64
2022-11-02 18:00:00,6,8.77,3.0,33.47,1.65
2022-11-02 19:00:00,6,8.53,4.65,24.86,1.7
2022-11-02 20:00:00,17.88,8.79,7.69,20.27,1.75
2022-11-02 21:00:00,12.87,8.94,10.46,16.21,1.99
2022-11-02 22:00:00,19.89,9.05,12.96,10.29,2.17
2022-11-02 23:00:00,26.37,9.2,10.63,7.64,2.1
2022-11-03 00:00:00,15.79,8.98,12.52,3.3,2.26
2022-11-03 01:00:00,24.81,8.62,9.13,0.98,2.14
2022-11-03 02:00:00,18.61,8.47,8.0,0.98,1.97
2022-11-03 03:00:00,29.31,8.41,5.06,3.17,1.86
2022-11-03 04:00:00,15.73,8.39,4.74,0.98,1.82
2022-11-03 05:00:00,6,8.36,7.03,0.98,1.92
2022-11-03 06:00:00,29.98,9.0,10.06,0.98,2.59
2022-11-03 07:00:00,22.8,10.3,20.28,0.98,2.47
2022-11-03 08:00:00,31.82,68.19,20.16,5.38,2.38
2022-11-03 09:00:00,24.5,87.92,12.62,12.17,1.88
2022-11-03 10:00:00,27.6,12.94,9.66,20.51,1.76
2022-11-03 11:00:00,16.65,12.83,7.93,36.96,1.67
2022-11-03 12:00:00,6,9.81,6.11,36.09,1.68
2022-11-03 13:00:00,6,8.94,6.21,37.13,1.68
2022-11-03 14:00:00,6,9.25,8.04,47.03,1.67
2022-11-03 15:00:00,6,9.19,6.18,45.43,1.73
2022-11-03 16:00:00,6,8.45,3.4,39.27,1.57
2022-11-03 17:00:00,6,8.34,4.52,41.13,1.6
2022-11-03 18:00:00,6,8.91,6.35,38.0,1.66
2022-11-03 19:00:00,6,9.06,9.58,29.83,1.79
2022-11-03 20:00:00,6,8.93,15.29,17.79,1.93
2022-11-03 21:00:00,16.2,9.24,13.8,17.52,1.96
2022-11-03 22:00:00,33.25,9.59,9.06,21.07,1.84
2022-11-03 23:00:00,33.9,9.78,7.25,21.75,1.78
2022-11-04 00:00:00,23.52,9.73,10.28,13.41,1.98
2022-11-04 01:00:00,24.79,9.45,8.07,10.54,1.77
2022-11-04 02:00:00,21.24,9.31,8.01,6.38,1.78
2022-11-04 03:00:00,19.93,9.33,7.46,3.49,1.82
2022-11-04 04:00:00,19.67,9.29,6.57,2.5,1.78
2022-11-04 05:00:00,25.31,9.25,9.74,0.98,1.86
2022-11-04 06:00:00,16.23,9.28,12.63,0.98,1.95
2022-11-04 07:00:00,18.52,9.72,14.82,3.74,2.08
2022-11-04 08:00:00,33.84,11.6,13.18,11.77,2.13
2022-11-04 09:00:00,19.89,9.8,5.35,25.85,1.73
2022-11-04 10:00:00,32.92,9.12,3.51,27.87,1.62
2022-11-04 11:00:00,17.03,8.74,3.56,30.6,1.59
2022-11-04 12:00:00,6,8.47,4.02,29.17,1.59
2022-11-04 13:00:00,6,8.69,4.22,28.46,1.63
2022-11-04 14:00:00,6,8.55,2.56,29.19,1.63
2022-11-04 15:00:00,19.93,8.71,2.94,29.42,1.6
2022-11-04 16:00:00,13.62,8.59,3.69,29.54,1.64
2022-11-04 17:00:00,6,9.1,3.74,27.48,1.63
2022-11-04 18:00:00,6,9.14,4.38,25.1,1.66
2022-11-04 19:00:00,6,9.04,6.72,21.81,1.7
2022-11-04 20:00:00,26.22,9.11,8.85,18.35,1.82
2022-11-04 21:00:00,15.26,9.53,9.35,16.76,1.86
2022-11-04 22:00:00,21.47,9.76,13.44,10.45,2.06
2022-11-04 23:00:00,20.85,9.54,13.41,7.56,2.19
2022-11-05 00:00:00,16.72,9.41,16.41,0.98,2.32
2022-11-05 01:00:00,37.63,9.44,14.53,0.98,2.24
2022-11-05 02:00:00,33.56,9.46,12.96,3.61,2.13
2022-11-05 03:00:00,30.86,9.47,9.12,4.43,1.91
2022-11-05 04:00:00,20.05,9.46,10.91,0.98,2.02
2022-11-05 05:00:00,27.54,9.36,8.39,0.98,1.92
2022-11-05 06:00:00,18.28,9.37,8.55,0.98,2.04
2022-11-05 07:00:00,23.07,9.33,10.85,2.91,2.12
2022-11-05 08:00:00,25.94,9.32,6.23,14.18,1.86
2022-11-05 09:00:00,16.34,9.39,4.45,24.21,1.78
2022-11-05 10:00:00,19.76,9.41,4.16,27.04,1.82
2022-11-05 11:00:00,6,9.36,4.38,29.97,1.72
2022-11-05 12:00:00,6,9.09,3.27,33.08,1.68
2022-11-05 13:00:00,6,8.51,3.61,32.41,1.67
2022-11-05 14:00:00,6,8.79,6.57,32.62,1.69
2022-11-05 15:00:00,6,9.27,2.69,28.84,2.07
2022-11-05 16:00:00,6,9.24,2.02,27.48,2.02
2022-11-05 17:00:00,6,9.11,2.31,26.72,2.01
2022-11-05 18:00:00,27.87,8.88,2.83,25.86,2.04
2022-11-05 19:00:00,27.19,8.94,2.91,24.22,2.06
2022-11-05 20:00:00,18.7,9.39,4.85,22.1,2.1
2022-11-05 21:00:00,20.75,9.35,5.47,19.22,2.27
2022-11-05 22:00:00,23.5,9.41,4.67,18.36,2.29
2022-11-05 23:00:00,24.95,9.33,6.37,14.57,2.29
2022-11-06 00:00:00,15.58,9.28,6.25,11.31,2.31
2022-11-06 01:00:00,18.97,9.3,6.2,10.31,2.02
2022-11-06 02:00:00,27.16,9.29,5.84,7.9,1.84
2022-11-06 03:00:00,14.44,9.21,4.68,6.59,1.8
2022-11-06 04:00:00,6,9.33,4.41,5.1,1.83
2022-11-06 05:00:00,13.28,9.31,4.24,4.02,1.78
2022-11-06 06:00:00,6,9.33,5.21,2.18,1.79
2022-11-06 07:00:00,12.36,9.3,5.25,5.4,1.81
2022-11-06 08:00:00,14.86,9.31,2.73,17.75,1.71
2022-11-06 09:00:00,6,9.29,2.23,24.93,1.71
2022-11-06 10:00:00,6,9.31,2.09,27.95,1.68
2022-11-06 11:00:00,6,9.3,2.01,28.45,1.7
2022-11-06 12:00:00,6,9.42,2.66,28.77,1.76
2022-11-06 13:00:00,6,8.79,2.87,28.19,1.99
2022-11-06 14:00:00,6,8.56,1.75,28.0,1.9
2022-11-06 15:00:00,6,8.6,1.69,27.87,1.73
2022-11-06 16:00:00,6,8.51,2.07,27.67,1.69
2022-11-06 17:00:00,12.29,8.43,1.89,26.47,1.67
2022-11-06 18:00:00,17.97,8.93,3.58,25.1,1.69
2022-11-06 19:00:00,28.15,9.04,3.4,23.01,1.67
2022-11-06 20:00:00,18.94,9.38,4.67,19.92,1.79
2022-11-06 21:00:00,12.31,9.39,5.11,18.66,1.8
2022-11-06 22:00:00,14.72,9.42,5.99,16.19,1.83
2022-11-06 23:00:00,20.99,9.3,5.64,14.69,1.85
2022-11-07 00:00:00,17.35,9.39,7.11,10.5,1.84
2022-11-07 01:00:00,20.24,9.3,5.59,9.8,1.77
2022-11-07 02:00:00,6,9.35,4.92,7.94,1.82
2022-11-07 03:00:00,6,9.33,5.34,3.93,1.78
2022-11-07 04:00:00,6,9.31,4.19,3.89,1.76
2022-11-07 05:00:00,6,9.28,5.54,1.98,1.77
2022-11-07 06:00:00,6,9.36,7.96,0.98,1.87
2022-11-07 07:00:00,18.82,9.38,8.39,6.96,1.86
2022-11-07 08:00:00,6,9.39,10.95,8.01,2.1
2022-11-07 09:00:00,6,9.31,6.1,17.13,1.9
2022-11-07 10:00:00,12.08,9.29,4.52,18.8,1.79
2022-11-07 11:00:00,17.09,9.31,5.49,19.01,1.8
2022-11-07 12:00:00,17.09,9.28,3.58,23.29,1.71
2022-11-07 13:00:00,15.79,9.22,4.53,23.19,1.79
2022-11-07 14:00:00,6,8.93,4.22,21.93,1.75
2022-11-07 15:00:00,6,9.3,6.49,19.44,1.78
2022-11-07 16:00:00,6,9.34,4.75,21.52,1.79
2022-11-07 17:00:00,6,9.23,5.14,18.67,1.73
2022-11-07 18:00:00,6,9.31,8.68,14.8,1.84
2022-11-07 19:00:00,6,9.32,11.15,10.62,
2022-11-07 20:00:00,27.44,9.28,13.64,5.55,2.04
2022-11-07 21:00:00,15.8,9.31,11.36,6.86,2.02
2022-11-07 22:00:00,14.93,9.29,10.03,7.19,1.92
2022-11-07 23:00:00,22.43,9.42,12.89,3.47,2.12
2022-11-08 00:00:00,13.87,9.32,12.81,0.98,2.16
2022-11-08 01:00:00,6,9.35,9.62,0.98,1.97
2022-11-08 02:00:00,6,9.38,8.7,0.98,1.89
2022-11-08 03:00:00,6,9.3,6.4,0.98,1.91
2022-11-08 04:00:00,6,9.23,6.02,0.98,1.87
2022-11-08 05:00:00,6,9.3,6.61,0.98,1.76
2022-11-08 06:00:00,12.61,9.49,7.9,0.98,1.97
2022-11-08 07:00:00,6,9.58,16.58,0.98,2.42
2022-11-08 08:00:00,14.03,9.6,16.27,0.98,2.88
2022-11-08 09:00:00,20.14,10.01,21.12,7.74,2.2
2022-11-08 10:00:00,26.58,23.26,12.56,17.46,1.9
2022-11-08 11:00:00,19.04,16.63,7.87,17.93,1.85
2022-11-08 12:00:00,20.82,11.65,10.98,15.51,1.86
2022-11-08 13:00:00,21.03,10.16,7.96,17.14,1.8
2022-11-08 14:00:00,21.35,9.52,5.29,19.37,1.81
2022-11-08 15:00:00,6,9.45,3.44,23.14,1.69
2022-11-08 16:00:00,6,9.61,3.34,23.12,1.73
2022-11-08 17:00:00,6,9.21,3.11,25.16,
2022-11-08 18:00:00,6,9.38,4.13,23.1,
2022-11-08 19:00:00,6,9.29,7.51,17.89,1.79
2022-11-08 20:00:00,6,9.32,10.64,11.99,
2022-11-08 21:00:00,6,9.22,8.54,13.38,
2022-11-08 22:00:00,6,9.26,9.9,7.3,2.08
2022-11-08 23:00:00,6,9.32,9.73,5.02,2.3
2022-11-09 00:00:00,12.28,9.34,10.18,0.98,2.11
2022-11-09 01:00:00,6,9.32,8.82,0.98,1.9
2022-11-09 02:00:00,6,9.3,6.84,0.98,1.82
2022-11-09 03:00:00,6,9.18,8.07,0.98,1.85
2022-11-09 04:00:00,6,9.16,6.19,3.52,1.73
2022-11-09 05:00:00,6,9.24,7.08,0.98,1.76
2022-11-09 06:00:00,6,9.54,15.63,0.98,1.81
2022-11-09 07:00:00,6,9.28,19.96,3.04,2.68
2022-11-09 08:00:00,21.7,9.77,20.35,3.96,2.68
2022-11-09 09:00:00,30.27,9.77,17.4,14.88,2.52
2022-11-09 10:00:00,17.36,10.13,7.67,19.32,2.35
2022-11-09 11:00:00,6,10.23,7.11,24.18,2.37
2022-11-09 12:00:00,6,9.66,4.43,23.08,2.27
2022-11-09 13:00:00,6,9.53,6.5,18.44,2.34
2022-11-09 14:00:00,6,9.28,6.37,18.13,2.47
2022-11-09 15:00:00,6,9.57,16.44,16.38,2.51
2022-11-09 16:00:00,16.91,9.8,9.01,19.24,2.53
2022-11-09 17:00:00,17.43,10.26,7.14,17.64,2.33
2022-11-09 18:00:00,6,9.81,7.46,17.36,2.4
2022-11-09 19:00:00,6,9.75,13.62,9.28,2.52
2022-11-09 20:00:00,6,9.52,14.18,7.01,2.59
2022-11-09 21:00:00,6,9.41,16.31,4.29,2.91
2022-11-09 22:00:00,45.6,9.57,12.49,4.39,2.59
2022-11-09 23:00:00,33.56,9.67,9.84,5.48,2.56
2022-11-10 00:00:00,25.61,9.37,10.28,0.98,2.53
2022-11-10 01:00:00,17.37,9.58,9.4,0.98,2.24
2022-11-10 02:00:00,12.83,9.61,8.75,0.98,2.15
2022-11-10 03:00:00,13.08,9.4,7.39,0.98,1.86
2022-11-10 04:00:00,20.26,9.33,5.93,0.98,1.73
2022-11-10 05:00:00,13.34,9.41,5.99,0.98,1.83
2022-11-10 06:00:00,24.42,9.56,7.74,0.98,1.96
2022-11-10 07:00:00,14.55,9.88,11.83,0.98,2.15
2022-11-10 08:00:00,19.51,10.18,21.03,8.09,2.55
2022-11-10 09:00:00,25.53,20.27,18.45,6.25,2.24
2022-11-10 10:00:00,27.73,13.2,6.57,17.03,1.71
2022-11-10 11:00:00,15.77,11.26,4.75,27.63,1.68
2022-11-10 12:00:00,6,10.24,4.67,29.13,1.64
2022-11-10 13:00:00,6,9.87,4.53,27.25,1.64
2022-11-10 14:00:00,6,9.85,3.07,28.52,1.58
2022-11-10 15:00:00,6,9.49,4.08,29.48,1.6
2022-11-10 16:00:00,6,9.33,3.91,30.72,1.64
2022-11-10 17:00:00,6,9.33,3.48,30.22,1.6
2022-11-10 18:00:00,15.78,9.43,6.0,29.23,1.65
2022-11-10 19:00:00,6,9.07,7.7,26.45,1.71
2022-11-10 20:00:00,22.34,9.18,6.07,26.2,1.65
2022-11-10 21:00:00,25.49,9.66,5.95,21.72,1.75
2022-11-10 22:00:00,19.36,9.53,4.98,20.74,1.74
2022-11-10 23:00:00,6,9.58,4.98,19.16,1.75
2022-11-11 00:00:00,6,9.55,6.68,15.07,1.81
2022-11-11 01:00:00,6,9.55,4.56,15.17,1.65
2022-11-11 02:00:00,6,9.59,3.74,14.13,1.73
2022-11-11 03:00:00,6,9.57,2.92,17.79,1.7
2022-11-11 04:00:00,6,9.5,2.75,16.91,1.7
2022-11-11 05:00:00,6,9.56,3.55,14.08,1.71
2022-11-11 06:00:00,6,9.54,8.79,4.97,1.8
2022-11-11 07:00:00,6,9.63,13.31,4.29,1.96
2022-11-11 08:00:00,6,9.76,13.85,6.06,2.23
2022-11-11 09:00:00,6,9.8,15.91,6.32,2.16
2022-11-11 10:00:00,22.85,9.54,10.79,12.3,1.98
2022-11-11 11:00:00,17.06,9.87,7.85,23.56,1.83
2022-11-11 12:00:00,6,14.86,11.33,33.98,1.91
2022-11-11 13:00:00,6,44.8,16.54,35.88,1.88
2022-11-11 14:00:00,21.72,47.36,16.22,42.2,1.96
2022-11-11 15:00:00,26.1,31.17,13.46,59.24,1.87
2022-11-11 16:00:00,30.29,15.68,9.56,59.97,1.77
2022-11-11 17:00:00,24.58,11.78,8.87,53.97,1.74
2022-11-11 18:00:00,25.59,10.4,9.08,27.06,1.76
2022-11-11 19:00:00,22.3,9.81,8.55,25.67,1.74
2022-11-11 20:00:00,27.23,9.58,14.74,15.41,1.88
2022-11-11 21:00:00,29.1,9.58,14.04,12.52,1.96
2022-11-11 22:00:00,32.37,9.55,13.2,9.72,2.61
2022-11-11 23:00:00,37.38,9.53,11.15,9.86,2.18
2022-11-12 00:00:00,28.86,9.34,10.97,9.09,1.84
2022-11-12 01:00:00,18.79,9.42,8.36,9.0,1.92
2022-11-12 02:00:00,27.18,9.51,5.39,12.41,1.84
2022-11-12 03:00:00,16.73,9.04,4.77,11.26,1.82
2022-11-12 04:00:00,12.63,9.0,5.42,7.8,1.79
2022-11-12 05:00:00,16.09,9.11,5.1,5.58,1.84
2022-11-12 06:00:00,22.34,9.33,6.17,4.06,1.86
2022-11-12 07:00:00,22.99,8.9,7.99,2.76,2
2022-11-12 08:00:00,24.51,8.98,7.81,7.26,1.96
2022-11-12 09:00:00,14.2,8.82,7.56,12.11,2.04
2022-11-12 10:00:00,16.38,8.89,6.39,21.68,1.88
2022-11-12 11:00:00,25.48,8.92,7.08,31.69,1.92
2022-11-12 12:00:00,18.15,9.52,6.95,43.5,2.03
2022-11-12 13:00:00,6,14.13,8.67,48.11,2.04
2022-11-12 14:00:00,6,11.45,5.75,53.45,1.91
2022-11-12 15:00:00,6,9.94,4.83,56.37,1.88
2022-11-12 16:00:00,19.34,9.55,4.94,50.96,1.86
2022-11-12 17:00:00,6,9.76,6.99,49.1,1.92
2022-11-12 18:00:00,6,9.61,7.53,45.99,1.92
2022-11-12 19:00:00,25.8,9.42,7.94,40.31,1.92
2022-11-12 20:00:00,20.56,9.18,9.48,31.41,2.05
2022-11-12 21:00:00,29.39,9.18,9.54,24.82,2.08
2022-11-12 22:00:00,35.33,9.12,8.99,21.54,2.18
2022-11-12 23:00:00,40.9,9.24,8.98,19.8,2.23
2022-11-13 00:00:00,26.45,8.92,7.81,15.84,2.02
2022-11-13 01:00:00,31.93,8.9,7.96,14.99,1.95
2022-11-13 02:00:00,34.26,8.86,5.56,18.21,1.96
2022-11-13 03:00:00,25.66,8.87,5.19,15.82,1.91
2022-11-13 04:00:00,17.43,8.94,5.27,13.33,1.87
2022-11-13 05:00:00,15.53,8.87,4.99,10.19,1.89
2022-11-13 06:00:00,34.81,8.81,5.51,9.01,1.9
2022-11-13 07:00:00,21.46,8.84,4.57,11.87,1.93
2022-11-13 08:00:00,24.64,8.82,4.84,14.73,2.15
2022-11-13 09:00:00,21.64,8.91,6.19,12.51,1.96
2022-11-13 10:00:00,25.41,8.9,6.19,15.26,1.98
2022-11-13 11:00:00,13.97,9.28,5.49,26.28,1.89
2022-11-13 12:00:00,6,10.8,8.2,34.91,2.2
2022-11-13 13:00:00,6,10.19,8.42,29.87,2.25
2022-11-13 14:00:00,18.6,9.78,7.34,23.93,2.31
2022-11-13 15:00:00,26.97,9.41,5.87,19.96,2.1
2022-11-13 16:00:00,39,9.3,6.69,18.85,2.05
2022-11-13 17:00:00,24.88,8.92,6.22,22.2,2
2022-11-13 18:00:00,19.2,8.89,6.01,24.76,1.94
2022-11-13 19:00:00,25.43,8.87,7.11,22.12,2.01
2022-11-13 20:00:00,17.44,8.86,6.77,18.87,1.97
2022-11-13 21:00:00,20.57,8.9,6.77,13.59,2.01
2022-11-13 22:00:00,30.82,8.83,6.92,10.21,2.07
2022-11-13 23:00:00,17.66,8.84,6.62,8.85,2.04
2022-11-14 00:00:00,6,8.83,7.93,4.03,2.15
2022-11-14 01:00:00,6,8.82,7.59,2.51,2.01
2022-11-14 02:00:00,6,8.86,6.62,2.11,1.96
2022-11-14 03:00:00,6,8.82,5.41,0.98,1.94
2022-11-14 04:00:00,6,9.38,12.52,16.45,1.92
2022-11-14 05:00:00,36.78,10.54,4.37,31.11,1.95
2022-11-14 06:00:00,21.19,10.08,6.86,35.35,1.93
2022-11-14 07:00:00,13.13,9.86,16.87,23.89,2.16
2022-11-14 08:00:00,6,10.13,24.56,15.36,2.52
2022-11-14 09:00:00,6,12.57,18.48,19.07,2.09
2022-11-14 10:00:00,6,11.6,12.25,25.56,2.01
2022-11-14 11:00:00,6,12.11,13.51,22.66,2.08
2022-11-14 12:00:00,16.38,39.76,9.64,28.13,2.05
2022-11-14 13:00:00,6,112.6,15.92,26.81,2.05
2022-11-14 14:00:00,6,76.23,16.61,31.45,1.84
2022-11-14 15:00:00,6,40.18,15.33,36.65,1.74
2022-11-14 16:00:00,6,22.48,9.1,43.8,1.79
2022-11-14 17:00:00,6,11.74,7.52,47.18,1.67
2022-11-14 18:00:00,6,10.29,10.64,44.09,1.7
2022-11-14 19:00:00,6,9.66,12.73,36.55,1.67
2022-11-14 20:00:00,6,10.72,11.17,30.54,1.98
2022-11-14 21:00:00,21.48,12.05,10.68,29.7,2.11
2022-11-14 22:00:00,14.46,10.83,8.75,32.96,2.1
2022-11-14 23:00:00,14.31,97.44,32.12,9.5,2.33
2022-11-15 00:00:00,14.81,307.0,21.63,16.34,2.17
2022-11-15 01:00:00,13.82,448.3,18.47,17.09,1.92
2022-11-15 02:00:00,18.82,332.6,26.18,9.04,1.74
2022-11-15 03:00:00,22.04,219.8,27.4,7.95,1.84
2022-11-15 04:00:00,26.06,96.67,14.74,14.34,1.86
2022-11-15 05:00:00,14.83,37.33,8.71,18.26,1.92
2022-11-15 06:00:00,16.52,129.3,14.55,17.45,1.79
2022-11-15 07:00:00,6,100.2,13.09,19.01,1.85
2022-11-15 08:00:00,19.34,224.0,18.15,18.14,1.76
2022-11-15 09:00:00,26.89,20.75,4.97,29.74,1.67
2022-11-15 10:00:00,15.9,14.23,5.28,34.24,1.69
2022-11-15 11:00:00,19.99,11.49,3.58,38.34,1.67
2022-11-15 12:00:00,14.67,10.13,3.53,37.3,1.58
2022-11-15 13:00:00,17.09,9.7,4.08,37.34,1.59
2022-11-15 14:00:00,15.58,9.88,4.16,38.83,1.62
2022-11-15 15:00:00,6,9.68,3.31,41.02,1.71
2022-11-15 16:00:00,13.51,9.45,3.83,40.95,1.7
2022-11-15 17:00:00,12.31,9.13,3.11,42.21,1.67
2022-11-15 18:00:00,12.11,9.02,5.31,40.56,1.75
2022-11-15 19:00:00,17.3,9.77,8.56,35.44,1.7
2022-11-15 20:00:00,12.33,49.65,31.54,10.5,2.09
2022-11-15 21:00:00,31.15,292.8,17.84,19.91,1.98
2022-11-15 22:00:00,26.24,88.02,13.29,21.58,2.37
2022-11-15 23:00:00,41.25,14.75,15.27,15.58,2.64
2022-11-16 00:00:00,31.72,13.22,11.13,18.24,2
2022-11-16 01:00:00,37.17,21.49,20.97,4.47,1.9
2022-11-16 02:00:00,20.52,12.61,12.67,9.58,1.87
2022-11-16 03:00:00,16.89,12.15,17.2,3.93,1.9
2022-11-16 04:00:00,18.56,11.78,12.24,4.45,1.89
2022-11-16 05:00:00,16.21,11.56,11.69,0.98,1.91
2022-11-16 06:00:00,27.51,11.05,14.22,0.98,2.21
2022-11-16 07:00:00,26.09,12.06,21.82,3.26,2.27
2022-11-16 08:00:00,23.96,12.4,21.4,22.73,1.98
2022-11-16 09:00:00,40.77,57.71,25.09,15.41,1.94
2022-11-16 10:00:00,43.04,29.71,12.55,31.63,1.84
2022-11-16 11:00:00,23.93,15.09,10.87,41.54,1.76
2022-11-16 12:00:00,17.5,10.06,4.54,39.11,1.65
2022-11-16 13:00:00,13.24,9.65,6.65,41.84,1.77
2022-11-16 14:00:00,6,9.46,5.14,41.94,1.68
2022-11-16 15:00:00,6,9.19,4.31,42.1,1.66
2022-11-16 16:00:00,6,9.14,2.66,37.57,1.61
2022-11-16 17:00:00,6,9.01,4.12,35.97,1.68
2022-11-16 18:00:00,6,8.98,7.83,33.62,1.74
2022-11-16 19:00:00,6,9.11,13.63,24.39,1.84
2022-11-16 20:00:00,19.17,9.87,28.34,3.5,2.34
2022-11-16 21:00:00,37.77,10.23,24.89,3.48,2.31
2022-11-16 22:00:00,48.55,9.93,23.23,0.98,2.32
2022-11-16 23:00:00,50.92,10.73,24.16,0.98,2.99
2022-11-17 00:00:00,57.33,10.72,21.7,0.98,2.86
2022-11-17 01:00:00,60.35,10.11,17.5,0.98,2.3
2022-11-17 02:00:00,55.21,10.25,18.99,0.98,2.17
2022-11-17 03:00:00,44.25,10.5,20.07,0.98,2.01
2022-11-17 04:00:00,39.05,9.87,15.08,0.98,1.88
2022-11-17 05:00:00,41.16,9.79,14.08,0.98,1.99
2022-11-17 06:00:00,43.18,10.04,15.77,0.98,2.11
2022-11-17 07:00:00,39.79,11.16,20.89,0.98,2.43
2022-11-17 08:00:00,47.58,14.26,26.47,15.74,2.34
2022-11-17 09:00:00,34.82,12.15,20.65,37.22,1.84
2022-11-17 10:00:00,38.1,10.53,14.76,35.53,1.66
2022-11-17 11:00:00,21.63,9.91,7.4,47.03,1.61
2022-11-17 12:00:00,12.44,9.83,7.13,53.01,1.65
2022-11-17 13:00:00,6,9.95,9.2,56.78,1.75
2022-11-17 14:00:00,15.39,9.67,3.79,48.01,1.64
2022-11-17 15:00:00,6,9.11,3.43,39.89,1.56
2022-11-17 16:00:00,18.19,9.31,3.07,39.62,1.62
2022-11-17 17:00:00,6,9.61,3.82,34.8,1.6
2022-11-17 18:00:00,24.58,9.38,5.44,32.67,1.59
2022-11-17 19:00:00,20.64,9.74,10.24,24.29,1.68
2022-11-17 20:00:00,19.3,9.91,14.34,15.51,1.91
2022-11-17 21:00:00,32.83,9.72,8.67,16.79,1.75
2022-11-17 22:00:00,25.12,9.99,13.15,9.4,1.85
2022-11-17 23:00:00,40.99,9.99,11.62,9.08,1.84
2022-11-18 00:00:00,35.47,10.0,9.64,7.94,1.75
2022-11-18 01:00:00,30.54,9.93,9.12,4.32,1.68
2022-11-18 02:00:00,26.21,9.74,8.01,2.6,1.75
2022-11-18 03:00:00,37.57,9.59,6.97,2.68,1.84
2022-11-18 04:00:00,26.98,9.26,5.53,0.98,1.78
2022-11-18 05:00:00,15.88,9.23,6.7,0.98,1.81
2022-11-18 06:00:00,6,9.38,7.6,0.98,1.87
2022-11-18 07:00:00,16.19,9.6,10.51,0.98,2.05
2022-11-18 08:00:00,6,10.03,14.25,3.24,2.42
2022-11-18 09:00:00,28.69,23.04,30.46,12.65,2.23
2022-11-18 10:00:00,33.6,61.02,26.2,21.27,2.05
2022-11-18 11:00:00,43.72,19.91,9.44,32.02,1.84
2022-11-18 12:00:00,30.83,12.84,6.57,36.87,1.72
2022-11-18 13:00:00,21.3,11.1,6.01,39.73,1.84
2022-11-18 14:00:00,13.27,10.53,6.02,41.43,1.81
2022-11-18 15:00:00,6,10.05,4.64,42.18,1.78
2022-11-18 16:00:00,6,9.77,3.96,39.33,1.78
2022-11-18 17:00:00,18.86,9.81,4.32,37.97,1.8
2022-11-18 18:00:00,25.46,9.77,5.66,30.39,1.76
2022-11-18 19:00:00,29.48,10.3,6.32,24.99,1.81
2022-11-18 20:00:00,32.89,9.97,6.56,21.63,1.88
2022-11-18 21:00:00,31.28,9.87,7.11,17.91,1.9
2022-11-18 22:00:00,35.14,9.75,8.02,16.2,1.96
2022-11-18 23:00:00,27.44,9.61,7.76,15.92,1.9
2022-11-19 00:00:00,19.96,9.75,8.67,14.67,1.88
2022-11-19 01:00:00,26.93,9.78,5.05,18.72,1.72
2022-11-19 02:00:00,28.57,9.98,4.8,17.47,1.76
2022-11-19 03:00:00,20.86,9.82,3.85,17.52,1.65
2022-11-19 04:00:00,12.11,9.51,5.96,11.71,1.73
2022-11-19 05:00:00,6,9.41,5.75,6.92,1.74
2022-11-19 06:00:00,23.25,9.59,8.17,3.97,1.78
2022-11-19 07:00:00,14.82,9.99,9.55,5.52,1.85
2022-11-19 08:00:00,22.15,10.34,9.26,12.95,1.93
2022-11-19 09:00:00,19.65,11.14,6.95,24.07,1.84
2022-11-19 10:00:00,13.36,11.1,5.02,32.12,1.68
2022-11-19 11:00:00,18.81,10.47,5.68,39.29,1.79
2022-11-19 12:00:00,12.34,9.93,4.95,44.32,1.76
2022-11-19 13:00:00,20.25,9.87,5.19,46.74,1.8
2022-11-19 14:00:00,24.5,9.85,4.91,48.14,1.81
2022-11-19 15:00:00,24.25,9.96,3.38,45.33,1.79
2022-11-19 16:00:00,21.76,9.88,3.46,41.13,1.76
2022-11-19 17:00:00,38.12,9.93,3.89,38.17,1.81
2022-11-19 18:00:00,30.91,9.84,5.08,31.88,1.85
2022-11-19 19:00:00,37.02,9.78,5.35,26.55,1.9
2022-11-19 20:00:00,42.34,10.1,6.83,20.28,1.97
2022-11-19 21:00:00,40.32,9.78,7.28,17.64,2.16
2022-11-19 22:00:00,52.34,9.78,8.47,15.63,2.48
2022-11-19 23:00:00,55.96,9.81,7.21,16.19,2.32
2022-11-20 00:00:00,51.15,10.0,7.79,17.41,2.14
2022-11-20 01:00:00,39.07,9.88,6.88,16.12,1.91
2022-11-20 02:00:00,48.7,9.73,5.83,14.6,1.81
2022-11-20 03:00:00,32.01,9.38,4.99,13.36,1.73
2022-11-20 04:00:00,31.67,9.32,5.2,8.74,1.76
2022-11-20 05:00:00,22.78,9.19,5.95,5.5,1.71
2022-11-20 06:00:00,26.32,9.17,5.57,5.6,1.66
2022-11-20 07:00:00,23.6,9.07,5.55,6.34,1.7
2022-11-20 08:00:00,17.9,9.91,6.65,18.13,1.76
2022-11-20 09:00:00,25.19,10.05,5.53,29.36,1.66
2022-11-20 10:00:00,21.58,10.72,4.52,37.06,1.58
2022-11-20 11:00:00,20.92,11.28,4.66,34.95,1.72
2022-11-20 12:00:00,14.6,10.39,4.75,38.33,1.8
2022-11-20 13:00:00,21.13,10.03,4.44,43.17,1.79
2022-11-20 14:00:00,20.1,9.92,4.2,45.66,1.84
2022-11-20 15:00:00,30.86,9.47,3.32,47.32,1.79
2022-11-20 16:00:00,25.87,9.44,3.52,43.58,1.74
2022-11-20 17:00:00,24.4,9.38,3.98,39.85,1.79
2022-11-20 18:00:00,43.88,9.53,5.41,35.33,1.89
2022-11-20 19:00:00,27.09,9.52,5.92,24.93,1.77
2022-11-20 20:00:00,36.61,9.98,7.13,17.54,1.89
2022-11-20 21:00:00,36.79,9.85,8.23,13.31,1.93
2022-11-20 22:00:00,40.32,9.64,7.14,13.35,1.94
2022-11-20 23:00:00,50.59,9.39,6.4,12.57,1.92
2022-11-21 00:00:00,45.58,9.68,7.71,11.06,1.85
2022-11-21 01:00:00,34.17,9.13,7.19,9.79,1.73
2022-11-21 02:00:00,26.71,9.06,5.98,8.03,1.68
2022-11-21 03:00:00,21.77,9.17,6.55,4.65,1.67
2022-11-21 04:00:00,20.68,9.23,5.5,4.92,1.63
2022-11-21 05:00:00,20.93,9.1,7.11,2.29,1.65
2022-11-21 06:00:00,22.73,9.26,8.18,0.98,1.75
2022-11-21 07:00:00,31.47,9.38,10.93,0.98,1.77
2022-11-21 08:00:00,27.62,9.27,13.57,2.85,2.15
2022-11-21 09:00:00,30.68,10.69,19.18,14.44,2.19
2022-11-21 10:00:00,35.1,11.04,11.0,25.31,1.71
2022-11-21 11:00:00,36.42,13.55,12.73,27.2,1.74
2022-11-21 12:00:00,31,20.31,18.54,23.97,1.98
2022-11-21 13:00:00,37.61,20.64,15.92,27.6,1.83
2022-11-21 14:00:00,37.64,19.76,10.22,40.15,1.85
2022-11-21 15:00:00,43.41,15.72,7.52,48.89,1.72
2022-11-21 16:00:00,30.49,13.11,6.72,51.92,1.7
2022-11-21 17:00:00,26.14,12.05,10.74,46.74,1.86
2022-11-21 18:00:00,22.24,10.94,14.79,40.42,1.8
2022-11-21 19:00:00,29.5,10.71,22.53,27.67,1.97
2022-11-21 20:00:00,26.17,11.49,22.35,21.69,2.29
2022-11-21 21:00:00,37.61,13.36,16.61,24.87,2.16
2022-11-21 22:00:00,39.74,12.72,20.47,11.69,2.15
2022-11-21 23:00:00,39.97,11.46,21.17,5.56,2.44
2022-11-22 00:00:00,30.83,10.69,17.77,3.79,2.16
2022-11-22 01:00:00,47.69,10.24,14.32,12.89,1.9
2022-11-22 02:00:00,53.87,12.9,4.53,35.12,1.71
2022-11-22 03:00:00,32.09,11.81,7.47,26.24,1.67
2022-11-22 04:00:00,18.22,11.02,8.38,17.91,1.74
2022-11-22 05:00:00,19.83,10.82,5.92,16.82,1.74
2022-11-22 06:00:00,12.86,10.38,12.46,14.86,1.86
2022-11-22 07:00:00,6,10.43,19.93,9.1,2.18
2022-11-22 08:00:00,13.79,10.39,20.96,10.56,2.28
2022-11-22 09:00:00,6,10.28,18.72,11.46,2.07
2022-11-22 10:00:00,14.68,10.25,11.67,18.49,1.87
2022-11-22 11:00:00,,10.27,14.02,15.57,
2022-11-22 12:00:00,,9.86,10.36,15.64,
2022-11-22 13:00:00,,108.4,3.94,10.91,
2022-11-22 14:00:00,,10.75,4.19,,
2022-11-22 15:00:00,,9.94,4.84,32.36,
2022-11-22 16:00:00,,9.75,3.72,34.42,
2022-11-22 17:00:00,,10.4,7.59,27.26,
2022-11-22 18:00:00,,9.67,8.19,22.23,
2022-11-22 19:00:00,,10.02,13.25,10.69,2.95
2022-11-22 20:00:00,,9.87,10.49,8.14,2.93
2022-11-22 21:00:00,,9.75,8.36,4.63,3.03
2022-11-22 22:00:00,,9.57,7.44,3.72,2.65
2022-11-22 23:00:00,,9.43,4.42,8.52,2.29
2022-11-23 00:00:00,,9.81,6.07,3.39,2.43
2022-11-23 01:00:00,,9.42,4.82,2.62,2.1
2022-11-23 02:00:00,6,10.15,4.97,0.98,1.93
2022-11-23 03:00:00,6,10.28,9.13,2.79,2.08
2022-11-23 04:00:00,20.39,10.34,2.42,10.26,1.84
2022-11-23 05:00:00,6,10.48,1.61,12.84,1.74
2022-11-23 06:00:00,6,10.46,2.69,12.87,1.69
2022-11-23 07:00:00,,10.68,1.18,17.63,1.65
2022-11-23 08:00:00,,10.15,2.2,19.86,1.79
2022-11-23 09:00:00,,10.38,3.2,25.4,1.83
2022-11-23 10:00:00,,10.49,2.55,31.83,1.72
2022-11-23 11:00:00,,10.46,4.69,37.53,1.75
2022-11-23 12:00:00,,10.42,2.93,49.04,1.66
2022-11-23 13:00:00,18.62,9.45,1.9,45.21,1.6
2022-11-23 14:00:00,6,9.84,1.92,47.76,1.72
2022-11-23 15:00:00,6,9.85,0.47,40.86,1.65
2022-11-23 16:00:00,6,9.98,0.47,40.08,1.61
2022-11-23 17:00:00,6,9.65,0.47,41.03,1.58
2022-11-23 18:00:00,6,10.07,1.37,37.63,1.59
2022-11-23 19:00:00,96.46,10.07,2.4,35.59,1.77
2022-11-23 20:00:00,50.2,9.98,3.57,29.92,1.73
2022-11-23 21:00:00,27.01,10.01,3.46,26.04,1.8
2022-11-23 22:00:00,37.84,9.38,1.96,24.71,1.75
2022-11-23 23:00:00,19.77,9.97,2.25,22.43,1.76
2022-11-24 00:00:00,20.72,9.93,2.56,20.53,1.81
2022-11-24 01:00:00,6,9.28,1.88,16.72,1.66
2022-11-24 02:00:00,6,9.26,2.07,11.24,1.72
2022-11-24 03:00:00,18.61,9.85,1.31,8.33,1.65
2022-11-24 04:00:00,6,10.07,0.47,7.54,1.81
2022-11-24 05:00:00,17.42,9.58,1.38,4.89,1.78
2022-11-24 06:00:00,15.75,9.98,4.19,0.98,2.04
2022-11-24 07:00:00,96.92,9.95,6.3,4.89,2.16
2022-11-24 08:00:00,56.18,10.03,9.31,7.79,2.04
2022-11-24 09:00:00,29.37,11.02,5.1,23.45,1.89
2022-11-24 10:00:00,30.75,10.2,2.37,34.57,1.75
2022-11-24 11:00:00,15.83,9.96,1.2,44.81,1.67
2022-11-24 12:00:00,13.92,9.58,0.95,51.52,1.58
2022-11-24 13:00:00,6,10.0,0.99,53.57,1.6
2022-11-24 14:00:00,6,9.61,1.03,51.98,1.54
2022-11-24 15:00:00,6,9.14,1.21,53.83,1.55
2022-11-24 16:00:00,6,9.22,1.6,50.78,1.61
2022-11-24 17:00:00,6,9.36,0.47,47.32,1.62
2022-11-24 18:00:00,,9.25,0.47,43.1,1.66
2022-11-24 19:00:00,,9.65,1.11,38.15,1.71
2022-11-24 20:00:00,,9.75,2.41,34.18,1.8
2022-11-24 21:00:00,,9.51,4.11,28.13,1.8
2022-11-24 22:00:00,,9.7,3.52,25.08,1.78
2022-11-24 23:00:00,,9.61,3.03,22.41,1.78
2022-11-25 00:00:00,,9.39,3.79,16.61,1.8
2022-11-25 01:00:00,,9.37,3.59,9.84,1.76
2022-11-25 02:00:00,,9.39,2.82,7.58,1.8
2022-11-25 03:00:00,,9.37,2.36,6.29,1.78
2022-11-25 04:00:00,,9.28,1.55,5.36,1.74
2022-11-25 05:00:00,,9.21,1.83,4.63,1.72
2022-11-25 06:00:00,6,9.52,3.14,3.83,1.81
2022-11-25 07:00:00,12.97,9.83,5.85,5.61,1.97
2022-11-25 08:00:00,33.69,9.85,7.55,12.34,2.2
2022-11-25 09:00:00,29.29,9.78,3.43,29.61,1.9
2022-11-25 10:00:00,96.52,9.99,2.65,39.94,1.75
2022-11-25 11:00:00,,10.3,0.47,44.61,
2022-11-25 12:00:00,,9.98,1.16,44.55,
2022-11-25 13:00:00,,9.39,1.74,44.46,
2022-11-25 14:00:00,,9.54,1.07,44.94,
2022-11-25 15:00:00,,10.3,0.47,47.71,
2022-11-25 16:00:00,,9.84,0.47,44.78,
2022-11-25 17:00:00,,10.13,0.47,43.09,
2022-11-25 18:00:00,,10.05,1.76,37.78,
2022-11-25 19:00:00,,9.48,2.31,32.93,
2022-11-25 20:00:00,,9.77,1.6,32.36,
2022-11-25 21:00:00,,9.69,1.93,27.5,
2022-11-25 22:00:00,6,10.02,2.55,22.17,1.94
2022-11-25 23:00:00,6,9.65,2.02,21.23,2.2
2022-11-26 00:00:00,12.33,10.06,2.78,19.39,2.06
2022-11-26 01:00:00,13.1,9.57,2.17,16.68,1.81
2022-11-26 02:00:00,22.67,10.07,1.92,12.48,1.69
2022-11-26 03:00:00,21.9,9.47,1.9,9.91,1.71
2022-11-26 04:00:00,12.23,9.36,1.44,9.88,1.64
2022-11-26 05:00:00,6,9.79,1.48,8.76,1.49
2022-11-26 06:00:00,6,9.89,2.6,8.84,1.77
2022-11-26 07:00:00,6,9.69,1.92,11.74,1.69
2022-11-26 08:00:00,6,9.86,1.11,19.06,1.75
2022-11-26 09:00:00,6,9.72,0.47,27.34,1.78
2022-11-26 10:00:00,6,10.19,0.47,31.3,1.65
2022-11-26 11:00:00,6,9.79,0.47,31.86,1.75
2022-11-26 12:00:00,6,9.42,0.47,32.67,1.7
2022-11-26 13:00:00,6,9.35,0.47,34.3,1.66
2022-11-26 14:00:00,6,9.33,0.47,33.2,1.68
2022-11-26 15:00:00,6,9.3,0.47,30.63,1.69
2022-11-26 16:00:00,6,9.31,0.47,28.22,1.68
2022-11-26 17:00:00,6,9.31,0.47,27.25,1.63
2022-11-26 18:00:00,14.51,9.35,0.47,25.84,1.62
2022-11-26 19:00:00,15.17,9.5,0.47,21.32,1.61
2022-11-26 20:00:00,23.48,9.28,0.47,17.32,1.65
2022-11-26 21:00:00,23.61,9.34,1.05,13.32,1.74
2022-11-26 22:00:00,25.24,9.34,0.47,13.68,1.74
2022-11-26 23:00:00,25.41,10.29,0.47,12.59,1.81
2022-11-27 00:00:00,27.5,9.61,0.47,14.28,1.71
2022-11-27 01:00:00,27.1,10.03,,14.21,1.65
2022-11-27 02:00:00,22.16,9.68,,15.44,1.67
2022-11-27 03:00:00,22.42,9.89,,15.14,1.62
2022-11-27 04:00:00,25.6,9.84,,15.15,1.66
2022-11-27 05:00:00,25.06,9.89,,15.81,1.55
2022-11-27 06:00:00,18.42,9.67,,17.46,1.66
2022-11-27 07:00:00,18.52,9.75,,18.89,1.53
2022-11-27 08:00:00,19.71,9.8,,22.32,1.61
2022-11-27 09:00:00,19.98,9.73,,23.97,1.63
2022-11-27 10:00:00,23.32,9.31,,24.49,1.61
2022-11-27 11:00:00,22.56,9.36,,26.73,1.61
2022-11-27 12:00:00,13.07,9.35,,26.97,1.64
2022-11-27 13:00:00,13.79,9.34,,26.76,1.77
2022-11-27 14:00:00,22.62,9.38,,27.16,1.77
2022-11-27 15:00:00,22.55,9.5,,27.52,1.7
2022-11-27 16:00:00,21.73,9.51,,27.27,1.67
2022-11-27 17:00:00,21.77,9.58,,26.22,1.63
2022-11-27 18:00:00,22.29,9.49,,24.81,1.6
2022-11-27 19:00:00,22.71,9.42,,23.19,1.63
2022-11-27 20:00:00,27.92,9.37,,22.51,1.55
2022-11-27 21:00:00,27.55,9.34,,21.28,1.69
2022-11-27 22:00:00,22.97,9.8,,19.19,1.68
2022-11-27 23:00:00,22.7,9.49,,18.3,1.65
2022-11-28 00:00:00,19.44,10.07,,15.71,1.64
2022-11-28 01:00:00,19.97,9.6,0.47,16.0,1.61
2022-11-28 02:00:00,26.51,9.72,0.47,17.27,1.59
2022-11-28 03:00:00,26.05,9.59,,18.55,1.63
2022-11-28 04:00:00,20.44,9.71,0.47,16.53,1.68
2022-11-28 05:00:00,20.37,9.68,0.47,13.36,1.6
2022-11-28 06:00:00,19.54,9.68,1.2,13.25,1.72
2022-11-28 07:00:00,19.81,9.7,0.47,14.14,1.65
2022-11-28 08:00:00,23.25,9.9,2.0,18.38,1.86
2022-11-28 09:00:00,22.47,9.68,0.47,22.27,1.73
2022-11-28 10:00:00,12.72,9.31,0.47,29.31,1.62
2022-11-28 11:00:00,12.29,9.46,0.47,31.73,1.59
2022-11-28 12:00:00,6,9.5,0.47,28.19,1.64
2022-11-28 13:00:00,6,9.79,0.47,26.95,1.61
2022-11-28 14:00:00,6,9.68,0.47,25.61,1.6
2022-11-28 15:00:00,6,9.74,0.47,24.27,1.59
2022-11-28 16:00:00,6,10.37,2.32,22.91,1.54
2022-11-28 17:00:00,6,9.58,0.47,21.66,1.53
2022-11-28 18:00:00,16.02,9.49,1.32,19.73,1.52
2022-11-28 19:00:00,16.58,9.67,1.48,17.07,1.63
2022-11-28 20:00:00,23.53,9.58,1.42,16.26,1.7
2022-11-28 21:00:00,22.77,9.62,1.2,15.43,1.64
2022-11-28 22:00:00,13.45,9.5,0.47,15.24,1.66
2022-11-28 23:00:00,13.9,10.12,1.27,14.65,1.73
2022-11-29 00:00:00,19.38,9.54,0.47,14.29,1.58
2022-11-29 01:00:00,19.88,9.97,0.47,15.43,1.6
2022-11-29 02:00:00,26.03,9.54,0.47,16.53,1.52
2022-11-29 03:00:00,25.41,10.09,0.47,17.06,1.61
2022-11-29 04:00:00,17.82,9.59,0.47,17.17,1.52
2022-11-29 05:00:00,18,9.84,0.47,15.88,1.6
2022-11-29 06:00:00,20.17,9.64,0.47,14.22,1.58
2022-11-29 07:00:00,19.86,9.75,2.07,13.42,1.66
2022-11-29 08:00:00,16.02,9.55,1.17,16.96,1.65
2022-11-29 09:00:00,16.11,9.4,1.14,19.97,1.65
2022-11-29 10:00:00,17.24,9.48,0.47,23.6,1.6
2022-11-29 11:00:00,17.03,9.46,0.47,27.96,1.57
2022-11-29 12:00:00,14.48,9.39,0.47,29.2,1.6
2022-11-29 13:00:00,14.48,9.44,0.47,27.88,1.62
2022-11-29 14:00:00,14.48,9.38,0.47,27.84,1.64
2022-11-29 15:00:00,14.15,9.35,0.47,28.96,1.62
2022-11-29 16:00:00,6,9.46,0.47,27.63,1.65
2022-11-29 17:00:00,6,10.09,1.08,27.86,1.67
2022-11-29 18:00:00,25.19,10.11,1.91,24.43,1.7
2022-11-29 19:00:00,24.67,9.44,2.25,22.31,1.69
2022-11-29 20:00:00,18.34,9.43,1.84,19.76,1.66
2022-11-29 21:00:00,17.92,9.33,2.26,16.13,1.69
2022-11-29 22:00:00,12.74,9.47,1.91,15.95,1.68
2022-11-29 23:00:00,12.9,10.01,1.5,15.66,1.59
2022-11-30 00:00:00,14.84,9.48,1.85,14.84,1.66
2022-11-30 01:00:00,14.79,9.74,0.47,14.62,1.64
2022-11-30 02:00:00,14.13,9.64,0.47,15.85,1.72
2022-11-30 03:00:00,14.01,9.68,0.47,13.86,1.54
2022-11-30 04:00:00,12.54,9.74,1.04,12.85,1.72
2022-11-30 05:00:00,12.18,9.68,1.72,12.14,1.59
2022-11-30 06:00:00,6,9.84,5.82,5.56,1.82
2022-11-30 07:00:00,6,9.82,2.9,14.73,1.65
2022-11-30 08:00:00,6,9.41,3.14,19.57,1.93
2022-11-30 09:00:00,6,9.96,2.01,26.75,1.81
2022-11-30 10:00:00,6,9.74,1.55,29.91,1.72
2022-11-30 11:00:00,6,10.34,1.16,33.34,1.67
2022-11-30 12:00:00,6,10.43,1.24,34.68,1.67
2022-11-30 13:00:00,6,10.44,1.14,34.94,1.74
2022-11-30 14:00:00,6,9.65,0.47,34.3,1.71
2022-11-30 15:00:00,6,9.4,0.47,31.84,1.7
2022-11-30 16:00:00,14.51,10.11,0.47,31.37,1.72
2022-11-30 17:00:00,14.82,10.4,0.47,30.45,1.76
2022-11-30 18:00:00,18.6,9.77,1.24,25.26,1.79
2022-11-30 19:00:00,19.1,10.16,1.97,21.04,1.83
2022-11-30 20:00:00,25.24,10.39,3.34,20.33,1.77
2022-11-30 21:00:00,24.61,10.12,2.83,18.35,1.82
2022-11-30 22:00:00,16.88,9.75,1.91,19.38,1.8
2022-11-30 23:00:00,16.76,9.68,1.63,18.04,1.8
2022-12-01 00:00:00,15.34,9.94,1.63,20.18,1.75
2022-12-01 01:00:00,15.05,9.84,1.67,23.87,1.68
2022-12-01 02:00:00,6,9.9,1.18,24.37,1.6
2022-12-01 03:00:00,6,9.52,1.08,18.25,1.65
2022-12-01 04:00:00,12.84,9.77,1.04,12.61,1.66
2022-12-01 05:00:00,12.68,9.9,0.47,12.26,1.59
2022-12-01 06:00:00,6,9.6,1.05,11.15,1.63
2022-12-01 07:00:00,6,9.95,2.83,10.79,1.8
2022-12-01 08:00:00,15.87,10.3,1.95,18.58,1.68
2022-12-01 09:00:00,15.53,9.84,2.59,24.53,1.73
2022-12-01 10:00:00,6,9.67,3.74,40.31,1.68
2022-12-01 11:00:00,6,10.69,4.04,51.59,2.2
2022-12-01 12:00:00,6,15.95,5.94,58.97,2.29
2022-12-01 13:00:00,6,19.11,7.01,49.85,2.34
2022-12-01 14:00:00,6,11.26,2.07,39.14,2.28
2022-12-01 15:00:00,6,10.54,1.71,43.82,2.26
2022-12-01 16:00:00,6,10.51,2.15,49.06,2.25
2022-12-01 17:00:00,6,10.49,3.89,42.68,2.3
2022-12-01 18:00:00,6,10.19,8.41,29.44,2.43
2022-12-01 19:00:00,6,10.1,6.3,28.44,2.47
2022-12-01 20:00:00,33.61,10.29,7.27,21.18,2.49
2022-12-01 21:00:00,34.12,10.19,7.19,14.9,2.53
2022-12-01 22:00:00,40.18,10.23,5.77,10.95,2.49
2022-12-01 23:00:00,40.22,10.42,6.86,6.58,2.59
2022-12-02 00:00:00,40.63,10.73,7.48,3.61,2.63
2022-12-02 01:00:00,40.61,10.87,6.04,3.8,2.23
2022-12-02 02:00:00,40.3,10.56,5.35,2.23,2.12
2022-12-02 03:00:00,39.28,10.4,5.88,5.77,2.1
2022-12-02 04:00:00,27.04,17.42,7.05,13.39,1.88
2022-12-02 05:00:00,27.05,15.71,4.04,3.01,1.97
2022-12-02 06:00:00,27.12,13.0,3.09,0.98,1.95
2022-12-02 07:00:00,27.28,12.51,3.78,2.7,2.19
2022-12-02 08:00:00,29.16,12.18,11.85,10.58,2.37
2022-12-02 09:00:00,28.08,11.5,7.7,30.23,2.15
2022-12-02 10:00:00,15.11,20.42,6.47,40.51,1.91
2022-12-02 11:00:00,14.81,27.65,6.14,53.15,1.82
2022-12-02 12:00:00,6,20.79,5.78,61.22,1.77
2022-12-02 13:00:00,6,15.9,5.5,75.43,1.74
2022-12-02 14:00:00,20.85,12.31,2.91,73.12,1.97
2022-12-02 15:00:00,21.36,11.55,2.82,77.44,2.05
2022-12-02 16:00:00,27.39,11.07,1.92,72.21,2.14
2022-12-02 17:00:00,27.9,10.96,1.27,67.9,2.08
2022-12-02 18:00:00,33.78,10.45,1.18,65.45,2.05
2022-12-02 19:00:00,34.05,10.57,1.5,50.82,2.05
2022-12-02 20:00:00,37.26,10.41,1.93,41.3,2.19
2022-12-02 21:00:00,37.28,10.35,1.76,40.03,2.16
2022-12-02 22:00:00,37.67,10.39,2.31,34.15,2.23
2022-12-02 23:00:00,38.09,10.27,3.19,22.43,2.32
2022-12-03 00:00:00,43.07,10.32,4.55,20.67,2.68
2022-12-03 01:00:00,42.97,10.38,2.71,17.23,2.06
2022-12-03 02:00:00,41.85,10.31,1.05,18.19,1.83
2022-12-03 03:00:00,41.43,10.25,0.47,15.8,1.79
2022-12-03 04:00:00,36.47,10.26,1.49,13.92,1.8
2022-12-03 05:00:00,35.66,10.27,2.3,11.7,1.82
2022-12-03 06:00:00,26.22,10.36,3.22,10.82,1.83
2022-12-03 07:00:00,26.36,10.42,3.1,11.36,1.83
2022-12-03 08:00:00,27.92,10.39,4.14,13.2,1.87
2022-12-03 09:00:00,27.64,10.33,3.36,12.5,1.95
2022-12-03 10:00:00,24.43,10.45,3.24,21.84,2.05
2022-12-03 11:00:00,24.25,10.4,3.25,38.75,1.9
2022-12-03 12:00:00,22.13,10.35,3.36,50.61,1.96
2022-12-03 13:00:00,21.78,9.96,3.67,50.27,1.95
2022-12-03 14:00:00,17.7,10.16,1.03,45.39,1.77
2022-12-03 15:00:00,17.4,10.12,0.47,43.94,1.82
2022-12-03 16:00:00,13.9,10.05,0.47,41.14,1.84
2022-12-03 17:00:00,13.59,10.15,0.47,38.79,1.82
2022-12-03 18:00:00,6,10.25,0.47,36.86,1.8
2022-12-03 19:00:00,6,10.17,1.38,35.69,1.84
2022-12-03 20:00:00,13.09,10.1,1.89,30.29,1.94
2022-12-03 21:00:00,12.89,10.26,2.65,26.52,2.05
2022-12-03 22:00:00,6,10.32,3.15,26.92,2.03
2022-12-03 23:00:00,6,10.55,3.29,23.24,2.04
2022-12-04 00:00:00,24.43,10.49,2.62,21.1,2.02
2022-12-04 01:00:00,24.4,10.33,2.32,21.03,1.86
2022-12-04 02:00:00,23.99,10.45,0.47,21.15,1.89
2022-12-04 03:00:00,24.73,10.36,1.85,20.25,1.93
2022-12-04 04:00:00,33.32,10.33,1.3,18.85,1.95
2022-12-04 05:00:00,33.52,10.19,1.33,16.29,1.95
2022-12-04 06:00:00,35.87,10.2,1.27,18.75,1.94
2022-12-04 07:00:00,35.03,10.3,1.97,15.04,2.1
2022-12-04 08:00:00,25.24,10.28,0.47,20.88,1.84
2022-12-04 09:00:00,24.92,10.44,0.47,25.88,1.85
2022-12-04 10:00:00,21.12,10.5,0.47,33.14,1.95
2022-12-04 11:00:00,20.39,10.23,0.47,35.83,1.92
2022-12-04 12:00:00,6,10.21,0.47,39.07,1.96
2022-12-04 13:00:00,6,10.35,0.47,40.59,1.98
2022-12-04 14:00:00,6,10.48,1.35,31.61,2.24
2022-12-04 15:00:00,13.35,10.37,2.06,24.9,2.47
2022-12-04 16:00:00,39.08,10.3,2.75,20.92,2.14
2022-12-04 17:00:00,38.08,10.3,2.2,23.62,2.02
2022-12-04 18:00:00,26.4,10.37,3.28,25.6,2.07
2022-12-04 19:00:00,25.46,10.28,4.0,24.32,2.05
2022-12-04 20:00:00,14.53,10.28,4.8,17.41,2.11
2022-12-04 21:00:00,14.01,10.19,5.05,16.8,2.08
2022-12-04 22:00:00,6,10.17,4.77,13.95,2.14
2022-12-04 23:00:00,6,10.68,6.92,10.11,2.35
2022-12-05 00:00:00,6,10.65,5.38,9.84,2.33
2022-12-05 01:00:00,6,10.27,6.44,5.9,2.4
2022-12-05 02:00:00,15.14,10.28,2.52,9.56,1.86
2022-12-05 03:00:00,15.48,10.47,0.47,13.08,1.72
2022-12-05 04:00:00,19.35,10.46,0.47,12.64,1.71
2022-12-05 05:00:00,19.14,10.42,0.47,10.76,1.71
2022-12-05 06:00:00,16.65,10.46,2.78,7.59,1.76
2022-12-05 07:00:00,16.62,10.4,2.97,7.87,1.78
2022-12-05 08:00:00,16.25,10.53,3.39,9.01,1.85
2022-12-05 09:00:00,15.92,10.41,1.22,13.65,1.73
2022-12-05 10:00:00,12.06,10.29,0.47,17.62,1.69
2022-12-05 11:00:00,6,10.38,0.47,25.7,1.74
2022-12-05 12:00:00,6,9.93,0.47,24.76,1.64
2022-12-05 13:00:00,6,10.05,0.47,29.08,1.61
2022-12-05 14:00:00,6,10.02,0.47,26.95,1.6
2022-12-05 15:00:00,6,10.01,0.47,26.54,1.57
2022-12-05 16:00:00,6,10.02,0.47,25.84,1.62
2022-12-05 17:00:00,6,10.02,0.47,24.89,1.51
2022-12-05 18:00:00,6,10.04,1.0,25.54,1.55
2022-12-05 19:00:00,6,10.01,1.19,22.89,1.55
2022-12-05 20:00:00,6,10.02,1.36,19.98,1.55
2022-12-05 21:00:00,6,10.02,2.19,15.77,1.6
2022-12-05 22:00:00,6,10.04,1.59,14.99,1.63
2022-12-05 23:00:00,6,10.02,1.66,13.91,1.62
2022-12-06 00:00:00,6,10.04,0.47,14.53,1.53
2022-12-06 01:00:00,6,10.04,0.47,12.83,1.59
2022-12-06 02:00:00,6,10.04,0.47,10.41,1.75
2022-12-06 03:00:00,6,10.05,1.08,6.51,1.75
2022-12-06 04:00:00,6,10.04,0.47,12.05,1.73
2022-12-06 05:00:00,6,10.06,0.47,11.59,1.7
2022-12-06 06:00:00,6,10.04,1.46,11.22,1.73
2022-12-06 07:00:00,6,10.03,2.03,13.82,1.77
2022-12-06 08:00:00,6,10.07,2.1,19.36,1.93
2022-12-06 09:00:00,6,10.05,1.55,26.63,1.83
2022-12-06 10:00:00,6,10.09,1.49,29.55,1.73
2022-12-06 11:00:00,6,10.06,1.52,30.91,1.76
2022-12-06 12:00:00,6,10.04,1.54,37.75,1.8
2022-12-06 13:00:00,6,10.12,1.96,39.85,1.88
2022-12-06 14:00:00,6,10.46,1.57,38.35,1.86
2022-12-06 15:00:00,6,10.52,0.47,37.67,1.8
2022-12-06 16:00:00,6,10.45,0.47,31.17,1.75
2022-12-06 17:00:00,6,10.07,0.99,29.0,1.71
2022-12-06 18:00:00,6,10.08,1.51,26.78,1.72
2022-12-06 19:00:00,6,10.15,2.44,24.55,1.8
2022-12-06 20:00:00,6,10.51,2.82,21.63,1.9
2022-12-06 21:00:00,6,10.07,3.88,17.46,1.83
2022-12-06 22:00:00,16.53,10.44,3.5,17.84,1.86
2022-12-06 23:00:00,16.44,10.23,2.79,19.21,1.82
2022-12-07 00:00:00,15.42,10.23,2.69,17.61,1.78
2022-12-07 01:00:00,14.89,10.2,2.04,17.48,1.73
2022-12-07 02:00:00,6,10.2,1.52,12.27,1.68
2022-12-07 03:00:00,6,10.37,1.39,11.62,1.75
2022-12-07 04:00:00,6,10.29,1.06,11.78,1.78
2022-12-07 05:00:00,6,10.26,1.09,13.14,1.72
2022-12-07 06:00:00,6,10.26,2.99,11.23,1.8
2022-12-07 07:00:00,6,10.27,5.67,9.4,1.96
2022-12-07 08:00:00,15.44,10.25,5.83,11.32,2.17
2022-12-07 09:00:00,14.91,10.27,4.77,16.7,1.96
2022-12-07 10:00:00,6,10.41,3.95,24.9,1.84
2022-12-07 11:00:00,6,10.39,2.07,35.48,1.74
2022-12-07 12:00:00,18.98,10.06,2.38,41.73,1.8
2022-12-07 13:00:00,18.37,10.02,1.59,43.11,1.74
2022-12-07 14:00:00,6,10.03,3.07,42.42,1.72
2022-12-07 15:00:00,6,10.03,1.24,45.71,1.69
2022-12-07 16:00:00,6,10.02,1.54,44.69,1.7
2022-12-07 17:00:00,6,10.04,1.33,40.82,1.68
2022-12-07 18:00:00,6,10.62,3.32,33.75,1.75
2022-12-07 19:00:00,6,10.85,4.31,26.84,1.82
2022-12-07 20:00:00,6,10.52,3.55,24.21,1.86
2022-12-07 21:00:00,6,10.25,4.24,22.18,1.72
2022-12-07 22:00:00,6,10.57,3.6,21.63,1.77
2022-12-07 23:00:00,6,10.24,2.42,21.53,1.81
2022-12-08 00:00:00,18.01,10.24,2.59,19.62,1.79
2022-12-08 01:00:00,17.59,10.25,2.05,16.44,1.68
2022-12-08 02:00:00,12.74,10.24,2.03,11.76,1.69
2022-12-08 03:00:00,12.59,10.25,2.31,7.56,1.68
2022-12-08 04:00:00,6,10.28,3.03,5.5,1.71
2022-12-08 05:00:00,6,10.28,3.85,3.01,1.79
2022-12-08 06:00:00,6,11.18,4.89,2.21,1.73
2022-12-08 07:00:00,6,10.89,5.82,5.37,1.84
2022-12-08 08:00:00,6,10.8,7.62,9.66,2.1
2022-12-08 09:00:00,6,10.51,5.39,19.73,1.88
2022-12-08 10:00:00,13.07,10.27,3.18,32.94,1.64
2022-12-08 11:00:00,13.82,10.93,4.98,46.85,1.75
2022-12-08 12:00:00,22.29,45.98,16.27,76.03,1.94
2022-12-08 13:00:00,23.26,33.43,14.76,97.84,1.93
2022-12-08 14:00:00,34.24,51.43,13.09,101.0,1.87
2022-12-08 15:00:00,34.52,21.97,7.69,131.9,1.91
2022-12-08 16:00:00,37.77,16.11,3.64,109.9,1.81
2022-12-08 17:00:00,37.37,13.9,1.83,94.18,1.78
2022-12-08 18:00:00,32.7,12.15,4.54,66.23,1.78
2022-12-08 19:00:00,33,11.41,4.57,37.69,1.77
2022-12-08 20:00:00,36.36,10.61,6.56,28.78,1.85
2022-12-08 21:00:00,37.16,10.71,8.13,27.75,1.96
2022-12-08 22:00:00,46.22,10.34,8.08,24.65,1.99
2022-12-08 23:00:00,45.73,10.77,8.13,18.08,2.02
2022-12-09 00:00:00,40.2,10.26,8.38,13.88,1.98
2022-12-09 01:00:00,40.32,10.25,7.47,9.02,1.89
2022-12-09 02:00:00,41.66,10.27,7.24,6.8,2.12
2022-12-09 03:00:00,40.8,10.24,3.7,7.11,1.92
2022-12-09 04:00:00,31,10.34,3.11,9.13,1.85
2022-12-09 05:00:00,31.1,10.28,1.81,11.15,1.73
2022-12-09 06:00:00,32.27,10.33,3.97,6.04,1.83
2022-12-09 07:00:00,31.02,10.27,4.55,5.59,1.88
2022-12-09 08:00:00,16.78,11.22,6.17,11.41,2.18
2022-12-09 09:00:00,16.85,10.33,6.02,25.88,2.07
2022-12-09 10:00:00,17.56,10.46,5.58,48.85,1.92
2022-12-09 11:00:00,16.9,10.14,7.67,67.39,1.99
2022-12-09 12:00:00,6,10.17,8.12,85.63,1.88
2022-12-09 13:00:00,6,10.05,4.01,87.38,1.78
2022-12-09 14:00:00,22.72,10.1,2.03,59.1,1.63
2022-12-09 15:00:00,21.92,10.24,2.22,60.07,1.68
2022-12-09 16:00:00,12.79,10.09,2.34,58.41,1.79
2022-12-09 17:00:00,14.24,10.42,2.76,53.29,1.8
2022-12-09 18:00:00,30.65,10.44,4.52,45.09,1.8
2022-12-09 19:00:00,29.98,10.08,4.92,37.89,1.85
2022-12-09 20:00:00,22.34,10.28,3.27,32.55,1.81
2022-12-09 21:00:00,22.77,10.38,5.83,24.5,1.99
2022-12-09 22:00:00,27.58,10.4,5.21,21.16,2.04
2022-12-09 23:00:00,28.22,10.28,5.18,14.38,2.09
2022-12-10 00:00:00,35.53,10.38,7.29,9.72,2.12
2022-12-10 01:00:00,35.05,10.25,6.6,6.31,1.91
2022-12-10 02:00:00,29.54,10.57,5.44,4.19,1.99
2022-12-10 03:00:00,29.31,10.36,4.61,3.28,1.9
2022-12-10 04:00:00,26.63,10.25,3.13,3.27,1.79
2022-12-10 05:00:00,25.66,10.26,3.1,3.04,1.79
2022-12-10 06:00:00,14.61,10.23,3.09,2.27,1.81
2022-12-10 07:00:00,15.09,10.26,3.85,5.61,1.87
2022-12-10 08:00:00,20.49,10.25,4.17,15.27,1.9
2022-12-10 09:00:00,20.39,10.4,3.58,32.36,1.8
2022-12-10 10:00:00,19.23,11.31,6.6,52.87,1.86
2022-12-10 11:00:00,20.1,14.95,12.46,97.0,2.03
2022-12-10 12:00:00,29.94,14.74,4.81,84.73,1.91
2022-12-10 13:00:00,27.88,13.3,5.71,87.07,1.79
2022-12-10 14:00:00,,12.27,3.03,85.71,
2022-12-10 15:00:00,,11.64,1.66,65.71,
2022-12-10 16:00:00,64.51,10.77,0.47,56.98,2.3
2022-12-10 17:00:00,63.56,10.31,1.16,48.29,2.26
2022-12-10 18:00:00,53.06,10.27,1.37,46.32,2.2
2022-12-10 19:00:00,52.59,10.65,1.69,42.89,2.24
2022-12-10 20:00:00,47.47,11.26,1.64,31.81,2.26
2022-12-10 21:00:00,45.89,10.32,1.68,29.54,2.36
2022-12-10 22:00:00,28.25,10.69,1.82,28.89,2.44
2022-12-10 23:00:00,28.57,10.26,0.47,28.54,2.29
2022-12-11 00:00:00,32.17,10.29,1.19,22.76,2.25
2022-12-11 01:00:00,31.58,10.26,0.47,21.71,1.98
2022-12-11 02:00:00,24.96,10.3,0.47,22.72,1.92
2022-12-11 03:00:00,24.65,10.54,0.47,23.26,1.9
2022-12-11 04:00:00,21.15,10.26,0.47,24.5,1.86
2022-12-11 05:00:00,21.13,10.43,0.47,22.35,1.89
2022-12-11 06:00:00,20.92,10.16,0.47,18.49,1.78
2022-12-11 07:00:00,21.07,10.26,0.47,19.15,1.85
2022-12-11 08:00:00,22.77,10.37,0.47,24.73,1.93
2022-12-11 09:00:00,22.27,10.18,0.94,32.01,1.9
2022-12-11 10:00:00,16.65,10.76,0.47,38.93,1.93
2022-12-11 11:00:00,16.41,10.5,0.47,39.33,1.96
2022-12-11 12:00:00,13.6,10.85,1.24,46.83,2.01
2022-12-11 13:00:00,13.5,10.92,1.42,56.21,2.03
2022-12-11 14:00:00,12.41,10.34,1.04,62.91,2.05
2022-12-11 15:00:00,12.35,10.27,1.1,64.93,2.02
2022-12-11 16:00:00,6,10.23,1.26,63.19,2.08
2022-12-11 17:00:00,6,10.38,0.96,57.08,1.99
2022-12-11 18:00:00,13.12,10.23,1.78,45.27,2.03
2022-12-11 19:00:00,13.9,10.09,1.83,41.76,2
2022-12-11 20:00:00,22.54,11.18,2.93,35.02,2.02
2022-12-11 21:00:00,22.99,10.2,4.22,28.8,2.15
2022-12-11 22:00:00,28.02,10.18,5.25,20.77,2.26
2022-12-11 23:00:00,28.72,10.22,6.53,14.08,2.3
2022-12-12 00:00:00,36.41,10.37,7.37,11.12,2.29
2022-12-12 01:00:00,36.12,10.73,5.36,7.91,2.07
2022-12-12 02:00:00,32.87,10.59,4.65,5.39,2.09
2022-12-12 03:00:00,33.08,10.44,4.69,3.71,2.02
2022-12-12 04:00:00,35.4,10.51,4.37,3.17,2.04
2022-12-12 05:00:00,35.78,10.56,6.47,2.72,2.11
2022-12-12 06:00:00,40.04,10.61,7.01,3.74,2.14
2022-12-12 07:00:00,40.37,10.67,10.66,4.69,2.4
2022-12-12 08:00:00,43.99,12.0,25.77,14.92,2.43
2022-12-12 09:00:00,45.53,120.2,20.73,27.89,2.18
2022-12-12 10:00:00,50.42,170.5,11.35,49.03,
2022-12-12 11:00:00,,157.0,3.1,68.67,
2022-12-12 12:00:00,,29.25,4.25,,
2022-12-12 13:00:00,6,20.29,3.1,73.04,1.94
2022-12-12 14:00:00,6,14.76,3.11,63.95,1.67
2022-12-12 15:00:00,6,24.35,4.26,45.77,1.65
2022-12-12 16:00:00,30.16,13.48,1.55,35.28,1.88
2022-12-12 17:00:00,51.77,11.69,2.91,33.46,1.93
2022-12-12 18:00:00,39.14,10.72,2.83,26.41,1.89
2022-12-12 19:00:00,39.99,10.58,1.92,22.67,1.83
2022-12-12 20:00:00,34.71,10.56,4.46,18.79,1.89
2022-12-12 21:00:00,27.95,10.6,5.74,12.76,2.07
2022-12-12 22:00:00,17.49,10.55,3.85,14.45,1.9
2022-12-12 23:00:00,6,10.55,5.3,10.85,2.01
2022-12-13 00:00:00,6,10.58,4.42,12.08,1.86
2022-12-13 01:00:00,6,10.49,6.23,9.39,1.98
2022-12-13 02:00:00,6,10.48,5.95,6.88,1.86
2022-12-13 03:00:00,17.18,12.4,6.88,5.43,1.89
2022-12-13 04:00:00,15.58,13.16,8.25,2.22,1.8
2022-12-13 05:00:00,28.43,12.26,4.45,5.09,1.71
2022-12-13 06:00:00,23.83,11.37,4.56,5.19,1.71
2022-12-13 07:00:00,13.38,10.79,5.62,5.01,1.81
2022-12-13 08:00:00,15.83,10.59,4.52,9.86,1.78
2022-12-13 09:00:00,15.29,10.55,2.15,17.66,1.64
2022-12-13 10:00:00,6,10.52,0.47,25.1,1.6
2022-12-13 11:00:00,6,10.56,0.99,30.58,1.6
2022-12-13 12:00:00,16.91,10.47,0.47,32.59,1.59
2022-12-13 13:00:00,13.25,10.37,0.47,35.79,1.59
2022-12-13 14:00:00,27.88,10.44,0.47,32.77,1.58
2022-12-13 15:00:00,15.31,10.31,0.47,30.46,1.53
2022-12-13 16:00:00,16.24,10.27,0.47,31.48,1.54
2022-12-13 17:00:00,12.77,10.05,0.47,27.18,1.5
2022-12-13 18:00:00,6,9.79,0.47,24.08,1.57
2022-12-13 19:00:00,6,10.02,1.28,19.39,1.58
2022-12-13 20:00:00,15.45,9.98,4.76,12.69,1.65
2022-12-13 21:00:00,32.2,10.23,5.3,12.59,1.68
2022-12-13 22:00:00,34.48,10.58,5.71,11.2,1.84
2022-12-13 23:00:00,29.89,10.69,4.9,10.58,2.17
2022-12-14 00:00:00,45.93,10.26,4.11,8.6,1.75
2022-12-14 01:00:00,31.06,10.27,4.67,4.33,1.72
2022-12-14 02:00:00,19.22,10.59,5.28,3.19,1.85
2022-12-14 03:00:00,34.7,10.06,2.42,2.31,1.73
2022-12-14 04:00:00,18.83,9.89,2.56,2.55,1.71
2022-12-14 05:00:00,12.47,9.85,2.34,0.98,1.66
2022-12-14 06:00:00,23.11,10.28,3.64,0.98,1.74
2022-12-14 07:00:00,14.69,10.31,5.91,3.94,1.9
2022-12-14 08:00:00,17.46,10.54,5.86,9.64,2.06
2022-12-14 09:00:00,32.78,10.08,2.71,16.8,1.76
2022-12-14 10:00:00,6,10.45,1.68,22.69,
2022-12-14 11:00:00,6,10.22,0.97,24.81,
2022-12-14 12:00:00,6,10.13,2.25,27.17,2.1
2022-12-14 13:00:00,6,10.33,2.48,30.15,2.06
2022-12-14 14:00:00,6,10.54,1.29,30.48,1.99
2022-12-14 15:00:00,6,10.15,1.01,31.71,2.01
2022-12-14 16:00:00,6,9.8,1.37,32.7,2
2022-12-14 17:00:00,6,9.81,1.48,29.52,2.01
2022-12-14 18:00:00,6,9.9,2.95,26.01,2.03
2022-12-14 19:00:00,6,9.96,3.13,23.94,2.06
2022-12-14 20:00:00,31.46,9.88,2.98,23.88,2.06
2022-12-14 21:00:00,23.85,10.66,5.09,20.43,2.16
2022-12-14 22:00:00,25.11,10.21,3.8,18.11,2.18
2022-12-14 23:00:00,32.21,10.18,4.65,15.1,2.19
2022-12-15 00:00:00,21.79,9.96,3.99,14.73,2.11
2022-12-15 01:00:00,29.35,9.95,5.28,8.36,1.96
2022-12-15 02:00:00,27.93,9.98,3.19,7.75,1.76
2022-12-15 03:00:00,16.8,9.91,2.13,8.37,1.7
2022-12-15 04:00:00,22.14,10.02,2.1,6.0,1.71
2022-12-15 05:00:00,20.91,10.01,2.59,2.74,1.73
2022-12-15 06:00:00,18.79,9.87,4.24,3.24,1.74
2022-12-15 07:00:00,19.95,10.33,6.14,5.97,1.93
2022-12-15 08:00:00,18.6,14.8,11.18,13.92,2.33
2022-12-15 09:00:00,20.22,22.11,8.59,19.58,2.1
2022-12-15 10:00:00,22.98,50.32,3.75,30.32,1.67
2022-12-15 11:00:00,32.87,25.35,4.44,37.0,1.8
2022-12-15 12:00:00,27.86,34.35,4.31,42.83,1.71
2022-12-15 13:00:00,19.98,14.72,2.13,55.49,1.76
2022-12-15 14:00:00,19.73,12.83,2.8,71.17,1.77
2022-12-15 15:00:00,34.65,12.84,1.25,63.15,1.72
2022-12-15 16:00:00,28.5,11.89,1.53,64.37,1.65
2022-12-15 17:00:00,20.15,11.37,2.38,58.86,1.64
2022-12-15 18:00:00,27.71,11.07,2.57,60.31,1.68
2022-12-15 19:00:00,29,10.76,3.2,52.17,1.64
2022-12-15 20:00:00,29.95,10.82,3.39,45.04,1.64
2022-12-15 21:00:00,43.16,11.15,3.41,34.66,1.69
2022-12-15 22:00:00,31.76,11.24,2.54,32.34,1.7
2022-12-15 23:00:00,39.99,10.49,1.54,34.49,1.69
2022-12-16 00:00:00,49.54,10.54,1.91,31.17,1.66
2022-12-16 01:00:00,28.16,10.2,1.29,27.89,1.66
2022-12-16 02:00:00,27.4,10.27,0.47,24.56,1.65
2022-12-16 03:00:00,32.93,10.06,0.47,25.25,1.56
2022-12-16 04:00:00,34.57,10.03,1.69,21.1,1.59
2022-12-16 05:00:00,21.27,10.33,0.47,36.8,1.71
2022-12-16 06:00:00,18.6,10.21,1.86,37.58,1.7
2022-12-16 07:00:00,18.77,10.22,4.25,32.49,1.71
2022-12-16 08:00:00,27.64,10.24,3.45,31.97,1.74
2022-12-16 09:00:00,17.53,10.24,1.75,31.2,1.62
2022-12-16 10:00:00,26.15,10.57,0.47,34.12,1.48
2022-12-16 11:00:00,16.84,10.54,1.31,34.16,1.65
2022-12-16 12:00:00,12.74,10.16,0.47,30.16,1.65
2022-12-16 13:00:00,6,10.37,0.47,26.07,
2022-12-16 14:00:00,18.98,10.09,0.47,26.38,1.63
2022-12-16 15:00:00,18.79,10.0,0.47,25.47,1.54
2022-12-16 16:00:00,6,10.02,0.47,28.65,1.51
2022-12-16 17:00:00,6,9.82,0.47,27.27,1.51
2022-12-16 18:00:00,20.64,9.99,1.26,25.07,1.5
2022-12-16 19:00:00,15.16,10.27,2.13,23.41,1.58
2022-12-16 20:00:00,24.32,9.75,2.31,20.48,1.65
2022-12-16 21:00:00,31.29,9.94,3.99,17.29,1.73
2022-12-16 22:00:00,20.21,10.0,3.49,16.4,1.7
2022-12-16 23:00:00,37.53,10.01,3.78,14.4,1.72
2022-12-17 00:00:00,22.52,10.04,4.18,13.55,1.71
2022-12-17 01:00:00,33.49,9.93,5.94,7.14,1.76
2022-12-17 02:00:00,32.56,10.09,5.23,5.22,2.12
2022-12-17 03:00:00,21.12,9.99,3.72,4.26,1.92
2022-12-17 04:00:00,22.63,9.93,2.49,4.27,1.85
2022-12-17 05:00:00,23.77,10.03,2.25,2.21,2.08
2022-12-17 06:00:00,13.99,10.02,3.33,0.98,1.86
2022-12-17 07:00:00,16.49,10.36,5.64,7.31,1.99
2022-12-17 08:00:00,22.13,10.87,3.47,19.09,1.86
2022-12-17 09:00:00,24.36,10.13,1.33,23.49,1.89
2022-12-17 10:00:00,15.35,10.17,0.95,28.83,1.89
2022-12-17 11:00:00,24.09,10.08,1.56,30.16,1.95
2022-12-17 12:00:00,13.58,10.18,1.27,31.61,1.83
2022-12-17 13:00:00,6,10.04,1.9,33.43,1.82
2022-12-17 14:00:00,6,10.07,1.31,32.8,1.83
2022-12-17 15:00:00,6,10.01,0.47,29.53,1.8
2022-12-17 16:00:00,12.1,10.03,1.08,29.33,1.85
2022-12-17 17:00:00,21.74,10.02,0.47,27.25,1.81
2022-12-17 18:00:00,32.71,9.93,0.47,24.98,1.75
2022-12-17 19:00:00,35.1,10.17,0.47,22.9,1.77
2022-12-17 20:00:00,30.6,9.82,0.47,20.17,1.88
2022-12-17 21:00:00,46.89,10.07,1.4,19.0,2.02
2022-12-17 22:00:00,26.89,10.02,1.09,18.11,1.96
2022-12-17 23:00:00,25.91,10.04,1.32,16.83,2
2022-12-18 00:00:00,32.48,10.09,2.06,15.52,2.09
2022-12-18 01:00:00,29.48,9.96,1.11,15.96,1.77
2022-12-18 02:00:00,16.93,10.01,1.1,15.46,1.91
2022-12-18 03:00:00,19.01,9.97,0.47,16.76,1.78
2022-12-18 04:00:00,23.12,9.93,0.47,19.45,1.64
2022-12-18 05:00:00,13.95,10.04,0.47,19.22,1.82
2022-12-18 06:00:00,13.38,10.02,0.47,17.77,1.71
2022-12-18 07:00:00,21.95,9.87,0.47,15.7,1.78
2022-12-18 08:00:00,13.07,10.02,1.07,17.56,1.83
2022-12-18 09:00:00,18.61,10.06,0.47,19.27,1.68
2022-12-18 10:00:00,6,9.89,0.47,21.36,1.78
2022-12-18 11:00:00,6,10.03,1.36,22.65,1.99
2022-12-18 12:00:00,12.7,10.14,1.38,25.22,2.02
2022-12-18 13:00:00,23.06,10.21,1.02,26.11,2.35
2022-12-18 14:00:00,29.23,10.26,0.47,25.61,2.24
2022-12-18 15:00:00,27.72,10.27,0.47,24.37,2.1
2022-12-18 16:00:00,24.73,10.29,0.47,23.35,1.96
2022-12-18 17:00:00,24.5,10.38,0.47,24.59,1.94
2022-12-18 18:00:00,19.06,10.23,0.47,22.61,1.96
2022-12-18 19:00:00,15.83,10.41,0.47,20.3,1.92
2022-12-18 20:00:00,26.25,10.34,0.47,19.76,1.92
2022-12-18 21:00:00,15.27,10.17,0.47,18.56,1.81
2022-12-18 22:00:00,6,9.97,0.47,18.75,1.9
2022-12-18 23:00:00,15.31,10.02,0.47,18.02,1.84
2022-12-19 00:00:00,13.35,9.86,0.47,15.92,1.75
2022-12-19 01:00:00,6,10.02,0.47,13.57,1.75
2022-12-19 02:00:00,6,10.07,0.47,12.38,1.68
2022-12-19 03:00:00,6,9.8,0.47,12.78,1.69
2022-12-19 04:00:00,6,10.11,0.47,15.83,1.73
2022-12-19 05:00:00,20.28,10.07,0.47,17.26,1.61
2022-12-19 06:00:00,12.97,9.93,1.49,15.03,1.58
2022-12-19 07:00:00,6,10.05,3.11,12.72,1.76
2022-12-19 08:00:00,6,10.03,2.96,12.72,1.77
2022-12-19 09:00:00,6,9.92,1.47,14.9,1.74
2022-12-19 10:00:00,6,10.04,1.24,18.84,1.78
2022-12-19 11:00:00,6,10.01,0.47,21.56,1.69
2022-12-19 12:00:00,6,10.34,0.96,25.4,1.66
2022-12-19 13:00:00,6,10.21,0.47,25.9,1.7
2022-12-19 14:00:00,6,10.59,0.47,26.13,1.71
2022-12-19 15:00:00,6,10.26,0.47,25.67,1.69
2022-12-19 16:00:00,6,10.07,0.47,25.85,1.69
2022-12-19 17:00:00,6,10.0,0.47,23.67,1.71
2022-12-19 18:00:00,6,9.98,0.47,20.86,1.69
2022-12-19 19:00:00,6,10.2,1.41,18.18,1.7
2022-12-19 20:00:00,22.22,9.82,0.47,19.1,1.61
2022-12-19 21:00:00,26.07,9.93,0.95,19.31,1.71
2022-12-19 22:00:00,14.05,10.03,0.47,19.93,1.74
2022-12-19 23:00:00,6,10.02,0.98,20.58,1.68
2022-12-20 00:00:00,6,10.08,1.5,19.91,1.73
2022-12-20 01:00:00,6,10.1,0.47,19.6,1.61
2022-12-20 02:00:00,6,9.9,0.47,18.7,1.77
2022-12-20 03:00:00,6,10.07,0.47,17.02,1.75
2022-12-20 04:00:00,6,10.15,0.47,14.68,1.68
2022-12-20 05:00:00,6,10.03,0.47,13.68,1.62
2022-12-20 06:00:00,6,10.05,2.31,10.93,1.77
2022-12-20 07:00:00,6,10.07,3.27,10.36,1.79
2022-12-20 08:00:00,6,10.19,3.66,10.94,1.92
2022-12-20 09:00:00,17.75,10.08,2.71,15.82,1.86
2022-12-20 10:00:00,12.06,10.04,1.52,23.06,1.8
2022-12-20 11:00:00,6,10.02,1.1,32.6,1.73
2022-12-20 12:00:00,6,10.1,1.92,36.13,1.82
2022-12-20 13:00:00,6,10.62,1.3,37.93,1.87
2022-12-20 14:00:00,6,10.25,0.47,37.67,1.79
2022-12-20 15:00:00,6,10.25,0.47,35.2,1.79
2022-12-20 16:00:00,6,10.27,0.47,32.99,1.8
2022-12-20 17:00:00,6,10.3,1.0,31.2,1.81
2022-12-20 18:00:00,16.87,10.55,1.18,28.23,1.82
2022-12-20 19:00:00,14.64,10.31,1.59,24.42,1.81
2022-12-20 20:00:00,20.22,10.1,2.0,21.99,1.73
2022-12-20 21:00:00,22.87,10.62,1.93,19.08,1.69
2022-12-20 22:00:00,23.65,10.03,1.11,18.66,1.84
2022-12-20 23:00:00,19.72,10.06,1.33,18.47,1.89
2022-12-21 00:00:00,13.95,10.01,1.08,18.05,1.79
2022-12-21 01:00:00,18.37,10.11,0.94,16.21,1.68
2022-12-21 02:00:00,6,10.15,0.47,13.94,1.65
2022-12-21 03:00:00,6,10.14,0.47,12.0,1.62
2022-12-21 04:00:00,16.09,10.08,0.47,10.2,1.65
2022-12-21 05:00:00,6,10.15,0.94,9.44,1.67
2022-12-21 06:00:00,6,10.15,1.31,7.06,1.55
2022-12-21 07:00:00,18.01,10.15,2.9,9.88,1.65
2022-12-21 08:00:00,6,10.1,2.9,12.89,1.81
2022-12-21 09:00:00,13.12,10.03,1.61,18.36,1.7
2022-12-21 10:00:00,6,10.04,1.48,22.24,1.66
2022-12-21 11:00:00,6,10.09,0.99,25.87,1.64
2022-12-21 12:00:00,6,10.04,0.47,27.27,1.63
2022-12-21 13:00:00,6,10.19,0.47,27.55,1.64
2022-12-21 14:00:00,6,10.46,0.47,26.53,1.67
2022-12-21 15:00:00,6,10.17,0.47,27.75,1.59
2022-12-21 16:00:00,6,10.16,0.47,26.47,1.58
2022-12-21 17:00:00,6,10.1,0.47,23.98,1.62
2022-12-21 18:00:00,6,10.16,0.47,21.81,1.62
2022-12-21 19:00:00,21.5,10.35,0.47,19.94,1.65
2022-12-21 20:00:00,20.68,10.08,0.47,17.66,1.56
2022-12-21 21:00:00,21,10.19,0.47,16.46,1.53
2022-12-21 22:00:00,20.12,9.95,1.49,14.78,1.73
2022-12-21 23:00:00,19.73,10.13,1.45,13.81,1.78
2022-12-22 00:00:00,33.23,10.15,2.58,11.69,1.71
2022-12-22 01:00:00,20.16,10.31,0.96,12.72,1.65
2022-12-22 02:00:00,19.26,10.14,0.47,14.54,1.63
2022-12-22 03:00:00,12.11,10.17,0.47,14.21,1.59
2022-12-22 04:00:00,6,10.12,0.47,12.92,1.66
2022-12-22 05:00:00,6,10.24,0.47,9.82,1.64
2022-12-22 06:00:00,6,10.25,2.75,5.9,1.66
2022-12-22 07:00:00,6,10.36,5.38,4.94,1.86
2022-12-22 08:00:00,6,10.47,3.43,10.44,1.67
2022-12-22 09:00:00,6,10.09,1.42,16.41,1.5
2022-12-22 10:00:00,20.98,10.34,0.47,18.29,1.65
2022-12-22 11:00:00,12.55,10.34,0.94,11.71,1.66
2022-12-22 12:00:00,6,10.49,0.47,14.68,1.65
2022-12-22 13:00:00,6,10.51,,19.61,1.58
2022-12-22 14:00:00,6,10.41,0.47,22.03,1.61
2022-12-22 15:00:00,6,10.36,1.77,22.74,1.73
2022-12-22 16:00:00,17.14,9.93,1.55,24.07,1.6
2022-12-22 17:00:00,24.06,9.95,0.47,22.51,1.61
2022-12-22 18:00:00,28.2,9.93,0.47,20.45,1.57
2022-12-22 19:00:00,18.83,10.12,2.19,16.47,1.67
2022-12-22 20:00:00,37.16,10.27,2.29,15.02,1.65
2022-12-22 21:00:00,26.88,10.2,2.94,11.13,1.69
2022-12-22 22:00:00,33.5,10.25,2.79,10.17,1.87
2022-12-22 23:00:00,38.38,10.26,2.34,10.8,1.84
2022-12-23 00:00:00,29.74,10.26,2.15,9.55,1.79
2022-12-23 01:00:00,18.45,10.24,1.69,9.28,1.67
2022-12-23 02:00:00,27.88,10.24,2.4,7.64,1.73
2022-12-23 03:00:00,16.08,10.28,1.69,7.25,1.72
2022-12-23 04:00:00,6,10.26,1.48,7.62,1.69
2022-12-23 05:00:00,16.6,10.24,1.48,4.78,1.7
2022-12-23 06:00:00,17.84,10.27,2.92,2.33,1.74
2022-12-23 07:00:00,6,10.4,6.49,2.65,1.95
2022-12-23 08:00:00,26.12,10.28,4.55,8.77,1.98
2022-12-23 09:00:00,14.36,31.89,7.14,13.32,1.87
2022-12-23 10:00:00,6,26.21,5.09,25.68,1.82
2022-12-23 11:00:00,14.99,14.18,2.74,34.15,1.74
2022-12-23 12:00:00,32.85,11.05,2.11,32.76,2.1
2022-12-23 13:00:00,20.22,10.77,1.6,34.11,2.03
2022-12-23 14:00:00,13.75,10.48,2.31,37.49,2.03
2022-12-23 15:00:00,15.98,10.46,1.75,38.46,2.05
2022-12-23 16:00:00,12.34,10.88,0.47,38.13,1.91
2022-12-23 17:00:00,27.78,11.24,0.47,31.9,2.09
2022-12-23 18:00:00,26.41,10.25,1.03,27.09,2.1
2022-12-23 19:00:00,31.85,10.31,1.87,20.32,2.14
2022-12-23 20:00:00,30.59,10.27,2.48,14.81,2.16
2022-12-23 21:00:00,44.21,10.25,3.43,10.9,2.33
2022-12-23 22:00:00,42.95,10.28,2.94,10.69,2.27
2022-12-23 23:00:00,34.05,10.25,3.5,7.97,2.28
2022-12-24 00:00:00,42.03,10.83,3.67,5.84,2.33
2022-12-24 01:00:00,36.27,10.4,3.21,5.82,2.02
2022-12-24 02:00:00,26.82,10.27,3.09,5.52,1.81
2022-12-24 03:00:00,20.48,10.26,2.6,3.76,1.8
2022-12-24 04:00:00,32.54,10.3,3.33,0.98,1.83
2022-12-24 05:00:00,20.09,10.25,2.58,0.98,1.79
2022-12-24 06:00:00,13.34,10.2,1.74,2.1,1.73
2022-12-24 07:00:00,17.04,10.23,1.5,5.38,1.8
2022-12-24 08:00:00,17.62,11.07,2.99,11.63,1.8
2022-12-24 09:00:00,26.9,21.58,3.77,22.5,1.85
2022-12-24 10:00:00,15.27,15.77,1.18,24.93,1.59
2022-12-24 11:00:00,6,13.75,1.58,29.78,1.75
2022-12-24 12:00:00,6,20.96,2.5,34.72,1.73
2022-12-24 13:00:00,6,20.7,1.94,43.35,1.7
2022-12-24 14:00:00,6,13.02,1.96,52.48,1.71
2022-12-24 15:00:00,6,12.76,2.07,51.91,1.64
2022-12-24 16:00:00,6,11.01,2.16,53.05,1.61
2022-12-24 17:00:00,13.37,11.28,1.4,47.45,1.64
2022-12-24 18:00:00,25.61,10.8,2.08,36.06,1.72
2022-12-24 19:00:00,35.31,11.14,3.3,29.54,1.79
2022-12-24 20:00:00,38.75,10.84,4.84,23.08,1.92
2022-12-24 21:00:00,42.76,10.38,4.65,19.01,2.06
2022-12-24 22:00:00,56.74,10.3,5.53,15.3,2.59
2022-12-24 23:00:00,65.91,10.35,4.08,12.65,2.69
2022-12-25 00:00:00,65.29,10.29,3.93,10.19,2.47
2022-12-25 01:00:00,63.36,10.57,4.3,5.98,2.28
2022-12-25 02:00:00,51.87,10.96,6.21,3.3,2.44
2022-12-25 03:00:00,60.49,10.59,6.22,2.84,2.21
2022-12-25 04:00:00,52.16,10.29,4.7,3.04,2.1
2022-12-25 05:00:00,29.56,10.29,4.75,2.07,2.08
2022-12-25 06:00:00,38.87,10.4,4.51,0.98,2.11
2022-12-25 07:00:00,39.02,10.48,4.63,3.15,2.21
2022-12-25 08:00:00,35.18,13.22,6.51,12.0,2.03
2022-12-25 09:00:00,24.25,78.59,4.55,15.76,1.72
2022-12-25 10:00:00,18.72,20.84,0.47,25.94,1.62
2022-12-25 11:00:00,17.94,14.93,0.47,40.9,1.72
2022-12-25 12:00:00,12.84,13.31,0.47,43.01,1.74
2022-12-25 13:00:00,6,12.27,0.47,46.49,2
2022-12-25 14:00:00,6,11.39,0.47,43.57,1.88
2022-12-25 15:00:00,6,11.27,1.1,33.79,1.84
2022-12-25 16:00:00,23.09,11.31,1.04,30.45,1.83
2022-12-25 17:00:00,29.72,10.63,0.47,28.89,1.71
2022-12-25 18:00:00,24.77,10.32,0.47,27.58,1.69
2022-12-25 19:00:00,26.33,10.24,,25.91,1.68
2022-12-25 20:00:00,25.31,10.26,0.47,23.6,1.7
2022-12-25 21:00:00,25.48,10.26,0.47,20.55,1.75
2022-12-25 22:00:00,30.29,10.29,0.47,19.25,1.75
2022-12-25 23:00:00,29.77,10.28,1.37,17.18,1.74
2022-12-26 00:00:00,44.65,10.24,0.47,16.38,1.68
2022-12-26 01:00:00,31.5,10.25,0.47,17.05,1.61
2022-12-26 02:00:00,27.86,10.27,0.47,18.51,1.61
2022-12-26 03:00:00,20.01,10.27,0.47,16.67,1.58
2022-12-26 04:00:00,19.24,10.21,0.47,18.37,1.59
2022-12-26 05:00:00,16.46,10.25,0.47,17.83,1.62
2022-12-26 06:00:00,15.86,10.3,0.47,17.2,1.65
2022-12-26 07:00:00,16.54,10.36,0.47,18.41,1.61
2022-12-26 08:00:00,6,10.28,1.45,17.13,1.69
2022-12-26 09:00:00,6,10.24,1.07,18.94,1.64
2022-12-26 10:00:00,19.53,10.21,1.4,21.13,1.59
2022-12-26 11:00:00,16.8,10.19,1.34,20.97,1.6
2022-12-26 12:00:00,6,10.16,0.47,21.98,1.64
2022-12-26 13:00:00,6,10.21,2.26,23.03,1.64
2022-12-26 14:00:00,6,10.26,0.47,24.86,1.59
2022-12-26 15:00:00,6,10.26,0.47,22.74,1.57
2022-12-26 16:00:00,6,10.24,0.47,21.53,1.55
2022-12-26 17:00:00,6,10.3,0.47,22.82,1.53
2022-12-26 18:00:00,16.91,10.26,0.94,22.39,1.63
2022-12-26 19:00:00,15.59,10.26,2.01,21.6,1.66
2022-12-26 20:00:00,22.34,10.3,1.41,20.94,1.6
2022-12-26 21:00:00,15.08,10.28,1.64,20.12,1.59
2022-12-26 22:00:00,27.69,10.29,2.18,17.78,1.59
2022-12-26 23:00:00,25.97,10.7,3.63,14.62,1.7
2022-12-27 00:00:00,20.74,10.96,2.94,13.85,1.69
2022-12-27 01:00:00,26.15,11.41,2.75,13.04,1.67
2022-12-27 02:00:00,22.76,11.36,1.39,12.89,1.77
2022-12-27 03:00:00,22.73,10.66,2.06,10.99,1.66
2022-12-27 04:00:00,19.96,10.42,2.42,9.46,1.66
2022-12-27 05:00:00,17.13,10.28,3.0,6.95,1.66
2022-12-27 06:00:00,23.79,10.11,5.22,3.5,1.74
2022-12-27 07:00:00,14.35,10.16,6.14,6.07,1.83
2022-12-27 08:00:00,25.93,10.12,3.11,15.77,1.83
2022-12-27 09:00:00,15.07,10.68,1.4,20.16,1.72
2022-12-27 10:00:00,6,10.25,1.17,25.41,1.62
2022-12-27 11:00:00,13.84,10.26,0.47,28.1,1.6
2022-12-27 12:00:00,6,10.3,0.47,30.74,1.57
2022-12-27 13:00:00,13.59,10.43,0.47,30.58,1.58
2022-12-27 14:00:00,13.1,10.42,0.47,29.95,1.61
2022-12-27 15:00:00,6,10.34,0.47,31.08,1.61
2022-12-27 16:00:00,22.92,10.31,0.47,29.64,1.59
2022-12-27 17:00:00,14.52,10.34,0.47,29.53,1.6
2022-12-27 18:00:00,19.13,10.59,0.47,23.69,1.66
2022-12-27 19:00:00,26.76,10.47,1.05,19.4,1.68
2022-12-27 20:00:00,30.41,10.3,1.77,17.06,1.72
2022-12-27 21:00:00,27.44,10.29,0.95,14.73,1.73
2022-12-27 22:00:00,22.44,10.36,0.47,11.77,1.8
2022-12-27 23:00:00,27.06,10.38,0.98,8.43,1.8
2022-12-28 00:00:00,30.58,10.22,0.47,9.67,1.72
2022-12-28 01:00:00,19.02,10.28,0.47,6.81,1.65
2022-12-28 02:00:00,6,10.24,0.47,7.89,1.6
2022-12-28 03:00:00,6,10.28,0.47,11.02,1.59
2022-12-28 04:00:00,6,10.34,0.47,11.78,1.54
2022-12-28 05:00:00,6,10.4,0.47,10.1,1.59
2022-12-28 06:00:00,6,10.43,1.21,5.49,1.64
2022-12-28 07:00:00,6,10.64,3.01,4.9,1.73
2022-12-28 08:00:00,6,10.89,0.47,19.57,1.6
2022-12-28 09:00:00,6,11.63,0.47,20.38,1.6
2022-12-28 10:00:00,6,10.67,0.47,20.97,1.55
2022-12-28 11:00:00,6,10.3,0.47,19.68,1.55
2022-12-28 12:00:00,6,10.37,0.47,21.61,1.53
2022-12-28 13:00:00,6,10.26,0.47,22.8,1.45
2022-12-28 14:00:00,6,10.29,0.47,26.1,1.53
2022-12-28 15:00:00,6,10.27,0.47,27.13,1.54
2022-12-28 16:00:00,6,10.29,0.47,28.31,1.57
2022-12-28 17:00:00,6,10.35,0.47,27.73,1.51
2022-12-28 18:00:00,6,11.14,2.65,24.55,1.69
2022-12-28 19:00:00,6,10.82,3.52,25.43,1.74
2022-12-28 20:00:00,6,16.48,9.44,11.13,2.24
2022-12-28 21:00:00,6,11.64,9.65,5.38,2.27
2022-12-28 22:00:00,6,10.78,9.96,3.82,2.3
2022-12-28 23:00:00,6,10.63,8.2,5.85,2.26
2022-12-29 00:00:00,17.15,10.35,3.44,13.35,1.85
2022-12-29 01:00:00,20.71,10.35,1.88,15.42,1.71
2022-12-29 02:00:00,6,10.37,0.47,18.98,1.87
2022-12-29 03:00:00,6,10.37,0.47,21.93,1.72
2022-12-29 04:00:00,6,15.66,2.43,17.52,1.67
2022-12-29 05:00:00,6,15.39,2.82,9.45,1.66
2022-12-29 06:00:00,16.26,11.23,4.8,6.38,1.85
2022-12-29 07:00:00,13.51,10.78,6.64,10.78,1.76
2022-12-29 08:00:00,13.66,10.59,4.88,17.91,1.79
2022-12-29 09:00:00,22.3,10.37,2.02,29.14,1.63
2022-12-29 10:00:00,20,10.33,1.1,35.85,1.68
2022-12-29 11:00:00,18.81,10.32,0.47,40.46,1.6
2022-12-29 12:00:00,16.17,10.3,0.47,45.81,1.6
2022-12-29 13:00:00,6,10.25,0.47,51.18,1.6
2022-12-29 14:00:00,6,10.33,0.47,49.34,1.62
2022-12-29 15:00:00,6,10.27,0.47,46.44,1.63
2022-12-29 16:00:00,6,10.29,1.41,43.53,1.59
2022-12-29 17:00:00,6,10.27,1.59,33.4,1.59
2022-12-29 18:00:00,19.32,10.27,0.47,32.38,1.56
2022-12-29 19:00:00,13.27,10.38,1.0,30.45,1.56
2022-12-29 20:00:00,25.82,10.5,1.58,24.35,1.63
2022-12-29 21:00:00,21.58,10.34,2.88,20.26,1.62
2022-12-29 22:00:00,33.3,10.38,3.8,18.32,1.65
2022-12-29 23:00:00,32.35,10.66,5.66,16.09,1.65
2022-12-30 00:00:00,37.03,10.47,5.13,14.48,1.62
2022-12-30 01:00:00,21.83,10.43,4.21,14.09,1.61
2022-12-30 02:00:00,13,10.34,3.03,12.65,1.72
2022-12-30 03:00:00,14.05,10.27,2.26,8.96,1.7
2022-12-30 04:00:00,16.87,10.34,2.86,8.82,1.65
2022-12-30 05:00:00,15.96,10.31,3.4,6.41,1.65
2022-12-30 06:00:00,18.23,10.81,8.82,0.98,1.79
2022-12-30 07:00:00,12.8,11.52,10.19,4.66,1.95
2022-12-30 08:00:00,17.76,11.97,7.63,16.03,1.89
2022-12-30 09:00:00,13.32,11.27,4.7,24.37,1.93
2022-12-30 10:00:00,28.97,10.98,3.54,33.99,1.79
2022-12-30 11:00:00,16.28,34.78,6.22,41.77,1.79
2022-12-30 12:00:00,15.13,80.52,8.73,50.74,1.82
2022-12-30 13:00:00,20.01,19.86,2.2,46.57,1.69
2022-12-30 14:00:00,6,54.5,5.86,41.08,1.67
2022-12-30 15:00:00,6,16.59,1.66,46.77,1.67
2022-12-30 16:00:00,16.37,14.0,1.87,54.11,1.68
2022-12-30 17:00:00,6,17.48,2.15,63.12,1.75
2022-12-30 18:00:00,12.1,13.56,1.15,59.71,1.73
2022-12-30 19:00:00,31.53,12.21,1.78,43.02,1.78
2022-12-30 20:00:00,32.77,11.08,1.75,40.04,1.71
2022-12-30 21:00:00,35.43,10.58,3.1,28.96,1.89
2022-12-30 22:00:00,37.95,10.52,3.2,26.45,2.06
2022-12-30 23:00:00,39.18,10.49,2.36,23.04,1.95
2022-12-31 00:00:00,43.48,10.51,4.68,14.53,1.97
2022-12-31 01:00:00,32.23,10.55,5.57,7.94,2.07
2022-12-31 02:00:00,33.51,10.49,4.35,5.7,1.92
2022-12-31 03:00:00,28.86,10.51,4.53,2.91,2.03
2022-12-31 04:00:00,22.94,10.42,4.79,0.98,2.04
2022-12-31 05:00:00,31.28,10.45,3.61,0.98,1.91
2022-12-31 06:00:00,21.34,10.46,3.62,0.98,1.88
2022-12-31 07:00:00,36.01,10.51,3.97,5.67,1.84
2022-12-31 08:00:00,33.17,10.69,5.66,17.85,1.91
2022-12-31 09:00:00,36.1,10.5,2.85,31.79,1.77
2022-12-31 10:00:00,24.58,10.56,1.73,40.5,1.75
2022-12-31 11:00:00,14.31,22.03,1.87,39.6,1.78
2022-12-31 12:00:00,22.22,14.71,0.47,46.24,1.69
2022-12-31 13:00:00,13.38,12.67,1.12,57.34,1.68
2022-12-31 14:00:00,6,15.54,0.47,70.98,1.65
2022-12-31 15:00:00,6,13.32,0.47,62.99,1.63
2022-12-31 16:00:00,6,11.9,0.47,64.16,1.57
2022-12-31 17:00:00,6,11.87,0.47,68.71,1.64
2022-12-31 18:00:00,13.47,11.09,0.47,59.0,1.7
2022-12-31 19:00:00,19.9,11.31,0.47,49.44,1.73
2022-12-31 20:00:00,32.56,11.07,1.5,45.15,1.85
2022-12-31 21:00:00,38.71,10.69,2.43,40.55,2.37
2022-12-31 22:00:00,33.22,10.56,3.85,34.61,2.77
2022-12-31 23:00:00,61.21,10.5,3.55,29.96,3.18
