data,pm10,so2,no2,o3,co
2018-01-01 00:00:00,65.9,8.28,7.68,8.72,0.73
2018-01-01 01:00:00,52.46,7.95,5.14,6.55,0.27
2018-01-01 02:00:00,40.71,7.88,5.92,4.4,0.19
2018-01-01 03:00:00,21.32,7.85,6.73,3.28,0.14
2018-01-01 04:00:00,13.2,8.19,5.49,0.98,0.15
2018-01-01 05:00:00,21.02,8.06,4.96,0.98,0.05
2018-01-01 06:00:00,12.07,8.1,4.54,0.98,0.05
2018-01-01 07:00:00,6.0,7.86,2.96,0.98,0.05
2018-01-01 08:00:00,6.0,7.96,1.77,0.98,0.05
2018-01-01 09:00:00,6.0,7.91,2.97,7.59,0.05
2018-01-01 10:00:00,6.0,7.8,5.87,13.75,0.05
2018-01-01 11:00:00,14.47,7.83,2.2,10.58,0.05
2018-01-01 12:00:00,6.0,7.64,2.69,13.49,0.16
2018-01-01 13:00:00,6.0,7.94,2.17,19.44,0.12
2018-01-01 14:00:00,6.0,7.48,2.83,34.53,0.11
2018-01-01 15:00:00,6.0,7.98,2.6,39.36,0.14
2018-01-01 16:00:00,6.0,8.56,1.81,39.49,0.18
2018-01-01 17:00:00,6.0,8.33,4.27,39.23,0.19
2018-01-01 18:00:00,6.0,7.96,2.49,14.48,0.05
2018-01-01 19:00:00,6.0,7.82,4.42,14.8,0.05
2018-01-01 20:00:00,6.0,7.87,10.68,11.43,0.18
2018-01-01 21:00:00,6.0,7.76,5.85,24.08,0.05
2018-01-01 22:00:00,13.37,7.73,7.78,20.38,0.1
2018-01-01 23:00:00,6.0,7.47,4.78,18.97,0.05
2018-01-02 00:00:00,6.0,7.34,8.18,13.06,0.05
2018-01-02 01:00:00,6.0,7.5,7.35,11.76,0.11
2018-01-02 02:00:00,6.0,7.71,10.48,6.92,0.34
2018-01-02 03:00:00,6.0,7.7,8.96,8.22,0.28
2018-01-02 04:00:00,6.0,7.61,7.35,4.9,0.19
2018-01-02 05:00:00,6.0,7.89,12.34,0.98,0.24
2018-01-02 06:00:00,6.0,8.03,18.92,0.98,0.27
2018-01-02 07:00:00,6.0,8.07,16.66,2.89,0.35
2018-01-02 08:00:00,6.0,8.1,10.34,5.08,0.27
2018-01-02 09:00:00,12.91,8.06,12.28,4.07,0.3
2018-01-02 10:00:00,6.0,7.85,8.73,7.21,0.27
2018-01-02 11:00:00,6.0,7.81,6.58,15.31,0.21
2018-01-02 12:00:00,6.0,7.64,5.54,27.03,0.21
2018-01-02 13:00:00,6.0,7.51,5.08,30.05,0.19
2018-01-02 14:00:00,6.0,7.78,9.86,17.44,0.21
2018-01-02 15:00:00,6.0,7.93,5.58,16.6,0.18
2018-01-02 16:00:00,6.0,7.61,5.29,9.36,0.19
2018-01-02 17:00:00,6.0,7.63,5.22,7.19,0.2
2018-01-02 18:00:00,6.0,7.79,7.31,6.43,0.28
2018-01-02 19:00:00,6.0,7.91,10.8,0.98,0.38
2018-01-02 20:00:00,6.0,7.38,12.65,3.08,0.3
2018-01-02 21:00:00,6.0,7.82,16.7,3.95,0.48
2018-01-02 22:00:00,6.0,7.86,14.99,0.98,0.46
2018-01-02 23:00:00,6.0,8.13,11.36,0.98,0.32
2018-01-03 00:00:00,6.0,7.65,6.01,0.98,0.28
2018-01-03 01:00:00,6.0,7.85,3.92,0.98,0.28
2018-01-03 02:00:00,6.0,7.8,8.6,0.98,0.45
2018-01-03 03:00:00,6.0,7.57,9.14,0.98,0.51
2018-01-03 04:00:00,6.0,8.01,7.92,0.98,0.38
2018-01-03 05:00:00,6.0,8.01,8.01,0.98,0.31
2018-01-03 06:00:00,6.0,8.28,11.41,0.98,0.31
2018-01-03 07:00:00,13.81,8.34,15.13,0.98,0.47
2018-01-03 08:00:00,6.0,8.27,13.37,0.98,0.38
2018-01-03 09:00:00,6.0,8.88,10.27,0.98,0.28
2018-01-03 10:00:00,6.0,8.1,7.63,0.98,0.23
2018-01-03 11:00:00,6.0,8.2,7.44,2.61,0.11
2018-01-03 12:00:00,6.0,7.56,7.82,0.98,0.12
2018-01-03 13:00:00,6.0,7.58,10.17,0.98,0.13
2018-01-03 14:00:00,,7.74,11.76,0.98,0.1
2018-01-03 15:00:00,6.0,7.55,13.99,9.66,0.05
2018-01-03 16:00:00,6.0,7.57,13.94,0.98,0.1
2018-01-03 17:00:00,6.0,7.93,18.22,0.98,0.15
2018-01-03 18:00:00,6.0,7.61,18.14,0.98,0.13
2018-01-03 19:00:00,6.0,7.66,10.0,0.98,0.21
2018-01-03 20:00:00,6.0,7.72,10.46,0.98,0.17
2018-01-03 21:00:00,6.0,8.0,20.29,0.98,0.37
2018-01-03 22:00:00,6.0,7.86,9.37,0.98,0.25
2018-01-03 23:00:00,26.04,7.71,8.24,3.46,0.16
2018-01-04 00:00:00,17.83,7.38,4.96,0.98,0.1
2018-01-04 01:00:00,19.64,7.59,4.02,0.98,0.11
2018-01-04 02:00:00,12.39,7.96,2.89,0.98,0.17
2018-01-04 03:00:00,17.77,7.97,5.55,0.98,0.13
2018-01-04 04:00:00,6.0,8.08,6.98,0.98,0.23
2018-01-04 05:00:00,6.0,8.46,10.65,0.98,0.3
2018-01-04 06:00:00,6.0,8.73,11.8,0.98,0.59
2018-01-04 07:00:00,6.0,8.79,17.53,0.98,0.53
2018-01-04 08:00:00,6.0,8.3,23.51,0.98,0.47
2018-01-04 09:00:00,19.03,8.37,28.97,0.98,0.39
2018-01-04 10:00:00,6.0,9.25,21.5,0.98,0.34
2018-01-04 11:00:00,6.0,12.23,32.63,0.98,0.25
2018-01-04 12:00:00,6.0,9.99,7.57,0.98,0.1
2018-01-04 13:00:00,6.0,9.95,9.2,0.98,0.11
2018-01-04 14:00:00,6.0,11.04,9.88,0.98,0.11
2018-01-04 15:00:00,6.0,10.47,10.42,0.98,0.05
2018-01-04 16:00:00,6.0,9.88,5.6,0.98,0.21
2018-01-04 17:00:00,6.0,8.88,11.95,0.98,0.37
2018-01-04 18:00:00,6.0,8.86,9.2,0.98,0.3
2018-01-04 19:00:00,6.0,8.79,15.94,0.98,0.4
2018-01-04 20:00:00,6.0,8.98,14.54,0.98,0.41
2018-01-04 21:00:00,24.79,8.74,23.49,0.98,0.49
2018-01-04 22:00:00,39.88,8.6,23.1,0.98,0.44
2018-01-04 23:00:00,36.6,8.74,23.55,0.98,0.65
2018-01-05 00:00:00,54.22,8.57,15.26,0.98,0.38
2018-01-05 01:00:00,42.15,8.5,19.54,0.98,0.33
2018-01-05 02:00:00,27.94,8.4,20.79,0.98,0.39
2018-01-05 03:00:00,18.78,8.58,17.46,0.98,0.38
2018-01-05 04:00:00,24.05,8.39,21.02,0.98,0.35
2018-01-05 05:00:00,18.44,8.53,17.43,0.98,0.35
2018-01-05 06:00:00,26.11,8.89,18.28,0.98,0.72
2018-01-05 07:00:00,31.95,8.67,27.6,0.98,0.79
2018-01-05 08:00:00,27.06,8.62,34.3,2.88,0.47
2018-01-05 09:00:00,12.74,8.59,18.23,3.37,0.26
2018-01-05 10:00:00,6.0,8.59,12.87,2.76,0.16
2018-01-05 11:00:00,6.0,8.83,11.64,0.98,0.18
2018-01-05 12:00:00,6.0,11.38,13.29,0.98,0.24
2018-01-05 13:00:00,6.0,11.7,10.08,0.98,0.27
2018-01-05 14:00:00,6.0,9.91,8.47,0.98,0.24
2018-01-05 15:00:00,6.0,12.23,13.82,0.98,0.39
2018-01-05 16:00:00,6.0,11.54,14.09,0.98,0.34
2018-01-05 17:00:00,6.0,9.77,12.71,2.74,0.29
2018-01-05 18:00:00,6.0,9.04,10.69,13.66,0.28
2018-01-05 19:00:00,6.0,9.2,9.54,0.98,0.45
2018-01-05 20:00:00,6.0,9.05,19.12,0.98,1.29
2018-01-05 21:00:00,25.89,8.39,25.95,0.98,0.67
2018-01-05 22:00:00,40.18,8.71,20.82,0.98,0.67
2018-01-05 23:00:00,51.42,8.51,24.84,0.98,0.75
2018-01-06 00:00:00,57.43,8.25,17.68,0.98,0.64
2018-01-06 01:00:00,41.73,7.96,21.35,0.98,0.56
2018-01-06 02:00:00,38.39,8.11,21.29,0.98,0.49
2018-01-06 03:00:00,40.97,8.04,15.49,0.98,0.4
2018-01-06 04:00:00,28.78,7.83,14.46,0.98,0.27
2018-01-06 05:00:00,32.76,8.0,16.31,0.98,0.34
2018-01-06 06:00:00,23.74,7.77,6.37,0.98,0.14
2018-01-06 07:00:00,33.81,7.76,2.94,0.98,0.05
2018-01-06 08:00:00,19.41,7.73,4.11,0.98,0.05
2018-01-06 09:00:00,6.0,7.89,4.88,0.98,0.05
2018-01-06 10:00:00,6.0,7.97,9.74,0.98,0.05
2018-01-06 11:00:00,6.0,8.02,10.11,0.98,0.05
2018-01-06 12:00:00,6.0,8.06,10.82,0.98,0.05
2018-01-06 13:00:00,,8.2,11.22,0.98,0.05
2018-01-06 14:00:00,,8.51,6.31,0.98,0.05
2018-01-06 15:00:00,6.0,8.32,2.68,0.98,0.05
2018-01-06 16:00:00,6.0,8.05,5.99,16.21,0.05
2018-01-06 17:00:00,6.0,7.99,3.03,3.78,0.05
2018-01-06 18:00:00,6.0,8.02,2.03,0.98,0.05
2018-01-06 19:00:00,6.0,8.19,3.45,0.98,0.05
2018-01-06 20:00:00,6.0,7.9,4.5,0.98,0.05
2018-01-06 21:00:00,6.0,7.91,8.01,0.98,0.05
2018-01-06 22:00:00,6.0,8.02,8.01,4.04,0.13
2018-01-06 23:00:00,16.25,8.38,7.52,12.42,0.15
2018-01-07 00:00:00,6.0,8.35,5.39,11.35,0.05
2018-01-07 01:00:00,6.0,8.44,6.51,0.98,0.16
2018-01-07 02:00:00,18.59,8.21,7.21,0.98,0.24
2018-01-07 03:00:00,13.92,8.19,6.57,3.95,0.19
2018-01-07 04:00:00,12.64,8.2,5.65,0.98,0.16
2018-01-07 05:00:00,6.0,8.49,8.17,0.98,0.2
2018-01-07 06:00:00,14.74,8.49,4.8,0.98,0.13
2018-01-07 07:00:00,6.0,8.34,3.61,0.98,0.12
2018-01-07 08:00:00,6.0,8.19,1.68,0.98,0.05
2018-01-07 09:00:00,6.0,8.31,0.47,10.82,0.21
2018-01-07 10:00:00,6.0,8.25,1.36,13.77,0.27
2018-01-07 11:00:00,6.0,8.29,2.05,25.78,0.33
2018-01-07 12:00:00,6.0,8.35,2.44,23.25,0.42
2018-01-07 13:00:00,6.0,8.38,1.33,28.23,0.44
2018-01-07 14:00:00,6.0,8.22,0.47,27.26,0.41
2018-01-07 15:00:00,6.0,8.42,0.94,26.79,0.34
2018-01-07 16:00:00,,,,,
2018-01-07 17:00:00,6.0,8.32,0.47,17.87,0.35
2018-01-07 18:00:00,6.0,8.39,0.47,23.44,0.39
2018-01-07 19:00:00,6.0,8.36,1.44,25.01,0.3
2018-01-07 20:00:00,6.0,8.38,1.94,16.51,0.32
2018-01-07 21:00:00,18.46,8.59,4.15,16.84,0.37
2018-01-07 22:00:00,23.23,8.36,4.96,12.77,0.28
2018-01-07 23:00:00,13.16,8.53,4.48,11.09,0.17
2018-01-08 00:00:00,16.86,8.67,5.23,9.22,0.14
2018-01-08 01:00:00,6.0,8.52,5.84,8.04,0.16
2018-01-08 02:00:00,17.36,8.51,6.76,3.32,0.11
2018-01-08 03:00:00,21.55,8.45,6.75,0.98,0.15
2018-01-08 04:00:00,23.13,8.1,6.02,,0.05
2018-01-08 05:00:00,14.53,8.45,8.65,,0.05
2018-01-08 06:00:00,17.68,8.82,14.42,,0.23
2018-01-08 07:00:00,6.0,8.85,13.16,,0.28
2018-01-08 08:00:00,6.0,8.7,10.01,,0.05
2018-01-08 09:00:00,12.21,8.49,6.27,,0.05
2018-01-08 10:00:00,6.0,8.48,3.72,,0.11
2018-01-08 11:00:00,6.0,8.52,3.25,,0.17
2018-01-08 12:00:00,6.0,8.32,3.06,,0.19
2018-01-08 13:00:00,6.0,8.36,2.6,,0.26
2018-01-08 14:00:00,6.0,8.3,3.29,,0.15
2018-01-08 15:00:00,6.0,8.2,2.99,,0.05
2018-01-08 16:00:00,6.0,9.0,6.26,,0.18
2018-01-08 17:00:00,6.0,8.81,1.83,,0.17
2018-01-08 18:00:00,6.0,8.98,3.26,,0.13
2018-01-08 19:00:00,6.0,8.65,2.68,,0.05
2018-01-08 20:00:00,22.09,8.55,2.72,,0.22
2018-01-08 21:00:00,18.86,8.51,2.53,,0.29
2018-01-08 22:00:00,25.62,8.59,4.89,,0.23
2018-01-08 23:00:00,27.06,8.47,5.69,,0.13
2018-01-09 00:00:00,21.36,8.53,3.31,,0.05
2018-01-09 01:00:00,6.0,8.42,4.25,,0.05
2018-01-09 02:00:00,6.0,8.29,4.16,,0.05
2018-01-09 03:00:00,13.82,8.37,4.23,,0.05
2018-01-09 04:00:00,6.0,8.36,6.03,,0.05
2018-01-09 05:00:00,6.0,8.5,7.13,,0.05
2018-01-09 06:00:00,6.0,8.9,10.92,,0.3
2018-01-09 07:00:00,6.0,8.97,13.47,,0.52
2018-01-09 08:00:00,18.52,8.9,16.68,,0.17
2018-01-09 09:00:00,16.06,8.73,7.56,,0.05
2018-01-09 10:00:00,29.9,8.42,2.68,,0.17
2018-01-09 11:00:00,15.2,8.6,3.53,,0.25
2018-01-09 12:00:00,6.0,8.58,1.35,,0.12
2018-01-09 13:00:00,6.0,8.65,2.73,,0.12
2018-01-09 14:00:00,6.0,8.61,1.63,25.68,0.17
2018-01-09 15:00:00,6.0,8.93,2.27,24.95,0.16
2018-01-09 16:00:00,6.0,8.65,1.11,24.23,0.19
2018-01-09 17:00:00,16.5,8.36,1.76,21.61,0.16
2018-01-09 18:00:00,27.9,8.41,1.44,17.96,0.21
2018-01-09 19:00:00,19.73,8.74,1.34,16.76,0.2
2018-01-09 20:00:00,32.99,8.45,1.74,15.16,0.16
2018-01-09 21:00:00,21.21,8.56,1.98,13.37,0.21
2018-01-09 22:00:00,15.37,8.07,1.52,13.99,0.13
2018-01-09 23:00:00,35.87,8.2,0.47,14.66,0.26
2018-01-10 00:00:00,27.61,8.12,0.47,12.8,0.21
2018-01-10 01:00:00,26.08,7.84,1.21,12.79,0.05
2018-01-10 02:00:00,15.53,8.05,1.56,11.06,0.05
2018-01-10 03:00:00,6.0,8.0,4.95,7.37,0.05
2018-01-10 04:00:00,6.0,8.25,3.63,7.07,0.05
2018-01-10 05:00:00,6.0,8.0,5.69,5.29,0.05
2018-01-10 06:00:00,6.0,8.2,11.29,0.98,0.16
2018-01-10 07:00:00,6.0,8.33,12.19,4.81,0.24
2018-01-10 08:00:00,6.0,8.45,11.21,4.84,0.3
2018-01-10 09:00:00,18.17,8.18,6.09,10.56,0.18
2018-01-10 10:00:00,12.24,7.91,9.63,20.6,0.12
2018-01-10 11:00:00,6.0,7.87,9.74,27.14,0.17
2018-01-10 12:00:00,6.0,7.89,5.04,29.27,0.17
2018-01-10 13:00:00,6.0,8.85,4.97,30.32,0.24
2018-01-10 14:00:00,,8.31,6.49,30.36,0.15
2018-01-10 15:00:00,,7.85,6.49,28.82,
2018-01-10 17:00:00,6.0,8.67,12.61,23.53,0.51
2018-01-10 18:00:00,6.0,8.68,14.95,21.88,0.45
2018-01-10 19:00:00,6.0,8.54,19.98,20.03,0.44
2018-01-10 20:00:00,6.0,8.58,22.88,13.4,0.56
2018-01-10 21:00:00,6.0,8.47,7.75,22.0,0.29
2018-01-10 22:00:00,24.73,8.56,7.72,20.06,0.31
2018-01-10 23:00:00,24.82,8.62,9.89,15.95,0.21
2018-01-11 00:00:00,14.53,8.33,10.95,12.58,0.2
2018-01-11 01:00:00,20.22,8.71,6.06,14.39,0.12
2018-01-11 02:00:00,6.0,8.6,1.89,16.75,0.05
2018-01-11 03:00:00,6.0,8.35,1.05,17.11,0.05
2018-01-11 04:00:00,6.0,8.18,1.83,14.75,0.05
2018-01-11 05:00:00,6.0,8.46,6.34,6.33,0.1
2018-01-11 06:00:00,6.0,8.79,13.65,0.98,0.29
2018-01-11 07:00:00,15.45,8.7,13.81,0.98,0.46
2018-01-11 08:00:00,6.0,8.73,12.26,5.12,0.44
2018-01-11 09:00:00,6.0,8.59,10.87,8.34,0.23
2018-01-11 10:00:00,6.0,8.56,21.19,11.29,0.32
2018-01-11 11:00:00,6.0,8.24,9.79,24.16,0.17
2018-01-11 12:00:00,6.0,8.13,6.54,27.12,0.16
2018-01-11 13:00:00,6.0,8.02,5.51,37.99,0.17
2018-01-11 14:00:00,6.0,8.42,4.1,39.85,0.31
2018-01-11 15:00:00,6.0,8.15,1.68,26.28,0.2
2018-01-11 16:00:00,6.0,8.52,3.27,21.74,0.32
2018-01-11 17:00:00,6.0,8.97,3.9,19.87,0.3
2018-01-11 18:00:00,6.0,8.24,3.98,19.75,0.23
2018-01-11 19:00:00,6.0,8.19,2.73,18.23,0.15
2018-01-11 20:00:00,6.0,8.48,3.92,14.84,0.22
2018-01-11 21:00:00,6.0,8.12,3.88,17.01,0.18
2018-01-11 22:00:00,22.12,7.94,3.42,16.0,0.17
2018-01-11 23:00:00,18.13,8.09,3.58,14.04,0.13
2018-01-12 00:00:00,14.64,8.15,1.44,14.14,0.14
2018-01-12 01:00:00,21.44,7.94,1.44,10.58,0.14
2018-01-12 02:00:00,13.7,8.16,3.38,7.5,0.21
2018-01-12 03:00:00,6.0,8.08,2.2,10.4,0.11
2018-01-12 04:00:00,6.0,8.13,3.72,5.81,0.15
2018-01-12 05:00:00,6.0,8.47,6.77,3.64,0.22
2018-01-12 06:00:00,13.65,8.49,8.43,4.39,0.29
2018-01-12 07:00:00,6.0,8.64,12.48,3.81,0.43
2018-01-12 08:00:00,6.0,8.63,14.15,3.33,0.5
2018-01-12 09:00:00,6.0,8.28,13.87,7.89,0.38
2018-01-12 10:00:00,6.0,8.17,8.44,13.07,0.24
2018-01-12 11:00:00,6.0,8.19,7.78,25.98,0.28
2018-01-12 12:00:00,6.0,8.2,5.64,31.54,0.19
2018-01-12 13:00:00,6.0,8.0,6.99,47.37,0.19
2018-01-12 14:00:00,6.0,7.91,4.53,35.99,0.26
2018-01-12 15:00:00,6.0,7.92,3.61,27.16,0.16
2018-01-12 16:00:00,6.0,8.05,4.4,30.56,0.24
2018-01-12 17:00:00,6.0,8.59,3.77,28.8,0.28
2018-01-12 18:00:00,6.0,8.79,4.16,28.76,0.26
2018-01-12 19:00:00,6.0,8.94,5.85,24.92,0.31
2018-01-12 20:00:00,13.67,8.09,6.24,22.54,0.26
2018-01-12 21:00:00,6.0,7.98,10.39,17.78,0.31
2018-01-12 22:00:00,21.37,8.13,8.93,13.56,0.38
2018-01-12 23:00:00,16.02,8.2,7.14,12.89,0.24
2018-01-13 00:00:00,6.0,8.35,6.53,9.57,0.18
2018-01-13 01:00:00,6.0,8.17,4.07,9.53,0.14
2018-01-13 02:00:00,14.98,8.08,3.99,6.78,0.23
2018-01-13 03:00:00,17.48,8.01,0.47,13.36,0.05
2018-01-13 04:00:00,18.04,8.12,2.02,11.88,0.05
2018-01-13 05:00:00,6.0,7.85,5.04,6.35,0.18
2018-01-13 06:00:00,6.0,8.46,7.66,0.98,0.43
2018-01-13 07:00:00,6.0,8.16,7.59,5.11,0.35
2018-01-13 08:00:00,6.0,8.32,6.51,8.04,0.27
2018-01-13 09:00:00,6.0,7.93,2.67,13.61,0.15
2018-01-13 10:00:00,6.0,8.25,3.22,21.31,0.18
2018-01-13 11:00:00,6.0,8.08,3.82,33.08,0.24
2018-01-13 12:00:00,6.0,7.95,4.78,31.9,0.2
2018-01-13 13:00:00,6.0,7.8,4.92,40.84,0.36
2018-01-13 14:00:00,6.0,7.98,5.44,42.4,0.38
2018-01-13 15:00:00,6.0,8.85,5.34,51.95,0.31
2018-01-13 16:00:00,6.0,8.25,5.74,42.48,0.35
2018-01-13 17:00:00,6.0,8.62,3.0,10.65,0.26
2018-01-13 18:00:00,6.0,8.53,2.29,17.64,0.12
2018-01-13 19:00:00,6.0,8.49,3.12,16.05,0.16
2018-01-13 20:00:00,6.0,8.57,6.68,26.41,0.3
2018-01-13 21:00:00,6.0,8.54,8.83,19.92,0.55
2018-01-13 22:00:00,13.97,8.43,6.64,0.98,0.48
2018-01-13 23:00:00,34.95,8.37,6.27,4.62,0.35
2018-01-14 00:00:00,34.16,8.2,4.13,0.98,0.25
2018-01-14 01:00:00,19.04,7.97,3.29,0.98,0.14
2018-01-14 02:00:00,6.0,7.86,4.32,3.3,0.21
2018-01-14 03:00:00,12.26,8.21,4.42,3.53,0.21
2018-01-14 04:00:00,28.39,8.13,5.02,3.87,0.21
2018-01-14 05:00:00,14.24,8.18,6.13,0.98,0.22
2018-01-14 06:00:00,6.0,8.23,6.37,2.06,0.27
2018-01-14 07:00:00,14.19,8.06,4.7,3.64,0.23
2018-01-14 08:00:00,6.0,8.02,5.99,9.35,0.3
2018-01-14 09:00:00,6.0,8.12,3.65,11.27,0.25
2018-01-14 10:00:00,6.0,8.26,6.83,13.96,0.22
2018-01-14 11:00:00,6.0,8.01,6.56,14.86,0.23
2018-01-14 12:00:00,,8.14,6.9,16.0,0.59
2018-01-14 13:00:00,,8.91,3.59,19.15,0.55
2018-01-14 14:00:00,,8.47,5.15,16.84,0.25
2018-01-14 15:00:00,6.0,8.11,6.17,25.6,0.24
2018-01-14 16:00:00,6.0,8.08,3.96,25.0,0.24
2018-01-14 17:00:00,6.0,8.57,7.21,15.31,0.14
2018-01-14 18:00:00,41.6,8.57,18.64,9.12,0.38
2018-01-14 19:00:00,24.61,8.24,10.56,12.2,0.32
2018-01-14 20:00:00,24.76,8.3,7.62,13.36,0.33
2018-01-14 21:00:00,24.02,8.14,7.5,9.66,0.36
2018-01-14 22:00:00,30.95,8.28,10.37,6.54,0.32
2018-01-14 23:00:00,21.33,8.23,13.04,3.75,0.38
2018-01-15 00:00:00,14.79,8.45,14.05,3.87,0.53
2018-01-15 01:00:00,12.01,8.03,13.25,4.74,0.44
2018-01-15 02:00:00,29.89,8.1,8.64,3.64,0.41
2018-01-15 03:00:00,15.04,7.96,3.57,4.27,0.33
2018-01-15 04:00:00,6.0,8.21,1.85,7.13,0.3
2018-01-15 05:00:00,6.0,8.27,6.19,6.35,0.28
2018-01-15 06:00:00,6.0,8.62,11.36,4.37,0.51
2018-01-15 07:00:00,6.0,8.44,10.94,5.13,0.53
2018-01-15 08:00:00,,8.28,8.85,7.29,0.32
2018-01-15 09:00:00,,8.48,13.3,8.88,0.18
2018-01-15 10:00:00,,8.08,11.31,13.34,0.21
2018-01-15 11:00:00,,8.38,15.49,11.82,0.28
2018-01-15 12:00:00,,8.37,6.41,19.36,0.31
2018-01-15 13:00:00,6.0,9.06,7.13,24.59,0.3
2018-01-15 14:00:00,6.0,8.95,2.87,22.62,0.26
2018-01-15 15:00:00,6.0,8.24,9.46,21.12,0.33
2018-01-15 16:00:00,36.76,8.07,5.92,23.17,0.25
2018-01-15 17:00:00,20.43,7.99,8.66,24.75,0.24
2018-01-15 18:00:00,6.0,8.02,14.13,20.29,0.25
2018-01-15 19:00:00,6.0,8.5,14.08,13.74,0.45
2018-01-15 20:00:00,6.0,8.06,5.87,17.39,0.2
2018-01-15 21:00:00,6.0,7.93,3.13,12.96,0.27
2018-01-15 22:00:00,6.0,7.99,2.69,11.7,0.23
2018-01-15 23:00:00,6.0,7.9,1.3,11.01,0.13
2018-01-16 00:00:00,6.0,8.0,0.47,12.07,0.14
2018-01-16 01:00:00,6.0,7.84,0.47,12.6,0.15
2018-01-16 02:00:00,6.0,7.91,0.47,11.65,0.23
2018-01-16 03:00:00,6.0,19.09,0.47,9.48,0.22
2018-01-16 04:00:00,6.0,12.56,0.47,9.41,0.18
2018-01-16 05:00:00,6.0,12.83,3.09,9.07,0.23
2018-01-16 06:00:00,,13.4,10.73,4.97,0.3
2018-01-16 07:00:00,,13.33,9.83,7.43,0.36
2018-01-16 08:00:00,,13.22,4.01,10.11,0.19
2018-01-16 09:00:00,6.0,13.11,2.65,13.9,0.05
2018-01-16 10:00:00,6.0,13.1,2.14,16.44,0.18
2018-01-16 11:00:00,6.0,13.1,2.37,16.25,0.16
2018-01-16 12:00:00,6.0,13.12,1.6,15.2,0.13
2018-01-16 13:00:00,6.0,13.11,3.74,18.4,0.14
2018-01-16 14:00:00,6.0,13.26,2.95,15.01,0.15
2018-01-16 15:00:00,6.0,13.29,2.54,14.92,0.15
2018-01-16 16:00:00,6.0,13.37,2.84,14.36,0.15
2018-01-17 17:00:00,6.0,15.18,3.31,15.8,0.39
2018-01-17 18:00:00,6.0,16.3,4.26,17.3,0.36
2018-01-17 19:00:00,6.0,15.82,5.09,7.92,0.38
2018-01-17 20:00:00,6.0,15.1,5.69,0.98,0.37
2018-01-17 21:00:00,6.0,15.5,9.0,0.98,0.32
2018-01-17 22:00:00,6.0,15.11,8.53,2.87,0.3
2018-01-17 23:00:00,28.37,15.07,7.47,0.98,0.34
2018-01-18 00:00:00,30.61,15.29,5.59,4.04,0.25
2018-01-18 01:00:00,21.02,15.06,4.77,0.98,0.22
2018-01-18 02:00:00,20.48,15.0,4.23,0.98,0.29
2018-01-18 03:00:00,16.93,15.0,5.03,2.73,0.33
2018-01-18 04:00:00,6.0,15.15,5.88,0.98,0.31
2018-01-18 05:00:00,6.0,15.24,8.4,1.99,0.36
2018-01-18 06:00:00,6.0,15.32,11.4,3.25,0.54
2018-01-18 07:00:00,6.0,15.38,17.5,4.08,0.71
2018-01-18 08:00:00,6.0,25.86,11.22,4.76,0.44
2018-01-18 09:00:00,6.0,18.83,11.44,6.92,0.39
2018-01-18 10:00:00,6.0,18.22,10.2,16.45,0.29
2018-01-18 11:00:00,6.0,18.02,5.63,25.24,0.36
2018-01-18 12:00:00,6.0,18.27,4.31,23.31,0.28
2018-01-18 13:00:00,6.0,18.02,5.47,21.03,0.39
2018-01-18 14:00:00,6.0,18.28,6.31,22.38,0.29
2018-01-18 15:00:00,6.0,18.29,6.63,22.76,0.26
2018-01-18 16:00:00,6.0,18.01,5.19,21.12,0.22
2018-01-21 17:00:00,20.93,17.29,6.21,2.81,0.05
2018-01-21 18:00:00,13.31,17.29,6.43,0.98,0.05
2018-01-21 19:00:00,6.0,17.47,7.08,8.93,0.05
2018-01-21 20:00:00,6.0,17.22,7.29,3.85,0.16
2018-01-21 21:00:00,12.82,17.26,10.55,4.3,0.26
2018-01-21 22:00:00,6.0,17.22,12.88,4.01,0.13
2018-01-21 23:00:00,6.0,16.93,6.34,8.58,0.05
2018-01-22 00:00:00,6.0,17.09,5.62,8.03,0.05
2018-01-22 01:00:00,6.0,16.97,4.33,6.97,0.05
2018-01-22 02:00:00,6.0,16.86,8.35,4.18,0.24
2018-01-22 03:00:00,6.0,17.2,6.27,3.87,0.15
2018-01-22 04:00:00,6.0,17.09,2.65,5.72,0.15
2018-01-22 05:00:00,6.0,17.1,6.88,2.44,0.22
2018-01-22 06:00:00,6.0,17.73,9.57,0.98,0.33
2018-01-22 07:00:00,6.0,18.03,11.52,0.98,0.74
2018-01-22 08:00:00,6.0,17.87,16.78,0.98,0.51
2018-01-22 09:00:00,6.0,17.37,18.6,4.44,0.49
2018-01-22 10:00:00,6.0,17.32,21.94,14.37,0.27
2018-01-22 11:00:00,6.0,17.46,20.14,19.3,0.3
2018-01-22 12:00:00,6.0,17.36,9.49,16.95,0.34
2018-01-22 13:00:00,24.54,17.39,15.27,15.63,0.34
2018-01-22 14:00:00,15.93,17.31,12.4,17.7,0.36
2018-01-22 15:00:00,12.07,17.4,10.04,18.65,0.35
2018-01-22 16:00:00,6.0,17.47,13.75,15.02,0.37
2018-01-22 17:00:00,6.0,17.5,18.58,15.52,0.51
2018-01-22 18:00:00,6.0,17.62,16.06,16.46,0.53
2018-01-22 19:00:00,6.0,17.41,18.07,13.4,0.56
2018-01-22 20:00:00,6.0,17.42,21.22,6.37,0.64
2018-01-22 21:00:00,6.0,17.43,19.2,6.51,0.58
2018-01-22 22:00:00,6.0,16.97,15.13,9.06,0.47
2018-01-22 23:00:00,6.0,17.6,21.95,4.45,0.77
2018-01-23 00:00:00,6.0,17.75,14.4,4.17,1.05
2018-01-23 01:00:00,6.0,17.32,12.29,5.87,0.43
2018-01-23 02:00:00,,17.32,14.49,6.61,0.33
2018-01-23 03:00:00,,17.08,5.79,9.95,0.21
2018-01-23 04:00:00,6.0,17.31,11.07,8.39,0.16
2018-01-23 05:00:00,6.0,17.32,12.4,5.79,0.21
2018-01-23 06:00:00,6.0,17.55,25.89,2.8,0.44
2018-01-23 07:00:00,6.0,17.49,24.84,5.88,0.57
2018-01-23 08:00:00,6.0,17.43,26.06,10.22,0.44
2018-01-23 09:00:00,6.0,17.5,17.54,14.64,0.47
2018-01-23 10:00:00,19.43,17.64,16.45,10.06,0.4
2018-01-23 11:00:00,6.0,17.39,10.4,15.35,0.4
2018-01-23 12:00:00,6.0,17.3,9.11,12.92,0.34
2018-01-23 13:00:00,,14.59,13.15,16.53,0.28
2018-01-23 14:00:00,,,,15.61,0.2
2018-01-23 15:00:00,,11.82,,0.98,0.34
2018-01-23 16:00:00,,12.02,,15.34,0.28
2018-01-23 17:00:00,,12.05,14.48,15.28,0.34
2018-01-23 18:00:00,,12.05,13.9,13.64,0.4
2018-01-23 19:00:00,,11.93,13.82,14.67,0.28
2018-01-23 20:00:00,,11.98,21.65,9.42,0.28
2018-01-23 21:00:00,,12.17,17.64,5.6,0.68
2018-01-23 22:00:00,6.0,11.94,22.12,5.24,0.51
2018-01-23 23:00:00,18.29,12.01,22.07,5.53,0.57
2018-01-24 00:00:00,15.89,12.05,20.54,5.24,0.57
2018-01-24 01:00:00,6.0,12.03,13.43,7.24,0.31
2018-01-24 02:00:00,6.0,11.83,17.54,3.35,0.31
2018-01-24 03:00:00,12.89,11.77,21.09,3.66,0.29
2018-01-24 04:00:00,13.37,11.86,13.02,4.63,0.25
2018-01-24 05:00:00,6.0,11.94,11.76,0.98,0.25
2018-01-24 06:00:00,14.74,12.48,,0.98,0.53
2018-01-24 07:00:00,25.74,12.71,9.94,0.98,0.7
2018-01-24 08:00:00,25.17,12.56,17.8,4.46,0.51
2018-01-24 09:00:00,22.12,11.85,9.79,8.07,0.35
2018-01-24 10:00:00,32.51,11.72,14.32,10.12,0.22
2018-01-24 11:00:00,17.19,11.63,10.83,21.7,0.21
2018-01-24 12:00:00,15.23,12.01,9.83,27.97,0.25
2018-01-24 13:00:00,16.65,12.24,6.21,30.35,0.31
2018-01-24 14:00:00,6.0,12.01,6.25,26.04,0.26
2018-01-24 15:00:00,6.0,12.09,5.45,28.41,0.26
2018-01-24 16:00:00,,,,,
2018-01-24 17:00:00,6.0,12.47,8.25,29.59,0.36
2018-01-24 18:00:00,6.0,12.23,14.39,21.71,0.42
2018-01-24 19:00:00,6.0,12.33,18.58,0.98,0.41
2018-01-24 20:00:00,6.0,11.79,19.25,0.98,0.35
2018-01-24 21:00:00,18.52,11.76,19.16,8.52,0.35
2018-01-24 22:00:00,23.3,11.54,15.81,17.08,0.32
2018-01-24 23:00:00,29.16,11.86,10.33,18.38,0.25
2018-01-25 00:00:00,26.44,11.77,7.14,18.68,0.15
2018-01-25 01:00:00,14.44,11.76,6.66,15.85,0.15
2018-01-25 02:00:00,21.41,11.74,3.57,15.19,0.2
2018-01-25 03:00:00,18.55,11.85,5.4,13.01,0.19
2018-01-25 04:00:00,18.1,11.66,0.99,19.9,0.1
2018-01-25 05:00:00,12.14,11.7,3.35,17.09,0.13
2018-01-25 06:00:00,17.0,11.91,11.93,10.9,0.19
2018-01-25 07:00:00,13.45,11.96,16.24,5.78,0.26
2018-01-25 08:00:00,21.45,11.66,11.64,6.54,0.25
2018-01-25 09:00:00,19.15,11.74,6.34,11.31,0.2
2018-01-25 10:00:00,16.11,11.53,2.39,14.74,0.05
2018-01-25 11:00:00,15.73,11.63,6.9,11.34,0.13
2018-01-25 12:00:00,26.32,11.54,5.07,9.86,0.15
2018-01-25 13:00:00,15.93,11.64,2.62,17.32,0.05
2018-01-25 14:00:00,6.0,11.71,4.21,16.63,0.05
2018-01-25 15:00:00,20.01,11.58,5.56,15.42,0.15
2018-01-25 16:00:00,19.9,11.65,4.94,13.51,0.14
2018-01-25 17:00:00,6.0,11.54,5.47,13.06,0.23
2018-01-25 18:00:00,16.87,11.52,3.7,12.73,0.22
2018-01-25 19:00:00,6.0,11.72,5.84,10.93,0.15
2018-01-25 20:00:00,15.11,11.63,7.65,7.27,0.18
2018-01-25 21:00:00,15.54,11.79,7.32,4.6,0.2
2018-01-25 22:00:00,24.96,11.57,8.52,6.36,0.21
2018-01-25 23:00:00,31.83,11.6,5.07,8.67,0.05
2018-01-26 00:00:00,17.24,11.78,9.4,2.38,0.05
2018-01-26 01:00:00,25.18,12.49,10.84,4.31,0.11
2018-01-26 02:00:00,24.78,12.8,8.0,2.93,0.17
2018-01-26 03:00:00,16.23,13.07,5.14,0.98,0.18
2018-01-26 04:00:00,18.96,12.82,6.0,0.98,0.19
2018-01-26 05:00:00,6.0,12.81,7.84,0.98,0.17
2018-01-26 06:00:00,20.81,13.05,,0.98,0.38
2018-01-26 07:00:00,26.22,12.83,,0.98,0.58
2018-01-26 08:00:00,34.58,12.04,8.37,6.42,0.17
2018-01-26 09:00:00,17.37,11.78,3.88,11.42,0.19
2018-01-26 10:00:00,20.83,11.97,2.0,14.81,0.31
2018-01-26 11:00:00,16.79,12.0,1.35,8.4,0.3
2018-01-26 12:00:00,19.98,12.06,0.47,0.98,0.25
2018-01-26 13:00:00,6.0,12.15,1.06,0.98,0.36
2018-01-26 14:00:00,13.91,11.84,1.04,0.98,0.31
2018-01-26 15:00:00,6.0,11.72,1.49,0.98,0.17
2018-01-26 16:00:00,,,,,
2018-01-26 17:00:00,6.0,11.77,1.75,2.06,0.05
2018-01-26 18:00:00,13.7,11.9,2.91,0.98,0.27
2018-01-26 19:00:00,16.38,12.14,3.94,15.56,0.34
2018-01-26 20:00:00,18.31,12.11,7.64,12.46,0.37
2018-01-26 21:00:00,18.11,11.99,7.39,4.5,0.35
2018-01-26 22:00:00,19.31,12.05,7.66,11.51,0.25
2018-01-26 23:00:00,19.06,11.78,5.93,10.43,0.15
2018-01-27 00:00:00,22.0,12.06,10.03,8.25,0.17
2018-01-27 01:00:00,25.83,12.57,9.26,6.85,0.17
2018-01-27 02:00:00,25.88,12.64,6.54,7.06,0.17
2018-01-27 03:00:00,16.36,12.27,5.25,6.97,0.12
2018-01-27 04:00:00,19.11,11.85,5.82,4.55,0.1
2018-01-27 05:00:00,14.89,12.12,6.92,0.98,0.14
2018-01-27 06:00:00,6.0,12.81,6.76,0.98,0.34
2018-01-27 07:00:00,20.98,12.75,8.01,0.98,0.38
2018-01-27 08:00:00,16.48,12.17,4.56,7.17,0.21
2018-01-27 09:00:00,6.0,11.69,2.6,10.75,0.12
2018-01-27 10:00:00,6.0,11.57,1.28,12.58,0.15
2018-01-27 11:00:00,6.0,11.63,1.36,14.6,0.22
2018-01-27 12:00:00,6.0,11.56,2.28,12.84,0.2
2018-01-27 13:00:00,6.0,11.47,1.51,5.24,0.25
2018-01-27 14:00:00,6.0,11.58,1.38,18.71,0.2
2018-01-27 15:00:00,6.0,12.12,2.28,22.2,0.21
2018-01-27 16:00:00,6.0,12.4,2.66,19.3,0.3
2018-01-27 17:00:00,6.0,11.76,3.04,0.98,0.27
2018-01-27 18:00:00,16.01,11.75,4.77,0.98,0.3
2018-01-27 19:00:00,28.85,12.33,8.43,2.99,0.38
2018-01-27 20:00:00,27.48,11.28,11.24,8.65,0.32
2018-01-27 21:00:00,39.59,11.43,13.87,7.43,0.43
2018-01-27 22:00:00,43.27,11.51,12.99,0.98,0.37
2018-01-27 23:00:00,41.02,11.81,10.22,0.98,0.34
2018-01-28 00:00:00,38.36,11.6,5.51,5.88,0.22
2018-01-28 01:00:00,28.7,11.7,2.38,0.98,0.14
2018-01-28 02:00:00,24.24,11.64,2.28,0.98,0.22
2018-01-28 03:00:00,18.85,11.5,2.11,2.03,0.19
2018-01-28 04:00:00,6.0,11.78,3.56,0.98,0.24
2018-01-28 05:00:00,25.62,11.78,4.04,0.98,0.22
2018-01-28 06:00:00,12.46,11.77,3.83,0.98,0.24
2018-01-28 07:00:00,13.14,11.72,4.1,0.98,0.24
2018-01-28 08:00:00,13.81,11.87,3.11,0.98,0.27
2018-01-28 09:00:00,6.0,11.88,3.1,0.98,0.25
2018-01-28 10:00:00,6.0,11.59,1.4,4.71,0.25
2018-01-28 11:00:00,6.0,11.44,3.47,4.42,0.24
2018-01-28 12:00:00,6.0,11.7,3.06,7.89,0.37
2018-01-28 13:00:00,18.16,11.45,5.64,8.2,0.29
2018-01-28 14:00:00,12.38,11.52,5.37,12.32,0.29
2018-01-28 15:00:00,6.0,11.47,4.99,13.88,0.25
2018-01-28 16:00:00,,,,,
2018-01-28 17:00:00,6.0,11.38,6.38,9.02,0.3
2018-01-28 18:00:00,6.0,11.47,5.89,0.98,0.27
2018-01-28 19:00:00,6.0,11.76,11.67,0.98,0.21
2018-01-28 20:00:00,16.43,11.82,14.33,0.98,0.41
2018-01-28 21:00:00,12.02,11.69,21.42,0.98,0.54
2018-01-28 22:00:00,14.97,11.86,25.35,0.98,0.56
2018-01-28 23:00:00,18.39,11.71,21.16,3.76,0.49
2018-01-29 00:00:00,16.27,11.73,17.68,9.37,0.39
2018-01-29 01:00:00,22.86,11.83,15.92,0.98,0.34
2018-01-29 02:00:00,16.94,11.82,11.2,5.65,0.43
2018-01-29 03:00:00,6.0,12.01,10.73,2.89,0.38
2018-01-29 04:00:00,20.52,11.79,10.37,0.98,0.39
2018-01-29 05:00:00,6.0,11.83,12.6,0.98,0.39
2018-01-29 06:00:00,6.0,12.67,,0.98,0.69
2018-01-29 07:00:00,6.0,12.72,,0.98,0.82
2018-01-29 08:00:00,22.79,12.53,17.3,2.5,0.57
2018-01-29 09:00:00,33.6,11.83,10.2,7.82,0.28
2018-01-29 10:00:00,18.78,11.73,5.04,13.38,0.19
2018-01-29 11:00:00,26.15,11.68,2.45,18.17,0.15
2018-01-29 12:00:00,13.82,11.54,0.47,17.18,0.16
2018-01-29 13:00:00,6.0,11.57,,5.77,0.1
2018-01-29 14:00:00,6.0,11.48,,7.26,0.05
2018-01-29 15:00:00,6.0,11.45,,8.55,0.11
2018-01-29 16:00:00,6.0,11.62,1.12,10.71,0.05
2018-01-29 17:00:00,6.0,11.42,1.84,3.53,0.13
2018-01-29 18:00:00,6.0,11.73,4.1,0.98,0.15
2018-01-29 19:00:00,6.0,11.6,6.18,0.98,0.14
2018-01-29 20:00:00,6.0,11.46,13.7,0.98,0.17
2018-01-29 21:00:00,19.26,11.59,21.5,0.98,0.2
2018-01-29 22:00:00,21.18,11.89,20.13,0.98,0.28
2018-01-29 23:00:00,39.74,12.12,15.71,0.98,0.2
2018-01-30 00:00:00,36.54,12.11,8.65,4.28,0.12
2018-01-30 01:00:00,34.74,12.72,7.06,5.08,0.13
2018-01-30 02:00:00,26.85,12.36,3.83,5.32,0.22
2018-01-30 03:00:00,26.72,12.55,3.27,2.62,0.25
2018-01-30 04:00:00,20.53,12.24,3.93,2.05,0.22
2018-01-30 05:00:00,20.49,12.34,,0.98,0.44
2018-01-30 06:00:00,13.71,13.14,,0.98,0.56
2018-01-30 07:00:00,29.01,13.02,,0.98,0.9
2018-01-30 08:00:00,33.62,12.67,18.38,2.58,0.46
2018-01-30 09:00:00,18.92,11.91,10.85,10.77,0.28
2018-01-30 10:00:00,28.58,11.66,2.27,15.48,0.22
2018-01-30 11:00:00,16.88,11.54,1.79,14.51,0.22
2018-01-30 12:00:00,6.0,11.59,1.67,14.43,0.2
2018-01-30 13:00:00,6.0,12.15,2.46,18.38,0.27
2018-01-30 14:00:00,6.0,12.06,2.68,17.57,0.34
2018-01-30 15:00:00,6.0,11.6,1.49,16.33,0.22
2018-01-30 16:00:00,6.0,11.72,1.73,6.14,0.19
2018-01-30 17:00:00,6.0,12.3,2.33,7.59,0.2
2018-01-30 18:00:00,6.0,11.9,3.93,0.98,0.25
2018-01-30 19:00:00,19.86,11.85,2.88,0.98,0.28
2018-01-30 20:00:00,18.85,12.16,4.09,9.4,0.14
2018-01-30 21:00:00,26.09,11.58,5.05,0.98,0.31
2018-01-30 22:00:00,24.95,11.92,4.82,0.98,0.32
2018-01-30 23:00:00,24.73,11.68,3.67,0.98,0.24
2018-01-31 00:00:00,17.26,11.78,3.47,0.98,0.21
2018-01-31 01:00:00,33.68,11.71,2.09,0.98,0.1
2018-01-31 02:00:00,17.28,11.54,0.47,0.98,0.05
2018-01-31 03:00:00,15.41,11.49,1.32,3.17,0.05
2018-01-31 04:00:00,17.21,11.57,2.18,2.51,0.05
2018-01-31 05:00:00,12.84,11.98,5.61,0.98,0.05
2018-01-31 06:00:00,13.24,12.56,4.89,0.98,0.18
2018-01-31 07:00:00,18.65,12.4,7.01,1.96,0.16
2018-01-31 08:00:00,6.0,11.98,5.02,3.77,0.05
2018-01-31 09:00:00,28.14,11.46,2.28,10.72,0.05
2018-01-31 10:00:00,17.91,11.75,2.84,11.13,0.18
2018-01-31 11:00:00,16.32,11.86,1.56,18.07,0.1
2018-01-31 12:00:00,12.04,11.34,0.47,16.02,0.05
2018-01-31 13:00:00,6.0,12.19,0.47,18.69,0.05
2018-01-31 14:00:00,6.0,12.12,1.68,14.31,0.05
2018-01-31 15:00:00,14.86,12.28,1.56,18.84,0.05
2018-01-31 16:00:00,6.0,12.34,1.45,17.37,0.05
2018-01-31 17:00:00,18.25,12.28,1.28,14.21,0.05
2018-01-31 18:00:00,12.33,12.09,1.74,0.98,0.13
2018-01-31 19:00:00,14.28,12.5,4.47,5.67,0.05
2018-01-31 20:00:00,22.36,12.01,4.29,2.5,0.17
2018-01-31 21:00:00,34.74,12.01,3.78,0.98,0.23
2018-01-31 22:00:00,23.35,12.13,4.01,0.98,0.22
2018-01-31 23:00:00,29.73,11.79,8.16,0.98,0.18
2018-02-01 00:00:00,43.15,11.9,6.81,0.98,0.05
2018-02-01 01:00:00,38.79,11.79,3.43,0.98,0.05
2018-02-01 02:00:00,19.39,11.82,3.93,0.98,0.05
2018-02-01 03:00:00,18.1,11.84,4.3,0.98,0.05
2018-02-01 04:00:00,12.62,11.82,6.34,0.98,0.12
2018-02-01 05:00:00,18.98,11.91,6.52,0.98,0.18
2018-02-01 06:00:00,6.0,12.2,,0.98,0.32
2018-02-01 07:00:00,22.42,12.49,,0.98,0.42
2018-02-01 08:00:00,23.41,11.96,8.62,0.98,0.26
2018-02-01 09:00:00,18.8,11.88,7.1,5.15,0.12
2018-02-01 10:00:00,12.18,11.77,3.38,12.42,0.13
2018-02-01 11:00:00,6.0,11.56,1.55,7.32,0.2
2018-02-01 12:00:00,13.65,11.6,1.32,11.54,0.28
2018-02-01 13:00:00,6.0,11.84,1.28,3.65,0.23
2018-02-01 14:00:00,6.0,11.78,2.94,4.03,0.17
2018-02-01 15:00:00,6.0,12.13,2.75,0.98,0.05
2018-02-01 16:00:00,6.0,12.52,3.08,0.98,0.05
2018-02-01 17:00:00,6.0,12.26,3.42,0.98,0.16
2018-02-01 18:00:00,6.0,12.09,3.16,4.26,0.1
2018-02-01 19:00:00,20.33,12.44,3.32,8.52,0.05
2018-02-01 20:00:00,27.43,11.73,5.93,0.98,0.23
2018-02-01 21:00:00,31.42,11.66,8.52,0.98,0.37
2018-02-01 22:00:00,25.7,11.74,6.63,0.98,0.24
2018-02-01 23:00:00,24.79,11.8,5.39,0.98,0.12
2018-02-02 00:00:00,20.27,11.74,5.24,0.98,0.05
2018-02-02 01:00:00,22.36,11.76,5.69,0.98,0.05
2018-02-02 02:00:00,17.17,11.76,7.67,0.98,0.05
2018-02-02 03:00:00,13.12,11.74,6.74,0.98,0.05
2018-02-02 04:00:00,17.06,11.78,7.53,0.98,0.05
2018-02-02 05:00:00,14.76,11.82,,0.98,0.14
2018-02-02 06:00:00,21.66,11.87,,0.98,0.21
2018-02-02 07:00:00,13.08,12.62,,0.98,0.46
2018-02-02 08:00:00,37.97,12.19,17.63,0.98,0.27
2018-02-02 09:00:00,27.8,11.92,22.72,9.3,0.16
2018-02-02 10:00:00,21.35,14.61,25.62,8.14,0.26
2018-02-02 11:00:00,34.34,14.52,28.22,23.13,0.2
2018-02-02 12:00:00,26.11,11.98,11.4,25.72,0.18
2018-02-02 13:00:00,19.65,11.87,10.72,25.98,0.25
2018-02-02 14:00:00,12.47,11.61,7.92,5.44,0.22
2018-02-02 15:00:00,6.0,11.58,9.97,0.98,0.23
2018-02-02 16:00:00,6.0,11.61,31.59,0.98,0.21
2018-02-02 17:00:00,6.0,11.7,5.03,0.98,0.22
2018-02-02 18:00:00,6.0,11.6,4.73,0.98,0.17
2018-02-02 19:00:00,6.0,11.62,11.79,13.66,0.24
2018-02-02 20:00:00,6.0,11.62,20.65,12.89,0.32
2018-02-02 21:00:00,32.09,11.97,25.42,3.52,0.55
2018-02-02 22:00:00,65.12,11.77,21.76,,0.49
2018-02-02 23:00:00,71.69,11.87,15.64,,0.32
2018-02-03 00:00:00,71.17,11.89,18.52,,0.29
2018-02-03 01:00:00,67.17,11.86,12.24,,0.18
2018-02-03 02:00:00,59.77,11.78,9.12,,0.05
2018-02-03 03:00:00,46.18,11.87,9.7,,0.05
2018-02-03 04:00:00,44.42,11.79,9.1,,0.05
2018-02-03 05:00:00,42.61,11.86,7.94,,0.18
2018-02-03 06:00:00,30.02,11.93,10.62,,0.05
2018-02-03 07:00:00,39.22,12.16,8.92,,0.11
2018-02-03 08:00:00,25.31,11.8,4.35,,0.05
2018-02-03 09:00:00,12.67,11.76,1.3,,0.05
2018-02-03 10:00:00,6.0,11.78,,,0.11
2018-02-03 11:00:00,14.68,11.84,,,0.13
2018-02-03 12:00:00,12.01,11.77,1.82,,0.13
2018-02-03 13:00:00,6.0,11.68,,,0.14
2018-02-03 14:00:00,6.0,11.54,,,0.1
2018-02-03 15:00:00,13.87,11.76,,,0.05
2018-02-03 16:00:00,13.72,11.89,0.47,,0.05
2018-02-03 17:00:00,6.0,11.84,0.47,,0.05
2018-02-03 18:00:00,19.11,11.8,0.94,,0.05
2018-02-03 19:00:00,26.61,11.85,1.89,,0.17
2018-02-03 20:00:00,21.65,12.04,10.28,,0.39
2018-02-03 21:00:00,30.05,12.01,19.98,,0.55
2018-02-03 22:00:00,57.49,11.86,11.53,,0.38
2018-02-03 23:00:00,47.85,11.82,7.75,,0.15
2018-02-04 00:00:00,40.65,11.78,6.57,,0.05
2018-02-04 01:00:00,27.79,11.85,7.16,,0.05
2018-02-04 02:00:00,32.52,11.83,5.64,,0.05
2018-02-04 03:00:00,17.59,11.76,5.93,,0.05
2018-02-04 04:00:00,21.62,11.78,7.44,,0.1
2018-02-04 05:00:00,23.26,11.81,9.51,,0.13
2018-02-04 06:00:00,32.14,11.77,6.01,,0.11
2018-02-04 07:00:00,17.59,12.0,6.1,,0.13
2018-02-04 08:00:00,25.42,11.88,9.33,,0.13
2018-02-04 09:00:00,19.47,11.87,3.72,,0.05
2018-02-04 10:00:00,20.88,11.94,1.23,,0.18
2018-02-04 11:00:00,6.0,11.86,2.57,,0.24
2018-02-04 12:00:00,6.0,12.13,1.27,,0.25
2018-02-04 13:00:00,6.0,11.89,1.04,,0.23
2018-02-04 14:00:00,6.0,11.78,,,0.19
2018-02-04 15:00:00,6.0,11.77,,,0.05
2018-02-04 16:00:00,6.0,12.26,1.39,,0.05
2018-02-04 17:00:00,6.0,12.23,1.65,,0.05
2018-02-04 18:00:00,13.8,12.04,2.36,,0.05
2018-02-04 19:00:00,24.48,11.84,1.47,,0.21
2018-02-04 20:00:00,14.74,12.55,3.88,,0.19
2018-02-04 21:00:00,39.98,12.07,6.64,,0.22
2018-02-04 22:00:00,31.48,11.92,8.27,,0.29
2018-02-04 23:00:00,33.43,11.97,6.98,,0.2
2018-02-05 00:00:00,20.25,11.89,6.23,,0.1
2018-02-05 01:00:00,18.12,12.07,3.65,,0.05
2018-02-05 02:00:00,21.35,12.06,3.2,,0.05
2018-02-05 03:00:00,15.98,12.16,3.7,,0.05
2018-02-05 04:00:00,52.26,12.17,4.59,,0.05
2018-02-05 05:00:00,23.95,12.5,7.93,,0.05
2018-02-05 06:00:00,25.14,12.82,,,0.28
2018-02-05 07:00:00,,12.84,,,0.34
2018-02-05 08:00:00,,12.71,24.78,,0.29
2018-02-05 09:00:00,,12.17,18.34,,0.1
2018-02-05 10:00:00,,12.08,5.56,,0.05
2018-02-05 11:00:00,,11.9,5.48,,0.15
2018-02-05 12:00:00,,11.87,2.55,,0.13
2018-02-05 13:00:00,,11.8,2.0,,0.17
2018-02-05 14:00:00,,11.92,3.62,,0.16
2018-02-05 15:00:00,,12.17,4.06,,0.05
2018-02-05 16:00:00,,12.33,3.53,,0.05
2018-02-05 17:00:00,43.33,12.63,4.85,,0.05
2018-02-05 18:00:00,29.83,12.33,5.69,,0.05
2018-02-05 19:00:00,25.84,12.92,6.89,,0.05
2018-02-05 20:00:00,33.4,12.27,10.31,,0.19
2018-02-05 21:00:00,30.56,12.09,11.53,,0.24
2018-02-05 22:00:00,25.62,12.19,11.62,,0.19
2018-02-05 23:00:00,33.17,12.23,11.26,,0.13
2018-02-06 00:00:00,26.98,12.18,10.15,,0.13
2018-02-06 01:00:00,21.08,12.12,17.59,,0.05
2018-02-06 02:00:00,20.94,12.22,7.74,,0.05
2018-02-06 03:00:00,20.11,12.19,7.86,,0.05
2018-02-06 04:00:00,14.86,12.21,5.35,,0.05
2018-02-06 05:00:00,14.89,12.14,10.96,,0.05
2018-02-06 06:00:00,6.0,12.98,,,0.2
2018-02-06 07:00:00,19.03,13.41,,,0.46
2018-02-06 08:00:00,37.47,12.67,7.56,,0.17
2018-02-06 09:00:00,42.83,12.3,6.75,,0.05
2018-02-06 10:00:00,29.21,12.2,6.91,,0.13
2018-02-06 11:00:00,34.51,12.47,9.27,,0.2
2018-02-06 12:00:00,38.37,12.26,11.03,,0.27
2018-02-06 13:00:00,35.18,12.09,9.9,,0.19
2018-02-06 14:00:00,28.18,12.18,5.86,,0.05
2018-02-06 15:00:00,17.53,12.52,5.4,,0.05
2018-02-06 16:00:00,23.21,13.11,8.11,,0.05
2018-02-06 17:00:00,24.96,12.54,3.8,,0.05
2018-02-06 18:00:00,18.4,12.62,3.77,,0.1
2018-02-06 19:00:00,18.32,12.57,4.25,,0.05
2018-02-06 20:00:00,23.58,12.89,4.67,,0.05
2018-02-06 21:00:00,34.17,12.08,4.88,,0.18
2018-02-06 22:00:00,21.79,12.23,5.25,,0.18
2018-02-06 23:00:00,18.63,12.13,6.05,,0.15
2018-02-07 00:00:00,17.69,12.14,4.22,,0.05
2018-02-07 01:00:00,25.66,12.16,4.62,,0.05
2018-02-07 02:00:00,24.02,12.21,4.48,,0.05
2018-02-07 03:00:00,21.63,12.24,4.05,,0.05
2018-02-07 04:00:00,6.0,12.27,6.87,,0.05
2018-02-07 05:00:00,18.03,12.22,6.28,,0.05
2018-02-07 06:00:00,13.35,12.45,,,0.13
2018-02-07 07:00:00,19.0,12.73,,,0.29
2018-02-07 08:00:00,28.47,12.7,9.96,,0.12
2018-02-07 09:00:00,33.87,12.32,22.78,,0.21
2018-02-07 10:00:00,27.74,12.72,18.61,,0.22
2018-02-07 11:00:00,27.56,13.83,33.32,,0.27
2018-02-07 12:00:00,25.46,14.38,30.65,,0.23
2018-02-07 13:00:00,30.58,13.17,19.36,,0.05
2018-02-07 14:00:00,24.86,13.22,21.18,,0.05
2018-02-07 15:00:00,27.15,12.82,12.31,,0.05
2018-02-07 16:00:00,26.76,13.29,7.85,,0.05
2018-02-07 17:00:00,15.7,12.65,4.3,,0.05
2018-02-07 18:00:00,24.37,12.85,4.06,,0.05
2018-02-07 19:00:00,29.13,12.81,5.14,,0.05
2018-02-07 20:00:00,37.05,13.06,6.96,,0.05
2018-02-07 21:00:00,32.28,12.4,7.55,,0.14
2018-02-07 22:00:00,32.67,12.22,7.38,,0.05
2018-02-07 23:00:00,26.45,12.16,12.24,,0.05
2018-02-08 00:00:00,16.76,12.35,11.95,,0.05
2018-02-08 01:00:00,6.0,12.3,13.4,,0.05
2018-02-08 02:00:00,26.49,12.45,10.96,,0.05
2018-02-08 03:00:00,21.37,12.39,9.39,,0.05
2018-02-08 04:00:00,26.19,12.41,9.3,,0.05
2018-02-08 05:00:00,16.88,12.58,7.52,,0.16
2018-02-08 06:00:00,6.0,12.58,6.8,,0.15
2018-02-08 07:00:00,14.15,13.41,,,0.4
2018-02-08 08:00:00,33.28,13.48,,,0.44
2018-02-08 09:00:00,54.4,12.97,11.27,,0.19
2018-02-08 10:00:00,43.08,13.2,10.81,,0.1
2018-02-08 11:00:00,35.74,13.42,11.94,,0.05
2018-02-08 12:00:00,20.46,13.21,9.71,,0.05
2018-02-08 13:00:00,23.26,13.89,13.78,,0.14
2018-02-08 14:00:00,27.34,12.87,8.09,,0.05
2018-02-08 15:00:00,14.72,12.89,10.83,,0.05
2018-02-08 16:00:00,6.0,13.27,14.57,,0.05
2018-02-08 17:00:00,6.0,12.85,11.88,,0.12
2018-02-08 18:00:00,14.72,13.0,8.26,,0.26
2018-02-08 19:00:00,37.43,13.02,9.64,,0.2
2018-02-08 20:00:00,38.31,12.87,11.61,,0.12
2018-02-08 21:00:00,51.62,12.86,12.33,,0.32
2018-02-08 22:00:00,54.59,12.68,12.9,,0.22
2018-02-08 23:00:00,50.67,12.29,10.8,,0.23
2018-02-09 00:00:00,37.22,12.32,12.32,,0.16
2018-02-09 01:00:00,41.92,12.31,10.89,,0.05
2018-02-09 02:00:00,45.94,12.24,12.06,,0.05
2018-02-09 03:00:00,34.25,12.31,10.36,,0.05
2018-02-09 04:00:00,27.89,12.46,8.74,,0.05
2018-02-09 05:00:00,25.37,12.55,9.28,,0.05
2018-02-09 06:00:00,27.68,12.7,9.13,,0.12
2018-02-09 07:00:00,23.63,13.36,7.15,,0.51
2018-02-09 08:00:00,32.52,13.3,9.38,,0.46
2018-02-09 09:00:00,54.69,12.51,26.16,,0.31
2018-02-09 10:00:00,52.32,12.48,23.28,,0.36
2018-02-09 11:00:00,42.78,12.27,16.48,,0.19
2018-02-09 12:00:00,33.45,12.76,16.52,,0.2
2018-02-09 13:00:00,33.91,12.74,14.74,,0.14
2018-02-09 14:00:00,24.23,12.98,14.95,,0.1
2018-02-09 15:00:00,17.99,10.4,14.06,,0.05
2018-02-09 16:00:00,94.77,6.95,19.7,,0.24
2018-02-09 17:00:00,59.12,7.31,15.7,,0.32
2018-02-09 18:00:00,43.1,7.11,14.93,,0.38
2018-02-09 19:00:00,37.58,7.29,19.25,,0.53
2018-02-09 20:00:00,34.39,7.38,32.34,,0.65
2018-02-09 21:00:00,36.69,7.07,19.39,,0.37
2018-02-09 22:00:00,20.6,6.57,17.2,,0.24
2018-02-09 23:00:00,32.23,6.5,17.53,,0.25
2018-02-10 00:00:00,16.26,6.99,14.92,,0.2
2018-02-10 01:00:00,6.0,6.96,4.54,,0.11
2018-02-10 02:00:00,12.84,7.41,4.66,,0.05
2018-02-10 03:00:00,6.0,6.87,15.12,,0.1
2018-02-10 04:00:00,6.0,7.29,14.76,,0.1
2018-02-10 05:00:00,13.52,7.14,17.6,,0.11
2018-02-10 06:00:00,6.0,7.05,21.39,,0.1
2018-02-10 07:00:00,6.0,7.37,19.5,,0.19
2018-02-10 08:00:00,24.52,7.34,9.12,,0.15
2018-02-10 09:00:00,12.75,7.39,7.91,,0.18
2018-02-10 10:00:00,6.0,7.15,11.98,,0.21
2018-02-10 11:00:00,,7.23,11.76,,0.18
2018-02-10 12:00:00,,6.95,7.7,,0.17
2018-02-10 13:00:00,,7.0,4.93,,0.21
2018-02-10 14:00:00,,7.22,3.44,,0.15
2018-02-10 15:00:00,,7.29,2.34,,0.18
2018-02-10 16:00:00,,7.42,2.42,,0.17
2018-02-10 17:00:00,,7.3,1.21,,0.13
2018-02-10 18:00:00,,7.45,2.13,,0.19
2018-02-10 19:00:00,,7.83,3.03,,0.24
2018-02-10 20:00:00,,7.55,4.42,,0.36
2018-02-10 21:00:00,,7.72,4.79,,0.4
2018-02-10 22:00:00,,7.8,5.1,,0.33
2018-02-10 23:00:00,,7.13,3.52,,0.21
2018-02-11 00:00:00,,7.18,2.47,,0.14
2018-02-11 01:00:00,,7.48,3.42,,0.05
2018-02-11 02:00:00,,7.44,1.52,,0.05
2018-02-11 03:00:00,,7.37,1.27,,0.05
2018-02-11 04:00:00,,7.11,1.65,,0.05
2018-02-11 05:00:00,,7.59,1.44,,0.05
2018-02-11 06:00:00,,7.44,1.84,,0.05
2018-02-11 07:00:00,,7.53,2.01,,0.05
2018-02-11 08:00:00,,7.06,1.88,,0.05
2018-02-11 09:00:00,,7.36,2.1,,0.13
2018-02-11 10:00:00,,7.03,2.41,,0.21
2018-02-11 11:00:00,,7.4,2.49,,0.28
2018-02-11 12:00:00,,7.16,1.96,,0.15
2018-02-11 13:00:00,,7.06,1.48,,0.12
2018-02-11 14:00:00,,7.11,1.1,,0.11
2018-02-11 15:00:00,,6.93,1.31,,0.1
2018-02-11 16:00:00,,7.12,0.96,,0.05
2018-02-11 17:00:00,,7.2,1.23,,0.05
2018-02-11 18:00:00,,7.25,3.19,,0.05
2018-02-11 19:00:00,,7.19,2.48,,0.05
2018-02-11 20:00:00,,7.25,3.12,,0.05
2018-02-11 21:00:00,,7.26,4.17,,0.05
2018-02-11 22:00:00,,7.15,4.78,,0.05
2018-02-11 23:00:00,,7.03,2.1,,0.05
2018-02-12 00:00:00,,7.18,2.68,,0.05
2018-02-12 01:00:00,,6.87,7.92,,0.05
2018-02-12 02:00:00,,7.01,8.97,,0.13
2018-02-12 03:00:00,,7.11,14.15,,0.18
2018-02-12 04:00:00,,7.0,8.93,,0.11
2018-02-12 05:00:00,,7.02,8.19,,0.11
2018-02-12 06:00:00,,7.01,13.52,,0.12
2018-02-12 07:00:00,,6.91,11.68,,0.16
2018-02-12 08:00:00,,6.81,10.15,,0.17
2018-02-12 09:00:00,,7.07,9.0,,0.22
2018-02-12 10:00:00,,7.07,2.85,,0.2
2018-02-12 11:00:00,,6.98,1.37,,0.21
2018-02-12 12:00:00,,7.0,0.99,,0.16
2018-02-12 13:00:00,,6.81,1.25,,0.14
2018-02-12 14:00:00,,6.89,1.35,,0.1
2018-02-12 15:00:00,,6.79,,,0.05
2018-02-12 16:00:00,,7.0,1.55,,0.05
2018-02-12 17:00:00,,7.27,2.37,,0.05
2018-02-12 18:00:00,,7.11,2.99,,0.05
2018-02-12 19:00:00,,7.06,7.01,,0.11
2018-02-12 20:00:00,,6.53,13.3,,0.19
2018-02-12 21:00:00,,6.77,13.41,,0.15
2018-02-12 22:00:00,,6.65,8.47,,0.19
2018-02-12 23:00:00,,6.72,8.01,,0.19
2018-02-13 00:00:00,,6.96,9.57,,0.19
2018-02-13 01:00:00,,6.89,5.93,,0.12
2018-02-13 02:00:00,,7.04,7.17,,0.05
2018-02-13 03:00:00,,6.57,2.54,,0.05
2018-02-13 04:00:00,,7.19,2.38,,0.05
2018-02-13 05:00:00,,7.13,3.19,,0.12
2018-02-13 06:00:00,,7.15,2.58,,0.14
2018-02-13 07:00:00,,7.27,,,0.48
2018-02-13 08:00:00,,7.29,6.25,,0.31
2018-02-13 09:00:00,,7.16,11.54,,0.11
2018-02-13 10:00:00,,6.9,9.18,,0.05
2018-02-13 11:00:00,,6.71,5.23,,0.16
2018-02-13 12:00:00,,6.81,3.04,,0.16
2018-02-13 13:00:00,,6.75,2.46,,0.17
2018-02-13 14:00:00,,6.64,1.81,,0.12
2018-02-13 15:00:00,,7.01,1.78,,0.14
2018-02-13 16:00:00,,6.86,1.23,,0.22
2018-02-13 17:00:00,6.0,19.3,2.31,,0.28
2018-02-13 18:00:00,6.0,19.14,3.31,,0.24
2018-02-13 19:00:00,6.0,19.41,16.01,,0.34
2018-02-13 20:00:00,12.59,19.33,6.33,,0.32
2018-02-13 21:00:00,20.87,19.06,5.24,,0.24
2018-02-13 22:00:00,18.98,18.86,2.11,,0.26
2018-02-13 23:00:00,18.72,18.76,2.78,,0.19
2018-02-14 00:00:00,18.98,18.57,4.41,,0.21
2018-02-14 01:00:00,22.05,18.33,6.99,,0.22
2018-02-14 02:00:00,21.81,18.11,6.73,,0.4
2018-02-14 03:00:00,15.59,17.83,6.37,,0.61
2018-02-14 04:00:00,16.8,18.06,10.39,,0.57
2018-02-14 05:00:00,13.3,18.19,14.37,,0.74
2018-02-14 06:00:00,21.46,19.17,15.21,,0.99
2018-02-14 07:00:00,37.01,18.35,30.1,,1.25
2018-02-14 08:00:00,38.75,17.81,42.44,,1.36
2018-02-14 09:00:00,33.55,18.16,34.02,,0.96
2018-02-14 10:00:00,23.87,18.61,11.69,,0.39
2018-02-14 11:00:00,13.52,18.91,4.86,,0.22
2018-02-14 12:00:00,6.0,19.41,8.59,,0.33
2018-02-14 13:00:00,6.0,19.32,12.13,,0.47
2018-02-14 14:00:00,6.0,19.11,8.54,,0.45
2018-02-14 15:00:00,6.0,19.0,4.53,,0.4
2018-02-14 16:00:00,6.0,19.06,3.7,,0.42
2018-02-14 17:00:00,,6.96,0.47,,0.24
2018-02-14 18:00:00,,7.2,,,0.25
2018-02-14 19:00:00,,7.24,1.84,,0.22
2018-02-14 20:00:00,,7.52,3.71,,0.24
2018-02-14 21:00:00,,7.25,5.3,,0.25
2018-02-14 22:00:00,,7.3,6.61,,0.19
2018-02-14 23:00:00,,7.31,10.74,,0.21
2018-02-15 00:00:00,,7.33,8.92,,0.13
2018-02-15 01:00:00,,7.38,6.93,,0.1
2018-02-15 02:00:00,,7.33,4.98,,0.05
2018-02-15 03:00:00,,7.35,4.42,,0.05
2018-02-15 04:00:00,,7.29,4.9,,0.1
2018-02-15 05:00:00,,7.72,,,0.31
2018-02-15 06:00:00,,7.82,,,0.34
2018-02-15 07:00:00,,7.92,,,0.79
2018-02-15 08:00:00,,7.5,6.92,,0.42
2018-02-15 09:00:00,,8.25,9.1,,0.12
2018-02-15 10:00:00,,6.6,3.23,,0.12
2018-02-15 11:00:00,,6.78,3.17,,0.05
2018-02-15 12:00:00,,6.98,3.25,,0.05
2018-02-15 13:00:00,,6.65,3.3,,0.05
2018-02-15 14:00:00,,7.6,3.03,,0.05
2018-02-15 15:00:00,,7.72,1.22,,0.13
2018-02-15 16:00:00,,6.96,1.74,,0.14
2018-02-18 17:00:00,,6.54,5.65,,0.05
2018-02-18 18:00:00,,6.57,3.28,,0.12
2018-02-18 19:00:00,,6.67,5.68,,0.12
2018-02-18 20:00:00,,6.5,12.29,,0.05
2018-02-18 21:00:00,,7.31,17.88,,0.21
2018-02-18 22:00:00,,7.71,18.3,,0.1
2018-02-18 23:00:00,,7.89,20.26,,0.23
2018-02-19 00:00:00,,7.88,21.03,,0.21
2018-02-19 01:00:00,,7.27,16.8,,0.12
2018-02-19 02:00:00,,7.55,15.97,,0.22
2018-02-19 03:00:00,,8.24,13.61,,0.2
2018-02-19 04:00:00,,8.36,,,0.23
2018-02-19 05:00:00,,8.32,12.47,,0.22
2018-02-19 06:00:00,,8.14,11.52,,0.15
2018-02-19 07:00:00,,8.39,7.66,,0.4
2018-02-19 08:00:00,,8.41,13.01,,0.65
2018-02-19 09:00:00,,8.24,39.8,,0.46
2018-02-19 10:00:00,,8.09,26.72,,0.4
2018-02-19 11:00:00,,7.99,11.06,,0.22
2018-02-19 12:00:00,,8.01,13.39,,0.28
2018-02-19 13:00:00,,7.92,14.59,,0.27
2018-02-19 14:00:00,,7.01,10.53,,0.18
2018-02-19 15:00:00,,6.67,6.62,,0.14
2018-02-19 16:00:00,,6.73,6.69,,0.22
2018-02-19 17:00:00,17.56,6.82,10.75,,0.23
2018-02-19 18:00:00,14.19,6.93,16.08,,0.32
2018-02-19 19:00:00,19.03,7.2,16.59,,0.27
2018-02-19 20:00:00,22.76,7.0,15.83,,0.25
2018-02-19 21:00:00,20.13,7.48,17.16,,0.32
2018-02-19 22:00:00,15.6,7.55,14.61,,0.32
2018-02-19 23:00:00,27.41,7.21,9.1,,0.22
2018-02-20 00:00:00,21.06,7.29,7.46,,0.18
2018-02-20 01:00:00,12.91,7.84,7.03,,0.15
2018-02-20 02:00:00,12.32,8.08,5.48,,0.2
2018-02-20 03:00:00,12.53,7.71,8.19,,0.21
2018-02-20 04:00:00,6.0,7.42,7.39,,0.2
2018-02-20 05:00:00,6.0,7.12,2.58,,0.16
2018-02-20 06:00:00,6.0,7.06,10.76,,0.23
2018-02-20 07:00:00,6.0,7.43,14.47,,0.32
2018-02-20 08:00:00,6.0,7.76,17.87,,0.53
2018-02-20 09:00:00,6.0,7.52,14.05,,0.39
2018-02-20 10:00:00,6.0,7.26,12.12,,0.41
2018-02-20 11:00:00,6.0,6.84,5.49,,0.29
2018-02-20 12:00:00,6.0,6.89,10.31,,0.25
2018-02-20 13:00:00,6.0,7.02,11.5,,0.24
2018-02-20 14:00:00,6.0,7.15,11.43,,0.24
2018-02-20 15:00:00,15.3,7.54,11.28,,0.21
2018-02-20 16:00:00,6.0,7.74,10.48,,0.19
2018-02-20 17:00:00,6.0,7.91,24.87,,0.26
2018-02-20 18:00:00,6.0,7.99,25.79,,0.28
2018-02-20 19:00:00,6.0,7.71,22.86,,0.23
2018-02-20 20:00:00,6.0,7.04,32.61,,0.31
2018-02-20 21:00:00,6.0,7.14,33.98,,0.35
2018-02-20 22:00:00,12.94,7.45,26.07,,0.37
2018-02-20 23:00:00,12.02,7.36,23.35,,0.19
2018-02-21 00:00:00,6.0,7.36,15.76,,0.1
2018-02-21 01:00:00,6.0,7.25,10.7,,0.05
2018-02-21 02:00:00,6.0,7.68,11.27,,0.13
2018-02-21 03:00:00,6.0,7.12,4.31,,0.1
2018-02-21 04:00:00,6.0,7.02,3.02,,0.1
2018-02-21 05:00:00,13.46,6.88,1.87,,0.05
2018-02-21 06:00:00,6.0,7.03,11.47,,0.12
2018-02-21 07:00:00,6.0,7.63,18.52,,0.35
2018-02-21 08:00:00,17.08,7.34,18.29,,0.46
2018-02-21 09:00:00,15.09,6.89,14.01,,0.24
2018-02-21 10:00:00,15.68,6.95,14.56,,0.18
2018-02-21 11:00:00,6.0,6.84,12.94,,0.34
2018-02-21 12:00:00,6.0,6.66,8.33,,0.23
2018-02-21 13:00:00,6.0,6.8,8.94,,0.51
2018-02-21 14:00:00,6.0,6.56,8.76,,0.61
2018-02-21 15:00:00,6.0,7.65,10.32,,0.43
2018-02-21 16:00:00,6.0,7.24,11.31,,0.17
2018-02-21 17:00:00,18.2,7.44,24.8,,0.05
2018-02-21 18:00:00,6.0,8.25,21.33,,0.05
2018-02-21 19:00:00,6.0,8.64,29.61,,0.05
2018-02-21 20:00:00,6.0,8.7,23.32,,0.05
2018-02-21 21:00:00,6.0,8.83,36.51,,0.05
2018-02-21 22:00:00,6.0,8.59,26.8,,0.05
2018-02-21 23:00:00,6.0,8.42,28.8,,0.05
2018-02-22 00:00:00,6.0,8.49,36.46,,0.05
2018-02-22 01:00:00,6.0,8.52,34.4,,0.05
2018-02-22 02:00:00,13.21,8.91,19.85,,0.05
2018-02-22 03:00:00,12.43,8.34,18.34,,0.05
2018-02-22 04:00:00,6.0,8.12,16.62,,0.11
2018-02-22 05:00:00,6.0,8.21,16.3,,0.05
2018-02-22 06:00:00,22.14,8.65,21.68,,0.18
2018-02-22 07:00:00,13.68,9.14,24.9,,0.25
2018-02-22 08:00:00,19.29,9.51,21.24,,0.05
2018-02-22 09:00:00,6.0,8.95,7.82,,0.05
2018-02-22 10:00:00,6.0,8.67,8.56,,0.05
2018-02-22 11:00:00,6.0,11.68,11.34,,0.05
2018-02-22 12:00:00,6.0,8.0,9.45,,0.34
2018-02-22 13:00:00,6.0,7.48,5.36,,0.54
2018-02-22 14:00:00,6.0,7.26,4.64,,0.53
2018-02-22 15:00:00,6.0,6.89,7.81,,0.49
2018-02-22 16:00:00,6.0,6.86,8.1,,0.52
2018-02-22 17:00:00,6.0,6.82,11.18,18.26,0.53
2018-02-22 18:00:00,6.0,7.0,17.0,15.28,0.59
2018-02-22 19:00:00,6.0,6.89,21.79,12.09,0.7
2018-02-22 20:00:00,21.4,6.87,23.87,9.71,0.75
2018-02-22 21:00:00,19.17,6.86,16.39,8.15,0.74
2018-02-22 22:00:00,23.86,6.99,15.34,6.54,0.73
2018-02-22 23:00:00,16.41,7.01,19.2,4.84,0.78
2018-02-23 00:00:00,18.47,7.04,14.56,2.91,0.79
2018-02-23 01:00:00,22.32,6.95,11.31,3.03,0.62
2018-02-23 02:00:00,19.39,7.0,8.26,3.27,0.32
2018-02-23 03:00:00,24.37,6.87,7.74,2.39,0.32
2018-02-23 04:00:00,14.88,6.91,11.94,2.54,0.35
2018-02-23 05:00:00,26.68,6.92,8.07,0.98,0.29
2018-02-23 06:00:00,24.81,6.87,,2.18,0.37
2018-02-23 07:00:00,25.35,7.8,,2.16,0.69
2018-02-23 08:00:00,32.07,7.34,33.38,3.62,0.67
2018-02-23 09:00:00,39.64,7.15,21.36,2.84,0.36
2018-02-23 10:00:00,36.52,6.86,15.2,6.72,0.21
2018-02-23 11:00:00,19.38,6.8,9.41,14.1,0.19
2018-02-23 12:00:00,16.65,6.89,7.05,15.39,0.21
2018-02-23 13:00:00,6.0,6.87,10.24,20.89,0.22
2018-02-23 14:00:00,6.0,6.84,4.71,17.21,0.12
2018-02-23 15:00:00,14.08,6.83,2.25,17.34,0.05
2018-02-23 16:00:00,6.0,6.83,3.22,16.58,0.05
2018-02-23 17:00:00,6.0,6.82,1.97,16.05,0.05
2018-02-23 18:00:00,6.0,6.7,3.31,15.38,0.05
2018-02-23 19:00:00,6.0,6.59,7.04,11.69,0.05
2018-02-23 20:00:00,6.0,6.57,11.51,9.64,0.14
2018-02-23 21:00:00,6.0,6.55,17.02,7.35,0.18
2018-02-23 22:00:00,16.13,6.58,13.76,5.5,0.24
2018-02-23 23:00:00,17.04,6.83,12.69,5.91,0.29
2018-02-24 00:00:00,17.26,6.84,14.61,3.99,0.29
2018-02-24 01:00:00,17.47,6.86,12.87,3.45,0.22
2018-02-24 02:00:00,18.34,7.03,8.7,3.02,0.21
2018-02-24 03:00:00,17.87,7.22,6.74,2.83,0.18
2018-02-24 04:00:00,21.61,6.95,6.84,2.98,0.22
2018-02-24 05:00:00,24.29,6.92,7.86,3.0,0.14
2018-02-24 06:00:00,22.18,6.99,8.1,3.06,0.1
2018-02-24 07:00:00,22.46,7.24,7.65,2.51,0.2
2018-02-24 08:00:00,21.81,7.13,5.78,2.93,0.27
2018-02-24 09:00:00,22.25,6.84,4.77,6.01,0.14
2018-02-24 10:00:00,16.2,6.88,3.82,9.51,0.05
2018-02-24 11:00:00,6.0,6.83,3.08,17.08,0.05
2018-02-24 12:00:00,6.0,6.88,3.84,14.36,0.05
2018-02-24 13:00:00,6.0,6.77,2.18,19.67,0.05
2018-02-24 14:00:00,6.0,6.83,2.5,19.07,0.13
2018-02-24 15:00:00,6.0,6.75,1.81,19.54,0.05
2018-02-24 16:00:00,6.0,7.0,1.26,19.16,0.05
2018-02-24 17:00:00,6.0,7.14,1.82,17.59,0.05
2018-02-24 18:00:00,6.0,7.2,0.97,18.0,0.05
2018-02-24 19:00:00,6.0,6.9,2.22,17.33,0.05
2018-02-24 20:00:00,16.01,6.74,4.15,14.73,0.05
2018-02-24 21:00:00,19.59,6.63,7.49,11.2,0.2
2018-02-24 22:00:00,26.0,6.69,4.96,7.77,0.21
2018-02-24 23:00:00,21.96,6.85,2.45,7.68,0.12
2018-02-25 00:00:00,22.69,6.71,3.04,7.58,0.1
2018-02-25 01:00:00,20.78,6.87,2.96,5.61,0.13
2018-02-25 02:00:00,21.52,6.87,5.25,4.14,0.29
2018-02-25 03:00:00,12.93,6.97,5.53,3.37,0.3
2018-02-25 04:00:00,20.34,7.2,4.03,3.19,0.32
2018-02-25 05:00:00,18.04,6.99,2.65,2.99,0.17
2018-02-25 06:00:00,6.0,7.14,2.53,2.89,0.18
2018-02-25 07:00:00,6.0,6.98,,2.74,0.26
2018-02-25 08:00:00,6.0,7.21,,2.74,0.31
2018-02-25 09:00:00,21.82,7.12,3.38,3.28,0.23
2018-02-25 10:00:00,25.33,6.9,10.02,3.22,0.21
2018-02-25 11:00:00,16.39,6.78,20.05,7.88,0.26
2018-02-25 12:00:00,6.0,6.75,20.63,10.65,0.49
2018-02-25 13:00:00,16.07,6.6,11.12,32.17,0.32
2018-02-25 14:00:00,6.0,6.58,8.04,38.13,0.21
2018-02-25 15:00:00,12.42,6.63,5.45,36.32,0.26
2018-02-25 16:00:00,13.16,6.57,1.57,21.01,0.18
2018-02-25 17:00:00,13.08,6.53,1.03,20.27,0.12
2018-02-25 18:00:00,17.06,6.54,1.63,20.24,0.16
2018-02-25 19:00:00,6.0,6.52,5.52,15.35,0.2
2018-02-25 20:00:00,14.82,6.53,12.38,10.42,0.2
2018-02-25 21:00:00,21.55,6.6,10.62,8.68,0.24
2018-02-25 22:00:00,26.96,6.55,11.06,7.41,0.23
2018-02-25 23:00:00,19.18,6.75,10.5,4.9,0.26
2018-02-26 00:00:00,28.65,6.83,9.23,4.73,0.22
2018-02-26 01:00:00,29.03,6.83,10.33,3.66,0.18
2018-02-26 02:00:00,25.56,6.83,7.09,3.47,0.11
2018-02-26 03:00:00,28.1,6.86,5.95,3.22,0.18
2018-02-26 04:00:00,17.53,6.83,5.61,2.69,0.12
2018-02-26 05:00:00,18.83,6.87,3.34,2.79,0.23
2018-02-26 06:00:00,20.31,6.91,1.91,2.34,0.16
2018-02-26 07:00:00,15.9,7.8,,3.24,0.48
2018-02-26 08:00:00,34.13,7.19,,2.8,0.53
2018-02-26 09:00:00,49.6,6.95,32.38,4.51,0.31
2018-02-26 10:00:00,36.76,6.7,53.69,15.41,0.68
2018-02-26 11:00:00,19.94,6.77,14.34,17.35,0.19
2018-02-26 12:00:00,6.0,6.83,15.5,12.69,0.24
2018-02-26 13:00:00,6.0,6.65,7.45,21.32,0.1
2018-02-26 14:00:00,6.0,6.61,5.98,25.22,0.05
2018-02-26 15:00:00,6.0,6.76,4.0,23.06,0.05
2018-02-26 16:00:00,6.0,6.75,2.97,20.56,0.05
2018-02-26 17:00:00,6.0,6.72,3.14,19.98,0.05
2018-02-26 18:00:00,13.45,6.79,4.98,18.3,0.05
2018-02-26 19:00:00,20.1,6.78,8.82,16.24,0.11
2018-02-26 20:00:00,26.24,6.56,11.51,15.09,0.17
2018-02-26 21:00:00,27.31,6.63,27.25,7.23,0.25
2018-02-26 22:00:00,33.17,6.73,26.45,3.75,0.21
2018-02-26 23:00:00,36.51,6.78,17.14,4.4,0.21
2018-02-27 00:00:00,41.7,6.85,12.48,4.14,0.12
2018-02-27 01:00:00,43.34,6.91,8.87,5.07,
2018-02-27 02:00:00,38.62,6.8,8.79,4.46,
2018-02-27 03:00:00,19.29,6.85,7.94,4.39,
2018-02-27 04:00:00,12.56,6.75,8.31,3.7,
2018-02-27 05:00:00,25.08,6.84,6.55,3.51,
2018-02-27 06:00:00,15.72,6.99,6.55,3.45,
2018-02-27 07:00:00,20.9,6.99,6.98,3.49,
2018-02-27 08:00:00,16.52,6.86,7.07,3.06,
2018-02-27 09:00:00,22.24,6.92,9.6,2.91,
2018-02-27 10:00:00,26.59,6.85,11.6,2.7,
2018-02-27 11:00:00,35.58,6.86,9.21,5.13,
2018-02-27 12:00:00,31.74,6.83,7.5,8.54,
2018-02-27 13:00:00,23.41,6.8,8.01,18.29,
2018-02-27 14:00:00,14.09,6.73,8.69,33.1,
2018-02-27 15:00:00,14.58,6.74,6.36,35.97,
2018-02-27 16:00:00,15.14,6.72,7.32,31.63,
2018-02-27 17:00:00,6.0,7.1,7.68,28.64,
2018-02-27 18:00:00,12.0,7.08,11.61,21.98,
2018-02-27 19:00:00,20.16,6.96,16.73,16.71,
2018-02-27 20:00:00,28.74,6.85,7.17,20.51,
2018-02-27 21:00:00,27.64,6.83,9.94,18.41,
2018-02-27 22:00:00,21.53,6.87,7.25,13.33,
2018-02-27 23:00:00,17.17,6.85,5.84,13.28,
2018-02-28 00:00:00,20.25,6.78,9.14,7.48,
2018-02-28 01:00:00,16.21,6.82,16.74,5.96,
2018-02-28 02:00:00,16.19,6.84,14.74,5.43,
2018-02-28 03:00:00,6.0,6.81,13.43,6.72,
2018-02-28 04:00:00,12.0,6.83,13.41,4.38,
2018-02-28 05:00:00,17.18,6.8,9.33,3.95,
2018-02-28 06:00:00,6.0,6.79,14.58,3.33,
2018-02-28 07:00:00,6.0,7.04,9.6,2.99,
2018-02-28 08:00:00,20.83,6.91,11.41,3.62,
2018-02-28 09:00:00,16.17,6.81,13.56,7.26,
2018-02-28 10:00:00,17.75,6.98,14.78,16.3,
2018-02-28 11:00:00,6.0,7.85,11.45,21.67,
2018-02-28 12:00:00,6.0,7.56,11.06,26.16,
2018-02-28 13:00:00,6.0,7.68,7.99,36.43,
2018-02-28 14:00:00,6.0,7.6,7.19,38.45,
2018-02-28 15:00:00,6.0,7.71,4.6,25.6,
2018-02-28 16:00:00,6.0,7.39,4.21,27.09,
2018-02-28 17:00:00,6.0,7.16,4.63,26.81,
2018-02-28 18:00:00,6.0,7.13,8.48,22.18,
2018-02-28 19:00:00,14.68,6.86,13.39,16.86,
2018-02-28 20:00:00,25.02,6.9,24.14,12.2,
2018-02-28 21:00:00,25.76,6.68,21.19,10.43,
2018-02-28 22:00:00,36.06,6.89,19.26,11.49,
2018-02-28 23:00:00,40.25,6.86,22.05,8.26,
2018-03-01 00:00:00,57.21,6.77,13.48,8.57,
2018-03-01 01:00:00,49.37,6.73,8.59,14.46,
2018-03-01 02:00:00,51.34,6.86,4.72,14.18,
2018-03-01 03:00:00,30.82,6.92,4.26,13.32,
2018-03-01 04:00:00,39.13,6.85,3.79,12.81,
2018-03-01 05:00:00,31.02,6.86,4.05,10.68,
2018-03-01 06:00:00,27.68,6.89,9.51,6.85,
2018-03-01 07:00:00,28.11,6.95,,4.84,
2018-03-01 08:00:00,29.87,6.88,12.05,5.2,
2018-03-01 09:00:00,37.22,6.86,13.53,5.8,
2018-03-01 10:00:00,25.96,6.93,41.36,13.31,
2018-03-01 11:00:00,20.13,6.89,21.64,19.09,
2018-03-01 12:00:00,22.45,6.8,15.82,24.24,
2018-03-01 13:00:00,23.9,6.87,12.88,36.4,
2018-03-01 14:00:00,19.03,6.9,7.59,49.02,
2018-03-01 15:00:00,6.0,6.87,6.4,38.98,
2018-03-01 16:00:00,15.03,6.81,7.44,36.22,
2018-03-04 17:00:00,22.19,6.86,8.91,20.95,
2018-03-04 18:00:00,37.44,6.87,5.71,23.49,
2018-03-04 19:00:00,27.29,6.84,13.76,18.5,
2018-03-04 20:00:00,19.33,6.85,21.57,11.48,
2018-03-04 21:00:00,28.29,6.85,24.16,8.06,
2018-03-04 22:00:00,27.94,6.88,19.26,6.27,
2018-03-04 23:00:00,17.34,6.81,19.61,6.78,
2018-03-05 00:00:00,22.53,6.85,17.24,4.62,
2018-03-05 01:00:00,16.88,6.88,18.63,5.11,
2018-03-05 02:00:00,23.59,7.02,16.57,5.07,
2018-03-05 03:00:00,29.92,6.86,20.17,4.95,
2018-03-05 04:00:00,35.35,6.85,22.15,4.8,
2018-03-05 05:00:00,31.91,6.85,16.83,4.76,
2018-03-05 06:00:00,22.64,6.84,17.03,4.6,
2018-03-05 07:00:00,27.66,7.73,,4.36,
2018-03-05 08:00:00,22.79,7.26,20.46,4.72,
2018-03-05 09:00:00,14.0,7.04,21.47,6.18,
2018-03-05 10:00:00,19.49,7.13,29.84,10.08,
2018-03-05 11:00:00,15.73,8.27,21.63,26.0,
2018-03-06 17:00:00,6.0,6.58,4.91,14.85,0.05
2018-03-06 18:00:00,19.84,6.95,9.07,14.7,0.05
2018-03-06 19:00:00,14.23,7.18,11.85,16.22,0.05
2018-03-06 20:00:00,19.32,7.08,13.27,12.92,0.05
2018-03-06 21:00:00,14.4,7.02,10.77,11.28,0.05
2018-03-06 22:00:00,25.68,7.14,8.24,11.25,0.05
2018-03-06 23:00:00,17.62,7.17,8.03,9.16,0.05
2018-03-07 00:00:00,14.63,7.2,7.06,3.14,0.05
2018-03-07 01:00:00,27.94,7.03,4.5,3.37,0.05
2018-03-07 02:00:00,24.77,7.26,4.48,4.26,0.05
2018-03-07 03:00:00,12.19,7.32,5.17,0.98,0.05
2018-03-07 04:00:00,6.0,8.07,7.45,0.98,0.05
2018-03-07 05:00:00,6.0,8.3,12.34,0.98,0.1
2018-03-07 06:00:00,6.0,8.31,9.28,0.98,0.21
2018-03-07 07:00:00,6.0,8.32,19.27,0.98,0.2
2018-03-07 08:00:00,13.14,8.59,17.62,0.98,0.38
2018-03-07 09:00:00,16.99,8.42,17.72,6.32,0.28
2018-03-07 10:00:00,16.03,7.71,9.79,13.91,0.05
2018-03-07 11:00:00,6.0,7.38,6.94,17.08,0.05
2018-03-07 12:00:00,6.0,7.04,5.06,17.55,0.05
2018-03-07 13:00:00,13.48,6.9,4.19,23.8,0.15
2018-03-07 14:00:00,6.0,6.84,4.01,25.01,0.05
2018-03-07 15:00:00,,,,,
2018-03-07 17:00:00,6.0,7.11,7.83,23.38,0.19
2018-03-07 18:00:00,13.48,6.94,9.64,19.05,0.2
2018-03-07 19:00:00,21.06,7.24,14.37,14.1,0.17
2018-03-07 20:00:00,23.72,7.37,22.86,9.51,0.24
2018-03-07 21:00:00,19.27,7.64,34.63,5.05,0.35
2018-03-07 22:00:00,26.99,8.11,27.54,6.28,0.4
2018-03-07 23:00:00,45.46,8.52,22.48,3.21,0.39
2018-03-08 00:00:00,49.25,8.21,15.83,3.28,0.28
2018-03-08 01:00:00,,7.89,10.61,5.87,0.16
2018-03-08 02:00:00,,6.99,9.43,2.68,0.3
2018-03-08 03:00:00,,7.01,7.04,0.98,0.22
2018-03-08 04:00:00,,6.78,6.06,0.98,0.17
2018-03-08 05:00:00,,6.82,18.24,0.98,0.18
2018-03-08 06:00:00,,7.75,,0.98,0.27
2018-03-08 07:00:00,,8.48,,0.98,0.57
2018-03-08 08:00:00,,8.46,37.76,3.87,0.67
2018-03-08 09:00:00,,9.88,52.82,8.27,0.35
2018-03-08 10:00:00,,13.92,38.31,8.63,0.2
2018-03-08 11:00:00,,11.37,16.25,14.47,0.05
2018-03-08 12:00:00,95.3,9.2,13.4,18.53,0.05
2018-03-08 13:00:00,57.73,8.3,14.59,47.3,0.13
2018-03-08 14:00:00,42.99,7.9,16.5,53.95,0.12
2018-03-08 15:00:00,34.57,7.32,6.96,37.2,0.05
2018-03-08 16:00:00,31.74,7.25,5.67,29.39,0.05
2018-03-08 17:00:00,23.96,7.47,4.27,23.19,0.05
2018-03-08 18:00:00,24.57,7.05,5.78,21.01,0.05
2018-03-08 19:00:00,24.41,7.78,11.74,16.32,0.05
2018-03-08 20:00:00,29.83,7.8,13.55,12.01,0.05
2018-03-08 21:00:00,25.94,8.04,14.39,8.95,0.05
2018-03-08 22:00:00,39.27,8.5,12.21,7.82,0.11
2018-03-08 23:00:00,29.66,8.49,15.69,3.82,0.2
2018-03-09 00:00:00,40.49,8.07,13.85,3.58,0.05
2018-03-09 01:00:00,34.38,8.02,13.27,4.51,0.05
2018-03-09 02:00:00,24.23,8.06,14.25,0.98,0.05
2018-03-09 03:00:00,19.05,7.44,13.79,0.98,0.05
2018-03-09 04:00:00,20.23,7.72,10.51,,0.05
2018-03-09 05:00:00,26.15,7.12,8.19,,0.1
2018-03-09 06:00:00,23.98,7.85,4.53,,0.2
2018-03-09 07:00:00,21.12,7.95,,,0.42
2018-03-09 08:00:00,27.04,8.14,8.16,0.98,0.65
2018-03-09 09:00:00,36.93,8.03,9.97,6.31,0.13
2018-03-09 10:00:00,40.76,8.67,12.09,13.45,0.05
2018-03-09 11:00:00,35.41,7.44,7.16,20.04,0.05
2018-03-09 12:00:00,36.64,7.56,13.43,24.99,0.12
2018-03-09 13:00:00,37.98,7.4,8.76,31.72,0.05
2018-03-09 14:00:00,26.66,7.35,5.53,26.29,0.05
2018-03-09 15:00:00,33.22,7.32,7.08,26.68,0.05
2018-03-09 16:00:00,26.09,7.59,6.71,25.49,0.05
2018-03-09 17:00:00,34.27,7.09,4.62,23.0,0.05
2018-03-09 18:00:00,33.03,7.76,4.95,23.28,0.05
2018-03-09 19:00:00,31.18,8.69,10.18,21.0,0.05
2018-03-09 20:00:00,44.52,8.73,13.64,18.01,0.05
2018-03-09 21:00:00,49.18,8.82,17.64,14.8,0.13
2018-03-09 22:00:00,44.32,8.71,22.91,8.15,0.2
2018-03-09 23:00:00,42.25,8.59,22.06,6.06,0.2
2018-03-10 00:00:00,47.03,8.4,16.78,2.6,0.11
2018-03-10 01:00:00,51.55,8.45,17.76,2.69,0.12
2018-03-10 02:00:00,46.05,7.82,15.85,0.98,0.32
2018-03-10 03:00:00,38.5,8.13,12.19,0.98,0.27
2018-03-10 04:00:00,34.86,7.67,11.02,0.98,0.25
2018-03-10 05:00:00,31.57,8.2,9.59,0.98,0.19
2018-03-10 06:00:00,31.55,7.95,8.81,0.98,0.23
2018-03-10 07:00:00,44.18,8.3,,0.98,0.42
2018-03-10 08:00:00,31.4,8.33,13.51,0.98,0.4
2018-03-10 09:00:00,39.81,9.23,26.25,0.98,0.3
2018-03-10 10:00:00,71.87,9.17,29.08,12.28,0.39
2018-03-10 11:00:00,60.28,10.65,55.14,32.84,0.32
2018-03-10 12:00:00,49.93,8.8,26.49,25.98,0.33
2018-03-10 13:00:00,,9.93,19.65,26.81,0.26
2018-03-10 14:00:00,,8.44,15.21,32.07,0.26
2018-03-10 15:00:00,,8.15,11.43,47.43,0.3
2018-03-10 16:00:00,,8.17,9.04,55.79,0.36
2018-03-10 17:00:00,,7.84,14.32,28.02,0.36
2018-03-10 18:00:00,,7.53,9.86,37.46,0.28
2018-03-10 19:00:00,,7.38,10.66,10.15,0.25
2018-03-10 20:00:00,,8.18,20.4,14.7,0.43
2018-03-10 21:00:00,,7.73,22.76,14.15,0.31
2018-03-10 22:00:00,,7.68,23.53,11.95,0.44
2018-03-10 23:00:00,,7.88,26.1,5.24,0.62
2018-03-11 00:00:00,,7.66,20.78,4.15,0.41
2018-03-11 01:00:00,,7.34,16.23,3.47,0.3
2018-03-11 02:00:00,,7.66,13.17,1.96,0.38
2018-03-11 03:00:00,,7.68,13.64,0.98,0.3
2018-03-11 04:00:00,,8.36,10.3,0.98,0.46
2018-03-11 05:00:00,,8.41,22.33,0.98,0.43
2018-03-11 06:00:00,,8.27,19.54,0.98,0.38
2018-03-11 07:00:00,,8.47,18.11,0.98,0.35
2018-03-11 08:00:00,,8.43,16.96,3.45,0.25
2018-03-11 09:00:00,,7.62,26.84,7.74,0.16
2018-03-11 10:00:00,,7.49,16.44,17.11,0.18
2018-03-11 11:00:00,,7.04,21.71,20.35,0.14
2018-03-11 12:00:00,,7.79,14.87,8.34,0.22
2018-03-11 13:00:00,,8.27,9.44,9.24,0.27
2018-03-11 14:00:00,,8.27,8.17,0.98,0.22
2018-03-11 15:00:00,,8.05,7.16,0.98,0.05
2018-03-11 16:00:00,,,,,
2018-03-11 17:00:00,,7.91,3.95,0.98,0.05
2018-03-11 18:00:00,,8.17,3.02,0.98,0.05
2018-03-11 19:00:00,,7.13,2.57,0.98,0.05
2018-03-11 20:00:00,,6.98,7.25,3.66,0.1
2018-03-11 21:00:00,,7.45,11.83,4.35,0.21
2018-03-11 22:00:00,,7.46,12.75,0.98,0.16
2018-03-11 23:00:00,,7.24,11.19,0.98,0.05
2018-03-12 00:00:00,,7.09,9.64,2.29,0.05
2018-03-12 01:00:00,,8.09,8.94,15.45,0.05
2018-03-12 02:00:00,,8.16,6.62,19.44,0.1
2018-03-12 03:00:00,,8.21,18.38,12.98,0.1
2018-03-12 04:00:00,,7.8,12.71,10.87,0.12
2018-03-12 05:00:00,,7.85,2.88,13.87,0.05
2018-03-12 06:00:00,,7.12,4.03,5.99,0.1
2018-03-12 07:00:00,,8.03,21.14,0.98,0.11
2018-03-12 08:00:00,,8.27,8.51,0.98,0.1
2018-03-12 09:00:00,,8.47,4.69,0.98,0.05
2018-03-12 10:00:00,,8.67,5.29,0.98,0.05
2018-03-12 11:00:00,,8.66,2.48,10.67,0.05
2018-03-12 12:00:00,,8.35,5.01,15.61,0.13
2018-03-12 13:00:00,,7.55,4.24,22.0,0.11
2018-03-12 14:00:00,,8.29,3.11,26.79,0.05
2018-03-12 15:00:00,,7.52,3.73,26.21,0.1
2018-03-12 16:00:00,,7.83,7.13,25.16,0.2
2018-03-12 17:00:00,,7.63,6.22,27.02,0.16
2018-03-12 18:00:00,6.0,7.84,9.23,26.0,0.19
2018-03-12 19:00:00,6.0,8.04,18.77,18.88,0.29
2018-03-12 20:00:00,19.93,8.41,22.65,12.42,0.28
2018-03-12 21:00:00,34.21,8.69,20.91,7.39,0.23
2018-03-12 22:00:00,38.06,8.08,19.22,6.91,0.27
2018-03-12 23:00:00,28.17,8.21,19.11,4.17,0.24
2018-03-13 00:00:00,35.84,7.79,16.61,0.98,0.29
2018-03-13 01:00:00,24.38,7.7,14.73,0.98,0.22
2018-03-13 02:00:00,32.12,7.32,12.26,2.18,0.05
2018-03-13 03:00:00,24.65,7.02,9.6,0.98,0.05
2018-03-13 04:00:00,13.75,7.03,13.41,0.98,0.05
2018-03-13 05:00:00,19.1,7.21,20.31,0.98,0.1
2018-03-13 06:00:00,32.45,7.79,8.87,0.98,0.2
2018-03-13 07:00:00,29.67,8.19,,0.98,0.33
2018-03-13 08:00:00,25.06,8.55,7.96,0.98,0.63
2018-03-13 09:00:00,22.0,7.55,14.24,10.13,0.15
2018-03-13 10:00:00,,,12.23,17.48,0.05
2018-03-13 11:00:00,,9.09,35.79,36.43,0.18
2018-03-13 12:00:00,6.0,8.7,31.74,41.62,0.17
2018-03-13 13:00:00,22.37,7.09,19.94,61.11,0.05
2018-03-13 14:00:00,23.6,7.07,12.23,49.55,0.05
2018-03-13 15:00:00,22.8,7.71,13.11,55.33,0.05
2018-03-13 16:00:00,21.88,7.21,7.7,56.84,0.05
2018-03-13 17:00:00,20.38,7.12,16.33,52.42,0.05
2018-03-13 18:00:00,25.23,7.01,15.57,38.4,0.05
2018-03-13 19:00:00,26.56,7.24,17.41,26.99,0.05
2018-03-13 20:00:00,34.58,7.23,16.17,26.87,0.05
2018-03-13 21:00:00,41.36,7.14,16.2,21.6,0.11
2018-03-13 22:00:00,41.86,7.32,22.07,14.6,0.2
2018-03-13 23:00:00,45.09,7.26,22.37,12.85,0.15
2018-03-14 00:00:00,47.76,7.31,22.76,5.59,0.23
2018-03-14 01:00:00,48.17,7.62,18.63,6.38,0.15
2018-03-14 02:00:00,49.8,7.67,18.65,6.5,0.14
2018-03-14 03:00:00,51.27,7.59,16.5,4.55,0.17
2018-03-14 04:00:00,46.9,7.5,14.87,2.42,0.12
2018-03-14 05:00:00,39.17,7.45,15.13,0.98,0.1
2018-03-14 06:00:00,34.68,7.45,18.16,0.98,0.27
2018-03-14 07:00:00,43.69,8.39,19.64,0.98,0.46
2018-03-14 08:00:00,46.98,9.2,22.18,3.09,0.43
2018-03-14 09:00:00,44.03,9.73,38.16,11.15,0.37
2018-03-14 10:00:00,39.9,7.83,22.23,27.1,0.19
2018-03-14 11:00:00,26.19,7.29,17.44,36.78,0.05
2018-03-14 12:00:00,20.59,7.15,9.89,38.06,0.05
2018-03-14 13:00:00,23.78,7.0,11.04,50.26,0.05
2018-03-14 14:00:00,21.95,7.0,7.64,45.17,0.05
2018-03-14 15:00:00,14.0,7.19,8.25,35.3,0.05
2018-03-14 16:00:00,6.0,7.18,11.44,34.28,0.05
2018-03-14 17:00:00,15.24,7.01,12.76,37.85,0.05
2018-03-14 18:00:00,28.26,7.29,18.41,16.95,0.05
2018-03-14 19:00:00,33.29,8.15,21.15,10.55,0.1
2018-03-14 20:00:00,50.01,8.69,19.3,22.2,0.05
2018-03-14 21:00:00,62.35,7.79,13.18,29.51,0.11
2018-03-14 22:00:00,59.97,7.24,14.08,20.66,0.1
2018-03-14 23:00:00,60.75,7.25,17.83,14.32,0.15
2018-03-15 00:00:00,61.32,7.44,16.13,10.67,0.12
2018-03-15 01:00:00,54.34,7.26,16.63,10.24,0.14
2018-03-15 02:00:00,42.64,7.3,14.57,5.33,0.14
2018-03-15 03:00:00,36.98,7.32,19.36,4.14,0.13
2018-03-15 04:00:00,46.01,7.39,17.22,,0.11
2018-03-15 05:00:00,51.34,7.27,13.99,,0.1
2018-03-15 06:00:00,39.31,7.2,12.23,,0.05
2018-03-15 07:00:00,33.01,7.5,19.92,,0.13
2018-03-15 08:00:00,30.22,7.44,26.24,,0.33
2018-03-15 09:00:00,23.41,7.41,29.88,,0.18
2018-03-15 10:00:00,14.61,7.29,19.57,,0.05
2018-03-15 11:00:00,6.0,7.27,17.53,,0.11
2018-03-15 12:00:00,6.0,10.79,16.67,,0.18
2018-03-15 13:00:00,13.39,15.97,15.21,,0.1
2018-03-15 14:00:00,15.43,14.58,17.96,,0.05
2018-03-15 15:00:00,12.5,13.16,29.81,,0.05
2018-03-15 16:00:00,6.0,13.67,21.46,,0.05
2018-03-15 17:00:00,6.0,10.12,12.9,,0.05
2018-03-15 18:00:00,15.38,9.16,19.88,,0.17
2018-03-15 19:00:00,16.64,8.25,27.28,,0.35
2018-03-15 20:00:00,16.03,9.51,36.42,,0.29
2018-03-15 21:00:00,19.59,9.46,20.77,,0.05
2018-03-15 22:00:00,16.23,8.47,18.01,,0.05
2018-03-15 23:00:00,6.0,8.79,10.8,,0.05
2018-03-16 00:00:00,6.0,7.65,8.55,,0.05
2018-03-16 01:00:00,6.0,7.53,9.65,,0.05
2018-03-16 02:00:00,6.0,7.72,12.07,,0.05
2018-03-16 03:00:00,6.0,8.11,13.25,,0.05
2018-03-16 04:00:00,,8.02,19.19,,0.1
2018-03-16 05:00:00,,7.73,16.42,,0.13
2018-03-16 06:00:00,6.0,7.98,17.58,,0.21
2018-03-16 07:00:00,15.66,8.84,10.61,,0.41
2018-03-16 08:00:00,21.9,9.14,27.92,,0.61
2018-03-16 09:00:00,30.24,8.54,22.93,,0.34
2018-03-16 10:00:00,26.22,7.7,17.42,9.9,0.16
2018-03-16 11:00:00,15.26,8.26,10.87,28.55,0.05
2018-03-16 12:00:00,15.37,11.55,11.95,32.62,0.05
2018-03-16 13:00:00,18.33,16.42,13.83,49.72,0.1
2018-03-16 14:00:00,12.81,12.98,22.78,49.12,0.16
2018-03-16 15:00:00,17.02,11.61,22.88,50.01,0.23
2018-03-16 16:00:00,23.55,9.41,19.64,19.68,0.22
2018-03-16 17:00:00,25.71,7.86,11.55,43.04,0.12
2018-03-16 18:00:00,29.54,7.46,11.88,27.51,0.2
2018-03-16 19:00:00,30.05,7.28,18.07,20.41,0.18
2018-03-16 20:00:00,31.74,7.26,21.97,16.68,0.18
2018-03-16 21:00:00,30.15,7.47,24.03,14.29,0.33
2018-03-16 22:00:00,35.48,7.56,16.01,14.81,0.2
2018-03-16 23:00:00,37.23,7.52,15.17,12.85,0.16
2018-03-17 00:00:00,32.03,7.66,12.62,10.37,0.05
2018-03-17 01:00:00,25.43,7.65,13.09,10.01,0.1
2018-03-17 02:00:00,20.18,7.62,15.08,5.03,0.2
2018-03-17 03:00:00,24.26,7.63,11.65,2.25,0.14
2018-03-17 04:00:00,21.79,7.64,10.84,1.99,0.11
2018-03-17 05:00:00,13.81,7.7,10.31,0.98,0.1
2018-03-17 06:00:00,13.79,7.69,7.67,0.98,0.11
2018-03-17 07:00:00,6.0,7.8,,0.98,0.35
2018-03-17 08:00:00,6.0,7.77,11.0,0.98,0.46
2018-03-17 09:00:00,13.28,10.46,17.72,5.93,0.23
2018-03-17 10:00:00,13.99,12.06,12.8,12.41,0.23
2018-03-17 11:00:00,12.23,9.26,12.63,24.36,0.27
2018-03-17 12:00:00,12.73,9.11,11.78,29.94,0.29
2018-03-17 13:00:00,19.03,9.49,14.78,50.76,0.37
2018-03-17 14:00:00,21.67,9.16,10.94,53.6,0.38
2018-03-17 15:00:00,20.93,9.16,11.02,59.19,0.34
2018-03-17 16:00:00,25.91,7.72,8.31,56.4,0.36
2018-03-17 17:00:00,23.07,7.37,7.71,43.03,0.32
2018-03-17 18:00:00,25.2,7.71,8.06,37.13,0.22
2018-03-17 19:00:00,39.11,7.85,14.67,15.89,0.33
2018-03-17 20:00:00,59.63,7.73,16.93,17.91,0.75
2018-03-17 21:00:00,71.41,7.7,12.65,16.64,0.58
2018-03-17 22:00:00,55.38,7.65,17.93,9.55,0.47
2018-03-17 23:00:00,42.53,7.68,17.41,5.82,0.42
2018-03-18 00:00:00,45.54,7.68,17.48,3.65,0.37
2018-03-18 01:00:00,45.4,7.7,15.57,4.2,0.26
2018-03-18 02:00:00,33.54,7.63,12.94,2.08,0.27
2018-03-18 03:00:00,26.46,7.63,8.49,2.4,0.18
2018-03-18 04:00:00,27.05,7.61,8.72,3.04,0.15
2018-03-18 05:00:00,23.62,7.64,8.5,0.98,0.05
2018-03-18 06:00:00,20.86,7.63,7.76,0.98,0.15
2018-03-18 07:00:00,19.06,7.7,5.49,0.98,0.1
2018-03-18 08:00:00,16.94,7.74,6.32,3.22,0.2
2018-03-18 09:00:00,,7.68,9.36,9.04,0.24
2018-03-18 10:00:00,,7.61,6.54,18.25,0.32
2018-03-18 11:00:00,,7.49,6.25,22.2,0.38
2018-03-18 12:00:00,,7.54,5.35,18.64,0.48
2018-03-18 13:00:00,,7.58,5.51,14.64,0.37
2018-03-18 14:00:00,,8.1,11.46,21.52,0.39
2018-03-18 15:00:00,,8.37,11.84,19.58,0.31
2018-03-18 16:00:00,,8.37,16.14,20.58,0.38
2018-03-18 17:00:00,,7.66,17.16,21.79,0.35
2018-03-18 18:00:00,,7.62,9.31,19.04,0.36
2018-03-18 19:00:00,,7.77,24.67,12.7,0.66
2018-03-18 20:00:00,,7.57,21.63,9.88,0.66
2018-03-18 21:00:00,,7.41,24.36,9.34,0.52
2018-03-18 22:00:00,,7.56,23.87,7.63,0.45
2018-03-18 23:00:00,,7.71,20.29,8.08,0.3
2018-03-19 00:00:00,,7.64,16.91,10.89,0.23
2018-03-19 01:00:00,,7.6,4.48,17.55,0.05
2018-03-19 02:00:00,,7.53,7.28,15.12,0.05
2018-03-19 03:00:00,,7.68,17.55,9.77,0.05
2018-03-19 04:00:00,,7.63,16.68,8.97,0.05
2018-03-19 05:00:00,,7.66,12.15,9.15,0.05
2018-03-19 06:00:00,,7.63,12.35,11.85,0.05
2018-03-19 07:00:00,,7.65,9.06,12.83,0.05
2018-03-19 08:00:00,,7.66,13.58,10.23,0.23
2018-03-19 09:00:00,,7.75,16.71,10.04,0.15
2018-03-19 10:00:00,,7.67,16.32,7.03,0.05
2018-03-19 11:00:00,,7.73,17.79,5.82,0.22
2018-03-19 12:00:00,,7.72,16.83,3.15,0.14
2018-03-19 13:00:00,,7.64,22.65,10.69,0.05
2018-03-19 14:00:00,,7.71,15.41,11.56,0.05
2018-03-19 15:00:00,,7.81,8.63,18.63,0.05
2018-03-19 16:00:00,,8.35,9.83,22.78,0.05
2018-03-19 17:00:00,,8.39,11.43,23.44,0.05
2018-03-19 18:00:00,,8.41,28.86,17.64,0.17
2018-03-19 19:00:00,,8.42,21.08,16.79,0.05
2018-03-19 20:00:00,,8.48,21.86,14.03,0.05
2018-03-19 21:00:00,,8.49,24.09,11.14,0.05
2018-03-19 22:00:00,,8.35,23.86,8.59,0.12
2018-03-19 23:00:00,,8.23,19.46,8.7,0.05
2018-03-20 00:00:00,,8.12,9.34,11.45,0.05
2018-03-20 01:00:00,,8.18,5.38,15.48,0.05
2018-03-20 02:00:00,,8.13,9.04,12.06,0.05
2018-03-20 03:00:00,,8.15,7.23,12.4,0.05
2018-03-20 04:00:00,,8.13,6.93,11.2,0.05
2018-03-20 05:00:00,,8.18,9.26,8.72,0.12
2018-03-20 06:00:00,,8.36,25.74,0.98,0.23
2018-03-20 07:00:00,,8.6,18.25,0.98,0.36
2018-03-20 08:00:00,,8.39,18.3,0.98,0.46
2018-03-20 09:00:00,,8.71,24.88,3.77,0.36
2018-03-20 10:00:00,,9.4,14.53,6.88,0.26
2018-03-20 11:00:00,,7.72,29.14,7.21,0.39
2018-03-20 12:00:00,,7.46,26.81,8.26,0.56
2018-03-20 13:00:00,,7.51,34.5,12.72,0.53
2018-03-20 14:00:00,,8.27,19.68,15.63,0.44
2018-03-20 15:00:00,,9.29,23.77,13.72,0.37
2018-03-20 16:00:00,,9.74,19.19,18.65,0.25
2018-03-20 17:00:00,,9.2,27.83,38.24,0.31
2018-03-20 18:00:00,,9.57,32.35,56.24,0.39
2018-03-20 19:00:00,,9.65,63.1,10.33,1.09
2018-03-20 20:00:00,,9.02,50.63,0.98,1.0
2018-03-20 21:00:00,,8.35,47.53,0.98,1.06
2018-03-20 22:00:00,,8.53,41.37,0.98,1.06
2018-03-20 23:00:00,,8.77,32.26,0.98,0.9
2018-03-21 00:00:00,,8.04,25.88,0.98,0.79
2018-03-21 01:00:00,,7.81,19.01,0.98,0.49
2018-03-21 02:00:00,,7.32,18.79,0.98,0.21
2018-03-21 03:00:00,,7.46,18.74,0.98,0.1
2018-03-21 04:00:00,,7.4,18.39,0.98,0.12
2018-03-21 05:00:00,,7.59,15.18,0.98,0.05
2018-03-21 06:00:00,,7.96,10.8,0.98,0.16
2018-03-21 07:00:00,,8.59,,0.98,0.4
2018-03-21 08:00:00,,9.28,21.71,0.98,0.41
2018-03-21 09:00:00,,12.91,17.22,0.98,0.27
2018-03-21 10:00:00,,14.23,23.64,8.86,0.12
2018-03-21 11:00:00,,9.38,17.66,14.99,0.05
2018-03-21 12:00:00,,9.81,23.09,23.63,0.05
2018-03-21 13:00:00,,13.62,16.33,42.87,0.05
2018-03-21 14:00:00,,10.33,13.39,33.37,0.05
2018-03-21 15:00:00,,8.7,11.29,34.01,0.05
2018-03-21 16:00:00,,9.36,4.87,26.67,0.05
2018-03-21 17:00:00,,8.32,6.03,26.74,0.05
2018-03-21 18:00:00,,8.3,14.67,20.29,0.05
2018-03-21 19:00:00,,8.29,29.84,11.21,0.05
2018-03-21 20:00:00,6.0,8.3,39.96,4.73,0.26
2018-03-21 21:00:00,16.81,8.37,34.55,2.96,0.24
2018-03-21 22:00:00,23.8,8.36,25.92,2.36,0.13
2018-03-21 23:00:00,19.25,8.36,18.17,3.22,0.29
2018-03-22 00:00:00,24.61,8.28,14.97,0.98,0.23
2018-03-22 01:00:00,30.95,8.39,11.14,0.98,0.13
2018-03-22 02:00:00,,8.34,13.17,0.98,0.2
2018-03-22 03:00:00,,8.4,6.82,0.98,0.11
2018-03-22 04:00:00,,8.37,3.98,0.98,0.11
2018-03-22 05:00:00,,8.18,5.07,0.98,0.1
2018-03-22 06:00:00,,8.62,,0.98,0.23
2018-03-22 07:00:00,,8.98,,0.98,0.65
2018-03-22 08:00:00,,9.29,,0.98,1.01
2018-03-22 09:00:00,,8.57,17.65,7.15,0.35
2018-03-22 10:00:00,,8.4,17.81,17.36,0.3
2018-03-22 11:00:00,,8.33,4.68,22.98,0.11
2018-03-22 12:00:00,6.0,8.31,4.37,21.42,0.05
2018-03-22 13:00:00,6.0,8.35,5.45,26.7,0.05
2018-03-22 14:00:00,6.0,8.32,3.78,28.57,0.05
2018-03-22 15:00:00,6.0,8.36,3.66,31.15,0.05
2018-03-22 16:00:00,6.0,8.35,5.98,32.85,0.13
2018-03-22 17:00:00,,8.06,4.42,29.64,0.1
2018-03-22 18:00:00,,8.1,8.17,22.95,0.12
2018-03-22 19:00:00,,8.2,11.89,20.86,0.13
2018-03-22 20:00:00,,8.2,12.73,17.62,0.05
2018-03-22 21:00:00,,8.19,12.26,14.96,0.1
2018-03-22 22:00:00,,8.22,12.94,12.4,0.05
2018-03-22 23:00:00,,8.29,19.64,6.98,0.05
2018-03-23 00:00:00,,8.37,16.36,5.54,0.05
2018-03-23 01:00:00,,8.33,12.96,6.37,0.05
2018-03-23 02:00:00,,8.34,12.25,4.29,0.05
2018-03-23 03:00:00,,8.34,8.22,3.54,0.05
2018-03-23 04:00:00,,8.31,7.68,0.98,0.1
2018-03-23 05:00:00,,8.4,10.82,0.98,0.1
2018-03-23 06:00:00,,8.39,8.04,0.98,0.16
2018-03-23 07:00:00,,8.49,,0.98,0.3
2018-03-23 08:00:00,,8.75,,0.98,0.52
2018-03-23 09:00:00,,8.57,11.8,7.94,0.17
2018-03-23 10:00:00,,8.33,16.77,15.79,0.17
2018-03-23 11:00:00,,8.36,15.23,21.52,0.16
2018-03-23 12:00:00,,8.23,12.34,25.36,0.22
2018-03-23 13:00:00,,8.14,9.59,37.07,0.21
2018-03-23 14:00:00,,8.04,8.76,42.67,0.25
2018-03-23 15:00:00,,8.08,15.95,51.7,0.27
2018-03-23 16:00:00,,8.11,27.81,37.65,0.43
2018-03-23 17:00:00,,8.07,16.7,36.21,0.2
2018-03-23 18:00:00,,8.19,24.54,20.06,0.31
2018-03-23 19:00:00,6.0,8.32,34.83,15.03,0.4
2018-03-23 20:00:00,34.27,8.33,31.59,16.19,0.26
2018-03-23 21:00:00,55.15,8.36,35.34,10.17,0.36
2018-03-23 22:00:00,56.86,8.33,43.55,4.85,0.57
2018-03-23 23:00:00,60.86,8.36,39.0,3.92,0.51
2018-03-24 00:00:00,54.95,8.35,27.01,5.87,0.24
2018-03-24 01:00:00,50.91,8.29,23.98,3.27,0.2
2018-03-24 02:00:00,51.56,8.37,18.21,0.98,0.28
2018-03-24 03:00:00,45.26,8.34,18.75,0.98,0.25
2018-03-24 04:00:00,47.36,8.27,18.52,0.98,0.26
2018-03-24 05:00:00,44.27,8.35,15.02,0.98,0.24
2018-03-24 06:00:00,37.55,8.33,8.54,0.98,0.3
2018-03-24 07:00:00,31.63,8.4,,0.98,0.5
2018-03-24 08:00:00,33.82,8.37,15.61,0.98,0.55
2018-03-24 09:00:00,39.28,8.36,20.89,2.59,0.46
2018-03-24 10:00:00,38.93,8.37,14.01,6.67,0.21
2018-03-24 11:00:00,31.63,8.4,20.16,11.23,0.26
2018-03-24 12:00:00,27.75,8.49,16.13,12.56,0.23
2018-03-24 13:00:00,23.01,8.09,12.46,18.31,0.18
2018-03-24 14:00:00,21.08,8.22,5.03,20.29,0.05
2018-03-24 15:00:00,15.37,8.3,7.02,17.06,0.05
2018-03-24 16:00:00,6.0,8.32,9.85,12.67,0.05
2018-03-24 17:00:00,6.0,8.32,12.58,13.58,0.05
2018-03-24 18:00:00,6.0,8.31,17.22,11.57,0.2
2018-03-24 19:00:00,6.0,8.34,16.5,12.85,0.19
2018-03-24 20:00:00,6.0,8.29,12.96,13.33,0.19
2018-03-24 21:00:00,6.0,8.33,19.93,8.1,0.38
2018-03-24 22:00:00,6.0,8.33,23.1,6.62,0.36
2018-03-24 23:00:00,6.0,8.33,21.42,6.05,0.18
2018-03-25 00:00:00,6.0,8.33,14.49,5.81,0.05
2018-03-25 01:00:00,6.0,8.36,9.66,9.71,0.05
2018-03-25 02:00:00,6.0,8.35,5.36,13.13,0.11
2018-03-25 03:00:00,6.0,8.23,2.49,16.53,0.05
2018-03-25 04:00:00,6.0,8.3,1.43,19.85,0.05
2018-03-25 05:00:00,6.0,8.32,8.84,11.6,0.05
2018-03-25 06:00:00,6.0,8.76,9.9,8.18,0.05
2018-03-25 07:00:00,6.0,8.9,8.57,6.73,0.05
2018-03-25 08:00:00,6.0,8.37,3.68,12.87,0.05
2018-03-25 09:00:00,6.0,8.83,6.29,11.45,0.05
2018-03-25 10:00:00,6.0,8.5,3.91,12.79,0.05
2018-03-25 11:00:00,6.0,8.34,7.23,12.73,0.05
2018-03-25 12:00:00,6.0,8.41,10.9,10.74,0.13
2018-03-25 13:00:00,6.0,8.35,7.24,18.12,0.14
2018-03-25 14:00:00,12.0,8.29,4.11,17.0,0.14
2018-03-25 15:00:00,12.82,8.39,5.56,15.75,0.05
2018-03-25 16:00:00,6.0,8.34,5.27,14.57,0.05
2018-03-25 17:00:00,6.0,8.26,4.4,20.1,0.05
2018-03-25 18:00:00,6.0,8.38,9.83,13.34,0.12
2018-03-25 19:00:00,6.0,8.3,16.44,8.92,0.1
2018-03-25 20:00:00,,8.32,19.27,6.93,0.21
2018-03-25 21:00:00,,8.45,19.97,8.05,0.15
2018-03-25 22:00:00,6.0,9.11,26.64,4.64,0.17
2018-03-25 23:00:00,16.21,8.5,13.97,6.7,0.05
2018-03-26 00:00:00,14.4,8.37,3.26,12.06,0.05
2018-03-26 01:00:00,6.0,8.32,2.2,12.36,0.05
2018-03-26 02:00:00,6.0,8.31,1.45,11.43,0.05
2018-03-26 03:00:00,6.0,8.36,0.47,13.49,0.05
2018-03-26 04:00:00,6.0,8.21,0.47,12.23,0.05
2018-03-26 05:00:00,6.0,8.21,0.94,11.67,0.05
2018-03-26 06:00:00,6.0,8.1,6.84,7.7,0.05
2018-03-26 07:00:00,6.0,8.14,15.85,0.98,0.17
2018-03-26 08:00:00,16.75,8.29,12.11,4.88,0.13
2018-03-26 09:00:00,17.24,8.29,9.74,7.64,0.12
2018-03-26 10:00:00,17.98,8.27,7.17,11.08,0.1
2018-03-26 11:00:00,17.66,8.29,7.13,13.58,0.05
2018-03-26 12:00:00,18.61,8.24,8.52,12.56,0.12
2018-03-26 13:00:00,20.93,8.34,8.62,12.57,0.15
2018-03-26 14:00:00,16.26,8.33,3.66,16.61,0.05
2018-03-26 15:00:00,6.0,8.37,3.59,21.55,0.05
2018-03-26 16:00:00,6.0,8.1,6.83,18.09,0.05
2018-03-26 17:00:00,6.0,8.22,8.15,16.71,0.05
2018-03-26 18:00:00,6.0,8.27,11.79,10.55,0.1
2018-03-26 19:00:00,6.0,8.22,17.84,5.86,0.13
2018-03-26 20:00:00,6.0,8.08,24.17,2.43,0.3
2018-03-26 21:00:00,6.0,8.2,17.77,3.62,0.18
2018-03-26 22:00:00,12.99,8.37,15.17,4.33,0.14
2018-03-26 23:00:00,12.89,8.34,11.67,2.79,0.15
2018-03-27 00:00:00,6.0,8.13,6.56,3.24,0.05
2018-03-27 01:00:00,6.0,8.09,3.57,4.61,0.05
2018-03-27 02:00:00,6.0,8.14,2.06,6.06,0.05
2018-03-27 03:00:00,6.0,7.99,0.47,6.3,0.05
2018-03-27 04:00:00,6.0,7.92,0.98,3.6,0.05
2018-03-27 05:00:00,6.0,8.02,0.47,3.81,0.05
2018-03-27 06:00:00,6.0,8.26,3.22,3.72,0.05
2018-03-27 07:00:00,6.0,8.22,6.29,11.09,0.05
2018-03-27 08:00:00,6.0,8.25,6.19,12.07,0.05
2018-03-27 09:00:00,6.0,8.37,4.56,10.84,0.05
2018-03-27 10:00:00,6.0,8.13,2.91,18.37,0.05
2018-03-27 11:00:00,6.0,8.31,2.63,11.19,0.05
2018-03-27 12:00:00,6.0,7.92,2.52,14.06,0.26
2018-03-27 13:00:00,6.0,7.68,3.57,18.85,0.23
2018-03-27 14:00:00,6.0,7.4,4.28,17.8,0.19
2018-03-27 15:00:00,12.85,7.62,5.02,17.5,0.23
2018-03-27 16:00:00,6.0,7.48,3.58,,0.23
2018-03-27 17:00:00,6.0,7.72,5.4,,0.24
2018-03-27 18:00:00,6.0,7.74,9.47,,0.26
2018-03-27 19:00:00,6.0,7.51,13.37,,0.31
2018-03-27 20:00:00,6.0,7.48,8.51,,0.23
2018-03-27 21:00:00,6.0,7.39,8.52,,0.27
2018-03-27 22:00:00,6.0,7.29,7.4,,0.28
2018-03-27 23:00:00,6.0,7.43,5.98,,0.22
2018-03-28 00:00:00,15.52,7.31,6.92,,0.21
2018-03-28 01:00:00,14.56,7.35,4.35,,0.16
2018-03-28 02:00:00,12.31,7.42,1.3,,0.13
2018-03-28 03:00:00,6.0,7.31,1.32,,0.1
2018-03-28 04:00:00,6.0,7.38,0.99,,0.05
2018-03-28 05:00:00,6.0,7.39,2.39,,0.13
2018-03-28 06:00:00,6.0,7.32,5.86,,0.15
2018-03-28 07:00:00,6.0,8.13,17.18,,0.43
2018-03-28 08:00:00,12.67,7.73,15.15,,0.41
2018-03-28 09:00:00,21.16,7.7,25.03,,0.39
2018-03-28 10:00:00,18.75,7.56,18.93,,0.31
2018-03-28 11:00:00,22.21,8.06,29.94,,0.39
2018-03-28 12:00:00,30.46,7.79,30.22,,0.36
2018-03-28 13:00:00,25.35,8.09,20.82,,0.22
2018-03-28 14:00:00,25.17,7.96,22.81,,0.31
2018-03-28 15:00:00,19.61,8.12,18.99,,0.26
2018-03-28 16:00:00,14.21,7.95,11.01,,0.13
2018-03-28 17:00:00,6.0,7.64,11.26,,0.17
2018-03-28 18:00:00,6.0,7.69,16.0,,0.18
2018-03-28 19:00:00,6.0,7.54,32.19,,0.4
2018-03-28 20:00:00,6.0,8.09,29.48,,0.57
2018-03-28 21:00:00,22.83,7.53,21.63,,0.32
2018-03-28 22:00:00,29.78,7.18,24.34,,0.35
2018-03-28 23:00:00,21.76,7.15,25.36,,0.37
2018-03-29 00:00:00,22.3,7.19,21.55,,0.27
2018-03-29 01:00:00,19.59,7.35,16.38,,0.18
2018-03-29 02:00:00,21.39,7.39,9.57,,0.12
2018-03-29 03:00:00,16.8,7.34,3.08,,0.05
2018-03-29 04:00:00,6.0,7.34,2.55,,0.05
2018-03-29 05:00:00,6.0,7.4,3.97,,0.12
2018-03-29 06:00:00,6.0,7.52,6.24,,0.1
2018-03-29 07:00:00,6.0,7.33,12.59,,0.16
2018-03-29 08:00:00,20.93,7.24,13.83,,0.22
2018-03-29 09:00:00,17.43,7.58,14.05,,0.19
2018-03-29 10:00:00,6.0,7.42,10.5,,0.12
2018-03-29 11:00:00,6.0,7.58,8.93,,0.2
2018-03-29 12:00:00,6.0,7.56,6.39,,0.15
2018-03-29 13:00:00,6.0,7.38,3.77,,0.11
2018-03-29 14:00:00,6.0,7.94,1.92,,0.05
2018-03-29 15:00:00,6.0,8.19,6.0,,0.1
2018-03-29 16:00:00,6.0,8.23,3.48,,0.05
2018-03-29 17:00:00,6.0,7.75,4.66,,0.05
2018-03-29 18:00:00,6.0,8.0,8.83,,0.12
2018-03-29 19:00:00,6.0,7.71,12.6,,0.18
2018-03-29 20:00:00,6.0,7.44,13.72,,0.16
2018-03-29 21:00:00,6.0,7.44,10.95,,0.17
2018-03-29 22:00:00,12.68,7.4,11.69,,0.18
2018-03-29 23:00:00,17.38,7.47,13.95,,0.28
2018-03-30 00:00:00,19.15,7.22,10.83,,0.17
2018-03-30 01:00:00,20.26,7.19,4.04,,0.05
2018-03-30 02:00:00,22.05,7.18,2.02,,0.11
2018-03-30 03:00:00,15.92,7.23,1.12,,0.11
2018-03-30 04:00:00,16.2,7.2,0.47,,0.05
2018-03-30 05:00:00,13.54,7.39,0.47,,0.11
2018-03-30 06:00:00,6.0,7.47,1.88,,0.05
2018-03-30 07:00:00,6.0,7.35,2.31,,0.05
2018-03-30 08:00:00,6.0,7.52,4.64,,0.12
2018-03-30 09:00:00,6.0,7.44,5.68,,0.16
2018-03-30 10:00:00,12.03,7.67,4.13,,0.16
2018-03-30 11:00:00,6.0,8.33,10.79,,0.25
2018-03-30 12:00:00,6.0,8.53,16.2,,0.28
2018-03-30 13:00:00,6.0,8.11,10.17,,0.17
2018-03-30 14:00:00,6.0,8.08,10.35,,0.13
2018-03-30 15:00:00,6.0,8.16,9.97,,0.17
2018-03-30 16:00:00,6.0,8.43,4.99,,0.16
2018-03-30 17:00:00,6.0,7.6,3.91,,0.12
2018-03-30 18:00:00,12.03,7.85,3.71,,0.13
2018-03-30 19:00:00,13.06,8.16,7.58,,0.14
2018-03-30 20:00:00,13.23,8.03,8.13,,0.05
2018-03-30 21:00:00,17.3,7.57,8.87,,0.19
2018-03-30 22:00:00,31.07,7.7,10.66,,0.23
2018-03-30 23:00:00,25.78,7.55,6.45,,0.16
2018-03-31 00:00:00,25.46,7.82,9.94,,0.17
2018-03-31 01:00:00,27.28,7.44,6.98,,0.12
2018-03-31 02:00:00,20.68,7.43,7.29,,0.14
2018-03-31 03:00:00,23.63,7.44,4.58,,0.11
2018-03-31 04:00:00,23.75,7.22,2.72,,0.05
2018-03-31 05:00:00,23.78,7.42,1.12,,0.05
2018-03-31 06:00:00,24.25,7.69,2.46,,0.05
2018-03-31 07:00:00,25.05,7.88,7.92,,0.15
2018-03-31 08:00:00,19.67,8.25,8.22,,0.14
2018-03-31 09:00:00,21.99,8.39,9.14,,0.21
2018-03-31 10:00:00,18.38,8.68,9.35,,0.14
2018-03-31 11:00:00,24.35,8.42,15.67,,0.3
2018-03-31 12:00:00,33.4,8.77,27.17,,0.46
2018-03-31 13:00:00,29.3,8.35,23.25,,0.2
2018-03-31 14:00:00,24.88,8.32,15.71,,0.19
2018-03-31 15:00:00,16.59,8.26,11.5,,0.2
2018-03-31 16:00:00,6.0,8.0,15.56,,0.23
2018-04-01 17:00:00,6.0,8.98,15.29,32.35,0.18
2018-04-01 18:00:00,6.0,9.09,10.46,18.34,0.16
2018-04-01 19:00:00,6.0,8.87,12.91,4.7,0.29
2018-04-01 20:00:00,6.0,8.48,18.37,0.98,0.48
2018-04-01 21:00:00,6.0,8.63,18.14,0.98,0.58
2018-04-01 22:00:00,6.0,8.45,25.82,0.98,0.48
2018-04-01 23:00:00,13.41,8.25,23.45,0.98,0.42
2018-04-02 00:00:00,14.6,8.43,23.64,0.98,0.23
2018-04-02 01:00:00,12.96,8.15,17.29,0.98,0.1
2018-04-02 02:00:00,6.0,8.31,9.72,5.25,0.12
2018-04-02 03:00:00,6.0,8.91,5.78,8.07,0.1
2018-04-02 04:00:00,6.0,8.9,1.87,16.08,0.05
2018-04-02 05:00:00,6.0,8.4,3.92,17.29,0.05
2018-04-02 06:00:00,6.0,8.68,32.2,6.65,0.05
2018-04-02 07:00:00,6.0,8.49,23.42,8.41,0.14
2018-04-02 08:00:00,6.0,8.66,20.47,5.21,0.29
2018-04-02 09:00:00,6.0,8.26,15.53,5.96,0.15
2018-04-02 10:00:00,6.0,8.23,12.52,6.91,0.12
2018-04-02 11:00:00,6.0,8.33,11.12,7.94,0.11
2018-04-02 12:00:00,6.0,8.07,9.42,9.65,0.21
2018-04-02 13:00:00,6.0,8.02,16.14,4.83,0.18
2018-04-02 14:00:00,12.78,8.04,6.52,11.11,0.05
2018-04-02 15:00:00,6.0,7.82,9.4,11.89,0.1
2018-04-02 16:00:00,6.0,8.11,9.65,17.28,0.05
2018-04-02 17:00:00,6.0,8.09,11.8,14.25,0.05
2018-04-02 18:00:00,6.0,8.33,20.74,0.98,0.3
2018-04-02 19:00:00,6.0,8.05,21.29,0.98,0.26
2018-04-02 20:00:00,6.0,9.31,,0.98,0.9
2018-04-02 21:00:00,6.0,8.62,28.57,0.98,0.28
2018-04-02 22:00:00,6.0,7.93,24.08,0.98,0.14
2018-04-02 23:00:00,13.96,8.5,16.16,0.98,0.1
2018-04-03 00:00:00,6.0,8.56,13.99,0.98,0.05
2018-04-03 01:00:00,6.0,8.26,14.59,0.98,0.05
2018-04-03 02:00:00,13.09,8.55,9.51,0.98,0.05
2018-04-03 03:00:00,12.16,8.04,9.66,0.98,0.05
2018-04-03 04:00:00,6.0,7.86,7.85,0.98,0.05
2018-04-03 05:00:00,6.0,8.28,9.52,0.98,0.05
2018-04-03 06:00:00,6.0,8.25,14.58,0.98,0.05
2018-04-03 07:00:00,6.0,8.76,,0.98,0.33
2018-04-03 08:00:00,15.59,8.98,,0.98,0.59
2018-04-03 09:00:00,22.84,8.4,11.48,0.98,0.21
2018-04-03 10:00:00,22.46,8.38,4.41,0.98,0.05
2018-04-03 11:00:00,18.31,8.22,5.51,0.98,0.14
2018-04-03 12:00:00,15.49,7.88,6.5,0.98,0.11
2018-04-03 13:00:00,16.84,8.39,6.2,0.98,0.1
2018-04-03 14:00:00,14.87,7.91,7.31,0.98,0.13
2018-04-03 15:00:00,6.0,7.94,9.3,2.41,0.21
2018-04-03 16:00:00,6.0,8.35,14.13,10.02,0.14
2018-04-03 17:00:00,6.0,8.42,13.51,10.11,0.25
2018-04-03 18:00:00,15.95,8.18,19.36,5.48,0.2
2018-04-03 19:00:00,16.86,8.3,19.83,2.88,0.28
2018-04-03 20:00:00,6.0,8.56,22.18,0.98,0.53
2018-04-03 21:00:00,6.0,8.74,12.62,0.98,0.58
2018-04-03 22:00:00,19.14,8.9,7.85,0.98,0.85
2018-04-03 23:00:00,20.08,8.94,,2.35,0.94
2018-04-04 00:00:00,25.13,8.74,11.08,0.98,0.54
2018-04-04 01:00:00,23.87,8.92,6.7,0.98,0.28
2018-04-04 02:00:00,16.73,8.87,6.46,0.98,0.28
2018-04-04 03:00:00,15.31,8.8,4.55,0.98,0.33
2018-04-04 05:00:00,16.99,8.76,5.02,0.98,0.26
2018-04-04 06:00:00,17.48,8.59,7.83,0.98,0.31
2018-04-04 07:00:00,19.57,8.98,,0.98,0.48
2018-04-04 08:00:00,23.44,8.99,,0.98,0.88
2018-04-04 09:00:00,27.92,8.76,13.21,0.98,0.45
2018-04-04 10:00:00,27.03,8.65,12.59,0.98,0.22
2018-04-04 11:00:00,20.67,7.95,11.3,7.59,0.17
2018-04-04 12:00:00,18.71,8.01,19.76,3.44,0.25
2018-04-04 13:00:00,13.06,8.01,15.51,7.45,0.14
2018-04-04 14:00:00,6.0,8.01,10.87,0.98,0.2
2018-04-04 15:00:00,6.0,8.05,10.77,0.98,0.19
2018-04-04 16:00:00,6.0,8.21,7.02,3.87,0.05
2018-04-04 17:00:00,6.0,8.02,9.61,6.47,0.05
2018-04-04 18:00:00,6.0,8.09,18.34,4.73,0.05
2018-04-04 19:00:00,6.0,8.09,47.13,3.67,0.05
2018-04-04 20:00:00,6.0,8.16,27.98,2.32,0.05
2018-04-04 21:00:00,6.0,8.39,27.58,0.98,0.05
2018-04-04 22:00:00,6.0,8.36,24.87,0.98,0.18
2018-04-04 23:00:00,6.0,8.36,20.55,0.98,0.05
2018-04-05 00:00:00,6.0,8.32,21.64,0.98,0.05
2018-04-05 01:00:00,6.0,8.35,15.05,0.98,0.05
2018-04-05 02:00:00,19.03,8.34,11.37,0.98,0.13
2018-04-05 03:00:00,16.48,8.33,5.92,0.98,0.05
2018-04-05 04:00:00,6.0,8.33,8.89,0.98,0.16
2018-04-05 05:00:00,13.44,8.32,10.91,0.98,0.13
2018-04-05 06:00:00,25.84,8.26,13.52,0.98,0.15
2018-04-05 07:00:00,21.69,8.38,9.38,0.98,0.21
2018-04-05 08:00:00,17.32,8.47,7.67,0.98,0.37
2018-04-05 09:00:00,13.04,8.36,8.35,2.76,0.15
2018-04-05 10:00:00,16.21,8.31,7.08,7.56,0.05
2018-04-05 11:00:00,14.01,8.35,6.09,11.69,0.05
2018-04-05 12:00:00,6.0,8.67,10.23,16.16,0.05
2018-04-05 13:00:00,6.0,8.54,8.02,28.92,0.4
2018-04-05 14:00:00,6.0,8.31,7.79,26.97,0.47
2018-04-05 15:00:00,6.0,7.94,6.95,22.6,0.19
2018-04-05 16:00:00,6.0,8.01,5.92,18.84,0.11
2018-04-05 17:00:00,6.0,8.53,6.38,18.96,0.37
2018-04-05 18:00:00,6.0,8.32,9.45,16.44,0.39
2018-04-05 19:00:00,6.0,9.12,24.41,9.03,0.5
2018-04-05 20:00:00,19.76,8.49,32.27,4.61,0.64
2018-04-05 21:00:00,25.18,8.11,24.7,5.77,0.64
2018-04-05 22:00:00,23.39,7.89,18.13,5.57,0.57
2018-04-05 23:00:00,25.11,8.03,17.37,0.98,0.67
2018-04-06 00:00:00,22.34,8.0,16.14,0.98,0.6
2018-04-06 01:00:00,22.69,9.19,15.5,0.98,0.39
2018-04-06 02:00:00,22.6,9.41,10.67,0.98,0.17
2018-04-06 03:00:00,17.25,9.29,7.16,0.98,0.16
2018-04-06 04:00:00,20.51,9.27,6.18,0.98,0.24
2018-04-06 05:00:00,16.89,9.22,7.76,0.98,0.17
2018-04-06 06:00:00,6.0,9.45,5.01,0.98,0.27
2018-04-06 07:00:00,6.0,9.57,,0.98,0.31
2018-04-06 08:00:00,15.49,9.48,,0.98,0.44
2018-04-06 09:00:00,20.68,9.59,15.82,0.98,0.49
2018-04-06 10:00:00,26.65,9.95,11.59,2.06,0.56
2018-04-06 11:00:00,49.27,9.43,10.09,6.84,0.36
2018-04-06 12:00:00,49.05,8.42,8.17,10.3,0.05
2018-04-06 13:00:00,29.45,8.05,7.45,23.92,0.05
2018-04-06 14:00:00,15.71,8.04,7.62,27.95,0.05
2018-04-06 15:00:00,6.0,8.05,9.28,28.58,0.05
2018-04-06 16:00:00,6.0,8.32,10.29,28.45,0.05
2018-04-06 17:00:00,6.0,8.32,9.03,24.42,0.05
2018-04-06 18:00:00,6.0,8.34,11.36,18.92,0.05
2018-04-06 19:00:00,6.0,8.37,16.6,13.43,0.05
2018-04-06 20:00:00,21.75,8.51,17.93,10.27,0.05
2018-04-06 21:00:00,27.94,8.52,17.06,7.07,0.05
2018-04-06 22:00:00,31.29,8.58,13.88,5.93,0.05
2018-04-06 23:00:00,27.44,8.51,14.12,3.54,0.05
2018-04-07 00:00:00,19.26,8.36,13.47,0.98,0.05
2018-04-07 01:00:00,25.6,8.51,12.09,0.98,0.05
2018-04-07 02:00:00,22.6,8.47,11.53,0.98,0.23
2018-04-07 03:00:00,12.09,8.49,5.79,0.98,0.27
2018-04-07 04:00:00,16.45,8.45,5.5,0.98,0.05
2018-04-07 05:00:00,17.11,8.53,,0.98,0.15
2018-04-07 06:00:00,17.26,8.48,,0.98,0.16
2018-04-07 07:00:00,13.7,8.5,,0.98,0.26
2018-04-07 08:00:00,15.69,8.54,,0.98,0.52
2018-04-07 09:00:00,30.82,8.49,19.38,2.19,0.48
2018-04-07 10:00:00,26.1,8.39,13.25,11.17,0.19
2018-04-07 11:00:00,13.4,8.4,16.57,18.52,0.2
2018-04-07 12:00:00,15.61,8.42,15.23,20.59,0.19
2018-04-07 13:00:00,19.29,8.44,10.92,22.69,0.05
2018-04-07 14:00:00,13.5,8.35,8.13,29.62,0.1
2018-04-07 15:00:00,17.01,8.39,7.92,43.84,0.05
2018-04-07 16:00:00,18.34,8.36,11.39,39.78,0.1
2018-04-07 17:00:00,6.0,8.45,9.01,34.48,0.05
2018-04-07 18:00:00,6.0,8.37,13.4,27.87,0.32
2018-04-07 19:00:00,24.49,8.75,47.12,5.86,1.22
2018-04-07 20:00:00,47.33,8.47,33.15,21.91,0.56
2018-04-07 21:00:00,54.38,8.59,21.38,14.53,0.46
2018-04-07 22:00:00,57.95,8.52,26.68,7.34,0.57
2018-04-07 23:00:00,59.31,8.52,28.06,3.8,0.72
2018-04-08 00:00:00,59.52,8.55,26.55,0.98,0.86
2018-04-08 01:00:00,57.82,8.54,16.41,0.98,0.51
2018-04-08 02:00:00,52.95,8.57,14.05,0.98,0.67
2018-04-08 03:00:00,48.72,8.5,15.03,0.98,0.5
2018-04-08 04:00:00,48.19,8.56,11.79,0.98,0.6
2018-04-08 05:00:00,42.21,8.52,6.19,0.98,0.46
2018-04-08 06:00:00,41.62,8.55,2.91,0.98,0.38
2018-04-08 08:00:00,136.4,8.56,10.01,0.98,0.48
2018-04-08 09:00:00,266.6,8.47,6.91,5.39,0.28
2018-04-08 10:00:00,195.8,8.41,21.73,15.85,0.26
2018-04-08 11:00:00,111.0,8.36,12.26,35.04,0.25
2018-04-08 12:00:00,66.65,8.43,12.58,45.93,0.27
2018-04-08 13:00:00,53.34,8.42,7.47,39.85,0.17
2018-04-08 14:00:00,36.92,8.37,5.22,33.77,0.2
2018-04-08 15:00:00,21.88,8.34,2.89,31.38,0.16
2018-04-08 16:00:00,13.25,8.27,3.27,32.82,0.11
2018-04-08 17:00:00,6.0,8.3,3.85,31.92,0.12
2018-04-08 18:00:00,6.0,8.34,5.99,27.56,0.12
2018-04-08 19:00:00,13.04,8.32,8.8,24.13,0.17
2018-04-08 20:00:00,26.74,8.35,9.28,23.15,0.19
2018-04-08 21:00:00,36.22,8.35,6.87,19.56,0.17
2018-04-08 22:00:00,31.59,8.52,6.84,16.99,0.13
2018-04-08 23:00:00,26.58,8.54,7.66,14.07,0.13
2018-04-09 00:00:00,25.14,8.5,7.47,9.24,0.15
2018-04-09 01:00:00,17.2,8.53,7.33,8.66,0.11
2018-04-09 02:00:00,18.24,8.49,4.54,11.7,0.13
2018-04-09 03:00:00,16.76,8.53,2.5,13.12,0.11
2018-04-09 04:00:00,13.38,8.41,3.97,11.48,0.1
2018-04-09 05:00:00,15.97,8.45,2.88,11.32,0.05
2018-04-09 06:00:00,14.71,8.44,6.91,9.44,0.05
2018-04-09 07:00:00,13.99,8.39,12.38,7.41,0.19
2018-04-09 08:00:00,16.13,8.5,12.54,6.6,0.36
2018-04-09 09:00:00,14.84,8.49,8.3,9.13,0.21
2018-04-09 10:00:00,17.73,8.54,13.48,11.44,0.29
2018-04-09 11:00:00,19.9,8.42,16.95,13.94,0.41
2018-04-09 12:00:00,13.53,9.38,16.25,17.91,0.38
2018-04-09 13:00:00,6.0,8.73,13.06,37.48,0.38
2018-04-09 14:00:00,17.09,8.68,8.1,38.57,0.49
2018-04-09 15:00:00,21.44,8.59,13.95,41.16,0.54
2018-04-09 16:00:00,22.04,8.67,13.35,54.18,0.48
2018-04-09 17:00:00,15.43,8.84,15.88,55.75,0.48
2018-04-09 18:00:00,21.31,8.77,19.33,32.94,0.51
2018-04-09 19:00:00,33.73,8.74,10.65,19.79,0.58
2018-04-09 20:00:00,37.47,8.8,6.61,17.85,0.46
2018-04-09 21:00:00,36.56,8.66,11.52,15.32,0.47
2018-04-09 22:00:00,39.31,8.78,10.52,13.77,0.47
2018-04-09 23:00:00,39.14,8.66,13.39,11.97,0.57
2018-04-10 00:00:00,31.08,8.78,10.18,9.16,0.49
2018-04-10 01:00:00,27.14,8.58,9.6,8.73,0.39
2018-04-10 02:00:00,27.4,8.65,9.79,2.99,0.15
2018-04-10 03:00:00,25.55,8.79,7.3,3.71,0.11
2018-04-10 04:00:00,16.86,8.8,8.34,0.98,0.11
2018-04-10 06:00:00,12.67,8.85,8.03,0.98,0.15
2018-04-10 07:00:00,18.31,8.96,,0.98,0.44
2018-04-10 08:00:00,23.5,8.89,9.85,0.98,0.53
2018-04-10 09:00:00,31.91,8.88,12.46,0.98,0.42
2018-04-10 10:00:00,,,,,
2018-04-10 11:00:00,33.0,8.54,10.14,19.26,0.19
2018-04-10 12:00:00,19.47,8.6,16.14,25.39,0.18
2018-04-10 13:00:00,14.37,8.52,16.74,26.89,0.13
2018-04-10 14:00:00,,11.03,12.64,39.46,0.05
2018-04-10 15:00:00,,13.87,,25.68,0.81
2018-04-10 16:00:00,,,,29.14,0.05
2018-04-10 17:00:00,,,20.85,30.96,0.3
2018-04-10 18:00:00,6.0,13.95,23.91,29.29,0.32
2018-04-10 19:00:00,21.04,13.97,26.8,18.6,0.37
2018-04-10 20:00:00,57.79,14.37,32.67,13.0,0.53
2018-04-10 21:00:00,82.77,14.12,24.5,9.48,0.51
2018-04-10 22:00:00,82.27,14.03,21.73,6.76,0.44
2018-04-10 23:00:00,68.6,14.19,19.24,5.83,0.39
2018-04-11 00:00:00,52.7,14.34,20.07,2.41,0.42
2018-04-11 01:00:00,42.92,14.32,14.16,0.98,0.3
2018-04-11 02:00:00,40.63,14.06,11.53,0.98,0.27
2018-04-11 03:00:00,32.84,13.74,9.88,0.98,0.21
2018-04-11 04:00:00,28.15,13.71,9.08,0.98,0.11
2018-04-11 05:00:00,24.36,13.8,12.2,0.98,0.23
2018-04-11 06:00:00,28.66,14.59,16.39,0.98,0.36
2018-04-11 07:00:00,37.26,14.97,12.41,0.98,0.7
2018-04-11 08:00:00,46.85,14.89,17.04,0.98,0.97
2018-04-11 09:00:00,52.1,14.53,34.85,3.94,0.53
2018-04-11 10:00:00,38.71,14.07,15.75,13.62,0.17
2018-04-11 11:00:00,31.03,14.09,13.7,27.43,0.12
2018-04-11 12:00:00,25.73,13.94,16.94,33.82,0.24
2018-04-11 13:00:00,18.91,13.94,16.96,40.73,0.16
2018-04-11 14:00:00,19.81,13.94,14.93,33.43,0.17
2018-04-11 15:00:00,16.47,13.81,14.08,44.82,0.12
2018-04-11 16:00:00,15.56,13.91,16.11,46.83,0.17
2018-04-11 17:00:00,14.37,14.0,23.86,41.0,0.23
2018-04-11 18:00:00,29.34,13.95,28.01,30.47,0.28
2018-04-11 19:00:00,50.24,14.26,31.34,22.93,0.26
2018-04-11 20:00:00,69.76,14.06,26.28,21.65,0.21
2018-04-11 21:00:00,87.61,14.11,33.18,12.13,0.29
2018-04-11 22:00:00,91.8,14.27,28.59,8.08,0.3
2018-04-11 23:00:00,86.42,14.05,25.54,5.05,0.3
2018-04-12 00:00:00,75.21,14.1,25.55,4.43,0.39
2018-04-12 01:00:00,57.1,13.87,17.79,10.14,0.12
2018-04-12 02:00:00,41.05,13.95,6.95,14.41,0.16
2018-04-12 03:00:00,27.94,13.82,5.13,16.94,0.17
2018-04-12 04:00:00,20.06,13.74,19.58,5.04,0.22
2018-04-12 05:00:00,19.34,13.81,19.79,6.37,0.26
2018-04-12 06:00:00,24.22,14.25,21.86,8.42,0.33
2018-04-12 07:00:00,19.11,14.66,37.52,3.08,0.6
2018-04-12 08:00:00,23.22,14.59,45.2,3.28,0.81
2018-04-12 09:00:00,28.31,14.13,28.41,11.87,0.54
2018-04-12 10:00:00,31.88,13.73,14.28,21.66,0.24
2018-04-12 11:00:00,32.01,14.0,15.11,24.33,0.25
2018-04-12 12:00:00,32.14,13.94,19.36,21.93,0.3
2018-04-12 13:00:00,31.78,14.44,15.47,31.43,0.24
2018-04-12 14:00:00,25.09,14.94,14.58,34.4,0.05
2018-04-12 15:00:00,26.57,14.48,14.34,38.59,0.14
2018-04-12 16:00:00,24.08,14.39,17.45,37.64,0.21
2018-04-12 17:00:00,24.24,14.37,25.83,34.71,0.43
2018-04-12 18:00:00,35.11,14.44,49.51,20.86,0.57
2018-04-12 19:00:00,40.63,14.45,66.04,5.81,0.98
2018-04-12 20:00:00,89.62,14.47,55.57,5.38,0.77
2018-04-12 21:00:00,117.1,14.37,40.03,14.36,0.52
2018-04-12 22:00:00,99.02,14.13,23.14,19.5,0.47
2018-04-12 23:00:00,83.99,14.03,5.18,25.53,0.16
2018-04-13 00:00:00,58.11,13.84,2.84,22.22,0.17
2018-04-13 01:00:00,33.32,14.04,1.49,27.18,0.05
2018-04-13 02:00:00,18.86,13.83,0.47,24.04,0.1
2018-04-13 03:00:00,16.16,13.83,0.47,21.05,0.11
2018-04-13 04:00:00,14.62,13.89,0.47,20.49,0.05
2018-04-13 05:00:00,12.12,14.02,0.47,20.55,0.1
2018-04-13 06:00:00,6.0,14.07,4.61,17.35,0.11
2018-04-13 07:00:00,6.0,14.09,10.72,15.99,0.13
2018-04-13 08:00:00,6.0,13.99,12.69,14.16,0.14
2018-04-13 09:00:00,6.0,13.94,12.51,13.13,0.11
2018-04-13 10:00:00,12.65,14.04,9.37,13.16,0.05
2018-04-13 11:00:00,13.51,13.98,5.54,17.2,0.11
2018-04-13 12:00:00,14.31,13.97,4.71,14.5,0.05
2018-04-13 13:00:00,13.03,13.95,4.68,16.35,0.05
2018-04-13 14:00:00,6.0,14.05,4.93,17.74,0.1
2018-04-13 15:00:00,6.0,14.19,8.11,15.42,0.05
2018-04-13 16:00:00,6.0,14.06,6.97,7.19,0.05
2018-04-13 17:00:00,6.0,14.1,9.38,6.07,0.1
2018-04-13 18:00:00,6.0,14.28,14.2,5.84,0.11
2018-04-13 19:00:00,15.25,14.11,19.5,8.39,0.19
2018-04-13 20:00:00,18.18,14.28,22.93,7.57,0.24
2018-04-13 21:00:00,19.17,13.89,16.48,3.1,0.19
2018-04-13 22:00:00,21.55,13.89,9.37,10.44,0.17
2018-04-13 23:00:00,19.94,14.27,9.31,13.08,0.16
2018-04-14 00:00:00,15.08,13.96,7.01,12.18,0.05
2018-04-14 01:00:00,16.56,13.85,5.48,14.57,0.05
2018-04-14 02:00:00,20.62,13.93,4.42,16.12,0.05
2018-04-14 03:00:00,14.6,14.04,1.96,18.01,0.05
2018-04-14 04:00:00,6.0,13.87,1.82,19.01,0.05
2018-04-14 05:00:00,6.0,14.01,0.98,22.7,0.05
2018-04-14 06:00:00,6.0,13.9,4.65,17.62,0.05
2018-04-14 07:00:00,14.59,13.99,9.72,15.4,0.12
2018-04-14 08:00:00,17.76,14.12,12.33,14.26,0.1
2018-04-14 09:00:00,22.22,14.16,10.08,16.01,0.14
2018-04-14 10:00:00,20.72,14.02,8.78,20.65,0.13
2018-04-14 11:00:00,17.43,14.16,7.1,24.77,0.05
2018-04-14 12:00:00,26.7,14.18,6.32,20.66,0.1
2018-04-14 13:00:00,24.2,14.34,8.34,23.41,0.18
2018-04-14 14:00:00,17.72,14.26,6.15,24.36,0.05
2018-04-14 15:00:00,13.87,14.24,5.86,23.48,0.05
2018-04-14 16:00:00,6.0,14.15,10.83,20.59,0.12
2018-04-14 17:00:00,17.28,14.33,9.58,18.74,0.11
2018-04-14 18:00:00,23.04,13.97,11.71,17.47,0.05
2018-04-14 19:00:00,16.87,14.16,22.29,10.7,0.28
2018-04-14 20:00:00,18.52,14.19,21.01,9.9,0.23
2018-04-14 21:00:00,29.42,14.53,20.27,5.71,0.6
2018-04-14 22:00:00,42.95,14.39,18.26,4.46,0.71
2018-04-14 23:00:00,54.85,13.97,9.91,8.8,0.34
2018-04-15 00:00:00,48.16,13.9,11.92,6.1,0.27
2018-04-15 01:00:00,32.1,13.94,9.42,8.45,0.11
2018-04-15 02:00:00,18.71,14.02,11.55,8.71,0.21
2018-04-15 03:00:00,15.21,14.09,8.02,7.08,0.13
2018-04-15 04:00:00,19.3,13.92,4.16,9.49,0.12
2018-04-15 05:00:00,15.28,14.07,2.05,11.49,0.05
2018-04-15 06:00:00,6.0,14.21,6.36,7.28,0.13
2018-04-15 07:00:00,6.0,14.08,9.39,6.77,0.17
2018-04-15 08:00:00,6.0,14.33,8.38,7.67,0.18
2018-04-15 09:00:00,6.0,14.22,5.59,14.34,0.14
2018-04-15 10:00:00,6.0,13.75,3.99,19.05,0.12
2018-04-15 11:00:00,6.0,14.03,3.07,22.37,0.16
2018-04-15 12:00:00,6.0,14.08,6.21,19.51,0.26
2018-04-15 13:00:00,19.06,14.28,5.6,22.0,0.28
2018-04-15 14:00:00,17.73,14.31,2.85,23.45,0.21
2018-04-15 15:00:00,6.0,14.15,3.11,24.56,0.2
2018-04-15 16:00:00,6.0,14.13,3.63,22.64,0.17
2018-04-15 17:00:00,6.0,14.07,3.02,23.68,0.11
2018-04-15 18:00:00,6.0,14.13,4.19,22.36,0.11
2018-04-15 19:00:00,6.0,14.13,5.66,20.8,0.15
2018-04-15 20:00:00,14.9,14.2,7.17,19.59,0.17
2018-04-15 21:00:00,20.9,14.14,8.77,17.07,0.21
2018-04-15 22:00:00,23.21,14.04,12.71,9.94,0.21
2018-04-15 23:00:00,26.69,14.27,13.78,2.44,0.11
2018-04-16 00:00:00,26.27,14.18,10.96,10.56,0.1
2018-04-16 01:00:00,20.12,13.97,8.03,9.53,0.05
2018-04-16 02:00:00,19.32,14.22,6.74,0.98,0.05
2018-04-16 03:00:00,15.75,14.23,8.86,0.98,0.05
2018-04-16 04:00:00,12.07,13.89,5.05,0.98,0.05
2018-04-16 05:00:00,6.0,14.09,6.55,0.98,0.05
2018-04-16 06:00:00,6.0,14.1,12.08,0.98,0.05
2018-04-16 07:00:00,6.0,14.41,18.52,0.98,0.21
2018-04-16 08:00:00,6.0,14.95,22.07,0.98,0.53
2018-04-16 09:00:00,6.0,14.44,10.79,0.98,0.19
2018-04-16 10:00:00,13.47,14.32,4.14,9.59,0.05
2018-04-16 11:00:00,6.0,14.36,2.37,22.29,0.05
2018-04-16 12:00:00,6.0,14.37,3.52,18.89,0.05
2018-04-16 13:00:00,6.0,14.34,3.64,22.34,0.05
2018-04-16 14:00:00,6.0,14.1,2.01,15.91,0.05
2018-04-16 15:00:00,6.0,14.22,4.47,20.39,0.05
2018-04-16 16:00:00,6.0,14.18,3.41,27.06,0.05
2018-04-16 17:00:00,6.0,14.12,4.12,26.34,0.05
2018-04-16 18:00:00,6.0,14.14,6.44,22.77,0.05
2018-04-16 19:00:00,16.14,14.22,11.05,18.71,0.05
2018-04-16 20:00:00,24.35,14.34,13.85,16.44,0.05
2018-04-16 21:00:00,31.36,14.41,14.21,15.1,0.05
2018-04-16 22:00:00,25.51,14.2,14.86,13.38,0.11
2018-04-16 23:00:00,23.07,14.46,21.08,4.92,0.23
2018-04-17 00:00:00,26.1,14.42,16.41,5.14,0.16
2018-04-17 01:00:00,35.26,14.35,11.1,5.17,0.16
2018-04-17 02:00:00,39.44,14.27,11.84,0.98,0.1
2018-04-17 03:00:00,26.06,14.13,8.09,0.98,0.05
2018-04-17 04:00:00,16.39,14.11,4.47,0.98,0.05
2018-04-17 05:00:00,6.0,14.23,7.95,0.98,0.11
2018-04-17 06:00:00,12.13,14.33,9.08,0.98,0.05
2018-04-17 07:00:00,6.0,15.06,11.18,0.98,0.41
2018-04-17 08:00:00,13.52,15.51,54.61,0.98,1.13
2018-04-17 09:00:00,32.13,14.94,79.59,36.73,0.59
2018-04-17 10:00:00,39.49,14.72,42.09,26.74,0.29
2018-04-17 11:00:00,35.67,14.38,12.26,2.72,0.13
2018-04-17 12:00:00,25.55,14.42,6.21,16.19,0.05
2018-04-17 13:00:00,13.88,14.32,5.46,0.98,0.05
2018-04-17 14:00:00,6.0,14.56,7.61,0.98,0.05
2018-04-17 15:00:00,6.0,15.75,14.0,0.98,0.05
2018-04-17 16:00:00,6.0,15.06,19.92,0.98,0.15
2018-04-17 17:00:00,6.0,14.63,26.52,30.68,0.13
2018-04-17 18:00:00,12.36,14.63,37.94,13.15,0.17
2018-04-17 19:00:00,31.34,14.35,44.39,3.25,0.35
2018-04-17 20:00:00,43.15,14.29,40.92,0.98,0.32
2018-04-17 21:00:00,43.68,14.55,31.95,0.98,0.27
2018-04-17 22:00:00,44.46,14.66,34.4,0.98,0.45
2018-04-17 23:00:00,54.46,14.91,29.4,0.98,0.62
2018-04-18 00:00:00,66.9,14.64,24.11,0.98,0.27
2018-04-18 01:00:00,64.15,14.8,22.21,0.98,0.3
2018-04-18 02:00:00,45.56,14.83,15.52,0.98,0.39
2018-04-18 03:00:00,39.01,14.65,13.25,0.98,0.28
2018-04-18 04:00:00,40.67,14.86,7.15,0.98,0.39
2018-04-18 05:00:00,36.08,14.61,8.66,0.98,0.2
2018-04-18 06:00:00,34.54,14.97,10.91,0.98,0.29
2018-04-18 07:00:00,30.75,15.1,12.6,0.98,0.61
2018-04-18 08:00:00,32.58,15.21,19.17,0.98,0.68
2018-04-18 09:00:00,45.6,15.14,26.59,3.03,0.49
2018-04-18 10:00:00,39.99,15.09,20.68,10.54,0.31
2018-04-18 11:00:00,28.5,14.56,17.59,3.42,0.24
2018-04-18 12:00:00,19.47,14.78,11.49,7.71,0.18
2018-04-18 13:00:00,14.17,15.46,9.44,25.91,0.05
2018-04-18 14:00:00,6.0,14.7,8.55,34.74,0.05
2018-04-18 15:00:00,6.0,14.68,11.14,49.11,0.05
2018-04-18 16:00:00,6.0,14.71,13.46,33.54,0.05
2018-04-18 17:00:00,6.0,14.5,14.78,27.82,0.05
2018-04-18 18:00:00,15.74,14.48,20.41,18.59,0.05
2018-04-18 19:00:00,22.71,14.98,53.35,3.9,1.12
2018-04-18 20:00:00,49.47,14.84,47.27,3.73,0.62
2018-04-18 21:00:00,80.32,14.63,32.86,5.23,0.46
2018-04-18 22:00:00,84.71,14.49,31.01,4.96,0.4
2018-04-18 23:00:00,81.31,14.87,33.09,3.0,0.55
2018-04-19 00:00:00,72.29,14.82,23.63,2.16,0.49
2018-04-19 01:00:00,57.2,14.48,15.76,2.19,0.34
2018-04-19 03:00:00,43.68,14.56,21.51,2.22,0.37
2018-04-19 04:00:00,44.5,14.83,15.43,0.98,0.35
2018-04-19 05:00:00,42.01,14.81,15.4,0.98,0.33
2018-04-19 06:00:00,42.32,15.07,11.6,0.98,0.65
2018-04-19 07:00:00,40.97,16.2,11.65,0.98,1.1
2018-04-19 08:00:00,51.21,15.49,18.63,2.9,1.04
2018-04-19 09:00:00,70.19,15.29,36.98,2.76,0.64
2018-04-19 10:00:00,62.16,15.09,28.14,3.0,0.35
2018-04-19 11:00:00,40.7,14.68,18.82,,0.13
2018-04-19 12:00:00,27.92,16.3,19.3,,0.05
2018-04-19 13:00:00,22.46,17.91,16.6,,0.05
2018-04-19 14:00:00,20.97,14.79,12.04,,0.05
2018-04-19 15:00:00,14.3,14.79,15.12,,0.05
2018-04-19 16:00:00,6.0,14.75,17.08,,0.05
2018-04-19 17:00:00,6.0,14.75,20.02,,0.15
2018-04-19 18:00:00,18.41,14.75,25.73,,0.05
2018-04-19 19:00:00,27.44,15.68,63.84,,1.04
2018-04-19 20:00:00,45.96,14.88,50.72,,0.32
2018-04-19 21:00:00,78.75,15.05,40.68,,0.33
2018-04-19 22:00:00,92.55,15.0,32.06,,0.38
2018-04-19 23:00:00,91.9,15.12,26.61,,0.78
2018-04-20 00:00:00,91.75,15.0,22.01,,1.0
2018-04-20 01:00:00,90.38,14.97,23.75,,0.44
2018-04-20 02:00:00,79.79,15.02,18.0,,0.62
2018-04-20 03:00:00,63.51,14.93,13.41,,0.49
2018-04-20 04:00:00,56.58,14.98,16.15,,0.42
2018-04-20 05:00:00,49.29,15.03,20.81,,0.24
2018-04-20 06:00:00,49.21,14.92,18.15,,0.26
2018-04-20 07:00:00,47.98,15.55,19.91,,0.68
2018-04-20 08:00:00,44.56,15.41,38.13,,1.11
2018-04-20 09:00:00,46.05,15.11,39.87,,0.71
2018-04-20 10:00:00,43.88,14.99,30.63,,0.34
2018-04-20 11:00:00,38.4,15.49,35.49,,0.25
2018-04-20 12:00:00,37.17,23.21,29.01,,0.11
2018-04-20 13:00:00,32.05,22.32,17.87,,0.05
2018-04-20 14:00:00,29.76,15.55,11.32,,0.05
2018-04-20 15:00:00,25.67,14.8,18.46,,0.05
2018-04-20 16:00:00,15.24,14.78,13.96,,0.05
2018-04-20 17:00:00,13.67,14.75,23.6,,0.12
2018-04-20 18:00:00,19.22,14.89,54.15,,0.55
2018-04-20 19:00:00,62.99,14.9,63.05,,0.64
2018-04-20 20:00:00,111.3,14.88,57.47,,0.77
2018-04-20 21:00:00,131.1,14.78,55.64,,0.63
2018-04-20 22:00:00,140.0,14.88,43.94,,0.52
2018-04-20 23:00:00,132.6,14.92,36.61,,0.53
2018-04-21 00:00:00,98.84,14.68,7.01,,0.05
2018-04-21 01:00:00,58.31,14.81,2.78,,0.05
2018-04-21 02:00:00,38.24,14.84,2.96,,0.22
2018-04-21 03:00:00,27.81,14.95,2.49,,0.21
2018-04-21 04:00:00,17.08,14.8,3.7,,0.16
2018-04-21 05:00:00,6.0,14.8,4.74,,0.2
2018-04-21 06:00:00,6.0,14.91,12.87,,0.26
2018-04-21 07:00:00,6.0,14.81,14.7,,0.41
2018-04-21 08:00:00,14.23,14.88,15.6,,0.38
2018-04-21 09:00:00,12.68,14.98,13.6,,0.4
2018-04-21 10:00:00,6.0,14.9,18.63,,0.43
2018-04-21 11:00:00,6.0,14.76,12.86,,0.27
2018-04-21 12:00:00,16.22,14.93,9.71,,0.35
2018-04-21 13:00:00,19.18,14.92,10.94,,0.27
2018-04-21 14:00:00,13.6,14.86,12.43,,0.28
2018-04-21 15:00:00,6.0,14.96,21.63,,0.43
2018-04-21 16:00:00,6.0,14.69,17.87,,0.38
2018-04-21 17:00:00,6.0,14.94,22.61,,0.54
2018-04-21 18:00:00,6.0,14.88,22.42,,0.5
2018-04-21 19:00:00,6.0,14.99,29.15,,0.77
2018-04-21 20:00:00,6.0,14.88,32.19,,0.79
2018-04-21 21:00:00,16.95,15.02,30.88,,1.36
2018-04-21 22:00:00,27.33,14.99,22.33,,1.16
2018-04-21 23:00:00,29.87,14.95,13.54,,0.56
2018-04-22 00:00:00,34.35,14.96,12.89,,0.82
2018-04-22 01:00:00,27.49,14.82,9.55,,0.46
2018-04-22 02:00:00,14.07,14.78,7.51,,0.21
2018-04-22 03:00:00,6.0,14.78,5.69,,0.17
2018-04-22 04:00:00,6.0,14.97,7.92,,0.31
2018-04-22 05:00:00,6.0,15.04,12.35,,0.55
2018-04-22 06:00:00,6.0,15.09,10.72,,0.59
2018-04-22 07:00:00,6.0,15.06,8.13,,0.6
2018-04-22 08:00:00,6.0,15.03,8.19,,0.37
2018-04-22 09:00:00,18.64,15.09,22.12,,0.72
2018-04-22 10:00:00,16.7,15.09,37.84,,0.71
2018-04-22 11:00:00,18.92,15.08,27.32,,0.49
2018-04-22 12:00:00,20.97,15.99,23.55,,0.26
2018-04-22 13:00:00,14.31,16.42,13.07,,0.2
2018-04-22 14:00:00,12.45,15.02,8.2,,0.17
2018-04-22 15:00:00,6.0,14.88,8.95,,0.05
2018-04-22 16:00:00,6.0,14.96,7.09,,0.05
2018-04-22 17:00:00,6.0,14.84,8.31,,0.11
2018-04-22 18:00:00,6.0,14.8,28.15,,0.39
2018-04-22 19:00:00,16.22,14.93,39.38,,0.79
2018-04-22 20:00:00,31.08,14.9,32.01,,0.56
2018-04-22 21:00:00,38.2,14.81,27.34,,0.49
2018-04-22 22:00:00,54.96,14.8,29.96,,0.57
2018-04-22 23:00:00,56.75,15.05,27.2,,0.6
2018-04-23 00:00:00,50.69,15.03,21.01,,0.53
2018-04-23 01:00:00,47.07,15.0,16.61,,0.51
2018-04-23 02:00:00,40.39,14.99,15.66,,0.66
2018-04-23 03:00:00,40.77,15.06,12.32,,0.61
2018-04-23 04:00:00,41.2,14.98,12.13,,0.37
2018-04-23 05:00:00,36.38,14.9,8.52,,0.36
2018-04-23 06:00:00,32.44,14.79,7.52,,0.46
2018-04-23 07:00:00,35.16,15.04,6.93,,0.72
2018-04-23 08:00:00,36.23,15.11,11.43,,0.92
2018-04-23 09:00:00,40.65,14.96,29.7,,0.91
2018-04-23 10:00:00,38.84,14.88,41.31,,0.49
2018-04-23 11:00:00,29.33,14.78,18.35,,0.24
2018-04-23 12:00:00,27.69,14.64,14.64,,0.16
2018-04-23 13:00:00,20.55,14.52,17.0,,0.31
2018-04-23 14:00:00,14.28,14.68,19.35,,0.22
2018-04-23 15:00:00,14.5,14.56,23.41,,0.14
2018-04-23 16:00:00,6.0,14.63,24.82,,0.3
2018-04-23 17:00:00,6.0,14.64,22.39,,0.22
2018-04-23 18:00:00,25.82,14.6,41.77,,0.39
2018-04-23 19:00:00,28.86,14.8,57.19,,0.63
2018-04-23 20:00:00,42.76,14.93,39.16,,0.54
2018-04-23 21:00:00,58.6,14.85,31.54,,0.44
2018-04-23 22:00:00,46.6,14.61,20.59,,0.33
2018-04-23 23:00:00,37.88,14.81,14.02,,0.17
2018-04-24 00:00:00,29.76,14.73,5.99,,0.1
2018-04-24 01:00:00,21.01,14.52,4.94,,0.05
2018-04-24 02:00:00,15.99,14.64,7.08,,0.15
2018-04-24 03:00:00,6.0,14.75,14.86,,0.18
2018-04-24 04:00:00,14.56,14.83,17.32,,0.21
2018-04-24 05:00:00,17.53,14.93,14.77,,0.23
2018-04-24 06:00:00,12.32,14.8,15.94,,0.25
2018-04-24 07:00:00,12.18,14.96,18.07,,0.54
2018-04-24 08:00:00,25.47,15.13,18.67,,0.51
2018-04-24 09:00:00,24.35,14.9,17.68,,0.54
2018-04-24 10:00:00,24.49,14.73,16.54,,0.24
2018-04-24 11:00:00,27.84,14.81,19.73,,0.26
2018-04-24 12:00:00,26.8,14.5,23.21,,0.28
2018-04-24 13:00:00,25.02,15.0,25.94,,0.29
2018-04-24 14:00:00,23.87,14.88,15.83,,0.21
2018-04-24 15:00:00,17.8,14.79,6.97,,0.14
2018-04-24 16:00:00,6.0,14.59,7.09,,0.05
2018-04-24 17:00:00,6.0,14.45,9.85,,0.05
2018-04-24 18:00:00,6.0,14.39,19.27,,0.19
2018-04-24 19:00:00,19.94,14.51,34.47,,0.38
2018-04-24 20:00:00,29.99,15.19,42.93,,0.71
2018-04-24 21:00:00,42.13,15.15,34.97,,0.54
2018-04-24 22:00:00,47.66,14.39,23.14,,0.28
2018-04-24 23:00:00,42.11,14.46,14.94,,0.14
2018-04-25 00:00:00,30.67,14.62,10.64,,0.12
2018-04-25 01:00:00,23.82,14.33,7.25,,0.05
2018-04-25 02:00:00,27.97,14.21,3.76,,0.05
2018-04-25 03:00:00,28.87,14.32,2.08,,0.05
2018-04-25 04:00:00,23.51,14.52,4.06,,0.05
2018-04-25 05:00:00,26.22,14.61,3.21,,0.05
2018-04-25 06:00:00,21.91,14.76,10.31,,0.12
2018-04-25 07:00:00,22.2,15.3,22.33,,0.27
2018-04-25 08:00:00,27.25,15.19,30.07,,0.42
2018-04-25 09:00:00,33.6,16.55,24.94,,0.26
2018-04-25 10:00:00,32.99,17.58,30.6,,0.24
2018-04-25 11:00:00,32.81,16.58,20.1,,0.05
2018-04-25 12:00:00,29.51,15.63,24.68,,0.24
2018-04-25 13:00:00,25.27,15.56,20.15,,0.18
2018-04-25 14:00:00,22.29,16.0,17.4,,0.18
2018-04-25 15:00:00,14.41,15.35,14.62,,0.17
2018-04-25 16:00:00,6.0,15.04,18.19,,0.18
2018-04-25 17:00:00,16.18,15.11,22.47,,0.21
2018-04-25 18:00:00,26.29,15.07,28.68,,0.31
2018-04-25 19:00:00,38.9,14.66,17.5,,0.25
2018-04-25 20:00:00,43.73,15.05,29.98,,0.37
2018-04-25 21:00:00,48.69,15.0,30.84,,0.36
2018-04-25 22:00:00,53.3,15.18,26.76,,0.29
2018-04-25 23:00:00,53.44,14.85,28.46,,0.34
2018-04-26 00:00:00,44.64,14.87,22.56,,0.26
2018-04-26 01:00:00,42.29,14.9,20.22,,0.19
2018-04-26 02:00:00,44.09,14.97,18.02,,0.29
2018-04-26 03:00:00,38.81,14.74,14.59,,0.36
2018-04-26 04:00:00,32.74,14.9,12.16,,0.23
2018-04-26 05:00:00,32.26,14.92,10.98,,0.18
2018-04-26 06:00:00,28.45,15.15,13.83,,0.23
2018-04-26 07:00:00,28.24,15.08,19.04,,0.39
2018-04-26 08:00:00,26.69,15.16,21.85,,0.61
2018-04-26 09:00:00,25.07,14.91,23.68,,0.41
2018-04-26 10:00:00,27.91,14.65,18.4,,0.29
2018-04-26 11:00:00,26.88,14.84,18.3,,0.3
2018-04-26 12:00:00,27.0,14.93,20.95,,0.25
2018-04-26 13:00:00,29.81,14.95,13.26,,0.19
2018-04-26 14:00:00,23.37,14.82,8.94,,0.14
2018-04-26 15:00:00,17.58,14.73,13.14,,0.22
2018-04-26 16:00:00,12.71,14.88,12.26,,0.17
2018-04-26 17:00:00,15.96,14.78,16.17,,0.21
2018-04-26 18:00:00,27.42,14.57,30.24,,0.37
2018-04-26 19:00:00,43.43,14.65,26.97,,0.3
2018-04-26 20:00:00,43.21,14.74,28.02,,0.32
2018-04-26 21:00:00,46.99,14.56,17.22,,0.27
2018-04-26 22:00:00,40.61,14.51,12.58,,0.14
2018-04-26 23:00:00,34.65,14.47,12.32,,0.17
2018-04-27 00:00:00,37.92,14.45,9.01,,0.12
2018-04-27 01:00:00,44.45,14.79,9.62,,0.05
2018-04-27 02:00:00,55.02,14.47,5.48,,0.16
2018-04-27 03:00:00,50.45,14.62,4.17,,0.18
2018-04-27 04:00:00,42.93,14.65,4.94,,0.16
2018-04-27 05:00:00,39.68,14.73,6.13,,0.14
2018-04-27 06:00:00,36.3,14.7,10.02,,0.22
2018-04-27 07:00:00,31.5,15.03,17.53,,0.41
2018-04-27 08:00:00,24.69,15.19,19.17,,0.47
2018-04-27 09:00:00,23.13,15.56,37.68,,0.8
2018-04-27 10:00:00,35.5,15.4,58.71,,0.59
2018-04-27 11:00:00,35.27,15.53,28.93,,0.36
2018-04-27 12:00:00,28.8,15.12,25.59,,0.33
2018-04-27 13:00:00,22.58,15.08,34.63,,0.45
2018-04-27 14:00:00,20.81,15.19,25.5,,0.31
2018-04-27 15:00:00,24.69,15.15,21.14,,0.17
2018-04-27 16:00:00,18.59,15.16,27.1,,0.22
2018-04-27 17:00:00,21.82,15.15,45.34,,0.47
2018-04-27 18:00:00,35.98,15.15,48.75,,0.69
2018-04-27 19:00:00,49.3,15.15,55.23,,0.94
2018-04-27 20:00:00,70.03,15.09,43.64,,0.88
2018-04-27 21:00:00,93.53,15.18,38.02,,1.21
2018-04-27 22:00:00,101.7,15.32,28.54,,1.02
2018-04-27 23:00:00,104.5,15.58,34.58,,1.6
2018-04-28 00:00:00,99.74,15.26,21.3,,0.94
2018-04-28 01:00:00,85.54,15.29,14.71,,0.68
2018-04-28 02:00:00,79.87,15.48,13.7,,0.78
2018-04-28 03:00:00,68.21,15.3,10.36,,0.53
2018-04-28 04:00:00,58.87,15.47,10.28,,0.41
2018-04-28 05:00:00,50.82,15.44,10.98,,0.35
2018-04-28 06:00:00,44.87,15.37,13.62,,0.24
2018-04-28 07:00:00,39.08,15.59,8.46,,0.39
2018-04-28 08:00:00,39.04,15.46,19.97,,0.57
2018-04-28 09:00:00,43.25,15.46,48.04,,0.28
2018-04-28 10:00:00,36.4,15.45,62.27,,0.25
2018-04-28 11:00:00,31.51,15.86,59.38,,0.22
2018-04-28 12:00:00,39.77,17.88,30.33,,0.18
2018-04-28 13:00:00,40.58,21.22,25.99,,0.05
2018-04-28 14:00:00,31.12,19.27,19.85,,0.05
2018-04-28 15:00:00,26.68,17.29,14.22,,0.05
2018-04-28 16:00:00,19.41,15.32,11.95,,0.05
2018-04-28 17:00:00,14.18,15.09,15.82,,0.05
2018-04-28 18:00:00,22.63,15.12,39.14,,0.17
2018-04-28 19:00:00,43.95,15.12,43.5,,0.43
2018-04-28 20:00:00,61.93,15.04,43.27,,0.43
2018-04-28 21:00:00,76.35,15.02,34.3,,0.52
2018-04-28 22:00:00,77.13,14.81,22.92,,0.28
2018-04-28 23:00:00,77.58,14.92,20.19,,0.26
2018-04-29 00:00:00,78.5,14.94,24.06,,0.29
2018-04-29 01:00:00,68.41,14.86,20.74,,0.48
2018-04-29 02:00:00,66.12,14.93,21.9,,0.53
2018-04-29 03:00:00,65.59,14.91,18.42,,0.41
2018-04-29 04:00:00,61.91,14.78,15.74,,0.38
2018-04-29 05:00:00,55.48,14.66,11.23,,0.28
2018-04-29 06:00:00,50.02,14.94,13.08,,0.23
2018-04-29 07:00:00,46.95,15.01,13.04,,0.34
2018-04-29 08:00:00,39.36,15.07,12.55,,0.39
2018-04-29 09:00:00,36.13,15.02,13.93,,0.5
2018-04-29 10:00:00,36.95,14.82,12.56,,0.35
2018-04-29 11:00:00,26.16,14.88,14.05,,0.31
2018-04-29 12:00:00,20.84,14.92,10.23,,0.26
2018-04-29 13:00:00,20.55,14.89,11.03,,0.21
2018-04-29 14:00:00,14.56,15.14,8.45,,0.13
2018-04-29 15:00:00,14.66,15.15,9.82,,0.22
2018-04-29 16:00:00,13.25,15.07,8.03,,0.1
2018-04-29 17:00:00,6.0,14.94,11.25,,0.19
2018-04-29 18:00:00,14.87,15.06,29.63,,0.47
2018-04-29 19:00:00,35.69,15.07,34.58,,0.57
2018-04-29 20:00:00,70.55,15.11,29.1,,0.57
2018-04-29 21:00:00,81.41,14.92,24.86,,0.49
2018-04-29 22:00:00,83.92,15.1,23.76,,0.55
2018-04-29 23:00:00,87.3,15.09,21.12,,0.81
2018-04-30 00:00:00,83.4,15.0,19.08,,0.58
2018-04-30 01:00:00,86.76,15.02,24.56,,0.48
2018-04-30 02:00:00,78.38,14.77,16.57,,0.3
2018-04-30 03:00:00,53.44,15.04,1.96,,0.05
2018-04-30 04:00:00,29.81,14.89,1.97,,0.05
2018-04-30 05:00:00,15.06,15.04,3.78,,0.05
2018-04-30 06:00:00,6.0,15.01,18.44,,0.11
2018-04-30 07:00:00,6.0,15.01,31.24,,0.2
2018-04-30 08:00:00,6.0,15.04,34.27,,0.36
2018-04-30 09:00:00,15.05,15.02,23.97,,0.27
2018-04-30 10:00:00,19.88,14.92,17.62,,0.15
2018-04-30 11:00:00,25.85,15.08,12.2,,0.1
2018-04-30 12:00:00,29.53,14.93,7.27,,0.05
2018-04-30 13:00:00,21.74,14.89,7.68,,0.05
2018-04-30 14:00:00,14.93,14.91,8.34,,0.05
2018-04-30 15:00:00,6.0,14.82,10.17,,0.05
2018-04-30 16:00:00,,,,,
2018-04-30 17:00:00,6.0,15.03,14.58,,0.05
2018-04-30 18:00:00,6.0,15.09,23.83,,0.05
2018-04-30 19:00:00,,14.94,34.3,,0.16
2018-04-30 20:00:00,6.0,15.14,30.25,,0.24
2018-04-30 21:00:00,17.35,15.03,18.2,,0.34
2018-04-30 22:00:00,22.11,14.95,17.1,,0.32
2018-04-30 23:00:00,19.95,14.99,15.55,,0.19
2018-05-01 00:00:00,15.21,14.86,14.61,,0.1
2018-05-01 01:00:00,18.11,14.77,10.97,,0.1
2018-05-01 02:00:00,15.05,14.71,9.28,,0.21
2018-05-01 03:00:00,6.0,14.73,7.08,,0.16
2018-05-01 04:00:00,13.27,14.56,7.82,,0.16
2018-05-01 05:00:00,6.0,14.63,12.89,,0.21
2018-05-01 06:00:00,14.15,14.67,5.45,,0.05
2018-05-01 07:00:00,14.4,14.7,3.93,,0.05
2018-05-01 08:00:00,6.0,15.08,4.15,,0.05
2018-05-01 09:00:00,6.0,14.8,5.49,,0.05
2018-05-01 10:00:00,6.0,14.78,4.53,,0.05
2018-05-01 11:00:00,6.0,15.08,10.42,,0.47
2018-05-01 12:00:00,21.16,14.94,10.26,,0.73
2018-05-01 13:00:00,28.86,15.29,8.29,,0.44
2018-05-01 14:00:00,25.43,15.23,6.71,,0.27
2018-05-01 15:00:00,16.3,14.99,5.06,,0.12
2018-05-01 16:00:00,6.0,15.03,4.07,,0.05
2018-05-01 17:00:00,6.0,14.81,3.79,,0.05
2018-05-01 18:00:00,6.0,14.86,5.27,,0.05
2018-05-01 19:00:00,6.0,15.07,7.14,,0.1
2018-05-01 20:00:00,6.0,14.94,8.69,,0.05
2018-05-01 21:00:00,12.47,15.19,8.14,,0.05
2018-05-01 22:00:00,6.0,15.1,10.67,,0.05
2018-05-01 23:00:00,12.85,15.08,7.33,,0.05
2018-05-02 00:00:00,14.63,15.19,8.57,,0.05
2018-05-02 01:00:00,14.24,15.1,4.5,,0.05
2018-05-02 02:00:00,15.7,15.1,3.25,,0.12
2018-05-02 03:00:00,16.91,14.91,1.87,,0.05
2018-05-02 04:00:00,18.26,15.13,2.45,,0.05
2018-05-02 05:00:00,13.66,15.07,2.01,,0.05
2018-05-02 06:00:00,6.0,15.28,7.93,,0.1
2018-05-02 07:00:00,12.7,15.57,20.11,,0.47
2018-05-02 08:00:00,21.5,15.36,18.38,,0.36
2018-05-02 09:00:00,20.09,15.33,15.24,,0.24
2018-05-02 10:00:00,15.84,15.23,8.26,,0.05
2018-05-02 11:00:00,13.92,15.28,8.42,,0.05
2018-05-02 12:00:00,15.75,15.1,8.4,,0.05
2018-05-02 13:00:00,12.72,14.86,6.24,,0.11
2018-05-02 14:00:00,6.0,14.98,5.48,,0.16
2018-05-02 15:00:00,13.75,15.06,7.84,,0.16
2018-05-02 16:00:00,,,,,
2018-05-02 17:00:00,6.0,15.1,12.85,,0.21
2018-05-02 18:00:00,6.0,15.01,19.39,,0.23
2018-05-02 19:00:00,18.97,15.28,22.47,,0.3
2018-05-02 20:00:00,27.38,15.23,26.94,,0.3
2018-05-02 21:00:00,23.58,15.01,18.08,,0.18
2018-05-02 22:00:00,23.68,14.99,13.59,,0.11
2018-05-02 23:00:00,22.12,15.27,17.27,,0.27
2018-05-03 00:00:00,19.94,15.26,18.84,,0.25
2018-05-03 01:00:00,22.59,15.32,12.86,,0.14
2018-05-03 02:00:00,24.28,15.19,8.66,,0.21
2018-05-03 03:00:00,22.48,15.28,15.89,,0.24
2018-05-03 04:00:00,19.06,15.21,16.8,,0.24
2018-05-03 05:00:00,27.11,15.19,14.01,,0.22
2018-05-03 06:00:00,25.9,15.37,15.94,,0.24
2018-05-03 07:00:00,22.04,15.5,20.45,,0.41
2018-05-03 08:00:00,26.43,15.5,21.38,,0.66
2018-05-03 09:00:00,26.29,16.69,19.79,,0.31
2018-05-03 10:00:00,25.24,21.13,20.82,,0.3
2018-05-03 11:00:00,27.81,20.75,27.05,,0.38
2018-05-03 12:00:00,29.03,18.73,20.23,,0.32
2018-05-03 13:00:00,30.95,16.22,17.21,,0.24
2018-05-03 14:00:00,30.33,15.52,14.94,,0.23
2018-05-03 15:00:00,25.21,15.5,10.73,,0.16
2018-05-03 16:00:00,23.31,16.09,16.02,,0.16
2018-05-03 17:00:00,17.62,16.34,26.83,,0.21
2018-05-03 18:00:00,20.68,16.45,33.77,,0.5
2018-05-03 19:00:00,26.24,16.24,40.16,,0.69
2018-05-03 20:00:00,25.19,15.83,45.93,,0.66
2018-05-03 21:00:00,21.06,15.59,30.12,,0.33
2018-05-03 22:00:00,21.74,15.58,28.99,,0.52
2018-05-03 23:00:00,22.27,15.65,35.65,,0.42
2018-05-04 00:00:00,32.23,15.47,30.72,,0.38
2018-05-04 01:00:00,40.63,15.45,29.81,,0.31
2018-05-04 02:00:00,33.7,15.35,24.04,,0.23
2018-05-04 03:00:00,27.77,15.39,22.37,,0.3
2018-05-04 04:00:00,25.0,15.34,16.26,,0.26
2018-05-04 05:00:00,18.66,15.37,15.5,,0.25
2018-05-04 06:00:00,30.61,15.29,11.29,,0.32
2018-05-04 07:00:00,38.05,15.51,9.4,,0.52
2018-05-04 08:00:00,32.7,15.86,15.1,,0.96
2018-05-04 09:00:00,35.22,15.64,29.55,,0.54
2018-05-04 10:00:00,32.72,19.87,49.97,,0.41
2018-05-04 11:00:00,27.62,17.68,22.61,,0.14
2018-05-04 12:00:00,28.28,17.25,26.34,,0.19
2018-05-04 13:00:00,24.71,15.68,14.66,,0.05
2018-05-04 14:00:00,21.56,15.47,24.71,,0.22
2018-05-04 15:00:00,17.33,16.92,31.67,,0.2
2018-05-04 16:00:00,13.69,16.22,23.22,,0.05
2018-05-04 17:00:00,17.17,15.5,49.0,,0.4
2018-05-04 18:00:00,22.11,15.43,30.38,,0.29
2018-05-04 19:00:00,24.43,15.76,14.8,,0.11
2018-05-04 20:00:00,22.51,15.52,16.34,,0.19
2018-05-04 21:00:00,23.41,15.29,20.6,,0.3
2018-05-04 22:00:00,22.94,15.57,18.95,,0.18
2018-05-04 23:00:00,22.37,15.63,23.36,,0.43
2018-05-05 00:00:00,26.38,15.41,29.37,,0.56
2018-05-05 01:00:00,38.74,15.43,23.92,,0.26
2018-05-05 02:00:00,41.79,15.47,17.45,,0.34
2018-05-05 03:00:00,33.01,15.31,17.45,,0.37
2018-05-05 04:00:00,21.34,15.28,11.7,,0.27
2018-05-05 05:00:00,15.32,15.59,10.18,,0.21
2018-05-05 06:00:00,13.98,15.47,10.13,,0.14
2018-05-05 07:00:00,18.5,15.07,12.45,,0.13
2018-05-05 08:00:00,16.97,15.33,16.53,,0.29
2018-05-05 09:00:00,19.5,15.42,18.2,,0.4
2018-05-05 10:00:00,17.16,15.38,10.09,,0.17
2018-05-05 11:00:00,6.0,15.58,9.25,,0.23
2018-05-05 12:00:00,6.0,15.21,11.36,,0.25
2018-05-05 13:00:00,6.0,15.13,6.12,,0.14
2018-05-05 14:00:00,6.0,15.22,3.58,,0.11
2018-05-05 15:00:00,6.0,15.09,5.27,,0.11
2018-05-05 16:00:00,6.0,15.01,5.5,,0.05
2018-05-05 17:00:00,6.0,15.31,6.52,,0.05
2018-05-05 18:00:00,6.0,15.1,9.05,,0.1
2018-05-05 19:00:00,15.88,15.18,13.49,,0.18
2018-05-05 20:00:00,17.84,15.03,10.82,,0.16
2018-05-05 21:00:00,25.18,15.4,13.13,,0.99
2018-05-05 22:00:00,42.09,15.39,13.04,,0.6
2018-05-05 23:00:00,36.83,15.36,10.11,,0.31
2018-05-06 00:00:00,20.3,15.33,10.68,,0.22
2018-05-06 01:00:00,18.45,15.07,10.25,,0.13
2018-05-06 02:00:00,18.82,15.21,5.31,,0.14
2018-05-06 03:00:00,12.43,15.44,3.48,,0.05
2018-05-06 04:00:00,6.0,15.29,1.52,,0.05
2018-05-06 05:00:00,6.0,15.39,0.47,,0.05
2018-05-06 06:00:00,6.0,15.19,2.32,,0.05
2018-05-06 07:00:00,6.0,15.12,2.65,,0.05
2018-05-06 08:00:00,6.0,15.03,4.69,,0.05
2018-05-06 09:00:00,6.0,15.16,4.19,,0.05
2018-05-06 10:00:00,6.0,15.03,3.0,,0.05
2018-05-06 11:00:00,16.0,15.37,2.32,,0.1
2018-05-06 12:00:00,16.28,15.41,4.21,,0.23
2018-05-06 13:00:00,18.45,15.49,6.17,,0.62
2018-05-06 14:00:00,39.5,15.02,4.15,,0.3
2018-05-06 15:00:00,43.56,15.06,1.98,,0.13
2018-05-06 16:00:00,26.57,15.25,2.32,,0.05
2018-05-06 17:00:00,19.3,15.2,4.54,,0.11
2018-05-06 18:00:00,15.45,15.46,4.08,,0.05
2018-05-06 19:00:00,18.35,15.38,4.54,,0.05
2018-05-06 20:00:00,22.64,15.4,7.48,,0.1
2018-05-06 21:00:00,23.99,15.48,6.69,,0.11
2018-05-06 22:00:00,24.25,15.53,5.22,,0.05
2018-05-06 23:00:00,17.73,15.06,3.75,,0.05
2018-05-07 00:00:00,12.96,15.44,1.99,,0.05
2018-05-07 01:00:00,17.53,15.34,3.8,,0.05
2018-05-07 02:00:00,18.39,15.34,4.52,,0.05
2018-05-07 03:00:00,13.8,15.51,1.67,,0.05
2018-05-07 04:00:00,6.0,15.66,1.6,,0.05
2018-05-07 05:00:00,6.0,15.42,3.4,,0.05
2018-05-07 06:00:00,13.34,15.6,9.4,,0.05
2018-05-07 07:00:00,6.0,15.8,21.69,,0.17
2018-05-07 08:00:00,13.09,15.7,20.59,,0.26
2018-05-07 09:00:00,17.75,15.79,16.03,,0.24
2018-05-07 10:00:00,21.04,15.56,7.4,,0.05
2018-05-07 11:00:00,19.42,15.47,2.0,,0.05
2018-05-07 12:00:00,18.35,15.34,2.52,,0.05
2018-05-07 13:00:00,19.67,15.64,4.66,,0.05
2018-05-07 14:00:00,13.54,15.49,2.25,,0.05
2018-05-07 15:00:00,14.68,15.52,3.94,,0.05
2018-05-07 16:00:00,13.29,15.4,3.57,,0.05
2018-05-07 17:00:00,14.65,15.52,6.67,,0.05
2018-05-07 18:00:00,18.47,15.84,10.3,,0.13
2018-05-07 19:00:00,18.01,15.77,16.97,,0.14
2018-05-07 20:00:00,15.84,15.71,14.45,,0.15
2018-05-07 21:00:00,23.35,15.69,11.41,,0.15
2018-05-07 22:00:00,24.76,15.63,15.27,,0.12
2018-05-07 23:00:00,21.31,15.78,16.52,,0.21
2018-05-08 00:00:00,21.03,15.79,9.71,,0.05
2018-05-08 01:00:00,22.32,15.84,10.07,,0.05
2018-05-08 02:00:00,16.99,15.65,9.51,,0.05
2018-05-08 03:00:00,12.79,15.54,9.18,,0.11
2018-05-08 04:00:00,6.0,15.56,5.0,,0.05
2018-05-08 05:00:00,6.0,15.78,6.95,,0.05
2018-05-08 06:00:00,6.0,16.01,13.5,,0.29
2018-05-08 07:00:00,6.0,16.83,14.83,,0.69
2018-05-08 08:00:00,13.89,16.34,16.33,,0.85
2018-05-08 09:00:00,20.24,15.91,19.39,,0.29
2018-05-08 10:00:00,23.3,16.2,11.68,,0.19
2018-05-08 11:00:00,17.05,16.19,8.83,,0.12
2018-05-08 12:00:00,17.87,16.01,6.51,,0.16
2018-05-08 17:00:00,17.68,17.4,11.18,,0.19
2018-05-08 18:00:00,23.31,17.31,22.16,,0.37
2018-05-08 19:00:00,34.3,16.65,27.18,,0.33
2018-05-08 20:00:00,46.83,16.14,22.59,,0.25
2018-05-08 21:00:00,53.94,16.0,24.54,,0.38
2018-05-08 22:00:00,47.31,16.21,13.2,,0.26
2018-05-08 23:00:00,34.72,15.97,18.96,,0.3
2018-05-09 00:00:00,32.84,15.92,21.31,,0.32
2018-05-09 01:00:00,32.06,15.83,15.77,,0.18
2018-05-09 02:00:00,28.82,15.98,15.56,,0.15
2018-05-09 03:00:00,25.86,16.04,12.48,,0.13
2018-05-09 04:00:00,18.75,15.94,7.09,,0.05
2018-05-09 05:00:00,14.09,16.0,8.83,,0.12
2018-05-09 06:00:00,16.13,15.91,10.08,,0.21
2018-05-09 07:00:00,12.67,16.34,10.81,,0.48
2018-05-09 08:00:00,13.75,17.23,13.36,,1.37
2018-05-09 09:00:00,37.42,16.35,22.49,,0.89
2018-05-09 10:00:00,47.95,16.52,23.34,,0.33
2018-05-09 11:00:00,78.23,16.26,20.49,,0.25
2018-05-09 12:00:00,82.33,15.98,16.39,,0.29
2018-05-09 13:00:00,62.41,16.12,11.33,,0.14
2018-05-09 14:00:00,50.07,15.94,12.8,,0.14
2018-05-09 15:00:00,36.71,,,,0.26
2018-05-09 16:00:00,25.26,16.72,20.59,,0.17
2018-05-09 17:00:00,25.61,16.23,30.51,,0.33
2018-05-09 18:00:00,34.76,16.15,46.92,,0.72
2018-05-09 19:00:00,58.69,16.25,49.45,,0.8
2018-05-09 20:00:00,94.15,16.31,41.52,,0.66
2018-05-09 21:00:00,115.3,16.18,33.22,,0.66
2018-05-09 22:00:00,119.5,16.39,27.24,,0.94
2018-05-09 23:00:00,106.2,16.25,19.9,,0.64
2018-05-10 00:00:00,90.31,16.28,18.7,,0.46
2018-05-10 01:00:00,78.14,16.2,14.08,,0.35
2018-05-10 02:00:00,71.63,16.18,13.53,,0.44
2018-05-10 03:00:00,64.27,16.34,11.84,,0.51
2018-05-10 04:00:00,51.29,16.23,9.93,,0.47
2018-05-10 05:00:00,50.91,16.23,8.82,,0.48
2018-05-10 06:00:00,54.92,16.32,7.9,,0.5
2018-05-10 07:00:00,46.9,16.25,11.53,,0.32
2018-05-10 08:00:00,32.11,17.1,12.99,,1.38
2018-05-10 09:00:00,30.53,16.31,19.43,,0.47
2018-05-10 10:00:00,36.43,16.21,16.5,,0.14
2018-05-10 11:00:00,30.77,16.09,14.55,,0.2
2018-05-10 12:00:00,21.45,16.09,19.84,,0.26
2018-05-10 13:00:00,22.41,16.02,18.94,,0.24
2018-05-10 14:00:00,17.83,16.14,14.06,,0.22
2018-05-10 15:00:00,17.28,16.21,20.3,,0.26
2018-05-10 16:00:00,14.96,16.07,21.47,,0.22
2018-05-11 17:00:00,6.0,64.39,19.23,,0.1
2018-05-11 18:00:00,6.0,129.9,26.67,,0.19
2018-05-11 19:00:00,15.77,57.04,36.33,,0.15
2018-05-11 20:00:00,14.37,91.51,19.66,,0.11
2018-05-11 21:00:00,6.0,26.97,26.3,,0.05
2018-05-11 22:00:00,14.46,21.42,15.27,,0.05
2018-05-11 23:00:00,15.16,17.91,9.85,,0.05
2018-05-12 00:00:00,6.0,17.65,10.97,,0.05
2018-05-12 01:00:00,6.0,16.4,7.5,,0.05
2018-05-12 02:00:00,6.0,16.37,2.05,,0.05
2018-05-12 03:00:00,6.0,16.35,2.02,,0.05
2018-05-12 04:00:00,6.0,16.38,8.57,,0.05
2018-05-12 05:00:00,6.0,16.38,6.95,,0.05
2018-05-12 06:00:00,6.0,16.35,11.82,,0.12
2018-05-12 07:00:00,6.0,16.41,16.3,,0.05
2018-05-12 08:00:00,6.0,16.43,18.49,,0.17
2018-05-12 09:00:00,6.0,16.46,15.97,,0.18
2018-05-12 10:00:00,6.0,16.32,7.07,,0.1
2018-05-12 11:00:00,6.0,16.33,5.21,,0.18
2018-05-12 12:00:00,6.0,16.36,5.18,,0.26
2018-05-12 13:00:00,6.0,16.31,7.27,,0.25
2018-05-12 14:00:00,6.0,16.34,7.43,,0.34
2018-05-12 15:00:00,6.0,17.09,6.61,,0.26
2018-05-12 16:00:00,6.0,16.92,10.91,,0.27
2018-05-12 17:00:00,6.0,16.72,13.42,,0.31
2018-05-12 18:00:00,6.0,16.52,28.72,,0.44
2018-05-12 19:00:00,6.0,16.41,42.31,,0.84
2018-05-12 20:00:00,13.35,16.58,44.84,,0.78
2018-05-12 21:00:00,26.17,16.46,42.39,,0.95
2018-05-12 22:00:00,34.09,16.62,34.13,,1.63
2018-05-12 23:00:00,53.07,16.51,26.21,,1.86
2018-05-13 00:00:00,70.12,16.55,18.76,,1.54
2018-05-13 01:00:00,65.85,16.35,18.04,,0.75
2018-05-13 02:00:00,50.63,16.12,20.68,,0.27
2018-05-13 03:00:00,35.74,16.14,15.99,,0.27
2018-05-13 04:00:00,23.32,16.39,16.71,,0.14
2018-05-13 05:00:00,19.32,16.35,16.81,,0.16
2018-05-13 06:00:00,19.32,16.08,10.6,,0.14
2018-05-13 07:00:00,13.51,16.21,10.6,,0.26
2018-05-13 08:00:00,17.47,16.38,10.7,,0.19
2018-05-13 09:00:00,22.17,16.63,24.57,,0.15
2018-05-13 10:00:00,29.66,18.17,18.58,,0.25
2018-05-13 11:00:00,24.21,28.84,28.74,,0.28
2018-05-13 12:00:00,17.62,22.99,22.74,,0.44
2018-05-13 13:00:00,12.78,19.11,15.42,,0.56
2018-05-13 14:00:00,22.1,17.01,7.6,,0.26
2018-05-13 15:00:00,21.73,16.33,9.68,,0.32
2018-05-13 16:00:00,6.0,16.32,10.13,,0.3
2018-05-13 17:00:00,6.0,16.3,12.75,,0.3
2018-05-13 18:00:00,15.22,16.32,23.18,,0.43
2018-05-13 19:00:00,19.31,16.56,27.75,,0.39
2018-05-13 20:00:00,34.55,16.34,30.43,,0.47
2018-05-13 21:00:00,42.42,16.43,23.96,,0.29
2018-05-13 22:00:00,39.91,16.31,19.61,,0.34
2018-05-13 23:00:00,33.13,16.43,19.15,,0.25
2018-05-14 00:00:00,24.78,16.27,20.74,,0.3
2018-05-14 01:00:00,22.38,16.11,18.86,,0.14
2018-05-14 02:00:00,19.28,16.12,12.41,,0.05
2018-05-14 03:00:00,6.0,15.88,8.36,,0.05
2018-05-14 04:00:00,6.0,15.91,6.9,,0.05
2018-05-14 05:00:00,6.0,15.97,8.7,,0.05
2018-05-14 06:00:00,6.0,16.25,8.36,,0.05
2018-05-14 07:00:00,6.0,16.63,10.05,,0.44
2018-05-14 08:00:00,6.0,17.09,11.95,,1.02
2018-05-14 09:00:00,22.87,16.64,19.53,,0.67
2018-05-14 10:00:00,33.46,16.66,23.15,,0.37
2018-05-14 11:00:00,42.04,16.51,15.98,,0.19
2018-05-14 12:00:00,36.71,16.57,11.84,,0.22
2018-05-14 13:00:00,23.27,16.31,10.44,,0.17
2018-05-14 14:00:00,17.81,16.36,8.72,,0.13
2018-05-14 15:00:00,14.54,16.2,10.35,,0.15
2018-05-14 16:00:00,6.0,16.4,13.43,,0.11
2018-05-14 17:00:00,18.28,16.49,23.46,,0.22
2018-05-14 18:00:00,32.94,16.55,38.66,,0.36
2018-05-14 19:00:00,55.21,16.76,49.14,,0.79
2018-05-14 20:00:00,75.33,16.67,39.42,,0.62
2018-05-14 21:00:00,78.95,16.61,39.11,,0.78
2018-05-14 22:00:00,79.66,16.62,30.82,,0.4
2018-05-14 23:00:00,82.78,16.7,27.15,,0.53
2018-05-15 00:00:00,69.7,16.97,25.34,,0.76
2018-05-15 01:00:00,57.23,16.63,17.76,,0.65
2018-05-15 02:00:00,48.98,16.69,13.82,,0.59
2018-05-15 03:00:00,47.77,16.6,12.72,,0.48
2018-05-15 04:00:00,39.79,16.56,21.04,,0.26
2018-05-15 05:00:00,43.28,16.63,29.01,,0.18
2018-05-15 06:00:00,46.48,16.65,26.81,,0.6
2018-05-15 07:00:00,51.57,16.97,33.92,,0.56
2018-05-15 08:00:00,39.8,16.75,33.72,,0.75
2018-05-15 09:00:00,22.78,18.0,41.49,,0.32
2018-05-15 10:00:00,25.56,17.11,38.34,,0.44
2018-05-15 11:00:00,34.03,16.65,28.54,,0.16
2018-05-15 12:00:00,34.95,17.06,27.98,,0.24
2018-05-15 13:00:00,24.09,17.32,19.69,,0.18
2018-05-15 14:00:00,15.88,38.07,24.27,,0.12
2018-05-15 15:00:00,23.09,39.72,26.66,,0.24
2018-05-15 16:00:00,21.67,19.41,20.76,,0.14
2018-05-15 17:00:00,15.96,17.91,30.38,,0.15
2018-05-15 18:00:00,21.71,17.44,33.2,,0.48
2018-05-15 19:00:00,26.8,17.88,29.93,,0.85
2018-05-15 20:00:00,28.52,17.37,28.88,,0.66
2018-05-15 21:00:00,35.12,16.97,26.64,,0.55
2018-05-15 22:00:00,38.07,16.63,26.75,,0.23
2018-05-15 23:00:00,30.13,16.6,30.4,,0.15
2018-05-16 00:00:00,20.87,16.73,20.17,,0.26
2018-05-16 01:00:00,13.39,16.7,19.56,,0.12
2018-05-16 02:00:00,6.0,16.79,18.85,,0.26
2018-05-16 03:00:00,19.21,16.49,16.45,,0.23
2018-05-16 04:00:00,17.59,16.33,13.8,,0.18
2018-05-16 05:00:00,14.34,16.47,12.83,,0.15
2018-05-16 06:00:00,15.5,16.29,8.15,,0.12
2018-05-16 07:00:00,12.36,16.37,11.8,,0.14
2018-05-16 08:00:00,6.0,16.53,19.39,,0.33
2018-05-16 09:00:00,6.0,16.55,21.67,,0.25
2018-05-16 10:00:00,6.0,16.38,21.85,,0.33
2018-05-16 11:00:00,6.0,16.3,18.57,,0.26
2018-05-16 12:00:00,6.0,16.63,21.04,,0.39
2018-05-16 13:00:00,6.0,16.79,19.96,,0.4
2018-05-16 14:00:00,6.0,16.9,13.19,,0.29
2018-05-16 15:00:00,6.0,16.18,14.33,,0.35
2018-05-16 16:00:00,6.0,16.41,11.22,,0.18
2018-05-16 17:00:00,6.0,16.46,19.01,,0.34
2018-05-16 18:00:00,6.0,16.56,37.07,,0.47
2018-05-16 19:00:00,15.52,16.53,43.62,,0.76
2018-05-16 20:00:00,38.9,16.65,40.68,,0.76
2018-05-16 21:00:00,46.37,16.71,34.73,,0.74
2018-05-16 22:00:00,51.88,16.55,29.63,,0.77
2018-05-16 23:00:00,44.5,16.82,22.0,,0.69
2018-05-17 00:00:00,45.45,16.41,17.96,,0.51
2018-05-17 01:00:00,44.56,16.55,13.27,,0.44
2018-05-17 02:00:00,37.81,16.53,16.32,,0.38
2018-05-17 03:00:00,30.4,16.6,13.49,,0.37
2018-05-17 04:00:00,31.44,15.92,9.08,,0.2
2018-05-17 05:00:00,25.32,16.15,6.44,,0.25
2018-05-17 06:00:00,23.92,16.58,7.92,,0.23
2018-05-17 07:00:00,21.46,17.25,8.26,,0.84
2018-05-17 08:00:00,27.49,17.02,12.98,,1.02
2018-05-17 09:00:00,35.94,16.69,22.77,,0.53
2018-05-17 10:00:00,37.16,16.58,24.98,,0.34
2018-05-17 11:00:00,34.26,16.44,14.64,,0.2
2018-05-17 12:00:00,24.25,16.88,7.23,,0.12
2018-05-17 13:00:00,19.07,16.27,6.37,,0.05
2018-05-17 14:00:00,16.84,16.13,7.04,,0.12
2018-05-17 15:00:00,6.0,16.42,8.96,,0.05
2018-05-17 16:00:00,6.0,16.48,9.0,,0.05
2018-05-20 17:00:00,6.0,20.85,22.0,,0.13
2018-05-20 18:00:00,6.0,14.45,11.86,,0.1
2018-05-20 19:00:00,6.0,68.62,16.91,,0.26
2018-05-20 20:00:00,6.0,49.63,9.1,,0.15
2018-05-20 21:00:00,12.54,19.46,9.45,,0.15
2018-05-20 22:00:00,12.17,51.88,16.39,,0.15
2018-05-20 23:00:00,6.0,51.02,13.67,,0.13
2018-05-21 00:00:00,6.0,31.78,15.32,,0.18
2018-05-21 01:00:00,6.0,29.62,16.66,,0.05
2018-05-21 02:00:00,12.79,16.76,13.21,,0.05
2018-05-21 03:00:00,6.0,3.23,3.53,,0.05
2018-05-21 04:00:00,6.0,5.92,3.65,,0.05
2018-05-21 05:00:00,6.0,8.3,11.88,,0.05
2018-05-21 06:00:00,6.0,10.79,15.55,,0.05
2018-05-21 07:00:00,6.0,8.74,22.67,,0.05
2018-05-21 08:00:00,6.0,11.42,20.41,,0.17
2018-05-21 09:00:00,6.0,11.19,15.76,,0.05
2018-05-21 10:00:00,6.0,10.0,9.28,,0.05
2018-05-21 11:00:00,6.0,10.11,9.57,,0.05
2018-05-21 12:00:00,6.0,12.02,13.14,,0.05
2018-05-21 13:00:00,6.0,11.5,12.0,,0.05
2018-05-21 14:00:00,6.0,13.66,11.46,,0.05
2018-05-21 15:00:00,6.0,13.19,13.69,,0.05
2018-05-21 16:00:00,6.0,17.86,16.55,,0.05
2018-05-21 17:00:00,6.0,25.56,19.99,,0.22
2018-05-21 18:00:00,6.0,13.28,24.97,,0.39
2018-05-21 19:00:00,6.0,12.17,33.58,,0.67
2018-05-21 20:00:00,19.94,11.73,35.25,,0.8
2018-05-21 21:00:00,28.52,11.34,36.38,,0.83
2018-05-21 22:00:00,29.26,10.92,31.4,,0.8
2018-05-21 23:00:00,37.47,11.05,34.09,,0.85
2018-05-22 00:00:00,44.64,10.21,26.47,,0.46
2018-05-22 01:00:00,36.44,9.85,19.7,,0.32
2018-05-22 02:00:00,25.99,9.97,13.06,,0.3
2018-05-22 03:00:00,16.62,10.02,10.11,,0.18
2018-05-22 04:00:00,18.47,9.92,12.54,,0.29
2018-05-22 05:00:00,23.27,9.96,13.01,,0.18
2018-05-22 06:00:00,21.45,9.87,9.27,,0.2
2018-05-22 07:00:00,16.43,10.67,8.03,,0.35
2018-05-22 08:00:00,21.5,11.19,13.76,,0.9
2018-05-22 09:00:00,22.49,12.19,19.11,,0.6
2018-05-22 10:00:00,24.57,18.59,29.98,,0.4
2018-05-22 11:00:00,21.41,12.24,13.58,,0.16
2018-05-22 12:00:00,25.24,14.34,14.61,,0.12
2018-05-22 13:00:00,21.72,14.02,8.55,,0.05
2018-05-22 14:00:00,6.0,15.15,7.82,,0.05
2018-05-22 15:00:00,6.0,15.38,13.96,,0.05
2018-05-22 16:00:00,6.0,14.45,12.2,,0.05
2018-05-22 17:00:00,6.0,11.8,17.13,,0.05
2018-05-22 18:00:00,6.0,11.74,41.03,,0.36
2018-05-22 19:00:00,16.26,11.17,48.05,,0.37
2018-05-22 20:00:00,24.41,10.78,46.6,,0.58
2018-05-22 21:00:00,32.53,10.4,35.68,,0.29
2018-05-22 22:00:00,33.38,10.46,32.02,,0.51
2018-05-22 23:00:00,32.66,10.03,30.39,,0.74
2018-05-23 00:00:00,37.47,10.06,26.9,,0.49
2018-05-23 01:00:00,37.94,10.08,19.91,,0.2
2018-05-23 02:00:00,35.53,10.07,10.12,,0.05
2018-05-23 03:00:00,27.72,10.06,11.35,,0.05
2018-05-23 04:00:00,22.15,10.07,10.28,,0.19
2018-05-23 05:00:00,22.72,10.07,13.82,,0.13
2018-05-23 06:00:00,19.56,10.19,17.52,,0.19
2018-05-23 07:00:00,12.14,10.6,24.02,,0.6
2018-05-23 08:00:00,18.19,11.68,22.24,,1.37
2018-05-23 09:00:00,31.96,10.92,35.75,,0.39
2018-05-23 10:00:00,27.67,14.8,19.9,,0.05
2018-05-23 11:00:00,15.52,11.41,10.95,,0.05
2018-05-23 12:00:00,15.41,11.94,11.75,,0.05
2018-05-23 13:00:00,12.79,14.75,11.85,,0.05
2018-05-23 14:00:00,6.0,14.91,10.1,,0.05
2018-05-23 15:00:00,6.0,15.48,12.42,,0.05
2018-05-23 16:00:00,6.0,15.01,13.39,,0.05
2018-05-23 17:00:00,6.0,11.45,11.18,,0.05
2018-05-23 18:00:00,6.0,11.37,38.74,,0.31
2018-05-23 19:00:00,13.24,11.17,45.58,,0.57
2018-05-23 20:00:00,32.59,11.64,35.07,,1.0
2018-05-23 21:00:00,54.73,10.89,22.47,,0.58
2018-05-23 22:00:00,61.33,10.63,19.53,,0.56
2018-05-23 23:00:00,55.15,10.59,13.79,,0.64
2018-05-24 00:00:00,49.27,10.3,12.35,,0.42
2018-05-24 01:00:00,43.73,10.17,10.16,,0.4
2018-05-24 02:00:00,36.9,10.09,8.84,,0.37
2018-05-24 03:00:00,36.42,10.06,6.31,,0.45
2018-05-24 04:00:00,33.5,10.07,8.35,,0.45
2018-05-24 05:00:00,38.9,10.09,10.07,,0.36
2018-05-24 06:00:00,42.94,10.6,11.57,,0.49
2018-05-24 07:00:00,42.5,11.01,13.53,,0.53
2018-05-24 08:00:00,39.69,10.64,11.85,,0.57
2018-05-24 09:00:00,36.53,11.48,23.94,,0.69
2018-05-24 10:00:00,36.78,18.36,33.76,,0.91
2018-05-24 11:00:00,44.83,34.99,31.09,,0.57
2018-05-24 12:00:00,41.06,22.63,23.36,,0.17
2018-05-24 13:00:00,29.48,18.41,20.79,,0.05
2018-05-24 14:00:00,18.2,16.18,17.62,,0.05
2018-05-24 15:00:00,6.0,16.46,17.2,,0.05
2018-05-24 16:00:00,6.0,13.66,16.45,,0.05
2018-05-24 17:00:00,6.0,11.79,17.18,,0.05
2018-05-24 18:00:00,6.0,11.91,60.87,,0.94
2018-05-24 19:00:00,31.27,12.15,60.02,,1.23
2018-05-24 20:00:00,61.46,11.31,40.14,,0.4
2018-05-24 21:00:00,74.5,10.73,32.38,,0.55
2018-05-24 22:00:00,64.68,10.36,24.92,,0.43
2018-05-24 23:00:00,61.8,10.66,21.82,,0.48
2018-05-25 00:00:00,55.71,9.5,13.42,,0.29
2018-05-25 01:00:00,51.77,9.34,11.71,,0.3
2018-05-25 02:00:00,52.19,10.07,7.67,,0.27
2018-05-25 03:00:00,40.07,10.18,6.23,,0.52
2018-05-25 04:00:00,24.98,10.07,8.81,,0.57
2018-05-25 05:00:00,27.81,10.06,7.8,,0.45
2018-05-25 06:00:00,24.08,10.48,8.18,,0.52
2018-05-25 07:00:00,29.06,11.6,8.93,,0.6
2018-05-25 08:00:00,29.42,12.01,11.99,,1.51
2018-05-25 09:00:00,35.57,11.43,26.14,,1.02
2018-05-25 10:00:00,42.29,13.82,51.26,,0.88
2018-05-25 11:00:00,46.23,13.1,31.91,,0.53
2018-05-25 12:00:00,46.53,11.42,29.0,,0.38
2018-05-25 13:00:00,31.76,11.87,23.48,,0.26
2018-05-25 14:00:00,22.27,11.44,12.49,,0.17
2018-05-25 15:00:00,19.44,11.18,11.09,,0.11
2018-05-25 16:00:00,15.25,11.25,9.3,,0.05
2018-05-25 17:00:00,17.05,11.93,11.65,,0.05
2018-05-25 18:00:00,20.3,12.68,35.12,,0.3
2018-05-25 19:00:00,31.14,12.47,36.14,,0.43
2018-05-25 20:00:00,45.91,11.85,43.85,,0.74
2018-05-25 21:00:00,56.05,11.3,41.43,,0.66
2018-05-25 22:00:00,65.19,11.05,32.3,,0.61
2018-05-25 23:00:00,64.29,10.46,20.5,,0.37
2018-05-26 00:00:00,52.58,10.14,14.13,,0.51
2018-05-26 01:00:00,50.52,10.25,14.53,,0.46
2018-05-26 02:00:00,51.45,10.17,12.36,,0.37
2018-05-26 03:00:00,43.54,10.04,9.89,,0.32
2018-05-26 04:00:00,39.0,10.18,8.92,,0.21
2018-05-26 05:00:00,28.21,10.33,11.36,,0.22
2018-05-26 06:00:00,17.94,10.28,7.17,,0.25
2018-05-26 07:00:00,21.55,10.36,5.59,,0.28
2018-05-26 08:00:00,20.8,10.52,6.62,,0.29
2018-05-26 09:00:00,24.58,10.22,12.11,,0.29
2018-05-26 10:00:00,34.9,10.95,26.44,,0.53
2018-05-26 11:00:00,43.84,11.58,18.44,,0.32
2018-05-26 12:00:00,33.41,11.27,14.92,,0.19
2018-05-26 13:00:00,18.75,10.94,16.79,,0.2
2018-05-26 14:00:00,26.13,10.74,12.35,,0.14
2018-05-26 15:00:00,28.79,10.22,7.6,,0.19
2018-05-26 16:00:00,20.97,10.29,5.91,,0.05
2018-05-26 17:00:00,19.72,10.35,8.06,,0.05
2018-05-26 18:00:00,22.4,10.72,13.25,,0.14
2018-05-26 19:00:00,33.29,11.23,24.64,,0.24
2018-05-26 20:00:00,48.08,11.49,29.77,,0.43
2018-05-26 21:00:00,57.74,11.69,29.36,,0.43
2018-05-26 22:00:00,63.81,11.61,21.02,,0.39
2018-05-26 23:00:00,59.77,11.33,15.48,,0.27
2018-05-27 00:00:00,67.91,11.39,16.94,,0.44
2018-05-27 01:00:00,60.99,10.73,8.69,,0.2
2018-05-27 02:00:00,47.78,10.41,6.55,,0.35
2018-05-27 03:00:00,38.65,10.36,3.81,,0.37
2018-05-27 04:00:00,32.49,10.2,2.79,,0.33
2018-05-27 05:00:00,34.32,10.2,1.88,,0.3
2018-05-27 06:00:00,27.43,10.08,2.4,,0.25
2018-05-27 07:00:00,20.4,10.2,3.48,,0.25
2018-05-27 08:00:00,22.72,10.53,2.65,,0.37
2018-05-27 09:00:00,25.05,10.87,14.06,,0.58
2018-05-27 10:00:00,28.2,11.35,17.23,,0.44
2018-05-27 11:00:00,30.44,11.25,7.69,,0.22
2018-05-27 12:00:00,22.19,10.76,6.69,,0.22
2018-05-27 13:00:00,15.19,10.48,7.59,,0.29
2018-05-27 14:00:00,13.79,10.67,8.73,,0.33
2018-05-27 15:00:00,19.76,10.53,10.48,,0.35
2018-05-27 16:00:00,,,,,
2018-05-27 17:00:00,27.77,10.28,20.42,,0.35
2018-05-27 18:00:00,34.69,10.52,32.41,,0.53
2018-05-27 19:00:00,40.67,10.44,26.34,,0.52
2018-05-27 20:00:00,48.57,11.2,20.31,,0.76
2018-05-27 21:00:00,56.83,11.07,14.97,,0.45
2018-05-27 22:00:00,54.72,10.85,11.44,,0.44
2018-05-27 23:00:00,50.55,11.03,9.62,,0.67
2018-05-28 00:00:00,42.95,11.15,9.92,,0.61
2018-05-28 01:00:00,43.5,11.18,6.84,,0.26
2018-05-28 02:00:00,42.56,11.14,5.22,,0.41
2018-05-28 03:00:00,36.43,11.0,5.06,,0.33
2018-05-28 04:00:00,29.82,11.12,3.49,,0.34
2018-05-28 05:00:00,23.08,10.92,3.51,,0.41
2018-05-28 06:00:00,20.56,10.95,4.46,,0.39
2018-05-28 07:00:00,19.36,11.27,3.78,,0.58
2018-05-28 08:00:00,27.62,12.45,5.26,,1.47
2018-05-28 09:00:00,44.6,11.83,23.2,,1.09
2018-05-28 10:00:00,42.53,11.19,44.71,,0.57
2018-05-28 11:00:00,32.9,11.09,32.48,,0.28
2018-05-28 12:00:00,22.84,10.52,11.39,,0.2
2018-05-28 13:00:00,19.58,10.27,12.79,,0.21
2018-05-28 14:00:00,16.48,10.56,13.01,,0.23
2018-05-28 15:00:00,12.87,10.52,15.49,,0.31
2018-05-28 16:00:00,6.0,10.32,13.9,,0.22
2018-05-28 17:00:00,6.0,10.44,29.35,,0.23
2018-05-28 18:00:00,17.73,11.18,55.2,,1.02
2018-05-28 19:00:00,46.66,11.65,53.55,,1.28
2018-05-28 20:00:00,80.49,11.35,36.33,,0.91
2018-05-28 21:00:00,95.31,10.99,20.69,,0.34
2018-05-28 22:00:00,69.63,10.74,11.33,,0.12
2018-05-28 23:00:00,43.11,10.63,11.73,,0.15
2018-05-29 00:00:00,27.91,11.23,18.71,,0.05
2018-05-29 01:00:00,23.87,11.4,17.94,,0.34
2018-05-29 02:00:00,24.51,11.51,18.67,,0.64
2018-05-29 03:00:00,17.59,11.11,16.56,,0.45
2018-05-29 04:00:00,20.97,10.28,7.61,,0.19
2018-05-29 05:00:00,22.24,10.43,5.82,,0.11
2018-05-29 06:00:00,16.12,10.54,15.9,,0.22
2018-05-29 07:00:00,12.58,11.4,20.46,,0.52
2018-05-29 08:00:00,19.22,12.08,23.39,,1.37
2018-05-29 09:00:00,27.97,11.62,26.49,,0.63
2018-05-29 10:00:00,23.46,11.24,14.27,,0.19
2018-05-29 11:00:00,22.75,10.73,10.89,,0.13
2018-05-29 12:00:00,17.74,10.28,8.82,,0.2
2018-05-29 13:00:00,6.0,10.3,8.9,,0.22
2018-05-29 14:00:00,6.0,10.31,6.96,,0.19
2018-05-29 15:00:00,6.0,10.52,8.55,,0.19
2018-05-29 16:00:00,,,,,
2018-05-29 17:00:00,13.31,10.41,27.05,,0.21
2018-05-29 18:00:00,27.3,11.2,54.96,,0.73
2018-05-29 19:00:00,50.48,11.09,37.93,,0.38
2018-05-29 20:00:00,62.2,11.34,32.38,,0.4
2018-05-29 21:00:00,65.65,11.04,20.59,,0.39
2018-05-29 22:00:00,53.83,11.16,23.15,,0.29
2018-05-29 23:00:00,51.17,11.4,26.55,,0.54
2018-05-30 00:00:00,48.84,11.48,30.75,,0.53
2018-05-30 01:00:00,39.36,11.42,3.9,,0.05
2018-05-30 02:00:00,28.33,11.18,0.47,,0.05
2018-05-30 03:00:00,16.2,10.57,0.47,,0.05
2018-05-30 04:00:00,6.0,10.69,0.47,,0.05
2018-05-30 05:00:00,6.0,11.0,2.77,,0.05
2018-05-30 06:00:00,6.0,11.24,8.09,,0.05
2018-05-30 07:00:00,6.0,11.51,17.13,,0.16
2018-05-30 08:00:00,16.14,11.37,20.23,,0.26
2018-05-30 09:00:00,15.55,10.95,7.58,,0.13
2018-05-30 10:00:00,15.76,10.62,6.05,,0.13
2018-05-30 11:00:00,13.12,10.43,9.49,,0.13
2018-05-30 12:00:00,12.46,10.37,11.38,,0.22
2018-05-30 13:00:00,17.8,10.56,9.56,,0.19
2018-05-30 14:00:00,18.57,11.2,11.28,,0.25
2018-05-30 15:00:00,16.91,11.12,14.77,,0.27
2018-05-30 16:00:00,6.0,11.21,20.11,,0.34
2018-05-30 17:00:00,13.93,11.03,30.08,,0.28
2018-05-30 18:00:00,33.29,11.5,48.88,,1.02
2018-05-30 19:00:00,66.01,11.33,41.93,,0.95
2018-05-30 20:00:00,94.52,11.5,35.17,,0.97
2018-05-30 21:00:00,104.5,11.41,28.17,,0.59
2018-05-30 22:00:00,97.81,11.49,23.09,,0.73
2018-05-30 23:00:00,77.37,11.36,20.19,,0.43
2018-05-31 00:00:00,62.9,11.54,15.06,,0.62
2018-05-31 01:00:00,48.14,11.37,14.25,,0.55
2018-05-31 02:00:00,54.71,11.67,8.02,,0.8
2018-05-31 03:00:00,58.1,11.59,10.36,,0.81
2018-05-31 04:00:00,54.23,11.49,8.58,,0.55
2018-05-31 05:00:00,50.07,11.25,10.59,,0.42
2018-05-31 06:00:00,48.77,11.53,9.38,,0.44
2018-05-31 07:00:00,45.08,11.53,11.22,,0.56
2018-05-31 08:00:00,44.38,12.17,9.44,,1.05
2018-05-31 09:00:00,48.65,11.75,44.76,,0.94
2018-05-31 10:00:00,44.89,11.72,58.43,,0.55
2018-05-31 11:00:00,36.76,11.34,33.47,,0.33
2018-05-31 12:00:00,30.63,12.79,23.69,,0.32
2018-05-31 13:00:00,30.55,13.54,15.57,,0.27
2018-05-31 14:00:00,35.04,11.44,11.23,,0.21
2018-05-31 15:00:00,35.88,10.74,16.26,,0.18
2018-05-31 16:00:00,30.02,10.66,18.67,,0.1
2018-05-31 17:00:00,19.99,10.45,17.69,,0.13
2018-05-31 18:00:00,33.46,11.23,28.69,,0.51
2018-05-31 19:00:00,44.91,10.71,32.35,,0.59
2018-05-31 20:00:00,46.01,10.68,29.18,,0.7
2018-05-31 21:00:00,56.71,10.57,33.36,,0.7
2018-05-31 22:00:00,58.05,10.55,22.0,,0.35
2018-05-31 23:00:00,50.66,10.38,12.29,,0.16
2018-06-01 00:00:00,38.09,10.35,8.75,,0.05
2018-06-01 01:00:00,33.14,10.33,10.05,,0.14
2018-06-01 02:00:00,29.09,10.25,8.56,,0.41
2018-06-01 03:00:00,18.36,10.41,9.62,,0.3
2018-06-01 04:00:00,15.59,10.35,14.83,,0.37
2018-06-01 05:00:00,20.12,10.71,15.8,,0.67
2018-06-01 06:00:00,27.64,10.52,19.26,,0.51
2018-06-01 07:00:00,33.61,11.36,16.45,,0.74
2018-06-01 08:00:00,42.86,11.71,17.91,,1.28
2018-06-01 09:00:00,44.31,11.57,23.26,,1.16
2018-06-01 10:00:00,37.83,10.76,21.35,,0.56
2018-06-01 11:00:00,28.72,11.77,15.98,,0.4
2018-06-01 12:00:00,24.67,24.3,18.51,,0.32
2018-06-01 13:00:00,20.09,16.43,11.84,,0.25
2018-06-01 14:00:00,12.75,12.33,14.01,,0.24
2018-06-01 15:00:00,6.0,11.5,19.11,,0.23
2018-06-01 16:00:00,6.0,11.59,25.24,,0.23
2018-06-01 17:00:00,6.0,11.66,29.52,,0.38
2018-06-01 18:00:00,6.0,11.54,36.26,,0.75
2018-06-01 19:00:00,6.0,11.57,43.33,,1.17
2018-06-01 20:00:00,13.27,11.62,41.8,,0.8
2018-06-01 21:00:00,19.25,11.0,36.86,,0.51
2018-06-01 22:00:00,16.12,10.55,9.46,,0.11
2018-06-01 23:00:00,6.0,10.43,12.73,,0.15
2018-06-02 00:00:00,6.0,10.62,5.95,,0.05
2018-06-02 01:00:00,6.0,10.73,11.27,,0.14
2018-06-02 02:00:00,6.0,11.2,10.9,,0.18
2018-06-02 03:00:00,6.0,11.2,4.89,,0.12
2018-06-02 04:00:00,6.0,11.09,1.55,,0.11
2018-06-02 05:00:00,,11.09,1.65,,0.11
2018-06-02 06:00:00,6.0,10.59,2.4,,0.1
2018-06-02 07:00:00,6.0,10.98,8.79,,0.14
2018-06-02 08:00:00,6.0,10.85,12.45,,0.14
2018-06-02 09:00:00,6.0,11.07,12.29,,0.15
2018-06-02 10:00:00,6.0,10.48,5.58,,0.15
2018-06-02 11:00:00,6.0,10.21,5.29,,0.17
2018-06-02 12:00:00,6.0,10.7,4.7,,0.2
2018-06-02 13:00:00,,10.29,3.03,,0.16
2018-06-02 14:00:00,,10.52,4.46,,0.19
2018-06-02 15:00:00,,10.57,3.82,,0.2
2018-06-02 16:00:00,6.0,11.15,8.36,,0.23
2018-06-02 17:00:00,6.0,11.58,12.95,,0.28
2018-06-02 18:00:00,6.0,10.67,15.68,,0.28
2018-06-02 19:00:00,6.0,12.11,21.48,,0.32
2018-06-02 20:00:00,6.0,18.89,32.32,,0.2
2018-06-02 21:00:00,13.6,12.07,16.4,,0.36
2018-06-02 22:00:00,6.0,12.02,15.11,,0.22
2018-06-02 23:00:00,14.14,11.62,13.62,,0.1
2018-06-03 00:00:00,12.21,11.26,13.03,,0.05
2018-06-03 01:00:00,14.48,10.59,8.33,,0.05
2018-06-03 02:00:00,12.32,10.35,6.1,,0.21
2018-06-03 03:00:00,6.0,10.33,4.76,,0.18
2018-06-03 04:00:00,6.0,10.33,3.71,,0.26
2018-06-03 05:00:00,6.0,12.71,15.28,,0.27
2018-06-03 06:00:00,6.0,13.85,13.49,,0.34
2018-06-03 07:00:00,6.0,18.17,23.02,,0.32
2018-06-03 08:00:00,6.0,17.88,20.16,,0.28
2018-06-03 09:00:00,6.0,12.77,7.89,,0.27
2018-06-03 10:00:00,6.0,13.58,8.36,,0.34
2018-06-03 11:00:00,6.0,15.94,10.88,,0.38
2018-06-03 12:00:00,6.0,14.31,11.61,,0.53
2018-06-03 13:00:00,6.0,11.86,7.5,,0.44
2018-06-03 14:00:00,6.0,16.06,11.89,,0.45
2018-06-03 15:00:00,6.0,15.18,10.78,,0.5
2018-06-03 16:00:00,6.0,12.74,11.47,,0.44
2018-06-03 17:00:00,6.0,11.89,14.08,,0.62
2018-06-03 18:00:00,6.0,11.84,23.96,,0.78
2018-06-03 19:00:00,13.31,12.02,28.98,,1.18
2018-06-03 20:00:00,33.35,11.06,23.61,,1.0
2018-06-03 21:00:00,40.57,10.59,18.42,,0.91
2018-06-03 22:00:00,41.61,10.96,28.43,,1.33
2018-06-03 23:00:00,44.98,10.63,25.39,,1.05
2018-06-04 00:00:00,43.65,10.67,21.87,,0.82
2018-06-04 01:00:00,33.62,11.1,25.25,,0.58
2018-06-04 02:00:00,29.22,10.88,23.86,,0.44
2018-06-04 03:00:00,34.45,10.35,14.39,,0.24
2018-06-04 04:00:00,27.74,10.45,9.66,,0.18
2018-06-04 05:00:00,14.94,10.42,10.82,,0.25
2018-06-04 06:00:00,16.95,10.57,13.68,,0.38
2018-06-04 07:00:00,24.78,10.96,14.12,,0.62
2018-06-04 08:00:00,23.35,11.34,17.39,,0.89
2018-06-04 09:00:00,20.79,11.67,22.63,,0.52
2018-06-04 10:00:00,25.91,12.84,22.15,,0.3
2018-06-04 11:00:00,27.46,11.75,16.27,,0.13
2018-06-04 12:00:00,20.74,11.46,9.7,,0.05
2018-06-04 13:00:00,14.72,10.84,7.92,,0.05
2018-06-04 14:00:00,6.0,10.81,6.24,,0.05
2018-06-04 15:00:00,6.0,10.72,6.73,,0.05
2018-06-04 16:00:00,,,,,
2018-06-04 17:00:00,14.03,10.62,7.97,,0.05
2018-06-04 18:00:00,17.42,11.04,15.59,,0.05
2018-06-04 19:00:00,37.96,11.32,18.93,,0.15
2018-06-04 20:00:00,35.73,11.33,16.37,,0.11
2018-06-04 21:00:00,36.43,11.27,16.18,,0.11
2018-06-04 22:00:00,40.51,11.42,17.12,,0.16
2018-06-04 23:00:00,79.91,11.13,15.12,,0.12
2018-06-05 00:00:00,230.2,10.81,13.68,,0.05
2018-06-05 01:00:00,715.8,10.92,7.39,,0.05
2018-06-05 02:00:00,,11.08,4.59,,0.05
2018-06-05 03:00:00,,10.79,2.57,,0.05
2018-06-05 04:00:00,807.1,11.2,4.41,,0.05
2018-06-05 05:00:00,466.8,11.09,5.26,,0.05
2018-06-05 06:00:00,234.0,11.26,21.84,,0.17
2018-06-05 07:00:00,122.0,11.53,30.43,,0.31
2018-06-05 08:00:00,72.01,11.69,28.95,,0.56
2018-06-05 09:00:00,43.36,16.76,24.8,,0.32
2018-06-05 10:00:00,23.66,13.39,13.41,,0.14
2018-06-05 11:00:00,18.04,11.59,7.48,,0.05
2018-06-05 12:00:00,21.98,11.42,10.27,,0.05
2018-06-05 13:00:00,16.94,11.73,13.24,,0.13
2018-06-05 14:00:00,6.0,12.14,11.9,,0.05
2018-06-05 15:00:00,6.0,11.7,12.76,,0.05
2018-06-05 16:00:00,6.0,11.24,10.83,,0.05
2018-06-05 17:00:00,6.0,12.66,15.76,,0.05
2018-06-05 18:00:00,6.0,11.28,28.27,,0.12
2018-06-05 19:00:00,6.0,11.18,35.94,,0.29
2018-06-05 20:00:00,6.0,13.31,28.5,,0.31
2018-06-05 21:00:00,6.0,21.6,30.75,,0.33
2018-06-05 22:00:00,13.44,22.34,27.14,,0.38
2018-06-05 23:00:00,17.08,23.24,19.02,,0.2
2018-06-06 00:00:00,6.0,12.14,5.5,,0.05
2018-06-06 01:00:00,6.0,10.89,4.09,,0.05
2018-06-06 02:00:00,6.0,10.48,2.78,,0.05
2018-06-06 03:00:00,6.0,10.35,3.88,,0.05
2018-06-06 04:00:00,6.0,10.43,5.15,,0.05
2018-06-06 05:00:00,6.0,10.63,5.31,,0.05
2018-06-06 06:00:00,6.0,11.6,14.11,,0.05
2018-06-06 07:00:00,6.0,10.65,16.08,,0.05
2018-06-06 08:00:00,6.0,10.38,19.95,,0.32
2018-06-06 09:00:00,6.0,10.42,14.08,,0.05
2018-06-06 10:00:00,6.0,10.3,5.62,,0.05
2018-06-06 11:00:00,6.0,10.96,11.65,,0.05
2018-06-06 12:00:00,6.0,11.43,9.8,,0.05
2018-06-06 13:00:00,6.0,11.24,7.07,,0.05
2018-06-06 14:00:00,,11.72,7.81,,0.05
2018-06-06 15:00:00,,11.65,8.43,,0.05
2018-06-06 16:00:00,,,,,
2018-06-06 17:00:00,6.0,11.2,18.88,,0.05
2018-06-06 18:00:00,6.0,11.29,39.76,,0.19
2018-06-06 19:00:00,6.0,11.74,39.27,,0.63
2018-06-06 20:00:00,24.58,12.56,28.6,,1.31
2018-06-06 21:00:00,36.52,11.59,25.77,,0.95
2018-06-06 22:00:00,43.65,11.86,20.75,,1.14
2018-06-06 23:00:00,51.97,12.22,15.08,,1.34
2018-06-07 00:00:00,55.62,11.62,15.72,,1.13
2018-06-07 01:00:00,60.49,10.88,14.7,,0.99
2018-06-07 02:00:00,50.22,10.53,14.42,,0.54
2018-06-07 03:00:00,43.55,10.59,14.62,,0.05
2018-06-07 04:00:00,31.11,10.42,10.15,,0.05
2018-06-07 05:00:00,17.51,10.36,14.09,,0.25
2018-06-07 06:00:00,18.4,10.6,13.5,,0.34
2018-06-07 07:00:00,25.53,11.61,13.47,,0.68
2018-06-07 08:00:00,25.33,12.09,11.78,,1.11
2018-06-07 09:00:00,25.25,11.24,16.9,,0.86
2018-06-07 10:00:00,28.16,14.3,27.19,,0.35
2018-06-07 11:00:00,30.34,11.05,11.83,,0.05
2018-06-07 12:00:00,25.49,12.59,12.47,,0.05
2018-06-07 13:00:00,14.57,12.75,9.14,,0.05
2018-06-07 14:00:00,6.0,15.77,10.87,,0.05
2018-06-07 15:00:00,6.0,12.36,7.91,,0.05
2018-06-07 16:00:00,6.0,13.34,15.73,,0.05
2018-06-07 17:00:00,6.0,10.91,23.88,,0.05
2018-06-07 18:00:00,12.73,11.15,51.32,,0.05
2018-06-07 19:00:00,22.88,11.06,45.85,,0.12
2018-06-07 20:00:00,20.76,11.94,38.1,,0.05
2018-06-07 21:00:00,19.33,12.43,27.02,,0.13
2018-06-07 22:00:00,26.05,12.12,30.06,,0.2
2018-06-07 23:00:00,29.26,12.16,30.22,,0.25
2018-06-08 00:00:00,31.99,11.66,28.5,,0.45
2018-06-08 01:00:00,36.25,14.69,27.2,,0.05
2018-06-08 02:00:00,37.37,17.17,23.88,,0.05
2018-06-08 03:00:00,33.5,20.34,25.31,,0.11
2018-06-08 04:00:00,22.38,20.05,32.31,,0.05
2018-06-08 05:00:00,20.88,19.02,28.86,,0.05
2018-06-08 06:00:00,18.01,13.88,19.65,,0.16
2018-06-08 07:00:00,19.39,14.53,32.31,,0.48
2018-06-08 08:00:00,25.88,14.68,30.37,,1.15
2018-06-08 09:00:00,29.48,47.87,19.31,,0.27
2018-06-08 10:00:00,29.57,80.94,21.14,,0.12
2018-06-08 11:00:00,25.03,26.96,13.72,,0.11
2018-06-08 12:00:00,24.12,15.6,12.21,,0.05
2018-06-08 13:00:00,18.58,13.43,9.61,,0.05
2018-06-08 14:00:00,6.0,11.75,9.15,,0.05
2018-06-08 15:00:00,6.0,13.54,15.86,,0.05
2018-06-08 16:00:00,6.0,11.8,14.48,,0.05
2018-06-08 17:00:00,12.08,11.75,20.39,,0.12
2018-06-08 18:00:00,12.27,12.13,44.59,,0.54
2018-06-08 19:00:00,31.75,13.26,52.24,,1.32
2018-06-08 20:00:00,61.66,12.53,37.15,,0.75
2018-06-08 21:00:00,72.62,12.05,27.42,,0.69
2018-06-08 22:00:00,63.11,11.54,21.03,,0.7
2018-06-08 23:00:00,58.96,11.26,15.72,,0.66
2018-06-09 00:00:00,54.09,10.82,12.61,,0.65
2018-06-09 01:00:00,46.92,10.63,10.9,,0.51
2018-06-09 02:00:00,37.92,10.54,9.7,,0.52
2018-06-09 03:00:00,30.22,10.56,8.96,,0.36
2018-06-09 04:00:00,30.07,10.8,5.44,,0.69
2018-06-09 05:00:00,37.75,10.56,6.55,,0.41
2018-06-09 06:00:00,37.6,11.71,6.21,,0.35
2018-06-09 07:00:00,31.31,11.41,6.48,,0.45
2018-06-09 08:00:00,27.02,11.97,9.67,,1.0
2018-06-09 09:00:00,37.49,13.01,50.36,,1.39
2018-06-09 10:00:00,42.93,18.42,53.92,,0.99
2018-06-09 11:00:00,46.71,30.23,71.65,,0.75
2018-06-09 12:00:00,54.49,54.79,71.03,,0.33
2018-06-09 13:00:00,,,,,
2018-06-09 17:00:00,17.05,13.88,37.11,,0.25
2018-06-09 18:00:00,39.59,13.18,42.4,,0.73
2018-06-09 19:00:00,57.27,13.6,50.61,,0.78
2018-06-09 20:00:00,67.57,13.33,43.87,,1.12
2018-06-09 21:00:00,75.03,13.14,40.97,,1.22
2018-06-09 22:00:00,74.36,12.19,35.75,,0.42
2018-06-09 23:00:00,69.11,12.24,31.79,,0.45
2018-06-10 00:00:00,63.84,11.94,24.15,,0.22
2018-06-10 01:00:00,54.22,11.95,22.9,,0.21
2018-06-10 02:00:00,50.24,11.77,23.11,,0.55
2018-06-10 03:00:00,45.79,11.53,14.05,,0.29
2018-06-10 04:00:00,39.64,11.55,15.64,,0.39
2018-06-10 05:00:00,30.17,11.25,13.62,,0.31
2018-06-10 06:00:00,27.8,11.68,14.52,,0.19
2018-06-10 07:00:00,30.64,11.59,12.49,,0.27
2018-06-10 08:00:00,23.12,11.98,6.33,,0.1
2018-06-10 09:00:00,18.33,11.07,2.21,,0.05
2018-06-10 10:00:00,13.51,11.09,7.65,,0.15
2018-06-10 11:00:00,6.0,11.26,17.91,,0.26
2018-06-10 12:00:00,6.0,11.71,37.06,,0.95
2018-06-10 13:00:00,27.16,11.22,23.89,,0.77
2018-06-10 14:00:00,49.09,11.6,27.82,,1.09
2018-06-10 15:00:00,60.57,11.25,16.62,,0.6
2018-06-10 16:00:00,43.96,10.86,7.47,,0.27
2018-06-10 17:00:00,29.1,10.69,11.25,,0.22
2018-06-10 18:00:00,19.11,10.9,22.12,,0.62
2018-06-10 19:00:00,19.56,10.97,21.74,,0.55
2018-06-10 20:00:00,21.57,11.5,23.93,,0.95
2018-06-10 21:00:00,30.33,11.32,26.41,,0.58
2018-06-10 22:00:00,30.09,11.25,17.17,,0.47
2018-06-10 23:00:00,25.81,10.69,21.15,,0.31
2018-06-11 00:00:00,20.84,10.45,9.66,,0.05
2018-06-11 01:00:00,12.43,10.59,11.86,,0.18
2018-06-11 02:00:00,6.0,10.84,11.37,,0.13
2018-06-11 03:00:00,6.0,10.58,2.14,,0.16
2018-06-11 04:00:00,6.0,10.29,1.33,,0.12
2018-06-11 05:00:00,6.0,10.33,3.65,,0.4
2018-06-11 06:00:00,14.64,10.41,8.93,,0.27
2018-06-11 07:00:00,14.05,10.75,27.41,,0.5
2018-06-11 08:00:00,18.15,10.34,18.38,,0.52
2018-06-11 09:00:00,21.46,10.48,13.77,,0.36
2018-06-11 10:00:00,,10.51,16.0,,0.37
2018-06-11 11:00:00,,12.31,,,0.51
2018-06-11 12:00:00,,11.76,15.7,,0.24
2018-06-11 13:00:00,6.0,11.79,10.49,,0.14
2018-06-11 14:00:00,15.28,12.45,17.61,,0.18
2018-06-11 15:00:00,23.51,18.5,13.55,,0.14
2018-06-11 16:00:00,26.33,11.63,11.92,,
2018-06-11 17:00:00,27.32,13.45,14.86,,0.16
2018-06-11 18:00:00,17.11,17.84,20.79,,0.19
2018-06-11 19:00:00,6.0,81.93,17.19,,0.05
2018-06-11 20:00:00,21.48,73.71,16.48,,0.12
2018-06-11 21:00:00,19.99,22.6,18.2,,0.05
2018-06-11 22:00:00,26.65,18.09,11.91,,0.05
2018-06-11 23:00:00,17.91,17.66,13.86,,0.13
2018-06-12 00:00:00,17.34,14.99,17.83,,0.21
2018-06-12 01:00:00,6.0,11.57,16.05,,0.05
2018-06-12 02:00:00,6.0,12.37,8.12,,0.05
2018-06-12 03:00:00,6.0,11.02,3.13,,0.05
2018-06-12 04:00:00,6.0,8.96,1.26,,0.05
2018-06-12 05:00:00,6.0,11.32,1.26,,0.05
2018-06-12 06:00:00,6.0,10.97,5.49,,0.05
2018-06-12 07:00:00,6.0,11.15,10.97,,0.05
2018-06-12 08:00:00,6.0,11.71,18.53,,0.05
2018-06-12 09:00:00,6.0,10.33,16.23,,0.05
2018-06-12 10:00:00,6.0,82.23,17.33,,0.27
2018-06-12 11:00:00,6.0,11.18,9.78,,0.23
2018-06-12 12:00:00,6.0,10.09,11.38,,0.19
2018-06-12 13:00:00,6.0,10.16,13.03,,0.16
2018-06-12 14:00:00,,10.45,15.04,,0.33
2018-06-12 15:00:00,,10.35,20.46,,0.16
2018-06-12 16:00:00,,10.11,22.51,,0.14
2018-06-12 17:00:00,6.0,11.23,37.78,,0.26
2018-06-12 18:00:00,6.0,10.95,43.43,,0.28
2018-06-12 19:00:00,6.0,10.21,22.51,,0.15
2018-06-12 20:00:00,6.0,10.26,22.36,,0.17
2018-06-12 21:00:00,6.0,11.63,18.11,,0.05
2018-06-12 22:00:00,6.0,20.89,38.2,,0.05
2018-06-12 23:00:00,6.0,19.33,23.16,,0.05
2018-06-13 00:00:00,6.0,11.71,8.53,,0.05
2018-06-13 01:00:00,6.0,10.8,5.14,,0.05
2018-06-13 02:00:00,6.0,10.77,10.37,,0.05
2018-06-13 03:00:00,6.0,11.07,5.15,,0.05
2018-06-13 04:00:00,6.0,10.38,,,0.05
2018-06-13 05:00:00,6.0,11.71,6.66,,0.05
2018-06-13 06:00:00,6.0,10.88,13.36,,0.05
2018-06-13 07:00:00,6.0,10.63,24.13,,0.13
2018-06-13 08:00:00,6.0,10.49,23.33,,0.27
2018-06-13 09:00:00,6.0,10.08,11.35,,0.25
2018-06-13 10:00:00,6.0,10.07,7.08,,0.25
2018-06-13 11:00:00,6.0,10.07,7.69,,0.26
2018-06-13 12:00:00,6.0,11.15,9.31,,0.22
2018-06-13 13:00:00,6.0,10.85,6.68,,0.13
2018-06-13 14:00:00,6.0,11.11,6.1,,0.1
2018-06-13 15:00:00,6.0,10.3,6.91,,0.05
2018-06-13 16:00:00,6.0,10.71,9.54,,0.13
2018-06-13 17:00:00,6.0,10.57,16.45,,0.12
2018-06-13 18:00:00,6.0,10.33,30.54,,0.19
2018-06-13 19:00:00,6.0,15.35,40.04,,0.15
2018-06-13 20:00:00,14.81,15.6,34.12,,0.14
2018-06-13 21:00:00,6.0,13.72,25.36,,0.1
2018-06-13 22:00:00,6.0,11.31,23.31,,0.14
2018-06-13 23:00:00,6.0,10.77,35.24,,0.22
2018-06-14 00:00:00,18.18,10.56,29.37,,0.12
2018-06-14 01:00:00,15.98,11.0,25.2,,
2018-06-14 02:00:00,6.0,10.43,10.38,,
2018-06-14 03:00:00,6.0,10.3,13.01,,
2018-06-14 04:00:00,6.0,10.48,13.86,,
2018-06-14 05:00:00,6.0,14.58,25.82,,
2018-06-14 06:00:00,6.0,14.89,24.37,,
2018-06-14 07:00:00,6.0,17.43,26.47,,
2018-06-14 08:00:00,6.0,14.62,17.43,,
2018-06-14 09:00:00,25.2,20.11,22.16,,
2018-06-14 10:00:00,18.06,14.6,20.47,,
2018-06-14 11:00:00,6.0,15.76,18.55,,
2018-06-14 12:00:00,6.0,12.96,17.12,,0.3
2018-06-14 13:00:00,6.0,18.64,16.75,,0.12
2018-06-14 14:00:00,6.0,14.78,14.85,,0.1
2018-06-14 15:00:00,6.0,11.91,14.9,,0.19
2018-06-14 16:00:00,6.0,12.4,16.05,,0.05
2018-06-14 17:00:00,6.0,14.08,22.93,,0.15
2018-06-14 18:00:00,6.0,11.29,39.83,,0.24
2018-06-14 19:00:00,12.76,10.78,53.22,,0.43
2018-06-14 20:00:00,13.42,10.56,44.13,,0.17
2018-06-14 21:00:00,23.66,14.15,23.67,,0.05
2018-06-14 22:00:00,15.7,27.37,34.19,,0.05
2018-06-14 23:00:00,17.84,12.69,24.79,,0.13
2018-06-15 00:00:00,15.15,10.99,21.04,,0.05
2018-06-15 01:00:00,12.47,10.95,14.57,,0.05
2018-06-15 02:00:00,6.0,10.66,13.72,,0.1
2018-06-15 03:00:00,6.0,10.89,15.13,,0.05
2018-06-15 04:00:00,6.0,10.46,12.52,,0.05
2018-06-15 05:00:00,6.0,10.84,13.21,,0.16
2018-06-15 06:00:00,13.49,10.77,15.99,,0.34
2018-06-15 07:00:00,6.0,11.66,,,0.6
2018-06-15 08:00:00,17.24,11.62,25.69,,0.81
2018-06-15 09:00:00,19.11,12.26,32.59,,0.34
2018-06-15 10:00:00,14.09,18.53,25.85,,0.34
2018-06-15 11:00:00,14.72,23.11,32.09,,0.24
2018-06-15 12:00:00,6.0,15.81,28.31,,0.23
2018-06-15 13:00:00,6.0,12.54,11.44,,0.13
2018-06-15 14:00:00,6.0,12.29,7.53,,0.2
2018-06-15 15:00:00,6.0,10.8,11.96,,0.16
2018-06-15 16:00:00,6.0,10.99,15.26,,0.25
2018-06-15 17:00:00,6.0,14.31,32.24,,0.49
2018-06-15 18:00:00,6.0,13.46,51.53,,0.65
2018-06-15 19:00:00,15.81,10.38,49.51,,0.33
2018-06-15 20:00:00,18.63,11.17,49.84,,0.69
2018-06-15 21:00:00,27.67,10.95,48.21,,0.53
2018-06-15 22:00:00,29.36,10.74,42.97,,0.73
2018-06-15 23:00:00,29.17,11.29,35.95,,0.8
2018-06-16 00:00:00,36.21,10.87,40.55,,1.11
2018-06-16 01:00:00,32.67,10.29,37.67,,0.72
2018-06-16 02:00:00,38.68,10.3,30.71,,0.53
2018-06-16 03:00:00,35.14,10.4,28.6,,0.38
2018-06-16 04:00:00,31.6,10.06,19.48,,0.32
2018-06-16 05:00:00,31.37,10.38,16.38,,0.32
2018-06-16 06:00:00,24.08,11.15,14.67,,0.38
2018-06-16 07:00:00,25.43,11.04,,,0.48
2018-06-16 08:00:00,27.23,11.35,,,0.97
2018-06-16 09:00:00,32.32,11.41,,,1.09
2018-06-16 10:00:00,36.26,36.88,26.69,,0.51
2018-06-16 11:00:00,26.2,49.63,19.86,,0.3
2018-06-16 12:00:00,18.16,13.02,16.95,,0.31
2018-06-16 13:00:00,13.67,11.99,21.49,,0.34
2018-06-16 14:00:00,6.0,14.12,17.59,,0.22
2018-06-16 15:00:00,6.0,15.91,16.23,,0.26
2018-06-16 16:00:00,6.0,13.08,13.21,,0.17
2018-06-17 17:00:00,30.72,12.17,27.09,,0.27
2018-06-17 18:00:00,27.8,11.31,40.04,,0.47
2018-06-17 19:00:00,36.72,10.67,63.48,,1.15
2018-06-17 20:00:00,71.95,11.12,66.08,,0.88
2018-06-17 21:00:00,76.03,10.78,56.13,,0.88
2018-06-17 22:00:00,83.98,10.36,43.11,,0.74
2018-06-17 23:00:00,74.32,10.28,26.69,,0.34
2018-06-18 00:00:00,81.82,10.31,25.37,,0.27
2018-06-18 01:00:00,57.11,10.35,16.22,,0.23
2018-06-18 02:00:00,44.63,10.42,13.08,,0.32
2018-06-18 03:00:00,37.02,10.45,18.44,,0.39
2018-06-18 04:00:00,36.53,10.39,19.5,,0.48
2018-06-18 05:00:00,37.37,10.37,15.72,,0.5
2018-06-18 06:00:00,35.02,10.54,,,0.61
2018-06-18 07:00:00,31.25,10.87,23.6,,0.84
2018-06-18 08:00:00,41.16,11.82,,,1.56
2018-06-18 09:00:00,46.13,11.64,47.63,,0.79
2018-06-18 10:00:00,39.93,12.26,47.7,,0.56
2018-06-18 11:00:00,,16.5,34.45,,0.45
2018-06-18 12:00:00,,15.61,35.04,,0.57
2018-06-18 13:00:00,,38.95,66.25,,0.45
2018-06-18 14:00:00,,37.89,74.61,,0.42
2018-06-18 15:00:00,,16.93,37.34,,0.26
2018-06-18 16:00:00,,14.42,38.35,,0.25
2018-06-18 17:00:00,22.68,12.44,37.67,,0.28
2018-06-18 18:00:00,23.27,10.88,29.11,,0.15
2018-06-18 19:00:00,24.62,10.48,42.03,,0.48
2018-06-18 20:00:00,34.33,10.54,45.02,,0.52
2018-06-18 21:00:00,46.12,10.41,32.12,,0.49
2018-06-18 22:00:00,42.3,10.5,31.88,,0.45
2018-06-18 23:00:00,31.93,10.81,21.54,,0.79
2018-06-19 00:00:00,40.22,10.72,12.31,,0.64
2018-06-19 01:00:00,39.64,10.55,20.28,,0.34
2018-06-19 02:00:00,29.18,10.49,27.45,,0.5
2018-06-19 03:00:00,26.14,10.53,32.38,,0.38
2018-06-19 04:00:00,25.1,10.38,25.44,,0.18
2018-06-19 05:00:00,21.36,10.4,26.27,,0.31
2018-06-19 06:00:00,6.0,13.08,28.33,,0.36
2018-06-19 07:00:00,6.0,14.82,22.65,,0.39
2018-06-19 08:00:00,6.0,12.39,,,1.21
2018-06-19 09:00:00,15.43,13.63,,,0.64
2018-06-19 10:00:00,20.46,13.67,16.37,,0.46
2018-06-19 11:00:00,19.7,13.5,16.35,,0.49
2018-06-19 12:00:00,22.16,11.67,19.32,,0.49
2018-06-19 13:00:00,24.37,13.89,45.99,,0.7
2018-06-19 14:00:00,18.48,25.64,62.15,,0.57
2018-06-19 17:00:00,24.88,12.86,,,0.82
2018-06-19 18:00:00,28.5,13.84,,,1.92
2018-06-19 19:00:00,66.57,14.73,,,1.8
2018-06-19 20:00:00,111.5,12.69,,,1.34
2018-06-19 21:00:00,111.7,11.96,,,1.21
2018-06-19 22:00:00,91.49,11.98,,,1.49
2018-06-19 23:00:00,87.36,11.81,,,1.18
2018-06-20 00:00:00,83.31,11.6,,,1.52
2018-06-20 01:00:00,73.9,10.64,,,0.57
2018-06-20 02:00:00,59.97,10.52,,,0.41
2018-06-20 03:00:00,46.08,10.56,,,0.58
2018-06-20 04:00:00,44.42,10.48,,,0.6
2018-06-20 05:00:00,39.24,10.53,,,0.47
2018-06-20 06:00:00,33.37,10.64,,,0.48
2018-06-20 07:00:00,27.56,10.98,,,0.71
2018-06-20 08:00:00,30.32,12.81,,,1.96
2018-06-20 09:00:00,41.59,12.5,,,1.14
2018-06-20 10:00:00,40.22,12.49,,,0.92
2018-06-20 11:00:00,41.6,12.22,,,0.53
2018-06-20 12:00:00,41.81,30.45,,,0.44
2018-06-20 13:00:00,28.05,41.7,,,0.36
2018-06-20 14:00:00,22.34,48.51,,,0.25
2018-06-20 15:00:00,21.87,37.02,,,0.25
2018-06-20 16:00:00,14.94,25.76,,,0.25
2018-06-20 17:00:00,13.49,13.7,,,0.76
2018-06-20 18:00:00,25.51,14.35,,,1.63
2018-06-20 19:00:00,44.03,13.94,,,1.96
2018-06-20 20:00:00,57.62,12.85,,,1.51
2018-06-20 21:00:00,80.06,11.79,,,0.73
2018-06-20 22:00:00,87.2,11.46,,,0.87
2018-06-20 23:00:00,76.68,10.94,,,0.58
2018-06-21 00:00:00,71.51,11.0,,,0.59
2018-06-21 01:00:00,58.74,10.43,,,0.29
2018-06-21 02:00:00,49.67,10.59,,,0.37
2018-06-21 03:00:00,45.92,10.56,,,0.32
2018-06-21 04:00:00,39.95,10.6,,,0.2
2018-06-21 05:00:00,30.82,10.59,,,0.29
2018-06-21 06:00:00,21.84,10.88,,,0.44
2018-06-21 07:00:00,26.7,12.36,,,1.47
2018-06-21 08:00:00,42.29,12.3,,,0.94
2018-06-21 09:00:00,51.69,12.44,,,0.76
2018-06-21 10:00:00,58.22,12.18,,,0.77
2018-06-21 11:00:00,51.03,13.97,,,0.44
2018-06-21 12:00:00,42.18,25.55,,,0.27
2018-06-21 13:00:00,39.49,32.13,,,0.21
2018-06-21 14:00:00,36.37,55.17,,,0.05
2018-06-21 15:00:00,38.52,49.98,,,0.16
2018-06-21 16:00:00,29.17,28.88,,,0.17
2018-06-21 17:00:00,23.59,56.41,59.0,,0.33
2018-06-21 18:00:00,34.75,34.36,38.8,,0.05
2018-06-21 19:00:00,39.63,14.32,31.3,,0.05
2018-06-21 20:00:00,34.84,12.7,30.95,,0.05
2018-06-21 21:00:00,30.05,12.03,23.45,,0.05
2018-06-21 22:00:00,22.78,11.57,28.9,,0.05
2018-06-21 23:00:00,22.05,11.13,33.98,,0.05
2018-06-22 00:00:00,23.6,10.59,20.57,,0.05
2018-06-22 01:00:00,17.19,10.53,8.71,,0.05
2018-06-22 02:00:00,6.0,10.34,2.7,,0.17
2018-06-22 03:00:00,6.0,10.29,2.35,,0.19
2018-06-22 04:00:00,6.0,10.35,2.55,,0.22
2018-06-22 05:00:00,6.0,10.27,6.07,,0.25
2018-06-22 06:00:00,6.0,10.31,18.07,,0.37
2018-06-22 07:00:00,6.0,10.66,19.85,,0.62
2018-06-22 08:00:00,6.0,10.68,,,0.85
2018-06-22 09:00:00,16.18,10.39,21.44,,0.68
2018-06-22 10:00:00,16.15,10.33,27.34,,0.53
2018-06-22 11:00:00,16.65,10.34,30.59,,0.52
2018-06-22 12:00:00,13.86,12.02,38.89,,0.58
2018-06-22 13:00:00,15.69,14.21,31.75,,0.5
2018-06-22 14:00:00,17.04,16.19,34.41,,0.49
2018-06-22 15:00:00,14.31,22.51,39.13,,0.55
2018-06-22 16:00:00,6.0,12.65,31.7,,0.5
2018-06-22 17:00:00,6.0,11.24,35.03,,0.53
2018-06-22 18:00:00,18.58,10.73,59.52,,0.93
2018-06-22 19:00:00,33.05,11.04,49.74,,0.91
2018-06-22 20:00:00,43.29,10.34,49.67,,0.76
2018-06-22 21:00:00,44.12,10.43,41.97,,0.92
2018-06-22 22:00:00,45.48,10.59,30.59,,0.77
2018-06-22 23:00:00,41.14,10.79,,,0.98
2018-06-23 00:00:00,37.74,10.44,18.79,,0.84
2018-06-23 01:00:00,33.91,10.42,16.44,,0.5
2018-06-23 02:00:00,28.98,10.5,19.32,,0.33
2018-06-23 03:00:00,29.52,10.47,18.23,,0.37
2018-06-23 04:00:00,23.6,10.46,13.11,,0.19
2018-06-23 05:00:00,17.75,10.54,10.18,,0.16
2018-06-23 06:00:00,14.2,10.52,10.16,,0.23
2018-06-23 07:00:00,12.98,10.56,,,0.39
2018-06-23 08:00:00,19.85,11.35,,,1.0
2018-06-23 09:00:00,26.81,11.98,,,1.06
2018-06-23 10:00:00,28.12,12.01,55.69,,0.89
2018-06-23 11:00:00,37.73,12.2,98.74,,0.58
2018-06-23 12:00:00,48.15,12.46,51.28,,0.41
2018-06-23 13:00:00,42.43,15.59,47.3,,0.22
2018-06-23 14:00:00,37.83,14.49,42.04,,0.17
2018-06-23 15:00:00,34.17,50.93,52.24,,0.05
2018-06-23 16:00:00,24.42,26.39,28.07,,0.05
2018-06-23 17:00:00,20.51,16.23,44.11,,0.16
2018-06-23 18:00:00,24.92,14.96,31.15,,0.05
2018-06-23 19:00:00,24.81,12.17,36.89,,0.21
2018-06-23 20:00:00,26.4,11.8,37.44,,0.12
2018-06-23 21:00:00,31.16,10.73,27.29,,0.13
2018-06-23 22:00:00,26.14,10.45,15.76,,0.05
2018-06-23 23:00:00,20.3,10.4,9.91,,0.05
2018-06-24 00:00:00,18.4,10.34,8.33,,0.05
2018-06-24 01:00:00,13.36,10.51,5.35,,0.05
2018-06-24 02:00:00,6.0,10.52,3.95,,0.16
2018-06-24 03:00:00,6.0,10.58,2.06,,0.19
2018-06-24 04:00:00,6.0,10.52,4.2,,0.12
2018-06-24 05:00:00,6.0,10.51,6.28,,0.14
2018-06-24 06:00:00,6.0,10.52,11.5,,0.58
2018-06-24 07:00:00,6.0,10.48,7.23,,0.18
2018-06-24 08:00:00,6.0,10.53,10.69,,0.32
2018-06-24 09:00:00,6.0,10.57,7.93,,0.26
2018-06-24 10:00:00,6.0,10.57,10.67,,0.22
2018-06-24 11:00:00,6.0,10.5,20.31,,0.82
2018-06-24 12:00:00,44.99,10.59,17.95,,1.1
2018-06-24 13:00:00,70.67,10.39,11.59,,0.92
2018-06-24 14:00:00,55.05,10.34,5.74,,0.46
2018-06-24 15:00:00,37.71,10.42,5.02,,0.37
2018-06-24 16:00:00,19.99,10.41,7.6,,0.45
2018-06-24 17:00:00,12.29,10.37,8.54,,0.43
2018-06-24 18:00:00,16.46,10.57,17.65,,0.41
2018-06-24 19:00:00,21.7,10.5,25.36,,0.52
2018-06-24 20:00:00,25.64,10.53,16.59,,0.42
2018-06-24 21:00:00,25.72,10.51,12.45,,0.34
2018-06-24 22:00:00,20.26,10.49,10.33,,0.33
2018-06-24 23:00:00,15.27,10.49,8.71,,0.26
2018-06-25 00:00:00,6.0,10.38,4.82,,0.18
2018-06-25 01:00:00,6.0,10.55,3.62,,0.12
2018-06-25 02:00:00,14.12,10.51,2.46,,0.05
2018-06-25 03:00:00,12.61,10.48,1.2,,0.05
2018-06-25 04:00:00,6.0,10.46,2.13,,0.05
2018-06-25 05:00:00,6.0,10.29,6.24,,0.1
2018-06-25 06:00:00,6.0,10.51,22.86,,0.05
2018-06-25 07:00:00,6.0,10.75,33.76,,0.44
2018-06-25 08:00:00,6.0,11.23,39.54,,0.77
2018-06-25 09:00:00,6.0,10.88,44.16,,0.4
2018-06-25 10:00:00,6.0,11.38,32.27,,0.24
2018-06-25 11:00:00,6.0,12.05,39.75,,0.05
2018-06-25 12:00:00,6.0,10.56,37.59,,0.05
2018-06-25 13:00:00,6.0,10.57,25.63,,0.05
2018-06-25 14:00:00,6.0,10.59,24.57,,0.05
2018-06-25 15:00:00,6.0,10.54,31.47,,0.05
2018-06-25 16:00:00,6.0,11.29,34.82,,0.05
2018-06-25 17:00:00,6.0,10.78,39.62,,0.12
2018-06-25 18:00:00,6.0,10.6,41.2,,0.05
2018-06-25 19:00:00,6.0,10.72,38.48,,0.57
2018-06-25 20:00:00,6.0,10.6,27.74,,0.3
2018-06-25 21:00:00,6.0,10.57,27.86,,0.05
2018-06-25 22:00:00,6.0,10.65,21.74,,0.05
2018-06-25 23:00:00,6.0,10.56,28.64,,0.05
2018-06-26 00:00:00,6.0,10.52,27.05,,0.05
2018-06-26 01:00:00,6.0,10.54,17.11,,0.05
2018-06-26 02:00:00,6.0,10.44,10.76,,0.05
2018-06-26 03:00:00,6.0,10.49,9.11,,0.05
2018-06-26 04:00:00,6.0,10.42,8.17,,0.05
2018-06-26 05:00:00,6.0,10.47,4.08,,0.05
2018-06-26 06:00:00,6.0,10.57,19.86,,0.05
2018-06-26 07:00:00,6.0,10.91,28.7,,0.11
2018-06-26 08:00:00,6.0,11.79,27.99,,0.13
2018-06-26 09:00:00,6.0,10.55,26.27,,0.12
2018-06-26 10:00:00,6.0,10.55,21.21,,0.05
2018-06-26 11:00:00,6.0,11.64,22.37,,0.27
2018-06-26 12:00:00,6.0,12.56,20.75,,0.24
2018-06-26 13:00:00,6.0,11.84,17.27,,0.28
2018-06-26 14:00:00,6.0,16.76,20.37,,0.36
2018-06-26 15:00:00,6.0,30.47,15.1,,0.34
2018-06-26 16:00:00,6.0,26.6,20.41,,0.32
2018-06-26 17:00:00,6.0,16.06,24.98,,0.48
2018-06-26 18:00:00,6.0,12.27,24.56,,0.75
2018-06-26 19:00:00,6.0,12.31,,,1.42
2018-06-26 20:00:00,24.54,11.73,,,1.2
2018-06-26 21:00:00,33.65,10.87,29.4,,0.97
2018-06-26 22:00:00,38.74,10.61,30.09,,0.75
2018-06-26 23:00:00,36.97,10.73,27.31,,0.61
2018-06-27 00:00:00,28.78,10.44,25.94,,0.7
2018-06-27 01:00:00,32.55,11.65,25.88,,0.33
2018-06-27 02:00:00,31.54,10.41,11.67,,0.22
2018-06-27 03:00:00,19.86,11.74,19.85,,0.22
2018-06-27 04:00:00,17.8,12.36,18.39,,0.23
2018-06-27 05:00:00,20.76,10.53,12.08,,0.26
2018-06-27 06:00:00,16.43,11.2,21.26,,0.35
2018-06-27 07:00:00,14.07,14.89,,,0.5
2018-06-27 08:00:00,14.76,12.28,17.23,,0.7
2018-06-27 09:00:00,16.92,19.45,14.31,,0.59
2018-06-27 10:00:00,22.67,15.12,13.92,,0.45
2018-06-27 11:00:00,20.25,12.46,12.01,,0.34
2018-06-27 12:00:00,17.96,12.73,18.59,,0.37
2018-06-27 13:00:00,21.02,26.19,27.22,,0.24
2018-06-27 14:00:00,15.63,16.78,28.39,,0.24
2018-06-27 15:00:00,17.77,16.34,39.16,,0.41
2018-06-27 16:00:00,25.12,17.68,53.36,,0.24
2018-06-27 17:00:00,25.43,13.55,51.88,,0.38
2018-06-27 18:00:00,37.31,13.27,74.59,,0.8
2018-06-27 19:00:00,51.52,12.51,50.89,,0.63
2018-06-27 20:00:00,53.53,11.42,45.35,,0.77
2018-06-27 21:00:00,57.91,10.98,32.0,,0.78
2018-06-27 22:00:00,58.02,10.8,28.52,,0.68
2018-06-27 23:00:00,44.69,10.65,16.3,,0.39
2018-06-28 00:00:00,33.48,10.62,14.99,,0.22
2018-06-28 01:00:00,23.44,10.58,9.59,,0.17
2018-06-28 02:00:00,12.27,10.57,8.81,,0.14
2018-06-28 03:00:00,6.0,10.57,9.26,,0.42
2018-06-28 04:00:00,19.87,10.78,,,0.62
2018-06-28 05:00:00,25.58,10.58,12.86,,0.31
2018-06-28 06:00:00,26.8,10.57,10.25,,0.26
2018-06-28 07:00:00,19.44,10.69,,,0.51
2018-06-28 08:00:00,13.91,10.63,7.64,,0.55
2018-06-28 09:00:00,14.43,10.77,,,0.41
2018-06-28 10:00:00,17.18,11.14,9.7,,0.47
2018-06-28 11:00:00,17.02,10.93,12.86,,0.14
2018-06-28 12:00:00,14.05,11.02,16.53,,0.17
2018-06-28 13:00:00,20.24,11.08,18.19,,0.17
2018-06-28 14:00:00,19.98,11.3,22.76,,0.14
2018-06-28 15:00:00,6.0,11.09,27.19,,0.24
2018-06-28 16:00:00,6.0,11.61,21.82,,0.35
2018-06-28 17:00:00,6.0,11.75,,,0.82
2018-06-28 18:00:00,14.97,12.23,,,1.54
2018-06-28 19:00:00,20.03,12.04,,,1.22
2018-06-28 20:00:00,26.49,12.07,,,1.09
2018-06-28 21:00:00,34.01,11.92,,,1.37
2018-06-28 22:00:00,37.27,12.04,,,1.09
2018-06-28 23:00:00,42.2,11.96,,,1.31
2018-06-29 00:00:00,39.78,11.01,,,0.66
2018-06-29 01:00:00,34.91,10.57,,,0.29
2018-06-29 02:00:00,26.51,10.58,,,0.47
2018-06-29 03:00:00,18.81,10.58,,,0.4
2018-06-29 04:00:00,14.25,10.56,,,0.41
2018-06-29 05:00:00,6.0,10.62,,,0.45
2018-06-29 06:00:00,6.0,10.6,,,0.48
2018-06-29 07:00:00,6.0,10.93,,,0.77
2018-06-29 08:00:00,6.0,12.56,,,1.84
2018-06-29 09:00:00,19.29,12.29,,,1.02
2018-06-29 10:00:00,23.43,11.92,,,1.03
2018-06-29 11:00:00,30.3,11.07,,,0.86
2018-06-29 12:00:00,29.49,12.05,,,0.69
2018-06-29 13:00:00,25.65,13.48,,,0.42
2018-06-29 14:00:00,20.38,12.01,,,0.67
2018-06-29 15:00:00,14.47,11.68,,,0.43
2018-06-29 16:00:00,18.29,12.93,,,0.33
2018-06-29 17:00:00,19.29,11.84,47.1,,0.28
2018-06-29 18:00:00,13.03,11.86,51.53,,0.35
2018-06-29 19:00:00,6.0,13.39,58.51,,0.49
2018-06-29 20:00:00,6.0,11.74,36.56,,0.47
2018-06-29 21:00:00,6.0,10.75,27.69,,0.39
2018-06-29 22:00:00,6.0,10.87,42.54,,0.41
2018-06-29 23:00:00,12.13,10.81,45.45,,0.54
2018-06-30 00:00:00,6.0,10.78,40.45,,0.6
2018-06-30 01:00:00,16.16,10.78,34.22,,0.83
2018-06-30 02:00:00,19.24,10.58,34.42,,0.62
2018-06-30 03:00:00,16.72,10.56,37.88,,0.38
2018-06-30 04:00:00,12.63,10.63,26.41,,0.24
2018-06-30 05:00:00,6.0,10.61,12.78,,0.2
2018-06-30 06:00:00,6.0,10.6,11.26,,0.19
2018-06-30 07:00:00,6.0,10.66,23.21,,0.27
2018-06-30 08:00:00,6.0,10.6,39.61,,0.24
2018-06-30 09:00:00,6.0,11.23,31.45,,0.32
2018-06-30 10:00:00,6.0,13.63,35.52,,0.17
2018-06-30 11:00:00,6.0,13.61,29.5,,0.3
2018-06-30 12:00:00,6.0,12.41,31.49,,0.37
2018-06-30 13:00:00,14.1,15.29,37.48,,0.26
2018-06-30 14:00:00,19.0,15.67,40.56,,0.44
2018-06-30 15:00:00,22.49,14.07,28.26,,0.33
2018-06-30 16:00:00,21.78,13.09,22.13,,0.36
2018-06-30 17:00:00,17.32,12.27,32.21,,0.41
2018-06-30 18:00:00,26.13,12.23,48.86,,0.47
2018-06-30 19:00:00,38.51,11.06,40.89,,0.68
2018-06-30 20:00:00,47.6,10.7,49.27,,0.73
2018-06-30 21:00:00,47.47,10.68,37.05,,0.72
2018-06-30 22:00:00,48.33,10.69,22.3,,0.81
2018-06-30 23:00:00,50.44,10.62,9.93,,0.3
2018-07-01 00:00:00,35.63,10.58,5.47,,0.12
2018-07-01 01:00:00,18.84,10.59,3.51,,0.05
2018-07-01 02:00:00,6.0,10.55,3.71,,0.11
2018-07-01 03:00:00,6.0,10.59,7.67,,0.17
2018-07-01 04:00:00,6.0,10.56,6.31,,0.18
2018-07-01 05:00:00,6.0,10.58,6.1,,0.23
2018-07-01 06:00:00,6.0,10.71,8.49,,0.05
2018-07-01 07:00:00,6.0,11.14,9.55,,0.05
2018-07-01 08:00:00,6.0,10.55,4.16,,0.11
2018-07-01 09:00:00,6.0,10.58,5.24,,0.13
2018-07-01 10:00:00,6.0,10.62,4.11,,0.16
2018-07-01 11:00:00,6.0,10.6,2.88,,0.14
2018-07-01 12:00:00,6.0,14.66,16.83,,0.23
2018-07-01 13:00:00,6.0,16.38,17.32,,0.43
2018-07-01 14:00:00,6.0,28.86,43.4,,0.41
2018-07-01 15:00:00,16.93,14.42,10.31,,0.17
2018-07-01 16:00:00,16.65,15.64,22.06,,0.21
2018-07-01 17:00:00,6.0,14.21,56.45,,0.52
2018-07-01 18:00:00,17.39,13.31,58.85,,0.88
2018-07-01 19:00:00,26.44,12.77,54.73,,0.86
2018-07-01 20:00:00,32.64,12.39,51.81,,0.81
2018-07-01 21:00:00,43.39,11.77,38.95,,1.09
2018-07-01 22:00:00,50.46,11.28,26.63,,1.24
2018-07-01 23:00:00,52.04,10.83,,,0.94
2018-07-02 00:00:00,43.82,11.03,,,1.04
2018-07-02 01:00:00,38.98,10.73,17.34,,0.56
2018-07-02 02:00:00,35.07,10.64,7.75,,0.67
2018-07-02 03:00:00,27.12,10.61,,,0.46
2018-07-02 04:00:00,20.48,10.64,3.43,,0.41
2018-07-02 05:00:00,19.32,10.59,,,0.55
2018-07-02 06:00:00,22.07,10.59,,,0.49
2018-07-02 07:00:00,23.18,11.47,,,0.89
2018-07-02 08:00:00,28.72,12.3,,,2.12
2018-07-02 09:00:00,34.48,10.77,28.65,,0.7
2018-07-02 10:00:00,29.52,11.58,23.98,,0.28
2018-07-02 11:00:00,25.98,10.6,12.08,,0.23
2018-07-02 12:00:00,21.91,10.59,12.92,,0.13
2018-07-02 13:00:00,17.99,10.65,13.04,,0.12
2018-07-02 14:00:00,18.67,10.65,16.49,,0.21
2018-07-02 15:00:00,14.19,10.66,13.0,,0.05
2018-07-02 16:00:00,6.0,10.61,16.49,,0.1
2018-07-02 17:00:00,6.0,10.62,44.84,,0.27
2018-07-02 18:00:00,6.0,10.81,42.2,,0.55
2018-07-02 19:00:00,6.0,10.73,54.15,,0.52
2018-07-02 20:00:00,14.59,11.37,43.26,,1.19
2018-07-02 21:00:00,19.41,10.74,28.15,,0.36
2018-07-02 22:00:00,17.84,10.62,10.43,,0.16
2018-07-02 23:00:00,16.83,10.71,6.1,,0.05
2018-07-03 00:00:00,6.0,10.66,3.63,,0.12
2018-07-03 01:00:00,6.0,10.75,3.64,,0.05
2018-07-03 02:00:00,6.0,10.67,4.25,,0.14
2018-07-03 03:00:00,6.0,10.71,0.47,,0.05
2018-07-03 04:00:00,6.0,10.73,0.47,,0.05
2018-07-03 05:00:00,6.0,10.46,0.47,,0.05
2018-07-03 06:00:00,6.0,10.5,5.15,,0.05
2018-07-03 07:00:00,6.0,10.53,12.47,,0.1
2018-07-03 08:00:00,6.0,10.54,21.88,,0.27
2018-07-03 09:00:00,6.0,10.48,24.43,,0.24
2018-07-03 10:00:00,6.0,10.41,13.65,,0.1
2018-07-03 11:00:00,6.0,10.37,13.56,,0.05
2018-07-03 12:00:00,6.0,10.48,12.26,,0.12
2018-07-03 13:00:00,6.0,10.43,7.74,,0.05
2018-07-03 14:00:00,6.0,10.37,6.44,,0.05
2018-07-03 15:00:00,6.0,10.36,10.91,,0.05
2018-07-03 16:00:00,6.0,10.28,8.29,,0.05
2018-07-03 17:00:00,6.0,10.44,18.57,,0.05
2018-07-03 18:00:00,6.0,10.56,29.88,,0.21
2018-07-03 19:00:00,6.0,10.8,54.25,,0.51
2018-07-03 20:00:00,17.42,10.63,52.99,,0.72
2018-07-03 21:00:00,29.49,10.67,47.3,,0.5
2018-07-03 22:00:00,36.47,10.66,31.56,,0.37
2018-07-03 23:00:00,27.07,10.65,18.51,,0.28
2018-07-04 00:00:00,21.69,10.56,8.11,,0.12
2018-07-04 01:00:00,21.9,10.46,4.17,,0.05
2018-07-04 02:00:00,16.81,10.28,4.28,,0.1
2018-07-04 03:00:00,13.28,10.47,3.96,,0.12
2018-07-04 04:00:00,6.0,10.51,3.48,,0.05
2018-07-04 05:00:00,12.13,10.41,3.88,,0.05
2018-07-04 06:00:00,14.43,10.43,18.07,,0.1
2018-07-04 07:00:00,12.93,10.65,32.16,,0.19
2018-07-04 08:00:00,6.0,10.72,41.73,,0.49
2018-07-04 09:00:00,16.65,10.78,35.69,,0.26
2018-07-04 10:00:00,20.34,10.69,21.12,,0.11
2018-07-04 11:00:00,22.03,10.76,14.74,,0.05
2018-07-04 12:00:00,23.98,10.75,8.01,,0.05
2018-07-04 13:00:00,18.4,10.69,11.29,,0.05
2018-07-04 14:00:00,17.59,10.78,10.43,,0.05
2018-07-04 15:00:00,19.13,10.72,8.64,,0.05
2018-07-04 16:00:00,13.42,10.73,14.99,,0.05
2018-07-04 17:00:00,16.02,10.8,27.74,,0.19
2018-07-04 18:00:00,20.35,10.8,43.46,,0.41
2018-07-04 19:00:00,21.24,10.77,54.25,,0.44
2018-07-04 20:00:00,30.02,10.75,48.88,,0.56
2018-07-04 21:00:00,30.57,10.73,41.57,,0.49
2018-07-04 22:00:00,25.48,10.72,28.91,,0.37
2018-07-04 23:00:00,24.89,10.78,24.23,,0.35
2018-07-05 00:00:00,19.59,10.6,13.26,,0.25
2018-07-05 01:00:00,16.12,10.74,19.25,,0.21
2018-07-05 02:00:00,21.2,10.74,11.22,,0.13
2018-07-05 03:00:00,18.7,10.76,4.06,,0.05
2018-07-05 04:00:00,6.0,10.53,1.59,,0.05
2018-07-05 05:00:00,6.0,10.7,2.21,,0.05
2018-07-05 06:00:00,6.0,10.52,6.86,,0.05
2018-07-05 07:00:00,6.0,10.69,30.27,,0.23
2018-07-05 08:00:00,6.0,10.87,38.31,,0.62
2018-07-05 09:00:00,6.0,10.96,30.72,,0.43
2018-07-05 10:00:00,6.0,10.56,42.16,,0.26
2018-07-05 11:00:00,13.79,11.66,36.18,,0.16
2018-07-05 12:00:00,6.0,10.6,26.89,,0.17
2018-07-05 13:00:00,6.0,11.1,30.69,,0.16
2018-07-05 14:00:00,6.0,11.28,30.38,,0.26
2018-07-05 15:00:00,13.37,11.22,30.65,,0.24
2018-07-05 16:00:00,6.0,11.46,20.62,,0.05
2018-07-05 17:00:00,6.0,11.39,32.27,,0.12
2018-07-05 18:00:00,6.0,11.07,31.33,,0.13
2018-07-05 19:00:00,6.0,11.42,37.22,,0.34
2018-07-05 20:00:00,15.32,11.31,41.71,,0.4
2018-07-05 21:00:00,21.38,11.35,35.44,,0.26
2018-07-05 22:00:00,25.63,11.22,29.29,,0.27
2018-07-05 23:00:00,24.46,11.1,19.9,,0.12
2018-07-06 00:00:00,17.69,11.04,14.75,,0.05
2018-07-06 01:00:00,14.12,10.91,10.0,,0.05
2018-07-06 02:00:00,6.0,10.62,10.21,,0.15
2018-07-06 03:00:00,6.0,10.99,13.5,,0.23
2018-07-06 04:00:00,6.0,11.26,12.09,,0.2
2018-07-06 05:00:00,6.0,11.33,14.66,,0.22
2018-07-06 06:00:00,6.0,11.27,11.8,,0.34
2018-07-06 07:00:00,6.0,11.46,19.88,,0.39
2018-07-06 08:00:00,6.0,11.69,,,0.68
2018-07-06 09:00:00,6.0,11.36,26.63,,0.4
2018-07-06 10:00:00,6.0,11.44,32.82,,0.33
2018-07-06 11:00:00,6.0,11.43,20.75,,0.26
2018-07-06 12:00:00,6.0,11.44,12.42,,0.17
2018-07-06 13:00:00,6.0,11.44,9.76,,0.21
2018-07-06 14:00:00,6.0,11.02,8.37,,0.22
2018-07-06 15:00:00,6.0,10.96,8.05,,0.22
2018-07-06 16:00:00,6.0,10.63,7.99,,0.19
2018-07-06 17:00:00,6.0,10.75,7.42,,0.17
2018-07-06 18:00:00,6.0,10.62,12.28,,0.29
2018-07-06 19:00:00,6.0,10.89,12.54,,0.22
2018-07-06 20:00:00,6.0,10.91,8.62,,0.21
2018-07-06 21:00:00,6.0,10.88,7.06,,0.19
2018-07-06 22:00:00,6.0,11.0,9.48,,0.17
2018-07-06 23:00:00,6.0,11.0,14.22,,0.21
2018-07-07 00:00:00,6.0,11.21,15.96,,0.19
2018-07-07 01:00:00,6.0,11.6,21.31,,0.49
2018-07-07 02:00:00,12.86,11.36,29.17,,0.51
2018-07-07 03:00:00,19.15,11.15,31.67,,0.24
2018-07-07 04:00:00,17.14,11.41,23.54,,0.28
2018-07-07 05:00:00,14.21,11.33,23.93,,0.2
2018-07-07 06:00:00,14.99,11.87,27.91,,0.21
2018-07-07 07:00:00,18.03,12.06,15.33,,0.29
2018-07-07 08:00:00,13.73,12.16,,,0.38
2018-07-07 09:00:00,16.37,12.16,12.04,,0.67
2018-07-07 10:00:00,20.12,12.16,21.09,,0.67
2018-07-07 11:00:00,17.27,13.87,52.41,,0.71
2018-07-07 12:00:00,23.19,13.72,58.79,,0.66
2018-07-07 13:00:00,29.66,14.54,29.96,,0.36
2018-07-07 14:00:00,24.57,12.89,15.48,,0.17
2018-07-07 15:00:00,22.01,12.01,11.63,,0.14
2018-07-07 16:00:00,18.4,11.89,14.01,,0.13
2018-07-07 17:00:00,6.0,12.11,18.0,,0.2
2018-07-07 18:00:00,6.0,12.0,31.14,,0.35
2018-07-07 19:00:00,15.57,11.99,17.29,,0.17
2018-07-07 20:00:00,22.24,11.56,13.38,,0.11
2018-07-07 21:00:00,20.57,11.11,14.83,,0.14
2018-07-07 22:00:00,17.99,11.07,6.35,,0.05
2018-07-07 23:00:00,13.94,10.76,3.08,,0.05
2018-07-08 00:00:00,6.0,11.03,2.65,,0.05
2018-07-08 01:00:00,6.0,11.0,1.79,,0.05
2018-07-08 02:00:00,6.0,11.21,,,0.05
2018-07-08 03:00:00,6.0,11.0,,,0.05
2018-07-08 04:00:00,6.0,11.15,,,0.05
2018-07-08 05:00:00,6.0,10.95,,,0.05
2018-07-08 06:00:00,6.0,10.71,,,0.05
2018-07-08 07:00:00,6.0,11.94,5.09,,0.1
2018-07-08 08:00:00,,12.02,6.47,,0.05
2018-07-08 09:00:00,,12.77,4.66,,0.05
2018-07-08 10:00:00,,12.27,3.04,,0.13
2018-07-08 11:00:00,6.0,12.61,3.92,,0.1
2018-07-08 12:00:00,6.0,11.81,3.22,,0.16
2018-07-08 13:00:00,6.0,10.83,2.99,,0.17
2018-07-08 14:00:00,6.0,10.88,1.56,,0.13
2018-07-08 15:00:00,6.0,10.89,2.22,,0.05
2018-07-08 16:00:00,6.0,10.91,3.26,,0.05
2018-07-08 17:00:00,6.0,10.72,5.59,,0.05
2018-07-08 18:00:00,6.0,10.8,9.66,,0.05
2018-07-08 19:00:00,6.0,11.07,12.04,,0.05
2018-07-08 20:00:00,6.0,10.84,9.68,,0.13
2018-07-08 21:00:00,6.0,10.86,8.79,,0.05
2018-07-08 22:00:00,6.0,10.84,9.08,,0.05
2018-07-08 23:00:00,6.0,10.85,4.96,,0.05
2018-07-09 00:00:00,6.0,11.03,7.87,,0.05
2018-07-09 01:00:00,6.0,13.05,25.19,,0.05
2018-07-09 02:00:00,6.0,11.2,9.84,,0.18
2018-07-09 03:00:00,6.0,10.87,4.73,,0.13
2018-07-09 04:00:00,6.0,10.98,4.84,,0.14
2018-07-09 05:00:00,6.0,11.03,4.26,,0.15
2018-07-09 06:00:00,6.0,11.19,14.6,,0.12
2018-07-09 07:00:00,6.0,11.09,23.3,,0.25
2018-07-09 08:00:00,6.0,10.93,27.08,,0.35
2018-07-09 09:00:00,6.0,10.99,22.1,,0.17
2018-07-09 10:00:00,6.0,11.01,21.17,,0.23
2018-07-09 11:00:00,6.0,10.93,17.02,,0.22
2018-07-09 12:00:00,6.0,11.04,17.54,,0.21
2018-07-09 13:00:00,6.0,10.92,8.54,,0.18
2018-07-09 14:00:00,6.0,10.82,8.71,,0.15
2018-07-09 15:00:00,6.0,10.9,13.49,,0.19
2018-07-09 16:00:00,6.0,10.86,21.11,,0.15
2018-07-09 17:00:00,6.0,10.89,31.78,,0.29
2018-07-09 18:00:00,6.0,10.86,38.4,,0.32
2018-07-09 19:00:00,6.0,10.79,41.52,,0.27
2018-07-09 20:00:00,6.0,10.83,37.09,,0.18
2018-07-09 21:00:00,6.0,11.46,45.68,,0.27
2018-07-09 22:00:00,6.0,10.98,30.12,,0.21
2018-07-09 23:00:00,6.0,10.94,16.28,,0.19
2018-07-10 00:00:00,6.0,10.99,14.52,,0.16
2018-07-10 01:00:00,6.0,11.86,20.29,,0.11
2018-07-10 02:00:00,6.0,11.15,10.68,,0.21
2018-07-10 03:00:00,6.0,11.06,2.17,,0.05
2018-07-10 04:00:00,6.0,10.93,2.11,,0.05
2018-07-10 05:00:00,6.0,10.96,3.41,,0.05
2018-07-10 06:00:00,6.0,11.05,9.33,,0.19
2018-07-10 07:00:00,6.0,11.02,23.16,,0.19
2018-07-10 08:00:00,6.0,11.03,40.19,,0.32
2018-07-10 09:00:00,6.0,11.02,35.19,,0.36
2018-07-10 10:00:00,6.0,11.03,21.56,,0.2
2018-07-10 11:00:00,6.0,11.01,14.46,,0.14
2018-07-10 12:00:00,6.0,11.13,11.21,,0.16
2018-07-10 13:00:00,6.0,11.31,6.65,,0.15
2018-07-10 14:00:00,6.0,11.62,5.1,,0.11
2018-07-10 15:00:00,6.0,12.04,8.44,,0.24
2018-07-10 16:00:00,6.0,11.85,10.68,,0.17
2018-07-10 17:00:00,6.0,11.92,14.08,,0.18
2018-07-10 18:00:00,6.0,11.65,31.6,,0.34
2018-07-10 19:00:00,6.0,11.03,52.54,,0.92
2018-07-10 20:00:00,16.76,12.11,16.68,,1.71
2018-07-10 21:00:00,28.42,11.52,27.57,,1.27
2018-07-10 22:00:00,42.29,11.12,32.05,,1.17
2018-07-10 23:00:00,52.94,11.46,,,1.1
2018-07-11 00:00:00,48.95,11.23,,,1.06
2018-07-11 01:00:00,45.23,11.12,17.31,,0.73
2018-07-11 02:00:00,47.55,11.06,17.38,,0.59
2018-07-11 03:00:00,43.19,10.96,29.34,,0.37
2018-07-11 04:00:00,31.65,10.93,23.24,,0.14
2018-07-11 05:00:00,20.28,11.06,7.82,,0.05
2018-07-11 06:00:00,12.36,11.05,10.77,,0.11
2018-07-11 07:00:00,6.0,11.0,16.03,,0.05
2018-07-11 08:00:00,6.0,10.97,31.88,,0.13
2018-07-11 09:00:00,6.0,11.06,31.86,,0.21
2018-07-11 10:00:00,6.0,11.03,32.96,,0.12
2018-07-11 11:00:00,6.0,10.96,16.57,,0.05
2018-07-11 12:00:00,6.0,10.95,20.53,,0.14
2018-07-11 13:00:00,6.0,10.87,17.02,,0.11
2018-07-11 14:00:00,6.0,11.62,15.69,,0.16
2018-07-11 15:00:00,6.0,12.17,18.64,,0.13
2018-07-11 16:00:00,6.0,11.91,22.08,,0.05
2018-07-11 17:00:00,6.0,11.91,33.97,,0.21
2018-07-11 18:00:00,6.0,11.74,56.13,,0.35
2018-07-11 19:00:00,16.29,11.2,58.08,,0.44
2018-07-11 20:00:00,25.37,11.07,47.62,,0.86
2018-07-11 21:00:00,34.89,11.12,37.31,,0.67
2018-07-11 22:00:00,39.03,11.17,30.15,,0.62
2018-07-11 23:00:00,37.78,11.23,15.18,,0.72
2018-07-12 00:00:00,38.63,11.06,14.2,,0.9
2018-07-12 01:00:00,32.45,11.0,12.44,,0.14
2018-07-12 02:00:00,19.22,10.98,2.9,,0.05
2018-07-12 03:00:00,16.01,10.91,2.25,,0.05
2018-07-12 04:00:00,13.92,10.92,2.67,,0.05
2018-07-12 05:00:00,6.0,11.29,23.12,,0.05
2018-07-12 06:00:00,6.0,12.32,18.93,,0.28
2018-07-12 07:00:00,13.01,12.85,25.07,,0.29
2018-07-12 08:00:00,17.94,11.83,22.17,,0.42
2018-07-12 09:00:00,19.32,11.11,15.74,,0.16
2018-07-12 10:00:00,15.14,11.16,11.36,,0.16
2018-07-12 11:00:00,6.0,12.21,9.45,,0.22
2018-07-12 12:00:00,6.0,14.1,12.41,,0.14
2018-07-12 13:00:00,6.0,24.0,45.66,,0.16
2018-07-12 14:00:00,6.0,22.01,37.17,,0.26
2018-07-12 15:00:00,14.52,16.32,41.74,,0.26
2018-07-12 16:00:00,6.0,21.57,34.67,,0.24
2018-07-12 17:00:00,6.0,12.82,,,0.23
2018-07-12 18:00:00,16.73,14.28,,,1.47
2018-07-12 19:00:00,34.24,13.74,,,1.61
2018-07-12 20:00:00,58.34,12.65,,,0.97
2018-07-12 21:00:00,75.98,12.44,,,1.36
2018-07-12 22:00:00,76.33,11.39,,,0.58
2018-07-12 23:00:00,61.94,11.12,,,0.57
2018-07-13 00:00:00,53.47,11.29,,,1.47
2018-07-13 01:00:00,49.85,11.14,,,1.06
2018-07-13 02:00:00,46.66,11.1,,,1.21
2018-07-13 03:00:00,43.66,11.1,,,0.6
2018-07-13 04:00:00,38.98,11.13,,,0.57
2018-07-13 05:00:00,32.8,11.42,,,0.59
2018-07-13 06:00:00,29.43,11.84,,,0.91
2018-07-13 07:00:00,31.4,11.97,,,1.22
2018-07-13 08:00:00,36.15,12.51,,,1.54
2018-07-13 09:00:00,36.57,12.28,,,0.99
2018-07-13 10:00:00,36.35,13.0,,,0.48
2018-07-13 11:00:00,35.5,20.16,,,0.48
2018-07-13 12:00:00,34.18,18.5,,,0.44
2018-07-13 13:00:00,38.11,34.75,,,0.31
2018-07-13 14:00:00,38.48,13.78,,,0.12
2018-07-13 15:00:00,26.51,16.02,,,0.05
2018-07-13 16:00:00,13.11,15.32,,,0.12
2018-07-13 17:00:00,12.47,15.5,60.64,,0.42
2018-07-13 18:00:00,32.32,14.75,84.49,,1.39
2018-07-13 19:00:00,52.01,13.98,79.34,,0.99
2018-07-13 20:00:00,62.65,13.13,67.17,,0.73
2018-07-13 21:00:00,65.75,12.82,34.67,,0.81
2018-07-13 22:00:00,74.55,13.12,,,1.89
2018-07-13 23:00:00,97.87,13.08,,,2.37
2018-07-14 00:00:00,112.1,12.27,,,1.53
2018-07-14 01:00:00,105.6,11.38,12.24,,0.54
2018-07-14 02:00:00,85.17,11.32,,,0.85
2018-07-14 03:00:00,64.78,11.09,8.86,,0.55
2018-07-14 04:00:00,46.08,11.07,10.29,,0.45
2018-07-14 05:00:00,38.98,11.15,,,0.69
2018-07-14 06:00:00,35.67,11.09,,,0.6
2018-07-14 07:00:00,34.45,11.64,,,0.84
2018-07-14 08:00:00,37.61,11.36,,,0.99
2018-07-14 09:00:00,37.24,11.25,56.72,,1.07
2018-07-14 10:00:00,49.06,12.24,177.3,,1.32
2018-07-14 11:00:00,66.16,14.87,188.2,,1.58
2018-07-14 12:00:00,61.53,13.87,67.72,,0.92
2018-07-14 13:00:00,47.2,14.21,37.31,,0.37
2018-07-14 14:00:00,37.42,33.27,33.6,,0.38
2018-07-14 15:00:00,30.35,16.33,35.05,,0.23
2018-07-14 16:00:00,28.13,14.12,37.85,,0.3
2018-07-14 17:00:00,32.61,12.38,59.92,,0.48
2018-07-14 18:00:00,44.95,12.08,82.42,,0.76
2018-07-14 19:00:00,52.2,11.84,60.59,,0.56
2018-07-14 20:00:00,64.63,12.28,59.67,,0.99
2018-07-14 21:00:00,73.81,12.49,25.04,,1.42
2018-07-14 22:00:00,81.13,13.21,,,2.19
2018-07-14 23:00:00,109.1,13.41,,,3.48
2018-07-15 00:00:00,146.9,13.69,,,3.51
2018-07-15 01:00:00,158.5,13.92,,,3.17
2018-07-15 02:00:00,148.9,13.33,,,2.8
2018-07-15 03:00:00,126.4,12.61,,,1.56
2018-07-15 04:00:00,95.29,12.72,,,1.41
2018-07-15 05:00:00,71.27,12.11,,,0.5
2018-07-15 06:00:00,52.19,12.03,13.12,,0.22
2018-07-15 07:00:00,41.44,12.18,9.53,,0.27
2018-07-15 08:00:00,30.64,12.45,,,0.49
2018-07-15 09:00:00,31.73,12.75,,,0.93
2018-07-15 10:00:00,36.99,12.41,40.08,,1.13
2018-07-15 11:00:00,31.63,12.06,41.09,,0.25
2018-07-15 12:00:00,24.95,11.62,23.5,,0.05
2018-07-15 13:00:00,19.43,20.63,29.21,,0.05
2018-07-15 14:00:00,22.31,14.2,15.46,,0.05
2018-07-15 15:00:00,28.83,12.99,20.02,,0.15
2018-07-15 16:00:00,25.73,16.61,38.11,,0.05
2018-07-15 17:00:00,19.68,14.65,51.7,,0.4
2018-07-15 18:00:00,25.42,13.56,55.47,,1.1
2018-07-15 19:00:00,43.57,13.2,50.03,,1.74
2018-07-15 20:00:00,61.04,12.5,56.31,,0.63
2018-07-15 21:00:00,64.78,12.43,43.88,,0.48
2018-07-15 22:00:00,70.29,12.52,30.34,,0.05
2018-07-15 23:00:00,63.26,12.13,15.63,,0.05
2018-07-16 00:00:00,43.83,11.77,7.28,,0.05
2018-07-16 01:00:00,29.9,11.61,4.27,,0.05
2018-07-16 02:00:00,17.76,11.17,3.31,,0.1
2018-07-16 03:00:00,16.36,11.14,2.29,,0.05
2018-07-16 04:00:00,16.75,11.11,0.47,,0.05
2018-07-16 05:00:00,15.78,11.11,1.13,,0.05
2018-07-16 06:00:00,12.76,11.85,4.9,,0.05
2018-07-16 07:00:00,6.0,11.83,13.23,,0.05
2018-07-16 08:00:00,6.0,11.71,18.01,,0.05
2018-07-16 09:00:00,6.0,11.96,19.7,,0.05
2018-07-16 10:00:00,6.0,11.92,17.13,,0.05
2018-07-16 11:00:00,6.0,11.66,16.32,,0.05
2018-07-16 12:00:00,6.0,11.83,17.97,,0.05
2018-07-16 13:00:00,6.0,11.77,11.56,,0.05
2018-07-16 14:00:00,6.0,11.7,9.04,,0.05
2018-07-16 15:00:00,6.0,11.33,9.81,,0.05
2018-07-16 16:00:00,6.0,11.55,12.55,,0.05
2018-07-16 17:00:00,6.0,11.08,13.33,,0.05
2018-07-16 18:00:00,6.0,11.31,16.88,,0.11
2018-07-16 19:00:00,6.0,11.16,18.33,,0.11
2018-07-16 20:00:00,6.0,11.31,10.33,,0.05
2018-07-16 21:00:00,6.0,11.04,5.27,,0.05
2018-07-16 22:00:00,6.0,11.04,4.74,,0.05
2018-07-16 23:00:00,6.0,10.99,4.37,,0.05
2018-07-17 00:00:00,6.0,10.99,3.5,,0.05
2018-07-17 01:00:00,6.0,10.94,2.13,,0.05
2018-07-17 02:00:00,6.0,10.91,1.54,,0.05
2018-07-17 03:00:00,6.0,10.86,0.99,,0.13
2018-07-17 04:00:00,6.0,10.87,2.4,,0.05
2018-07-17 05:00:00,6.0,10.87,4.86,,0.11
2018-07-17 06:00:00,6.0,10.87,8.62,,0.12
2018-07-17 07:00:00,6.0,11.19,23.0,,0.26
2018-07-17 08:00:00,6.0,11.1,21.12,,0.46
2018-07-17 09:00:00,6.0,11.01,35.0,,0.22
2018-07-17 10:00:00,6.0,11.03,25.73,,0.17
2018-07-17 11:00:00,6.0,10.97,16.11,,0.15
2018-07-17 12:00:00,6.0,10.98,12.47,,0.14
2018-07-17 13:00:00,6.0,11.0,15.38,,0.11
2018-07-17 14:00:00,6.0,11.02,11.84,,0.05
2018-07-17 15:00:00,6.0,11.09,17.46,,0.11
2018-07-17 16:00:00,6.0,11.27,24.57,,0.15
2018-07-17 17:00:00,6.0,11.51,21.62,,0.11
2018-07-17 18:00:00,6.0,11.44,36.69,,0.41
2018-07-17 19:00:00,6.0,11.45,46.17,,0.69
2018-07-17 20:00:00,6.0,11.73,40.28,,1.18
2018-07-17 21:00:00,16.61,11.91,38.11,,1.41
2018-07-17 22:00:00,20.03,11.88,42.61,,1.12
2018-07-17 23:00:00,24.96,11.86,39.48,,0.94
2018-07-18 00:00:00,33.05,11.59,43.17,,0.7
2018-07-18 01:00:00,29.44,10.98,31.14,,0.27
2018-07-18 02:00:00,19.07,10.99,35.83,,0.34
2018-07-18 03:00:00,17.16,10.92,35.46,,0.19
2018-07-18 04:00:00,19.92,11.02,33.52,,0.24
2018-07-18 05:00:00,15.35,10.89,34.61,,0.23
2018-07-18 06:00:00,6.0,11.66,27.05,,0.57
2018-07-18 07:00:00,14.99,12.68,,,0.91
2018-07-18 08:00:00,18.84,13.73,,,2.07
2018-07-18 09:00:00,20.71,12.37,15.18,,0.96
2018-07-18 10:00:00,28.49,12.16,32.33,,0.99
2018-07-18 11:00:00,30.82,11.12,34.1,,0.54
2018-07-18 12:00:00,23.83,10.82,32.06,,0.25
2018-07-18 13:00:00,15.99,10.89,18.53,,0.12
2018-07-18 14:00:00,14.79,10.84,13.98,,0.14
2018-07-18 15:00:00,13.41,10.82,11.79,,0.11
2018-07-18 16:00:00,,11.92,12.57,,0.05
2018-07-18 17:00:00,,10.87,,,0.05
2018-07-18 18:00:00,6.0,10.85,,,0.15
2018-07-18 19:00:00,15.56,10.86,,,0.15
2018-07-18 20:00:00,19.39,10.88,,,0.14
2018-07-18 21:00:00,17.72,11.01,,,0.27
2018-07-18 22:00:00,20.36,11.18,,,0.27
2018-07-18 23:00:00,15.83,11.99,,,0.72
2018-07-19 00:00:00,29.37,12.28,,,0.9
2018-07-19 01:00:00,26.58,12.44,,,0.35
2018-07-19 02:00:00,28.15,11.87,,,0.49
2018-07-19 03:00:00,21.57,11.52,,,0.39
2018-07-19 04:00:00,15.35,11.57,,,0.35
2018-07-19 05:00:00,17.05,11.84,,,0.47
2018-07-19 06:00:00,14.47,12.41,,,0.74
2018-07-19 07:00:00,16.48,13.18,,,1.36
2018-07-19 08:00:00,25.81,13.6,,,1.96
2018-07-19 09:00:00,38.6,13.15,,,1.38
2018-07-19 10:00:00,54.31,11.84,,,1.11
2018-07-19 11:00:00,43.56,11.12,,,0.7
2018-07-19 12:00:00,35.16,11.34,,,0.32
2018-07-19 13:00:00,38.41,12.08,,,0.26
2018-07-19 14:00:00,25.44,12.26,,,0.16
2018-07-19 15:00:00,24.43,12.49,,,0.15
2018-07-19 16:00:00,23.49,11.05,,,0.33
2018-07-19 17:00:00,23.35,11.99,70.52,,0.55
2018-07-19 18:00:00,28.43,12.17,79.11,,1.01
2018-07-19 19:00:00,43.25,12.06,68.05,,1.07
2018-07-19 20:00:00,50.62,12.9,,,2.31
2018-07-19 21:00:00,61.22,13.06,,,2.51
2018-07-19 22:00:00,80.11,13.03,,,2.42
2018-07-19 23:00:00,85.08,13.96,,,3.19
2018-07-20 00:00:00,94.29,13.27,,,2.33
2018-07-20 01:00:00,75.87,10.95,30.92,,0.25
2018-07-20 02:00:00,43.0,3.23,3.21,,0.05
2018-07-20 03:00:00,30.49,6.15,1.68,,0.05
2018-07-20 04:00:00,23.38,1.64,1.72,,0.05
2018-07-20 05:00:00,15.31,2.12,3.64,,0.05
2018-07-20 06:00:00,19.63,6.14,24.58,,0.05
2018-07-20 07:00:00,20.64,12.16,,,0.57
2018-07-20 08:00:00,25.82,11.3,40.13,,0.16
2018-07-20 09:00:00,30.49,12.36,40.49,,0.14
2018-07-20 10:00:00,32.71,11.59,47.3,,0.05
2018-07-20 11:00:00,30.2,13.45,42.54,,0.14
2018-07-20 12:00:00,39.72,12.07,19.0,,0.05
2018-07-20 13:00:00,34.1,14.84,19.77,,0.05
2018-07-20 14:00:00,34.16,14.67,7.17,,0.05
2018-07-20 15:00:00,35.66,13.86,7.39,,0.05
2018-07-20 16:00:00,28.1,12.81,13.05,,0.05
2018-07-20 17:00:00,16.21,12.55,13.04,,0.05
2018-07-20 18:00:00,6.0,12.47,10.78,,0.05
2018-07-20 19:00:00,6.0,12.18,12.95,,0.05
2018-07-20 20:00:00,6.0,12.56,16.7,,0.05
2018-07-20 21:00:00,6.0,12.0,8.2,,0.05
2018-07-20 22:00:00,6.0,11.51,6.66,,0.05
2018-07-20 23:00:00,6.0,11.73,9.92,,0.05
2018-07-21 00:00:00,6.0,11.8,3.76,,0.05
2018-07-21 01:00:00,6.0,11.7,1.37,,0.05
2018-07-21 02:00:00,6.0,11.51,,,0.05
2018-07-21 03:00:00,6.0,11.41,,,0.05
2018-07-21 04:00:00,6.0,12.15,,,0.05
2018-07-21 05:00:00,6.0,13.09,3.85,,0.05
2018-07-21 06:00:00,,13.16,9.79,,0.05
2018-07-21 07:00:00,,11.94,9.22,,0.05
2018-07-21 08:00:00,,10.9,8.74,,0.05
2018-07-21 09:00:00,,14.66,24.71,,0.05
2018-07-21 10:00:00,,16.55,22.78,,0.05
2018-07-21 11:00:00,,11.44,4.13,,0.12
2018-07-21 12:00:00,,11.87,6.69,,0.05
2018-07-21 13:00:00,6.0,15.17,17.55,,0.05
2018-07-21 14:00:00,6.0,16.05,14.81,,0.05
2018-07-21 15:00:00,6.0,11.66,7.7,,0.05
2018-07-21 16:00:00,6.0,11.78,10.16,,0.05
2018-07-21 17:00:00,6.0,11.77,17.84,,0.05
2018-07-21 18:00:00,6.0,11.29,22.59,,0.05
2018-07-21 19:00:00,6.0,11.21,44.13,,0.68
2018-07-21 20:00:00,19.06,11.26,42.88,,1.15
2018-07-21 21:00:00,34.23,11.81,30.2,,1.31
2018-07-21 22:00:00,47.04,11.54,21.86,,1.08
2018-07-21 23:00:00,54.71,11.55,18.72,,0.81
2018-07-22 00:00:00,53.53,11.6,,,1.26
2018-07-22 01:00:00,55.59,11.39,12.87,,0.36
2018-07-22 02:00:00,42.24,11.42,11.12,,0.36
2018-07-22 03:00:00,26.72,11.26,8.34,,0.13
2018-07-22 04:00:00,19.47,11.12,7.2,,0.26
2018-07-22 05:00:00,15.17,12.06,6.84,,0.19
2018-07-22 06:00:00,6.0,11.25,7.33,,0.15
2018-07-22 07:00:00,6.0,11.29,,,0.22
2018-07-22 08:00:00,6.0,11.18,,,0.56
2018-07-22 09:00:00,15.02,10.97,6.89,,0.22
2018-07-22 10:00:00,14.4,11.48,9.52,,0.33
2018-07-22 11:00:00,16.15,11.72,11.68,,0.23
2018-07-22 12:00:00,13.03,12.3,15.04,,0.25
2018-07-22 13:00:00,15.3,12.98,17.55,,0.44
2018-07-22 14:00:00,20.33,12.66,14.14,,0.33
2018-07-22 15:00:00,22.83,12.61,9.31,,0.17
2018-07-22 16:00:00,23.07,12.44,12.85,,0.21
2018-07-22 17:00:00,14.1,12.66,15.46,,0.18
2018-07-22 18:00:00,17.11,12.83,22.6,,0.29
2018-07-22 19:00:00,30.45,12.96,41.68,,0.63
2018-07-22 20:00:00,44.87,12.52,37.32,,0.75
2018-07-22 21:00:00,43.85,12.25,36.87,,0.75
2018-07-22 22:00:00,47.98,12.42,35.18,,0.55
2018-07-22 23:00:00,44.81,12.02,32.43,,0.51
2018-07-23 00:00:00,42.77,11.96,23.24,,0.3
2018-07-23 01:00:00,38.45,11.97,25.35,,0.37
2018-07-23 02:00:00,32.78,11.59,36.18,,0.49
2018-07-23 03:00:00,35.52,11.51,31.64,,0.37
2018-07-23 04:00:00,32.08,11.57,24.84,,0.55
2018-07-23 05:00:00,29.18,11.75,24.45,,0.41
2018-07-23 06:00:00,23.31,11.97,20.88,,0.72
2018-07-23 07:00:00,27.37,11.82,14.71,,0.57
2018-07-23 08:00:00,33.19,12.18,,,0.97
2018-07-23 09:00:00,38.52,11.66,22.66,,0.31
2018-07-23 10:00:00,26.94,11.77,16.29,,0.21
2018-07-23 11:00:00,16.55,12.46,12.9,,0.2
2018-07-23 12:00:00,6.0,11.9,10.99,,0.16
2018-07-23 13:00:00,6.0,11.37,7.59,,0.14
2018-07-23 14:00:00,12.89,11.65,8.21,,0.11
2018-07-23 15:00:00,6.0,11.72,9.47,,0.11
2018-07-23 16:00:00,6.0,11.78,10.96,,0.05
2018-07-23 17:00:00,6.0,11.34,12.95,,0.05
2018-07-23 18:00:00,6.0,11.28,18.31,,0.18
2018-07-23 19:00:00,6.0,11.29,21.74,,0.33
2018-07-23 20:00:00,6.0,11.34,20.74,,0.17
2018-07-23 21:00:00,6.0,11.32,23.24,,0.22
2018-07-23 22:00:00,30.01,11.49,20.66,,0.33
2018-07-23 23:00:00,23.2,11.29,20.17,,0.22
2018-07-24 00:00:00,38.39,11.29,19.07,,0.16
2018-07-24 01:00:00,32.7,11.45,6.79,,0.12
2018-07-24 02:00:00,17.49,11.39,3.04,,0.05
2018-07-24 03:00:00,12.06,11.42,0.47,,0.05
2018-07-24 04:00:00,6.0,11.33,0.94,,0.05
2018-07-24 05:00:00,6.0,11.32,2.75,,0.05
2018-07-24 06:00:00,6.0,11.37,9.22,,0.26
2018-07-24 07:00:00,6.0,11.44,22.66,,0.19
2018-07-24 08:00:00,6.0,11.4,26.87,,0.22
2018-07-24 09:00:00,15.31,11.44,34.05,,0.28
2018-07-24 10:00:00,6.0,11.28,30.56,,0.24
2018-07-24 11:00:00,6.0,11.39,26.66,,0.17
2018-07-24 12:00:00,6.0,11.42,38.31,,0.29
2018-07-24 13:00:00,6.0,11.4,40.9,,0.28
2018-07-24 14:00:00,6.0,11.51,25.28,,0.2
2018-07-24 15:00:00,16.25,11.8,16.59,,0.16
2018-07-24 16:00:00,6.0,11.67,17.27,,0.18
2018-07-24 17:00:00,6.0,11.86,20.35,,0.22
2018-07-24 18:00:00,6.0,11.82,23.48,,0.22
2018-07-24 19:00:00,19.03,11.96,26.8,,0.27
2018-07-24 20:00:00,13.4,11.73,19.28,,0.23
2018-07-24 21:00:00,18.52,11.34,20.53,,0.21
2018-07-24 22:00:00,19.97,11.58,13.42,,0.14
2018-07-24 23:00:00,6.0,11.74,7.78,,0.16
2018-07-25 00:00:00,6.0,11.52,4.04,,0.05
2018-07-25 01:00:00,6.0,11.59,3.76,,0.05
2018-07-25 02:00:00,6.0,11.29,2.5,,0.05
2018-07-25 03:00:00,6.0,11.55,1.33,,0.05
2018-07-25 04:00:00,6.0,11.73,,,0.05
2018-07-25 05:00:00,6.0,11.66,0.47,,0.05
2018-07-25 06:00:00,6.0,11.8,14.34,,0.18
2018-07-25 07:00:00,6.0,11.64,18.26,,0.15
2018-07-25 08:00:00,6.0,11.91,22.46,,0.22
2018-07-25 09:00:00,6.0,11.5,21.59,,0.11
2018-07-25 10:00:00,6.0,11.73,13.87,,0.13
2018-07-25 11:00:00,6.0,11.5,13.6,,0.13
2018-07-25 12:00:00,6.0,11.83,18.98,,0.16
2018-07-25 13:00:00,6.0,12.07,21.38,,0.15
2018-07-25 14:00:00,6.0,11.53,20.55,,0.13
2018-07-25 15:00:00,6.0,11.53,25.55,,0.17
2018-07-25 16:00:00,6.0,11.66,20.63,,0.15
2018-07-25 17:00:00,6.0,11.66,18.72,,0.11
2018-07-25 18:00:00,6.0,11.64,26.22,,0.21
2018-07-25 19:00:00,6.0,11.81,26.14,,0.18
2018-07-25 20:00:00,6.0,11.86,23.42,,0.19
2018-07-25 21:00:00,6.0,11.5,16.52,,0.12
2018-07-25 22:00:00,6.0,11.59,15.06,,0.14
2018-07-25 23:00:00,6.0,11.57,26.8,,0.26
2018-07-26 00:00:00,6.0,11.65,25.44,,0.22
2018-07-26 01:00:00,6.0,11.99,13.77,,0.14
2018-07-26 02:00:00,15.4,11.93,9.54,,0.05
2018-07-26 03:00:00,6.0,12.06,3.21,,0.05
2018-07-26 04:00:00,6.0,11.54,1.74,,0.05
2018-07-26 05:00:00,6.0,11.49,3.88,,0.05
2018-07-26 06:00:00,6.0,11.35,11.45,,0.11
2018-07-26 07:00:00,6.0,11.59,25.13,,0.05
2018-07-26 08:00:00,6.0,11.62,36.05,,0.23
2018-07-26 09:00:00,6.0,11.9,34.53,,0.15
2018-07-26 10:00:00,6.0,13.2,49.54,,0.2
2018-07-26 11:00:00,6.0,11.79,35.05,,0.12
2018-07-26 12:00:00,6.0,11.47,17.82,,0.11
2018-07-26 13:00:00,6.0,12.05,34.36,,0.24
2018-07-26 14:00:00,6.0,13.0,38.37,,0.15
2018-07-26 15:00:00,6.0,14.45,43.49,,0.05
2018-07-26 16:00:00,6.0,13.0,29.72,,0.05
2018-07-26 17:00:00,6.0,12.59,24.08,,0.05
2018-07-26 18:00:00,6.0,12.26,25.77,,0.05
2018-07-26 19:00:00,6.0,12.46,24.08,,0.17
2018-07-26 20:00:00,6.0,11.97,24.29,,0.14
2018-07-26 21:00:00,6.0,11.85,30.22,,0.34
2018-07-26 22:00:00,18.25,12.14,20.81,,0.28
2018-07-26 23:00:00,16.39,12.15,22.45,,0.05
2018-07-27 00:00:00,6.0,12.1,18.35,,0.05
2018-07-27 01:00:00,6.0,12.11,11.09,,0.05
2018-07-27 02:00:00,6.0,12.95,13.09,,0.05
2018-07-27 03:00:00,6.0,11.89,8.06,,0.05
2018-07-27 04:00:00,6.0,11.75,10.27,,0.05
2018-07-27 05:00:00,6.0,11.48,4.22,,0.05
2018-07-27 06:00:00,6.0,11.43,9.77,,0.05
2018-07-27 07:00:00,6.0,12.26,24.48,,0.05
2018-07-27 08:00:00,6.0,12.17,28.49,,0.35
2018-07-27 09:00:00,6.0,11.87,26.35,,0.29
2018-07-27 10:00:00,6.0,11.65,19.99,,0.1
2018-07-27 11:00:00,6.0,11.86,17.63,,0.05
2018-07-27 12:00:00,6.0,14.18,19.33,,0.12
2018-07-27 13:00:00,6.0,17.46,36.99,,0.05
2018-07-27 14:00:00,6.0,16.71,36.14,,0.3
2018-07-27 15:00:00,15.11,13.77,25.42,,0.33
2018-07-27 16:00:00,12.96,13.95,22.09,,0.29
2018-07-27 17:00:00,6.0,12.58,25.51,,0.42
2018-07-27 18:00:00,6.0,12.62,27.22,,0.43
2018-07-27 19:00:00,13.67,12.7,,,0.85
2018-07-27 20:00:00,23.06,12.88,,,1.48
2018-07-27 21:00:00,41.39,12.85,,,2.12
2018-07-27 22:00:00,58.15,12.24,,,1.47
2018-07-27 23:00:00,69.4,12.33,,,0.77
2018-07-28 00:00:00,62.18,12.45,,,1.39
2018-07-28 01:00:00,54.07,12.53,,,1.16
2018-07-28 02:00:00,54.71,12.01,18.13,,0.3
2018-07-28 03:00:00,36.85,11.41,19.76,,0.1
2018-07-28 04:00:00,29.63,11.49,6.52,,0.05
2018-07-28 05:00:00,18.16,11.27,2.51,,0.05
2018-07-28 06:00:00,6.0,11.25,3.5,,0.05
2018-07-28 07:00:00,6.0,11.24,6.83,,0.05
2018-07-28 08:00:00,6.0,11.49,6.57,,0.15
2018-07-28 09:00:00,6.0,11.5,,,0.05
2018-07-28 10:00:00,6.0,11.6,6.09,,0.05
2018-07-28 11:00:00,6.0,11.69,10.02,,0.14
2018-07-28 12:00:00,6.0,11.22,10.01,,0.12
2018-07-28 13:00:00,6.0,11.47,22.11,,0.25
2018-07-28 14:00:00,13.76,11.75,19.73,,0.38
2018-07-28 15:00:00,14.53,11.68,20.32,,0.42
2018-07-28 16:00:00,19.62,11.57,20.73,,0.42
2018-07-28 17:00:00,13.1,11.51,24.32,,0.27
2018-07-28 18:00:00,21.3,11.47,26.25,,0.42
2018-07-28 19:00:00,33.86,12.39,32.21,,0.47
2018-07-28 20:00:00,37.22,12.61,46.79,,0.13
2018-07-28 21:00:00,32.75,12.12,12.38,,0.05
2018-07-28 22:00:00,19.37,12.2,13.93,,0.05
2018-07-28 23:00:00,12.65,12.01,12.98,,0.05
2018-07-29 00:00:00,6.0,11.55,7.47,,0.05
2018-07-29 01:00:00,6.0,12.56,10.86,,0.05
2018-07-29 02:00:00,6.0,11.35,4.47,,0.15
2018-07-29 03:00:00,6.0,11.14,2.42,,0.11
2018-07-29 04:00:00,6.0,11.11,3.63,,0.05
2018-07-29 05:00:00,6.0,11.95,4.3,,0.1
2018-07-29 06:00:00,6.0,11.5,3.16,,0.05
2018-07-29 07:00:00,6.0,11.15,4.49,,0.05
2018-07-29 08:00:00,6.0,12.37,7.89,,0.12
2018-07-29 09:00:00,6.0,11.05,8.03,,0.11
2018-07-29 10:00:00,6.0,21.34,16.61,,0.1
2018-07-29 11:00:00,6.0,26.44,18.23,,0.14
2018-07-29 12:00:00,6.0,27.77,16.98,,0.16
2018-07-29 13:00:00,13.49,32.68,17.68,,0.13
2018-07-29 14:00:00,13.79,15.49,7.31,,0.05
2018-07-29 15:00:00,6.0,14.29,8.1,,0.05
2018-07-29 16:00:00,6.0,14.34,10.19,,0.05
2018-07-29 17:00:00,6.0,15.67,13.58,,0.05
2018-07-29 18:00:00,6.0,12.07,13.51,,0.05
2018-07-29 19:00:00,6.0,17.43,31.32,,0.05
2018-07-29 20:00:00,6.0,26.43,45.1,,0.21
2018-07-29 21:00:00,6.0,19.52,24.22,,0.21
2018-07-29 22:00:00,6.0,12.95,19.48,,0.27
2018-07-29 23:00:00,6.0,12.23,21.48,,0.17
2018-07-30 00:00:00,13.12,20.13,26.16,,0.05
2018-07-30 01:00:00,14.55,18.26,14.0,,0.05
2018-07-30 02:00:00,12.4,14.38,10.24,,0.1
2018-07-30 03:00:00,6.0,12.08,15.84,,0.05
2018-07-30 04:00:00,6.0,12.15,12.45,,0.17
2018-07-30 05:00:00,6.0,11.58,12.71,,0.12
2018-07-30 06:00:00,6.0,11.58,25.06,,0.15
2018-07-30 07:00:00,6.0,12.16,38.62,,0.34
2018-07-30 08:00:00,6.0,12.66,26.07,,0.76
2018-07-30 09:00:00,18.61,11.97,28.9,,0.32
2018-07-30 10:00:00,20.6,11.61,15.9,,0.1
2018-07-30 11:00:00,12.99,12.99,6.57,,0.05
2018-07-30 12:00:00,6.0,11.29,2.29,,0.05
2018-07-30 13:00:00,6.0,12.39,7.43,,0.05
2018-07-30 14:00:00,6.0,13.15,10.43,,0.05
2018-07-30 15:00:00,6.0,12.09,9.06,,0.05
2018-07-30 16:00:00,6.0,13.55,10.27,,0.05
2018-07-30 17:00:00,6.0,13.25,7.7,,0.05
2018-07-30 18:00:00,6.0,17.5,23.08,,0.05
2018-07-30 19:00:00,6.0,14.38,46.51,,0.43
2018-07-30 20:00:00,14.22,12.88,34.66,,1.08
2018-07-30 21:00:00,23.79,11.88,37.12,,0.33
2018-07-30 22:00:00,33.45,11.59,35.43,,0.45
2018-07-30 23:00:00,26.89,11.09,25.18,,0.27
2018-07-31 00:00:00,24.29,11.2,20.0,,0.53
2018-07-31 01:00:00,26.73,11.08,21.06,,0.4
2018-07-31 02:00:00,20.9,11.17,30.62,,0.4
2018-07-31 03:00:00,17.89,11.18,26.8,,0.35
2018-07-31 04:00:00,22.26,11.01,25.05,,0.37
2018-07-31 05:00:00,27.85,11.04,18.35,,0.44
2018-07-31 06:00:00,24.82,11.07,19.11,,0.56
2018-07-31 07:00:00,27.68,12.08,,,1.1
2018-07-31 08:00:00,26.32,12.52,,,1.31
2018-07-31 09:00:00,29.31,11.35,25.65,,0.35
2018-07-31 10:00:00,27.46,12.92,16.48,,0.12
2018-07-31 11:00:00,16.28,14.21,16.84,,0.05
2018-07-31 12:00:00,12.91,13.29,13.2,,0.05
2018-07-31 13:00:00,6.0,11.48,11.64,,0.05
2018-07-31 14:00:00,6.0,11.06,4.51,,0.05
2018-07-31 15:00:00,6.0,11.25,5.95,,0.05
2018-07-31 16:00:00,6.0,11.26,11.35,,0.05
2018-07-31 17:00:00,6.0,11.09,11.91,,0.05
2018-07-31 18:00:00,6.0,11.08,20.65,,0.05
2018-07-31 19:00:00,6.0,11.07,27.85,,0.11
2018-07-31 20:00:00,14.14,10.99,30.84,,0.12
2018-07-31 21:00:00,19.79,10.98,26.07,,0.05
2018-07-31 22:00:00,19.02,10.8,13.84,,0.05
2018-07-31 23:00:00,17.4,10.97,13.82,,0.05
2018-08-01 00:00:00,18.97,11.03,14.74,,0.05
2018-08-01 01:00:00,15.15,10.98,14.49,,0.05
2018-08-01 02:00:00,13.91,11.04,9.79,,0.19
2018-08-01 03:00:00,6.0,10.97,5.07,,0.12
2018-08-01 04:00:00,12.73,10.95,3.29,,0.1
2018-08-01 05:00:00,6.0,11.07,7.76,,0.25
2018-08-01 06:00:00,6.0,11.33,,,0.42
2018-08-01 07:00:00,6.0,11.51,16.53,,0.64
2018-08-01 08:00:00,6.0,12.75,,,1.48
2018-08-01 09:00:00,27.43,11.46,24.24,,0.64
2018-08-01 10:00:00,30.08,11.07,19.39,,0.18
2018-08-01 11:00:00,19.88,10.86,8.59,,0.05
2018-08-01 12:00:00,19.2,11.0,7.21,,0.05
2018-08-01 13:00:00,14.68,11.02,6.26,,0.05
2018-08-01 14:00:00,6.0,11.0,4.52,,0.05
2018-08-01 15:00:00,6.0,10.78,3.95,,0.05
2018-08-01 16:00:00,6.0,10.97,6.38,,0.1
2018-08-01 17:00:00,6.0,10.85,7.62,,0.11
2018-08-01 18:00:00,6.0,11.1,20.12,,0.16
2018-08-01 19:00:00,12.3,11.06,25.73,,0.3
2018-08-01 20:00:00,21.1,10.86,28.59,,0.28
2018-08-01 21:00:00,21.68,10.99,26.69,,0.4
2018-08-01 22:00:00,26.93,11.09,22.82,,0.4
2018-08-01 23:00:00,35.68,11.12,25.08,,0.46
2018-08-02 00:00:00,28.3,11.21,18.6,,0.36
2018-08-02 01:00:00,24.52,11.09,16.53,,0.28
2018-08-02 02:00:00,24.86,11.15,14.87,,0.31
2018-08-02 03:00:00,17.98,11.33,12.07,,0.21
2018-08-02 04:00:00,23.26,11.37,9.54,,0.15
2018-08-02 05:00:00,15.7,11.13,7.93,,0.05
2018-08-02 06:00:00,14.71,11.45,4.38,,0.33
2018-08-02 07:00:00,6.0,11.77,,,0.38
2018-08-02 08:00:00,19.1,12.78,,,1.07
2018-08-02 09:00:00,18.49,11.83,,,0.57
2018-08-02 10:00:00,22.7,12.15,20.78,,0.4
2018-08-02 11:00:00,28.85,12.11,22.23,,0.17
2018-08-02 12:00:00,23.83,12.06,14.67,,0.05
2018-08-02 13:00:00,16.56,11.47,9.51,,0.05
2018-08-02 14:00:00,17.17,11.37,6.2,,0.05
2018-08-02 15:00:00,6.0,11.94,4.73,,0.05
2018-08-02 16:00:00,6.0,12.16,6.57,,0.05
2018-08-02 17:00:00,6.0,12.16,11.57,,0.05
2018-08-02 18:00:00,13.31,12.32,32.93,,0.05
2018-08-02 19:00:00,13.68,12.45,62.07,,0.24
2018-08-02 20:00:00,22.83,12.55,46.31,,0.29
2018-08-02 21:00:00,31.76,12.22,37.38,,0.22
2018-08-02 22:00:00,33.56,12.44,42.42,,0.27
2018-08-02 23:00:00,39.3,12.53,43.26,,0.23
2018-08-03 00:00:00,38.27,12.42,28.94,,0.05
2018-08-03 01:00:00,27.8,12.52,20.66,,0.05
2018-08-03 02:00:00,30.77,12.23,11.98,,0.17
2018-08-03 03:00:00,22.64,11.43,11.08,,0.17
2018-08-03 04:00:00,20.4,11.03,13.73,,0.23
2018-08-03 05:00:00,25.06,10.92,14.34,,0.21
2018-08-03 06:00:00,15.9,10.93,22.68,,0.23
2018-08-03 07:00:00,6.0,11.58,29.08,,0.37
2018-08-03 08:00:00,17.35,12.39,,,0.86
2018-08-03 09:00:00,12.61,12.54,19.49,,0.52
2018-08-03 10:00:00,22.5,12.62,27.24,,0.33
2018-08-03 11:00:00,21.51,12.39,31.55,,0.2
2018-08-03 12:00:00,23.64,12.42,34.16,,0.31
2018-08-03 13:00:00,22.87,12.3,22.53,,0.17
2018-08-03 14:00:00,24.68,12.41,12.28,,0.05
2018-08-03 15:00:00,16.07,15.82,26.95,,0.14
2018-08-03 16:00:00,6.0,14.06,18.89,,0.05
2018-08-03 17:00:00,6.0,13.73,27.92,,0.05
2018-08-03 18:00:00,6.0,12.84,50.33,,0.2
2018-08-03 19:00:00,6.0,12.89,52.69,,0.79
2018-08-03 20:00:00,52.55,12.89,28.2,,1.25
2018-08-03 21:00:00,55.11,12.96,,,1.54
2018-08-03 22:00:00,60.79,13.49,,,2.17
2018-08-03 23:00:00,72.47,13.33,,,2.72
2018-08-04 00:00:00,86.24,12.52,11.65,,1.04
2018-08-04 01:00:00,79.97,12.46,10.02,,0.6
2018-08-04 02:00:00,76.33,12.16,11.91,,0.72
2018-08-04 03:00:00,52.92,11.8,14.37,,0.56
2018-08-04 04:00:00,49.85,11.91,11.99,,0.57
2018-08-04 05:00:00,41.92,12.36,,,0.9
2018-08-04 06:00:00,54.27,12.17,10.71,,0.78
2018-08-04 07:00:00,56.81,12.43,,,0.82
2018-08-04 08:00:00,54.91,12.77,,,1.44
2018-08-04 09:00:00,46.21,12.32,19.7,,0.51
2018-08-04 10:00:00,38.88,12.39,23.68,,0.38
2018-08-04 11:00:00,30.91,14.34,37.46,,0.34
2018-08-04 12:00:00,21.8,41.33,18.1,,0.23
2018-08-04 13:00:00,18.53,31.65,17.64,,0.05
2018-08-04 14:00:00,6.0,39.89,18.93,,0.05
2018-08-04 15:00:00,6.0,18.35,13.21,,0.05
2018-08-04 16:00:00,6.0,13.78,14.67,,0.05
2018-08-04 17:00:00,6.0,12.89,19.92,,0.05
2018-08-04 18:00:00,6.0,14.11,21.93,,0.05
2018-08-04 19:00:00,12.77,13.23,22.77,,0.05
2018-08-04 20:00:00,22.34,12.1,9.63,,0.05
2018-08-04 21:00:00,22.26,12.45,17.07,,0.19
2018-08-04 22:00:00,21.01,11.81,10.56,,0.18
2018-08-04 23:00:00,20.0,16.28,21.7,,0.05
2018-08-05 00:00:00,12.59,11.89,9.9,,0.05
2018-08-05 01:00:00,12.37,32.62,49.44,,0.05
2018-08-05 02:00:00,12.94,14.23,7.32,,0.05
2018-08-05 03:00:00,6.0,19.42,25.9,,0.05
2018-08-05 04:00:00,6.0,21.21,33.23,,0.05
2018-08-05 05:00:00,6.0,15.12,12.68,,0.05
2018-08-05 06:00:00,13.66,12.27,5.25,,0.05
2018-08-05 07:00:00,6.0,19.43,32.96,,0.05
2018-08-05 08:00:00,12.35,14.94,16.57,,0.13
2018-08-05 09:00:00,17.61,12.81,10.6,,0.05
2018-08-05 10:00:00,6.0,13.44,13.26,,0.05
2018-08-05 11:00:00,6.0,13.12,9.18,,0.1
2018-08-05 12:00:00,6.0,13.15,9.99,,0.18
2018-08-05 13:00:00,6.0,13.57,9.67,,0.1
2018-08-05 14:00:00,6.0,14.89,10.01,,0.05
2018-08-05 15:00:00,6.0,13.79,6.95,,0.05
2018-08-05 16:00:00,6.0,13.28,8.76,,0.05
2018-08-05 17:00:00,6.0,15.04,10.78,,0.05
2018-08-05 18:00:00,6.0,11.67,20.13,,0.1
2018-08-05 19:00:00,6.0,11.59,38.08,,0.17
2018-08-05 20:00:00,6.0,11.08,33.55,,0.21
2018-08-05 21:00:00,17.97,11.55,36.83,,0.33
2018-08-05 22:00:00,21.22,12.49,44.6,,0.47
2018-08-05 23:00:00,20.64,11.45,33.88,,0.79
2018-08-06 00:00:00,30.71,11.91,16.69,,1.25
2018-08-06 01:00:00,44.42,11.1,22.06,,0.52
2018-08-06 02:00:00,40.84,11.1,29.34,,0.17
2018-08-06 03:00:00,38.81,12.37,26.12,,0.65
2018-08-06 04:00:00,42.46,11.06,15.91,,1.23
2018-08-06 05:00:00,30.17,11.12,20.62,,0.32
2018-08-06 06:00:00,25.83,11.35,21.52,,0.32
2018-08-06 07:00:00,22.11,11.78,,,0.56
2018-08-06 08:00:00,26.86,13.1,,,1.27
2018-08-06 09:00:00,28.37,15.42,21.44,,0.53
2018-08-06 10:00:00,36.76,19.99,52.96,,0.24
2018-08-06 11:00:00,28.11,14.15,19.7,,0.05
2018-08-06 12:00:00,20.9,12.94,20.18,,0.05
2018-08-06 13:00:00,17.43,14.81,15.23,,0.05
2018-08-06 14:00:00,6.0,16.23,11.99,,0.05
2018-08-06 15:00:00,13.01,14.99,11.36,,0.05
2018-08-06 16:00:00,13.44,12.55,11.22,,0.05
2018-08-06 17:00:00,6.0,11.74,24.54,,0.05
2018-08-06 18:00:00,6.0,12.52,50.9,,0.56
2018-08-06 19:00:00,26.73,13.13,61.7,,0.79
2018-08-06 20:00:00,73.38,12.86,56.73,,0.6
2018-08-06 21:00:00,86.79,12.83,47.08,,0.36
2018-08-06 22:00:00,72.66,12.74,41.55,,0.2
2018-08-06 23:00:00,52.19,12.21,28.49,,0.31
2018-08-07 00:00:00,57.17,11.4,23.07,,0.21
2018-08-07 01:00:00,51.03,11.08,19.22,,0.13
2018-08-07 02:00:00,36.65,11.14,14.34,,0.23
2018-08-07 03:00:00,27.41,11.2,8.56,,0.16
2018-08-07 04:00:00,16.66,11.33,7.89,,0.14
2018-08-07 05:00:00,13.31,11.29,10.28,,0.25
2018-08-07 06:00:00,20.78,11.74,,,0.34
2018-08-07 07:00:00,18.01,13.22,,,1.19
2018-08-07 08:00:00,35.76,13.45,,,2.42
2018-08-07 09:00:00,50.19,12.99,27.3,,0.82
2018-08-07 10:00:00,54.13,13.2,54.08,,0.26
2018-08-07 11:00:00,43.66,35.78,67.05,,0.3
2018-08-07 12:00:00,35.48,18.32,49.51,,0.28
2018-08-07 13:00:00,38.42,16.21,56.42,,0.28
2018-08-07 14:00:00,39.27,18.2,47.2,,0.2
2018-08-07 15:00:00,39.36,14.95,24.29,,0.05
2018-08-07 16:00:00,34.01,12.81,17.6,,0.05
2018-08-07 17:00:00,20.15,13.29,18.8,,0.05
2018-08-07 18:00:00,19.88,16.2,41.68,,0.05
2018-08-07 19:00:00,36.41,18.07,61.43,,0.24
2018-08-07 20:00:00,43.98,17.41,75.7,,0.45
2018-08-07 21:00:00,66.73,16.1,56.71,,0.33
2018-08-07 22:00:00,78.9,14.32,47.37,,0.35
2018-08-07 23:00:00,81.14,13.34,39.75,,0.31
2018-08-08 00:00:00,80.73,12.78,32.08,,0.16
2018-08-08 01:00:00,67.54,12.53,30.81,,0.13
2018-08-08 02:00:00,64.2,11.52,25.63,,0.29
2018-08-08 03:00:00,48.38,11.38,15.93,,0.14
2018-08-08 04:00:00,43.62,11.3,13.5,,0.14
2018-08-08 05:00:00,37.57,11.45,10.09,,0.16
2018-08-08 06:00:00,33.74,11.44,,,0.48
2018-08-08 07:00:00,32.17,12.34,,,0.95
2018-08-08 08:00:00,40.47,12.74,,,1.22
2018-08-08 09:00:00,56.44,12.67,19.73,,0.7
2018-08-08 10:00:00,58.49,12.82,40.8,,0.72
2018-08-08 11:00:00,63.74,13.15,58.5,,0.67
2018-08-08 12:00:00,82.94,12.87,124.0,,0.7
2018-08-08 13:00:00,76.76,13.01,44.56,,0.73
2018-08-08 14:00:00,70.06,12.87,59.57,,0.8
2018-08-08 15:00:00,56.26,12.75,61.61,,0.68
2018-08-08 16:00:00,50.31,12.71,40.55,,0.54
2018-08-08 17:00:00,41.14,12.48,30.4,,0.61
2018-08-08 18:00:00,32.85,12.26,32.64,,0.67
2018-08-08 19:00:00,29.02,12.74,39.27,,1.04
2018-08-08 20:00:00,29.76,12.66,32.66,,1.11
2018-08-08 21:00:00,37.14,12.57,36.2,,0.5
2018-08-08 22:00:00,32.26,11.7,22.82,,0.22
2018-08-08 23:00:00,31.72,11.35,8.72,,0.05
2018-08-09 00:00:00,20.13,11.35,4.41,,0.05
2018-08-09 01:00:00,6.0,11.31,5.93,,0.05
2018-08-09 02:00:00,6.0,11.42,0.47,,0.12
2018-08-09 03:00:00,6.0,11.49,1.61,,0.13
2018-08-09 04:00:00,6.0,11.45,,,0.13
2018-08-09 05:00:00,6.0,11.53,3.85,,0.15
2018-08-09 06:00:00,,11.98,12.84,,0.17
2018-08-09 07:00:00,,45.91,24.51,,0.29
2018-08-09 08:00:00,6.0,47.8,27.84,,0.58
2018-08-09 09:00:00,6.0,59.1,39.32,,0.33
2018-08-09 10:00:00,15.97,40.53,19.59,,0.22
2018-08-09 11:00:00,12.5,47.38,24.24,,0.26
2018-08-09 12:00:00,6.0,14.68,15.3,,0.26
2018-08-09 13:00:00,6.0,13.36,12.51,,0.19
2018-08-09 14:00:00,6.0,13.01,10.76,,0.13
2018-08-09 15:00:00,6.0,12.83,13.46,,0.16
2018-08-09 16:00:00,6.0,15.44,19.13,,0.05
2018-08-12 17:00:00,6.0,11.27,5.84,,0.05
2018-08-12 18:00:00,6.0,11.34,11.34,,0.05
2018-08-12 19:00:00,6.0,11.26,9.25,,0.05
2018-08-12 20:00:00,6.0,11.49,9.72,,0.05
2018-08-12 21:00:00,6.0,11.48,11.99,,0.05
2018-08-12 22:00:00,6.0,11.46,11.95,,0.14
2018-08-12 23:00:00,6.0,11.46,11.45,,0.13
2018-08-13 00:00:00,6.0,11.48,9.73,,0.05
2018-08-13 01:00:00,6.0,11.5,3.52,,0.05
2018-08-13 02:00:00,6.0,11.44,4.13,,0.21
2018-08-13 03:00:00,6.0,11.5,3.09,,0.19
2018-08-13 04:00:00,6.0,11.46,3.44,,0.14
2018-08-13 05:00:00,6.0,11.49,7.35,,0.18
2018-08-13 06:00:00,6.0,11.4,10.68,,0.25
2018-08-13 07:00:00,6.0,11.72,,,0.51
2018-08-13 08:00:00,6.0,12.59,,,0.86
2018-08-13 09:00:00,6.0,11.96,43.13,,0.41
2018-08-13 10:00:00,12.36,13.29,45.71,,0.51
2018-08-13 11:00:00,19.13,14.61,39.77,,0.45
2018-08-13 12:00:00,22.28,14.45,32.83,,0.34
2018-08-13 13:00:00,18.48,13.18,32.66,,0.34
2018-08-13 14:00:00,20.42,12.97,41.8,,0.31
2018-08-13 15:00:00,15.9,13.05,46.52,,0.45
2018-08-13 16:00:00,27.46,12.76,26.85,,0.25
2018-08-13 17:00:00,19.08,11.88,23.57,,0.15
2018-08-13 18:00:00,6.0,14.97,40.14,,0.24
2018-08-13 19:00:00,28.33,20.37,68.45,,0.51
2018-08-13 20:00:00,33.92,17.77,66.13,,0.76
2018-08-13 21:00:00,57.3,15.09,61.22,,0.78
2018-08-13 22:00:00,63.26,13.71,39.29,,0.7
2018-08-13 23:00:00,65.04,13.19,30.17,,0.51
2018-08-14 00:00:00,50.75,12.93,23.67,,0.88
2018-08-14 01:00:00,49.15,12.55,13.25,,0.65
2018-08-14 02:00:00,38.88,12.26,,,0.75
2018-08-14 03:00:00,28.62,11.67,13.8,,0.53
2018-08-14 04:00:00,31.12,11.75,10.44,,0.55
2018-08-14 05:00:00,26.31,11.59,16.75,,0.4
2018-08-14 06:00:00,18.93,12.3,,,0.74
2018-08-14 07:00:00,19.23,12.67,,,1.02
2018-08-14 08:00:00,20.8,12.83,,,1.22
2018-08-14 09:00:00,27.84,13.0,48.53,,1.23
2018-08-14 10:00:00,44.03,12.94,69.03,,0.82
2018-08-14 11:00:00,37.73,12.0,47.06,,0.37
2018-08-14 12:00:00,24.06,14.84,50.04,,0.21
2018-08-14 13:00:00,24.11,15.54,41.03,,0.2
2018-08-14 14:00:00,25.15,14.56,28.34,,0.18
2018-08-14 15:00:00,15.33,13.9,20.2,,0.1
2018-08-14 16:00:00,18.7,13.89,26.9,,0.21
2018-08-14 17:00:00,12.82,14.24,21.75,,0.15
2018-08-14 18:00:00,6.0,13.51,38.88,,0.24
2018-08-14 19:00:00,23.09,12.34,18.01,,0.05
2018-08-14 20:00:00,17.9,11.87,19.6,,0.05
2018-08-14 21:00:00,17.59,11.75,13.98,,0.05
2018-08-14 22:00:00,14.09,11.78,9.15,,0.05
2018-08-14 23:00:00,6.0,11.79,7.46,,0.05
2018-08-15 00:00:00,6.0,11.67,7.89,,0.05
2018-08-15 01:00:00,6.0,11.64,5.95,,0.05
2018-08-15 02:00:00,6.0,11.51,4.37,,0.17
2018-08-15 03:00:00,15.33,11.6,3.47,,0.16
2018-08-15 04:00:00,6.0,11.58,2.64,,0.14
2018-08-15 05:00:00,6.0,11.54,4.04,,0.14
2018-08-15 06:00:00,6.0,11.59,7.56,,0.13
2018-08-15 07:00:00,6.0,11.49,23.44,,0.15
2018-08-15 08:00:00,12.62,11.46,35.52,,0.33
2018-08-15 09:00:00,17.01,11.49,18.67,,0.22
2018-08-15 10:00:00,12.86,11.46,9.87,,0.14
2018-08-15 11:00:00,17.95,11.74,6.45,,0.05
2018-08-15 12:00:00,12.44,11.64,5.91,,0.12
2018-08-15 13:00:00,12.7,11.67,10.81,,0.17
2018-08-15 14:00:00,14.62,11.62,10.41,,0.14
2018-08-15 15:00:00,20.91,12.16,14.72,,0.16
2018-08-15 16:00:00,18.01,11.71,15.44,,0.19
2018-08-15 17:00:00,16.29,11.49,16.51,,0.25
2018-08-15 18:00:00,17.29,11.44,22.34,,0.33
2018-08-15 19:00:00,25.68,11.83,38.82,,0.5
2018-08-15 20:00:00,22.43,11.73,41.01,,0.64
2018-08-15 21:00:00,35.85,12.48,46.13,,0.84
2018-08-15 22:00:00,47.05,12.43,37.77,,0.8
2018-08-15 23:00:00,47.62,12.27,34.81,,0.61
2018-08-16 00:00:00,43.87,12.42,32.25,,0.61
2018-08-16 01:00:00,32.99,12.23,16.05,,0.32
2018-08-16 02:00:00,29.42,11.97,15.94,,0.24
2018-08-16 03:00:00,26.17,12.21,11.55,,0.3
2018-08-16 04:00:00,20.99,11.88,8.96,,0.17
2018-08-16 05:00:00,13.06,12.02,9.56,,0.3
2018-08-16 06:00:00,14.33,12.43,9.7,,0.26
2018-08-16 07:00:00,17.97,12.21,21.91,,0.54
2018-08-16 08:00:00,13.25,12.95,31.5,,0.8
2018-08-16 09:00:00,27.05,12.25,11.56,,0.16
2018-08-16 10:00:00,22.51,12.32,16.43,,0.18
2018-08-16 11:00:00,14.18,11.61,12.25,,0.16
2018-08-16 12:00:00,6.0,11.61,9.33,,0.13
2018-08-16 13:00:00,16.77,11.49,5.32,,0.1
2018-08-16 14:00:00,6.0,11.42,3.19,,0.05
2018-08-16 15:00:00,6.0,11.61,5.08,,0.05
2018-09-09 17:00:00,32.97,12.75,,,0.15
2018-09-09 18:00:00,31.69,12.87,3.12,,0.12
2018-09-09 19:00:00,28.77,12.44,4.37,,0.16
2018-09-09 20:00:00,21.78,12.18,3.96,,0.12
2018-09-09 21:00:00,22.93,11.9,4.09,,0.13
2018-09-09 22:00:00,27.24,11.88,2.83,,0.05
2018-09-09 23:00:00,21.37,11.83,2.16,,0.05
2018-09-10 00:00:00,14.67,11.71,0.47,,0.05
2018-09-10 01:00:00,6.0,11.79,,,0.05
2018-09-10 02:00:00,6.0,11.88,,,0.16
2018-09-10 03:00:00,6.0,11.9,,,0.05
2018-09-10 04:00:00,6.0,11.86,,,0.13
2018-09-10 05:00:00,6.0,11.71,,,0.12
2018-09-10 06:00:00,14.08,11.85,4.51,,0.13
2018-09-10 07:00:00,15.2,11.84,13.06,,0.27
2018-09-10 08:00:00,12.09,11.91,18.3,,0.37
2018-09-10 09:00:00,15.66,11.76,6.69,,0.2
2018-09-10 10:00:00,20.72,11.96,5.93,,0.26
2018-09-10 11:00:00,6.0,12.03,5.51,,0.29
2018-09-10 12:00:00,6.0,11.79,2.88,,0.2
2018-09-10 13:00:00,6.0,12.01,2.77,,0.2
2018-09-10 14:00:00,15.54,13.12,1.3,,0.17
2018-09-10 15:00:00,22.15,11.88,1.93,,0.14
2018-09-10 16:00:00,18.57,12.05,1.82,,0.16
2018-09-10 17:00:00,17.29,11.87,3.39,,0.17
2018-09-10 18:00:00,24.5,11.92,4.23,,0.22
2018-09-10 19:00:00,14.73,11.7,7.59,,0.17
2018-09-10 20:00:00,17.84,11.76,5.73,,0.16
2018-09-10 21:00:00,24.32,11.69,2.86,,0.13
2018-09-10 22:00:00,26.49,11.8,1.7,,0.2
2018-09-10 23:00:00,13.14,11.82,1.86,,0.11
2018-09-11 00:00:00,6.0,11.77,1.95,,0.05
2018-09-11 01:00:00,6.0,11.8,3.0,,0.05
2018-09-11 02:00:00,6.0,11.73,1.07,,0.05
2018-09-11 03:00:00,6.0,11.8,1.37,,0.05
2018-09-11 04:00:00,6.0,11.75,,,0.05
2018-09-11 05:00:00,6.0,11.8,2.31,,0.05
2018-09-11 06:00:00,6.0,11.81,8.79,,0.11
2018-09-11 07:00:00,6.0,11.79,19.34,,0.21
2018-09-11 08:00:00,6.0,11.81,20.99,,0.32
2018-09-11 09:00:00,6.0,11.8,6.83,,0.11
2018-09-11 10:00:00,6.0,11.77,4.65,,0.05
2018-09-11 11:00:00,6.0,11.73,3.72,,0.11
2018-09-11 12:00:00,6.0,11.79,8.43,,0.12
2018-09-11 13:00:00,6.0,11.69,3.08,,0.1
2018-09-11 14:00:00,6.0,11.66,2.54,,0.14
2018-09-11 15:00:00,6.0,11.53,4.71,,0.11
2018-09-11 16:00:00,6.0,11.3,4.4,,0.16
2018-09-11 17:00:00,6.0,11.66,4.94,,0.12
2018-09-11 18:00:00,12.66,11.81,7.87,,0.16
2018-09-11 19:00:00,18.45,11.72,7.23,,0.12
2018-09-11 20:00:00,20.06,11.79,8.41,,0.12
2018-09-11 21:00:00,20.4,11.74,5.45,,0.05
2018-09-11 22:00:00,14.92,11.64,6.41,,0.11
2018-09-11 23:00:00,6.0,11.75,5.27,,0.11
2018-09-12 00:00:00,14.12,11.73,3.06,,0.05
2018-09-12 01:00:00,13.07,11.76,,,0.05
2018-09-12 02:00:00,6.0,11.85,,,0.05
2018-09-12 03:00:00,6.0,11.77,,,0.05
2018-09-12 04:00:00,6.0,11.8,,,0.05
2018-09-12 05:00:00,6.0,11.64,3.98,,0.05
2018-09-12 06:00:00,6.0,11.76,17.07,,0.13
2018-09-12 07:00:00,12.49,12.1,29.15,,0.54
2018-09-12 08:00:00,6.0,11.88,22.79,,0.43
2018-09-12 09:00:00,6.0,11.91,12.43,,0.12
2018-09-12 10:00:00,17.54,11.99,8.05,,0.05
2018-09-12 11:00:00,13.84,12.54,4.1,,0.05
2018-09-12 12:00:00,6.0,12.75,4.88,,0.05
2018-09-12 13:00:00,6.0,12.64,4.87,,0.2
2018-09-12 14:00:00,6.0,12.36,4.44,,0.17
2018-09-12 15:00:00,6.0,12.59,5.19,,0.11
2018-09-12 16:00:00,6.0,12.75,5.47,,0.05
2018-09-12 17:00:00,25.13,12.54,7.22,,0.11
2018-09-12 18:00:00,23.08,12.31,13.66,,0.13
2018-09-12 19:00:00,23.2,12.03,18.43,,0.21
2018-09-12 20:00:00,32.97,11.8,14.61,,0.15
2018-09-12 21:00:00,26.76,11.69,12.15,,0.13
2018-09-12 22:00:00,30.62,11.94,10.63,,0.11
2018-09-12 23:00:00,24.08,11.86,13.28,,0.11
2018-09-13 00:00:00,21.59,11.91,11.61,,0.05
2018-09-13 01:00:00,6.0,11.83,9.21,,0.05
2018-09-13 02:00:00,6.0,11.82,13.39,,0.12
2018-09-13 03:00:00,6.0,11.8,12.65,,0.17
2018-09-13 04:00:00,6.0,11.89,8.88,,0.12
2018-09-13 05:00:00,6.0,11.88,9.09,,0.14
2018-09-13 06:00:00,6.0,11.93,13.04,,0.17
2018-09-13 07:00:00,6.0,12.66,,,0.67
2018-09-13 08:00:00,15.22,13.01,,,0.82
2018-09-13 09:00:00,28.98,12.35,23.56,,0.52
2018-09-13 10:00:00,34.09,13.9,26.51,,0.34
2018-09-13 11:00:00,24.19,14.08,20.63,,0.18
2018-09-13 12:00:00,15.23,13.32,19.43,,0.24
2018-09-13 13:00:00,18.29,12.81,16.2,,0.23
2018-09-13 14:00:00,20.3,12.64,10.85,,0.18
2018-09-13 15:00:00,22.89,12.49,10.77,,0.16
2018-09-13 16:00:00,24.63,12.36,17.28,,0.18
2018-09-13 17:00:00,27.72,12.28,15.8,,0.18
2018-09-13 18:00:00,29.91,12.86,30.14,,0.26
2018-09-13 19:00:00,44.38,13.05,38.16,,0.47
2018-09-13 20:00:00,65.36,13.12,49.86,,0.66
2018-09-13 21:00:00,72.81,13.0,53.17,,0.56
2018-09-13 22:00:00,78.55,12.79,43.14,,0.49
2018-09-13 23:00:00,68.79,12.49,37.98,,0.4
2018-09-14 00:00:00,61.89,12.17,30.42,,0.28
2018-09-14 01:00:00,53.3,12.12,23.38,,0.16
2018-09-14 02:00:00,43.41,11.91,19.62,,0.31
2018-09-14 03:00:00,32.44,11.89,19.67,,0.3
2018-09-14 04:00:00,36.15,11.81,21.69,,0.31
2018-09-14 05:00:00,33.22,11.88,19.61,,0.26
2018-09-14 06:00:00,20.18,10.79,18.44,,0.33
2018-09-14 07:00:00,6.0,12.13,38.38,,0.59
2018-09-14 08:00:00,15.1,12.34,48.74,,0.85
2018-09-14 09:00:00,16.97,12.24,45.23,,0.85
2018-09-14 10:00:00,18.37,11.98,36.28,,0.63
2018-09-14 11:00:00,17.45,11.82,19.36,,0.53
2018-09-14 12:00:00,6.0,11.86,16.17,,0.49
2018-09-14 13:00:00,6.0,11.86,17.23,,0.5
2018-09-14 14:00:00,12.99,11.84,16.0,,0.48
2018-09-14 15:00:00,16.9,11.89,15.48,,0.38
2018-09-14 16:00:00,12.99,11.82,25.24,,0.41
2018-09-14 17:00:00,19.86,11.96,28.67,,0.5
2018-09-14 18:00:00,18.01,11.87,29.29,,0.42
2018-09-14 19:00:00,17.37,11.82,37.32,,0.54
2018-09-14 20:00:00,23.59,11.88,29.33,,0.5
2018-09-14 21:00:00,22.22,11.88,20.04,,0.5
2018-09-14 22:00:00,17.74,11.83,14.07,,0.41
2018-09-14 23:00:00,6.0,11.79,8.2,,0.3
2018-09-15 00:00:00,6.0,11.98,13.86,,0.31
2018-09-15 01:00:00,6.0,11.97,15.19,,0.22
2018-09-15 02:00:00,6.0,11.6,7.08,,0.05
2018-09-15 03:00:00,6.0,8.88,5.14,,0.05
2018-09-15 04:00:00,6.0,7.59,2.46,,0.05
2018-09-15 05:00:00,6.0,12.03,1.5,,0.05
2018-09-15 06:00:00,6.0,11.96,2.16,,0.05
2018-09-15 07:00:00,6.0,12.02,14.02,,0.05
2018-09-15 08:00:00,6.0,12.14,9.95,,0.05
2018-09-15 09:00:00,6.0,11.98,15.56,,0.05
2018-09-15 10:00:00,6.0,12.0,15.56,,0.05
2018-09-15 11:00:00,6.0,11.91,9.02,,0.05
2018-09-15 12:00:00,6.0,11.83,8.86,,0.05
2018-09-15 13:00:00,6.0,11.8,3.05,,0.05
2018-09-15 14:00:00,6.0,11.93,2.03,,0.05
2018-09-15 15:00:00,6.0,11.93,1.88,,0.05
2018-09-15 16:00:00,6.0,11.97,3.99,,0.05
2018-09-15 17:00:00,6.0,11.96,4.27,,0.05
2018-09-15 18:00:00,6.0,11.85,5.14,,0.05
2018-09-15 19:00:00,6.0,11.83,11.15,,0.12
2018-09-15 20:00:00,6.0,12.13,12.22,,0.42
2018-09-15 21:00:00,28.34,11.92,10.04,,0.21
2018-09-15 22:00:00,29.75,11.81,8.46,,0.11
2018-09-15 23:00:00,20.49,11.94,8.34,,0.05
2018-09-16 00:00:00,18.58,11.92,7.79,,0.05
2018-09-16 01:00:00,13.52,9.93,5.17,,0.05
2018-09-16 02:00:00,6.0,11.88,2.23,,0.05
2018-09-16 03:00:00,6.0,12.03,1.44,,0.05
2018-09-16 04:00:00,6.0,12.12,2.64,,0.05
2018-09-16 05:00:00,6.0,12.13,1.9,,0.05
2018-09-16 06:00:00,6.0,12.07,2.43,,0.05
2018-09-16 07:00:00,6.0,12.11,3.18,,0.05
2018-09-16 08:00:00,6.0,12.08,3.92,,0.05
2018-09-16 09:00:00,6.0,11.84,3.41,,0.05
2018-09-16 10:00:00,6.0,11.79,1.8,,0.05
2018-09-16 11:00:00,6.0,11.89,2.09,,0.05
2018-09-16 12:00:00,6.0,12.19,2.9,,0.13
2018-09-16 13:00:00,6.0,12.68,1.79,,0.05
2018-09-16 14:00:00,6.0,12.58,2.24,,0.05
2018-09-16 15:00:00,6.0,12.55,1.84,,0.05
2018-09-16 16:00:00,6.0,12.47,2.45,,0.13
2018-09-16 17:00:00,6.0,12.31,3.32,,0.05
2018-09-16 18:00:00,13.84,11.95,7.04,,0.05
2018-09-16 19:00:00,20.45,11.84,10.66,,0.05
2018-09-16 20:00:00,20.73,11.91,14.64,,0.05
2018-09-16 21:00:00,19.75,11.86,8.89,,0.05
2018-09-16 22:00:00,19.71,11.87,8.91,,0.05
2018-09-16 23:00:00,6.0,11.95,17.86,,0.05
2018-09-17 00:00:00,6.0,11.7,16.74,,0.05
2018-09-17 01:00:00,6.0,8.17,5.93,,0.05
2018-09-17 02:00:00,6.0,6.17,3.45,,0.05
2018-09-17 03:00:00,6.0,7.87,2.5,,0.05
2018-09-17 04:00:00,6.0,0.65,2.16,,0.05
2018-09-17 05:00:00,6.0,0.65,2.2,,0.05
2018-09-17 06:00:00,6.0,6.54,9.31,,0.05
2018-09-17 07:00:00,6.0,12.06,15.37,,0.05
2018-09-17 08:00:00,6.0,12.1,22.35,,0.05
2018-09-17 09:00:00,6.0,6.27,12.85,,0.05
2018-09-17 10:00:00,16.84,11.25,7.21,,0.05
2018-09-17 11:00:00,12.92,11.86,4.25,,0.05
2018-09-17 12:00:00,6.0,11.92,4.08,,0.1
2018-09-17 13:00:00,6.0,12.19,3.02,,0.05
2018-09-17 14:00:00,6.0,12.26,1.88,,0.05
2018-09-17 15:00:00,6.0,12.15,3.86,,0.05
2018-09-17 16:00:00,14.49,12.32,5.39,,0.05
2018-09-17 17:00:00,6.0,11.89,9.35,,0.05
2018-09-17 18:00:00,13.77,12.05,22.33,,0.23
2018-09-17 19:00:00,25.49,11.81,20.8,,0.19
2018-09-17 20:00:00,25.34,11.94,22.77,,0.16
2018-09-17 21:00:00,27.35,12.03,22.05,,0.18
2018-09-17 22:00:00,24.73,11.88,15.33,,0.12
2018-09-17 23:00:00,17.82,11.81,13.05,,0.05
2018-09-18 00:00:00,28.92,11.98,7.78,,0.05
2018-09-18 01:00:00,44.77,11.94,2.64,,0.05
2018-09-18 02:00:00,23.21,11.83,1.14,,0.11
2018-09-18 03:00:00,6.0,12.0,3.84,,0.15
2018-09-18 04:00:00,6.0,12.08,2.85,,0.12
2018-09-18 05:00:00,6.0,12.14,3.41,,0.1
2018-09-18 06:00:00,6.0,12.22,11.98,,0.16
2018-09-18 07:00:00,6.0,12.73,18.87,,0.64
2018-09-18 08:00:00,17.99,12.64,35.31,,0.77
2018-09-18 09:00:00,28.73,12.11,40.7,,0.28
2018-09-18 10:00:00,25.75,12.15,29.18,,0.24
2018-09-18 11:00:00,27.31,12.4,26.97,,0.27
2018-09-18 12:00:00,24.63,13.15,31.77,,0.15
2018-09-18 13:00:00,13.53,15.19,29.62,,0.13
2018-09-18 14:00:00,6.0,13.5,16.51,,0.11
2018-09-18 15:00:00,6.0,13.11,9.7,,0.05
2018-09-18 16:00:00,6.0,13.09,17.05,,0.13
2018-09-18 17:00:00,6.0,13.1,17.34,,0.16
2018-09-18 18:00:00,6.0,12.4,14.23,,0.05
2018-09-18 19:00:00,6.0,12.31,31.26,,0.37
2018-09-18 20:00:00,6.0,13.53,37.77,,1.42
2018-09-18 21:00:00,21.98,12.47,47.89,,0.59
2018-09-18 22:00:00,43.16,12.49,38.36,,0.57
2018-09-18 23:00:00,50.21,12.26,27.83,,0.37
2018-09-19 00:00:00,45.94,12.22,22.84,,0.33
2018-09-19 01:00:00,40.07,12.26,17.03,,0.32
2018-09-19 02:00:00,34.01,12.22,16.99,,0.29
2018-09-19 03:00:00,31.4,12.12,13.68,,0.25
2018-09-19 04:00:00,22.34,12.15,7.18,,0.3
2018-09-19 05:00:00,24.07,12.16,7.77,,0.24
2018-09-19 06:00:00,21.0,12.21,,,0.39
2018-09-19 07:00:00,24.09,13.32,,,0.73
2018-09-19 08:00:00,32.89,12.58,46.46,,0.96
2018-09-19 09:00:00,37.32,13.1,24.21,,0.46
2018-09-19 10:00:00,28.84,16.36,21.79,,0.3
2018-09-19 11:00:00,28.9,16.47,18.35,,0.21
2018-09-19 12:00:00,19.41,24.87,19.03,,0.13
2018-09-19 13:00:00,21.16,20.88,11.76,,0.13
2018-09-19 14:00:00,6.0,14.54,11.32,,0.13
2018-09-19 15:00:00,6.0,13.53,7.58,,0.13
2018-09-19 16:00:00,12.39,13.4,7.85,,0.05
2018-09-19 17:00:00,6.0,13.27,6.81,,0.05
2018-09-19 18:00:00,6.0,12.97,23.47,,0.15
2018-09-19 19:00:00,20.05,12.79,76.82,,0.43
2018-09-19 20:00:00,33.17,13.37,79.81,,1.13
2018-09-19 21:00:00,56.33,12.68,32.96,,0.34
2018-09-19 22:00:00,51.05,12.19,7.57,,0.05
2018-09-19 23:00:00,34.75,12.16,10.02,,0.1
2018-09-20 00:00:00,24.91,12.14,5.76,,0.05
2018-09-20 01:00:00,20.39,12.18,4.78,,0.05
2018-09-20 02:00:00,23.3,12.16,3.29,,0.17
2018-09-20 03:00:00,6.0,12.11,3.3,,0.18
2018-09-20 04:00:00,6.0,12.12,4.05,,0.11
2018-09-20 05:00:00,6.0,12.18,3.21,,0.11
2018-09-20 06:00:00,6.0,12.19,4.88,,0.15
2018-09-20 07:00:00,14.44,12.17,8.51,,0.18
2018-09-20 08:00:00,13.76,12.2,8.88,,0.24
2018-09-20 09:00:00,14.39,12.14,5.08,,0.19
2018-09-20 10:00:00,19.84,12.1,3.31,,0.13
2018-09-20 11:00:00,6.0,12.13,4.74,,0.16
2018-09-20 12:00:00,6.0,12.16,7.79,,0.22
2018-09-20 13:00:00,6.0,12.11,5.83,,0.28
2018-09-20 14:00:00,15.61,12.2,4.41,,0.17
2018-09-20 15:00:00,13.46,12.31,5.64,,0.24
2018-09-20 16:00:00,21.06,12.15,7.03,,0.23
2018-09-20 17:00:00,22.94,12.03,4.08,,0.16
2018-09-20 18:00:00,17.78,12.03,6.66,,0.16
2018-09-20 19:00:00,18.14,12.12,11.31,,0.18
2018-09-20 20:00:00,17.13,12.12,11.6,,0.2
2018-09-20 21:00:00,21.38,12.22,8.95,,0.24
2018-09-20 22:00:00,20.26,12.21,6.8,,0.19
2018-09-20 23:00:00,19.23,12.16,5.05,,0.15
2018-09-21 00:00:00,21.95,12.14,6.53,,0.13
2018-09-21 01:00:00,25.32,12.21,2.32,,0.11
2018-09-21 02:00:00,14.58,12.34,1.61,,0.05
2018-09-21 03:00:00,18.55,12.37,0.47,,0.05
2018-09-21 04:00:00,22.82,12.36,,,0.05
2018-09-21 05:00:00,19.72,12.38,2.38,,0.05
2018-09-21 06:00:00,6.0,12.39,11.34,,0.11
2018-09-21 07:00:00,6.0,12.42,21.0,,0.34
2018-09-21 08:00:00,15.03,12.44,22.3,,0.64
2018-09-21 09:00:00,12.55,12.35,17.3,,0.28
2018-09-21 10:00:00,6.0,12.5,24.53,,0.18
2018-09-21 11:00:00,6.0,13.77,19.32,,0.05
2018-09-21 12:00:00,6.0,13.92,13.41,,0.1
2018-09-21 13:00:00,12.58,13.52,15.54,,0.12
2018-09-21 14:00:00,15.41,13.57,17.67,,0.05
2018-09-21 15:00:00,18.21,13.36,24.88,,0.1
2018-09-21 16:00:00,20.47,13.62,25.86,,0.16
2018-09-21 17:00:00,24.56,13.62,22.53,,0.05
2018-09-21 18:00:00,17.89,13.57,20.07,,0.05
2018-09-21 19:00:00,20.41,13.15,55.31,,0.48
2018-09-21 20:00:00,30.78,13.18,68.04,,0.77
2018-09-21 21:00:00,63.54,13.2,62.87,,1.09
2018-09-21 22:00:00,79.62,13.06,50.1,,0.83
2018-09-21 23:00:00,83.22,12.69,42.06,,0.57
2018-09-22 00:00:00,83.24,12.56,29.53,,0.56
2018-09-22 01:00:00,67.71,12.33,25.41,,0.38
2018-09-22 02:00:00,59.78,12.38,17.62,,0.46
2018-09-22 03:00:00,47.05,12.43,10.36,,0.57
2018-09-22 04:00:00,42.69,12.44,6.73,,0.58
2018-09-22 05:00:00,43.04,12.44,,,0.58
2018-09-22 06:00:00,36.81,12.42,7.56,,0.5
2018-09-22 07:00:00,42.41,12.51,,,0.47
2018-09-22 08:00:00,47.69,12.42,17.54,,0.81
2018-09-22 09:00:00,52.32,12.25,40.46,,0.54
2018-09-22 10:00:00,39.14,12.19,37.68,,0.37
2018-09-22 11:00:00,24.81,12.38,24.52,,0.15
2018-09-22 12:00:00,17.84,12.48,18.32,,0.24
2018-09-22 13:00:00,25.5,12.27,19.06,,0.22
2018-09-22 14:00:00,22.21,13.89,31.59,,0.22
2018-09-22 15:00:00,20.19,15.23,18.28,,0.14
2018-09-22 16:00:00,12.34,15.89,19.07,,0.14
2018-09-22 17:00:00,6.0,14.53,21.85,,0.2
2018-09-22 18:00:00,19.4,13.37,21.63,,0.3
2018-09-22 19:00:00,40.3,12.64,40.19,,0.59
2018-09-22 20:00:00,56.37,12.3,40.14,,0.6
2018-09-22 21:00:00,67.72,12.49,34.93,,0.67
2018-09-22 22:00:00,85.01,12.47,45.67,,1.2
2018-09-22 23:00:00,97.18,12.3,38.96,,0.93
2018-09-23 00:00:00,95.72,12.23,30.5,,0.59
2018-09-23 01:00:00,95.47,12.22,27.68,,0.63
2018-09-23 02:00:00,79.5,12.21,13.16,,0.29
2018-09-23 03:00:00,43.12,12.19,17.62,,0.4
2018-09-23 04:00:00,33.38,12.32,28.21,,0.27
2018-09-23 05:00:00,49.65,12.36,2.12,,0.05
2018-09-23 06:00:00,54.35,12.24,2.15,,0.05
2018-09-23 07:00:00,23.12,10.78,5.94,,0.29
2018-09-23 08:00:00,6.0,12.39,7.12,,0.32
2018-09-23 09:00:00,6.0,12.34,7.6,,0.35
2018-09-23 10:00:00,6.0,12.39,20.51,,0.47
2018-09-23 11:00:00,6.0,12.48,35.96,,0.74
2018-09-23 12:00:00,6.0,12.28,16.81,,0.6
2018-09-23 13:00:00,6.0,12.41,10.86,,0.49
2018-09-23 14:00:00,6.0,12.25,18.17,,0.75
2018-09-23 15:00:00,13.43,12.36,31.29,,0.87
2018-09-23 16:00:00,14.5,12.26,32.85,,0.79
2018-09-23 17:00:00,17.57,12.14,22.75,,0.61
2018-09-23 18:00:00,17.23,12.32,23.31,,0.49
2018-09-23 19:00:00,16.54,12.22,16.95,,0.5
2018-09-23 20:00:00,6.0,12.15,10.96,,0.35
2018-09-23 21:00:00,6.0,12.29,16.36,,0.38
2018-09-23 22:00:00,6.0,12.37,14.96,,0.33
2018-09-23 23:00:00,6.0,12.29,9.85,,0.29
2018-09-24 00:00:00,6.0,12.42,9.56,,0.33
2018-09-24 01:00:00,6.0,12.17,3.19,,0.16
2018-09-24 02:00:00,6.0,12.32,1.03,,0.05
2018-09-24 03:00:00,6.0,11.31,,,0.05
2018-09-24 04:00:00,6.0,12.03,,,0.05
2018-09-24 05:00:00,6.0,12.19,1.95,,0.05
2018-09-24 06:00:00,6.0,12.09,6.37,,0.05
2018-09-24 07:00:00,6.0,12.58,30.57,,0.29
2018-09-24 08:00:00,6.0,12.36,14.72,,0.14
2018-09-24 09:00:00,6.0,12.4,34.22,,0.19
2018-09-24 10:00:00,6.0,13.16,46.85,,0.29
2018-09-24 11:00:00,6.0,12.68,50.05,,0.43
2018-09-24 12:00:00,6.0,12.41,34.19,,0.27
2018-09-24 13:00:00,6.0,12.29,31.48,,0.31
2018-09-24 14:00:00,6.0,12.3,21.59,,0.24
2018-09-24 15:00:00,6.0,12.4,20.12,,0.19
2018-09-24 16:00:00,6.0,12.42,16.47,,0.19
2018-09-24 17:00:00,6.0,12.5,39.68,,0.44
2018-09-24 18:00:00,6.0,12.29,40.22,,0.42
2018-09-24 19:00:00,6.0,12.43,50.12,,0.56
2018-09-24 20:00:00,14.15,12.27,33.12,,0.35
2018-09-24 21:00:00,17.64,12.43,22.36,,0.21
2018-09-24 22:00:00,15.53,12.41,11.0,,0.11
2018-09-24 23:00:00,6.0,12.35,7.8,,0.05
2018-09-25 00:00:00,6.0,12.37,4.4,,0.05
2018-09-25 01:00:00,6.0,12.36,2.37,,0.05
2018-09-25 02:00:00,12.99,12.29,,,0.13
2018-09-25 03:00:00,6.0,12.38,,,0.05
2018-09-25 04:00:00,6.0,12.38,,,0.05
2018-09-25 05:00:00,6.0,12.47,,,0.05
2018-09-25 06:00:00,6.0,12.51,1.79,,0.05
2018-09-25 07:00:00,6.0,12.38,5.34,,0.1
2018-09-25 08:00:00,6.0,12.38,5.04,,0.05
2018-09-25 09:00:00,6.0,12.28,4.53,,0.05
2018-09-25 10:00:00,13.45,12.25,1.99,,0.05
2018-09-25 11:00:00,6.0,12.24,1.79,,0.12
2018-09-25 12:00:00,6.0,11.99,2.49,,0.05
2018-09-25 13:00:00,6.0,12.14,3.06,,0.15
2018-09-25 14:00:00,6.0,12.12,5.54,,0.13
2018-09-25 15:00:00,13.14,12.06,14.25,,0.15
2018-09-25 16:00:00,17.65,12.12,15.56,,0.15
2018-09-25 17:00:00,14.15,12.22,18.24,,0.18
2018-09-25 18:00:00,17.94,12.13,29.56,,0.3
2018-09-25 19:00:00,18.37,12.14,44.48,,0.46
2018-09-25 20:00:00,6.0,12.13,47.13,,0.7
2018-09-25 21:00:00,12.38,12.24,46.81,,0.55
2018-09-25 22:00:00,6.0,12.23,22.91,,0.32
2018-09-25 23:00:00,6.0,12.42,12.49,,0.24
2018-09-26 00:00:00,6.0,12.28,6.64,,0.13
2018-09-26 01:00:00,6.0,12.09,16.08,,0.14
2018-09-26 02:00:00,6.0,12.43,10.15,,0.13
2018-09-26 03:00:00,6.0,12.38,10.37,,0.05
2018-09-26 04:00:00,6.0,12.41,6.84,,0.1
2018-09-26 05:00:00,6.0,12.39,11.2,,0.15
2018-09-26 06:00:00,6.0,12.53,17.56,,0.32
2018-09-26 07:00:00,6.0,12.81,17.4,,0.51
2018-09-26 08:00:00,6.0,12.48,20.8,,0.56
2018-09-26 09:00:00,12.48,12.42,21.37,,0.42
2018-09-26 10:00:00,13.38,12.43,72.19,,0.43
2018-09-26 11:00:00,15.73,12.35,62.09,,0.16
2018-09-26 12:00:00,16.07,12.51,27.05,,0.16
2018-09-26 13:00:00,19.12,12.13,22.82,,0.15
2018-09-26 14:00:00,30.05,12.28,20.19,,0.05
2018-09-26 15:00:00,21.18,12.34,21.92,,0.05
2018-09-26 16:00:00,12.45,12.3,20.13,,0.05
2018-09-26 17:00:00,6.0,12.33,11.71,,0.05
2018-09-26 18:00:00,6.0,12.35,28.32,,0.1
2018-09-26 19:00:00,18.21,12.44,42.5,,0.32
2018-09-26 20:00:00,22.02,12.42,55.15,,0.57
2018-09-26 21:00:00,28.81,12.26,31.24,,0.26
2018-09-26 22:00:00,31.01,12.38,19.44,,0.16
2018-09-26 23:00:00,23.46,12.38,17.37,,0.05
2018-09-27 00:00:00,18.77,12.39,14.9,,0.12
2018-09-27 01:00:00,25.4,12.38,7.77,,0.05
2018-09-27 02:00:00,19.17,12.39,2.84,,0.19
2018-09-27 03:00:00,6.0,12.43,,,0.05
2018-09-27 04:00:00,6.0,12.44,,,0.1
2018-09-27 05:00:00,6.0,12.43,1.38,,0.11
2018-09-27 06:00:00,6.0,12.48,4.48,,0.14
2018-09-27 07:00:00,6.0,12.62,20.34,,0.28
2018-09-27 08:00:00,6.0,12.55,28.95,,0.47
2018-09-27 09:00:00,6.0,12.47,18.14,,0.24
2018-09-27 10:00:00,13.14,12.5,18.88,,0.26
2018-09-27 11:00:00,6.0,12.39,10.8,,0.2
2018-09-27 12:00:00,6.0,12.36,8.41,,0.16
2018-09-27 13:00:00,6.0,12.06,6.49,,0.14
2018-09-27 14:00:00,6.0,12.18,3.62,,0.14
2018-09-27 15:00:00,6.0,12.26,4.29,,0.12
2018-09-27 16:00:00,,,,,
2018-09-27 17:00:00,6.0,12.27,10.64,,0.16
2018-09-27 18:00:00,6.0,12.25,14.43,,0.17
2018-09-27 19:00:00,6.0,12.28,20.18,,0.2
2018-09-27 20:00:00,6.0,12.23,13.24,,0.17
2018-09-27 21:00:00,6.0,12.31,6.17,,0.05
2018-09-27 22:00:00,16.61,12.2,4.14,,0.05
2018-09-27 23:00:00,17.38,12.26,3.22,,0.1
2018-09-28 00:00:00,6.0,12.42,2.44,,0.05
2018-09-28 01:00:00,6.0,12.42,,,0.05
2018-09-28 02:00:00,6.0,12.25,,,0.16
2018-09-28 03:00:00,6.0,12.18,,,0.1
2018-09-28 04:00:00,6.0,12.44,,,0.05
2018-09-28 05:00:00,6.0,12.42,1.0,,0.05
2018-09-28 06:00:00,6.0,12.35,2.82,,0.1
2018-09-28 07:00:00,6.0,12.3,12.88,,0.18
2018-09-28 08:00:00,12.27,12.35,15.35,,0.26
2018-09-28 09:00:00,6.0,12.42,14.78,,0.17
2018-09-28 10:00:00,6.0,12.38,10.74,,0.17
2018-09-28 11:00:00,6.0,14.32,9.51,,0.14
2018-09-28 12:00:00,6.0,12.22,5.38,,0.19
2018-09-28 13:00:00,6.0,12.5,3.01,,0.05
2018-09-28 14:00:00,6.0,9.96,4.17,,0.22
2018-09-28 15:00:00,6.0,13.04,3.8,,0.17
2018-09-28 16:00:00,6.0,13.07,5.18,,0.15
2018-09-28 17:00:00,,13.32,8.26,,0.15
2018-09-28 18:00:00,6.0,13.41,11.44,,0.18
2018-09-28 19:00:00,6.0,13.13,15.45,,0.17
2018-09-28 20:00:00,13.63,12.85,18.57,,0.16
2018-09-28 21:00:00,13.98,12.86,18.19,,0.2
2018-09-28 22:00:00,12.47,12.81,16.26,,0.22
2018-09-28 23:00:00,15.27,12.89,12.5,,0.23
2018-09-29 00:00:00,16.42,12.91,10.59,,0.11
2018-09-29 01:00:00,16.39,12.93,9.76,,0.12
2018-09-29 02:00:00,6.0,12.91,6.94,,0.16
2018-09-29 03:00:00,6.0,12.92,7.0,,0.18
2018-09-29 04:00:00,6.0,12.81,8.35,,0.18
2018-09-29 05:00:00,6.0,12.95,11.5,,0.15
2018-09-29 06:00:00,6.0,12.87,14.32,,0.35
2018-09-29 07:00:00,6.0,13.3,,,0.42
2018-09-29 08:00:00,6.0,12.95,12.66,,0.3
2018-09-29 09:00:00,14.69,13.08,11.25,,0.28
2018-09-29 10:00:00,6.0,12.91,7.84,,0.16
2018-09-29 11:00:00,6.0,12.94,7.76,,0.2
2018-09-29 12:00:00,6.0,13.38,8.3,,0.28
2018-09-29 13:00:00,6.0,13.07,7.1,,0.25
2018-09-29 14:00:00,6.0,12.86,8.32,,0.28
2018-09-29 15:00:00,18.73,12.83,10.85,,0.26
2018-09-29 16:00:00,30.19,12.86,7.99,,0.21
2018-09-29 17:00:00,23.02,12.86,10.88,,0.25
2018-09-29 18:00:00,27.91,12.98,17.47,,0.29
2018-09-29 19:00:00,31.71,12.88,19.2,,0.23
2018-09-29 20:00:00,50.54,12.82,28.5,,0.33
2018-09-29 21:00:00,64.76,13.01,46.73,,1.03
2018-09-29 22:00:00,79.92,12.86,20.98,,0.79
2018-09-29 23:00:00,77.73,12.74,4.52,,0.18
2018-09-30 00:00:00,40.86,12.8,4.13,,0.2
2018-09-30 01:00:00,20.92,12.7,6.02,,0.13
2018-09-30 02:00:00,6.0,12.73,9.65,,0.2
2018-09-30 03:00:00,6.0,12.68,10.02,,0.45
2018-09-30 04:00:00,6.0,12.76,12.84,,0.31
2018-09-30 05:00:00,6.0,12.8,22.33,,0.11
2018-09-30 06:00:00,6.0,13.12,17.03,,0.15
2018-09-30 07:00:00,6.0,13.06,11.32,,0.12
2018-09-30 08:00:00,6.0,13.11,34.28,,0.13
2018-09-30 09:00:00,6.0,13.57,5.38,,0.27
2018-09-30 10:00:00,6.0,13.47,2.66,,0.05
2018-09-30 11:00:00,6.0,13.74,4.94,,0.11
2018-09-30 12:00:00,6.0,13.95,12.38,,0.13
2018-09-30 13:00:00,6.0,13.98,25.8,,0.55
2018-09-30 14:00:00,6.0,20.5,23.03,,0.39
2018-09-30 15:00:00,6.0,18.55,13.47,,0.28
2018-09-30 16:00:00,6.0,16.23,13.24,,0.23
2018-09-30 17:00:00,14.0,14.31,11.04,,0.25
2018-09-30 18:00:00,6.0,13.86,24.76,,0.39
2018-09-30 19:00:00,13.29,13.73,37.91,,0.6
2018-09-30 20:00:00,19.53,13.37,41.12,,0.75
2018-09-30 21:00:00,34.08,13.32,57.29,,1.01
2018-09-30 22:00:00,37.99,13.15,32.58,,0.58
2018-09-30 23:00:00,34.04,12.8,18.54,,0.36
2018-10-01 00:00:00,24.66,12.81,16.38,,0.29
2018-10-01 01:00:00,18.09,12.87,17.06,,0.34
2018-10-01 02:00:00,22.35,13.1,16.81,,0.28
2018-10-01 03:00:00,15.87,12.91,13.13,,0.29
2018-10-01 04:00:00,14.69,13.06,11.15,,0.22
2018-10-01 05:00:00,6.0,13.0,11.39,,0.23
2018-10-01 06:00:00,16.13,13.37,,,0.39
2018-10-01 07:00:00,27.04,14.04,,,0.95
2018-10-01 08:00:00,31.44,13.66,17.19,,0.81
2018-10-01 09:00:00,24.76,13.36,31.29,,0.53
2018-10-01 10:00:00,21.07,13.58,24.05,,0.21
2018-10-01 11:00:00,19.42,17.33,24.56,,0.19
2018-10-01 12:00:00,6.0,14.85,24.86,,0.05
2018-10-01 13:00:00,6.0,13.65,12.91,,0.05
2018-10-01 14:00:00,6.0,13.64,23.74,,0.15
2018-10-01 15:00:00,6.0,13.38,16.32,,0.11
2018-10-01 16:00:00,6.0,13.39,15.52,,0.25
2018-10-01 17:00:00,6.0,13.3,26.85,,0.18
2018-10-01 18:00:00,6.0,13.43,28.27,,0.24
2018-10-01 19:00:00,16.01,13.55,56.53,,0.64
2018-10-01 20:00:00,19.49,13.43,56.12,,0.52
2018-10-01 21:00:00,24.14,13.21,41.31,,0.19
2018-10-01 22:00:00,26.8,13.44,37.71,,0.26
2018-10-01 23:00:00,15.42,13.2,9.48,,0.05
2018-10-02 00:00:00,13.68,13.26,7.03,,0.05
2018-10-02 01:00:00,6.0,13.13,3.4,,0.05
2018-10-02 02:00:00,6.0,13.23,1.17,,0.05
2018-10-02 03:00:00,6.0,13.28,,,0.05
2018-10-02 04:00:00,6.0,13.23,,,0.05
2018-10-02 05:00:00,6.0,13.22,,,0.05
2018-10-02 06:00:00,6.0,13.2,7.3,,0.13
2018-10-02 07:00:00,6.0,13.24,17.29,,0.12
2018-10-02 08:00:00,,13.49,16.22,,0.2
2018-10-02 09:00:00,6.0,13.25,10.85,,0.05
2018-10-02 10:00:00,6.0,13.21,8.22,,0.05
2018-10-02 11:00:00,6.0,13.38,6.15,,0.05
2018-10-02 12:00:00,6.0,13.22,11.57,,0.1
2018-10-02 13:00:00,6.0,13.49,13.17,,0.05
2018-10-02 14:00:00,6.0,13.4,13.67,,0.05
2018-10-02 15:00:00,6.0,13.29,10.76,,0.05
2018-10-02 16:00:00,6.0,13.29,12.63,,0.05
2018-10-02 17:00:00,,13.25,14.16,,0.05
2018-10-02 18:00:00,6.0,13.44,20.42,,0.05
2018-10-02 19:00:00,6.0,13.13,25.42,,0.18
2018-10-02 20:00:00,6.0,13.26,27.53,,0.17
2018-10-02 21:00:00,6.0,13.19,18.12,,0.15
2018-10-02 22:00:00,6.0,13.06,11.32,,0.05
2018-10-02 23:00:00,6.0,13.43,4.97,,0.05
2018-10-03 00:00:00,6.0,13.25,3.7,,0.05
2018-10-03 01:00:00,6.0,13.09,2.96,,0.05
2018-10-03 02:00:00,6.0,13.3,2.18,,0.15
2018-10-03 03:00:00,6.0,13.34,,,0.11
2018-10-03 04:00:00,6.0,12.91,,,0.05
2018-10-03 05:00:00,6.0,13.08,,,0.13
2018-10-03 06:00:00,6.0,12.98,5.18,,0.12
2018-10-03 07:00:00,6.0,13.03,22.88,,0.23
2018-10-03 08:00:00,6.0,13.12,25.41,,0.35
2018-10-03 09:00:00,6.0,13.12,12.73,,0.21
2018-10-03 10:00:00,6.0,12.83,7.29,,0.15
2018-10-03 11:00:00,6.0,12.98,5.57,,0.05
2018-10-03 12:00:00,6.0,13.34,4.4,,0.05
2018-10-03 13:00:00,6.0,13.13,4.86,,0.05
2018-10-03 14:00:00,6.0,13.2,7.35,,0.17
2018-10-03 15:00:00,,13.02,10.62,,0.15
2018-10-03 16:00:00,,13.17,9.95,,0.14
2018-10-03 17:00:00,,13.22,12.72,,0.13
2018-10-03 18:00:00,,13.21,18.21,,0.16
2018-10-03 19:00:00,6.0,13.35,34.69,,0.25
2018-10-03 20:00:00,6.0,13.28,22.87,,0.22
2018-10-03 21:00:00,6.0,13.16,22.54,,0.15
2018-10-03 22:00:00,6.0,13.23,13.88,,0.12
2018-10-03 23:00:00,6.0,13.38,16.72,,0.18
2018-10-04 00:00:00,12.55,13.3,15.85,,0.24
2018-10-04 01:00:00,6.0,13.19,15.2,,0.2
2018-10-04 02:00:00,6.0,13.09,12.45,,0.23
2018-10-04 03:00:00,6.0,13.0,7.59,,0.21
2018-10-04 04:00:00,6.0,13.06,6.19,,0.18
2018-10-04 05:00:00,6.0,13.22,9.08,,0.22
2018-10-04 06:00:00,6.0,13.51,8.64,,0.25
2018-10-04 07:00:00,12.84,13.85,,,0.68
2018-10-04 08:00:00,16.33,13.72,10.06,,0.59
2018-10-04 09:00:00,22.75,13.46,11.34,,0.25
2018-10-04 10:00:00,14.56,14.06,24.17,,0.2
2018-10-04 11:00:00,12.18,28.89,57.83,,0.24
2018-10-04 12:00:00,18.97,18.78,25.85,,0.13
2018-10-04 13:00:00,13.52,15.15,19.46,,0.12
2018-10-04 14:00:00,6.0,15.56,21.39,,0.12
2018-10-04 15:00:00,6.0,13.61,7.13,,0.05
2018-10-04 16:00:00,6.0,13.57,4.81,,0.05
2018-10-04 17:00:00,6.0,13.65,6.45,,0.05
2018-10-04 18:00:00,6.0,13.67,23.17,,0.12
2018-10-04 19:00:00,12.25,14.11,54.52,,0.77
2018-10-04 20:00:00,20.12,13.72,39.11,,0.45
2018-10-04 21:00:00,21.84,13.64,9.07,,0.05
2018-10-04 22:00:00,18.96,13.55,13.08,,0.11
2018-10-04 23:00:00,17.4,13.55,16.87,,0.17
2018-10-05 00:00:00,17.11,13.56,12.28,,0.12
2018-10-05 01:00:00,14.19,13.69,8.99,,0.05
2018-10-05 02:00:00,13.2,13.52,8.41,,0.05
2018-10-05 03:00:00,6.0,13.6,4.87,,0.05
2018-10-05 04:00:00,12.85,13.53,8.58,,0.14
2018-10-05 05:00:00,17.98,13.49,7.72,,0.05
2018-10-05 06:00:00,14.26,13.65,,,0.26
2018-10-05 07:00:00,20.43,13.77,,,0.43
2018-10-05 08:00:00,20.03,13.78,23.19,,0.43
2018-10-05 09:00:00,20.09,13.61,15.65,,0.22
2018-10-05 10:00:00,13.04,13.52,9.22,,0.05
2018-10-05 11:00:00,6.0,13.52,8.24,,0.05
2018-10-05 12:00:00,6.0,13.37,7.27,,0.05
2018-10-05 13:00:00,6.0,13.29,6.18,,0.05
2018-10-05 14:00:00,,,,,0.13
2018-10-05 15:00:00,,,,,0.24
2018-10-05 16:00:00,,,,,0.11
2018-10-05 17:00:00,,13.55,13.22,,0.05
2018-10-05 18:00:00,,13.58,18.6,,0.12
2018-10-05 19:00:00,6.0,13.56,21.79,,0.17
2018-10-05 20:00:00,6.0,14.03,26.53,,0.22
2018-10-05 21:00:00,17.03,13.83,30.36,,0.33
2018-10-05 22:00:00,23.37,13.75,19.62,,0.21
2018-10-05 23:00:00,29.49,13.81,17.18,,0.17
2018-10-06 00:00:00,32.08,13.82,29.67,,0.28
2018-10-06 01:00:00,36.61,13.88,31.4,,0.18
2018-10-06 02:00:00,38.26,13.49,20.13,,0.16
2018-10-06 03:00:00,33.4,13.52,10.2,,0.05
2018-10-06 04:00:00,27.77,13.87,9.63,,0.1
2018-10-06 05:00:00,19.92,13.77,15.04,,0.05
2018-10-06 06:00:00,16.8,13.73,10.52,,0.05
2018-10-06 07:00:00,22.48,13.9,12.28,,0.14
2018-10-06 08:00:00,29.75,13.85,14.01,,0.15
2018-10-06 09:00:00,23.41,13.82,14.45,,0.05
2018-10-06 10:00:00,18.22,13.97,8.57,,0.05
2018-10-06 11:00:00,19.79,13.97,5.16,,0.05
2018-10-06 12:00:00,18.8,13.94,5.76,,0.05
2018-10-06 13:00:00,17.77,14.03,8.26,,0.05
2018-10-06 14:00:00,17.05,13.85,5.14,,0.05
2018-10-06 15:00:00,18.66,13.89,5.7,,0.05
2018-10-06 16:00:00,14.75,14.69,4.4,,0.05
2018-10-06 17:00:00,6.0,14.89,5.31,,0.05
2018-10-06 18:00:00,6.0,14.49,7.45,,0.05
2018-10-06 19:00:00,17.22,14.42,12.92,,0.1
2018-10-06 20:00:00,21.24,13.95,16.0,,0.05
2018-10-06 21:00:00,24.84,13.87,17.79,,0.11
2018-10-06 22:00:00,31.91,13.99,16.3,,0.15
2018-10-06 23:00:00,33.09,13.92,10.23,,0.05
2018-10-07 00:00:00,33.36,13.93,9.75,,0.05
2018-10-07 01:00:00,31.56,13.86,10.05,,0.05
2018-10-07 02:00:00,32.36,13.8,7.19,,0.12
2018-10-07 03:00:00,32.8,13.64,5.27,,0.05
2018-10-07 04:00:00,27.37,13.82,5.2,,0.31
2018-10-07 05:00:00,21.23,13.88,6.08,,0.28
2018-10-07 06:00:00,19.58,13.9,6.85,,0.32
2018-10-07 07:00:00,15.34,13.94,7.88,,0.34
2018-10-07 08:00:00,18.6,14.05,5.93,,0.32
2018-10-07 09:00:00,24.1,14.01,2.99,,0.22
2018-10-07 10:00:00,16.62,13.94,3.01,,0.19
2018-10-07 11:00:00,6.0,13.9,3.21,,0.16
2018-10-07 12:00:00,6.0,13.99,5.5,,0.28
2018-10-07 13:00:00,6.0,13.84,5.72,,0.31
2018-10-07 14:00:00,6.0,14.06,4.15,,0.3
2018-10-07 15:00:00,6.0,14.86,5.86,,0.32
2018-10-07 16:00:00,6.0,14.54,6.56,,0.32
2018-10-07 17:00:00,6.0,13.98,8.36,,0.28
2018-10-07 18:00:00,6.0,14.08,11.8,,0.3
2018-10-07 19:00:00,27.74,15.82,20.45,,0.34
2018-10-07 20:00:00,43.3,16.9,33.87,,0.38
2018-10-07 21:00:00,52.74,15.98,26.27,,0.39
2018-10-07 22:00:00,57.5,14.33,27.48,,0.45
2018-10-07 23:00:00,58.76,14.06,25.91,,0.41
2018-10-08 00:00:00,57.53,14.05,21.76,,0.4
2018-10-08 01:00:00,55.36,13.93,13.38,,0.05
2018-10-08 02:00:00,54.76,13.99,11.89,,0.48
2018-10-08 03:00:00,52.09,13.82,8.55,,0.45
2018-10-08 04:00:00,39.68,13.85,6.52,,0.46
2018-10-08 05:00:00,33.82,13.83,6.65,,0.54
2018-10-08 06:00:00,35.96,13.98,7.59,,0.58
2018-10-08 07:00:00,39.03,14.06,10.65,,0.63
2018-10-08 08:00:00,42.56,14.0,20.74,,0.79
2018-10-08 09:00:00,41.03,14.04,18.92,,0.63
2018-10-08 10:00:00,32.99,14.05,15.27,,0.41
2018-10-08 11:00:00,23.88,14.03,12.94,,0.44
2018-10-08 12:00:00,22.78,13.96,13.81,,0.47
2018-10-08 13:00:00,18.69,14.86,17.57,,0.58
2018-10-08 14:00:00,20.49,17.7,28.83,,0.56
2018-10-08 15:00:00,20.05,14.57,15.22,,0.5
2018-10-08 16:00:00,6.0,14.17,17.85,,0.54
2018-10-08 17:00:00,13.35,14.43,23.2,,0.5
2018-10-08 18:00:00,28.01,14.51,26.66,,0.49
2018-10-08 19:00:00,51.35,14.43,34.04,,0.56
2018-10-08 20:00:00,63.05,14.13,38.66,,0.64
2018-10-08 21:00:00,66.62,14.04,36.09,,0.67
2018-10-08 22:00:00,70.42,14.02,34.75,,0.74
2018-10-08 23:00:00,69.37,14.17,34.06,,0.85
2018-10-09 00:00:00,64.82,14.21,38.41,,0.9
2018-10-09 01:00:00,61.42,13.99,31.01,,0.68
2018-10-09 02:00:00,57.22,13.98,26.74,,0.5
2018-10-09 03:00:00,52.84,14.04,19.53,,0.53
2018-10-09 04:00:00,51.58,14.01,15.28,,0.69
2018-10-09 05:00:00,37.79,13.76,12.2,,0.48
2018-10-09 06:00:00,19.26,13.9,29.36,,0.33
2018-10-09 07:00:00,17.65,14.32,36.64,,0.57
2018-10-09 08:00:00,17.87,14.25,33.83,,0.68
2018-10-09 09:00:00,12.48,18.33,27.34,,0.54
2018-10-09 10:00:00,13.21,18.33,18.85,,0.3
2018-10-09 11:00:00,25.26,18.85,20.18,,0.28
2018-10-09 12:00:00,33.43,15.49,12.52,,0.23
2018-10-09 13:00:00,36.75,14.3,10.24,,0.05
2018-10-09 14:00:00,31.55,14.17,12.6,,0.19
2018-10-09 15:00:00,25.17,14.05,25.23,,0.22
2018-10-09 16:00:00,20.41,14.05,25.27,,0.21
2018-10-09 17:00:00,6.0,13.75,24.93,,0.25
2018-10-09 18:00:00,6.0,13.86,62.89,,0.42
2018-10-09 19:00:00,13.37,14.02,51.1,,0.47
2018-10-09 20:00:00,16.14,13.88,53.28,,0.64
2018-10-09 21:00:00,19.55,13.85,50.66,,0.41
2018-10-09 22:00:00,22.46,13.73,44.75,,0.36
2018-10-09 23:00:00,20.81,13.8,59.14,,0.39
2018-10-10 00:00:00,23.72,13.64,50.24,,0.51
2018-10-10 01:00:00,22.58,13.55,38.18,,0.37
2018-10-10 02:00:00,19.33,13.66,29.32,,0.34
2018-10-10 03:00:00,21.51,13.4,7.0,,0.2
2018-10-10 04:00:00,18.24,13.19,3.24,,0.14
2018-10-10 05:00:00,6.0,13.29,3.16,,0.14
2018-10-10 06:00:00,6.0,13.35,11.34,,0.16
2018-10-10 07:00:00,6.0,13.44,21.62,,0.21
2018-10-10 08:00:00,13.82,13.4,25.16,,0.27
2018-10-10 09:00:00,15.06,13.41,17.6,,0.23
2018-10-10 10:00:00,6.0,13.44,18.48,,0.18
2018-10-10 11:00:00,14.71,13.54,13.98,,0.13
2018-10-10 12:00:00,14.52,13.65,10.61,,0.13
2018-10-10 13:00:00,13.96,13.56,12.31,,0.17
2018-10-10 14:00:00,13.65,13.17,6.87,,0.1
2018-10-10 15:00:00,6.0,13.2,3.43,,0.12
2018-10-10 16:00:00,6.0,13.54,5.13,,0.05
2018-10-10 17:00:00,6.0,13.36,7.62,,0.1
2018-10-10 18:00:00,14.03,13.15,12.2,,0.15
2018-10-10 19:00:00,24.06,13.27,17.36,,0.16
2018-10-10 20:00:00,35.97,13.59,19.52,,0.17
2018-10-10 21:00:00,37.62,13.71,16.6,,0.12
2018-10-10 22:00:00,30.36,13.71,12.41,,0.05
2018-10-10 23:00:00,30.35,13.8,11.72,,0.17
2018-10-11 00:00:00,25.32,13.55,8.65,,0.12
2018-10-11 01:00:00,19.38,13.79,4.52,,0.05
2018-10-11 02:00:00,22.66,13.58,3.39,,0.05
2018-10-11 03:00:00,18.45,13.33,1.92,,0.05
2018-10-11 04:00:00,16.33,13.49,1.48,,0.05
2018-10-11 05:00:00,16.11,13.36,3.58,,0.05
2018-10-11 06:00:00,12.19,13.37,14.0,,0.05
2018-10-11 07:00:00,6.0,13.97,28.05,,0.17
2018-10-11 08:00:00,18.27,13.76,15.82,,0.12
2018-10-11 09:00:00,19.22,13.77,6.31,,0.05
2018-10-11 10:00:00,19.38,13.75,5.93,,0.05
2018-10-11 11:00:00,20.63,13.82,5.74,,0.05
2018-10-11 12:00:00,19.62,13.8,6.31,,0.05
2018-10-11 13:00:00,19.88,13.97,4.87,,0.05
2018-10-11 14:00:00,17.95,14.07,4.15,,0.05
2018-10-11 15:00:00,29.75,13.98,7.78,,0.05
2018-10-11 16:00:00,28.99,14.72,3.6,,0.05
2018-10-11 17:00:00,22.7,14.29,5.34,,0.05
2018-10-11 18:00:00,27.37,13.93,11.22,,0.05
2018-10-11 19:00:00,30.19,13.91,14.76,,0.05
2018-10-11 20:00:00,29.37,13.75,11.26,,0.05
2018-10-11 21:00:00,29.67,13.7,9.64,,0.05
2018-10-11 22:00:00,25.66,13.74,4.74,,0.05
2018-10-11 23:00:00,19.71,13.64,3.49,,0.05
2018-10-12 00:00:00,16.44,13.51,4.0,,0.05
2018-10-12 01:00:00,13.67,13.65,4.0,,0.05
2018-10-12 02:00:00,6.0,13.52,5.16,,0.23
2018-10-12 03:00:00,6.0,13.42,5.23,,0.29
2018-10-12 04:00:00,6.0,13.52,6.9,,0.29
2018-10-12 05:00:00,6.0,13.35,7.52,,0.3
2018-10-12 06:00:00,6.0,13.52,9.83,,0.36
2018-10-12 07:00:00,13.54,13.83,11.55,,0.36
2018-10-12 08:00:00,17.38,14.18,10.0,,0.37
2018-10-12 09:00:00,12.69,14.26,8.17,,0.36
2018-10-12 10:00:00,15.42,14.14,4.34,,0.2
2018-10-12 11:00:00,18.02,13.98,3.64,,0.21
2018-10-12 12:00:00,12.52,14.09,5.22,,0.21
2018-10-12 13:00:00,6.0,13.98,7.14,,0.23
2018-10-12 14:00:00,12.98,14.63,7.55,,0.29
2018-10-12 15:00:00,18.76,15.16,12.97,,0.35
2018-10-12 16:00:00,13.15,14.13,22.13,,0.3
2018-10-12 17:00:00,23.54,13.67,22.51,,0.51
2018-10-12 18:00:00,36.63,13.85,23.55,,0.54
2018-10-12 19:00:00,39.75,13.42,30.71,,0.53
2018-10-12 20:00:00,38.25,13.52,31.42,,0.63
2018-10-12 21:00:00,39.13,13.63,30.86,,0.72
2018-10-12 22:00:00,38.04,13.48,11.5,,0.43
2018-10-12 23:00:00,27.92,13.24,7.6,,0.32
2018-10-13 00:00:00,16.62,13.56,21.25,,0.4
2018-10-13 01:00:00,6.0,13.66,13.52,,0.27
2018-10-13 02:00:00,6.0,13.67,14.55,,0.3
2018-10-13 03:00:00,6.0,13.46,15.98,,0.05
2018-10-13 04:00:00,6.0,13.32,17.99,,0.05
2018-10-13 05:00:00,6.0,13.28,2.75,,0.05
2018-10-13 06:00:00,6.0,13.08,16.19,,0.05
2018-10-13 07:00:00,6.0,13.13,12.51,,0.05
2018-10-13 08:00:00,6.0,13.09,6.65,,0.05
2018-10-13 09:00:00,6.0,13.27,5.65,,0.05
2018-10-13 10:00:00,6.0,13.23,6.37,,0.05
2018-10-13 11:00:00,6.0,12.99,5.32,,0.05
2018-10-13 12:00:00,6.0,13.33,5.69,,0.05
2018-10-13 13:00:00,6.0,13.22,4.68,,0.05
2018-10-13 14:00:00,6.0,13.33,5.12,,0.05
2018-10-13 15:00:00,6.0,13.29,6.84,,0.05
2018-10-13 16:00:00,6.0,13.3,7.02,,0.05
2018-10-13 17:00:00,6.0,13.41,10.14,,0.05
2018-10-13 18:00:00,6.0,13.4,13.38,,0.05
2018-10-13 19:00:00,6.0,13.1,13.31,,0.1
2018-10-13 20:00:00,6.0,13.51,10.82,,0.05
2018-10-13 21:00:00,6.0,13.1,11.09,,0.05
2018-10-13 22:00:00,,13.27,16.83,,0.13
2018-10-13 23:00:00,,13.39,29.31,,0.23
2018-10-14 00:00:00,6.0,13.51,29.81,,0.5
2018-10-14 01:00:00,20.36,13.82,27.03,,0.39
2018-10-14 02:00:00,15.99,13.29,17.48,,0.52
2018-10-14 03:00:00,12.91,13.18,11.97,,0.54
2018-10-14 04:00:00,16.2,13.08,9.56,,0.3
2018-10-14 05:00:00,12.89,13.22,5.96,,0.05
2018-10-14 06:00:00,6.0,13.25,10.19,,0.16
2018-10-14 07:00:00,6.0,13.41,14.87,,0.23
2018-10-14 08:00:00,6.0,13.36,16.54,,0.15
2018-10-14 09:00:00,6.0,13.72,13.82,,0.19
2018-10-14 10:00:00,6.0,13.89,8.42,,0.21
2018-10-14 11:00:00,6.0,13.41,3.66,,0.05
2018-10-14 12:00:00,6.0,13.46,5.44,,0.05
2018-10-14 13:00:00,6.0,13.4,3.64,,0.1
2018-10-14 14:00:00,6.0,13.33,1.78,,0.11
2018-10-14 15:00:00,6.0,13.24,1.1,,0.05
2018-10-14 16:00:00,6.0,13.4,1.34,,0.05
2018-10-14 17:00:00,6.0,13.27,1.76,,0.05
2018-10-14 18:00:00,6.0,13.3,4.1,,0.05
2018-10-14 19:00:00,6.0,13.29,5.82,,0.05
2018-10-14 20:00:00,6.0,13.45,9.33,,0.1
2018-10-14 21:00:00,6.0,13.26,8.69,,0.14
2018-10-14 22:00:00,6.0,13.68,10.36,,0.05
2018-10-14 23:00:00,15.06,13.39,9.53,,0.05
2018-10-15 00:00:00,14.83,13.15,8.39,,0.05
2018-10-15 01:00:00,6.0,13.26,8.13,,0.05
2018-10-15 02:00:00,6.0,13.15,5.69,,0.05
2018-10-15 03:00:00,6.0,13.11,4.35,,0.1
2018-10-15 04:00:00,6.0,12.89,5.16,,0.16
2018-10-15 05:00:00,6.0,12.93,6.76,,0.05
2018-10-15 06:00:00,6.0,13.73,14.57,,0.12
2018-10-15 07:00:00,6.0,12.5,20.03,,0.26
2018-10-15 08:00:00,6.0,14.41,16.34,,0.25
2018-10-15 09:00:00,6.0,14.18,15.42,,0.19
2018-10-15 10:00:00,6.0,14.06,10.23,,0.21
2018-10-15 11:00:00,6.0,14.1,9.33,,0.27
2018-10-15 12:00:00,6.0,13.97,8.5,,0.3
2018-10-15 13:00:00,6.0,13.89,6.56,,0.28
2018-10-15 14:00:00,6.0,14.14,4.32,,0.27
2018-10-15 15:00:00,6.0,13.86,4.28,,0.25
2018-10-15 16:00:00,6.0,14.03,5.76,,0.05
2018-10-15 17:00:00,6.0,14.0,6.57,,0.19
2018-10-15 18:00:00,,14.29,10.49,,0.29
2018-10-15 19:00:00,6.0,14.31,13.5,,0.29
2018-10-15 20:00:00,20.2,15.57,13.75,,0.33
2018-10-15 21:00:00,22.1,14.49,14.08,,0.39
2018-10-15 22:00:00,16.78,14.44,13.36,,0.4
2018-10-15 23:00:00,16.6,14.32,13.5,,0.33
2018-10-16 00:00:00,19.07,14.11,17.07,,0.31
2018-10-16 01:00:00,15.33,13.91,14.61,,0.22
2018-10-16 02:00:00,12.66,13.93,13.32,,0.05
2018-10-16 03:00:00,6.0,13.86,10.98,,0.05
2018-10-16 04:00:00,12.81,13.91,8.49,,0.1
2018-10-16 05:00:00,6.0,13.82,8.06,,0.05
2018-10-16 06:00:00,6.0,14.22,11.76,,0.15
2018-10-16 07:00:00,15.17,14.4,13.43,,0.31
2018-10-16 08:00:00,27.57,14.39,23.29,,0.38
2018-10-16 09:00:00,26.04,14.3,14.63,,0.26
2018-10-16 10:00:00,26.19,14.33,12.95,,0.05
2018-10-16 11:00:00,26.03,14.11,8.05,,0.05
2018-10-16 12:00:00,20.04,14.01,9.89,,0.16
2018-10-16 13:00:00,20.79,14.15,9.5,,0.05
2018-10-16 14:00:00,19.74,14.11,7.43,,0.05
2018-10-16 15:00:00,12.49,14.1,6.46,,0.1
2018-10-16 16:00:00,6.0,14.38,8.27,,0.17
2018-10-16 17:00:00,6.0,14.61,11.22,,0.05
2018-10-16 18:00:00,14.05,14.56,18.39,,0.05
2018-10-16 19:00:00,29.06,14.33,35.57,,0.05
2018-10-16 20:00:00,39.04,14.44,32.21,,0.17
2018-10-16 21:00:00,38.56,14.36,37.93,,0.32
2018-10-16 22:00:00,39.03,14.19,42.29,,0.43
2018-10-16 23:00:00,46.55,14.04,29.17,,0.33
2018-10-17 00:00:00,51.55,13.94,25.07,,0.2
2018-10-17 01:00:00,51.23,13.75,25.65,,0.16
2018-10-17 02:00:00,54.57,13.59,21.54,,0.19
2018-10-17 03:00:00,53.61,13.84,16.49,,0.23
2018-10-17 04:00:00,47.41,13.66,11.03,,0.11
2018-10-17 05:00:00,39.5,13.55,8.23,,0.13
2018-10-17 06:00:00,35.27,14.02,,,0.26
2018-10-17 07:00:00,32.64,14.4,,,0.36
2018-10-17 08:00:00,33.03,14.34,20.67,,0.46
2018-10-17 09:00:00,29.52,13.97,14.5,,0.13
2018-10-17 10:00:00,23.19,13.93,11.94,,0.12
2018-10-17 11:00:00,16.27,14.0,5.25,,0.16
2018-10-17 12:00:00,12.4,14.32,12.1,,0.05
2018-10-17 13:00:00,16.48,14.81,10.21,,0.13
2018-10-17 14:00:00,17.11,14.3,12.47,,0.1
2018-10-17 15:00:00,19.78,13.89,21.16,,0.12
2018-10-17 16:00:00,22.16,14.06,28.36,,0.1
2018-10-17 17:00:00,32.25,14.68,37.54,,0.13
2018-10-17 18:00:00,56.62,14.45,48.14,,0.39
2018-10-17 19:00:00,73.46,14.28,55.26,,0.72
2018-10-17 20:00:00,76.54,14.32,58.67,,0.99
2018-10-17 21:00:00,76.96,14.3,60.58,,0.85
2018-10-17 22:00:00,84.17,14.49,45.48,,0.93
2018-10-17 23:00:00,87.65,14.5,40.59,,1.21
2018-10-18 00:00:00,90.91,14.48,34.31,,0.72
2018-10-18 01:00:00,94.14,14.26,29.01,,0.42
2018-10-18 02:00:00,90.44,14.02,27.81,,0.25
2018-10-18 03:00:00,67.73,13.65,18.36,,0.17
2018-10-18 04:00:00,47.81,14.03,27.96,,0.26
2018-10-18 05:00:00,38.17,13.81,16.69,,0.23
2018-10-18 06:00:00,25.12,13.98,27.37,,0.22
2018-10-18 07:00:00,27.73,14.68,33.27,,0.54
2018-10-18 08:00:00,36.4,14.55,38.74,,0.46
2018-10-18 09:00:00,35.96,14.44,45.96,,0.24
2018-10-18 10:00:00,34.55,14.31,42.74,,0.11
2018-10-18 11:00:00,31.28,14.48,61.07,,0.17
2018-10-18 12:00:00,28.24,19.5,67.99,,0.25
2018-10-18 13:00:00,32.82,21.22,40.56,,0.29
2018-10-18 14:00:00,36.95,17.97,29.24,,0.1
2018-10-18 15:00:00,32.44,15.1,31.24,,0.15
2018-10-18 16:00:00,29.26,14.53,29.75,,0.22
2018-10-18 17:00:00,28.49,14.34,29.59,,0.19
2018-10-18 18:00:00,36.25,14.36,30.91,,0.16
2018-10-18 19:00:00,38.6,14.09,18.95,,0.13
2018-10-18 20:00:00,36.59,13.69,25.97,,0.18
2018-10-18 21:00:00,34.97,13.6,16.46,,0.05
2018-10-18 22:00:00,28.96,13.58,9.67,,0.05
2018-10-18 23:00:00,20.98,13.13,10.09,,0.05
2018-10-19 00:00:00,14.61,13.38,11.23,,0.05
2018-10-19 01:00:00,14.9,13.21,3.55,,0.05
2018-10-19 02:00:00,12.09,13.38,2.0,,0.05
2018-10-19 03:00:00,6.0,13.25,0.47,,0.05
2018-10-19 04:00:00,6.0,13.12,0.47,,0.05
2018-10-19 05:00:00,6.0,13.21,1.55,,0.05
2018-10-19 06:00:00,6.0,13.2,6.68,,0.05
2018-10-19 07:00:00,6.0,13.07,13.71,,0.05
2018-10-19 08:00:00,6.0,13.32,14.07,,0.23
2018-10-19 09:00:00,15.22,13.29,8.07,,0.12
2018-10-19 10:00:00,14.59,13.1,5.81,,0.16
2018-10-19 11:00:00,20.14,13.08,3.03,,0.13
2018-10-19 12:00:00,19.35,13.35,2.83,,0.12
2018-10-19 13:00:00,6.0,13.36,2.59,,0.11
2018-10-19 14:00:00,6.0,13.42,2.07,,0.14
2018-10-19 15:00:00,13.59,13.22,3.58,,0.17
2018-10-19 16:00:00,6.0,13.77,4.28,,0.15
2018-10-19 17:00:00,6.0,13.69,5.54,,0.13
2018-10-19 18:00:00,13.1,13.72,9.99,,0.05
2018-10-19 19:00:00,22.53,13.67,17.2,,0.15
2018-10-19 20:00:00,30.58,13.57,23.89,,0.19
2018-10-19 21:00:00,36.67,13.52,20.66,,0.18
2018-10-19 22:00:00,39.18,13.56,18.91,,0.25
2018-10-19 23:00:00,40.06,13.59,21.97,,0.25
2018-10-20 00:00:00,37.34,13.74,20.04,,0.27
2018-10-20 01:00:00,35.85,13.96,10.21,,0.15
2018-10-20 02:00:00,28.78,13.42,7.87,,0.05
2018-10-20 03:00:00,19.02,13.53,8.31,,0.05
2018-10-20 04:00:00,19.59,13.24,10.4,,0.05
2018-10-20 05:00:00,16.24,13.31,8.18,,0.05
2018-10-20 06:00:00,17.37,13.28,9.87,,0.18
2018-10-20 07:00:00,18.26,13.6,15.67,,0.24
2018-10-20 08:00:00,14.36,13.78,12.8,,0.25
2018-10-20 09:00:00,15.28,13.46,4.96,,0.14
2018-10-20 10:00:00,17.94,13.75,3.98,,0.05
2018-10-20 11:00:00,17.7,13.92,4.64,,0.05
2018-10-20 12:00:00,15.29,13.6,6.63,,0.05
2018-10-20 13:00:00,6.0,13.41,4.21,,0.05
2018-10-20 14:00:00,13.8,13.56,3.6,,0.05
2018-10-20 15:00:00,18.83,13.43,3.41,,0.05
2018-10-20 16:00:00,14.61,13.5,3.4,,0.05
2018-10-20 17:00:00,6.0,13.63,4.5,,0.05
2018-10-20 18:00:00,13.85,13.46,5.77,,0.05
2018-10-20 19:00:00,18.64,13.78,13.2,,0.16
2018-10-20 20:00:00,23.55,13.79,13.74,,0.22
2018-10-20 21:00:00,27.79,13.76,14.1,,0.39
2018-10-20 22:00:00,30.92,13.34,13.87,,0.34
2018-10-20 23:00:00,27.47,13.46,12.76,,0.24
2018-10-21 00:00:00,22.96,13.38,16.14,,0.34
2018-10-21 01:00:00,20.84,13.41,13.66,,0.19
2018-10-21 02:00:00,19.85,13.2,12.12,,0.21
2018-10-21 03:00:00,26.92,13.27,9.57,,0.32
2018-10-21 04:00:00,24.77,13.3,5.12,,0.14
2018-10-21 05:00:00,17.97,13.44,9.51,,0.1
2018-10-21 06:00:00,19.22,13.27,10.85,,0.2
2018-10-21 07:00:00,16.58,13.85,9.0,,0.19
2018-10-21 08:00:00,16.79,13.7,5.4,,0.1
2018-10-21 09:00:00,20.82,13.6,2.17,,0.05
2018-10-21 10:00:00,16.27,14.1,1.83,,0.05
2018-10-21 11:00:00,6.0,13.99,3.49,,0.05
2018-10-21 12:00:00,6.0,13.89,3.7,,0.05
2018-10-21 13:00:00,15.01,13.81,3.44,,0.05
2018-10-21 14:00:00,15.57,13.81,2.97,,0.05
2018-10-21 15:00:00,6.0,13.65,2.43,,0.05
2018-10-21 16:00:00,6.0,14.03,3.14,,0.05
2018-10-21 17:00:00,6.0,14.46,3.15,,0.05
2018-10-21 18:00:00,6.0,15.43,3.3,,0.05
2018-10-21 19:00:00,21.77,14.4,8.11,,0.05
2018-10-21 20:00:00,28.31,14.03,13.79,,0.12
2018-10-21 21:00:00,26.23,13.65,13.44,,0.16
2018-10-21 22:00:00,30.82,13.55,16.06,,0.17
2018-10-21 23:00:00,31.44,13.58,18.03,,0.15
2018-10-22 00:00:00,30.41,13.75,19.28,,0.19
2018-10-22 01:00:00,32.6,13.71,17.29,,0.14
2018-10-22 02:00:00,31.37,13.54,16.46,,0.2
2018-10-22 03:00:00,29.41,13.49,15.79,,0.17
2018-10-22 04:00:00,28.01,13.35,12.68,,0.22
2018-10-22 05:00:00,22.13,13.49,22.62,,0.35
2018-10-22 06:00:00,24.53,13.83,22.61,,0.57
2018-10-22 07:00:00,34.01,14.3,20.52,,0.68
2018-10-22 08:00:00,40.75,14.49,23.43,,0.55
2018-10-22 09:00:00,33.24,14.42,22.89,,0.4
2018-10-22 10:00:00,30.35,14.8,20.74,,0.23
2018-10-22 11:00:00,26.1,28.37,20.61,,0.13
2018-10-22 12:00:00,22.49,32.01,28.04,,0.26
2018-10-22 13:00:00,23.54,18.86,11.01,,0.11
2018-10-22 14:00:00,17.04,15.89,13.93,,0.13
2018-10-22 15:00:00,12.97,15.49,11.66,,0.05
2018-10-22 16:00:00,6.0,15.01,16.66,,0.05
2018-10-22 17:00:00,12.24,14.82,17.46,,0.1
2018-10-22 18:00:00,20.9,14.46,21.0,,0.17
2018-10-22 19:00:00,26.21,15.62,28.29,,0.24
2018-10-22 20:00:00,39.21,15.02,19.99,,0.23
2018-10-22 21:00:00,48.32,15.16,27.27,,0.16
2018-10-22 22:00:00,47.39,14.57,16.16,,0.13
2018-10-22 23:00:00,47.58,14.52,13.42,,0.11
2018-10-23 00:00:00,36.22,14.54,14.78,,0.19
2018-10-23 01:00:00,27.05,14.62,8.05,,0.05
2018-10-23 02:00:00,19.95,14.52,4.36,,0.17
2018-10-23 03:00:00,17.59,14.52,1.86,,0.18
2018-10-23 04:00:00,18.71,14.59,2.08,,0.05
2018-10-23 05:00:00,21.47,14.62,3.06,,0.05
2018-10-23 06:00:00,27.1,14.6,8.85,,0.11
2018-10-23 07:00:00,25.51,14.64,21.1,,0.19
2018-10-23 08:00:00,25.24,14.39,24.98,,0.24
2018-10-23 09:00:00,26.03,14.51,17.45,,0.25
2018-10-23 10:00:00,22.3,14.31,6.03,,0.05
2018-10-23 11:00:00,22.55,14.21,4.31,,0.05
2018-10-23 12:00:00,20.86,14.16,5.98,,0.05
2018-10-23 13:00:00,12.85,14.02,6.92,,0.05
2018-10-23 14:00:00,6.0,13.94,8.63,,0.13
2018-10-23 15:00:00,6.0,14.09,5.76,,0.05
2018-10-23 16:00:00,6.0,14.56,4.79,,0.05
2018-10-23 17:00:00,6.0,14.5,6.12,,0.05
2018-10-23 18:00:00,16.46,14.68,9.35,,0.05
2018-10-23 19:00:00,16.16,14.64,13.45,,0.05
2018-10-23 20:00:00,16.4,14.54,17.76,,0.12
2018-10-23 21:00:00,21.29,14.51,13.11,,0.14
2018-10-23 22:00:00,21.49,14.55,10.7,,0.12
2018-10-23 23:00:00,19.82,14.48,8.95,,0.05
2018-10-24 00:00:00,16.63,14.14,7.59,,0.05
2018-10-24 01:00:00,17.31,14.37,4.0,,0.05
2018-10-24 02:00:00,16.07,14.19,2.2,,0.05
2018-10-24 03:00:00,6.0,14.13,0.47,,0.05
2018-10-24 04:00:00,6.0,14.27,2.59,,0.05
2018-10-24 05:00:00,6.0,14.39,2.49,,0.05
2018-10-24 06:00:00,6.0,14.47,7.6,,0.05
2018-10-24 07:00:00,6.0,14.55,13.76,,0.05
2018-10-24 08:00:00,16.44,14.56,8.88,,0.05
2018-10-24 09:00:00,14.75,15.62,4.18,,0.05
2018-10-24 10:00:00,14.84,15.13,2.01,,0.05
2018-10-24 11:00:00,21.42,14.34,2.48,,0.11
2018-10-24 12:00:00,21.3,14.29,2.69,,0.13
2018-10-24 13:00:00,15.98,14.29,2.22,,0.14
2018-10-24 14:00:00,18.28,14.31,3.14,,0.14
2018-10-24 15:00:00,19.23,14.3,2.85,,0.13
2018-10-24 16:00:00,13.77,14.33,3.85,,0.15
2018-10-24 17:00:00,13.83,14.35,4.97,,0.13
2018-10-24 18:00:00,23.54,14.33,10.45,,0.12
2018-10-24 19:00:00,24.35,15.14,14.36,,0.16
2018-10-24 20:00:00,23.55,14.6,12.72,,0.1
2018-10-24 21:00:00,30.75,14.57,14.3,,0.05
2018-10-24 22:00:00,25.36,14.58,11.73,,0.05
2018-10-24 23:00:00,15.78,14.48,9.51,,0.05
2018-10-25 00:00:00,19.66,14.44,8.47,,0.05
2018-10-25 01:00:00,19.54,14.47,4.71,,0.05
2018-10-25 02:00:00,17.07,14.69,3.74,,0.05
2018-10-25 03:00:00,14.5,14.55,3.73,,0.05
2018-10-25 04:00:00,6.0,14.6,8.7,,0.05
2018-10-25 05:00:00,6.0,14.44,8.87,,0.05
2018-10-25 06:00:00,6.0,14.59,14.05,,0.05
2018-10-25 07:00:00,12.81,14.69,22.98,,0.26
2018-10-25 08:00:00,19.92,14.55,19.35,,0.24
2018-10-25 09:00:00,24.54,14.57,10.33,,0.13
2018-10-25 10:00:00,27.85,14.59,8.22,,0.11
2018-10-25 11:00:00,25.32,14.46,5.23,,0.05
2018-10-25 12:00:00,16.65,14.6,9.96,,0.13
2018-10-25 13:00:00,12.34,18.96,16.33,,0.1
2018-10-25 14:00:00,15.49,18.42,16.01,,0.13
2018-10-25 15:00:00,16.98,16.05,16.21,,0.13
2018-10-25 16:00:00,12.75,14.76,14.83,,0.05
2018-10-25 17:00:00,14.59,14.55,21.31,,0.14
2018-10-25 18:00:00,18.43,15.39,21.02,,0.05
2018-10-25 19:00:00,27.71,16.48,26.12,,0.2
2018-10-25 20:00:00,30.38,15.91,25.33,,0.11
2018-10-25 21:00:00,31.71,14.68,23.42,,0.05
2018-10-25 22:00:00,30.24,14.76,20.89,,0.13
2018-10-25 23:00:00,28.29,14.68,24.28,,0.19
2018-10-26 00:00:00,25.48,14.43,20.69,,0.11
2018-10-26 01:00:00,19.24,14.38,21.74,,0.12
2018-10-26 02:00:00,18.55,14.28,18.81,,0.28
2018-10-26 03:00:00,22.42,14.02,18.54,,0.28
2018-10-26 04:00:00,19.39,14.2,15.13,,0.29
2018-10-26 05:00:00,21.59,14.07,14.11,,0.34
2018-10-26 06:00:00,24.22,14.42,13.1,,0.44
2018-10-26 07:00:00,24.33,14.63,16.69,,0.54
2018-10-26 08:00:00,29.01,14.6,28.52,,0.57
2018-10-26 09:00:00,30.05,14.7,25.18,,0.5
2018-10-26 10:00:00,23.49,14.72,16.72,,0.39
2018-10-26 11:00:00,17.11,15.27,14.41,,0.25
2018-10-26 12:00:00,16.72,14.82,16.99,,0.23
2018-10-26 13:00:00,15.61,14.89,16.67,,0.22
2018-10-26 14:00:00,18.27,14.71,7.99,,0.2
2018-10-26 15:00:00,20.71,14.74,9.39,,0.27
2018-10-26 16:00:00,14.76,14.59,11.18,,0.22
2018-10-26 17:00:00,6.0,14.43,19.33,,0.26
2018-10-26 18:00:00,6.0,14.18,29.89,,0.39
2018-10-26 19:00:00,20.05,14.08,31.24,,0.35
2018-10-26 20:00:00,19.21,13.98,24.55,,0.36
2018-10-26 21:00:00,6.0,13.8,14.79,,0.35
2018-10-26 22:00:00,6.0,13.91,21.7,,0.53
2018-10-26 23:00:00,12.65,13.97,13.6,,0.3
2018-10-27 00:00:00,6.0,14.04,10.04,,0.23
2018-10-27 01:00:00,6.0,13.77,5.49,,0.12
2018-10-27 02:00:00,6.0,13.7,4.84,,0.15
2018-10-27 03:00:00,6.0,14.02,5.27,,0.12
2018-10-27 04:00:00,6.0,13.88,2.73,,0.11
2018-10-27 05:00:00,6.0,13.84,1.21,,0.05
2018-10-27 06:00:00,6.0,13.79,3.64,,0.12
2018-10-27 07:00:00,6.0,14.0,7.27,,0.05
2018-10-27 08:00:00,6.0,13.97,5.84,,0.16
2018-10-27 09:00:00,6.0,13.99,5.38,,0.16
2018-10-27 10:00:00,6.0,13.94,3.08,,0.17
2018-10-27 11:00:00,6.0,13.85,2.51,,0.2
2018-10-27 12:00:00,6.0,13.86,3.33,,0.12
2018-10-27 13:00:00,6.0,13.93,2.36,,0.15
2018-10-27 14:00:00,6.0,13.86,2.99,,0.19
2018-10-27 15:00:00,6.0,13.89,2.72,,0.19
2018-10-27 16:00:00,6.0,13.87,3.8,,0.05
2018-10-27 17:00:00,6.0,13.94,3.6,,0.05
2018-10-27 18:00:00,6.0,13.89,7.13,,0.13
2018-10-27 19:00:00,6.0,14.09,11.4,,0.17
2018-10-27 20:00:00,6.0,13.75,21.61,,0.46
2018-10-27 21:00:00,6.0,14.0,24.01,,0.64
2018-10-27 22:00:00,14.29,14.39,15.78,,0.39
2018-10-27 23:00:00,21.61,13.91,22.69,,0.5
2018-10-28 00:00:00,28.88,14.2,22.26,,0.39
2018-10-28 01:00:00,30.48,14.27,18.06,,0.38
2018-10-28 02:00:00,25.45,13.97,12.11,,0.42
2018-10-28 03:00:00,17.73,13.97,10.44,,0.3
2018-10-28 04:00:00,13.57,13.92,10.41,,0.26
2018-10-28 05:00:00,17.27,14.13,8.82,,0.23
2018-10-28 06:00:00,14.96,14.35,5.34,,0.22
2018-10-28 07:00:00,6.0,14.3,9.17,,0.42
2018-10-28 08:00:00,6.0,14.4,6.93,,0.19
2018-10-28 09:00:00,13.76,14.06,3.84,,0.14
2018-10-28 10:00:00,12.68,14.04,2.97,,0.05
2018-10-28 11:00:00,6.0,14.26,4.65,,0.13
2018-10-28 12:00:00,6.0,14.19,4.27,,0.16
2018-10-28 13:00:00,6.0,14.33,6.61,,0.18
2018-10-28 14:00:00,6.0,14.17,3.72,,0.11
2018-10-28 15:00:00,6.0,14.78,2.79,,0.05
2018-10-28 16:00:00,6.0,15.1,2.4,,0.16
2018-10-28 17:00:00,6.0,14.66,1.82,,0.17
2018-10-28 18:00:00,6.0,14.65,3.43,,0.16
2018-10-28 19:00:00,6.0,14.94,6.19,,0.15
2018-10-28 20:00:00,6.0,15.21,7.33,,0.13
2018-10-28 21:00:00,17.74,14.74,7.23,,0.05
2018-10-28 22:00:00,18.83,14.75,7.58,,0.12
2018-10-28 23:00:00,15.72,14.67,8.25,,0.16
2018-10-29 00:00:00,14.19,14.43,7.01,,0.14
2018-10-29 01:00:00,12.11,14.0,5.34,,0.05
2018-10-29 02:00:00,12.25,14.22,2.8,,0.05
2018-10-29 03:00:00,12.02,13.89,2.85,,0.05
2018-10-29 04:00:00,13.19,14.04,4.32,,0.05
2018-10-29 05:00:00,6.0,14.15,6.08,,0.05
2018-10-29 06:00:00,6.0,14.05,8.8,,0.05
2018-10-29 07:00:00,6.0,14.56,13.28,,0.12
2018-10-29 08:00:00,16.06,14.6,14.53,,0.23
2018-10-29 09:00:00,6.0,14.68,10.46,,0.14
2018-10-29 10:00:00,13.9,14.69,3.9,,0.05
2018-10-29 11:00:00,14.81,16.4,3.98,,0.11
2018-10-29 12:00:00,12.63,14.79,4.33,,0.13
2018-10-29 13:00:00,6.0,14.66,5.61,,0.05
2018-10-29 14:00:00,6.0,14.71,7.02,,0.11
2018-10-29 15:00:00,6.0,14.78,5.24,,0.05
2018-10-29 16:00:00,6.0,15.26,4.12,,0.16
2018-10-29 17:00:00,6.0,14.56,5.87,,0.22
2018-10-29 18:00:00,17.49,14.81,11.73,,0.18
2018-10-29 19:00:00,24.21,15.42,12.39,,0.05
2018-10-29 20:00:00,25.03,14.48,14.76,,0.17
2018-10-29 21:00:00,29.78,14.2,11.67,,0.22
2018-10-29 22:00:00,31.78,14.26,11.16,,0.15
2018-10-29 23:00:00,22.89,13.84,12.0,,0.19
2018-10-30 00:00:00,16.19,13.87,11.39,,0.23
2018-10-30 01:00:00,18.94,14.19,8.31,,0.17
2018-10-30 02:00:00,19.3,13.9,4.55,,0.14
2018-10-30 03:00:00,12.84,13.88,1.69,,0.05
2018-10-30 04:00:00,13.4,13.79,2.46,,0.1
2018-10-30 05:00:00,12.54,13.89,7.47,,0.15
2018-10-30 06:00:00,6.0,14.15,13.42,,0.2
2018-10-30 07:00:00,14.34,14.61,17.14,,0.41
2018-10-30 08:00:00,17.73,14.69,17.9,,0.48
2018-10-30 09:00:00,22.0,14.13,14.94,,0.22
2018-10-30 10:00:00,24.7,14.34,11.39,,0.05
2018-10-30 11:00:00,17.71,14.5,19.71,,0.05
2018-10-30 12:00:00,19.28,14.54,17.3,,0.16
2018-10-30 13:00:00,17.6,17.15,15.54,,0.12
2018-10-30 14:00:00,14.83,24.58,18.86,,0.15
2018-10-30 15:00:00,19.06,33.86,19.63,,0.05
2018-10-30 16:00:00,14.64,18.16,19.24,,0.05
2018-10-30 17:00:00,12.2,15.25,19.47,,0.05
2018-10-30 18:00:00,19.39,15.65,20.51,,0.13
2018-10-30 19:00:00,34.97,15.46,29.51,,0.23
2018-10-30 20:00:00,48.13,14.85,33.03,,0.16
2018-10-30 21:00:00,57.77,14.93,29.86,,0.15
2018-10-30 22:00:00,56.04,15.08,24.3,,0.19
2018-10-30 23:00:00,52.63,15.55,20.87,,0.14
2018-10-31 00:00:00,52.47,14.57,16.06,,0.2
2018-10-31 01:00:00,47.4,14.23,4.26,,0.15
2018-10-31 02:00:00,32.09,13.88,3.7,,0.3
2018-10-31 03:00:00,21.01,13.67,2.04,,0.25
2018-10-31 04:00:00,14.39,14.81,4.84,,0.21
2018-10-31 05:00:00,6.0,12.66,5.41,,0.11
2018-10-31 06:00:00,6.0,14.24,10.93,,0.17
2018-10-31 07:00:00,6.0,14.38,26.34,,0.2
2018-10-31 08:00:00,21.91,11.68,20.2,,0.28
2018-10-31 09:00:00,24.49,23.96,36.34,,0.14
2018-10-31 10:00:00,12.49,20.73,14.57,,0.32
2018-10-31 11:00:00,12.33,20.06,27.52,,0.27
2018-10-31 12:00:00,6.0,17.81,27.74,,0.4
2018-10-31 13:00:00,,16.1,16.29,,0.36
2018-10-31 14:00:00,,14.92,11.22,,0.32
2018-10-31 15:00:00,,15.04,14.18,,0.23
2018-10-31 16:00:00,,14.85,16.42,,0.26
2018-10-31 17:00:00,6.0,14.69,21.36,,0.22
2018-10-31 18:00:00,6.0,14.83,33.75,,0.52
2018-10-31 19:00:00,6.0,15.31,61.7,,0.76
2018-10-31 20:00:00,6.0,15.24,58.8,,0.69
2018-10-31 21:00:00,6.0,15.34,47.78,,0.37
2018-10-31 22:00:00,6.0,14.89,16.79,,0.32
2018-10-31 23:00:00,14.98,14.58,11.58,,0.35
2018-11-01 00:00:00,6.0,14.33,8.03,,0.25
2018-11-01 01:00:00,6.0,14.01,3.45,,0.21
2018-11-01 02:00:00,6.0,13.81,2.45,,0.05
2018-11-01 03:00:00,6.0,13.69,3.79,,0.05
2018-11-01 04:00:00,6.0,13.85,7.47,,0.05
2018-11-01 05:00:00,6.0,13.7,11.43,,0.12
2018-11-01 06:00:00,6.0,13.64,13.15,,0.05
2018-11-01 07:00:00,6.0,13.82,25.23,,0.2
2018-11-01 08:00:00,6.0,13.94,19.9,,0.26
2018-11-01 09:00:00,6.0,13.74,20.57,,0.11
2018-11-01 10:00:00,6.0,14.11,10.76,,0.05
2018-11-01 11:00:00,6.0,13.67,13.18,,0.15
2018-11-01 12:00:00,6.0,14.06,13.39,,0.11
2018-11-01 13:00:00,6.0,14.27,9.69,,0.15
2018-11-01 14:00:00,6.0,13.79,8.24,,0.05
2018-11-01 15:00:00,6.0,13.87,7.95,,0.05
2018-11-01 16:00:00,6.0,13.86,8.94,,0.05
2018-11-01 17:00:00,6.0,13.68,7.57,,0.15
2018-11-01 18:00:00,6.0,13.74,15.28,,0.15
2018-11-01 19:00:00,6.0,13.88,28.21,,0.26
2018-11-01 20:00:00,6.0,14.02,27.27,,0.27
2018-11-01 21:00:00,13.57,14.38,37.51,,0.55
2018-11-01 22:00:00,25.15,14.07,28.35,,0.43
2018-11-01 23:00:00,26.91,13.71,22.55,,0.36
2018-11-02 00:00:00,24.69,13.82,14.29,,0.23
2018-11-02 01:00:00,22.77,13.8,11.21,,0.1
2018-11-02 02:00:00,16.9,13.74,7.75,,0.05
2018-11-02 03:00:00,18.16,13.89,10.76,,0.1
2018-11-02 04:00:00,19.07,13.88,6.76,,0.05
2018-11-02 05:00:00,14.95,13.96,4.43,,0.05
2018-11-02 06:00:00,13.63,13.94,7.57,,0.05
2018-11-02 07:00:00,14.47,13.83,4.03,,0.11
2018-11-02 08:00:00,6.0,13.66,2.32,,0.13
2018-11-02 09:00:00,12.48,13.76,5.37,,0.15
2018-11-02 10:00:00,14.29,13.84,3.43,,0.11
2018-11-02 11:00:00,6.0,13.84,5.01,,0.13
2018-11-02 12:00:00,6.0,13.87,4.89,,0.05
2018-11-02 13:00:00,6.0,13.82,5.71,,0.05
2018-11-02 14:00:00,6.0,13.76,3.19,,0.05
2018-11-02 15:00:00,6.0,13.91,4.75,,0.05
2018-11-02 16:00:00,6.0,14.66,5.52,,0.05
2018-11-02 17:00:00,6.0,15.9,5.53,,0.05
2018-11-02 18:00:00,6.0,15.6,6.68,,0.05
2018-11-02 19:00:00,15.81,14.83,10.17,,0.1
2018-11-02 20:00:00,25.3,14.6,16.74,,0.28
2018-11-02 21:00:00,33.64,14.15,20.17,,0.24
2018-11-02 22:00:00,38.61,14.24,16.27,,0.26
2018-11-02 23:00:00,40.71,14.11,24.46,,0.4
2018-11-03 00:00:00,37.22,14.07,17.25,,0.19
2018-11-03 01:00:00,31.1,14.0,15.25,,0.18
2018-11-03 02:00:00,23.92,14.05,14.71,,0.13
2018-11-03 03:00:00,19.23,13.92,15.11,,0.14
2018-11-03 04:00:00,27.22,14.08,23.01,,0.1
2018-11-03 05:00:00,32.02,13.84,11.62,,0.05
2018-11-03 06:00:00,27.75,13.79,8.91,,0.05
2018-11-03 07:00:00,25.64,13.73,16.88,,0.05
2018-11-03 08:00:00,21.15,14.18,21.46,,0.11
2018-11-03 09:00:00,17.02,14.0,39.68,,0.2
2018-11-03 10:00:00,6.0,14.2,27.54,,0.05
2018-11-03 11:00:00,6.0,14.63,33.43,,0.05
2018-11-03 12:00:00,6.0,14.42,15.77,,0.05
2018-11-03 13:00:00,6.0,14.23,10.51,,0.05
2018-11-03 14:00:00,6.0,13.93,8.62,,0.05
2018-11-03 15:00:00,6.0,13.97,6.92,,0.05
2018-11-03 16:00:00,6.0,13.83,7.34,,0.05
2018-11-03 17:00:00,6.0,13.88,7.56,,0.05
2018-11-03 18:00:00,6.0,14.01,11.78,,0.05
2018-11-03 19:00:00,6.0,13.84,15.22,,0.05
2018-11-03 20:00:00,6.0,14.0,22.41,,0.13
2018-11-03 21:00:00,13.25,13.99,23.38,,0.19
2018-11-03 22:00:00,18.91,14.1,27.89,,0.3
2018-11-03 23:00:00,28.9,14.25,22.3,,0.29
2018-11-04 00:00:00,29.21,13.91,12.51,,0.11
2018-11-04 01:00:00,19.15,13.72,14.49,,0.05
2018-11-04 02:00:00,18.62,14.03,17.4,,0.71
2018-11-04 03:00:00,16.17,13.69,11.22,,0.37
2018-11-04 04:00:00,6.0,13.75,13.46,,0.43
2018-11-04 05:00:00,6.0,13.88,8.95,,0.43
2018-11-04 06:00:00,6.0,13.86,5.32,,0.34
2018-11-04 07:00:00,6.0,13.75,2.84,,0.4
2018-11-04 08:00:00,6.0,13.84,1.76,,0.34
2018-11-04 09:00:00,6.0,13.74,1.3,,0.32
2018-11-04 10:00:00,6.0,13.78,2.57,,0.32
2018-11-04 11:00:00,6.0,13.85,5.29,,0.46
2018-11-04 12:00:00,6.0,13.96,2.46,,0.36
2018-11-04 13:00:00,6.0,13.9,2.93,,0.38
2018-11-04 14:00:00,6.0,13.9,2.79,,0.32
2018-11-04 15:00:00,6.0,14.02,2.82,,0.25
2018-11-04 16:00:00,6.0,14.24,2.85,,0.22
2018-11-04 17:00:00,6.0,14.07,2.38,,0.23
2018-11-04 18:00:00,6.0,14.51,2.75,,0.29
2018-11-04 19:00:00,6.0,14.06,7.7,,0.32
2018-11-04 20:00:00,6.0,14.15,8.87,,0.4
2018-11-04 21:00:00,6.0,13.83,7.86,,0.42
2018-11-04 22:00:00,6.0,13.78,6.73,,0.34
2018-11-04 23:00:00,6.0,13.82,5.03,,0.29
2018-11-05 00:00:00,6.0,13.87,2.93,,0.27
2018-11-05 01:00:00,6.0,13.78,2.51,,0.22
2018-11-05 02:00:00,16.73,13.77,2.8,,0.05
2018-11-05 03:00:00,14.39,13.69,2.58,,0.05
2018-11-05 04:00:00,6.0,13.82,8.94,,0.05
2018-11-05 05:00:00,6.0,14.07,15.93,,0.11
2018-11-05 06:00:00,6.0,14.7,19.62,,0.38
2018-11-05 07:00:00,6.0,14.49,20.79,,0.38
2018-11-05 08:00:00,15.19,14.22,9.99,,0.14
2018-11-05 09:00:00,17.95,14.46,5.96,,0.17
2018-11-05 10:00:00,13.71,14.27,3.43,,0.13
2018-11-05 11:00:00,6.0,14.06,3.8,,0.14
2018-11-05 12:00:00,6.0,14.08,4.97,,0.22
2018-11-05 13:00:00,6.0,14.23,3.06,,0.13
2018-11-05 14:00:00,6.0,13.88,5.0,,0.13
2018-11-05 15:00:00,6.0,14.52,4.65,,0.05
2018-11-05 17:00:00,6.0,14.64,9.3,,0.12
2018-11-05 18:00:00,16.73,14.59,12.72,,0.12
2018-11-05 19:00:00,21.96,14.86,23.06,,0.17
2018-11-05 20:00:00,26.67,14.27,30.75,,0.25
2018-11-05 21:00:00,30.28,14.46,31.23,,0.25
2018-11-05 22:00:00,32.06,14.41,23.5,,0.11
2018-11-05 23:00:00,28.08,14.14,17.22,,0.1
2018-11-06 00:00:00,20.8,13.98,19.42,,0.05
2018-11-06 01:00:00,24.43,13.98,17.19,,0.05
2018-11-06 02:00:00,25.74,13.96,15.79,,0.23
2018-11-06 03:00:00,23.53,13.86,13.05,,0.17
2018-11-06 04:00:00,24.2,14.09,11.77,,0.21
2018-11-06 05:00:00,24.68,14.0,14.1,,0.29
2018-11-06 06:00:00,26.21,15.0,,,0.46
2018-11-06 07:00:00,31.23,17.21,22.07,,0.69
2018-11-06 08:00:00,29.87,30.39,47.84,,0.41
2018-11-06 09:00:00,30.55,16.57,19.1,,0.26
2018-11-06 10:00:00,23.72,16.28,16.92,,0.22
2018-11-06 11:00:00,21.48,28.91,26.77,,0.29
2018-11-06 12:00:00,21.45,18.47,15.48,,0.35
2018-11-06 13:00:00,18.22,15.48,17.58,,0.36
2018-11-06 14:00:00,24.47,15.08,16.48,,0.41
2018-11-06 15:00:00,27.18,14.7,10.89,,0.36
2018-11-06 16:00:00,19.19,14.55,8.43,,0.25
2018-11-06 17:00:00,17.61,14.51,11.29,,0.26
2018-11-06 18:00:00,23.84,14.08,14.93,,0.33
2018-11-06 19:00:00,24.52,14.58,16.46,,0.31
2018-11-06 20:00:00,31.0,14.07,18.2,,0.29
2018-11-06 21:00:00,35.5,14.48,11.49,,0.3
2018-11-06 22:00:00,34.21,14.14,8.11,,0.27
2018-11-06 23:00:00,27.02,14.09,3.9,,0.24
2018-11-07 00:00:00,24.39,14.07,1.27,,0.22
2018-11-07 01:00:00,21.45,13.97,0.47,,0.18
2018-11-07 02:00:00,22.63,13.93,,,0.05
2018-11-07 03:00:00,19.33,13.76,0.47,,0.05
2018-11-07 04:00:00,13.93,13.7,1.54,,0.05
2018-11-07 05:00:00,12.82,13.72,3.75,,0.05
2018-11-07 06:00:00,15.89,13.71,11.84,,0.05
2018-11-07 07:00:00,15.65,14.02,12.17,,0.18
2018-11-07 08:00:00,12.97,14.19,7.39,,0.05
2018-11-07 09:00:00,14.95,14.66,2.94,,0.05
2018-11-07 10:00:00,12.2,14.81,2.07,,0.05
2018-11-07 11:00:00,6.0,15.06,2.52,,0.05
2018-11-07 12:00:00,6.0,13.45,3.62,,0.05
2018-11-07 13:00:00,6.0,14.79,1.26,,0.05
2018-11-07 14:00:00,6.0,15.16,2.6,,0.13
2018-11-07 15:00:00,6.0,14.76,2.33,,0.05
2018-11-07 16:00:00,,,,,
2018-11-07 17:00:00,6.0,14.75,3.47,,0.05
2018-11-07 18:00:00,6.0,14.98,5.52,,0.05
2018-11-07 19:00:00,6.0,14.87,6.64,,0.2
2018-11-07 20:00:00,15.4,15.02,8.7,,0.13
2018-11-07 21:00:00,24.47,14.79,9.06,,0.19
2018-11-07 22:00:00,28.53,14.38,7.36,,0.11
2018-11-07 23:00:00,21.34,14.41,5.61,,0.2
2018-11-08 00:00:00,17.41,14.17,2.14,,0.13
2018-11-08 01:00:00,13.28,12.18,1.71,,0.05
2018-11-08 02:00:00,6.0,10.03,0.47,,0.05
2018-11-08 03:00:00,6.0,8.91,0.47,,0.05
2018-11-08 04:00:00,6.0,5.37,3.37,,0.05
2018-11-08 05:00:00,6.0,13.18,18.66,,0.05
2018-11-08 06:00:00,6.0,14.94,29.82,,0.27
2018-11-08 07:00:00,13.05,14.69,27.34,,0.3
2018-11-08 08:00:00,21.63,13.5,10.48,,0.05
2018-11-08 09:00:00,25.18,12.2,3.93,,0.05
2018-11-08 10:00:00,18.32,8.71,3.05,,0.05
2018-11-08 11:00:00,15.26,11.24,4.1,,0.05
2018-11-08 12:00:00,20.72,14.67,4.4,,0.05
2018-11-08 13:00:00,16.51,13.49,3.77,,0.05
2018-11-08 14:00:00,6.0,15.59,3.93,,0.12
2018-11-08 15:00:00,6.0,15.21,5.59,,0.14
2018-11-08 16:00:00,6.0,15.03,8.97,,0.14
2018-11-08 17:00:00,6.0,16.25,12.78,,0.14
2018-11-08 18:00:00,19.21,14.79,13.85,,0.23
2018-11-08 19:00:00,33.91,14.88,11.43,,0.14
2018-11-08 20:00:00,38.57,15.14,14.67,,0.13
2018-11-08 21:00:00,40.83,14.58,11.07,,0.24
2018-11-08 22:00:00,34.93,14.57,12.34,,0.21
2018-11-08 23:00:00,30.21,14.62,4.55,,0.05
2018-11-09 00:00:00,25.24,14.42,7.03,,0.13
2018-11-09 01:00:00,19.48,14.29,4.59,,0.12
2018-11-09 02:00:00,13.58,14.28,5.44,,0.05
2018-11-09 03:00:00,6.0,14.09,4.69,,0.05
2018-11-09 04:00:00,15.24,14.15,9.56,,0.05
2018-11-09 05:00:00,14.02,14.44,21.68,,0.1
2018-11-09 06:00:00,17.33,15.03,31.39,,0.32
2018-11-09 07:00:00,23.19,15.1,27.59,,0.49
2018-11-09 08:00:00,29.23,14.43,17.45,,0.17
2018-11-09 09:00:00,24.22,14.54,11.56,,0.05
2018-11-09 10:00:00,24.76,13.4,7.2,,0.05
2018-11-09 11:00:00,29.77,14.49,8.65,,0.12
2018-11-09 12:00:00,26.41,14.12,8.76,,0.13
2018-11-09 13:00:00,18.29,14.47,10.89,,0.1
2018-11-09 14:00:00,14.96,15.99,14.52,,0.1
2018-11-09 15:00:00,16.97,20.08,19.79,,0.11
2018-11-09 16:00:00,16.57,16.26,16.62,,0.11
2018-11-09 17:00:00,21.72,15.2,11.8,,0.05
2018-11-09 18:00:00,22.22,14.74,14.84,,0.05
2018-11-09 19:00:00,26.42,14.51,21.36,,0.05
2018-11-09 20:00:00,44.11,14.71,28.39,,0.2
2018-11-09 21:00:00,52.63,14.57,36.3,,0.24
2018-11-09 22:00:00,54.23,14.63,42.73,,0.45
2018-11-09 23:00:00,63.36,14.46,29.31,,0.35
2018-11-10 00:00:00,64.92,14.4,25.86,,0.27
2018-11-10 01:00:00,57.46,14.25,24.13,,0.25
2018-11-10 02:00:00,54.22,14.44,24.2,,0.41
2018-11-10 03:00:00,43.95,14.58,24.03,,0.31
2018-11-10 04:00:00,37.52,14.42,22.6,,0.22
2018-11-10 05:00:00,38.59,14.45,13.87,,0.3
2018-11-10 06:00:00,37.53,14.77,11.25,,0.27
2018-11-10 07:00:00,41.15,15.08,20.0,,0.52
2018-11-10 08:00:00,47.1,15.21,25.45,,0.33
2018-11-10 09:00:00,39.58,14.53,18.88,,0.11
2018-11-10 10:00:00,23.02,14.47,11.82,,0.22
2018-11-10 11:00:00,6.0,15.21,12.75,,0.23
2018-11-10 12:00:00,6.0,18.68,17.23,,0.11
2018-11-10 13:00:00,6.0,22.3,13.13,,0.05
2018-11-10 14:00:00,6.0,19.65,11.49,,0.05
2018-11-10 15:00:00,6.0,19.66,15.43,,0.13
2018-11-10 16:00:00,6.0,18.79,9.85,,0.05
2018-11-10 17:00:00,6.0,16.44,8.65,,0.1
2018-11-10 18:00:00,6.0,15.73,9.2,,0.05
2018-11-10 19:00:00,25.86,15.14,13.4,,0.05
2018-11-10 20:00:00,30.61,14.93,27.66,,0.24
2018-11-10 21:00:00,48.8,14.82,28.83,,0.35
2018-11-10 22:00:00,75.41,14.88,20.75,,0.33
2018-11-10 23:00:00,75.97,14.77,20.78,,0.47
2018-11-11 00:00:00,68.93,14.73,20.92,,0.47
2018-11-11 01:00:00,57.31,14.72,19.98,,
2018-11-11 02:00:00,48.72,14.58,19.55,,
2018-11-11 03:00:00,57.04,14.39,20.33,,
2018-11-11 04:00:00,54.48,14.47,16.24,,
2018-11-11 05:00:00,45.94,14.54,13.97,,
2018-11-11 06:00:00,43.61,14.66,9.6,,
2018-11-11 07:00:00,42.37,15.03,15.13,,
2018-11-11 08:00:00,30.34,25.19,21.22,,
2018-11-11 09:00:00,21.41,55.34,26.49,,
2018-11-11 10:00:00,15.44,43.77,17.99,,
2018-11-11 11:00:00,6.0,40.14,22.63,,
2018-11-11 12:00:00,12.9,22.11,10.73,,
2018-11-11 13:00:00,19.43,19.48,17.71,,
2018-11-11 14:00:00,14.42,19.13,10.55,,
2018-11-11 15:00:00,6.0,22.91,15.44,,
2018-11-11 16:00:00,6.0,18.38,13.31,,
2018-11-11 17:00:00,6.0,17.29,14.01,,
2018-11-11 18:00:00,6.0,16.73,11.68,,
2018-11-11 19:00:00,25.3,16.23,11.69,,
2018-11-11 20:00:00,37.25,15.89,14.83,,
2018-11-11 21:00:00,40.67,15.66,18.32,,
2018-11-11 22:00:00,47.29,15.18,18.55,,
2018-11-11 23:00:00,46.71,14.87,17.08,,
2018-11-12 00:00:00,41.32,14.91,17.87,,
2018-11-12 01:00:00,32.72,15.09,16.95,,
2018-11-12 02:00:00,32.7,14.51,12.49,,
2018-11-12 03:00:00,31.6,14.55,6.59,,
2018-11-12 04:00:00,24.75,14.26,11.34,,
2018-11-12 05:00:00,17.42,14.34,13.13,,
2018-11-12 06:00:00,18.9,15.21,12.15,,
2018-11-12 07:00:00,25.57,15.19,14.27,,
2018-11-12 08:00:00,35.42,14.73,16.15,,
2018-11-12 09:00:00,42.34,14.68,11.64,,
2018-11-12 10:00:00,36.66,17.84,22.96,,0.26
2018-11-12 11:00:00,34.56,32.97,54.35,,0.39
2018-11-12 12:00:00,33.42,30.69,35.37,,0.26
2018-11-12 13:00:00,27.82,20.38,19.77,,0.05
2018-11-12 14:00:00,24.69,16.65,21.01,,0.14
2018-11-12 15:00:00,27.27,16.7,15.14,,0.05
2018-11-12 16:00:00,23.89,16.04,9.1,,0.05
2018-11-12 17:00:00,19.83,16.2,15.1,,0.12
2018-11-12 18:00:00,36.06,15.51,17.52,,0.14
2018-11-12 19:00:00,54.17,15.25,19.27,,0.11
2018-11-12 20:00:00,52.78,15.0,19.18,,0.15
2018-11-12 21:00:00,45.29,14.99,17.49,,0.1
2018-11-12 22:00:00,44.15,14.91,17.48,,0.34
2018-11-12 23:00:00,40.94,14.9,19.78,,0.34
2018-11-13 00:00:00,40.36,14.62,14.74,,0.25
2018-11-13 01:00:00,31.61,14.33,11.96,,0.14
2018-11-13 02:00:00,21.74,14.01,11.71,,0.05
2018-11-13 03:00:00,19.89,14.03,11.21,,0.05
2018-11-13 04:00:00,16.91,14.01,13.12,,0.05
2018-11-13 05:00:00,21.77,14.31,16.86,,0.05
2018-11-13 06:00:00,24.74,14.98,19.47,,0.3
2018-11-13 07:00:00,29.85,15.04,19.92,,0.55
2018-11-13 08:00:00,50.62,14.97,25.79,,0.38
2018-11-13 09:00:00,54.49,15.42,31.48,,0.31
2018-11-13 10:00:00,47.81,14.93,17.72,,0.14
2018-11-13 11:00:00,34.1,14.59,20.14,,0.13
2018-11-13 12:00:00,23.16,14.73,18.19,,0.18
2018-11-13 13:00:00,18.99,14.49,18.75,,0.14
2018-11-13 14:00:00,19.06,14.41,21.29,,0.05
2018-11-13 15:00:00,16.07,14.59,26.25,,0.19
2018-11-13 16:00:00,6.0,17.17,44.0,,0.22
2018-11-13 17:00:00,14.98,15.23,51.46,,0.45
2018-11-13 18:00:00,24.83,14.66,39.23,,0.19
2018-11-13 19:00:00,41.99,14.53,31.76,,0.05
2018-11-13 20:00:00,49.49,14.65,54.52,,0.23
2018-11-13 21:00:00,40.94,14.22,40.0,,0.11
2018-11-13 22:00:00,28.99,14.33,38.89,,0.12
2018-11-13 23:00:00,23.06,14.66,35.9,,0.2
2018-11-14 00:00:00,21.61,14.82,25.56,,0.05
2018-11-14 01:00:00,21.01,14.32,31.76,,0.05
2018-11-14 02:00:00,21.67,14.55,12.34,,0.1
2018-11-14 03:00:00,16.24,12.65,9.51,,0.16
2018-11-14 04:00:00,6.0,15.19,3.06,,0.05
2018-11-14 05:00:00,6.0,14.7,24.05,,0.11
2018-11-14 06:00:00,6.0,15.1,36.47,,0.3
2018-11-14 07:00:00,6.0,15.31,31.19,,0.65
2018-11-14 08:00:00,16.16,14.94,35.24,,0.74
2018-11-14 09:00:00,17.49,14.66,37.0,,0.5
2018-11-14 10:00:00,16.87,16.83,33.57,,0.18
2018-11-14 11:00:00,22.86,27.23,37.13,,0.24
2018-11-14 12:00:00,23.81,19.97,23.24,,0.34
2018-11-14 13:00:00,21.45,33.58,38.3,,0.42
2018-11-14 14:00:00,18.93,28.64,22.55,,0.37
2018-11-14 15:00:00,14.93,20.09,24.75,,0.24
2018-11-14 16:00:00,6.0,19.76,42.31,,0.38
2018-11-14 17:00:00,6.0,27.17,30.2,,0.36
2018-11-14 18:00:00,6.0,22.49,29.8,,0.59
2018-11-14 19:00:00,12.84,26.85,36.27,,0.56
2018-11-14 20:00:00,6.0,26.72,38.51,,0.5
2018-11-14 21:00:00,13.99,19.46,44.34,,0.49
2018-11-14 22:00:00,12.07,18.12,38.11,,0.64
2018-11-14 23:00:00,16.88,16.33,29.76,,0.44
2018-11-15 00:00:00,21.42,15.9,27.17,,0.34
2018-11-15 01:00:00,21.97,15.6,22.84,,0.61
2018-11-15 02:00:00,22.92,15.44,21.06,,0.16
2018-11-15 03:00:00,16.65,15.25,18.99,,0.4
2018-11-15 04:00:00,12.28,15.08,17.42,,0.56
2018-11-15 05:00:00,16.04,14.75,19.0,,0.34
2018-11-15 06:00:00,15.07,15.04,24.52,,0.29
2018-11-15 07:00:00,14.98,17.77,22.05,,0.45
2018-11-15 08:00:00,18.11,30.66,29.58,,0.2
2018-11-15 09:00:00,14.31,17.76,12.7,,0.15
2018-11-15 10:00:00,6.0,17.47,13.07,,0.16
2018-11-15 11:00:00,6.0,17.24,12.18,,0.26
2018-11-15 12:00:00,6.0,18.28,10.92,,0.24
2018-11-15 13:00:00,6.0,17.11,6.56,,0.31
2018-11-15 14:00:00,6.0,15.95,6.71,,0.25
2018-11-15 15:00:00,6.0,15.64,6.71,,0.29
2018-11-15 16:00:00,6.0,15.55,7.58,,0.32
2018-11-15 17:00:00,6.0,14.95,8.49,,0.3
2018-11-15 18:00:00,6.0,15.4,16.88,,0.28
2018-11-15 19:00:00,6.0,15.75,31.13,,0.44
2018-11-15 20:00:00,12.7,16.17,53.88,,0.63
2018-11-15 21:00:00,29.55,15.81,46.08,,0.59
2018-11-15 22:00:00,42.25,15.5,33.17,,0.63
2018-11-15 23:00:00,54.16,15.51,33.83,,0.68
2018-11-16 00:00:00,59.0,15.33,25.18,,0.42
2018-11-16 01:00:00,53.51,14.74,24.87,,0.31
2018-11-16 02:00:00,47.47,14.9,29.83,,0.4
2018-11-16 03:00:00,42.66,14.8,24.32,,0.35
2018-11-16 04:00:00,41.09,14.86,15.95,,0.43
2018-11-16 05:00:00,45.78,15.83,,,0.63
2018-11-16 06:00:00,46.37,15.81,9.04,,0.62
2018-11-16 07:00:00,52.69,15.84,36.9,,0.9
2018-11-16 08:00:00,50.8,15.75,47.5,,0.32
2018-11-16 09:00:00,40.12,34.48,73.88,,0.31
2018-11-16 10:00:00,31.61,22.93,42.99,,0.23
2018-11-16 11:00:00,25.34,16.06,20.11,,0.25
2018-11-16 12:00:00,21.25,16.37,17.71,,0.26
2018-11-16 13:00:00,17.72,15.32,8.31,,0.23
2018-11-16 14:00:00,18.21,15.45,7.71,,0.14
2018-11-16 15:00:00,15.91,15.59,6.26,,0.05
2018-11-16 16:00:00,6.0,15.68,5.64,,0.05
2018-11-16 17:00:00,12.47,14.83,6.17,,0.15
2018-11-16 18:00:00,19.17,14.93,7.45,,0.22
2018-11-16 19:00:00,24.5,15.36,9.86,,0.19
2018-11-16 20:00:00,30.44,16.0,12.62,,0.22
2018-11-16 21:00:00,28.21,16.88,8.46,,0.27
2018-11-16 22:00:00,26.01,15.83,8.68,,0.24
2018-11-16 23:00:00,32.22,15.44,5.89,,0.19
2018-11-17 00:00:00,25.98,15.52,4.82,,0.14
2018-11-17 01:00:00,20.41,15.02,7.84,,0.1
2018-11-17 02:00:00,17.21,14.64,8.18,,0.14
2018-11-17 03:00:00,6.0,14.58,9.94,,0.12
2018-11-17 04:00:00,16.35,14.67,13.6,,0.13
2018-11-17 05:00:00,15.56,14.47,18.62,,0.22
2018-11-17 06:00:00,6.0,14.83,20.94,,0.32
2018-11-17 07:00:00,21.0,15.21,17.85,,0.33
2018-11-17 08:00:00,25.56,15.58,12.25,,0.31
2018-11-17 09:00:00,23.83,15.16,8.66,,0.26
2018-11-17 10:00:00,17.5,15.2,10.51,,0.33
2018-11-17 11:00:00,15.35,15.14,9.25,,0.25
2018-11-17 12:00:00,16.34,15.12,9.56,,0.24
2018-11-17 13:00:00,14.74,14.77,9.51,,0.28
2018-11-17 14:00:00,18.11,14.7,13.53,,0.34
2018-11-17 15:00:00,20.19,14.82,13.36,,0.26
2018-11-17 16:00:00,18.85,14.51,10.06,,0.12
2018-11-17 17:00:00,24.29,14.45,12.2,,0.11
2018-11-17 18:00:00,33.47,14.5,14.04,,0.28
2018-11-17 19:00:00,42.72,14.95,23.99,,0.66
2018-11-17 20:00:00,48.03,14.77,25.94,,0.77
2018-11-17 21:00:00,54.66,14.62,16.42,,0.62
2018-11-17 22:00:00,59.17,14.38,10.15,,0.28
2018-11-17 23:00:00,49.18,14.33,8.15,,0.12
2018-11-18 00:00:00,34.78,14.0,13.66,,0.16
2018-11-18 01:00:00,23.91,14.05,9.16,,0.18
2018-11-18 02:00:00,14.22,14.15,6.58,,0.05
2018-11-18 03:00:00,18.38,14.32,5.16,,0.12
2018-11-18 04:00:00,17.73,14.41,3.34,,0.05
2018-11-18 05:00:00,6.0,14.05,8.03,,0.24
2018-11-18 06:00:00,6.0,14.32,20.38,,0.23
2018-11-18 07:00:00,6.0,14.17,16.43,,0.05
2018-11-18 08:00:00,6.0,14.2,15.05,,0.05
2018-11-18 09:00:00,6.0,14.21,19.5,,0.14
2018-11-18 10:00:00,13.41,14.09,8.54,,0.11
2018-11-18 11:00:00,17.46,14.04,5.98,,0.12
2018-11-18 12:00:00,14.59,14.1,5.32,,0.15
2018-11-18 13:00:00,6.0,14.0,5.33,,0.05
2018-11-18 14:00:00,6.0,14.16,6.47,,0.12
2018-11-18 15:00:00,6.0,14.23,12.7,,0.22
2018-11-18 17:00:00,6.0,14.34,6.16,,0.1
2018-11-18 18:00:00,6.0,14.14,4.91,,0.11
2018-11-18 19:00:00,,14.14,12.41,,0.13
2018-11-18 20:00:00,6.0,14.26,17.59,,0.24
2018-11-18 21:00:00,6.0,14.55,28.05,,0.3
2018-11-18 22:00:00,14.65,14.47,23.65,,0.3
2018-11-18 23:00:00,18.76,14.0,23.99,,0.24
2018-11-19 00:00:00,24.48,14.25,20.11,,0.2
2018-11-19 01:00:00,24.49,14.32,13.96,,0.1
2018-11-19 02:00:00,17.03,14.06,3.48,,0.05
2018-11-19 03:00:00,12.54,14.02,0.47,,0.05
2018-11-19 04:00:00,6.0,14.28,4.65,,0.05
2018-11-19 05:00:00,6.0,14.63,14.7,,0.14
2018-11-19 06:00:00,6.0,14.95,25.61,,0.26
2018-11-19 07:00:00,6.0,15.38,22.44,,0.38
2018-11-19 08:00:00,16.89,14.78,10.2,,0.19
2018-11-19 09:00:00,19.87,14.5,3.99,,0.05
2018-11-19 10:00:00,13.41,14.29,6.24,,0.1
2018-11-19 11:00:00,14.63,14.3,11.25,,0.16
2018-11-19 12:00:00,15.64,14.4,8.4,,0.05
2018-11-19 13:00:00,6.0,14.56,7.15,,0.11
2018-11-19 14:00:00,6.0,14.31,7.09,,0.1
2018-11-19 15:00:00,6.0,14.52,12.26,,0.18
2018-11-19 16:00:00,6.0,14.58,16.39,,0.15
2018-11-19 17:00:00,6.0,14.69,19.97,,0.21
2018-11-19 18:00:00,6.0,14.71,10.9,,0.12
2018-11-19 19:00:00,13.63,15.15,8.73,,0.12
2018-11-19 20:00:00,15.42,15.25,8.01,,0.14
2018-11-19 21:00:00,23.25,14.61,8.44,,0.11
2018-11-19 22:00:00,22.27,14.78,6.76,,0.16
2018-11-19 23:00:00,17.57,14.5,7.22,,0.16
2018-11-20 00:00:00,17.1,14.55,8.76,,0.15
2018-11-20 01:00:00,22.38,14.3,8.37,,0.11
2018-11-20 02:00:00,19.72,14.25,6.13,,0.1
2018-11-20 03:00:00,12.95,14.03,4.81,,0.14
2018-11-20 04:00:00,6.0,14.27,7.18,,0.17
2018-11-20 05:00:00,6.0,14.5,12.91,,0.18
2018-11-20 06:00:00,6.0,15.2,17.06,,0.48
2018-11-20 07:00:00,16.22,15.25,19.65,,0.63
2018-11-20 08:00:00,27.35,15.33,15.34,,0.25
2018-11-20 09:00:00,28.66,14.91,12.15,,0.23
2018-11-20 10:00:00,20.32,14.81,13.58,,0.21
2018-11-20 11:00:00,21.45,15.5,11.97,,0.21
2018-11-20 12:00:00,22.27,15.32,10.26,,0.11
2018-11-20 13:00:00,19.47,15.22,11.19,,0.16
2018-11-20 14:00:00,21.44,15.08,11.37,,0.17
2018-11-20 15:00:00,17.46,14.67,8.12,,0.12
2018-11-20 17:00:00,6.0,14.87,13.06,,0.13
2018-11-20 18:00:00,15.95,15.34,11.61,,0.22
2018-11-20 19:00:00,21.11,15.44,14.36,,0.15
2018-11-20 20:00:00,21.33,15.29,17.72,,0.21
2018-11-20 21:00:00,25.43,14.63,25.27,,0.22
2018-11-20 22:00:00,31.64,14.75,32.61,,0.34
2018-11-20 23:00:00,38.32,14.68,31.65,,0.29
2018-11-21 00:00:00,46.92,14.4,23.33,,0.34
2018-11-21 01:00:00,45.36,14.16,20.16,,0.2
2018-11-21 02:00:00,36.95,14.25,17.48,,0.05
2018-11-21 03:00:00,32.1,14.33,15.15,,0.05
2018-11-21 04:00:00,32.57,13.93,16.23,,0.05
2018-11-21 05:00:00,29.94,14.8,11.03,,0.16
2018-11-21 06:00:00,29.88,15.55,,,0.25
2018-11-21 07:00:00,36.99,15.64,15.85,,0.52
2018-11-21 08:00:00,45.15,17.95,31.95,,0.35
2018-11-21 09:00:00,43.41,17.37,43.21,,0.29
2018-11-21 10:00:00,35.37,16.28,23.44,,0.21
2018-11-21 11:00:00,29.46,15.87,13.69,,0.13
2018-11-21 12:00:00,27.17,15.81,17.21,,0.17
2018-11-21 13:00:00,28.78,15.58,8.6,,0.05
2018-11-21 14:00:00,26.24,15.13,7.13,,0.05
2018-11-21 15:00:00,16.19,15.08,12.61,,0.05
2018-11-21 16:00:00,6.0,15.16,13.02,,0.05
2018-11-21 17:00:00,6.0,16.15,12.92,,0.05
2018-11-21 18:00:00,12.86,16.31,15.75,,0.05
2018-11-21 19:00:00,28.53,15.87,22.74,,0.12
2018-11-21 20:00:00,31.49,15.3,19.31,,0.14
2018-11-21 21:00:00,37.13,15.34,25.2,,0.14
2018-11-21 22:00:00,37.74,15.25,33.13,,0.25
2018-11-21 23:00:00,38.29,15.34,26.76,,0.13
2018-11-22 00:00:00,37.85,15.0,19.55,,0.05
2018-11-22 01:00:00,37.0,15.1,19.0,,0.05
2018-11-22 02:00:00,31.91,14.44,17.87,,0.05
2018-11-22 03:00:00,33.93,15.24,19.56,,0.1
2018-11-22 04:00:00,36.91,14.65,15.87,,0.05
2018-11-22 05:00:00,36.18,14.94,12.51,,0.16
2018-11-22 06:00:00,33.39,15.85,7.53,,0.43
2018-11-22 07:00:00,35.53,16.18,18.14,,0.61
2018-11-22 08:00:00,42.27,15.77,40.22,,0.43
2018-11-22 09:00:00,44.74,15.23,15.49,,0.21
2018-11-22 10:00:00,32.18,15.41,13.93,,0.18
2018-11-22 11:00:00,16.3,15.69,16.46,,0.18
2018-11-22 12:00:00,6.0,14.93,13.6,,0.14
2018-11-22 13:00:00,6.0,14.63,10.86,,0.05
2018-11-22 14:00:00,6.0,15.38,13.62,,0.05
2018-11-22 15:00:00,6.0,17.84,10.68,,0.05
2018-11-22 16:00:00,,,,,
2018-11-22 17:00:00,26.17,15.35,14.57,,0.05
2018-11-22 18:00:00,28.93,15.18,21.6,,0.16
2018-11-22 19:00:00,31.16,14.97,18.65,,0.05
2018-11-22 20:00:00,35.7,14.71,23.71,,0.19
2018-11-22 21:00:00,46.82,14.75,26.19,,0.23
2018-11-22 22:00:00,47.24,15.71,30.93,,0.36
2018-11-22 23:00:00,43.94,15.52,18.19,,0.12
2018-11-23 00:00:00,42.26,14.97,18.79,,0.17
2018-11-23 01:00:00,32.77,14.58,18.64,,0.12
2018-11-23 02:00:00,26.84,14.57,14.04,,0.21
2018-11-23 03:00:00,23.62,14.52,13.35,,0.18
2018-11-23 04:00:00,16.75,14.67,14.46,,0.25
2018-11-23 05:00:00,15.28,14.34,15.84,,0.28
2018-11-23 06:00:00,15.29,14.68,13.08,,0.35
2018-11-23 07:00:00,16.64,14.99,15.76,,0.54
2018-11-23 08:00:00,23.15,15.29,26.25,,0.52
2018-11-23 09:00:00,24.3,15.28,37.42,,0.49
2018-11-23 10:00:00,26.03,15.42,27.75,,0.41
2018-11-23 11:00:00,28.41,14.63,24.18,,0.35
2018-11-23 12:00:00,26.35,15.09,20.01,,0.27
2018-11-23 13:00:00,23.8,14.81,19.81,,0.22
2018-11-23 14:00:00,24.28,14.87,12.98,,0.17
2018-11-23 15:00:00,23.88,14.79,7.57,,0.05
2018-11-23 16:00:00,19.36,15.03,14.68,,0.18
2018-11-23 17:00:00,23.38,14.81,19.22,,0.16
2018-11-23 18:00:00,26.35,14.67,21.88,,0.19
2018-11-23 19:00:00,35.63,14.73,23.3,,0.29
2018-11-23 20:00:00,39.8,14.68,20.01,,0.27
2018-11-23 21:00:00,42.89,15.02,30.07,,0.41
2018-11-23 22:00:00,43.91,15.98,22.37,,0.24
2018-11-23 23:00:00,29.62,15.18,14.49,,0.22
2018-11-24 00:00:00,15.42,14.46,15.61,,0.25
2018-11-24 01:00:00,6.0,14.43,19.37,,0.22
2018-11-24 02:00:00,12.16,14.35,13.34,,0.22
2018-11-24 03:00:00,12.48,14.64,5.8,,0.26
2018-11-24 04:00:00,6.0,14.84,3.83,,0.24
2018-11-24 05:00:00,6.0,15.56,2.92,,0.25
2018-11-24 06:00:00,6.0,14.83,6.28,,0.26
2018-11-24 07:00:00,6.0,15.09,9.46,,0.31
2018-11-24 08:00:00,6.0,14.67,13.52,,0.34
2018-11-24 09:00:00,6.0,14.39,14.88,,0.34
2018-11-24 10:00:00,6.0,14.39,17.52,,0.36
2018-11-24 11:00:00,6.0,14.62,16.9,,0.38
2018-11-24 12:00:00,6.0,14.22,7.8,,0.25
2018-11-24 13:00:00,6.0,14.47,9.49,,0.25
2018-11-24 14:00:00,6.0,14.45,7.6,,0.12
2018-11-24 15:00:00,6.0,14.48,5.64,,0.05
2018-11-24 16:00:00,6.0,14.25,12.51,,0.13
2018-11-24 17:00:00,6.0,14.32,13.14,,0.25
2018-11-24 18:00:00,6.0,14.68,25.52,,0.28
2018-11-24 19:00:00,6.0,14.43,21.69,,0.25
2018-11-24 20:00:00,6.0,14.25,20.41,,0.24
2018-11-24 21:00:00,6.0,14.14,20.71,,0.58
2018-11-24 22:00:00,18.47,14.62,19.83,,0.67
2018-11-24 23:00:00,26.44,14.18,13.77,,0.31
2018-11-25 00:00:00,21.88,14.33,10.59,,0.28
2018-11-25 01:00:00,12.95,14.27,8.92,,0.05
2018-11-25 02:00:00,6.0,14.26,6.15,,0.05
2018-11-25 03:00:00,6.0,14.17,5.14,,0.15
2018-11-25 04:00:00,6.0,14.25,7.06,,0.11
2018-11-25 05:00:00,6.0,14.13,12.95,,0.05
2018-11-25 06:00:00,6.0,14.1,9.73,,0.12
2018-11-25 07:00:00,6.0,14.55,4.48,,0.11
2018-11-25 08:00:00,6.0,14.7,5.8,,0.05
2018-11-25 09:00:00,6.0,15.5,7.18,,0.05
2018-11-25 10:00:00,6.0,15.28,3.83,,0.12
2018-11-25 11:00:00,6.0,14.81,4.3,,0.1
2018-11-25 12:00:00,6.0,15.16,4.25,,0.24
2018-11-25 13:00:00,6.0,15.68,4.28,,0.16
2018-11-25 14:00:00,6.0,14.62,3.17,,0.17
2018-11-25 15:00:00,6.0,14.35,3.69,,0.18
2018-11-25 16:00:00,6.0,14.18,3.76,,0.19
2018-11-25 17:00:00,6.0,14.13,4.33,,0.21
2018-11-25 18:00:00,6.0,14.45,5.12,,0.25
2018-11-25 19:00:00,,14.67,7.65,,0.23
2018-11-25 20:00:00,6.0,14.71,15.34,,0.29
2018-11-25 21:00:00,6.0,14.76,27.12,,0.41
2018-11-25 22:00:00,16.91,14.92,13.6,,0.28
2018-11-25 23:00:00,27.67,14.71,7.84,,0.18
2018-11-26 00:00:00,23.76,14.44,4.37,,0.16
2018-11-26 01:00:00,13.38,14.24,3.96,,0.14
2018-11-26 02:00:00,6.0,14.36,4.43,,0.05
2018-11-26 03:00:00,6.0,14.45,5.33,,0.05
2018-11-26 04:00:00,6.0,14.29,6.69,,0.05
2018-11-26 05:00:00,6.0,14.82,9.25,,0.1
2018-11-26 06:00:00,15.02,16.01,12.21,,0.3
2018-11-26 07:00:00,18.45,15.79,20.95,,0.43
2018-11-26 08:00:00,23.76,15.49,24.78,,0.24
2018-11-26 09:00:00,24.72,15.42,20.05,,0.14
2018-11-26 10:00:00,16.12,16.34,9.27,,0.05
2018-11-26 11:00:00,20.97,15.73,7.09,,0.05
2018-11-26 12:00:00,19.62,15.7,6.62,,0.05
2018-11-26 13:00:00,6.0,16.25,3.83,,0.05
2018-11-26 14:00:00,6.0,16.01,2.62,,0.05
2018-11-26 15:00:00,13.2,15.27,1.67,,0.05
2018-11-26 17:00:00,6.0,15.64,3.51,,0.05
2018-11-26 18:00:00,6.0,15.51,4.14,,0.05
2018-11-26 19:00:00,15.48,15.53,4.83,,0.05
2018-11-26 20:00:00,16.65,15.75,7.19,,0.05
2018-11-26 21:00:00,16.63,15.51,8.35,,0.05
2018-11-26 22:00:00,23.63,14.87,6.66,,0.05
2018-11-26 23:00:00,26.92,14.62,7.51,,0.05
2018-11-27 00:00:00,24.42,14.6,9.4,,0.05
2018-11-27 01:00:00,21.49,14.48,14.0,,0.05
2018-11-27 02:00:00,21.0,14.6,10.99,,0.05
2018-11-27 03:00:00,17.03,14.22,11.06,,0.1
2018-11-27 04:00:00,16.93,14.44,9.91,,0.05
2018-11-27 05:00:00,19.22,15.0,17.2,,0.12
2018-11-27 06:00:00,23.34,14.99,21.09,,0.19
2018-11-27 07:00:00,24.24,15.02,22.55,,0.27
2018-11-27 08:00:00,25.71,14.98,15.75,,0.14
2018-11-27 09:00:00,19.69,15.38,6.41,,0.05
2018-11-27 10:00:00,17.47,16.38,5.23,,0.05
2018-11-27 11:00:00,18.32,16.32,5.51,,0.05
2018-11-27 12:00:00,15.87,16.82,4.69,,0.05
2018-11-27 13:00:00,15.03,15.63,3.99,,0.05
2018-11-27 14:00:00,23.13,14.74,5.79,,0.05
2018-11-27 15:00:00,20.77,14.81,7.62,,0.05
2018-11-27 16:00:00,12.64,15.22,6.99,,0.05
2018-11-27 17:00:00,17.02,15.5,7.09,,0.05
2018-11-27 18:00:00,24.85,15.82,9.24,,0.05
2018-11-27 19:00:00,27.73,15.47,8.16,,0.05
2018-11-27 20:00:00,27.61,15.73,8.64,,0.05
2018-11-27 21:00:00,23.62,15.26,9.38,,0.05
2018-11-27 22:00:00,22.47,14.73,10.18,,0.05
2018-11-27 23:00:00,25.57,14.47,11.23,,0.05
2018-11-28 00:00:00,19.61,14.61,8.71,,0.05
2018-11-28 01:00:00,6.0,14.57,5.07,,0.05
2018-11-28 02:00:00,13.77,14.58,7.15,,0.05
2018-11-28 03:00:00,17.9,14.29,4.55,,0.05
2018-11-28 04:00:00,13.62,14.31,7.03,,0.05
2018-11-28 05:00:00,6.0,14.55,15.18,,0.05
2018-11-28 06:00:00,16.77,15.73,23.33,,0.32
2018-11-28 07:00:00,20.71,16.05,22.62,,0.66
2018-11-28 08:00:00,30.3,15.28,26.4,,0.19
2018-11-28 09:00:00,41.31,14.84,17.36,,0.05
2018-11-28 10:00:00,43.45,18.06,19.97,,0.1
2018-11-28 11:00:00,34.72,20.57,47.26,,0.25
2018-11-28 12:00:00,34.0,17.5,41.33,,0.28
2018-11-28 13:00:00,35.28,16.3,25.87,,0.19
2018-11-28 14:00:00,26.21,16.03,29.7,,0.26
2018-11-28 15:00:00,25.44,15.59,22.27,,0.26
2018-11-28 17:00:00,18.15,15.65,29.03,,0.35
2018-11-28 18:00:00,14.35,15.4,26.56,,0.42
2018-11-28 19:00:00,22.63,15.19,25.37,,0.29
2018-11-28 20:00:00,34.03,14.98,32.65,,0.35
2018-11-28 21:00:00,39.79,15.06,27.22,,0.36
2018-11-28 22:00:00,35.73,15.4,22.32,,0.19
2018-11-28 23:00:00,31.79,14.96,18.54,,0.16
2018-11-29 00:00:00,31.61,14.31,18.68,,0.05
2018-11-29 01:00:00,24.67,14.31,15.96,,0.1
2018-11-29 02:00:00,26.83,14.33,22.49,,0.16
2018-11-29 03:00:00,28.07,14.2,20.46,,0.16
2018-11-29 04:00:00,26.55,14.35,13.67,,0.11
2018-11-29 05:00:00,22.89,14.79,11.51,,0.2
2018-11-29 06:00:00,22.88,15.35,,,0.42
2018-11-29 07:00:00,25.69,15.84,31.4,,0.71
2018-11-29 08:00:00,25.21,26.0,88.37,,0.48
2018-11-29 09:00:00,22.28,21.26,26.27,,0.28
2018-11-29 10:00:00,14.66,18.34,15.96,,0.25
2018-11-29 11:00:00,13.32,17.83,18.52,,0.23
2018-11-29 12:00:00,15.55,17.34,15.43,,0.27
2018-11-29 13:00:00,6.0,15.87,18.2,,0.24
2018-11-29 14:00:00,6.0,16.26,17.04,,0.23
2018-11-29 15:00:00,6.0,16.54,15.34,,0.19
2018-11-29 16:00:00,6.0,16.1,22.69,,0.32
2018-11-29 17:00:00,6.0,16.22,26.03,,0.36
2018-11-29 18:00:00,6.0,16.27,18.53,,0.23
2018-11-29 19:00:00,6.0,15.67,17.17,,0.23
2018-11-29 20:00:00,6.0,15.76,16.42,,0.28
2018-11-29 21:00:00,24.44,15.68,23.46,,0.26
2018-11-29 22:00:00,31.09,15.5,17.23,,0.3
2018-11-29 23:00:00,31.42,15.29,13.9,,0.31
2018-11-30 00:00:00,27.33,14.75,10.22,,0.37
2018-11-30 01:00:00,17.98,14.78,8.5,,0.27
2018-11-30 02:00:00,22.92,14.75,7.23,,0.17
2018-11-30 03:00:00,24.32,14.63,8.76,,0.24
2018-11-30 04:00:00,25.53,14.68,10.78,,0.18
2018-11-30 05:00:00,24.43,14.84,18.61,,0.26
2018-11-30 06:00:00,23.14,14.94,27.99,,0.49
2018-11-30 07:00:00,27.07,14.87,28.26,,0.7
2018-11-30 08:00:00,32.02,14.85,31.03,,0.44
2018-11-30 09:00:00,34.06,14.78,35.5,,0.46
2018-11-30 10:00:00,29.93,14.82,47.08,,0.56
2018-11-30 11:00:00,35.97,14.81,50.01,,0.67
2018-11-30 12:00:00,35.79,14.68,24.5,,0.46
2018-11-30 13:00:00,24.12,14.73,20.92,,0.25
2018-11-30 14:00:00,15.55,15.07,23.22,,0.2
2018-11-30 15:00:00,12.58,15.07,21.49,,0.23
2018-11-30 16:00:00,6.0,16.08,19.75,,0.12
2018-11-30 17:00:00,6.0,16.45,20.82,,0.17
2018-11-30 18:00:00,6.0,16.1,21.81,,0.17
2018-11-30 19:00:00,6.0,15.01,18.13,,0.13
2018-11-30 20:00:00,20.47,14.83,19.87,,0.31
2018-11-30 21:00:00,26.01,14.75,20.01,,0.43
2018-11-30 22:00:00,26.75,14.62,17.24,,0.3
2018-11-30 23:00:00,29.02,14.73,16.61,,0.33
2018-12-01 00:00:00,26.57,14.78,13.04,,0.26
2018-12-01 01:00:00,25.25,14.82,11.68,,0.21
2018-12-01 02:00:00,18.24,14.82,15.42,,0.19
2018-12-01 03:00:00,15.29,14.81,12.23,,0.21
2018-12-01 04:00:00,14.74,14.85,11.67,,0.24
2018-12-01 05:00:00,13.46,14.83,14.09,,0.18
2018-12-01 06:00:00,21.46,14.8,16.56,,0.3
2018-12-01 07:00:00,25.79,14.81,11.81,,0.26
2018-12-01 08:00:00,23.81,14.84,13.64,,0.35
2018-12-01 09:00:00,21.54,14.74,23.74,,0.28
2018-12-01 10:00:00,22.08,14.83,11.21,,0.18
2018-12-01 11:00:00,18.6,14.73,11.73,,0.21
2018-12-01 12:00:00,14.66,14.79,7.53,,0.12
2018-12-01 13:00:00,6.0,16.39,10.41,,0.1
2018-12-01 14:00:00,6.0,15.3,20.37,,0.13
2018-12-01 15:00:00,6.0,14.82,15.35,,0.27
2018-12-01 16:00:00,6.0,14.84,13.1,,0.27
2018-12-01 17:00:00,6.0,14.83,10.96,,0.26
2018-12-01 18:00:00,6.0,14.83,11.15,,0.2
2018-12-01 19:00:00,13.11,14.85,13.83,,0.26
2018-12-01 20:00:00,6.0,14.81,15.74,,0.3
2018-12-01 21:00:00,14.47,14.81,14.34,,0.3
2018-12-01 22:00:00,14.38,14.89,12.05,,0.24
2018-12-01 23:00:00,14.36,14.81,5.32,,0.12
2018-12-02 00:00:00,6.0,14.83,3.64,,0.11
2018-12-02 01:00:00,6.0,14.82,2.71,,0.1
2018-12-02 02:00:00,6.0,14.82,1.9,,0.05
2018-12-02 03:00:00,6.0,14.8,2.84,,0.05
2018-12-02 04:00:00,6.0,14.82,3.02,,0.05
2018-12-02 05:00:00,6.0,14.91,1.07,,0.05
2018-12-02 06:00:00,6.0,15.07,0.47,,0.05
2018-12-02 07:00:00,6.0,14.98,2.23,,0.05
2018-12-02 08:00:00,6.0,14.87,2.71,,0.05
2018-12-02 09:00:00,6.0,14.84,2.41,,0.05
2018-12-02 10:00:00,6.0,14.86,3.48,,0.05
2018-12-02 11:00:00,6.0,14.82,3.49,,0.05
2018-12-02 12:00:00,6.0,14.72,2.45,,0.11
2018-12-02 13:00:00,6.0,14.9,2.83,,0.1
2018-12-02 14:00:00,6.0,14.81,3.89,,0.05
2018-12-02 15:00:00,6.0,14.83,1.99,,0.12
2018-12-02 16:00:00,6.0,14.81,3.35,,0.13
2018-12-02 17:00:00,6.0,14.84,2.48,,0.05
2018-12-02 18:00:00,6.0,14.83,3.16,,0.05
2018-12-02 19:00:00,15.3,14.85,6.76,,0.11
2018-12-02 20:00:00,19.18,14.84,11.45,,0.27
2018-12-02 21:00:00,22.35,14.88,19.28,,0.28
2018-12-02 22:00:00,33.48,14.8,15.48,,0.25
2018-12-02 23:00:00,33.62,14.82,16.6,,0.19
2018-12-03 00:00:00,27.22,14.84,11.35,,0.21
2018-12-03 01:00:00,23.01,15.03,4.34,,0.12
2018-12-03 02:00:00,15.18,14.94,2.52,,0.05
2018-12-03 03:00:00,6.0,14.85,3.86,,0.13
2018-12-03 04:00:00,13.91,14.86,6.8,,0.11
2018-12-03 05:00:00,22.47,14.85,9.75,,0.23
2018-12-03 06:00:00,20.82,15.45,10.21,,0.67
2018-12-03 07:00:00,19.44,15.49,24.29,,0.68
2018-12-03 08:00:00,21.37,19.96,21.52,,0.25
2018-12-03 09:00:00,24.52,25.0,20.38,,0.3
2018-12-03 10:00:00,18.46,24.92,18.26,,0.13
2018-12-03 11:00:00,15.18,19.45,21.05,,0.14
2018-12-03 12:00:00,20.01,18.8,17.69,,0.12
2018-12-03 13:00:00,16.35,17.17,9.97,,0.05
2018-12-03 14:00:00,,16.3,,,0.44
2018-12-03 15:00:00,,,,,0.05
2018-12-03 16:00:00,,15.33,,,0.05
2018-12-03 17:00:00,,14.69,11.92,,0.05
2018-12-03 18:00:00,,15.98,20.17,,0.05
2018-12-03 19:00:00,6.0,15.37,31.79,,0.05
2018-12-03 20:00:00,6.0,15.28,46.17,,0.43
2018-12-03 21:00:00,12.79,16.81,51.1,,0.32
2018-12-03 22:00:00,40.47,15.95,43.09,,0.4
2018-12-03 23:00:00,49.25,15.64,30.52,,0.51
2018-12-04 00:00:00,54.8,15.28,49.2,,0.56
2018-12-04 01:00:00,50.34,15.17,53.05,,0.35
2018-12-04 02:00:00,40.7,15.15,49.11,,0.29
2018-12-04 03:00:00,38.67,15.15,43.1,,0.22
2018-12-04 04:00:00,25.9,15.13,29.41,,0.14
2018-12-04 05:00:00,21.29,15.49,32.36,,0.17
2018-12-04 06:00:00,28.66,16.8,29.67,,0.44
2018-12-04 07:00:00,25.26,22.88,37.88,,0.64
2018-12-04 08:00:00,35.28,19.5,37.21,,0.29
2018-12-04 09:00:00,29.12,,28.43,,0.13
2018-12-04 10:00:00,30.75,,19.93,,0.05
2018-12-04 11:00:00,25.18,14.94,17.9,,0.05
2018-12-04 12:00:00,17.95,26.59,21.53,,0.05
2018-12-04 13:00:00,16.63,13.19,14.16,,0.05
2018-12-04 14:00:00,6.0,19.21,25.6,,0.05
2018-12-04 15:00:00,,14.64,17.34,,0.05
2018-12-04 16:00:00,,35.13,20.19,,0.05
2018-12-04 17:00:00,,47.21,36.98,,0.05
2018-12-04 18:00:00,6.0,18.64,45.66,,
2018-12-04 19:00:00,6.0,12.23,38.0,,
2018-12-04 20:00:00,14.41,13.35,41.65,,
2018-12-04 21:00:00,21.15,13.58,,,
2018-12-04 22:00:00,28.56,11.26,,,
2018-12-04 23:00:00,21.67,14.48,40.58,,
2018-12-05 00:00:00,21.49,12.53,,,
2018-12-05 01:00:00,20.88,9.83,,,
2018-12-05 02:00:00,16.49,9.91,,,
2018-12-05 03:00:00,19.32,10.96,,,
2018-12-05 04:00:00,6.0,11.09,,,
2018-12-05 05:00:00,6.0,9.1,29.47,,
2018-12-05 06:00:00,15.26,9.95,25.71,,
2018-12-05 07:00:00,17.61,10.04,28.19,,0.05
2018-12-05 08:00:00,22.9,8.91,15.37,,0.05
2018-12-05 09:00:00,13.42,8.88,10.2,,0.05
2018-12-05 10:00:00,14.42,9.75,10.86,,
2018-12-05 11:00:00,16.55,9.67,8.31,,0.05
2018-12-05 12:00:00,15.73,7.56,6.75,,0.05
2018-12-05 13:00:00,20.22,9.58,7.9,,0.05
2018-12-05 14:00:00,13.98,10.52,8.71,,0.13
2018-12-05 15:00:00,14.82,10.26,7.94,,0.1
2018-12-05 16:00:00,6.0,10.64,13.19,,0.1
2018-12-05 17:00:00,14.63,10.06,9.32,,0.11
2018-12-05 18:00:00,18.67,9.86,9.57,,0.24
2018-12-05 19:00:00,20.87,9.85,11.36,,0.14
2018-12-05 20:00:00,28.0,9.79,13.46,,0.11
2018-12-05 21:00:00,30.54,9.86,18.44,,0.11
2018-12-05 22:00:00,22.0,9.85,18.12,,0.05
2018-12-05 23:00:00,40.94,9.8,19.48,,0.11
2018-12-06 00:00:00,26.04,9.84,14.87,,0.15
2018-12-06 01:00:00,30.67,9.79,,,0.05
2018-12-06 02:00:00,31.91,9.82,,,0.05
2018-12-06 03:00:00,21.55,9.84,,,0.05
2018-12-06 04:00:00,18.83,9.81,19.37,,0.15
2018-12-06 05:00:00,19.04,9.78,21.56,,0.05
2018-12-06 06:00:00,20.47,9.82,18.81,,0.21
2018-12-06 07:00:00,14.06,9.77,18.73,,0.15
2018-12-06 08:00:00,26.62,9.82,14.9,,0.05
2018-12-06 09:00:00,14.76,9.84,9.42,,0.05
2018-12-06 10:00:00,20.08,9.77,8.3,,0.05
2018-12-06 11:00:00,15.59,9.73,7.18,,0.05
2018-12-06 12:00:00,6.0,9.72,4.74,,0.05
2018-12-06 13:00:00,6.0,9.61,6.35,,0.05
2018-12-06 14:00:00,6.0,9.61,8.27,,0.12
2018-12-06 15:00:00,6.0,9.58,6.91,,0.05
2018-12-06 16:00:00,6.0,9.6,7.65,,0.05
2018-12-06 17:00:00,6.0,9.72,9.04,,0.05
2018-12-06 18:00:00,20.73,9.66,7.8,,0.05
2018-12-06 19:00:00,22.33,9.69,8.9,,0.05
2018-12-06 20:00:00,22.77,9.65,10.28,,0.05
2018-12-06 21:00:00,16.88,9.67,10.02,,0.05
2018-12-06 22:00:00,17.12,9.69,,,0.05
2018-12-06 23:00:00,32.22,9.62,,,0.05
2018-12-07 00:00:00,26.88,8.12,,,0.05
2018-12-07 01:00:00,39.32,9.07,,,0.05
2018-12-07 02:00:00,32.43,9.11,2.12,,0.05
2018-12-07 03:00:00,17.13,9.66,3.08,,0.05
2018-12-07 04:00:00,12.77,9.74,,,0.05
2018-12-07 05:00:00,6.0,8.0,25.35,,0.05
2018-12-07 06:00:00,21.09,9.5,26.44,,0.05
2018-12-07 07:00:00,26.78,9.65,20.55,,0.11
2018-12-07 08:00:00,14.02,9.74,16.47,,0.05
2018-12-07 09:00:00,31.06,9.69,6.84,,0.05
2018-12-07 10:00:00,20.48,9.73,7.31,,0.05
2018-12-07 11:00:00,12.27,9.59,6.33,,0.12
2018-12-07 12:00:00,16.92,9.71,5.58,,0.05
2018-12-07 13:00:00,14.88,9.63,3.97,,0.05
2018-12-07 14:00:00,12.93,9.59,4.7,,0.1
2018-12-07 15:00:00,20.73,9.6,3.95,,0.11
2018-12-07 16:00:00,12.86,9.62,4.6,,0.1
2018-12-07 17:00:00,6.0,9.59,5.34,,0.05
2018-12-07 18:00:00,18.05,9.61,6.1,,0.05
2018-12-07 19:00:00,18.68,9.63,9.04,,0.12
2018-12-07 20:00:00,6.0,9.59,15.18,,0.14
2018-12-07 21:00:00,20.77,9.59,32.41,,0.28
2018-12-07 22:00:00,36.81,9.61,26.88,,0.29
2018-12-07 23:00:00,41.61,9.64,21.8,,0.42
2018-12-08 00:00:00,41.74,9.66,18.91,,0.37
2018-12-08 01:00:00,46.88,9.67,16.23,,0.19
2018-12-08 02:00:00,44.03,9.64,14.77,,0.29
2018-12-08 03:00:00,38.88,9.62,11.95,,0.35
2018-12-08 04:00:00,28.8,9.67,9.89,,0.35
2018-12-08 05:00:00,24.17,9.68,8.96,,0.39
2018-12-08 06:00:00,20.77,9.91,,,0.44
2018-12-08 07:00:00,26.4,10.26,66.6,,0.57
2018-12-08 08:00:00,35.15,11.98,47.25,,0.43
2018-12-08 09:00:00,30.67,9.68,8.97,,0.3
2018-12-08 10:00:00,20.35,9.58,6.45,,0.23
2018-12-08 11:00:00,23.9,9.62,4.54,,0.12
2018-12-08 12:00:00,25.91,9.61,4.94,,0.26
2018-12-08 13:00:00,20.89,9.63,3.58,,0.34
2018-12-08 14:00:00,6.0,9.61,4.49,,0.25
2018-12-08 15:00:00,22.57,9.64,6.19,,0.23
2018-12-08 16:00:00,18.71,9.59,6.17,,0.26
2018-12-08 17:00:00,16.1,9.66,5.24,,0.21
2018-12-08 18:00:00,18.97,9.58,7.86,,0.24
2018-12-08 19:00:00,39.27,9.72,8.55,,0.26
2018-12-08 20:00:00,36.13,9.96,12.29,,0.41
2018-12-08 21:00:00,43.48,9.88,12.31,,0.4
2018-12-08 22:00:00,48.35,9.63,,,0.4
2018-12-08 23:00:00,55.66,9.66,15.88,,0.34
2018-12-09 00:00:00,35.36,9.6,15.51,,0.24
2018-12-09 01:00:00,42.86,9.68,15.0,,0.16
2018-12-09 02:00:00,39.88,9.68,12.78,,0.17
2018-12-09 03:00:00,43.56,9.71,,,0.23
2018-12-09 04:00:00,30.44,9.72,10.9,,0.24
2018-12-09 05:00:00,31.37,9.62,9.64,,0.28
2018-12-09 06:00:00,28.27,9.69,9.94,,0.27
2018-12-09 07:00:00,24.2,10.21,22.54,,0.46
2018-12-09 08:00:00,24.84,10.5,19.01,,0.39
2018-12-09 09:00:00,25.69,9.67,11.55,,0.44
2018-12-09 10:00:00,18.34,9.62,11.13,,0.35
2018-12-09 11:00:00,12.15,9.62,12.25,,0.41
2018-12-09 12:00:00,19.41,9.6,11.69,,0.4
2018-12-09 13:00:00,21.84,9.75,8.63,,0.33
2018-12-09 14:00:00,20.66,10.83,9.56,,0.27
2018-12-09 15:00:00,18.13,14.52,18.01,,0.38
2018-12-09 17:00:00,14.75,10.34,,,0.22
2018-12-09 18:00:00,17.61,10.37,,,0.16
2018-12-09 19:00:00,22.66,10.52,15.71,,0.23
2018-12-09 20:00:00,44.58,10.32,19.04,,0.26
2018-12-09 21:00:00,53.83,10.29,29.89,,0.65
2018-12-09 22:00:00,58.46,9.85,34.69,,0.53
2018-12-09 23:00:00,75.3,9.86,28.32,,0.37
2018-12-10 00:00:00,79.33,9.84,24.83,,0.43
2018-12-10 01:00:00,80.32,9.87,25.48,,0.25
2018-12-10 02:00:00,72.97,9.85,25.35,,0.46
2018-12-10 03:00:00,52.48,9.84,17.43,,0.39
2018-12-10 04:00:00,46.66,9.85,,,0.47
2018-12-10 05:00:00,41.3,9.93,29.49,,0.94
2018-12-10 06:00:00,34.57,10.23,33.31,,0.96
2018-12-10 07:00:00,39.5,9.85,31.11,,0.71
2018-12-10 08:00:00,31.27,9.87,20.28,,0.46
2018-12-10 09:00:00,26.11,9.82,16.23,,0.32
2018-12-10 10:00:00,21.65,12.17,16.81,,0.23
2018-12-10 11:00:00,21.66,20.71,24.87,,0.33
2018-12-10 12:00:00,24.75,24.96,22.05,,0.29
2018-12-10 13:00:00,27.82,20.69,21.08,,0.23
2018-12-10 14:00:00,17.38,14.31,19.58,,0.19
2018-12-10 15:00:00,20.79,11.22,,,0.15
2018-12-10 16:00:00,13.46,11.07,,,0.22
2018-12-10 17:00:00,17.17,10.72,,,0.26
2018-12-10 18:00:00,6.0,10.09,,,0.33
2018-12-10 19:00:00,17.07,10.49,,,0.31
2018-12-10 20:00:00,18.11,10.93,,,1.02
2018-12-10 21:00:00,47.98,10.41,,,0.49
2018-12-10 22:00:00,77.73,10.32,,,0.52
2018-12-10 23:00:00,82.21,10.71,,,0.45
2018-12-11 00:00:00,54.81,9.96,,,0.45
2018-12-11 01:00:00,50.35,9.84,,,0.29
2018-12-11 02:00:00,57.56,9.83,,,0.24
2018-12-11 03:00:00,49.12,9.85,,,0.23
2018-12-11 04:00:00,44.59,9.83,,,0.27
2018-12-11 05:00:00,57.93,9.97,,,0.35
2018-12-11 06:00:00,36.48,10.07,,,0.59
2018-12-11 07:00:00,55.92,9.89,,,0.58
2018-12-11 08:00:00,54.1,10.6,,,0.62
2018-12-11 09:00:00,50.02,12.51,,,0.44
2018-12-11 10:00:00,,12.27,,,0.33
2018-12-11 11:00:00,,11.26,,,0.3
2018-12-11 12:00:00,,11.61,,,0.15
2018-12-11 13:00:00,,18.14,,,0.05
2018-12-11 14:00:00,,16.21,,,0.05
2018-12-11 15:00:00,24.87,17.63,,,0.13
2018-12-11 16:00:00,13.15,11.69,,,0.11
2018-12-11 17:00:00,12.94,11.05,,,0.14
2018-12-11 18:00:00,38.47,11.25,,,0.11
2018-12-11 19:00:00,49.06,10.49,,,0.12
2018-12-11 20:00:00,63.62,10.28,,,0.14
2018-12-11 21:00:00,78.99,10.17,,,0.21
2018-12-11 22:00:00,81.04,10.08,,,0.23
2018-12-11 23:00:00,62.6,9.8,,,0.12
2018-12-12 00:00:00,61.19,10.17,,,0.38
2018-12-12 01:00:00,55.97,10.29,,,0.31
2018-12-12 02:00:00,51.72,10.37,,,0.57
2018-12-12 03:00:00,67.31,9.99,,,0.63
2018-12-12 04:00:00,94.68,9.86,,,0.51
2018-12-12 05:00:00,79.21,9.83,,,0.47
2018-12-12 06:00:00,65.27,9.84,,,0.71
2018-12-12 07:00:00,43.86,9.87,,,0.91
2018-12-12 08:00:00,38.96,9.85,,,0.77
2018-12-12 09:00:00,31.44,9.87,,,0.58
2018-12-12 10:00:00,25.56,9.79,,,0.43
2018-12-12 11:00:00,17.07,9.9,,,0.54
2018-12-12 12:00:00,16.99,10.24,,,0.37
2018-12-12 13:00:00,6.0,10.28,,,0.33
2018-12-12 14:00:00,6.0,9.9,,,0.41
2018-12-12 15:00:00,18.22,9.74,,,0.33
2018-12-12 16:00:00,17.35,9.79,,,0.36
2018-12-12 17:00:00,14.91,10.44,,,0.33
2018-12-12 18:00:00,16.32,10.05,,,0.37
2018-12-12 19:00:00,6.0,9.85,,,0.67
2018-12-12 20:00:00,6.0,10.32,,,0.96
2018-12-12 21:00:00,28.26,10.3,,,0.51
2018-12-12 22:00:00,34.25,9.76,,,0.34
2018-12-12 23:00:00,29.39,9.88,,,0.25
2018-12-13 00:00:00,20.61,9.61,,,0.3
2018-12-13 01:00:00,21.5,9.88,,,0.35
2018-12-13 02:00:00,6.0,9.84,,,0.12
2018-12-13 03:00:00,24.83,9.88,,,0.14
2018-12-13 04:00:00,15.89,9.8,,,0.18
2018-12-13 05:00:00,12.62,9.79,,,0.13
2018-12-13 06:00:00,18.51,9.6,,,0.16
2018-12-13 07:00:00,20.55,9.71,,,0.23
2018-12-13 08:00:00,17.19,9.86,,,0.13
2018-12-13 09:00:00,23.58,9.95,,,0.19
2018-12-13 10:00:00,21.36,10.35,,,0.1
2018-12-13 11:00:00,23.7,10.77,,,0.14
2018-12-13 12:00:00,13.73,9.51,,,0.05
2018-12-13 13:00:00,17.07,9.78,,,0.05
2018-12-13 14:00:00,17.16,9.91,,,0.05
2018-12-13 15:00:00,18.06,10.02,,,0.05
2018-12-13 16:00:00,6.0,10.02,,,0.05
2018-12-13 17:00:00,24.47,10.04,9.98,,0.05
2018-12-13 18:00:00,31.21,10.03,18.39,,0.05
2018-12-13 19:00:00,27.53,9.82,17.58,,0.05
2018-12-13 20:00:00,36.22,9.68,21.12,,0.23
2018-12-13 21:00:00,28.76,10.08,,,0.23
2018-12-13 22:00:00,28.33,10.45,18.93,,0.28
2018-12-13 23:00:00,18.95,10.41,25.44,,0.36
2018-12-14 00:00:00,17.27,9.8,23.62,,0.31
2018-12-14 01:00:00,26.12,10.05,19.68,,0.22
2018-12-14 02:00:00,21.7,10.08,,,0.26
2018-12-14 03:00:00,23.36,9.94,,,0.3
2018-12-14 04:00:00,13.65,9.89,15.25,,0.28
2018-12-14 05:00:00,26.38,10.04,16.44,,0.22
2018-12-14 06:00:00,21.02,10.05,16.15,,0.49
2018-12-14 07:00:00,18.79,10.02,29.13,,0.86
2018-12-14 08:00:00,21.99,9.9,46.76,,0.87
2018-12-14 09:00:00,36.91,9.93,28.84,,0.54
2018-12-14 10:00:00,25.12,10.16,17.99,,0.26
2018-12-14 11:00:00,19.91,9.97,17.94,,0.3
2018-12-14 12:00:00,18.86,9.58,20.52,,0.19
2018-12-14 13:00:00,17.05,11.48,25.04,,0.19
2018-12-14 14:00:00,22.7,14.69,33.95,,0.1
2018-12-14 15:00:00,18.85,16.16,25.86,,0.05
2018-12-14 16:00:00,6.0,10.53,31.68,,0.34
2018-12-14 17:00:00,63.1,10.78,44.84,,0.58
2018-12-14 18:00:00,35.81,10.11,29.88,,0.57
2018-12-14 19:00:00,37.87,10.11,36.02,,0.86
2018-12-14 20:00:00,29.8,10.06,36.28,,0.66
2018-12-14 21:00:00,26.93,10.08,30.41,,1.28
2018-12-14 22:00:00,35.1,7.58,,,
2018-12-14 23:00:00,17.23,9.82,32.56,,0.53
2018-12-15 00:00:00,6.0,10.06,25.3,,0.25
2018-12-15 01:00:00,21.49,9.26,40.65,,0.33
2018-12-15 02:00:00,33.72,9.87,28.47,,0.29
2018-12-15 03:00:00,17.2,10.03,23.6,,0.29
2018-12-15 04:00:00,25.11,10.05,23.44,,0.36
2018-12-15 05:00:00,30.23,10.06,31.19,,0.4
2018-12-15 06:00:00,28.75,10.06,22.76,,0.45
2018-12-15 07:00:00,21.2,10.06,23.32,,0.54
2018-12-15 08:00:00,21.8,9.91,19.26,,0.14
2018-12-15 09:00:00,22.58,9.9,15.82,,0.11
2018-12-15 10:00:00,6.0,9.98,16.9,,0.12
2018-12-15 11:00:00,6.0,8.98,8.99,,0.05
2018-12-15 12:00:00,6.0,9.1,10.42,,0.05
2018-12-15 13:00:00,6.0,9.09,13.12,,0.05
2018-12-15 14:00:00,6.0,10.1,22.55,,0.14
2018-12-15 15:00:00,13.46,9.11,19.14,,0.05
2018-12-15 16:00:00,6.0,10.0,19.11,,0.21
2018-12-15 17:00:00,6.0,10.05,,,0.11
2018-12-15 18:00:00,6.0,10.1,,,0.05
2018-12-15 19:00:00,6.0,9.36,,,0.05
2018-12-15 20:00:00,6.0,10.03,,,0.11
2018-12-15 21:00:00,15.08,9.91,,,0.05
2018-12-15 22:00:00,14.24,10.05,,,0.2
2018-12-15 23:00:00,20.7,9.86,,,0.05
2018-12-16 00:00:00,16.64,9.31,,,0.05
2018-12-16 01:00:00,13.09,5.27,,,0.05
2018-12-16 02:00:00,13.01,9.27,,,0.05
2018-12-16 03:00:00,6.0,9.62,,,0.05
2018-12-16 04:00:00,6.0,9.72,,,0.05
2018-12-16 05:00:00,6.0,9.05,,,0.05
2018-12-16 06:00:00,13.95,9.91,,,0.05
2018-12-16 07:00:00,6.0,9.89,,,0.11
2018-12-16 08:00:00,6.0,9.88,,,0.05
2018-12-16 09:00:00,12.53,9.65,,,0.11
2018-12-16 10:00:00,6.0,9.76,,,0.2
2018-12-16 11:00:00,6.0,10.08,,,0.05
2018-12-16 12:00:00,6.0,9.94,,,0.2
2018-12-16 13:00:00,6.0,10.17,,,0.13
2018-12-16 14:00:00,6.0,10.0,,,0.05
2018-12-16 15:00:00,6.0,9.54,,,0.05
2018-12-16 16:00:00,6.0,9.61,,,0.05
2018-12-16 17:00:00,6.0,8.35,,,0.05
2018-12-16 18:00:00,6.0,10.02,,,0.05
2018-12-16 19:00:00,6.0,7.87,,,0.05
2018-12-16 20:00:00,6.0,9.88,,,0.05
2018-12-16 21:00:00,28.38,9.7,,,0.12
2018-12-16 22:00:00,33.53,9.62,,,0.1
2018-12-16 23:00:00,34.58,9.65,,,0.2
2018-12-17 00:00:00,35.03,10.14,,,0.15
2018-12-17 01:00:00,35.56,8.69,,,0.11
2018-12-17 02:00:00,31.01,10.39,,,0.17
2018-12-17 03:00:00,35.47,10.1,,,0.23
2018-12-17 04:00:00,39.65,10.02,,,0.23
2018-12-17 05:00:00,20.77,10.08,,,0.36
2018-12-17 06:00:00,26.98,10.09,,,0.49
2018-12-17 07:00:00,34.9,10.08,,,0.53
2018-12-17 08:00:00,43.02,10.07,,,0.66
2018-12-17 09:00:00,33.99,9.83,,,0.15
2018-12-17 10:00:00,20.57,10.13,,,0.15
2018-12-17 11:00:00,12.98,9.63,,,0.14
2018-12-17 12:00:00,6.0,8.2,,,0.05
2018-12-17 13:00:00,6.0,9.55,,,0.05
2018-12-17 14:00:00,6.0,9.27,,,0.05
2018-12-17 15:00:00,6.0,9.71,,,0.05
2018-12-17 17:00:00,17.9,11.17,,,0.05
2018-12-17 18:00:00,21.84,10.45,,,0.05
2018-12-17 19:00:00,14.64,10.94,,,0.15
2018-12-17 20:00:00,19.12,10.58,,,0.35
2018-12-17 21:00:00,6.0,10.12,,,0.45
2018-12-17 22:00:00,13.31,10.1,,,0.26
2018-12-17 23:00:00,22.5,10.01,,,0.23
2018-12-18 00:00:00,14.1,10.06,,,0.1
2018-12-18 01:00:00,22.06,10.0,,,0.05
2018-12-18 02:00:00,6.0,9.05,,,0.05
2018-12-18 03:00:00,13.72,8.54,,,0.05
2018-12-18 04:00:00,6.0,7.67,,,0.05
2018-12-18 05:00:00,6.0,9.89,,,0.05
2018-12-18 06:00:00,19.04,9.95,,,0.13
2018-12-18 07:00:00,14.1,10.08,,,0.15
2018-12-18 08:00:00,20.41,9.97,,,0.05
2018-12-18 09:00:00,6.0,10.05,,,0.05
2018-12-18 10:00:00,6.0,10.01,,,0.05
2018-12-18 11:00:00,6.0,8.78,,,0.05
2018-12-18 12:00:00,6.0,9.62,,,0.05
2018-12-18 13:00:00,6.0,9.4,,,0.05
2018-12-18 14:00:00,6.0,10.03,,,0.05
2018-12-18 15:00:00,6.0,9.98,,,0.05
2018-12-18 16:00:00,6.0,9.92,,,0.19
2018-12-18 17:00:00,6.0,9.89,,,0.33
2018-12-18 18:00:00,6.0,9.93,,,0.31
2018-12-18 19:00:00,6.0,10.03,,,0.19
2018-12-18 20:00:00,6.0,9.85,,,0.25
2018-12-18 21:00:00,22.05,10.04,,,0.26
2018-12-18 22:00:00,6.0,9.96,,,0.2
2018-12-18 23:00:00,15.51,9.94,,,0.16
2018-12-19 00:00:00,14.73,9.84,,,0.1
2018-12-19 01:00:00,6.0,9.85,,,0.05
2018-12-19 02:00:00,6.0,9.88,,,0.22
2018-12-19 03:00:00,6.0,10.0,,,0.21
2018-12-19 04:00:00,6.0,9.92,,,0.22
2018-12-19 05:00:00,17.16,9.92,,,0.22
2018-12-19 06:00:00,15.64,9.95,,,0.31
2018-12-19 07:00:00,6.0,10.07,,,0.41
2018-12-19 08:00:00,16.45,10.01,,,0.41
2018-12-19 09:00:00,13.0,9.96,,,0.32
2018-12-19 10:00:00,14.51,9.99,,,0.32
2018-12-19 11:00:00,6.0,10.05,,,0.38
2018-12-19 12:00:00,6.0,9.93,,,0.28
2018-12-19 13:00:00,6.0,10.53,,,0.25
2018-12-19 14:00:00,6.0,9.75,,,0.27
2018-12-19 15:00:00,6.0,10.34,,,0.27
2018-12-19 17:00:00,6.0,9.63,,,0.14
2018-12-19 18:00:00,6.0,9.57,13.82,,0.18
2018-12-19 19:00:00,6.0,9.92,14.62,,0.39
2018-12-19 20:00:00,6.0,10.13,17.15,,0.47
2018-12-19 21:00:00,13.67,10.55,16.67,,0.38
2018-12-19 22:00:00,31.3,10.12,19.9,,0.51
2018-12-19 23:00:00,22.71,10.07,21.32,,0.51
2018-12-20 00:00:00,27.8,10.02,23.37,,0.56
2018-12-20 01:00:00,26.98,10.08,23.58,,0.44
2018-12-20 02:00:00,28.39,10.07,21.14,,0.21
2018-12-20 03:00:00,32.39,9.97,15.78,,0.19
2018-12-20 04:00:00,28.55,10.09,10.21,,0.15
2018-12-20 05:00:00,25.27,10.05,,,0.05
2018-12-20 06:00:00,19.31,10.14,,,0.29
2018-12-20 07:00:00,26.86,10.13,,,0.57
2018-12-20 08:00:00,30.76,10.06,18.24,,0.36
2018-12-20 09:00:00,25.91,9.92,20.69,,0.24
2018-12-20 10:00:00,12.78,10.2,24.01,,0.05
2018-12-20 11:00:00,23.91,11.28,,,0.05
2018-12-20 12:00:00,13.53,10.41,,,0.05
2018-12-20 13:00:00,17.29,10.06,29.86,,0.14
2018-12-20 14:00:00,12.02,10.03,30.06,,0.16
2018-12-20 15:00:00,13.06,10.07,24.53,,0.39
2018-12-20 16:00:00,6.0,10.09,27.9,,0.41
2018-12-20 17:00:00,6.0,10.03,28.88,,0.23
2018-12-20 18:00:00,6.0,10.09,23.22,,0.33
2018-12-20 19:00:00,6.0,9.94,25.8,,0.33
2018-12-20 20:00:00,6.0,10.06,21.09,,0.19
2018-12-20 21:00:00,6.0,9.97,26.31,,0.22
2018-12-20 22:00:00,12.4,9.94,27.82,,0.21
2018-12-20 23:00:00,6.0,9.97,29.33,,0.11
2018-12-21 00:00:00,6.0,9.96,27.96,,0.13
2018-12-21 01:00:00,6.0,9.77,,,0.05
2018-12-21 02:00:00,12.3,10.02,,,0.05
2018-12-21 03:00:00,6.0,9.8,,,0.05
2018-12-21 04:00:00,19.08,9.91,,,0.05
2018-12-21 05:00:00,6.0,9.92,,,0.05
2018-12-21 06:00:00,6.0,10.06,20.04,,0.15
2018-12-21 07:00:00,6.0,10.16,28.09,,0.44
2018-12-21 08:00:00,21.9,10.09,24.44,,0.39
2018-12-21 09:00:00,20.51,10.08,30.83,,0.37
2018-12-21 10:00:00,25.6,10.09,46.42,,0.5
2018-12-21 11:00:00,21.08,9.96,29.96,,0.48
2018-12-21 12:00:00,21.42,10.06,22.64,,0.37
2018-12-21 13:00:00,25.18,10.04,17.62,,0.27
2018-12-21 14:00:00,12.98,10.04,19.96,,0.24
2018-12-21 15:00:00,6.0,10.02,16.24,,0.16
2018-12-21 16:00:00,6.0,10.0,21.39,,0.27
2018-12-21 17:00:00,6.0,10.05,18.9,,0.2
2018-12-21 18:00:00,6.0,10.02,21.65,,0.12
2018-12-21 19:00:00,6.0,9.97,29.86,,0.24
2018-12-21 20:00:00,6.0,9.58,39.35,,0.19
2018-12-21 21:00:00,6.0,9.72,38.48,,0.66
2018-12-21 22:00:00,6.0,9.46,41.19,,0.44
2018-12-21 23:00:00,15.56,9.94,30.42,,0.25
2018-12-22 00:00:00,31.37,9.28,,,0.05
2018-12-22 01:00:00,17.98,10.01,24.7,,0.05
2018-12-22 02:00:00,13.02,10.01,24.39,,0.17
2018-12-22 03:00:00,17.14,10.01,21.97,,0.34
2018-12-22 04:00:00,15.2,9.85,,,0.37
2018-12-22 05:00:00,12.45,9.88,,,0.36
2018-12-22 06:00:00,20.37,10.13,17.36,,0.24
2018-12-22 07:00:00,19.23,10.07,21.95,,0.25
2018-12-22 08:00:00,12.47,9.77,16.72,,0.24
2018-12-22 09:00:00,6.0,9.78,11.55,,0.33
2018-12-22 10:00:00,6.0,9.9,8.49,,0.2
2018-12-22 11:00:00,6.0,9.49,8.21,,0.05
2018-12-22 12:00:00,6.0,10.27,,,0.12
2018-12-22 13:00:00,6.0,9.6,,,0.16
2018-12-22 14:00:00,6.0,9.34,,,0.05
2018-12-22 15:00:00,6.0,9.98,6.47,,0.05
2018-12-22 16:00:00,6.0,9.98,10.4,,0.1
2018-12-22 17:00:00,,9.55,,,0.14
2018-12-22 18:00:00,,9.67,,,0.05
2018-12-22 19:00:00,,10.22,,,0.05
2018-12-22 20:00:00,,9.35,,,0.21
2018-12-22 21:00:00,6.0,9.19,,,0.2
2018-12-22 22:00:00,26.44,9.83,,,0.24
2018-12-22 23:00:00,35.01,9.99,,,0.16
2018-12-23 00:00:00,19.06,9.48,,,0.21
2018-12-23 01:00:00,25.78,9.45,,,0.23
2018-12-23 02:00:00,22.94,9.44,,,0.31
2018-12-23 03:00:00,19.27,9.59,,,0.26
2018-12-23 04:00:00,22.17,9.76,,,0.2
2018-12-23 05:00:00,19.77,9.72,,,0.26
2018-12-23 06:00:00,21.48,9.91,,,0.3
2018-12-23 07:00:00,24.44,9.83,,,0.32
2018-12-23 08:00:00,21.05,9.94,,,0.3
2018-12-23 09:00:00,20.86,9.89,,,0.26
2018-12-23 10:00:00,21.03,10.0,,,0.2
2018-12-23 11:00:00,6.0,9.93,,,0.11
2018-12-23 12:00:00,6.0,10.47,,,0.2
2018-12-23 13:00:00,6.0,10.74,,,0.16
2018-12-23 14:00:00,16.01,10.17,,,0.13
2018-12-23 15:00:00,6.0,10.32,,,0.05
2018-12-23 16:00:00,6.0,11.1,,,0.05
2018-12-23 17:00:00,6.0,11.05,,,0.05
2018-12-23 18:00:00,6.0,11.11,,,0.05
2018-12-23 19:00:00,6.0,10.16,,,0.05
2018-12-23 20:00:00,6.0,10.12,,,0.13
2018-12-23 21:00:00,12.08,10.34,,,0.18
2018-12-23 22:00:00,15.76,10.14,,,0.4
2018-12-23 23:00:00,20.81,10.1,,,0.27
2018-12-24 00:00:00,6.0,10.09,,,0.21
2018-12-24 01:00:00,16.99,10.08,,,0.2
2018-12-24 02:00:00,12.36,9.98,,,0.05
2018-12-24 03:00:00,12.27,10.17,,,0.05
2018-12-24 04:00:00,6.0,10.11,,,0.05
2018-12-24 05:00:00,12.27,10.13,,,0.05
2018-12-24 06:00:00,6.0,10.18,,,0.05
2018-12-24 07:00:00,15.62,10.13,,,0.1
2018-12-24 08:00:00,12.32,10.1,,,0.05
2018-12-24 09:00:00,17.92,10.04,,,0.05
2018-12-24 10:00:00,16.58,10.09,,,0.05
2018-12-24 11:00:00,6.0,10.38,,,0.05
2018-12-24 12:00:00,6.0,10.39,,,0.05
2018-12-24 13:00:00,6.0,9.88,,,0.05
2018-12-24 14:00:00,6.0,10.8,,,0.05
2018-12-24 15:00:00,6.0,10.01,,,0.05
2018-12-24 16:00:00,6.0,9.77,,,0.05
2018-12-24 17:00:00,6.0,9.77,2.89,,0.05
2018-12-24 18:00:00,6.0,9.64,3.25,,0.05
2018-12-24 19:00:00,6.0,10.75,4.75,,0.05
2018-12-24 20:00:00,15.2,10.16,8.76,,0.05
2018-12-24 21:00:00,24.48,10.75,11.8,,0.32
2018-12-24 22:00:00,41.94,10.28,9.02,,0.44
2018-12-24 23:00:00,34.61,10.11,,,0.24
2018-12-25 00:00:00,39.3,10.1,6.79,,0.15
2018-12-25 01:00:00,29.59,10.08,,,0.05
2018-12-25 02:00:00,19.73,10.12,12.48,,0.27
2018-12-25 03:00:00,20.74,10.16,,,0.21
2018-12-25 04:00:00,18.07,10.25,,,0.17
2018-12-25 05:00:00,12.84,10.27,,,0.18
2018-12-25 06:00:00,6.0,10.21,8.02,,0.05
2018-12-25 07:00:00,6.0,10.12,3.1,,0.15
2018-12-25 08:00:00,13.36,10.12,1.2,,0.05
2018-12-25 09:00:00,12.17,10.05,1.26,,0.05
2018-12-25 10:00:00,6.0,10.08,1.64,,0.05
2018-12-25 11:00:00,6.0,10.52,2.93,,0.05
2018-12-25 12:00:00,6.0,10.03,3.45,,0.05
2018-12-25 13:00:00,6.0,10.4,3.9,,0.16
2018-12-25 14:00:00,6.0,9.84,3.4,,0.05
2018-12-25 15:00:00,6.0,10.03,4.0,,0.05
2018-12-25 16:00:00,6.0,10.21,3.33,,0.05
2018-12-25 17:00:00,6.0,10.27,,,0.05
2018-12-25 18:00:00,6.0,10.16,,,0.05
2018-12-25 19:00:00,6.0,9.95,,,0.05
2018-12-25 20:00:00,6.0,10.7,,,0.05
2018-12-25 21:00:00,23.09,10.36,,,0.14
2018-12-25 22:00:00,31.83,10.78,,,0.05
2018-12-25 23:00:00,17.48,10.34,,,0.05
2018-12-26 00:00:00,29.2,10.24,,,0.14
2018-12-26 01:00:00,27.67,10.23,,,0.18
2018-12-26 02:00:00,25.34,10.11,,,0.1
2018-12-26 03:00:00,17.06,10.08,,,0.1
2018-12-26 04:00:00,16.6,10.23,,,0.12
2018-12-26 05:00:00,13.48,10.28,,,0.1
2018-12-26 06:00:00,6.0,10.35,,,0.23
2018-12-26 07:00:00,20.31,10.32,,,0.29
2018-12-26 08:00:00,26.66,10.32,,,0.38
2018-12-26 09:00:00,37.07,10.24,,,0.2
2018-12-26 10:00:00,18.46,10.47,,,0.1
2018-12-26 11:00:00,13.02,11.78,,,0.16
2018-12-26 12:00:00,17.85,11.62,,,0.05
2018-12-26 13:00:00,14.82,10.91,,,0.1
2018-12-26 14:00:00,20.48,10.56,,,0.05
2018-12-26 15:00:00,12.27,10.18,,,0.05
2018-12-26 16:00:00,6.0,10.32,,,0.05
2018-12-26 17:00:00,6.0,10.39,,,0.05
2018-12-26 18:00:00,6.0,10.31,,,0.05
2018-12-26 19:00:00,6.0,10.23,,,0.05
2018-12-26 20:00:00,18.1,10.04,,,0.05
2018-12-26 21:00:00,26.71,9.97,,,0.13
2018-12-26 22:00:00,28.87,10.67,,,0.05
2018-12-26 23:00:00,25.15,10.3,,,0.11
2018-12-27 00:00:00,26.66,10.56,,,0.05
2018-12-27 01:00:00,24.15,10.19,,,0.13
2018-12-27 02:00:00,21.57,10.24,,,0.17
2018-12-27 03:00:00,16.16,10.23,,,0.15
2018-12-27 04:00:00,14.96,10.24,,,0.24
2018-12-27 05:00:00,14.15,10.16,,,0.19
2018-12-27 06:00:00,22.08,10.26,,,0.34
2018-12-27 07:00:00,22.87,10.16,,,0.42
2018-12-27 08:00:00,17.04,10.17,,,0.25
2018-12-27 09:00:00,31.16,10.16,,,0.17
2018-12-27 10:00:00,20.86,10.35,,,0.05
2018-12-27 11:00:00,6.0,10.61,,,0.1
2018-12-27 12:00:00,6.0,10.74,,,0.13
2018-12-27 13:00:00,6.0,9.82,,,0.05
2018-12-27 14:00:00,12.73,10.07,,,0.05
2018-12-27 15:00:00,13.8,10.23,,,0.05
2018-12-27 16:00:00,6.0,10.27,,,0.05
2018-12-27 17:00:00,6.0,10.26,10.79,,0.05
2018-12-27 18:00:00,17.14,10.26,12.18,,0.05
2018-12-27 19:00:00,13.18,10.36,,,0.05
2018-12-27 20:00:00,28.56,10.28,,,0.05
2018-12-27 21:00:00,33.37,10.16,19.36,,0.11
2018-12-27 22:00:00,22.32,9.91,19.77,,0.16
2018-12-27 23:00:00,28.07,10.62,20.1,,0.26
2018-12-28 00:00:00,35.16,10.57,18.85,,0.21
2018-12-28 01:00:00,35.45,10.22,18.26,,0.22
2018-12-28 02:00:00,31.58,10.12,,,0.16
2018-12-28 03:00:00,32.46,10.25,12.07,,0.23
2018-12-28 04:00:00,20.09,10.27,12.18,,0.26
2018-12-28 05:00:00,30.31,10.25,13.91,,0.22
2018-12-28 06:00:00,34.18,10.28,,,0.31
2018-12-28 07:00:00,28.0,10.18,6.21,,0.49
2018-12-28 08:00:00,35.23,10.13,15.09,,0.43
2018-12-28 09:00:00,26.94,10.05,13.81,,0.23
2018-12-28 10:00:00,16.89,10.3,13.55,,0.05
2018-12-28 11:00:00,6.0,10.7,19.63,,0.1
2018-12-28 12:00:00,15.0,10.87,,,0.12
2018-12-28 13:00:00,14.72,11.58,,,0.05
2018-12-28 14:00:00,12.77,10.87,24.24,,0.05
2018-12-28 15:00:00,6.0,10.3,12.6,,0.05
2018-12-28 16:00:00,6.0,10.28,,,0.05
2018-12-28 17:00:00,6.0,10.28,,,0.05
2018-12-28 18:00:00,6.0,10.35,,,0.05
2018-12-28 19:00:00,16.85,10.34,,,0.05
2018-12-28 20:00:00,20.16,10.59,,,0.05
2018-12-28 21:00:00,33.27,10.46,,,0.05
2018-12-28 22:00:00,42.3,10.43,,,0.28
2018-12-28 23:00:00,48.71,10.85,,,0.29
2018-12-29 00:00:00,47.54,10.33,,,0.31
2018-12-29 01:00:00,52.22,10.74,,,0.18
2018-12-29 02:00:00,52.18,10.38,,,0.18
2018-12-29 03:00:00,43.43,10.29,,,0.28
2018-12-29 04:00:00,55.92,10.23,,,0.16
2018-12-29 05:00:00,39.32,10.24,,,0.13
2018-12-29 06:00:00,35.01,10.25,,,0.11
2018-12-29 07:00:00,22.77,10.29,,,0.16
2018-12-29 08:00:00,22.13,10.24,,,0.25
2018-12-29 09:00:00,36.86,10.18,,,0.11
2018-12-29 10:00:00,29.24,10.31,,,0.05
2018-12-29 11:00:00,25.13,10.21,,,0.13
2018-12-29 12:00:00,12.53,10.61,,,0.05
2018-12-29 13:00:00,6.0,10.09,,,0.05
2018-12-29 14:00:00,6.0,10.23,,,0.05
2018-12-29 15:00:00,6.0,10.28,,,0.05
2018-12-29 16:00:00,,10.26,,,0.05
2018-12-29 17:00:00,,11.73,,,0.05
2018-12-29 18:00:00,,10.73,,,0.05
2018-12-29 19:00:00,13.22,10.53,,,0.05
2018-12-29 20:00:00,23.26,10.51,,,0.05
2018-12-29 21:00:00,44.77,10.37,,,0.23
2018-12-29 22:00:00,43.9,10.28,,,0.37
2018-12-29 23:00:00,50.56,10.68,,,0.22
2018-12-30 00:00:00,44.36,10.31,,,0.05
2018-12-30 01:00:00,25.1,10.69,,,0.05
2018-12-30 02:00:00,28.14,10.36,,,0.23
2018-12-30 03:00:00,25.37,10.25,,,0.32
2018-12-30 04:00:00,25.73,10.33,,,0.31
2018-12-30 05:00:00,25.29,10.2,,,0.36
2018-12-30 06:00:00,20.66,10.29,,,0.4
2018-12-30 07:00:00,38.25,10.28,,,0.38
2018-12-30 08:00:00,22.91,10.25,,,0.39
2018-12-30 09:00:00,17.3,10.25,,,0.22
2018-12-30 10:00:00,18.76,10.38,,,0.24
2018-12-30 11:00:00,6.0,10.21,,,0.29
2018-12-30 12:00:00,19.33,10.13,,,0.19
2018-12-30 13:00:00,19.87,10.29,,,0.17
2018-12-30 14:00:00,17.44,10.27,,,0.13
2018-12-30 15:00:00,6.0,10.14,,,0.11
2018-12-30 16:00:00,6.0,10.12,,,0.05
2018-12-30 17:00:00,6.0,10.19,,,0.11
2018-12-30 18:00:00,14.11,10.24,,,0.11
2018-12-30 19:00:00,23.16,10.3,,,0.18
2018-12-30 20:00:00,22.8,10.37,,,0.25
2018-12-30 21:00:00,29.65,10.25,,,0.55
2018-12-30 22:00:00,38.86,10.05,,,0.54
2018-12-30 23:00:00,47.73,10.94,,,0.48
2018-12-31 00:00:00,37.23,9.92,,,0.43
2018-12-31 01:00:00,40.51,11.29,,,0.32
2018-12-31 02:00:00,48.6,10.57,,,0.17
2018-12-31 03:00:00,37.77,9.69,,,0.05
2018-12-31 04:00:00,19.28,10.56,,,0.05
2018-12-31 05:00:00,22.55,10.75,,,0.05
2018-12-31 06:00:00,17.02,10.75,,,0.05
2018-12-31 07:00:00,29.28,10.74,,,0.05
2018-12-31 08:00:00,20.82,9.74,,,0.05
2018-12-31 09:00:00,18.98,9.84,,,0.05
2018-12-31 10:00:00,22.22,10.37,,,0.05
2018-12-31 11:00:00,24.94,10.18,,,0.05
2018-12-31 12:00:00,25.33,9.59,,,0.05
2018-12-31 13:00:00,15.97,10.2,,,0.05
2018-12-31 14:00:00,27.16,10.08,,,0.05
2018-12-31 15:00:00,13.15,10.26,,,0.05
2018-12-31 17:00:00,6.0,10.49,2.38,,0.05
2018-12-31 18:00:00,12.01,10.44,3.22,,0.05
2018-12-31 19:00:00,15.49,10.5,7.0,,0.05
2018-12-31 20:00:00,30.17,10.5,12.18,,0.25
2018-12-31 21:00:00,32.67,10.42,14.02,,0.37
2018-12-31 22:00:00,45.78,10.29,,,0.5
2018-12-31 23:00:00,45.75,10.13,,,0.22
