data,pm10,so2,no2,o3,co
2023-01-01 00:00:00,84.98,10.53,2.16,24.55,2.76
2023-01-01 01:00:00,61.21,10.47,1.87,20.09,2.13
2023-01-01 02:00:00,57.57,10.54,2.4,14.81,2.19
2023-01-01 03:00:00,47.29,10.51,2.73,9.85,2.01
2023-01-01 04:00:00,31.68,10.42,1.2,11.7,1.9
2023-01-01 05:00:00,30.53,10.45,1.17,9.94,1.79
2023-01-01 06:00:00,35.4,10.4,0.47,11.96,1.72
2023-01-01 07:00:00,38.48,10.49,0.47,8.72,1.71
2023-01-01 08:00:00,21.75,10.52,0.47,13.44,1.7
2023-01-01 09:00:00,19.06,10.5,0.47,24.6,1.75
2023-01-01 10:00:00,11.41,10.52,0.47,35.35,1.71
2023-01-01 11:00:00,8.2,10.65,0.47,36.98,1.72
2023-01-01 12:00:00,6.35,10.75,0.47,41.07,1.73
2023-01-01 13:00:00,5.39,11.73,0.47,46.29,1.85
2023-01-01 14:00:00,4.33,12.36,0.47,53.35,2
2023-01-01 15:00:00,3.94,11.58,0.47,52.84,1.79
2023-01-01 16:00:00,5.01,10.77,0.47,49.29,1.76
2023-01-01 17:00:00,9.88,10.76,0.47,46.58,1.66
2023-01-01 18:00:00,15.14,10.9,0.47,44.26,1.7
2023-01-01 19:00:00,14.55,10.84,0.47,40.07,1.72
2023-01-01 20:00:00,31.08,10.81,1.32,31.03,1.8
2023-01-01 21:00:00,32.8,10.87,2.47,26.32,1.87
2023-01-01 22:00:00,28.2,10.72,3.0,21.96,1.93
2023-01-01 23:00:00,38.02,10.69,2.19,21.39,1.84
2023-01-02 00:00:00,47.11,10.62,2.2,18.52,1.88
2023-01-02 01:00:00,32.53,10.49,1.58,16.6,1.79
2023-01-02 02:00:00,29.77,10.47,1.37,13.43,1.79
2023-01-02 03:00:00,35.25,10.38,1.61,10.46,1.79
2023-01-02 04:00:00,24.97,11.37,3.63,9.85,1.83
2023-01-02 05:00:00,27.86,13.39,4.26,9.46,1.78
2023-01-02 06:00:00,31.3,15.37,4.55,11.38,1.82
2023-01-02 07:00:00,34.14,14.14,6.32,14.88,2.03
2023-01-02 08:00:00,18.66,12.6,4.63,19.69,2.03
2023-01-02 09:00:00,18.73,11.91,3.25,20.86,1.92
2023-01-02 10:00:00,16.73,11.23,1.92,25.67,1.9
2023-01-02 11:00:00,25.49,13.71,2.15,27.77,1.75
2023-01-02 12:00:00,15.68,30.43,5.21,27.26,1.71
2023-01-02 13:00:00,20.24,30.7,4.4,31.48,1.73
2023-01-02 14:00:00,13.68,41.14,2.91,31.83,1.75
2023-01-02 15:00:00,22.53,21.35,0.47,38.03,1.69
2023-01-02 16:00:00,13.1,21.62,2.59,37.66,1.77
2023-01-02 17:00:00,9.52,20.91,5.39,30.8,1.83
2023-01-02 18:00:00,16.49,14.03,4.1,22.07,2.07
2023-01-02 19:00:00,15.8,13.13,1.78,29.88,1.83
2023-01-02 20:00:00,16.28,12.39,5.26,21.98,2.06
2023-01-02 21:00:00,24.37,12.17,6.22,13.97,2.12
2023-01-02 22:00:00,19.28,12.41,5.91,11.73,2.15
2023-01-02 23:00:00,23.88,12.13,3.89,16.32,1.95
2023-01-03 00:00:00,18.8,11.12,2.77,12.3,1.92
2023-01-03 01:00:00,23.14,10.99,2.16,9.48,1.82
2023-01-03 02:00:00,13.35,11.03,3.47,10.01,1.89
2023-01-03 03:00:00,19.29,10.87,0.47,26.49,1.66
2023-01-03 04:00:00,11.45,10.75,0.47,28.76,1.64
2023-01-03 05:00:00,6.35,10.69,0.47,22.29,1.52
2023-01-03 06:00:00,3.92,10.62,0.47,13.26,1.71
2023-01-03 07:00:00,5.37,10.53,0.47,16.8,1.67
2023-01-03 08:00:00,14.44,10.55,0.47,17.45,1.6
2023-01-03 09:00:00,9.73,10.6,0.47,20.41,1.65
2023-01-03 10:00:00,6.99,10.5,0.47,26.38,1.59
2023-01-03 11:00:00,6.12,10.65,1.18,34.31,1.59
2023-01-03 12:00:00,4.17,10.59,0.47,41.09,1.58
2023-01-03 13:00:00,2.98,10.57,0.47,46.0,1.63
2023-01-03 14:00:00,3.77,10.72,0.47,43.32,1.54
2023-01-03 15:00:00,2.75,10.53,0.47,43.54,1.46
2023-01-03 16:00:00,3.1,10.66,0.47,43.02,1.52
2023-01-03 17:00:00,3.52,10.72,0.47,36.95,1.54
2023-01-03 18:00:00,5.18,10.56,0.47,30.47,1.46
2023-01-03 19:00:00,10.41,10.52,1.6,25.66,1.52
2023-01-03 20:00:00,18.91,10.52,0.47,23.41,1.57
2023-01-03 21:00:00,22.58,10.53,0.47,18.83,1.57
2023-01-03 22:00:00,20.78,10.53,0.47,17.21,1.54
2023-01-03 23:00:00,17.73,10.51,0.47,16.06,1.55
2023-01-04 00:00:00,22.72,10.56,0.47,14.17,1.52
2023-01-04 01:00:00,19.86,10.51,0.47,11.69,1.6
2023-01-04 02:00:00,12.65,10.52,0.47,11.64,1.75
2023-01-04 03:00:00,8.56,10.57,0.47,9.28,1.76
2023-01-04 04:00:00,8.56,10.62,1.14,5.39,1.75
2023-01-04 05:00:00,7.51,10.58,1.09,4.74,1.76
2023-01-04 06:00:00,30.34,10.56,1.57,3.37,1.8
2023-01-04 07:00:00,16.47,10.59,3.19,3.61,1.77
2023-01-04 08:00:00,10.58,10.63,3.89,7.33,2.02
2023-01-04 09:00:00,11.39,10.64,4.49,12.09,1.99
2023-01-04 10:00:00,24.2,18.45,5.13,21.18,1.87
2023-01-04 11:00:00,14.53,57.41,8.81,48.61,1.85
2023-01-04 12:00:00,16.22,40.96,4.14,59.09,1.79
2023-01-04 13:00:00,14.68,16.25,2.42,56.18,1.7
2023-01-04 14:00:00,9.37,11.61,1.66,46.68,1.68
2023-01-04 15:00:00,7.17,12.01,1.74,41.4,1.69
2023-01-04 16:00:00,11.37,10.82,1.13,42.64,1.6
2023-01-04 17:00:00,7.78,10.74,0.47,43.65,1.65
2023-01-04 18:00:00,6.24,11.51,3.4,36.76,1.71
2023-01-04 19:00:00,13.54,10.74,6.83,31.86,1.77
2023-01-04 20:00:00,10.65,10.77,5.19,21.42,1.73
2023-01-04 21:00:00,25.84,11.53,4.74,17.24,1.82
2023-01-04 22:00:00,41.72,12.27,3.61,15.19,1.81
2023-01-04 23:00:00,25.8,12.23,2.96,14.91,1.79
2023-01-05 00:00:00,21.31,11.49,4.08,14.2,1.78
2023-01-05 01:00:00,34.9,10.89,3.36,11.57,1.71
2023-01-05 02:00:00,27.76,10.74,3.06,8.74,1.77
2023-01-05 03:00:00,15.56,10.74,2.65,4.87,1.72
2023-01-05 04:00:00,13.55,10.85,2.27,4.23,1.77
2023-01-05 05:00:00,16.57,10.66,3.09,2.37,1.78
2023-01-05 06:00:00,15.64,10.73,4.56,0.98,1.73
2023-01-05 07:00:00,10.7,10.73,6.13,0.98,1.82
2023-01-05 08:00:00,20.06,10.79,7.42,5.86,1.94
2023-01-05 09:00:00,12.11,10.79,5.18,16.65,1.85
2023-01-05 10:00:00,7.49,10.76,3.47,28.4,1.75
2023-01-05 11:00:00,8.08,10.65,2.62,37.02,1.71
2023-01-05 12:00:00,6.07,10.69,1.62,52.31,1.67
2023-01-05 13:00:00,5.17,11.22,1.59,56.13,1.66
2023-01-05 14:00:00,6.31,11.25,2.23,48.58,1.68
2023-01-05 15:00:00,4.99,10.68,0.47,46.75,1.6
2023-01-05 16:00:00,6.52,10.61,0.99,45.18,1.61
2023-01-05 17:00:00,5.42,10.73,1.42,44.09,1.64
2023-01-05 18:00:00,15.89,10.63,2.48,41.96,1.65
2023-01-05 19:00:00,21.59,10.64,2.91,36.08,1.66
2023-01-05 20:00:00,26.75,10.68,2.67,28.59,1.71
2023-01-05 21:00:00,43.53,10.56,2.63,25.76,1.67
2023-01-05 22:00:00,30,10.61,1.74,23.21,1.7
2023-01-05 23:00:00,28.52,10.63,2.6,21.3,1.7
2023-01-06 00:00:00,21.53,10.48,3.08,19.08,1.75
2023-01-06 01:00:00,31.98,10.64,2.34,18.63,1.71
2023-01-06 02:00:00,19.04,10.46,2.33,15.73,1.73
2023-01-06 03:00:00,11.71,10.73,1.78,12.78,1.75
2023-01-06 04:00:00,8.79,10.55,2.05,14.01,1.68
2023-01-06 05:00:00,12.25,10.42,2.48,10.48,1.73
2023-01-06 06:00:00,26.22,10.58,6.46,4.1,1.85
2023-01-06 07:00:00,13.5,10.69,10.21,3.9,1.89
2023-01-06 08:00:00,12.48,10.76,11.14,15.47,2.03
2023-01-06 09:00:00,24.97,10.73,6.11,26.56,1.75
2023-01-06 10:00:00,27.09,10.67,2.3,35.48,1.71
2023-01-06 11:00:00,24.83,10.73,2.04,35.56,1.67
2023-01-06 12:00:00,15.17,10.7,1.15,36.32,1.63
2023-01-06 13:00:00,13.13,10.62,1.76,34.72,1.68
2023-01-06 14:00:00,10.4,10.72,0.96,33.78,1.59
2023-01-06 15:00:00,18.1,10.76,0.47,30.92,1.63
2023-01-06 16:00:00,21.83,10.72,0.47,27.29,1.64
2023-01-06 17:00:00,18.26,10.74,0.47,25.31,1.65
2023-01-06 18:00:00,33.4,10.77,2.1,21.87,1.72
2023-01-06 19:00:00,42.2,10.73,1.91,20.41,1.7
2023-01-06 20:00:00,40.75,10.61,1.84,17.0,1.73
2023-01-06 21:00:00,42.72,10.69,1.71,15.62,1.72
2023-01-06 22:00:00,44.43,10.61,2.58,14.76,1.7
2023-01-06 23:00:00,29.63,10.69,2.34,13.17,1.69
2023-01-07 00:00:00,28.63,10.7,1.87,12.88,1.7
2023-01-07 01:00:00,40.4,10.61,1.95,11.58,1.75
2023-01-07 02:00:00,23.2,10.52,1.89,9.57,1.77
2023-01-07 03:00:00,24.01,10.61,1.55,9.66,1.8
2023-01-07 04:00:00,19.97,10.78,2.05,7.26,1.84
2023-01-07 05:00:00,21.81,10.71,2.67,3.87,1.82
2023-01-07 06:00:00,23,10.9,4.81,0.98,1.87
2023-01-07 07:00:00,24.75,10.83,5.53,5.13,1.93
2023-01-07 08:00:00,25.22,10.94,6.53,7.88,1.95
2023-01-07 09:00:00,28.72,10.74,2.77,17.44,1.77
2023-01-07 10:00:00,25.93,10.71,1.67,20.65,1.79
2023-01-07 11:00:00,15.66,10.65,1.41,20.48,1.8
2023-01-07 12:00:00,21.75,10.72,1.22,22.19,1.77
2023-01-07 13:00:00,13.57,10.73,1.55,24.33,1.75
2023-01-07 14:00:00,10.4,10.7,0.47,22.84,1.77
2023-01-07 15:00:00,18.13,10.7,0.99,21.87,1.78
2023-01-07 16:00:00,17.13,10.74,1.22,21.21,1.74
2023-01-07 17:00:00,17.29,10.77,0.47,21.28,1.75
2023-01-07 18:00:00,27.62,10.74,0.47,20.49,1.75
2023-01-07 19:00:00,40.31,10.74,0.47,17.93,1.8
2023-01-07 20:00:00,37.25,11.0,1.61,14.4,1.87
2023-01-07 21:00:00,41.78,10.84,1.42,13.06,1.88
2023-01-07 22:00:00,35.63,10.78,2.16,10.84,1.93
2023-01-07 23:00:00,33.19,10.71,1.22,10.7,1.9
2023-01-08 00:00:00,28.45,10.58,1.79,8.48,2.05
2023-01-08 01:00:00,29.11,10.53,1.19,7.39,1.82
2023-01-08 02:00:00,19.01,10.67,0.47,6.53,1.78
2023-01-08 03:00:00,13.3,10.66,2.7,6.57,1.74
2023-01-08 04:00:00,21.17,10.72,4.27,5.02,1.74
2023-01-08 05:00:00,24.93,10.59,5.63,3.6,1.8
2023-01-08 06:00:00,30.97,11.6,8.57,3.88,1.86
2023-01-08 07:00:00,12.54,10.87,4.97,4.77,2.16
2023-01-08 08:00:00,25.98,10.85,4.55,9.71,2.21
2023-01-08 09:00:00,20.97,10.76,1.81,14.69,2.05
2023-01-08 10:00:00,16.09,10.79,0.47,18.07,2.01
2023-01-08 11:00:00,14.58,10.78,0.47,18.91,2.05
2023-01-08 12:00:00,18.72,10.76,1.0,21.85,2.07
2023-01-08 13:00:00,11.57,10.77,0.47,23.99,2.13
2023-01-08 14:00:00,7.13,10.86,0.47,23.27,2.19
2023-01-08 15:00:00,4.83,10.76,0.47,22.96,2.15
2023-01-08 16:00:00,8,10.82,0.47,21.25,2.12
2023-01-08 17:00:00,12.44,10.84,,19.95,2.15
2023-01-08 18:00:00,23.53,10.77,0.47,18.2,2.13
2023-01-08 19:00:00,28.98,10.76,0.47,17.23,2.11
2023-01-08 20:00:00,15.96,10.75,0.47,16.01,2.12
2023-01-08 21:00:00,12.9,10.75,0.47,14.87,2.13
2023-01-08 22:00:00,20.52,10.77,1.25,13.08,2.16
2023-01-08 23:00:00,12.42,10.82,2.33,11.71,2.16
2023-01-09 00:00:00,19.81,10.71,2.65,10.35,2.15
2023-01-09 01:00:00,20.95,10.68,1.54,10.18,1.9
2023-01-09 02:00:00,12.47,10.78,3.47,7.32,1.72
2023-01-09 03:00:00,7.9,10.67,2.73,8.14,1.68
2023-01-09 04:00:00,5.12,10.55,3.24,5.79,1.62
2023-01-09 05:00:00,14.25,10.78,2.4,6.88,1.67
2023-01-09 06:00:00,12.85,10.8,3.76,5.8,1.61
2023-01-09 07:00:00,13.02,10.86,7.87,4.87,1.72
2023-01-09 08:00:00,10.97,10.87,7.18,8.57,1.79
2023-01-09 09:00:00,23.39,11.24,5.38,13.65,1.7
2023-01-09 10:00:00,16.85,12.16,3.83,22.97,1.65
2023-01-09 11:00:00,10.48,12.57,2.75,28.56,1.65
2023-01-09 12:00:00,7.05,13.8,3.26,34.26,1.69
2023-01-09 13:00:00,11.05,12.08,2.6,37.8,1.73
2023-01-09 14:00:00,8.08,11.52,3.01,36.25,1.63
2023-01-09 15:00:00,6.72,11.86,1.15,37.92,1.65
2023-01-09 16:00:00,5.71,13.46,1.87,34.21,1.65
2023-01-09 17:00:00,17.54,12.52,1.06,26.28,1.63
2023-01-09 18:00:00,23.51,12.07,3.27,23.69,1.69
2023-01-09 19:00:00,33.97,11.13,3.26,20.66,1.66
2023-01-09 20:00:00,34.14,10.99,4.69,17.32,1.68
2023-01-09 21:00:00,37.43,10.98,5.54,14.12,1.7
2023-01-09 22:00:00,25.17,10.96,6.89,11.97,1.76
2023-01-09 23:00:00,28.41,11.13,5.08,11.74,1.74
2023-01-10 00:00:00,28.88,11.24,6.92,9.22,1.74
2023-01-10 01:00:00,18.96,11.13,5.72,7.29,1.65
2023-01-10 02:00:00,31.09,11.25,5.45,6.44,1.69
2023-01-10 03:00:00,23.47,11.2,4.58,6.47,1.7
2023-01-10 04:00:00,13.92,11.31,6.29,4.82,1.68
2023-01-10 05:00:00,10.61,11.23,7.21,0.98,1.75
2023-01-10 06:00:00,17.62,11.38,7.63,0.98,1.75
2023-01-10 07:00:00,10.78,11.24,10.35,4.11,1.86
2023-01-10 08:00:00,15.26,11.24,11.82,8.19,1.88
2023-01-10 09:00:00,12.92,11.31,14.54,16.14,1.97
2023-01-10 10:00:00,13.52,11.94,10.6,30.48,1.84
2023-01-10 11:00:00,19.02,11.96,8.58,42.61,1.7
2023-01-10 12:00:00,18.11,13.06,9.37,55.34,1.7
2023-01-10 13:00:00,11.02,13.87,8.55,58.13,1.68
2023-01-10 14:00:00,14.52,12.07,8.57,61.48,1.72
2023-01-10 15:00:00,28.53,12.62,12.9,37.26,1.75
2023-01-10 16:00:00,33.79,12.09,11.93,31.36,1.79
2023-01-10 17:00:00,41.45,13.75,13.59,28.42,1.82
2023-01-10 18:00:00,24.07,12.68,15.01,26.13,1.89
2023-01-10 19:00:00,28.46,11.81,21.75,17.0,2.02
2023-01-10 20:00:00,25.35,11.68,25.8,12.75,2.08
2023-01-10 21:00:00,19.47,11.31,22.77,10.15,2.09
2023-01-10 22:00:00,28.58,11.93,24.83,7.6,2.15
2023-01-10 23:00:00,24.23,11.67,24.28,6.9,2.16
2023-01-11 00:00:00,29.42,11.36,21.72,6.53,2.07
2023-01-11 01:00:00,20.04,11.54,22.94,2.1,1.99
2023-01-11 02:00:00,25.93,11.3,18.53,0.98,2.07
2023-01-11 03:00:00,43.91,11.36,17.32,0.98,2.23
2023-01-11 04:00:00,48.64,11.13,13.3,0.98,2.12
2023-01-11 05:00:00,46.75,11.01,16.8,0.98,2.04
2023-01-11 06:00:00,39.72,11.24,19.27,0.98,2.31
2023-01-11 07:00:00,25.35,11.84,20.98,2.35,2.46
2023-01-11 08:00:00,31.08,14.09,23.51,7.41,2.24
2023-01-11 09:00:00,32.73,16.24,26.9,17.01,2.04
2023-01-11 10:00:00,18.89,44.6,20.03,26.06,1.91
2023-01-11 11:00:00,15.13,43.5,15.36,38.17,1.72
2023-01-11 12:00:00,23.02,15.46,7.92,44.78,1.69
2023-01-11 13:00:00,13.06,15.34,7.85,65.81,1.62
2023-01-11 14:00:00,8.6,14.16,6.1,59.44,1.61
2023-01-11 15:00:00,6.23,12.96,2.25,54.17,1.52
2023-01-11 16:00:00,4.66,11.62,2.81,49.67,1.53
2023-01-11 17:00:00,4.74,11.3,4.78,45.41,1.57
2023-01-11 18:00:00,3.21,11.95,5.24,55.87,1.61
2023-01-11 19:00:00,4.76,12.65,12.02,53.94,1.8
2023-01-11 20:00:00,26.73,12.7,14.11,42.56,1.85
2023-01-11 21:00:00,27.19,11.78,14.7,35.0,1.78
2023-01-11 22:00:00,30.56,11.6,16.13,29.75,1.84
2023-01-11 23:00:00,43.54,11.42,15.56,27.54,1.92
2023-01-12 00:00:00,50.13,11.32,20.38,21.29,1.93
2023-01-12 01:00:00,41.93,11.37,20.96,12.38,1.87
2023-01-12 02:00:00,37.49,11.5,21.83,8.68,2.03
2023-01-12 03:00:00,32.23,11.52,14.76,8.52,1.95
2023-01-12 04:00:00,28.4,11.36,17.52,4.89,1.93
2023-01-12 05:00:00,31.79,11.4,19.5,2.98,1.98
2023-01-12 06:00:00,42,11.64,18.99,1.97,2.35
2023-01-12 07:00:00,41.92,12.24,23.62,5.37,2.34
2023-01-12 08:00:00,42.81,25.17,56.89,24.16,2.2
2023-01-12 09:00:00,38.27,38.35,28.73,31.99,1.86
2023-01-12 10:00:00,43.85,63.24,33.93,34.98,1.72
2023-01-12 11:00:00,38.39,22.43,8.12,58.8,1.62
2023-01-12 12:00:00,21.21,16.3,7.95,64.19,1.63
2023-01-12 13:00:00,23.56,95.36,26.19,54.51,1.72
2023-01-12 14:00:00,15.23,24.26,9.46,66.91,1.65
2023-01-12 15:00:00,17.29,14.63,2.42,68.79,1.54
2023-01-12 16:00:00,20.99,12.75,0.47,67.61,1.48
2023-01-12 17:00:00,14.82,11.71,1.79,63.7,1.51
2023-01-12 18:00:00,17.76,11.95,9.03,59.1,1.87
2023-01-12 19:00:00,58.83,13.75,20.17,54.74,2.3
2023-01-12 20:00:00,45.87,15.49,26.84,46.12,2.39
2023-01-12 21:00:00,62.02,14.81,28.22,41.54,2.43
2023-01-12 22:00:00,69.61,13.15,12.71,48.02,2.28
2023-01-12 23:00:00,51.46,12.34,15.79,42.76,2.24
2023-01-13 00:00:00,39.79,12.03,12.51,40.11,2.23
2023-01-13 01:00:00,34.04,11.47,7.84,40.3,2.01
2023-01-13 02:00:00,21.19,11.34,13.72,28.46,1.92
2023-01-13 03:00:00,22.59,11.31,13.4,22.57,2
2023-01-13 04:00:00,31.61,11.39,11.21,22.2,1.95
2023-01-13 05:00:00,37.12,11.32,10.4,22.74,1.95
2023-01-13 06:00:00,36.65,11.46,15.04,16.97,2.08
2023-01-13 07:00:00,30.28,11.81,26.84,21.02,2.14
2023-01-13 08:00:00,35.47,12.04,26.59,31.42,2.05
2023-01-13 09:00:00,20.3,51.19,40.97,37.21,2.1
2023-01-13 10:00:00,26.06,80.36,27.12,37.17,1.91
2023-01-13 11:00:00,38.69,63.5,22.68,48.84,1.79
2023-01-13 12:00:00,23.33,32.92,9.4,52.32,1.8
2023-01-13 13:00:00,28.18,20.53,8.81,73.66,1.8
2023-01-13 14:00:00,24.35,15.91,3.91,76.46,1.77
2023-01-13 15:00:00,23.38,13.41,11.8,55.52,1.82
2023-01-13 16:00:00,32.05,14.76,27.76,29.3,1.98
2023-01-13 17:00:00,35.26,13.33,22.9,29.29,2.03
2023-01-13 18:00:00,24.84,12.09,22.97,23.2,2.1
2023-01-13 19:00:00,25.4,11.66,29.24,21.25,2.23
2023-01-13 20:00:00,29.41,11.69,30.69,16.87,2.15
2023-01-13 21:00:00,21.44,11.62,24.03,8.48,2.12
2023-01-13 22:00:00,28.3,11.67,25.41,6.53,2.33
2023-01-13 23:00:00,26.47,11.72,28.63,4.23,2.6
2023-01-14 00:00:00,15.14,11.59,26.04,3.74,2.78
2023-01-14 01:00:00,21.23,11.63,23.39,4.95,2.16
2023-01-14 02:00:00,28.43,38.69,15.22,8.65,1.71
2023-01-14 03:00:00,17.04,24.42,10.99,9.94,1.78
2023-01-14 04:00:00,14.15,53.81,15.4,7.14,1.72
2023-01-14 05:00:00,15.99,101.6,14.81,6.57,1.69
2023-01-14 06:00:00,19.23,141.1,16.59,7.72,1.71
2023-01-14 07:00:00,20.38,29.23,15.75,14.02,1.75
2023-01-14 08:00:00,23.19,22.27,26.55,12.39,1.69
2023-01-14 09:00:00,25.5,17.22,11.55,17.98,1.68
2023-01-14 10:00:00,13.81,15.19,9.51,28.35,1.62
2023-01-14 11:00:00,13.14,14.03,7.46,33.4,1.66
2023-01-14 12:00:00,15.91,12.97,6.1,36.4,1.64
2023-01-14 13:00:00,10.61,12.19,3.47,41.24,1.57
2023-01-14 14:00:00,6.37,11.7,1.72,43.39,1.53
2023-01-14 15:00:00,4.61,11.63,2.07,42.23,1.58
2023-01-14 16:00:00,3.69,11.63,3.99,42.12,1.57
2023-01-14 17:00:00,3.42,11.47,4.0,38.75,1.64
2023-01-14 18:00:00,3.3,11.41,3.75,38.61,1.57
2023-01-14 19:00:00,3.53,11.29,4.46,31.68,1.55
2023-01-14 20:00:00,8.26,11.33,7.32,23.62,1.59
2023-01-14 21:00:00,18.55,11.49,9.04,19.97,1.71
2023-01-14 22:00:00,13.94,11.34,5.64,18.02,1.74
2023-01-14 23:00:00,24.63,11.18,4.47,17.21,1.63
2023-01-15 00:00:00,27.14,11.3,4.73,17.73,1.64
2023-01-15 01:00:00,28.52,11.24,5.92,15.11,1.67
2023-01-15 02:00:00,18.74,10.83,5.31,14.16,1.84
2023-01-15 03:00:00,16.56,10.91,4.03,13.28,1.77
2023-01-15 04:00:00,13.32,11.0,4.27,11.85,1.8
2023-01-15 05:00:00,21.38,10.71,4.2,10.59,1.78
2023-01-15 06:00:00,12.15,10.84,4.64,11.71,1.75
2023-01-15 07:00:00,8.07,10.89,5.2,11.07,1.76
2023-01-15 08:00:00,10.75,10.76,4.78,15.44,1.79
2023-01-15 09:00:00,9.84,10.79,4.89,18.91,1.78
2023-01-15 10:00:00,7.69,10.71,4.27,21.23,1.81
2023-01-15 11:00:00,6.95,10.87,4.8,24.93,1.85
2023-01-15 12:00:00,14.69,10.92,4.8,26.96,1.91
2023-01-15 13:00:00,15.54,10.93,4.71,32.61,2.33
2023-01-15 14:00:00,10.17,10.65,3.17,35.13,2.18
2023-01-15 15:00:00,7.24,10.77,2.81,33.22,1.93
2023-01-15 16:00:00,8.14,10.57,2.41,31.5,1.85
2023-01-15 17:00:00,6.51,10.61,1.42,34.49,1.8
2023-01-15 18:00:00,10.64,10.64,2.73,28.07,1.81
2023-01-15 19:00:00,14.8,10.7,4.68,26.1,1.85
2023-01-15 20:00:00,9.65,10.68,5.14,22.37,1.83
2023-01-15 21:00:00,6.46,10.67,7.26,18.83,1.83
2023-01-15 22:00:00,13.06,10.61,7.21,18.38,1.82
2023-01-15 23:00:00,11.53,10.58,5.55,19.42,1.82
2023-01-16 00:00:00,13.67,10.5,4.57,19.59,1.8
2023-01-16 01:00:00,10.13,10.55,3.56,19.28,1.7
2023-01-16 02:00:00,6.81,10.65,3.61,17.3,1.78
2023-01-16 03:00:00,9.26,10.54,2.93,16.44,1.75
2023-01-16 04:00:00,5.94,10.69,3.88,13.53,1.8
2023-01-16 05:00:00,4.43,10.59,11.33,6.25,1.87
2023-01-16 06:00:00,12.25,10.79,14.43,3.38,1.95
2023-01-16 07:00:00,17.77,11.07,16.24,6.73,1.99
2023-01-16 08:00:00,20.92,11.0,12.0,13.67,2.04
2023-01-16 09:00:00,,10.77,11.11,22.47,
2023-01-16 10:00:00,,11.06,11.68,32.62,
2023-01-16 11:00:00,,11.6,7.33,40.13,
2023-01-16 12:00:00,,11.79,7.49,46.43,
2023-01-16 13:00:00,,10.66,3.43,44.68,
2023-01-16 14:00:00,,11.25,4.0,38.83,
2023-01-16 15:00:00,6.11,11.25,2.77,39.24,1.82
2023-01-16 16:00:00,5.85,11.33,2.56,39.1,1.95
2023-01-16 17:00:00,5.05,11.37,2.37,36.78,1.98
2023-01-16 18:00:00,10.06,11.31,2.75,34.32,1.97
2023-01-16 19:00:00,16.29,11.06,3.75,31.69,2
2023-01-16 20:00:00,11.82,10.89,4.6,30.76,1.96
2023-01-16 21:00:00,18.39,10.73,4.73,27.8,1.95
2023-01-16 22:00:00,15.43,10.75,3.89,27.89,1.96
2023-01-16 23:00:00,11.64,10.68,3.85,26.24,1.97
2023-01-17 00:00:00,10.58,10.79,4.61,24.55,1.98
2023-01-17 01:00:00,17.01,10.66,4.83,22.18,1.83
2023-01-17 02:00:00,10.43,10.77,4.83,20.53,1.7
2023-01-17 03:00:00,11.05,10.52,4.82,18.2,1.71
2023-01-17 04:00:00,7.98,10.51,3.76,17.97,1.67
2023-01-17 05:00:00,4.74,10.69,5.01,16.28,1.66
2023-01-17 06:00:00,3.14,10.5,10.4,12.23,1.71
2023-01-17 07:00:00,4.62,11.26,13.34,12.13,1.74
2023-01-17 08:00:00,12.57,10.76,15.06,16.9,1.84
2023-01-17 09:00:00,12.64,63.12,8.91,,1.78
2023-01-17 10:00:00,8.48,13.45,11.89,32.96,2.02
2023-01-17 11:00:00,6.93,12.97,3.22,38.93,1.57
2023-01-17 12:00:00,5.74,12.97,3.68,41.09,1.66
2023-01-17 13:00:00,17.11,13.32,3.08,40.1,1.68
2023-01-17 14:00:00,10.82,12.96,2.12,39.02,1.69
2023-01-17 15:00:00,6.38,12.97,2.71,38.22,1.72
2023-01-17 16:00:00,5.3,13.17,2.84,37.98,1.73
2023-01-17 17:00:00,10.09,13.22,3.18,37.82,1.71
2023-01-17 18:00:00,31.82,12.77,3.48,36.58,1.75
2023-01-17 19:00:00,18.67,12.46,3.99,35.63,1.69
2023-01-17 20:00:00,25.79,12.48,4.27,32.65,1.7
2023-01-17 21:00:00,17.41,12.56,3.9,32.28,1.71
2023-01-17 22:00:00,26.87,12.22,3.22,32.54,1.66
2023-01-17 23:00:00,14.82,12.37,2.63,31.92,1.64
2023-01-18 00:00:00,13.52,12.28,2.73,31.27,1.67
2023-01-18 01:00:00,17.37,12.41,2.88,31.34,1.61
2023-01-18 02:00:00,10.92,12.32,2.68,30.4,1.57
2023-01-18 03:00:00,19.29,12.47,2.72,27.78,1.63
2023-01-18 04:00:00,10.21,12.25,2.19,26.78,1.62
2023-01-18 05:00:00,6.42,12.29,1.0,30.88,1.63
2023-01-18 06:00:00,5.45,12.21,3.03,28.25,1.65
2023-01-18 07:00:00,7.6,12.53,6.36,24.51,1.68
2023-01-18 08:00:00,8.75,12.41,9.6,21.04,1.71
2023-01-18 09:00:00,19.82,12.59,6.8,22.74,1.67
2023-01-18 10:00:00,18.09,12.62,6.41,22.48,1.68
2023-01-18 11:00:00,11.67,12.53,4.75,26.01,1.68
2023-01-18 12:00:00,14.23,12.52,4.95,27.88,1.67
2023-01-18 13:00:00,7.81,12.98,3.83,28.7,1.66
2023-01-18 14:00:00,6.36,12.62,3.55,26.98,1.67
2023-01-18 15:00:00,5.58,12.8,2.75,28.5,1.67
2023-01-18 16:00:00,5.41,13.17,2.59,29.09,1.6
2023-01-18 17:00:00,5.09,12.85,4.06,27.04,1.61
2023-01-18 18:00:00,5.48,12.5,5.31,25.25,1.68
2023-01-18 19:00:00,8.19,12.53,7.83,20.87,1.75
2023-01-18 20:00:00,6.9,12.67,8.25,20.8,1.74
2023-01-18 21:00:00,11.74,12.82,6.25,21.86,1.67
2023-01-18 22:00:00,16.95,12.74,5.09,21.26,1.69
2023-01-18 23:00:00,13.64,12.6,4.35,21.59,1.69
2023-01-19 00:00:00,15.16,12.84,3.51,22.46,1.65
2023-01-19 01:00:00,9.83,12.72,1.99,23.2,1.62
2023-01-19 02:00:00,6.26,12.8,1.76,22.57,1.66
2023-01-19 03:00:00,5.34,12.9,1.11,22.6,1.65
2023-01-19 04:00:00,4.9,13.27,1.4,21.9,1.67
2023-01-19 05:00:00,4.78,12.93,1.66,20.74,1.66
2023-01-19 06:00:00,4.09,12.64,2.48,20.12,1.66
2023-01-19 07:00:00,7.69,13.09,5.89,17.15,1.7
2023-01-19 08:00:00,5.72,13.14,6.51,17.56,1.73
2023-01-19 09:00:00,11.52,13.27,5.71,19.67,1.72
2023-01-19 10:00:00,7.71,13.32,3.46,24.02,1.69
2023-01-19 11:00:00,6.07,13.24,3.34,27.47,1.69
2023-01-19 12:00:00,5.12,13.19,4.21,29.22,1.68
2023-01-19 13:00:00,4.73,13.08,2.68,29.26,1.67
2023-01-19 14:00:00,3.57,13.32,2.88,30.32,1.68
2023-01-19 15:00:00,3.68,13.33,2.97,30.09,1.75
2023-01-19 16:00:00,4.27,13.3,2.67,29.32,1.72
2023-01-19 17:00:00,3.64,13.28,1.75,27.76,1.69
2023-01-19 18:00:00,9.25,13.15,2.91,24.44,1.72
2023-01-19 19:00:00,12.07,13.33,4.85,21.12,1.79
2023-01-19 20:00:00,8.26,13.07,4.05,19.74,1.69
2023-01-19 21:00:00,13.84,12.7,5.09,18.64,1.7
2023-01-19 22:00:00,13,12.92,4.52,17.58,1.75
2023-01-19 23:00:00,14.44,12.92,4.18,16.2,1.72
2023-01-20 00:00:00,21.91,13.12,3.34,15.54,1.7
2023-01-20 01:00:00,13.77,13.11,3.44,16.08,1.68
2023-01-20 02:00:00,9.69,12.74,3.21,14.31,1.69
2023-01-20 03:00:00,7.72,12.51,3.5,12.02,1.7
2023-01-20 04:00:00,5.64,12.77,4.2,9.73,1.69
2023-01-20 05:00:00,4.5,12.44,4.61,9.0,1.72
2023-01-20 06:00:00,4.81,12.54,7.87,6.29,1.76
2023-01-20 07:00:00,3.67,12.6,6.48,6.97,1.75
2023-01-20 08:00:00,3.45,13.01,6.1,9.98,1.79
2023-01-20 09:00:00,5.57,13.3,5.21,15.16,1.79
2023-01-20 10:00:00,3.26,13.37,4.52,24.15,1.79
2023-01-20 11:00:00,6.07,13.5,3.42,31.43,1.79
2023-01-20 12:00:00,3.84,13.45,4.12,35.11,1.75
2023-01-20 13:00:00,3.33,13.64,3.47,39.52,1.79
2023-01-20 14:00:00,2.9,13.54,4.02,39.63,1.71
2023-01-20 15:00:00,4.12,13.5,3.95,46.61,1.72
2023-01-20 16:00:00,5.55,13.58,3.74,37.83,1.82
2023-01-20 17:00:00,11.79,13.66,2.28,35.95,1.82
2023-01-20 18:00:00,14.24,13.51,3.95,32.47,1.83
2023-01-20 19:00:00,19.76,13.33,6.35,26.73,1.88
2023-01-20 20:00:00,26.86,13.39,6.0,22.98,1.85
2023-01-20 21:00:00,16.93,12.99,8.13,17.72,1.86
2023-01-20 22:00:00,21.3,12.88,9.34,15.83,1.92
2023-01-20 23:00:00,22.99,13.12,11.73,14.66,2.01
2023-01-21 00:00:00,21.53,13.21,11.22,13.76,2.04
2023-01-21 01:00:00,18.53,13.3,11.49,11.26,1.81
2023-01-21 02:00:00,20.14,13.37,12.11,8.38,1.84
2023-01-21 03:00:00,12.92,12.91,11.89,5.32,1.82
2023-01-21 04:00:00,23.47,12.8,9.8,6.1,1.76
2023-01-21 05:00:00,18.16,12.44,9.0,5.93,1.73
2023-01-21 06:00:00,14.34,12.54,9.14,5.06,1.74
2023-01-21 07:00:00,14.8,12.9,9.27,5.2,1.82
2023-01-21 08:00:00,11.6,13.31,9.85,13.0,1.91
2023-01-21 09:00:00,19.53,13.52,9.65,25.92,1.86
2023-01-21 10:00:00,10.62,13.51,7.08,40.4,1.88
2023-01-21 11:00:00,8.66,18.41,10.71,55.08,1.83
2023-01-21 12:00:00,13.16,27.84,9.97,54.17,1.79
2023-01-21 13:00:00,13.85,20.01,6.48,66.0,1.77
2023-01-21 14:00:00,22.7,18.09,10.36,73.92,1.79
2023-01-21 15:00:00,12,15.5,3.59,81.61,1.75
2023-01-21 16:00:00,8.74,14.37,2.36,79.99,1.71
2023-01-21 17:00:00,24.36,14.71,17.26,47.93,2.1
2023-01-21 18:00:00,95.77,14.69,5.99,48.16,2.07
2023-01-21 19:00:00,57.52,13.68,13.1,35.15,2.25
2023-01-21 20:00:00,39.39,13.53,10.87,35.78,2.18
2023-01-21 21:00:00,24.92,13.51,12.54,30.01,2.31
2023-01-21 22:00:00,17.3,13.48,12.53,32.1,2.38
2023-01-21 23:00:00,10.78,13.49,15.67,21.13,2.46
2023-01-22 00:00:00,8.83,13.42,14.89,16.47,2.41
2023-01-22 01:00:00,20.99,13.35,11.91,10.69,2.09
2023-01-22 02:00:00,18.79,13.49,11.33,9.46,1.84
2023-01-22 03:00:00,13.24,13.44,12.12,10.23,1.73
2023-01-22 04:00:00,12.13,13.44,15.04,7.73,1.74
2023-01-22 05:00:00,10.84,13.46,15.44,6.06,1.69
2023-01-22 06:00:00,9.94,13.51,14.73,7.52,1.77
2023-01-22 07:00:00,17.83,13.5,13.59,8.28,1.78
2023-01-22 08:00:00,23.01,13.53,12.66,13.43,1.72
2023-01-22 09:00:00,19.15,22.78,21.97,17.82,1.77
2023-01-22 10:00:00,24.52,78.57,12.79,31.78,1.75
2023-01-22 11:00:00,26.66,27.66,6.47,57.12,1.68
2023-01-22 12:00:00,15.89,19.26,3.59,66.37,1.62
2023-01-22 13:00:00,16.08,16.97,2.66,69.84,1.68
2023-01-22 14:00:00,10.29,15.28,2.99,72.37,1.75
2023-01-22 15:00:00,7.85,14.89,2.15,76.71,1.73
2023-01-22 16:00:00,5.28,13.99,1.46,82.16,1.66
2023-01-22 17:00:00,6.12,14.12,3.78,80.36,1.69
2023-01-22 18:00:00,14.16,13.81,3.53,81.71,1.74
2023-01-22 19:00:00,8.06,13.55,4.21,82.74,1.69
2023-01-22 20:00:00,6.79,13.51,6.91,78.21,1.72
2023-01-22 21:00:00,19.1,13.45,10.7,70.48,1.75
2023-01-22 22:00:00,26.36,13.48,9.18,68.81,1.79
2023-01-22 23:00:00,17.75,13.6,13.75,62.78,1.87
2023-01-23 00:00:00,21.13,13.67,15.14,49.33,1.79
2023-01-23 01:00:00,23.03,13.51,13.37,42.21,1.74
2023-01-23 02:00:00,32.67,13.5,14.88,33.76,1.87
2023-01-23 03:00:00,19.17,13.39,10.44,36.5,1.86
2023-01-23 04:00:00,26.19,13.2,11.99,20.86,1.8
2023-01-23 05:00:00,16.29,13.0,12.23,18.49,1.78
2023-01-23 06:00:00,20.01,12.82,16.45,16.02,1.79
2023-01-23 07:00:00,13.31,13.37,35.63,9.02,2.23
2023-01-23 08:00:00,22.95,13.34,30.43,31.69,2.26
2023-01-23 09:00:00,23.06,13.31,21.41,45.26,1.99
2023-01-23 10:00:00,24.11,26.53,33.12,75.03,1.96
2023-01-23 11:00:00,15.97,55.88,37.02,115.2,1.91
2023-01-23 12:00:00,19.45,33.25,20.73,145.3,1.81
2023-01-23 13:00:00,18.4,23.57,13.27,149.4,1.74
2023-01-23 14:00:00,21.45,18.2,10.0,131.0,1.74
2023-01-23 15:00:00,13.66,15.31,16.41,105.7,1.78
2023-01-23 16:00:00,10.36,14.78,22.69,78.39,1.84
2023-01-23 17:00:00,18.46,13.82,20.18,54.5,1.79
2023-01-23 18:00:00,24.44,13.77,38.56,24.65,2.11
2023-01-23 19:00:00,17.94,13.7,30.48,29.98,2.1
2023-01-23 20:00:00,32.93,13.59,25.48,35.68,1.99
2023-01-23 21:00:00,37.34,13.3,27.48,30.0,2.07
2023-01-23 22:00:00,27.51,13.41,33.34,15.03,2.14
2023-01-23 23:00:00,55.8,13.2,28.37,20.42,2.08
2023-01-24 00:00:00,30.4,13.14,24.06,11.95,1.99
2023-01-24 01:00:00,28.36,12.94,20.07,10.79,1.82
2023-01-24 02:00:00,24.91,12.8,16.16,12.24,1.79
2023-01-24 03:00:00,13.73,12.87,12.63,11.65,1.68
2023-01-24 04:00:00,9.44,12.7,11.7,8.31,1.75
2023-01-24 05:00:00,13.19,12.77,10.32,12.91,1.7
2023-01-24 06:00:00,22.87,12.83,14.57,10.25,1.74
2023-01-24 07:00:00,13.83,13.01,22.91,6.76,2.04
2023-01-24 08:00:00,20,14.42,40.19,9.11,2.29
2023-01-24 09:00:00,26.97,29.19,38.11,27.99,2.06
2023-01-24 10:00:00,26.87,58.19,31.03,43.37,1.81
2023-01-24 11:00:00,24.71,104.6,24.97,59.86,1.76
2023-01-24 12:00:00,32.77,68.9,25.25,78.82,1.67
2023-01-24 13:00:00,18.87,27.22,12.06,101.1,1.65
2023-01-24 14:00:00,11.86,20.82,11.41,123.0,1.72
2023-01-24 15:00:00,10.04,17.63,8.18,111.3,1.63
2023-01-24 16:00:00,6.91,15.69,6.07,101.7,1.61
2023-01-24 17:00:00,8.77,14.4,5.14,100.7,1.55
2023-01-24 18:00:00,12.4,14.21,7.08,97.65,1.68
2023-01-24 19:00:00,20.33,13.81,9.44,78.73,1.77
2023-01-24 20:00:00,38.31,14.18,10.89,63.4,1.75
2023-01-24 21:00:00,31.45,14.89,9.67,59.52,1.75
2023-01-24 22:00:00,47.81,15.35,9.5,56.77,1.7
2023-01-24 23:00:00,32.62,15.22,10.36,48.08,1.71
2023-01-25 00:00:00,43.38,14.38,9.42,40.86,1.7
2023-01-25 01:00:00,42.07,13.76,9.02,33.27,1.66
2023-01-25 02:00:00,24.11,13.73,8.75,24.23,1.73
2023-01-25 03:00:00,14.52,13.64,9.28,16.75,1.77
2023-01-25 04:00:00,18.06,13.43,9.63,10.43,1.72
2023-01-25 05:00:00,11.16,13.15,7.67,13.88,1.7
2023-01-25 06:00:00,13.34,13.08,10.8,15.83,1.72
2023-01-25 07:00:00,24.72,13.11,15.38,12.56,1.83
2023-01-25 08:00:00,23.21,13.3,19.28,11.38,2.09
2023-01-25 09:00:00,32.59,15.17,53.9,54.78,2.26
2023-01-25 10:00:00,36.44,28.94,68.52,62.94,1.99
2023-01-25 11:00:00,46.97,60.69,47.47,108.3,1.88
2023-01-25 12:00:00,46.22,39.57,17.96,133.3,1.79
2023-01-25 13:00:00,25.22,23.56,9.45,126.7,1.7
2023-01-25 14:00:00,20.05,18.47,11.32,124.7,1.69
2023-01-25 15:00:00,14.39,16.57,6.84,113.7,1.72
2023-01-25 16:00:00,8.72,16.4,4.77,98.55,1.63
2023-01-25 17:00:00,9.44,15.35,5.86,78.56,1.67
2023-01-25 18:00:00,31.46,14.39,6.08,63.17,1.74
2023-01-25 19:00:00,25.67,13.82,6.77,57.16,1.77
2023-01-25 20:00:00,34.63,13.76,10.12,44.78,1.74
2023-01-25 21:00:00,38.25,13.91,10.5,39.0,1.77
2023-01-25 22:00:00,36,13.9,7.94,36.82,1.75
2023-01-25 23:00:00,36.6,13.55,7.41,33.57,1.71
2023-01-26 00:00:00,24.56,13.44,5.03,33.46,1.69
2023-01-26 01:00:00,27.02,13.25,4.33,32.42,1.7
2023-01-26 02:00:00,24.43,12.8,4.41,28.72,1.74
2023-01-26 03:00:00,22.88,12.77,3.39,27.7,1.69
2023-01-26 04:00:00,17.94,12.94,5.41,24.35,1.76
2023-01-26 05:00:00,12.62,12.65,6.47,21.59,1.75
2023-01-26 06:00:00,15.14,12.87,13.56,11.88,1.8
2023-01-26 07:00:00,11.76,12.95,20.77,9.87,2.06
2023-01-26 08:00:00,18.68,13.5,23.07,18.56,2.15
2023-01-26 09:00:00,19.59,13.52,21.64,35.54,1.97
2023-01-26 10:00:00,21.93,13.57,10.42,58.1,1.82
2023-01-26 11:00:00,14.98,13.44,7.41,71.26,1.8
2023-01-26 12:00:00,12.05,13.35,6.41,79.52,1.79
2023-01-26 13:00:00,16.61,13.5,5.93,92.23,1.75
2023-01-26 14:00:00,19.08,13.87,8.94,94.18,1.79
2023-01-26 15:00:00,12.37,13.61,5.89,99.79,1.78
2023-01-26 16:00:00,13.51,13.56,5.52,99.6,1.8
2023-01-26 17:00:00,19.01,14.48,9.24,87.24,1.82
2023-01-26 18:00:00,23.05,14.19,23.69,71.63,1.68
2023-01-26 19:00:00,52.02,14.02,15.96,62.11,1.81
2023-01-26 20:00:00,30.69,14.0,29.78,42.88,2.01
2023-01-26 21:00:00,47.03,13.85,24.65,44.4,2
2023-01-26 22:00:00,38.34,13.67,16.18,45.57,1.93
2023-01-26 23:00:00,19.98,13.58,11.62,49.8,1.88
2023-01-27 00:00:00,11.98,13.37,8.22,45.25,1.85
2023-01-27 01:00:00,18.83,13.3,5.83,43.01,1.73
2023-01-27 02:00:00,10.62,13.33,6.31,29.69,1.77
2023-01-27 03:00:00,7.78,13.14,9.67,20.51,1.77
2023-01-27 04:00:00,11.17,12.97,10.76,15.88,1.75
2023-01-27 05:00:00,12.61,12.93,10.51,13.11,1.78
2023-01-27 06:00:00,13.68,12.98,15.35,9.68,1.86
2023-01-27 07:00:00,23.9,13.61,20.2,7.83,1.96
2023-01-27 08:00:00,31.5,13.89,21.04,17.79,1.98
2023-01-27 09:00:00,24.85,13.76,26.87,27.85,2.09
2023-01-27 10:00:00,14.92,13.82,27.53,51.21,2
2023-01-27 11:00:00,10.3,15.09,15.98,84.81,1.84
2023-01-27 12:00:00,8.05,22.61,20.99,101.7,1.87
2023-01-27 13:00:00,7.99,39.5,22.23,92.38,1.77
2023-01-27 14:00:00,8.65,21.05,10.33,102.9,2.03
2023-01-27 15:00:00,,16.87,5.79,114.6,1.93
2023-01-27 16:00:00,,14.77,9.28,114.0,1.67
2023-01-27 17:00:00,15.86,13.84,9.82,119.2,1.72
2023-01-27 18:00:00,22.42,13.99,21.58,135.5,1.98
2023-01-27 19:00:00,24.26,13.89,12.93,95.26,1.92
2023-01-27 20:00:00,35.24,13.97,17.66,67.86,1.93
2023-01-27 21:00:00,42.38,14.0,19.74,54.53,2.01
2023-01-27 22:00:00,38.66,14.01,23.92,41.98,1.99
2023-01-27 23:00:00,49.53,14.0,21.95,37.27,1.98
2023-01-28 00:00:00,34.08,13.98,20.57,29.09,2.03
2023-01-28 01:00:00,39.78,13.95,20.06,25.29,1.94
2023-01-28 02:00:00,45.78,13.85,17.37,17.77,1.94
2023-01-28 03:00:00,36.58,13.66,20.86,11.06,1.91
2023-01-28 04:00:00,29.69,13.51,19.51,10.7,1.83
2023-01-28 05:00:00,40.78,13.42,17.18,8.22,1.81
2023-01-28 06:00:00,36.28,13.42,17.48,4.86,1.84
2023-01-28 07:00:00,34.78,13.74,17.89,6.09,1.91
2023-01-28 08:00:00,32.8,13.95,22.01,14.48,2.03
2023-01-28 09:00:00,32.24,16.85,22.29,34.81,2.12
2023-01-28 10:00:00,25.71,20.94,22.6,68.55,1.92
2023-01-28 11:00:00,14.75,28.21,19.99,93.03,1.91
2023-01-28 12:00:00,14.55,25.1,13.66,103.2,1.73
2023-01-28 13:00:00,25.23,18.93,13.76,122.7,1.8
2023-01-28 14:00:00,19.85,15.75,8.41,130.4,1.79
2023-01-28 15:00:00,13.69,15.24,6.55,107.9,1.75
2023-01-28 16:00:00,14.35,47.56,10.46,91.08,1.82
2023-01-28 17:00:00,61.59,53.44,10.51,77.07,2.12
2023-01-28 18:00:00,48.97,20.9,14.05,57.39,2.18
2023-01-28 19:00:00,45.93,17.11,11.34,62.24,2.14
2023-01-28 20:00:00,39.07,15.66,19.89,53.98,2.26
2023-01-28 21:00:00,23.71,14.38,16.28,47.74,2.4
2023-01-28 22:00:00,14.46,13.99,15.2,42.41,2.42
2023-01-28 23:00:00,22.45,13.99,19.18,34.28,2.23
2023-01-29 00:00:00,25.23,14.0,18.87,28.04,2.3
2023-01-29 01:00:00,14.24,13.98,22.2,20.01,2.08
2023-01-29 02:00:00,10.95,13.99,26.05,12.29,1.99
2023-01-29 03:00:00,13.84,14.01,21.74,13.6,1.96
2023-01-29 04:00:00,14.71,13.98,17.08,13.31,1.94
2023-01-29 05:00:00,35.89,14.02,17.26,9.89,1.96
2023-01-29 06:00:00,24.79,13.98,20.22,6.65,2.25
2023-01-29 07:00:00,22.71,13.89,15.83,9.29,2
2023-01-29 08:00:00,34.02,13.71,13.78,12.72,2.1
2023-01-29 09:00:00,21.61,13.97,15.11,15.81,2.08
2023-01-29 10:00:00,24.63,14.05,6.72,31.83,1.85
2023-01-29 11:00:00,26.53,13.99,2.8,43.72,1.69
2023-01-29 12:00:00,24.47,13.94,3.03,54.18,1.77
2023-01-29 13:00:00,14.94,13.57,2.13,58.37,1.72
2023-01-29 14:00:00,10.79,13.72,1.94,59.0,1.75
2023-01-29 15:00:00,11.54,13.25,1.39,59.97,1.75
2023-01-29 16:00:00,7.11,13.32,1.3,63.32,1.77
2023-01-29 17:00:00,6.15,13.25,1.11,63.37,1.69
2023-01-29 18:00:00,4.56,13.13,2.5,59.83,1.65
2023-01-29 19:00:00,2.93,13.04,2.78,56.41,1.64
2023-01-29 20:00:00,4.09,12.96,7.74,46.25,1.77
2023-01-29 21:00:00,17.92,12.94,9.48,39.08,1.77
2023-01-29 22:00:00,28.18,13.04,10.8,32.91,1.82
2023-01-29 23:00:00,16.97,13.0,11.01,27.61,1.81
2023-01-30 00:00:00,18.41,13.06,13.17,21.87,1.86
2023-01-30 01:00:00,16.38,12.93,15.94,9.95,1.82
2023-01-30 02:00:00,31.04,13.07,12.28,8.27,1.9
2023-01-30 03:00:00,24.26,13.15,8.45,8.55,1.86
2023-01-30 04:00:00,16.2,13.21,8.94,5.63,1.91
2023-01-30 05:00:00,28.8,13.42,13.49,3.93,1.93
2023-01-30 06:00:00,21.33,13.59,17.71,4.09,2.04
2023-01-30 07:00:00,21.6,13.48,15.27,4.61,1.97
2023-01-30 08:00:00,27.83,13.7,13.79,13.9,2.14
2023-01-30 09:00:00,27.28,13.49,8.58,28.44,1.94
2023-01-30 10:00:00,17.49,13.11,7.49,41.69,1.84
2023-01-30 11:00:00,10.76,13.39,6.27,60.04,1.78
2023-01-30 12:00:00,6.76,13.61,6.24,66.87,1.81
2023-01-30 13:00:00,5.05,14.53,7.33,70.86,1.89
2023-01-30 14:00:00,4.61,14.08,7.84,87.08,1.83
2023-01-30 15:00:00,4.74,13.83,5.7,113.1,1.8
2023-01-30 16:00:00,4.32,13.66,5.41,82.89,1.79
2023-01-30 17:00:00,12.4,13.92,4.46,66.67,1.78
2023-01-30 18:00:00,25.71,14.0,11.36,57.94,1.87
2023-01-30 19:00:00,15.47,14.08,16.81,53.6,1.99
2023-01-30 20:00:00,22.54,14.07,22.31,41.48,2.01
2023-01-30 21:00:00,24.02,14.11,14.08,43.9,1.88
2023-01-30 22:00:00,28.66,14.24,14.26,34.91,1.95
2023-01-30 23:00:00,20.61,14.27,18.67,24.9,2.13
2023-01-31 00:00:00,25.17,14.23,13.55,24.65,1.93
2023-01-31 01:00:00,25.41,14.31,17.27,16.96,1.87
2023-01-31 02:00:00,17.85,13.78,10.96,17.04,1.82
2023-01-31 03:00:00,12.21,13.47,10.0,15.34,1.72
2023-01-31 04:00:00,13.63,13.23,10.3,11.81,1.74
2023-01-31 05:00:00,12.31,13.05,9.92,10.41,1.7
2023-01-31 06:00:00,16.46,13.25,15.83,3.92,1.91
2023-01-31 07:00:00,21.82,13.5,15.85,4.51,2.02
2023-01-31 08:00:00,20.73,14.56,29.98,9.22,2.13
2023-01-31 09:00:00,17.62,16.67,45.9,19.93,2.34
2023-01-31 10:00:00,26,22.2,24.72,39.34,2.02
2023-01-31 11:00:00,23.07,29.89,13.92,61.31,1.88
2023-01-31 12:00:00,38.78,24.9,13.36,82.48,1.83
2023-01-31 13:00:00,22.39,21.61,15.43,107.3,1.79
2023-01-31 14:00:00,15.82,17.56,9.97,124.7,1.84
2023-01-31 15:00:00,8.5,16.07,11.52,124.9,1.81
2023-01-31 16:00:00,5.55,30.94,19.0,93.68,1.86
2023-01-31 17:00:00,11.88,22.99,14.45,106.8,1.82
2023-01-31 18:00:00,23.93,17.73,25.63,84.18,1.88
2023-01-31 19:00:00,18.98,15.88,22.72,80.45,1.95
2023-01-31 20:00:00,21.75,14.7,20.19,62.62,1.9
2023-01-31 21:00:00,31.27,14.4,18.9,50.57,1.91
2023-01-31 22:00:00,30.24,14.23,15.48,42.4,1.88
2023-01-31 23:00:00,29.61,14.24,18.19,34.79,1.94
2023-02-01 00:00:00,27.08,14.35,23.45,22.62,2.06
2023-02-01 01:00:00,42.84,14.28,22.57,12.48,1.98
2023-02-01 02:00:00,25.03,14.25,17.31,11.89,2.09
2023-02-01 03:00:00,22.11,14.16,13.61,20.3,1.89
2023-02-01 04:00:00,25.23,14.19,16.96,9.03,1.89
2023-02-01 05:00:00,23.07,14.26,18.21,6.07,1.95
2023-02-01 06:00:00,28.87,14.22,19.74,4.63,2.04
2023-02-01 07:00:00,27.37,14.28,20.55,5.59,2.18
2023-02-01 08:00:00,35.96,14.13,17.65,26.71,2.06
2023-02-01 09:00:00,29.69,13.61,18.19,48.62,1.94
2023-02-01 10:00:00,17.97,13.66,10.28,72.65,1.87
2023-02-01 11:00:00,19.52,13.78,10.59,87.19,1.79
2023-02-01 12:00:00,24.14,13.46,9.41,95.23,1.8
2023-02-01 13:00:00,18.71,13.08,7.78,98.95,1.76
2023-02-01 14:00:00,15.07,12.94,6.0,83.56,1.7
2023-02-01 15:00:00,12.82,13.12,3.94,77.04,1.67
2023-02-01 16:00:00,12.94,13.56,4.99,76.49,1.68
2023-02-01 17:00:00,16.22,13.21,5.67,68.44,1.74
2023-02-01 18:00:00,11.36,13.26,4.41,59.08,1.71
2023-02-01 19:00:00,20.27,13.11,7.63,50.8,1.75
2023-02-01 20:00:00,20.62,12.9,8.89,46.85,1.75
2023-02-01 21:00:00,33.4,13.53,13.6,39.56,2.33
2023-02-01 22:00:00,48.06,13.72,11.6,33.32,2.49
2023-02-01 23:00:00,33.61,13.32,7.41,30.09,2.02
2023-02-02 00:00:00,23.89,13.24,7.89,24.78,1.85
2023-02-02 01:00:00,23.71,13.35,5.6,24.02,1.74
2023-02-02 02:00:00,16.75,13.34,6.96,19.98,1.85
2023-02-02 03:00:00,18.95,13.49,9.24,14.12,1.89
2023-02-02 04:00:00,12.07,13.24,7.83,10.5,1.79
2023-02-02 05:00:00,8.51,13.23,7.33,10.23,1.79
2023-02-02 06:00:00,7.87,13.45,8.91,9.28,1.85
2023-02-02 07:00:00,15.92,13.78,11.35,6.07,2
2023-02-02 08:00:00,11.24,13.67,18.61,10.65,2.17
2023-02-02 09:00:00,14.62,13.75,15.67,27.51,2.01
2023-02-02 10:00:00,15.9,14.12,9.51,45.9,1.93
2023-02-02 11:00:00,10.65,13.73,4.7,54.11,1.76
2023-02-02 12:00:00,10.68,13.85,3.5,62.66,1.77
2023-02-02 13:00:00,16.62,13.8,5.01,64.64,1.74
2023-02-02 14:00:00,9.96,14.03,4.93,64.28,1.71
2023-02-02 15:00:00,9.75,13.85,2.03,58.58,1.82
2023-02-02 16:00:00,10.36,13.82,1.79,53.13,1.78
2023-02-02 17:00:00,18.59,13.02,4.96,46.32,1.86
2023-02-02 18:00:00,28.65,13.1,4.08,42.13,1.79
2023-02-02 19:00:00,18.28,13.07,5.76,43.15,1.8
2023-02-02 20:00:00,17.92,13.24,6.64,36.32,1.87
2023-02-02 21:00:00,22.47,13.26,6.19,33.09,1.87
2023-02-02 22:00:00,31.61,13.41,4.27,32.86,1.81
2023-02-02 23:00:00,18.82,13.35,4.0,32.87,1.84
2023-02-03 00:00:00,18.12,13.36,4.27,28.54,1.8
2023-02-03 01:00:00,19.62,13.25,3.9,26.54,1.76
2023-02-03 02:00:00,11.88,13.23,4.18,23.33,1.83
2023-02-03 03:00:00,7.1,13.22,4.25,20.53,1.81
2023-02-03 04:00:00,4.57,13.19,4.15,19.45,1.82
2023-02-03 05:00:00,2.89,13.15,4.32,19.49,1.83
2023-02-03 06:00:00,3.04,13.18,6.76,17.55,1.85
2023-02-03 07:00:00,7.32,13.57,17.05,10.87,2.06
2023-02-03 08:00:00,16.04,13.65,20.81,9.01,2.23
2023-02-03 09:00:00,27.61,13.47,16.63,15.53,2.12
2023-02-03 10:00:00,21.81,13.56,22.82,10.88,2.38
2023-02-03 11:00:00,20.5,13.38,16.06,22.99,2.19
2023-02-03 12:00:00,17.97,13.84,14.63,46.62,2.04
2023-02-03 13:00:00,10.46,22.63,10.22,51.55,1.92
2023-02-03 14:00:00,6.49,20.17,10.53,50.71,1.87
2023-02-03 15:00:00,5.37,16.84,8.96,36.13,1.85
2023-02-03 16:00:00,5.49,14.76,8.06,34.42,1.88
2023-02-03 17:00:00,8.59,14.15,4.46,33.17,1.88
2023-02-03 18:00:00,10.6,13.74,11.18,32.06,1.86
2023-02-03 19:00:00,6.26,13.71,20.72,25.71,2.06
2023-02-03 20:00:00,5.12,13.6,21.61,23.96,2.19
2023-02-03 21:00:00,10.71,13.57,15.34,27.35,2.09
2023-02-03 22:00:00,27.96,13.69,19.62,26.62,2.19
2023-02-03 23:00:00,15.66,13.7,19.69,20.63,2.22
2023-02-04 00:00:00,16.61,14.2,17.27,23.03,1.95
2023-02-04 01:00:00,12.2,14.17,12.35,28.53,1.7
2023-02-04 02:00:00,13.88,13.66,9.77,27.08,1.74
2023-02-04 03:00:00,8.03,13.51,4.05,30.95,1.72
2023-02-04 04:00:00,5.5,13.5,5.9,23.6,1.66
2023-02-04 05:00:00,5.1,13.48,6.64,18.08,1.63
2023-02-04 06:00:00,4.67,13.96,13.49,11.92,1.62
2023-02-04 07:00:00,5.73,14.68,12.69,11.3,1.72
2023-02-04 08:00:00,11.57,14.92,16.05,11.2,1.69
2023-02-04 09:00:00,10.79,16.25,11.94,19.5,1.7
2023-02-04 10:00:00,17.04,18.23,13.88,25.22,1.65
2023-02-04 11:00:00,1.35,17.43,8.71,39.77,
2023-02-04 12:00:00,11.46,16.75,8.15,38.83,1.8
2023-02-04 13:00:00,7.07,15.53,4.97,42.83,1.81
2023-02-04 14:00:00,4.95,14.35,2.27,41.32,1.73
2023-02-04 15:00:00,4.54,13.93,3.08,44.46,1.78
2023-02-04 16:00:00,3.47,13.63,4.28,43.54,1.8
2023-02-04 17:00:00,4.26,13.49,2.09,45.73,1.72
2023-02-04 18:00:00,4.35,13.56,3.54,41.56,1.77
2023-02-04 19:00:00,4.32,13.47,5.35,37.39,1.86
2023-02-04 20:00:00,4.03,13.51,11.29,29.11,2.04
2023-02-04 21:00:00,12.76,13.65,28.99,10.91,2.91
2023-02-04 22:00:00,11.29,16.11,27.01,9.33,2.99
2023-02-04 23:00:00,26.05,20.47,23.94,13.05,2.22
2023-02-05 00:00:00,22.82,14.9,28.23,5.09,2.59
2023-02-05 01:00:00,27.06,14.03,25.0,4.35,2.23
2023-02-05 02:00:00,29.53,13.67,18.77,4.69,2.11
2023-02-05 03:00:00,23.67,13.57,9.67,13.22,1.81
2023-02-05 04:00:00,15.47,16.44,10.91,18.11,1.58
2023-02-05 05:00:00,17.64,27.05,11.69,18.24,1.55
2023-02-05 06:00:00,18.5,20.74,21.24,15.28,1.67
2023-02-05 07:00:00,17.2,15.95,14.46,21.25,1.62
2023-02-05 08:00:00,13.37,17.76,14.68,28.61,1.62
2023-02-05 09:00:00,8.24,36.38,14.06,29.34,1.64
2023-02-05 10:00:00,8.18,48.51,10.28,35.9,1.63
2023-02-05 11:00:00,19.82,30.78,9.35,45.73,1.61
2023-02-05 12:00:00,13.22,15.5,3.82,54.12,1.56
2023-02-05 13:00:00,11.13,16.32,5.55,52.31,1.85
2023-02-05 14:00:00,15.7,15.21,3.85,51.03,1.69
2023-02-05 15:00:00,9.12,15.81,3.85,53.77,1.66
2023-02-05 16:00:00,9.23,14.12,3.92,49.57,1.68
2023-02-05 17:00:00,10.43,13.69,4.02,48.86,1.65
2023-02-05 18:00:00,8.94,13.65,3.1,46.95,1.63
2023-02-05 19:00:00,9.64,13.6,5.8,37.47,1.67
2023-02-05 20:00:00,7.74,13.6,6.69,34.59,1.67
2023-02-05 21:00:00,16.16,13.52,8.92,32.14,1.67
2023-02-05 22:00:00,11.74,13.49,8.89,30.8,1.73
2023-02-05 23:00:00,11.38,13.52,9.54,26.7,1.72
2023-02-06 00:00:00,7.64,13.49,11.84,22.94,1.73
2023-02-06 01:00:00,19.56,13.5,12.49,19.95,1.72
2023-02-06 02:00:00,12.24,13.53,12.01,15.74,1.76
2023-02-06 03:00:00,8.29,13.5,8.8,17.82,1.74
2023-02-06 04:00:00,15.93,13.51,11.76,10.06,1.86
2023-02-06 05:00:00,20.85,13.53,17.22,5.99,1.85
2023-02-06 06:00:00,25.83,13.71,17.98,5.34,1.86
2023-02-06 07:00:00,21.39,13.71,22.7,8.4,1.84
2023-02-06 08:00:00,21.95,14.02,24.1,19.87,1.99
2023-02-06 09:00:00,20.65,31.32,39.01,44.1,2.12
2023-02-06 10:00:00,22.03,98.21,25.59,39.92,1.89
2023-02-06 11:00:00,14.05,80.41,17.55,53.42,1.77
2023-02-06 12:00:00,19.91,25.28,9.12,71.54,1.71
2023-02-06 13:00:00,12.35,18.38,13.89,79.37,1.79
2023-02-06 14:00:00,11.12,16.58,3.8,100.2,1.56
2023-02-06 15:00:00,6.32,15.69,14.25,108.2,1.69
2023-02-06 16:00:00,6.75,14.82,18.05,102.8,1.71
2023-02-06 17:00:00,18.6,14.71,16.84,94.58,1.76
2023-02-06 18:00:00,32.44,14.43,15.39,67.72,1.69
2023-02-06 19:00:00,18.59,14.1,19.59,50.87,1.76
2023-02-06 20:00:00,13.08,13.57,16.97,43.56,1.67
2023-02-06 21:00:00,16.04,13.62,14.45,42.13,1.67
2023-02-06 22:00:00,16.49,14.43,11.85,43.26,1.67
2023-02-06 23:00:00,25.7,14.48,15.19,36.7,1.72
2023-02-07 00:00:00,26.25,13.46,13.3,35.0,1.7
2023-02-07 01:00:00,22.82,13.57,14.71,28.25,1.67
2023-02-07 02:00:00,19.89,13.57,18.59,18.34,1.82
2023-02-07 03:00:00,12.15,13.56,20.29,12.68,1.82
2023-02-07 04:00:00,10.87,13.6,18.48,10.45,1.89
2023-02-07 05:00:00,15.43,13.59,17.93,7.25,1.86
2023-02-07 06:00:00,27.56,13.87,15.89,11.03,1.77
2023-02-07 07:00:00,16.61,13.86,21.91,7.25,1.97
2023-02-07 08:00:00,20.09,13.94,22.42,8.43,2.13
2023-02-07 09:00:00,30.51,13.83,19.29,25.41,2.01
2023-02-07 10:00:00,32.27,14.38,12.94,52.03,1.8
2023-02-07 11:00:00,26.09,14.91,13.58,70.09,1.74
2023-02-07 12:00:00,21.23,13.91,10.17,96.8,1.79
2023-02-07 13:00:00,22.31,13.67,8.53,87.41,1.73
2023-02-07 14:00:00,12.87,13.87,5.19,80.34,1.62
2023-02-07 15:00:00,7.64,13.6,1.67,82.72,1.55
2023-02-07 16:00:00,6.65,13.78,3.19,78.49,1.63
2023-02-07 17:00:00,13.71,13.6,3.3,69.58,1.68
2023-02-07 18:00:00,23.01,13.53,3.64,58.87,1.71
2023-02-07 19:00:00,19.13,13.95,6.34,46.73,1.79
2023-02-07 20:00:00,22.1,14.61,5.44,46.03,1.82
2023-02-07 21:00:00,25.18,13.85,4.15,47.78,1.78
2023-02-07 22:00:00,31.18,13.55,2.94,33.02,1.77
2023-02-07 23:00:00,26.02,13.52,2.87,29.13,1.79
2023-02-08 00:00:00,25.06,13.53,3.49,25.85,1.71
2023-02-08 01:00:00,13.49,13.55,2.93,24.06,1.66
2023-02-08 02:00:00,14.54,13.71,4.18,16.88,1.73
2023-02-08 03:00:00,9.56,13.74,4.16,10.5,1.75
2023-02-08 04:00:00,9.55,13.7,3.11,9.28,1.69
2023-02-08 05:00:00,6.69,13.72,3.27,9.15,1.71
2023-02-08 06:00:00,10.69,13.74,5.83,4.34,1.76
2023-02-08 07:00:00,9.91,13.75,10.31,4.08,1.96
2023-02-08 08:00:00,14.44,13.97,10.77,12.73,2.16
2023-02-08 09:00:00,19.07,16.48,10.31,28.96,2.04
2023-02-08 10:00:00,13.85,14.89,8.25,53.83,1.92
2023-02-08 11:00:00,16.06,14.73,6.8,75.77,1.84
2023-02-08 12:00:00,,19.53,10.28,101.7,
2023-02-08 13:00:00,,108.3,7.94,111.2,
2023-02-08 14:00:00,,26.69,6.69,,
2023-02-08 15:00:00,,13.6,4.87,,
2023-02-08 16:00:00,,11.4,3.85,,
2023-02-08 17:00:00,10.55,11.86,2.95,,1.78
2023-02-08 18:00:00,23.94,10.9,4.33,,1.87
2023-02-08 19:00:00,23.27,10.84,6.54,,1.97
2023-02-08 20:00:00,38.2,10.61,5.35,,1.93
2023-02-08 21:00:00,36.95,10.48,4.91,,1.94
2023-02-08 22:00:00,30.46,10.47,3.93,,1.92
2023-02-08 23:00:00,42.27,10.48,6.7,,1.99
2023-02-09 00:00:00,32.37,10.49,5.38,,1.92
2023-02-09 01:00:00,31.48,10.47,5.44,,1.78
2023-02-09 02:00:00,31.41,10.45,4.42,,1.77
2023-02-09 03:00:00,20.31,10.44,3.02,,1.74
2023-02-09 04:00:00,31.96,10.48,1.48,,1.68
2023-02-09 05:00:00,17.82,10.46,2.51,,1.69
2023-02-09 06:00:00,17.49,10.51,5.79,,1.73
2023-02-09 07:00:00,19.88,10.49,6.31,,1.77
2023-02-09 08:00:00,18.14,11.12,15.51,,2.13
2023-02-09 09:00:00,14.37,12.08,8.18,,1.74
2023-02-09 10:00:00,12.57,16.38,12.83,,1.86
2023-02-09 11:00:00,14.6,19.56,8.17,,1.8
2023-02-09 12:00:00,15.65,16.24,11.78,,1.87
2023-02-09 13:00:00,26.05,18.97,11.8,,1.81
2023-02-09 14:00:00,39.05,19.15,8.05,,1.77
2023-02-09 15:00:00,21.8,16.17,5.06,,1.7
2023-02-09 16:00:00,11.48,13.34,3.5,,1.75
2023-02-09 17:00:00,9.06,11.63,1.48,,1.67
2023-02-09 18:00:00,22.22,10.68,4.5,,1.79
2023-02-09 19:00:00,15.06,10.53,5.23,,1.76
2023-02-09 20:00:00,12.58,10.48,6.36,,1.77
2023-02-09 21:00:00,34.02,10.93,6.79,,1.86
2023-02-09 22:00:00,44.41,10.74,4.73,,1.78
2023-02-09 23:00:00,43.47,10.75,7.63,,1.86
2023-02-10 00:00:00,30.18,10.99,7.98,,1.89
2023-02-10 01:00:00,42.5,10.62,8.31,,1.78
2023-02-10 02:00:00,31.1,10.48,7.73,,1.84
2023-02-10 03:00:00,23.33,10.51,6.14,,1.86
2023-02-10 04:00:00,31.72,10.47,5.14,,1.75
2023-02-10 05:00:00,26.47,10.48,5.66,,1.78
2023-02-10 06:00:00,23.31,10.46,7.41,,1.91
2023-02-10 07:00:00,29.78,10.66,14.3,,2.11
2023-02-10 08:00:00,40.84,11.25,21.27,,2.39
2023-02-10 09:00:00,48.32,12.28,14.21,,2.09
2023-02-10 10:00:00,28.09,15.32,17.05,,1.98
2023-02-10 11:00:00,27.07,18.97,11.85,,2.1
2023-02-10 12:00:00,17.93,13.84,4.91,157.4,1.85
2023-02-10 13:00:00,19.15,12.23,4.05,134.3,1.95
2023-02-10 14:00:00,17.06,11.19,3.68,119.9,2.1
2023-02-10 15:00:00,11.31,10.65,1.43,102.8,1.99
2023-02-10 16:00:00,8.5,10.75,2.55,102.8,2.01
2023-02-10 17:00:00,9.26,10.72,1.85,97.25,1.98
2023-02-10 18:00:00,8.49,10.78,3.09,86.4,2.03
2023-02-10 19:00:00,25.07,10.5,3.96,78.33,2.1
2023-02-10 20:00:00,23.12,10.5,5.39,68.86,2.12
2023-02-10 21:00:00,33.32,10.48,3.36,60.74,2.14
2023-02-10 22:00:00,39.76,10.5,5.32,49.12,2.22
2023-02-10 23:00:00,37.18,10.48,4.78,43.11,2.23
2023-02-11 00:00:00,27.18,10.53,6.2,33.21,2.27
2023-02-11 01:00:00,24.99,10.58,8.54,16.9,2.19
2023-02-11 02:00:00,30.74,10.49,7.0,8.22,2.1
2023-02-11 03:00:00,21.75,10.5,6.35,7.49,2.14
2023-02-11 04:00:00,26.22,10.49,5.16,6.35,2.02
2023-02-11 05:00:00,31.14,10.51,6.46,6.1,1.9
2023-02-11 06:00:00,21.67,10.5,6.26,7.54,1.87
2023-02-11 07:00:00,25.68,10.51,6.85,7.25,1.98
2023-02-11 08:00:00,19.01,10.65,13.41,14.83,2.18
2023-02-11 09:00:00,29.98,14.37,20.8,54.11,2.22
2023-02-11 10:00:00,36.98,14.54,14.29,67.71,2.04
2023-02-11 11:00:00,32.85,15.73,7.71,89.73,1.86
2023-02-11 12:00:00,18.66,13.8,5.88,110.1,1.79
2023-02-11 13:00:00,10.36,12.71,5.73,125.3,1.81
2023-02-11 14:00:00,6.26,12.02,3.85,146.5,1.7
2023-02-11 15:00:00,5.93,11.56,2.5,157.8,1.76
2023-02-11 16:00:00,15.66,11.45,2.28,118.9,1.73
2023-02-11 17:00:00,33.1,10.79,1.38,92.05,1.61
2023-02-11 18:00:00,17.46,10.62,1.39,81.69,1.59
2023-02-11 19:00:00,11.92,10.55,1.57,75.18,1.58
2023-02-11 20:00:00,12.75,10.57,4.28,66.82,1.82
2023-02-11 21:00:00,21.69,10.56,5.43,61.8,1.81
2023-02-11 22:00:00,30.96,10.52,6.96,50.29,1.93
2023-02-11 23:00:00,42.14,10.54,5.42,48.59,2.13
2023-02-12 00:00:00,48.63,10.6,3.7,43.99,1.93
2023-02-12 01:00:00,37.79,10.66,3.39,37.34,1.86
2023-02-12 02:00:00,33.97,10.64,2.7,27.85,1.87
2023-02-12 03:00:00,22.83,10.63,3.37,21.77,1.89
2023-02-12 04:00:00,19.96,10.67,2.55,20.25,1.83
2023-02-12 05:00:00,16.53,10.71,2.51,16.28,1.82
2023-02-12 06:00:00,10.17,10.7,3.37,9.84,1.77
2023-02-12 07:00:00,7.19,10.61,5.21,7.06,1.86
2023-02-12 08:00:00,6.68,10.71,5.6,15.24,1.89
2023-02-12 09:00:00,15.04,10.58,5.79,37.75,1.94
2023-02-12 10:00:00,23.06,10.59,4.76,72.09,1.78
2023-02-12 11:00:00,15.94,10.52,2.56,87.5,1.76
2023-02-12 12:00:00,13.23,10.71,2.12,96.26,1.72
2023-02-12 13:00:00,8.05,12.55,3.45,118.3,1.74
2023-02-12 14:00:00,6.87,12.07,3.06,143.4,1.79
2023-02-12 15:00:00,17.9,10.86,3.35,126.1,1.77
2023-02-12 16:00:00,9.91,10.75,2.07,128.9,1.62
2023-02-12 17:00:00,7.72,10.71,1.5,155.5,1.7
2023-02-12 18:00:00,9.23,11.04,1.07,100.6,1.71
2023-02-12 19:00:00,19.49,10.81,1.58,79.42,1.72
2023-02-12 20:00:00,35.91,10.72,2.24,59.52,1.76
2023-02-12 21:00:00,39.12,10.77,2.9,50.2,1.77
2023-02-12 22:00:00,40.4,10.75,3.18,39.3,1.86
2023-02-12 23:00:00,34.9,10.73,3.06,33.52,1.85
2023-02-13 00:00:00,34.07,10.69,3.61,32.65,1.79
2023-02-13 01:00:00,31.68,10.65,3.96,29.81,1.76
2023-02-13 02:00:00,24.03,10.69,3.14,25.54,1.74
2023-02-13 03:00:00,24.37,10.72,2.61,23.13,1.71
2023-02-13 04:00:00,21.11,10.69,3.51,13.9,1.74
2023-02-13 05:00:00,23.11,10.61,3.87,13.43,1.68
2023-02-13 06:00:00,15.8,10.74,6.26,6.27,1.68
2023-02-13 07:00:00,17.52,10.74,9.93,6.25,1.98
2023-02-13 08:00:00,13.35,11.08,16.85,8.46,2.57
2023-02-13 09:00:00,36.93,10.69,15.31,36.29,1.96
2023-02-13 10:00:00,28.79,11.17,10.45,65.29,1.91
2023-02-13 11:00:00,26.07,12.54,6.63,84.66,1.86
2023-02-13 12:00:00,16.51,11.95,6.83,95.84,1.69
2023-02-13 13:00:00,13.1,12.48,4.97,137.4,1.89
2023-02-13 14:00:00,32.38,13.09,4.94,146.8,1.75
2023-02-13 15:00:00,22.76,12.5,2.69,118.4,1.59
2023-02-13 16:00:00,19.66,12.32,4.86,123.2,1.77
2023-02-13 17:00:00,16.25,11.26,1.6,126.4,1.65
2023-02-13 18:00:00,15.46,11.04,3.73,125.2,1.64
2023-02-13 19:00:00,12.19,10.76,7.73,118.4,1.79
2023-02-13 20:00:00,35.76,10.97,7.42,117.3,1.91
2023-02-13 21:00:00,65.04,11.48,12.71,96.66,2.17
2023-02-13 22:00:00,71.86,11.37,13.6,79.64,2.36
2023-02-13 23:00:00,81.85,11.23,12.16,68.1,2.19
2023-02-14 00:00:00,71.7,11.05,13.23,45.55,2.19
2023-02-14 01:00:00,60.45,10.97,5.68,65.62,1.82
2023-02-14 02:00:00,51.09,10.89,10.49,40.66,1.98
2023-02-14 03:00:00,32.43,10.77,18.02,18.84,1.89
2023-02-14 04:00:00,21.96,11.58,5.92,54.42,1.79
2023-02-14 05:00:00,32.84,11.36,11.77,32.74,1.87
2023-02-14 06:00:00,31.96,10.81,7.34,52.26,1.73
2023-02-14 07:00:00,37.15,10.76,13.23,40.74,1.9
2023-02-14 08:00:00,28.4,10.8,15.39,39.86,2.15
2023-02-14 09:00:00,34.52,10.83,7.54,64.72,1.86
2023-02-14 10:00:00,19.68,11.1,5.81,78.28,1.74
2023-02-14 11:00:00,25.82,12.26,7.16,79.32,1.68
2023-02-14 12:00:00,31.71,11.44,3.26,90.1,1.63
2023-02-14 13:00:00,28.78,10.77,3.99,92.25,1.65
2023-02-14 14:00:00,17.05,10.9,5.83,94.37,1.68
2023-02-14 15:00:00,11.9,10.88,4.12,96.17,1.73
2023-02-14 16:00:00,14.09,10.97,2.73,72.85,1.75
2023-02-14 17:00:00,38.7,10.92,3.24,72.09,1.74
2023-02-14 18:00:00,24.52,10.91,5.93,65.39,1.83
2023-02-14 19:00:00,22.31,10.74,5.64,64.84,1.78
2023-02-14 20:00:00,17.96,10.71,8.21,55.36,1.85
2023-02-14 21:00:00,15.75,10.77,4.07,67.6,1.76
2023-02-14 22:00:00,30.5,10.76,3.48,61.1,1.8
2023-02-14 23:00:00,17.61,10.71,2.95,66.92,1.76
2023-02-15 00:00:00,10.22,10.74,0.47,68.92,1.65
2023-02-15 01:00:00,6.64,10.71,2.48,45.54,1.63
2023-02-15 02:00:00,4.93,10.67,8.29,32.94,1.82
2023-02-15 03:00:00,5.96,10.67,2.99,31.57,1.73
2023-02-15 04:00:00,7.31,10.63,2.65,30.02,1.68
2023-02-15 05:00:00,9.11,10.74,3.67,19.79,1.71
2023-02-15 06:00:00,7.41,10.8,13.95,7.21,1.99
2023-02-15 07:00:00,21.71,10.79,14.83,8.36,2.13
2023-02-15 08:00:00,28.22,10.79,17.24,12.44,2.4
2023-02-15 09:00:00,19.12,10.81,9.72,16.58,1.95
2023-02-15 10:00:00,30.94,10.83,8.83,31.97,1.85
2023-02-15 11:00:00,27.54,10.79,7.79,58.81,1.73
2023-02-15 12:00:00,21.83,11.09,9.14,66.98,1.87
2023-02-15 13:00:00,11.92,11.67,9.26,79.98,1.86
2023-02-15 14:00:00,6.93,11.43,6.72,79.19,1.84
2023-02-15 15:00:00,6.45,11.0,6.06,75.2,1.82
2023-02-15 16:00:00,4.45,10.97,7.04,88.14,1.78
2023-02-15 17:00:00,5.04,11.1,12.23,87.04,1.94
2023-02-15 18:00:00,6.64,11.0,10.67,69.8,1.91
2023-02-15 19:00:00,16.26,10.95,20.06,39.72,2.44
2023-02-15 20:00:00,22.18,10.93,8.35,52.19,1.94
2023-02-15 21:00:00,20.69,10.93,5.66,54.44,1.85
2023-02-15 22:00:00,16.83,10.89,8.57,43.41,2.06
2023-02-15 23:00:00,18.31,10.93,5.06,43.43,1.82
2023-02-16 00:00:00,13.72,10.91,6.07,31.52,1.88
2023-02-16 01:00:00,23.04,10.95,4.01,32.73,1.76
2023-02-16 02:00:00,11.98,10.86,3.33,31.49,1.73
2023-02-16 03:00:00,9.77,10.88,3.11,23.82,1.74
2023-02-16 04:00:00,8.12,10.87,3.43,29.08,1.78
2023-02-16 05:00:00,13.14,10.89,6.63,20.16,1.87
2023-02-16 06:00:00,11.27,10.93,6.04,17.82,1.78
2023-02-16 07:00:00,6.57,10.96,13.06,7.53,2.15
2023-02-16 08:00:00,8.57,10.95,15.08,12.9,2.2
2023-02-16 09:00:00,20.51,10.99,15.14,17.22,2.32
2023-02-16 10:00:00,28.11,10.91,9.57,33.44,1.97
2023-02-16 11:00:00,21.01,10.98,7.14,66.89,1.97
2023-02-16 12:00:00,27.46,10.99,4.35,85.86,1.87
2023-02-16 13:00:00,16.5,10.98,3.66,96.88,1.73
2023-02-16 14:00:00,10.51,12.35,7.71,90.46,1.79
2023-02-16 15:00:00,4.99,11.24,2.4,87.79,2.07
2023-02-16 16:00:00,4.17,11.27,3.01,94.05,2.02
2023-02-16 17:00:00,4.98,10.92,4.13,84.05,2.06
2023-02-16 18:00:00,9.82,10.97,5.04,73.72,2.15
2023-02-16 19:00:00,18.27,10.87,4.56,66.32,2.2
2023-02-16 20:00:00,15.88,10.87,6.05,49.36,2.18
2023-02-16 21:00:00,28.45,10.87,6.33,41.44,2.28
2023-02-16 22:00:00,25.7,10.86,5.93,35.02,2.28
2023-02-16 23:00:00,28.67,10.82,5.28,27.94,2.28
2023-02-17 00:00:00,16.95,10.78,5.65,20.27,2.27
2023-02-17 01:00:00,28.92,10.76,5.61,24.89,2
2023-02-17 02:00:00,24.29,10.72,0.99,69.9,1.69
2023-02-17 03:00:00,15.16,10.69,1.19,65.33,1.62
2023-02-17 04:00:00,9.74,10.99,7.08,48.05,1.67
2023-02-17 05:00:00,7.16,10.91,4.04,53.5,1.67
2023-02-17 06:00:00,4.67,10.97,5.5,47.8,1.65
2023-02-17 07:00:00,4.31,10.93,11.03,43.16,1.74
2023-02-17 08:00:00,5.71,10.97,13.46,36.86,2.01
2023-02-17 09:00:00,8.92,10.97,11.07,38.73,1.74
2023-02-17 10:00:00,6.04,10.96,5.89,44.08,1.7
2023-02-17 11:00:00,10.92,11.02,5.25,49.75,1.68
2023-02-17 12:00:00,22.02,11.0,3.89,57.74,1.6
2023-02-17 13:00:00,14.36,11.72,5.81,57.73,1.63
2023-02-17 14:00:00,13.57,11.27,2.6,58.97,1.54
2023-02-17 15:00:00,8.03,10.95,2.93,51.15,1.56
2023-02-17 16:00:00,5.68,11.42,3.09,31.24,1.55
2023-02-17 17:00:00,5.29,10.79,2.64,34.72,1.5
2023-02-17 18:00:00,4.3,10.79,3.72,35.1,1.48
2023-02-17 19:00:00,3.77,10.78,5.55,33.36,1.46
2023-02-17 20:00:00,9.18,11.71,10.84,26.92,1.52
2023-02-17 21:00:00,7.06,10.87,7.52,30.53,1.46
2023-02-17 22:00:00,6.87,10.97,7.02,28.76,1.42
2023-02-17 23:00:00,19.34,10.55,7.37,26.72,1.46
2023-02-18 00:00:00,15.73,11.29,6.79,24.61,1.49
2023-02-18 01:00:00,25.41,11.46,5.42,24.96,1.55
2023-02-18 02:00:00,23.86,10.86,3.89,26.37,1.65
2023-02-18 03:00:00,27.95,15.82,8.12,19.4,2.04
2023-02-18 04:00:00,22.74,11.6,4.1,22.46,1.62
2023-02-18 05:00:00,25.38,11.42,6.14,17.66,1.63
2023-02-18 06:00:00,23.24,11.22,5.99,19.37,1.6
2023-02-18 07:00:00,20.91,16.72,12.11,12.22,2.38
2023-02-18 08:00:00,13.22,17.4,11.32,19.2,2.24
2023-02-18 09:00:00,9.8,12.55,3.97,30.64,1.6
2023-02-18 10:00:00,8.45,11.68,2.01,40.65,1.5
2023-02-18 11:00:00,25.75,12.38,2.52,48.37,1.61
2023-02-18 12:00:00,15.21,11.29,1.29,52.45,1.61
2023-02-18 13:00:00,14.48,11.05,0.97,51.07,1.63
2023-02-18 14:00:00,7.82,10.58,0.47,55.46,1.56
2023-02-18 15:00:00,4.56,10.74,0.47,55.52,1.54
2023-02-18 16:00:00,3.62,10.64,0.95,58.15,1.53
2023-02-18 17:00:00,4.04,10.66,1.38,64.12,1.56
2023-02-18 18:00:00,4.71,10.68,2.78,67.85,1.59
2023-02-18 19:00:00,7.44,10.72,3.22,64.63,1.65
2023-02-18 20:00:00,18.54,10.76,5.72,39.72,1.69
2023-02-18 21:00:00,16.78,10.74,7.27,28.95,1.77
2023-02-18 22:00:00,27.03,10.51,5.43,30.49,1.79
2023-02-18 23:00:00,25.44,11.03,5.9,28.4,1.9
2023-02-19 00:00:00,23.4,10.36,5.3,28.3,1.87
2023-02-19 01:00:00,19.61,11.29,4.44,20.51,1.9
2023-02-19 02:00:00,18.09,10.94,3.94,20.94,1.87
2023-02-19 03:00:00,15.31,10.92,3.74,11.26,1.79
2023-02-19 04:00:00,18.51,10.88,1.69,12.85,1.8
2023-02-19 05:00:00,12.35,10.73,5.43,6.02,1.91
2023-02-19 06:00:00,7.09,10.77,6.1,4.56,1.83
2023-02-19 07:00:00,6.76,11.13,5.47,6.63,1.85
2023-02-19 08:00:00,10.67,11.2,6.04,14.59,2.02
2023-02-19 09:00:00,21.35,11.46,4.44,36.59,1.93
2023-02-19 10:00:00,12.12,11.48,1.98,47.56,1.81
2023-02-19 11:00:00,8.41,10.81,1.59,51.37,1.91
2023-02-19 12:00:00,6.86,10.73,1.94,49.05,2.57
2023-02-19 13:00:00,13.98,10.68,1.03,52.01,1.98
2023-02-19 14:00:00,24.84,10.67,0.47,54.67,1.88
2023-02-19 15:00:00,17,10.62,0.47,55.18,1.7
2023-02-19 16:00:00,15.78,10.62,0.47,56.81,1.71
2023-02-19 17:00:00,22.73,10.72,0.47,57.01,1.71
2023-02-19 18:00:00,20.17,10.69,0.47,54.75,1.68
2023-02-19 19:00:00,25.21,10.65,0.47,51.17,1.65
2023-02-19 20:00:00,15.28,10.82,1.62,45.15,1.65
2023-02-19 21:00:00,19.89,10.86,2.31,39.48,1.69
2023-02-19 22:00:00,26.78,10.9,3.36,33.73,1.72
2023-02-19 23:00:00,22.89,10.76,5.95,23.94,1.8
2023-02-20 00:00:00,24.51,10.76,4.37,23.58,1.77
2023-02-20 01:00:00,16.12,10.68,4.7,22.16,1.69
2023-02-20 02:00:00,19.57,10.67,4.12,19.62,1.66
2023-02-20 03:00:00,11.19,10.72,4.3,15.14,1.72
2023-02-20 04:00:00,6.68,10.61,2.74,19.84,1.69
2023-02-20 05:00:00,7.98,10.55,3.48,10.94,1.7
2023-02-20 06:00:00,16.73,11.35,5.07,7.23,1.72
2023-02-20 07:00:00,12.92,10.66,6.72,6.36,1.79
2023-02-20 08:00:00,22.69,11.28,9.49,6.72,2.14
2023-02-20 09:00:00,21.32,11.28,7.24,18.48,2.01
2023-02-20 10:00:00,26,10.69,3.96,30.35,1.81
2023-02-20 11:00:00,23.02,10.81,6.65,33.62,1.76
2023-02-20 12:00:00,14.67,10.89,7.62,22.79,1.88
2023-02-20 13:00:00,15.69,10.95,10.99,24.86,1.99
2023-02-20 14:00:00,35,10.84,9.57,21.7,1.97
2023-02-20 15:00:00,27.73,10.88,4.6,22.85,1.77
2023-02-20 16:00:00,26.31,10.91,4.61,22.89,1.75
2023-02-20 17:00:00,14.6,10.91,3.95,27.38,1.74
2023-02-20 18:00:00,9.84,10.84,4.59,25.94,1.78
2023-02-20 19:00:00,8.96,10.93,6.27,24.96,1.83
2023-02-20 20:00:00,6.09,10.93,5.32,30.65,1.74
2023-02-20 21:00:00,4.41,10.75,3.98,32.21,1.71
2023-02-20 22:00:00,3.27,10.82,1.35,37.91,1.63
2023-02-20 23:00:00,4.15,10.85,1.28,36.98,1.6
2023-02-21 00:00:00,3.73,10.71,1.71,31.09,1.65
2023-02-21 01:00:00,4.09,10.88,1.33,29.48,1.61
2023-02-21 02:00:00,7.92,10.84,1.1,29.92,1.76
2023-02-21 03:00:00,9.7,10.77,0.96,28.66,1.78
2023-02-21 04:00:00,6.53,10.84,0.47,25.26,1.8
2023-02-21 05:00:00,6.33,10.86,1.45,20.63,1.85
2023-02-21 06:00:00,5.69,10.97,7.49,6.78,1.86
2023-02-21 07:00:00,6.54,10.99,10.48,4.65,2.17
2023-02-21 08:00:00,20.34,10.97,10.13,9.82,1.95
2023-02-21 09:00:00,14.66,10.87,4.28,28.15,1.83
2023-02-21 10:00:00,13.25,10.85,1.44,47.83,1.75
2023-02-21 11:00:00,10.77,10.88,2.64,43.2,1.79
2023-02-21 12:00:00,9.27,21.19,18.46,28.7,1.83
2023-02-21 13:00:00,7.04,25.65,2.64,52.2,1.78
2023-02-21 14:00:00,6.08,15.13,1.5,57.43,1.8
2023-02-21 15:00:00,5.25,12.6,1.12,61.03,1.81
2023-02-21 16:00:00,3.25,11.53,1.2,73.49,1.75
2023-02-21 17:00:00,3.15,11.05,0.47,64.85,1.73
2023-02-21 18:00:00,3.85,10.98,0.47,48.31,1.68
2023-02-21 19:00:00,4.68,10.98,1.3,44.44,1.71
2023-02-21 20:00:00,6.14,10.98,2.7,36.24,1.78
2023-02-21 21:00:00,19.77,10.97,3.06,32.56,1.79
2023-02-21 22:00:00,12.48,10.97,4.17,23.84,1.89
2023-02-21 23:00:00,19.91,10.96,3.8,20.13,1.82
2023-02-22 00:00:00,18.67,10.88,4.82,14.88,1.82
2023-02-22 01:00:00,21.33,10.94,4.47,13.91,1.75
2023-02-22 02:00:00,12.48,10.81,3.78,7.94,1.84
2023-02-22 03:00:00,8.94,10.91,2.92,5.32,2.06
2023-02-22 04:00:00,8.85,10.8,3.22,4.82,1.82
2023-02-22 05:00:00,17.58,10.9,3.17,4.01,1.82
2023-02-22 06:00:00,16.4,10.96,4.04,3.96,1.89
2023-02-22 07:00:00,17.94,11.17,6.84,4.14,2.23
2023-02-22 08:00:00,27.92,10.94,10.05,6.13,2.45
2023-02-22 09:00:00,18.75,10.99,7.05,18.98,2.14
2023-02-22 10:00:00,21.87,10.9,4.38,37.65,1.87
2023-02-22 11:00:00,14.01,10.88,2.14,50.73,1.78
2023-02-22 12:00:00,11.1,10.79,1.81,54.0,1.76
2023-02-22 13:00:00,6.5,10.93,2.14,51.26,1.78
2023-02-22 14:00:00,6.27,10.88,2.0,53.06,1.76
2023-02-22 15:00:00,7.32,10.76,1.04,57.31,1.7
2023-02-22 16:00:00,5.46,10.82,0.47,57.02,1.7
2023-02-22 17:00:00,3.03,10.9,1.75,53.7,1.72
2023-02-22 18:00:00,16.95,10.82,2.6,52.76,1.81
2023-02-22 19:00:00,21.79,10.93,3.31,47.03,1.81
2023-02-22 20:00:00,14.86,10.87,2.84,41.68,1.78
2023-02-22 21:00:00,20.07,10.9,2.18,39.47,1.8
2023-02-22 22:00:00,21.59,10.85,1.71,37.27,1.81
2023-02-22 23:00:00,12.71,10.82,2.36,32.32,1.8
2023-02-23 00:00:00,16.04,10.88,3.95,23.44,1.85
2023-02-23 01:00:00,16.74,10.83,3.15,21.74,1.75
2023-02-23 02:00:00,9.3,10.84,2.49,18.75,1.79
2023-02-23 03:00:00,11.71,10.76,1.33,18.72,1.72
2023-02-23 04:00:00,8.39,10.79,2.02,10.79,1.73
2023-02-23 05:00:00,6.58,11.03,2.8,10.41,1.74
2023-02-23 06:00:00,6.7,10.96,4.43,5.05,1.83
2023-02-23 07:00:00,13.9,10.81,5.19,6.55,1.86
2023-02-23 08:00:00,10.05,11.0,8.12,9.46,2.12
2023-02-23 09:00:00,17.96,10.95,7.88,16.12,1.97
2023-02-23 10:00:00,12.21,10.81,3.71,29.49,1.88
2023-02-23 11:00:00,14.55,10.81,2.24,42.19,1.78
2023-02-23 12:00:00,9.62,10.89,3.56,48.02,1.86
2023-02-23 13:00:00,8.12,11.61,5.81,49.9,1.97
2023-02-23 14:00:00,23.94,12.17,9.82,58.4,2
2023-02-23 15:00:00,13.03,13.98,6.97,63.25,2
2023-02-23 16:00:00,8.31,34.1,6.63,50.18,1.97
2023-02-23 17:00:00,5.58,21.7,10.36,46.65,2.03
2023-02-23 18:00:00,10.68,13.51,7.2,55.44,1.94
2023-02-23 19:00:00,14.22,12.59,12.12,37.85,2.13
2023-02-23 20:00:00,19.99,11.77,14.05,21.25,2.17
2023-02-23 21:00:00,32.16,11.06,9.22,23.14,2.09
2023-02-23 22:00:00,19.79,10.98,9.61,19.37,2.12
2023-02-23 23:00:00,29.77,10.98,8.05,20.1,2.07
2023-02-24 00:00:00,28.95,11.02,6.9,15.06,2
2023-02-24 01:00:00,18.54,11.23,4.57,20.45,1.8
2023-02-24 02:00:00,34.3,10.9,4.16,19.18,1.72
2023-02-24 03:00:00,19.37,11.03,3.86,15.5,1.71
2023-02-24 04:00:00,12.42,11.12,2.93,14.36,1.67
2023-02-24 05:00:00,19.11,11.19,3.53,8.02,1.72
2023-02-24 06:00:00,15.13,11.28,9.79,4.36,2.11
2023-02-24 07:00:00,20.38,11.27,11.13,4.47,1.87
2023-02-24 08:00:00,22.49,11.42,14.35,6.07,2.46
2023-02-24 09:00:00,27.99,11.86,14.63,6.52,2.54
2023-02-24 10:00:00,32.79,21.31,10.49,13.92,1.97
2023-02-24 11:00:00,33.22,25.16,7.85,17.7,1.94
2023-02-24 12:00:00,22.35,19.26,11.0,18.85,2.22
2023-02-24 13:00:00,24.22,18.32,11.68,24.79,2.26
2023-02-24 14:00:00,36.27,18.38,10.69,31.66,2.13
2023-02-24 15:00:00,20.51,21.65,10.92,54.04,1.93
2023-02-24 16:00:00,11.97,17.06,6.76,86.06,1.9
2023-02-24 17:00:00,6.98,15.43,7.5,78.76,1.8
2023-02-24 18:00:00,4.76,17.53,8.66,79.14,1.86
2023-02-24 19:00:00,8.42,13.46,7.71,47.97,1.78
2023-02-24 20:00:00,19.86,12.74,15.06,16.96,2.14
2023-02-24 21:00:00,17.37,12.48,16.52,8.57,2.37
2023-02-24 22:00:00,18.16,12.0,15.27,5.51,2.58
2023-02-24 23:00:00,32.15,11.58,13.98,5.79,2.55
2023-02-25 00:00:00,21.34,11.19,10.12,6.67,2.17
2023-02-25 01:00:00,25.3,11.02,6.42,8.19,1.88
2023-02-25 02:00:00,33.08,11.08,8.1,4.19,2.19
2023-02-25 03:00:00,37.34,11.05,10.25,3.87,2.32
2023-02-25 04:00:00,21.94,11.0,9.16,5.5,1.94
2023-02-25 05:00:00,24.41,10.99,7.47,7.3,1.91
2023-02-25 06:00:00,19.9,11.0,7.2,6.06,1.89
2023-02-25 07:00:00,26.31,11.04,7.12,4.89,2.1
2023-02-25 08:00:00,19.05,11.04,7.97,8.12,2.07
2023-02-25 09:00:00,33.28,24.37,5.99,17.58,1.9
2023-02-25 10:00:00,26.95,14.43,7.33,26.71,2.16
2023-02-25 11:00:00,25.77,22.13,6.77,42.18,1.92
2023-02-25 12:00:00,15.33,17.82,6.43,55.46,2.09
2023-02-25 13:00:00,8.83,14.68,7.45,52.11,2.15
2023-02-25 14:00:00,9.44,15.14,6.4,50.28,1.98
2023-02-25 15:00:00,6.24,13.15,4.09,59.92,2.03
2023-02-25 16:00:00,8.3,12.3,5.14,66.45,2.12
2023-02-25 17:00:00,5.48,11.51,4.77,67.91,1.96
2023-02-25 18:00:00,4.73,11.66,6.99,51.44,1.91
2023-02-25 19:00:00,7.99,12.84,8.99,49.8,2.13
2023-02-25 20:00:00,5.93,11.62,11.07,44.67,2.16
2023-02-25 21:00:00,5.75,11.24,10.22,39.72,2.17
2023-02-25 22:00:00,7.4,11.09,8.82,40.66,2.1
2023-02-25 23:00:00,19.72,11.08,10.76,32.67,2.4
2023-02-26 00:00:00,14.98,11.04,12.48,24.73,2.28
2023-02-26 01:00:00,29.5,11.06,9.17,30.21,1.93
2023-02-26 02:00:00,18.1,11.12,7.87,29.4,1.95
2023-02-26 03:00:00,24.58,12.17,12.79,9.2,2.09
2023-02-26 04:00:00,16.33,11.36,11.7,4.85,1.93
2023-02-26 05:00:00,21.24,11.3,6.25,5.99,2.01
2023-02-26 06:00:00,28.57,11.5,6.79,4.37,2.16
2023-02-26 07:00:00,48.02,10.99,7.02,5.34,2.13
2023-02-26 08:00:00,33.96,11.04,9.88,6.48,2.01
2023-02-26 09:00:00,34.16,12.58,14.51,7.7,2.07
2023-02-26 10:00:00,36.76,13.31,13.74,7.06,2.13
2023-02-26 11:00:00,35.87,13.33,13.05,12.73,2.17
2023-02-26 12:00:00,33.34,12.57,9.71,12.71,2.44
2023-02-26 13:00:00,28.64,14.38,9.21,19.36,2.51
2023-02-26 14:00:00,37.88,86.25,9.24,24.13,2.09
2023-02-26 15:00:00,32.99,95.7,5.04,46.87,2.03
2023-02-26 16:00:00,22.01,24.75,3.77,66.44,1.77
2023-02-26 17:00:00,,,,,
2023-02-26 18:00:00,,,,,
2023-02-26 19:00:00,,,,,
2023-02-26 20:00:00,,,,,
2023-02-26 21:00:00,,,,,
2023-02-26 22:00:00,,,,,
2023-02-26 23:00:00,,,,,
2023-02-27 00:00:00,,,,,
2023-03-01 01:00:00,,,,,
2023-03-01 02:00:00,,,,,
2023-03-01 03:00:00,,,,,
2023-03-01 04:00:00,,,,,
2023-03-01 05:00:00,,,,,
2023-03-01 06:00:00,,,,,
2023-03-01 07:00:00,,,,,
2023-03-01 08:00:00,,,,,
2023-03-01 09:00:00,,,,,
2023-03-01 10:00:00,,,,,
2023-03-01 11:00:00,,,,,
2023-03-01 12:00:00,,,,,
2023-03-01 13:00:00,,,,,
2023-03-01 14:00:00,,,,,
2023-03-01 15:00:00,,,,,
2023-03-01 16:00:00,,,,,
2023-03-01 17:00:00,,,,,
2023-03-01 18:00:00,,,,,
2023-03-01 19:00:00,,,,,
2023-03-01 20:00:00,,,,,
2023-03-01 21:00:00,,,,,
2023-03-01 22:00:00,,,,,
2023-03-01 23:00:00,,13.55,14.31,13.54,3.72
2023-03-02 00:00:00,,12.6,14.15,9.94,4.41
2023-03-02 01:00:00,,12.31,12.43,7.2,3
2023-03-02 02:00:00,,11.83,9.53,9.92,1.75
2023-03-02 03:00:00,,11.53,5.36,20.61,1.61
2023-03-02 04:00:00,,11.29,2.71,23.11,1.44
2023-03-02 05:00:00,,11.33,4.99,12.46,1.51
2023-03-02 06:00:00,,11.68,7.91,4.8,1.59
2023-03-02 07:00:00,,11.79,10.7,4.53,1.63
2023-03-02 08:00:00,,11.66,12.41,9.26,1.84
2023-03-02 09:00:00,,15.62,32.69,42.82,1.84
2023-03-02 10:00:00,,25.94,16.93,52.64,1.55
2023-03-02 11:00:00,,155.7,12.96,55.05,1.57
2023-03-02 12:00:00,,124.6,12.73,72.49,1.41
2023-03-02 13:00:00,,37.9,5.33,85.15,1.41
2023-03-02 14:00:00,,22.3,3.9,107.1,1.4
2023-03-02 15:00:00,,,,,
2023-03-02 16:00:00,,14.28,3.1,122.3,1.85
2023-03-02 17:00:00,,12.82,3.29,92.54,1.88
2023-03-02 18:00:00,,15.06,11.91,63.84,2.22
2023-03-02 19:00:00,,22.13,23.87,27.02,2.9
2023-03-02 20:00:00,,16.85,22.01,27.66,2.79
2023-03-02 21:00:00,,13.94,10.09,56.59,2.32
2023-03-02 22:00:00,,13.05,10.32,53.97,2.3
2023-03-02 23:00:00,,12.9,13.51,44.23,2.49
2023-03-03 00:00:00,,12.76,9.62,49.08,2.27
2023-03-03 01:00:00,,12.81,5.86,45.57,1.94
2023-03-03 02:00:00,,12.85,8.55,25.92,1.93
2023-03-03 03:00:00,,12.82,5.04,28.91,1.85
2023-03-03 04:00:00,,12.74,4.41,28.33,1.8
2023-03-03 05:00:00,,12.8,10.72,11.04,1.92
2023-03-03 06:00:00,,12.73,14.04,4.55,2.12
2023-03-03 07:00:00,,13.12,12.44,4.33,2.27
2023-03-03 08:00:00,,13.15,15.11,5.74,2.77
2023-03-03 09:00:00,,13.04,14.06,10.47,2.46
2023-03-03 10:00:00,,13.06,15.38,17.35,2.3
2023-03-03 11:00:00,,12.66,11.88,31.81,2.07
2023-03-03 12:00:00,,12.64,10.77,36.18,2.09
2023-03-03 13:00:00,,11.95,11.45,45.87,2.02
2023-03-03 14:00:00,,12.25,12.35,44.62,2.13
2023-03-03 15:00:00,,12.4,16.58,51.77,2.16
2023-03-03 16:00:00,,13.87,25.03,84.18,2.28
2023-03-03 17:00:00,,15.64,15.82,110.1,2.15
2023-03-03 18:00:00,,15.55,9.89,99.27,2.01
2023-03-03 19:00:00,,13.45,19.58,48.27,2.37
2023-03-03 20:00:00,,13.0,23.6,15.37,2.63
2023-03-03 21:00:00,,12.86,12.11,10.23,2.32
2023-03-03 22:00:00,,12.25,8.39,14.51,2.19
2023-03-03 23:00:00,,11.93,5.23,27.56,1.96
2023-03-04 00:00:00,,11.82,6.71,23.04,1.99
2023-03-04 01:00:00,,12.96,3.88,19.7,1.83
2023-03-04 02:00:00,,12.86,4.73,14.84,1.98
2023-03-04 03:00:00,,12.89,3.64,11.15,1.96
2023-03-04 04:00:00,,12.95,4.22,10.23,1.96
2023-03-04 05:00:00,,12.9,4.51,7.2,1.9
2023-03-04 06:00:00,,12.98,5.4,5.25,1.94
2023-03-04 07:00:00,,12.95,6.31,4.88,1.97
2023-03-04 08:00:00,,13.01,9.89,5.29,2.21
2023-03-04 09:00:00,,12.95,7.89,9.16,2.09
2023-03-04 10:00:00,,12.68,7.89,20.26,2.21
2023-03-04 11:00:00,,12.29,5.08,26.94,2.13
2023-03-04 12:00:00,,14.41,8.05,32.02,1.96
2023-03-04 13:00:00,,15.94,5.53,44.71,1.86
2023-03-04 14:00:00,,15.27,3.71,50.7,1.86
2023-03-04 15:00:00,,13.91,2.34,59.3,1.8
2023-03-04 16:00:00,,13.85,5.75,51.04,2.01
2023-03-04 17:00:00,,12.88,5.32,45.94,2.04
2023-03-04 18:00:00,,12.9,3.6,41.21,1.9
2023-03-04 19:00:00,,12.83,7.37,30.74,2.17
2023-03-04 20:00:00,,12.82,16.8,9.36,2.46
2023-03-04 21:00:00,,12.74,13.83,12.79,2.5
2023-03-04 22:00:00,,12.8,12.28,14.22,2.35
2023-03-04 23:00:00,,12.45,8.12,22.5,2.05
2023-03-05 00:00:00,,12.45,4.69,25.62,1.85
2023-03-05 01:00:00,,12.62,5.43,20.31,1.77
2023-03-05 02:00:00,,12.34,3.04,23.51,1.78
2023-03-05 03:00:00,,12.63,1.97,35.0,1.74
2023-03-05 04:00:00,,12.53,1.59,41.48,1.72
2023-03-05 05:00:00,,12.78,1.55,38.62,1.72
2023-03-05 06:00:00,,11.69,1.37,40.79,1.69
2023-03-05 07:00:00,,11.68,3.68,30.18,1.93
2023-03-05 08:00:00,,11.66,9.22,16.13,1.95
2023-03-05 09:00:00,,11.73,4.27,35.74,1.91
2023-03-05 10:00:00,,12.49,1.44,44.95,1.76
2023-03-05 11:00:00,,12.12,0.99,54.21,1.72
2023-03-05 12:00:00,,11.98,1.13,61.96,1.71
2023-03-05 13:00:00,,12.15,1.26,60.39,1.78
2023-03-05 14:00:00,,12.18,1.36,54.3,1.82
2023-03-05 15:00:00,,12.38,0.47,58.2,1.79
2023-03-05 16:00:00,,12.62,0.47,59.18,1.75
2023-03-05 17:00:00,,12.4,0.47,59.41,1.72
2023-03-05 18:00:00,,12.65,1.65,53.88,1.79
2023-03-05 19:00:00,,12.3,2.4,46.47,1.82
2023-03-05 20:00:00,,11.87,2.81,44.45,1.86
2023-03-05 21:00:00,,11.55,2.51,47.62,1.78
2023-03-05 22:00:00,,11.52,2.17,45.4,1.8
2023-03-05 23:00:00,,12.06,3.05,39.84,1.83
2023-03-06 00:00:00,,12.03,3.1,38.17,1.84
2023-03-06 01:00:00,,11.85,3.49,34.45,1.76
2023-03-06 02:00:00,,11.76,2.49,31.89,1.78
2023-03-06 03:00:00,,11.81,1.04,42.39,1.71
2023-03-06 04:00:00,,11.8,0.47,48.36,1.67
2023-03-06 05:00:00,,11.71,0.47,45.82,1.7
2023-03-06 06:00:00,,11.81,1.4,40.34,1.73
2023-03-06 07:00:00,,12.51,3.64,28.89,1.75
2023-03-06 08:00:00,,12.93,5.22,24.42,1.85
2023-03-06 09:00:00,,12.76,3.18,35.08,1.78
2023-03-06 10:00:00,,12.82,2.14,44.77,1.76
2023-03-06 11:00:00,,12.67,2.22,46.35,1.78
2023-03-06 12:00:00,,12.07,3.27,41.07,1.9
2023-03-06 13:00:00,,12.43,13.39,21.53,2.38
2023-03-06 14:00:00,,12.56,10.34,25.14,2.12
2023-03-06 15:00:00,,13.1,10.56,36.56,2.14
2023-03-06 16:00:00,,12.75,4.6,39.65,1.9
2023-03-06 17:00:00,,12.51,3.76,46.72,1.87
2023-03-06 18:00:00,,12.52,5.72,40.68,1.89
2023-03-06 19:00:00,,12.59,7.44,33.27,2.05
2023-03-06 20:00:00,,12.88,6.47,38.02,1.96
2023-03-06 21:00:00,,12.74,4.32,42.71,1.86
2023-03-06 22:00:00,,12.78,4.43,38.36,1.92
2023-03-06 23:00:00,,12.52,3.19,37.87,2.07
2023-03-07 00:00:00,,12.38,1.08,49.09,1.79
2023-03-07 01:00:00,,11.72,1.14,40.92,1.77
2023-03-07 02:00:00,,12.19,1.83,36.16,1.78
2023-03-07 03:00:00,,12.76,1.51,25.34,1.75
2023-03-07 04:00:00,,12.64,1.86,19.6,1.78
2023-03-07 05:00:00,,12.87,4.0,14.39,1.79
2023-03-07 06:00:00,,12.77,8.01,9.12,1.91
2023-03-07 07:00:00,,13.06,14.11,4.93,2.43
2023-03-07 08:00:00,,13.1,14.25,7.63,2.47
2023-03-07 09:00:00,,13.03,11.95,14.48,2.44
2023-03-07 10:00:00,,12.82,5.34,35.04,1.97
2023-03-07 11:00:00,,12.11,5.08,50.23,1.83
2023-03-07 12:00:00,,12.47,7.27,47.08,2.01
2023-03-07 13:00:00,,12.78,9.94,41.22,2.21
2023-03-07 14:00:00,,12.05,7.03,43.34,2.14
2023-03-07 15:00:00,,13.13,6.21,46.13,2.2
2023-03-07 16:00:00,,13.56,2.75,48.47,1.92
2023-03-07 17:00:00,,12.79,4.48,54.26,2.14
2023-03-07 18:00:00,,12.75,10.92,49.77,2.54
2023-03-07 19:00:00,,23.4,21.48,15.54,2.87
2023-03-07 20:00:00,,19.99,20.69,9.8,2.82
2023-03-07 21:00:00,,16.25,10.35,24.89,2.49
2023-03-07 22:00:00,,14.34,9.51,18.49,2.52
2023-03-07 23:00:00,,13.45,7.99,20.87,2.54
2023-03-08 00:00:00,,13.05,9.8,11.89,2.73
2023-03-08 01:00:00,,12.89,9.22,12.68,2.55
2023-03-08 02:00:00,,12.82,8.56,14.85,2.05
2023-03-08 03:00:00,,12.19,5.82,17.63,2.2
2023-03-08 04:00:00,,11.77,4.69,21.08,2.02
2023-03-08 05:00:00,,11.62,5.72,12.64,1.93
2023-03-08 06:00:00,,12.16,8.63,5.36,2.25
2023-03-08 07:00:00,,12.75,13.92,3.44,2.34
2023-03-08 08:00:00,,12.99,23.48,4.97,3.2
2023-03-08 09:00:00,,12.27,19.13,12.96,2.5
2023-03-08 10:00:00,,11.88,11.09,22.39,2.19
2023-03-08 11:00:00,,32.51,8.29,34.69,1.99
2023-03-08 12:00:00,,47.0,6.25,53.21,1.86
2023-03-08 13:00:00,,26.57,6.37,82.62,1.92
2023-03-08 14:00:00,,19.85,4.61,85.46,1.77
2023-03-08 15:00:00,,15.16,4.76,86.19,1.85
2023-03-08 16:00:00,,13.88,4.07,86.04,1.8
2023-03-08 17:00:00,,13.12,1.59,80.33,1.8
2023-03-08 18:00:00,,12.71,6.65,58.35,2.36
2023-03-08 19:00:00,,12.65,10.69,55.0,2.5
2023-03-08 20:00:00,,12.43,16.83,33.27,2.76
2023-03-08 21:00:00,,12.49,14.64,30.94,2.69
2023-03-08 22:00:00,,12.3,13.69,27.44,2.86
2023-03-08 23:00:00,,12.01,14.78,20.78,2.91
2023-03-09 00:00:00,,11.56,12.5,13.22,2.55
2023-03-09 01:00:00,,11.75,13.71,4.22,2.55
2023-03-09 02:00:00,,11.65,13.05,3.75,2.41
2023-03-09 03:00:00,,11.41,6.43,13.44,1.98
2023-03-09 04:00:00,,11.52,6.51,14.82,1.96
2023-03-09 05:00:00,,11.79,11.93,5.79,1.97
2023-03-09 06:00:00,,12.12,12.03,3.08,2.15
2023-03-09 07:00:00,,12.01,12.36,3.23,2.07
2023-03-09 08:00:00,,12.63,20.23,4.64,2.64
2023-03-09 09:00:00,,12.28,16.96,25.79,1.94
2023-03-09 10:00:00,,70.54,13.73,40.15,1.78
2023-03-09 11:00:00,,33.09,7.95,65.86,1.73
2023-03-09 12:00:00,,20.67,7.87,91.86,1.76
2023-03-09 13:00:00,,17.43,6.31,103.1,1.85
2023-03-09 14:00:00,,15.75,4.17,99.72,1.87
2023-03-09 15:00:00,,13.76,3.8,127.0,1.8
2023-03-09 16:00:00,,12.79,12.82,59.58,1.87
2023-03-09 17:00:00,,12.45,7.02,64.51,1.79
2023-03-09 18:00:00,,12.18,5.58,61.81,1.73
2023-03-09 19:00:00,,12.6,6.36,58.98,1.79
2023-03-09 20:00:00,,12.17,10.98,48.49,1.89
2023-03-09 21:00:00,,12.1,8.44,45.96,1.81
2023-03-09 22:00:00,,12.26,7.49,37.9,1.9
2023-03-09 23:00:00,,11.91,5.12,33.66,1.8
2023-03-10 00:00:00,,11.74,4.29,30.42,1.74
2023-03-10 01:00:00,,11.71,4.11,20.3,1.7
2023-03-10 02:00:00,,11.68,4.54,18.3,1.83
2023-03-10 03:00:00,,11.7,4.64,13.67,1.85
2023-03-10 04:00:00,,11.67,2.06,21.95,1.8
2023-03-10 05:00:00,,11.75,1.34,33.96,1.76
2023-03-10 06:00:00,,11.71,2.95,39.68,1.77
2023-03-10 07:00:00,,11.8,11.34,22.1,1.91
2023-03-10 08:00:00,,12.2,12.49,18.74,2.18
2023-03-10 09:00:00,,12.35,8.7,36.58,2.11
2023-03-10 10:00:00,,11.87,7.53,57.46,2.07
2023-03-10 11:00:00,,11.92,5.2,76.57,2.36
2023-03-10 12:00:00,,12.67,4.03,85.91,2.41
2023-03-10 13:00:00,,12.69,3.34,79.6,2.33
2023-03-10 14:00:00,,12.34,5.02,49.01,2.4
2023-03-10 15:00:00,,12.15,4.21,41.45,2.23
2023-03-10 16:00:00,,12.1,1.79,46.01,2.28
2023-03-10 17:00:00,,12.1,2.89,41.5,2.35
2023-03-10 18:00:00,,12.34,3.36,39.46,2.32
2023-03-10 19:00:00,,12.3,3.59,37.44,2.32
2023-03-10 20:00:00,,12.25,3.87,32.89,2.34
2023-03-10 21:00:00,,12.1,3.28,31.14,2.38
2023-03-10 22:00:00,,12.11,3.19,28.11,2.37
2023-03-10 23:00:00,,12.01,2.38,26.56,2.39
2023-03-11 00:00:00,,12.08,3.85,20.29,2.41
2023-03-11 01:00:00,,12.08,3.18,21.47,2.16
2023-03-11 02:00:00,,12.06,3.87,17.21,1.85
2023-03-11 03:00:00,,12.06,3.67,18.7,1.8
2023-03-11 04:00:00,,11.82,2.24,20.75,1.75
2023-03-11 05:00:00,,11.92,2.45,24.79,1.76
2023-03-11 06:00:00,,12.05,3.43,18.89,1.77
2023-03-11 07:00:00,,12.12,7.47,12.18,1.89
2023-03-11 08:00:00,,12.28,10.43,11.06,2.23
2023-03-11 09:00:00,,12.37,17.61,31.06,2.15
2023-03-11 10:00:00,,23.67,25.23,58.22,2.13
2023-03-11 11:00:00,,85.16,20.04,95.09,1.82
2023-03-11 12:00:00,,164.1,10.7,73.58,1.78
2023-03-11 13:00:00,,51.42,6.31,113.2,1.87
2023-03-11 14:00:00,,25.76,3.93,114.1,1.76
2023-03-11 15:00:00,,16.71,2.1,78.91,1.74
2023-03-11 16:00:00,,14.43,1.62,71.64,1.76
2023-03-11 17:00:00,,13.75,2.04,77.32,1.76
2023-03-11 18:00:00,,14.42,2.27,87.05,1.75
2023-03-11 19:00:00,,13.94,1.91,76.13,1.71
2023-03-11 20:00:00,,12.85,2.21,67.62,1.73
2023-03-11 21:00:00,,12.49,2.06,57.22,1.79
2023-03-11 22:00:00,,12.46,2.41,50.4,1.85
2023-03-11 23:00:00,,12.52,3.78,41.57,1.9
2023-03-12 00:00:00,,12.47,4.94,34.46,1.86
2023-03-12 01:00:00,,12.48,5.02,29.21,1.87
2023-03-12 02:00:00,,12.22,3.87,27.33,1.96
2023-03-12 03:00:00,,12.19,5.66,15.24,2.01
2023-03-12 04:00:00,,12.05,5.78,12.01,2.03
2023-03-12 05:00:00,,11.77,2.55,18.71,1.82
2023-03-12 06:00:00,,11.93,3.27,15.16,1.8
2023-03-12 07:00:00,,11.66,2.62,15.63,1.75
2023-03-12 08:00:00,,11.89,2.08,22.49,1.77
2023-03-12 09:00:00,,11.75,1.34,30.85,1.72
2023-03-12 10:00:00,,12.02,0.47,41.68,1.7
2023-03-12 11:00:00,,11.93,1.22,49.29,1.72
2023-03-12 12:00:00,,11.97,1.83,52.24,1.77
2023-03-12 13:00:00,,12.22,1.68,54.67,1.81
2023-03-12 14:00:00,,12.09,0.47,56.81,1.83
2023-03-12 15:00:00,,12.08,0.47,56.55,1.86
2023-03-12 16:00:00,,12.07,0.47,53.4,1.82
2023-03-12 17:00:00,,12.19,0.47,47.46,1.77
2023-03-12 18:00:00,,11.94,0.47,41.92,1.73
2023-03-12 19:00:00,,11.99,0.47,39.75,1.74
2023-03-12 20:00:00,,11.95,1.79,32.71,1.73
2023-03-12 21:00:00,,12.1,2.12,28.54,1.76
2023-03-12 22:00:00,,11.7,2.32,23.37,1.74
2023-03-12 23:00:00,,11.82,3.27,17.25,1.77
2023-03-13 00:00:00,,11.93,3.38,14.7,1.72
2023-03-13 01:00:00,,11.7,2.07,14.43,1.65
2023-03-13 02:00:00,,11.64,2.11,11.76,1.81
2023-03-13 03:00:00,,11.34,1.31,11.8,1.85
2023-03-13 04:00:00,,11.72,1.71,8.29,1.82
2023-03-13 05:00:00,,11.47,3.0,6.79,1.86
2023-03-13 06:00:00,,11.77,3.95,4.66,1.85
2023-03-13 07:00:00,,12.51,7.77,2.8,2.1
2023-03-13 08:00:00,,12.12,10.04,6.54,2.15
2023-03-13 09:00:00,,11.8,6.13,17.37,1.91
2023-03-13 10:00:00,,11.94,4.79,31.9,1.88
2023-03-13 11:00:00,,12.24,2.79,43.72,1.76
2023-03-13 12:00:00,,12.27,2.43,44.08,1.8
2023-03-13 13:00:00,,12.29,2.33,46.26,1.8
2023-03-13 14:00:00,,12.65,3.6,50.21,1.83
2023-03-13 15:00:00,,12.31,2.65,54.23,1.77
2023-03-13 16:00:00,,12.34,1.79,56.06,1.78
2023-03-13 17:00:00,,12.34,2.27,52.91,1.85
2023-03-13 18:00:00,,12.43,2.1,46.46,1.89
2023-03-13 19:00:00,,12.43,3.16,40.5,1.91
2023-03-13 20:00:00,,12.33,3.82,33.23,1.94
2023-03-13 21:00:00,,12.36,3.94,30.97,1.91
2023-03-13 22:00:00,,12.22,4.33,25.16,1.86
2023-03-13 23:00:00,,11.84,5.07,21.67,1.86
2023-03-14 00:00:00,,11.7,3.37,22.64,1.78
2023-03-14 01:00:00,,11.89,2.18,23.39,1.7
2023-03-14 02:00:00,,11.77,2.57,21.05,1.65
2023-03-14 03:00:00,,11.58,2.12,18.05,1.69
2023-03-14 04:00:00,,11.75,1.81,17.21,1.67
2023-03-14 05:00:00,,12.11,2.3,15.95,1.65
2023-03-14 06:00:00,,12.06,5.88,8.86,1.73
2023-03-14 07:00:00,,12.47,13.06,4.21,1.98
2023-03-14 08:00:00,,13.18,11.22,4.42,1.59
2023-03-14 09:00:00,,139.8,7.41,7.92,1.85
2023-03-14 10:00:00,,63.74,5.1,15.79,1.74
2023-03-14 11:00:00,,10.47,3.4,40.75,1.68
2023-03-14 12:00:00,,10.33,2.18,53.94,1.71
2023-03-14 13:00:00,,10.37,3.43,53.4,1.73
2023-03-14 14:00:00,,10.46,3.79,54.2,1.7
2023-03-14 15:00:00,,10.23,2.72,56.57,1.71
2023-03-14 16:00:00,,10.4,4.06,60.51,1.72
2023-03-14 17:00:00,,10.3,3.21,63.84,1.73
2023-03-14 18:00:00,,10.43,4.23,52.04,1.79
2023-03-14 19:00:00,,10.48,5.3,34.07,1.81
2023-03-14 20:00:00,,10.51,5.44,26.46,1.83
2023-03-14 21:00:00,,10.4,5.23,19.36,1.79
2023-03-14 22:00:00,,10.27,4.41,16.95,1.79
2023-03-14 23:00:00,,10.37,4.12,20.16,1.77
2023-03-15 00:00:00,,10.06,2.39,23.31,1.66
2023-03-15 01:00:00,,10.08,1.93,22.46,1.57
2023-03-15 02:00:00,,9.79,3.82,16.76,1.69
2023-03-15 03:00:00,,9.56,3.52,15.93,1.66
2023-03-15 04:00:00,,9.51,3.16,12.59,1.66
2023-03-15 05:00:00,,9.79,3.38,9.66,1.69
2023-03-15 06:00:00,,9.61,5.07,7.45,1.75
2023-03-15 07:00:00,,9.94,8.14,4.16,1.86
2023-03-15 08:00:00,,10.41,14.02,4.94,2.57
2023-03-15 09:00:00,,10.41,9.63,12.36,2.05
2023-03-15 10:00:00,,10.44,5.31,26.85,1.82
2023-03-15 11:00:00,,10.8,1.83,46.09,1.7
2023-03-15 12:00:00,,10.48,2.16,56.8,1.65
2023-03-15 13:00:00,,10.86,2.74,74.36,1.75
2023-03-15 14:00:00,,10.34,5.68,73.84,1.86
2023-03-15 15:00:00,,10.14,2.41,63.45,1.7
2023-03-15 16:00:00,,10.24,3.28,64.8,1.76
2023-03-15 17:00:00,,10.23,2.96,63.76,1.82
2023-03-15 18:00:00,,10.38,6.18,49.56,1.87
2023-03-15 19:00:00,,10.39,6.35,38.28,1.94
2023-03-15 20:00:00,,10.14,5.2,31.81,1.82
2023-03-15 21:00:00,,9.94,4.27,27.84,1.74
2023-03-15 22:00:00,,10.02,3.84,27.0,1.75
2023-03-15 23:00:00,,9.8,4.16,25.25,1.68
2023-03-16 00:00:00,,9.8,3.17,24.14,1.63
2023-03-16 01:00:00,,9.63,1.67,28.19,1.63
2023-03-16 02:00:00,,9.61,1.02,28.61,1.7
2023-03-16 03:00:00,,9.78,1.95,25.8,1.71
2023-03-16 04:00:00,,9.78,1.84,24.22,1.73
2023-03-16 05:00:00,,9.69,4.44,12.69,1.76
2023-03-16 06:00:00,,9.82,7.31,8.3,1.8
2023-03-16 07:00:00,,10.23,9.83,3.74,2.02
2023-03-16 08:00:00,,10.43,13.79,7.85,2.38
2023-03-16 09:00:00,,10.44,13.2,14.92,2.07
2023-03-16 10:00:00,,10.44,3.77,34.83,1.76
2023-03-16 11:00:00,,14.41,2.5,52.4,1.76
2023-03-16 12:00:00,,51.42,8.55,90.66,1.82
2023-03-16 13:00:00,,36.63,8.72,135.3,1.95
2023-03-16 14:00:00,,24.0,6.75,71.19,1.87
2023-03-16 15:00:00,,17.21,5.77,61.24,1.84
2023-03-16 16:00:00,,14.57,6.09,73.61,1.86
2023-03-16 17:00:00,,12.83,4.21,73.05,1.85
2023-03-16 18:00:00,,11.61,3.39,46.09,1.8
2023-03-16 19:00:00,,10.75,4.84,28.22,1.86
2023-03-16 20:00:00,,10.51,7.05,20.13,1.9
2023-03-16 21:00:00,,10.52,7.04,16.67,1.91
2023-03-16 22:00:00,,10.35,7.64,12.08,1.98
2023-03-16 23:00:00,,10.46,7.96,10.12,1.98
2023-03-17 00:00:00,,10.5,8.89,7.91,1.96
2023-03-17 01:00:00,,10.29,7.0,7.43,1.87
2023-03-17 02:00:00,,9.87,6.97,7.28,1.88
2023-03-17 03:00:00,,9.71,5.52,7.63,1.8
2023-03-17 04:00:00,,9.69,5.94,6.64,1.78
2023-03-17 05:00:00,,9.65,5.16,6.26,1.78
2023-03-17 06:00:00,,10.27,6.25,6.39,1.79
2023-03-17 07:00:00,,10.56,8.9,6.52,2.04
2023-03-17 08:00:00,,10.4,15.06,6.73,2.28
2023-03-17 09:00:00,,11.62,19.23,10.66,2.2
2023-03-17 10:00:00,,10.86,9.33,15.58,1.96
2023-03-17 11:00:00,,11.07,5.17,37.48,1.72
2023-03-17 12:00:00,,10.95,6.35,56.56,2.21
2023-03-17 13:00:00,,16.06,6.7,85.64,2.14
2023-03-17 14:00:00,,15.06,4.79,72.09,2.1
2023-03-17 15:00:00,,13.97,5.19,54.66,2.03
2023-03-17 16:00:00,,11.39,5.28,52.21,2.06
2023-03-17 17:00:00,,11.15,5.39,46.65,2.05
2023-03-17 18:00:00,,10.62,10.88,38.36,2.21
2023-03-17 19:00:00,,10.38,8.17,37.85,2.26
2023-03-17 20:00:00,,10.79,7.19,31.15,2.2
2023-03-17 21:00:00,,10.91,7.11,19.29,2.36
2023-03-17 22:00:00,,10.7,6.65,14.85,2.4
2023-03-17 23:00:00,,10.37,9.87,8.17,2.62
2023-03-18 00:00:00,,10.36,8.32,6.82,2.53
2023-03-18 01:00:00,,10.11,6.53,7.15,2.22
2023-03-18 02:00:00,,10.21,5.88,7.29,1.98
2023-03-18 03:00:00,,10.1,6.76,6.15,1.97
2023-03-18 04:00:00,,9.88,5.89,6.7,1.92
2023-03-18 05:00:00,,9.76,4.64,6.41,1.86
2023-03-18 06:00:00,,10.08,5.36,6.05,1.91
2023-03-18 07:00:00,,10.18,6.35,6.06,2.1
2023-03-18 08:00:00,,10.87,13.1,9.38,2.25
2023-03-18 09:00:00,,10.58,10.44,9.05,2.47
2023-03-18 10:00:00,,10.52,8.62,15.58,2.3
2023-03-18 11:00:00,,127.1,10.9,20.65,2.25
2023-03-18 12:00:00,,32.09,5.9,33.23,2.1
2023-03-18 13:00:00,,17.38,4.69,45.74,1.99
2023-03-18 14:00:00,,14.47,4.43,58.45,1.94
2023-03-18 15:00:00,,12.17,3.28,72.56,1.85
2023-03-18 16:00:00,,11.24,2.82,72.2,1.97
2023-03-18 17:00:00,,11.17,2.63,79.37,1.93
2023-03-18 18:00:00,,10.98,3.04,53.59,1.91
2023-03-18 19:00:00,,11.08,4.33,43.21,2.05
2023-03-18 20:00:00,,11.08,4.28,32.72,2.06
2023-03-18 21:00:00,,11.13,7.51,24.7,2.23
2023-03-18 22:00:00,,11.01,10.42,13.64,2.56
2023-03-18 23:00:00,,10.74,8.33,11.95,2.53
2023-03-19 00:00:00,,10.71,8.75,7.9,2.43
2023-03-19 01:00:00,,10.56,5.62,7.92,2.05
2023-03-19 02:00:00,,10.21,4.41,8.4,1.89
2023-03-19 03:00:00,,10.33,5.08,6.46,2.03
2023-03-19 04:00:00,,10.25,4.58,6.08,1.92
2023-03-19 05:00:00,,9.62,3.79,6.04,1.84
2023-03-19 06:00:00,,9.59,3.36,6.13,1.86
2023-03-19 07:00:00,,9.74,3.27,6.0,1.79
2023-03-19 08:00:00,,9.87,4.64,6.27,1.86
2023-03-19 09:00:00,,10.01,6.47,10.84,1.91
2023-03-19 10:00:00,,11.78,4.49,25.31,1.85
2023-03-19 11:00:00,,12.27,3.91,40.79,1.92
2023-03-19 12:00:00,,15.24,4.54,67.43,1.81
2023-03-19 13:00:00,,110.8,10.99,37.94,1.82
2023-03-19 14:00:00,,21.44,4.57,48.0,1.81
2023-03-19 15:00:00,,12.1,2.66,53.25,1.71
2023-03-19 16:00:00,,11.3,1.31,50.78,1.5
2023-03-19 17:00:00,,11.13,3.44,45.67,1.62
2023-03-19 18:00:00,,12.75,6.11,64.29,1.69
2023-03-19 19:00:00,,11.25,9.18,39.39,1.78
2023-03-19 20:00:00,,11.04,5.57,33.77,1.7
2023-03-19 21:00:00,,11.74,8.67,29.07,1.89
2023-03-19 22:00:00,,12.59,9.43,19.94,1.96
2023-03-19 23:00:00,,12.77,9.48,18.47,1.95
2023-03-20 00:00:00,,11.51,8.76,13.06,1.99
2023-03-20 01:00:00,,11.02,9.08,7.73,2.11
2023-03-20 02:00:00,,10.85,7.88,9.19,1.99
2023-03-20 03:00:00,,10.88,9.16,9.27,1.87
2023-03-20 04:00:00,,10.91,12.04,7.0,1.96
2023-03-20 05:00:00,,11.29,9.24,8.75,1.9
2023-03-20 06:00:00,,10.97,10.19,6.82,1.97
2023-03-20 07:00:00,,11.08,19.65,6.02,2.29
2023-03-20 08:00:00,,11.26,26.0,6.01,2.79
2023-03-20 09:00:00,,11.1,24.74,7.19,2.57
2023-03-20 10:00:00,,45.13,21.58,12.55,2.17
2023-03-20 11:00:00,,108.5,17.17,29.53,1.91
2023-03-20 12:00:00,,31.96,12.56,51.54,1.71
2023-03-20 13:00:00,,17.02,5.47,77.22,1.56
2023-03-20 14:00:00,,12.91,2.73,70.25,1.47
2023-03-20 15:00:00,,11.42,4.33,62.25,1.41
2023-03-20 16:00:00,,11.2,4.8,47.19,1.5
2023-03-20 17:00:00,,10.99,10.45,25.26,1.7
2023-03-20 18:00:00,,10.99,16.13,14.01,2.07
2023-03-20 19:00:00,,10.99,18.67,10.02,2.35
2023-03-20 20:00:00,,10.92,17.77,7.99,2.16
2023-03-20 21:00:00,,10.88,10.17,13.5,1.96
2023-03-20 22:00:00,,10.91,10.94,8.39,1.95
2023-03-20 23:00:00,,10.64,10.1,11.85,1.88
2023-03-21 00:00:00,,10.62,12.03,9.97,1.88
2023-03-21 01:00:00,,10.37,8.98,7.49,1.76
2023-03-21 02:00:00,,10.2,5.59,11.69,1.81
2023-03-21 03:00:00,,10.17,4.04,17.75,1.8
2023-03-21 04:00:00,,9.91,2.48,24.8,1.69
2023-03-21 05:00:00,,10.02,4.13,20.89,1.71
2023-03-21 06:00:00,,10.15,8.37,8.08,1.85
2023-03-21 07:00:00,,10.39,12.26,6.36,2.05
2023-03-21 08:00:00,,10.37,13.17,8.86,2.12
2023-03-21 09:00:00,,10.24,8.25,26.38,1.87
2023-03-21 10:00:00,,9.83,6.66,39.93,1.76
2023-03-21 11:00:00,,9.85,3.38,51.97,1.69
2023-03-21 12:00:00,,9.58,2.5,53.1,1.63
2023-03-21 13:00:00,,9.71,1.85,48.16,1.58
2023-03-21 14:00:00,,9.7,2.02,44.05,1.58
2023-03-21 15:00:00,,9.69,1.7,44.35,1.57
2023-03-21 16:00:00,,9.79,1.61,44.26,1.56
2023-03-21 17:00:00,,9.57,2.44,38.99,1.56
2023-03-21 18:00:00,,9.76,3.61,34.33,1.53
2023-03-21 19:00:00,,10.25,5.18,29.2,1.61
2023-03-21 20:00:00,,10.07,5.96,25.67,1.63
2023-03-21 21:00:00,,9.97,3.38,27.32,1.59
2023-03-21 22:00:00,,9.69,2.75,26.45,1.67
2023-03-21 23:00:00,,9.88,3.58,23.96,1.67
2023-03-22 00:00:00,,10.11,3.73,20.58,1.69
2023-03-22 01:00:00,,9.84,3.2,19.33,1.65
2023-03-22 02:00:00,,9.64,1.75,20.43,1.67
2023-03-22 03:00:00,,10.0,1.37,20.16,1.69
2023-03-22 04:00:00,,9.62,1.53,17.35,1.69
2023-03-22 05:00:00,,9.69,1.83,18.41,1.69
2023-03-22 06:00:00,,9.45,2.86,18.01,1.72
2023-03-22 07:00:00,,9.97,6.97,11.09,1.8
2023-03-22 08:00:00,,9.68,8.76,10.43,1.9
2023-03-22 09:00:00,,10.84,11.3,10.47,1.91
2023-03-22 10:00:00,,10.41,3.47,21.5,1.99
2023-03-22 11:00:00,,10.55,2.66,31.32,2
2023-03-22 12:00:00,,9.99,1.85,41.09,1.96
2023-03-22 13:00:00,,10.01,2.68,42.34,1.92
2023-03-22 14:00:00,,9.86,1.17,46.79,1.9
2023-03-22 15:00:00,,9.52,1.03,55.84,1.9
2023-03-22 16:00:00,,9.64,1.58,43.62,1.84
2023-03-22 17:00:00,,9.58,1.39,40.5,1.82
2023-03-22 18:00:00,,9.7,3.33,32.96,2.02
2023-03-22 19:00:00,,9.54,2.53,32.38,2.03
2023-03-22 20:00:00,,9.74,2.61,30.67,2.01
2023-03-22 21:00:00,,9.41,2.11,29.78,1.97
2023-03-22 22:00:00,,9.76,1.73,28.12,2.04
2023-03-22 23:00:00,,9.53,2.06,28.58,2.02
2023-03-23 00:00:00,,9.34,1.34,27.91,2.01
2023-03-23 01:00:00,,9.43,0.47,29.13,1.85
2023-03-23 02:00:00,,9.28,0.47,30.04,1.65
2023-03-23 03:00:00,,9.51,0.47,29.83,1.67
2023-03-23 04:00:00,,9.4,0.47,28.41,1.66
2023-03-23 05:00:00,,9.45,0.47,26.34,1.65
2023-03-23 06:00:00,,9.34,2.71,22.85,1.71
2023-03-23 07:00:00,,9.6,6.83,14.85,1.75
2023-03-23 08:00:00,,9.66,10.55,8.63,2.02
2023-03-23 09:00:00,,9.96,6.2,14.76,1.82
2023-03-23 10:00:00,,10.5,5.18,19.38,1.89
2023-03-23 11:00:00,,10.99,5.37,34.95,1.96
2023-03-23 12:00:00,,18.23,7.46,66.71,1.97
2023-03-23 13:00:00,,31.95,7.68,60.77,1.81
2023-03-23 14:00:00,,15.84,4.51,89.92,1.84
2023-03-23 15:00:00,,12.85,1.65,95.53,1.62
2023-03-23 16:00:00,,11.6,0.47,55.72,1.5
2023-03-23 17:00:00,,11.17,1.84,60.71,1.76
2023-03-23 18:00:00,,10.9,3.06,49.95,1.88
2023-03-23 19:00:00,,10.92,6.2,35.22,1.9
2023-03-23 20:00:00,,10.88,7.76,28.32,1.97
2023-03-23 21:00:00,,10.67,5.48,27.84,1.94
2023-03-23 22:00:00,,10.83,4.79,25.77,1.94
2023-03-23 23:00:00,,10.78,4.39,25.24,1.94
2023-03-24 00:00:00,,10.77,4.88,21.73,1.99
2023-03-24 01:00:00,,10.88,5.64,17.05,1.94
2023-03-24 02:00:00,,10.62,5.25,16.72,1.74
2023-03-24 03:00:00,,10.58,2.63,19.87,1.66
2023-03-24 04:00:00,,10.74,2.25,17.01,1.64
2023-03-24 05:00:00,,10.49,2.75,16.13,1.66
2023-03-24 06:00:00,,10.68,6.85,8.21,1.93
2023-03-24 07:00:00,,10.97,11.4,6.9,1.9
2023-03-24 08:00:00,,11.0,11.92,6.96,2.13
2023-03-24 09:00:00,,11.01,12.09,7.16,2.08
2023-03-24 10:00:00,,11.01,9.08,16.47,1.87
2023-03-24 11:00:00,,12.44,11.06,24.91,2.03
2023-03-24 12:00:00,,12.89,5.56,35.68,1.74
2023-03-24 13:00:00,,12.62,4.67,44.93,1.69
2023-03-24 14:00:00,,11.0,3.42,43.44,1.73
2023-03-24 15:00:00,,11.37,1.11,37.29,1.59
2023-03-24 16:00:00,,11.05,1.08,39.43,1.62
2023-03-24 17:00:00,,10.82,1.32,38.3,1.62
2023-03-24 18:00:00,,10.9,1.77,36.09,1.64
2023-03-24 19:00:00,,11.09,4.3,29.52,1.67
2023-03-24 20:00:00,,10.82,6.57,25.14,2.16
2023-03-24 21:00:00,,10.6,3.63,27.11,2.13
2023-03-24 22:00:00,,10.69,4.34,22.56,2.23
2023-03-24 23:00:00,,10.72,3.06,22.32,2.1
2023-03-25 00:00:00,,10.35,5.08,15.98,2.05
2023-03-25 01:00:00,,10.29,3.74,15.12,1.92
2023-03-25 02:00:00,,10.31,2.57,15.97,1.73
2023-03-25 03:00:00,,10.46,2.34,15.74,1.68
2023-03-25 04:00:00,,10.28,2.41,14.51,1.7
2023-03-25 05:00:00,,10.8,2.89,10.34,1.71
2023-03-25 06:00:00,,10.8,3.39,7.96,1.74
2023-03-25 07:00:00,,10.94,5.21,6.43,1.85
2023-03-25 08:00:00,,11.32,6.3,6.89,1.93
2023-03-25 09:00:00,,11.24,6.1,9.01,1.93
2023-03-25 10:00:00,,10.79,3.99,15.32,1.83
2023-03-25 11:00:00,,11.13,3.42,19.46,1.8
2023-03-25 12:00:00,,11.37,4.78,19.61,1.9
2023-03-25 13:00:00,,11.23,3.28,27.03,1.79
2023-03-25 14:00:00,,11.1,2.95,30.48,1.88
2023-03-25 15:00:00,,11.02,2.89,33.23,1.86
2023-03-25 16:00:00,,11.07,2.71,40.95,1.87
2023-03-25 17:00:00,,11.0,4.6,35.81,1.9
2023-03-25 18:00:00,,11.02,9.78,20.22,2.3
2023-03-25 19:00:00,,11.29,9.64,10.93,2.33
2023-03-25 20:00:00,,11.1,6.9,13.17,2.37
2023-03-25 21:00:00,,11.17,7.48,18.64,2.35
2023-03-25 22:00:00,,11.39,7.17,18.54,2.29
2023-03-25 23:00:00,,11.1,5.9,21.96,2.32
2023-03-26 00:00:00,,11.19,4.71,20.09,2.05
2023-03-26 01:00:00,,15.8,8.66,19.65,1.77
2023-03-26 02:00:00,,39.22,8.59,14.1,1.72
2023-03-26 03:00:00,,41.29,9.91,12.06,2.6
2023-03-26 04:00:00,,23.22,1.12,27.26,1.58
2023-03-26 05:00:00,,17.64,0.98,34.48,1.58
2023-03-26 06:00:00,,15.17,1.65,29.05,1.55
2023-03-26 07:00:00,,13.65,4.37,21.81,1.58
2023-03-26 08:00:00,,13.19,2.66,26.88,1.6
2023-03-26 09:00:00,,13.21,2.01,31.04,1.55
2023-03-26 10:00:00,,13.12,1.83,33.46,1.55
2023-03-26 11:00:00,,12.91,2.46,33.28,1.59
2023-03-26 12:00:00,,11.4,2.06,38.21,1.63
2023-03-26 13:00:00,,11.27,2.45,39.75,1.66
2023-03-26 14:00:00,,11.86,2.29,41.6,1.61
2023-03-26 15:00:00,,11.83,2.71,46.85,1.69
2023-03-26 16:00:00,,12.41,1.87,47.6,1.55
2023-03-26 17:00:00,,11.16,0.47,44.04,1.5
2023-03-26 18:00:00,,11.04,2.03,40.15,1.54
2023-03-26 19:00:00,,11.64,2.7,33.8,1.6
2023-03-26 20:00:00,,11.65,5.46,28.2,1.74
2023-03-26 21:00:00,,11.89,9.89,14.57,2.09
2023-03-26 22:00:00,,12.15,11.61,6.98,2.52
2023-03-26 23:00:00,,11.76,10.91,6.42,2.27
2023-03-27 00:00:00,,11.52,8.47,6.53,2.05
2023-03-27 01:00:00,,11.22,6.54,7.24,1.79
2023-03-27 02:00:00,,11.19,5.88,7.35,1.9
2023-03-27 03:00:00,,11.19,3.95,8.97,1.77
2023-03-27 04:00:00,,11.17,5.38,7.31,1.79
2023-03-27 05:00:00,,11.06,6.16,7.97,1.73
2023-03-27 06:00:00,,11.07,8.15,5.92,1.87
2023-03-27 07:00:00,,11.84,12.56,5.87,2.15
2023-03-27 08:00:00,,11.47,17.99,5.85,2.21
2023-03-27 09:00:00,,11.31,9.69,10.32,1.78
2023-03-27 10:00:00,,10.93,5.21,19.76,1.65
2023-03-27 11:00:00,,11.51,4.42,25.84,1.7
2023-03-27 12:00:00,,11.46,4.29,39.09,1.62
2023-03-27 13:00:00,,10.6,1.6,31.99,1.62
2023-03-27 14:00:00,,10.06,0.47,38.18,1.53
2023-03-27 15:00:00,,10.25,2.03,40.43,1.56
2023-03-27 16:00:00,,9.76,2.76,41.36,1.56
2023-03-27 17:00:00,,10.22,1.79,38.86,1.52
2023-03-27 18:00:00,,9.95,2.76,36.79,1.59
2023-03-27 19:00:00,,9.85,6.57,28.75,1.64
2023-03-27 20:00:00,,10.16,5.5,27.95,1.65
2023-03-27 21:00:00,,10.24,5.41,26.93,1.86
2023-03-27 22:00:00,,9.54,5.52,25.48,1.7
2023-03-27 23:00:00,,9.54,6.29,21.03,1.69
2023-03-28 00:00:00,,9.61,4.52,21.57,1.63
2023-03-28 01:00:00,,9.64,3.3,21.34,1.61
2023-03-28 02:00:00,,9.48,3.14,19.99,1.69
2023-03-28 03:00:00,,9.53,4.16,14.31,1.67
2023-03-28 04:00:00,,9.54,2.17,18.26,1.66
2023-03-28 05:00:00,,9.7,4.35,13.09,1.72
2023-03-28 06:00:00,,9.94,7.49,6.43,1.8
2023-03-28 07:00:00,,11.48,14.6,5.81,2.13
2023-03-28 08:00:00,,11.43,16.19,5.81,2.61
2023-03-28 09:00:00,,10.93,15.71,6.43,2.23
2023-03-28 10:00:00,,9.79,5.88,16.99,1.76
2023-03-28 11:00:00,,9.89,3.0,24.6,1.7
2023-03-28 12:00:00,,9.81,4.31,27.47,1.77
2023-03-28 13:00:00,,9.85,3.76,36.7,1.84
2023-03-28 14:00:00,,10.48,4.4,46.12,1.83
2023-03-28 15:00:00,,12.87,6.21,45.37,1.85
2023-03-28 16:00:00,,13.76,5.16,45.43,1.84
2023-03-28 17:00:00,,12.94,5.83,63.64,1.76
2023-03-28 18:00:00,,11.34,7.82,53.09,1.9
2023-03-28 19:00:00,,11.34,9.43,34.11,1.93
2023-03-28 20:00:00,,11.23,9.24,30.62,2
2023-03-28 21:00:00,,11.06,9.7,24.38,2
2023-03-28 22:00:00,,12.12,9.18,19.35,2
2023-03-28 23:00:00,,11.71,9.99,17.05,1.95
2023-03-29 00:00:00,,11.04,8.74,14.52,1.92
2023-03-29 01:00:00,,11.0,6.66,12.7,1.8
2023-03-29 02:00:00,,11.0,7.3,9.44,1.83
2023-03-29 03:00:00,,10.9,7.08,8.08,1.81
2023-03-29 04:00:00,,10.97,6.62,6.97,1.79
2023-03-29 05:00:00,,10.98,7.38,6.13,1.83
2023-03-29 06:00:00,,11.03,9.15,5.86,1.91
2023-03-29 07:00:00,,11.31,13.94,6.0,2.34
2023-03-29 08:00:00,,12.17,27.55,6.01,2.95
2023-03-29 09:00:00,,11.23,15.78,10.32,2.34
2023-03-29 10:00:00,,11.14,8.63,28.36,1.96
2023-03-29 11:00:00,,20.83,9.69,16.85,1.85
2023-03-29 12:00:00,,25.78,7.93,28.54,1.75
2023-03-29 13:00:00,,23.15,9.96,43.6,1.8
2023-03-29 14:00:00,,19.46,3.28,52.12,1.74
2023-03-29 15:00:00,,15.62,3.66,61.59,1.86
2023-03-29 16:00:00,,12.32,3.93,34.33,1.59
2023-03-29 17:00:00,,11.4,5.02,30.63,1.56
2023-03-29 18:00:00,,11.72,16.44,35.72,2.14
2023-03-29 19:00:00,,,,,
2023-03-29 20:00:00,,10.55,4.31,51.87,1.79
2023-03-29 21:00:00,,10.7,3.52,73.14,1.68
2023-03-29 22:00:00,,10.68,5.21,59.32,1.74
2023-03-29 23:00:00,,37.89,12.93,38.69,1.76
2023-03-30 00:00:00,,117.1,15.72,32.36,1.84
2023-03-30 01:00:00,,88.0,3.65,51.07,1.63
2023-03-30 02:00:00,,49.2,4.06,44.82,1.71
2023-03-30 03:00:00,,21.96,6.57,32.77,1.77
2023-03-30 04:00:00,,15.44,5.12,27.38,1.8
2023-03-30 05:00:00,,13.24,6.67,21.21,1.89
2023-03-30 06:00:00,,11.87,8.06,21.3,1.92
2023-03-30 07:00:00,,11.64,8.59,22.22,1.94
2023-03-30 08:00:00,,11.52,13.04,16.64,2.3
2023-03-30 09:00:00,,14.15,15.36,16.41,2.21
2023-03-30 10:00:00,,12.15,10.13,26.6,1.94
2023-03-30 11:00:00,,15.31,8.79,52.54,1.99
2023-03-30 12:00:00,,15.13,5.48,74.61,1.91
2023-03-30 13:00:00,,13.4,7.51,80.56,1.91
2023-03-30 14:00:00,,12.19,6.06,81.66,1.88
2023-03-30 15:00:00,,11.85,3.62,93.58,1.86
2023-03-30 16:00:00,,11.3,2.59,101.4,1.81
2023-03-30 17:00:00,,10.58,2.86,96.6,1.81
2023-03-30 18:00:00,,10.32,4.98,86.6,1.81
2023-03-30 19:00:00,,10.43,9.19,65.46,1.94
2023-03-30 20:00:00,,10.19,9.73,51.0,2.1
2023-03-30 21:00:00,,10.23,11.11,46.69,2.11
2023-03-30 22:00:00,,10.25,9.25,50.34,2.13
2023-03-30 23:00:00,,10.2,6.11,59.26,2.04
2023-03-31 00:00:00,,10.57,8.92,39.11,2.04
2023-03-31 01:00:00,,10.16,4.16,36.34,1.84
2023-03-31 02:00:00,,9.97,3.43,28.68,1.84
2023-03-31 03:00:00,,9.89,4.32,19.37,1.91
2023-03-31 04:00:00,,9.92,3.5,20.23,1.88
2023-03-31 05:00:00,,10.26,5.52,12.7,1.89
2023-03-31 06:00:00,,10.02,5.59,12.88,1.89
2023-03-31 07:00:00,,11.2,10.18,13.37,2.11
2023-03-31 08:00:00,,11.95,17.88,16.54,3.03
2023-03-31 09:00:00,,22.22,14.12,22.3,2.34
2023-03-31 10:00:00,,62.04,8.24,42.75,2.17
2023-03-31 11:00:00,,99.37,7.63,66.21,1.98
2023-03-31 12:00:00,,37.85,5.33,61.81,1.67
2023-03-31 13:00:00,,27.55,8.03,57.52,1.58
2023-03-31 14:00:00,,22.06,7.1,55.11,1.59
2023-03-31 15:00:00,,19.95,3.62,60.52,1.71
2023-03-31 16:00:00,,14.34,4.42,62.3,1.79
2023-03-31 17:00:00,,12.99,7.78,53.69,1.8
2023-03-31 18:00:00,,11.66,8.9,38.81,1.87
2023-03-31 19:00:00,,11.33,12.05,30.86,1.93
2023-03-31 20:00:00,,11.01,7.13,28.13,1.92
2023-03-31 21:00:00,,11.02,3.12,26.39,1.83
2023-03-31 22:00:00,,10.99,1.63,29.71,1.72
2023-03-31 23:00:00,,11.01,3.06,25.48,1.81
2023-04-01 00:00:00,,10.96,0.47,32.05,1.62
2023-04-01 01:00:00,,10.81,0.47,32.51,1.59
2023-04-01 02:00:00,,10.93,0.47,29.26,1.65
2023-04-01 03:00:00,,10.76,0.47,31.6,1.6
2023-04-01 04:00:00,,10.97,1.32,28.85,1.58
2023-04-01 05:00:00,,10.36,0.47,30.36,1.58
2023-04-01 06:00:00,,10.24,5.98,19.07,1.6
2023-04-01 07:00:00,,10.84,9.0,17.38,1.73
2023-04-01 08:00:00,,10.95,8.07,17.53,1.89
2023-04-01 09:00:00,,12.23,2.94,23.76,1.74
2023-04-01 10:00:00,,12.12,1.75,27.0,1.76
2023-04-01 11:00:00,,10.54,1.65,30.37,1.72
2023-04-01 12:00:00,,10.91,1.0,34.07,1.67
2023-04-01 13:00:00,,10.96,1.39,34.49,1.72
2023-04-01 14:00:00,,10.89,0.47,35.52,1.73
2023-04-01 15:00:00,,10.88,1.36,35.49,1.79
2023-04-01 16:00:00,,10.97,1.94,36.65,1.72
2023-04-01 17:00:00,,10.85,1.09,37.3,1.71
2023-04-01 18:00:00,,10.83,1.27,34.34,1.72
2023-04-01 19:00:00,,10.89,3.5,25.58,1.83
2023-04-01 20:00:00,,10.85,10.57,15.0,2.13
2023-04-01 21:00:00,,10.99,8.78,17.62,2.11
2023-04-01 22:00:00,,11.02,9.93,17.0,2.39
2023-04-01 23:00:00,,10.94,10.58,13.21,2.55
2023-04-02 00:00:00,,11.01,10.4,11.46,2.98
2023-04-02 01:00:00,,11.25,10.58,8.94,2.43
2023-04-02 02:00:00,,11.79,9.81,9.17,2.51
2023-04-02 03:00:00,,12.23,9.67,9.95,2.16
2023-04-02 04:00:00,,11.22,8.75,8.17,1.87
2023-04-02 05:00:00,,10.87,6.33,8.52,1.73
2023-04-02 06:00:00,,11.0,7.63,7.34,1.64
2023-04-02 07:00:00,,10.89,6.05,8.32,1.63
2023-04-02 08:00:00,,11.44,6.86,8.73,1.53
2023-04-02 09:00:00,,11.29,4.18,17.58,1.63
2023-04-02 10:00:00,,12.09,2.47,24.79,1.62
2023-04-02 11:00:00,,35.14,9.07,19.93,1.7
2023-04-02 12:00:00,,35.33,5.16,30.33,1.64
2023-04-02 13:00:00,,20.59,1.84,45.46,1.65
2023-04-02 14:00:00,,15.6,1.61,52.57,1.62
2023-04-02 15:00:00,,14.37,1.22,56.45,1.65
2023-04-02 16:00:00,,12.98,1.65,52.35,1.57
2023-04-02 17:00:00,,11.19,0.47,43.95,1.54
2023-04-02 18:00:00,,11.02,0.99,38.83,1.54
2023-04-02 19:00:00,,11.01,2.43,31.7,1.65
2023-04-02 20:00:00,,10.97,3.66,28.86,1.6
2023-04-02 21:00:00,,11.01,5.08,23.48,1.64
2023-04-02 22:00:00,,11.01,7.45,18.2,1.77
2023-04-02 23:00:00,,11.0,6.17,18.41,1.78
2023-04-03 00:00:00,,11.09,5.07,15.91,1.62
2023-04-03 01:00:00,,11.06,3.18,17.69,1.6
2023-04-03 02:00:00,,11.03,2.2,16.13,1.71
2023-04-03 03:00:00,,11.21,4.6,10.6,1.73
2023-04-03 04:00:00,,10.99,3.62,10.3,1.75
2023-04-03 05:00:00,,10.76,2.77,9.39,1.66
2023-04-03 06:00:00,,10.98,5.58,5.87,1.77
2023-04-03 07:00:00,,11.7,10.81,5.95,2.29
2023-04-03 08:00:00,,12.37,19.59,7.12,2.91
2023-04-03 09:00:00,,11.24,16.6,9.2,2.18
2023-04-03 10:00:00,,11.22,15.97,13.59,2.1
2023-04-03 11:00:00,,10.95,7.26,25.97,1.84
2023-04-03 12:00:00,,10.97,4.77,35.7,1.86
2023-04-03 13:00:00,,11.44,4.84,47.42,1.83
2023-04-03 14:00:00,,12.55,3.95,54.22,1.78
2023-04-03 15:00:00,,15.78,3.76,68.61,1.74
2023-04-03 16:00:00,,13.01,4.91,85.54,1.76
2023-04-03 17:00:00,,11.48,5.61,79.47,1.76
2023-04-03 18:00:00,,11.02,6.15,60.68,1.81
2023-04-03 19:00:00,,13.57,7.87,40.67,1.79
2023-04-03 20:00:00,,12.96,10.69,31.29,1.91
2023-04-03 21:00:00,,11.98,6.38,29.43,1.82
2023-04-03 22:00:00,,11.3,5.44,26.59,1.78
2023-04-03 23:00:00,,11.36,7.56,21.35,1.84
2023-04-04 00:00:00,,11.43,7.63,15.71,1.82
2023-04-04 01:00:00,,11.5,6.75,13.26,1.82
2023-04-04 02:00:00,,11.63,3.97,13.34,1.76
2023-04-04 03:00:00,,11.42,4.81,9.08,1.71
2023-04-04 04:00:00,,11.54,6.23,6.95,1.73
2023-04-04 05:00:00,,11.39,7.0,6.94,1.81
2023-04-04 06:00:00,,11.64,10.19,7.97,2.06
2023-04-04 07:00:00,,12.16,16.7,8.13,2.15
2023-04-04 08:00:00,,12.46,19.79,10.24,2.72
2023-04-04 09:00:00,,14.3,22.23,21.98,2.16
2023-04-04 10:00:00,,13.6,19.64,25.69,2.07
2023-04-04 11:00:00,,23.34,13.73,47.71,1.9
2023-04-04 12:00:00,,14.57,5.42,49.64,1.73
2023-04-04 13:00:00,,13.43,7.52,55.21,1.79
2023-04-04 14:00:00,,12.26,1.87,44.91,1.64
2023-04-04 15:00:00,,11.71,0.47,42.01,1.55
2023-04-04 16:00:00,,11.37,1.52,39.62,1.55
2023-04-04 17:00:00,,11.35,1.52,35.32,1.62
2023-04-04 18:00:00,,11.42,3.18,30.01,1.68
2023-04-04 19:00:00,,11.37,6.34,23.05,1.74
2023-04-04 20:00:00,,11.33,7.68,21.94,1.76
2023-04-04 21:00:00,,11.36,6.37,21.18,1.74
2023-04-04 22:00:00,,11.28,5.08,20.87,1.71
2023-04-04 23:00:00,,11.3,6.27,17.49,1.83
2023-04-05 00:00:00,,11.37,7.8,13.65,1.83
2023-04-05 01:00:00,,11.33,7.69,10.41,1.81
2023-04-05 02:00:00,,11.34,6.17,7.21,1.96
2023-04-05 03:00:00,,11.42,3.83,9.96,1.82
2023-04-05 04:00:00,,11.42,4.18,7.76,1.8
2023-04-05 05:00:00,,11.44,5.07,7.05,1.81
2023-04-05 06:00:00,,11.73,6.13,5.78,1.97
2023-04-05 07:00:00,,12.2,10.8,6.34,2.17
2023-04-05 08:00:00,,13.17,13.74,7.11,2.81
2023-04-05 09:00:00,,11.89,11.44,10.29,2.12
2023-04-05 10:00:00,,11.47,6.78,22.68,1.85
2023-04-05 11:00:00,,11.69,2.64,29.89,1.65
2023-04-05 12:00:00,,11.74,1.84,35.79,1.7
2023-04-05 13:00:00,,11.56,2.33,35.76,1.77
2023-04-05 14:00:00,,11.31,1.7,35.23,1.71
2023-04-05 15:00:00,,10.75,0.47,36.6,1.65
2023-04-05 16:00:00,,10.98,0.98,37.2,1.69
2023-04-05 17:00:00,,10.98,1.14,35.97,1.66
2023-04-05 18:00:00,,10.87,3.24,33.15,1.74
2023-04-05 19:00:00,,10.94,4.39,33.21,1.75
2023-04-05 20:00:00,,11.33,5.29,29.52,1.84
2023-04-05 21:00:00,,11.31,4.64,28.29,1.76
2023-04-05 22:00:00,,11.31,2.69,28.16,1.7
2023-04-05 23:00:00,,11.27,3.43,25.97,1.72
2023-04-06 00:00:00,,10.66,3.38,24.92,1.76
2023-04-06 01:00:00,,10.65,1.53,26.27,1.66
2023-04-06 02:00:00,,10.74,1.18,27.37,1.64
2023-04-06 03:00:00,,10.67,0.47,28.64,1.63
2023-04-06 04:00:00,,10.64,0.47,29.17,1.66
2023-04-06 05:00:00,,10.6,1.99,25.47,1.67
2023-04-06 06:00:00,,10.61,4.92,21.17,1.69
2023-04-06 07:00:00,,10.74,2.7,26.61,1.7
2023-04-06 08:00:00,,10.7,6.16,25.14,1.75
2023-04-06 09:00:00,,10.6,5.83,25.48,1.75
2023-04-06 10:00:00,,10.62,3.69,30.68,1.74
2023-04-06 11:00:00,,10.7,2.72,33.27,1.68
2023-04-06 12:00:00,,10.73,3.44,34.08,1.71
2023-04-06 13:00:00,,10.65,4.68,32.71,1.71
2023-04-06 14:00:00,,11.04,4.13,31.8,1.72
2023-04-06 15:00:00,,10.74,5.38,29.53,1.73
2023-04-06 16:00:00,,10.73,4.5,30.23,1.66
2023-04-06 17:00:00,,10.79,5.58,27.27,1.7
2023-04-06 18:00:00,,10.82,6.92,25.0,1.8
2023-04-06 19:00:00,,10.78,4.79,26.76,1.79
2023-04-06 20:00:00,,10.78,5.06,24.04,1.8
2023-04-06 21:00:00,,10.78,5.31,24.26,1.84
2023-04-06 22:00:00,,10.8,3.03,27.09,1.79
2023-04-06 23:00:00,,10.79,4.41,21.39,1.85
2023-04-07 00:00:00,,10.79,3.92,22.21,1.81
2023-04-07 01:00:00,,10.8,1.47,23.76,1.68
2023-04-07 02:00:00,,10.78,0.47,23.5,1.63
2023-04-07 03:00:00,,10.8,0.47,23.74,1.64
2023-04-07 04:00:00,,10.79,0.47,22.93,1.63
2023-04-07 05:00:00,,10.78,0.47,22.72,1.61
2023-04-07 06:00:00,,10.77,0.47,20.29,1.6
2023-04-07 07:00:00,,10.78,0.47,18.82,1.63
2023-04-07 08:00:00,,10.76,1.53,19.11,1.66
2023-04-07 09:00:00,,10.76,1.17,21.28,1.64
2023-04-07 10:00:00,,10.82,1.4,22.31,1.66
2023-04-07 11:00:00,,10.82,1.62,25.26,1.71
2023-04-07 12:00:00,,10.82,1.34,31.0,1.68
2023-04-07 13:00:00,,10.9,0.47,36.46,1.68
2023-04-07 14:00:00,,11.36,0.47,37.48,1.61
2023-04-07 15:00:00,,10.83,0.47,37.29,1.59
2023-04-07 16:00:00,,10.8,0.47,35.69,1.61
2023-04-07 17:00:00,,10.87,0.47,34.68,1.58
2023-04-07 18:00:00,,10.94,0.47,33.76,1.59
2023-04-07 19:00:00,,10.87,1.32,31.53,1.63
2023-04-07 20:00:00,,10.81,1.71,30.19,1.66
2023-04-07 21:00:00,,10.82,3.33,25.05,1.69
2023-04-07 22:00:00,,10.77,2.54,24.86,1.68
2023-04-07 23:00:00,,10.81,1.98,24.67,1.66
2023-04-08 00:00:00,,10.79,2.11,25.48,1.76
2023-04-08 01:00:00,,10.78,2.1,21.61,1.65
2023-04-08 02:00:00,,10.8,1.71,20.78,1.61
2023-04-08 03:00:00,,10.76,1.26,19.93,1.61
2023-04-08 04:00:00,,10.79,0.47,22.03,1.58
2023-04-08 05:00:00,,10.81,0.47,23.27,1.56
2023-04-08 06:00:00,,10.75,0.47,23.95,1.54
2023-04-08 07:00:00,,10.78,1.43,22.53,1.63
2023-04-08 08:00:00,,10.81,2.23,21.47,1.58
2023-04-08 09:00:00,,10.78,2.45,23.1,1.66
2023-04-08 10:00:00,,10.8,2.23,24.09,1.67
2023-04-08 11:00:00,,10.86,3.08,23.67,1.67
2023-04-08 12:00:00,,10.97,2.73,25.96,1.7
2023-04-08 13:00:00,,10.96,2.08,29.38,1.66
2023-04-08 14:00:00,,11.06,2.09,31.43,1.65
2023-04-08 15:00:00,,11.03,1.03,32.17,1.6
2023-04-08 16:00:00,,11.01,1.61,31.19,1.61
2023-04-08 17:00:00,,10.95,1.41,31.85,1.62
2023-04-08 18:00:00,,10.97,1.85,28.34,1.57
2023-04-08 19:00:00,,10.99,1.9,27.97,1.64
2023-04-08 20:00:00,,11.03,3.84,23.01,1.69
2023-04-08 21:00:00,,11.08,3.95,22.96,1.8
2023-04-08 22:00:00,,10.95,4.57,22.0,1.87
2023-04-08 23:00:00,,10.85,5.14,18.09,1.95
2023-04-09 00:00:00,,10.99,5.78,13.69,1.88
2023-04-09 01:00:00,,11.0,4.16,14.67,1.75
2023-04-09 02:00:00,,10.92,4.82,12.11,1.82
2023-04-09 03:00:00,,11.02,3.11,10.48,1.69
2023-04-09 04:00:00,,10.88,2.07,11.0,1.66
2023-04-09 05:00:00,,10.8,1.79,9.15,1.7
2023-04-09 06:00:00,,10.79,2.67,6.13,1.69
2023-04-09 07:00:00,,10.81,2.67,5.48,1.71
2023-04-09 08:00:00,,10.84,2.76,5.98,1.77
2023-04-09 09:00:00,,10.82,2.43,14.11,1.73
2023-04-09 10:00:00,,11.02,1.46,24.24,1.67
2023-04-09 11:00:00,,11.17,1.55,27.74,1.68
2023-04-09 12:00:00,,11.66,2.22,34.21,1.77
2023-04-09 13:00:00,,32.92,3.85,46.12,1.92
2023-04-09 14:00:00,,53.34,6.14,58.95,2.06
2023-04-09 15:00:00,,32.17,3.83,59.81,2.03
2023-04-09 16:00:00,,17.35,1.79,49.4,1.98
2023-04-09 17:00:00,,13.83,0.47,39.77,1.66
2023-04-09 18:00:00,,13.03,1.42,37.32,1.61
2023-04-09 19:00:00,,13.11,2.28,35.84,1.68
2023-04-09 20:00:00,,13.26,5.48,27.99,1.91
2023-04-09 21:00:00,,13.05,7.19,21.18,1.89
2023-04-09 22:00:00,,12.24,9.34,13.68,2.09
2023-04-09 23:00:00,,11.55,10.27,8.7,2
2023-04-10 00:00:00,,11.1,8.57,8.39,1.86
2023-04-10 01:00:00,,11.08,8.4,7.26,1.82
2023-04-10 02:00:00,,11.06,7.05,6.71,1.82
2023-04-10 03:00:00,,11.05,6.26,6.58,1.76
2023-04-10 04:00:00,,11.05,5.07,5.15,1.76
2023-04-10 05:00:00,,11.05,3.74,5.11,1.8
2023-04-10 06:00:00,,11.1,3.53,5.15,1.79
2023-04-10 07:00:00,,11.78,6.34,6.37,2.17
2023-04-10 08:00:00,,12.55,10.12,7.55,2.66
2023-04-10 09:00:00,,12.12,13.25,7.91,2.57
2023-04-10 10:00:00,,11.33,10.62,14.98,1.93
2023-04-10 11:00:00,,12.12,5.6,26.83,1.72
2023-04-10 12:00:00,,44.31,5.77,34.95,1.79
2023-04-10 13:00:00,,38.05,5.71,41.49,1.71
2023-04-10 14:00:00,,33.15,6.71,54.41,1.7
2023-04-10 15:00:00,,18.21,4.07,79.12,1.73
2023-04-10 16:00:00,,14.65,1.94,73.74,1.67
2023-04-10 17:00:00,,13.16,3.26,61.71,1.69
2023-04-10 18:00:00,,12.79,3.83,55.52,1.69
2023-04-10 19:00:00,,11.96,5.55,51.11,1.79
2023-04-10 20:00:00,,11.36,7.6,38.79,1.8
2023-04-10 21:00:00,,11.44,6.0,30.54,1.76
2023-04-10 22:00:00,,12.21,6.39,27.47,1.77
2023-04-10 23:00:00,,12.49,8.72,20.88,1.78
2023-04-11 00:00:00,,12.26,10.74,11.52,1.92
2023-04-11 01:00:00,,11.65,6.83,12.71,1.76
2023-04-11 02:00:00,,11.36,6.49,12.2,1.81
2023-04-11 03:00:00,,11.27,6.05,10.39,1.77
2023-04-11 04:00:00,,11.07,4.68,9.96,1.74
2023-04-11 05:00:00,,11.1,4.53,7.07,1.82
2023-04-11 06:00:00,,11.09,4.76,5.79,1.86
2023-04-11 07:00:00,,11.98,8.86,6.68,2.34
2023-04-11 08:00:00,,12.56,11.97,7.56,2.56
2023-04-11 09:00:00,,12.71,25.83,13.44,2.58
2023-04-11 10:00:00,,15.5,12.36,19.49,2.04
2023-04-11 11:00:00,,14.22,7.07,30.11,1.88
2023-04-11 12:00:00,,13.64,5.59,42.02,1.86
2023-04-11 13:00:00,,15.18,6.27,48.08,1.9
2023-04-11 14:00:00,,32.69,6.31,47.7,1.88
2023-04-11 15:00:00,,31.82,4.57,53.64,1.79
2023-04-11 16:00:00,,49.39,5.54,52.86,1.85
2023-04-11 17:00:00,,98.54,8.26,46.55,1.95
2023-04-11 18:00:00,,66.66,21.77,25.22,2.36
2023-04-11 19:00:00,,37.11,36.33,8.78,3.81
2023-04-11 20:00:00,,21.16,30.36,11.29,2.81
2023-04-11 21:00:00,,15.55,18.98,17.13,2.29
2023-04-11 22:00:00,,14.28,16.06,15.44,2.3
2023-04-11 23:00:00,,13.41,15.21,12.83,2.46
2023-04-12 00:00:00,,12.98,11.67,12.66,2.37
2023-04-12 01:00:00,,11.95,13.66,10.17,2.03
2023-04-12 02:00:00,,11.6,12.24,8.96,1.97
2023-04-12 03:00:00,,11.34,10.54,7.77,1.95
2023-04-12 04:00:00,,11.17,10.99,8.11,2.02
2023-04-12 05:00:00,,11.13,10.39,7.93,1.98
2023-04-12 06:00:00,,11.36,11.91,7.79,1.93
2023-04-12 07:00:00,,12.09,12.47,8.47,2.24
2023-04-12 08:00:00,,12.86,19.73,9.1,2.89
2023-04-12 09:00:00,,12.31,21.45,11.28,2.63
2023-04-12 10:00:00,,11.24,12.52,28.58,1.95
2023-04-12 11:00:00,,12.44,8.21,46.17,1.76
2023-04-12 12:00:00,,53.12,6.55,55.98,1.76
2023-04-12 13:00:00,,122.6,9.19,49.53,1.72
2023-04-12 14:00:00,,46.1,10.82,45.14,1.48
2023-04-12 15:00:00,,44.4,6.59,50.03,1.59
2023-04-12 16:00:00,,15.84,3.5,51.09,1.65
2023-04-12 17:00:00,,13.56,3.7,50.24,1.69
2023-04-12 18:00:00,,13.22,5.76,46.66,1.73
2023-04-12 19:00:00,,12.15,7.02,41.42,1.77
2023-04-12 20:00:00,,11.36,8.46,36.37,1.83
2023-04-12 21:00:00,,11.47,8.06,37.62,1.89
2023-04-12 22:00:00,,11.37,7.98,38.48,1.89
2023-04-12 23:00:00,,11.41,10.1,28.09,1.81
2023-04-13 00:00:00,,11.36,11.21,17.14,1.98
2023-04-13 01:00:00,,11.37,8.95,19.86,1.85
2023-04-13 02:00:00,,11.45,11.38,11.32,2.14
2023-04-13 03:00:00,,11.34,13.28,11.12,2.03
2023-04-13 04:00:00,,11.39,4.91,20.83,1.89
2023-04-13 05:00:00,,11.33,0.47,33.43,1.73
2023-04-13 06:00:00,,11.41,0.47,32.76,1.7
2023-04-13 07:00:00,,11.35,1.34,32.61,1.65
2023-04-13 08:00:00,,11.33,4.73,25.53,1.67
2023-04-13 09:00:00,,11.42,5.11,24.17,1.71
2023-04-13 10:00:00,,11.42,6.66,20.95,1.76
2023-04-13 11:00:00,,11.39,5.4,22.41,1.68
2023-04-13 12:00:00,,11.44,4.2,22.37,1.68
2023-04-13 13:00:00,,11.99,4.71,23.26,1.72
2023-04-13 14:00:00,,11.58,2.9,23.97,1.64
2023-04-13 15:00:00,,11.61,2.24,25.97,1.61
2023-04-13 16:00:00,,11.46,2.29,27.48,1.59
2023-04-13 17:00:00,,11.55,2.49,27.54,1.62
2023-04-13 18:00:00,,11.67,2.78,26.55,1.66
2023-04-13 19:00:00,,11.61,4.28,24.95,1.67
2023-04-13 20:00:00,,11.62,4.38,22.62,1.68
2023-04-13 21:00:00,,11.66,2.11,25.93,1.6
2023-04-13 22:00:00,,11.64,1.48,26.64,1.57
2023-04-13 23:00:00,,11.67,2.05,22.92,1.62
2023-04-14 00:00:00,,11.67,1.84,21.53,1.61
2023-04-14 01:00:00,,11.65,0.47,23.9,1.55
2023-04-14 02:00:00,,11.62,0.47,22.98,1.55
2023-04-14 03:00:00,,11.51,0.47,22.01,1.53
2023-04-14 04:00:00,,11.64,0.47,20.26,1.56
2023-04-14 05:00:00,,11.56,0.47,23.89,1.55
2023-04-14 06:00:00,,11.66,0.99,24.93,1.54
2023-04-14 07:00:00,,11.56,4.06,22.99,1.55
2023-04-14 08:00:00,,11.63,9.35,16.97,1.7
2023-04-14 09:00:00,,11.66,7.33,21.42,1.67
2023-04-14 10:00:00,,11.59,3.69,27.36,1.59
2023-04-14 11:00:00,,11.64,2.17,30.37,1.53
2023-04-14 12:00:00,,12.58,1.16,24.82,1.52
2023-04-14 13:00:00,,12.02,1.01,25.12,1.57
2023-04-14 14:00:00,,11.2,0.47,25.92,1.52
2023-04-14 15:00:00,,10.66,1.57,25.64,1.53
2023-04-14 16:00:00,,10.58,1.66,26.81,1.51
2023-04-14 17:00:00,,10.44,2.36,27.72,1.53
2023-04-14 18:00:00,,10.34,4.73,23.13,1.59
2023-04-14 19:00:00,,10.67,4.86,22.97,1.6
2023-04-14 20:00:00,,10.38,4.15,23.81,1.6
2023-04-14 21:00:00,,10.43,4.84,20.56,1.69
2023-04-14 22:00:00,,10.43,4.88,18.67,1.7
2023-04-14 23:00:00,,10.67,4.25,19.08,1.68
2023-04-15 00:00:00,,10.41,3.78,18.97,1.58
2023-04-15 01:00:00,,10.66,4.69,16.05,1.62
2023-04-15 02:00:00,,10.74,3.15,17.3,1.71
2023-04-15 03:00:00,,10.44,2.3,18.21,1.67
2023-04-15 04:00:00,,11.01,1.91,18.07,1.63
2023-04-15 05:00:00,,10.64,1.65,16.52,1.62
2023-04-15 06:00:00,,10.55,4.45,9.01,1.66
2023-04-15 07:00:00,,11.01,6.64,4.37,1.82
2023-04-15 08:00:00,,10.97,6.73,7.03,1.82
2023-04-15 09:00:00,,10.71,5.92,14.53,1.85
2023-04-15 10:00:00,,10.69,4.46,21.09,1.82
2023-04-15 11:00:00,,10.64,2.4,25.35,1.76
2023-04-15 12:00:00,,10.49,1.53,29.29,1.73
2023-04-15 13:00:00,,11.02,1.73,30.9,1.72
2023-04-15 14:00:00,,10.89,2.73,32.37,1.72
2023-04-15 15:00:00,,10.74,2.03,30.5,1.72
2023-04-15 16:00:00,,10.8,1.52,29.34,1.68
2023-04-15 17:00:00,,11.33,2.59,29.28,1.71
2023-04-15 18:00:00,,11.3,2.89,27.42,1.75
2023-04-15 19:00:00,,11.29,2.93,24.69,1.73
2023-04-15 20:00:00,,11.08,3.35,22.6,1.77
2023-04-15 21:00:00,,11.03,3.85,21.54,2
2023-04-15 22:00:00,,10.74,3.04,19.53,1.91
2023-04-15 23:00:00,,10.58,1.81,19.06,1.83
2023-04-16 00:00:00,,10.62,2.28,15.48,1.84
2023-04-16 01:00:00,,10.7,2.08,15.13,1.74
2023-04-16 02:00:00,,10.52,1.98,14.77,1.76
2023-04-16 03:00:00,,10.39,0.47,12.12,1.71
2023-04-16 04:00:00,,10.3,0.47,10.41,1.72
2023-04-16 05:00:00,,10.52,1.24,10.18,1.72
2023-04-16 06:00:00,,10.38,2.96,6.97,1.78
2023-04-16 07:00:00,,11.16,6.63,3.14,1.87
2023-04-16 08:00:00,,10.47,2.59,4.32,2.1
2023-04-16 09:00:00,,10.96,2.69,9.26,2.15
2023-04-16 10:00:00,,12.17,3.94,16.81,2.24
2023-04-16 11:00:00,,16.91,6.44,24.52,2.42
2023-04-16 12:00:00,,15.2,3.93,34.12,2.51
2023-04-16 13:00:00,,17.08,3.87,34.63,2.65
2023-04-16 14:00:00,,14.38,4.38,28.55,2.6
2023-04-16 15:00:00,,13.44,2.19,34.81,2.45
2023-04-16 16:00:00,,12.58,2.75,37.72,2.54
2023-04-16 17:00:00,,12.46,3.91,28.07,2.48
2023-04-16 18:00:00,,12.24,3.59,24.18,2.55
2023-04-16 19:00:00,,11.88,8.75,13.03,2.82
2023-04-16 20:00:00,,11.71,8.15,10.45,2.73
2023-04-16 21:00:00,,11.87,7.92,10.36,2.7
2023-04-16 22:00:00,,11.71,6.97,10.9,2.74
2023-04-16 23:00:00,,11.5,6.9,8.24,2.71
2023-04-17 00:00:00,,11.01,3.14,11.28,2.33
2023-04-17 01:00:00,,10.57,2.88,11.78,2.07
2023-04-17 02:00:00,,10.85,0.47,17.42,1.66
2023-04-17 03:00:00,,10.54,0.47,15.43,1.65
2023-04-17 04:00:00,,10.57,0.47,14.88,1.6
2023-04-17 05:00:00,,10.62,0.47,15.52,1.62
2023-04-17 06:00:00,,10.47,1.08,16.22,1.59
2023-04-17 07:00:00,,10.49,2.85,13.92,1.62
2023-04-17 08:00:00,,10.74,7.17,9.55,1.77
2023-04-17 09:00:00,,10.37,8.88,8.52,1.77
2023-04-17 10:00:00,,10.75,7.76,12.66,1.69
2023-04-17 11:00:00,,11.43,5.43,15.01,1.68
2023-04-17 12:00:00,,11.51,4.94,16.32,1.72
2023-04-17 13:00:00,,11.59,4.6,18.67,1.75
2023-04-17 14:00:00,,10.96,2.89,19.56,1.68
2023-04-17 15:00:00,,10.85,5.9,16.56,1.72
2023-04-17 16:00:00,,10.83,5.68,15.85,1.78
2023-04-17 17:00:00,,11.13,4.37,19.47,1.69
2023-04-17 18:00:00,,11.32,8.21,15.08,1.7
2023-04-17 19:00:00,,11.48,8.52,17.02,1.66
2023-04-17 20:00:00,,11.5,12.86,8.95,1.94
2023-04-17 21:00:00,,11.62,15.05,4.26,2.3
2023-04-17 22:00:00,,11.41,13.4,4.6,1.99
2023-04-17 23:00:00,,11.21,12.47,4.39,2.13
2023-04-18 00:00:00,,11.28,10.25,3.44,1.92
2023-04-18 01:00:00,,11.26,7.67,2.65,1.95
2023-04-18 02:00:00,,11.12,4.99,2.64,2.13
2023-04-18 03:00:00,,10.96,4.26,2.78,1.93
2023-04-18 04:00:00,,10.94,4.35,2.76,1.93
2023-04-18 05:00:00,,10.73,8.31,2.57,1.88
2023-04-18 06:00:00,,10.8,9.85,2.5,1.96
2023-04-18 07:00:00,,11.42,10.58,2.45,2
2023-04-18 08:00:00,,12.23,16.34,2.81,2.44
2023-04-18 09:00:00,,11.23,17.55,9.8,2.11
2023-04-18 10:00:00,,18.11,16.88,33.77,1.88
2023-04-18 11:00:00,,18.49,7.71,23.88,1.91
2023-04-18 12:00:00,,24.38,7.45,37.48,1.86
2023-04-18 13:00:00,,38.67,8.4,40.07,1.79
2023-04-18 14:00:00,,29.76,8.78,35.38,1.78
2023-04-18 15:00:00,,23.51,5.73,48.38,1.6
2023-04-18 16:00:00,,19.94,8.63,46.98,1.56
2023-04-18 17:00:00,,15.0,7.14,40.92,1.55
2023-04-18 18:00:00,,50.54,18.08,23.54,1.99
2023-04-18 19:00:00,,25.21,25.17,17.99,2.08
2023-04-18 20:00:00,,33.53,16.36,19.47,1.91
2023-04-18 21:00:00,,32.85,10.16,24.47,1.62
2023-04-18 22:00:00,,32.0,9.53,25.4,1.66
2023-04-18 23:00:00,,18.57,12.5,18.43,1.85
2023-04-19 00:00:00,,16.99,8.93,22.08,1.52
2023-04-19 01:00:00,,12.8,3.44,27.08,1.46
2023-04-19 02:00:00,,10.95,0.47,29.34,1.62
2023-04-19 03:00:00,,16.37,5.85,23.33,1.75
2023-04-19 04:00:00,,36.21,20.42,12.44,1.71
2023-04-19 05:00:00,,39.81,15.81,14.57,1.68
2023-04-19 06:00:00,,41.86,8.89,17.96,1.85
2023-04-19 07:00:00,,46.32,13.51,15.26,1.94
2023-04-19 08:00:00,,49.41,15.35,14.17,2.14
2023-04-19 09:00:00,,75.69,14.67,18.2,1.98
2023-04-19 10:00:00,,16.02,5.51,27.82,1.94
2023-04-19 11:00:00,,15.77,4.9,32.69,1.88
2023-04-19 12:00:00,,12.02,2.98,32.96,1.82
2023-04-19 13:00:00,,12.26,3.94,31.83,1.85
2023-04-19 14:00:00,,11.19,2.33,31.02,1.8
2023-04-19 15:00:00,,11.0,2.53,29.99,1.7
2023-04-19 16:00:00,,11.14,5.0,24.98,1.72
2023-04-19 17:00:00,,11.74,9.89,15.87,1.87
2023-04-19 18:00:00,,12.5,11.43,14.22,2.04
2023-04-19 19:00:00,,16.53,18.93,8.87,2.36
2023-04-19 20:00:00,,16.55,15.83,9.31,2.47
2023-04-19 21:00:00,,30.1,11.33,10.02,2.12
2023-04-19 22:00:00,,31.2,16.65,7.11,2.09
2023-04-19 23:00:00,,,,,
2023-04-20 00:00:00,,,,,
2023-04-20 01:00:00,,25.66,16.13,11.27,1.81
2023-04-20 02:00:00,,34.17,18.44,8.37,1.61
2023-04-20 03:00:00,,23.42,9.12,11.63,1.64
2023-04-20 04:00:00,,21.49,6.09,12.98,1.52
2023-04-20 05:00:00,,23.21,10.21,11.64,1.51
2023-04-20 06:00:00,,26.7,17.39,6.61,1.61
2023-04-20 07:00:00,,29.72,19.78,4.76,1.55
2023-04-20 08:00:00,,39.72,21.4,5.87,1.77
2023-04-20 09:00:00,,24.0,9.52,14.17,1.59
2023-04-20 10:00:00,,16.47,4.32,19.21,1.64
2023-04-20 11:00:00,,14.08,3.15,23.8,1.55
2023-04-20 12:00:00,,16.63,4.14,28.83,1.53
2023-04-20 13:00:00,,15.86,4.01,32.76,1.48
2023-04-20 14:00:00,,14.11,2.72,33.71,1.45
2023-04-20 15:00:00,,15.24,3.95,36.09,1.42
2023-04-20 16:00:00,,14.05,2.19,39.33,1.39
2023-04-20 17:00:00,,11.37,2.2,36.28,1.37
2023-04-20 18:00:00,,11.42,4.15,31.2,1.45
2023-04-20 19:00:00,,13.68,20.83,5.76,2.75
2023-04-20 20:00:00,,16.26,22.87,2.6,2.98
2023-04-20 21:00:00,,15.26,18.97,2.54,3
2023-04-20 22:00:00,,13.36,15.22,2.02,2.34
2023-04-20 23:00:00,,12.6,12.5,2.03,2.05
2023-04-21 00:00:00,,12.92,9.17,2.0,2.23
2023-04-21 01:00:00,,12.05,8.06,0.98,2.31
2023-04-21 02:00:00,,12.29,6.67,0.98,2.26
2023-04-21 03:00:00,,12.01,5.7,2.04,2.36
2023-04-21 04:00:00,,12.53,5.78,2.09,2.33
2023-04-21 05:00:00,,11.95,7.93,2.05,2.21
2023-04-21 06:00:00,,12.32,9.15,2.13,1.99
2023-04-21 07:00:00,,12.29,9.28,2.27,1.92
2023-04-21 08:00:00,,13.22,9.52,3.11,2.03
2023-04-21 09:00:00,,16.56,18.3,20.68,2.03
2023-04-21 10:00:00,,40.67,28.54,66.37,2.11
2023-04-21 11:00:00,,65.22,23.05,62.37,1.92
2023-04-21 12:00:00,,34.45,9.87,59.07,1.82
2023-04-21 13:00:00,,15.16,5.76,45.59,1.7
2023-04-21 14:00:00,,11.69,1.46,42.59,1.43
2023-04-21 15:00:00,,11.8,1.59,40.92,1.39
2023-04-21 16:00:00,,11.86,1.07,41.15,1.38
2023-04-21 17:00:00,,11.79,1.14,40.84,1.36
2023-04-21 18:00:00,,11.88,2.38,36.09,1.36
2023-04-21 19:00:00,,11.91,2.98,33.46,1.43
2023-04-21 20:00:00,,11.89,5.09,27.42,1.55
2023-04-21 21:00:00,,11.9,5.04,24.06,1.6
2023-04-21 22:00:00,,11.62,5.65,20.71,1.63
2023-04-21 23:00:00,,11.54,4.73,19.86,1.64
2023-04-22 00:00:00,,11.31,5.95,15.15,1.67
2023-04-22 01:00:00,,11.18,4.8,15.08,1.66
2023-04-22 02:00:00,,10.94,4.79,11.96,1.89
2023-04-22 03:00:00,,10.82,4.69,5.67,1.89
2023-04-22 04:00:00,,10.62,3.66,5.49,1.81
2023-04-22 05:00:00,,11.03,6.7,4.58,1.87
2023-04-22 06:00:00,,12.11,6.75,3.84,2.06
2023-04-22 07:00:00,,12.22,5.96,3.57,2.24
2023-04-22 08:00:00,,11.76,6.51,4.79,2.18
2023-04-22 09:00:00,,12.19,5.76,11.19,2.16
2023-04-22 10:00:00,,14.49,3.79,19.88,1.94
2023-04-22 11:00:00,,15.98,6.42,27.8,2.02
2023-04-22 12:00:00,,47.04,7.01,39.38,1.81
2023-04-22 13:00:00,,13.32,3.01,44.88,1.67
2023-04-22 14:00:00,,17.51,2.75,49.98,1.6
2023-04-22 15:00:00,,12.16,1.59,49.66,1.58
2023-04-22 16:00:00,,12.44,3.13,51.62,1.57
2023-04-22 17:00:00,,14.06,3.78,67.66,1.69
2023-04-22 18:00:00,,12.78,6.33,57.99,1.7
2023-04-22 19:00:00,,11.93,5.58,38.92,1.68
2023-04-22 20:00:00,,11.98,8.76,23.87,1.72
2023-04-22 21:00:00,,12.05,10.53,17.93,1.93
2023-04-22 22:00:00,,12.13,8.42,18.03,1.92
2023-04-22 23:00:00,,11.92,9.94,11.69,2.01
2023-04-23 00:00:00,,11.76,11.12,6.02,2.21
2023-04-23 01:00:00,,11.45,8.93,4.97,2.02
2023-04-23 02:00:00,,11.21,7.53,4.46,2.29
2023-04-23 03:00:00,,11.03,4.14,7.13,2.11
2023-04-23 04:00:00,,10.84,3.78,5.96,2.08
2023-04-23 05:00:00,,10.62,3.23,5.27,2.02
2023-04-23 06:00:00,,11.18,4.3,3.86,2.02
2023-04-23 07:00:00,,12.36,2.9,3.87,2.03
2023-04-23 08:00:00,,12.05,4.48,3.93,2.46
2023-04-23 09:00:00,,12.28,9.08,8.89,2.44
2023-04-23 10:00:00,,12.65,6.46,22.56,2.25
2023-04-23 11:00:00,,11.36,4.24,35.87,2.1
2023-04-23 12:00:00,,11.47,3.24,46.56,2.07
2023-04-23 13:00:00,,11.79,2.84,56.08,1.94
2023-04-23 14:00:00,,11.9,1.94,47.97,1.92
2023-04-23 15:00:00,,11.92,0.47,44.86,1.77
2023-04-23 16:00:00,,11.88,0.47,43.69,1.71
2023-04-23 17:00:00,,13.03,1.0,39.11,1.76
2023-04-23 18:00:00,,12.77,1.69,37.14,1.73
2023-04-23 19:00:00,,12.47,2.61,33.02,1.75
2023-04-23 20:00:00,,11.94,3.27,29.85,1.78
2023-04-23 21:00:00,,11.91,4.2,27.18,1.81
2023-04-23 22:00:00,,11.95,3.5,24.66,1.79
2023-04-23 23:00:00,,11.91,5.08,19.01,1.78
2023-04-24 00:00:00,,11.74,6.59,11.85,1.81
2023-04-24 01:00:00,,11.5,5.52,9.27,1.87
2023-04-24 02:00:00,,11.5,4.63,10.0,1.9
2023-04-24 03:00:00,,11.71,4.61,10.49,1.81
2023-04-24 04:00:00,,11.78,3.56,10.15,1.77
2023-04-24 05:00:00,,11.54,3.63,12.18,1.78
2023-04-24 06:00:00,,11.62,7.47,8.53,1.83
2023-04-24 07:00:00,,11.54,11.23,4.32,2.12
2023-04-24 08:00:00,,12.7,13.72,4.27,3.06
2023-04-24 09:00:00,,12.72,16.63,5.02,2.9
2023-04-24 10:00:00,,13.1,12.92,14.72,2.21
2023-04-24 11:00:00,,12.41,4.81,28.47,1.83
2023-04-24 12:00:00,,12.82,5.96,36.98,1.85
2023-04-24 13:00:00,,12.1,4.24,43.99,1.83
2023-04-24 14:00:00,,12.43,5.41,46.9,1.85
2023-04-24 15:00:00,,12.4,2.75,50.97,2
2023-04-24 16:00:00,,13.33,3.03,49.15,2.11
2023-04-24 17:00:00,,13.77,3.01,44.76,2.04
2023-04-24 18:00:00,,12.4,8.46,32.02,2.2
2023-04-24 19:00:00,,13.45,9.14,23.07,2.25
2023-04-24 20:00:00,,14.11,8.48,19.25,2.24
2023-04-24 21:00:00,,14.25,7.18,18.05,2.2
2023-04-24 22:00:00,,13.43,6.55,17.99,2.26
2023-04-24 23:00:00,,12.57,4.98,18.08,2.25
2023-04-25 00:00:00,,13.13,4.04,17.17,2.14
2023-04-25 01:00:00,,13.8,4.59,14.24,1.97
2023-04-25 02:00:00,,13.7,2.98,16.04,1.73
2023-04-25 03:00:00,,13.1,3.12,13.57,1.7
2023-04-25 04:00:00,,12.9,3.18,8.52,1.69
2023-04-25 05:00:00,,12.68,5.73,4.91,1.79
2023-04-25 06:00:00,,14.36,7.28,3.87,2.03
2023-04-25 07:00:00,,13.95,11.92,3.69,2.16
2023-04-25 08:00:00,,14.7,15.46,3.89,2.93
2023-04-25 09:00:00,,13.53,15.44,7.91,2.42
2023-04-25 10:00:00,,12.37,12.37,10.95,1.97
2023-04-25 11:00:00,,12.25,11.58,18.7,2.04
2023-04-25 12:00:00,,14.96,12.02,26.58,1.94
2023-04-25 13:00:00,,14.21,10.68,35.9,1.93
2023-04-25 14:00:00,,13.28,4.4,46.18,1.73
2023-04-25 15:00:00,,14.13,4.46,47.17,1.76
2023-04-25 16:00:00,,14.05,8.13,36.89,1.83
2023-04-25 17:00:00,,12.8,8.44,31.1,1.82
2023-04-25 18:00:00,,13.75,22.25,11.86,2.38
2023-04-25 19:00:00,,12.56,23.1,7.25,2.43
2023-04-25 20:00:00,,12.22,17.25,9.55,2.3
2023-04-25 21:00:00,,12.43,17.66,8.34,2.28
2023-04-25 22:00:00,,12.06,3.99,30.32,1.79
2023-04-25 23:00:00,,12.1,7.9,23.9,1.89
2023-04-26 00:00:00,,14.36,9.27,25.93,1.97
2023-04-26 01:00:00,,23.19,6.31,30.9,1.72
2023-04-26 02:00:00,,19.11,5.91,34.16,1.62
2023-04-26 03:00:00,,17.67,4.3,29.36,1.69
2023-04-26 04:00:00,,15.0,5.1,21.52,1.76
2023-04-26 05:00:00,,14.24,8.22,18.92,1.81
2023-04-26 06:00:00,,14.29,7.2,19.42,1.83
2023-04-26 07:00:00,,13.61,12.63,12.77,2.05
2023-04-26 08:00:00,,13.59,15.6,10.68,2.2
2023-04-26 09:00:00,,13.44,10.25,16.06,2.1
2023-04-26 10:00:00,,12.4,9.6,17.4,1.87
2023-04-26 11:00:00,,12.47,16.28,18.33,2
2023-04-26 12:00:00,,13.42,15.88,21.88,2.13
2023-04-26 13:00:00,,13.97,6.79,29.23,1.97
2023-04-26 14:00:00,,14.8,5.34,39.02,1.82
2023-04-26 15:00:00,,13.97,3.3,41.61,1.75
2023-04-26 16:00:00,,13.84,3.67,41.31,1.76
2023-04-26 17:00:00,,12.8,7.42,32.94,1.77
2023-04-26 18:00:00,,12.31,8.56,28.6,1.78
2023-04-26 19:00:00,,12.05,9.73,25.24,1.84
2023-04-26 20:00:00,,12.26,16.88,14.44,2.19
2023-04-26 21:00:00,,12.18,14.72,14.48,2.11
2023-04-26 22:00:00,,12.31,9.07,19.41,1.88
2023-04-26 23:00:00,,12.6,10.15,18.94,1.79
2023-04-27 00:00:00,,15.15,14.15,11.88,1.95
2023-04-27 01:00:00,,17.1,11.42,15.38,1.82
2023-04-27 02:00:00,,16.04,3.55,23.27,1.67
2023-04-27 03:00:00,,14.03,3.13,21.17,1.71
2023-04-27 04:00:00,,13.68,4.59,16.65,1.72
2023-04-27 05:00:00,,12.9,3.9,17.99,1.71
2023-04-27 06:00:00,,12.61,7.54,13.9,1.77
2023-04-27 07:00:00,,12.49,12.47,12.02,1.91
2023-04-27 08:00:00,,12.72,18.91,7.33,2.35
2023-04-27 09:00:00,,12.09,10.28,13.72,1.69
2023-04-27 10:00:00,,12.27,5.85,17.1,1.67
2023-04-27 11:00:00,,12.14,7.56,27.61,1.73
2023-04-27 12:00:00,,12.34,6.68,37.77,1.8
2023-04-27 13:00:00,,12.14,2.87,40.66,1.68
2023-04-27 14:00:00,,12.31,5.34,41.37,1.78
2023-04-27 15:00:00,,5.16,5.32,44.18,0.59
2023-04-27 16:00:00,,4.65,4.84,46.11,0.36
2023-04-27 17:00:00,,5.09,6.85,42.18,0.32
2023-04-27 18:00:00,,11.42,14.29,26.57,0.73
2023-04-27 19:00:00,,8.79,18.04,20.46,1.13
2023-04-27 20:00:00,,6.08,22.42,12.22,1.28
2023-04-27 21:00:00,,5.44,22.04,7.1,1.29
2023-04-27 22:00:00,,5.12,19.07,5.34,1.2
2023-04-27 23:00:00,,4.95,13.22,5.1,0.95
2023-04-28 00:00:00,,4.82,10.52,5.13,0.85
2023-04-28 01:00:00,,4.42,7.15,4.95,0.6
2023-04-28 02:00:00,,4.54,5.73,4.95,0.94
2023-04-28 03:00:00,,4.65,5.08,4.81,0.95
2023-04-28 04:00:00,,4.43,5.79,4.98,0.83
2023-04-28 05:00:00,,4.49,7.54,5.2,0.74
2023-04-28 06:00:00,,4.34,9.63,4.89,0.77
2023-04-28 07:00:00,,4.71,11.03,4.84,1.01
2023-04-28 08:00:00,,5.04,15.84,4.88,2.02
2023-04-28 09:00:00,,4.55,28.21,13.99,1.17
2023-04-28 10:00:00,,4.57,16.42,10.96,1.07
2023-04-28 11:00:00,,9.97,23.8,34.09,0.65
2023-04-28 12:00:00,,18.26,26.92,50.32,0.7
2023-04-28 13:00:00,,9.67,10.65,50.36,0.58
2023-04-28 14:00:00,,5.8,6.48,61.24,0.42
2023-04-28 15:00:00,,5.1,5.39,63.27,0.39
2023-04-28 16:00:00,,4.76,3.93,54.24,0.32
2023-04-28 17:00:00,,4.48,10.87,46.44,0.43
2023-04-28 18:00:00,,4.53,18.51,32.1,0.56
2023-04-28 19:00:00,,4.54,20.46,24.83,0.65
2023-04-28 20:00:00,,4.65,13.87,33.17,0.55
2023-04-28 21:00:00,,4.67,18.61,16.44,0.85
2023-04-28 22:00:00,,4.33,9.04,27.84,0.58
2023-04-28 23:00:00,,4.3,8.54,26.92,0.5
2023-04-29 00:00:00,,4.34,10.23,20.54,0.53
2023-04-29 01:00:00,,4.35,10.21,8.98,0.53
2023-04-29 02:00:00,,4.49,7.45,6.3,0.6
2023-04-29 03:00:00,,4.38,6.46,6.98,0.4
2023-04-29 04:00:00,,4.76,5.39,5.64,0.47
2023-04-29 05:00:00,,4.74,5.08,5.03,0.57
2023-04-29 06:00:00,,4.66,4.88,4.87,0.51
2023-04-29 07:00:00,,4.55,6.39,4.9,0.93
2023-04-29 08:00:00,,4.39,12.13,4.77,1.05
2023-04-29 09:00:00,,4.34,17.96,6.86,1.06
2023-04-29 10:00:00,,4.48,14.97,13.84,0.9
2023-04-29 11:00:00,,4.31,8.69,28.31,0.59
2023-04-29 12:00:00,,4.32,7.04,35.86,0.63
2023-04-29 13:00:00,,4.26,5.33,44.6,0.5
2023-04-29 14:00:00,,4.3,4.73,50.48,0.47
2023-04-29 15:00:00,,4.26,2.84,52.72,0.5
2023-04-29 16:00:00,,4.26,3.06,50.16,0.37
2023-04-29 17:00:00,,4.26,3.06,49.7,0.4
2023-04-29 18:00:00,,4.25,5.34,42.85,0.52
2023-04-29 19:00:00,,4.3,4.18,44.96,0.46
2023-04-29 20:00:00,,4.26,4.92,44.96,0.55
2023-04-29 21:00:00,,4.38,8.43,37.15,0.95
2023-04-29 22:00:00,,4.35,10.83,25.77,1.6
2023-04-29 23:00:00,,4.4,12.94,11.32,1.14
2023-04-30 00:00:00,,4.33,10.38,7.88,1.13
2023-04-30 01:00:00,,4.3,7.87,6.16,0.93
2023-04-30 02:00:00,,4.37,7.33,5.08,1.26
2023-04-30 03:00:00,,4.31,7.06,4.92,1.36
2023-04-30 04:00:00,,4.3,6.5,4.87,1.04
2023-04-30 05:00:00,,4.36,4.96,4.58,0.71
2023-04-30 06:00:00,,4.5,5.63,4.67,0.7
2023-04-30 07:00:00,,4.36,3.58,4.48,0.55
2023-04-30 08:00:00,,4.68,4.45,5.04,0.84
2023-04-30 09:00:00,,4.38,7.75,7.23,0.91
2023-04-30 10:00:00,,4.25,3.69,22.75,0.49
2023-04-30 11:00:00,,4.24,2.41,34.99,0.46
2023-04-30 12:00:00,,4.27,2.28,38.46,0.4
2023-04-30 13:00:00,,4.26,3.07,40.7,0.44
2023-04-30 14:00:00,,4.31,1.89,43.15,0.39
2023-04-30 15:00:00,,4.64,2.31,44.21,0.42
2023-04-30 16:00:00,,4.54,4.1,42.96,0.56
2023-04-30 17:00:00,,4.27,2.36,46.06,0.3
2023-04-30 18:00:00,,4.28,9.26,28.27,0.61
2023-04-30 19:00:00,,4.52,20.91,7.02,1.79
2023-04-30 20:00:00,,4.26,17.1,7.6,1.03
2023-04-30 21:00:00,,4.28,13.0,7.02,1.01
2023-04-30 22:00:00,,4.31,12.48,5.88,1.06
2023-04-30 23:00:00,,4.34,8.35,12.44,1.08
2023-05-01 00:00:00,,4.26,3.78,22.53,0.36
2023-05-01 01:00:00,,4.29,7.37,15.51,0.54
2023-05-01 02:00:00,,4.29,4.46,20.0,0.37
2023-05-01 03:00:00,,4.28,6.54,13.16,0.43
2023-05-01 04:00:00,,4.3,6.97,11.41,0.4
2023-05-01 05:00:00,,4.27,8.33,11.86,0.42
2023-05-01 06:00:00,,4.31,9.38,4.85,0.5
2023-05-01 07:00:00,,4.31,9.68,4.93,0.54
2023-05-01 08:00:00,,4.35,10.56,5.47,0.57
2023-05-01 09:00:00,,4.29,13.14,10.82,0.52
2023-05-01 10:00:00,,4.25,5.83,22.36,0.39
2023-05-01 11:00:00,,4.33,4.64,34.78,0.67
2023-05-01 12:00:00,,4.36,2.49,40.14,1.2
2023-05-01 13:00:00,,4.25,1.03,38.59,0.58
2023-05-01 14:00:00,,4.45,0.47,38.64,0.41
2023-05-01 15:00:00,,4.29,0.47,39.64,0.39
2023-05-01 16:00:00,,4.28,0.47,40.36,0.28
2023-05-01 17:00:00,,4.31,0.47,39.37,0.31
2023-05-01 18:00:00,,4.3,1.03,36.69,0.3
2023-05-01 19:00:00,,4.16,0.98,35.75,0.28
2023-05-01 20:00:00,,4.26,2.25,33.75,0.34
2023-05-01 21:00:00,,4.26,1.99,33.35,0.43
2023-05-01 22:00:00,,4.27,0.99,34.63,0.26
2023-05-01 23:00:00,,4.3,0.47,34.43,0.17
2023-05-02 00:00:00,,4.2,0.47,36.03,0.17
2023-05-02 01:00:00,,4.19,0.47,35.78,0.16
2023-05-02 02:00:00,,4.2,0.47,34.06,0.3
2023-05-02 03:00:00,,4.25,0.47,31.74,0.28
2023-05-02 04:00:00,,4.2,0.47,24.3,0.32
2023-05-02 05:00:00,,4.17,0.47,20.02,0.35
2023-05-02 06:00:00,,4.25,1.11,21.62,0.35
2023-05-02 07:00:00,,4.22,3.2,20.87,0.41
2023-05-02 08:00:00,,4.26,5.68,21.18,0.49
2023-05-02 09:00:00,,4.29,3.71,25.74,0.42
2023-05-02 10:00:00,,4.24,3.6,24.13,0.4
2023-05-02 11:00:00,,4.24,3.84,23.36,0.4
2023-05-02 12:00:00,,4.26,6.94,20.7,0.49
2023-05-02 13:00:00,,4.23,4.25,25.32,0.46
2023-05-02 14:00:00,,4.27,3.69,25.02,0.45
2023-05-02 15:00:00,,4.19,3.09,26.15,0.45
2023-05-02 16:00:00,,4.12,3.36,24.11,0.43
2023-05-02 17:00:00,,4.2,4.03,24.73,0.44
2023-05-02 18:00:00,,4.13,3.87,25.67,0.44
2023-05-02 19:00:00,,4.18,4.15,26.84,0.46
2023-05-02 20:00:00,,4.26,2.94,30.19,0.42
2023-05-02 21:00:00,,4.23,2.29,31.28,0.35
2023-05-02 22:00:00,,4.2,2.38,27.12,0.41
2023-05-02 23:00:00,,4.23,2.26,27.24,0.38
2023-05-03 00:00:00,,4.27,0.47,32.7,0.33
2023-05-03 01:00:00,,4.28,0.47,38.23,0.23
2023-05-03 02:00:00,,4.26,0.47,36.73,0.21
2023-05-03 03:00:00,,4.29,0.47,35.49,0.2
2023-05-03 04:00:00,,4.23,0.47,35.19,0.22
2023-05-03 05:00:00,,4.26,0.47,34.07,0.22
2023-05-03 06:00:00,,4.26,0.47,34.85,0.23
2023-05-03 07:00:00,,4.25,2.8,33.01,0.27
2023-05-03 08:00:00,,4.23,9.48,19.47,0.5
2023-05-03 09:00:00,,4.28,10.59,16.0,0.54
2023-05-03 10:00:00,,4.24,4.92,26.57,0.36
2023-05-03 11:00:00,,4.18,2.25,30.73,0.28
2023-05-03 12:00:00,,4.23,4.21,22.73,0.38
2023-05-03 13:00:00,,4.21,4.84,25.85,0.49
2023-05-03 14:00:00,,4.14,2.48,30.69,0.35
2023-05-03 15:00:00,,4.2,2.29,30.21,0.33
2023-05-03 16:00:00,,4.22,2.1,30.03,0.36
2023-05-03 17:00:00,,4.22,3.02,28.37,0.39
2023-05-03 18:00:00,,4.18,4.73,25.02,0.48
2023-05-03 19:00:00,,4.23,4.76,26.41,0.54
2023-05-03 20:00:00,,4.14,3.96,27.14,0.48
2023-05-03 21:00:00,,4.14,3.4,25.69,0.49
2023-05-03 22:00:00,,4.22,4.57,22.25,0.47
2023-05-03 23:00:00,,4.2,3.33,23.09,0.46
2023-05-04 00:00:00,,4.19,2.97,23.06,0.37
2023-05-04 01:00:00,,4.15,1.29,24.52,0.33
2023-05-04 02:00:00,,4.2,1.4,22.92,0.44
2023-05-04 03:00:00,,4.26,0.47,22.38,0.38
2023-05-04 04:00:00,,4.26,1.0,19.82,0.4
2023-05-04 05:00:00,,4.21,3.28,15.83,0.48
2023-05-04 06:00:00,,4.3,6.35,10.55,0.54
2023-05-04 07:00:00,,4.28,11.37,6.81,0.85
2023-05-04 08:00:00,,4.3,13.21,5.76,1.49
2023-05-04 09:00:00,,4.3,12.3,7.77,0.99
2023-05-04 10:00:00,,4.26,6.94,14.88,0.54
2023-05-04 11:00:00,,4.29,10.95,15.83,0.62
2023-05-04 12:00:00,,4.28,6.37,15.37,0.75
2023-05-04 13:00:00,,4.33,3.25,13.29,0.5
2023-05-04 14:00:00,,5.05,5.58,13.86,0.55
2023-05-04 15:00:00,,5.57,4.92,16.29,0.53
2023-05-04 16:00:00,,5.04,5.75,15.55,0.58
2023-05-04 17:00:00,,4.89,4.39,14.64,0.51
2023-05-04 18:00:00,,5.13,11.21,13.26,1
2023-05-04 19:00:00,,5.06,12.36,10.44,0.88
2023-05-04 20:00:00,,6.87,18.13,5.18,1.54
2023-05-04 21:00:00,,6.59,18.18,4.96,1.47
2023-05-04 22:00:00,,5.85,14.35,5.29,1.05
2023-05-04 23:00:00,,5.57,9.51,5.63,0.85
2023-05-05 00:00:00,,5.12,5.91,10.0,0.6
2023-05-05 01:00:00,,4.81,3.22,12.86,0.41
2023-05-05 02:00:00,,4.81,2.61,12.53,0.35
2023-05-05 03:00:00,,4.8,1.86,11.3,0.33
2023-05-05 04:00:00,,4.73,2.86,10.38,0.41
2023-05-05 05:00:00,,4.97,6.01,7.45,0.56
2023-05-05 06:00:00,,5.0,8.33,6.11,0.77
2023-05-05 07:00:00,,5.65,11.56,4.97,1.05
2023-05-05 08:00:00,,6.44,15.76,4.9,1.56
2023-05-05 09:00:00,,5.82,11.46,5.11,0.97
2023-05-05 10:00:00,,5.4,12.26,5.45,0.77
2023-05-05 11:00:00,,4.96,8.92,6.39,0.56
2023-05-05 12:00:00,,5.32,9.15,6.9,0.62
2023-05-05 13:00:00,,5.07,8.04,9.69,0.63
2023-05-05 14:00:00,,4.95,7.73,9.66,0.66
2023-05-05 15:00:00,,5.05,9.77,8.95,0.68
2023-05-05 16:00:00,,5.04,11.09,10.5,0.65
2023-05-05 17:00:00,,5.29,14.71,6.35,0.91
2023-05-05 18:00:00,,6.15,15.7,5.36,1.16
2023-05-05 19:00:00,,5.4,13.14,7.0,0.83
2023-05-05 20:00:00,,6.93,14.7,5.68,1.06
2023-05-05 21:00:00,,6.47,13.54,5.53,1
2023-05-05 22:00:00,,5.38,8.97,7.56,0.96
2023-05-05 23:00:00,,4.9,6.84,10.37,0.67
2023-05-06 00:00:00,,4.78,3.46,14.88,0.55
2023-05-06 01:00:00,,4.78,4.1,12.91,0.42
2023-05-06 02:00:00,,4.8,3.27,12.27,0.59
2023-05-06 03:00:00,,4.79,1.83,11.57,0.52
2023-05-06 04:00:00,,4.77,2.29,10.34,0.5
2023-05-06 05:00:00,,4.84,3.63,10.56,0.49
2023-05-06 06:00:00,,4.72,1.6,15.39,0.41
2023-05-06 07:00:00,,4.75,2.96,15.44,0.47
2023-05-06 08:00:00,,4.85,3.7,17.07,0.58
2023-05-06 09:00:00,,5.07,6.54,13.6,0.69
2023-05-06 10:00:00,,5.05,6.98,11.99,0.78
2023-05-06 11:00:00,,5.0,3.32,14.26,0.64
2023-05-06 12:00:00,,4.83,2.33,18.47,0.74
2023-05-06 13:00:00,,4.89,0.47,21.01,0.5
2023-05-06 14:00:00,,4.95,2.11,18.9,0.53
2023-05-06 15:00:00,,4.77,2.71,13.78,0.62
2023-05-06 16:00:00,,5.26,5.43,9.61,0.93
2023-05-06 17:00:00,,5.55,9.81,10.81,1.18
2023-05-06 18:00:00,,5.26,8.28,8.93,0.85
2023-05-06 19:00:00,,4.92,5.18,10.31,0.7
2023-05-06 20:00:00,,4.91,3.57,9.14,0.68
2023-05-06 21:00:00,,5.23,3.57,7.26,0.88
2023-05-06 22:00:00,,6.18,8.82,5.15,1.35
2023-05-06 23:00:00,,6.02,8.0,5.94,1.19
2023-05-07 00:00:00,,5.42,6.28,5.73,0.97
2023-05-07 01:00:00,,5.38,6.17,5.25,0.97
2023-05-07 02:00:00,,5.69,7.91,4.89,1.04
2023-05-07 03:00:00,,5.0,6.09,5.58,0.63
2023-05-07 04:00:00,,5.07,4.47,6.04,0.62
2023-05-07 05:00:00,,4.87,4.79,5.57,0.63
2023-05-07 06:00:00,,5.24,4.73,5.18,0.61
2023-05-07 07:00:00,,5.26,4.04,4.86,0.72
2023-05-07 08:00:00,,5.79,5.36,4.63,0.78
2023-05-07 09:00:00,,5.31,5.3,6.75,0.82
2023-05-07 10:00:00,,5.16,2.91,8.91,0.85
2023-05-07 11:00:00,,5.88,7.32,10.78,1.16
2023-05-07 12:00:00,,5.62,4.51,17.72,0.96
2023-05-07 13:00:00,,6.0,3.26,27.3,0.93
2023-05-07 14:00:00,,6.45,1.47,32.27,0.74
2023-05-07 15:00:00,,5.94,1.79,37.79,0.66
2023-05-07 16:00:00,,5.73,1.84,28.38,0.57
2023-05-07 17:00:00,,5.87,2.36,19.97,0.6
2023-05-07 18:00:00,,4.9,1.9,16.08,0.53
2023-05-07 19:00:00,,5.05,4.56,11.68,0.68
2023-05-07 20:00:00,,4.62,0.47,30.73,0.31
2023-05-07 21:00:00,,4.94,2.61,31.04,0.44
2023-05-07 22:00:00,,4.77,5.72,22.92,0.52
2023-05-07 23:00:00,,4.67,3.2,27.36,0.42
2023-05-08 00:00:00,,4.7,1.16,30.39,0.26
2023-05-08 01:00:00,,4.98,3.15,26.04,0.35
2023-05-08 02:00:00,,4.83,2.52,24.94,0.41
2023-05-08 03:00:00,,5.48,5.21,20.22,0.62
2023-05-08 04:00:00,,4.85,1.29,23.3,0.35
2023-05-08 05:00:00,,4.79,0.47,19.98,0.26
2023-05-08 06:00:00,,4.85,3.04,11.0,0.24
2023-05-08 07:00:00,,4.8,2.89,9.5,0.31
2023-05-08 08:00:00,,5.18,7.76,8.09,0.57
2023-05-08 09:00:00,,5.3,8.39,9.77,0.43
2023-05-08 10:00:00,,4.8,2.18,18.77,0.21
2023-05-08 11:00:00,,5.05,2.73,23.04,0.17
2023-05-08 12:00:00,,5.39,2.62,25.96,0.29
2023-05-08 13:00:00,,5.43,3.21,30.13,0.22
2023-05-08 14:00:00,,5.47,3.91,32.5,0.24
2023-05-08 15:00:00,,5.57,3.58,35.13,0.26
2023-05-08 16:00:00,,5.22,2.65,36.94,0.23
2023-05-08 17:00:00,,5.02,5.7,32.39,0.3
2023-05-08 18:00:00,,5.77,13.99,19.97,0.48
2023-05-08 19:00:00,,6.56,21.25,9.89,0.91
2023-05-08 20:00:00,,7.89,18.72,11.64,0.95
2023-05-08 21:00:00,,7.47,14.18,14.35,0.7
2023-05-08 22:00:00,,7.57,13.07,14.63,0.69
2023-05-08 23:00:00,,8.24,12.66,12.86,0.61
2023-05-09 00:00:00,,6.11,12.13,7.94,0.61
2023-05-09 01:00:00,,5.27,8.08,8.53,0.58
2023-05-09 02:00:00,,4.92,6.69,10.48,0.44
2023-05-09 03:00:00,,5.11,7.37,8.83,0.38
2023-05-09 04:00:00,,5.55,5.73,7.03,0.43
2023-05-09 05:00:00,,5.24,6.54,6.29,0.5
2023-05-09 06:00:00,,5.43,9.04,4.88,0.64
2023-05-09 07:00:00,,5.87,15.68,4.79,0.91
2023-05-09 08:00:00,,7.92,20.55,4.57,1.57
2023-05-09 09:00:00,,19.17,24.57,7.95,1.5
2023-05-09 10:00:00,,46.11,11.34,12.74,0.69
2023-05-09 11:00:00,,57.56,7.96,20.52,0.93
2023-05-09 12:00:00,,12.03,4.28,33.56,0.48
2023-05-09 13:00:00,,8.29,4.71,39.21,0.44
2023-05-09 14:00:00,,7.01,7.43,39.73,0.48
2023-05-09 15:00:00,,5.8,2.83,43.81,0.34
2023-05-09 16:00:00,,5.37,1.67,45.56,0.36
2023-05-09 17:00:00,,4.96,4.44,40.55,0.4
2023-05-09 18:00:00,,5.07,7.28,29.94,0.41
2023-05-09 19:00:00,,6.37,18.68,15.3,1.07
2023-05-09 20:00:00,,6.33,19.17,17.28,1.29
2023-05-09 21:00:00,,9.26,24.56,12.48,1.91
2023-05-09 22:00:00,,9.6,19.86,15.83,2.02
2023-05-09 23:00:00,,8.13,16.12,16.32,1.52
2023-05-10 00:00:00,,10.4,16.71,15.41,1.81
2023-05-10 01:00:00,,7.47,12.1,17.68,1.21
2023-05-10 02:00:00,,7.27,10.98,19.86,1.19
2023-05-10 03:00:00,,6.65,8.85,16.55,1
2023-05-10 04:00:00,,5.92,5.79,21.43,0.75
2023-05-10 05:00:00,,6.35,7.73,21.48,0.61
2023-05-10 06:00:00,,6.75,9.71,17.61,0.81
2023-05-10 07:00:00,,8.47,16.52,15.1,1.42
2023-05-10 08:00:00,,7.35,19.2,8.5,1.28
2023-05-10 09:00:00,,7.07,22.88,15.8,1.1
2023-05-10 10:00:00,,5.47,9.9,20.31,0.42
2023-05-10 11:00:00,,7.68,9.94,22.19,0.46
2023-05-10 12:00:00,,6.27,6.15,22.8,0.32
2023-05-10 13:00:00,,6.29,7.79,26.11,0.52
2023-05-10 14:00:00,,7.0,6.99,38.33,0.38
2023-05-10 15:00:00,,7.01,5.45,42.05,0.13
2023-05-10 16:00:00,,6.03,4.87,40.32,0.11
2023-05-10 17:00:00,,5.31,5.65,40.74,0.18
2023-05-10 18:00:00,,5.9,12.43,29.18,0.45
2023-05-10 19:00:00,,6.48,24.93,10.37,0.77
2023-05-10 20:00:00,,7.34,28.13,9.51,1.21
2023-05-10 21:00:00,,8.76,20.21,10.62,1.2
2023-05-10 22:00:00,,6.39,17.52,10.21,0.4
2023-05-10 23:00:00,,6.67,16.27,10.0,0.6
2023-05-11 00:00:00,,6.23,15.92,6.41,0.72
2023-05-11 01:00:00,,6.15,12.28,6.93,0.62
2023-05-11 02:00:00,,5.92,11.17,4.51,0.65
2023-05-11 03:00:00,,5.49,6.17,8.33,0.4
2023-05-11 04:00:00,,5.34,3.74,11.87,0.26
2023-05-11 05:00:00,,5.37,6.09,7.02,0.27
2023-05-11 06:00:00,,5.33,9.93,6.71,0.25
2023-05-11 07:00:00,,6.15,16.7,4.11,0.7
2023-05-11 08:00:00,,6.08,22.68,5.57,1.2
2023-05-11 09:00:00,,5.58,21.71,13.58,0.71
2023-05-11 10:00:00,,4.85,5.36,21.93,0.17
2023-05-11 11:00:00,,4.69,1.98,29.43,0.05
2023-05-11 12:00:00,,4.67,2.47,32.2,0.13
2023-05-11 13:00:00,,4.61,1.71,34.81,0.1
2023-05-11 14:00:00,,4.95,3.42,33.42,0.39
2023-05-11 15:00:00,,4.69,3.25,35.02,0.73
2023-05-11 16:00:00,,4.68,4.3,34.68,0.78
2023-05-11 17:00:00,,4.93,4.82,32.75,0.93
2023-05-11 18:00:00,,5.16,7.49,26.87,0.94
2023-05-11 19:00:00,,5.12,13.15,15.24,1.25
2023-05-11 20:00:00,,5.26,19.25,5.94,1.62
2023-05-11 21:00:00,,4.95,15.0,7.13,1.11
2023-05-11 22:00:00,,5.46,14.96,3.24,1.57
2023-05-11 23:00:00,,5.34,14.83,5.66,1.37
2023-05-12 00:00:00,,4.88,12.55,8.72,1
2023-05-12 01:00:00,,4.99,11.36,4.8,0.79
2023-05-12 02:00:00,,4.89,9.98,9.0,0.38
2023-05-12 03:00:00,,5.05,8.19,7.92,0.31
2023-05-12 04:00:00,,5.22,8.93,4.19,0.38
2023-05-12 05:00:00,,5.57,11.15,0.98,0.34
2023-05-12 06:00:00,,6.34,12.28,0.98,0.74
2023-05-12 07:00:00,,6.61,15.27,0.98,0.93
2023-05-12 08:00:00,,9.67,24.7,0.98,1.99
2023-05-12 09:00:00,,6.72,20.87,10.31,0.88
2023-05-12 10:00:00,,5.55,13.85,22.46,0.58
2023-05-12 11:00:00,,5.54,11.22,19.93,0.44
2023-05-12 12:00:00,,5.62,13.06,24.25,0.49
2023-05-12 13:00:00,,5.34,9.6,29.33,0.45
2023-05-12 14:00:00,,4.96,6.84,32.51,0.34
2023-05-12 15:00:00,,4.99,8.63,32.38,0.37
2023-05-12 16:00:00,,5.53,6.88,33.63,0.25
2023-05-12 17:00:00,,4.87,8.72,25.88,0.31
2023-05-12 18:00:00,,5.39,16.28,15.71,0.55
2023-05-12 19:00:00,,6.99,23.39,2.68,1.04
2023-05-12 20:00:00,,10.87,28.24,0.98,2.36
2023-05-12 21:00:00,,8.44,22.7,0.98,1.63
2023-05-12 22:00:00,,11.22,21.66,0.98,2.58
2023-05-12 23:00:00,,10.18,17.05,0.98,1.95
2023-05-13 00:00:00,,8.4,13.31,0.98,1.53
2023-05-13 01:00:00,,7.9,9.94,0.98,1
2023-05-13 02:00:00,,6.05,8.17,0.98,0.79
2023-05-13 03:00:00,,6.55,9.19,0.98,0.91
2023-05-13 04:00:00,,6.18,6.85,0.98,0.72
2023-05-13 05:00:00,,5.84,6.23,0.98,0.52
2023-05-13 06:00:00,,5.88,7.52,0.98,0.58
2023-05-13 07:00:00,,6.28,9.16,0.98,0.59
2023-05-13 08:00:00,,7.87,13.81,0.98,1.13
2023-05-13 09:00:00,,6.15,17.44,2.82,1.06
2023-05-13 10:00:00,,7.02,15.83,5.16,1.02
2023-05-13 11:00:00,,11.68,21.73,28.48,1.93
2023-05-13 12:00:00,,10.69,14.05,18.42,1.33
2023-05-13 13:00:00,,20.93,9.05,29.18,1.17
2023-05-13 14:00:00,,5.71,4.94,34.8,0.78
2023-05-13 15:00:00,,5.65,5.84,45.27,0.93
2023-05-13 16:00:00,,5.31,5.49,43.83,0.82
2023-05-13 17:00:00,,5.1,6.87,38.79,0.8
2023-05-13 18:00:00,,5.3,9.22,29.88,0.89
2023-05-13 19:00:00,,8.26,22.85,5.4,2.24
2023-05-13 20:00:00,,10.04,26.21,0.98,2.54
2023-05-13 21:00:00,,8.78,20.25,0.98,2.5
2023-05-13 22:00:00,,9.21,15.76,0.98,2.74
2023-05-13 23:00:00,,8.65,19.68,0.98,2.69
2023-05-14 00:00:00,,6.59,18.63,0.98,1.91
2023-05-14 01:00:00,,6.35,12.33,3.49,0.97
2023-05-14 02:00:00,,5.14,10.02,4.96,0.75
2023-05-14 03:00:00,,5.57,9.07,4.47,0.63
2023-05-14 04:00:00,,5.56,7.53,4.59,0.59
2023-05-14 05:00:00,,5.46,7.56,2.33,0.62
2023-05-14 06:00:00,,6.21,8.04,0.98,0.7
2023-05-14 07:00:00,,5.88,8.17,0.98,0.85
2023-05-14 08:00:00,,5.32,6.74,0.98,0.65
2023-05-14 09:00:00,,5.62,9.53,4.54,0.66
2023-05-14 10:00:00,,7.27,10.83,13.78,0.99
2023-05-14 11:00:00,,13.3,14.1,16.87,1.3
2023-05-14 12:00:00,,24.57,11.0,26.07,1.05
2023-05-14 13:00:00,,8.81,6.05,37.35,0.68
2023-05-14 14:00:00,,8.86,6.78,42.58,0.68
2023-05-14 15:00:00,,5.91,4.76,39.91,0.46
2023-05-14 16:00:00,,6.28,5.46,40.19,0.44
2023-05-14 17:00:00,,6.49,7.29,38.19,0.46
2023-05-14 18:00:00,,6.07,8.38,30.53,0.48
2023-05-14 19:00:00,,7.95,23.43,4.16,1.8
2023-05-14 20:00:00,,8.76,23.25,0.98,1.93
2023-05-14 21:00:00,,8.56,19.81,0.98,1.77
2023-05-14 22:00:00,,7.4,15.2,0.98,1.21
2023-05-14 23:00:00,,7.33,11.71,0.98,1.26
2023-05-15 00:00:00,,7.1,17.24,2.92,1.07
2023-05-15 01:00:00,,5.69,12.97,4.62,0.6
2023-05-15 02:00:00,,5.38,9.65,6.41,0.64
2023-05-15 03:00:00,,6.1,11.0,3.8,0.61
2023-05-15 04:00:00,,5.78,9.05,0.98,0.64
2023-05-15 05:00:00,,5.43,7.69,2.93,0.62
2023-05-15 06:00:00,,5.63,10.03,1.98,0.57
2023-05-15 07:00:00,,8.55,16.61,2.93,0.89
2023-05-15 08:00:00,,8.59,24.64,0.98,2.18
2023-05-15 09:00:00,,6.49,27.53,5.34,1.4
2023-05-15 10:00:00,,7.27,21.14,35.75,1.22
2023-05-15 11:00:00,,5.91,6.26,31.35,0.8
2023-05-15 12:00:00,,5.65,3.97,33.54,0.78
2023-05-15 13:00:00,,5.99,4.77,38.03,0.9
2023-05-15 14:00:00,,5.74,2.02,41.53,0.65
2023-05-15 15:00:00,,5.74,1.93,42.42,0.7
2023-05-15 16:00:00,,6.28,2.82,42.44,0.66
2023-05-15 17:00:00,,5.84,2.42,39.79,0.64
2023-05-15 18:00:00,,6.0,12.78,21.82,0.73
2023-05-15 19:00:00,,9.49,30.94,2.2,2.22
2023-05-15 20:00:00,,9.13,33.11,0.98,2.63
2023-05-15 21:00:00,,12.46,30.09,0.98,3.32
2023-05-15 22:00:00,,12.21,26.37,0.98,3.69
2023-05-15 23:00:00,,12.26,21.91,0.98,3.18
2023-05-16 00:00:00,,9.75,14.72,0.98,2.26
2023-05-16 01:00:00,,8.72,9.6,0.98,1.51
2023-05-16 02:00:00,,8.11,9.31,0.98,1.27
2023-05-16 03:00:00,,7.23,6.02,0.98,1.15
2023-05-16 04:00:00,,6.78,5.99,0.98,0.86
2023-05-16 05:00:00,,8.2,5.47,0.98,0.88
2023-05-16 06:00:00,,8.33,5.97,0.98,0.9
2023-05-16 07:00:00,,9.95,13.09,0.98,1.35
2023-05-16 08:00:00,,10.31,15.98,0.98,2.09
2023-05-16 09:00:00,,8.11,22.65,0.98,1.46
2023-05-16 10:00:00,,8.44,56.23,122.2,1.41
2023-05-16 11:00:00,,6.32,24.15,79.42,0.78
2023-05-16 12:00:00,,5.02,3.76,38.42,0.27
2023-05-16 13:00:00,,6.06,5.02,40.24,0.33
2023-05-16 14:00:00,,5.66,4.99,41.42,0.28
2023-05-16 15:00:00,,5.2,4.68,43.76,0.39
2023-05-16 16:00:00,,5.23,2.92,41.35,0.22
2023-05-16 17:00:00,,5.62,2.31,39.36,0.26
2023-05-16 18:00:00,,6.0,10.04,22.09,0.41
2023-05-16 19:00:00,,7.06,19.73,6.2,0.81
2023-05-16 20:00:00,,7.0,15.58,8.28,0.72
2023-05-16 21:00:00,,7.71,16.45,0.98,0.95
2023-05-16 22:00:00,,7.43,12.91,3.26,0.88
2023-05-16 23:00:00,,6.49,9.51,4.43,0.55
2023-05-17 00:00:00,,6.49,7.66,3.64,0.53
2023-05-17 01:00:00,,6.24,5.49,2.85,0.47
2023-05-17 02:00:00,,6.12,4.75,0.98,0.58
2023-05-17 03:00:00,,5.88,4.87,0.98,0.46
2023-05-17 04:00:00,,5.69,2.88,0.98,0.33
2023-05-17 05:00:00,,6.11,2.35,0.98,0.4
2023-05-17 06:00:00,,5.63,2.59,0.98,0.49
2023-05-17 07:00:00,,7.03,8.54,0.98,1.14
2023-05-17 08:00:00,,8.54,11.42,0.98,1.68
2023-05-17 09:00:00,,8.74,20.48,0.98,1.52
2023-05-17 10:00:00,,7.29,33.94,11.42,1.34
2023-05-17 11:00:00,,7.85,31.26,38.38,0.89
2023-05-17 12:00:00,,7.2,21.67,52.85,0.77
2023-05-17 13:00:00,,6.84,15.65,41.49,0.74
2023-05-17 14:00:00,,5.52,8.15,41.37,0.46
2023-05-17 15:00:00,,5.53,8.16,56.17,0.45
2023-05-17 16:00:00,,5.17,4.53,54.4,0.34
2023-05-17 17:00:00,,5.21,7.16,39.32,0.37
2023-05-17 18:00:00,,5.87,16.44,15.23,0.71
2023-05-17 19:00:00,,5.86,18.85,7.96,0.8
2023-05-17 20:00:00,,6.75,19.69,7.08,1.13
2023-05-17 21:00:00,,6.04,12.91,11.21,0.69
2023-05-17 22:00:00,,6.93,12.79,3.78,0.93
2023-05-17 23:00:00,,8.01,11.62,0.98,0.95
2023-05-18 00:00:00,,6.66,8.66,0.98,0.83
2023-05-18 01:00:00,,6.89,4.18,0.98,0.56
2023-05-18 02:00:00,,5.59,2.31,0.98,0.49
2023-05-18 03:00:00,,5.23,1.2,2.02,0.37
2023-05-18 04:00:00,,5.38,0.47,0.98,0.37
2023-05-18 05:00:00,,5.62,0.47,0.98,0.45
2023-05-18 06:00:00,,6.03,3.84,0.98,0.61
2023-05-18 07:00:00,,6.2,6.65,0.98,0.86
2023-05-18 08:00:00,,8.59,14.83,0.98,1.6
2023-05-18 09:00:00,,9.29,26.95,3.15,1.41
2023-05-18 10:00:00,,11.77,27.62,9.05,1.31
2023-05-18 11:00:00,,12.87,19.23,21.86,0.82
2023-05-18 12:00:00,,7.46,13.99,27.65,0.69
2023-05-18 13:00:00,,15.25,19.31,37.86,1.06
2023-05-18 14:00:00,,7.78,8.02,44.99,0.53
2023-05-18 15:00:00,,6.09,6.76,50.37,0.43
2023-05-18 16:00:00,,21.89,9.89,52.81,0.61
2023-05-18 17:00:00,,13.47,28.57,26.19,1.2
2023-05-18 18:00:00,,14.28,38.21,5.05,2.58
2023-05-18 19:00:00,,19.75,42.54,0.98,3.79
2023-05-18 20:00:00,,9.68,29.0,0.98,1.6
2023-05-18 21:00:00,,9.41,20.39,0.98,1.6
2023-05-18 22:00:00,,10.82,18.93,0.98,2.28
2023-05-18 23:00:00,,10.81,16.53,0.98,1.98
2023-05-19 00:00:00,,15.23,11.4,0.98,1.94
2023-05-19 01:00:00,,9.87,8.59,0.98,1.06
2023-05-19 02:00:00,,7.39,5.99,0.98,0.96
2023-05-19 03:00:00,,6.9,3.96,0.98,0.84
2023-05-19 04:00:00,,6.78,2.18,0.98,0.72
2023-05-19 05:00:00,,6.56,2.61,0.98,0.68
2023-05-19 06:00:00,,7.14,6.04,0.98,1.1
2023-05-19 07:00:00,,10.76,11.95,0.98,2.05
2023-05-19 08:00:00,,12.83,16.62,0.98,2.47
2023-05-19 09:00:00,,10.02,25.0,0.98,1.83
2023-05-19 10:00:00,,10.93,34.76,12.06,1.44
2023-05-19 11:00:00,,30.43,47.08,57.76,1.5
2023-05-19 12:00:00,,45.33,31.14,53.33,1.92
2023-05-19 13:00:00,,45.74,16.02,83.72,1.63
2023-05-19 14:00:00,,28.44,17.09,93.36,1.25
2023-05-19 15:00:00,,25.44,22.75,126.8,1.35
2023-05-19 16:00:00,,13.09,16.35,94.2,0.92
2023-05-19 17:00:00,,10.44,15.11,81.49,0.8
2023-05-19 18:00:00,,9.79,20.09,51.2,0.9
2023-05-19 19:00:00,,10.99,37.22,10.29,1.94
2023-05-19 20:00:00,,9.25,28.66,12.32,1.32
2023-05-19 21:00:00,,10.1,24.87,3.84,1.63
2023-05-19 22:00:00,,11.46,18.14,2.12,1.99
2023-05-19 23:00:00,,9.56,13.85,0.98,1.73
2023-05-20 00:00:00,,8.44,9.95,0.98,1.34
2023-05-20 01:00:00,,8.44,5.44,0.98,1.19
2023-05-20 02:00:00,,8.19,4.77,0.98,1.28
2023-05-20 03:00:00,,8.16,5.44,0.98,1.39
2023-05-20 04:00:00,,9.35,4.85,0.98,1.31
2023-05-20 05:00:00,,9.91,5.31,0.98,1.52
2023-05-20 06:00:00,,9.16,6.36,0.98,1.43
2023-05-20 07:00:00,,9.3,7.54,0.98,1.5
2023-05-20 08:00:00,,9.9,10.49,0.98,1.74
2023-05-20 09:00:00,,12.58,26.17,3.48,1.58
2023-05-20 10:00:00,,9.16,27.17,14.14,1.36
2023-05-20 11:00:00,,9.54,31.47,43.06,1.62
2023-05-20 12:00:00,,10.31,10.01,47.22,0.95
2023-05-20 13:00:00,,6.91,5.19,41.51,0.57
2023-05-20 14:00:00,,6.82,2.26,48.87,0.46
2023-05-20 15:00:00,,5.87,1.88,43.01,0.44
2023-05-20 16:00:00,,6.05,2.44,45.13,0.53
2023-05-20 17:00:00,,5.77,4.34,39.82,0.58
2023-05-20 18:00:00,,10.17,18.96,10.39,1.86
2023-05-20 19:00:00,,10.31,26.09,2.84,2.43
2023-05-20 20:00:00,,11.02,22.74,2.15,2.33
2023-05-20 21:00:00,,11.55,22.51,2.15,2.61
2023-05-20 22:00:00,,10.37,18.1,3.25,2.16
2023-05-20 23:00:00,,8.41,10.7,11.85,1.38
2023-05-21 00:00:00,,6.27,4.44,20.97,0.78
2023-05-21 01:00:00,,5.82,1.71,20.25,0.54
2023-05-21 02:00:00,,5.85,1.92,14.01,0.61
2023-05-21 03:00:00,,5.93,2.56,12.08,0.66
2023-05-21 04:00:00,,5.76,1.74,13.31,0.59
2023-05-21 05:00:00,,5.71,0.47,14.32,0.48
2023-05-21 06:00:00,,5.75,0.47,14.01,0.47
2023-05-21 07:00:00,,5.72,0.47,15.51,0.52
2023-05-21 08:00:00,,5.49,1.38,17.87,0.4
2023-05-21 09:00:00,,5.62,0.47,22.14,0.41
2023-05-21 10:00:00,,5.97,0.47,29.6,0.42
2023-05-21 11:00:00,,5.18,0.47,30.26,0.38
2023-05-21 12:00:00,,5.69,0.95,32.38,0.46
2023-05-21 13:00:00,,6.52,1.42,32.14,0.68
2023-05-21 14:00:00,,6.41,2.74,32.46,0.72
2023-05-21 15:00:00,,5.88,1.65,32.18,0.57
2023-05-21 16:00:00,,5.64,3.46,25.52,0.7
2023-05-21 17:00:00,,5.92,4.92,21.84,0.73
2023-05-21 18:00:00,,6.44,7.33,13.6,1.07
2023-05-21 19:00:00,,6.77,11.5,6.14,1.44
2023-05-21 20:00:00,,7.78,15.08,4.38,1.94
2023-05-21 21:00:00,,7.87,12.15,3.49,1.61
2023-05-21 22:00:00,,7.55,12.57,2.58,1.8
2023-05-21 23:00:00,,7.16,11.16,3.95,1.57
2023-05-22 00:00:00,,7.07,10.47,2.46,1.47
2023-05-22 01:00:00,,6.62,8.46,3.56,1.02
2023-05-22 02:00:00,,6.2,4.36,4.52,0.81
2023-05-22 03:00:00,,6.04,2.66,2.71,0.85
2023-05-22 04:00:00,,5.94,1.51,2.34,0.77
2023-05-22 05:00:00,,6.01,1.29,0.98,0.68
2023-05-22 06:00:00,,7.8,3.14,0.98,0.96
2023-05-22 07:00:00,,7.95,8.43,0.98,1.39
2023-05-22 08:00:00,,9.91,13.37,0.98,1.95
2023-05-22 09:00:00,,8.48,12.33,1.98,1.4
2023-05-22 10:00:00,,8.33,13.27,2.34,1.36
2023-05-22 11:00:00,,7.73,12.2,4.14,0.95
2023-05-22 12:00:00,,6.25,14.91,6.7,0.9
2023-05-22 13:00:00,,6.92,16.85,14.03,1.16
2023-05-22 14:00:00,,6.97,14.44,12.76,0.82
2023-05-22 15:00:00,,6.53,6.99,13.63,0.5
2023-05-22 16:00:00,,6.26,6.66,11.76,0.47
2023-05-22 17:00:00,,6.02,7.88,11.11,0.48
2023-05-22 18:00:00,,6.66,10.51,9.99,0.78
2023-05-22 19:00:00,,6.64,11.54,4.5,0.99
2023-05-22 20:00:00,,8.77,17.46,0.98,1.77
2023-05-22 21:00:00,,10.95,18.0,0.98,1.75
2023-05-22 22:00:00,,10.25,16.35,0.98,1.51
2023-05-22 23:00:00,,8.31,10.0,0.98,1.11
2023-05-23 00:00:00,,8.21,7.04,0.98,1.25
2023-05-23 01:00:00,,8.36,4.9,0.98,1.03
2023-05-23 02:00:00,,8.21,4.52,0.98,1.07
2023-05-23 03:00:00,,7.36,2.82,0.98,0.78
2023-05-23 04:00:00,,7.6,2.14,0.98,0.7
2023-05-23 05:00:00,,7.34,1.92,0.98,0.74
2023-05-23 06:00:00,,6.9,2.39,0.98,0.89
2023-05-23 07:00:00,,8.89,6.11,0.98,1.4
2023-05-23 08:00:00,,10.81,13.53,0.98,2.91
2023-05-23 09:00:00,,11.33,20.96,0.98,2.89
2023-05-23 10:00:00,,8.19,31.79,6.17,1.78
2023-05-23 11:00:00,,6.58,27.88,38.31,1.18
2023-05-23 12:00:00,,6.23,22.04,35.06,1.25
2023-05-23 13:00:00,,6.88,13.87,57.07,1.34
2023-05-23 14:00:00,,12.44,10.76,53.24,0.82
2023-05-23 15:00:00,,8.94,4.7,64.4,0.57
2023-05-23 16:00:00,,6.98,5.34,62.11,0.64
2023-05-23 17:00:00,,6.61,7.63,62.34,0.58
2023-05-23 18:00:00,,7.55,27.41,32.17,1.35
2023-05-23 19:00:00,,7.59,27.24,12.05,1.42
2023-05-23 20:00:00,,7.36,18.91,11.33,1.12
2023-05-23 21:00:00,,7.13,8.9,21.9,0.68
2023-05-23 22:00:00,,6.56,6.1,26.88,0.63
2023-05-23 23:00:00,,6.31,6.21,20.96,0.61
2023-05-24 00:00:00,,6.61,11.36,3.74,0.85
2023-05-24 01:00:00,,7.27,7.12,2.23,0.8
2023-05-24 02:00:00,,7.0,6.36,0.98,0.82
2023-05-24 03:00:00,,6.85,4.0,1.98,0.92
2023-05-24 04:00:00,,6.8,3.59,2.14,0.67
2023-05-24 05:00:00,,8.1,4.37,1.97,0.66
2023-05-24 06:00:00,,7.96,4.77,0.98,0.78
2023-05-24 07:00:00,,7.63,7.69,2.0,0.97
2023-05-24 08:00:00,,11.26,17.29,2.17,2.97
2023-05-24 09:00:00,,10.15,23.33,2.28,2.26
2023-05-24 10:00:00,,7.03,20.64,11.14,1.24
2023-05-24 11:00:00,,6.14,13.23,34.6,0.77
2023-05-24 12:00:00,,5.87,7.04,48.76,0.62
2023-05-24 13:00:00,,5.8,8.56,58.04,0.49
2023-05-24 14:00:00,,5.67,9.58,63.19,0.55
2023-05-24 15:00:00,,6.21,9.16,54.64,0.61
2023-05-24 16:00:00,,6.03,8.62,47.85,0.52
2023-05-24 17:00:00,,6.51,17.85,47.32,0.69
2023-05-24 18:00:00,,7.23,28.91,13.35,1.43
2023-05-24 19:00:00,,7.29,27.36,10.1,1.35
2023-05-24 20:00:00,,8.54,23.2,8.5,1.26
2023-05-24 21:00:00,,9.62,25.6,3.13,1.95
2023-05-24 22:00:00,,8.86,21.87,2.43,1.96
2023-05-24 23:00:00,,10.18,15.57,2.2,2.02
2023-05-25 00:00:00,,9.65,14.96,2.18,1.84
2023-05-25 01:00:00,,8.77,10.09,2.03,1.12
2023-05-25 02:00:00,,7.73,9.24,2.11,1.05
2023-05-25 03:00:00,,8.52,5.38,2.35,1.16
2023-05-25 04:00:00,,9.01,5.87,2.15,1.09
2023-05-25 05:00:00,,8.35,5.73,2.33,0.92
2023-05-25 06:00:00,,7.72,9.17,4.21,0.81
2023-05-25 07:00:00,,6.39,12.69,9.0,0.45
2023-05-25 08:00:00,,8.25,15.07,2.05,1
2023-05-25 09:00:00,,9.11,24.13,2.39,1.55
2023-05-25 10:00:00,,6.83,19.93,10.51,0.71
2023-05-25 11:00:00,,8.66,15.26,37.1,0.63
2023-05-25 12:00:00,,7.72,10.97,35.47,0.47
2023-05-25 13:00:00,,6.5,8.96,46.72,0.47
2023-05-25 14:00:00,,5.96,7.49,60.64,0.41
2023-05-25 15:00:00,,5.96,7.9,68.5,0.39
2023-05-25 16:00:00,,6.26,11.62,66.78,0.46
2023-05-25 17:00:00,,6.03,9.72,56.24,0.41
2023-05-25 18:00:00,,7.01,19.24,30.83,0.74
2023-05-25 19:00:00,,7.02,23.1,13.91,0.99
2023-05-25 20:00:00,,6.11,16.12,16.73,0.79
2023-05-25 21:00:00,,6.88,20.65,7.3,1.3
2023-05-25 22:00:00,,7.38,18.31,4.89,1.34
2023-05-25 23:00:00,,8.68,18.87,2.59,1.78
2023-05-26 00:00:00,,10.9,16.06,3.73,1.54
2023-05-26 01:00:00,,5.26,0.47,30.47,0.24
2023-05-26 02:00:00,,5.28,0.47,32.24,0.35
2023-05-26 03:00:00,,7.81,2.08,19.6,0.45
2023-05-26 04:00:00,,7.43,5.2,5.33,0.59
2023-05-26 05:00:00,,6.43,5.56,3.2,0.65
2023-05-26 06:00:00,,6.8,8.16,2.43,0.73
2023-05-26 07:00:00,,7.3,12.51,2.28,0.94
2023-05-26 08:00:00,,10.77,20.89,2.54,2.57
2023-05-26 09:00:00,,9.25,22.93,2.97,2.02
2023-05-26 10:00:00,,9.96,37.04,4.43,2.31
2023-05-26 11:00:00,,6.59,19.06,19.42,0.97
2023-05-26 12:00:00,,5.75,7.35,30.45,0.74
2023-05-26 13:00:00,,5.93,7.47,35.87,0.73
2023-05-26 14:00:00,,5.87,6.29,37.76,0.71
2023-05-26 15:00:00,,5.71,6.37,37.59,0.5
2023-05-26 16:00:00,,5.7,6.9,35.63,0.66
2023-05-26 17:00:00,,6.42,18.09,22.64,0.92
2023-05-26 18:00:00,,7.72,28.54,6.2,1.37
2023-05-26 19:00:00,,10.02,29.18,2.96,2.19
2023-05-26 20:00:00,,8.53,26.86,2.72,1.91
2023-05-26 21:00:00,,7.35,19.12,4.33,1.23
2023-05-26 22:00:00,,10.48,19.71,2.64,2.28
2023-05-26 23:00:00,,10.47,19.71,2.64,2.29
2023-05-27 00:00:00,,7.15,20.27,4.39,1.16
2023-05-27 01:00:00,,5.1,1.76,18.99,0.36
2023-05-27 02:00:00,,5.14,0.47,21.81,0.51
2023-05-27 03:00:00,,5.08,0.47,28.15,0.38
2023-05-27 04:00:00,,5.08,0.47,24.4,0.4
2023-05-27 05:00:00,,5.03,1.38,16.29,0.38
2023-05-27 06:00:00,,5.03,3.05,12.39,0.56
2023-05-27 07:00:00,,7.09,4.67,6.32,0.65
2023-05-27 08:00:00,,6.46,7.9,3.04,0.98
2023-05-27 09:00:00,,6.04,8.04,2.85,0.95
2023-05-27 10:00:00,,6.39,13.78,11.62,1.02
2023-05-27 11:00:00,,6.56,15.06,20.74,0.68
2023-05-27 12:00:00,,6.47,6.98,13.67,0.72
2023-05-27 13:00:00,,5.65,4.86,14.45,0.68
2023-05-27 14:00:00,,5.19,3.13,15.28,0.57
2023-05-27 15:00:00,,5.17,1.17,22.28,0.47
2023-05-27 16:00:00,,5.14,0.47,26.39,0.41
2023-05-27 17:00:00,,5.38,0.47,25.74,0.4
2023-05-27 18:00:00,,5.65,1.34,22.49,0.48
2023-05-27 19:00:00,,5.34,1.02,22.29,0.57
2023-05-27 20:00:00,,5.11,1.76,20.3,0.55
2023-05-27 21:00:00,,5.06,0.47,23.92,0.43
2023-05-27 22:00:00,,5.24,0.47,24.1,0.47
2023-05-27 23:00:00,,5.19,0.47,26.88,0.33
2023-05-28 00:00:00,,5.08,0.47,24.9,0.27
2023-05-28 01:00:00,,5.03,0.47,26.43,0.23
2023-05-28 02:00:00,,5.02,0.47,27.82,0.27
2023-05-28 03:00:00,,4.93,0.47,26.49,0.24
2023-05-28 04:00:00,,5.01,0.47,26.06,0.23
2023-05-28 05:00:00,,4.97,0.47,30.52,0.2
2023-05-28 06:00:00,,4.86,0.47,29.44,0.19
2023-05-28 07:00:00,,4.97,0.47,27.0,0.28
2023-05-28 08:00:00,,5.02,0.47,26.57,0.19
2023-05-28 09:00:00,,5.04,0.47,25.43,0.22
2023-05-28 10:00:00,,5.05,0.47,25.48,0.31
2023-05-28 11:00:00,,7.45,0.47,26.28,0.86
2023-05-28 12:00:00,,7.82,0.47,28.49,1
2023-05-28 13:00:00,,5.26,0.47,32.7,0.49
2023-05-28 14:00:00,,5.77,0.47,31.11,0.5
2023-05-28 15:00:00,,5.08,0.47,30.23,0.42
2023-05-28 16:00:00,,5.03,0.47,32.6,0.26
2023-05-28 17:00:00,,4.93,0.47,32.45,0.23
2023-05-28 18:00:00,,5.05,0.47,28.69,0.44
2023-05-28 19:00:00,,5.14,5.57,18.48,0.53
2023-05-28 20:00:00,,5.5,6.04,18.23,0.61
2023-05-28 21:00:00,,5.87,6.97,15.95,0.71
2023-05-28 22:00:00,,5.82,11.11,7.8,0.92
2023-05-28 23:00:00,,5.78,11.37,4.88,0.97
2023-05-29 00:00:00,,7.68,7.62,5.68,0.78
2023-05-29 01:00:00,,5.86,7.18,3.82,0.7
2023-05-29 02:00:00,,5.29,4.8,3.53,0.7
2023-05-29 03:00:00,,5.09,2.99,3.32,0.59
2023-05-29 04:00:00,,5.25,1.29,2.65,0.48
2023-05-29 05:00:00,,5.27,1.08,2.72,0.41
2023-05-29 06:00:00,,5.62,2.75,2.59,0.49
2023-05-29 07:00:00,,6.46,5.81,2.66,0.67
2023-05-29 08:00:00,,7.46,12.72,2.77,1.38
2023-05-29 09:00:00,,6.96,13.43,3.53,1.05
2023-05-29 10:00:00,,6.09,9.04,9.98,0.66
2023-05-29 11:00:00,,5.43,9.49,16.64,0.63
2023-05-29 12:00:00,,5.21,2.73,27.66,0.34
2023-05-29 13:00:00,,5.1,1.63,31.49,0.31
2023-05-29 14:00:00,,4.83,0.47,33.1,0.24
2023-05-29 15:00:00,,4.94,2.4,32.01,0.26
2023-05-29 16:00:00,,4.71,1.11,32.83,0.24
2023-05-29 17:00:00,,4.73,0.99,30.19,0.27
2023-05-29 18:00:00,,5.03,5.98,22.03,0.36
2023-05-29 19:00:00,,5.19,9.64,15.07,0.49
2023-05-29 20:00:00,,5.7,8.01,16.57,0.46
2023-05-29 21:00:00,,5.3,5.18,19.86,0.38
2023-05-29 22:00:00,,5.29,4.2,18.81,0.37
2023-05-29 23:00:00,,5.23,3.11,17.59,0.35
2023-05-30 00:00:00,,8.66,2.89,16.18,0.33
2023-05-30 01:00:00,,5.13,1.55,17.2,0.27
2023-05-30 02:00:00,,5.24,2.52,11.99,0.39
2023-05-30 03:00:00,,5.16,1.04,13.07,0.36
2023-05-30 04:00:00,,5.12,1.15,9.71,0.32
2023-05-30 05:00:00,,8.08,1.95,4.78,0.45
2023-05-30 06:00:00,,5.95,3.28,3.17,0.51
2023-05-30 07:00:00,,6.43,5.75,2.7,0.7
2023-05-30 08:00:00,,7.92,10.08,2.83,1.55
2023-05-30 09:00:00,,7.6,10.52,3.4,1.1
2023-05-30 10:00:00,,6.34,10.47,4.63,0.97
2023-05-30 11:00:00,,6.02,12.85,8.68,0.85
2023-05-30 12:00:00,,5.63,4.86,17.0,0.51
2023-05-30 13:00:00,,5.32,1.5,23.35,0.42
2023-05-30 14:00:00,,5.28,2.42,24.42,0.46
2023-05-30 15:00:00,,5.3,1.6,25.56,0.39
2023-05-30 16:00:00,,5.31,3.03,25.08,0.42
2023-05-30 17:00:00,,5.39,4.16,22.12,0.44
2023-05-30 18:00:00,,5.75,10.83,11.02,0.74
2023-05-30 19:00:00,,9.79,18.87,3.04,1.81
2023-05-30 20:00:00,,11.79,20.01,3.11,2.27
2023-05-30 21:00:00,,9.65,17.45,2.96,1.78
2023-05-30 22:00:00,,9.39,14.2,2.92,1.74
2023-05-30 23:00:00,,8.58,10.64,2.86,1.54
2023-05-31 00:00:00,,12.47,7.38,2.92,1.39
2023-05-31 01:00:00,,7.91,4.81,2.79,0.83
2023-05-31 02:00:00,,7.03,4.3,2.78,0.67
2023-05-31 03:00:00,,7.08,2.0,2.7,0.73
2023-05-31 04:00:00,,8.06,5.06,2.74,0.82
2023-05-31 05:00:00,,8.76,4.31,2.77,0.73
2023-05-31 06:00:00,,8.21,3.76,2.74,0.67
2023-05-31 07:00:00,,8.26,6.52,2.87,0.95
2023-05-31 08:00:00,,11.2,13.24,2.9,2
2023-05-31 09:00:00,,10.8,20.77,2.89,2.14
2023-05-31 10:00:00,,7.04,24.29,3.83,1.35
2023-05-31 11:00:00,,6.89,19.14,6.76,1.17
2023-05-31 12:00:00,,9.2,16.78,12.4,1.26
2023-05-31 13:00:00,,8.24,7.49,19.04,0.93
2023-05-31 14:00:00,,6.16,3.33,29.5,0.39
2023-05-31 15:00:00,,6.19,2.32,36.73,0.31
2023-05-31 16:00:00,,5.73,1.21,34.3,0.31
2023-05-31 17:00:00,,5.36,1.28,34.26,0.26
2023-05-31 18:00:00,,5.52,10.49,17.94,1.26
2023-05-31 19:00:00,,6.25,30.04,3.47,2.95
2023-05-31 20:00:00,,5.78,26.56,3.36,2.02
2023-05-31 21:00:00,,5.31,18.22,3.24,1.09
2023-05-31 22:00:00,,5.31,15.31,4.0,0.81
2023-05-31 23:00:00,,5.31,11.82,3.59,1.2
2023-06-01 00:00:00,,5.34,9.12,3.32,1.05
2023-06-01 01:00:00,,5.32,5.79,3.45,0.78
2023-06-01 02:00:00,,5.32,5.31,3.32,0.83
2023-06-01 03:00:00,,5.28,7.95,3.41,1.03
2023-06-01 04:00:00,,5.31,9.51,2.99,0.84
2023-06-01 05:00:00,,5.26,6.92,3.3,0.71
2023-06-01 06:00:00,,5.18,5.1,3.17,0.67
2023-06-01 07:00:00,,5.26,7.38,3.34,0.87
2023-06-01 08:00:00,,5.55,13.12,3.31,1.94
2023-06-01 09:00:00,,5.64,18.92,3.53,2.17
2023-06-01 10:00:00,,6.17,21.76,8.63,1.3
2023-06-01 11:00:00,,9.34,14.78,21.26,0.85
2023-06-01 12:00:00,,48.95,17.81,24.21,0.99
2023-06-01 13:00:00,,10.39,7.44,25.37,0.5
2023-06-01 14:00:00,,8.72,8.57,49.61,0.56
2023-06-01 15:00:00,,8.51,9.51,64.13,0.45
2023-06-01 16:00:00,,8.03,5.22,48.53,0.36
2023-06-01 17:00:00,,7.47,5.47,37.52,0.36
2023-06-01 18:00:00,,7.07,13.7,19.55,1.04
2023-06-01 19:00:00,,7.49,31.2,3.26,2.86
2023-06-01 20:00:00,,6.3,24.02,3.23,1.48
2023-06-01 21:00:00,,6.32,17.51,3.39,1.65
2023-06-01 22:00:00,,5.89,14.17,3.28,1.21
2023-06-01 23:00:00,,5.85,9.62,3.28,1.79
2023-06-02 00:00:00,,5.78,10.29,3.26,1.81
2023-06-02 01:00:00,,5.75,9.22,3.39,1.49
2023-06-02 02:00:00,,5.5,10.64,3.18,1.67
2023-06-02 03:00:00,,5.34,7.47,3.21,1.17
2023-06-02 04:00:00,,5.31,6.61,3.32,1.33
2023-06-02 05:00:00,,5.32,4.62,3.29,0.98
2023-06-02 06:00:00,,5.53,8.75,3.5,1.34
2023-06-02 07:00:00,,5.59,11.41,3.48,1.31
2023-06-02 08:00:00,,6.09,10.96,3.44,2.67
2023-06-02 09:00:00,,6.06,19.24,3.42,2.53
2023-06-02 10:00:00,,5.8,28.35,4.66,1.72
2023-06-02 11:00:00,,5.38,18.8,15.3,0.91
2023-06-02 12:00:00,,8.09,19.69,90.25,0.94
2023-06-02 13:00:00,,6.95,8.81,46.61,0.64
2023-06-02 14:00:00,,5.6,7.26,45.16,0.61
2023-06-02 15:00:00,,5.33,6.43,46.37,0.41
2023-06-02 16:00:00,,5.31,2.48,47.56,0.32
2023-06-02 17:00:00,,5.29,4.86,43.23,0.31
2023-06-02 18:00:00,,5.28,21.9,15.28,0.96
2023-06-02 19:00:00,,5.27,17.61,16.81,0.81
2023-06-02 20:00:00,,5.35,20.02,9.96,0.91
2023-06-02 21:00:00,,5.83,22.77,5.04,1.23
2023-06-02 22:00:00,,5.55,16.75,7.3,1.17
2023-06-02 23:00:00,,5.53,15.35,3.86,1.41
2023-06-03 00:00:00,,5.43,10.63,3.5,1.22
2023-06-03 01:00:00,,5.32,7.45,3.3,1.04
2023-06-03 02:00:00,,5.34,7.96,3.45,1.2
2023-06-03 03:00:00,,5.25,5.12,3.43,0.89
2023-06-03 04:00:00,,5.21,1.67,3.39,0.54
2023-06-03 05:00:00,,5.23,3.02,3.42,0.66
2023-06-03 06:00:00,,5.21,3.19,3.3,0.5
2023-06-03 07:00:00,,5.35,3.74,3.29,0.97
2023-06-03 08:00:00,,5.59,10.76,3.36,1.62
2023-06-03 09:00:00,,5.38,14.47,4.07,1.15
2023-06-03 10:00:00,,5.32,11.49,13.18,0.98
2023-06-03 11:00:00,,5.3,7.05,24.9,0.61
2023-06-03 12:00:00,,5.26,6.16,30.98,0.57
2023-06-03 13:00:00,,53.23,4.5,35.1,0.42
2023-06-03 14:00:00,,20.27,3.18,42.04,0.57
2023-06-03 15:00:00,,35.69,5.94,39.29,0.76
2023-06-03 16:00:00,,24.3,4.98,40.41,0.47
2023-06-03 17:00:00,,23.66,7.13,34.94,0.73
2023-06-03 18:00:00,,10.23,18.91,13.41,1.54
2023-06-03 19:00:00,,8.44,26.89,3.94,2.8
2023-06-03 20:00:00,,6.86,23.95,3.73,2.01
2023-06-03 21:00:00,,6.24,15.51,3.87,1.63
2023-06-03 22:00:00,,6.2,11.09,3.7,2.02
2023-06-03 23:00:00,,6.03,11.03,3.67,2.67
2023-06-04 00:00:00,,5.71,9.49,3.57,2.12
2023-06-04 01:00:00,,5.32,5.09,3.47,1.07
2023-06-04 02:00:00,,5.31,7.05,3.42,1.39
2023-06-04 03:00:00,,5.31,8.52,3.23,1.19
2023-06-04 04:00:00,,5.29,4.44,3.32,1.12
2023-06-04 05:00:00,,5.32,2.62,3.37,1.26
2023-06-04 06:00:00,,5.23,3.27,3.23,1.19
2023-06-04 07:00:00,,5.28,2.71,3.3,0.99
2023-06-04 08:00:00,,5.29,4.96,3.31,1.13
2023-06-04 09:00:00,,5.27,10.38,5.05,0.87
2023-06-04 10:00:00,,5.42,13.77,10.6,0.79
2023-06-04 11:00:00,,5.36,8.06,21.7,0.63
2023-06-04 12:00:00,,10.59,7.26,30.29,1.25
2023-06-04 13:00:00,,7.36,2.42,38.97,0.7
2023-06-04 14:00:00,,9.04,4.08,41.28,0.83
2023-06-04 15:00:00,,19.57,3.71,39.95,0.74
2023-06-04 16:00:00,,11.4,3.02,42.84,0.64
2023-06-04 17:00:00,,7.41,5.86,39.31,0.69
2023-06-04 18:00:00,,6.06,4.98,26.63,1.06
2023-06-04 19:00:00,,5.93,20.1,4.39,2.33
2023-06-04 20:00:00,,5.97,19.4,3.21,1.89
2023-06-04 21:00:00,,5.59,13.3,3.35,1.81
2023-06-04 22:00:00,,5.58,10.04,3.45,1.82
2023-06-04 23:00:00,,5.4,6.75,3.32,1.54
2023-06-05 00:00:00,,5.35,8.74,3.29,2.03
2023-06-05 01:00:00,,5.3,13.02,3.3,1.12
2023-06-05 02:00:00,,5.28,12.26,3.94,0.85
2023-06-05 03:00:00,,5.25,6.05,5.17,0.64
2023-06-05 04:00:00,,5.23,4.11,5.74,0.48
2023-06-05 05:00:00,,5.18,4.45,5.02,0.56
2023-06-05 06:00:00,,5.26,6.54,3.98,0.99
2023-06-05 07:00:00,,4.99,2.09,17.02,0.4
2023-06-05 08:00:00,,5.06,3.33,21.31,0.34
2023-06-05 09:00:00,,4.83,5.87,22.45,0.31
2023-06-05 10:00:00,,4.89,2.62,26.52,0.22
2023-06-05 11:00:00,,4.93,2.36,26.79,0.19
2023-06-05 12:00:00,,4.91,0.47,30.25,0.2
2023-06-05 13:00:00,,4.98,1.61,31.34,0.12
2023-06-05 14:00:00,,4.91,1.36,32.66,0.14
2023-06-05 15:00:00,,4.93,0.47,32.13,0.1
2023-06-05 16:00:00,,4.92,0.47,31.39,0.05
2023-06-05 17:00:00,,4.95,2.43,32.02,0.05
2023-06-05 18:00:00,,4.82,6.9,23.58,0.22
2023-06-05 19:00:00,,5.22,17.56,10.95,0.63
2023-06-05 20:00:00,,5.12,14.74,11.42,0.53
2023-06-05 21:00:00,,5.11,13.82,9.13,0.64
2023-06-05 22:00:00,,5.23,11.3,11.22,0.47
2023-06-05 23:00:00,,5.11,9.3,8.91,0.53
2023-06-06 00:00:00,,4.82,7.01,10.34,0.34
2023-06-06 01:00:00,,4.94,4.4,10.37,0.26
2023-06-06 02:00:00,,4.9,2.34,9.38,0.4
2023-06-06 03:00:00,,4.81,2.37,9.64,0.5
2023-06-06 04:00:00,,4.6,2.78,5.73,0.34
2023-06-06 05:00:00,,4.63,3.62,6.23,0.37
2023-06-06 06:00:00,,4.76,4.75,5.68,0.43
2023-06-06 07:00:00,,5.26,6.22,3.11,0.79
2023-06-06 08:00:00,,5.5,6.57,3.13,1.61
2023-06-06 09:00:00,,5.45,11.44,3.85,1.44
2023-06-06 10:00:00,,5.04,4.68,10.7,0.56
2023-06-06 11:00:00,,5.26,4.24,16.12,0.55
2023-06-06 12:00:00,,5.16,3.49,21.94,0.6
2023-06-06 13:00:00,,5.06,3.93,27.39,0.49
2023-06-06 14:00:00,,5.22,4.5,37.15,0.57
2023-06-06 15:00:00,,5.16,4.5,37.78,0.52
2023-06-06 16:00:00,,5.16,4.57,35.91,0.52
2023-06-06 17:00:00,,4.96,4.16,30.01,0.49
2023-06-06 18:00:00,,5.21,17.33,9.02,1.31
2023-06-06 19:00:00,,5.74,20.03,3.44,2.55
2023-06-06 20:00:00,,5.51,19.61,3.31,2.14
2023-06-06 21:00:00,,5.31,15.64,3.14,1.95
2023-06-06 22:00:00,,5.24,10.36,3.36,1.19
2023-06-06 23:00:00,,5.32,6.9,2.92,1.36
2023-06-07 00:00:00,,5.31,7.37,2.97,1.98
2023-06-07 01:00:00,,5.26,4.52,2.9,1.17
2023-06-07 02:00:00,,5.3,4.85,2.9,1.23
2023-06-07 03:00:00,,5.29,3.11,2.86,1.23
2023-06-07 04:00:00,,5.24,3.17,2.84,0.92
2023-06-07 05:00:00,,5.29,1.48,2.78,0.95
2023-06-07 06:00:00,,5.36,2.55,2.86,1.24
2023-06-07 07:00:00,,5.43,4.04,2.79,1.24
2023-06-07 08:00:00,,6.02,7.37,2.96,2.43
2023-06-07 09:00:00,,5.63,24.22,3.17,1.96
2023-06-07 10:00:00,,5.41,18.82,4.21,1.34
2023-06-07 11:00:00,,13.92,11.4,13.46,0.6
2023-06-07 12:00:00,,18.95,5.5,23.15,0.69
2023-06-07 13:00:00,,44.36,8.27,30.56,0.78
2023-06-07 14:00:00,,41.13,7.73,37.44,0.87
2023-06-07 15:00:00,,20.44,6.27,45.75,0.65
2023-06-07 16:00:00,,11.0,2.73,49.35,0.32
2023-06-07 17:00:00,,7.77,3.96,45.7,0.28
2023-06-07 18:00:00,,6.25,12.33,26.22,0.57
2023-06-07 19:00:00,,6.62,28.39,3.05,2.46
2023-06-07 20:00:00,,6.24,23.69,2.71,2.02
2023-06-07 21:00:00,,6.2,17.89,2.96,2.2
2023-06-07 22:00:00,,5.81,13.7,2.88,1.7
2023-06-07 23:00:00,,5.92,9.67,2.86,1.7
2023-06-08 00:00:00,,5.7,8.58,2.78,1.96
2023-06-08 01:00:00,,5.37,4.89,2.8,1.43
2023-06-08 02:00:00,,5.29,4.5,2.64,0.96
2023-06-08 03:00:00,,5.28,2.88,2.74,1.04
2023-06-08 04:00:00,,5.31,1.92,2.74,0.78
2023-06-08 05:00:00,,5.25,2.13,2.66,0.72
2023-06-08 06:00:00,,5.28,1.65,2.52,0.89
2023-06-08 07:00:00,,5.38,3.0,2.63,1.19
2023-06-08 08:00:00,,5.33,2.89,2.47,1.01
2023-06-08 09:00:00,,5.32,9.03,2.79,1.58
2023-06-08 10:00:00,,5.3,23.72,9.52,1.58
2023-06-08 11:00:00,,5.38,25.82,29.19,1.53
2023-06-08 12:00:00,,5.95,24.65,61.01,1.22
2023-06-08 13:00:00,,6.01,6.77,42.34,0.55
2023-06-08 14:00:00,,5.47,4.2,49.06,0.44
2023-06-08 15:00:00,,5.46,4.0,44.26,0.38
2023-06-08 16:00:00,,5.72,5.08,43.56,0.38
2023-06-08 17:00:00,,6.82,9.08,35.24,0.72
2023-06-08 18:00:00,,6.05,23.78,7.86,2.03
2023-06-08 19:00:00,,5.79,21.03,6.32,1.95
2023-06-08 20:00:00,,5.59,19.73,3.46,1.82
2023-06-08 21:00:00,,5.52,13.38,5.26,1.23
2023-06-08 22:00:00,,5.63,11.79,3.28,1.53
2023-06-08 23:00:00,,5.57,9.49,2.5,2.01
2023-06-09 00:00:00,,5.43,5.05,2.33,2.02
2023-06-09 01:00:00,,5.37,3.28,2.22,1.25
2023-06-09 02:00:00,,5.3,3.43,2.34,1.39
2023-06-09 03:00:00,,5.28,2.89,2.45,1.42
2023-06-09 04:00:00,,5.23,3.4,2.61,0.82
2023-06-09 05:00:00,,5.23,3.79,2.2,0.79
2023-06-09 06:00:00,,5.49,6.21,2.34,1.03
2023-06-09 07:00:00,,5.85,14.29,2.3,1.64
2023-06-09 08:00:00,,6.39,19.91,2.41,3.04
2023-06-09 09:00:00,,6.19,34.77,2.4,2.68
2023-06-09 10:00:00,,5.31,29.33,6.26,1.28
2023-06-09 11:00:00,,5.23,16.38,21.66,0.73
2023-06-09 12:00:00,,5.22,6.53,38.85,0.4
2023-06-09 13:00:00,,5.31,3.97,49.73,0.25
2023-06-09 14:00:00,,20.65,9.53,47.26,0.64
2023-06-09 15:00:00,,34.51,10.03,46.52,0.79
2023-06-09 16:00:00,,21.76,13.93,44.64,0.87
2023-06-09 17:00:00,,37.48,18.37,37.3,0.99
2023-06-09 18:00:00,,15.26,31.59,10.6,1.31
2023-06-09 19:00:00,,9.6,34.17,3.54,1.87
2023-06-09 20:00:00,,7.66,36.29,4.69,1.99
2023-06-09 21:00:00,,6.56,31.58,7.48,1.5
2023-06-09 22:00:00,,6.22,24.94,10.33,1.41
2023-06-09 23:00:00,,5.71,17.98,16.46,1.07
2023-06-10 00:00:00,,5.37,9.18,26.85,0.64
2023-06-10 01:00:00,,6.03,12.67,19.75,0.48
2023-06-10 02:00:00,,6.01,17.05,5.97,1.02
2023-06-10 03:00:00,,5.51,12.6,4.13,1
2023-06-10 04:00:00,,5.32,11.3,2.82,0.99
2023-06-10 05:00:00,,5.32,10.34,3.9,0.92
2023-06-10 06:00:00,,5.3,11.03,6.67,0.72
2023-06-10 07:00:00,,5.3,12.85,5.13,0.84
2023-06-10 08:00:00,,5.41,17.29,5.82,1.26
2023-06-10 09:00:00,,5.28,15.84,11.53,0.98
2023-06-10 10:00:00,,5.35,15.05,24.33,0.91
2023-06-10 11:00:00,,12.31,12.78,34.04,1.06
2023-06-10 12:00:00,,9.74,6.18,37.28,0.87
2023-06-10 13:00:00,,8.25,3.57,48.01,0.59
2023-06-10 14:00:00,,6.22,2.4,59.86,0.48
2023-06-10 15:00:00,,5.41,5.69,38.3,0.57
2023-06-10 16:00:00,,5.37,5.1,28.37,0.49
2023-06-10 17:00:00,,5.27,1.87,24.75,0.45
2023-06-10 18:00:00,,5.16,3.74,15.23,0.72
2023-06-10 19:00:00,,5.15,6.16,13.11,1.07
2023-06-10 20:00:00,,5.22,4.15,14.74,1.14
2023-06-10 21:00:00,,5.15,1.45,20.37,0.65
2023-06-10 22:00:00,,5.09,0.47,23.27,0.46
2023-06-10 23:00:00,,5.11,0.47,27.91,0.35
2023-06-11 00:00:00,,5.19,0.47,35.67,0.22
2023-06-11 01:00:00,,5.25,0.47,40.5,0.14
2023-06-11 02:00:00,,5.25,0.47,40.27,0.24
2023-06-11 03:00:00,,5.09,0.47,39.01,0.21
2023-06-11 04:00:00,,4.91,0.47,43.54,0.15
2023-06-11 05:00:00,,4.79,0.47,39.75,0.2
2023-06-11 06:00:00,,4.79,0.47,37.33,0.2
2023-06-11 07:00:00,,5.12,0.47,33.27,0.29
2023-06-11 08:00:00,,4.88,1.81,29.73,0.38
2023-06-11 09:00:00,,4.83,2.19,30.29,0.42
2023-06-11 10:00:00,,5.4,1.3,27.63,0.21
2023-06-11 11:00:00,,5.31,0.47,28.53,0.35
2023-06-11 12:00:00,,5.23,2.25,26.62,0.72
2023-06-11 13:00:00,,5.29,1.72,24.97,0.76
2023-06-11 14:00:00,,5.38,0.47,26.49,0.52
2023-06-11 15:00:00,,5.26,0.47,25.94,0.64
2023-06-11 16:00:00,,5.33,0.47,25.47,0.54
2023-06-11 17:00:00,,5.3,0.47,20.15,0.57
2023-06-11 18:00:00,,5.38,1.23,20.67,0.45
2023-06-11 19:00:00,,5.3,3.01,17.7,0.6
2023-06-11 20:00:00,,5.29,3.89,13.34,0.68
2023-06-11 21:00:00,,5.02,2.91,15.22,0.61
2023-06-11 22:00:00,,4.93,3.08,15.75,0.6
2023-06-11 23:00:00,,5.02,1.66,19.05,0.5
2023-06-12 00:00:00,,4.79,0.47,22.54,0.35
2023-06-12 01:00:00,,4.55,0.47,22.74,0.28
2023-06-12 02:00:00,,4.77,0.47,24.2,0.27
2023-06-12 03:00:00,,4.57,0.47,22.98,0.29
2023-06-12 04:00:00,,4.61,0.47,12.31,0.26
2023-06-12 05:00:00,,5.02,1.11,10.41,0.24
2023-06-12 06:00:00,,4.51,5.95,10.74,0.53
2023-06-12 07:00:00,,4.6,11.27,3.53,0.43
2023-06-12 08:00:00,,5.32,15.56,2.96,1.29
2023-06-12 09:00:00,,5.16,11.95,6.77,0.47
2023-06-12 10:00:00,,4.92,12.48,13.05,0.5
2023-06-12 11:00:00,,4.97,7.45,23.87,0.31
2023-06-12 12:00:00,,5.18,1.28,23.84,0.29
2023-06-12 13:00:00,,5.15,1.58,27.3,0.25
2023-06-12 14:00:00,,5.13,2.78,26.72,0.37
2023-06-12 15:00:00,,5.1,1.91,30.18,0.28
2023-06-12 16:00:00,,5.12,4.53,29.07,0.36
2023-06-12 17:00:00,,5.13,3.27,27.38,0.29
2023-06-12 18:00:00,,5.27,9.72,15.02,0.72
2023-06-12 19:00:00,,5.43,19.35,3.41,1.66
2023-06-12 20:00:00,,5.43,19.91,2.61,1.95
2023-06-12 21:00:00,,5.17,16.66,2.44,1.69
2023-06-12 22:00:00,,5.11,10.41,2.32,1.35
2023-06-12 23:00:00,,4.96,7.18,2.23,1.45
2023-06-13 00:00:00,,4.86,6.01,2.13,1.29
2023-06-13 01:00:00,,5.02,6.01,2.23,1.28
2023-06-13 02:00:00,,4.94,4.94,2.01,1.23
2023-06-13 03:00:00,,4.59,5.51,1.96,0.86
2023-06-13 04:00:00,,4.98,5.43,0.98,0.74
2023-06-13 05:00:00,,5.01,6.21,2.02,0.69
2023-06-13 06:00:00,,5.13,5.49,2.02,0.77
2023-06-13 07:00:00,,5.31,8.47,1.97,0.91
2023-06-13 08:00:00,,6.15,12.59,2.05,1.72
2023-06-13 09:00:00,,5.58,14.43,2.61,1.59
2023-06-13 10:00:00,,9.32,14.26,7.03,1.07
2023-06-13 11:00:00,,5.78,14.49,35.57,0.53
2023-06-13 12:00:00,,5.41,10.39,25.19,0.58
2023-06-13 13:00:00,,7.89,9.98,24.11,0.62
2023-06-13 14:00:00,,5.46,9.22,27.08,0.56
2023-06-13 15:00:00,,5.26,3.97,31.25,0.45
2023-06-13 16:00:00,,5.26,0.47,31.26,0.31
2023-06-13 17:00:00,,5.2,1.98,30.83,0.29
2023-06-13 18:00:00,,5.07,8.12,21.07,0.68
2023-06-13 19:00:00,,5.24,10.05,14.69,0.99
2023-06-13 20:00:00,,5.24,13.01,10.5,1.1
2023-06-13 21:00:00,,5.1,12.65,10.94,1.05
2023-06-13 22:00:00,,5.07,10.65,9.5,1.13
2023-06-13 23:00:00,,5.17,10.61,4.6,1.23
2023-06-14 00:00:00,,4.88,7.9,3.06,0.96
2023-06-14 01:00:00,,4.84,5.34,5.32,0.65
2023-06-14 02:00:00,,4.76,2.26,15.13,0.52
2023-06-14 03:00:00,,4.71,0.98,11.52,0.46
2023-06-14 04:00:00,,4.66,0.47,11.07,0.41
2023-06-14 05:00:00,,4.64,1.57,9.55,0.46
2023-06-14 06:00:00,,4.69,5.65,4.16,0.65
2023-06-14 07:00:00,,4.71,7.89,3.86,0.72
2023-06-14 08:00:00,,4.93,11.08,2.34,0.88
2023-06-14 09:00:00,,4.99,12.52,2.9,1.18
2023-06-14 10:00:00,,5.19,13.54,4.66,0.98
2023-06-14 11:00:00,,5.02,8.31,14.13,0.72
2023-06-14 12:00:00,,4.9,2.53,25.37,0.51
2023-06-14 13:00:00,,4.82,0.47,33.84,0.37
2023-06-14 14:00:00,,4.73,0.47,34.73,0.38
2023-06-14 15:00:00,,4.69,1.65,29.37,0.41
2023-06-14 16:00:00,,4.7,0.47,30.86,0.37
2023-06-14 17:00:00,,4.69,1.49,29.03,0.4
2023-06-14 18:00:00,,4.69,5.53,21.7,0.55
2023-06-14 19:00:00,,4.85,4.81,23.88,0.56
2023-06-14 20:00:00,,4.85,10.28,13.75,0.88
2023-06-14 21:00:00,,4.84,10.14,11.74,1
2023-06-14 22:00:00,,4.72,6.04,15.56,0.71
2023-06-14 23:00:00,,4.87,2.38,20.64,0.5
2023-06-15 00:00:00,,4.65,0.47,24.85,0.42
2023-06-15 01:00:00,,4.64,0.47,21.97,0.35
2023-06-15 02:00:00,,4.62,0.47,25.69,0.29
2023-06-15 03:00:00,,4.65,0.47,28.99,0.28
2023-06-15 04:00:00,,4.71,0.47,29.21,0.26
2023-06-15 05:00:00,,4.63,0.47,27.57,0.28
2023-06-15 06:00:00,,4.64,0.47,28.38,0.31
2023-06-15 07:00:00,,4.63,1.56,27.12,0.35
2023-06-15 08:00:00,,4.6,2.83,30.4,0.39
2023-06-15 09:00:00,,4.63,3.79,30.13,0.4
2023-06-15 10:00:00,,4.59,2.8,31.36,0.33
2023-06-15 11:00:00,,4.61,1.02,33.77,0.31
2023-06-15 12:00:00,,5.43,3.8,33.8,0.3
2023-06-15 13:00:00,,4.98,4.47,34.25,0.47
2023-06-15 14:00:00,,4.82,3.72,35.7,0.38
2023-06-15 15:00:00,,4.8,4.08,35.45,0.29
2023-06-15 16:00:00,,4.88,3.83,35.25,0.3
2023-06-15 17:00:00,,4.84,4.66,34.51,0.32
2023-06-15 18:00:00,,4.83,5.52,33.62,0.36
2023-06-15 19:00:00,,4.81,4.95,34.22,0.34
2023-06-15 20:00:00,,4.84,4.89,33.76,0.36
2023-06-15 21:00:00,,4.83,3.32,36.66,0.31
2023-06-15 22:00:00,,4.86,1.98,40.38,0.25
2023-06-15 23:00:00,,4.85,2.17,41.51,0.24
2023-06-16 00:00:00,,4.88,1.81,43.31,0.2
2023-06-16 01:00:00,,4.81,1.23,42.98,0.2
2023-06-16 02:00:00,,4.89,0.47,43.46,0.24
2023-06-16 03:00:00,,4.74,0.47,44.84,0.19
2023-06-16 04:00:00,,,,,
2023-06-16 05:00:00,,,,,
2023-06-16 06:00:00,,,,,
2023-06-16 07:00:00,,,,,
2023-06-16 08:00:00,,5.21,6.09,35.67,0.15
2023-06-16 09:00:00,,5.43,8.77,34.26,0.05
2023-06-16 10:00:00,,5.35,4.55,33.21,0.34
2023-06-16 11:00:00,,4.92,4.68,32.76,0.25
2023-06-16 12:00:00,,5.03,7.24,29.93,0.18
2023-06-16 13:00:00,,5.04,5.76,31.78,0.21
2023-06-16 14:00:00,,5.01,5.76,31.39,0.21
2023-06-16 15:00:00,,5.03,6.85,28.95,0.14
2023-06-16 16:00:00,,5.04,6.45,28.77,0.05
2023-06-16 17:00:00,,5.03,7.28,25.31,0.19
2023-06-16 18:00:00,,5.04,11.8,19.3,0.23
2023-06-16 19:00:00,,5.0,13.14,15.26,0.45
2023-06-16 20:00:00,,5.03,17.22,8.23,0.85
2023-06-16 21:00:00,,4.99,11.07,12.81,0.73
2023-06-16 22:00:00,,5.04,8.87,14.94,0.51
2023-06-16 23:00:00,,5.03,10.11,12.18,0.62
2023-06-17 00:00:00,,5.07,11.12,9.61,0.49
2023-06-17 01:00:00,,5.03,5.5,15.01,0.28
2023-06-17 02:00:00,,5.09,4.62,15.59,0.44
2023-06-17 03:00:00,,5.05,3.49,16.04,0.39
2023-06-17 04:00:00,,5.01,3.35,16.58,0.37
2023-06-17 05:00:00,,5.07,3.12,15.13,0.36
2023-06-17 06:00:00,,5.16,2.3,17.29,0.45
2023-06-17 07:00:00,,5.19,4.95,13.48,0.38
2023-06-17 08:00:00,,5.22,8.51,10.0,0.61
2023-06-17 09:00:00,,5.24,6.1,14.74,0.41
2023-06-17 10:00:00,,5.16,5.78,17.14,0.42
2023-06-17 11:00:00,,5.15,4.81,21.54,0.45
2023-06-17 12:00:00,,6.55,6.85,25.82,0.54
2023-06-17 13:00:00,,5.63,3.94,33.06,0.44
2023-06-17 14:00:00,,6.35,4.82,33.56,0.54
2023-06-17 15:00:00,,5.29,5.09,34.36,0.54
2023-06-17 16:00:00,,6.89,5.58,34.62,0.44
2023-06-17 17:00:00,,5.17,7.18,28.85,0.59
2023-06-17 18:00:00,,5.05,9.99,23.22,0.78
2023-06-17 19:00:00,,5.47,12.8,18.62,1.02
2023-06-17 20:00:00,,6.6,15.29,14.06,1.2
2023-06-17 21:00:00,,6.42,12.99,13.98,1.21
2023-06-17 22:00:00,,5.46,10.64,12.5,1.43
2023-06-17 23:00:00,,5.27,9.53,7.72,1.33
2023-06-18 00:00:00,,5.25,9.91,7.22,1.37
2023-06-18 01:00:00,,5.22,8.75,6.18,1.02
2023-06-18 02:00:00,,5.14,6.76,11.18,0.71
2023-06-18 03:00:00,,5.08,5.43,10.91,0.57
2023-06-18 04:00:00,,5.17,6.06,6.79,0.58
2023-06-18 05:00:00,,5.21,5.91,2.11,0.92
2023-06-18 06:00:00,,5.25,5.3,2.04,0.79
2023-06-18 07:00:00,,5.22,5.13,0.98,1
2023-06-18 08:00:00,,5.09,5.64,0.98,1.2
2023-06-18 09:00:00,,5.04,7.42,4.31,1.21
2023-06-18 10:00:00,,5.07,4.79,12.06,0.64
2023-06-18 11:00:00,,5.24,3.17,22.2,0.6
2023-06-18 12:00:00,,5.21,3.79,29.32,0.52
2023-06-18 13:00:00,,8.75,6.96,48.56,0.6
2023-06-18 14:00:00,,8.86,6.16,45.03,0.6
2023-06-18 15:00:00,,6.59,4.5,37.97,0.68
2023-06-18 16:00:00,,5.71,3.57,39.36,0.6
2023-06-18 17:00:00,,5.26,3.5,36.8,0.53
2023-06-18 18:00:00,,5.03,6.57,27.22,0.56
2023-06-18 19:00:00,,5.2,13.6,9.2,1.69
2023-06-18 20:00:00,,5.34,16.87,3.64,2.42
2023-06-18 21:00:00,,5.45,13.4,3.33,2.44
2023-06-18 22:00:00,,5.23,10.97,2.31,1.58
2023-06-18 23:00:00,,5.24,10.8,2.41,1.89
2023-06-19 00:00:00,,5.05,8.74,2.57,1.31
2023-06-19 01:00:00,,5.01,7.16,3.26,0.95
2023-06-19 02:00:00,,4.98,3.99,2.51,0.79
2023-06-19 03:00:00,,5.01,3.94,0.98,0.71
2023-06-19 04:00:00,,5.02,4.41,0.98,0.73
2023-06-19 05:00:00,,5.04,4.27,0.98,0.77
2023-06-19 06:00:00,,4.95,5.15,0.98,1.14
2023-06-19 07:00:00,,5.94,9.84,0.98,2.55
2023-06-19 08:00:00,,5.84,11.0,0.98,3
2023-06-19 09:00:00,,5.46,12.98,2.52,1.79
2023-06-19 10:00:00,,6.17,33.33,15.19,1.41
2023-06-19 11:00:00,,6.57,32.25,24.44,1.21
2023-06-19 12:00:00,,5.03,12.11,25.99,0.83
2023-06-19 13:00:00,,5.01,9.78,28.94,0.63
2023-06-19 14:00:00,,5.02,7.09,32.7,0.63
2023-06-19 15:00:00,,5.02,6.27,34.49,0.56
2023-06-19 16:00:00,,4.99,5.4,34.12,0.5
2023-06-19 17:00:00,,4.98,7.54,28.95,0.56
2023-06-19 18:00:00,,5.53,29.49,3.35,2.19
2023-06-19 19:00:00,,5.76,30.46,3.42,1.56
2023-06-19 20:00:00,,5.86,26.26,3.32,2.01
2023-06-19 21:00:00,,5.66,24.24,2.66,2.77
2023-06-19 22:00:00,,5.29,21.12,2.15,1.91
2023-06-19 23:00:00,,5.27,16.76,2.21,1.61
2023-06-20 00:00:00,,5.28,14.25,2.04,1.46
2023-06-20 01:00:00,,5.24,13.15,2.05,1.32
2023-06-20 02:00:00,,5.25,9.71,2.06,1.1
2023-06-20 03:00:00,,5.16,8.41,2.05,0.88
2023-06-20 04:00:00,,5.22,7.37,2.03,0.86
2023-06-20 05:00:00,,5.23,13.64,0.98,1.32
2023-06-20 06:00:00,,5.52,17.21,1.99,1.76
2023-06-20 07:00:00,,5.31,19.69,0.98,1.49
2023-06-20 08:00:00,,5.4,19.05,1.97,1.9
2023-06-20 09:00:00,,5.36,19.86,2.29,1.64
2023-06-20 10:00:00,,5.33,17.45,5.71,1.25
2023-06-20 11:00:00,,6.7,17.79,8.02,1.05
2023-06-20 12:00:00,,12.43,27.69,12.04,1.73
2023-06-20 13:00:00,,19.42,22.41,10.82,1.58
2023-06-20 14:00:00,,6.69,12.22,19.29,0.76
2023-06-20 15:00:00,,8.62,16.79,24.78,1.01
2023-06-20 16:00:00,,6.01,13.88,29.69,0.7
2023-06-20 17:00:00,,5.24,13.15,27.57,0.64
2023-06-20 18:00:00,,5.9,33.64,4.87,2.1
2023-06-20 19:00:00,,6.03,38.01,2.37,2.58
2023-06-20 20:00:00,,6.15,36.16,2.66,2.83
2023-06-20 21:00:00,,5.8,26.57,2.46,2.35
2023-06-20 22:00:00,,5.44,21.58,2.23,1.87
2023-06-20 23:00:00,,5.36,17.79,2.21,1.97
2023-06-21 00:00:00,,5.28,12.92,2.07,1.43
2023-06-21 01:00:00,,5.3,12.03,2.17,1.34
2023-06-21 02:00:00,,5.31,12.99,2.26,1.85
2023-06-21 03:00:00,,5.27,14.25,2.35,1.7
2023-06-21 04:00:00,,5.26,13.08,2.36,1.68
2023-06-21 05:00:00,,5.26,11.65,2.31,1.66
2023-06-21 06:00:00,,5.26,12.19,2.21,1.88
2023-06-21 07:00:00,,5.66,21.92,2.17,2.36
2023-06-21 08:00:00,,5.51,20.98,2.16,2.39
2023-06-21 09:00:00,,5.65,23.29,2.18,2.38
2023-06-21 10:00:00,,5.3,18.28,2.09,1.38
2023-06-21 11:00:00,,5.12,18.7,2.76,1.19
2023-06-21 12:00:00,,5.64,34.48,29.8,1.41
2023-06-21 13:00:00,,6.37,40.89,31.03,2.17
2023-06-21 14:00:00,,354.8,23.71,2.17,1.96
2023-06-21 15:00:00,,284.3,21.38,2.43,1.48
2023-06-21 16:00:00,,5.27,20.96,2.27,0.71
2023-06-21 17:00:00,,3.84,23.75,0.98,1.63
2023-06-21 18:00:00,,3.92,22.36,2.28,1.86
2023-06-21 19:00:00,,3.67,23.43,4.53,2.2
2023-06-21 20:00:00,,3.69,23.29,4.58,2.21
2023-06-21 21:00:00,,3.38,17.0,4.33,1.25
2023-06-21 22:00:00,,3.13,10.45,4.62,1.23
2023-06-21 23:00:00,,2.86,9.54,5.19,0.85
2023-06-22 00:00:00,,2.78,3.05,11.95,0.26
2023-06-22 01:00:00,,2.77,0.47,14.5,0.14
2023-06-22 02:00:00,,2.7,1.63,9.04,0.26
2023-06-22 03:00:00,,2.73,1.77,8.64,0.35
2023-06-22 04:00:00,,2.75,7.2,5.85,0.33
2023-06-22 05:00:00,,2.69,5.77,6.49,0.27
2023-06-22 06:00:00,,3.04,7.08,5.62,0.35
2023-06-22 07:00:00,,3.55,13.43,4.51,0.54
2023-06-22 08:00:00,,2.99,11.78,7.27,0.61
2023-06-22 09:00:00,,2.81,7.89,9.42,0.44
2023-06-22 10:00:00,,3.26,7.26,11.25,0.32
2023-06-22 11:00:00,,4.06,8.03,11.85,0.38
2023-06-22 12:00:00,,4.89,6.34,15.3,0.22
2023-06-22 13:00:00,,5.32,8.69,18.16,0.3
2023-06-22 14:00:00,,5.74,8.35,21.08,0.47
2023-06-22 15:00:00,,4.24,4.94,23.52,0.32
2023-06-22 16:00:00,,3.74,2.76,24.22,0.29
2023-06-22 17:00:00,,3.4,5.2,20.76,0.28
2023-06-22 18:00:00,,3.55,13.56,8.81,0.62
2023-06-22 19:00:00,,3.5,18.79,6.59,1.02
2023-06-22 20:00:00,,3.02,10.24,11.73,0.53
2023-06-22 21:00:00,,2.94,5.09,15.47,0.35
2023-06-22 22:00:00,,2.97,4.3,16.61,0.34
2023-06-22 23:00:00,,2.93,3.9,17.28,0.25
2023-06-23 00:00:00,,2.84,2.31,17.7,0.21
2023-06-23 01:00:00,,2.82,1.68,17.01,0.18
2023-06-23 02:00:00,,2.76,0.47,17.75,0.25
2023-06-23 03:00:00,,2.78,0.47,15.76,0.3
2023-06-23 04:00:00,,2.75,0.47,12.61,0.23
2023-06-23 05:00:00,,2.73,0.47,13.74,0.25
2023-06-23 06:00:00,,2.75,3.12,10.23,0.32
2023-06-23 07:00:00,,3.19,9.56,7.37,0.84
2023-06-23 08:00:00,,3.33,14.37,4.61,1.38
2023-06-23 09:00:00,,3.78,17.02,4.64,1.55
2023-06-23 10:00:00,,3.81,17.47,4.8,1.24
2023-06-23 11:00:00,,3.49,18.13,5.1,1.17
2023-06-23 12:00:00,,3.41,24.07,9.28,1.11
2023-06-23 13:00:00,,3.43,20.1,8.71,1.07
2023-06-23 14:00:00,,3.82,24.16,12.22,1.23
2023-06-23 15:00:00,,3.96,19.88,12.83,1.11
2023-06-23 16:00:00,,4.02,15.07,16.43,0.89
2023-06-23 17:00:00,,3.96,16.31,9.87,1.01
2023-06-23 18:00:00,,3.9,19.46,5.26,1.11
2023-06-23 19:00:00,,3.96,19.64,4.88,1.51
2023-06-23 20:00:00,,4.01,19.09,4.96,2.39
2023-06-23 21:00:00,,4.12,19.52,5.51,3.78
2023-06-23 22:00:00,,4.31,22.09,5.37,4.65
2023-06-23 23:00:00,,3.68,17.97,4.97,2.48
2023-06-24 00:00:00,,3.25,11.54,6.61,1.11
2023-06-24 01:00:00,,3.16,8.89,5.89,1.14
2023-06-24 02:00:00,,3.37,8.7,4.75,1.47
2023-06-24 03:00:00,,3.14,6.49,4.65,1.33
2023-06-24 04:00:00,,3.01,6.25,4.57,1.17
2023-06-24 05:00:00,,2.96,4.13,4.55,0.79
2023-06-24 06:00:00,,3.28,3.99,4.64,0.77
2023-06-24 07:00:00,,3.42,7.19,4.64,1.1
2023-06-24 08:00:00,,3.45,10.38,4.69,1.22
2023-06-24 09:00:00,,3.36,13.76,4.91,1.27
2023-06-24 10:00:00,,3.05,12.33,5.1,1.12
2023-06-24 11:00:00,,3.07,13.3,8.83,1
2023-06-24 12:00:00,,2.9,10.81,21.48,0.78
2023-06-24 13:00:00,,2.89,10.55,35.72,0.79
2023-06-24 14:00:00,,2.88,10.11,42.77,0.7
2023-06-24 15:00:00,,15.75,10.9,40.13,0.82
2023-06-24 16:00:00,,18.47,9.11,39.36,0.78
2023-06-24 17:00:00,,6.04,9.58,34.37,0.77
2023-06-24 18:00:00,,4.56,19.63,17.27,1.4
2023-06-24 19:00:00,,4.4,27.3,5.33,3.24
2023-06-24 20:00:00,,3.95,24.12,6.12,2.74
2023-06-24 21:00:00,,4.01,22.07,5.29,3.65
2023-06-24 22:00:00,,4.05,18.03,5.77,4.53
2023-06-24 23:00:00,,4.38,21.3,5.63,5.54
2023-06-25 00:00:00,,3.62,14.96,6.6,2.75
2023-06-25 01:00:00,,3.46,5.91,21.05,0.76
2023-06-25 02:00:00,,3.53,6.35,20.42,0.71
2023-06-25 03:00:00,,3.34,7.47,18.33,0.61
2023-06-25 04:00:00,,3.27,9.67,6.69,1.2
2023-06-25 05:00:00,,3.34,8.39,6.95,1.15
2023-06-25 06:00:00,,3.59,9.7,11.37,0.71
2023-06-25 07:00:00,,3.92,12.45,4.57,1.16
2023-06-25 08:00:00,,3.47,11.15,5.01,1.07
2023-06-25 09:00:00,,3.66,16.11,5.58,1.63
2023-06-25 10:00:00,,3.61,11.18,24.53,1.01
2023-06-25 11:00:00,,4.14,14.07,31.76,1.03
2023-06-25 12:00:00,,4.58,16.46,33.19,1.35
2023-06-25 13:00:00,,6.33,8.96,31.93,1.24
2023-06-25 14:00:00,,4.33,5.36,20.74,0.9
2023-06-25 15:00:00,,3.84,7.13,21.49,1.08
2023-06-25 16:00:00,,3.94,8.06,18.4,1.15
2023-06-25 17:00:00,,4.03,6.71,23.38,0.77
2023-06-25 18:00:00,,4.08,15.45,9.17,1.55
2023-06-25 19:00:00,,3.94,18.24,4.94,2.29
2023-06-25 20:00:00,,3.66,14.62,5.56,1.54
2023-06-25 21:00:00,,3.75,15.99,4.87,2.13
2023-06-25 22:00:00,,3.49,11.85,8.85,0.96
2023-06-25 23:00:00,,3.14,2.57,18.31,0.35
2023-06-26 00:00:00,,3.19,0.47,18.47,0.16
2023-06-26 01:00:00,,3.17,0.47,17.39,0.14
2023-06-26 02:00:00,,2.91,0.47,17.51,0.27
2023-06-26 03:00:00,,2.8,0.47,14.58,0.26
2023-06-26 04:00:00,,2.81,0.47,11.05,0.25
2023-06-26 05:00:00,,2.76,0.47,10.11,0.26
2023-06-26 06:00:00,,2.86,2.38,7.27,0.35
2023-06-26 07:00:00,,3.19,6.95,4.77,0.61
2023-06-26 08:00:00,,3.22,11.29,4.52,1.2
2023-06-26 09:00:00,,3.33,19.99,5.02,1.26
2023-06-26 10:00:00,,3.26,41.82,18.36,1.26
2023-06-26 11:00:00,,3.72,27.2,10.07,1.36
2023-06-26 12:00:00,,3.3,12.74,36.96,0.83
2023-06-26 13:00:00,,2.95,13.35,46.02,0.81
2023-06-26 14:00:00,,7.14,8.32,50.7,0.58
2023-06-26 15:00:00,,5.53,7.59,53.09,0.38
2023-06-26 16:00:00,,4.32,7.55,53.39,0.47
2023-06-26 17:00:00,,3.94,14.73,38.86,0.94
2023-06-26 18:00:00,,3.99,29.02,15.37,1.27
2023-06-26 19:00:00,,4.22,38.14,8.55,2
2023-06-26 20:00:00,,3.99,32.13,7.17,2.2
2023-06-26 21:00:00,,3.95,21.81,14.73,1.16
2023-06-26 22:00:00,,3.91,20.43,15.56,1.1
2023-06-26 23:00:00,,3.87,12.65,26.61,0.87
2023-06-27 00:00:00,,3.86,14.57,21.31,0.52
2023-06-27 01:00:00,,4.01,10.6,19.37,0.53
2023-06-27 02:00:00,,3.99,6.86,36.56,0.23
2023-06-27 03:00:00,,4.1,8.22,34.46,0.21
2023-06-27 04:00:00,,3.92,3.79,42.08,0.21
2023-06-27 05:00:00,,3.5,3.69,42.96,0.24
2023-06-27 06:00:00,,4.96,16.97,22.65,0.43
2023-06-27 07:00:00,,4.35,24.1,19.11,0.81
2023-06-27 08:00:00,,4.13,38.48,6.08,1.85
2023-06-27 09:00:00,,5.02,42.06,13.88,2.29
2023-06-27 10:00:00,,4.11,25.15,35.77,0.79
2023-06-27 11:00:00,,3.81,17.58,40.67,0.66
2023-06-27 12:00:00,,3.65,8.84,56.51,0.39
2023-06-27 13:00:00,,3.68,9.39,63.7,0.59
2023-06-27 14:00:00,,3.63,9.25,68.83,0.52
2023-06-27 15:00:00,,4.14,8.32,71.66,0.45
2023-06-27 16:00:00,,8.06,11.47,61.85,0.23
2023-06-27 17:00:00,,19.71,10.96,53.63,0.36
2023-06-27 18:00:00,,6.13,20.17,31.47,0.79
2023-06-27 19:00:00,,6.34,46.61,9.63,2.26
2023-06-27 20:00:00,,8.68,28.49,22.12,1.46
2023-06-27 21:00:00,,5.05,28.73,14.16,1.39
2023-06-27 22:00:00,,4.43,33.9,5.5,1.86
2023-06-27 23:00:00,,3.98,25.88,13.37,1.87
2023-06-28 00:00:00,,3.98,14.33,26.84,1.18
2023-06-28 01:00:00,,4.02,9.94,31.52,0.82
2023-06-28 02:00:00,,4.04,16.78,11.32,0.99
2023-06-28 03:00:00,,3.99,13.83,5.86,1.01
2023-06-28 04:00:00,,3.78,8.76,15.1,0.8
2023-06-28 05:00:00,,3.81,7.56,28.64,0.47
2023-06-28 06:00:00,,3.66,7.37,36.67,0.53
2023-06-28 07:00:00,,3.91,17.79,25.74,0.6
2023-06-28 08:00:00,,6.36,36.72,11.3,1.15
2023-06-28 09:00:00,,5.87,28.52,26.78,1.13
2023-06-28 10:00:00,,4.27,17.02,37.13,0.35
2023-06-28 11:00:00,,4.06,8.21,44.4,0.3
2023-06-28 12:00:00,,4.13,7.01,40.18,0.23
2023-06-28 13:00:00,,3.97,5.97,20.48,0.25
2023-06-28 14:00:00,,3.76,6.69,19.58,0.24
2023-06-28 15:00:00,,3.24,3.51,28.39,0.1
2023-06-28 16:00:00,,3.22,4.62,28.47,0.15
2023-06-28 17:00:00,,3.21,8.37,20.7,0.14
2023-06-28 18:00:00,,3.04,7.21,22.02,0.4
2023-06-28 19:00:00,,3.06,7.4,22.29,0.28
2023-06-28 20:00:00,,3.12,7.65,19.6,0.25
2023-06-28 21:00:00,,3.12,4.7,24.31,0.18
2023-06-28 22:00:00,,3.09,4.78,19.97,0.2
2023-06-28 23:00:00,,3.05,5.76,16.56,0.16
2023-06-29 00:00:00,,3.27,8.04,10.25,0.33
2023-06-29 01:00:00,,3.66,5.53,7.28,0.29
2023-06-29 02:00:00,,3.43,4.35,4.04,0.36
2023-06-29 03:00:00,,3.68,4.13,4.25,0.44
2023-06-29 04:00:00,,3.86,3.05,3.61,0.49
2023-06-29 05:00:00,,3.66,2.82,3.92,0.5
2023-06-29 06:00:00,,3.65,4.73,4.02,0.75
2023-06-29 07:00:00,,3.92,10.13,4.16,1.34
2023-06-29 08:00:00,,4.07,11.28,4.32,1.98
2023-06-29 09:00:00,,3.99,16.48,4.17,2.24
2023-06-29 10:00:00,,3.75,33.57,12.78,1.08
2023-06-29 11:00:00,,3.8,17.31,24.5,0.54
2023-06-29 12:00:00,,3.76,10.19,34.78,0.44
2023-06-29 13:00:00,,3.63,7.19,38.16,0.42
2023-06-29 14:00:00,,3.51,3.56,41.15,0.32
2023-06-29 15:00:00,,3.27,1.29,45.36,0.16
2023-06-29 16:00:00,,3.41,1.82,44.02,0.23
2023-06-29 17:00:00,,3.35,4.43,39.03,0.33
2023-06-29 18:00:00,,3.4,16.83,17.18,0.82
2023-06-29 19:00:00,,3.81,15.03,16.57,0.62
2023-06-29 20:00:00,,3.95,12.95,17.91,0.62
2023-06-29 21:00:00,,3.91,17.0,7.26,1.04
2023-06-29 22:00:00,,3.7,13.35,4.35,1.1
2023-06-29 23:00:00,,3.85,10.92,7.24,0.97
2023-06-30 00:00:00,,3.88,7.13,10.76,0.64
2023-06-30 01:00:00,,3.7,3.0,14.89,0.36
2023-06-30 02:00:00,,3.91,1.54,19.13,0.18
2023-06-30 03:00:00,,3.8,0.47,22.82,0.16
2023-06-30 04:00:00,,3.41,0.47,18.34,0.15
2023-06-30 05:00:00,,3.4,3.41,13.67,0.2
2023-06-30 06:00:00,,3.36,7.76,10.68,0.31
2023-06-30 07:00:00,,3.63,11.34,7.57,0.64
2023-06-30 08:00:00,,3.68,13.08,4.89,1.04
2023-06-30 09:00:00,,5.15,15.48,4.73,1.52
2023-06-30 10:00:00,,4.34,18.38,6.45,1.29
2023-06-30 11:00:00,,7.44,19.33,11.97,0.95
2023-06-30 12:00:00,,32.96,21.08,15.16,1.61
2023-06-30 13:00:00,,7.56,16.58,18.88,0.71
2023-06-30 14:00:00,,4.43,17.83,21.21,0.68
2023-06-30 15:00:00,,4.48,14.17,27.81,0.66
2023-06-30 16:00:00,,3.9,19.17,24.45,0.84
2023-06-30 17:00:00,,3.73,12.07,27.17,0.51
2023-06-30 18:00:00,,3.72,9.89,20.15,0.35
2023-06-30 19:00:00,,3.71,20.27,5.59,0.73
2023-06-30 20:00:00,,3.76,20.28,4.47,1
2023-06-30 21:00:00,,3.74,16.03,9.71,0.85
2023-06-30 22:00:00,,3.74,9.04,17.51,0.63
2023-06-30 23:00:00,,3.84,4.22,24.49,0.42
2023-07-01 00:00:00,,3.69,6.65,16.12,0.62
2023-07-01 01:00:00,,3.62,6.13,9.25,0.53
2023-07-01 02:00:00,,3.49,5.37,4.47,0.62
2023-07-01 03:00:00,,3.62,4.27,3.77,0.88
2023-07-01 04:00:00,,3.41,3.28,3.88,0.57
2023-07-01 05:00:00,,3.13,3.79,3.87,0.45
2023-07-01 06:00:00,,3.19,4.16,3.83,0.45
2023-07-01 07:00:00,,3.39,4.09,3.81,0.46
2023-07-01 08:00:00,,3.64,8.95,3.81,1.07
2023-07-01 09:00:00,,3.7,8.25,4.21,1.11
2023-07-01 10:00:00,,3.57,9.36,5.24,1.28
2023-07-01 11:00:00,,3.65,10.87,7.83,1
2023-07-01 12:00:00,,3.54,12.49,15.81,0.8
2023-07-01 13:00:00,,3.48,11.89,25.1,0.73
2023-07-01 14:00:00,,3.45,6.41,28.16,0.46
2023-07-01 15:00:00,,3.75,7.81,25.17,0.56
2023-07-01 16:00:00,,3.79,9.07,21.77,0.77
2023-07-01 17:00:00,,3.57,8.11,19.73,0.69
2023-07-01 18:00:00,,3.43,9.02,12.78,0.83
2023-07-01 19:00:00,,3.77,14.93,4.29,1.7
2023-07-01 20:00:00,,3.86,14.85,4.33,2.63
2023-07-01 21:00:00,,3.94,11.51,4.46,2.56
2023-07-01 22:00:00,,4.24,11.86,4.83,4.61
2023-07-01 23:00:00,,3.93,8.47,4.31,3.08
2023-07-02 00:00:00,,3.99,5.04,4.24,2.94
2023-07-02 01:00:00,,3.96,4.87,4.04,2.72
2023-07-02 02:00:00,,3.96,6.61,4.25,2.72
2023-07-02 03:00:00,,4.02,7.54,4.1,2.72
2023-07-02 04:00:00,,3.89,4.94,4.2,2.12
2023-07-02 05:00:00,,3.7,4.95,3.9,1.39
2023-07-02 06:00:00,,3.77,4.57,4.0,1.35
2023-07-02 07:00:00,,3.73,4.19,3.76,1.22
2023-07-02 08:00:00,,3.76,5.75,3.7,1.11
2023-07-02 09:00:00,,3.58,8.04,3.78,0.96
2023-07-02 10:00:00,,3.73,4.64,5.06,0.6
2023-07-02 11:00:00,,4.0,3.9,11.96,0.36
2023-07-02 12:00:00,,4.36,4.1,18.33,0.45
2023-07-02 13:00:00,,4.03,4.59,19.43,1.03
2023-07-02 14:00:00,,3.88,4.9,24.14,1.35
2023-07-02 15:00:00,,3.75,3.47,27.09,0.89
2023-07-02 16:00:00,,3.62,2.88,29.38,0.34
2023-07-02 17:00:00,,3.76,5.0,26.29,0.24
2023-07-02 18:00:00,,3.5,3.44,23.94,0.21
2023-07-02 19:00:00,,3.54,1.63,33.63,0.05
2023-07-02 20:00:00,,3.42,1.95,33.22,0.05
2023-07-02 21:00:00,,3.43,2.38,32.76,0.05
2023-07-02 22:00:00,,3.28,2.36,29.26,0.05
2023-07-02 23:00:00,,3.17,6.38,14.9,0.17
2023-07-03 00:00:00,,3.23,4.0,10.95,0.22
2023-07-03 01:00:00,,3.57,4.57,4.53,0.46
2023-07-03 02:00:00,,3.41,4.18,4.37,0.45
2023-07-03 03:00:00,,3.54,3.1,6.14,0.28
2023-07-03 04:00:00,,3.43,2.55,4.65,0.25
2023-07-03 05:00:00,,3.47,3.95,3.36,0.31
2023-07-03 06:00:00,,3.43,4.07,3.34,0.46
2023-07-03 07:00:00,,4.08,13.34,3.55,1.27
2023-07-03 08:00:00,,4.15,18.71,3.75,2.49
2023-07-03 09:00:00,,4.11,22.85,3.63,1.94
2023-07-03 10:00:00,,3.89,20.84,4.68,1.53
2023-07-03 11:00:00,,3.75,16.29,9.48,0.86
2023-07-03 12:00:00,,3.76,15.49,14.61,0.74
2023-07-03 13:00:00,,3.72,4.89,29.38,0.41
2023-07-03 14:00:00,,3.68,4.73,35.05,0.31
2023-07-03 15:00:00,,3.84,2.54,42.44,0.32
2023-07-03 16:00:00,,3.65,4.44,42.21,0.43
2023-07-03 17:00:00,,3.34,6.48,33.69,0.33
2023-07-03 18:00:00,,3.47,11.41,22.05,0.57
2023-07-03 19:00:00,,3.87,21.42,6.84,1.12
2023-07-03 20:00:00,,3.89,21.29,4.65,1.18
2023-07-03 21:00:00,,3.81,17.57,4.69,1.1
2023-07-03 22:00:00,,3.68,14.28,5.38,0.88
2023-07-03 23:00:00,,3.3,12.26,4.48,0.81
2023-07-04 00:00:00,,3.48,9.88,4.16,0.72
2023-07-04 01:00:00,,3.55,7.21,4.17,0.62
2023-07-04 02:00:00,,3.66,5.29,4.28,0.72
2023-07-04 03:00:00,,3.8,4.68,4.54,0.89
2023-07-04 04:00:00,,3.63,3.35,4.34,0.67
2023-07-04 05:00:00,,3.77,5.66,4.39,0.57
2023-07-04 06:00:00,,3.84,7.17,4.55,0.8
2023-07-04 07:00:00,,4.41,21.33,4.71,1.89
2023-07-04 08:00:00,,5.26,39.25,4.93,4.82
2023-07-04 09:00:00,,5.25,41.22,4.84,4.86
2023-07-04 10:00:00,,3.76,20.17,11.71,1.2
2023-07-04 11:00:00,,3.27,6.07,27.21,0.29
2023-07-04 12:00:00,,3.37,9.64,32.96,0.57
2023-07-04 13:00:00,,3.86,10.57,40.79,0.71
2023-07-04 14:00:00,,3.75,8.24,45.37,0.51
2023-07-04 15:00:00,,3.87,7.38,49.11,0.39
2023-07-04 16:00:00,,3.9,7.66,51.36,0.43
2023-07-04 17:00:00,,4.1,15.31,38.98,0.7
2023-07-04 18:00:00,,3.83,30.46,10.14,1.71
2023-07-04 19:00:00,,4.25,36.47,6.08,2.49
2023-07-04 20:00:00,,3.83,23.94,6.07,1.15
2023-07-04 21:00:00,,3.75,19.25,6.56,1.49
2023-07-04 22:00:00,,3.77,16.4,6.36,2.2
2023-07-04 23:00:00,,3.59,16.13,9.97,1.58
2023-07-05 00:00:00,,3.21,10.9,14.96,0.68
2023-07-05 01:00:00,,2.95,10.82,15.7,0.54
2023-07-05 02:00:00,,2.94,4.76,24.48,0.37
2023-07-05 03:00:00,,6.35,5.82,22.01,0.33
2023-07-05 04:00:00,,4.03,4.59,15.44,0.33
2023-07-05 05:00:00,,3.55,3.07,20.74,0.33
2023-07-05 06:00:00,,3.3,5.35,26.78,0.37
2023-07-05 07:00:00,,3.56,19.21,11.65,0.83
2023-07-05 08:00:00,,3.78,25.65,8.78,1.69
2023-07-05 09:00:00,,3.67,19.52,16.65,1.22
2023-07-05 10:00:00,,4.78,18.46,12.97,0.66
2023-07-05 11:00:00,,15.31,19.26,14.36,0.67
2023-07-05 12:00:00,,5.15,19.96,11.06,0.81
2023-07-05 13:00:00,,4.52,18.68,14.71,1.06
2023-07-05 14:00:00,,4.79,16.31,20.84,0.83
2023-07-05 15:00:00,,14.32,19.54,21.28,0.95
2023-07-05 16:00:00,,9.8,18.25,21.38,0.81
2023-07-05 17:00:00,,6.86,17.23,12.16,0.62
2023-07-05 18:00:00,,5.3,26.77,7.12,1.85
2023-07-05 19:00:00,,4.73,30.32,6.65,2.17
2023-07-05 20:00:00,,4.55,31.44,6.61,2.88
2023-07-05 21:00:00,,4.5,22.51,7.07,1.83
2023-07-05 22:00:00,,4.29,21.55,6.82,2.15
2023-07-05 23:00:00,,4.12,24.4,6.64,2.23
2023-07-06 00:00:00,,4.08,23.04,6.68,2
2023-07-06 01:00:00,,3.92,16.52,6.69,1.14
2023-07-06 02:00:00,,3.97,11.13,6.75,1.27
2023-07-06 03:00:00,,3.96,9.66,6.64,1.32
2023-07-06 04:00:00,,3.63,7.78,6.66,1.09
2023-07-06 05:00:00,,3.61,6.21,6.46,0.92
2023-07-06 06:00:00,,3.8,7.87,6.58,1.07
2023-07-06 07:00:00,,4.16,14.54,6.55,1.45
2023-07-06 08:00:00,,4.69,25.97,7.04,3.85
2023-07-06 09:00:00,,4.27,32.38,6.89,3.43
2023-07-06 10:00:00,,5.53,45.56,7.59,2.45
2023-07-06 11:00:00,,4.55,34.59,40.89,1.01
2023-07-06 12:00:00,,5.08,17.88,38.61,0.66
2023-07-06 13:00:00,,8.09,11.24,54.48,0.55
2023-07-06 14:00:00,,5.28,9.37,61.21,0.44
2023-07-06 15:00:00,,4.2,7.49,64.14,0.4
2023-07-06 16:00:00,,19.36,7.83,62.31,0.24
2023-07-06 17:00:00,,4.83,11.3,65.1,0.38
2023-07-06 18:00:00,,4.02,13.39,45.09,0.45
2023-07-06 19:00:00,,4.0,17.76,35.65,0.6
2023-07-06 20:00:00,,3.79,13.05,42.02,0.51
2023-07-06 21:00:00,,3.89,7.83,48.28,0.56
2023-07-06 22:00:00,,3.6,9.19,39.07,0.53
2023-07-06 23:00:00,,3.43,8.86,31.88,0.65
2023-07-07 00:00:00,,3.28,11.11,24.46,0.55
2023-07-07 01:00:00,,3.16,6.08,33.0,0.39
2023-07-07 02:00:00,,3.1,2.83,36.05,0.32
2023-07-07 03:00:00,,3.1,0.47,35.62,0.26
2023-07-07 04:00:00,,3.08,0.47,44.37,0.24
2023-07-07 05:00:00,,3.02,1.05,49.36,0.2
2023-07-07 06:00:00,,3.12,4.47,36.52,0.4
2023-07-07 07:00:00,,3.12,10.39,20.64,0.47
2023-07-07 08:00:00,,3.09,19.84,9.86,0.83
2023-07-07 09:00:00,,3.34,22.52,8.62,0.96
2023-07-07 10:00:00,,3.59,20.37,12.0,0.88
2023-07-07 11:00:00,,3.4,8.08,24.88,0.42
2023-07-07 12:00:00,,3.09,9.11,20.31,0.47
2023-07-07 13:00:00,,3.07,9.3,21.79,0.45
2023-07-07 14:00:00,,3.05,7.86,29.75,0.48
2023-07-07 15:00:00,,3.11,15.3,21.42,0.45
2023-07-07 16:00:00,,3.04,6.47,32.45,0.33
2023-07-07 17:00:00,,3.09,6.43,41.04,0.32
2023-07-07 18:00:00,,3.04,9.91,38.82,0.37
2023-07-07 19:00:00,,3.04,6.73,43.58,0.36
2023-07-07 20:00:00,,3.03,4.97,45.92,0.32
2023-07-07 21:00:00,,3.01,4.32,44.33,0.26
2023-07-07 22:00:00,,3.07,2.14,49.16,0.17
2023-07-07 23:00:00,,3.03,2.6,48.0,0.23
2023-07-08 00:00:00,,3.02,2.22,49.07,0.22
2023-07-08 01:00:00,,3.02,0.47,57.1,0.11
2023-07-08 02:00:00,,3.05,0.47,58.86,0.2
2023-07-08 03:00:00,,3.04,0.47,59.61,0.18
2023-07-08 04:00:00,,3.04,0.47,56.36,0.17
2023-07-08 05:00:00,,3.06,0.47,56.72,0.19
2023-07-08 06:00:00,,3.07,0.47,57.07,0.16
2023-07-08 07:00:00,,3.04,0.47,53.6,0.19
2023-07-08 08:00:00,,3.05,2.28,47.7,0.24
2023-07-08 09:00:00,,3.06,3.01,45.9,0.33
2023-07-08 10:00:00,,3.07,2.1,44.54,0.27
2023-07-08 11:00:00,,3.09,3.03,46.73,0.34
2023-07-08 12:00:00,,3.04,1.79,50.93,0.26
2023-07-08 13:00:00,,3.02,0.47,51.37,0.33
2023-07-08 14:00:00,,3.08,1.43,53.42,0.53
2023-07-08 15:00:00,,3.07,1.0,55.52,0.4
2023-07-08 16:00:00,,3.02,0.47,54.85,0.31
2023-07-08 17:00:00,,3.03,0.94,53.05,0.25
2023-07-08 18:00:00,,3.03,1.51,49.6,0.25
2023-07-08 19:00:00,,3.04,5.21,37.41,0.43
2023-07-08 20:00:00,,3.07,7.04,30.44,0.77
2023-07-08 21:00:00,,3.08,4.72,32.85,0.69
2023-07-08 22:00:00,,3.06,6.51,28.44,0.88
2023-07-08 23:00:00,,3.04,6.4,24.34,0.93
2023-07-09 00:00:00,,3.04,2.25,28.26,0.47
2023-07-09 01:00:00,,3.06,2.98,23.66,0.36
2023-07-09 02:00:00,,3.02,4.63,18.35,0.5
2023-07-09 03:00:00,,3.05,3.3,19.07,0.39
2023-07-09 04:00:00,,3.04,2.44,17.74,0.35
2023-07-09 05:00:00,,3.05,1.26,19.29,0.28
2023-07-09 06:00:00,,3.44,1.99,17.2,0.25
2023-07-09 07:00:00,,3.16,1.74,15.71,0.41
2023-07-09 08:00:00,,3.29,5.98,8.82,0.46
2023-07-09 09:00:00,,2.98,4.46,11.85,0.62
2023-07-09 10:00:00,,3.02,2.4,16.95,0.77
2023-07-09 11:00:00,,3.74,10.1,34.2,0.74
2023-07-09 12:00:00,,4.12,10.68,39.14,0.72
2023-07-09 13:00:00,,3.49,5.98,51.96,0.78
2023-07-09 14:00:00,,3.1,2.15,50.74,0.54
2023-07-09 15:00:00,,3.13,1.41,50.4,0.51
2023-07-09 16:00:00,,3.1,1.23,48.89,0.52
2023-07-09 17:00:00,,3.09,1.32,42.0,0.38
2023-07-09 18:00:00,,3.1,9.58,25.49,0.89
2023-07-09 19:00:00,,3.15,16.61,12.67,1.46
2023-07-09 20:00:00,,3.06,14.36,12.93,1.15
2023-07-09 21:00:00,,3.07,14.38,9.78,1.34
2023-07-09 22:00:00,,3.11,12.29,10.19,0.99
2023-07-09 23:00:00,,3.1,10.14,8.09,0.96
2023-07-10 00:00:00,,3.11,7.21,7.62,1.26
2023-07-10 01:00:00,,3.18,10.74,7.46,0.81
2023-07-10 02:00:00,,3.03,8.61,8.36,0.78
2023-07-10 03:00:00,,3.01,5.42,8.05,0.67
2023-07-10 04:00:00,,3.05,6.78,7.71,0.7
2023-07-10 05:00:00,,3.05,6.37,7.21,0.73
2023-07-10 06:00:00,,3.21,8.65,7.93,0.96
2023-07-10 07:00:00,,3.57,14.79,7.53,1.18
2023-07-10 08:00:00,,3.69,18.69,7.81,1.73
2023-07-10 09:00:00,,3.77,16.18,7.88,1.12
2023-07-10 10:00:00,,4.51,19.73,8.54,1.26
2023-07-10 11:00:00,,5.51,14.2,15.03,0.76
2023-07-10 12:00:00,,4.44,14.29,22.55,0.68
2023-07-10 13:00:00,,4.1,18.54,20.63,0.67
2023-07-10 14:00:00,,3.46,3.42,26.32,0.29
2023-07-10 15:00:00,,3.26,2.48,32.88,0.2
2023-07-10 16:00:00,,3.13,1.85,39.06,0.14
2023-07-10 17:00:00,,3.06,3.85,37.19,0.17
2023-07-10 18:00:00,,3.03,6.41,33.64,0.23
2023-07-10 19:00:00,,3.07,8.85,28.4,0.31
2023-07-10 20:00:00,,3.05,7.82,28.37,0.27
2023-07-10 21:00:00,,3.04,7.56,26.52,0.34
2023-07-10 22:00:00,,3.07,6.35,26.91,0.26
2023-07-10 23:00:00,,3.02,3.86,29.61,0.19
2023-07-11 00:00:00,,3.08,3.36,27.39,0.18
2023-07-11 01:00:00,,3.06,1.13,32.08,0.11
2023-07-11 02:00:00,,3.03,0.47,36.35,0.19
2023-07-11 03:00:00,,3.03,0.47,36.46,0.16
2023-07-11 04:00:00,,3.05,0.47,34.56,0.16
2023-07-11 05:00:00,,3.04,0.47,36.22,0.14
2023-07-11 06:00:00,,3.04,1.58,34.67,0.21
2023-07-11 07:00:00,,3.04,4.44,32.88,0.28
2023-07-11 08:00:00,,3.1,10.49,23.82,0.53
2023-07-11 09:00:00,,3.04,9.06,24.01,0.46
2023-07-11 10:00:00,,3.05,5.69,30.67,0.33
2023-07-11 11:00:00,,3.07,3.58,34.38,0.24
2023-07-11 12:00:00,,3.02,1.92,41.19,0.17
2023-07-11 13:00:00,,3.03,3.1,39.9,0.25
2023-07-11 14:00:00,,3.05,1.55,42.0,0.26
2023-07-11 15:00:00,,3.06,1.61,42.36,0.27
2023-07-11 16:00:00,,3.11,2.49,42.93,0.29
2023-07-11 17:00:00,,3.07,2.53,39.14,0.28
2023-07-11 18:00:00,,3.06,4.08,36.54,0.33
2023-07-11 19:00:00,,3.07,4.65,38.25,0.36
2023-07-11 20:00:00,,3.24,2.52,41.16,0.38
2023-07-11 21:00:00,,3.34,1.33,43.35,0.31
2023-07-11 22:00:00,,3.34,0.47,44.84,0.29
2023-07-11 23:00:00,,3.28,0.47,45.09,0.25
2023-07-12 00:00:00,,3.37,0.47,45.26,0.23
2023-07-12 01:00:00,,3.36,0.47,46.79,0.19
2023-07-12 02:00:00,,3.24,0.47,47.82,0.13
2023-07-12 03:00:00,,3.22,0.47,47.68,0.13
2023-07-12 04:00:00,,3.28,0.47,47.95,0.12
2023-07-12 05:00:00,,3.16,0.47,47.79,0.13
2023-07-12 06:00:00,,3.24,0.47,48.45,0.19
2023-07-12 07:00:00,,3.06,0.94,46.27,0.16
2023-07-12 08:00:00,,3.18,3.9,41.57,0.33
2023-07-12 09:00:00,,3.06,3.27,40.1,0.27
2023-07-12 10:00:00,,3.52,4.53,32.39,0.25
2023-07-12 11:00:00,,3.05,3.02,30.91,0.29
2023-07-12 12:00:00,,3.08,4.47,31.86,0.36
2023-07-12 13:00:00,,3.08,7.99,28.66,0.43
2023-07-12 14:00:00,,3.08,4.84,32.72,0.44
2023-07-12 15:00:00,,3.07,3.16,36.65,0.36
2023-07-12 16:00:00,,3.01,3.08,36.5,0.42
2023-07-12 17:00:00,,3.15,8.83,28.08,0.63
2023-07-12 18:00:00,,3.08,8.42,30.64,0.56
2023-07-12 19:00:00,,3.2,11.68,26.9,0.8
2023-07-12 20:00:00,,3.13,8.8,29.57,0.69
2023-07-12 21:00:00,,3.24,7.68,28.18,0.77
2023-07-12 22:00:00,,3.39,6.62,29.94,0.65
2023-07-12 23:00:00,,4.61,9.27,23.47,0.68
2023-07-13 00:00:00,,5.11,7.64,22.22,0.53
2023-07-13 01:00:00,,8.97,3.48,27.49,0.26
2023-07-13 02:00:00,,11.53,7.54,19.66,0.16
2023-07-13 03:00:00,,14.29,9.99,15.94,0.13
2023-07-13 04:00:00,,21.31,14.36,13.93,0.15
2023-07-13 05:00:00,,16.13,10.86,18.86,0.1
2023-07-13 06:00:00,,13.85,13.14,16.21,0.2
2023-07-13 07:00:00,,8.97,9.02,21.72,0.26
2023-07-13 08:00:00,,8.15,8.48,26.42,0.29
2023-07-13 09:00:00,,4.2,2.06,43.3,0.16
2023-07-13 10:00:00,,4.04,0.47,50.21,0.1
2023-07-13 11:00:00,,3.84,2.53,46.21,0.05
2023-07-13 12:00:00,,3.63,4.84,43.09,0.1
2023-07-13 13:00:00,,3.34,1.92,47.25,0.11
2023-07-13 14:00:00,,3.4,1.72,46.41,0.05
2023-07-13 15:00:00,,3.42,4.05,41.35,0.05
2023-07-13 16:00:00,,3.75,5.06,39.37,0.12
2023-07-13 17:00:00,,3.33,3.81,40.47,0.14
2023-07-13 18:00:00,,3.09,3.82,40.1,0.15
2023-07-13 19:00:00,,3.08,3.18,42.32,0.05
2023-07-13 20:00:00,,3.01,2.88,45.35,0.12
2023-07-13 21:00:00,,3.52,2.95,44.26,0.05
2023-07-13 22:00:00,,3.89,4.92,41.83,0.05
2023-07-13 23:00:00,,3.38,1.66,45.28,0.12
2023-07-14 00:00:00,,3.93,3.62,41.85,0.23
2023-07-14 01:00:00,,3.36,1.19,44.21,0.13
2023-07-14 02:00:00,,3.16,0.47,45.1,0.13
2023-07-14 03:00:00,,2.94,0.47,43.6,0.11
2023-07-14 04:00:00,,2.92,0.47,42.29,0.12
2023-07-14 05:00:00,,3.0,0.47,39.63,0.13
2023-07-14 06:00:00,,3.07,1.64,34.33,0.12
2023-07-14 07:00:00,,3.85,11.79,19.42,0.28
2023-07-14 08:00:00,,3.99,11.69,18.66,0.46
2023-07-14 09:00:00,,3.66,5.16,29.18,0.11
2023-07-14 10:00:00,,3.27,3.13,34.0,0.1
2023-07-14 11:00:00,,3.34,2.9,37.39,0.17
2023-07-14 12:00:00,,4.97,4.76,41.08,0.21
2023-07-14 13:00:00,,4.57,5.23,40.95,0.15
2023-07-14 14:00:00,,3.24,3.73,42.45,0.13
2023-07-14 15:00:00,,3.18,1.88,46.24,0.14
2023-07-14 16:00:00,,3.1,2.48,47.14,0.05
2023-07-14 17:00:00,,3.22,3.46,42.98,0.05
2023-07-14 18:00:00,,3.04,8.31,31.48,0.15
2023-07-14 19:00:00,,3.04,17.98,14.32,0.5
2023-07-14 20:00:00,,3.08,20.02,10.37,1.14
2023-07-14 21:00:00,,3.91,21.75,9.76,1.84
2023-07-14 22:00:00,,3.98,19.52,8.7,1.95
2023-07-14 23:00:00,,4.06,19.68,8.21,2.03
2023-07-15 00:00:00,,3.78,14.3,8.36,2.45
2023-07-15 01:00:00,,3.75,13.05,8.59,2.34
2023-07-15 02:00:00,,3.52,8.48,8.01,1.37
2023-07-15 03:00:00,,3.43,6.09,7.52,0.87
2023-07-15 04:00:00,,3.92,3.56,7.29,0.82
2023-07-15 05:00:00,,3.75,2.85,7.39,0.45
2023-07-15 06:00:00,,3.46,1.95,7.34,0.37
2023-07-15 07:00:00,,3.58,2.87,7.22,0.67
2023-07-15 08:00:00,,4.12,6.89,8.04,1.69
2023-07-15 09:00:00,,3.75,16.17,8.98,0.99
2023-07-15 10:00:00,,4.01,24.23,21.47,0.9
2023-07-15 11:00:00,,4.55,14.77,34.92,0.71
2023-07-15 12:00:00,,3.96,6.99,35.07,0.44
2023-07-15 13:00:00,,3.71,5.21,39.95,0.26
2023-07-15 14:00:00,,3.28,5.35,44.5,0.3
2023-07-15 15:00:00,,3.78,5.23,44.38,0.16
2023-07-15 16:00:00,,3.29,4.01,46.27,0.1
2023-07-15 17:00:00,,3.13,3.65,44.11,0.05
2023-07-15 18:00:00,,3.07,9.6,30.24,0.31
2023-07-15 19:00:00,,3.31,22.07,10.63,1.48
2023-07-15 20:00:00,,3.37,18.58,9.87,1.28
2023-07-15 21:00:00,,3.4,17.94,9.89,1.89
2023-07-15 22:00:00,,3.53,12.42,9.28,1.94
2023-07-15 23:00:00,,3.4,10.42,9.13,2.01
2023-07-16 00:00:00,,3.48,6.93,9.37,1.73
2023-07-16 01:00:00,,3.09,5.97,8.56,1.3
2023-07-16 02:00:00,,3.25,8.54,8.73,1.84
2023-07-16 03:00:00,,3.1,7.28,9.57,0.8
2023-07-16 04:00:00,,3.15,3.47,10.38,0.41
2023-07-16 05:00:00,,3.14,3.04,9.81,0.43
2023-07-16 06:00:00,,3.19,2.86,11.56,0.41
2023-07-16 07:00:00,,3.37,4.98,12.71,0.59
2023-07-16 08:00:00,,3.59,6.04,13.54,0.52
2023-07-16 09:00:00,,3.2,4.18,22.58,0.5
2023-07-16 10:00:00,,15.57,5.9,26.74,0.29
2023-07-16 11:00:00,,5.11,3.98,36.75,0.1
2023-07-16 12:00:00,,4.26,1.83,38.02,0.37
2023-07-16 13:00:00,,4.83,3.2,35.41,0.83
2023-07-16 14:00:00,,4.5,1.48,36.94,0.77
2023-07-16 15:00:00,,4.73,1.85,37.6,0.64
2023-07-16 16:00:00,,4.64,1.02,39.87,0.2
2023-07-16 17:00:00,,4.46,2.61,39.09,0.14
2023-07-16 18:00:00,,3.6,3.19,34.61,0.15
2023-07-16 19:00:00,,3.59,10.84,16.43,1.05
2023-07-16 20:00:00,,4.05,16.41,9.36,2.17
2023-07-16 21:00:00,,3.56,14.34,9.12,1.48
2023-07-16 22:00:00,,3.14,9.65,10.17,0.7
2023-07-16 23:00:00,,2.54,8.31,9.44,0.88
2023-07-17 00:00:00,,3.23,5.57,8.93,0.65
2023-07-17 01:00:00,,3.06,3.5,8.96,0.76
2023-07-17 02:00:00,,3.06,2.93,8.83,1.13
2023-07-17 03:00:00,,3.39,3.78,8.53,0.6
2023-07-17 04:00:00,,4.08,3.26,8.34,0.72
2023-07-17 05:00:00,,3.9,1.55,8.67,0.82
2023-07-17 06:00:00,,4.1,3.32,8.68,0.92
2023-07-17 07:00:00,,3.98,8.87,8.38,1.33
2023-07-17 08:00:00,,4.24,13.22,9.11,2.42
2023-07-17 09:00:00,,3.89,14.54,9.87,1.13
2023-07-17 10:00:00,,3.67,6.73,18.01,0.38
2023-07-17 11:00:00,,3.18,3.45,30.57,0.23
2023-07-17 12:00:00,,3.05,3.37,35.76,0.16
2023-07-17 13:00:00,,3.01,3.95,36.0,0.26
2023-07-17 14:00:00,,4.5,2.47,41.78,0.19
2023-07-17 15:00:00,,4.71,2.6,44.69,0.21
2023-07-17 16:00:00,,3.56,0.47,43.5,0.1
2023-07-17 17:00:00,,3.31,1.18,41.3,0.19
2023-07-17 18:00:00,,3.22,2.61,35.39,0.31
2023-07-17 19:00:00,,3.12,11.25,23.59,0.74
2023-07-17 20:00:00,,3.16,15.27,17.46,0.8
2023-07-17 21:00:00,,3.34,17.38,11.45,0.76
2023-07-17 22:00:00,,3.15,13.83,10.78,0.83
2023-07-17 23:00:00,,3.22,12.28,9.55,0.93
2023-07-18 00:00:00,,3.29,7.91,8.91,1.21
2023-07-18 01:00:00,,3.74,5.92,8.86,0.66
2023-07-18 02:00:00,,3.34,4.39,8.7,0.68
2023-07-18 03:00:00,,3.42,3.7,8.73,0.71
2023-07-18 04:00:00,,3.88,2.23,9.02,0.34
2023-07-18 05:00:00,,3.48,2.4,8.91,0.34
2023-07-18 06:00:00,,3.7,3.26,8.25,0.52
2023-07-18 07:00:00,,3.92,6.19,8.45,1.29
2023-07-18 08:00:00,,4.39,8.67,8.58,2.45
2023-07-18 09:00:00,,4.73,14.29,8.74,2.71
2023-07-18 10:00:00,,4.86,24.95,21.57,1.46
2023-07-18 11:00:00,,4.17,19.96,36.55,0.66
2023-07-18 12:00:00,,4.11,14.94,27.41,0.66
2023-07-18 13:00:00,,3.48,8.97,33.18,0.45
2023-07-18 14:00:00,,3.24,2.08,40.49,0.14
2023-07-18 15:00:00,,3.15,2.38,41.17,0.12
2023-07-18 16:00:00,,3.15,2.52,40.98,0.14
2023-07-18 17:00:00,,3.32,3.18,39.19,0.18
2023-07-18 18:00:00,,3.38,5.95,33.32,0.3
2023-07-18 19:00:00,,3.31,14.19,21.51,0.67
2023-07-18 20:00:00,,3.43,22.31,11.57,1.7
2023-07-18 21:00:00,,3.4,19.0,10.24,1.46
2023-07-18 22:00:00,,3.38,16.48,9.54,1.4
2023-07-18 23:00:00,,4.06,12.94,9.48,1.3
2023-07-19 00:00:00,,3.48,9.86,9.48,1.2
2023-07-19 01:00:00,,3.29,6.39,9.81,0.78
2023-07-19 02:00:00,,3.17,6.08,8.91,0.75
2023-07-19 03:00:00,,3.68,5.19,9.2,0.65
2023-07-19 04:00:00,,3.5,3.5,10.36,0.52
2023-07-19 05:00:00,,3.32,3.24,10.53,0.37
2023-07-19 06:00:00,,3.72,4.78,10.36,0.39
2023-07-19 07:00:00,,3.74,7.65,8.92,0.69
2023-07-19 08:00:00,,4.38,11.09,8.74,1.94
2023-07-19 09:00:00,,4.37,15.61,9.37,2.24
2023-07-19 10:00:00,,3.75,13.08,21.11,0.61
2023-07-19 11:00:00,,3.68,5.21,35.67,0.39
2023-07-19 12:00:00,,3.37,3.33,40.82,0.31
2023-07-19 13:00:00,,3.32,1.42,43.76,0.1
2023-07-19 14:00:00,,3.81,2.08,43.89,0.53
2023-07-19 15:00:00,,3.22,1.64,45.38,0.17
2023-07-19 16:00:00,,3.35,1.68,44.62,0.13
2023-07-19 17:00:00,,3.38,1.95,44.26,0.12
2023-07-19 18:00:00,,3.36,4.91,39.1,0.19
2023-07-19 19:00:00,,3.34,8.77,33.24,0.37
2023-07-19 20:00:00,,3.44,9.72,27.69,0.59
2023-07-19 21:00:00,,3.37,11.04,21.74,0.8
2023-07-19 22:00:00,,3.4,8.86,21.68,0.88
2023-07-19 23:00:00,,3.43,11.94,16.93,1.11
2023-07-20 00:00:00,,3.42,9.98,16.36,0.62
2023-07-20 01:00:00,,3.36,7.56,14.41,0.29
2023-07-20 02:00:00,,3.35,3.5,18.95,0.34
2023-07-20 03:00:00,,3.33,3.08,18.27,0.35
2023-07-20 04:00:00,,3.36,2.2,16.71,0.28
2023-07-20 05:00:00,,3.35,2.56,18.89,0.27
2023-07-20 06:00:00,,3.3,6.12,12.98,0.32
2023-07-20 07:00:00,,3.36,14.08,9.74,0.96
2023-07-20 08:00:00,,3.91,19.39,10.17,2.35
2023-07-20 09:00:00,,3.97,22.84,10.09,1.52
2023-07-20 10:00:00,,3.49,16.51,16.35,0.85
2023-07-20 11:00:00,,3.36,7.19,25.64,0.38
2023-07-20 12:00:00,,3.39,5.76,29.95,0.45
2023-07-20 13:00:00,,3.38,4.34,35.32,0.35
2023-07-20 14:00:00,,3.38,2.82,38.79,0.35
2023-07-20 15:00:00,,3.38,3.18,39.65,0.34
2023-07-20 16:00:00,,3.36,3.44,40.93,0.35
2023-07-20 17:00:00,,3.41,7.55,33.1,0.42
2023-07-20 18:00:00,,3.54,12.33,24.47,0.58
2023-07-20 19:00:00,,4.03,15.66,17.56,0.8
2023-07-20 20:00:00,,3.82,18.5,12.88,0.88
2023-07-20 21:00:00,,3.77,16.77,10.97,0.81
2023-07-20 22:00:00,,3.75,19.58,9.84,1.48
2023-07-20 23:00:00,,3.39,8.21,20.71,0.47
2023-07-21 00:00:00,,3.42,6.57,19.86,0.46
2023-07-21 01:00:00,,3.37,3.51,22.71,0.4
2023-07-21 02:00:00,,3.39,2.09,18.52,0.32
2023-07-21 03:00:00,,3.37,1.46,17.56,0.26
2023-07-21 04:00:00,,3.36,0.47,18.89,0.27
2023-07-21 05:00:00,,3.34,2.88,13.12,0.28
2023-07-21 06:00:00,,3.69,10.03,9.69,0.76
2023-07-21 07:00:00,,4.04,18.65,9.46,1.24
2023-07-21 08:00:00,,4.25,27.59,9.92,2.37
2023-07-21 09:00:00,,4.21,26.14,9.99,2.34
2023-07-21 10:00:00,,3.68,21.95,13.12,1.22
2023-07-21 11:00:00,,3.53,12.31,18.16,0.83
2023-07-21 12:00:00,,3.86,9.62,28.42,0.63
2023-07-21 13:00:00,,4.11,8.76,38.87,0.65
2023-07-21 14:00:00,,3.56,6.26,46.08,0.54
2023-07-21 15:00:00,,3.5,5.62,49.95,0.48
2023-07-21 16:00:00,,3.47,6.63,50.13,0.66
2023-07-21 17:00:00,,3.42,13.44,37.84,0.73
2023-07-21 18:00:00,,3.36,12.47,28.54,0.68
2023-07-21 19:00:00,,3.4,14.28,20.92,0.89
2023-07-21 20:00:00,,3.38,16.99,14.06,1.14
2023-07-21 21:00:00,,4.0,22.69,10.23,2.26
2023-07-21 22:00:00,,4.16,18.86,10.01,2.36
2023-07-21 23:00:00,,4.03,16.07,10.18,2.23
2023-07-22 00:00:00,,4.12,12.26,10.16,2.5
2023-07-22 01:00:00,,4.19,11.47,10.13,2.29
2023-07-22 02:00:00,,3.83,9.99,10.19,2.26
2023-07-22 03:00:00,,3.45,6.62,10.09,1.38
2023-07-22 04:00:00,,3.41,4.66,9.9,0.97
2023-07-22 05:00:00,,3.39,3.96,9.97,0.77
2023-07-22 06:00:00,,3.69,7.25,10.19,1.16
2023-07-22 07:00:00,,3.98,10.42,10.39,1.59
2023-07-22 08:00:00,,4.09,14.8,10.18,1.68
2023-07-22 09:00:00,,4.28,20.13,10.27,2.59
2023-07-22 10:00:00,,3.59,23.59,12.85,1.52
2023-07-22 11:00:00,,3.48,14.07,25.34,0.62
2023-07-22 12:00:00,,3.43,8.05,35.61,0.42
2023-07-22 13:00:00,,3.4,5.87,45.29,0.26
2023-07-22 14:00:00,,3.44,5.7,42.6,0.22
2023-07-22 15:00:00,,3.46,4.04,44.07,0.24
2023-07-22 16:00:00,,3.37,4.03,42.82,0.18
2023-07-22 17:00:00,,3.44,7.42,37.94,0.24
2023-07-22 18:00:00,,3.35,9.73,32.08,0.39
2023-07-22 19:00:00,,4.0,28.49,12.48,1.65
2023-07-22 20:00:00,,3.69,25.31,12.5,1.07
2023-07-22 21:00:00,,3.82,24.5,11.78,1.43
2023-07-22 22:00:00,,3.58,17.88,15.69,0.95
2023-07-22 23:00:00,,3.43,10.51,22.79,0.67
2023-07-23 00:00:00,,3.4,3.81,30.37,0.23
2023-07-23 01:00:00,,3.44,3.13,29.54,0.18
2023-07-23 02:00:00,,3.38,4.18,26.01,0.45
2023-07-23 03:00:00,,3.41,7.16,21.47,0.76
2023-07-23 04:00:00,,3.33,0.94,32.73,0.29
2023-07-23 05:00:00,,3.43,0.47,34.75,0.33
2023-07-23 06:00:00,,3.37,1.02,35.85,0.38
2023-07-23 07:00:00,,3.4,0.47,36.72,0.31
2023-07-23 08:00:00,,4.66,6.59,29.43,0.23
2023-07-23 09:00:00,,7.03,9.43,25.68,0.42
2023-07-23 10:00:00,,4.69,5.78,31.55,0.44
2023-07-23 11:00:00,,4.52,5.1,35.17,0.4
2023-07-23 12:00:00,,45.45,7.9,34.42,0.44
2023-07-23 13:00:00,,63.01,7.0,35.51,0.52
2023-07-23 14:00:00,,46.27,7.06,33.6,0.55
2023-07-23 15:00:00,,36.72,7.03,33.41,0.46
2023-07-23 16:00:00,,40.99,8.49,32.11,0.41
2023-07-23 17:00:00,,13.18,6.52,31.32,0.44
2023-07-23 18:00:00,,7.27,3.88,31.03,0.46
2023-07-23 19:00:00,,5.39,4.57,28.82,0.43
2023-07-23 20:00:00,,4.44,2.7,31.66,0.34
2023-07-23 21:00:00,,4.27,1.09,35.37,0.23
2023-07-23 22:00:00,,3.86,1.2,36.08,0.2
2023-07-23 23:00:00,,3.54,0.47,39.1,0.13
2023-07-24 00:00:00,,3.43,0.47,38.66,0.11
2023-07-24 01:00:00,,3.39,0.47,37.82,0.05
2023-07-24 02:00:00,,3.38,0.47,34.57,0.17
2023-07-24 03:00:00,,3.38,0.47,33.91,0.17
2023-07-24 04:00:00,,3.46,0.47,34.04,0.11
2023-07-24 05:00:00,,3.46,0.47,33.84,0.13
2023-07-24 06:00:00,,3.6,4.3,27.13,0.32
2023-07-24 07:00:00,,3.59,6.97,24.99,0.33
2023-07-24 08:00:00,,3.56,8.59,24.87,0.37
2023-07-24 09:00:00,,3.49,7.39,26.88,0.34
2023-07-24 10:00:00,,3.41,4.38,31.59,0.26
2023-07-24 11:00:00,,3.5,5.74,29.8,0.33
2023-07-24 12:00:00,,3.47,3.39,30.3,0.34
2023-07-24 13:00:00,,3.38,1.16,35.52,0.33
2023-07-24 14:00:00,,3.38,1.62,34.28,0.32
2023-07-24 15:00:00,,3.49,1.68,32.96,0.36
2023-07-24 16:00:00,,3.33,2.41,29.44,0.4
2023-07-24 17:00:00,,3.5,2.34,32.15,0.4
2023-07-24 18:00:00,,3.43,3.97,28.22,0.4
2023-07-24 19:00:00,,3.41,3.95,27.73,0.42
2023-07-24 20:00:00,,3.5,3.89,26.15,0.43
2023-07-24 21:00:00,,3.48,2.79,26.45,0.41
2023-07-24 22:00:00,,3.51,1.44,27.75,0.36
2023-07-24 23:00:00,,3.39,1.02,27.84,0.41
2023-07-25 00:00:00,,3.42,1.11,26.21,0.41
2023-07-25 01:00:00,,3.4,1.57,25.9,0.31
2023-07-25 02:00:00,,3.44,0.47,25.36,0.22
2023-07-25 03:00:00,,3.38,0.47,23.09,0.18
2023-07-25 04:00:00,,3.51,0.47,22.38,0.2
2023-07-25 05:00:00,,3.36,2.3,21.2,0.14
2023-07-25 06:00:00,,3.32,0.99,25.43,0.13
2023-07-25 07:00:00,,3.38,2.25,27.17,0.14
2023-07-25 08:00:00,,3.42,13.27,17.48,0.62
2023-07-25 09:00:00,,3.38,13.97,14.98,0.61
2023-07-25 10:00:00,,3.57,13.01,16.11,0.44
2023-07-25 11:00:00,,4.02,21.99,18.15,0.68
2023-07-25 12:00:00,,4.27,17.76,16.42,0.52
2023-07-25 13:00:00,,4.25,18.27,15.5,0.7
2023-07-25 14:00:00,,4.23,17.05,15.8,0.74
2023-07-25 15:00:00,,4.28,19.74,13.3,0.75
2023-07-25 16:00:00,,4.26,23.02,12.32,0.87
2023-07-25 17:00:00,,4.19,25.83,10.91,1.08
2023-07-25 18:00:00,,4.14,22.33,8.86,0.96
2023-07-25 19:00:00,,4.24,23.62,9.06,1.53
2023-07-25 20:00:00,,4.26,24.75,9.22,1.71
2023-07-25 21:00:00,,4.07,19.01,9.32,1.33
2023-07-25 22:00:00,,4.08,13.54,9.13,1.08
2023-07-25 23:00:00,,3.86,10.3,8.92,0.78
2023-07-26 00:00:00,,3.78,6.82,9.4,0.8
2023-07-26 01:00:00,,3.77,5.0,9.38,0.45
2023-07-26 02:00:00,,3.52,4.08,8.85,0.37
2023-07-26 03:00:00,,4.01,5.51,8.97,0.45
2023-07-26 04:00:00,,4.02,10.67,8.96,0.85
2023-07-26 05:00:00,,3.84,6.81,8.95,0.57
2023-07-26 06:00:00,,4.08,8.11,8.85,0.77
2023-07-26 07:00:00,,4.06,10.81,9.09,0.59
2023-07-26 08:00:00,,4.33,15.18,8.95,1.18
2023-07-26 09:00:00,,4.37,17.26,9.08,1.06
2023-07-26 10:00:00,,4.21,19.22,9.21,1.06
2023-07-26 11:00:00,,4.09,18.09,16.31,0.89
2023-07-26 12:00:00,,4.25,7.15,24.83,0.44
2023-07-26 13:00:00,,4.4,6.5,31.27,0.42
2023-07-26 14:00:00,,4.3,5.46,37.42,0.45
2023-07-26 15:00:00,,4.49,6.65,38.23,0.41
2023-07-26 16:00:00,,4.82,2.96,32.72,0.33
2023-07-26 17:00:00,,4.33,2.85,25.46,0.16
2023-07-26 18:00:00,,4.23,2.45,27.42,0.13
2023-07-26 19:00:00,,4.22,3.37,24.7,0.13
2023-07-26 20:00:00,,3.9,2.86,25.13,0.05
2023-07-26 21:00:00,,3.43,2.63,24.59,0.05
2023-07-26 22:00:00,,3.43,3.21,22.94,0.05
2023-07-26 23:00:00,,3.5,1.92,24.12,0.05
2023-07-27 00:00:00,,3.42,0.47,25.16,0.05
2023-07-27 01:00:00,,3.58,1.54,24.88,0.05
2023-07-27 02:00:00,,3.39,1.59,22.85,0.18
2023-07-27 03:00:00,,3.81,2.72,20.49,0.18
2023-07-27 04:00:00,,4.68,3.87,19.1,0.19
2023-07-27 05:00:00,,3.64,2.71,16.49,0.18
2023-07-27 06:00:00,,3.63,6.76,12.2,0.2
2023-07-27 07:00:00,,3.81,12.9,8.67,0.74
2023-07-27 08:00:00,,4.11,16.9,8.85,1.36
2023-07-27 09:00:00,,4.4,15.84,10.78,1.05
2023-07-27 10:00:00,,5.9,10.41,20.59,0.53
2023-07-27 11:00:00,,4.72,6.02,31.56,0.38
2023-07-27 12:00:00,,4.6,4.79,35.21,0.49
2023-07-27 13:00:00,,4.65,5.69,39.35,0.4
2023-07-27 14:00:00,,3.79,4.53,42.62,0.38
2023-07-27 15:00:00,,3.42,3.05,48.46,0.29
2023-07-27 16:00:00,,3.39,5.51,51.84,0.38
2023-07-27 17:00:00,,3.37,4.83,50.89,0.28
2023-07-27 18:00:00,,3.62,5.66,38.91,0.33
2023-07-27 19:00:00,,3.67,7.63,35.02,0.56
2023-07-27 20:00:00,,3.41,7.68,31.09,0.53
2023-07-27 21:00:00,,3.73,7.9,27.58,0.6
2023-07-27 22:00:00,,3.54,6.63,26.51,0.6
2023-07-27 23:00:00,,3.28,2.72,29.91,0.42
2023-07-28 00:00:00,,3.29,2.93,28.0,0.35
2023-07-28 01:00:00,,3.88,1.11,30.1,0.27
2023-07-28 02:00:00,,3.66,0.47,32.2,0.14
2023-07-28 03:00:00,,3.89,0.47,38.03,0.17
2023-07-28 04:00:00,,3.98,0.47,36.02,0.18
2023-07-28 05:00:00,,3.62,0.47,37.6,0.17
2023-07-28 06:00:00,,3.6,0.47,37.38,0.16
2023-07-28 07:00:00,,3.51,3.75,31.82,0.22
2023-07-28 08:00:00,,3.73,17.21,17.49,0.8
2023-07-28 09:00:00,,3.75,15.28,16.65,0.68
2023-07-28 10:00:00,,3.93,14.91,19.96,0.5
2023-07-28 11:00:00,,3.9,5.56,32.07,0.31
2023-07-28 12:00:00,,3.23,2.3,33.76,0.21
2023-07-28 13:00:00,,3.51,1.32,42.09,0.19
2023-07-28 14:00:00,,3.48,1.39,40.15,0.2
2023-07-28 15:00:00,,3.41,0.47,39.8,0.1
2023-07-28 16:00:00,,3.54,0.47,41.93,0.05
2023-07-28 17:00:00,,3.67,1.3,39.68,0.1
2023-07-28 18:00:00,,3.68,4.24,34.3,0.15
2023-07-28 19:00:00,,3.64,11.51,21.98,0.44
2023-07-28 20:00:00,,3.43,15.47,17.64,0.65
2023-07-28 21:00:00,,3.91,7.91,27.38,0.74
2023-07-28 22:00:00,,3.49,7.58,27.27,0.67
2023-07-28 23:00:00,,3.39,7.33,22.91,0.66
2023-07-29 00:00:00,,3.41,8.06,19.29,0.65
2023-07-29 01:00:00,,3.33,7.46,12.5,0.56
2023-07-29 02:00:00,,3.84,9.38,10.95,0.82
2023-07-29 03:00:00,,3.85,4.14,14.85,0.56
2023-07-29 04:00:00,,3.85,3.19,12.7,0.6
2023-07-29 05:00:00,,3.2,3.17,10.96,0.44
2023-07-29 06:00:00,,3.23,4.06,9.61,0.57
2023-07-29 07:00:00,,3.37,6.39,7.66,0.53
2023-07-29 08:00:00,,3.71,12.09,8.43,1.2
2023-07-29 09:00:00,,3.54,13.67,10.47,1.04
2023-07-29 10:00:00,,3.6,7.72,26.11,0.51
2023-07-29 11:00:00,,3.56,3.88,37.82,0.26
2023-07-29 12:00:00,,3.64,2.31,40.82,0.2
2023-07-29 13:00:00,,3.64,2.86,41.33,0.26
2023-07-29 14:00:00,,3.63,1.6,44.45,0.23
2023-07-29 15:00:00,,3.4,1.55,46.7,0.17
2023-07-29 16:00:00,,3.41,1.9,46.2,0.16
2023-07-29 17:00:00,,3.42,3.32,41.82,0.18
2023-07-29 18:00:00,,3.34,3.69,38.66,0.23
2023-07-29 19:00:00,,3.42,7.07,32.58,0.33
2023-07-29 20:00:00,,3.62,7.13,30.72,0.45
2023-07-29 21:00:00,,3.71,10.45,23.94,0.88
2023-07-29 22:00:00,,3.71,14.59,14.75,1.52
2023-07-29 23:00:00,,3.67,13.57,12.68,1.63
2023-07-30 00:00:00,,3.68,11.18,11.52,1.26
2023-07-30 01:00:00,,3.67,10.11,9.37,1.05
2023-07-30 02:00:00,,3.69,6.29,8.72,1.02
2023-07-30 03:00:00,,3.63,4.79,8.71,1.2
2023-07-30 04:00:00,,3.49,3.63,9.31,0.72
2023-07-30 05:00:00,,3.84,2.76,11.99,0.63
2023-07-30 06:00:00,,3.45,2.9,11.83,0.63
2023-07-30 07:00:00,,3.45,3.14,8.21,0.64
2023-07-30 08:00:00,,3.43,6.29,8.37,1.04
2023-07-30 09:00:00,,3.51,8.74,9.97,1.2
2023-07-30 10:00:00,,3.74,9.46,16.9,1.08
2023-07-30 11:00:00,,3.96,8.98,33.67,0.98
2023-07-30 12:00:00,,3.6,7.58,40.86,0.88
2023-07-30 13:00:00,,7.14,9.26,49.82,0.66
2023-07-30 14:00:00,,11.85,18.27,51.84,0.88
2023-07-30 15:00:00,,6.98,9.95,50.07,0.75
2023-07-30 16:00:00,,7.79,7.48,45.68,0.63
2023-07-30 17:00:00,,4.51,9.15,40.89,0.77
2023-07-30 18:00:00,,4.6,14.44,24.33,1.44
2023-07-30 19:00:00,,4.64,29.05,9.23,2.97
2023-07-30 20:00:00,,4.25,24.93,9.05,2.4
2023-07-30 21:00:00,,4.03,19.47,8.74,2.29
2023-07-30 22:00:00,,3.96,14.92,8.48,1.88
2023-07-30 23:00:00,,3.88,10.95,8.71,1.51
2023-07-31 00:00:00,,3.82,9.46,8.67,1.81
2023-07-31 01:00:00,,3.69,8.82,8.51,1.31
2023-07-31 02:00:00,,3.69,8.43,8.49,1.22
2023-07-31 03:00:00,,3.68,4.47,8.48,0.82
2023-07-31 04:00:00,,3.7,5.84,8.51,0.85
2023-07-31 05:00:00,,3.74,7.07,8.66,0.89
2023-07-31 06:00:00,,3.81,6.83,8.75,0.76
2023-07-31 07:00:00,,4.51,23.16,8.87,1.95
2023-07-31 08:00:00,,4.47,30.79,8.57,2.98
2023-07-31 09:00:00,,4.0,25.28,8.94,1.2
2023-07-31 10:00:00,,3.71,11.38,11.61,0.54
2023-07-31 11:00:00,,3.72,9.48,18.94,0.36
2023-07-31 12:00:00,,4.08,6.47,28.82,0.3
2023-07-31 13:00:00,,5.2,8.62,36.72,0.16
2023-07-31 14:00:00,,6.92,7.23,44.57,0.38
2023-07-31 15:00:00,,4.58,6.02,40.42,0.46
2023-07-31 16:00:00,,4.44,3.45,42.34,0.36
2023-07-31 17:00:00,,4.2,4.04,41.06,0.42
2023-07-31 18:00:00,,3.86,8.55,31.14,0.59
2023-07-31 19:00:00,,3.79,18.83,16.47,0.76
2023-07-31 20:00:00,,3.69,12.92,20.13,0.61
2023-07-31 21:00:00,,3.67,11.42,21.51,0.53
2023-07-31 22:00:00,,3.69,8.86,23.15,0.43
2023-07-31 23:00:00,,3.68,13.44,16.56,0.59
2023-08-01 00:00:00,,3.7,15.49,10.95,0.65
2023-08-01 01:00:00,,3.71,13.91,9.15,0.5
2023-08-01 02:00:00,,3.67,9.46,8.62,0.69
2023-08-01 03:00:00,,3.72,5.79,9.96,0.39
2023-08-01 04:00:00,,3.74,4.36,10.34,0.33
2023-08-01 05:00:00,,4.12,3.83,9.64,0.44
2023-08-01 06:00:00,,3.97,7.6,9.01,0.65
2023-08-01 07:00:00,,3.99,13.34,10.34,1.39
2023-08-01 08:00:00,,4.03,15.27,8.06,0.99
2023-08-01 09:00:00,,4.38,16.07,8.87,1.23
2023-08-01 10:00:00,,4.17,19.77,9.64,1.34
2023-08-01 11:00:00,,4.42,27.91,15.64,1.35
2023-08-01 12:00:00,,4.42,16.63,31.08,1.02
2023-08-01 13:00:00,,4.33,9.99,42.88,0.66
2023-08-01 14:00:00,,4.0,13.43,50.73,0.9
2023-08-01 15:00:00,,7.96,11.47,50.96,0.72
2023-08-01 16:00:00,,5.42,2.74,51.02,0.38
2023-08-01 17:00:00,,4.55,3.76,50.29,0.51
2023-08-01 18:00:00,,4.37,14.45,41.85,0.77
2023-08-01 19:00:00,,4.79,43.82,9.14,3.06
2023-08-01 20:00:00,,4.34,30.2,9.05,1.6
2023-08-01 21:00:00,,4.31,26.17,9.7,1.69
2023-08-01 22:00:00,,4.45,16.53,8.37,1.68
2023-08-01 23:00:00,,4.43,15.26,8.78,2.35
2023-08-02 00:00:00,,4.03,10.51,8.72,1.62
2023-08-02 01:00:00,,3.81,7.46,8.37,1.05
2023-08-02 02:00:00,,3.71,5.06,9.03,1.04
2023-08-02 03:00:00,,3.68,4.34,8.6,0.83
2023-08-02 04:00:00,,3.68,2.98,8.5,0.74
2023-08-02 05:00:00,,3.72,3.14,9.0,0.7
2023-08-02 06:00:00,,3.88,6.69,8.63,1.19
2023-08-02 07:00:00,,4.18,11.79,8.93,1.65
2023-08-02 08:00:00,,5.17,22.85,9.12,4.57
2023-08-02 09:00:00,,4.45,27.83,8.68,2.75
2023-08-02 10:00:00,,4.2,39.71,10.66,1.97
2023-08-02 11:00:00,,4.19,16.55,26.69,0.86
2023-08-02 12:00:00,,4.28,11.05,37.58,0.63
2023-08-02 13:00:00,,16.63,10.48,40.93,0.44
2023-08-02 14:00:00,,30.91,9.03,44.53,0.39
2023-08-02 15:00:00,,10.33,3.25,54.98,0.34
2023-08-02 16:00:00,,5.86,7.05,52.79,0.35
2023-08-02 17:00:00,,12.63,10.62,45.81,0.41
2023-08-02 18:00:00,,6.0,14.81,37.78,0.84
2023-08-02 19:00:00,,5.54,35.97,11.33,2.76
2023-08-02 20:00:00,,5.03,32.57,9.02,1.87
2023-08-02 21:00:00,,5.21,29.74,8.84,3.53
2023-08-02 22:00:00,,4.95,33.33,8.7,3.55
2023-08-02 23:00:00,,4.61,30.54,8.66,1.88
2023-08-03 00:00:00,,4.53,28.44,8.87,1.49
2023-08-03 01:00:00,,4.45,22.29,9.7,0.94
2023-08-03 02:00:00,,4.48,16.88,9.59,1.02
2023-08-03 03:00:00,,4.3,10.34,10.43,0.82
2023-08-03 04:00:00,,4.03,10.45,10.12,0.71
2023-08-03 05:00:00,,3.81,7.77,13.75,0.6
2023-08-03 06:00:00,,3.71,3.13,21.9,0.36
2023-08-03 07:00:00,,3.71,3.1,29.86,0.26
2023-08-03 08:00:00,,3.7,4.07,30.12,0.33
2023-08-03 09:00:00,,3.73,6.08,27.6,0.28
2023-08-03 10:00:00,,3.71,3.69,30.96,0.18
2023-08-03 11:00:00,,3.86,3.31,31.28,0.13
2023-08-03 12:00:00,,3.7,2.62,33.47,0.05
2023-08-03 13:00:00,,3.71,2.02,35.56,0.11
2023-08-03 14:00:00,,3.69,2.15,36.2,0.05
2023-08-03 15:00:00,,3.7,1.56,36.38,0.05
2023-08-03 16:00:00,,3.72,1.48,36.08,0.05
2023-08-03 17:00:00,,3.65,2.95,34.14,0.12
2023-08-03 18:00:00,,3.66,5.78,30.46,0.12
2023-08-03 19:00:00,,3.69,5.94,30.53,0.05
2023-08-03 20:00:00,,3.67,5.24,30.43,0.12
2023-08-03 21:00:00,,3.61,1.95,35.07,0.05
2023-08-03 22:00:00,,3.7,2.18,32.93,0.05
2023-08-03 23:00:00,,3.61,2.45,30.71,0.05
2023-08-04 00:00:00,,3.64,1.74,30.07,0.05
2023-08-04 01:00:00,,3.63,1.19,29.82,0.05
2023-08-04 02:00:00,,3.71,0.47,30.34,0.2
2023-08-04 03:00:00,,3.68,0.47,30.84,0.19
2023-08-04 04:00:00,,3.63,0.47,28.09,0.19
2023-08-04 05:00:00,,3.64,0.47,24.96,0.24
2023-08-04 06:00:00,,3.65,4.18,20.77,0.3
2023-08-04 07:00:00,,3.65,7.67,15.59,0.48
2023-08-04 08:00:00,,3.65,9.67,14.51,0.63
2023-08-04 09:00:00,,3.72,11.74,13.98,0.57
2023-08-04 10:00:00,,4.3,10.92,17.72,0.68
2023-08-04 11:00:00,,5.66,11.38,23.24,0.66
2023-08-04 12:00:00,,7.15,22.72,30.98,0.74
2023-08-04 13:00:00,,8.94,20.09,35.13,0.63
2023-08-04 14:00:00,,6.23,14.3,30.88,0.69
2023-08-04 15:00:00,,4.93,11.48,29.74,0.61
2023-08-04 16:00:00,,4.51,19.9,27.02,0.76
2023-08-04 17:00:00,,4.21,23.78,26.35,1.01
2023-08-04 18:00:00,,4.0,22.09,21.26,1.02
2023-08-04 19:00:00,,3.94,19.5,14.11,1.09
2023-08-04 20:00:00,,4.01,17.77,12.5,1.11
2023-08-04 21:00:00,,4.01,17.13,10.29,1.57
2023-08-04 22:00:00,,4.2,20.35,9.25,2.34
2023-08-04 23:00:00,,3.85,19.24,9.26,1.84
2023-08-05 00:00:00,,3.75,12.37,13.53,1.15
2023-08-05 01:00:00,,3.68,3.56,22.78,0.39
2023-08-05 02:00:00,,3.69,1.77,24.31,0.29
2023-08-05 03:00:00,,3.68,0.47,25.21,0.21
2023-08-05 04:00:00,,3.69,0.47,27.25,0.2
2023-08-05 05:00:00,,3.68,0.47,30.33,0.17
2023-08-05 06:00:00,,3.72,0.47,27.98,0.14
2023-08-05 07:00:00,,3.7,0.47,24.07,0.16
2023-08-05 08:00:00,,3.68,2.19,25.51,0.17
2023-08-05 09:00:00,,3.68,2.89,24.37,0.23
2023-08-05 10:00:00,,3.68,2.34,26.67,0.19
2023-08-05 11:00:00,,3.69,2.1,29.65,0.19
2023-08-05 12:00:00,,3.66,2.92,28.88,0.28
2023-08-05 13:00:00,,3.68,2.41,29.65,0.25
2023-08-05 14:00:00,,3.7,2.31,29.78,0.26
2023-08-05 15:00:00,,3.67,3.75,29.19,0.35
2023-08-05 16:00:00,,3.69,1.83,29.37,0.33
2023-08-05 17:00:00,,3.66,3.47,28.7,0.35
2023-08-05 18:00:00,,3.68,3.4,29.0,0.31
2023-08-05 19:00:00,,3.71,4.15,27.9,0.39
2023-08-05 20:00:00,,3.68,4.26,29.12,0.44
2023-08-05 21:00:00,,3.69,3.85,27.69,0.44
2023-08-05 22:00:00,,3.71,5.61,22.11,0.72
2023-08-05 23:00:00,,3.7,2.6,21.88,0.55
2023-08-06 00:00:00,,3.72,1.65,20.67,0.46
2023-08-06 01:00:00,,3.68,2.06,18.86,0.43
2023-08-06 02:00:00,,3.67,1.6,17.97,0.39
2023-08-06 03:00:00,,3.68,0.47,17.93,0.32
2023-08-06 04:00:00,,3.7,0.47,16.87,0.33
2023-08-06 05:00:00,,3.69,0.47,13.71,0.37
2023-08-06 06:00:00,,3.71,0.47,13.04,0.53
2023-08-06 07:00:00,,3.71,1.08,12.11,0.42
2023-08-06 08:00:00,,3.68,2.23,10.81,0.61
2023-08-06 09:00:00,,3.69,3.49,11.34,0.73
2023-08-06 10:00:00,,3.8,8.95,11.71,0.7
2023-08-06 11:00:00,,5.77,12.54,24.08,0.99
2023-08-06 12:00:00,,5.1,5.62,38.68,0.88
2023-08-06 13:00:00,,4.48,3.14,48.43,0.6
2023-08-06 14:00:00,,4.66,1.77,53.03,0.55
2023-08-06 15:00:00,,4.95,3.33,51.88,0.54
2023-08-06 16:00:00,,4.54,5.62,50.07,0.71
2023-08-06 17:00:00,,4.5,11.32,46.9,0.37
2023-08-06 18:00:00,,4.29,16.06,34.23,1.23
2023-08-06 19:00:00,,4.32,30.71,11.49,2.79
2023-08-06 20:00:00,,4.62,31.17,10.24,3.64
2023-08-06 21:00:00,,4.31,25.95,16.42,2.24
2023-08-06 22:00:00,,4.29,16.34,27.65,1.45
2023-08-06 23:00:00,,4.2,10.55,32.61,1.39
2023-08-07 00:00:00,,4.11,11.19,31.88,0.71
2023-08-07 01:00:00,,4.12,11.39,31.23,0.51
2023-08-07 02:00:00,,3.85,3.53,43.93,0.52
2023-08-07 03:00:00,,5.9,7.98,32.49,0.39
2023-08-07 04:00:00,,4.49,9.44,22.41,0.34
2023-08-07 05:00:00,,4.24,10.0,18.75,0.43
2023-08-07 06:00:00,,3.93,12.62,15.92,0.44
2023-08-07 07:00:00,,4.23,19.44,9.69,1
2023-08-07 08:00:00,,4.08,16.91,19.04,1.23
2023-08-07 09:00:00,,3.74,1.13,29.25,0.13
2023-08-07 10:00:00,,3.71,3.26,29.08,0.05
2023-08-07 11:00:00,,3.75,5.51,28.41,0.1
2023-08-07 12:00:00,,3.83,10.38,24.8,0.33
2023-08-07 13:00:00,,4.0,6.74,31.64,0.32
2023-08-07 14:00:00,,3.91,4.58,31.02,0.25
2023-08-07 15:00:00,,3.91,10.53,25.82,0.34
2023-08-07 16:00:00,,3.88,11.34,23.92,0.39
2023-08-07 17:00:00,,3.88,6.32,24.52,0.24
2023-08-07 18:00:00,,3.84,8.17,21.24,0.4
2023-08-07 19:00:00,,3.8,7.27,22.31,0.38
2023-08-07 20:00:00,,3.62,3.79,28.04,0.19
2023-08-07 21:00:00,,3.76,3.24,25.94,0.2
2023-08-07 22:00:00,,3.77,4.94,18.71,0.29
2023-08-07 23:00:00,,3.85,6.81,18.58,0.43
2023-08-08 00:00:00,,3.85,2.05,27.28,0.21
2023-08-08 01:00:00,,3.94,1.29,28.36,0.13
2023-08-08 02:00:00,,3.91,0.47,26.99,0.2
2023-08-08 03:00:00,,3.9,0.47,28.68,0.2
2023-08-08 04:00:00,,3.96,0.47,29.1,0.18
2023-08-08 05:00:00,,3.92,0.47,31.54,0.17
2023-08-08 06:00:00,,3.88,1.64,28.99,0.2
2023-08-08 07:00:00,,4.15,14.29,13.56,0.73
2023-08-08 08:00:00,,4.23,23.9,10.32,2.06
2023-08-08 09:00:00,,3.72,10.98,22.39,0.58
2023-08-08 10:00:00,,3.73,4.15,33.43,0.34
2023-08-08 11:00:00,,3.84,1.97,38.21,0.24
2023-08-08 12:00:00,,3.89,1.9,43.0,0.19
2023-08-08 13:00:00,,3.7,2.96,42.97,0.16
2023-08-08 14:00:00,,3.6,2.2,42.15,0.11
2023-08-08 15:00:00,,3.62,1.64,42.03,0.22
2023-08-08 16:00:00,,3.51,0.96,42.44,0.15
2023-08-08 17:00:00,,3.46,1.34,40.98,0.11
2023-08-08 18:00:00,,3.69,4.37,37.02,0.23
2023-08-08 19:00:00,,3.74,6.21,34.11,0.34
2023-08-08 20:00:00,,3.74,3.92,35.66,0.32
2023-08-08 21:00:00,,3.79,4.14,34.77,0.47
2023-08-08 22:00:00,,3.62,2.48,34.0,0.39
2023-08-08 23:00:00,,3.68,2.02,33.05,0.32
2023-08-09 00:00:00,,3.61,1.88,32.22,0.24
2023-08-09 01:00:00,,3.5,0.47,32.52,0.18
2023-08-09 02:00:00,,3.76,0.47,32.66,0.16
2023-08-09 03:00:00,,3.73,1.64,30.52,0.17
2023-08-09 04:00:00,,3.71,0.47,30.19,0.16
2023-08-09 05:00:00,,3.75,1.42,26.55,0.21
2023-08-09 06:00:00,,3.92,8.69,20.66,0.26
2023-08-09 07:00:00,,4.0,17.9,12.18,0.83
2023-08-09 08:00:00,,4.15,24.66,10.58,1.75
2023-08-09 09:00:00,,4.06,20.99,11.3,1.13
2023-08-09 10:00:00,,3.88,14.2,20.55,0.46
2023-08-09 11:00:00,,3.96,8.21,24.67,0.3
2023-08-09 12:00:00,,3.96,7.73,25.05,0.4
2023-08-09 13:00:00,,3.95,6.51,25.17,0.4
2023-08-09 14:00:00,,3.94,5.54,25.24,0.43
2023-08-09 15:00:00,,3.95,8.21,23.4,0.44
2023-08-09 16:00:00,,3.87,8.01,24.19,0.43
2023-08-09 17:00:00,,3.91,7.31,24.69,0.37
2023-08-09 18:00:00,,3.9,8.27,22.72,0.46
2023-08-09 19:00:00,,3.82,9.1,20.37,0.49
2023-08-09 20:00:00,,3.85,11.9,17.07,0.74
2023-08-09 21:00:00,,3.87,11.93,15.59,0.72
2023-08-09 22:00:00,,3.9,9.42,16.63,0.77
2023-08-09 23:00:00,,3.76,3.35,21.65,0.43
2023-08-10 00:00:00,,3.74,2.83,21.55,0.38
2023-08-10 01:00:00,,3.69,1.64,21.69,0.27
2023-08-10 02:00:00,,3.71,0.47,22.17,0.27
2023-08-10 03:00:00,,3.69,0.47,23.45,0.23
2023-08-10 04:00:00,,3.69,0.47,25.43,0.22
2023-08-10 05:00:00,,3.54,1.28,24.6,0.27
2023-08-10 06:00:00,,3.72,2.49,22.47,0.24
2023-08-10 07:00:00,,3.63,8.57,16.05,0.38
2023-08-10 08:00:00,,4.08,26.02,11.01,1.84
2023-08-10 09:00:00,,4.0,19.17,13.14,0.86
2023-08-10 10:00:00,,3.94,14.78,15.24,0.71
2023-08-10 11:00:00,,3.9,10.11,17.66,0.56
2023-08-10 12:00:00,,3.85,5.11,25.55,0.45
2023-08-10 13:00:00,,3.91,5.38,30.87,0.49
2023-08-10 14:00:00,,3.71,3.86,35.74,0.39
2023-08-10 15:00:00,,3.45,3.22,41.76,0.3
2023-08-10 16:00:00,,3.41,4.34,39.36,0.4
2023-08-10 17:00:00,,3.47,6.58,36.64,0.33
2023-08-10 18:00:00,,3.67,15.1,27.23,0.58
2023-08-10 19:00:00,,3.72,16.42,23.48,0.73
2023-08-10 20:00:00,,3.92,14.25,20.08,0.7
2023-08-10 21:00:00,,4.07,11.65,18.44,0.66
2023-08-10 22:00:00,,3.91,13.53,15.2,0.73
2023-08-10 23:00:00,,3.82,10.53,14.38,0.71
2023-08-11 00:00:00,,3.88,9.68,12.42,0.72
2023-08-11 01:00:00,,3.99,8.13,11.78,0.63
2023-08-11 02:00:00,,3.65,7.19,11.84,0.61
2023-08-11 03:00:00,,3.72,7.55,14.94,0.57
2023-08-11 04:00:00,,3.79,2.56,28.38,0.28
2023-08-11 05:00:00,,3.8,1.26,37.36,0.19
2023-08-11 06:00:00,,3.81,4.1,35.23,0.25
2023-08-11 07:00:00,,4.05,15.22,22.96,0.47
2023-08-11 08:00:00,,4.02,23.46,18.12,1.14
2023-08-11 09:00:00,,4.0,20.69,18.53,0.94
2023-08-11 10:00:00,,4.13,16.04,18.47,0.72
2023-08-11 11:00:00,,4.72,15.96,21.74,0.64
2023-08-11 12:00:00,,5.0,10.05,30.56,0.44
2023-08-11 13:00:00,,13.45,7.81,34.88,0.39
2023-08-11 14:00:00,,20.78,7.32,37.47,0.21
2023-08-11 15:00:00,,5.73,3.77,43.1,0.14
2023-08-11 16:00:00,,4.63,1.02,43.32,0.1
2023-08-11 17:00:00,,4.25,1.26,40.56,0.11
2023-08-11 18:00:00,,4.18,4.17,32.64,0.15
2023-08-11 19:00:00,,4.16,8.97,22.36,0.33
2023-08-11 20:00:00,,4.11,7.03,22.7,0.44
2023-08-11 21:00:00,,4.05,4.94,25.49,0.28
2023-08-11 22:00:00,,4.0,3.75,24.94,0.29
2023-08-11 23:00:00,,3.84,2.1,25.37,0.23
2023-08-12 00:00:00,,3.93,0.47,27.34,0.05
2023-08-12 01:00:00,,3.95,0.47,29.05,0.11
2023-08-12 02:00:00,,3.79,0.47,30.16,0.21
2023-08-12 03:00:00,,3.7,0.47,25.44,0.23
2023-08-12 04:00:00,,3.77,0.47,23.51,0.25
2023-08-12 05:00:00,,3.83,1.27,21.36,0.24
2023-08-12 06:00:00,,3.81,2.55,21.34,0.25
2023-08-12 07:00:00,,3.69,0.47,29.81,0.05
2023-08-12 08:00:00,,3.86,1.17,28.04,0.11
2023-08-12 09:00:00,,3.9,1.82,22.95,0.1
2023-08-12 10:00:00,,3.69,1.41,32.37,0.12
2023-08-12 11:00:00,,3.69,0.47,33.38,0.1
2023-08-12 12:00:00,,3.63,0.47,34.28,0.05
2023-08-12 13:00:00,,3.49,0.47,34.3,0.14
2023-08-12 14:00:00,,3.79,1.7,33.57,0.19
2023-08-12 15:00:00,,4.26,0.97,35.55,0.14
2023-08-12 16:00:00,,4.17,1.5,34.32,0.18
2023-08-12 17:00:00,,3.77,1.63,33.1,0.15
2023-08-12 18:00:00,,3.67,8.24,27.36,0.38
2023-08-12 19:00:00,,3.92,8.93,27.13,0.29
2023-08-12 20:00:00,,4.05,19.74,51.5,1.36
2023-08-12 21:00:00,,3.99,15.3,32.63,1.16
2023-08-12 22:00:00,,4.0,10.46,29.9,1.35
2023-08-12 23:00:00,,4.09,2.12,25.56,0.33
2023-08-13 00:00:00,,3.84,7.91,19.0,0.77
2023-08-13 01:00:00,,3.85,8.35,12.52,0.6
2023-08-13 02:00:00,,4.07,7.39,11.19,0.44
2023-08-13 03:00:00,,4.26,5.32,14.28,0.4
2023-08-13 04:00:00,,3.82,2.58,13.22,0.32
2023-08-13 05:00:00,,3.98,3.62,10.41,0.3
2023-08-13 06:00:00,,3.83,5.27,12.87,0.65
2023-08-13 07:00:00,,3.95,4.21,12.36,0.4
2023-08-13 08:00:00,,4.42,3.92,10.68,0.26
2023-08-13 09:00:00,,4.04,3.27,19.32,0.19
2023-08-13 10:00:00,,3.75,2.24,27.84,0.24
2023-08-13 11:00:00,,3.75,1.95,25.72,0.18
2023-08-13 12:00:00,,3.92,3.69,30.78,0.32
2023-08-13 13:00:00,,6.44,3.37,36.2,0.18
2023-08-13 14:00:00,,7.04,3.74,40.33,0.2
2023-08-13 15:00:00,,3.74,1.55,40.95,0.22
2023-08-13 16:00:00,,5.12,2.41,40.11,0.2
2023-08-13 17:00:00,,5.01,2.9,38.07,0.11
2023-08-13 18:00:00,,4.08,4.32,34.22,0.13
2023-08-13 19:00:00,,3.69,10.93,23.36,0.73
2023-08-13 20:00:00,,4.0,8.86,21.82,0.39
2023-08-13 21:00:00,,4.02,16.09,13.63,0.95
2023-08-13 22:00:00,,3.78,13.21,13.14,0.71
2023-08-13 23:00:00,,4.14,11.15,11.66,0.93
2023-08-14 00:00:00,,4.07,12.34,8.87,1.33
2023-08-14 01:00:00,,3.73,5.62,11.66,0.43
2023-08-14 02:00:00,,3.73,4.77,11.43,0.39
2023-08-14 03:00:00,,3.7,8.25,9.16,0.46
2023-08-14 04:00:00,,3.71,5.87,8.32,0.46
2023-08-14 05:00:00,,3.73,5.55,8.18,0.84
2023-08-14 06:00:00,,3.71,7.44,9.41,0.84
2023-08-14 07:00:00,,4.14,12.04,8.77,1.07
2023-08-14 08:00:00,,4.32,12.18,8.48,1.1
2023-08-14 09:00:00,,4.71,20.72,10.34,1.03
2023-08-14 10:00:00,,7.48,21.37,20.29,0.94
2023-08-14 11:00:00,,11.02,25.87,25.75,0.45
2023-08-14 12:00:00,,17.62,17.17,21.38,0.29
2023-08-14 13:00:00,,10.09,15.03,26.44,0.48
2023-08-14 14:00:00,,8.02,12.33,31.31,0.19
2023-08-14 15:00:00,,4.18,7.28,30.53,0.13
2023-08-14 16:00:00,,5.17,7.08,41.5,0.14
2023-08-14 17:00:00,,5.56,7.67,45.78,0.26
2023-08-14 18:00:00,,4.73,16.95,31.54,0.32
2023-08-14 19:00:00,,4.82,39.81,12.42,1.59
2023-08-14 20:00:00,,4.42,38.04,10.65,1.54
2023-08-14 21:00:00,,4.04,24.8,11.98,1.24
2023-08-14 22:00:00,,4.23,21.14,9.65,1.6
2023-08-14 23:00:00,,4.06,16.76,8.78,1.11
2023-08-15 00:00:00,,4.03,13.19,9.15,1.14
2023-08-15 01:00:00,,4.34,7.56,9.5,0.72
2023-08-15 02:00:00,,3.75,4.66,9.03,0.63
2023-08-15 03:00:00,,3.88,3.43,9.27,0.77
2023-08-15 04:00:00,,4.43,6.04,8.9,0.88
2023-08-15 05:00:00,,4.08,8.23,9.0,1.02
2023-08-15 06:00:00,,4.3,9.13,8.37,0.97
2023-08-15 07:00:00,,4.34,9.54,9.4,1.44
2023-08-15 08:00:00,,4.57,11.02,9.39,1.67
2023-08-15 09:00:00,,,,,
2023-08-15 10:00:00,,3.86,9.21,15.1,0.15
2023-08-15 11:00:00,,4.48,10.24,20.69,0.37
2023-08-15 12:00:00,,4.07,12.06,25.14,0.32
2023-08-15 13:00:00,,4.23,18.14,34.35,0.44
2023-08-15 14:00:00,,4.14,11.29,39.01,0.19
2023-08-15 15:00:00,,3.97,5.74,39.38,0.05
2023-08-15 16:00:00,,3.84,3.79,36.7,0.05
2023-08-15 17:00:00,,3.88,9.98,29.31,0.05
2023-08-15 18:00:00,,3.97,14.7,24.83,0.16
2023-08-15 19:00:00,,4.17,30.12,12.69,0.74
2023-08-15 20:00:00,,4.64,27.9,12.7,0.76
2023-08-15 21:00:00,,5.05,20.49,14.65,0.62
2023-08-15 22:00:00,,4.64,19.44,11.06,0.45
2023-08-15 23:00:00,,4.31,18.12,8.75,0.92
2023-08-16 00:00:00,,4.19,12.73,9.08,0.37
2023-08-16 01:00:00,,4.2,9.89,8.45,0.43
2023-08-16 02:00:00,,4.13,4.39,8.11,0.54
2023-08-16 03:00:00,,4.0,3.06,8.01,0.59
2023-08-16 04:00:00,,4.0,3.03,7.97,0.56
2023-08-16 05:00:00,,4.01,3.53,7.99,0.52
2023-08-16 06:00:00,,4.55,2.99,7.9,0.69
2023-08-16 07:00:00,,4.75,7.43,7.99,1.38
2023-08-16 08:00:00,,4.74,10.67,8.2,2.42
2023-08-16 09:00:00,,4.7,34.32,8.92,2.44
2023-08-16 10:00:00,,5.07,50.27,13.27,2.01
2023-08-16 11:00:00,,4.2,27.87,20.55,1.18
2023-08-16 12:00:00,,7.85,17.28,26.85,0.69
2023-08-16 13:00:00,,7.38,16.88,31.64,0.51
2023-08-16 14:00:00,,6.16,13.92,41.61,0.49
2023-08-16 15:00:00,,11.01,20.86,46.81,0.5
2023-08-16 16:00:00,,4.97,19.72,49.52,0.73
2023-08-16 17:00:00,,4.45,19.52,52.64,0.6
2023-08-16 18:00:00,,4.41,29.07,28.56,0.98
2023-08-16 19:00:00,,4.55,42.67,9.84,2.5
2023-08-16 20:00:00,,4.45,34.45,9.59,1.74
2023-08-16 21:00:00,,4.37,24.48,9.75,1.16
2023-08-16 22:00:00,,4.21,17.87,9.26,1.5
2023-08-16 23:00:00,,4.27,13.63,8.71,1.72
2023-08-17 00:00:00,,4.3,11.19,8.8,2.01
2023-08-17 01:00:00,,4.24,10.55,8.74,1.23
2023-08-17 02:00:00,,4.19,10.15,8.7,1.38
2023-08-17 03:00:00,,4.13,9.5,8.74,1.54
2023-08-17 04:00:00,,4.13,6.97,8.82,0.75
2023-08-17 05:00:00,,4.21,8.65,9.02,0.71
2023-08-17 06:00:00,,4.0,8.35,13.22,0.53
2023-08-17 07:00:00,,4.17,10.34,15.88,0.54
2023-08-17 08:00:00,,4.21,14.78,14.53,0.83
2023-08-17 09:00:00,,4.32,21.65,14.09,0.69
2023-08-17 10:00:00,,4.23,17.67,18.96,0.67
2023-08-17 11:00:00,,4.17,12.08,26.89,0.53
2023-08-17 12:00:00,,4.25,8.84,29.59,0.41
2023-08-17 13:00:00,,4.38,8.57,31.39,0.39
2023-08-17 14:00:00,,33.69,11.86,29.94,0.5
2023-08-17 15:00:00,,10.72,9.59,31.09,0.61
2023-08-17 16:00:00,,87.06,11.91,29.54,0.57
2023-08-17 17:00:00,,11.27,11.73,29.92,0.51
2023-08-17 18:00:00,,5.66,26.91,22.08,1.19
2023-08-17 19:00:00,,4.95,31.96,15.96,1.14
2023-08-17 20:00:00,,4.74,29.03,15.34,0.87
2023-08-17 21:00:00,,4.67,33.14,11.64,0.87
2023-08-17 22:00:00,,4.45,30.17,11.76,1.11
2023-08-17 23:00:00,,4.44,23.82,12.01,1.11
2023-08-18 00:00:00,,4.47,21.81,9.95,1.35
2023-08-18 01:00:00,,4.35,12.81,13.89,0.79
2023-08-18 02:00:00,,4.09,5.21,18.03,0.65
2023-08-18 03:00:00,,4.08,2.42,18.77,0.44
2023-08-18 04:00:00,,4.11,0.47,19.82,0.33
2023-08-18 05:00:00,,4.05,0.47,18.63,0.33
2023-08-18 06:00:00,,4.04,0.47,20.55,0.29
2023-08-18 07:00:00,,3.92,2.14,22.76,0.34
2023-08-18 08:00:00,,4.17,6.18,20.6,0.51
2023-08-18 09:00:00,,4.04,5.09,23.17,0.43
2023-08-18 10:00:00,,4.02,6.5,23.37,0.48
2023-08-18 11:00:00,,4.12,3.15,25.85,0.4
2023-08-18 12:00:00,,4.09,6.09,27.03,0.48
2023-08-18 13:00:00,,4.12,5.48,29.45,0.4
2023-08-18 14:00:00,,4.0,7.09,24.24,0.48
2023-08-18 15:00:00,,3.93,3.55,22.46,0.21
2023-08-18 16:00:00,,4.04,8.57,19.49,0.39
2023-08-18 17:00:00,,4.17,10.96,19.18,0.6
2023-08-18 18:00:00,,4.54,15.1,17.18,0.79
2023-08-18 19:00:00,,5.19,12.8,17.14,0.53
2023-08-18 20:00:00,,5.29,19.36,14.4,0.48
2023-08-18 21:00:00,,8.29,11.27,16.29,0.47
2023-08-18 22:00:00,,9.46,6.46,18.12,0.52
2023-08-18 23:00:00,,7.3,5.87,17.95,0.53
2023-08-19 00:00:00,,27.84,10.9,15.57,0.37
2023-08-19 01:00:00,,10.71,4.75,18.7,0.25
2023-08-19 02:00:00,,5.21,0.47,23.27,0.12
2023-08-19 03:00:00,,4.39,0.47,22.33,0.13
2023-08-19 04:00:00,,4.25,0.47,20.96,0.12
2023-08-19 05:00:00,,4.21,0.47,21.18,0.1
2023-08-19 06:00:00,,4.19,3.31,17.9,0.17
2023-08-19 07:00:00,,4.15,6.41,14.63,0.13
2023-08-19 08:00:00,,4.1,10.67,13.31,0.34
2023-08-19 09:00:00,,4.57,3.81,16.45,0.34
2023-08-19 10:00:00,,4.5,1.6,19.44,0.29
2023-08-19 11:00:00,,5.71,2.5,21.72,0.25
2023-08-19 12:00:00,,4.98,1.98,21.73,0.32
2023-08-19 13:00:00,,11.72,4.38,20.73,0.29
2023-08-19 14:00:00,,10.7,5.36,21.25,0.19
2023-08-19 15:00:00,,10.23,5.28,22.16,0.17
2023-08-19 16:00:00,,8.76,7.85,21.5,0.24
2023-08-19 17:00:00,,5.32,4.63,23.66,0.21
2023-08-19 18:00:00,,4.14,3.26,23.21,0.23
2023-08-19 19:00:00,,4.12,5.91,18.3,0.35
2023-08-19 20:00:00,,4.29,23.76,9.91,1.52
2023-08-19 21:00:00,,4.27,17.3,9.82,1.37
2023-08-19 22:00:00,,4.17,13.12,9.62,1.41
2023-08-19 23:00:00,,4.03,11.18,9.59,1.98
2023-08-20 00:00:00,,4.06,10.21,9.56,1.79
2023-08-20 01:00:00,,4.55,13.34,9.57,1.42
2023-08-20 02:00:00,,4.25,12.0,9.39,1.53
2023-08-20 03:00:00,,4.03,10.36,9.39,0.95
2023-08-20 04:00:00,,3.94,5.23,10.3,0.58
2023-08-20 05:00:00,,3.94,6.45,10.13,0.56
2023-08-20 06:00:00,,4.35,6.91,9.32,0.67
2023-08-20 07:00:00,,4.21,6.71,9.54,0.66
2023-08-20 08:00:00,,4.77,9.07,10.54,0.57
2023-08-20 09:00:00,,4.2,3.03,14.24,0.5
2023-08-20 10:00:00,,22.26,4.39,16.01,0.39
2023-08-20 11:00:00,,11.79,8.11,16.56,0.32
2023-08-20 12:00:00,,5.18,2.05,20.64,0.24
2023-08-20 13:00:00,,4.72,0.47,23.2,0.2
2023-08-20 14:00:00,,4.99,1.73,23.08,0.21
2023-08-20 15:00:00,,5.31,1.08,22.64,0.17
2023-08-20 16:00:00,,4.5,2.6,21.46,0.21
2023-08-20 17:00:00,,4.17,1.88,21.49,0.05
2023-08-20 18:00:00,,4.09,1.46,21.13,0.05
2023-08-20 19:00:00,,4.26,18.55,11.1,1.15
2023-08-20 20:00:00,,4.25,18.35,10.22,1.01
2023-08-20 21:00:00,,4.28,18.52,9.6,1.78
2023-08-20 22:00:00,,4.29,17.29,9.6,1.9
2023-08-20 23:00:00,,4.34,16.42,9.64,2.08
2023-08-21 00:00:00,,4.24,13.45,9.54,1.33
2023-08-21 01:00:00,,4.19,8.54,9.53,0.74
2023-08-21 02:00:00,,4.12,10.35,10.08,0.96
2023-08-21 03:00:00,,4.23,10.39,10.23,0.73
2023-08-21 04:00:00,,4.08,9.11,10.08,0.87
2023-08-21 05:00:00,,3.89,6.88,9.65,0.62
2023-08-21 06:00:00,,3.91,7.13,9.54,0.58
2023-08-21 07:00:00,,4.18,11.18,9.56,0.82
2023-08-21 08:00:00,,4.17,13.55,9.75,1.08
2023-08-21 09:00:00,,4.09,11.98,11.48,0.65
2023-08-21 10:00:00,,4.24,5.67,14.62,0.34
2023-08-21 11:00:00,,8.64,7.87,16.12,0.36
2023-08-21 12:00:00,,7.87,8.08,19.32,0.41
2023-08-21 13:00:00,,8.27,8.58,20.85,0.38
2023-08-21 14:00:00,,5.2,3.0,23.71,0.22
2023-08-21 15:00:00,,4.34,2.89,24.15,0.05
2023-08-21 16:00:00,,6.74,7.19,23.31,0.14
2023-08-21 17:00:00,,4.52,3.57,24.93,0.11
2023-08-21 18:00:00,,4.57,15.61,20.11,0.52
2023-08-21 19:00:00,,4.33,13.33,19.59,0.38
2023-08-21 20:00:00,,4.21,7.42,17.45,0.23
2023-08-21 21:00:00,,4.19,6.77,16.2,0.23
2023-08-21 22:00:00,,4.1,7.43,14.5,0.31
2023-08-21 23:00:00,,4.06,10.05,12.16,0.5
2023-08-22 00:00:00,,4.07,8.05,11.29,0.38
2023-08-22 01:00:00,,3.92,5.62,11.04,0.26
2023-08-22 02:00:00,,3.71,3.94,10.96,0.32
2023-08-22 03:00:00,,3.86,3.71,11.08,0.33
2023-08-22 04:00:00,,3.93,3.86,10.72,0.38
2023-08-22 05:00:00,,3.7,3.45,10.72,0.33
2023-08-22 06:00:00,,3.91,4.98,10.53,0.45
2023-08-22 07:00:00,,4.27,7.43,10.47,0.92
2023-08-22 08:00:00,,4.35,19.64,10.63,1.94
2023-08-22 09:00:00,,4.17,19.13,13.32,1.36
2023-08-22 10:00:00,,4.3,8.8,48.97,0.73
2023-08-22 11:00:00,,4.1,3.93,51.72,0.59
2023-08-22 12:00:00,,4.18,6.72,45.59,0.71
2023-08-22 13:00:00,,4.12,7.83,44.71,0.73
2023-08-22 14:00:00,,3.92,5.46,55.87,0.61
2023-08-22 15:00:00,,5.05,4.28,62.83,0.41
2023-08-22 16:00:00,,6.05,4.3,62.51,0.31
2023-08-22 17:00:00,,4.94,7.66,59.5,0.43
2023-08-22 18:00:00,,13.88,12.02,48.54,0.67
2023-08-22 19:00:00,,27.32,39.0,13.26,0.55
2023-08-22 20:00:00,,32.06,28.57,24.5,0.34
2023-08-22 21:00:00,,18.12,8.06,42.46,0.75
2023-08-22 22:00:00,,12.92,11.55,35.26,0.76
2023-08-22 23:00:00,,8.18,2.45,43.34,0.83
2023-08-23 00:00:00,,,,,
2023-08-23 01:00:00,,5.37,0.47,45.47,0.3
2023-08-23 02:00:00,,5.18,0.47,44.25,0.31
2023-08-23 03:00:00,,4.87,0.47,40.92,0.33
2023-08-23 04:00:00,,4.36,0.47,36.05,0.32
2023-08-23 05:00:00,,4.24,0.47,36.77,0.3
2023-08-23 06:00:00,,4.3,0.47,36.89,0.23
2023-08-23 07:00:00,,4.29,2.18,31.01,0.21
2023-08-23 08:00:00,,4.26,5.28,29.17,0.41
2023-08-23 09:00:00,,4.26,5.4,28.33,0.33
2023-08-23 10:00:00,,4.27,5.49,29.6,0.3
2023-08-23 11:00:00,,4.27,3.1,33.45,0.25
2023-08-23 12:00:00,,4.18,2.3,37.36,0.25
2023-08-23 13:00:00,,4.25,3.59,41.08,0.32
2023-08-23 14:00:00,,4.17,5.5,34.7,0.38
2023-08-23 15:00:00,,4.21,7.32,25.98,0.34
2023-08-23 16:00:00,,4.19,7.23,26.24,0.42
2023-08-23 17:00:00,,4.18,13.86,18.83,0.7
2023-08-23 18:00:00,,4.18,12.06,24.54,0.68
2023-08-23 19:00:00,,4.14,6.7,34.99,0.33
2023-08-23 20:00:00,,4.12,10.35,28.56,0.64
2023-08-23 21:00:00,,4.0,5.94,32.71,0.42
2023-08-23 22:00:00,,4.07,3.53,34.01,0.26
2023-08-23 23:00:00,,4.18,1.74,38.99,0.19
2023-08-24 00:00:00,,4.11,1.61,37.42,0.13
2023-08-24 01:00:00,,4.08,0.47,38.63,0.05
2023-08-24 02:00:00,,4.05,0.47,38.23,0.17
2023-08-24 03:00:00,,3.97,0.47,41.86,0.17
2023-08-24 04:00:00,,4.09,0.47,41.53,0.14
2023-08-24 05:00:00,,3.96,0.47,45.62,0.12
2023-08-24 06:00:00,,3.97,0.47,41.05,0.2
2023-08-24 07:00:00,,3.99,2.65,34.76,0.2
2023-08-24 08:00:00,,3.94,4.22,32.61,0.32
2023-08-24 09:00:00,,3.79,7.33,27.84,0.43
2023-08-24 10:00:00,,3.89,4.2,31.91,0.2
2023-08-24 11:00:00,,3.98,1.78,42.96,0.15
2023-08-24 12:00:00,,3.96,0.47,47.41,0.14
2023-08-24 13:00:00,,3.98,1.38,46.59,0.13
2023-08-24 14:00:00,,3.94,0.47,51.69,0.12
2023-08-24 15:00:00,,3.85,0.47,55.62,0.19
2023-08-24 16:00:00,,3.85,0.47,55.33,0.05
2023-08-24 17:00:00,,3.91,0.47,51.91,0.2
2023-08-24 18:00:00,,3.81,2.0,47.62,0.19
2023-08-24 19:00:00,,3.62,6.37,37.53,0.33
2023-08-24 20:00:00,,3.85,12.57,27.89,0.55
2023-08-24 21:00:00,,3.88,15.55,21.55,0.69
2023-08-24 22:00:00,,4.12,16.36,14.64,0.84
2023-08-24 23:00:00,,4.32,13.6,11.51,1.35
2023-08-25 00:00:00,,4.05,9.87,12.41,1.1
2023-08-25 01:00:00,,4.04,6.37,8.41,0.54
2023-08-25 02:00:00,,4.17,3.97,7.62,0.39
2023-08-25 03:00:00,,3.79,2.65,7.35,0.51
2023-08-25 04:00:00,,3.89,1.76,7.2,0.31
2023-08-25 05:00:00,,3.8,1.62,6.81,0.19
2023-08-25 06:00:00,,4.1,2.88,7.04,0.62
2023-08-25 07:00:00,,4.39,5.42,7.93,0.93
2023-08-25 08:00:00,,4.85,10.76,9.33,1.72
2023-08-25 09:00:00,,4.73,21.67,17.32,1.4
2023-08-25 10:00:00,,6.67,35.42,51.48,1.04
2023-08-25 11:00:00,,5.74,25.81,62.51,0.64
2023-08-25 12:00:00,,4.28,3.68,53.05,0.15
2023-08-25 13:00:00,,4.07,2.53,53.81,0.19
2023-08-25 14:00:00,,4.16,0.98,55.93,0.05
2023-08-25 15:00:00,,3.9,0.47,59.46,0.05
2023-08-25 16:00:00,,3.81,0.47,59.17,0.05
2023-08-25 17:00:00,,3.84,1.44,58.27,0.05
2023-08-25 18:00:00,,3.75,5.86,48.9,0.05
2023-08-25 19:00:00,,3.91,19.25,24.55,0.83
2023-08-25 20:00:00,,4.12,27.04,14.67,1.42
2023-08-25 21:00:00,,4.51,23.69,18.08,1.95
2023-08-25 22:00:00,,4.31,16.78,13.87,1.17
2023-08-25 23:00:00,,4.48,12.19,16.91,1.69
2023-08-26 00:00:00,,4.06,7.98,13.05,1.24
2023-08-26 01:00:00,,4.07,7.06,12.44,0.86
2023-08-26 02:00:00,,4.16,8.69,13.61,1.11
2023-08-26 03:00:00,,4.15,8.91,11.29,0.79
2023-08-26 04:00:00,,4.15,8.87,10.95,0.42
2023-08-26 05:00:00,,4.02,8.5,12.09,0.49
2023-08-26 06:00:00,,4.05,9.14,10.4,0.47
2023-08-26 07:00:00,,4.14,10.71,9.25,0.4
2023-08-26 08:00:00,,4.66,10.29,12.73,0.71
2023-08-26 09:00:00,,20.81,11.7,22.41,0.43
2023-08-26 10:00:00,,8.33,9.32,35.82,0.26
2023-08-26 11:00:00,,5.01,4.88,44.17,0.1
2023-08-26 12:00:00,,4.0,3.18,50.23,0.05
2023-08-26 13:00:00,,3.99,1.44,55.17,0.05
2023-08-26 14:00:00,,3.98,0.47,57.92,0.05
2023-08-26 15:00:00,,3.92,0.47,59.75,0.05
2023-08-26 16:00:00,,3.76,0.47,57.82,0.05
2023-08-26 17:00:00,,3.79,0.47,54.14,0.05
2023-08-26 18:00:00,,3.66,1.81,51.26,0.05
2023-08-26 19:00:00,,3.89,5.86,47.29,0.25
2023-08-26 20:00:00,,4.2,15.67,30.18,0.7
2023-08-26 21:00:00,,4.08,15.48,26.1,1.19
2023-08-26 22:00:00,,4.39,17.19,22.61,1.37
2023-08-26 23:00:00,,4.27,13.13,20.23,1.39
2023-08-27 00:00:00,,4.13,8.93,17.3,1.01
2023-08-27 01:00:00,,4.5,5.31,12.54,0.56
2023-08-27 02:00:00,,4.48,5.06,12.02,0.97
2023-08-27 03:00:00,,4.52,4.46,12.29,1.1
2023-08-27 04:00:00,,4.19,4.81,12.5,1.1
2023-08-27 05:00:00,,3.81,4.76,12.06,1
2023-08-27 06:00:00,,3.79,4.6,12.08,0.64
2023-08-27 07:00:00,,3.79,4.62,11.47,0.66
2023-08-27 08:00:00,,4.01,4.44,13.81,0.49
2023-08-27 09:00:00,,12.28,6.94,18.84,0.48
2023-08-27 10:00:00,,8.84,4.53,34.04,0.22
2023-08-27 11:00:00,,4.37,0.47,45.67,0.14
2023-08-27 12:00:00,,4.02,0.47,54.18,0.1
2023-08-27 13:00:00,,3.99,0.47,54.24,0.05
2023-08-27 14:00:00,,3.86,0.47,58.68,0.05
2023-08-27 15:00:00,,3.77,0.47,59.7,0.05
2023-08-27 16:00:00,,3.66,0.47,58.12,0.05
2023-08-27 17:00:00,,3.69,0.47,56.2,0.05
2023-08-27 18:00:00,,3.6,0.47,53.83,0.15
2023-08-27 19:00:00,,3.97,3.29,48.73,0.26
2023-08-27 20:00:00,,4.09,7.23,40.74,0.55
2023-08-27 21:00:00,,4.04,16.6,23.05,1.08
2023-08-27 22:00:00,,4.3,15.92,17.09,1.3
2023-08-27 23:00:00,,3.96,12.25,16.97,0.93
2023-08-28 00:00:00,,3.91,8.59,11.17,0.81
2023-08-28 01:00:00,,4.22,6.54,9.59,0.42
2023-08-28 02:00:00,,3.95,4.14,8.73,0.54
2023-08-28 03:00:00,,3.73,3.27,8.52,0.38
2023-08-28 04:00:00,,3.75,5.05,8.43,0.51
2023-08-28 05:00:00,,3.85,5.86,8.95,0.71
2023-08-28 06:00:00,,4.01,6.55,8.61,0.84
2023-08-28 07:00:00,,4.43,9.44,8.71,1.3
2023-08-28 08:00:00,,4.62,18.99,8.79,2.32
2023-08-28 09:00:00,,4.5,17.23,11.81,1.34
2023-08-28 10:00:00,,5.13,10.56,30.52,0.61
2023-08-28 11:00:00,,4.28,6.49,29.87,0.37
2023-08-28 12:00:00,,4.04,2.31,31.05,0.22
2023-08-28 13:00:00,,4.04,2.09,34.5,0.24
2023-08-28 14:00:00,,3.89,1.07,38.2,0.05
2023-08-28 15:00:00,,3.78,1.31,40.16,0.05
2023-08-28 16:00:00,,3.67,0.47,41.17,0.05
2023-08-28 17:00:00,,3.69,0.47,40.27,0.05
2023-08-28 18:00:00,,3.61,2.91,37.81,0.1
2023-08-28 19:00:00,,3.73,5.0,33.87,0.2
2023-08-28 20:00:00,,3.97,4.36,33.28,0.27
2023-08-28 21:00:00,,4.16,2.75,33.43,0.2
2023-08-28 22:00:00,,4.01,5.47,25.23,0.16
2023-08-28 23:00:00,,3.93,6.65,19.06,0.46
2023-08-29 00:00:00,,4.17,4.07,17.97,0.35
2023-08-29 01:00:00,,3.8,3.94,11.93,0.27
2023-08-29 02:00:00,,3.82,3.0,13.61,0.27
2023-08-29 03:00:00,,3.78,2.87,6.36,0.29
2023-08-29 04:00:00,,3.96,2.24,5.69,0.29
2023-08-29 05:00:00,,3.96,3.25,2.82,0.28
2023-08-29 06:00:00,,3.93,4.68,0.98,0.32
2023-08-29 07:00:00,,4.18,7.94,0.98,0.6
2023-08-29 08:00:00,,4.75,14.41,2.14,1.65
2023-08-29 09:00:00,,4.17,18.4,5.03,1.2
2023-08-29 10:00:00,,4.28,14.23,20.45,0.72
2023-08-29 11:00:00,,4.12,6.46,32.56,0.37
2023-08-29 12:00:00,,4.26,2.77,37.2,0.17
2023-08-29 13:00:00,,4.24,3.75,41.14,0.17
2023-08-29 14:00:00,,4.21,3.53,46.48,0.18
2023-08-29 15:00:00,,4.12,1.73,50.32,0.14
2023-08-29 16:00:00,,4.03,1.5,49.12,0.1
2023-08-29 17:00:00,,4.15,2.39,49.16,0.13
2023-08-29 18:00:00,,4.88,5.3,43.01,0.22
2023-08-29 19:00:00,,4.49,9.92,31.39,0.36
2023-08-29 20:00:00,,4.19,18.83,13.49,0.85
2023-08-29 21:00:00,,4.26,19.54,9.32,0.83
2023-08-29 22:00:00,,4.25,17.62,5.16,0.99
2023-08-29 23:00:00,,4.16,15.04,2.69,1.12
2023-08-30 00:00:00,,4.13,11.96,2.11,0.9
2023-08-30 01:00:00,,4.16,8.46,0.98,0.64
2023-08-30 02:00:00,,4.37,9.02,0.98,0.86
2023-08-30 03:00:00,,4.02,6.66,2.49,0.56
2023-08-30 04:00:00,,4.02,3.86,0.98,0.5
2023-08-30 05:00:00,,4.12,2.16,0.98,0.49
2023-08-30 06:00:00,,4.36,6.56,0.98,0.87
2023-08-30 07:00:00,,4.5,9.81,0.98,1.44
2023-08-30 08:00:00,,4.64,13.92,0.98,2.32
2023-08-30 09:00:00,,4.49,17.6,4.31,1.62
2023-08-30 10:00:00,,5.08,18.02,18.13,1.08
2023-08-30 11:00:00,,5.16,13.56,35.91,0.8
2023-08-30 12:00:00,,4.59,11.05,45.26,0.73
2023-08-30 13:00:00,,4.23,14.37,56.26,0.78
2023-08-30 14:00:00,,4.21,6.21,56.7,0.44
2023-08-30 15:00:00,,5.25,8.91,57.35,0.61
2023-08-30 16:00:00,,15.0,12.15,60.38,0.46
2023-08-30 17:00:00,,7.15,4.61,69.34,0.38
2023-08-30 18:00:00,,4.82,13.9,44.3,0.47
2023-08-30 19:00:00,,4.41,18.34,27.73,0.7
2023-08-30 20:00:00,,4.72,14.21,23.84,0.68
2023-08-30 21:00:00,,4.25,9.84,23.42,0.61
2023-08-30 22:00:00,,4.17,13.83,12.86,0.81
2023-08-30 23:00:00,,4.3,18.21,3.02,1.21
2023-08-31 00:00:00,,4.45,11.9,2.51,1.08
2023-08-31 01:00:00,,4.32,9.34,0.98,0.76
2023-08-31 02:00:00,,4.27,8.98,0.98,0.83
2023-08-31 03:00:00,,4.18,6.74,0.98,0.82
2023-08-31 04:00:00,,4.37,5.85,0.98,0.8
2023-08-31 05:00:00,,4.38,4.98,0.98,0.88
2023-08-31 06:00:00,,4.46,5.36,0.98,0.91
2023-08-31 07:00:00,,4.71,8.65,0.98,1.79
2023-08-31 08:00:00,,4.91,21.86,0.98,2.06
2023-08-31 09:00:00,,4.5,15.78,4.73,0.8
2023-08-31 10:00:00,,,,,
2023-08-31 11:00:00,,14.85,30.17,25.38,0.56
2023-08-31 12:00:00,,8.93,14.74,49.64,0.44
2023-08-31 13:00:00,,5.83,9.03,54.68,0.4
2023-08-31 14:00:00,,5.47,4.32,67.52,0.33
2023-08-31 15:00:00,,4.35,0.47,68.32,0.31
2023-08-31 16:00:00,,4.54,1.87,69.05,0.23
2023-08-31 17:00:00,,4.28,3.09,64.57,0.24
2023-08-31 18:00:00,,4.31,5.55,56.01,0.41
2023-08-31 19:00:00,,4.6,10.01,38.02,0.63
2023-08-31 20:00:00,,4.63,8.51,30.68,0.63
2023-08-31 21:00:00,,4.19,6.36,30.07,0.53
2023-08-31 22:00:00,,4.11,4.68,32.81,0.35
2023-08-31 23:00:00,,4.37,2.76,35.19,0.26
2023-09-01 00:00:00,,4.22,0.99,35.62,0.17
2023-09-01 01:00:00,,4.25,1.37,30.95,0.19
2023-09-01 02:00:00,,4.18,0.47,29.52,0.26
2023-09-01 03:00:00,,4.12,0.47,28.67,0.29
2023-09-01 04:00:00,,4.05,0.47,28.86,0.35
2023-09-01 05:00:00,,4.1,0.47,33.0,0.27
2023-09-01 06:00:00,,4.11,2.63,31.6,0.34
2023-09-01 07:00:00,,4.09,4.29,28.55,0.41
2023-09-01 08:00:00,,4.22,11.39,19.57,0.81
2023-09-01 09:00:00,,4.25,10.53,22.73,0.63
2023-09-01 10:00:00,,4.22,7.37,26.83,0.5
2023-09-01 11:00:00,,4.11,5.24,33.39,0.43
2023-09-01 12:00:00,,6.17,14.2,47.92,0.47
2023-09-01 13:00:00,,8.08,11.89,51.94,0.63
2023-09-01 14:00:00,,5.46,11.67,61.77,0.63
2023-09-01 15:00:00,,5.32,8.67,57.04,0.55
2023-09-01 16:00:00,,5.13,10.12,46.6,0.55
2023-09-01 17:00:00,,5.01,9.51,45.62,0.59
2023-09-01 18:00:00,,5.01,16.43,31.92,0.78
2023-09-01 19:00:00,,4.65,22.03,19.33,1.17
2023-09-01 20:00:00,,5.14,20.18,17.51,1.22
2023-09-01 21:00:00,,5.24,20.68,8.83,1.36
2023-09-01 22:00:00,,4.94,16.64,8.95,1.37
2023-09-01 23:00:00,,4.49,8.18,17.1,0.94
2023-09-02 00:00:00,,4.23,7.44,14.4,0.87
2023-09-02 01:00:00,,4.14,8.5,10.38,0.82
2023-09-02 02:00:00,,4.07,4.77,15.49,0.63
2023-09-02 03:00:00,,4.05,3.32,18.92,0.55
2023-09-02 04:00:00,,4.05,2.94,18.42,0.65
2023-09-02 05:00:00,,4.05,1.48,31.11,0.47
2023-09-02 06:00:00,,4.04,3.49,23.33,0.4
2023-09-02 07:00:00,,4.1,7.33,9.69,0.68
2023-09-02 08:00:00,,4.26,12.65,3.09,1.43
2023-09-02 09:00:00,,4.1,15.18,9.6,1.15
2023-09-02 10:00:00,,4.04,18.68,38.29,1.04
2023-09-02 11:00:00,,4.57,9.73,37.75,0.73
2023-09-02 12:00:00,,5.12,6.29,45.64,0.63
2023-09-02 13:00:00,,15.67,7.88,41.04,0.59
2023-09-02 14:00:00,,17.06,3.56,48.31,0.48
2023-09-02 15:00:00,,8.31,4.61,49.46,0.43
2023-09-02 16:00:00,,6.36,5.24,47.57,0.43
2023-09-02 17:00:00,,5.62,6.33,45.07,0.63
2023-09-02 18:00:00,,5.7,12.68,25.38,0.8
2023-09-02 19:00:00,,5.12,16.96,16.88,1.03
2023-09-02 20:00:00,,5.01,21.71,8.41,1.42
2023-09-02 21:00:00,,5.14,23.34,3.59,1.83
2023-09-02 22:00:00,,5.06,15.16,3.45,2.1
2023-09-02 23:00:00,,4.8,12.12,3.24,1.83
2023-09-03 00:00:00,,4.9,13.08,0.98,1.97
2023-09-03 01:00:00,,4.73,12.6,0.98,1.6
2023-09-03 02:00:00,,4.21,7.25,0.98,1.07
2023-09-03 03:00:00,,4.17,7.07,0.98,1.17
2023-09-03 04:00:00,,4.12,5.23,0.98,0.83
2023-09-03 05:00:00,,4.1,5.25,3.09,0.76
2023-09-03 06:00:00,,4.05,4.73,4.79,0.73
2023-09-03 07:00:00,,4.08,9.19,0.98,0.87
2023-09-03 08:00:00,,4.07,9.26,0.98,0.88
2023-09-03 09:00:00,,4.07,6.14,5.52,0.64
2023-09-03 10:00:00,,4.09,4.7,7.65,0.58
2023-09-03 11:00:00,,4.09,8.82,4.31,0.78
2023-09-03 12:00:00,,4.07,7.22,6.3,0.82
2023-09-03 13:00:00,,4.07,7.65,7.06,1.06
2023-09-03 14:00:00,,4.06,6.92,11.31,1.2
2023-09-03 15:00:00,,4.04,6.2,14.7,1.07
2023-09-03 16:00:00,,4.04,8.06,14.3,0.9
2023-09-03 17:00:00,,4.03,9.06,13.0,1.07
2023-09-03 18:00:00,,4.13,10.55,10.27,0.87
2023-09-03 19:00:00,,4.16,5.84,17.88,0.63
2023-09-03 20:00:00,,4.06,3.15,22.38,0.43
2023-09-03 21:00:00,,4.05,3.29,23.38,0.41
2023-09-03 22:00:00,,4.04,3.89,19.88,0.49
2023-09-03 23:00:00,,4.07,4.85,16.71,0.6
2023-09-04 00:00:00,,4.05,7.92,12.8,0.46
2023-09-04 01:00:00,,4.07,3.05,16.38,0.36
2023-09-04 02:00:00,,4.07,3.89,12.21,0.52
2023-09-04 03:00:00,,4.06,3.2,10.26,0.48
2023-09-04 04:00:00,,4.04,4.55,13.3,0.5
2023-09-04 05:00:00,,4.04,2.81,14.93,0.45
2023-09-04 06:00:00,,4.1,1.15,22.18,0.41
2023-09-04 07:00:00,,4.04,2.48,20.82,0.44
2023-09-04 08:00:00,,4.09,12.4,11.98,0.8
2023-09-04 09:00:00,,4.05,18.64,7.22,1.13
2023-09-04 10:00:00,,4.05,19.02,7.91,0.86
2023-09-04 11:00:00,,4.05,14.35,13.62,0.68
2023-09-04 12:00:00,,4.08,15.4,17.1,0.69
2023-09-04 13:00:00,,4.14,20.02,12.02,0.86
2023-09-04 14:00:00,,4.11,11.18,19.34,0.72
2023-09-04 15:00:00,,4.15,2.81,28.98,0.45
2023-09-04 16:00:00,,4.07,2.47,32.48,0.32
2023-09-04 17:00:00,,4.06,4.87,32.84,0.47
2023-09-04 18:00:00,,4.11,4.86,35.26,0.43
2023-09-04 19:00:00,,4.11,5.08,37.08,0.47
2023-09-04 20:00:00,,4.05,3.92,33.12,0.45
2023-09-04 21:00:00,,4.13,9.75,22.05,0.74
2023-09-04 22:00:00,,4.07,2.16,34.6,0.25
2023-09-04 23:00:00,,4.12,0.47,44.04,0.18
2023-09-05 00:00:00,,4.16,0.47,42.85,0.05
2023-09-05 01:00:00,,4.25,1.0,42.86,0.05
2023-09-05 02:00:00,,4.22,0.47,42.7,0.1
2023-09-05 03:00:00,,4.1,0.47,42.04,0.12
2023-09-05 04:00:00,,4.04,0.47,40.5,0.11
2023-09-05 05:00:00,,4.05,0.47,38.95,0.05
2023-09-05 06:00:00,,4.06,0.47,37.12,0.11
2023-09-05 07:00:00,,4.04,1.32,31.5,0.1
2023-09-05 08:00:00,,4.03,4.43,25.4,0.19
2023-09-05 09:00:00,,4.03,3.41,21.65,0.17
2023-09-05 10:00:00,,4.03,1.92,28.19,0.17
2023-09-05 11:00:00,,4.05,1.16,34.93,0.16
2023-09-05 12:00:00,,4.1,1.14,37.64,0.23
2023-09-05 13:00:00,,4.15,1.18,40.45,0.12
2023-09-05 14:00:00,,4.05,1.54,38.88,0.14
2023-09-05 15:00:00,,4.16,1.98,39.11,0.23
2023-09-05 16:00:00,,4.41,0.47,40.14,0.1
2023-09-05 17:00:00,,,,,
2023-09-05 18:00:00,,,,,
2023-09-05 19:00:00,,,,,
2023-09-05 20:00:00,,,,,
2023-09-05 21:00:00,,,,,
2023-09-05 22:00:00,,,,,
2023-09-05 23:00:00,,,,,
2023-09-06 00:00:00,,,,,
2023-09-06 01:00:00,,,,,
2023-09-06 02:00:00,,,,,
2023-09-06 03:00:00,,,,,
2023-09-06 04:00:00,,,,,
2023-09-06 05:00:00,,,,,
2023-09-06 06:00:00,,,,,
2023-09-06 07:00:00,,,,,
2023-09-06 08:00:00,,,,,
2023-09-06 09:00:00,,,,,
2023-09-06 10:00:00,,,,,
2023-09-06 11:00:00,,4.24,0.47,41.01,0.33
2023-09-06 12:00:00,,4.07,0.47,43.06,0.3
2023-09-06 13:00:00,,4.05,1.2,43.74,0.28
2023-09-06 14:00:00,,4.05,1.01,45.62,0.33
2023-09-06 15:00:00,,4.04,0.47,46.7,0.31
2023-09-06 16:00:00,,4.02,0.47,45.65,0.35
2023-09-06 17:00:00,,4.04,1.55,43.79,0.38
2023-09-06 18:00:00,,4.04,3.04,39.75,0.39
2023-09-06 19:00:00,,4.04,4.61,35.5,0.45
2023-09-06 20:00:00,,4.24,5.17,32.72,0.46
2023-09-06 21:00:00,,4.13,3.51,32.72,0.45
2023-09-06 22:00:00,,4.1,5.45,27.43,0.54
2023-09-06 23:00:00,,4.07,3.95,26.07,0.56
2023-09-07 00:00:00,,4.1,6.89,20.3,0.59
2023-09-07 01:00:00,,4.08,2.99,23.76,0.38
2023-09-07 02:00:00,,4.08,3.93,18.53,0.31
2023-09-07 03:00:00,,4.06,4.11,17.19,0.33
2023-09-07 04:00:00,,4.05,2.48,14.66,0.26
2023-09-07 05:00:00,,4.06,1.43,20.89,0.28
2023-09-07 06:00:00,,4.06,1.13,23.7,0.23
2023-09-07 07:00:00,,4.08,2.55,21.65,0.24
2023-09-07 08:00:00,,4.1,4.24,20.63,0.36
2023-09-07 09:00:00,,4.29,2.14,23.57,0.28
2023-09-07 10:00:00,,4.15,4.78,21.92,0.39
2023-09-07 11:00:00,,4.06,3.79,24.69,0.41
2023-09-07 12:00:00,,4.2,2.82,25.69,0.46
2023-09-07 13:00:00,,4.06,1.89,29.64,0.47
2023-09-07 14:00:00,,4.07,2.46,28.66,0.52
2023-09-07 15:00:00,,4.05,2.39,28.35,0.47
2023-09-07 16:00:00,,4.06,2.24,29.22,0.41
2023-09-07 17:00:00,,4.05,2.64,30.17,0.47
2023-09-07 18:00:00,,4.06,2.95,28.59,0.46
2023-09-07 19:00:00,,4.1,5.24,22.88,0.56
2023-09-07 20:00:00,,4.04,7.18,15.76,0.7
2023-09-07 21:00:00,,4.05,8.12,11.03,0.82
2023-09-07 22:00:00,,4.02,9.73,6.84,1.03
2023-09-07 23:00:00,,4.05,9.24,5.15,1.02
2023-09-08 00:00:00,,4.05,8.27,6.06,0.88
2023-09-08 01:00:00,,4.05,7.85,7.78,0.52
2023-09-08 02:00:00,,4.04,7.71,8.01,0.74
2023-09-08 03:00:00,,4.04,4.59,14.43,0.6
2023-09-08 04:00:00,,4.06,0.47,29.23,0.34
2023-09-08 05:00:00,,4.04,0.47,35.01,0.37
2023-09-08 06:00:00,,4.03,0.47,38.66,0.37
2023-09-08 07:00:00,,4.05,5.01,30.25,0.33
2023-09-08 08:00:00,,4.03,8.91,20.18,0.46
2023-09-08 09:00:00,,4.07,11.13,18.07,0.54
2023-09-08 10:00:00,,4.09,11.56,15.06,0.45
2023-09-08 11:00:00,,4.19,11.55,13.88,0.54
2023-09-08 12:00:00,,4.24,12.03,20.02,0.54
2023-09-08 13:00:00,,4.29,11.87,27.65,0.57
2023-09-08 14:00:00,,4.43,5.42,46.05,0.47
2023-09-08 15:00:00,,5.0,3.51,45.62,0.44
2023-09-08 16:00:00,,4.58,3.0,37.13,0.38
2023-09-08 17:00:00,,4.32,6.54,30.03,0.48
2023-09-08 18:00:00,,4.52,5.18,23.07,0.4
2023-09-08 19:00:00,,4.45,5.08,18.67,0.39
2023-09-08 20:00:00,,4.29,3.65,15.68,0.44
2023-09-08 21:00:00,,4.15,0.97,22.44,0.28
2023-09-08 22:00:00,,4.07,0.47,24.1,0.19
2023-09-08 23:00:00,,4.08,0.47,26.2,0.05
2023-09-09 00:00:00,,4.07,0.47,27.55,0.05
2023-09-09 01:00:00,,4.04,0.47,31.54,0.1
2023-09-09 02:00:00,,4.06,0.47,33.86,0.11
2023-09-09 03:00:00,,4.09,0.47,31.83,0.1
2023-09-09 04:00:00,,4.23,0.47,30.46,0.05
2023-09-09 05:00:00,,4.11,0.47,29.17,0.05
2023-09-09 06:00:00,,4.15,0.47,27.67,0.15
2023-09-09 07:00:00,,4.07,0.47,28.71,0.12
2023-09-09 08:00:00,,4.07,2.84,23.85,0.17
2023-09-09 09:00:00,,4.1,3.22,22.19,0.18
2023-09-09 10:00:00,,4.13,2.59,23.04,0.22
2023-09-09 11:00:00,,4.08,1.32,26.57,0.19
2023-09-09 12:00:00,,4.06,2.28,24.65,0.25
2023-09-09 13:00:00,,4.07,1.51,28.62,0.19
2023-09-09 14:00:00,,4.06,1.71,27.41,0.26
2023-09-09 15:00:00,,4.06,1.28,31.1,0.27
2023-09-09 16:00:00,,4.05,0.47,36.02,0.2
2023-09-09 17:00:00,,4.05,0.47,35.91,0.21
2023-09-09 18:00:00,,4.04,0.47,30.48,0.15
2023-09-09 19:00:00,,4.11,2.78,24.77,0.3
2023-09-09 20:00:00,,4.1,5.54,21.44,0.51
2023-09-09 21:00:00,,4.07,5.42,19.77,0.52
2023-09-09 22:00:00,,4.04,5.38,20.0,0.66
2023-09-09 23:00:00,,4.08,2.81,23.07,0.41
2023-09-10 00:00:00,,4.09,1.75,23.35,0.27
2023-09-10 01:00:00,,4.08,1.5,24.07,0.2
2023-09-10 02:00:00,,4.06,0.47,21.3,0.27
2023-09-10 03:00:00,,4.1,0.47,19.83,0.17
2023-09-10 04:00:00,,4.05,0.47,24.47,0.05
2023-09-10 05:00:00,,4.05,0.47,18.51,0.15
2023-09-10 06:00:00,,4.09,0.47,17.86,0.05
2023-09-10 07:00:00,,4.05,1.05,17.16,0.17
2023-09-10 08:00:00,,4.05,0.47,19.75,0.13
2023-09-10 09:00:00,,4.17,0.47,23.54,0.16
2023-09-10 10:00:00,,4.06,0.47,29.22,0.19
2023-09-10 11:00:00,,4.12,1.7,28.13,0.3
2023-09-10 12:00:00,,4.38,1.36,33.91,0.49
2023-09-10 13:00:00,,4.34,0.47,35.36,0.49
2023-09-10 14:00:00,,4.43,0.47,35.27,0.68
2023-09-10 15:00:00,,4.29,0.47,40.25,0.7
2023-09-10 16:00:00,,4.24,0.47,40.93,0.38
2023-09-10 17:00:00,,4.29,1.0,38.61,0.34
2023-09-10 18:00:00,,4.2,1.81,34.42,0.37
2023-09-10 19:00:00,,4.23,5.83,24.21,0.54
2023-09-10 20:00:00,,4.28,10.05,14.14,0.79
2023-09-10 21:00:00,,4.43,7.87,13.31,0.69
2023-09-10 22:00:00,,4.3,11.34,5.79,0.89
2023-09-10 23:00:00,,4.29,7.99,5.54,0.62
2023-09-11 00:00:00,,4.29,8.17,4.64,0.79
2023-09-11 01:00:00,,4.29,4.84,4.42,0.46
2023-09-11 02:00:00,,4.26,5.17,3.26,0.52
2023-09-11 03:00:00,,4.29,4.0,2.44,0.43
2023-09-11 04:00:00,,4.28,2.1,2.06,0.5
2023-09-11 05:00:00,,4.26,1.8,0.98,0.46
2023-09-11 06:00:00,,4.07,3.0,0.98,0.57
2023-09-11 07:00:00,,4.22,5.45,0.98,0.7
2023-09-11 08:00:00,,4.77,13.02,2.44,1.64
2023-09-11 09:00:00,,4.36,15.62,3.59,1.33
2023-09-11 10:00:00,,4.31,10.14,15.81,0.72
2023-09-11 11:00:00,,4.34,4.79,39.27,0.53
2023-09-11 12:00:00,,4.36,7.76,57.24,0.64
2023-09-11 13:00:00,,4.26,10.4,61.71,0.69
2023-09-11 14:00:00,,4.19,5.7,68.91,0.53
2023-09-11 15:00:00,,4.14,4.76,72.07,0.56
2023-09-11 16:00:00,,4.14,5.0,69.65,0.47
2023-09-11 17:00:00,,4.24,8.56,57.65,0.67
2023-09-11 18:00:00,,4.37,26.25,29.17,1.4
2023-09-11 19:00:00,,4.52,39.81,9.52,2.11
2023-09-11 20:00:00,,4.26,30.96,16.55,1.37
2023-09-11 21:00:00,,4.29,29.48,12.58,1.91
2023-09-11 22:00:00,,4.38,27.63,15.33,1.44
2023-09-11 23:00:00,,4.26,16.67,27.46,1.4
2023-09-12 00:00:00,,4.47,2.98,50.77,0.21
2023-09-12 01:00:00,,4.33,0.47,52.05,0.05
2023-09-12 02:00:00,,4.43,0.47,49.08,0.32
2023-09-12 03:00:00,,4.36,0.47,47.63,0.42
2023-09-12 04:00:00,,4.32,0.47,44.91,0.53
2023-09-12 05:00:00,,4.29,0.47,33.44,0.43
2023-09-12 06:00:00,,4.3,3.09,26.72,0.56
2023-09-12 07:00:00,,4.29,16.89,9.2,0.83
2023-09-12 08:00:00,,4.3,14.69,12.62,0.93
2023-09-12 09:00:00,,4.3,10.43,24.87,0.75
2023-09-12 10:00:00,,4.29,7.29,30.76,0.61
2023-09-12 11:00:00,,4.27,2.9,33.88,0.49
2023-09-12 12:00:00,,4.26,3.15,26.45,0.39
2023-09-12 13:00:00,,4.31,7.03,22.71,0.43
2023-09-12 14:00:00,,4.28,9.8,18.51,0.62
2023-09-12 15:00:00,,4.34,7.42,18.17,0.57
2023-09-12 16:00:00,,4.31,6.43,16.46,0.58
2023-09-12 17:00:00,,4.29,6.85,16.74,0.6
2023-09-12 18:00:00,,4.3,6.57,18.97,0.53
2023-09-12 19:00:00,,4.26,4.59,26.9,0.5
2023-09-12 20:00:00,,4.07,2.05,34.98,0.34
2023-09-12 21:00:00,,4.14,0.47,38.54,0.32
2023-09-12 22:00:00,,4.28,0.47,39.55,0.32
2023-09-12 23:00:00,,4.27,0.47,40.85,0.33
2023-09-13 00:00:00,,4.08,0.47,42.53,0.26
2023-09-13 01:00:00,,4.16,0.47,42.88,0.17
2023-09-13 02:00:00,,4.07,0.47,42.53,0.11
2023-09-13 03:00:00,,4.11,0.47,40.26,0.12
2023-09-13 04:00:00,,4.11,0.47,38.38,0.12
2023-09-13 05:00:00,,4.12,0.47,40.61,0.15
2023-09-13 06:00:00,,4.15,0.47,42.8,0.16
2023-09-13 07:00:00,,4.09,1.37,40.41,0.26
2023-09-13 08:00:00,,4.05,3.0,37.53,0.33
2023-09-13 09:00:00,,4.29,4.53,34.59,0.32
2023-09-13 10:00:00,,4.17,4.39,37.83,0.32
2023-09-13 11:00:00,,4.22,2.1,41.99,0.28
2023-09-13 12:00:00,,4.51,3.0,39.6,0.34
2023-09-13 13:00:00,,4.88,3.8,35.85,0.39
2023-09-13 14:00:00,,4.74,2.37,39.48,0.33
2023-09-13 15:00:00,,4.8,2.41,39.91,0.31
2023-09-13 16:00:00,,4.84,3.84,35.22,0.37
2023-09-13 17:00:00,,4.78,7.7,29.94,0.47
2023-09-13 18:00:00,,4.36,9.46,27.53,0.72
2023-09-13 19:00:00,,4.32,7.5,34.24,0.54
2023-09-13 20:00:00,,4.45,2.05,43.58,0.35
2023-09-13 21:00:00,,4.36,2.62,42.35,0.35
2023-09-13 22:00:00,,4.13,5.65,38.31,0.31
2023-09-13 23:00:00,,4.08,4.2,39.5,0.23
2023-09-14 00:00:00,,4.28,0.47,42.63,0.24
2023-09-14 01:00:00,,4.11,0.47,43.92,0.16
2023-09-14 02:00:00,,4.5,0.47,45.44,0.05
2023-09-14 03:00:00,,4.06,0.47,50.12,0.05
2023-09-14 04:00:00,,4.08,0.47,47.85,0.05
2023-09-14 05:00:00,,4.06,2.44,40.17,0.05
2023-09-14 06:00:00,,4.13,1.4,39.15,0.11
2023-09-14 07:00:00,,4.52,7.26,26.81,0.23
2023-09-14 08:00:00,,4.37,7.18,28.79,0.3
2023-09-14 09:00:00,,4.39,7.38,29.93,0.35
2023-09-14 10:00:00,,4.71,5.52,33.71,0.17
2023-09-14 11:00:00,,4.5,3.83,35.86,0.15
2023-09-14 12:00:00,,4.62,2.79,39.49,0.17
2023-09-14 13:00:00,,4.51,2.47,40.22,0.12
2023-09-14 14:00:00,,4.76,1.33,44.63,0.05
2023-09-14 15:00:00,,4.34,1.46,43.55,0.05
2023-09-14 16:00:00,,4.06,1.81,42.13,0.05
2023-09-14 17:00:00,,4.05,1.81,38.65,0.05
2023-09-14 18:00:00,,4.06,9.54,23.62,0.51
2023-09-14 19:00:00,,4.52,19.66,4.51,1.13
2023-09-14 20:00:00,,4.38,19.66,3.26,1.22
2023-09-14 21:00:00,,4.38,19.82,2.66,1.59
2023-09-14 22:00:00,,4.46,17.09,2.44,1.32
2023-09-14 23:00:00,,4.32,8.71,3.28,0.68
2023-09-15 00:00:00,,4.3,8.58,2.53,0.73
2023-09-15 01:00:00,,4.33,5.71,0.98,0.6
2023-09-15 02:00:00,,4.33,5.44,0.98,0.75
2023-09-15 03:00:00,,4.07,5.63,3.25,0.62
2023-09-15 04:00:00,,4.08,5.82,5.42,0.29
2023-09-15 05:00:00,,4.09,3.42,5.89,0.38
2023-09-15 06:00:00,,4.13,5.84,2.23,0.66
2023-09-15 07:00:00,,4.67,9.59,0.98,0.92
2023-09-15 08:00:00,,4.36,8.03,4.38,1.09
2023-09-15 09:00:00,,4.4,8.37,7.0,0.98
2023-09-15 10:00:00,,4.15,5.78,19.63,0.63
2023-09-15 11:00:00,,4.3,4.88,29.04,0.41
2023-09-15 12:00:00,,6.94,6.46,34.63,0.37
2023-09-15 13:00:00,,16.59,5.59,38.02,0.46
2023-09-15 14:00:00,,12.89,7.66,44.23,0.37
2023-09-15 15:00:00,,5.89,4.39,50.96,0.22
2023-09-15 16:00:00,,4.47,2.11,57.2,0.27
2023-09-15 17:00:00,,4.3,3.08,57.75,0.24
2023-09-15 18:00:00,,4.31,4.0,53.3,0.33
2023-09-15 19:00:00,,4.36,26.73,19.46,1.23
2023-09-15 20:00:00,,4.42,20.83,23.26,1.08
2023-09-15 21:00:00,,4.33,19.02,10.07,1.26
2023-09-15 22:00:00,,4.36,20.51,4.6,1.97
2023-09-15 23:00:00,,4.45,15.66,3.07,2.01
2023-09-16 00:00:00,,4.56,11.72,2.17,1.24
2023-09-16 01:00:00,,4.43,8.76,2.26,1.31
2023-09-16 02:00:00,,4.36,6.85,2.16,1.32
2023-09-16 03:00:00,,4.35,5.03,0.98,0.71
2023-09-16 04:00:00,,4.44,4.02,0.98,0.56
2023-09-16 05:00:00,,4.05,3.56,0.98,0.3
2023-09-16 06:00:00,,4.16,2.57,0.98,0.7
2023-09-16 07:00:00,,4.37,3.24,0.98,0.97
2023-09-16 08:00:00,,4.55,9.51,3.66,1.73
2023-09-16 09:00:00,,5.58,30.64,17.66,0.89
2023-09-16 10:00:00,,10.11,16.83,28.02,0.45
2023-09-16 11:00:00,,8.63,7.53,35.3,0.3
2023-09-16 12:00:00,,21.22,5.57,43.36,0.24
2023-09-16 13:00:00,,25.24,5.65,47.52,0.31
2023-09-16 14:00:00,,43.83,6.36,52.05,0.33
2023-09-16 15:00:00,,23.74,6.12,55.27,0.28
2023-09-16 16:00:00,,29.57,11.41,50.38,0.26
2023-09-16 17:00:00,,9.27,2.18,60.91,0.05
2023-09-16 18:00:00,,19.14,9.72,43.85,0.39
2023-09-16 19:00:00,,12.89,27.93,5.39,2.58
2023-09-16 20:00:00,,7.84,28.91,4.92,2.24
2023-09-16 21:00:00,,6.2,18.17,7.92,1.26
2023-09-16 22:00:00,,5.58,16.23,3.92,2.35
2023-09-16 23:00:00,,5.13,13.39,2.79,2.05
2023-09-17 00:00:00,,5.09,8.16,2.76,2.42
2023-09-17 01:00:00,,4.85,9.42,2.63,2.3
2023-09-17 02:00:00,,4.86,7.81,2.51,1.58
2023-09-17 03:00:00,,4.54,5.45,2.08,1.24
2023-09-17 04:00:00,,4.61,4.22,2.19,1.31
2023-09-17 05:00:00,,4.45,4.4,2.51,0.74
2023-09-17 06:00:00,,4.29,3.67,2.84,0.35
2023-09-17 07:00:00,,4.36,3.33,2.05,0.64
2023-09-17 08:00:00,,4.24,4.22,4.75,0.32
2023-09-17 09:00:00,,4.24,6.98,13.26,0.46
2023-09-17 10:00:00,,4.38,6.26,37.25,0.34
2023-09-17 11:00:00,,4.49,4.25,55.68,0.34
2023-09-17 12:00:00,,4.52,4.86,64.6,0.47
2023-09-17 13:00:00,,4.44,5.21,73.76,0.52
2023-09-17 14:00:00,,5.3,5.02,67.97,0.54
2023-09-17 15:00:00,,24.36,7.42,64.16,0.31
2023-09-17 16:00:00,,21.58,7.7,63.68,0.36
2023-09-17 17:00:00,,14.71,4.83,61.21,0.23
2023-09-17 18:00:00,,5.63,3.65,51.2,0.18
2023-09-17 19:00:00,,5.12,8.88,42.77,0.38
2023-09-17 20:00:00,,4.61,19.85,19.45,1.1
2023-09-17 21:00:00,,4.55,22.8,5.93,1.53
2023-09-17 22:00:00,,4.67,18.89,3.83,2.14
2023-09-17 23:00:00,,4.55,14.46,3.33,2.37
2023-09-18 00:00:00,,4.51,11.8,3.02,1.5
2023-09-18 01:00:00,,4.54,6.91,2.95,1.64
2023-09-18 02:00:00,,4.5,8.32,2.87,1.7
2023-09-18 03:00:00,,4.53,7.22,2.83,1.34
2023-09-18 04:00:00,,4.52,5.35,20.36,0.71
2023-09-18 05:00:00,,4.5,3.77,25.6,0.28
2023-09-18 06:00:00,,4.64,13.41,3.45,0.62
2023-09-18 07:00:00,,4.99,22.82,11.44,0.52
2023-09-18 08:00:00,,4.6,22.28,20.68,0.95
2023-09-18 09:00:00,,5.08,19.22,31.6,0.41
2023-09-18 10:00:00,,5.44,3.78,51.3,0.05
2023-09-18 11:00:00,,5.02,1.28,57.82,0.05
2023-09-18 12:00:00,,4.49,0.47,62.68,0.05
2023-09-18 13:00:00,,4.54,0.47,67.08,0.05
2023-09-18 14:00:00,,4.53,1.91,65.65,0.05
2023-09-18 15:00:00,,4.41,3.52,53.9,0.05
2023-09-18 16:00:00,,4.48,7.81,41.87,0.14
2023-09-18 17:00:00,,4.49,6.91,38.73,0.11
2023-09-18 18:00:00,,4.52,12.69,29.82,0.22
2023-09-18 19:00:00,,4.47,4.82,45.37,0.05
2023-09-18 20:00:00,,4.61,2.51,54.43,0.05
2023-09-18 21:00:00,,4.36,2.93,56.79,0.05
2023-09-18 22:00:00,,4.28,2.32,48.07,0.05
2023-09-18 23:00:00,,4.29,1.99,52.52,0.26
2023-09-19 00:00:00,,4.31,0.47,55.11,0.3
2023-09-19 01:00:00,,4.25,1.83,38.8,0.26
2023-09-19 02:00:00,,4.29,2.43,29.48,0.33
2023-09-19 03:00:00,,4.3,4.82,21.06,0.39
2023-09-19 04:00:00,,4.31,0.47,40.41,0.21
2023-09-19 05:00:00,,4.32,0.47,51.67,0.18
2023-09-19 06:00:00,,4.24,0.47,47.11,0.31
2023-09-19 07:00:00,,4.28,3.97,41.57,0.33
2023-09-19 08:00:00,,4.17,5.57,42.42,0.35
2023-09-19 09:00:00,,4.25,4.74,45.41,0.32
2023-09-19 10:00:00,,4.55,5.07,42.01,0.31
2023-09-19 11:00:00,,4.23,2.74,35.15,0.84
2023-09-19 12:00:00,,54.42,4.49,72.65,0.52
2023-09-19 13:00:00,,3.38,5.42,18.87,0.62
2023-09-19 14:00:00,,3.52,4.71,19.86,0.65
2023-09-19 15:00:00,,3.66,4.18,23.13,0.63
2023-09-19 16:00:00,,3.51,3.84,29.09,0.6
2023-09-19 17:00:00,,3.7,4.64,33.35,0.66
2023-09-19 18:00:00,,3.74,13.67,24.06,0.86
2023-09-19 19:00:00,,3.68,10.13,16.57,0.88
2023-09-19 20:00:00,,3.79,16.23,6.91,1.48
2023-09-19 21:00:00,,3.83,15.3,5.29,1.59
2023-09-19 22:00:00,,3.71,8.42,10.84,0.91
2023-09-19 23:00:00,,3.58,4.45,14.67,0.79
2023-09-20 00:00:00,,3.4,1.21,19.77,0.6
2023-09-20 01:00:00,,3.35,1.29,19.36,0.52
2023-09-20 02:00:00,,3.49,1.09,15.21,0.47
2023-09-20 03:00:00,,3.4,2.35,7.65,0.65
2023-09-20 04:00:00,,3.38,1.44,6.77,0.59
2023-09-20 05:00:00,,3.4,0.47,11.52,0.5
2023-09-20 06:00:00,,3.41,0.47,14.88,0.6
2023-09-20 07:00:00,,3.37,0.47,14.15,0.49
2023-09-20 08:00:00,,3.32,1.55,13.24,0.56
2023-09-20 09:00:00,,3.38,1.96,14.02,0.64
2023-09-20 10:00:00,,3.38,1.57,16.16,0.6
2023-09-20 11:00:00,,5.0,2.61,21.24,0.63
2023-09-20 12:00:00,,8.86,2.16,38.27,0.65
2023-09-20 13:00:00,,5.75,2.01,58.31,0.73
2023-09-20 14:00:00,,4.9,0.47,56.62,0.78
2023-09-20 15:00:00,,4.14,0.47,56.97,0.84
2023-09-20 16:00:00,,3.86,0.47,58.14,0.64
2023-09-20 17:00:00,,3.71,0.47,57.82,0.62
2023-09-20 18:00:00,,3.74,0.97,53.85,0.53
2023-09-20 19:00:00,,3.67,1.98,45.02,0.52
2023-09-20 20:00:00,,3.7,2.68,41.94,0.54
2023-09-20 21:00:00,,3.7,2.06,35.97,0.52
2023-09-20 22:00:00,,3.72,2.63,31.21,0.53
2023-09-20 23:00:00,,3.74,1.18,32.53,0.5
2023-09-21 00:00:00,,3.96,1.36,31.01,0.46
2023-09-21 01:00:00,,3.61,0.47,29.99,0.37
2023-09-21 02:00:00,,3.47,0.47,29.38,0.45
2023-09-21 03:00:00,,3.7,0.47,25.24,0.45
2023-09-21 04:00:00,,3.76,0.47,24.15,0.45
2023-09-21 05:00:00,,3.72,0.47,22.83,0.46
2023-09-21 06:00:00,,3.67,2.79,17.04,0.59
2023-09-21 07:00:00,,3.69,7.21,8.78,0.8
2023-09-21 08:00:00,,3.62,7.29,6.7,1
2023-09-21 09:00:00,,3.72,6.93,9.26,0.97
2023-09-21 10:00:00,,3.96,8.42,9.81,0.93
2023-09-21 11:00:00,,3.75,5.48,13.29,0.71
2023-09-21 12:00:00,,3.96,20.87,11.28,1.16
2023-09-21 13:00:00,,3.98,24.72,25.47,1.23
2023-09-21 14:00:00,,6.05,26.47,54.54,1.13
2023-09-21 15:00:00,,7.11,4.65,49.95,0.69
2023-09-21 16:00:00,,5.67,1.17,46.03,0.57
2023-09-21 17:00:00,,4.91,1.46,48.84,0.55
2023-09-21 18:00:00,,4.08,3.23,43.94,0.53
2023-09-21 19:00:00,,3.84,6.83,42.04,0.66
2023-09-21 20:00:00,,3.77,13.62,31.76,0.96
2023-09-21 21:00:00,,3.74,6.1,41.24,0.87
2023-09-21 22:00:00,,3.73,7.35,40.67,0.83
2023-09-21 23:00:00,,3.73,7.9,39.2,0.71
2023-09-22 00:00:00,,3.82,8.85,29.75,0.88
2023-09-22 01:00:00,,3.88,6.31,18.88,0.68
2023-09-22 02:00:00,,4.12,6.96,17.54,0.76
2023-09-22 03:00:00,,4.29,6.58,16.91,0.72
2023-09-22 04:00:00,,3.82,1.8,27.06,0.46
2023-09-22 05:00:00,,3.75,0.47,32.95,0.35
2023-09-22 06:00:00,,3.71,0.47,46.44,0.37
2023-09-22 07:00:00,,3.72,4.6,46.61,0.43
2023-09-22 08:00:00,,3.77,10.04,34.22,0.64
2023-09-22 09:00:00,,3.88,8.34,28.49,0.73
2023-09-22 10:00:00,,3.69,5.43,29.63,0.51
2023-09-22 11:00:00,,3.75,8.49,25.07,0.81
2023-09-22 12:00:00,,3.62,9.42,31.91,0.62
2023-09-22 13:00:00,,4.69,16.0,46.0,0.66
2023-09-22 14:00:00,,7.3,9.93,43.64,0.51
2023-09-22 15:00:00,,6.12,10.18,46.1,0.59
2023-09-22 16:00:00,,5.03,6.99,31.55,0.5
2023-09-22 17:00:00,,4.98,10.5,31.18,0.64
2023-09-22 18:00:00,,4.78,10.26,19.04,0.71
2023-09-22 19:00:00,,4.55,7.0,19.42,0.63
2023-09-22 20:00:00,,4.55,4.66,25.04,0.44
2023-09-22 21:00:00,,3.9,1.84,28.68,0.35
2023-09-22 22:00:00,,3.46,0.47,29.29,0.24
2023-09-22 23:00:00,,3.45,0.47,33.83,0.21
2023-09-23 00:00:00,,3.42,0.47,30.17,0.31
2023-09-23 01:00:00,,3.47,0.47,28.29,0.32
2023-09-23 02:00:00,,3.5,0.47,30.45,0.32
2023-09-23 03:00:00,,3.44,0.47,26.81,0.31
2023-09-23 04:00:00,,3.48,0.47,28.4,0.33
2023-09-23 05:00:00,,3.42,0.47,28.71,0.36
2023-09-23 06:00:00,,3.52,0.47,32.26,0.41
2023-09-23 07:00:00,,3.41,0.47,33.09,0.44
2023-09-23 08:00:00,,3.39,1.7,33.5,0.57
2023-09-23 09:00:00,,3.5,2.66,29.01,0.56
2023-09-23 10:00:00,,3.7,2.54,26.48,0.58
2023-09-23 11:00:00,,3.74,4.28,35.33,0.57
2023-09-23 12:00:00,,3.64,6.52,32.25,0.65
2023-09-23 13:00:00,,3.64,2.91,44.77,0.58
2023-09-23 14:00:00,,3.7,3.9,45.97,0.7
2023-09-23 15:00:00,,3.63,1.99,54.56,0.64
2023-09-23 16:00:00,,3.72,2.84,47.9,0.59
2023-09-23 17:00:00,,3.77,5.39,44.23,0.85
2023-09-23 18:00:00,,3.73,6.16,36.86,0.97
2023-09-23 19:00:00,,3.7,11.3,21.59,1.07
2023-09-23 20:00:00,,3.76,8.51,17.98,1.04
2023-09-23 21:00:00,,3.64,6.2,18.12,1.04
2023-09-23 22:00:00,,3.75,6.45,12.13,1.36
2023-09-23 23:00:00,,3.75,8.64,4.22,1.86
2023-09-24 00:00:00,,3.68,7.28,4.02,1.45
2023-09-24 01:00:00,,3.76,5.81,2.01,1.73
2023-09-24 02:00:00,,3.76,4.61,0.98,1.62
2023-09-24 03:00:00,,3.74,3.9,0.98,1.23
2023-09-24 04:00:00,,3.69,3.27,0.98,1.19
2023-09-24 05:00:00,,3.67,3.15,0.98,1.46
2023-09-24 06:00:00,,3.58,4.77,0.98,1.04
2023-09-24 07:00:00,,3.73,2.97,5.3,0.74
2023-09-24 08:00:00,,3.66,1.63,12.06,0.38
2023-09-24 09:00:00,,3.66,0.47,22.15,0.3
2023-09-24 10:00:00,,3.69,1.51,22.83,0.28
2023-09-24 11:00:00,,3.67,2.31,26.69,0.27
2023-09-24 12:00:00,,3.56,5.55,25.17,0.64
2023-09-24 13:00:00,,3.65,3.62,32.61,0.72
2023-09-24 14:00:00,,3.68,4.91,30.07,0.8
2023-09-24 15:00:00,,3.69,1.22,39.11,0.46
2023-09-24 16:00:00,,3.55,0.47,36.78,0.3
2023-09-24 17:00:00,,3.51,0.47,34.06,0.18
2023-09-24 18:00:00,,3.46,0.47,30.85,0.13
2023-09-24 19:00:00,,3.51,0.47,31.05,0.13
2023-09-24 20:00:00,,3.41,1.19,26.78,0.12
2023-09-24 21:00:00,,3.45,0.47,27.63,0.13
2023-09-24 22:00:00,,3.45,0.47,27.96,0.05
2023-09-24 23:00:00,,3.45,0.47,30.72,0.05
2023-09-25 00:00:00,,3.45,0.47,32.94,0.05
2023-09-25 01:00:00,,3.46,0.47,32.95,0.05
2023-09-25 02:00:00,,3.37,0.47,33.89,0.28
2023-09-25 03:00:00,,3.43,0.47,33.62,0.23
2023-09-25 04:00:00,,3.38,0.47,33.78,0.22
2023-09-25 05:00:00,,3.41,0.47,31.48,0.27
2023-09-25 06:00:00,,3.45,0.47,29.43,0.31
2023-09-25 07:00:00,,3.47,1.69,29.75,0.39
2023-09-25 08:00:00,,3.42,5.75,24.78,0.51
2023-09-25 09:00:00,,3.61,2.02,31.77,0.42
2023-09-25 10:00:00,,3.86,3.85,27.0,0.4
2023-09-25 11:00:00,,3.53,3.22,29.26,0.4
2023-09-25 12:00:00,,3.44,2.13,32.79,0.38
2023-09-25 13:00:00,,3.36,2.09,30.64,0.31
2023-09-25 14:00:00,,3.36,2.03,30.85,0.34
2023-09-25 15:00:00,,3.37,1.79,33.55,0.38
2023-09-25 16:00:00,,3.43,1.99,32.69,0.41
2023-09-25 17:00:00,,3.28,2.06,31.11,0.4
2023-09-25 18:00:00,,4.19,3.53,30.72,0.5
2023-09-25 19:00:00,,3.93,4.94,27.38,0.5
2023-09-25 20:00:00,,3.75,2.81,32.0,0.46
2023-09-25 21:00:00,,3.69,1.58,32.98,0.4
2023-09-25 22:00:00,,3.3,0.47,35.08,0.36
2023-09-25 23:00:00,,3.49,0.47,38.3,0.35
2023-09-26 00:00:00,,3.46,0.47,38.48,0.34
2023-09-26 01:00:00,,3.88,0.47,40.73,0.24
2023-09-26 02:00:00,,3.67,0.47,41.04,0.36
2023-09-26 03:00:00,,3.45,0.47,41.24,0.31
2023-09-26 04:00:00,,3.4,0.47,42.37,0.35
2023-09-26 05:00:00,,3.45,0.47,42.39,0.41
2023-09-26 06:00:00,,3.59,0.47,43.15,0.41
2023-09-26 07:00:00,,3.42,0.47,43.8,0.4
2023-09-26 08:00:00,,3.49,3.23,41.32,0.53
2023-09-26 09:00:00,,4.02,3.09,39.99,0.57
2023-09-26 10:00:00,,4.02,1.93,41.88,0.46
2023-09-26 11:00:00,,4.27,1.86,40.85,0.47
2023-09-26 12:00:00,,4.16,3.82,37.52,0.52
2023-09-26 13:00:00,,4.14,1.84,41.16,0.47
2023-09-26 14:00:00,,4.31,1.86,40.49,0.46
2023-09-26 15:00:00,,3.79,1.03,40.85,0.48
2023-09-26 16:00:00,,3.7,1.04,39.29,0.49
2023-09-26 17:00:00,,3.48,1.5,38.15,0.5
2023-09-26 18:00:00,,3.19,1.95,37.19,0.56
2023-09-26 19:00:00,,3.46,2.46,36.63,0.64
2023-09-26 20:00:00,,3.45,2.17,36.72,0.58
2023-09-26 21:00:00,,3.48,1.07,38.38,0.53
2023-09-26 22:00:00,,3.47,1.54,37.3,0.52
2023-09-26 23:00:00,,3.41,1.66,30.83,0.88
2023-09-27 00:00:00,,3.41,0.47,38.48,0.47
2023-09-27 01:00:00,,3.45,0.47,37.52,0.39
2023-09-27 02:00:00,,3.45,0.47,35.94,0.29
2023-09-27 03:00:00,,3.43,0.47,35.72,0.28
2023-09-27 04:00:00,,3.4,0.47,39.7,0.23
2023-09-27 05:00:00,,3.43,0.47,42.49,0.25
2023-09-27 06:00:00,,3.41,0.47,45.73,0.17
2023-09-27 07:00:00,,3.4,0.47,47.54,0.19
2023-09-27 08:00:00,,4.16,2.49,40.81,0.28
2023-09-27 09:00:00,,4.14,2.01,42.64,0.25
2023-09-27 10:00:00,,4.37,1.2,45.48,0.24
2023-09-27 11:00:00,,4.33,1.15,45.87,0.23
2023-09-27 12:00:00,,4.2,1.28,41.33,0.35
2023-09-27 13:00:00,,3.85,0.47,41.14,0.19
2023-09-27 14:00:00,,3.89,1.34,40.63,0.22
2023-09-27 15:00:00,,3.45,1.6,37.83,0.22
2023-09-27 16:00:00,,3.4,2.08,36.9,0.23
2023-09-27 17:00:00,,3.49,1.57,40.48,0.23
2023-09-27 18:00:00,,3.57,2.2,39.21,0.27
2023-09-27 19:00:00,,3.77,4.35,35.64,0.4
2023-09-27 20:00:00,,3.73,7.48,29.23,0.62
2023-09-27 21:00:00,,3.52,3.69,32.96,0.45
2023-09-27 22:00:00,,3.47,3.85,29.25,0.33
2023-09-27 23:00:00,,3.43,5.92,20.17,0.49
2023-09-28 00:00:00,,3.4,9.05,5.54,0.95
2023-09-28 01:00:00,,3.45,8.89,0.98,1.03
2023-09-28 02:00:00,,3.39,6.18,0.98,0.66
2023-09-28 03:00:00,,3.43,5.15,0.98,0.55
2023-09-28 04:00:00,,3.36,5.57,4.24,0.61
2023-09-28 05:00:00,,3.39,5.57,4.25,0.6
2023-09-28 06:00:00,,3.33,7.74,2.33,0.87
2023-09-28 07:00:00,,3.69,11.76,0.98,1.35
2023-09-28 08:00:00,,4.77,13.91,6.1,1.18
2023-09-28 09:00:00,,5.79,14.43,9.51,0.93
2023-09-28 10:00:00,,4.32,9.48,20.69,0.71
2023-09-28 11:00:00,,3.57,5.66,34.43,0.46
2023-09-28 12:00:00,,3.5,0.97,48.32,0.24
2023-09-28 13:00:00,,3.5,1.39,50.61,0.32
2023-09-28 14:00:00,,3.6,2.19,51.71,0.29
2023-09-28 15:00:00,,3.65,0.47,54.24,0.21
2023-09-28 16:00:00,,3.65,0.47,53.17,0.26
2023-09-28 17:00:00,,3.62,0.47,51.53,0.23
2023-09-28 18:00:00,,3.5,2.06,46.87,0.26
2023-09-28 19:00:00,,3.61,2.2,43.33,0.31
2023-09-28 20:00:00,,3.69,1.69,41.4,0.33
2023-09-28 21:00:00,,3.49,2.45,38.17,0.29
2023-09-28 22:00:00,,3.5,2.39,34.99,0.28
2023-09-28 23:00:00,,3.41,4.86,28.42,0.39
2023-09-29 00:00:00,,3.46,4.49,25.41,0.38
2023-09-29 01:00:00,,3.56,1.9,26.68,0.27
2023-09-29 02:00:00,,3.48,1.47,28.24,0.29
2023-09-29 03:00:00,,3.73,1.51,20.26,0.42
2023-09-29 04:00:00,,3.45,2.0,11.78,0.33
2023-09-29 05:00:00,,3.45,2.72,9.07,0.32
2023-09-29 06:00:00,,3.39,6.7,6.01,0.46
2023-09-29 07:00:00,,3.42,11.52,2.64,0.8
2023-09-29 08:00:00,,3.94,16.39,5.09,1.47
2023-09-29 09:00:00,,4.23,9.73,21.49,0.79
2023-09-29 10:00:00,,4.03,4.05,33.43,0.43
2023-09-29 11:00:00,,3.75,2.85,37.76,0.34
2023-09-29 12:00:00,,3.7,2.47,40.51,0.39
2023-09-29 13:00:00,,4.05,3.46,45.0,0.38
2023-09-29 14:00:00,,3.92,2.3,50.7,0.44
2023-09-29 15:00:00,,3.93,2.15,53.34,0.33
2023-09-29 16:00:00,,3.94,4.76,54.93,0.27
2023-09-29 17:00:00,,3.9,2.54,48.31,0.31
2023-09-29 18:00:00,,3.83,5.06,39.87,0.44
2023-09-29 19:00:00,,3.94,10.19,24.64,0.65
2023-09-29 20:00:00,,3.78,10.15,19.88,0.68
2023-09-29 21:00:00,,3.71,10.61,13.89,0.81
2023-09-29 22:00:00,,3.73,9.28,11.71,0.9
2023-09-29 23:00:00,,3.74,8.2,7.71,1.05
2023-09-30 00:00:00,,3.73,8.85,5.74,0.99
2023-09-30 01:00:00,,3.69,7.6,5.02,0.84
2023-09-30 02:00:00,,3.74,7.21,2.56,1.19
2023-09-30 03:00:00,,3.64,11.7,2.02,0.76
2023-09-30 04:00:00,,3.81,10.53,2.21,0.74
2023-09-30 05:00:00,,3.62,6.69,2.96,0.55
2023-09-30 06:00:00,,3.65,4.4,0.98,0.75
2023-09-30 07:00:00,,3.9,4.55,0.98,1.11
2023-09-30 08:00:00,,3.76,7.74,2.83,1.04
2023-09-30 09:00:00,,3.75,6.62,14.03,0.71
2023-09-30 10:00:00,,3.74,1.43,26.35,0.33
2023-09-30 11:00:00,,3.77,0.95,36.21,0.21
2023-09-30 12:00:00,,3.65,0.47,39.45,0.26
2023-09-30 13:00:00,,3.74,1.21,41.09,0.19
2023-09-30 14:00:00,,3.73,0.47,40.2,0.25
2023-09-30 15:00:00,,3.67,0.47,40.02,0.25
2023-09-30 16:00:00,,3.74,0.47,41.42,0.25
2023-09-30 17:00:00,,3.71,1.16,39.98,0.24
2023-09-30 18:00:00,,3.77,0.97,40.18,0.22
2023-09-30 19:00:00,,3.75,2.02,37.59,0.38
2023-09-30 20:00:00,,3.7,1.67,39.06,0.5
2023-09-30 21:00:00,,3.66,3.12,34.64,0.44
2023-09-30 22:00:00,,3.6,2.47,34.65,0.45
2023-09-30 23:00:00,,3.73,1.98,32.64,0.57
2023-10-01 00:00:00,,3.62,0.47,33.13,0.34
2023-10-01 01:00:00,,3.88,0.47,35.67,0.22
2023-10-01 02:00:00,,4.58,0.47,38.21,0.26
2023-10-01 03:00:00,,4.46,0.47,36.78,0.25
2023-10-01 04:00:00,,4.36,0.47,39.93,0.22
2023-10-01 05:00:00,,4.48,0.47,39.72,0.24
2023-10-01 06:00:00,,4.61,0.47,38.76,0.21
2023-10-01 07:00:00,,4.41,0.47,37.05,0.19
2023-10-01 08:00:00,,4.26,0.47,37.34,0.2
2023-10-01 09:00:00,,4.37,0.47,39.74,0.31
2023-10-01 10:00:00,,4.47,0.47,39.2,0.28
2023-10-01 11:00:00,,4.59,1.81,37.12,0.63
2023-10-01 12:00:00,,3.94,2.53,35.74,1.55
2023-10-01 13:00:00,,3.7,1.94,43.45,0.74
2023-10-01 14:00:00,,3.58,1.61,52.14,0.53
2023-10-01 15:00:00,,3.65,0.47,52.37,0.4
2023-10-01 16:00:00,,3.54,1.56,51.05,0.41
2023-10-01 17:00:00,,3.52,0.47,52.33,0.41
2023-10-01 18:00:00,,3.53,0.47,42.15,0.34
2023-10-01 19:00:00,,3.38,1.97,35.79,0.37
2023-10-01 20:00:00,,3.28,2.45,37.01,0.43
2023-10-01 21:00:00,,3.41,2.28,35.9,0.4
2023-10-01 22:00:00,,4.13,4.02,31.74,0.44
2023-10-01 23:00:00,,3.97,4.59,28.65,0.45
2023-10-02 00:00:00,,3.44,2.9,27.1,0.33
2023-10-02 01:00:00,,3.38,2.87,23.32,0.38
2023-10-02 02:00:00,,3.29,1.44,16.65,0.37
2023-10-02 03:00:00,,3.44,0.47,14.18,0.36
2023-10-02 04:00:00,,3.9,0.47,13.15,0.29
2023-10-02 05:00:00,,3.5,1.02,8.88,0.31
2023-10-02 06:00:00,,3.53,4.87,3.91,0.78
2023-10-02 07:00:00,,3.79,10.97,2.14,1.25
2023-10-02 08:00:00,,3.78,13.63,5.32,1.37
2023-10-02 09:00:00,,3.7,11.15,24.97,0.81
2023-10-02 10:00:00,,4.26,9.41,33.28,0.53
2023-10-02 11:00:00,,4.37,2.39,40.96,0.34
2023-10-02 12:00:00,,3.71,1.29,43.76,0.31
2023-10-02 13:00:00,,3.68,2.2,47.9,0.4
2023-10-02 14:00:00,,3.74,2.93,47.55,0.36
2023-10-02 15:00:00,,3.93,0.47,47.14,0.27
2023-10-02 16:00:00,,3.83,0.47,48.98,0.28
2023-10-02 17:00:00,,3.63,0.47,46.84,0.27
2023-10-02 18:00:00,,3.55,1.82,44.55,0.37
2023-10-02 19:00:00,,3.66,3.0,38.18,0.33
2023-10-02 20:00:00,,3.73,5.13,32.97,0.39
2023-10-02 21:00:00,,3.76,3.24,35.88,0.38
2023-10-02 22:00:00,,3.75,3.33,32.57,0.42
2023-10-02 23:00:00,,3.74,4.08,28.15,0.43
2023-10-03 00:00:00,,3.75,7.03,19.33,0.5
2023-10-03 01:00:00,,3.7,3.16,22.6,0.36
2023-10-03 02:00:00,,3.71,2.9,18.87,0.38
2023-10-03 03:00:00,,3.72,1.33,16.35,0.38
2023-10-03 04:00:00,,3.71,2.07,10.76,0.31
2023-10-03 05:00:00,,3.73,4.94,4.33,0.5
2023-10-03 06:00:00,,4.17,4.46,3.22,0.48
2023-10-03 07:00:00,,4.15,8.99,3.3,1.14
2023-10-03 08:00:00,,3.9,12.91,7.75,1.37
2023-10-03 09:00:00,,4.56,7.58,17.84,0.71
2023-10-03 10:00:00,,3.84,4.06,25.42,0.55
2023-10-03 11:00:00,,3.74,3.26,31.01,0.47
2023-10-03 12:00:00,,3.72,3.63,39.7,0.55
2023-10-03 13:00:00,,3.77,3.55,49.25,0.5
2023-10-03 14:00:00,,4.06,3.17,54.16,0.49
2023-10-03 15:00:00,,3.91,3.11,56.28,0.46
2023-10-03 16:00:00,,3.54,2.42,50.41,0.38
2023-10-03 17:00:00,,3.76,3.57,43.72,0.38
2023-10-03 18:00:00,,4.22,5.24,40.17,0.39
2023-10-03 19:00:00,,4.01,9.98,30.56,0.61
2023-10-03 20:00:00,,3.85,9.32,26.21,0.75
2023-10-03 21:00:00,,3.7,7.46,23.37,0.64
2023-10-03 22:00:00,,3.72,8.9,18.83,0.58
2023-10-03 23:00:00,,3.72,5.02,25.01,0.57
2023-10-04 00:00:00,,3.71,3.45,26.98,0.57
2023-10-04 01:00:00,,3.7,1.59,24.97,0.4
2023-10-04 02:00:00,,3.56,0.47,35.01,0.34
2023-10-04 03:00:00,,3.72,0.47,38.22,0.3
2023-10-04 04:00:00,,3.55,0.47,41.66,0.34
2023-10-04 05:00:00,,3.45,0.47,40.9,0.36
2023-10-04 06:00:00,,3.54,2.22,31.66,0.45
2023-10-04 07:00:00,,3.73,15.22,11.08,0.71
2023-10-04 08:00:00,,3.73,16.55,8.15,0.85
2023-10-04 09:00:00,,3.74,16.71,14.29,0.73
2023-10-04 10:00:00,,3.66,8.73,21.63,0.75
2023-10-04 11:00:00,,3.7,8.03,23.94,0.52
2023-10-04 12:00:00,,3.82,4.58,24.51,0.51
2023-10-04 13:00:00,,5.9,8.9,30.74,0.66
2023-10-04 14:00:00,,6.14,3.31,33.3,0.53
2023-10-04 15:00:00,,5.15,1.8,34.08,0.52
2023-10-04 16:00:00,,4.79,2.16,31.39,0.41
2023-10-04 17:00:00,,4.15,4.85,22.82,0.53
2023-10-04 18:00:00,,3.8,9.08,17.83,0.63
2023-10-04 19:00:00,,3.77,9.59,19.85,0.75
2023-10-04 20:00:00,,3.75,9.73,18.66,0.72
2023-10-04 21:00:00,,3.78,11.62,12.48,0.69
2023-10-04 22:00:00,,3.79,9.0,14.75,0.61
2023-10-04 23:00:00,,3.79,7.65,13.61,0.74
2023-10-05 00:00:00,,3.74,5.52,14.19,0.76
2023-10-05 01:00:00,,3.75,2.7,22.77,0.51
2023-10-05 02:00:00,,3.76,0.47,30.78,0.43
2023-10-05 03:00:00,,3.75,0.47,32.75,0.41
2023-10-05 04:00:00,,3.9,0.47,31.1,0.34
2023-10-05 05:00:00,,3.9,0.47,27.92,0.39
2023-10-05 06:00:00,,3.82,2.77,18.39,0.58
2023-10-05 07:00:00,,3.79,7.32,15.35,0.57
2023-10-05 08:00:00,,3.77,4.56,24.78,0.56
2023-10-05 09:00:00,,3.76,3.86,27.48,0.53
2023-10-05 10:00:00,,5.25,4.04,28.69,0.56
2023-10-05 11:00:00,,3.48,2.12,37.82,0.41
2023-10-05 12:00:00,,4.74,3.91,46.32,0.41
2023-10-05 13:00:00,,5.3,4.27,52.12,0.42
2023-10-05 14:00:00,,4.26,3.91,57.89,0.44
2023-10-05 15:00:00,,3.99,0.47,58.93,0.32
2023-10-05 16:00:00,,3.71,1.29,58.42,0.33
2023-10-05 17:00:00,,4.26,1.86,57.43,0.36
2023-10-05 18:00:00,,3.85,2.52,45.07,0.37
2023-10-05 19:00:00,,3.61,3.94,36.56,0.39
2023-10-05 20:00:00,,3.54,6.43,29.85,0.5
2023-10-05 21:00:00,,3.5,4.83,29.93,0.51
2023-10-05 22:00:00,,3.63,0.47,34.51,0.37
2023-10-05 23:00:00,,3.36,1.1,31.35,0.35
2023-10-06 00:00:00,,3.36,1.56,27.1,0.36
2023-10-06 01:00:00,,3.46,0.47,25.21,0.28
2023-10-06 02:00:00,,3.41,1.6,19.96,0.48
2023-10-06 03:00:00,,3.05,1.92,15.64,0.51
2023-10-06 04:00:00,,3.2,1.18,13.22,0.47
2023-10-06 05:00:00,,3.22,1.52,10.58,0.5
2023-10-06 06:00:00,,3.35,4.59,8.83,0.59
2023-10-06 07:00:00,,4.05,8.25,7.62,1.12
2023-10-06 08:00:00,,3.95,10.62,12.79,1.31
2023-10-06 09:00:00,,3.56,6.28,19.5,0.69
2023-10-06 10:00:00,,3.61,5.51,20.64,0.69
2023-10-06 11:00:00,,3.61,2.6,24.24,0.65
2023-10-06 12:00:00,,3.4,3.7,30.88,0.61
2023-10-06 13:00:00,,3.33,6.36,38.8,0.77
2023-10-06 14:00:00,,3.57,5.43,42.38,0.78
2023-10-06 15:00:00,,3.45,2.26,43.51,0.63
2023-10-06 16:00:00,,3.55,1.51,41.46,0.47
2023-10-06 17:00:00,,3.51,1.74,34.73,0.49
2023-10-06 18:00:00,,3.52,4.12,31.95,0.61
2023-10-06 19:00:00,,3.48,3.9,29.17,0.54
2023-10-06 20:00:00,,3.44,4.31,26.52,0.59
2023-10-06 21:00:00,,3.52,5.74,22.19,0.87
2023-10-06 22:00:00,,3.65,6.07,17.27,0.82
2023-10-06 23:00:00,,3.31,4.4,18.39,0.69
2023-10-07 00:00:00,,3.47,2.17,22.15,0.64
2023-10-07 01:00:00,,3.42,2.8,17.34,0.6
2023-10-07 02:00:00,,3.28,1.11,20.99,0.37
2023-10-07 03:00:00,,3.27,0.47,23.76,0.33
2023-10-07 04:00:00,,3.41,0.47,27.13,0.34
2023-10-07 05:00:00,,3.27,0.47,28.56,0.3
2023-10-07 06:00:00,,3.28,0.47,28.42,0.42
2023-10-07 07:00:00,,3.29,1.49,24.48,0.35
2023-10-07 08:00:00,,3.26,1.64,22.94,0.44
2023-10-07 09:00:00,,3.18,0.95,36.38,0.35
2023-10-07 10:00:00,,3.25,0.98,35.8,0.34
2023-10-07 11:00:00,,3.24,0.47,37.67,0.3
2023-10-07 12:00:00,,3.25,1.38,36.1,0.39
2023-10-07 13:00:00,,3.29,0.47,36.95,0.56
2023-10-07 14:00:00,,3.25,0.47,34.95,0.38
2023-10-07 15:00:00,,3.16,0.47,31.2,0.34
2023-10-07 16:00:00,,3.3,2.35,31.06,0.35
2023-10-07 17:00:00,,3.25,1.73,29.65,0.35
2023-10-07 18:00:00,,3.2,1.8,29.8,0.33
2023-10-07 19:00:00,,3.3,3.03,25.47,0.34
2023-10-07 20:00:00,,3.21,1.71,26.0,0.4
2023-10-07 21:00:00,,3.24,1.45,27.33,0.36
2023-10-07 22:00:00,,3.3,1.97,25.41,0.38
2023-10-07 23:00:00,,3.18,2.58,19.91,0.48
2023-10-08 00:00:00,,3.3,3.74,14.07,0.72
2023-10-08 01:00:00,,3.23,1.06,20.56,0.35
2023-10-08 02:00:00,,3.31,0.47,23.56,0.29
2023-10-08 03:00:00,,3.27,0.47,24.94,0.23
2023-10-08 04:00:00,,3.46,0.47,26.83,0.23
2023-10-08 05:00:00,,3.28,0.47,20.54,0.21
2023-10-08 06:00:00,,3.28,1.53,12.68,0.33
2023-10-08 07:00:00,,3.49,0.96,18.75,0.28
2023-10-08 08:00:00,,3.33,0.47,32.73,0.22
2023-10-08 09:00:00,,3.27,0.47,26.15,0.36
2023-10-08 10:00:00,,3.26,0.47,29.73,0.3
2023-10-08 11:00:00,,3.25,0.47,31.35,0.31
2023-10-08 12:00:00,,3.31,0.47,34.35,0.35
2023-10-08 13:00:00,,3.34,0.47,33.25,0.6
2023-10-08 14:00:00,,3.36,0.47,33.5,0.65
2023-10-08 15:00:00,,3.37,0.47,28.89,0.52
2023-10-08 16:00:00,,3.35,0.47,30.76,0.42
2023-10-08 17:00:00,,3.35,0.47,32.77,0.36
2023-10-08 18:00:00,,3.37,0.47,33.02,0.34
2023-10-08 19:00:00,,3.45,1.32,29.99,0.41
2023-10-08 20:00:00,,3.51,1.62,28.29,0.43
2023-10-08 21:00:00,,3.44,2.29,25.1,0.47
2023-10-08 22:00:00,,3.34,0.47,32.28,0.31
2023-10-08 23:00:00,,3.42,0.47,32.63,0.32
2023-10-09 00:00:00,,3.34,0.47,34.43,0.32
2023-10-09 01:00:00,,3.29,0.47,41.82,0.2
2023-10-09 02:00:00,,3.38,0.47,40.9,0.23
2023-10-09 03:00:00,,3.39,0.47,39.8,0.24
2023-10-09 04:00:00,,3.49,0.47,38.52,0.23
2023-10-09 05:00:00,,3.4,0.47,34.99,0.29
2023-10-09 06:00:00,,3.43,0.47,32.35,0.32
2023-10-09 07:00:00,,3.56,5.19,26.82,0.59
2023-10-09 08:00:00,,3.54,6.8,23.9,0.68
2023-10-09 09:00:00,,3.21,3.11,33.88,0.45
2023-10-09 10:00:00,,3.26,1.41,37.46,0.32
2023-10-09 11:00:00,,3.26,2.66,37.95,0.38
2023-10-09 12:00:00,,3.26,1.96,39.51,0.35
2023-10-09 13:00:00,,3.43,2.99,41.07,0.45
2023-10-09 14:00:00,,3.2,2.81,44.6,0.41
2023-10-09 15:00:00,,3.31,1.65,44.18,0.36
2023-10-09 16:00:00,,3.28,3.92,41.29,0.31
2023-10-09 17:00:00,,3.19,3.41,40.83,0.4
2023-10-09 18:00:00,,3.23,5.58,35.48,0.49
2023-10-09 19:00:00,,3.39,6.54,33.99,0.48
2023-10-09 20:00:00,,3.38,4.93,34.47,0.46
2023-10-09 21:00:00,,3.37,3.6,32.04,0.39
2023-10-09 22:00:00,,3.49,2.89,30.83,0.4
2023-10-09 23:00:00,,3.44,3.91,23.09,0.42
2023-10-10 00:00:00,,3.3,2.73,20.97,0.41
2023-10-10 01:00:00,,3.6,2.66,15.79,0.31
2023-10-10 02:00:00,,3.42,3.13,11.6,0.37
2023-10-10 03:00:00,,3.42,1.5,9.3,0.35
2023-10-10 04:00:00,,3.35,1.19,8.67,0.33
2023-10-10 05:00:00,,3.31,2.31,6.51,0.39
2023-10-10 06:00:00,,3.4,3.26,5.48,0.51
2023-10-10 07:00:00,,3.97,5.95,5.56,0.85
2023-10-10 08:00:00,,4.05,11.44,10.05,1.2
2023-10-10 09:00:00,,3.88,9.7,23.12,0.68
2023-10-10 10:00:00,,3.7,9.52,23.94,0.58
2023-10-10 11:00:00,,3.35,3.01,32.91,0.39
2023-10-10 12:00:00,,3.61,3.2,34.85,0.48
2023-10-10 13:00:00,,3.6,3.63,36.54,0.41
2023-10-10 14:00:00,,3.66,2.61,40.19,0.43
2023-10-10 15:00:00,,3.6,1.88,44.61,0.38
2023-10-10 16:00:00,,3.53,1.51,46.05,0.37
2023-10-10 17:00:00,,3.78,3.13,40.15,0.41
2023-10-10 18:00:00,,3.93,5.67,34.78,0.42
2023-10-10 19:00:00,,3.84,7.94,27.61,0.53
2023-10-10 20:00:00,,3.8,8.24,23.35,0.67
2023-10-10 21:00:00,,3.53,8.61,18.9,0.65
2023-10-10 22:00:00,,3.59,7.26,17.2,0.59
2023-10-10 23:00:00,,3.57,7.89,13.95,0.69
2023-10-11 00:00:00,,3.65,8.19,10.56,0.76
2023-10-11 01:00:00,,3.35,4.4,12.12,0.51
2023-10-11 02:00:00,,3.22,3.89,9.71,0.51
2023-10-11 03:00:00,,3.3,2.16,10.58,0.38
2023-10-11 04:00:00,,3.36,3.37,10.37,0.42
2023-10-11 05:00:00,,3.23,2.89,9.47,0.38
2023-10-11 06:00:00,,3.46,6.63,7.71,0.56
2023-10-11 07:00:00,,4.04,8.18,5.54,0.72
2023-10-11 08:00:00,,3.62,10.44,8.09,0.79
2023-10-11 09:00:00,,3.53,10.23,11.33,0.79
2023-10-11 10:00:00,,4.06,12.7,10.22,0.69
2023-10-11 11:00:00,,3.84,17.41,8.32,0.9
2023-10-11 12:00:00,,4.8,22.09,8.39,1.01
2023-10-11 13:00:00,,5.94,14.67,10.67,1
2023-10-11 14:00:00,,4.81,13.3,9.38,0.96
2023-10-11 15:00:00,,4.62,7.02,19.87,0.56
2023-10-11 16:00:00,,4.38,19.62,12.76,0.7
2023-10-11 17:00:00,,4.33,10.92,9.61,0.42
2023-10-11 18:00:00,,4.3,7.66,12.93,0.46
2023-10-11 19:00:00,,4.23,1.96,22.86,0.33
2023-10-11 20:00:00,,4.01,2.01,26.96,0.37
2023-10-11 21:00:00,,3.75,2.03,28.64,0.44
2023-10-11 22:00:00,,3.78,1.39,31.52,0.4
2023-10-11 23:00:00,,3.64,2.38,27.72,0.43
2023-10-12 00:00:00,,3.55,3.0,22.61,0.35
2023-10-12 01:00:00,,3.54,2.0,20.7,0.25
2023-10-12 02:00:00,,3.9,0.47,21.36,0.34
2023-10-12 03:00:00,,3.51,0.47,19.43,0.3
2023-10-12 04:00:00,,3.54,0.47,23.77,0.31
2023-10-12 05:00:00,,3.43,0.47,26.41,0.27
2023-10-12 06:00:00,,3.53,0.47,25.15,0.39
2023-10-12 07:00:00,,3.42,0.47,24.3,0.31
2023-10-12 08:00:00,,3.4,0.47,22.95,0.27
2023-10-12 09:00:00,,3.34,0.47,22.74,0.29
2023-10-12 10:00:00,,3.74,2.27,21.47,0.4
2023-10-12 11:00:00,,3.82,4.12,21.63,0.39
2023-10-12 12:00:00,,3.35,2.99,24.1,0.4
2023-10-12 13:00:00,,3.52,2.39,24.78,0.34
2023-10-12 14:00:00,,3.53,3.11,25.35,0.65
2023-10-12 15:00:00,,3.48,3.26,25.29,0.68
2023-10-12 16:00:00,,3.49,3.42,23.46,0.56
2023-10-12 17:00:00,,3.47,3.96,23.57,0.43
2023-10-12 18:00:00,,3.51,3.05,26.53,0.37
2023-10-12 19:00:00,,3.51,4.66,23.81,0.31
2023-10-12 20:00:00,,3.51,8.5,16.5,0.46
2023-10-12 21:00:00,,3.53,7.98,16.52,0.47
2023-10-12 22:00:00,,3.46,3.85,24.41,0.25
2023-10-12 23:00:00,,3.44,4.56,21.47,0.31
2023-10-13 00:00:00,,3.48,3.52,21.44,0.23
2023-10-13 01:00:00,,3.47,3.05,20.23,0.22
2023-10-13 02:00:00,,3.45,2.44,20.1,0.31
2023-10-13 03:00:00,,3.44,1.69,23.63,0.32
2023-10-13 04:00:00,,3.5,1.43,22.61,0.29
2023-10-13 05:00:00,,3.5,2.68,16.94,0.32
2023-10-13 06:00:00,,3.46,6.74,10.73,0.61
2023-10-13 07:00:00,,3.54,6.01,10.07,0.39
2023-10-13 08:00:00,,3.41,5.1,16.62,0.41
2023-10-13 09:00:00,,3.44,4.62,20.28,0.4
2023-10-13 10:00:00,,3.62,3.52,22.6,0.23
2023-10-13 11:00:00,,4.33,2.79,24.6,0.34
2023-10-13 12:00:00,,4.29,3.44,25.36,0.33
2023-10-13 13:00:00,,4.04,4.12,26.34,0.36
2023-10-13 14:00:00,,4.05,3.14,26.99,0.29
2023-10-13 15:00:00,,4.19,2.82,27.26,0.28
2023-10-13 16:00:00,,3.58,2.89,27.49,0.33
2023-10-13 17:00:00,,3.72,3.4,25.73,0.25
2023-10-13 18:00:00,,3.61,4.22,24.0,0.37
2023-10-13 19:00:00,,4.3,5.4,22.24,0.39
2023-10-13 20:00:00,,4.32,8.52,17.13,0.51
2023-10-13 21:00:00,,4.24,8.43,16.04,0.58
2023-10-13 22:00:00,,4.0,9.64,12.27,0.71
2023-10-13 23:00:00,,4.27,16.14,2.81,1.23
2023-10-14 00:00:00,,4.33,12.13,0.98,1.04
2023-10-14 01:00:00,,3.69,10.53,0.98,0.82
2023-10-14 02:00:00,,3.32,8.13,0.98,0.85
2023-10-14 03:00:00,,3.01,5.2,0.98,0.43
2023-10-14 04:00:00,,3.01,4.65,0.98,0.36
2023-10-14 05:00:00,,3.78,4.5,0.98,0.32
2023-10-14 06:00:00,,4.33,5.49,0.98,0.61
2023-10-14 07:00:00,,4.37,6.0,0.98,0.66
2023-10-14 08:00:00,,4.32,8.11,4.72,0.76
2023-10-14 09:00:00,,4.32,5.52,17.23,0.54
2023-10-14 10:00:00,,4.29,3.24,22.39,0.4
2023-10-14 11:00:00,,4.2,3.4,23.78,0.37
2023-10-14 12:00:00,,3.22,2.99,25.14,0.34
2023-10-14 13:00:00,,3.14,3.27,27.39,0.39
2023-10-14 14:00:00,,3.14,2.67,28.32,0.32
2023-10-14 15:00:00,,3.17,1.96,28.43,0.31
2023-10-14 16:00:00,,3.17,2.44,29.0,0.3
2023-10-14 17:00:00,,3.13,2.13,27.74,0.34
2023-10-14 18:00:00,,3.24,2.29,25.41,0.35
2023-10-14 19:00:00,,3.19,3.33,22.22,0.35
2023-10-14 20:00:00,,3.95,6.41,17.7,0.41
2023-10-14 21:00:00,,4.28,7.31,15.64,0.68
2023-10-14 22:00:00,,4.35,5.82,16.23,0.62
2023-10-14 23:00:00,,4.31,6.49,14.46,0.64
2023-10-15 00:00:00,,4.15,4.16,16.8,0.48
2023-10-15 01:00:00,,3.86,3.99,16.47,0.45
2023-10-15 02:00:00,,3.34,3.27,15.24,0.36
2023-10-15 03:00:00,,3.39,2.34,15.3,0.33
2023-10-15 04:00:00,,3.31,2.79,14.0,0.33
2023-10-15 05:00:00,,3.41,2.32,10.71,0.43
2023-10-15 06:00:00,,3.44,3.84,8.5,0.35
2023-10-15 07:00:00,,3.65,4.0,7.34,0.39
2023-10-15 08:00:00,,3.47,2.13,13.12,0.35
2023-10-15 09:00:00,,3.93,2.81,17.15,0.35
2023-10-15 10:00:00,,4.25,1.98,19.8,0.42
2023-10-15 11:00:00,,3.21,2.36,22.62,0.48
2023-10-15 12:00:00,,3.13,2.95,23.58,0.49
2023-10-15 13:00:00,,3.14,2.82,26.63,0.5
2023-10-15 14:00:00,,3.3,2.13,28.32,0.5
2023-10-15 15:00:00,,3.45,2.09,28.85,0.45
2023-10-15 16:00:00,,3.46,2.02,29.08,0.38
2023-10-15 17:00:00,,3.46,2.37,28.47,0.35
2023-10-15 18:00:00,,3.48,3.87,23.83,0.4
2023-10-15 19:00:00,,3.34,4.9,19.88,0.39
2023-10-15 20:00:00,,3.19,5.7,17.22,0.43
2023-10-15 21:00:00,,3.18,5.35,15.21,0.46
2023-10-15 22:00:00,,3.19,6.01,13.28,0.5
2023-10-15 23:00:00,,3.21,4.34,13.42,0.55
2023-10-16 00:00:00,,3.3,4.03,12.46,0.56
2023-10-16 01:00:00,,3.21,3.29,12.85,0.44
2023-10-16 02:00:00,,3.44,3.26,12.03,0.4
2023-10-16 03:00:00,,3.42,2.94,11.32,0.38
2023-10-16 04:00:00,,3.36,2.91,11.11,0.37
2023-10-16 05:00:00,,3.73,3.47,8.86,0.38
2023-10-16 06:00:00,,3.49,5.35,5.71,0.42
2023-10-16 07:00:00,,4.01,9.33,2.58,0.58
2023-10-16 08:00:00,,4.5,10.63,3.07,0.86
2023-10-16 09:00:00,,4.22,12.92,2.92,0.73
2023-10-16 10:00:00,,3.92,11.69,4.17,0.68
2023-10-16 11:00:00,,3.79,9.45,8.15,0.67
2023-10-16 12:00:00,,3.26,11.77,11.0,0.94
2023-10-16 13:00:00,,3.23,15.83,8.66,1.28
2023-10-16 14:00:00,,3.22,17.07,9.45,1.21
2023-10-16 15:00:00,,3.22,6.92,18.69,0.75
2023-10-16 16:00:00,,3.24,12.31,9.99,0.94
2023-10-16 17:00:00,,3.13,13.09,10.1,1.05
2023-10-16 18:00:00,,3.18,11.39,15.06,1.01
2023-10-16 19:00:00,,3.23,9.92,18.37,0.94
2023-10-16 20:00:00,,3.17,8.42,20.62,0.97
2023-10-16 21:00:00,,3.17,10.45,22.98,1.04
2023-10-16 22:00:00,,3.22,8.18,28.62,0.78
2023-10-16 23:00:00,,3.34,8.9,28.28,0.52
2023-10-17 00:00:00,,3.48,10.46,20.2,0.59
2023-10-17 01:00:00,,3.43,11.14,10.18,0.81
2023-10-17 02:00:00,,3.52,9.44,12.01,0.51
2023-10-17 03:00:00,,3.29,8.33,4.7,0.5
2023-10-17 04:00:00,,3.32,7.08,5.03,0.48
2023-10-17 05:00:00,,3.48,8.07,4.59,0.48
2023-10-17 06:00:00,,3.54,9.92,0.98,0.71
2023-10-17 07:00:00,,4.16,12.89,0.98,1.19
2023-10-17 08:00:00,,4.45,15.5,0.98,1.76
2023-10-17 09:00:00,,3.79,20.5,0.98,1.72
2023-10-17 10:00:00,,3.77,27.71,0.98,1.65
2023-10-17 11:00:00,,3.9,26.81,0.98,1.72
2023-10-17 12:00:00,,3.2,13.7,12.32,0.61
2023-10-17 13:00:00,,3.12,7.93,15.07,0.44
2023-10-17 14:00:00,,3.17,7.13,13.56,0.33
2023-10-17 15:00:00,,3.15,6.39,11.96,0.19
2023-10-17 16:00:00,,3.44,6.74,10.21,0.22
2023-10-17 17:00:00,,4.31,6.64,12.56,0.18
2023-10-17 18:00:00,,4.3,9.58,13.51,0.28
2023-10-17 19:00:00,,4.37,17.37,7.61,0.62
2023-10-17 20:00:00,,4.36,12.2,13.79,0.51
2023-10-17 21:00:00,,4.35,6.9,17.72,0.25
2023-10-17 22:00:00,,4.34,4.32,17.88,0.19
2023-10-17 23:00:00,,3.96,3.73,16.62,0.2
2023-10-18 00:00:00,,3.81,2.19,21.54,0.13
2023-10-18 01:00:00,,3.58,1.78,22.6,0.1
2023-10-18 02:00:00,,3.47,1.31,23.57,0.37
2023-10-18 03:00:00,,3.27,0.47,22.16,0.38
2023-10-18 04:00:00,,3.14,1.82,20.46,0.4
2023-10-18 05:00:00,,3.36,2.07,18.15,0.38
2023-10-18 06:00:00,,3.4,6.87,9.38,0.61
2023-10-18 07:00:00,,3.44,10.28,9.42,0.58
2023-10-18 08:00:00,,3.73,7.92,16.28,0.75
2023-10-18 09:00:00,,3.96,5.86,21.91,0.5
2023-10-18 10:00:00,,4.17,4.14,25.43,0.46
2023-10-18 11:00:00,,4.27,4.59,27.31,0.53
2023-10-18 12:00:00,,4.33,5.73,26.73,0.51
2023-10-18 13:00:00,,4.9,5.56,25.28,0.44
2023-10-18 14:00:00,,4.54,4.02,44.01,0.24
2023-10-18 15:00:00,,5.39,2.99,38.89,0.21
2023-10-18 16:00:00,,29.6,3.35,20.52,0.64
2023-10-18 17:00:00,,4.13,3.87,19.78,0.24
2023-10-18 18:00:00,,3.68,3.88,21.83,0.23
2023-10-18 19:00:00,,3.92,5.92,20.41,0.29
2023-10-18 20:00:00,,4.43,6.79,20.02,0.36
2023-10-18 21:00:00,,4.43,5.4,21.79,0.32
2023-10-18 22:00:00,,4.54,6.22,19.52,0.36
2023-10-18 23:00:00,,5.11,10.25,12.46,0.6
2023-10-19 00:00:00,,4.84,5.82,15.43,0.46
2023-10-19 01:00:00,,4.54,4.36,17.39,0.29
2023-10-19 02:00:00,,4.5,2.56,21.91,0.05
2023-10-19 03:00:00,,4.59,1.48,25.85,0.05
2023-10-19 04:00:00,,4.61,1.22,30.29,0.05
2023-10-19 05:00:00,,4.6,1.26,30.96,0.05
2023-10-19 06:00:00,,4.64,2.22,29.42,0.05
2023-10-19 07:00:00,,4.68,4.28,27.5,0.05
2023-10-19 08:00:00,,4.64,5.09,28.67,0.15
2023-10-19 09:00:00,,4.59,3.9,33.31,0.11
2023-10-19 10:00:00,,4.19,3.71,37.03,0.05
2023-10-19 11:00:00,,3.95,3.12,39.32,0.05
2023-10-19 12:00:00,,4.27,3.41,43.99,0.11
2023-10-19 13:00:00,,4.65,3.33,43.29,0.43
2023-10-19 14:00:00,,5.05,2.08,43.9,0.36
2023-10-19 15:00:00,,3.9,2.36,41.14,0.23
2023-10-19 16:00:00,,3.9,2.57,39.96,0.17
2023-10-19 17:00:00,,3.66,3.15,38.77,0.19
2023-10-19 18:00:00,,4.12,4.33,35.51,0.27
2023-10-19 19:00:00,,4.68,6.63,33.99,0.35
2023-10-19 20:00:00,,4.37,6.16,30.72,0.37
2023-10-19 21:00:00,,4.24,5.52,30.45,0.29
2023-10-19 22:00:00,,4.4,4.83,29.94,0.26
2023-10-19 23:00:00,,4.22,5.83,26.74,0.28
2023-10-20 00:00:00,,3.91,5.44,26.54,0.21
2023-10-20 01:00:00,,3.9,4.23,26.45,0.16
2023-10-20 02:00:00,,3.94,4.38,26.07,0.35
2023-10-20 03:00:00,,3.86,3.66,26.13,0.34
2023-10-20 04:00:00,,4.04,3.48,22.19,0.34
2023-10-20 05:00:00,,3.83,3.65,20.85,0.38
2023-10-20 06:00:00,,4.36,7.61,14.98,0.47
2023-10-20 07:00:00,,4.53,10.19,12.27,0.49
2023-10-20 08:00:00,,4.8,10.0,17.7,0.6
2023-10-20 09:00:00,,4.95,9.92,22.65,0.64
2023-10-20 10:00:00,,5.02,8.0,34.51,0.55
2023-10-20 11:00:00,,5.46,5.52,47.43,0.48
2023-10-20 12:00:00,,5.62,3.72,47.54,0.43
2023-10-20 13:00:00,,5.07,4.67,52.66,0.48
2023-10-20 14:00:00,,5.06,3.63,52.81,0.46
2023-10-20 15:00:00,,4.75,2.58,54.76,0.39
2023-10-20 16:00:00,,4.02,3.14,52.46,0.36
2023-10-20 17:00:00,,4.18,3.22,51.15,0.41
2023-10-20 18:00:00,,4.25,5.67,43.43,0.38
2023-10-20 19:00:00,,4.46,8.16,34.48,0.44
2023-10-20 20:00:00,,4.59,8.21,30.98,0.58
2023-10-20 21:00:00,,4.72,7.58,31.9,0.54
2023-10-20 22:00:00,,5.03,7.51,30.81,0.59
2023-10-20 23:00:00,,4.86,7.26,26.79,0.63
2023-10-21 00:00:00,,4.61,7.82,23.02,0.58
2023-10-21 01:00:00,,4.41,7.24,20.02,0.51
2023-10-21 02:00:00,,4.13,4.88,22.58,0.42
2023-10-21 03:00:00,,4.14,5.86,13.13,0.45
2023-10-21 04:00:00,,4.07,3.42,11.28,0.31
2023-10-21 05:00:00,,4.06,4.8,8.79,0.4
2023-10-21 06:00:00,,4.36,5.77,6.89,0.45
2023-10-21 07:00:00,,4.51,6.66,12.09,0.6
2023-10-21 08:00:00,,4.31,5.95,21.32,0.61
2023-10-21 09:00:00,,4.12,4.59,29.41,0.58
2023-10-21 10:00:00,,4.39,4.33,36.54,0.5
2023-10-21 11:00:00,,4.43,4.62,43.46,0.54
2023-10-21 12:00:00,,4.6,5.6,53.31,0.54
2023-10-21 13:00:00,,5.06,4.64,59.16,0.48
2023-10-21 14:00:00,,4.97,4.99,63.91,0.5
2023-10-21 15:00:00,,4.87,3.95,66.66,0.46
2023-10-21 16:00:00,,4.83,3.94,64.85,0.48
2023-10-21 17:00:00,,4.96,3.38,60.78,0.41
2023-10-21 18:00:00,,5.24,4.06,54.35,0.37
2023-10-21 19:00:00,,5.22,5.35,42.15,0.44
2023-10-21 20:00:00,,5.21,6.56,32.39,0.51
2023-10-21 21:00:00,,5.3,7.36,27.89,0.65
2023-10-21 22:00:00,,5.56,8.1,26.16,0.81
2023-10-21 23:00:00,,5.47,5.93,26.44,0.84
2023-10-22 00:00:00,,5.25,6.8,24.0,0.79
2023-10-22 01:00:00,,5.15,7.44,17.74,0.65
2023-10-22 02:00:00,,5.23,6.29,14.78,0.64
2023-10-22 03:00:00,,4.92,6.53,8.32,0.63
2023-10-22 04:00:00,,4.79,5.83,8.44,0.58
2023-10-22 05:00:00,,4.77,4.88,7.52,0.6
2023-10-22 06:00:00,,4.73,4.85,7.53,0.66
2023-10-22 07:00:00,,4.88,4.09,9.18,0.68
2023-10-22 08:00:00,,4.94,4.11,21.14,0.67
2023-10-22 09:00:00,,4.47,3.39,29.75,0.6
2023-10-22 10:00:00,,4.64,5.56,40.41,0.78
2023-10-22 11:00:00,,4.74,4.86,47.79,0.8
2023-10-22 12:00:00,,4.8,3.54,51.25,0.73
2023-10-22 13:00:00,,8.79,4.23,70.87,1.14
2023-10-22 14:00:00,,6.89,4.62,70.77,1.15
2023-10-22 15:00:00,,5.77,3.87,62.46,0.98
2023-10-22 16:00:00,,5.01,3.2,53.63,0.7
2023-10-22 17:00:00,,4.26,3.16,45.29,0.45
2023-10-22 18:00:00,,4.56,4.84,41.51,0.51
2023-10-22 19:00:00,,4.72,4.22,41.95,0.49
2023-10-22 20:00:00,,4.55,4.7,34.54,0.52
2023-10-22 21:00:00,,4.7,6.92,31.01,0.67
2023-10-22 22:00:00,,4.82,5.19,34.03,0.61
2023-10-22 23:00:00,,4.37,3.93,38.38,0.61
2023-10-23 00:00:00,,4.23,4.02,33.63,0.67
2023-10-23 01:00:00,,4.45,2.67,31.8,0.55
2023-10-23 02:00:00,,4.33,3.89,21.63,0.47
2023-10-23 03:00:00,,4.58,3.51,19.18,0.5
2023-10-23 04:00:00,,4.67,3.15,20.75,0.44
2023-10-23 05:00:00,,4.19,2.41,22.57,0.37
2023-10-23 06:00:00,,4.61,4.94,13.83,0.56
2023-10-23 07:00:00,,4.98,6.3,13.64,0.65
2023-10-23 08:00:00,,5.05,11.02,7.26,1
2023-10-23 09:00:00,,5.27,11.57,9.23,0.86
2023-10-23 10:00:00,,5.11,9.06,15.63,0.62
2023-10-23 11:00:00,,4.83,10.33,16.61,0.5
2023-10-23 12:00:00,,5.77,17.11,23.3,0.82
2023-10-23 13:00:00,,6.4,15.8,22.37,0.89
2023-10-23 14:00:00,,5.66,11.62,35.46,0.67
2023-10-23 15:00:00,,5.68,10.16,41.42,0.73
2023-10-23 16:00:00,,5.59,9.95,37.1,0.82
2023-10-23 17:00:00,,5.64,11.97,29.01,1.04
2023-10-23 18:00:00,,5.99,17.45,15.52,1.47
2023-10-23 19:00:00,,6.16,19.46,14.53,1.34
2023-10-23 20:00:00,,6.11,17.3,12.44,1.42
2023-10-23 21:00:00,,5.33,12.11,19.06,1.21
2023-10-23 22:00:00,,5.76,10.6,14.83,1.05
2023-10-23 23:00:00,,5.7,11.8,13.52,1.38
2023-10-24 00:00:00,,5.38,14.67,12.67,1.15
2023-10-24 01:00:00,,5.9,9.99,17.55,0.89
2023-10-24 02:00:00,,5.15,4.91,28.28,0.63
2023-10-24 03:00:00,,4.94,2.93,28.61,0.52
2023-10-24 04:00:00,,4.72,2.35,33.91,0.44
2023-10-24 05:00:00,,4.71,3.14,31.34,0.43
2023-10-24 06:00:00,,4.61,6.05,26.61,0.49
2023-10-24 07:00:00,,5.12,12.4,20.6,0.71
2023-10-24 08:00:00,,6.42,13.56,20.88,1.35
2023-10-24 09:00:00,,5.26,13.07,25.39,0.93
2023-10-24 10:00:00,,5.06,10.18,37.34,0.67
2023-10-24 11:00:00,,5.09,8.33,54.34,0.59
2023-10-24 12:00:00,,4.69,4.68,70.31,0.49
2023-10-24 13:00:00,,4.69,4.11,71.69,0.55
2023-10-24 14:00:00,,4.57,4.46,71.85,0.43
2023-10-24 15:00:00,,4.28,3.25,65.73,0.38
2023-10-24 16:00:00,,4.59,5.38,57.66,0.45
2023-10-24 17:00:00,,4.45,6.12,43.15,0.39
2023-10-24 18:00:00,,4.44,7.75,42.26,0.43
2023-10-24 19:00:00,,4.92,11.29,26.59,0.63
2023-10-24 20:00:00,,4.85,9.12,20.97,0.56
2023-10-24 21:00:00,,4.47,7.36,24.65,0.46
2023-10-24 22:00:00,,4.16,3.23,34.93,0.33
2023-10-24 23:00:00,,4.54,3.05,34.77,0.38
2023-10-25 00:00:00,,4.19,2.99,30.54,0.22
2023-10-25 01:00:00,,4.02,2.07,30.99,0.16
2023-10-25 02:00:00,,4.04,1.86,35.03,0.29
2023-10-25 03:00:00,,3.98,1.39,40.72,0.25
2023-10-25 04:00:00,,3.99,1.44,39.77,0.27
2023-10-25 05:00:00,,4.67,4.61,28.37,0.29
2023-10-25 06:00:00,,4.48,5.86,25.91,0.39
2023-10-25 07:00:00,,4.15,4.34,35.32,0.43
2023-10-25 08:00:00,,4.21,5.2,35.57,0.31
2023-10-25 09:00:00,,4.31,5.4,40.01,0.39
2023-10-25 10:00:00,,4.73,4.24,46.28,0.34
2023-10-25 11:00:00,,5.0,6.18,52.02,0.37
2023-10-25 12:00:00,,5.09,5.63,63.67,0.36
2023-10-25 13:00:00,,5.24,5.41,81.25,0.29
2023-10-25 14:00:00,,4.79,4.2,63.48,0.34
2023-10-25 15:00:00,,4.54,5.88,50.35,0.42
2023-10-25 16:00:00,,4.9,6.82,55.47,0.4
2023-10-25 17:00:00,,5.21,10.73,51.61,0.47
2023-10-25 18:00:00,,5.04,10.25,42.79,0.5
2023-10-25 19:00:00,,4.91,11.12,37.57,0.57
2023-10-25 20:00:00,,4.49,8.56,36.1,0.5
2023-10-25 21:00:00,,4.55,8.75,34.2,0.57
2023-10-25 22:00:00,,5.13,10.23,31.08,0.7
2023-10-25 23:00:00,,4.95,10.04,26.68,0.75
2023-10-26 00:00:00,,4.6,8.01,22.81,0.6
2023-10-26 01:00:00,,4.87,6.89,23.24,0.5
2023-10-26 02:00:00,,5.09,4.29,34.73,0.34
2023-10-26 03:00:00,,4.81,2.92,32.32,0.27
2023-10-26 04:00:00,,4.88,3.9,25.34,0.28
2023-10-26 05:00:00,,4.41,1.65,31.47,0.23
2023-10-26 06:00:00,,4.06,2.63,33.92,0.32
2023-10-26 07:00:00,,4.23,5.17,33.92,0.25
2023-10-26 08:00:00,,4.28,5.0,40.05,0.29
2023-10-26 09:00:00,,4.24,5.62,38.8,0.37
2023-10-26 10:00:00,,4.15,4.2,46.96,0.32
2023-10-26 11:00:00,,4.32,7.19,49.23,0.35
2023-10-26 12:00:00,,4.28,7.29,55.64,0.32
2023-10-26 13:00:00,,4.18,6.77,62.66,0.38
2023-10-26 14:00:00,,4.09,4.94,69.71,0.3
2023-10-26 15:00:00,,4.22,4.65,79.6,0.26
2023-10-26 16:00:00,,4.21,2.95,61.27,0.16
2023-10-26 17:00:00,,4.18,2.9,53.02,0.23
2023-10-26 18:00:00,,4.3,5.23,50.08,0.24
2023-10-26 19:00:00,,4.53,7.43,45.93,0.29
2023-10-26 20:00:00,,4.75,7.31,44.47,0.24
2023-10-26 21:00:00,,4.88,6.23,41.58,0.29
2023-10-26 22:00:00,,4.44,4.88,39.31,0.31
2023-10-26 23:00:00,,4.6,4.48,38.28,0.31
2023-10-27 00:00:00,,4.38,4.4,36.24,0.28
2023-10-27 01:00:00,,4.43,3.86,33.64,0.25
2023-10-27 02:00:00,,4.16,3.42,29.63,0.3
2023-10-27 03:00:00,,4.1,3.56,22.01,0.31
2023-10-27 04:00:00,,4.23,4.65,14.12,0.31
2023-10-27 05:00:00,,4.65,5.72,8.98,0.42
2023-10-27 06:00:00,,4.95,8.72,6.32,0.47
2023-10-27 07:00:00,,5.5,11.06,8.2,0.78
2023-10-27 08:00:00,,5.09,11.9,20.84,0.83
2023-10-27 09:00:00,,5.08,10.89,33.34,0.65
2023-10-27 10:00:00,,4.53,7.68,46.13,0.48
2023-10-27 11:00:00,,4.56,7.77,57.71,0.44
2023-10-27 12:00:00,,4.36,5.95,62.06,0.43
2023-10-27 13:00:00,,4.46,5.81,62.79,0.43
2023-10-27 14:00:00,,4.87,5.06,72.21,0.47
2023-10-27 15:00:00,,5.47,4.53,76.13,0.44
2023-10-27 16:00:00,,5.55,5.32,73.81,0.42
2023-10-27 17:00:00,,5.17,4.57,65.83,0.41
2023-10-27 18:00:00,,5.03,7.6,53.7,0.47
2023-10-27 19:00:00,,5.62,10.24,49.88,0.52
2023-10-27 20:00:00,,5.51,12.32,45.77,0.67
2023-10-27 21:00:00,,5.59,13.55,40.76,0.84
2023-10-27 22:00:00,,6.29,14.25,34.76,1.01
2023-10-27 23:00:00,,5.4,11.99,30.9,0.82
2023-10-28 00:00:00,,5.31,12.03,21.6,0.8
2023-10-28 01:00:00,,5.35,10.0,17.13,0.71
2023-10-28 02:00:00,,5.18,9.31,15.49,0.63
2023-10-28 03:00:00,,5.22,7.74,16.03,0.6
2023-10-28 04:00:00,,4.71,7.16,17.42,0.53
2023-10-28 05:00:00,,4.93,6.98,12.83,0.46
2023-10-28 06:00:00,,4.95,8.62,8.55,0.59
2023-10-28 07:00:00,,5.22,9.05,8.63,0.61
2023-10-28 08:00:00,,5.32,10.53,10.81,0.68
2023-10-28 09:00:00,,5.34,11.3,14.64,0.83
2023-10-28 10:00:00,,5.39,18.12,19.97,1.27
2023-10-28 11:00:00,,5.59,20.43,34.23,1.47
2023-10-28 12:00:00,,9.31,10.83,56.67,1.02
2023-10-28 13:00:00,,12.96,6.03,76.39,0.83
2023-10-28 14:00:00,,7.62,5.5,88.73,0.64
2023-10-28 15:00:00,,5.85,4.83,72.76,0.53
2023-10-28 16:00:00,,11.68,8.5,68.31,0.6
2023-10-28 17:00:00,,8.78,6.55,61.2,0.53
2023-10-28 18:00:00,,20.02,12.2,43.28,0.99
2023-10-28 19:00:00,,19.55,14.16,44.62,0.97
2023-10-28 20:00:00,,22.26,13.31,38.57,1.07
2023-10-28 21:00:00,,15.0,11.57,35.84,1.07
2023-10-28 22:00:00,,10.88,12.6,36.84,1.3
2023-10-28 23:00:00,,9.01,12.48,31.5,1.44
2023-10-29 00:00:00,,7.4,11.85,30.07,1.5
2023-10-29 01:00:00,,6.57,9.5,25.92,0.93
2023-10-29 02:00:00,,5.83,7.54,30.28,0.87
2023-10-29 03:00:00,,5.64,7.44,31.53,0.79
2023-10-29 04:00:00,,5.85,10.46,21.85,0.73
2023-10-29 05:00:00,,7.44,4.69,27.25,0.69
2023-10-29 06:00:00,,5.75,8.55,21.64,0.51
2023-10-29 07:00:00,,7.88,11.15,20.5,0.57
2023-10-29 08:00:00,,8.54,7.3,32.85,0.61
2023-10-29 09:00:00,,7.16,6.05,44.95,0.6
2023-10-29 10:00:00,,6.85,5.33,55.55,0.59
2023-10-29 11:00:00,,6.91,4.08,76.05,0.55
2023-10-29 12:00:00,,6.82,4.16,99.51,0.55
2023-10-29 13:00:00,,7.62,4.43,94.08,0.74
2023-10-29 14:00:00,,8.7,6.41,84.18,0.7
2023-10-29 15:00:00,,5.86,2.55,79.62,0.48
2023-10-29 16:00:00,,5.66,3.05,80.33,0.65
2023-10-29 17:00:00,,5.21,2.04,82.99,0.52
2023-10-29 18:00:00,,5.7,3.72,81.59,0.76
2023-10-29 19:00:00,,5.41,3.63,76.21,0.66
2023-10-29 20:00:00,,5.41,4.99,70.61,0.65
2023-10-29 21:00:00,,5.46,6.29,59.8,0.64
2023-10-29 22:00:00,,5.54,5.95,55.45,0.85
2023-10-29 23:00:00,,5.42,5.9,56.9,0.79
2023-10-30 00:00:00,,5.36,4.82,57.28,0.75
2023-10-30 01:00:00,,5.37,5.6,45.45,0.66
2023-10-30 02:00:00,,5.14,6.38,32.74,0.67
2023-10-30 03:00:00,,5.2,6.41,26.92,0.66
2023-10-30 04:00:00,,5.26,4.25,29.06,0.61
2023-10-30 05:00:00,,5.31,6.51,21.38,0.82
2023-10-30 06:00:00,,5.28,7.94,25.03,0.65
2023-10-30 07:00:00,,5.48,11.07,19.93,0.78
2023-10-30 08:00:00,,5.64,13.1,21.64,1.09
2023-10-30 09:00:00,,6.74,15.69,19.19,1.08
2023-10-30 10:00:00,,7.27,15.63,24.71,1.05
2023-10-30 11:00:00,,6.92,14.89,22.94,0.74
2023-10-30 12:00:00,,5.98,12.79,28.81,1.06
2023-10-30 13:00:00,,5.84,13.5,31.82,0.99
2023-10-30 14:00:00,,5.34,12.49,44.16,0.77
2023-10-30 15:00:00,,6.78,9.79,47.64,0.67
2023-10-30 16:00:00,,5.4,7.8,57.11,0.63
2023-10-30 17:00:00,,5.4,10.96,64.32,0.7
2023-10-30 18:00:00,,5.62,11.19,61.03,0.69
2023-10-30 19:00:00,,5.56,8.57,45.38,0.77
2023-10-30 20:00:00,,5.26,5.16,57.98,0.56
2023-10-30 21:00:00,,4.88,4.31,53.12,0.52
2023-10-30 22:00:00,,4.51,2.38,60.8,0.38
2023-10-30 23:00:00,,4.82,1.97,65.53,0.36
2023-10-31 00:00:00,,4.59,1.99,65.56,0.34
2023-10-31 01:00:00,,4.49,1.46,62.75,0.29
2023-10-31 02:00:00,,4.63,1.54,51.7,0.35
2023-10-31 03:00:00,,5.11,2.09,40.83,0.38
2023-10-31 04:00:00,,4.6,1.34,40.32,0.36
2023-10-31 05:00:00,,4.85,1.86,35.29,0.41
2023-10-31 06:00:00,,5.11,2.81,33.81,0.33
2023-10-31 07:00:00,,5.71,5.12,27.93,0.4
2023-10-31 08:00:00,,5.61,7.31,27.79,0.52
2023-10-31 09:00:00,,4.69,5.53,32.46,0.42
2023-10-31 10:00:00,,4.3,2.79,42.69,0.32
2023-10-31 11:00:00,,4.43,2.84,47.8,0.29
2023-10-31 12:00:00,,4.62,2.7,49.4,0.29
2023-10-31 13:00:00,,4.35,3.82,47.0,0.33
2023-10-31 14:00:00,,4.43,3.21,44.68,0.4
2023-10-31 15:00:00,,4.44,2.71,46.27,0.33
2023-10-31 16:00:00,,4.35,2.82,47.56,0.32
2023-10-31 17:00:00,,4.45,3.66,43.97,0.32
2023-10-31 18:00:00,,4.47,4.45,41.56,0.36
2023-10-31 19:00:00,,4.63,6.3,37.9,0.44
2023-10-31 20:00:00,,4.56,4.84,36.61,0.39
2023-10-31 21:00:00,,4.41,4.23,37.43,0.4
2023-10-31 22:00:00,,4.26,3.48,39.33,0.35
2023-10-31 23:00:00,,4.37,2.72,39.49,0.32
2023-11-01 00:00:00,,4.2,2.09,40.35,0.31
2023-11-01 01:00:00,,4.18,1.46,41.28,0.26
2023-11-01 02:00:00,,4.2,1.16,42.29,0.25
2023-11-01 03:00:00,,4.28,1.13,43.87,0.24
2023-11-01 04:00:00,,4.28,0.47,44.22,0.29
2023-11-01 05:00:00,,4.31,1.2,42.18,0.26
2023-11-01 06:00:00,,4.27,2.15,40.58,0.3
2023-11-01 07:00:00,,4.37,4.69,35.95,0.31
2023-11-01 08:00:00,,4.37,4.86,38.41,0.33
2023-11-01 09:00:00,,4.26,4.24,39.41,0.36
2023-11-01 10:00:00,,4.15,2.86,43.9,0.31
2023-11-01 11:00:00,,4.11,3.09,44.82,0.28
2023-11-01 12:00:00,,4.22,3.07,49.27,0.28
2023-11-01 13:00:00,,4.26,3.34,48.4,0.31
2023-11-01 14:00:00,,4.31,3.11,50.23,0.33
2023-11-01 15:00:00,,4.16,2.54,52.47,0.28
2023-11-01 16:00:00,,4.23,2.69,53.0,0.29
2023-11-01 17:00:00,,4.15,2.4,49.22,0.29
2023-11-01 18:00:00,,4.3,3.82,46.18,0.25
2023-11-01 19:00:00,,4.4,4.2,43.26,0.31
2023-11-01 20:00:00,,4.35,3.01,43.0,0.31
2023-11-01 21:00:00,,4.69,3.6,43.62,0.33
2023-11-01 22:00:00,,5.28,2.41,47.61,0.45
2023-11-01 23:00:00,,4.72,2.2,45.36,0.35
2023-11-02 00:00:00,,4.31,2.0,44.61,0.34
2023-11-02 01:00:00,,4.25,1.25,41.5,0.23
2023-11-02 02:00:00,,4.35,1.05,44.39,0.34
2023-11-02 03:00:00,,4.25,0.98,45.97,0.33
2023-11-02 04:00:00,,4.52,0.47,44.18,0.34
2023-11-02 05:00:00,,4.23,0.47,46.86,0.32
2023-11-02 06:00:00,,4.32,1.19,46.43,0.34
2023-11-02 07:00:00,,4.53,1.54,44.33,0.37
2023-11-02 08:00:00,,4.33,1.8,42.62,0.42
2023-11-02 09:00:00,,4.3,1.46,42.57,0.42
2023-11-02 10:00:00,,4.29,2.07,47.19,0.43
2023-11-02 11:00:00,,4.3,2.07,46.75,0.52
2023-11-02 12:00:00,,4.28,1.93,49.82,0.45
2023-11-02 13:00:00,,4.37,2.31,49.68,0.55
2023-11-02 14:00:00,,4.58,1.97,49.66,0.49
2023-11-02 15:00:00,,5.55,2.67,50.55,0.56
2023-11-02 16:00:00,,4.48,3.26,42.65,0.5
2023-11-02 17:00:00,,4.47,3.77,39.93,0.5
2023-11-02 18:00:00,,4.37,3.91,39.22,0.55
2023-11-02 19:00:00,,4.25,3.07,40.09,0.56
2023-11-02 20:00:00,,4.51,3.64,39.03,0.53
2023-11-02 21:00:00,,4.45,3.43,36.53,0.53
2023-11-02 22:00:00,,4.86,3.56,35.64,0.55
2023-11-02 23:00:00,,4.57,3.06,34.18,0.49
2023-11-03 00:00:00,,4.65,2.69,30.49,0.47
2023-11-03 01:00:00,,4.63,2.01,29.23,0.46
2023-11-03 02:00:00,,4.63,1.76,28.24,0.33
2023-11-03 03:00:00,,4.61,1.78,22.61,0.36
2023-11-03 04:00:00,,4.83,2.09,14.83,0.37
2023-11-03 05:00:00,,5.03,3.0,10.52,0.39
2023-11-03 06:00:00,,5.14,7.76,7.25,0.53
2023-11-03 07:00:00,,6.03,8.71,7.64,0.96
2023-11-03 08:00:00,,7.23,15.14,7.0,1.42
2023-11-03 09:00:00,,6.21,19.35,6.97,1.23
2023-11-03 10:00:00,,5.4,15.24,9.45,0.68
2023-11-03 11:00:00,,5.29,13.4,11.91,0.71
2023-11-03 12:00:00,,5.26,12.0,17.98,0.7
2023-11-03 13:00:00,,4.58,5.42,23.55,0.51
2023-11-03 14:00:00,,4.57,4.89,29.29,0.39
2023-11-03 15:00:00,,4.56,4.83,38.8,0.38
2023-11-03 16:00:00,,4.41,3.72,31.55,0.3
2023-11-03 17:00:00,,4.65,5.88,29.09,0.37
2023-11-03 18:00:00,,4.53,5.77,30.88,0.34
2023-11-03 19:00:00,,4.93,9.29,25.11,0.36
2023-11-03 20:00:00,,5.83,11.98,19.43,0.51
2023-11-03 21:00:00,,4.81,3.36,35.32,0.2
2023-11-03 22:00:00,,4.89,2.0,36.42,0.13
2023-11-03 23:00:00,,5.05,3.87,31.08,0.13
2023-11-04 00:00:00,,5.45,4.65,30.44,0.15
2023-11-04 01:00:00,,5.86,6.13,27.46,0.13
2023-11-04 02:00:00,,5.58,5.43,29.4,0.31
2023-11-04 03:00:00,,5.08,1.51,35.64,0.31
2023-11-04 04:00:00,,4.76,1.68,35.11,0.3
2023-11-04 05:00:00,,5.12,2.46,34.9,0.28
2023-11-04 06:00:00,,4.77,2.14,39.08,0.29
2023-11-04 07:00:00,,4.58,1.95,42.39,0.22
2023-11-04 08:00:00,,4.85,3.35,40.81,0.23
2023-11-04 09:00:00,,4.95,2.84,45.53,0.28
2023-11-04 10:00:00,,4.98,2.73,44.08,0.29
2023-11-04 11:00:00,,4.83,3.41,43.37,0.33
2023-11-04 12:00:00,,4.67,2.49,45.73,0.31
2023-11-04 13:00:00,,4.69,2.65,47.5,0.31
2023-11-04 14:00:00,,4.67,2.34,48.2,0.33
2023-11-04 15:00:00,,4.81,3.24,47.53,0.37
2023-11-04 16:00:00,,4.89,3.05,47.3,0.35
2023-11-04 17:00:00,,5.05,2.92,47.1,0.29
2023-11-04 18:00:00,,5.25,4.95,43.79,0.32
2023-11-04 19:00:00,,4.89,5.59,40.14,0.41
2023-11-04 20:00:00,,5.39,8.41,32.67,0.55
2023-11-04 21:00:00,,6.96,11.36,29.02,0.54
2023-11-04 22:00:00,,6.41,10.05,28.67,0.44
2023-11-04 23:00:00,,5.33,7.59,26.36,0.72
2023-11-05 00:00:00,,5.31,8.82,18.63,0.58
2023-11-05 01:00:00,,5.53,10.15,8.8,0.79
2023-11-05 02:00:00,,5.49,8.89,6.94,0.9
2023-11-05 03:00:00,,5.39,6.31,8.02,0.87
2023-11-05 04:00:00,,5.4,5.26,8.58,0.84
2023-11-05 05:00:00,,5.37,5.68,8.92,0.97
2023-11-05 06:00:00,,5.48,5.19,8.77,0.88
2023-11-05 07:00:00,,5.36,6.88,14.13,1.28
2023-11-05 08:00:00,,5.62,6.91,33.57,0.54
2023-11-05 09:00:00,,4.93,3.42,44.84,0.31
2023-11-05 10:00:00,,4.6,2.3,53.84,0.36
2023-11-05 11:00:00,,4.47,2.97,58.91,0.36
2023-11-05 12:00:00,,4.73,3.91,67.17,0.46
2023-11-05 13:00:00,,5.12,4.58,73.67,0.48
2023-11-05 14:00:00,,5.61,3.16,66.05,0.49
2023-11-05 15:00:00,,4.82,2.36,58.14,0.42
2023-11-05 16:00:00,,4.41,2.52,55.63,0.31
2023-11-05 17:00:00,,4.37,1.89,54.87,0.26
2023-11-05 18:00:00,,4.45,2.4,51.74,0.25
2023-11-05 19:00:00,,4.51,2.52,49.83,0.28
2023-11-05 20:00:00,,4.62,4.67,45.15,0.38
2023-11-05 21:00:00,,4.96,4.49,43.59,0.39
2023-11-05 22:00:00,,4.76,4.91,38.94,0.39
2023-11-05 23:00:00,,4.37,3.06,39.25,0.29
2023-11-06 00:00:00,,4.33,2.15,40.3,0.29
2023-11-06 01:00:00,,4.26,2.13,40.69,0.25
2023-11-06 02:00:00,,4.15,1.73,37.33,0.32
2023-11-06 03:00:00,,4.21,1.43,34.83,0.33
2023-11-06 04:00:00,,4.23,1.23,32.89,0.32
2023-11-06 05:00:00,,4.37,2.5,26.2,0.33
2023-11-06 06:00:00,,4.35,5.46,23.59,0.35
2023-11-06 07:00:00,,5.25,10.62,21.24,0.67
2023-11-06 08:00:00,,5.4,10.25,28.98,0.8
2023-11-06 09:00:00,,4.71,5.65,38.85,0.56
2023-11-06 10:00:00,,4.49,4.46,45.64,0.46
2023-11-06 11:00:00,,4.59,4.42,58.19,0.42
2023-11-06 12:00:00,,4.69,5.49,64.66,0.46
2023-11-06 13:00:00,,4.69,4.56,63.54,0.46
2023-11-06 14:00:00,,4.59,3.48,63.33,0.38
2023-11-06 15:00:00,,4.79,3.4,66.54,0.38
2023-11-06 16:00:00,,5.46,3.25,66.22,0.41
2023-11-06 17:00:00,,5.52,4.31,65.64,0.38
2023-11-06 18:00:00,,5.21,4.88,58.11,0.42
2023-11-06 19:00:00,,5.02,6.14,49.29,0.43
2023-11-06 20:00:00,,4.91,6.23,44.99,0.45
2023-11-06 21:00:00,,4.78,5.92,42.74,0.45
2023-11-06 22:00:00,,4.86,5.91,39.91,0.46
2023-11-06 23:00:00,,5.21,7.02,33.04,0.52
2023-11-07 00:00:00,,5.29,7.72,29.27,0.54
2023-11-07 01:00:00,,4.88,5.83,27.09,0.4
2023-11-07 02:00:00,,5.08,6.51,23.52,0.41
2023-11-07 03:00:00,,4.92,5.11,15.29,0.43
2023-11-07 04:00:00,,4.48,4.3,12.97,0.41
2023-11-07 05:00:00,,4.93,5.01,11.1,0.49
2023-11-07 06:00:00,,5.13,5.46,8.72,0.49
2023-11-07 07:00:00,,5.87,10.68,11.61,0.87
2023-11-07 08:00:00,,6.28,14.89,16.23,1.23
2023-11-07 09:00:00,,5.81,13.34,28.71,0.91
2023-11-07 10:00:00,,5.62,7.9,46.15,0.54
2023-11-07 11:00:00,,6.92,10.13,65.49,0.62
2023-11-07 12:00:00,,6.21,10.24,89.16,0.67
2023-11-07 13:00:00,,5.93,8.66,96.73,0.59
2023-11-07 14:00:00,,5.62,5.96,94.62,0.47
2023-11-07 15:00:00,,5.42,5.3,91.97,0.4
2023-11-07 16:00:00,,7.08,5.02,86.35,0.28
2023-11-07 17:00:00,,5.85,5.63,78.63,0.32
2023-11-07 18:00:00,,5.63,7.95,66.14,0.5
2023-11-07 19:00:00,,5.32,12.25,49.99,0.7
2023-11-07 20:00:00,,6.18,13.36,40.95,0.7
2023-11-07 21:00:00,,5.88,12.34,29.56,0.92
2023-11-07 22:00:00,,6.0,8.44,31.46,0.82
2023-11-07 23:00:00,,5.8,9.88,22.95,0.89
2023-11-08 00:00:00,,,,,
2023-11-08 01:00:00,,5.42,6.81,22.54,0.61
2023-11-08 02:00:00,,5.94,7.7,19.34,0.69
2023-11-08 03:00:00,,5.6,6.05,17.89,0.66
2023-11-08 04:00:00,,5.36,5.02,15.91,0.59
2023-11-08 05:00:00,,5.28,6.54,13.59,0.67
2023-11-08 06:00:00,,6.1,8.37,10.75,0.78
2023-11-08 07:00:00,,6.56,9.64,11.44,0.96
2023-11-08 08:00:00,,6.66,16.81,16.88,1.42
2023-11-08 09:00:00,,11.98,19.09,34.72,1.32
2023-11-08 10:00:00,,78.25,17.6,52.37,0.76
2023-11-08 11:00:00,,21.48,7.15,60.17,0.46
2023-11-08 12:00:00,,10.07,7.52,77.75,0.58
2023-11-08 13:00:00,,7.69,6.46,73.44,0.57
2023-11-08 14:00:00,,6.79,9.25,91.26,0.63
2023-11-08 15:00:00,,6.54,6.62,91.72,0.49
2023-11-08 16:00:00,,5.96,4.49,88.07,0.54
2023-11-08 17:00:00,,6.16,9.51,78.8,0.72
2023-11-08 18:00:00,,6.22,15.59,62.67,1.13
2023-11-08 19:00:00,,7.36,16.18,56.04,1.14
2023-11-08 20:00:00,,6.16,15.85,46.47,1.17
2023-11-08 21:00:00,,7.32,21.98,26.46,1.87
2023-11-08 22:00:00,,8.8,22.07,26.79,2.2
2023-11-08 23:00:00,,7.04,26.41,19.01,1.81
2023-11-09 00:00:00,,6.08,15.97,35.61,1.16
2023-11-09 01:00:00,,5.49,4.18,59.23,0.53
2023-11-09 02:00:00,,5.48,4.43,52.21,0.66
2023-11-09 03:00:00,,5.45,5.22,46.62,0.63
2023-11-09 04:00:00,,5.46,4.41,40.13,0.62
2023-11-09 05:00:00,,5.49,5.67,36.12,0.79
2023-11-09 06:00:00,,5.45,6.77,30.81,0.76
2023-11-09 07:00:00,,5.62,6.08,38.74,0.64
2023-11-09 08:00:00,,5.15,4.52,48.6,0.54
2023-11-09 09:00:00,,5.07,4.51,41.16,0.48
2023-11-09 10:00:00,,4.55,4.16,47.67,0.35
2023-11-09 11:00:00,,4.61,3.82,49.63,0.27
2023-11-09 12:00:00,,4.9,4.44,55.85,0.29
2023-11-09 13:00:00,,5.04,5.89,56.39,0.46
2023-11-09 14:00:00,,4.76,3.91,58.83,0.32
2023-11-09 15:00:00,,4.64,3.81,58.32,0.27
2023-11-09 16:00:00,,4.65,5.51,57.35,0.34
2023-11-09 17:00:00,,4.86,8.39,54.45,0.43
2023-11-09 18:00:00,,4.88,5.39,53.56,0.34
2023-11-09 19:00:00,,4.9,6.87,46.94,0.4
2023-11-09 20:00:00,,5.09,8.9,38.81,0.52
2023-11-09 21:00:00,,5.31,9.96,31.64,0.56
2023-11-09 22:00:00,,4.85,5.65,37.08,0.41
2023-11-09 23:00:00,,4.5,2.9,43.2,0.29
2023-11-10 00:00:00,,4.43,2.24,41.1,0.24
2023-11-10 01:00:00,,4.42,1.68,38.83,0.23
2023-11-10 02:00:00,,4.32,1.68,37.6,0.32
2023-11-10 03:00:00,,4.34,1.77,35.56,0.35
2023-11-10 04:00:00,,4.36,1.48,36.24,0.35
2023-11-10 05:00:00,,4.36,1.87,32.01,0.36
2023-11-10 06:00:00,,4.41,3.01,27.32,0.38
2023-11-10 07:00:00,,4.97,5.41,27.88,0.47
2023-11-10 08:00:00,,4.71,5.59,36.05,0.46
2023-11-10 09:00:00,,4.58,5.37,44.49,0.47
2023-11-10 10:00:00,,4.68,4.84,58.34,0.47
2023-11-10 11:00:00,,4.47,3.81,66.8,0.48
2023-11-10 12:00:00,,4.39,3.91,72.08,0.48
2023-11-10 13:00:00,,4.47,3.15,71.01,0.49
2023-11-10 14:00:00,,4.54,3.59,71.03,0.5
2023-11-10 15:00:00,,4.57,3.08,71.22,0.48
2023-11-10 16:00:00,,4.5,3.64,63.85,0.56
2023-11-10 17:00:00,,4.76,3.75,55.47,0.55
2023-11-10 18:00:00,,4.62,5.94,44.45,0.61
2023-11-10 19:00:00,,4.93,6.54,39.77,0.68
2023-11-10 20:00:00,,4.76,6.07,39.03,0.65
2023-11-10 21:00:00,,4.74,6.16,36.55,0.65
2023-11-10 22:00:00,,4.99,4.82,38.9,0.61
2023-11-10 23:00:00,,4.73,5.37,35.11,0.62
2023-11-11 00:00:00,,4.53,3.99,35.09,0.56
2023-11-11 01:00:00,,4.58,3.95,35.01,0.5
2023-11-11 02:00:00,,4.41,2.43,38.62,0.33
2023-11-11 03:00:00,,4.47,2.0,38.09,0.36
2023-11-11 04:00:00,,4.44,2.63,35.64,0.39
2023-11-11 05:00:00,,4.46,3.14,30.69,0.44
2023-11-11 06:00:00,,4.49,4.15,22.64,0.43
2023-11-11 07:00:00,,4.98,4.75,23.33,0.55
2023-11-11 08:00:00,,5.4,6.49,25.83,0.8
2023-11-11 09:00:00,,5.75,6.32,31.4,0.75
2023-11-11 10:00:00,,5.61,8.41,44.29,0.91
2023-11-11 11:00:00,,5.4,8.26,53.29,0.78
2023-11-11 12:00:00,,5.5,4.48,61.38,0.67
2023-11-11 13:00:00,,5.25,4.52,61.28,0.62
2023-11-11 14:00:00,,5.18,2.78,50.3,0.67
2023-11-11 15:00:00,,5.66,4.58,45.95,0.76
2023-11-11 16:00:00,,5.59,5.52,50.08,0.85
2023-11-11 17:00:00,,5.39,6.45,55.74,0.89
2023-11-11 18:00:00,,5.18,6.4,67.57,0.76
2023-11-11 19:00:00,,4.92,5.29,69.27,0.78
2023-11-11 20:00:00,,4.7,4.32,76.53,0.7
2023-11-11 21:00:00,,4.76,4.63,71.88,0.78
2023-11-11 22:00:00,,5.84,3.99,77.36,0.91
2023-11-11 23:00:00,,6.0,6.23,55.01,1.43
2023-11-12 00:00:00,,5.2,5.21,51.87,1
2023-11-12 01:00:00,,5.36,3.74,73.03,0.62
2023-11-12 02:00:00,,5.81,4.61,68.46,0.57
2023-11-12 03:00:00,,4.95,2.8,54.08,0.71
2023-11-12 04:00:00,,4.87,2.97,42.9,0.68
2023-11-12 05:00:00,,5.23,2.58,49.11,0.63
2023-11-12 06:00:00,,5.25,1.6,58.09,0.55
2023-11-12 07:00:00,,5.33,2.89,49.17,0.57
2023-11-12 08:00:00,,5.28,3.57,51.06,0.53
2023-11-12 09:00:00,,5.35,5.39,51.03,0.64
2023-11-12 10:00:00,,5.24,8.36,40.21,0.81
2023-11-12 11:00:00,,5.23,8.44,37.44,1.25
2023-11-12 12:00:00,,5.0,5.81,59.84,0.84
2023-11-12 13:00:00,,5.65,4.64,63.45,0.87
2023-11-12 14:00:00,,5.05,2.82,77.94,0.66
2023-11-12 15:00:00,,5.3,2.7,74.71,0.75
2023-11-12 16:00:00,,5.03,2.92,55.41,0.62
2023-11-12 17:00:00,,4.78,3.38,58.92,0.5
2023-11-12 18:00:00,,4.58,2.79,64.76,0.39
2023-11-12 19:00:00,,4.61,3.5,58.94,0.43
2023-11-12 20:00:00,,4.74,4.18,64.94,0.46
2023-11-12 21:00:00,,4.85,4.68,63.08,0.55
2023-11-12 22:00:00,,4.96,5.86,53.22,0.5
2023-11-12 23:00:00,,4.98,8.19,40.05,0.75
2023-11-13 00:00:00,,5.03,8.41,38.25,0.71
2023-11-13 01:00:00,,4.71,3.33,59.53,0.5
2023-11-13 02:00:00,,4.52,1.1,73.18,0.53
2023-11-13 03:00:00,,5.05,1.86,75.28,0.62
2023-11-13 04:00:00,,4.91,2.54,63.65,0.64
2023-11-13 05:00:00,,4.97,4.51,56.79,0.59
2023-11-13 06:00:00,,5.16,6.81,53.98,0.76
2023-11-13 07:00:00,,5.24,9.26,57.13,0.73
2023-11-13 08:00:00,,4.98,10.32,37.62,1.14
2023-11-13 09:00:00,,6.02,15.07,35.24,1.08
2023-11-13 10:00:00,,5.48,12.2,53.41,0.94
2023-11-13 11:00:00,,5.37,11.06,60.15,0.95
2023-11-13 12:00:00,,5.61,9.91,61.29,0.9
2023-11-13 13:00:00,,5.9,10.73,49.64,1.01
2023-11-13 14:00:00,,5.17,8.44,56.22,0.92
2023-11-13 15:00:00,,4.88,7.7,56.76,0.81
2023-11-13 16:00:00,,5.1,8.81,53.64,0.81
2023-11-13 17:00:00,,5.02,6.63,55.9,0.61
2023-11-13 18:00:00,,5.24,8.89,51.45,0.65
2023-11-13 19:00:00,,6.02,13.74,45.73,0.96
2023-11-13 20:00:00,,5.82,10.4,45.36,0.84
2023-11-13 21:00:00,,5.75,8.77,36.94,0.71
2023-11-13 22:00:00,,5.91,14.2,23.32,1.09
2023-11-13 23:00:00,,5.98,12.85,17.16,1.09
2023-11-14 00:00:00,,5.72,12.01,17.42,1.12
2023-11-14 01:00:00,,5.73,10.34,17.9,0.95
2023-11-14 02:00:00,,5.8,11.43,18.85,0.98
2023-11-14 03:00:00,,5.7,10.51,18.45,0.91
2023-11-14 04:00:00,,5.8,7.62,18.97,0.9
2023-11-14 05:00:00,,5.61,4.6,22.7,0.69
2023-11-14 06:00:00,,6.29,6.1,16.2,0.84
2023-11-14 07:00:00,,6.03,8.1,22.98,0.76
2023-11-14 08:00:00,,5.68,10.05,24.12,0.84
2023-11-14 09:00:00,,5.53,8.21,36.41,0.71
2023-11-14 10:00:00,,5.21,7.67,38.75,0.63
2023-11-14 11:00:00,,5.33,7.94,39.45,0.62
2023-11-14 12:00:00,,5.44,8.75,40.41,0.67
2023-11-14 13:00:00,,5.52,11.3,43.63,0.65
2023-11-14 14:00:00,,5.96,13.36,49.92,0.89
2023-11-14 15:00:00,,6.01,8.9,63.71,0.69
2023-11-14 16:00:00,,5.99,9.87,57.92,0.67
2023-11-14 17:00:00,,6.15,10.33,59.88,0.68
2023-11-14 18:00:00,,6.36,14.09,47.94,0.99
2023-11-14 19:00:00,,6.36,14.81,31.5,1.01
2023-11-14 20:00:00,,6.38,14.01,26.52,1.05
2023-11-14 21:00:00,,6.17,9.8,39.64,0.88
2023-11-14 22:00:00,,7.86,7.62,46.78,0.95
2023-11-14 23:00:00,,7.41,4.36,46.06,0.66
2023-11-15 00:00:00,,5.74,3.56,44.3,0.5
2023-11-15 01:00:00,,5.04,2.6,43.22,0.4
2023-11-15 02:00:00,,4.88,1.85,47.43,0.49
2023-11-15 03:00:00,,4.66,1.02,52.73,0.41
2023-11-15 04:00:00,,4.73,1.65,49.56,0.52
2023-11-15 05:00:00,,4.66,1.98,38.28,0.48
2023-11-15 06:00:00,,4.59,1.99,43.43,0.63
2023-11-15 07:00:00,,5.59,4.98,41.25,0.56
2023-11-15 08:00:00,,4.93,3.8,44.89,0.27
2023-11-15 09:00:00,,5.49,4.4,40.86,0.8
2023-11-15 10:00:00,,5.14,5.31,43.13,0.74
2023-11-15 11:00:00,,4.95,5.52,43.89,0.86
2023-11-15 12:00:00,,5.09,6.13,44.35,0.85
2023-11-15 13:00:00,,6.05,6.74,35.6,1.03
2023-11-15 14:00:00,,5.51,4.64,38.58,1.04
2023-11-15 15:00:00,,5.77,5.38,38.47,0.96
2023-11-15 16:00:00,,5.75,5.62,36.23,0.94
2023-11-15 17:00:00,,5.71,8.4,37.47,1.17
2023-11-15 18:00:00,,5.38,8.08,51.28,1.3
2023-11-15 19:00:00,,5.97,16.38,45.52,0.45
2023-11-15 20:00:00,,5.6,9.79,43.69,1.1
2023-11-15 21:00:00,,6.35,13.35,30.6,1.6
2023-11-15 22:00:00,,5.99,11.87,32.87,1.46
2023-11-15 23:00:00,,6.25,11.4,31.07,1.59
2023-11-16 00:00:00,,5.67,8.94,30.47,1.23
2023-11-16 01:00:00,,5.92,10.64,22.34,0.99
2023-11-16 02:00:00,,5.64,7.42,23.61,1.06
2023-11-16 03:00:00,,5.1,5.04,28.24,0.77
2023-11-16 04:00:00,,5.5,4.31,29.5,0.73
2023-11-16 05:00:00,,5.42,5.41,27.71,0.9
2023-11-16 06:00:00,,5.66,8.47,24.93,1.28
2023-11-16 07:00:00,,6.17,12.9,20.14,1.12
2023-11-16 08:00:00,,5.69,13.23,21.68,1.28
2023-11-16 09:00:00,,4.13,11.41,22.26,1.12
2023-11-16 10:00:00,,3.97,10.56,23.54,0.83
2023-11-16 11:00:00,,3.62,8.24,28.95,0.82
2023-11-16 12:00:00,,3.76,8.68,33.17,0.92
2023-11-16 13:00:00,,4.36,11.22,27.25,1.09
2023-11-16 14:00:00,,3.61,7.56,36.52,0.91
2023-11-16 15:00:00,,3.51,7.4,57.43,0.78
2023-11-16 16:00:00,,3.69,6.76,61.93,0.66
2023-11-16 17:00:00,,3.71,6.75,54.75,0.67
2023-11-16 18:00:00,,3.85,8.32,48.78,0.78
2023-11-16 19:00:00,,4.27,13.16,34.53,0.94
2023-11-16 20:00:00,,3.95,12.4,23.83,0.86
2023-11-16 21:00:00,,3.92,13.05,24.92,0.85
2023-11-16 22:00:00,,3.83,5.68,43.13,0.55
2023-11-16 23:00:00,,3.76,3.57,47.18,0.51
2023-11-17 00:00:00,,3.83,2.43,48.86,0.49
2023-11-17 01:00:00,,3.82,2.15,53.02,0.43
2023-11-17 02:00:00,,3.55,1.3,54.59,0.27
2023-11-17 03:00:00,,3.68,1.58,51.03,0.28
2023-11-17 04:00:00,,3.57,0.47,55.29,0.28
2023-11-17 05:00:00,,3.47,0.47,58.23,0.28
2023-11-17 06:00:00,,3.51,2.23,59.97,0.25
2023-11-17 07:00:00,,3.57,4.32,55.54,0.31
2023-11-17 08:00:00,,3.53,4.97,56.94,0.44
2023-11-17 09:00:00,,3.78,4.63,55.99,0.34
2023-11-17 10:00:00,,3.83,5.96,52.11,0.35
2023-11-17 11:00:00,,3.76,7.84,47.41,0.39
2023-11-17 12:00:00,,3.81,7.7,47.13,0.4
2023-11-17 13:00:00,,3.83,7.09,48.77,0.42
2023-11-17 14:00:00,,4.07,10.08,54.59,0.6
2023-11-17 15:00:00,,3.94,13.39,53.08,0.58
2023-11-17 16:00:00,,3.83,9.03,51.86,0.53
2023-11-17 17:00:00,,4.13,8.56,43.01,0.55
2023-11-17 18:00:00,,5.11,19.34,21.21,0.99
2023-11-17 19:00:00,,4.31,13.33,38.11,0.87
2023-11-17 20:00:00,,4.18,12.86,40.24,0.83
2023-11-17 21:00:00,,3.93,14.44,42.91,0.77
2023-11-17 22:00:00,,3.99,6.97,70.1,0.75
2023-11-17 23:00:00,,3.83,5.1,81.16,0.69
2023-11-18 00:00:00,,3.82,3.03,82.61,0.59
2023-11-18 01:00:00,,3.93,1.91,83.22,0.53
2023-11-18 02:00:00,,3.89,2.68,80.59,0.55
2023-11-18 03:00:00,,3.85,1.56,95.5,0.58
2023-11-18 04:00:00,,3.83,1.97,85.56,0.59
2023-11-18 05:00:00,,3.93,2.53,67.74,0.61
2023-11-18 06:00:00,,4.35,7.44,85.89,0.58
2023-11-18 07:00:00,,4.12,6.26,88.02,0.73
2023-11-18 08:00:00,,5.03,11.66,64.01,0.72
2023-11-18 09:00:00,,4.48,9.57,67.51,0.72
2023-11-18 10:00:00,,4.55,7.21,73.1,0.64
2023-11-18 11:00:00,,4.96,7.92,74.08,0.5
2023-11-18 12:00:00,,5.15,9.48,72.06,0.34
2023-11-18 13:00:00,,6.63,10.07,71.2,0.34
2023-11-18 14:00:00,,6.21,9.84,69.52,0.34
2023-11-18 15:00:00,,5.46,6.07,75.89,0.41
2023-11-18 16:00:00,,5.72,8.88,64.71,0.31
2023-11-18 17:00:00,,7.79,4.38,72.94,0.19
2023-11-18 18:00:00,,7.05,9.67,63.77,0.21
2023-11-18 19:00:00,,15.88,13.61,44.93,0.26
2023-11-18 20:00:00,,11.79,12.51,41.02,0.49
2023-11-18 21:00:00,,16.57,10.9,45.13,0.44
2023-11-18 22:00:00,,18.66,10.3,42.55,0.43
2023-11-18 23:00:00,,14.09,11.82,38.31,0.39
2023-11-19 00:00:00,,9.08,8.97,40.59,0.33
2023-11-19 01:00:00,,6.84,8.98,36.94,0.3
2023-11-19 02:00:00,,6.04,3.77,40.48,0.24
2023-11-19 03:00:00,,5.25,3.18,43.53,0.22
2023-11-19 04:00:00,,5.05,1.06,53.58,0.14
2023-11-19 05:00:00,,4.68,0.47,52.75,0.13
2023-11-19 06:00:00,,4.33,0.95,48.14,0.11
2023-11-19 07:00:00,,4.05,1.5,44.2,0.1
2023-11-19 08:00:00,,3.79,1.6,47.43,0.14
2023-11-19 09:00:00,,3.55,1.34,50.13,0.12
2023-11-19 10:00:00,,3.67,2.04,53.7,0.1
2023-11-19 11:00:00,,3.71,2.99,57.19,0.17
2023-11-19 12:00:00,,3.69,3.22,59.43,0.19
2023-11-19 13:00:00,,3.71,4.04,64.0,0.27
2023-11-19 14:00:00,,3.63,3.02,66.43,0.25
2023-11-19 15:00:00,,3.82,2.98,70.71,0.2
2023-11-19 16:00:00,,4.03,4.36,71.16,0.23
2023-11-19 17:00:00,,4.17,2.99,69.86,0.18
2023-11-19 18:00:00,,3.81,3.75,63.74,0.19
2023-11-19 19:00:00,,3.76,5.46,56.72,0.22
2023-11-19 20:00:00,,3.9,10.46,43.31,0.36
2023-11-19 21:00:00,,4.01,15.97,33.45,0.47
2023-11-19 22:00:00,,3.56,7.49,43.23,0.27
2023-11-19 23:00:00,,3.73,6.65,40.65,0.29
2023-11-20 00:00:00,,3.62,5.77,36.59,0.32
2023-11-20 01:00:00,,3.58,6.22,27.47,0.27
2023-11-20 02:00:00,,3.47,5.32,18.21,0.27
2023-11-20 03:00:00,,3.6,4.62,15.54,0.24
2023-11-20 04:00:00,,3.55,4.59,13.13,0.24
2023-11-20 05:00:00,,3.52,4.56,10.98,0.3
2023-11-20 06:00:00,,4.43,11.78,10.55,0.64
2023-11-20 07:00:00,,4.67,13.89,12.84,0.58
2023-11-20 08:00:00,,4.61,17.14,17.47,0.81
2023-11-20 09:00:00,,4.03,10.94,32.1,0.47
2023-11-20 10:00:00,,3.47,6.16,48.91,0.23
2023-11-20 11:00:00,,3.45,5.02,58.06,0.11
2023-11-20 12:00:00,,3.72,4.11,60.78,0.15
2023-11-20 13:00:00,,3.77,5.22,62.88,0.13
2023-11-20 14:00:00,,3.75,5.9,67.45,0.15
2023-11-20 15:00:00,,3.75,4.11,75.56,0.14
2023-11-20 16:00:00,,3.79,3.77,73.53,0.13
2023-11-20 17:00:00,,3.76,3.96,70.12,0.13
2023-11-20 18:00:00,,3.85,6.42,65.74,0.19
2023-11-20 19:00:00,,3.92,11.0,51.28,0.28
2023-11-20 20:00:00,,3.85,17.84,33.88,0.37
2023-11-20 21:00:00,,4.12,22.77,21.6,0.49
2023-11-20 22:00:00,,4.13,17.16,25.33,0.45
2023-11-20 23:00:00,,4.47,18.93,13.37,0.53
2023-11-21 00:00:00,,4.41,15.56,13.29,0.51
2023-11-21 01:00:00,,4.35,13.32,11.32,0.4
2023-11-21 02:00:00,,4.39,10.61,10.06,0.49
2023-11-21 03:00:00,,3.68,9.59,10.97,0.37
2023-11-21 04:00:00,,3.58,7.27,10.52,0.34
2023-11-21 05:00:00,,3.67,6.24,10.74,0.32
2023-11-21 06:00:00,,3.95,8.67,10.75,0.44
2023-11-21 07:00:00,,4.71,15.64,11.52,0.79
2023-11-21 08:00:00,,5.0,22.75,19.99,0.96
2023-11-21 09:00:00,,5.03,20.86,36.8,0.72
2023-11-21 10:00:00,,5.03,11.35,59.67,0.42
2023-11-21 11:00:00,,10.58,7.16,68.79,0.37
2023-11-21 12:00:00,,15.58,9.71,82.53,0.39
2023-11-21 13:00:00,,8.24,5.29,102.4,0.37
2023-11-21 14:00:00,,6.24,4.43,110.5,0.34
2023-11-21 15:00:00,,5.4,3.89,111.0,0.39
2023-11-21 16:00:00,,5.25,3.64,106.3,0.36
2023-11-21 17:00:00,,5.2,5.26,110.8,0.3
2023-11-21 18:00:00,,5.31,11.62,113.2,0.44
2023-11-21 19:00:00,,5.21,10.86,90.86,0.43
2023-11-21 20:00:00,,4.99,11.25,80.85,0.46
2023-11-21 21:00:00,,4.86,14.41,63.74,0.63
2023-11-21 22:00:00,,5.18,18.13,46.52,0.62
2023-11-21 23:00:00,,5.57,13.03,48.12,0.53
2023-11-22 00:00:00,,5.32,13.05,36.48,0.52
2023-11-22 01:00:00,,4.75,9.95,32.27,0.45
2023-11-22 02:00:00,,4.81,13.42,18.09,0.52
2023-11-22 03:00:00,,4.62,11.29,18.85,0.49
2023-11-22 04:00:00,,4.95,10.46,22.47,0.47
2023-11-22 05:00:00,,4.54,7.16,28.54,0.39
2023-11-22 06:00:00,,3.8,1.84,64.46,0.21
2023-11-22 07:00:00,,3.81,3.8,63.66,0.19
2023-11-22 08:00:00,,3.79,3.93,63.71,0.18
2023-11-22 09:00:00,,3.84,2.87,62.09,0.16
2023-11-22 10:00:00,,3.81,2.81,60.02,0.18
2023-11-22 11:00:00,,3.79,2.43,63.02,0.17
2023-11-22 12:00:00,,3.86,3.31,54.56,0.17
2023-11-22 13:00:00,,3.78,4.13,54.59,0.18
2023-11-22 14:00:00,,3.77,5.4,53.62,0.2
2023-11-22 15:00:00,,3.78,7.06,49.34,0.28
2023-11-22 16:00:00,,3.83,7.78,54.47,0.37
2023-11-22 17:00:00,,3.82,8.63,51.26,0.3
2023-11-22 18:00:00,,3.82,11.92,41.51,0.38
2023-11-22 19:00:00,,3.89,7.29,40.12,0.27
2023-11-22 20:00:00,,3.81,3.86,55.87,0.22
2023-11-22 21:00:00,,4.0,4.45,53.91,0.25
2023-11-22 22:00:00,,3.81,3.35,54.92,0.17
2023-11-22 23:00:00,,3.94,3.41,51.2,0.16
2023-11-23 00:00:00,,3.84,2.97,45.3,0.15
2023-11-23 01:00:00,,3.84,2.93,41.37,0.13
2023-11-23 02:00:00,,3.82,2.28,38.83,0.25
2023-11-23 03:00:00,,3.83,1.52,42.4,0.25
2023-11-23 04:00:00,,3.88,1.11,45.18,0.23
2023-11-23 05:00:00,,3.82,1.19,45.88,0.25
2023-11-23 06:00:00,,3.79,2.69,37.5,0.32
2023-11-23 07:00:00,,3.84,4.07,26.11,0.3
2023-11-23 08:00:00,,3.82,4.2,40.56,0.33
2023-11-23 09:00:00,,3.83,2.59,47.27,0.24
2023-11-23 10:00:00,,3.79,2.5,50.47,0.21
2023-11-23 11:00:00,,3.85,2.5,56.15,0.25
2023-11-23 12:00:00,,4.95,2.83,59.94,0.25
2023-11-23 13:00:00,,4.99,3.85,56.68,0.21
2023-11-23 14:00:00,,4.85,2.82,59.03,0.24
2023-11-23 15:00:00,,5.62,3.11,61.3,0.22
2023-11-23 16:00:00,,4.88,2.28,60.13,0.2
2023-11-23 17:00:00,,4.9,2.94,52.93,0.2
2023-11-23 18:00:00,,5.23,4.74,50.42,0.22
2023-11-23 19:00:00,,5.12,6.74,42.77,0.22
2023-11-23 20:00:00,,5.7,8.96,37.27,0.27
2023-11-23 21:00:00,,5.69,8.79,35.61,0.33
2023-11-23 22:00:00,,6.57,14.19,24.6,0.5
2023-11-23 23:00:00,,6.86,15.32,19.22,0.63
2023-11-24 00:00:00,,5.64,9.02,23.05,0.38
2023-11-24 01:00:00,,5.71,7.5,14.86,0.33
2023-11-24 02:00:00,,5.95,6.24,12.0,0.33
2023-11-24 03:00:00,,6.14,4.64,13.61,0.28
2023-11-24 04:00:00,,6.15,5.57,10.81,0.25
2023-11-24 05:00:00,,5.71,5.28,11.09,0.34
2023-11-24 06:00:00,,6.04,6.64,10.62,0.32
2023-11-24 07:00:00,,6.58,11.71,12.75,0.46
2023-11-24 08:00:00,,8.19,17.98,18.04,0.81
2023-11-24 09:00:00,,14.67,19.23,40.25,0.43
2023-11-24 10:00:00,,23.07,19.84,30.47,0.46
2023-11-24 11:00:00,,19.68,13.13,67.97,0.31
2023-11-24 12:00:00,,10.06,10.5,87.06,0.28
2023-11-24 13:00:00,,6.6,5.77,76.6,0.15
2023-11-24 14:00:00,,5.8,7.57,69.96,0.19
2023-11-24 15:00:00,,4.81,2.93,63.87,0.05
2023-11-24 16:00:00,,4.97,2.16,63.29,0.05
2023-11-24 17:00:00,,5.03,3.66,55.9,0.05
2023-11-24 18:00:00,,4.82,3.84,49.57,0.11
2023-11-24 19:00:00,,9.13,6.0,43.51,0.05
2023-11-24 20:00:00,,8.54,5.23,37.61,0.15
2023-11-24 21:00:00,,5.33,4.2,40.3,0.18
2023-11-24 22:00:00,,5.19,4.73,40.17,0.19
2023-11-24 23:00:00,,5.16,3.8,41.36,0.17
2023-11-25 00:00:00,,5.04,3.6,46.41,0.15
2023-11-25 01:00:00,,4.93,4.54,38.06,0.14
2023-11-25 02:00:00,,5.43,5.31,28.33,0.27
2023-11-25 03:00:00,,5.11,5.26,21.38,0.29
2023-11-25 04:00:00,,5.73,5.89,12.58,0.33
2023-11-25 05:00:00,,6.51,4.99,16.73,0.28
2023-11-25 06:00:00,,5.76,5.48,13.42,0.3
2023-11-25 07:00:00,,5.83,7.69,20.03,0.4
2023-11-25 08:00:00,,5.42,5.9,30.52,0.3
2023-11-25 09:00:00,,5.19,4.49,39.51,0.31
2023-11-25 10:00:00,,4.88,3.72,47.14,0.36
2023-11-25 11:00:00,,5.02,2.67,48.92,0.26
2023-11-25 12:00:00,,4.89,3.09,54.26,0.32
2023-11-25 13:00:00,,5.06,2.13,51.48,0.24
2023-11-25 14:00:00,,5.04,1.9,52.55,0.23
2023-11-25 15:00:00,,5.09,3.33,49.73,0.27
2023-11-25 16:00:00,,5.06,2.13,54.17,0.24
2023-11-25 17:00:00,,5.79,2.39,49.67,0.28
2023-11-25 18:00:00,,7.11,2.41,46.04,0.27
2023-11-25 19:00:00,,5.26,3.01,43.26,0.28
2023-11-25 20:00:00,,6.16,4.66,42.16,0.34
2023-11-25 21:00:00,,6.98,4.86,39.15,0.49
2023-11-25 22:00:00,,6.05,3.7,34.73,0.46
2023-11-25 23:00:00,,5.93,4.78,29.77,0.41
2023-11-26 00:00:00,,6.02,4.36,28.61,0.46
2023-11-26 01:00:00,,5.62,5.69,22.38,0.37
2023-11-26 02:00:00,,4.95,3.28,26.36,0.25
2023-11-26 03:00:00,,5.65,4.21,20.61,0.3
2023-11-26 04:00:00,,5.56,3.49,21.66,0.28
2023-11-26 05:00:00,,5.2,3.98,18.59,0.28
2023-11-26 06:00:00,,5.01,3.8,13.0,0.29
2023-11-26 07:00:00,,5.6,4.57,19.41,0.34
2023-11-26 08:00:00,,4.88,3.39,29.41,0.21
2023-11-26 09:00:00,,5.03,3.61,36.01,0.25
2023-11-26 10:00:00,,5.42,3.4,44.53,0.27
2023-11-26 11:00:00,,6.7,2.92,49.41,0.27
2023-11-26 12:00:00,,7.43,3.67,59.02,0.33
2023-11-26 13:00:00,,5.57,3.62,61.92,0.25
2023-11-26 14:00:00,,6.11,4.03,66.39,0.31
2023-11-26 15:00:00,,5.83,2.53,66.98,0.37
2023-11-26 16:00:00,,5.41,1.98,66.16,0.29
2023-11-26 17:00:00,,5.56,2.43,69.3,0.28
2023-11-26 18:00:00,,5.47,2.6,60.5,0.24
2023-11-26 19:00:00,,5.42,3.41,47.73,0.24
2023-11-26 20:00:00,,5.24,5.06,34.1,0.27
2023-11-26 21:00:00,,5.69,5.23,28.18,0.31
2023-11-26 22:00:00,,5.83,6.63,25.71,0.28
2023-11-26 23:00:00,,6.39,7.96,25.56,0.46
2023-11-27 00:00:00,,5.83,7.63,21.42,0.34
2023-11-27 01:00:00,,5.59,5.77,20.0,0.25
2023-11-27 02:00:00,,5.64,5.37,18.67,0.29
2023-11-27 03:00:00,,5.38,6.21,14.78,0.29
2023-11-27 04:00:00,,5.31,5.13,16.3,0.29
2023-11-27 05:00:00,,5.24,5.98,12.09,0.33
2023-11-27 06:00:00,,5.59,6.42,13.88,0.31
2023-11-27 07:00:00,,6.79,11.19,12.49,0.47
2023-11-27 08:00:00,,6.79,13.19,17.92,0.65
2023-11-27 09:00:00,,5.32,8.32,32.36,0.37
2023-11-27 10:00:00,,5.42,7.89,43.88,0.33
2023-11-27 11:00:00,,5.26,4.37,51.59,0.26
2023-11-27 12:00:00,,4.98,4.4,77.85,0.24
2023-11-27 13:00:00,,5.13,4.72,78.64,0.27
2023-11-27 14:00:00,,5.01,3.25,73.62,0.25
2023-11-27 15:00:00,,4.96,3.04,64.5,0.25
2023-11-27 16:00:00,,5.1,3.95,68.49,0.28
2023-11-27 17:00:00,,5.59,4.62,63.1,0.26
2023-11-27 18:00:00,,5.74,6.02,51.83,0.27
2023-11-27 19:00:00,,6.78,6.78,43.64,0.29
2023-11-27 20:00:00,,5.73,7.27,35.23,0.34
2023-11-27 21:00:00,,5.82,7.37,29.17,0.35
2023-11-27 22:00:00,,6.07,7.96,25.92,0.37
2023-11-27 23:00:00,,5.49,6.68,26.72,0.28
2023-11-28 00:00:00,,5.2,5.0,23.46,0.26
2023-11-28 01:00:00,,5.28,4.99,23.68,0.24
2023-11-28 02:00:00,,5.14,4.32,22.24,0.27
2023-11-28 03:00:00,,5.21,4.1,20.11,0.29
2023-11-28 04:00:00,,5.27,4.84,16.55,0.27
2023-11-28 05:00:00,,5.17,3.25,19.8,0.26
2023-11-28 06:00:00,,5.13,4.62,18.33,0.3
2023-11-28 07:00:00,,6.62,7.34,17.69,0.35
2023-11-28 08:00:00,,5.5,7.33,17.34,0.4
2023-11-28 09:00:00,,5.42,6.54,22.22,0.43
2023-11-28 10:00:00,,4.99,3.81,31.08,0.3
2023-11-28 11:00:00,,4.92,3.67,33.56,0.29
2023-11-28 12:00:00,,5.05,2.92,40.38,0.29
2023-11-28 13:00:00,,5.12,2.54,42.27,0.31
2023-11-28 14:00:00,,5.09,2.87,44.44,0.31
2023-11-28 15:00:00,,5.06,2.27,42.06,0.27
2023-11-28 16:00:00,,5.01,2.11,43.67,0.27
2023-11-28 17:00:00,,5.1,3.03,40.99,0.32
2023-11-28 18:00:00,,5.69,3.7,45.7,0.33
2023-11-28 19:00:00,,5.05,4.29,40.96,0.31
2023-11-28 20:00:00,,5.14,4.03,39.64,0.29
2023-11-28 21:00:00,,6.15,4.26,49.33,0.41
2023-11-28 22:00:00,,7.29,3.61,50.99,0.48
2023-11-28 23:00:00,,5.99,2.78,50.27,0.35
2023-11-29 00:00:00,,4.84,1.44,54.65,0.29
2023-11-29 01:00:00,,4.91,1.32,50.45,0.24
2023-11-29 02:00:00,,4.9,1.16,46.52,0.22
2023-11-29 03:00:00,,5.1,0.47,42.1,0.23
2023-11-29 04:00:00,,5.05,0.47,44.74,0.2
2023-11-29 05:00:00,,5.03,0.47,47.37,0.21
2023-11-29 06:00:00,,5.0,1.99,44.09,0.21
2023-11-29 07:00:00,,5.15,5.31,41.0,0.27
2023-11-29 08:00:00,,5.24,6.85,39.96,0.34
2023-11-29 09:00:00,,5.17,5.53,45.5,0.27
2023-11-29 10:00:00,,5.28,3.6,49.33,0.24
2023-11-29 11:00:00,,5.17,3.94,46.74,0.31
2023-11-29 12:00:00,,5.07,2.9,54.65,0.29
2023-11-29 13:00:00,,5.12,4.04,59.81,0.32
2023-11-29 14:00:00,,5.05,3.86,66.29,0.29
2023-11-29 15:00:00,,5.26,2.72,51.05,0.3
2023-11-29 16:00:00,,5.05,2.77,65.23,0.3
2023-11-29 17:00:00,,5.13,3.93,67.47,0.4
2023-11-29 18:00:00,,5.49,7.6,49.79,0.4
2023-11-29 19:00:00,,5.21,5.63,39.82,0.35
2023-11-29 20:00:00,,5.31,7.4,25.76,0.36
2023-11-29 21:00:00,,5.86,5.63,26.94,0.37
2023-11-29 22:00:00,,5.58,6.66,23.98,0.36
2023-11-29 23:00:00,,5.59,5.26,37.35,0.35
2023-11-30 00:00:00,,5.41,4.11,67.19,0.29
2023-11-30 01:00:00,,5.8,4.04,59.06,0.26
2023-11-30 02:00:00,,6.11,3.6,21.95,0.35
2023-11-30 03:00:00,,5.23,2.11,15.15,0.29
2023-11-30 04:00:00,,5.85,3.16,17.36,0.29
2023-11-30 05:00:00,,5.9,4.16,10.11,0.31
2023-11-30 06:00:00,,5.5,4.46,13.7,0.28
2023-11-30 07:00:00,,5.58,4.1,13.9,0.33
2023-11-30 08:00:00,,6.64,6.67,11.9,0.55
2023-11-30 09:00:00,,6.35,8.08,15.17,0.46
2023-11-30 10:00:00,,5.09,5.49,26.3,0.29
2023-11-30 11:00:00,,5.33,7.74,40.41,0.36
2023-11-30 12:00:00,,5.28,9.52,58.52,0.43
2023-11-30 13:00:00,,5.52,10.91,77.81,0.41
2023-11-30 14:00:00,,6.21,8.41,93.25,0.36
2023-11-30 15:00:00,,6.3,5.98,100.1,0.36
2023-11-30 16:00:00,,5.71,3.7,78.98,0.34
2023-11-30 17:00:00,,5.21,4.06,58.8,0.34
2023-11-30 18:00:00,,5.28,4.5,54.17,0.34
2023-11-30 19:00:00,,5.22,5.37,45.1,0.33
2023-11-30 20:00:00,,5.29,5.47,38.97,0.34
2023-11-30 21:00:00,,5.8,6.82,30.73,0.42
2023-11-30 22:00:00,,5.43,4.42,27.7,0.3
2023-11-30 23:00:00,,5.3,3.69,28.86,0.31
2023-12-01 00:00:00,,5.14,2.44,29.72,0.28
2023-12-01 01:00:00,,5.11,1.72,29.48,0.22
2023-12-01 02:00:00,,5.04,1.52,27.53,0.21
2023-12-01 03:00:00,,5.1,1.05,28.93,0.19
2023-12-01 04:00:00,,5.05,1.78,21.2,0.21
2023-12-01 05:00:00,,5.38,2.2,22.41,0.24
2023-12-01 06:00:00,,5.23,3.56,20.06,0.24
2023-12-01 07:00:00,,5.79,7.54,19.09,0.3
2023-12-01 08:00:00,,6.25,7.53,21.92,0.52
2023-12-01 09:00:00,,6.4,5.46,26.23,0.45
2023-12-01 10:00:00,,5.15,3.71,41.53,0.35
2023-12-01 11:00:00,,5.26,4.25,65.47,0.35
2023-12-01 12:00:00,,5.32,5.42,87.41,0.37
2023-12-01 13:00:00,,5.16,5.24,89.1,0.37
2023-12-01 14:00:00,,5.33,3.5,86.09,0.26
2023-12-01 15:00:00,,5.38,3.85,81.36,0.21
2023-12-01 16:00:00,,5.37,5.53,71.53,0.24
2023-12-01 17:00:00,,5.5,4.62,66.18,0.2
2023-12-01 18:00:00,,5.38,5.88,59.17,0.25
2023-12-01 19:00:00,,5.86,7.75,47.67,0.27
2023-12-01 20:00:00,,5.55,8.06,33.63,0.27
2023-12-01 21:00:00,,5.51,6.57,28.25,0.37
2023-12-01 22:00:00,,6.24,7.5,25.59,0.47
2023-12-01 23:00:00,,6.25,5.88,23.64,0.42
2023-12-02 00:00:00,,5.93,7.5,16.58,0.46
2023-12-02 01:00:00,,6.17,8.78,12.83,0.47
2023-12-02 02:00:00,,6.17,8.53,11.62,0.46
2023-12-02 03:00:00,,5.85,7.49,10.44,0.39
2023-12-02 04:00:00,,6.24,8.17,10.83,0.39
2023-12-02 05:00:00,,5.08,1.78,28.81,0.21
2023-12-02 06:00:00,,5.09,0.99,35.22,0.2
2023-12-02 07:00:00,,5.25,3.78,27.28,0.25
2023-12-02 08:00:00,,5.48,5.07,24.44,0.37
2023-12-02 09:00:00,,5.17,2.46,28.81,0.36
2023-12-02 10:00:00,,5.08,1.83,38.04,0.29
2023-12-02 11:00:00,,5.21,4.87,57.01,0.34
2023-12-02 12:00:00,,5.4,4.74,79.72,0.41
2023-12-02 13:00:00,,5.7,6.0,101.6,0.45
2023-12-02 14:00:00,,6.24,6.32,116.4,0.49
2023-12-02 15:00:00,,5.49,4.53,85.28,0.22
2023-12-02 16:00:00,,5.4,6.49,56.87,0.33
2023-12-02 17:00:00,,5.26,5.64,41.8,0.36
2023-12-02 18:00:00,,6.04,7.56,31.24,0.45
2023-12-02 19:00:00,,5.97,7.37,33.9,0.57
2023-12-02 20:00:00,,5.39,6.56,33.76,0.47
2023-12-02 21:00:00,,6.15,4.42,41.83,0.41
2023-12-02 22:00:00,,7.15,8.53,27.47,0.78
2023-12-02 23:00:00,,6.07,4.85,30.28,0.57
2023-12-03 00:00:00,,5.79,4.32,35.42,0.46
2023-12-03 01:00:00,,5.09,2.53,51.71,0.24
2023-12-03 02:00:00,,5.12,4.04,38.03,0.29
2023-12-03 03:00:00,,5.38,3.14,36.09,0.28
2023-12-03 04:00:00,,5.18,2.97,28.76,0.33
2023-12-03 05:00:00,,5.15,2.45,24.15,0.25
2023-12-03 06:00:00,,5.7,3.7,17.05,0.3
2023-12-03 07:00:00,,5.34,3.48,26.17,0.34
2023-12-03 08:00:00,,5.15,2.58,40.48,0.31
2023-12-03 09:00:00,,5.11,2.17,52.72,0.24
2023-12-03 10:00:00,,5.08,1.72,63.59,0.23
2023-12-03 11:00:00,,5.08,1.44,69.3,0.25
2023-12-03 12:00:00,,5.28,1.69,69.45,0.26
2023-12-03 13:00:00,,10.22,3.88,83.52,0.98
2023-12-03 14:00:00,,10.73,2.75,82.08,1.06
2023-12-03 15:00:00,,6.49,1.57,73.76,0.75
2023-12-03 16:00:00,,5.39,1.52,66.91,0.34
2023-12-03 17:00:00,,5.04,1.09,65.14,0.26
2023-12-03 18:00:00,,5.06,1.61,57.65,0.21
2023-12-03 19:00:00,,5.06,1.6,59.98,0.18
2023-12-03 20:00:00,,5.24,1.88,57.28,0.18
2023-12-03 21:00:00,,5.06,2.33,45.39,0.22
2023-12-03 22:00:00,,5.09,2.21,46.75,0.21
2023-12-03 23:00:00,,5.27,1.97,51.95,0.24
2023-12-04 00:00:00,,5.08,1.06,49.86,0.19
2023-12-04 01:00:00,,5.09,0.47,46.66,0.14
2023-12-04 02:00:00,,5.1,0.47,46.99,0.21
2023-12-04 03:00:00,,5.05,0.47,48.59,0.22
2023-12-04 04:00:00,,5.13,0.47,49.94,0.19
2023-12-04 05:00:00,,5.09,0.47,54.87,0.16
2023-12-04 06:00:00,,5.08,0.95,55.75,0.19
2023-12-04 07:00:00,,5.04,3.11,50.78,0.19
2023-12-04 08:00:00,,5.18,3.41,44.12,0.26
2023-12-04 09:00:00,,5.19,2.9,43.63,0.22
2023-12-04 10:00:00,,5.1,2.69,41.21,0.21
2023-12-04 11:00:00,,5.26,2.72,42.26,0.21
2023-12-04 12:00:00,,5.1,2.48,45.6,0.22
2023-12-04 13:00:00,,5.12,2.36,43.85,0.2
2023-12-04 14:00:00,,5.06,2.22,45.11,0.19
2023-12-04 15:00:00,,5.1,2.42,45.96,0.22
2023-12-04 16:00:00,,5.07,1.93,42.29,0.22
2023-12-04 17:00:00,,5.07,2.58,38.2,0.22
2023-12-04 18:00:00,,5.08,5.26,33.58,0.25
2023-12-04 19:00:00,,5.18,5.49,32.47,0.29
2023-12-04 20:00:00,,5.18,3.56,34.12,0.29
2023-12-04 21:00:00,,5.17,3.24,33.94,0.25
2023-12-04 22:00:00,,5.19,2.28,34.91,0.23
2023-12-04 23:00:00,,5.2,1.97,35.41,0.24
2023-12-05 00:00:00,,5.07,1.04,36.64,0.2
2023-12-05 01:00:00,,5.1,0.47,37.56,0.16
2023-12-05 02:00:00,,5.06,0.47,35.87,0.18
2023-12-05 03:00:00,,5.06,0.47,35.98,0.21
2023-12-05 04:00:00,,5.06,0.47,37.41,0.22
2023-12-05 05:00:00,,5.05,0.47,39.82,0.21
2023-12-05 06:00:00,,5.09,1.56,35.15,0.23
2023-12-05 07:00:00,,5.13,3.51,32.45,0.25
2023-12-05 08:00:00,,5.21,3.84,34.65,0.3
2023-12-05 09:00:00,,5.14,2.85,38.56,0.28
2023-12-05 10:00:00,,5.12,2.29,41.49,0.22
2023-12-05 11:00:00,,5.13,1.78,43.23,0.21
2023-12-05 12:00:00,,5.04,2.27,41.17,0.26
2023-12-05 13:00:00,,5.11,1.96,42.49,0.26
2023-12-05 14:00:00,,5.3,2.26,41.05,0.25
2023-12-05 15:00:00,,5.23,1.89,40.05,0.3
2023-12-05 16:00:00,,5.03,2.07,38.6,0.27
2023-12-05 17:00:00,,5.07,2.76,38.54,0.32
2023-12-05 18:00:00,,5.16,3.84,34.48,0.33
2023-12-05 19:00:00,,5.52,6.24,26.75,0.38
2023-12-05 20:00:00,,5.65,6.67,24.31,0.42
2023-12-05 21:00:00,,5.69,6.53,26.31,0.38
2023-12-05 22:00:00,,5.59,6.25,25.43,0.41
2023-12-05 23:00:00,,6.06,4.66,24.77,0.35
2023-12-06 00:00:00,,5.73,3.62,25.87,0.33
2023-12-06 01:00:00,,5.37,2.99,25.98,0.29
2023-12-06 02:00:00,,5.97,2.2,26.51,0.21
2023-12-06 03:00:00,,5.8,1.89,24.77,0.21
2023-12-06 04:00:00,,5.26,2.19,24.07,0.18
2023-12-06 05:00:00,,5.23,2.07,24.68,0.14
2023-12-06 06:00:00,,5.37,5.88,19.9,0.29
2023-12-06 07:00:00,,6.41,9.2,14.89,0.44
2023-12-06 08:00:00,,6.47,10.94,14.13,0.61
2023-12-06 09:00:00,,7.49,9.8,15.22,0.58
2023-12-06 10:00:00,,5.74,7.96,18.39,0.41
2023-12-06 11:00:00,,5.9,10.5,36.83,0.45
2023-12-06 12:00:00,,6.14,10.62,50.69,0.49
2023-12-06 13:00:00,,5.56,9.72,57.11,0.48
2023-12-06 14:00:00,,5.74,10.64,48.42,0.54
2023-12-06 15:00:00,,6.23,10.73,39.53,0.48
2023-12-06 16:00:00,,6.19,9.92,36.28,0.49
2023-12-06 17:00:00,,6.52,15.61,26.13,0.65
2023-12-06 18:00:00,,6.89,18.32,24.67,0.84
2023-12-06 19:00:00,,6.46,16.07,24.25,0.69
2023-12-06 20:00:00,,6.83,16.81,21.07,0.79
2023-12-06 21:00:00,,8.23,18.15,16.94,1.15
2023-12-06 22:00:00,,7.42,18.89,16.4,0.89
2023-12-06 23:00:00,,7.4,12.78,23.84,0.64
2023-12-07 00:00:00,,6.05,11.58,17.61,0.56
2023-12-07 01:00:00,,6.61,8.73,20.43,0.58
2023-12-07 02:00:00,,7.44,8.32,17.14,0.43
2023-12-07 03:00:00,,6.95,4.96,17.31,0.35
2023-12-07 04:00:00,,6.95,4.43,15.62,0.33
2023-12-07 05:00:00,,5.15,3.55,20.58,0.31
2023-12-07 06:00:00,,7.39,8.77,12.5,0.4
2023-12-07 07:00:00,,6.34,10.14,15.48,0.41
2023-12-07 08:00:00,,5.47,8.2,15.37,0.38
2023-12-07 09:00:00,,5.18,6.14,19.25,0.34
2023-12-07 10:00:00,,5.09,3.55,28.72,0.24
2023-12-07 11:00:00,,5.09,3.07,31.4,0.21
2023-12-07 12:00:00,,5.12,3.67,35.87,0.21
2023-12-07 13:00:00,,5.16,5.1,45.14,0.29
2023-12-07 14:00:00,,5.05,5.43,48.06,0.25
2023-12-07 15:00:00,,5.07,3.56,44.78,0.22
2023-12-07 16:00:00,,5.27,7.26,44.1,0.26
2023-12-07 17:00:00,,5.44,8.92,36.0,0.3
2023-12-07 18:00:00,,6.33,13.79,32.16,0.35
2023-12-07 19:00:00,,5.84,7.44,39.49,0.29
2023-12-07 20:00:00,,6.01,6.9,38.88,0.37
2023-12-07 21:00:00,,6.21,4.18,40.89,0.3
2023-12-07 22:00:00,,6.15,1.8,42.55,0.23
2023-12-07 23:00:00,,5.59,1.88,37.85,0.18
2023-12-08 00:00:00,,5.56,2.13,35.05,0.11
2023-12-08 01:00:00,,5.25,1.2,40.4,0.12
2023-12-08 02:00:00,,5.25,1.14,42.7,0.12
2023-12-08 03:00:00,,5.61,1.09,38.81,0.12
2023-12-08 04:00:00,,5.14,0.96,39.81,0.14
2023-12-08 05:00:00,,5.11,1.52,32.74,0.15
2023-12-08 06:00:00,,5.51,5.36,24.26,0.35
2023-12-08 07:00:00,,5.52,6.45,30.17,0.22
2023-12-08 08:00:00,,5.39,6.18,35.61,0.23
2023-12-08 09:00:00,,5.11,3.78,40.92,0.17
2023-12-08 10:00:00,,5.11,2.02,41.52,0.15
2023-12-08 11:00:00,,5.09,2.18,42.27,0.14
2023-12-08 12:00:00,,5.23,2.88,45.8,0.14
2023-12-08 13:00:00,,5.17,2.6,45.79,0.2
2023-12-08 14:00:00,,5.14,1.16,45.13,0.12
2023-12-08 15:00:00,,5.17,1.29,45.68,0.12
2023-12-08 16:00:00,,5.14,1.4,44.27,0.05
2023-12-08 17:00:00,,5.03,1.49,41.54,0.1
2023-12-08 18:00:00,,5.17,2.25,38.05,0.18
2023-12-08 19:00:00,,5.33,3.24,35.16,0.18
2023-12-08 20:00:00,,5.25,4.77,30.04,0.22
2023-12-08 21:00:00,,5.56,6.06,27.71,0.28
2023-12-08 22:00:00,,5.95,6.12,24.64,0.32
2023-12-08 23:00:00,,6.08,6.5,21.12,0.35
2023-12-09 00:00:00,,5.8,7.99,16.82,0.44
2023-12-09 01:00:00,,6.2,10.01,9.23,0.37
2023-12-09 02:00:00,,6.12,8.2,9.48,0.36
2023-12-09 03:00:00,,5.82,8.52,7.88,0.35
2023-12-09 04:00:00,,6.05,6.82,7.86,0.31
2023-12-09 05:00:00,,5.65,4.85,8.95,0.24
2023-12-09 06:00:00,,5.85,5.37,7.9,0.3
2023-12-09 07:00:00,,6.32,5.69,12.96,0.34
2023-12-09 08:00:00,,5.31,4.78,23.81,0.23
2023-12-09 09:00:00,,5.14,2.36,33.06,0.19
2023-12-09 10:00:00,,5.27,2.18,35.29,0.18
2023-12-09 11:00:00,,5.18,1.96,37.8,0.13
2023-12-09 12:00:00,,5.19,1.4,39.44,0.14
2023-12-09 13:00:00,,5.7,2.01,40.95,0.14
2023-12-09 14:00:00,,5.29,1.78,42.45,0.15
2023-12-09 15:00:00,,5.36,1.76,43.81,0.13
2023-12-09 16:00:00,,5.35,1.72,41.31,0.11
2023-12-09 17:00:00,,5.28,1.32,39.17,0.14
2023-12-09 18:00:00,,5.3,2.01,37.96,0.13
2023-12-09 19:00:00,,5.27,2.27,34.93,0.13
2023-12-09 20:00:00,,5.42,3.76,30.67,0.22
2023-12-09 21:00:00,,5.74,4.4,28.95,0.23
2023-12-09 22:00:00,,6.05,4.93,26.91,0.29
2023-12-09 23:00:00,,6.09,5.04,25.56,0.31
2023-12-10 00:00:00,,5.63,5.01,23.99,0.28
2023-12-10 01:00:00,,5.34,4.41,21.71,0.22
2023-12-10 02:00:00,,5.11,3.83,21.71,0.21
2023-12-10 03:00:00,,5.12,3.09,20.71,0.2
2023-12-10 04:00:00,,5.08,1.91,20.61,0.19
2023-12-10 05:00:00,,5.15,2.3,19.36,0.18
2023-12-10 06:00:00,,5.09,2.45,19.49,0.18
2023-12-10 07:00:00,,5.06,2.52,22.86,0.19
2023-12-10 08:00:00,,5.11,1.76,26.12,0.16
2023-12-10 09:00:00,,5.11,2.0,28.99,0.19
2023-12-10 10:00:00,,5.19,2.18,30.65,0.26
2023-12-10 11:00:00,,5.09,1.42,33.42,0.19
2023-12-10 12:00:00,,5.73,1.95,40.43,0.25
2023-12-10 13:00:00,,8.8,2.46,51.09,0.35
2023-12-10 14:00:00,,6.96,5.78,35.9,0.5
2023-12-10 15:00:00,,8.19,3.75,35.03,0.51
2023-12-10 16:00:00,,5.46,2.31,39.0,0.27
2023-12-10 17:00:00,,5.84,3.66,42.14,0.27
2023-12-10 18:00:00,,5.3,4.62,39.9,0.25
2023-12-10 19:00:00,,5.44,4.38,34.6,0.23
2023-12-10 20:00:00,,5.75,4.73,27.37,0.29
2023-12-10 21:00:00,,6.02,5.82,24.08,0.32
2023-12-10 22:00:00,,6.08,7.52,16.7,0.35
2023-12-10 23:00:00,,5.66,6.54,14.69,0.38
2023-12-11 00:00:00,,5.41,2.9,19.25,0.15
2023-12-11 01:00:00,,5.35,1.56,22.59,0.12
2023-12-11 02:00:00,,5.34,1.35,21.42,0.15
2023-12-11 03:00:00,,5.3,0.99,22.74,0.16
2023-12-11 04:00:00,,5.29,1.28,20.28,0.16
2023-12-11 05:00:00,,5.31,1.46,21.94,0.15
2023-12-11 06:00:00,,5.29,1.73,23.87,0.17
2023-12-11 07:00:00,,5.63,5.59,23.31,0.15
2023-12-11 08:00:00,,5.59,4.06,23.83,0.29
2023-12-11 09:00:00,,5.55,4.51,26.33,0.35
2023-12-11 10:00:00,,5.63,4.5,30.22,0.31
2023-12-11 11:00:00,,5.5,3.09,39.88,0.26
2023-12-11 12:00:00,,5.71,4.36,48.49,0.32
2023-12-11 13:00:00,,5.32,2.78,54.96,0.26
2023-12-11 14:00:00,,5.34,2.82,52.26,0.25
2023-12-11 15:00:00,,5.39,2.54,52.17,0.23
2023-12-11 16:00:00,,5.54,2.4,53.65,0.26
2023-12-11 17:00:00,,6.65,2.24,54.52,0.32
2023-12-11 18:00:00,,5.31,2.97,49.14,0.29
2023-12-11 19:00:00,,5.44,3.99,47.17,0.3
2023-12-11 20:00:00,,5.36,3.91,46.45,0.28
2023-12-11 21:00:00,,5.29,4.16,44.72,0.34
2023-12-11 22:00:00,,5.38,4.39,40.85,0.29
2023-12-11 23:00:00,,5.47,4.4,37.24,0.31
2023-12-12 00:00:00,,5.83,4.45,33.68,0.28
2023-12-12 01:00:00,,6.1,5.47,29.42,0.26
2023-12-12 02:00:00,,5.56,5.94,22.41,0.21
2023-12-12 03:00:00,,5.31,4.6,21.53,0.18
2023-12-12 04:00:00,,5.47,4.17,15.26,0.18
2023-12-12 05:00:00,,5.7,3.38,15.92,0.2
2023-12-12 06:00:00,,5.79,6.64,11.96,0.3
2023-12-12 07:00:00,,7.18,12.11,10.91,0.42
2023-12-12 08:00:00,,7.17,13.71,19.22,0.56
2023-12-12 09:00:00,,6.02,6.78,36.35,0.34
2023-12-12 10:00:00,,5.36,4.49,44.46,0.19
2023-12-12 11:00:00,,5.47,3.36,48.81,0.24
2023-12-12 12:00:00,,5.3,3.8,51.22,0.2
2023-12-12 13:00:00,,5.46,3.73,60.06,0.29
2023-12-12 14:00:00,,5.44,3.68,67.64,0.23
2023-12-12 15:00:00,,5.3,2.36,69.19,0.24
2023-12-12 16:00:00,,5.36,3.04,68.55,0.17
2023-12-12 17:00:00,,5.43,3.87,63.7,0.17
2023-12-12 18:00:00,,5.37,5.18,56.2,0.19
2023-12-12 19:00:00,,5.57,7.41,42.6,0.28
2023-12-12 20:00:00,,5.68,9.0,29.38,0.33
2023-12-12 21:00:00,,5.96,8.48,24.67,0.35
2023-12-12 22:00:00,,6.18,8.84,21.58,0.35
2023-12-12 23:00:00,,5.84,8.69,18.78,0.36
2023-12-13 00:00:00,,6.35,8.92,17.66,0.35
2023-12-13 01:00:00,,5.82,6.29,18.71,0.26
2023-12-13 02:00:00,,5.97,5.39,17.73,0.3
2023-12-13 03:00:00,,5.79,5.65,12.95,0.27
2023-12-13 04:00:00,,5.99,6.03,8.23,0.27
2023-12-13 05:00:00,,5.57,4.36,9.08,0.22
2023-12-13 06:00:00,,5.93,6.91,7.83,0.27
2023-12-13 07:00:00,,7.08,11.39,9.44,0.5
2023-12-13 08:00:00,,6.75,13.64,17.05,0.58
2023-12-13 09:00:00,,18.4,14.9,34.02,0.43
2023-12-13 10:00:00,,25.34,11.94,51.47,0.34
2023-12-13 11:00:00,,16.82,9.99,67.09,0.28
2023-12-13 12:00:00,,23.82,7.48,76.29,0.3
2023-12-13 13:00:00,,27.18,9.77,75.94,0.26
2023-12-13 14:00:00,,18.89,9.16,80.31,0.17
2023-12-13 15:00:00,,12.54,5.34,80.13,0.12
2023-12-13 16:00:00,,18.55,9.47,68.66,0.1
2023-12-13 17:00:00,,14.82,8.9,65.48,0.18
2023-12-13 18:00:00,,11.41,6.12,60.84,0.1
2023-12-13 19:00:00,,10.12,15.69,41.84,0.63
2023-12-13 20:00:00,,10.4,22.16,24.54,0.71
2023-12-13 21:00:00,,8.83,16.98,27.85,0.85
2023-12-13 22:00:00,,7.86,13.63,25.27,0.79
2023-12-13 23:00:00,,7.1,8.08,34.67,0.76
2023-12-14 00:00:00,,6.69,10.31,22.42,0.68
2023-12-14 01:00:00,,6.8,12.97,14.79,0.68
2023-12-14 02:00:00,,6.81,10.47,12.94,0.54
2023-12-14 03:00:00,,6.59,7.53,11.22,0.53
2023-12-14 04:00:00,,6.31,5.39,17.3,0.38
2023-12-14 05:00:00,,5.75,3.32,28.97,0.28
2023-12-14 06:00:00,,5.77,4.34,26.48,0.31
2023-12-14 07:00:00,,6.19,9.76,24.09,0.45
2023-12-14 08:00:00,,7.24,18.44,29.34,0.68
2023-12-14 09:00:00,,6.52,10.57,40.54,0.52
2023-12-14 10:00:00,,6.52,10.33,63.62,0.49
2023-12-14 11:00:00,,6.56,6.56,71.01,0.37
2023-12-14 12:00:00,,7.61,8.89,74.62,0.41
2023-12-14 13:00:00,,9.72,10.74,78.38,0.33
2023-12-14 14:00:00,,11.32,10.73,82.18,0.23
2023-12-14 15:00:00,,15.68,12.41,75.57,0.2
2023-12-14 16:00:00,,18.01,12.68,83.67,0.11
2023-12-14 17:00:00,,10.94,5.38,89.65,0.05
2023-12-14 18:00:00,,8.47,4.68,76.12,0.1
2023-12-14 19:00:00,,7.6,7.39,65.33,0.05
2023-12-14 20:00:00,,9.35,13.62,43.72,0.25
2023-12-14 21:00:00,,8.73,6.67,49.84,0.53
2023-12-14 22:00:00,,6.65,5.2,51.16,0.41
2023-12-14 23:00:00,,6.51,5.26,54.45,0.36
2023-12-15 00:00:00,,6.69,9.82,29.68,0.61
2023-12-15 01:00:00,,6.26,4.94,38.55,0.29
2023-12-15 02:00:00,,6.41,7.45,28.93,0.35
2023-12-15 03:00:00,,6.66,5.78,28.3,0.32
2023-12-15 04:00:00,,6.56,3.23,31.57,0.31
2023-12-15 05:00:00,,6.53,4.4,28.98,0.35
2023-12-15 06:00:00,,6.5,8.03,16.08,0.5
2023-12-15 07:00:00,,6.98,10.72,16.92,0.53
2023-12-15 08:00:00,,6.59,10.97,26.0,0.55
2023-12-15 09:00:00,,6.69,11.27,45.4,0.54
2023-12-15 10:00:00,,6.54,20.38,130.9,0.63
2023-12-15 11:00:00,,6.54,10.76,109.0,0.45
2023-12-15 12:00:00,,7.19,10.99,111.9,0.45
2023-12-15 13:00:00,,9.44,13.31,157.9,0.22
2023-12-15 14:00:00,,12.21,7.58,134.6,0.35
2023-12-15 15:00:00,,11.04,6.01,113.7,0.28
2023-12-15 16:00:00,,9.4,5.4,120.9,0.3
2023-12-15 17:00:00,,8.16,3.75,86.08,0.25
2023-12-15 18:00:00,,7.92,4.72,69.92,0.21
2023-12-15 19:00:00,,7.15,4.16,66.39,0.16
2023-12-15 20:00:00,,7.0,9.3,47.95,0.35
2023-12-15 21:00:00,,6.85,8.88,45.92,0.62
2023-12-15 22:00:00,,5.6,3.32,58.07,0.44
2023-12-15 23:00:00,,5.71,4.0,54.9,0.52
2023-12-16 00:00:00,,5.45,2.53,58.7,0.47
2023-12-16 01:00:00,,5.61,2.96,50.68,0.44
2023-12-16 02:00:00,,5.47,1.92,45.59,0.26
2023-12-16 03:00:00,,5.79,3.16,32.1,0.33
2023-12-16 04:00:00,,5.62,3.92,22.57,0.34
2023-12-16 05:00:00,,5.67,3.05,29.68,0.28
2023-12-16 06:00:00,,5.83,3.21,23.24,0.33
2023-12-16 07:00:00,,6.24,5.55,18.59,0.43
2023-12-16 08:00:00,,5.92,5.75,19.4,0.4
2023-12-16 09:00:00,,6.06,8.51,19.73,0.54
2023-12-16 10:00:00,,6.85,11.63,40.68,0.72
2023-12-16 11:00:00,,7.19,15.51,114.7,0.56
2023-12-16 12:00:00,,6.49,16.85,140.3,0.54
2023-12-16 13:00:00,,6.56,12.36,165.3,0.56
2023-12-16 14:00:00,,7.54,13.8,148.0,0.42
2023-12-16 15:00:00,,11.87,7.2,116.5,0.31
2023-12-16 16:00:00,,14.99,8.07,96.67,0.28
2023-12-16 17:00:00,,15.52,10.16,86.75,0.39
2023-12-16 18:00:00,,14.6,9.03,99.0,0.31
2023-12-16 19:00:00,,10.93,8.96,91.49,0.41
2023-12-16 20:00:00,,9.26,13.41,57.45,0.42
2023-12-16 21:00:00,,8.45,17.29,33.73,0.72
2023-12-16 22:00:00,,9.71,13.75,36.88,0.9
2023-12-16 23:00:00,,9.77,11.23,32.64,0.75
2023-12-17 00:00:00,,8.46,11.09,22.13,0.85
2023-12-17 01:00:00,,7.99,9.74,15.45,0.76
2023-12-17 02:00:00,,8.45,10.42,12.37,0.94
2023-12-17 03:00:00,,7.71,9.75,9.81,0.86
2023-12-17 04:00:00,,6.46,5.92,8.41,0.47
2023-12-17 05:00:00,,6.58,4.8,8.97,0.39
2023-12-17 06:00:00,,6.35,3.63,9.32,0.31
2023-12-17 07:00:00,,6.05,1.97,13.64,0.24
2023-12-17 08:00:00,,6.13,3.0,23.8,0.31
2023-12-17 09:00:00,,6.31,3.18,43.46,0.32
2023-12-17 10:00:00,,5.44,2.96,61.24,0.27
2023-12-17 11:00:00,,5.66,3.05,67.66,0.21
2023-12-17 12:00:00,,5.87,3.5,66.28,0.17
2023-12-17 13:00:00,,10.1,6.66,67.4,0.14
2023-12-17 14:00:00,,13.83,10.09,76.84,0.05
2023-12-17 15:00:00,,11.16,2.84,82.42,0.05
2023-12-17 16:00:00,,8.89,1.46,94.89,0.16
2023-12-17 17:00:00,,8.13,2.9,85.4,0.27
2023-12-17 18:00:00,,6.53,2.6,74.6,0.05
2023-12-17 19:00:00,,6.54,4.42,65.78,0.05
2023-12-17 20:00:00,,7.21,7.73,51.15,0.05
2023-12-17 21:00:00,,6.53,7.86,41.78,0.05
2023-12-17 22:00:00,,6.43,8.47,32.85,0.14
2023-12-17 23:00:00,,6.91,10.38,22.21,0.31
2023-12-18 00:00:00,,6.1,7.07,16.02,0.27
2023-12-18 01:00:00,,5.87,4.48,15.34,0.21
2023-12-18 02:00:00,,5.97,5.25,13.07,0.31
2023-12-18 03:00:00,,6.27,5.8,10.17,0.37
2023-12-18 04:00:00,,5.77,3.29,12.87,0.29
2023-12-18 05:00:00,,5.58,2.65,15.98,0.24
2023-12-18 06:00:00,,5.51,2.11,20.55,0.26
2023-12-18 07:00:00,,6.05,5.73,19.31,0.37
2023-12-18 08:00:00,,6.24,5.59,22.42,0.38
2023-12-18 09:00:00,,6.18,6.29,36.08,0.32
2023-12-18 10:00:00,,5.57,4.44,52.29,0.34
2023-12-18 11:00:00,,5.5,6.55,78.19,0.24
2023-12-18 12:00:00,,5.81,8.71,111.4,0.16
2023-12-18 13:00:00,,5.89,6.66,135.9,0.26
2023-12-18 14:00:00,,6.04,4.64,128.3,0.18
2023-12-18 15:00:00,,6.21,5.26,130.4,0.15
2023-12-18 16:00:00,,6.07,3.42,88.27,0.1
2023-12-18 17:00:00,,5.99,1.91,55.04,0.05
2023-12-18 18:00:00,,6.31,3.48,55.98,0.05
2023-12-18 19:00:00,,8.35,4.45,58.3,0.05
2023-12-18 20:00:00,,7.49,4.56,52.5,0.05
2023-12-18 21:00:00,,5.95,4.3,49.61,0.05
2023-12-18 22:00:00,,5.48,4.69,50.34,0.14
2023-12-18 23:00:00,,6.11,6.3,42.46,0.38
2023-12-19 00:00:00,,5.81,4.37,41.87,0.45
2023-12-19 01:00:00,,5.59,5.42,29.58,0.37
2023-12-19 02:00:00,,5.98,4.22,32.11,0.33
2023-12-19 03:00:00,,5.57,2.3,31.57,0.24
2023-12-19 04:00:00,,5.37,2.09,33.73,0.23
2023-12-19 05:00:00,,5.55,2.96,29.57,0.23
2023-12-19 06:00:00,,6.11,4.44,23.8,0.23
2023-12-19 07:00:00,,6.89,9.2,15.77,0.4
2023-12-19 08:00:00,,7.17,9.7,10.38,0.54
2023-12-19 09:00:00,,5.34,3.61,19.52,0.22
2023-12-19 10:00:00,,5.42,2.29,25.56,0.19
2023-12-19 11:00:00,,5.36,2.13,29.37,0.21
2023-12-19 12:00:00,,5.29,1.84,35.57,0.24
2023-12-19 13:00:00,,5.15,1.53,36.46,0.22
2023-12-19 14:00:00,,5.25,1.56,37.52,0.21
2023-12-19 15:00:00,,5.33,1.65,32.58,0.22
2023-12-19 16:00:00,,5.24,1.73,30.65,0.23
2023-12-19 17:00:00,,5.24,1.27,31.1,0.21
2023-12-19 18:00:00,,5.2,1.84,29.68,0.2
2023-12-19 19:00:00,,5.3,2.99,26.68,0.21
2023-12-19 20:00:00,,5.35,3.5,22.74,0.2
2023-12-19 21:00:00,,5.41,2.59,24.8,0.17
2023-12-19 22:00:00,,5.32,2.42,27.07,0.19
2023-12-19 23:00:00,,5.31,1.42,25.44,0.17
2023-12-20 00:00:00,,5.36,2.02,20.89,0.21
2023-12-20 01:00:00,,5.72,2.76,21.88,0.18
2023-12-20 02:00:00,,5.53,1.52,22.1,0.34
2023-12-20 03:00:00,,5.47,2.31,20.52,0.26
2023-12-20 04:00:00,,5.35,1.45,20.17,0.27
2023-12-20 05:00:00,,5.66,2.46,14.01,0.21
2023-12-20 06:00:00,,5.5,2.9,11.68,0.24
2023-12-20 07:00:00,,6.55,5.88,10.32,0.36
2023-12-20 08:00:00,,23.23,7.36,10.38,0.52
2023-12-20 09:00:00,,6.1,4.02,12.39,0.37
2023-12-20 10:00:00,,5.46,1.6,19.42,0.29
2023-12-20 11:00:00,,5.32,1.54,23.73,0.3
2023-12-20 12:00:00,,5.54,1.48,26.89,0.3
2023-12-20 13:00:00,,6.89,1.2,28.54,0.31
2023-12-20 14:00:00,,5.32,1.27,28.98,0.32
2023-12-20 15:00:00,,5.48,1.33,31.43,0.31
2023-12-20 16:00:00,,5.6,1.31,30.54,0.3
2023-12-20 17:00:00,,5.48,1.56,28.64,0.34
2023-12-20 18:00:00,,5.56,2.2,24.37,0.35
2023-12-20 19:00:00,,5.81,2.81,19.5,0.37
2023-12-20 20:00:00,,5.69,3.45,17.06,0.41
2023-12-20 21:00:00,,5.85,3.71,15.88,0.37
2023-12-20 22:00:00,,5.86,2.96,15.12,0.33
2023-12-20 23:00:00,,5.86,3.5,13.51,0.37
2023-12-21 00:00:00,,5.98,2.68,14.27,0.33
2023-12-21 01:00:00,,5.78,2.1,14.33,0.23
2023-12-21 02:00:00,,5.94,2.3,12.65,0.24
2023-12-21 03:00:00,,5.68,2.34,12.12,0.23
2023-12-21 04:00:00,,6.0,2.36,10.88,0.23
2023-12-21 05:00:00,,5.37,1.85,11.82,0.19
2023-12-21 06:00:00,,5.86,4.18,8.47,0.26
2023-12-21 07:00:00,,6.91,6.67,5.55,0.38
2023-12-21 08:00:00,,6.57,6.02,11.68,0.46
2023-12-21 09:00:00,,5.62,4.56,17.83,0.35
2023-12-21 10:00:00,,5.98,3.76,27.47,0.32
2023-12-21 11:00:00,,4.41,7.5,28.05,0.43
2023-12-21 12:00:00,,4.2,4.3,39.09,0.33
2023-12-21 13:00:00,,4.21,7.18,55.23,0.27
2023-12-21 14:00:00,,4.46,6.62,68.18,0.32
2023-12-21 15:00:00,,4.21,4.2,72.83,0.32
2023-12-21 16:00:00,,4.11,2.91,80.9,0.28
2023-12-21 17:00:00,,4.12,3.85,84.19,0.27
2023-12-21 18:00:00,,4.3,5.17,93.83,0.27
2023-12-21 19:00:00,,4.32,7.15,77.96,0.28
2023-12-21 20:00:00,,4.63,7.87,36.61,0.37
2023-12-21 21:00:00,,5.06,9.78,26.83,0.47
2023-12-21 22:00:00,,5.24,10.66,17.84,0.63
2023-12-21 23:00:00,,4.92,7.82,15.8,0.53
2023-12-22 00:00:00,,5.16,6.95,17.62,0.53
2023-12-22 01:00:00,,5.04,5.16,16.61,0.41
2023-12-22 02:00:00,,5.04,4.58,15.84,0.36
2023-12-22 03:00:00,,5.09,4.25,13.57,0.36
2023-12-22 04:00:00,,5.14,4.76,11.25,0.4
2023-12-22 05:00:00,,5.1,4.7,10.37,0.37
2023-12-22 06:00:00,,5.13,5.1,9.51,0.46
2023-12-22 07:00:00,,5.99,8.69,11.1,0.54
2023-12-22 08:00:00,,5.71,9.83,19.04,0.44
2023-12-22 09:00:00,,4.68,8.18,29.72,0.35
2023-12-22 10:00:00,,4.41,5.82,46.48,0.3
2023-12-22 11:00:00,,4.63,5.92,63.92,0.4
2023-12-22 12:00:00,,4.14,4.57,81.71,0.31
2023-12-22 13:00:00,,4.22,3.69,83.95,0.2
2023-12-22 14:00:00,,4.1,1.95,65.3,0.11
2023-12-22 15:00:00,,4.08,1.15,58.24,0.05
2023-12-22 16:00:00,,4.07,1.65,47.97,0.05
2023-12-22 17:00:00,,4.08,1.83,40.89,0.05
2023-12-22 18:00:00,,4.18,2.39,36.7,0.13
2023-12-22 19:00:00,,4.03,3.45,34.92,0.11
2023-12-22 20:00:00,,4.57,3.39,27.09,0.15
2023-12-22 21:00:00,,4.15,2.35,24.94,0.26
2023-12-22 22:00:00,,7.19,5.51,19.1,0.42
2023-12-22 23:00:00,,5.3,4.61,18.76,0.54
2023-12-23 00:00:00,,4.29,2.76,37.28,0.3
2023-12-23 01:00:00,,3.97,3.05,35.72,0.22
2023-12-23 02:00:00,,5.52,3.67,29.84,0.34
2023-12-23 03:00:00,,4.47,4.27,23.05,0.41
2023-12-23 04:00:00,,4.13,3.88,15.86,0.32
2023-12-23 05:00:00,,4.06,4.15,15.13,0.3
2023-12-23 06:00:00,,4.27,5.8,17.21,0.29
2023-12-23 07:00:00,,4.88,8.29,19.1,0.37
2023-12-23 08:00:00,,4.29,7.99,27.28,0.36
2023-12-23 09:00:00,,4.22,5.62,38.04,0.29
2023-12-23 10:00:00,,4.9,8.63,41.43,0.38
2023-12-23 11:00:00,,4.97,5.82,53.43,0.31
2023-12-23 12:00:00,,5.0,4.31,66.26,0.33
2023-12-23 13:00:00,,4.77,3.16,83.21,0.31
2023-12-23 14:00:00,,4.49,1.85,79.21,0.23
2023-12-23 15:00:00,,4.58,2.22,83.02,0.22
2023-12-23 16:00:00,,4.47,2.78,76.33,0.22
2023-12-23 17:00:00,,4.2,2.73,56.52,0.21
2023-12-23 18:00:00,,4.13,3.78,47.06,0.18
2023-12-23 19:00:00,,4.1,4.49,38.85,0.21
2023-12-23 20:00:00,,4.23,4.12,34.27,0.27
2023-12-23 21:00:00,,4.44,5.49,27.92,0.4
2023-12-23 22:00:00,,5.62,6.99,23.96,0.49
2023-12-23 23:00:00,,4.68,5.36,21.99,0.36
2023-12-24 00:00:00,,4.29,4.98,20.65,0.33
2023-12-24 01:00:00,,4.06,4.48,17.89,0.27
2023-12-24 02:00:00,,4.05,3.92,18.86,0.29
2023-12-24 03:00:00,,3.95,3.85,19.46,0.27
2023-12-24 04:00:00,,3.82,4.19,12.78,0.28
2023-12-24 05:00:00,,3.85,3.38,14.67,0.24
2023-12-24 06:00:00,,3.95,3.02,17.95,0.25
2023-12-24 07:00:00,,3.77,2.62,23.0,0.25
2023-12-24 08:00:00,,3.84,2.54,29.66,0.26
2023-12-24 09:00:00,,3.87,3.06,34.32,0.28
2023-12-24 10:00:00,,3.88,3.8,38.42,0.3
2023-12-24 11:00:00,,3.82,3.57,40.91,0.38
2023-12-24 12:00:00,,3.78,3.74,42.18,0.36
2023-12-24 13:00:00,,3.83,3.81,41.86,0.35
2023-12-24 14:00:00,,3.87,3.21,38.06,0.26
2023-12-24 15:00:00,,3.99,2.73,39.93,0.25
2023-12-24 16:00:00,,4.06,2.85,40.71,0.23
2023-12-24 17:00:00,,4.05,2.95,41.8,0.23
2023-12-24 18:00:00,,3.8,3.55,38.66,0.16
2023-12-24 19:00:00,,3.93,4.37,34.74,0.26
2023-12-24 20:00:00,,4.29,7.28,30.58,0.39
2023-12-24 21:00:00,,5.47,8.93,31.38,0.59
2023-12-24 22:00:00,,7.83,9.53,32.85,0.82
2023-12-24 23:00:00,,7.43,6.26,31.6,0.76
2023-12-25 00:00:00,,5.79,5.18,27.55,0.6
2023-12-25 01:00:00,,4.63,5.21,23.25,0.43
2023-12-25 02:00:00,,4.22,8.24,17.7,0.39
2023-12-25 03:00:00,,3.88,6.51,16.84,0.33
2023-12-25 04:00:00,,4.01,6.21,13.22,0.36
2023-12-25 05:00:00,,3.79,5.26,14.12,0.23
2023-12-25 06:00:00,,4.24,5.15,12.86,0.27
2023-12-25 07:00:00,,3.89,5.83,13.25,0.31
2023-12-25 08:00:00,,3.86,4.9,24.28,0.32
2023-12-25 09:00:00,,4.46,9.86,29.43,0.29
2023-12-25 10:00:00,,4.32,6.91,35.47,0.27
2023-12-25 11:00:00,,4.5,7.38,46.03,0.33
2023-12-25 12:00:00,,5.03,12.03,39.12,0.42
2023-12-25 13:00:00,,4.62,11.31,45.45,0.43
2023-12-25 14:00:00,,4.4,13.21,43.2,0.41
2023-12-25 15:00:00,,4.47,5.68,48.02,0.36
2023-12-25 16:00:00,,3.91,3.27,51.07,0.27
2023-12-25 17:00:00,,3.68,3.06,53.9,0.2
2023-12-25 18:00:00,,3.8,6.4,44.43,0.28
2023-12-25 19:00:00,,3.8,5.56,37.97,0.26
2023-12-25 20:00:00,,3.79,5.86,35.54,0.22
2023-12-25 21:00:00,,3.99,8.25,35.8,0.21
2023-12-25 22:00:00,,4.0,11.05,29.52,0.27
2023-12-25 23:00:00,,4.15,6.8,44.12,0.21
2023-12-26 00:00:00,,3.89,4.22,48.57,0.1
2023-12-26 01:00:00,,4.01,3.88,44.26,0.05
2023-12-26 02:00:00,,3.91,3.82,41.73,0.16
2023-12-26 03:00:00,,3.94,2.87,43.31,0.15
2023-12-26 04:00:00,,4.05,3.39,40.12,0.15
2023-12-26 05:00:00,,4.07,7.82,33.05,0.16
2023-12-26 06:00:00,,4.06,6.05,32.7,0.17
2023-12-26 07:00:00,,4.07,7.45,28.61,0.13
2023-12-26 08:00:00,,4.01,2.71,32.91,0.15
2023-12-26 09:00:00,,3.8,1.53,34.77,0.19
2023-12-26 10:00:00,,3.77,3.09,35.95,0.15
2023-12-26 11:00:00,,3.79,2.68,36.56,0.15
2023-12-26 12:00:00,,3.83,1.64,36.47,0.14
2023-12-26 13:00:00,,3.82,2.11,37.93,0.15
2023-12-26 14:00:00,,3.79,1.82,40.03,0.15
2023-12-26 15:00:00,,3.86,2.41,43.86,0.22
2023-12-26 16:00:00,,3.81,2.27,50.37,0.16
2023-12-26 17:00:00,,3.88,3.07,49.77,0.21
2023-12-26 18:00:00,,3.89,3.69,47.56,0.23
2023-12-26 19:00:00,,3.89,1.56,39.32,0.24
2023-12-26 20:00:00,,3.88,0.47,32.39,0.26
2023-12-26 21:00:00,,4.16,0.47,26.84,0.25
2023-12-26 22:00:00,,4.6,0.47,22.64,0.36
2023-12-26 23:00:00,,5.24,0.47,23.12,0.38
2023-12-27 00:00:00,,4.72,0.47,17.98,0.35
2023-12-27 01:00:00,,4.22,0.47,15.81,0.23
2023-12-27 02:00:00,,4.23,0.47,11.8,0.22
2023-12-27 03:00:00,,4.13,0.47,10.01,0.23
2023-12-27 04:00:00,,4.14,0.47,7.27,0.23
2023-12-27 05:00:00,,4.46,0.47,6.33,0.23
2023-12-27 06:00:00,,4.8,0.47,5.91,0.27
2023-12-27 07:00:00,,5.13,0.47,9.48,0.33
2023-12-27 08:00:00,,5.49,0.47,20.33,0.37
2023-12-27 09:00:00,,3.85,0.47,31.47,0.2
2023-12-27 10:00:00,,4.11,1.3,34.05,0.2
2023-12-27 11:00:00,,4.11,2.29,39.47,0.26
2023-12-27 12:00:00,,4.28,2.26,45.69,0.21
2023-12-27 13:00:00,,4.16,2.52,49.08,0.26
2023-12-27 14:00:00,,4.21,2.5,49.52,0.26
2023-12-27 15:00:00,,4.22,2.61,47.82,0.28
2023-12-27 16:00:00,,4.14,2.67,46.18,0.24
2023-12-27 17:00:00,,4.21,2.62,45.55,0.22
2023-12-27 18:00:00,,4.13,2.59,39.62,0.26
2023-12-27 19:00:00,,4.25,2.58,31.95,0.33
2023-12-27 20:00:00,,4.15,2.56,31.94,0.3
2023-12-27 21:00:00,,4.12,2.6,30.2,0.32
2023-12-27 22:00:00,,4.31,2.75,28.17,0.32
2023-12-27 23:00:00,,5.27,2.78,23.75,0.34
2023-12-28 00:00:00,,4.55,2.35,21.66,0.37
2023-12-28 01:00:00,,4.61,2.87,22.34,0.34
2023-12-28 02:00:00,,4.71,2.71,21.73,0.31
2023-12-28 03:00:00,,4.18,2.62,19.47,0.31
2023-12-28 04:00:00,,4.15,2.44,13.86,0.3
2023-12-28 05:00:00,,4.35,2.37,11.35,0.3
2023-12-28 06:00:00,,4.46,2.46,8.62,0.34
2023-12-28 07:00:00,,5.14,2.34,9.24,0.47
2023-12-28 08:00:00,,5.38,2.45,16.4,0.56
2023-12-28 09:00:00,,4.66,2.64,38.01,0.44
2023-12-28 10:00:00,,4.91,2.49,53.98,0.39
2023-12-28 11:00:00,,13.26,2.38,52.22,0.41
2023-12-28 12:00:00,,14.8,2.55,60.13,0.4
2023-12-28 13:00:00,,18.73,2.51,60.46,0.4
2023-12-28 14:00:00,,16.38,2.49,63.15,0.28
2023-12-28 15:00:00,,35.84,2.74,61.18,0.22
2023-12-28 16:00:00,,23.26,2.31,62.94,0.21
2023-12-28 17:00:00,,25.49,2.51,59.63,0.2
2023-12-28 18:00:00,,15.46,2.47,67.27,0.16
2023-12-28 19:00:00,,7.46,2.5,75.73,0.05
2023-12-28 20:00:00,,6.02,2.72,58.67,0.17
2023-12-28 21:00:00,,6.39,2.31,42.78,0.48
2023-12-28 22:00:00,,6.62,2.83,56.65,0.57
2023-12-28 23:00:00,,5.97,2.34,39.09,0.75
2023-12-29 00:00:00,,5.92,2.56,28.73,0.7
2023-12-29 01:00:00,,5.66,2.39,24.67,0.65
2023-12-29 02:00:00,,5.6,2.59,24.29,0.6
2023-12-29 03:00:00,,5.15,2.7,35.18,0.51
2023-12-29 04:00:00,,4.74,2.67,44.76,0.43
2023-12-29 05:00:00,,4.77,2.55,41.67,0.42
2023-12-29 06:00:00,,4.4,2.55,49.31,0.36
2023-12-29 07:00:00,,4.17,2.61,42.0,0.33
2023-12-29 08:00:00,,4.25,2.55,43.61,0.36
2023-12-29 09:00:00,,4.59,2.5,45.08,0.36
2023-12-29 10:00:00,,5.38,2.64,39.57,0.37
2023-12-29 11:00:00,,5.82,2.48,40.1,0.29
2023-12-29 12:00:00,,6.58,2.61,40.0,0.47
2023-12-29 13:00:00,,9.22,2.29,40.71,0.4
2023-12-29 14:00:00,,10.92,2.6,46.92,0.28
2023-12-29 15:00:00,,7.76,2.88,55.9,0.28
2023-12-29 16:00:00,,6.36,2.6,58.28,0.27
2023-12-29 17:00:00,,5.33,2.66,52.86,0.24
2023-12-29 18:00:00,,5.43,2.65,51.24,0.28
2023-12-29 19:00:00,,5.58,2.67,46.62,0.32
2023-12-29 20:00:00,,5.68,2.64,40.65,0.33
2023-12-29 21:00:00,,5.11,2.43,38.89,0.26
2023-12-29 22:00:00,,5.07,2.61,38.93,0.27
2023-12-29 23:00:00,,4.91,2.3,43.95,0.22
2023-12-30 00:00:00,,4.47,2.7,38.19,0.2
2023-12-30 01:00:00,,4.69,2.74,34.49,0.17
2023-12-30 02:00:00,,4.28,2.66,30.02,0.28
2023-12-30 03:00:00,,4.19,2.55,28.91,0.23
2023-12-30 04:00:00,,4.12,2.07,32.63,0.24
2023-12-30 05:00:00,,4.13,2.46,31.21,0.26
2023-12-30 06:00:00,,4.17,2.54,29.61,0.25
2023-12-30 07:00:00,,4.1,2.33,27.18,0.29
2023-12-30 08:00:00,,4.22,2.53,24.02,0.32
2023-12-30 09:00:00,,4.54,2.47,26.0,0.61
2023-12-30 10:00:00,,4.24,2.73,28.1,0.32
2023-12-30 11:00:00,,4.38,2.52,31.11,0.4
2023-12-30 12:00:00,,4.18,2.74,36.0,0.36
2023-12-30 13:00:00,,4.23,2.65,38.15,0.31
2023-12-30 14:00:00,,5.11,2.27,58.93,0.31
2023-12-30 15:00:00,,5.83,2.6,73.6,0.33
2023-12-30 16:00:00,,4.91,2.24,44.33,0.26
2023-12-30 17:00:00,,4.13,2.86,41.11,0.28
2023-12-30 18:00:00,,4.21,2.59,39.37,0.31
2023-12-30 19:00:00,,4.22,2.45,36.39,0.32
2023-12-30 20:00:00,,4.25,2.87,36.17,0.34
2023-12-30 21:00:00,,4.49,2.65,31.97,0.45
2023-12-30 22:00:00,,5.18,2.37,29.19,0.45
2023-12-30 23:00:00,,4.77,2.68,29.12,0.4
2023-12-31 00:00:00,,4.22,2.66,28.57,0.37
2023-12-31 01:00:00,,4.3,2.53,28.03,0.39
2023-12-31 02:00:00,,4.17,2.4,25.77,0.34
2023-12-31 03:00:00,,4.21,2.51,25.02,0.3
2023-12-31 04:00:00,,4.49,2.48,24.68,0.27
2023-12-31 05:00:00,,4.76,2.56,21.02,0.3
2023-12-31 06:00:00,,4.18,2.67,16.1,0.28
2023-12-31 07:00:00,,4.21,2.31,18.32,0.33
2023-12-31 08:00:00,,4.33,2.71,27.31,0.34
2023-12-31 09:00:00,,4.3,2.78,34.78,0.32
2023-12-31 10:00:00,,4.23,2.59,38.2,0.27
2023-12-31 11:00:00,,4.17,2.77,40.27,0.26
2023-12-31 12:00:00,,4.18,2.63,38.91,0.27
2023-12-31 13:00:00,,4.2,2.57,41.05,0.26
2023-12-31 14:00:00,,4.08,2.59,43.55,0.26
2023-12-31 15:00:00,,4.1,2.63,45.42,0.26
2023-12-31 16:00:00,,4.62,2.37,48.24,0.33
2023-12-31 17:00:00,,4.59,2.51,46.15,0.28
2023-12-31 18:00:00,,4.08,2.66,42.25,0.29
2023-12-31 19:00:00,,4.14,2.66,39.16,0.31
2023-12-31 20:00:00,,4.16,2.53,38.64,0.33
2023-12-31 21:00:00,,5.03,2.73,32.6,0.53
2023-12-31 22:00:00,,7.77,2.63,31.25,0.92
2023-12-31 23:00:00,,9.93,2.51,28.95,1.11
