data,pm10,so2,no2,o3,co
2020-01-01 00:00:00,75.08,19.3,7.06,,
2020-01-01 02:00:00,65.41,13.62,4.96,,
2020-01-01 03:00:00,44.93,13.68,8.32,,
2020-01-01 05:00:00,30.96,15.21,5.24,,
2020-01-01 06:00:00,28.52,17.26,9.1,,
2020-01-01 07:00:00,26.43,14.93,5.94,,
2020-01-01 08:00:00,25.65,13.27,6.08,,
2020-01-01 09:00:00,24.74,15.39,3.83,,
2020-01-01 10:00:00,21.98,12.34,1.86,,
2020-01-01 11:00:00,15.72,9.83,1.3,,
2020-01-01 12:00:00,6,9.61,1.64,,
2020-01-01 13:00:00,6,11.45,1.74,,
2020-01-01 14:00:00,6,12.7,1.15,,
2020-01-01 15:00:00,6,10.16,1.48,,
2020-01-01 16:00:00,6,9.2,0.96,,
2020-01-01 17:00:00,6,8.82,0.47,,
2020-01-01 18:00:00,6,8.23,0.47,,
2020-01-01 19:00:00,6,7.96,1.58,,
2020-01-01 20:00:00,13.97,6.81,0.96,,
2020-01-01 21:00:00,25.87,5.73,,,
2020-01-01 22:00:00,28.36,5.12,0.47,,
2020-01-01 23:00:00,31.5,4.83,,,
2020-01-02 00:00:00,34.4,5.14,0.47,,
2020-01-01 04:00:00,35.31,16.46,8.35,,
2020-01-01 01:00:00,78.7,18.49,6.32,,
2020-01-02 01:00:00,32.16,4.7,,,
2020-01-02 19:00:00,6,4.68,,,
2020-01-02 20:00:00,6,4.66,,,
2020-01-02 21:00:00,13.54,4.51,,,
2020-01-02 22:00:00,23.72,4.65,,,
2020-01-02 23:00:00,31.31,5.18,,,
2020-01-03 00:00:00,34.29,5.17,,,
2020-01-02 02:00:00,25.79,4.52,,,
2020-01-02 03:00:00,28.01,4.3,,,
2020-01-02 04:00:00,26.77,4.39,,,
2020-01-02 05:00:00,19.01,4.34,,,
2020-01-02 06:00:00,15.14,4.23,,,
2020-01-02 07:00:00,6,4.53,,,
2020-01-02 08:00:00,6,4.69,,,
2020-01-02 09:00:00,6,4.35,,,
2020-01-02 10:00:00,6,4.19,,,
2020-01-02 11:00:00,6,4.17,,,
2020-01-02 12:00:00,6,4.12,,,
2020-01-02 13:00:00,6,4.34,,,
2020-01-02 14:00:00,6,4.12,,,
2020-01-02 15:00:00,6,4.15,,,
2020-01-02 16:00:00,6,4.37,,,
2020-01-02 17:00:00,6,4.89,,,
2020-01-02 18:00:00,6,4.29,,,
2020-01-03 01:00:00,28.1,4.83,,,
2020-01-03 02:00:00,21.1,4.49,,,
2020-01-03 03:00:00,20.31,4.98,,,
2020-01-03 04:00:00,22.32,5.2,,,
2020-01-03 05:00:00,16.92,5.07,,,
2020-01-03 06:00:00,18.88,4.62,,,
2020-01-03 07:00:00,16.25,4.57,,,
2020-01-03 08:00:00,14.49,4.39,,,
2020-01-03 09:00:00,,4.99,,,
2020-01-03 10:00:00,,5.2,,,
2020-01-03 11:00:00,,,,,
2020-01-03 12:00:00,6,5.2,,,
2020-01-03 13:00:00,6,4.89,,,
2020-01-03 14:00:00,6,4.95,,,
2020-01-03 15:00:00,6,5.62,,,
2020-01-03 16:00:00,6,5.48,,,
2020-01-03 17:00:00,6,6.41,,,
2020-01-03 18:00:00,6,4.87,,,
2020-01-03 19:00:00,13.58,4.84,,,
2020-01-03 20:00:00,18.36,5.22,,,
2020-01-03 21:00:00,29.48,5.64,,,
2020-01-03 22:00:00,33.91,5.23,,,
2020-01-03 23:00:00,26.58,5.21,,,
2020-01-04 00:00:00,18.48,4.89,,,
2020-01-04 02:00:00,15.26,4.98,,,
2020-01-04 03:00:00,19.65,5.07,,,
2020-01-04 04:00:00,22.84,4.84,,,
2020-01-04 06:00:00,20.69,5.28,,,
2020-01-04 07:00:00,27.22,4.79,,,
2020-01-04 08:00:00,20.75,4.61,,,
2020-01-04 09:00:00,17.74,4.45,,,
2020-01-04 10:00:00,15.14,4.54,,,
2020-01-04 11:00:00,6,4.54,,,
2020-01-04 12:00:00,17.46,4.72,,,
2020-01-04 13:00:00,13.57,4.67,,,
2020-01-04 14:00:00,6,4.58,,,
2020-01-04 15:00:00,6,4.72,,,
2020-01-04 16:00:00,6,4.63,,,
2020-01-04 17:00:00,6,4.82,,,
2020-01-04 18:00:00,6,4.53,,,
2020-01-04 19:00:00,13.48,4.77,,,
2020-01-04 20:00:00,15.69,4.68,,,
2020-01-04 21:00:00,25.86,5.36,,,
2020-01-04 22:00:00,38.05,6.59,,,
2020-01-04 23:00:00,38.49,6.54,,,
2020-01-05 00:00:00,37.85,6.22,,,
2020-01-04 05:00:00,15.27,5.17,,,
2020-01-04 01:00:00,23.75,4.59,,,
2020-01-05 01:00:00,35.75,6.24,2.36,,
2020-01-05 02:00:00,23.42,6.12,2.52,,
2020-01-05 04:00:00,23.76,6.21,2.23,,
2020-01-05 05:00:00,23.83,5.91,1.74,,
2020-01-05 07:00:00,6,5.72,0.47,,
2020-01-05 08:00:00,6,5.69,1.34,,
2020-01-05 10:00:00,15.78,7.96,0.47,,
2020-01-05 11:00:00,6,22.7,2.33,,
2020-01-05 12:00:00,6,25.39,2.64,,
2020-01-05 13:00:00,6,14.6,1.82,,
2020-01-05 14:00:00,6,8.22,2.27,,
2020-01-05 15:00:00,6,6.28,1.22,,
2020-01-05 16:00:00,6,6.32,,,
2020-01-05 17:00:00,6,6.95,0.47,,
2020-01-05 18:00:00,6,7.39,0.47,,
2020-01-05 19:00:00,6,7.17,0.47,,
2020-01-05 20:00:00,6,6.97,1.46,,
2020-01-05 21:00:00,6,7.09,1.74,,
2020-01-05 22:00:00,26.88,6.52,2.5,,
2020-01-05 23:00:00,38.23,6.78,3.34,,
2020-01-06 00:00:00,35.88,6.96,3.67,,
2020-01-05 09:00:00,6,5.21,,,
2020-01-05 06:00:00,12.78,5.7,1.62,,
2020-01-05 03:00:00,33.18,6.15,2.64,,
2020-01-06 01:00:00,37.3,6.56,3.43,,
2020-01-06 02:00:00,38.69,7.51,3.56,,
2020-01-06 03:00:00,46.16,7.53,3.74,,
2020-01-06 04:00:00,33.81,7.21,3.8,,
2020-01-06 05:00:00,33.96,6.34,2.76,,
2020-01-06 06:00:00,28.27,6.43,2.81,,
2020-01-06 07:00:00,23.05,7.15,,,
2020-01-06 08:00:00,20.72,8.49,4.64,,
2020-01-06 09:00:00,44.76,7.92,5.16,,
2020-01-06 10:00:00,24.51,7.56,3.48,,
2020-01-06 11:00:00,13.93,26.18,5.41,,
2020-01-06 12:00:00,6,42.25,6.53,,
2020-01-06 13:00:00,6,12.28,4.11,,
2020-01-06 14:00:00,6,16.32,4.23,,
2020-01-06 15:00:00,6,112.9,11.24,,
2020-01-06 16:00:00,6,12.26,8.05,,
2020-01-06 17:00:00,6,9.28,7.18,,
2020-01-06 18:00:00,6,10.34,10.33,,
2020-01-06 19:00:00,6,10.39,8.6,,
2020-01-06 20:00:00,6,11.15,7.2,,
2020-01-06 21:00:00,6,9.65,5.61,,
2020-01-06 22:00:00,6,18.03,5.13,,
2020-01-06 23:00:00,26.61,8.83,5.95,,
2020-01-07 00:00:00,36.96,8.95,7.7,,
2020-01-07 01:00:00,46.87,11.54,5.04,,
2020-01-07 02:00:00,37.79,9.78,4.13,,
2020-01-07 03:00:00,44.25,10.97,2.96,,
2020-01-07 04:00:00,47.45,10.65,5.71,,
2020-01-07 05:00:00,40.11,9.05,7.77,,
2020-01-07 06:00:00,29.84,8.76,6.12,,
2020-01-07 07:00:00,24.21,9.17,9.44,,
2020-01-07 08:00:00,44.8,13.04,11.03,,
2020-01-07 09:00:00,23.7,22,11.24,,
2020-01-07 10:00:00,12.36,14.36,6.23,,
2020-01-07 11:00:00,6,10.29,3.01,,
2020-01-07 12:00:00,6,9.84,2.48,,
2020-01-07 13:00:00,6,7.94,3.67,,
2020-01-07 14:00:00,6,7.76,5.72,,
2020-01-07 15:00:00,6,7.36,4.03,,
2020-01-07 16:00:00,6,5.62,2.45,,
2020-01-07 17:00:00,6,5.54,4.08,,
2020-01-07 18:00:00,6,5.14,2.31,,
2020-01-07 19:00:00,17.1,5.43,2.82,,
2020-01-07 20:00:00,27.24,5.45,3.22,,
2020-01-07 21:00:00,32.91,6.13,4.53,,
2020-01-07 22:00:00,30.22,6.03,4.06,,
2020-01-07 23:00:00,26.42,6.16,3.2,,
2020-01-08 00:00:00,27.78,6.13,3.51,,
2020-01-09 01:00:00,27.27,6.44,6.33,0.98,
2020-01-09 02:00:00,19.93,6.51,3.92,0.98,
2020-01-09 03:00:00,23.62,6.51,5.45,0.98,
2020-01-09 04:00:00,31.72,6.48,4.71,0.98,
2020-01-09 05:00:00,26.3,6.59,5.05,0.98,
2020-01-09 06:00:00,22.08,6.98,5.38,0.98,
2020-01-09 07:00:00,24.65,8.08,5.82,0.98,
2020-01-09 08:00:00,36.36,9.07,9.65,0.98,
2020-01-09 09:00:00,38.92,7.89,6.45,0.98,
2020-01-09 10:00:00,26.29,23.36,7.94,0.98,
2020-01-09 11:00:00,15.23,104.1,12.3,,
2020-01-09 12:00:00,22.27,30.89,8.48,,
2020-01-09 13:00:00,33.27,9.28,4.3,,
2020-01-09 14:00:00,30.19,8.24,3.05,,
2020-01-09 15:00:00,28.64,7.3,3.01,,
2020-01-09 16:00:00,19.94,5.63,1.89,,
2020-01-09 17:00:00,13.65,5.5,3.83,86.64,
2020-01-09 18:00:00,18.86,6.42,5.15,83.68,
2020-01-09 19:00:00,30.14,8.88,8.18,60.64,
2020-01-09 20:00:00,51.7,11.62,6.24,57.82,
2020-01-09 21:00:00,71.77,11.2,5.7,44.21,
2020-01-09 22:00:00,71.91,8.76,3.72,38.48,
2020-01-09 23:00:00,41,8.08,3.79,34.71,
2020-01-10 00:00:00,42.62,7.56,4.99,33.52,
2020-01-10 01:00:00,47.28,24.59,7.91,31.18,
2020-01-10 02:00:00,51.54,14.38,3.92,35.15,
2020-01-10 03:00:00,48.92,9.79,3.76,36.78,
2020-01-10 04:00:00,29.07,11.15,6.98,22.2,
2020-01-10 05:00:00,31.74,15.64,8.72,15.7,
2020-01-10 06:00:00,30.78,17.12,9.9,10.21,
2020-01-10 07:00:00,29.49,17.86,12.08,10.23,
2020-01-10 08:00:00,37.92,17.64,13.14,28.36,
2020-01-10 09:00:00,40.39,16.94,8.46,42.14,
2020-01-10 10:00:00,28.26,35.68,7.36,52.94,
2020-01-10 11:00:00,17.47,54,6.81,58.17,
2020-01-10 12:00:00,6,52.04,5.03,66.71,
2020-01-10 13:00:00,6,29.2,5.37,64.28,
2020-01-10 14:00:00,6,12.79,4.89,63.01,
2020-01-10 15:00:00,16.79,36.62,8.11,58.13,
2020-01-10 16:00:00,14.67,37.98,12.3,41.12,
2020-01-10 17:00:00,,,,,
2020-01-10 18:00:00,,,,,
2020-01-10 19:00:00,,,,,
2020-01-10 20:00:00,,,,,
2020-01-10 21:00:00,,,,,
2020-01-10 22:00:00,,,,,
2020-01-10 23:00:00,,,,,
2020-01-11 00:00:00,,,,,
2020-01-12 01:00:00,25.37,7.89,2.91,17.28,
2020-01-12 02:00:00,26.48,8.13,2.25,15.88,
2020-01-12 03:00:00,22.4,7.01,1.69,16.61,
2020-01-12 04:00:00,20.36,7.22,1.39,17.63,
2020-01-12 05:00:00,26.79,8.11,1.38,15.3,
2020-01-12 06:00:00,18.14,10.72,0.95,15.62,
2020-01-12 07:00:00,6,7.13,1.09,16.5,
2020-01-12 08:00:00,6,6.06,1.06,22.18,
2020-01-12 09:00:00,21.15,5.1,0.47,30.24,
2020-01-12 10:00:00,13.18,5.01,,36.25,
2020-01-12 11:00:00,6,4.97,1.07,43.66,
2020-01-12 12:00:00,6,6.88,1.95,47.74,
2020-01-12 13:00:00,6,6.92,1.52,51.99,
2020-01-12 14:00:00,6,5.73,1.33,55.02,
2020-01-12 15:00:00,6,5.57,1.31,54.47,
2020-01-12 16:00:00,6,5.03,,58.17,
2020-01-12 17:00:00,6,4.96,,56.77,
2020-01-12 18:00:00,6,5,0.96,58.3,
2020-01-12 19:00:00,6,4.99,1.2,57.82,
2020-01-12 20:00:00,6,5.91,5.72,49.46,
2020-01-12 21:00:00,29.73,6.37,4.7,46.69,
2020-01-12 22:00:00,34.63,8.97,8.81,34.78,
2020-01-12 23:00:00,26.92,9.83,10.85,21.12,
2020-01-13 00:00:00,42.91,10.28,11.55,14.98,
2020-01-11 01:00:00,6,7.78,3.03,27.21,
2020-01-11 02:00:00,6,8.59,4.22,19.82,
2020-01-11 03:00:00,6,7.84,2.62,22.37,
2020-01-11 04:00:00,6,7.2,1.99,24.67,
2020-01-11 05:00:00,6,6.9,1.08,27.07,
2020-01-11 06:00:00,15.41,6.86,2.2,23.09,
2020-01-11 07:00:00,19.87,7.17,3.18,20.57,
2020-01-11 08:00:00,6,6.48,3.68,26.9,
2020-01-11 09:00:00,12.69,6.15,3.21,35.5,
2020-01-11 10:00:00,6,6.2,2.64,44.39,
2020-01-11 11:00:00,6,6,4.2,38.41,
2020-01-11 12:00:00,6,5.77,1.86,45.33,
2020-01-11 13:00:00,6,5.41,1.38,52.26,
2020-01-11 14:00:00,6,5.03,1.26,53.67,
2020-01-11 15:00:00,6,5.04,0.97,54.68,
2020-01-11 16:00:00,6,5.04,1.46,53.18,
2020-01-11 17:00:00,6,5.06,1.11,52.93,
2020-01-11 18:00:00,6,5.04,1.45,50.6,
2020-01-11 19:00:00,18.95,5.15,1.6,49.89,
2020-01-11 20:00:00,26.28,5.71,4.14,41.09,
2020-01-11 21:00:00,26.71,7.44,4.85,34.22,
2020-01-11 22:00:00,28.34,8.75,3.1,29.92,
2020-01-11 23:00:00,31.85,8.15,1.83,23.95,
2020-01-12 00:00:00,29.42,7.5,2.67,19.99,
2020-01-13 01:00:00,46.69,11.2,10.93,14.11,
2020-01-13 02:00:00,52.81,10.56,10.34,5.33,
2020-01-13 03:00:00,43.74,10.57,8.99,3.69,
2020-01-13 04:00:00,32.63,8.88,6.81,8.82,
2020-01-13 05:00:00,33.48,8.89,5.97,4.63,
2020-01-13 06:00:00,38.16,9.77,6.03,0.98,
2020-01-13 07:00:00,40.33,10.57,6.83,2.95,
2020-01-13 08:00:00,34.79,10.96,9.28,19.56,
2020-01-13 09:00:00,30.01,8.29,5.63,42.21,
2020-01-13 10:00:00,25.54,6.19,2.28,50.43,
2020-01-13 11:00:00,18.41,5.61,3.48,57.31,
2020-01-13 12:00:00,17.99,5.39,3.14,61.18,
2020-01-13 13:00:00,12.57,5.13,2.05,63.09,
2020-01-13 14:00:00,14.25,5.05,1.77,58,
2020-01-13 15:00:00,21.76,4.93,1.53,54.04,
2020-01-13 16:00:00,24.66,4.85,0.47,44.6,
2020-01-13 17:00:00,29.96,4.95,1.12,40.77,
2020-01-13 18:00:00,27.93,5.19,1.31,35.56,
2020-01-13 19:00:00,28.9,5.27,1.61,30.57,
2020-01-13 20:00:00,32.72,5.31,1.32,27.5,
2020-01-13 21:00:00,32.19,5.49,1.84,25.24,
2020-01-13 22:00:00,27.01,5.65,2.51,24.02,
2020-01-13 23:00:00,21.35,5.83,2.23,21.68,
2020-01-14 00:00:00,15.89,5.31,2.44,19.37,
2020-01-14 01:00:00,27.73,5.3,2.14,16.53,
2020-01-14 02:00:00,16.22,5.4,2.65,14.03,
2020-01-14 03:00:00,13.24,5.49,3.5,8.08,
2020-01-14 04:00:00,18.91,5.83,3.35,4.96,
2020-01-14 05:00:00,24.5,6.12,3.16,3.12,
2020-01-14 06:00:00,20.78,6.53,3.42,0.98,
2020-01-14 07:00:00,21.53,8.24,3.59,0.98,
2020-01-14 08:00:00,17.25,8.63,6.23,9.71,
2020-01-14 09:00:00,22.16,8.03,4.83,23.46,
2020-01-14 10:00:00,23.37,6.32,2.71,38.57,
2020-01-14 11:00:00,15.05,5.85,2.14,50.73,
2020-01-14 12:00:00,19.11,5.46,2.85,61.68,
2020-01-14 13:00:00,24.04,7.1,3.51,74.04,
2020-01-14 14:00:00,27.45,9.8,5.02,98.55,
2020-01-14 15:00:00,36.89,6.32,4.09,103.8,
2020-01-14 16:00:00,34.5,6.03,3.61,114.9,
2020-01-14 17:00:00,38.75,6.02,2.85,83.66,
2020-01-14 18:00:00,29.4,6.13,3.32,67.49,
2020-01-14 19:00:00,42.2,6.18,3.9,55.48,
2020-01-14 20:00:00,57.02,6.8,5.35,33,
2020-01-14 21:00:00,62.07,8.19,6.56,22.18,
2020-01-14 22:00:00,46.6,8.59,7.15,16.24,
2020-01-14 23:00:00,45.69,8.76,6.59,12.5,
2020-01-15 00:00:00,48.28,9.38,7.18,8.26,
2020-01-15 01:00:00,49.68,10.43,7.77,4.79,
2020-01-15 02:00:00,39.63,10.54,7.52,2.96,
2020-01-15 03:00:00,43.75,10.14,6.26,0.98,
2020-01-15 04:00:00,46.61,11.45,5.75,2.13,
2020-01-15 05:00:00,43.07,12.74,5.34,0.98,
2020-01-15 06:00:00,41.75,14.95,6.29,1.97,
2020-01-15 07:00:00,41.24,13.51,13.42,15.05,
2020-01-15 08:00:00,25.15,12.35,12.31,32.62,
2020-01-15 09:00:00,27.43,11.05,8.63,49.14,
2020-01-15 10:00:00,27.68,9.56,5.26,59.03,
2020-01-15 11:00:00,29.48,10.01,5.59,61.33,
2020-01-15 12:00:00,22.03,23.01,4.88,57,
2020-01-15 13:00:00,30.25,51.58,4.3,56.07,
2020-01-15 14:00:00,29.41,13.2,5.28,52.29,
2020-01-15 15:00:00,30.57,10.68,7.36,53.71,
2020-01-15 16:00:00,27.07,8.66,4.38,62.68,
2020-01-15 17:00:00,20.05,8.5,5.53,64.5,
2020-01-15 18:00:00,31.08,46.72,8.37,47.52,
2020-01-15 19:00:00,35.58,13.37,5.61,26.48,
2020-01-15 20:00:00,50.69,25.35,11.5,17.18,
2020-01-15 21:00:00,46.89,16.83,5.8,29.88,
2020-01-15 22:00:00,30.47,13,8.06,21.55,
2020-01-15 23:00:00,24.43,16.49,5.47,24.12,
2020-01-16 00:00:00,25.79,15.61,3.47,31.75,
2020-01-16 01:00:00,15.62,14.2,4.31,33.09,
2020-01-16 02:00:00,6,13.87,3.81,27.95,
2020-01-16 03:00:00,6,10.63,1.76,30.3,
2020-01-16 04:00:00,6,9.14,1.85,33.61,
2020-01-16 05:00:00,6,8.09,5.19,28.88,
2020-01-16 06:00:00,14.11,8.48,2.74,29.83,
2020-01-16 07:00:00,6,8.98,6.15,28.01,
2020-01-16 08:00:00,12.32,7.91,3.47,27.39,
2020-01-16 09:00:00,18.7,9.49,3.21,21.05,
2020-01-16 10:00:00,35.77,8.66,1.88,21.06,
2020-01-16 11:00:00,19.53,6.94,1.94,19.96,
2020-01-16 12:00:00,15.29,6.45,1.54,25.47,
2020-01-16 13:00:00,15.1,6.25,1.27,31.23,
2020-01-16 14:00:00,16.32,6.18,1.12,33.68,
2020-01-16 15:00:00,20.61,5.4,0.95,34.23,
2020-01-16 16:00:00,6,5.34,1.18,35.33,
2020-01-16 17:00:00,6,5.31,1.32,35.24,
2020-01-16 18:00:00,6,5.98,2.46,31.65,
2020-01-16 19:00:00,15.65,6.25,5.19,26.49,
2020-01-16 20:00:00,20.36,7.21,7.51,23.2,
2020-01-16 21:00:00,28.69,9.15,9.95,16.53,
2020-01-16 22:00:00,34.87,10.94,10.61,12.82,
2020-01-16 23:00:00,41.35,15.18,8.98,12.98,
2020-01-17 00:00:00,45.47,11.75,6.43,13.39,
2020-01-17 01:00:00,36.39,9.1,4.74,14.41,
2020-01-17 02:00:00,30.58,10.18,4.57,3.74,
2020-01-17 04:00:00,21.44,8.54,4.32,0.98,
2020-01-17 05:00:00,17.41,7.65,3.14,4.29,
2020-01-17 07:00:00,19.53,9.95,4.47,0.98,
2020-01-17 08:00:00,23.91,18.86,15.83,7.51,
2020-01-17 10:00:00,33.27,10.54,4.99,27.59,
2020-01-17 11:00:00,20.45,7.99,2.29,36.38,
2020-01-17 12:00:00,24.89,6.38,2.22,42.52,
2020-01-17 13:00:00,23.66,5.88,2.27,46.69,
2020-01-17 14:00:00,20.87,5.28,1.29,47.89,
2020-01-17 15:00:00,23.69,5.31,1.6,46.51,
2020-01-17 16:00:00,16.26,5.24,2.09,47.65,
2020-01-17 17:00:00,13.22,5.37,2.6,46.39,
2020-01-17 18:00:00,16.25,5.29,2.96,44.86,
2020-01-17 19:00:00,20.19,7.12,2.68,42.6,
2020-01-17 20:00:00,18.2,8.12,3.62,36.15,
2020-01-17 21:00:00,26.67,6.99,4.83,31.53,
2020-01-17 22:00:00,42.42,6.76,4.42,29.27,
2020-01-17 23:00:00,36.68,7.78,4.57,27.38,
2020-01-18 00:00:00,40.57,7.46,5.53,23.26,
2020-01-17 09:00:00,30.43,15.65,8.58,14.36,
2020-01-17 06:00:00,22.75,8.04,2.47,0.98,
2020-01-17 03:00:00,20.25,9.97,4.57,0.98,
2020-01-18 02:00:00,28.92,8.35,7.14,11.17,
2020-01-18 03:00:00,33.43,8.5,7.01,6.77,
2020-01-18 05:00:00,25.42,9.41,6.22,2.08,
2020-01-18 06:00:00,29.97,8.24,4.96,2.65,
2020-01-18 08:00:00,28.63,8.52,5.87,12.72,
2020-01-18 09:00:00,28.47,7.92,4.36,23.26,
2020-01-18 11:00:00,20.06,5.87,1.43,41.1,
2020-01-18 12:00:00,13.55,5.64,2.92,49.61,
2020-01-18 13:00:00,19.56,5.68,2.2,50.25,
2020-01-18 14:00:00,15.51,5.54,1.95,56.15,
2020-01-18 15:00:00,21.86,6.22,1.89,56.09,
2020-01-18 16:00:00,18.87,7.94,1.61,59.76,
2020-01-18 17:00:00,18.28,8.63,1.58,64.85,
2020-01-18 18:00:00,25.83,8.86,1.61,59.79,
2020-01-18 19:00:00,33.95,8.46,1.55,54.35,
2020-01-18 20:00:00,47.37,11.2,4.66,41.63,
2020-01-18 21:00:00,64.9,26.74,6.81,28.04,
2020-01-18 22:00:00,,,,,
2020-01-18 23:00:00,,,,,
2020-01-19 00:00:00,,,,,
2020-01-18 10:00:00,26.55,6.53,2.51,34.25,
2020-01-18 07:00:00,25.67,8.15,5.38,5.65,
2020-01-18 04:00:00,31.98,9.49,7.06,4.92,
2020-01-18 01:00:00,36.11,7.32,7.65,14.74,
2020-02-02 01:00:00,23.18,8.19,2.26,16.8,
2020-02-02 03:00:00,22.73,8.33,2.75,11.2,
2020-02-02 04:00:00,24.7,8.89,2.81,6.35,
2020-02-02 06:00:00,13.12,9.14,2.22,6.52,
2020-02-02 07:00:00,20.15,9.54,2.51,5.33,
2020-02-02 08:00:00,15.54,8.79,1.41,16.89,
2020-02-02 09:00:00,17.64,7.83,1.63,28.17,
2020-02-02 10:00:00,18.28,7.41,1.32,39.86,
2020-02-02 11:00:00,16.08,7.65,1.29,47.2,
2020-02-02 12:00:00,6,10.44,2.11,56.23,
2020-02-02 13:00:00,13.7,9.33,2.62,54.76,
2020-02-02 14:00:00,20.52,8.8,1.26,55.59,
2020-02-02 15:00:00,26.11,9.1,0.47,52.76,
2020-02-02 16:00:00,23.31,7.72,0.47,50.64,
2020-02-02 17:00:00,21.54,6.95,0.47,49.43,
2020-02-02 18:00:00,30.12,6.35,0.47,46.37,
2020-02-02 19:00:00,29.58,6.23,,38.34,
2020-02-02 20:00:00,37.55,6.94,1.35,32.19,
2020-02-02 21:00:00,30.72,7.55,2.04,27.76,
2020-02-02 22:00:00,28.55,8.15,1.97,25.5,
2020-02-02 23:00:00,25.1,8.26,2.24,24.99,
2020-02-03 00:00:00,24.62,8.47,3.63,21.98,
2020-02-02 05:00:00,13.17,9.25,2.6,5.25,
2020-02-02 02:00:00,23.18,8.57,2.71,14.26,
2020-02-03 02:00:00,31.92,8.62,2.13,22.55,
2020-02-03 03:00:00,22.45,8.27,1.49,23.65,
2020-02-03 05:00:00,13.52,8.46,1.22,25.41,
2020-02-03 06:00:00,20.47,7.92,1.76,24.27,
2020-02-03 07:00:00,19.54,8.07,3.67,21.74,
2020-02-03 08:00:00,19.27,7.96,4.07,21.92,
2020-02-03 09:00:00,13.29,7.25,2.7,25.8,
2020-02-03 10:00:00,13.37,6.48,2.57,30.63,
2020-02-03 11:00:00,6,6.08,1.5,36.04,
2020-02-03 12:00:00,6,6.19,2.25,44.52,
2020-02-03 13:00:00,6,6.11,2.44,53.29,
2020-02-03 14:00:00,6,6.15,1.81,54.47,
2020-02-03 15:00:00,6,6.88,1.35,51.36,
2020-02-03 16:00:00,16.49,6.11,1.41,51.01,
2020-02-03 17:00:00,15.96,5.98,1.23,47.08,
2020-02-03 18:00:00,18.86,6.06,1.69,49.57,
2020-02-03 19:00:00,27.76,6.34,2.14,40.83,
2020-02-03 20:00:00,37.59,6.47,3.17,32.6,
2020-02-03 21:00:00,33.8,6.84,2.64,27.6,
2020-02-03 22:00:00,31.75,7.14,4.64,22.48,
2020-02-03 23:00:00,19.38,7.94,3.67,20.54,
2020-02-04 00:00:00,17.77,8.07,4.04,17.68,
2020-02-03 04:00:00,13.4,8.09,1.4,24.38,
2020-02-03 01:00:00,31.6,9.19,3.03,21.9,
2020-02-04 01:00:00,21.65,8.79,5.21,11.6,
2020-02-04 02:00:00,21.27,8.57,4.13,10.03,
2020-02-04 03:00:00,24.7,8.82,3.54,9.45,
2020-02-04 04:00:00,18.04,7.88,2.08,11.35,
2020-02-04 05:00:00,6,7.17,1.33,12.21,
2020-02-04 06:00:00,6,7.87,3.19,9.56,
2020-02-04 07:00:00,14.19,7.68,3.31,11.5,
2020-02-04 08:00:00,12.37,8.76,4.06,18.78,
2020-02-04 09:00:00,30.96,10.9,3.05,34.52,
2020-02-04 10:00:00,49.56,8.38,2.31,46.95,
2020-02-04 11:00:00,,7.19,1.45,48.77,
2020-02-04 12:00:00,,5.97,1.06,34.47,
2020-02-04 13:00:00,,323.1,2.05,30.84,
2020-02-04 14:00:00,,66.31,1.25,35.1,
2020-02-04 15:00:00,,4.74,11,38.51,
2020-02-04 16:00:00,,4.89,1.72,46.01,
2020-02-04 17:00:00,14.95,3.34,0.47,40.89,
2020-02-04 18:00:00,34.62,3.09,1.63,33.04,
2020-02-04 19:00:00,41.15,3.62,1.86,27.54,
2020-02-04 20:00:00,39.6,3.74,2.13,22.57,
2020-02-04 21:00:00,38.56,4.18,3.21,19.09,
2020-02-04 22:00:00,39.17,4.23,1.93,19.79,
2020-02-04 23:00:00,36.53,4.12,2.06,19.11,
2020-02-05 00:00:00,34.85,4.09,2.19,18.39,
2020-02-05 01:00:00,23.25,5.63,1.81,18.44,
2020-02-05 02:00:00,28.06,4.73,1.09,17.66,
2020-02-05 03:00:00,22.64,3.77,1.01,17.7,
2020-02-05 04:00:00,13.5,3.83,1.44,17.14,
2020-02-05 05:00:00,12.54,4,1.76,16.11,
2020-02-05 06:00:00,15.01,5.32,3.69,10.87,
2020-02-05 07:00:00,12.67,5.82,4.32,10.81,
2020-02-05 08:00:00,18.97,5.87,5.31,13.09,
2020-02-05 09:00:00,13.15,5.56,3.41,21.96,
2020-02-05 10:00:00,18.09,4.45,1.9,30.26,
2020-02-05 11:00:00,17.16,4.11,2.34,30.76,
2020-02-05 12:00:00,12.81,4.33,1.82,36.73,
2020-02-05 13:00:00,15.49,4.07,1.77,40.06,
2020-02-05 14:00:00,6,3.65,1.77,39.53,
2020-02-05 15:00:00,12.96,3.01,1.26,37.63,
2020-02-05 16:00:00,18.78,3.27,1.23,42.66,
2020-02-05 17:00:00,16.23,2.9,0.47,43.24,
2020-02-05 18:00:00,28.06,3.53,2.32,38.5,
2020-02-05 19:00:00,39.9,3.56,2.11,31.02,
2020-02-05 20:00:00,44.56,3.99,3.16,23.36,
2020-02-05 21:00:00,36.55,4.77,4.09,18.47,
2020-02-05 22:00:00,56.41,4.73,2.6,19,
2020-02-05 23:00:00,45.96,4.42,2.37,17.63,
2020-02-06 00:00:00,34.17,4.81,4.14,14.14,
2020-02-06 01:00:00,35.96,4.99,3.71,13.49,
2020-02-06 02:00:00,30.52,4.91,3.94,10.03,
2020-02-06 03:00:00,23.58,4.69,3.23,8.98,
2020-02-06 04:00:00,30.52,4.1,2.65,9.23,
2020-02-06 05:00:00,26.72,4.1,1.98,11.07,
2020-02-06 06:00:00,24.35,4.17,3.3,8.3,
2020-02-06 07:00:00,16.34,5.06,3.87,7.15,
2020-02-06 08:00:00,21.2,6.61,5.78,9.25,
2020-02-06 09:00:00,30.43,7.17,5.02,23.38,
2020-02-06 10:00:00,34.67,18.05,5.36,37.87,
2020-02-06 11:00:00,26.69,7.53,2.39,47.99,
2020-02-06 12:00:00,19.23,4.45,3.09,57.26,
2020-02-06 13:00:00,18.9,3.75,1.69,50.18,
2020-02-06 14:00:00,6,3.71,2.1,67.31,
2020-02-06 15:00:00,12.36,3.7,2.7,76.28,
2020-02-06 16:00:00,6,3.72,1.26,56.73,
2020-02-06 17:00:00,13.32,3.56,1.27,52.2,
2020-02-06 18:00:00,18.59,3.47,2.1,45.92,
2020-02-06 19:00:00,24.92,6.12,4.14,40.26,
2020-02-06 20:00:00,38.42,6.73,6.63,23.31,
2020-02-06 21:00:00,39.7,6.3,4.07,21.22,
2020-02-06 22:00:00,49.31,5.85,3.43,18.89,
2020-02-06 23:00:00,48.88,5.01,3.53,20.19,
2020-02-07 00:00:00,35.13,4.74,3.19,21.06,
2020-02-07 01:00:00,29.81,5.61,4.79,18.49,
2020-02-07 02:00:00,33.13,5.35,2.3,21.36,
2020-02-07 04:00:00,20.89,4.94,3.13,16.32,
2020-02-07 05:00:00,14.04,4.96,4.07,14.59,
2020-02-07 07:00:00,17.5,5.02,3.99,13.96,
2020-02-07 08:00:00,16.96,5.33,4.62,16.83,
2020-02-07 09:00:00,24.73,4.99,3.31,25.09,
2020-02-07 10:00:00,26.63,3.76,2.15,35.43,
2020-02-07 11:00:00,23.16,3.53,2.06,41.25,
2020-02-07 12:00:00,17.23,3.62,1.95,42.71,
2020-02-07 13:00:00,12.18,4.17,3.55,43.66,
2020-02-07 14:00:00,18.01,4.51,1.41,47.09,
2020-02-07 15:00:00,14.49,4.05,2.11,56.13,
2020-02-07 16:00:00,6,3.67,1.38,52.65,
2020-02-07 17:00:00,6,3.81,1.3,45.38,
2020-02-07 18:00:00,21.86,3.75,2.73,42.2,
2020-02-07 19:00:00,35.5,4.47,5.32,42.11,
2020-02-07 20:00:00,34.81,6.35,5.5,23.5,
2020-02-07 21:00:00,35.77,7.02,7.16,15.03,
2020-02-07 22:00:00,42.82,6.95,5.18,17.7,
2020-02-07 23:00:00,50.53,6.63,5.83,13.84,
2020-02-08 00:00:00,44.77,7.75,5.8,12.54,
2020-02-07 06:00:00,15.05,4.38,2.48,15.91,
2020-02-07 03:00:00,38.93,4.82,2.03,20.29,
2020-02-08 01:00:00,55.69,6.69,4.11,12.58,
2020-02-08 02:00:00,48.76,6.55,3.33,12.23,
2020-02-08 04:00:00,30.41,7.35,3.19,9.02,
2020-02-08 05:00:00,32.67,7.23,2.89,5.87,
2020-02-08 06:00:00,22.97,9.1,3.4,0.98,
2020-02-08 07:00:00,15.5,9.75,4.94,3.02,
2020-02-08 08:00:00,21.41,8.84,4.14,10.69,
2020-02-08 09:00:00,17.24,27.48,6,22.91,
2020-02-08 10:00:00,19.56,32.9,5.21,33.81,
2020-02-08 11:00:00,24.18,26.23,5.26,38.94,
2020-02-08 12:00:00,13.92,19.17,3.88,46.27,
2020-02-08 13:00:00,6,11.59,2.61,51.69,
2020-02-08 14:00:00,6,21.05,4.37,56.35,
2020-02-08 15:00:00,18.92,7.27,3.36,67.88,
2020-02-08 16:00:00,13.45,10.3,3.59,78.76,
2020-02-08 17:00:00,6,5.72,3.14,70.11,
2020-02-08 18:00:00,14.55,5.07,3.94,50.96,
2020-02-08 19:00:00,25.64,4.57,1.8,44.09,
2020-02-08 20:00:00,42.38,5.64,4.63,33.47,
2020-02-08 21:00:00,29.96,7.18,6.23,20.87,
2020-02-08 22:00:00,21,12.37,8.19,13.96,
2020-02-08 23:00:00,27.37,12.4,7.48,16.58,
2020-02-09 00:00:00,31.81,11.33,8.51,15.33,
2020-02-08 03:00:00,41.54,6.69,2.79,11.49,
2020-02-09 02:00:00,19.25,10.25,3.78,17.07,
2020-02-09 03:00:00,19.75,8.32,3.41,15.72,
2020-02-09 04:00:00,13.64,6.36,3.41,11.55,
2020-02-09 05:00:00,6,5.96,3.17,10.73,
2020-02-09 06:00:00,6,5.39,1.79,13.67,
2020-02-09 07:00:00,6,4.48,0.47,23.37,
2020-02-09 08:00:00,6,4.09,0.47,23.17,
2020-02-09 09:00:00,14.18,4.19,1.06,23.4,
2020-02-09 10:00:00,6,4.22,1.37,24.46,
2020-02-09 11:00:00,6,4.04,0.47,29.51,
2020-02-09 12:00:00,12.33,4.11,0.47,30.29,
2020-02-09 13:00:00,6,5.09,1.18,29.82,
2020-02-09 14:00:00,6,8.27,1.21,26.48,
2020-02-09 15:00:00,23.45,6,0.47,28.35,
2020-02-09 16:00:00,13.77,5.53,0.47,31.48,
2020-02-09 17:00:00,6,4.32,0.47,34.56,
2020-02-09 18:00:00,6,3.96,0.47,36.85,
2020-02-09 19:00:00,6,6.9,1.43,36.42,
2020-02-09 20:00:00,6,5.68,1.9,32.54,
2020-02-09 21:00:00,19.31,4.82,2.27,30.6,
2020-02-09 22:00:00,21.51,4.18,2.79,29.65,
2020-02-09 23:00:00,14.41,4.32,3.14,29.19,
2020-02-10 00:00:00,19.87,4.98,4.06,24.95,
2020-02-09 01:00:00,22.13,12.15,6.95,13.82,
2020-02-10 01:00:00,22.22,5.18,5.05,14.4,
2020-02-10 02:00:00,19.03,5.45,4.16,9.36,
2020-02-10 03:00:00,21.01,6.44,3.98,7.81,
2020-02-10 04:00:00,16.5,5.59,2.15,11.82,
2020-02-10 05:00:00,15.83,5.55,3.23,4.87,
2020-02-10 06:00:00,6,7.08,4,2.22,
2020-02-10 07:00:00,17.93,12.24,7.02,0.98,
2020-02-10 08:00:00,31.02,17.09,16.8,6.44,
2020-02-10 09:00:00,25.05,15.1,12.09,28.98,
2020-02-10 10:00:00,34.5,8.52,4.88,42.91,
2020-02-10 11:00:00,20.38,6.14,5.45,43.63,
2020-02-10 12:00:00,16.57,4.81,4.31,45.61,
2020-02-10 13:00:00,22.42,4.42,1.93,34.82,
2020-02-10 14:00:00,17.73,4.05,1.08,39.58,
2020-02-10 15:00:00,6,3.56,1.41,43.42,
2020-02-10 16:00:00,12.65,3.33,1.45,41.34,
2020-02-10 17:00:00,6,2.89,1.16,38.67,
2020-02-10 18:00:00,6,3.16,1.88,35.67,
2020-02-10 19:00:00,6,3.89,2.86,32.01,
2020-02-10 20:00:00,6,4.11,3.53,22.04,
2020-02-10 21:00:00,17.71,4.43,4,18.52,
2020-02-10 22:00:00,17.83,5.13,4.51,17.48,
2020-02-10 23:00:00,21.41,5.38,4.06,14.85,
2020-02-11 00:00:00,16.9,5.2,3.14,13.65,
2020-02-11 02:00:00,21.18,6,5.07,4.21,
2020-02-11 03:00:00,14.8,5.84,4.09,2.1,
2020-02-11 04:00:00,17.15,5.27,4.07,2.51,
2020-02-11 05:00:00,12.53,5.08,3.19,0.98,
2020-02-11 06:00:00,19.46,6.13,2.76,0.98,
2020-02-11 07:00:00,14.15,7.87,1.87,0.98,
2020-02-11 08:00:00,13.52,9.51,3.87,5.02,
2020-02-11 09:00:00,24.09,8.72,6.04,13.64,
2020-02-11 10:00:00,23.85,5.54,4.31,27.46,
2020-02-11 11:00:00,18.82,4.2,3.11,35.81,
2020-02-11 12:00:00,12.98,3.67,2.22,41.76,
2020-02-11 13:00:00,14.03,3.23,2.07,40.32,
2020-02-11 14:00:00,6,3.2,1.79,39.19,
2020-02-11 15:00:00,6,3.2,0.47,36.33,
2020-02-11 16:00:00,6,2.92,0.47,36.56,
2020-02-11 17:00:00,6,4.14,1.13,33.41,
2020-02-11 18:00:00,20.22,3.49,1.63,31.64,
2020-02-11 19:00:00,27.82,3.51,2.34,29.91,
2020-02-11 20:00:00,17.62,4.13,2.36,27.35,
2020-02-11 21:00:00,16.93,4.09,1.99,26.43,
2020-02-11 22:00:00,25.41,4.12,1.92,24.82,
2020-02-11 23:00:00,24.94,4.68,3.12,23.05,
2020-02-12 00:00:00,24.16,4.5,3.3,20.8,
2020-02-11 01:00:00,22.12,5.01,4.02,9.53,
2020-02-12 01:00:00,15.62,4.88,3.66,18.59,
2020-02-12 02:00:00,18.03,5.28,3.51,13.55,
2020-02-12 03:00:00,15.76,4.67,2.78,13.14,
2020-02-12 04:00:00,6,4.49,2.44,10.53,
2020-02-12 05:00:00,6,4.95,3.18,7.72,
2020-02-12 06:00:00,6,4.89,3.72,4.6,
2020-02-12 07:00:00,6,7.71,4.98,2.71,
2020-02-12 08:00:00,12.01,9.39,6.89,5.47,
2020-02-12 09:00:00,21.29,8.2,7.01,16.45,
2020-02-12 10:00:00,29.15,5.73,5.88,25.85,
2020-02-12 11:00:00,16.35,4.68,2.45,36.4,
2020-02-12 12:00:00,6,4.17,1.97,40.57,
2020-02-12 13:00:00,6,3.94,1.84,42.71,
2020-02-12 14:00:00,6,4.48,1.04,45.01,
2020-02-12 15:00:00,6,5.25,1.04,47.66,
2020-02-12 16:00:00,13.5,4.42,1.41,42.62,
2020-02-12 17:00:00,15.97,3.98,0.47,41.56,
2020-02-12 18:00:00,17.12,3.45,1.82,38.81,
2020-02-12 19:00:00,16.9,4.19,3.11,34.39,
2020-02-12 20:00:00,29.11,4.34,3.53,27.5,
2020-02-12 21:00:00,32.37,4.57,3.02,25.17,
2020-02-12 22:00:00,36.68,5.02,3.47,22.88,
2020-02-12 23:00:00,21,5.46,5.79,16.22,
2020-02-13 00:00:00,14.4,5.53,5.41,14.2,
2020-02-13 01:00:00,21.91,5.35,4.68,13.37,
2020-02-13 02:00:00,26.81,4.51,3.52,11.01,
2020-02-13 03:00:00,26.95,4.57,3.85,10.89,
2020-02-13 04:00:00,27.69,4.45,2.95,6.33,
2020-02-13 05:00:00,17.44,4.67,3.15,5.7,
2020-02-13 06:00:00,12.58,4.97,4.01,2.53,
2020-02-13 07:00:00,15.46,8.2,5.66,0.98,
2020-02-13 08:00:00,19.32,13.49,6.81,6.12,
2020-02-13 09:00:00,30.29,7.31,4.45,19.85,
2020-02-13 10:00:00,23.3,5.66,3.38,28.28,
2020-02-13 11:00:00,22.48,4.31,3.06,37.13,
2020-02-13 12:00:00,18.46,4.07,3.51,43.32,
2020-02-13 13:00:00,17.08,3.58,2.21,50.88,
2020-02-13 14:00:00,6,3.11,2.22,57.85,
2020-02-13 15:00:00,13.04,3.02,2.4,60.33,
2020-02-13 16:00:00,21.5,3.68,3.76,55.41,
2020-02-13 17:00:00,21.85,3.83,2.41,50.62,
2020-02-13 18:00:00,22.43,4.36,3.04,47.62,
2020-02-13 19:00:00,32.63,5.07,4.42,40.84,
2020-02-13 20:00:00,41.14,5.74,5.93,27.95,
2020-02-13 21:00:00,42.22,6.2,5.63,25.23,
2020-02-13 22:00:00,46.44,6.05,5.67,22.99,
2020-02-13 23:00:00,45.37,6.34,6.28,18.7,
2020-02-14 00:00:00,41,8.09,8.06,14.09,
2020-02-14 01:00:00,73.15,10.14,6.44,12.73,
2020-02-14 02:00:00,63.99,8.01,4.7,10.27,
2020-02-14 03:00:00,48.46,8.96,4.39,7.59,
2020-02-14 04:00:00,43.89,9.39,6.04,3.73,
2020-02-14 05:00:00,32.63,8.21,5.29,4.42,
2020-02-14 06:00:00,26.82,7.91,5.46,0.98,
2020-02-14 07:00:00,36.78,8.89,6.39,0.98,
2020-02-14 08:00:00,40.41,13.29,8.94,5.13,
2020-02-14 09:00:00,40.74,10.28,7.79,21.42,
2020-02-14 10:00:00,40.29,9.51,6.41,32.18,
2020-02-14 11:00:00,29.15,6.41,5.86,37.75,
2020-02-14 12:00:00,19.61,7.94,5.22,48.45,
2020-02-14 13:00:00,17.61,19.69,7.82,50.48,
2020-02-14 14:00:00,27.33,66.08,7.64,50.49,
2020-02-14 15:00:00,26.96,52.82,10.97,54.71,
2020-02-14 16:00:00,25.23,19.41,9.04,57.31,
2020-02-14 17:00:00,26.72,17.09,12.96,49.22,
2020-02-14 18:00:00,,,,,
2020-02-14 19:00:00,,,,,
2020-02-14 20:00:00,,,,,
2020-02-14 21:00:00,,,,,
2020-02-14 22:00:00,,,,,
2020-02-14 23:00:00,,,,,
2020-02-15 00:00:00,,,,,
2020-02-15 01:00:00,97.14,13.42,8.95,17.12,
2020-02-15 02:00:00,83.82,15.06,9.44,8.39,
2020-02-15 03:00:00,71.53,14.06,5.63,14.8,
2020-02-15 04:00:00,62.62,11.71,2.92,26.73,
2020-02-15 05:00:00,54.92,9.99,3.79,22.27,
2020-02-15 06:00:00,36.6,8.77,4.76,12.09,
2020-02-15 07:00:00,35.1,10.31,5.37,15.68,
2020-02-15 08:00:00,31.41,18.02,6.62,16.25,
2020-02-15 09:00:00,30.62,10.28,5.33,22.6,
2020-02-15 10:00:00,25.73,23.06,14.1,44.55,
2020-02-15 11:00:00,29.66,35.19,16.96,68.37,
2020-02-15 12:00:00,39.85,13.07,6.87,105.4,
2020-02-15 13:00:00,43.26,10.52,6.68,112,
2020-02-15 14:00:00,39.25,11.22,6.5,100,
2020-02-15 15:00:00,36.77,17.04,6.78,100,
2020-02-15 16:00:00,35.72,8.04,3.14,108.9,
2020-02-15 17:00:00,28.06,6.45,4.87,100.2,
2020-02-15 18:00:00,22.78,5.9,3.44,91.2,
2020-02-15 19:00:00,32.2,5.36,3.89,76.19,
2020-02-15 20:00:00,34.03,8.52,11.41,59.44,
2020-02-15 21:00:00,52.93,10.39,9.07,62.06,
2020-02-15 22:00:00,60.25,13.72,9.62,52.61,
2020-02-15 23:00:00,74.99,13.58,,44.53,
2020-02-16 00:00:00,81.02,13.07,10.35,31.45,
2020-02-18 01:00:00,15.65,9.86,5.94,6.97,
2020-02-18 02:00:00,18.44,9.97,8.39,2.89,
2020-02-18 04:00:00,19.45,13.8,5.03,7.42,
2020-02-18 05:00:00,15.71,11.59,3.84,10.74,
2020-02-18 07:00:00,19.01,14.57,6.41,0.98,
2020-02-18 08:00:00,33.05,17.23,12.55,4.22,
2020-02-18 10:00:00,25.25,11.99,7.48,35.55,
2020-02-18 11:00:00,33.24,9.84,8.51,42.97,
2020-02-18 12:00:00,38.93,21.12,14.76,38.16,
2020-02-18 13:00:00,37.99,10.27,4.92,51.54,
2020-02-18 14:00:00,37.14,7.02,3.38,38.78,
2020-02-18 15:00:00,36.95,8.13,7.37,26.9,
2020-02-18 16:00:00,37.34,9.3,6.36,25.45,
2020-02-18 17:00:00,22.67,9.03,7.87,23.66,
2020-02-18 18:00:00,20.93,7.54,5.35,28.62,
2020-02-18 19:00:00,21.79,6,7.19,28.65,
2020-02-18 20:00:00,19.24,6.85,7.89,26.14,
2020-02-18 21:00:00,6,6.8,9.08,25.31,
2020-02-18 22:00:00,6,8.76,8.01,21.66,
2020-02-18 23:00:00,6,10.13,7.63,19.18,
2020-02-19 00:00:00,6,10.64,8.79,15.04,
2020-02-18 09:00:00,23.69,16.27,12.11,22.88,
2020-02-18 06:00:00,22.44,15.87,5.74,0.98,
2020-02-18 03:00:00,22.06,12.78,6.73,2.68,
2020-02-20 01:00:00,34.16,6.11,4.64,24,
2020-02-20 02:00:00,21.7,6.05,4.42,19.29,
2020-02-20 03:00:00,16.38,6.01,5.26,11.31,
2020-02-20 04:00:00,23.67,7.42,4.28,6.49,
2020-02-20 05:00:00,25.57,8.46,4.43,4.27,
2020-02-20 06:00:00,14.66,8.68,4.49,3,
2020-02-20 07:00:00,19.34,12.28,10.75,0.98,
2020-02-20 08:00:00,33.58,17.42,12.42,5.53,
2020-02-20 09:00:00,36.85,17.3,10.82,20.4,
2020-02-20 10:00:00,30.34,21.19,12.01,48.61,
2020-02-20 11:00:00,45.53,15.5,7.52,91.74,
2020-02-20 12:00:00,33.24,7.82,3.36,69.99,
2020-02-20 13:00:00,24.18,6.14,3.88,67.64,
2020-02-20 14:00:00,24.29,4.99,2.72,67.72,
2020-02-20 15:00:00,13.28,4.7,2.61,69.15,
2020-02-20 16:00:00,6,4.57,1.67,69.39,
2020-02-20 17:00:00,,,,,
2020-02-20 18:00:00,,,,,
2020-02-20 19:00:00,,,,,
2020-02-20 20:00:00,,,,,
2020-02-20 21:00:00,,,,,
2020-02-20 22:00:00,,,,,
2020-02-20 23:00:00,,,,,
2020-02-21 00:00:00,,,,,
2020-02-22 01:00:00,17.48,4.13,1.84,31.56,
2020-02-22 02:00:00,6,3.69,0.47,32.61,
2020-02-22 04:00:00,26.97,3.73,3.98,23.07,
2020-02-22 05:00:00,17.16,4.09,2.34,24.58,
2020-02-22 07:00:00,20.68,5.86,9.81,13.07,
2020-02-22 08:00:00,20.27,6.53,7.36,20.81,
2020-02-22 10:00:00,26.33,4.43,0.47,32.22,
2020-02-22 11:00:00,17.16,4.19,2.06,34.19,
2020-02-22 13:00:00,18.99,3.74,1.33,43.34,
2020-02-22 14:00:00,16.01,3.63,1.52,49.18,
2020-02-22 15:00:00,26.9,3.73,1.96,49.04,
2020-02-22 16:00:00,24.43,3.73,2.04,46.81,
2020-02-22 17:00:00,17.96,3.72,1.71,40.07,
2020-02-22 18:00:00,22.95,3.79,1.39,37.5,
2020-02-22 19:00:00,29.99,3.78,1.37,35.05,
2020-02-22 20:00:00,32.46,4.65,2.94,31.67,
2020-02-22 21:00:00,24.94,4.91,2.31,30.94,
2020-02-22 22:00:00,24.94,5.87,4.63,25.13,
2020-02-22 23:00:00,19.31,6.86,4.01,23.76,
2020-02-23 00:00:00,27.43,6.37,3.75,18.15,
2020-02-22 12:00:00,19.58,3.99,2,38.84,
2020-02-22 09:00:00,18.27,5.01,1.73,30.1,
2020-02-22 06:00:00,19.66,4.99,8.14,12.52,
2020-02-22 03:00:00,14.06,3.67,0.47,29.54,
2020-02-23 01:00:00,31.65,6.19,2.83,20.12,
2020-02-23 02:00:00,29.45,6.28,2.46,17.39,
2020-02-23 03:00:00,18,6.71,1.64,18.43,
2020-02-23 04:00:00,18.62,6.37,2.05,11.88,
2020-02-23 05:00:00,13.38,6.32,2.24,8.35,
2020-02-23 06:00:00,6,8.63,4.09,2.25,
2020-02-23 07:00:00,6,8.49,3.61,3.72,
2020-02-23 08:00:00,23.69,7.72,5.28,7.93,
2020-02-23 09:00:00,17.06,8,4.57,29.85,
2020-02-23 10:00:00,20.49,6.63,1.79,36.84,
2020-02-23 11:00:00,16.89,5.2,1.13,36.14,
2020-02-23 12:00:00,19.16,4.98,1.12,38.86,
2020-02-23 13:00:00,20.68,5.61,1.17,43.19,
2020-02-23 14:00:00,22,5.19,0.47,43.41,
2020-02-23 15:00:00,16.73,4.25,1.02,43.16,
2020-02-23 16:00:00,6,3.88,0.47,41.55,
2020-02-23 17:00:00,6,4.06,0.47,42.6,
2020-02-23 18:00:00,24.84,3.99,0.47,40.47,
2020-02-23 19:00:00,18.45,4.1,0.47,36.76,
2020-02-23 20:00:00,20.7,4.88,1.79,31.57,
2020-02-23 21:00:00,27.17,4.94,1.6,28.49,
2020-02-23 22:00:00,26.52,5.01,2.39,25.76,
2020-02-23 23:00:00,20.83,5.2,3.41,21.97,
2020-02-24 00:00:00,24.09,5.1,4.17,18.88,
2020-02-24 01:00:00,28.81,5.27,5.57,14.99,
2020-02-24 02:00:00,23.49,5.57,4.16,14.74,
2020-02-24 03:00:00,17.58,5.64,3.39,11.27,
2020-02-24 04:00:00,19.08,5.05,3.1,9.32,
2020-02-24 05:00:00,19.33,5.42,2.45,6.85,
2020-02-24 06:00:00,15.63,6.04,3.1,3.47,
2020-02-24 07:00:00,16.43,7.33,2.85,0.98,
2020-02-24 08:00:00,15.51,9.98,3.35,2.13,
2020-02-24 09:00:00,30.18,9.86,5.68,11.13,
2020-02-24 10:00:00,29.91,7.01,3.19,29.47,
2020-02-24 11:00:00,25.09,5.17,2.52,43.65,
2020-02-24 12:00:00,23.79,5.1,3.13,65.23,
2020-02-24 13:00:00,20.37,8.71,2.95,71.44,
2020-02-24 14:00:00,20.07,20.92,4.95,62.99,
2020-02-24 15:00:00,19.79,14.32,4.59,72.34,
2020-02-24 16:00:00,6,15.05,3.9,77.74,
2020-02-24 17:00:00,6,13.65,4.85,83.59,
2020-02-24 18:00:00,20.06,7.1,3.89,67.6,
2020-02-24 19:00:00,28,5.51,3.92,59.3,
2020-02-24 20:00:00,36.62,5.72,5.23,39.95,
2020-02-24 21:00:00,37.04,5.55,4.59,32.45,
2020-02-24 22:00:00,26.87,6.95,7.24,20.55,
2020-02-24 23:00:00,28.75,10.02,6.27,12.9,
2020-02-25 00:00:00,27.59,7.92,5.27,7.68,
2020-02-25 01:00:00,31.42,10.19,8.44,0.98,
2020-02-25 02:00:00,31.27,11.74,5.86,3.68,
2020-02-25 03:00:00,27.21,10.57,4.6,5.61,
2020-02-25 04:00:00,18.24,12.66,5.06,0.98,
2020-02-25 05:00:00,16.92,11.37,4.75,8.44,
2020-02-25 06:00:00,22.7,14.4,6.64,10.7,
2020-02-25 07:00:00,32.63,19.27,7.12,9.9,
2020-02-25 08:00:00,23.13,14.53,5.93,12.04,
2020-02-25 09:00:00,24.72,12.7,3.92,16.97,
2020-02-25 10:00:00,22.31,11.06,3.46,23.44,
2020-02-25 11:00:00,23.82,23.11,4.31,30.18,
2020-02-25 12:00:00,19.1,13.05,2.66,44.44,
2020-02-25 13:00:00,13.29,30.25,2.79,47.53,
2020-02-25 14:00:00,14.8,13.32,3.44,55.94,
2020-02-25 15:00:00,14.74,8.43,2.46,73.74,
2020-02-25 16:00:00,17.23,8.46,3.69,83.58,
2020-02-25 17:00:00,14.69,10.47,4.61,73.57,
2020-02-25 18:00:00,21.58,13.62,11.58,50.09,
2020-02-25 19:00:00,19.38,10.56,5.21,43.62,
2020-02-25 20:00:00,30.86,8.49,4.13,40.33,
2020-02-25 21:00:00,20.63,7.31,3.47,41.01,
2020-02-25 22:00:00,22.39,6.06,2.06,38.28,
2020-02-25 23:00:00,21.33,5.78,1.87,33.56,
2020-02-26 00:00:00,24.41,5.35,2.43,34.71,
2020-02-26 01:00:00,19.34,5.08,1.44,32.51,
2020-02-26 02:00:00,12.65,5.5,1.55,32.96,
2020-02-26 04:00:00,6,5.6,1.38,31.92,
2020-02-26 05:00:00,6,5.86,1.72,31.92,
2020-02-26 06:00:00,6,5.89,2.95,27.62,
2020-02-26 07:00:00,6,5.14,3.22,24.9,
2020-02-26 08:00:00,16.19,5.84,4.71,19.76,
2020-02-26 09:00:00,15.51,5.72,4.67,12.45,
2020-02-26 10:00:00,21.66,5.36,3.99,14.73,
2020-02-26 11:00:00,15.54,5.04,3.86,20.45,
2020-02-26 12:00:00,15.46,5.11,1.76,30.52,
2020-02-26 13:00:00,16.92,4.12,0.47,31.64,
2020-02-26 14:00:00,17.12,4.03,0.47,31.09,
2020-02-26 15:00:00,6,4.04,1.03,34.28,
2020-02-26 16:00:00,6,4.01,1.28,34.17,
2020-02-26 17:00:00,12.89,3.98,1.59,33.79,
2020-02-26 18:00:00,6,4.06,1.9,32.13,
2020-02-26 19:00:00,16.1,4.5,4.63,26.58,
2020-02-26 20:00:00,22.36,5.47,8.79,19.13,
2020-02-26 21:00:00,17.12,7.91,11.11,12.22,
2020-02-26 22:00:00,22.47,9.43,10.92,10.41,
2020-02-26 23:00:00,44.65,12.21,10.84,0.98,
2020-02-27 00:00:00,40.47,10.23,8.1,2.89,
2020-02-26 03:00:00,14.15,5.09,2.1,27.55,
2020-02-27 01:00:00,36,9.15,6.16,0.98,
2020-02-27 02:00:00,33.86,9.02,3.03,2.67,
2020-02-27 03:00:00,29.81,7.77,2.95,0.98,
2020-02-27 04:00:00,18.98,10.52,4.46,0.98,
2020-02-27 05:00:00,22.27,13.85,7.72,0.98,
2020-02-27 06:00:00,23.27,15.74,6.01,0.98,
2020-02-27 07:00:00,36.24,18.3,7.96,0.98,
2020-02-27 08:00:00,36.86,20.73,5.28,0.98,
2020-02-27 09:00:00,33.57,41.51,8.25,9.61,
2020-02-27 10:00:00,37.91,35.08,11.06,27.8,
2020-02-27 11:00:00,37.94,19.31,6.53,33.31,
2020-02-27 12:00:00,27.69,14.62,6.81,54.48,
2020-02-27 13:00:00,30.49,8.16,3.12,57.69,
2020-02-27 14:00:00,19.43,6.08,2.52,51.3,
2020-02-27 15:00:00,6,5.33,2.81,56.17,
2020-02-27 16:00:00,6,5.04,3.43,62.8,
2020-02-27 17:00:00,6,5.03,4.36,67.72,
2020-02-27 18:00:00,6,6.51,8.09,41.07,
2020-02-27 19:00:00,22.61,6.11,5.15,35.09,
2020-02-27 20:00:00,23.19,7.17,7.47,20.86,
2020-02-27 21:00:00,38.57,10.21,12.5,2.92,
2020-02-27 22:00:00,34.83,10.95,11,3.17,
2020-02-27 23:00:00,39.02,10.16,6.68,12.22,
2020-02-28 00:00:00,45.88,8.76,4.7,16.79,
2020-06-30 01:00:00,20.05,,,9.99,
2020-06-30 02:00:00,14.17,,,11.31,
2020-06-30 03:00:00,6,,,13.29,
2020-06-30 04:00:00,6,,,22.79,
2020-06-30 05:00:00,6,,,31.11,
2020-06-30 06:00:00,6,,,31.83,
2020-06-30 07:00:00,6,,,31.53,
2020-06-30 08:00:00,6,,,27.16,
2020-06-30 09:00:00,6,,,31.23,
2020-06-30 10:00:00,6,,,33.85,
2020-06-30 11:00:00,6,,,33.43,
2020-06-30 12:00:00,6,,,42.53,
2020-06-30 13:00:00,6,,,38.36,
2020-06-30 14:00:00,6,,,19.41,
2020-06-30 15:00:00,6,,,14.2,
2020-06-30 16:00:00,6,,,28.85,
2020-06-30 17:00:00,6,,,26.87,
2020-06-30 18:00:00,6,,,24.41,
2020-06-30 19:00:00,15.84,,,30.78,
2020-06-30 20:00:00,15.51,,,32.19,
2020-06-30 21:00:00,19.88,,,25.83,
2020-06-30 22:00:00,17.38,,,16.29,
2020-06-30 23:00:00,14.68,,,19.63,
2020-07-01 00:00:00,12.4,,,24.56,
2020-07-01 01:00:00,6,4.65,2.78,26.97,
2020-07-01 02:00:00,6,45.1,15.13,12.77,
2020-07-01 03:00:00,6,30.49,18.95,8.61,
2020-07-01 04:00:00,6,11.82,5.81,28.73,
2020-07-01 05:00:00,6,5.25,3.33,30.66,
2020-07-01 06:00:00,15.08,7.09,8.12,24.34,
2020-07-01 07:00:00,6,3.94,5.54,28.65,
2020-07-01 08:00:00,6,3.94,6.54,27.44,
2020-07-01 09:00:00,6,4.63,6.04,34.6,
2020-07-01 10:00:00,6,5.48,5.81,38.48,
2020-07-01 11:00:00,6,4.26,4.5,41.56,
2020-07-01 12:00:00,6,4.19,4.11,42.69,
2020-07-01 13:00:00,6,4.23,3.52,43.96,
2020-07-01 14:00:00,6,4.92,5.63,40.32,
2020-07-01 15:00:00,6,3.95,,41.65,
2020-07-01 16:00:00,14.23,3.71,6.13,40.82,
2020-07-01 17:00:00,12.36,5.21,8.5,36.09,
2020-07-01 18:00:00,6,5.25,10.94,29.67,
2020-07-01 19:00:00,6,5.64,11.02,27.54,
2020-07-01 20:00:00,6,6.35,6.52,33.39,
2020-07-01 21:00:00,13.25,7.9,,30.55,
2020-07-01 22:00:00,12.69,6.84,,32.55,
2020-07-01 23:00:00,6,4.32,4.49,34.75,
2020-07-02 00:00:00,6,3.71,3.28,34.24,
2020-07-02 01:00:00,6,3.62,,29.69,
2020-07-02 02:00:00,6,3.26,,25.07,
2020-07-02 04:00:00,6,2.11,2.69,28.84,
2020-07-02 05:00:00,12.13,1.35,2.32,32.18,
2020-07-02 06:00:00,6,0.65,,23.9,
2020-07-02 07:00:00,6,1.93,,25.83,
2020-07-02 08:00:00,6,2.69,,20.95,
2020-07-02 09:00:00,6,3.83,9.52,22.05,
2020-07-02 10:00:00,6,2.18,5.32,27.92,
2020-07-02 11:00:00,6,1.53,3.67,33.11,
2020-07-02 12:00:00,6,0.65,3.32,39.22,
2020-07-02 13:00:00,6,2.04,4.53,42.4,
2020-07-02 14:00:00,6,1.86,4.31,44.37,
2020-07-02 15:00:00,6,1.69,4.2,45.59,
2020-07-02 16:00:00,6,2.17,5.88,42.63,
2020-07-02 17:00:00,12.32,2.61,,38.81,
2020-07-02 18:00:00,6,4.21,13.83,26.6,
2020-07-02 19:00:00,6,9.01,17.57,16.38,
2020-07-02 20:00:00,22.07,10.98,18,11.29,
2020-07-02 21:00:00,32.58,18.99,19.87,4.88,
2020-07-02 22:00:00,47.63,26.96,15.84,0.98,
2020-07-02 23:00:00,52.51,26.16,15.91,5.81,
2020-07-03 00:00:00,48.75,24.2,16.11,3.61,
2020-07-02 03:00:00,6,2.37,2.25,26.64,
2020-07-03 01:00:00,47.68,,13.73,2.87,
2020-07-03 02:00:00,44.67,,10.39,4.46,
2020-07-03 03:00:00,32.54,,,8.47,
2020-07-03 04:00:00,31.72,,6.92,8.2,
2020-07-03 05:00:00,25.06,,,11.72,
2020-07-03 06:00:00,26.45,,8.69,5.09,
2020-07-03 07:00:00,36.04,,10.32,0.98,
2020-07-03 08:00:00,37.69,,10.56,0.98,
2020-07-03 09:00:00,32.55,,11.24,3.2,
2020-07-03 10:00:00,36.86,,10.37,13.6,
2020-07-03 11:00:00,37.02,,8.89,24.53,
2020-07-03 12:00:00,,,7.94,30.81,
2020-07-03 13:00:00,,,7.19,34.42,
2020-07-03 14:00:00,,,8.08,38.07,
2020-07-03 15:00:00,,,5.82,44.8,
2020-07-03 16:00:00,,,5.65,46.5,
2020-07-03 17:00:00,,,8.17,41.8,
2020-07-03 18:00:00,,,,23.43,
2020-07-03 19:00:00,21.88,,18,2.92,
2020-07-03 20:00:00,60.08,,15.81,0.98,
2020-07-03 21:00:00,,,,,
2020-07-03 22:00:00,61.31,,12.5,0.98,
2020-07-03 23:00:00,86.23,,10.67,0.98,
2020-07-04 00:00:00,74.18,,8.77,0.98,
2020-07-04 01:00:00,72.03,22.15,6.43,0.98,
2020-07-04 03:00:00,47,17.07,5.37,0.98,
2020-07-04 04:00:00,39.09,19,3.68,0.98,
2020-07-04 06:00:00,35.45,14.24,3.99,0.98,
2020-07-04 07:00:00,37.42,18.82,5.8,0.98,
2020-07-04 09:00:00,46.17,26.12,6.16,0.98,
2020-07-04 10:00:00,,25.51,8.05,7.55,
2020-07-04 11:00:00,,40.31,10.04,22.51,
2020-07-04 13:00:00,,12.96,8.44,43.6,
2020-07-04 14:00:00,,10.24,8.37,49.74,
2020-07-04 15:00:00,,7.99,8.35,61.04,
2020-07-04 16:00:00,,8.71,8.29,59.48,
2020-07-04 17:00:00,,9.48,10.79,50.78,
2020-07-04 18:00:00,,15.68,20.4,21.09,
2020-07-04 19:00:00,30.79,26.35,18.64,19.47,
2020-07-04 20:00:00,49.85,23.82,15.68,20.38,
2020-07-04 21:00:00,61.02,28.73,17.48,13.85,
2020-07-04 22:00:00,68.54,33.17,17.7,4.17,
2020-07-04 23:00:00,77.07,31.25,14.67,3.97,
2020-07-05 00:00:00,79.12,32.54,14.83,2.43,
2020-07-04 12:00:00,,17.88,11.47,35.17,
2020-07-04 08:00:00,50.44,23.04,4.95,0.98,
2020-07-04 05:00:00,36.4,17.78,3.38,0.98,
2020-07-04 02:00:00,56.47,20.16,3.84,0.98,
2020-07-05 01:00:00,84.05,32.57,12.44,0.98,
2020-07-05 02:00:00,74.11,26.73,12.41,0.98,
2020-07-05 03:00:00,62.64,30.73,10.17,0.98,
2020-07-05 04:00:00,59.46,22.23,6.67,8.33,
2020-07-05 05:00:00,53.71,18.43,,6.07,
2020-07-05 06:00:00,41.4,18.15,8.11,4.19,
2020-07-05 07:00:00,37.57,19.95,8.71,0.98,
2020-07-05 08:00:00,35.43,20.27,7.83,0.98,
2020-07-05 09:00:00,40.41,18.29,8.03,0.98,
2020-07-05 10:00:00,35.12,32.1,16.54,0.98,
2020-07-05 11:00:00,38.11,37.87,12.79,5.74,
2020-07-05 12:00:00,,38.04,17.18,5.67,
2020-07-05 13:00:00,,41.23,18.24,4.1,
2020-07-05 14:00:00,,48.26,16.68,4.32,
2020-07-05 15:00:00,,43.39,15.15,7.28,
2020-07-05 16:00:00,,41.57,16.71,4.56,
2020-07-05 17:00:00,,44.12,17.94,3.75,
2020-07-05 18:00:00,,48.39,20.22,0.98,
2020-07-05 19:00:00,96.36,51.16,18.11,0.98,
2020-07-05 20:00:00,98.92,41.09,15.72,0.98,
2020-07-05 21:00:00,79.46,25.64,8.46,12.77,
2020-07-05 22:00:00,53.62,22.7,8.91,12.87,
2020-07-05 23:00:00,40.56,19.89,5.83,17.47,
2020-07-06 00:00:00,33.18,14.75,4.13,19.82,
2020-07-06 01:00:00,28.84,16.02,,15.55,
2020-07-06 02:00:00,29.77,11.91,,15.76,
2020-07-06 03:00:00,20.92,9.56,,24.3,
2020-07-06 04:00:00,6,7.62,,24.34,
2020-07-06 05:00:00,6,11.75,,22.14,
2020-07-06 06:00:00,6,11.82,,24.84,
2020-07-06 07:00:00,6,7.73,,18.95,
2020-07-06 08:00:00,14.21,8.79,,18.06,
2020-07-06 09:00:00,15.24,8.88,,24.5,
2020-07-06 10:00:00,6,10.64,,21.97,
2020-07-06 11:00:00,15.91,7.14,,23.9,
2020-07-06 12:00:00,21.13,6.89,,25.97,
2020-07-06 13:00:00,15.37,6.44,,31.57,
2020-07-06 14:00:00,6,5.63,,33.43,
2020-07-06 15:00:00,16.52,5.31,,33.91,
2020-07-06 16:00:00,18.89,4.94,,36.39,
2020-07-06 17:00:00,15.13,5.06,,35.01,
2020-07-06 18:00:00,21.65,7.46,,29.03,
2020-07-06 19:00:00,27.02,10.18,,19.55,
2020-07-06 20:00:00,32.54,9.14,,26.31,
2020-07-06 21:00:00,33.42,10.74,,23.48,
2020-07-06 22:00:00,25.03,8.1,,32.08,
2020-07-06 23:00:00,24.06,6.18,,36.19,
2020-07-07 00:00:00,21.18,4.58,,39.4,
2020-07-07 01:00:00,15.19,3.75,,,
2020-07-07 02:00:00,21.3,2.68,,,
2020-07-07 03:00:00,18.99,3.2,,,
2020-07-07 04:00:00,12.18,3.8,,,
2020-07-07 05:00:00,6,2.86,,,
2020-07-07 06:00:00,6,2.2,,,
2020-07-07 07:00:00,6,2.09,,,
2020-07-07 08:00:00,6,2.45,,,
2020-07-07 09:00:00,6,2.44,,,
2020-07-07 10:00:00,6,2.23,,,
2020-07-07 11:00:00,6,2.69,,,
2020-07-07 12:00:00,6,2.61,,,
2020-07-07 13:00:00,6,3.14,,,
2020-07-07 14:00:00,6,2.9,,,
2020-07-07 15:00:00,6,2.94,,,
2020-07-07 16:00:00,6,2.99,,,
2020-07-07 17:00:00,6,3.81,,,
2020-07-07 18:00:00,6,4.18,,,
2020-07-07 19:00:00,6,4.88,,,
2020-07-07 20:00:00,6,5.77,,,
2020-07-07 21:00:00,6,5.17,,,
2020-07-07 22:00:00,6,4.39,,,
2020-07-07 23:00:00,6,3.11,,,
2020-07-08 00:00:00,6,2.66,,,
2020-07-08 01:00:00,6,1.99,1.41,,
2020-07-08 02:00:00,6,1.58,1.1,,
2020-07-08 03:00:00,6,0.65,0.47,,
2020-07-08 05:00:00,6,0.65,1.11,,
2020-07-08 06:00:00,6,0.65,2.01,,
2020-07-08 08:00:00,6,3.93,,,
2020-07-08 09:00:00,6,7.64,,,
2020-07-08 11:00:00,6,16.33,16.32,,
2020-07-08 12:00:00,6,35.94,20.61,,
2020-07-08 13:00:00,6,72.01,19.34,,
2020-07-08 14:00:00,,17.4,7.62,,
2020-07-08 15:00:00,,,5.42,,
2020-07-08 16:00:00,,7.68,5.34,,
2020-07-08 17:00:00,6,4.69,4.47,,
2020-07-08 18:00:00,6,5.2,6.46,,
2020-07-08 19:00:00,6,5.7,7.32,,
2020-07-08 20:00:00,6,6.68,4.78,,
2020-07-08 21:00:00,6,5.9,3.25,,
2020-07-08 22:00:00,6,5.32,3.39,,
2020-07-08 23:00:00,6,4.06,1.77,,
2020-07-09 00:00:00,12.69,3.79,2.1,,
2020-07-08 10:00:00,6,11.49,19.06,,
2020-07-08 07:00:00,6,1.58,,,
2020-07-08 04:00:00,6,0.65,1.14,,
2020-07-09 01:00:00,13.26,4.07,1.9,41.83,
2020-07-09 02:00:00,6,2.36,0.47,41.33,
2020-07-09 03:00:00,6,2.55,0.94,36.9,
2020-07-09 05:00:00,6,1.59,1.16,40.58,
2020-07-09 06:00:00,6,1.34,1.68,42.32,
2020-07-09 08:00:00,6,3.96,10.13,33.87,
2020-07-09 09:00:00,6,4.52,7.4,41.57,
2020-07-09 11:00:00,6,2.81,3.59,46.58,
2020-07-09 12:00:00,6,2.83,3.69,49.12,
2020-07-09 13:00:00,6,2.92,3.21,49.6,
2020-07-09 14:00:00,6,2.8,3.52,50.18,
2020-07-09 15:00:00,6,3.69,3.72,51.32,
2020-07-09 16:00:00,6,2.52,5.28,51.46,
2020-07-09 17:00:00,6,3.47,6.73,46.91,
2020-07-09 18:00:00,6,6.35,,35.19,
2020-07-09 19:00:00,14.67,8.39,,13.66,
2020-07-09 20:00:00,14.38,18.93,20.95,2.3,
2020-07-09 21:00:00,35.68,42.57,16.3,0.98,
2020-07-09 22:00:00,66.39,37.64,11.64,0.98,
2020-07-09 23:00:00,71.5,41.09,9.08,0.98,
2020-07-10 00:00:00,73.1,45,5.2,0.98,
2020-07-09 10:00:00,6,2.87,4.41,43.51,
2020-07-09 07:00:00,6,2.34,6.02,36.51,
2020-07-09 04:00:00,6,2.46,1.24,38.08,
2020-07-10 02:00:00,73.37,28.7,5.32,0.98,
2020-07-10 03:00:00,57.06,18.83,3.68,0.98,
2020-07-10 05:00:00,32.66,12.16,3.81,0.98,
2020-07-10 06:00:00,29.95,12.04,4.07,0.98,
2020-07-10 08:00:00,,20.07,3.75,0.98,
2020-07-10 09:00:00,,25.86,9.16,0.98,
2020-07-10 10:00:00,,25.97,25.52,10.71,
2020-07-10 11:00:00,,16.61,12.59,19.57,
2020-07-10 12:00:00,,10.66,9.59,28.81,
2020-07-10 13:00:00,,7.77,7.03,37.69,
2020-07-10 14:00:00,,6.54,6.44,41.07,
2020-07-10 15:00:00,,11.57,8.21,45.07,
2020-07-10 16:00:00,6,8.63,,42.03,
2020-07-10 17:00:00,24.44,11.65,,41.23,
2020-07-10 18:00:00,38.36,17.73,24.55,11.6,
2020-07-10 19:00:00,51.25,56.65,17.56,0.98,
2020-07-10 20:00:00,66.5,76.38,15.97,3.57,
2020-07-10 21:00:00,,81.08,10.71,0.98,
2020-07-10 22:00:00,,63.58,12.42,0.98,
2020-07-10 23:00:00,,49.11,10.77,0.98,
2020-07-11 00:00:00,,42.4,7.96,0.98,
2020-07-10 07:00:00,19.5,16.06,3.38,0.98,
2020-07-10 04:00:00,39.5,15.5,4.8,0.98,
2020-07-10 01:00:00,85.81,36.89,8.48,0.98,
2020-07-11 01:00:00,87.01,37.78,5.45,0.98,
2020-07-11 03:00:00,62.4,34.37,7.21,0.98,
2020-07-11 04:00:00,56.24,29,18.17,2.25,
2020-07-11 05:00:00,,20.71,13.27,2.21,
2020-07-11 06:00:00,,20.33,15.44,0.98,
2020-07-11 07:00:00,,20.08,13.33,0.98,
2020-07-11 08:00:00,,21.18,14.5,0.98,
2020-07-11 09:00:00,,20.37,15.08,0.98,
2020-07-11 10:00:00,,21.25,13.98,3.58,
2020-07-11 11:00:00,,21.74,15.95,3.94,
2020-07-11 12:00:00,,15.21,12.35,9.23,
2020-07-11 13:00:00,,13.38,11.79,12.85,
2020-07-11 14:00:00,,13.77,10.5,13.85,
2020-07-11 15:00:00,,15.49,15.96,13.55,
2020-07-11 16:00:00,6,17.84,16.56,12.73,
2020-07-11 17:00:00,18.9,16.81,13.17,13.1,
2020-07-11 18:00:00,29.25,17.04,,16.64,
2020-07-11 19:00:00,28.14,19.26,11.64,13.78,
2020-07-11 20:00:00,39.11,18.73,,16.41,
2020-07-11 21:00:00,40.85,17.99,,16.16,
2020-07-11 22:00:00,40.6,16.66,,20.73,
2020-07-11 23:00:00,41.57,17.23,,14.8,
2020-07-12 00:00:00,40.52,14.68,,17.51,
2020-07-11 02:00:00,,39.84,3.99,0.98,
2020-07-12 02:00:00,18.29,10.25,,19.2,
2020-07-12 03:00:00,13.45,8.77,,22.38,
2020-07-12 05:00:00,6,6.18,,23.62,
2020-07-12 06:00:00,6,6.87,,20.79,
2020-07-12 07:00:00,6,7.75,,16.53,
2020-07-12 09:00:00,6,6.74,,21.29,
2020-07-12 10:00:00,6,5.51,,26.49,
2020-07-12 11:00:00,6,6.77,,24.73,
2020-07-12 12:00:00,14.65,6.86,,27.25,
2020-07-12 13:00:00,13.36,6.26,,26.52,
2020-07-12 14:00:00,13.88,5.36,,23.83,
2020-07-12 15:00:00,21.32,4.63,,26.45,
2020-07-12 16:00:00,22.71,4.42,,23.86,
2020-07-12 17:00:00,23.75,4.41,,19.25,
2020-07-12 18:00:00,17.59,4.95,,12.8,
2020-07-12 19:00:00,15.8,6.69,,11.66,
2020-07-12 20:00:00,25.36,15.18,,7.99,
2020-07-12 21:00:00,36.26,17.44,,8.71,
2020-07-12 22:00:00,41.23,16.01,,8.62,
2020-07-12 23:00:00,33.31,14.66,,9.4,
2020-07-13 00:00:00,29.06,14.89,,7.29,
2020-07-12 08:00:00,6,7.82,,16.69,
2020-07-12 04:00:00,6,7.36,,24.84,
2020-07-12 01:00:00,30.96,10.97,,21.38,
2020-07-13 01:00:00,39.86,12.82,,6.95,
2020-07-13 02:00:00,23.47,10.69,,6.11,
2020-07-13 03:00:00,18.95,11.83,,4.36,
2020-07-13 04:00:00,24.21,14.03,,0.98,
2020-07-13 05:00:00,22.46,12.75,,4.29,
2020-07-13 06:00:00,18.36,12.75,,0.98,
2020-07-13 07:00:00,17.57,20.26,,0.98,
2020-07-13 08:00:00,21.35,32.08,,0.98,
2020-07-13 09:00:00,22.5,27.61,,0.98,
2020-07-13 10:00:00,14.81,19.64,,16.47,
2020-07-13 11:00:00,18.94,15.59,,28.84,
2020-07-13 12:00:00,25.79,7.27,,38.54,
2020-07-13 13:00:00,14.99,5.75,,41.2,
2020-07-13 14:00:00,6,4.33,,43.56,
2020-07-13 15:00:00,6,4.31,,42.43,
2020-07-13 16:00:00,6,4.83,,43.54,
2020-07-13 17:00:00,6,9.19,,52.28,
2020-07-13 18:00:00,6,10.73,,36.12,
2020-07-13 19:00:00,26.89,35.85,,4.89,
2020-07-13 20:00:00,36.45,29.48,,4.06,
2020-07-13 21:00:00,42.22,31.63,,8.14,
2020-07-13 22:00:00,43.59,19.03,,6.02,
2020-07-13 23:00:00,39.81,13.7,,20.95,
2020-07-14 00:00:00,27.29,7.52,,39.55,
2020-07-14 01:00:00,16.87,5.07,1.9,42.15,
2020-07-14 02:00:00,13.48,3.94,,33.54,
2020-07-14 04:00:00,6,4.73,2.89,16.94,
2020-07-14 05:00:00,6,5.45,,10.26,
2020-07-14 07:00:00,6,11.4,16.46,2.37,
2020-07-14 08:00:00,14.78,22.64,13.62,0.98,
2020-07-14 10:00:00,26.72,11.74,9.87,29.51,
2020-07-14 11:00:00,22.55,11.73,8.96,33.6,
2020-07-14 12:00:00,20.64,10.8,6.37,45.23,
2020-07-14 13:00:00,14.41,7.6,5.06,47.92,
2020-07-14 14:00:00,6,5.49,6.76,46.83,
2020-07-14 15:00:00,6,4.4,6.68,46.81,
2020-07-14 16:00:00,6,4.52,8.52,47.14,
2020-07-14 17:00:00,6,4.68,9.27,44.7,
2020-07-14 18:00:00,14.3,5,7.94,41.19,
2020-07-14 19:00:00,22.18,9.33,14.46,26.09,
2020-07-14 20:00:00,27.02,16.82,19.49,8.88,
2020-07-14 21:00:00,40.25,22.9,18.4,2.6,
2020-07-14 22:00:00,58.66,32.62,16.84,2.76,
2020-07-14 23:00:00,81.52,54.31,10.78,2.8,
2020-07-15 00:00:00,100,41.34,8.88,0.98,
2020-07-14 09:00:00,27.56,22.69,13.97,6.93,
2020-07-14 06:00:00,6,6.13,10.18,6.4,
2020-07-14 03:00:00,15.28,4.48,3.98,21.47,
2020-07-15 02:00:00,99.29,26.03,12.98,0.98,
2020-07-15 03:00:00,91.57,22.85,11.19,0.98,
2020-07-15 05:00:00,66.42,19.87,8.67,0.98,
2020-07-15 06:00:00,,21.13,6.44,0.98,
2020-07-15 07:00:00,,24.66,5.85,0.98,
2020-07-15 08:00:00,,28.36,5.59,0.98,
2020-07-15 09:00:00,,30.27,9,0.98,
2020-07-15 10:00:00,,30.31,16.9,4,
2020-07-15 11:00:00,,42.37,23.68,22.23,
2020-07-15 12:00:00,,36.55,16.4,28.41,
2020-07-15 13:00:00,,15.41,11.77,41.85,
2020-07-15 14:00:00,,11.92,9.83,51.01,
2020-07-15 15:00:00,,8.89,10.73,59.37,
2020-07-15 16:00:00,14.97,7.82,,62.94,
2020-07-15 17:00:00,32.05,8.08,,53.94,
2020-07-15 18:00:00,31.22,8.74,,39.14,
2020-07-15 19:00:00,33.61,14.59,15.95,23.6,
2020-07-15 20:00:00,38.37,22.04,21.42,12.71,
2020-07-15 21:00:00,53.16,27.58,21.1,7.57,
2020-07-15 22:00:00,69.54,31.6,19.83,5.22,
2020-07-15 23:00:00,67.49,24.86,14.43,8.49,
2020-07-16 00:00:00,58.22,21.14,,12.49,
2020-07-15 04:00:00,75.12,21.6,10.45,0.98,
2020-07-15 01:00:00,100,35.37,9.61,0.98,
2020-07-16 01:00:00,50.03,17.52,9.68,8.55,
2020-07-16 02:00:00,41.05,14.58,,8.04,
2020-07-16 04:00:00,32.1,13.35,5.53,4.23,
2020-07-16 05:00:00,18.71,11.24,3.23,10.26,
2020-07-16 07:00:00,17.92,9.62,9.49,7.04,
2020-07-16 08:00:00,16.4,13.52,12.6,0.98,
2020-07-16 10:00:00,26.86,17.62,17.39,0.98,
2020-07-16 11:00:00,32.93,22.48,18.2,3.28,
2020-07-16 12:00:00,,26.57,23.35,2.49,
2020-07-16 13:00:00,,34.8,26.97,0.98,
2020-07-16 14:00:00,,23.59,15.37,6.01,
2020-07-16 15:00:00,,21.69,15.77,4.17,
2020-07-16 16:00:00,47.1,21.47,19.48,0.98,
2020-07-16 17:00:00,52.13,22.88,20.3,2.83,
2020-07-16 18:00:00,46.33,20.82,18.64,4.47,
2020-07-16 19:00:00,38.45,21.71,16.79,2.42,
2020-07-16 20:00:00,36.28,27.68,17.62,0.98,
2020-07-16 21:00:00,48.62,25.39,20.55,0.98,
2020-07-16 22:00:00,52.92,36.99,17.72,0.98,
2020-07-16 23:00:00,62.61,43.05,17.25,0.98,
2020-07-17 00:00:00,74.39,33.26,17.45,0.98,
2020-07-16 09:00:00,15.48,18.29,16.16,2.59,
2020-07-16 06:00:00,14.33,9.14,4.46,16.92,
2020-07-16 03:00:00,38.6,13.27,,6.63,
2020-07-17 01:00:00,55.61,24.04,14.79,2.07,
2020-07-17 02:00:00,56.14,21.8,,0.98,
2020-07-17 03:00:00,34.75,21.01,,1.99,
2020-07-17 04:00:00,27.81,21.11,11.41,0.98,
2020-07-17 05:00:00,28.54,18.53,,0.98,
2020-07-17 06:00:00,31.2,17.74,10.59,0.98,
2020-07-17 07:00:00,,19.88,9.49,0.98,
2020-07-17 08:00:00,,22.47,9.14,0.98,
2020-07-17 09:00:00,,24.48,9.8,0.98,
2020-07-17 10:00:00,,27.36,11.16,0.98,
2020-07-17 11:00:00,,23.6,12.84,2.08,
2020-07-17 12:00:00,,20.18,14.73,10.03,
2020-07-17 13:00:00,,15.79,10.86,26.15,
2020-07-17 14:00:00,,16.02,12.75,28.52,
2020-07-17 15:00:00,12.35,10.8,,33.18,
2020-07-17 16:00:00,20.91,9.11,,36.14,
2020-07-17 17:00:00,22.24,10.12,13.07,28.46,
2020-07-17 18:00:00,28.14,13.46,19.47,12.44,
2020-07-17 19:00:00,36.91,21.62,24.38,0.98,
2020-07-17 20:00:00,39.25,28.09,24.38,0.98,
2020-07-17 21:00:00,56.55,31.98,20.28,2.62,
2020-07-17 22:00:00,56.26,33.45,18.55,0.98,
2020-07-17 23:00:00,61.03,30.05,15.11,0.98,
2020-07-18 00:00:00,61.25,25.88,13.07,0.98,
2020-07-18 01:00:00,57.84,25.57,11.58,0.98,
2020-07-18 02:00:00,49.66,20.73,7.96,0.98,
2020-07-18 03:00:00,36.33,21.7,5.7,0.98,
2020-07-18 04:00:00,34.29,24.84,5.82,0.98,
2020-07-18 05:00:00,28.45,21.59,5.72,0.98,
2020-07-18 06:00:00,25.52,18.51,6.26,0.98,
2020-07-18 07:00:00,31.12,18.67,4.83,0.98,
2020-07-18 08:00:00,24.02,27.53,,0.98,
2020-07-18 09:00:00,27.91,32.65,11.22,1.98,
2020-07-18 10:00:00,40.04,31.32,39.08,31.79,
2020-07-18 11:00:00,,25.37,19.45,19.64,
2020-07-18 12:00:00,,19.73,13.98,43.08,
2020-07-18 13:00:00,,15.4,,58.86,
2020-07-18 14:00:00,,13.15,,61.44,
2020-07-18 15:00:00,30.8,14.37,9.94,59.75,
2020-07-18 16:00:00,39.03,15.02,11.7,55.97,
2020-07-18 17:00:00,36.04,32.85,,43.22,
2020-07-18 18:00:00,44.86,45.94,26.98,10.44,
2020-07-18 19:00:00,53.43,50.26,24.47,4.92,
2020-07-18 20:00:00,78.41,39.95,19.62,3.18,
2020-07-18 21:00:00,80.87,45.49,13.28,0.98,
2020-07-18 22:00:00,87.35,51.85,12.12,0.98,
2020-07-18 23:00:00,97.46,77.68,12.66,2.78,
2020-07-19 00:00:00,100,53.89,,7.23,
2020-07-19 01:00:00,97.29,26.92,,29.15,
2020-07-19 02:00:00,73.06,20.13,,33.31,
2020-07-19 03:00:00,41.64,16.85,,39.97,
2020-07-19 04:00:00,25.02,14.76,,45.34,
2020-07-19 05:00:00,16.85,12.81,,45.53,
2020-07-19 06:00:00,17.86,14.48,,27.64,
2020-07-19 07:00:00,28.87,24.04,,0.98,
2020-07-19 08:00:00,33.18,25.67,,10.04,
2020-07-19 09:00:00,37.29,18.83,,24.89,
2020-07-19 10:00:00,35.01,14.32,,47.04,
2020-07-19 11:00:00,22.11,12.84,,54.48,
2020-07-19 12:00:00,,12.08,,63.98,
2020-07-19 13:00:00,,12.44,,68.76,
2020-07-19 14:00:00,,12.45,,67.68,
2020-07-19 15:00:00,31.39,21.19,,67.34,
2020-07-19 16:00:00,20.84,16.44,,67.12,
2020-07-19 17:00:00,28.34,14.52,,57.8,
2020-07-19 18:00:00,37.69,27.38,,18.09,
2020-07-19 19:00:00,54.28,61.4,,0.98,
2020-07-19 20:00:00,88.18,51.94,,0.98,
2020-07-19 21:00:00,96.6,41.06,,0.98,
2020-07-19 22:00:00,88.85,46.73,,0.98,
2020-07-19 23:00:00,89.45,32.82,,21.67,
2020-07-20 00:00:00,64.69,27.42,,7.19,
2020-07-20 01:00:00,53.25,34.76,,4.49,
2020-07-20 02:00:00,63.02,24.45,,10.41,
2020-07-20 04:00:00,,31.35,10.05,0.98,
2020-07-20 05:00:00,,29.74,8.8,0.98,
2020-07-20 07:00:00,,16.93,15.72,21.82,
2020-07-20 08:00:00,,21.52,17.6,4.77,
2020-07-20 10:00:00,,23.58,16.98,23.77,
2020-07-20 11:00:00,,16.72,13,38.04,
2020-07-20 12:00:00,,13.76,8.35,53.2,
2020-07-20 13:00:00,,12.81,,64.43,
2020-07-20 14:00:00,,13.12,,70.82,
2020-07-20 15:00:00,,43.66,10,67,
2020-07-20 16:00:00,6,20.77,15.09,63.66,
2020-07-20 17:00:00,21.88,18.72,23.34,49.33,
2020-07-20 18:00:00,25.85,25.54,32.39,18.91,
2020-07-20 19:00:00,54.6,39.39,34.97,0.98,
2020-07-20 20:00:00,79.32,33.1,29.98,0.98,
2020-07-20 21:00:00,97.2,26.07,23.75,0.98,
2020-07-20 22:00:00,94.38,43.49,17.2,0.98,
2020-07-20 23:00:00,93.29,36.36,12.32,0.98,
2020-07-21 00:00:00,88.27,32.32,,0.98,
2020-07-20 09:00:00,,37.15,31.71,7.33,
2020-07-20 06:00:00,,26.36,,9.28,
2020-07-20 03:00:00,48.07,28.97,13.72,0.98,
2020-07-21 02:00:00,,25.12,12.07,0.98,
2020-07-21 03:00:00,,23.97,7.73,0.98,
2020-07-21 04:00:00,,23.3,9.28,0.98,
2020-07-21 05:00:00,,21.29,14.65,3.9,
2020-07-21 06:00:00,,24.89,9.07,0.98,
2020-07-21 07:00:00,,33.86,4.86,0.98,
2020-07-21 08:00:00,,46.41,,0.98,
2020-07-21 09:00:00,,39.37,24.28,0.98,
2020-07-21 10:00:00,,28.77,32.21,8.88,
2020-07-21 11:00:00,,20.11,16.84,37.68,
2020-07-21 12:00:00,,16.62,14.79,49.93,
2020-07-21 13:00:00,,15.53,,58.19,
2020-07-21 14:00:00,,50.43,11.67,62.38,
2020-07-21 15:00:00,,35.93,10.56,69.14,
2020-07-21 16:00:00,,14.72,,72.25,
2020-07-21 17:00:00,,19.67,23.3,52.64,
2020-07-21 18:00:00,,24.33,37.89,20.51,
2020-07-21 19:00:00,,36.82,38.28,5.63,
2020-07-21 20:00:00,,43.11,30.37,3.8,
2020-07-21 21:00:00,,61.82,19.66,0.98,
2020-07-21 22:00:00,,76.82,13.4,0.98,
2020-07-21 23:00:00,,72.68,12.29,0.98,
2020-07-22 00:00:00,,60.62,18.21,0.98,
2020-07-21 01:00:00,,33.78,10.36,0.98,
2020-07-22 01:00:00,,51.28,16.95,0.98,
2020-07-22 02:00:00,,47.29,12.92,0.98,
2020-07-22 03:00:00,,49.06,11.83,0.98,
2020-07-22 04:00:00,73.7,37.53,13.27,0.98,
2020-07-22 05:00:00,73.5,32.96,10.92,0.98,
2020-07-22 06:00:00,,37.28,5.54,0.98,
2020-07-22 07:00:00,,36.38,12.59,0.98,
2020-07-22 08:00:00,,36.37,13.06,0.98,
2020-07-22 09:00:00,,42.33,13.15,0.98,
2020-07-22 10:00:00,,35.2,27.58,0.98,
2020-07-22 11:00:00,6,36.06,47,18.89,
2020-07-22 12:00:00,42.71,26.23,39.67,60.38,
2020-07-22 13:00:00,65.91,17.97,,67.94,
2020-07-22 14:00:00,38.95,14.62,,72.71,
2020-07-22 15:00:00,38,33.48,,71.56,
2020-07-22 16:00:00,43.87,57.99,,66.08,
2020-07-22 17:00:00,26.81,31.41,,53.65,
2020-07-22 18:00:00,34.13,37.19,36.91,4.9,
2020-07-22 19:00:00,44.49,34.54,34.72,3.48,
2020-07-22 20:00:00,73.63,33.29,30.98,3.71,
2020-07-22 21:00:00,88.37,32.09,26.37,0.98,
2020-07-22 22:00:00,99.96,36.94,18.33,0.98,
2020-07-22 23:00:00,97.96,35.56,15.35,0.98,
2020-07-23 00:00:00,76.17,29.97,,0.98,
2020-07-23 01:00:00,81.48,27.73,,,
2020-07-23 02:00:00,72.39,22.75,,,
2020-07-23 03:00:00,48.89,24.17,,,
2020-07-23 04:00:00,58.33,20.03,,,
2020-07-23 05:00:00,52.03,20.92,,,
2020-07-23 06:00:00,27.97,21.9,,,
2020-07-23 07:00:00,41.77,25.62,,,
2020-07-23 08:00:00,35.94,43.33,,,
2020-07-23 09:00:00,52.39,52.3,,,
2020-07-23 10:00:00,,34.02,,,
2020-07-23 11:00:00,,0.65,,46.06,
2020-07-23 12:00:00,6,,,54.48,
2020-07-23 13:00:00,6,0.65,,71.69,
2020-07-23 14:00:00,6,27.83,,71,
2020-07-23 15:00:00,,14.69,,69.01,
2020-07-23 16:00:00,,10.79,,68.21,
2020-07-23 17:00:00,6,8.85,,61.52,
2020-07-23 18:00:00,6,8.8,,20.19,
2020-07-23 19:00:00,30.4,8.91,,0.98,
2020-07-23 20:00:00,56.04,6.87,,0.98,
2020-07-23 21:00:00,74.8,4.85,,18.44,
2020-07-23 22:00:00,62.4,3.58,,41.46,
2020-07-23 23:00:00,46.07,1.88,,14.36,
2020-07-24 00:00:00,55.57,2.73,,0.98,
2020-07-24 01:00:00,75.08,1.76,,6.72,
2020-07-24 02:00:00,57.65,0.65,,45.14,
2020-07-24 03:00:00,48.06,0.65,,48.86,
2020-07-24 04:00:00,41.93,0.65,,45.78,
2020-07-24 05:00:00,24.64,0.65,,50.21,
2020-07-24 06:00:00,19.8,0.65,,49.25,
2020-07-24 07:00:00,20.05,0.65,,45.26,
2020-07-24 08:00:00,14.07,0.65,,41.6,
2020-07-24 09:00:00,26.79,0.65,,45.52,
2020-07-24 10:00:00,44.93,1.5,,54.61,
2020-07-24 11:00:00,37.88,0.65,,59.99,
2020-07-24 12:00:00,36.81,0.65,,68.18,
2020-07-24 13:00:00,33.32,0.65,,67.85,
2020-07-24 14:00:00,31.23,0.65,,64.75,
2020-07-24 15:00:00,27.89,6.22,,63.21,
2020-07-24 16:00:00,36.81,37.08,,54.05,
2020-07-24 17:00:00,38.97,10.59,,56.65,
2020-07-24 18:00:00,50.52,3.43,,27.71,
2020-07-24 19:00:00,62.49,1.59,,13.28,
2020-07-24 20:00:00,49.11,0.65,,16.07,
2020-07-24 21:00:00,31.59,0.65,,21.5,
2020-07-24 22:00:00,35.87,0.65,,19.66,
2020-07-24 23:00:00,23.22,0.65,,19.21,
2020-07-25 00:00:00,12.85,0.65,,19.72,
2020-07-25 02:00:00,6,,,24.95,
2020-07-25 03:00:00,6,,,31.29,
2020-07-25 04:00:00,6,,,31.51,
2020-07-25 05:00:00,6,,,31.11,
2020-07-25 06:00:00,6,,,28.34,
2020-07-25 07:00:00,6,,,27.67,
2020-07-25 08:00:00,6,,,34.93,
2020-07-25 09:00:00,6,,,37.23,
2020-07-25 10:00:00,6,,,33.07,
2020-07-25 11:00:00,6,,,35.94,
2020-07-25 12:00:00,6,,,38.21,
2020-07-25 13:00:00,6,,,39.68,
2020-07-25 14:00:00,6,,,39.79,
2020-07-25 15:00:00,6,,,40.03,
2020-07-25 16:00:00,6,,,41.39,
2020-07-25 17:00:00,19.73,,,41.9,
2020-07-25 18:00:00,14.44,,,35.47,
2020-07-25 19:00:00,6,,,28.56,
2020-07-25 20:00:00,22.36,,,10.65,
2020-07-25 21:00:00,23.89,,,12.62,
2020-07-25 22:00:00,27.07,,,7.54,
2020-07-25 23:00:00,38.58,,,14.34,
2020-07-26 00:00:00,42.94,,,18.7,
2020-07-25 01:00:00,6,,,23.73,
2020-07-26 02:00:00,18.85,,,21.47,
2020-07-26 03:00:00,6,,17.9,20.61,
2020-07-26 04:00:00,6,,17.78,22.29,
2020-07-26 06:00:00,15.28,,17.94,17.16,
2020-07-26 07:00:00,15.4,,17.74,6.42,
2020-07-26 09:00:00,18.23,,17.59,6.57,
2020-07-26 10:00:00,24.69,,17.75,18.85,
2020-07-26 12:00:00,13.18,,17.95,37.25,
2020-07-26 13:00:00,16.42,,17.96,42.57,
2020-07-26 14:00:00,6,,18.06,42.93,
2020-07-26 15:00:00,6,,17.7,42.75,
2020-07-26 16:00:00,6,,17.87,43.29,
2020-07-26 17:00:00,6,,17.93,42.68,
2020-07-26 18:00:00,6,,17.71,37.74,
2020-07-26 19:00:00,15.36,,17.85,18.82,
2020-07-26 20:00:00,23.5,,18.06,12.41,
2020-07-26 21:00:00,42.11,,17.85,12.34,
2020-07-26 22:00:00,46.76,,17.81,5.78,
2020-07-26 23:00:00,49.31,,17.72,6.6,
2020-07-27 00:00:00,45.06,,18.13,3.45,
2020-07-26 11:00:00,16.38,,18.07,29.82,
2020-07-26 08:00:00,17.9,,17.95,0.98,
2020-07-26 05:00:00,6,,17.96,20.3,
2020-07-26 01:00:00,30.29,,17.83,20.45,
2020-07-27 01:00:00,49.38,,17.96,0.98,
2020-07-27 02:00:00,40.98,,17.74,0.98,
2020-07-27 03:00:00,30.6,,17.72,0.98,
2020-07-27 04:00:00,21.37,,17.53,0.98,
2020-07-27 05:00:00,12.78,,17.64,0.98,
2020-07-27 06:00:00,23.46,,17.73,0.98,
2020-07-27 07:00:00,36.35,,17.63,0.98,
2020-07-27 08:00:00,44.99,,17.5,0.98,
2020-07-27 09:00:00,39.17,1.57,17.8,0.98,
2020-07-27 10:00:00,44.14,0.65,17.69,0.98,
2020-07-27 11:00:00,37.85,0.65,17.47,0.98,
2020-07-27 12:00:00,32.57,0.65,17.76,6.44,
2020-07-27 13:00:00,,0.65,17.39,38.16,
2020-07-27 14:00:00,,,17.73,9.32,
2020-07-27 15:00:00,,7.16,,12.73,
2020-07-27 16:00:00,,7.93,,14.64,
2020-07-27 17:00:00,32.67,6.22,24.68,16.9,
2020-07-27 18:00:00,18.41,6.68,26.28,5.51,
2020-07-27 19:00:00,34.92,6.42,28.18,3.84,
2020-07-27 20:00:00,45.94,6.24,32.6,4.19,
2020-07-27 21:00:00,52.5,5.99,28.98,4.28,
2020-07-27 22:00:00,57.15,5.86,26.92,4.06,
2020-07-27 23:00:00,59.56,6.04,24.43,3.02,
2020-07-28 00:00:00,49.59,5.9,20.59,4.05,
2020-07-28 01:00:00,26.37,5.6,13.28,12.55,
2020-07-28 02:00:00,21.61,5.55,12.51,16.68,
2020-07-28 04:00:00,12.94,5.35,11.98,20.81,
2020-07-28 05:00:00,14.94,5.34,12.72,20.36,
2020-07-28 07:00:00,6,5.45,21.4,6.68,
2020-07-28 08:00:00,6,5.29,23.64,6.75,
2020-07-28 10:00:00,12.89,5.31,31.5,2.99,
2020-07-28 11:00:00,6,5.28,22.54,10.18,
2020-07-28 12:00:00,6,5.27,20.02,11.97,
2020-07-28 13:00:00,6,5.28,19.58,9.75,
2020-07-28 14:00:00,6,5.42,17.93,12.17,
2020-07-28 15:00:00,6,5.89,19.03,10.53,
2020-07-28 16:00:00,18.87,5.31,19.57,11.39,
2020-07-28 17:00:00,23.3,5.12,20.87,10.62,
2020-07-28 18:00:00,14.79,5.11,23.6,9.47,
2020-07-28 19:00:00,19.87,5.19,29.82,5.74,
2020-07-28 20:00:00,24.42,5.04,27.97,6.28,
2020-07-28 21:00:00,26.04,4.64,19.23,14.85,
2020-07-28 22:00:00,31.89,4.67,16.29,18.33,
2020-07-28 23:00:00,22.83,4.59,14.75,22.42,
2020-07-29 00:00:00,14.17,4.65,14.25,23.17,
2020-07-28 09:00:00,6,5.33,36.91,0.98,
2020-07-28 06:00:00,6,5.38,16.24,17.48,
2020-07-28 03:00:00,22.17,5.4,11.95,19.95,
2020-07-29 02:00:00,6,4.6,15.33,20.45,
2020-07-29 03:00:00,6,4.71,20.17,7.62,
2020-07-29 05:00:00,12.96,4.93,24.31,2.32,
2020-07-29 06:00:00,6,5.36,22.19,0.98,
2020-07-29 07:00:00,15.02,6.44,,0.98,
2020-07-29 08:00:00,26.29,6.44,17.46,0.98,
2020-07-29 09:00:00,28.91,5.92,29.94,0.98,
2020-07-29 10:00:00,18.91,6.37,27.01,10.1,
2020-07-29 11:00:00,6,5.96,23.04,9.78,
2020-07-29 12:00:00,6,5.47,20.69,14.63,
2020-07-29 13:00:00,6,5.06,19.79,19.24,
2020-07-29 14:00:00,6,5.59,17.38,26.9,
2020-07-29 15:00:00,6,5.23,20.16,24.99,
2020-07-29 16:00:00,6,5.4,20.5,28.27,
2020-07-29 17:00:00,6,5.35,20.08,29.61,
2020-07-29 18:00:00,13.61,4.81,24.33,24.71,
2020-07-29 19:00:00,6,4.78,34.92,13.69,
2020-07-29 20:00:00,32.86,4.95,38.73,3.4,
2020-07-29 21:00:00,34.45,4.87,39.01,0.98,
2020-07-29 22:00:00,52.94,4.8,34.76,0.98,
2020-07-29 23:00:00,64.87,4.8,27.07,0.98,
2020-07-30 00:00:00,57.04,4.63,26.48,0.98,
2020-07-29 04:00:00,6,4.81,21.26,4.11,
2020-07-29 01:00:00,6,4.51,14.66,20.79,
2020-07-30 01:00:00,36.74,4.62,19.39,0.98,
2020-07-30 02:00:00,35.04,4.55,18.85,0.98,
2020-07-30 03:00:00,30.09,4.47,18.35,0.98,
2020-07-30 04:00:00,18.91,4.74,17.28,0.98,
2020-07-30 05:00:00,14.3,4.61,15.46,0.98,
2020-07-30 06:00:00,23.68,4.45,15.63,0.98,
2020-07-30 07:00:00,14.27,4.72,15.6,0.98,
2020-07-30 08:00:00,6,5.21,13.6,0.98,
2020-07-30 09:00:00,17.44,5.78,15.68,0.98,
2020-07-30 10:00:00,18.71,5.15,30.04,0.98,
2020-07-30 11:00:00,16.68,4.65,23.77,6.18,
2020-07-30 12:00:00,13.66,4.6,17.18,23.7,
2020-07-30 13:00:00,6,4.57,15.62,27.83,
2020-07-30 14:00:00,6,4.58,14.28,34.31,
2020-07-30 15:00:00,6,4.5,13.61,37.49,
2020-07-30 16:00:00,14.55,4.58,14.53,38.67,
2020-07-30 17:00:00,14.91,4.6,16.2,34.96,
2020-07-30 18:00:00,18,4.58,17.48,34.11,
2020-07-30 19:00:00,20.82,4.59,22.24,26.21,
2020-07-30 20:00:00,16.2,4.5,24.74,20.4,
2020-07-30 21:00:00,27.14,4.59,27.66,16.8,
2020-07-30 22:00:00,36.25,4.52,26.34,12.5,
2020-07-30 23:00:00,31.1,4.5,25.79,11.23,
2020-07-31 00:00:00,42.18,4.31,26.52,8.54,
2020-07-31 01:00:00,35.75,4.29,21.94,9.07,
2020-07-31 02:00:00,49.37,4.16,22.11,7.17,
2020-07-31 04:00:00,27.55,4.22,18.72,0.98,
2020-07-31 05:00:00,15.25,3.98,20.73,0.98,
2020-07-31 06:00:00,12.01,4.12,20.14,0.98,
2020-07-31 07:00:00,6,4.36,20.13,0.98,
2020-07-31 08:00:00,17.97,4.76,12.52,0.98,
2020-07-31 09:00:00,22.07,5.07,16.81,0.98,
2020-07-31 10:00:00,14.46,4.97,22.68,0.98,
2020-07-31 11:00:00,14.06,4.55,24.71,5.26,
2020-07-31 12:00:00,19.92,4.52,17.48,18.41,
2020-07-31 13:00:00,14.78,5.31,16.85,24.87,
2020-07-31 14:00:00,6,4.74,16.83,44.47,
2020-07-31 15:00:00,6,4.61,19.42,49.59,
2020-07-31 16:00:00,6,4.51,19.06,52.26,
2020-07-31 17:00:00,6,4.5,23.11,47.44,
2020-07-31 18:00:00,6,4.55,31.52,29.18,
2020-07-31 19:00:00,20.79,4.68,41.97,14.61,
2020-07-31 20:00:00,27.71,5.11,35.94,17.04,
2020-07-31 21:00:00,30.97,5.47,34.69,9.56,
2020-07-31 22:00:00,40.48,5.3,36.16,2.62,
2020-07-31 23:00:00,33.52,5.61,29.2,0.98,
2020-07-31 03:00:00,35.44,3.94,21.67,4.24,
2020-08-01 00:00:00,64.2,5.38,27.02,0.98,
2020-08-01 02:00:00,66.44,4.66,30.89,2.16,
2020-08-01 03:00:00,41.41,4.54,19.46,17.25,
2020-08-01 05:00:00,26.38,5.87,18.34,22.53,
2020-08-01 06:00:00,15.93,6.11,18.38,21.3,
2020-08-01 07:00:00,6,5.67,24.95,8.8,
2020-08-01 08:00:00,6,5.62,25.6,0.98,
2020-08-01 09:00:00,12.8,5.45,24.38,3.9,
2020-08-01 10:00:00,22.71,5.34,29.68,12.42,
2020-08-01 11:00:00,13.13,7.55,24.22,23.05,
2020-08-01 12:00:00,6,7.8,24.93,37.04,
2020-08-01 13:00:00,6,6.76,20.88,43.02,
2020-08-01 14:00:00,6,6.19,17.24,53.51,
2020-08-01 15:00:00,6,6.11,17.5,58.69,
2020-08-01 16:00:00,12.45,5.51,17.08,62.63,
2020-08-01 17:00:00,6,5.33,17.12,61.63,
2020-08-01 18:00:00,6,5.08,22.25,52.84,
2020-08-01 19:00:00,14.37,4.94,36.06,29.01,
2020-08-01 20:00:00,28.59,4.97,23.56,43.02,
2020-08-01 21:00:00,20.65,4.73,23.07,42.22,
2020-08-01 22:00:00,26.7,4.55,23.03,37.94,
2020-08-01 23:00:00,30.82,4.47,28.03,27.52,
2020-08-02 00:00:00,43.02,4.39,32.7,12.67,
2020-08-01 04:00:00,23.2,4.78,14.91,27.61,
2020-08-01 01:00:00,80.22,4.6,38.43,0.98,
2020-08-02 01:00:00,33.67,4.54,27.18,9.82,
2020-08-02 02:00:00,36.87,4.48,25.72,6.55,
2020-08-02 04:00:00,31.96,4.23,19.45,0.98,
2020-08-02 05:00:00,39.54,4.1,18.8,0.98,
2020-08-02 07:00:00,18.36,4.22,14.17,0.98,
2020-08-02 08:00:00,23.52,4.35,10.11,0.98,
2020-08-02 10:00:00,28.63,4.27,20.84,19.65,
2020-08-02 11:00:00,24.96,5.42,23.53,31.75,
2020-08-02 13:00:00,34.57,6.27,22.65,67.89,
2020-08-02 14:00:00,19.49,5.86,23.7,89.8,
2020-08-02 15:00:00,20.58,5.66,25.94,79.24,
2020-08-02 16:00:00,32.02,9.58,21.68,64.27,
2020-08-02 17:00:00,26.61,6.8,26.62,55.41,
2020-08-02 18:00:00,27.38,6.62,43.17,16.03,
2020-08-02 19:00:00,42.85,5.75,44.66,4.71,
2020-08-02 20:00:00,57.27,5.48,48.38,0.98,
2020-08-02 21:00:00,60.85,5.26,36.27,0.98,
2020-08-02 22:00:00,65.76,5.26,28.06,0.98,
2020-08-02 23:00:00,60.46,5.14,22.98,0.98,
2020-08-03 00:00:00,53.46,4.95,22.85,0.98,
2020-08-02 12:00:00,14.22,6.72,23.94,46.37,
2020-08-02 09:00:00,26.16,4.29,17.16,3.1,
2020-08-02 06:00:00,22.44,4.11,16.29,0.98,
2020-08-02 03:00:00,24.71,4.34,20.08,0.98,
2020-08-03 01:00:00,54.65,4.96,18.09,0.98,
2020-08-03 03:00:00,36.81,4.65,13.82,0.98,
2020-08-03 04:00:00,31.11,4.46,14.91,0.98,
2020-08-03 06:00:00,39.22,4.56,16.17,0.98,
2020-08-03 07:00:00,43.22,5.41,,0.98,
2020-08-03 09:00:00,48.85,5.02,24.96,0.98,
2020-08-03 10:00:00,49.3,4.55,43.7,12.26,
2020-08-03 11:00:00,56.74,9.47,35.23,10.15,
2020-08-03 12:00:00,33.18,41.46,44.22,35.45,
2020-08-03 13:00:00,31.56,102.3,42.27,41.6,
2020-08-03 14:00:00,33.69,51.96,42.15,52.25,
2020-08-03 15:00:00,35.72,21.59,39.5,49.96,
2020-08-03 16:00:00,26.12,13.86,29.5,78.96,
2020-08-03 17:00:00,61.03,9.87,37.25,96.94,
2020-08-03 18:00:00,43.34,8.19,39.36,70.56,
2020-08-03 19:00:00,45.14,6.4,46.77,39.97,
2020-08-03 20:00:00,75.58,6.31,51.3,25.23,
2020-08-03 21:00:00,84.39,6.07,46.78,18.33,
2020-08-03 22:00:00,86.52,5.85,45.26,11.6,
2020-08-03 23:00:00,79.17,5.85,43.49,3.5,
2020-08-04 00:00:00,73.74,5.76,33.12,5.82,
2020-08-03 08:00:00,47.02,5.51,9.31,0.98,
2020-08-03 05:00:00,51.54,4.31,15.66,0.98,
2020-08-03 02:00:00,32.78,4.68,16.87,0.98,
2020-08-04 01:00:00,67.06,5.71,26.78,3.56,
2020-08-04 03:00:00,52.77,5.11,22.03,0.98,
2020-08-04 04:00:00,45.25,4.82,21.14,0.98,
2020-08-04 06:00:00,30.62,4.77,19.4,0.98,
2020-08-04 07:00:00,39.37,5.54,10.81,0.98,
2020-08-04 08:00:00,40.48,5.46,16.09,0.98,
2020-08-04 09:00:00,39.96,4.84,29.76,0.98,
2020-08-04 10:00:00,47.86,4.54,57.52,37.26,
2020-08-04 11:00:00,38.43,56.8,38.71,33.64,
2020-08-04 12:00:00,33.53,26.73,31.41,36.94,
2020-08-04 13:00:00,28.61,11.18,36.65,55.67,
2020-08-04 14:00:00,28.34,7.69,34.29,83.11,
2020-08-04 15:00:00,20.39,18.48,31.73,93.4,
2020-08-04 16:00:00,50.02,25.34,34.93,100.6,
2020-08-04 17:00:00,83.87,10.11,33.85,115.6,
2020-08-04 18:00:00,60.68,7.67,53.37,40.1,
2020-08-04 19:00:00,48.25,7.19,66.85,7.39,
2020-08-04 20:00:00,66.93,5.92,63.91,14.85,
2020-08-04 21:00:00,90.48,5.58,55.03,11.57,
2020-08-04 22:00:00,66.67,5.5,43.15,10.59,
2020-08-04 23:00:00,64.51,5.45,37.06,6.29,
2020-08-05 00:00:00,47.86,5.41,33.2,2.87,
2020-08-04 05:00:00,35.05,4.68,21.1,2.29,
2020-08-04 02:00:00,52.82,5.51,24.86,0.98,
2020-08-05 01:00:00,,4.87,26.32,0.98,
2020-08-05 02:00:00,,4.68,24.73,0.98,
2020-08-05 04:00:00,,4.04,24.76,3.17,
2020-08-05 05:00:00,,3.83,22.53,0.98,
2020-08-05 07:00:00,,4.67,13.43,0.98,
2020-08-05 08:00:00,,4.88,,0.98,
2020-08-05 09:00:00,,4.63,26.85,3.45,
2020-08-05 10:00:00,,4.2,29.27,29.3,
2020-08-05 11:00:00,,4.19,26.06,43.17,
2020-08-05 12:00:00,,4.19,22.53,54.29,
2020-08-05 13:00:00,,4.05,19.66,63.2,
2020-08-05 14:00:00,,4.11,21.11,65.6,
2020-08-05 15:00:00,,3.96,20.93,68.57,
2020-08-05 16:00:00,,4.01,24.44,70.89,
2020-08-05 17:00:00,,4.06,28.58,67.91,
2020-08-05 18:00:00,,4.19,47.91,40.37,
2020-08-05 19:00:00,,4.58,65.11,5.45,
2020-08-05 20:00:00,,4.21,53.88,10.65,
2020-08-05 21:00:00,,4.24,49.32,6.74,
2020-08-05 22:00:00,,4.14,45.09,2.01,
2020-08-05 23:00:00,,4.37,36.06,0.98,
2020-08-06 00:00:00,,4.27,32.12,0.98,
2020-08-05 06:00:00,,4.13,17.14,0.98,
2020-08-05 03:00:00,,4.42,26.79,0.98,
2020-08-06 01:00:00,,4.5,18.16,0.98,
2020-08-06 02:00:00,,4.14,21.75,0.98,
2020-08-06 03:00:00,,3.88,20.27,0.98,
2020-08-06 04:00:00,,3.81,21.07,0.98,
2020-08-06 05:00:00,25.71,3.81,22.62,0.98,
2020-08-06 06:00:00,25.39,3.79,19.74,0.98,
2020-08-06 07:00:00,24.72,4.32,11.36,0.98,
2020-08-06 08:00:00,24.2,4.64,11.82,0.98,
2020-08-06 09:00:00,,4.35,29.62,0.98,
2020-08-06 10:00:00,,3.87,37.87,22.13,
2020-08-06 11:00:00,20.97,5.57,32.03,39.41,
2020-08-06 12:00:00,28.7,4.7,29.51,53.88,
2020-08-06 13:00:00,26.58,35.84,27.96,62.98,
2020-08-06 14:00:00,27.22,108.3,26.27,70.28,
2020-08-06 15:00:00,22.84,21.23,23.29,81.82,
2020-08-06 16:00:00,34.6,8.67,21.28,91.47,
2020-08-06 17:00:00,,6.08,23.37,90.42,
2020-08-06 18:00:00,,6.97,70.78,12.57,
2020-08-06 19:00:00,70.9,9.84,70.84,0.98,
2020-08-06 20:00:00,73.74,12.94,66.12,4.67,
2020-08-06 21:00:00,,11.92,58.65,3.1,
2020-08-06 22:00:00,,9.85,50.42,0.98,
2020-08-06 23:00:00,,8.12,37.7,0.98,
2020-08-07 00:00:00,61.82,6.41,35.53,0.98,
2020-08-07 01:00:00,50.48,5.52,26.77,0.98,
2020-08-07 03:00:00,43.91,4.52,26.01,0.98,
2020-08-07 04:00:00,31.11,4.4,23.85,0.98,
2020-08-07 06:00:00,33.85,3.76,28.94,0.98,
2020-08-07 07:00:00,36.47,4,28.31,9.43,
2020-08-07 09:00:00,22.65,3.96,24.56,19.37,
2020-08-07 10:00:00,41.63,3.98,22.37,24.65,
2020-08-07 12:00:00,53.55,3.79,25.57,41.91,
2020-08-07 13:00:00,41.31,3.81,27.63,57.18,
2020-08-07 14:00:00,25.71,3.79,27.17,73.87,
2020-08-07 15:00:00,19.93,3.55,27.64,86.6,
2020-08-07 16:00:00,22.72,3.53,27.75,83.47,
2020-08-07 17:00:00,35.27,3.53,30.95,71.34,
2020-08-07 18:00:00,,3.46,31.05,52.08,
2020-08-07 19:00:00,33.99,3.5,28.19,38.52,
2020-08-07 20:00:00,,3.53,32.28,35.42,
2020-08-07 21:00:00,,3.47,27.4,44.26,
2020-08-07 22:00:00,,3.52,22.01,42.59,
2020-08-07 23:00:00,,3.59,19.46,38.51,
2020-08-08 00:00:00,,3.4,17.44,40.85,
2020-08-07 11:00:00,85.68,3.61,22.04,31.26,
2020-08-07 08:00:00,30.36,4,22.53,23.68,
2020-08-07 05:00:00,33.84,4.08,26.3,0.98,
2020-08-07 02:00:00,41.05,5.04,24.32,0.98,
2020-08-08 01:00:00,,3.41,15.83,44.52,
2020-08-08 02:00:00,,3.39,15.01,39.82,
2020-08-08 03:00:00,6,3.2,14.52,35.47,
2020-08-08 04:00:00,6,3.3,14.71,29.61,
2020-08-08 05:00:00,6,3.29,14.87,24.85,
2020-08-08 06:00:00,6,3.44,18.63,20.27,
2020-08-08 07:00:00,6,3.65,20.67,22.69,
2020-08-08 08:00:00,12.82,4.5,23.88,23.07,
2020-08-08 09:00:00,,4.73,20.76,27.35,
2020-08-08 10:00:00,12.51,4.33,19.81,30.78,
2020-08-08 11:00:00,,3.91,19.19,28.62,
2020-08-08 12:00:00,6,4.21,21.77,27.95,
2020-08-08 13:00:00,6,5.69,23.63,33.45,
2020-08-08 14:00:00,6,4.74,21.57,52.05,
2020-08-08 15:00:00,6,4.3,19.22,58.47,
2020-08-08 16:00:00,17.34,3.93,18.76,61.9,
2020-08-08 17:00:00,17.23,3.56,20.11,56.51,
2020-08-08 18:00:00,18.49,3.43,20.79,48.43,
2020-08-08 19:00:00,15.97,3.45,29.4,35.88,
2020-08-08 20:00:00,23.57,3.39,34.13,23.07,
2020-08-08 21:00:00,26.49,3.42,21.54,33.28,
2020-08-08 22:00:00,28.6,3.25,18.87,32.05,
2020-08-08 23:00:00,26.5,3.13,17.28,32.12,
2020-08-09 00:00:00,16.95,3.15,16.97,34.22,
2020-08-09 02:00:00,6,3.02,14.21,35.51,
2020-08-09 03:00:00,,2.93,13.58,37.53,
2020-08-09 05:00:00,,5.23,23.49,22.94,
2020-08-09 06:00:00,,26.86,33.5,12.57,
2020-08-09 08:00:00,16.93,11.57,19.58,12.71,
2020-08-09 09:00:00,35.35,11.62,18.57,13.85,
2020-08-09 10:00:00,19.9,12.32,17.89,15.74,
2020-08-09 11:00:00,15.5,11.51,22.55,23.47,
2020-08-09 12:00:00,13.51,11.88,27.59,48.68,
2020-08-09 13:00:00,21.68,23.04,35.41,85.23,
2020-08-09 14:00:00,40.31,24.03,28.76,97.53,
2020-08-09 15:00:00,40.25,87.35,43.5,100.1,
2020-08-09 16:00:00,38.22,62.07,33.37,124.5,
2020-08-09 17:00:00,47.69,60.62,35.57,108.9,
2020-08-09 18:00:00,43.52,20.44,30.92,60.02,
2020-08-09 19:00:00,38.34,10.09,43.91,27.18,
2020-08-09 20:00:00,35.93,7.54,38.14,21.73,
2020-08-09 21:00:00,,6.38,43.24,8.97,
2020-08-09 22:00:00,,5.84,35.11,7.9,
2020-08-09 23:00:00,,5.53,27.89,0.98,
2020-08-10 00:00:00,,5.59,20.37,0.98,
2020-08-09 07:00:00,,27.91,20.66,15.26,
2020-08-09 04:00:00,6,2.87,14.85,34.56,
2020-08-09 01:00:00,6,3.12,15.15,35.41,
2020-08-10 01:00:00,20.02,4.84,25.36,0.98,
2020-08-10 02:00:00,23.13,4.54,19.62,0.98,
2020-08-10 04:00:00,28.74,4.14,19.44,0.98,
2020-08-10 05:00:00,25.41,4.18,15.68,0.98,
2020-08-10 07:00:00,,4.65,12.72,0.98,
2020-08-10 08:00:00,,4.28,16,0.98,
2020-08-10 10:00:00,37.61,4.62,66.94,37.03,
2020-08-10 11:00:00,22.04,5.01,46.99,33.54,
2020-08-10 13:00:00,29.1,9.86,23.36,67.05,
2020-08-10 14:00:00,20.24,13.03,23.46,69.87,
2020-08-10 15:00:00,20.71,87.17,31.56,58.84,
2020-08-10 16:00:00,,186.7,36.02,55.32,
2020-08-10 17:00:00,6,118.1,31.13,62.56,
2020-08-10 18:00:00,18.2,28.79,42.69,40.32,
2020-08-10 19:00:00,29.19,13.03,64.4,14.62,
2020-08-10 20:00:00,38.76,9.32,61.26,15.02,
2020-08-10 21:00:00,35.22,9.17,61.11,10.07,
2020-08-10 22:00:00,33.73,8.31,51.73,3.91,
2020-08-10 23:00:00,53.66,7.1,44.75,0.98,
2020-08-11 00:00:00,53.04,6.37,39.92,0.98,
2020-08-10 12:00:00,26.67,5.31,25.57,59.94,
2020-08-10 09:00:00,45.2,4.22,30.62,0.98,
2020-08-10 06:00:00,26.79,4.17,17.2,0.98,
2020-08-10 03:00:00,22.57,4.12,22.52,0.98,
2020-08-11 01:00:00,59.75,5.25,42.57,0.98,
2020-08-11 02:00:00,38.51,4.8,38.07,6.09,
2020-08-11 03:00:00,45.89,4.49,27.71,21.86,
2020-08-11 04:00:00,47.45,4.12,13.07,42.14,
2020-08-11 05:00:00,34.01,3.84,12.86,44.43,
2020-08-11 06:00:00,35.54,3.3,13.42,44.3,
2020-08-11 07:00:00,19.67,3.13,15.59,42.24,
2020-08-11 08:00:00,6,2.85,18.8,41.54,
2020-08-11 09:00:00,6,2.83,19.07,39.46,
2020-08-11 10:00:00,12.1,2.76,17.75,38.82,
2020-08-11 11:00:00,6,3,19.77,40.24,
2020-08-11 12:00:00,6,3.15,23.02,39.77,
2020-08-11 13:00:00,6,2.69,19.48,45.16,
2020-08-11 14:00:00,6,2.73,20.39,41.07,
2020-08-11 15:00:00,6,2.59,19.2,38.59,
2020-08-11 16:00:00,18.97,2.79,22.51,34.08,
2020-08-11 17:00:00,6,2.66,22.52,31.89,
2020-08-11 18:00:00,6,2.6,24.6,24.75,
2020-08-11 19:00:00,12.12,2.82,27.91,18.89,
2020-08-11 20:00:00,15.78,2.76,24.72,20.97,
2020-08-11 21:00:00,15.58,2.68,18.84,27.12,
2020-08-11 22:00:00,14.92,2.5,16.4,31.45,
2020-08-11 23:00:00,18.38,2.57,15.34,34.62,
2020-08-12 00:00:00,6,2.29,14.06,38.85,
2020-08-12 01:00:00,6,2.25,12.82,42.28,
2020-08-12 02:00:00,6,2.17,11.97,45.47,
2020-08-12 03:00:00,6,2.17,11.54,45.18,
2020-08-12 04:00:00,6,2.15,11.34,46.31,
2020-08-12 05:00:00,6,2.18,12,46.64,
2020-08-12 06:00:00,6,2.15,13.88,42.65,
2020-08-12 07:00:00,6,2.1,16.26,40.49,
2020-08-12 08:00:00,6,2.11,20.97,36.12,
2020-08-12 09:00:00,6,2.26,25.73,27.83,
2020-08-12 10:00:00,6,2.31,23.94,27.47,
2020-08-12 11:00:00,6,2.42,24.59,26.42,
2020-08-12 12:00:00,6,2.44,19.96,34.75,
2020-08-12 13:00:00,6,2.63,18.69,37.04,
2020-08-12 14:00:00,6,2.56,18.25,36.64,
2020-08-12 15:00:00,6,2.6,20.31,28.55,
2020-08-12 16:00:00,6,2.85,25.55,18.04,
2020-08-12 17:00:00,6,3.01,35.21,5.36,
2020-08-12 18:00:00,6,2.98,34.28,2.76,
2020-08-12 19:00:00,16.74,3.39,36.8,0.98,
2020-08-12 20:00:00,6,3.27,37,0.98,
2020-08-12 21:00:00,14.33,2.82,39.17,0.98,
2020-08-12 22:00:00,6,2.68,31.66,6.98,
2020-08-12 23:00:00,19.74,2.67,27.68,8.11,
2020-08-13 00:00:00,16.85,2.49,23.37,10.31,
2020-08-13 01:00:00,6,2.73,32.65,0.98,
2020-08-13 02:00:00,6,2.85,33.35,0.98,
2020-08-13 03:00:00,6,2.81,29.2,0.98,
2020-08-13 04:00:00,14.62,5.32,27.93,2.29,
2020-08-13 05:00:00,6,8.76,26.42,4.13,
2020-08-13 06:00:00,6,5.27,25.4,3.84,
2020-08-13 07:00:00,6,9.36,25.65,2.03,
2020-08-13 08:00:00,6,8.07,26.15,0.98,
2020-08-13 09:00:00,6,9.13,30.7,7.6,
2020-08-13 10:00:00,6,15.94,30.24,6.97,
2020-08-13 11:00:00,6,7.8,27.81,9.58,
2020-08-13 12:00:00,17.97,5.29,23.42,12.55,
2020-08-13 13:00:00,6,4.64,23.34,12.67,
2020-08-13 14:00:00,6,4.4,21.26,18.29,
2020-08-13 15:00:00,6,3.91,19.74,19.86,
2020-08-13 16:00:00,6,3.85,28.48,11.25,
2020-08-13 17:00:00,6,3.4,33.67,8.12,
2020-08-13 18:00:00,6,3.27,37.57,4.19,
2020-08-13 19:00:00,6,3.02,39.76,0.98,
2020-08-13 20:00:00,6,2.9,40.4,0.98,
2020-08-13 21:00:00,6,2.9,38.17,0.98,
2020-08-13 22:00:00,6,2.93,37.16,0.98,
2020-08-13 23:00:00,6,2.9,32.1,0.98,
2020-08-14 00:00:00,6,2.82,31.51,0.98,
2020-08-14 02:00:00,18.21,2.75,19.48,7.76,
2020-08-14 03:00:00,16.71,2.81,16.62,12.75,
2020-08-14 05:00:00,6,2.54,13.45,20.07,
2020-08-14 06:00:00,,2.59,17.46,14.75,
2020-08-14 08:00:00,6,2.64,27.57,5.62,
2020-08-14 09:00:00,6,2.42,27.87,12.75,
2020-08-14 11:00:00,6,2.44,16.98,28.44,
2020-08-14 12:00:00,6,2.55,16.3,34.13,
2020-08-14 14:00:00,6,2.5,14.92,46.44,
2020-08-14 15:00:00,6,2.54,16.3,46.15,
2020-08-14 16:00:00,6,2.31,16.77,45.18,
2020-08-14 17:00:00,6,2.37,21.1,38.2,
2020-08-14 18:00:00,6,2.55,26.25,29.55,
2020-08-14 19:00:00,6,2.55,28.93,17.99,
2020-08-14 20:00:00,6,2.47,35.43,8.66,
2020-08-14 21:00:00,17.52,2.4,21.52,33.77,
2020-08-14 22:00:00,6,2.44,15.45,50.5,
2020-08-14 23:00:00,6,2.42,15.72,51.21,
2020-08-15 00:00:00,6,2.31,15.11,56.81,
2020-08-14 13:00:00,6,2.28,15.13,41.65,
2020-08-14 10:00:00,6,2.48,21.38,22.06,
2020-08-14 07:00:00,6,2.62,23.18,8.74,
2020-08-14 04:00:00,6,2.68,14.12,19.23,
2020-08-14 01:00:00,6,2.79,30.73,0.98,
2020-08-15 01:00:00,6,2.33,12.71,64.2,
2020-08-15 02:00:00,6,2.5,15.57,49.6,
2020-08-15 03:00:00,6,2.59,15.2,44.35,
2020-08-15 04:00:00,6,2.5,23.67,27.58,
2020-08-15 05:00:00,6,2.66,25.95,28.48,
2020-08-15 06:00:00,6,2.89,23.08,27.3,
2020-08-15 07:00:00,6,3.47,27.11,23.61,
2020-08-15 08:00:00,6,17.25,38.1,15.11,
2020-08-15 09:00:00,6,20.11,31.63,24.1,
2020-08-15 10:00:00,6,39.84,30.54,28.5,
2020-08-15 11:00:00,6,150.9,26.75,30.28,
2020-08-15 12:00:00,6,23.07,20.14,38.58,
2020-08-15 13:00:00,6,12.04,17.52,49.45,
2020-08-15 14:00:00,6,9.07,17.57,54.97,
2020-08-15 15:00:00,15.06,6.76,16.41,53.87,
2020-08-15 16:00:00,6,5.44,18.14,51.83,
2020-08-15 17:00:00,18.94,4.7,18.42,46.34,
2020-08-15 18:00:00,12.12,4.54,22.07,44.08,
2020-08-15 19:00:00,17.34,4.3,25.12,36.93,
2020-08-15 20:00:00,16.5,3.98,28.07,28.06,
2020-08-15 21:00:00,12.9,3.97,37.49,14.16,
2020-08-15 22:00:00,19.94,3.89,35.83,9.8,
2020-08-15 23:00:00,35.75,3.69,24.88,16.32,
2020-08-16 00:00:00,21.14,3.48,24.05,19.97,
2020-08-16 01:00:00,30.99,3.13,14.15,44.88,
2020-08-16 02:00:00,19.24,2.84,15.19,41.51,
2020-08-16 03:00:00,25.2,2.8,16.43,35.22,
2020-08-16 04:00:00,21.71,2.69,17.93,19.47,
2020-08-16 05:00:00,22.31,2.38,16.15,13.93,
2020-08-16 06:00:00,13.39,2.24,18.01,5.64,
2020-08-16 07:00:00,6,2.36,19.88,2.74,
2020-08-16 08:00:00,6,2.37,17.16,2.52,
2020-08-16 09:00:00,6,2.22,17.95,16.61,
2020-08-16 10:00:00,6,2.3,13.88,45.29,
2020-08-16 11:00:00,6,2.24,13.42,47.52,
2020-08-16 12:00:00,6,2.41,14.33,49.5,
2020-08-16 13:00:00,6,2.5,14.22,51.83,
2020-08-16 14:00:00,6,2.53,14.56,55.66,
2020-08-16 15:00:00,6,2.52,14.36,58.34,
2020-08-16 16:00:00,12.22,2.56,14.95,59.83,
2020-08-16 17:00:00,6,2.54,16.58,56.95,
2020-08-16 18:00:00,6,2.38,17.57,47.55,
2020-08-16 19:00:00,6,2.33,19.69,39.62,
2020-08-16 20:00:00,14.36,2.62,28.05,30.76,
2020-08-16 21:00:00,22.94,2.31,24.93,28.52,
2020-08-16 22:00:00,16.99,2.44,29.14,20.2,
2020-08-16 23:00:00,18.98,2.04,25.12,21.25,
2020-08-17 00:00:00,30.02,1.94,23.22,19.89,
2020-08-17 01:00:00,18.25,2.05,21.91,13.31,
2020-08-17 02:00:00,14.78,1.84,19.73,4.34,
2020-08-17 03:00:00,6,2,17.63,3.62,
2020-08-17 04:00:00,6,2.07,17.25,0.98,
2020-08-17 05:00:00,6,1.95,17.22,0.98,
2020-08-17 06:00:00,6,2.23,14.32,0.98,
2020-08-17 07:00:00,22.03,2.71,9.61,0.98,
2020-08-17 08:00:00,12.55,2.86,9.93,0.98,
2020-08-17 09:00:00,23.18,3.06,51.74,16.4,
2020-08-17 10:00:00,29.64,21.34,49.4,15.83,
2020-08-17 11:00:00,35.72,40.43,51.21,28.93,
2020-08-17 12:00:00,34.96,50.5,39.01,33.09,
2020-08-17 13:00:00,23.59,11.51,23.32,57.91,
2020-08-17 14:00:00,15.37,5.46,24.23,68.52,
2020-08-17 15:00:00,6,4.6,23.57,75.53,
2020-08-17 16:00:00,6,2.64,16.72,63.52,
2020-08-17 17:00:00,6,2.55,17.97,56.77,
2020-08-17 18:00:00,6,3.25,23.16,46.23,
2020-08-17 19:00:00,6,3.79,30.28,31.39,
2020-08-17 20:00:00,6,3.19,29.39,30.84,
2020-08-17 21:00:00,20.42,3.7,27.04,31.15,
2020-08-17 22:00:00,24.09,3.49,26.63,24.33,
2020-08-17 23:00:00,15.4,2.89,25.6,18.82,
2020-08-18 00:00:00,31.92,2.81,25.32,14.37,
2020-08-18 01:00:00,22.61,2.66,22.69,7.56,
2020-08-18 02:00:00,13.22,2.35,21.14,7.02,
2020-08-18 03:00:00,6,2.3,20.16,3.98,
2020-08-18 04:00:00,6,2.19,19.26,0.98,
2020-08-18 05:00:00,6,2.18,19.07,3.18,
2020-08-18 06:00:00,6,2.51,17.87,0.98,
2020-08-18 07:00:00,6,2.9,12.37,0.98,
2020-08-18 08:00:00,6,2.87,14.25,0.98,
2020-08-18 09:00:00,15.64,2.75,23.24,2.45,
2020-08-18 10:00:00,36.25,2.58,27.03,15.64,
2020-08-18 11:00:00,31.52,3.37,27.39,22.94,
2020-08-18 12:00:00,75.62,2.87,31.35,32.92,
2020-08-18 13:00:00,44.92,2.83,33.5,47.29,
2020-08-18 14:00:00,32.31,2.58,29.19,59.75,
2020-08-18 15:00:00,27.73,2.73,30.05,49.74,
2020-08-18 16:00:00,20.28,2.8,23.83,42.35,
2020-08-18 17:00:00,19.36,2.68,31.14,32.98,
2020-08-18 18:00:00,6,2.68,34.61,24.45,
2020-08-18 19:00:00,12.1,2.63,45.9,6.36,
2020-08-18 20:00:00,23.63,2.61,23.77,35.3,
2020-08-18 21:00:00,24.37,2.61,25.06,33.31,
2020-08-18 22:00:00,12.16,2.58,27.63,21.5,
2020-08-18 23:00:00,6,2.33,29.27,13.48,
2020-08-19 00:00:00,6,2.19,40.86,10.92,
2020-08-19 01:00:00,6,2.53,19.84,41.54,
2020-08-19 02:00:00,6,2.74,16.58,46.77,
2020-08-19 03:00:00,6,2.64,19.49,37.03,
2020-08-19 04:00:00,6,2.37,22.94,30.02,
2020-08-19 05:00:00,6,2.57,19.01,24.29,
2020-08-19 06:00:00,6,2.36,20.4,19.41,
2020-08-19 07:00:00,6,2.27,15.75,28.77,
2020-08-19 08:00:00,6,2.37,19.92,32.85,
2020-08-19 09:00:00,6,2.12,21.64,28.82,
2020-08-19 10:00:00,21.21,2.1,19.33,31.88,
2020-08-19 11:00:00,18.76,2.16,21.33,34.25,
2020-08-19 12:00:00,6,2.2,21.76,41.6,
2020-08-19 13:00:00,6,2.07,15.87,52.05,
2020-08-19 14:00:00,12.52,2.04,15.19,58.37,
2020-08-19 15:00:00,14.07,2.13,15.42,56.76,
2020-08-19 16:00:00,6,1.94,16.45,50.7,
2020-08-19 17:00:00,6,1.96,17,47.5,
2020-08-19 18:00:00,,1.92,17.66,45.51,
2020-08-19 19:00:00,,1.86,20.32,40.12,
2020-08-19 20:00:00,6,1.88,20.11,37.46,
2020-08-19 21:00:00,,1.81,17.79,39.54,
2020-08-19 22:00:00,,1.82,24.06,28.28,
2020-08-19 23:00:00,26.21,1.82,21.77,23.26,
2020-08-20 00:00:00,14.21,1.82,19.42,25.14,
2020-08-20 01:00:00,6,1.79,15.46,28.53,
2020-08-20 03:00:00,,2.99,19.8,23.26,
2020-08-20 04:00:00,6,2.06,14.84,35.2,
2020-08-20 06:00:00,13.32,1.82,16.27,35.22,
2020-08-20 07:00:00,6,1.82,19.12,33.02,
2020-08-20 09:00:00,6,1.92,28.27,22.2,
2020-08-20 10:00:00,6,2.26,18.68,35.38,
2020-08-20 12:00:00,6,1.79,15.77,40.77,
2020-08-20 13:00:00,6,1.77,14.51,42.13,
2020-08-20 15:00:00,13.56,1.8,15.1,44.72,
2020-08-20 16:00:00,6,1.85,18.13,39.59,
2020-08-20 17:00:00,6,1.85,25.31,33.07,
2020-08-20 18:00:00,6,2.55,25.51,30.86,
2020-08-20 19:00:00,6,2.6,36.05,9.94,
2020-08-20 20:00:00,6,2.48,42.5,0.98,
2020-08-20 21:00:00,14.41,2.61,35.93,0.98,
2020-08-20 22:00:00,26.48,2.56,33.97,0.98,
2020-08-20 23:00:00,35.66,2.25,30.52,0.98,
2020-08-21 00:00:00,22.13,2.43,30.45,0.98,
2020-08-20 14:00:00,6,1.74,14.71,42.59,
2020-08-20 11:00:00,6,1.77,16.73,38.63,
2020-08-20 08:00:00,6,1.78,18.65,35.25,
2020-08-20 05:00:00,,1.82,13.13,36.74,
2020-08-20 02:00:00,6,2.11,18.07,25.88,
2020-08-21 01:00:00,36.89,2.03,29.12,0.98,
2020-08-21 03:00:00,,1.65,23.88,2.51,
2020-08-21 04:00:00,13.2,1.78,28.5,0.98,
2020-08-21 05:00:00,19.39,1.82,23.34,2.84,
2020-08-21 06:00:00,25.63,2.3,23.46,2.79,
2020-08-21 07:00:00,16.94,2.86,23.04,0.98,
2020-08-21 08:00:00,24.33,3.32,25.97,2.28,
2020-08-21 09:00:00,29.87,2.92,25.76,14.69,
2020-08-21 10:00:00,18.1,3.64,23.53,25.79,
2020-08-21 11:00:00,6,2.26,18.93,36.23,
2020-08-21 12:00:00,6,1.86,16.1,43.88,
2020-08-21 13:00:00,,3.09,15.98,44.84,
2020-08-21 14:00:00,6,1.74,15.79,48.32,
2020-08-21 15:00:00,6,1.65,18.39,48.56,
2020-08-21 16:00:00,6,1.56,17.7,51.2,
2020-08-21 17:00:00,6,1.6,17.1,51.29,
2020-08-21 18:00:00,6,2.44,32.02,35.11,
2020-08-21 19:00:00,6,4.4,42.4,9.07,
2020-08-21 20:00:00,6,6.46,42.22,2.21,
2020-08-21 21:00:00,12.01,4.19,38.34,0.98,
2020-08-21 22:00:00,32.24,2.91,30.99,0.98,
2020-08-21 23:00:00,43.24,2.57,24.74,0.98,
2020-08-22 00:00:00,29.84,2.49,35.45,0.98,
2020-08-21 02:00:00,29.66,1.61,25.23,0.98,
2020-08-22 01:00:00,39.65,1.81,36.26,0.98,
2020-08-22 03:00:00,28.78,1.82,28.8,0.98,
2020-08-22 04:00:00,33.67,1.68,22.33,0.98,
2020-08-22 06:00:00,30.97,1.79,23.03,5.99,
2020-08-22 07:00:00,18.3,2.2,27.23,0.98,
2020-08-22 09:00:00,27.65,6.89,47.74,21.81,
2020-08-22 10:00:00,32.69,60.14,61.53,33.28,
2020-08-22 12:00:00,16.47,16.99,30.74,41.27,
2020-08-22 13:00:00,6,7.54,24.04,54.11,
2020-08-22 15:00:00,6,3.82,18.72,66.21,
2020-08-22 16:00:00,6,2.75,17.75,62.48,
2020-08-22 17:00:00,12.8,3.83,18.74,67.19,
2020-08-22 18:00:00,6,2.28,18.23,59.99,
2020-08-22 19:00:00,6,2.36,25.11,48.27,
2020-08-22 20:00:00,20.15,2.54,32.55,35.54,
2020-08-22 21:00:00,37.07,2.67,37.71,23.59,
2020-08-22 22:00:00,41.69,2.74,29.24,31.37,
2020-08-22 23:00:00,40.41,2.28,24.56,35.59,
2020-08-23 00:00:00,34.47,2.14,28.44,27.02,
2020-08-22 14:00:00,6,5.93,21.57,69.07,
2020-08-22 11:00:00,29.48,47.64,44.85,46.85,
2020-08-22 08:00:00,17.4,2.25,32.77,2.54,
2020-08-22 05:00:00,26.83,1.57,24.87,0.98,
2020-08-22 02:00:00,36.96,1.83,32.36,4.64,
2020-08-23 01:00:00,31.25,2.05,27.05,24.73,
2020-08-23 02:00:00,34.26,1.75,25.52,16.21,
2020-08-23 03:00:00,33,1.62,27.22,5.51,
2020-08-23 04:00:00,22.79,1.59,19.67,5.97,
2020-08-23 05:00:00,14.74,1.54,17.41,4.98,
2020-08-23 06:00:00,12.16,1.55,17.75,5.07,
2020-08-23 07:00:00,20.49,1.63,18.39,0.98,
2020-08-23 08:00:00,16.99,1.67,17.9,2.23,
2020-08-23 09:00:00,15.22,2.84,27.22,14.84,
2020-08-23 10:00:00,21.67,12.88,43.67,27.52,
2020-08-23 11:00:00,24.19,12.51,32.71,36.57,
2020-08-23 12:00:00,24.27,4.71,24.35,51.32,
2020-08-23 13:00:00,25.7,2.54,18.66,55.31,
2020-08-23 14:00:00,20.66,2.24,15.09,54.5,
2020-08-23 15:00:00,12.09,2.23,14.42,53.52,
2020-08-23 16:00:00,6,2.18,14.39,54.26,
2020-08-23 17:00:00,6,2.14,14.72,51.38,
2020-08-23 18:00:00,6,2.21,15.99,48.19,
2020-08-23 19:00:00,6,2.2,18.68,41.93,
2020-08-23 20:00:00,12.66,2.25,19.5,39.69,
2020-08-23 21:00:00,21.42,2.23,20.65,35.43,
2020-08-23 22:00:00,23.67,2.23,20.4,30.8,
2020-08-23 23:00:00,19.96,2.12,21.73,25.71,
2020-08-24 00:00:00,18.46,2.15,21.51,22.02,
2020-08-24 01:00:00,12.11,1.95,20.81,17.74,
2020-08-24 02:00:00,6,1.75,16.9,16.9,
2020-08-24 03:00:00,6,1.61,17.02,13.88,
2020-08-24 04:00:00,6,1.61,15.95,16.94,
2020-08-24 05:00:00,6,1.62,19.97,7.3,
2020-08-24 06:00:00,6,1.64,19.89,4.8,
2020-08-24 07:00:00,12.41,1.84,22.92,0.98,
2020-08-24 08:00:00,6,2.17,17.4,0.98,
2020-08-24 09:00:00,16.06,2.28,24.19,2.93,
2020-08-24 10:00:00,22.44,2.16,30.31,20.08,
2020-08-24 11:00:00,17.94,1.57,15.31,45.61,
2020-08-24 12:00:00,6,1.45,14.52,48.55,
2020-08-24 13:00:00,6,1.43,14.02,50.53,
2020-08-24 14:00:00,6,1.62,16.79,50.56,
2020-08-24 15:00:00,6,1.52,16.72,51.34,
2020-08-24 16:00:00,6,1.59,15.91,54.5,
2020-08-24 17:00:00,6,1.84,18.08,52.92,
2020-08-24 18:00:00,6,2.1,22.69,46.19,
2020-08-24 19:00:00,,2.03,34.04,25.8,
2020-08-24 20:00:00,21.15,2.08,39.85,14.12,
2020-08-24 21:00:00,,2.09,33.5,16.23,
2020-08-24 22:00:00,,2.02,22.46,29.7,
2020-08-24 23:00:00,,1.99,21.63,29.08,
2020-08-25 00:00:00,,2.07,18.43,32.18,
2020-08-25 01:00:00,,2.01,18.87,24.66,
2020-08-25 02:00:00,,1.9,16.42,28.78,
2020-08-25 03:00:00,,1.72,16.66,23.19,
2020-08-25 04:00:00,,1.48,15.71,13.8,
2020-08-25 05:00:00,,1.43,18.45,2.52,
2020-08-25 06:00:00,,1.48,22.6,0.98,
2020-08-25 07:00:00,,1.88,21.4,0.98,
2020-08-25 08:00:00,6,2.12,21.73,0.98,
2020-08-25 09:00:00,,2.28,24.19,0.98,
2020-08-25 10:00:00,22.74,1.46,26.57,23.19,
2020-08-25 11:00:00,22.73,1.96,22.13,32.92,
2020-08-25 12:00:00,13.82,1.45,19.18,41.93,
2020-08-25 13:00:00,6,1.47,18.26,51.01,
2020-08-25 14:00:00,6,1.94,19.54,55.36,
2020-08-25 15:00:00,14.28,1.53,21.01,58.65,
2020-08-25 16:00:00,6,1.88,18.86,58.85,
2020-08-25 17:00:00,6,1.55,22.25,48.36,
2020-08-25 18:00:00,6,1.64,26.84,37.12,
2020-08-25 19:00:00,6,1.7,33.2,25.59,
2020-08-25 20:00:00,20,1.7,36.83,17,
2020-08-25 21:00:00,28.47,1.68,39.15,11.41,
2020-08-25 22:00:00,24.66,1.64,38.05,8.68,
2020-08-25 23:00:00,40.08,1.73,37.66,2.87,
2020-08-26 00:00:00,24.59,1.86,34.68,0.98,
2020-08-26 01:00:00,38.47,1.64,28.1,0.98,
2020-08-26 02:00:00,29.86,1.48,23.52,0.98,
2020-08-26 03:00:00,23.03,1.58,21.76,0.98,
2020-08-26 04:00:00,19.38,1.54,19.91,0.98,
2020-08-26 05:00:00,26.11,1.33,19.82,0.98,
2020-08-26 06:00:00,26.74,1.35,19.36,0.98,
2020-08-26 07:00:00,21.43,1.74,18.89,0.98,
2020-08-26 08:00:00,22.54,2.19,12.69,0.98,
2020-08-26 09:00:00,20.72,1.91,21.07,0.98,
2020-08-26 10:00:00,27.43,2.09,35.97,10.96,
2020-08-26 11:00:00,32.37,2.12,29.41,33.92,
2020-08-26 12:00:00,24.95,1.86,24.61,56.79,
2020-08-26 13:00:00,13.91,1.63,24.59,71.1,
2020-08-26 14:00:00,6,1.65,25.98,89.56,
2020-08-26 15:00:00,6,1.57,23.73,92.62,
2020-08-26 16:00:00,,,,,
2020-08-26 17:00:00,,,,,
2020-08-26 18:00:00,,,,,
2020-08-26 19:00:00,,,,,
2020-08-26 20:00:00,,,,,
2020-08-26 21:00:00,,,,,
2020-08-26 22:00:00,,,,,
2020-08-26 23:00:00,,,,,
2020-08-27 00:00:00,,,,,
2020-08-28 01:00:00,,,,,
2020-08-28 02:00:00,,,,,
2020-08-28 03:00:00,,,,,
2020-08-28 04:00:00,,,,,
2020-08-28 05:00:00,,,,,
2020-08-28 06:00:00,,,,,
2020-08-28 07:00:00,,,,,
2020-08-28 08:00:00,,,,,
2020-08-28 09:00:00,,,,,
2020-08-28 11:00:00,6,1.64,17.42,42.71,
2020-08-28 12:00:00,6,1.54,19.51,41.35,
2020-08-28 13:00:00,6,1.54,21.57,37.85,
2020-08-28 14:00:00,6,1.64,18.81,37.45,
2020-08-28 15:00:00,6,1.81,26.67,29.86,
2020-08-28 16:00:00,6,1.89,31.39,20.94,
2020-08-28 17:00:00,14.29,1.73,40.99,13.95,
2020-08-28 18:00:00,29.76,2.05,49.58,2.37,
2020-08-28 19:00:00,27.33,1.79,38.49,4.9,
2020-08-28 20:00:00,20.56,1.59,28.42,11.56,
2020-08-28 21:00:00,21.72,1.61,28.14,12.15,
2020-08-28 22:00:00,22.81,1.62,21.61,21.96,
2020-08-28 23:00:00,14.49,1.53,16.95,30.42,
2020-08-29 00:00:00,15.18,1.63,16.46,30.42,
2020-08-28 10:00:00,13.75,1.67,23.94,31.58,
2020-08-29 01:00:00,6,1.51,19.8,17.08,
2020-08-29 02:00:00,6,1.36,25.19,7.59,
2020-08-29 03:00:00,6,1.48,27.15,0.98,
2020-08-29 04:00:00,6,1.51,21.27,0.98,
2020-08-29 05:00:00,6,1.53,19.9,0.98,
2020-08-29 06:00:00,6,1.49,18.78,0.98,
2020-08-29 07:00:00,6,1.73,14.59,0.98,
2020-08-29 08:00:00,6,1.9,13.85,0.98,
2020-08-29 09:00:00,22.81,1.73,21.08,0.98,
2020-08-29 10:00:00,24.16,1.56,27.33,14.05,
2020-08-29 11:00:00,15.06,1.72,30.39,23.84,
2020-08-29 12:00:00,15.23,1.92,44.88,42.53,
2020-08-29 13:00:00,13.94,2.26,42.52,56.26,
2020-08-29 14:00:00,33.58,24.59,42.45,51.4,
2020-08-29 15:00:00,42.25,11.24,24.47,71.84,
2020-08-29 16:00:00,25.19,6.46,26.07,68.39,
2020-08-29 17:00:00,25.13,4.15,33.52,54.67,
2020-08-29 18:00:00,22.11,2.89,36.25,55.35,
2020-08-29 19:00:00,29.63,2.23,34.14,43.37,
2020-08-29 20:00:00,30.76,2.27,41.94,23.47,
2020-08-29 21:00:00,50.71,2.11,19.53,34.68,
2020-08-29 22:00:00,35.94,2.25,17.41,31.54,
2020-08-29 23:00:00,,,,,
2020-08-30 00:00:00,,,,,
2020-08-30 01:00:00,,3.97,2.66,,
2020-08-30 02:00:00,,3.76,0.47,,
2020-08-30 03:00:00,,3.98,5.05,,
2020-08-30 04:00:00,,4.24,1.8,,
2020-08-30 05:00:00,,4.1,0.47,,
2020-08-30 06:00:00,,3.62,,,
2020-08-30 07:00:00,,3.28,0.47,,
2020-08-30 08:00:00,,3.35,0.47,,
2020-08-30 09:00:00,,3.52,0.47,,
2020-08-30 10:00:00,,3.57,0.47,,
2020-08-30 11:00:00,,3.42,4.89,,
2020-08-30 12:00:00,,3.18,1.9,,
2020-08-30 13:00:00,,3.09,4.07,,
2020-08-30 14:00:00,,2.8,3.04,,
2020-08-30 15:00:00,,2.98,8.78,,
2020-08-30 16:00:00,,3.28,9.27,,
2020-08-30 17:00:00,,3.11,6,,
2020-08-30 18:00:00,,3.05,5.53,,
2020-08-30 19:00:00,,2.81,4.14,,
2020-08-30 20:00:00,,2.67,4.68,,
2020-08-30 21:00:00,,7.54,10.27,,
2020-08-30 22:00:00,,31.99,13.2,,
2020-08-30 23:00:00,,10.61,21.06,,
2020-08-31 00:00:00,,6.25,12.21,,
2020-09-01 01:00:00,6,0.65,11.97,42.05,
2020-09-01 03:00:00,6,0.65,11.19,43.56,
2020-09-01 04:00:00,6,1.31,10.93,42.4,
2020-09-01 05:00:00,6,1.33,11.41,43.7,
2020-09-01 06:00:00,6,0.65,13.37,42.21,
2020-09-01 07:00:00,6,1.31,15.08,41.25,
2020-09-01 08:00:00,6,1.31,18.58,36.73,
2020-09-01 09:00:00,6,1.31,17.88,39.96,
2020-09-01 10:00:00,6,0.65,16.96,41.01,
2020-09-01 11:00:00,6,1.71,15.77,42.75,
2020-09-01 12:00:00,6,1.3,15.22,44.65,
2020-09-01 13:00:00,6,1.31,13.53,48.16,
2020-09-01 14:00:00,6,1.32,12.67,49.52,
2020-09-01 15:00:00,6,1.3,13.2,47.12,
2020-09-01 16:00:00,6,1.32,13.03,47.08,
2020-09-01 17:00:00,6,1.34,14.16,45.19,
2020-09-01 18:00:00,6,1.32,16.34,42.56,
2020-09-01 19:00:00,6,1.36,18.35,38.81,
2020-09-01 20:00:00,6,1.31,17.33,40.25,
2020-09-01 21:00:00,12.26,1.36,17.07,40.14,
2020-09-01 22:00:00,6,1.31,15.15,41.51,
2020-09-01 23:00:00,6,0.65,14.65,39.39,
2020-09-02 00:00:00,6,0.65,13.48,39.21,
2020-09-01 02:00:00,6,1.3,11.86,42.81,
2020-09-02 01:00:00,6,1.34,13.04,39.13,
2020-09-02 02:00:00,6,1.33,11.9,40.81,
2020-09-02 04:00:00,6,0.65,11.7,37.55,
2020-09-02 05:00:00,6,0.65,11.97,35.77,
2020-09-02 06:00:00,6,1.32,13.35,34.75,
2020-09-02 07:00:00,6,0.65,18.58,28.28,
2020-09-02 08:00:00,6,0.65,23.99,22.38,
2020-09-02 09:00:00,6,0.65,20.47,27.89,
2020-09-02 10:00:00,6,0.65,17.38,32.77,
2020-09-02 11:00:00,6,1.35,15.67,36.38,
2020-09-02 12:00:00,6,1.32,16.52,39.97,
2020-09-02 13:00:00,6,1.33,14.94,43.19,
2020-09-02 14:00:00,6,5.24,15.4,43.22,
2020-09-02 15:00:00,6,5.79,15.47,45.81,
2020-09-02 16:00:00,6,5.83,16.37,48.44,
2020-09-02 17:00:00,6,5.77,19.48,46.43,
2020-09-02 18:00:00,6,5.79,23.94,39.12,
2020-09-02 19:00:00,12.94,5.81,35.98,21.95,
2020-09-02 20:00:00,22.43,5.87,47.75,3.45,
2020-09-02 21:00:00,22.37,6.13,44.97,0.98,
2020-09-02 22:00:00,32.36,5.93,39.62,0.98,
2020-09-02 23:00:00,37.3,5.9,37.7,0.98,
2020-09-03 00:00:00,27.21,5.84,35.48,0.98,
2020-09-02 03:00:00,6,0.65,11.23,39.57,
2020-09-03 09:00:00,6,6.51,18.09,12.07,
2020-09-03 10:00:00,6,6.24,18.79,10.27,
2020-09-03 11:00:00,6,6.05,17.08,13.37,
2020-09-03 12:00:00,6,6.07,15.64,15.69,
2020-09-03 13:00:00,6,5.87,18.33,14.54,
2020-09-03 14:00:00,6,5.82,17.6,17.33,
2020-09-03 15:00:00,6,6.22,23.18,14.61,
2020-09-03 16:00:00,6,5.82,24.46,14.1,
2020-09-03 17:00:00,6,5.86,27.78,11.86,
2020-09-03 18:00:00,6,6.1,30.32,7.06,
2020-09-03 19:00:00,6,7.02,29.85,3.64,
2020-09-03 20:00:00,6,8.18,29.16,2.37,
2020-09-03 21:00:00,6,8.16,27.2,2.83,
2020-09-03 22:00:00,6,7.39,25.66,2.52,
2020-09-03 23:00:00,6,6.89,24.29,2.05,
2020-09-04 00:00:00,6,6.4,24.33,0.98,
2020-09-03 01:00:00,36.72,5.91,35.33,0.98,
2020-09-03 02:00:00,31.9,5.8,34.28,6.42,
2020-09-03 03:00:00,25.4,5.83,18.7,16.96,
2020-09-03 04:00:00,20.37,5.78,18.62,11.24,
2020-09-03 05:00:00,15.54,5.93,17.58,16.04,
2020-09-03 06:00:00,6,6.94,23.77,9.63,
2020-09-03 07:00:00,6,7.18,19.53,11.2,
2020-09-03 08:00:00,6,6.88,19.4,11.86,
2020-09-04 01:00:00,6,6.09,25.04,0.98,
2020-09-04 02:00:00,15.71,6.32,19.45,2.63,
2020-09-04 03:00:00,6,6.17,17.82,4.49,
2020-09-04 04:00:00,6,6.01,21.21,4.21,
2020-09-04 05:00:00,6,5.92,18.41,5.54,
2020-09-04 06:00:00,6,5.8,19.32,6.51,
2020-09-04 07:00:00,6,6.19,20.95,2.87,
2020-09-04 08:00:00,6,6.26,20.97,0.98,
2020-09-04 09:00:00,6,8.92,22.39,2.09,
2020-09-04 10:00:00,13.38,19.38,23.31,5.57,
2020-09-04 11:00:00,6,19.61,24.48,17.52,
2020-09-04 12:00:00,18.24,13.08,22.53,32.42,
2020-09-04 13:00:00,,,,,
2020-09-04 14:00:00,,,,,
2020-09-04 15:00:00,,,,,
2020-09-04 16:00:00,,,,,
2020-09-04 17:00:00,,,,,
2020-09-04 18:00:00,,,,,
2020-09-04 19:00:00,,,,,
2020-09-04 20:00:00,,,,,
2020-09-04 21:00:00,,,,,
2020-09-04 22:00:00,,,,,
2020-09-04 23:00:00,,,,,
2020-09-05 00:00:00,,,,,
2020-09-05 01:00:00,12.47,6.05,17.16,27.23,
2020-09-05 02:00:00,13.76,5.85,13,37.72,
2020-09-05 04:00:00,6,5.8,11.73,40.02,
2020-09-05 05:00:00,6,5.89,11.53,40.17,
2020-09-05 06:00:00,6,5.83,12.75,38.3,
2020-09-05 07:00:00,6,5.72,13.25,38.61,
2020-09-05 08:00:00,6,5.74,15.07,39.93,
2020-09-05 09:00:00,6,5.62,15.27,41.22,
2020-09-05 10:00:00,6,5.59,15.86,39.64,
2020-09-05 11:00:00,6,5.58,16.2,39.14,
2020-09-05 12:00:00,6,5.72,16.6,40.83,
2020-09-05 13:00:00,6,5.62,15.82,42.2,
2020-09-05 14:00:00,6,5.69,14.83,41.69,
2020-09-05 15:00:00,6,5.61,14.2,44.46,
2020-09-05 16:00:00,6,5.99,14.78,47.08,
2020-09-05 17:00:00,6,5.91,15.12,47.72,
2020-09-05 18:00:00,6,5.63,15.65,46.83,
2020-09-05 19:00:00,6,5.74,16.19,47.91,
2020-09-05 20:00:00,6,5.68,15.95,50.22,
2020-09-05 21:00:00,12.72,5.65,14.76,51.97,
2020-09-05 22:00:00,6,5.53,13.54,53.02,
2020-09-05 23:00:00,6,5.57,13.4,52.37,
2020-09-06 00:00:00,6,5.49,13.3,50.61,
2020-09-05 03:00:00,6,5.92,11.89,43.01,
2020-09-06 01:00:00,6,5.4,12.07,52.24,
2020-09-06 02:00:00,6,5.45,11.66,53.45,
2020-09-06 04:00:00,6,5.5,11.33,47.98,
2020-09-06 05:00:00,6,5.34,11.29,46.85,
2020-09-06 07:00:00,6,5.4,15.45,38.17,
2020-09-06 08:00:00,6,5.44,18.62,29.7,
2020-09-06 10:00:00,6,5.52,18.61,30.47,
2020-09-06 11:00:00,6,5.55,24.49,26.49,
2020-09-06 13:00:00,6,5.8,20.1,38.25,
2020-09-06 14:00:00,6,5.55,16.74,41.44,
2020-09-06 15:00:00,6,5.56,17.57,35.64,
2020-09-06 16:00:00,6,5.56,17.09,40.46,
2020-09-06 17:00:00,6,5.46,13.45,41.1,
2020-09-06 18:00:00,6,5.37,14.76,40.53,
2020-09-06 19:00:00,6,5.31,13.97,40.14,
2020-09-06 20:00:00,6,5.35,13.78,41.01,
2020-09-06 21:00:00,6,5.3,13.88,40.62,
2020-09-06 22:00:00,6,5.32,13.34,38.82,
2020-09-06 23:00:00,6,5.27,12.78,43.42,
2020-09-07 00:00:00,6,5.33,11.77,48.93,
2020-09-06 12:00:00,6,5.55,21.56,30.98,
2020-09-06 09:00:00,6,5.35,17.43,32.49,
2020-09-06 06:00:00,6,5.42,12.74,43.79,
2020-09-06 03:00:00,6,5.61,11.66,51.7,
2020-09-07 01:00:00,6,5.33,11.17,50.41,
2020-09-07 02:00:00,6,5.32,11.1,49.83,
2020-09-07 03:00:00,6,5.34,10.55,53.5,
2020-09-07 04:00:00,6,5.25,10.56,52.46,
2020-09-07 05:00:00,6,5.31,10.89,53.12,
2020-09-07 06:00:00,6,5.32,11.22,50.97,
2020-09-07 07:00:00,6,5.28,11.75,50.87,
2020-09-07 08:00:00,6,5.32,12.73,49.81,
2020-09-07 09:00:00,6,5.31,12.78,48.06,
2020-09-07 10:00:00,6,5.3,13,45.23,
2020-09-07 11:00:00,6,5.32,14.44,42.28,
2020-09-07 12:00:00,6,5.26,14.89,40.12,
2020-09-07 13:00:00,6,5.32,15.31,40.81,
2020-09-07 14:00:00,6,5.29,14.71,44.36,
2020-09-07 15:00:00,6,5.3,14.76,43.06,
2020-09-07 16:00:00,16.56,5.29,15.7,42.92,
2020-09-07 17:00:00,15.9,5.32,16.02,45.38,
2020-09-07 18:00:00,6,5.31,16.11,44.57,
2020-09-07 19:00:00,6,5.29,16.87,45.9,
2020-09-07 20:00:00,6,5.29,16.68,45.7,
2020-09-07 21:00:00,6,5.29,15.24,46.42,
2020-09-07 22:00:00,6,5.29,13.6,46.81,
2020-09-07 23:00:00,6,5.29,12.8,46.69,
2020-09-08 00:00:00,6,5.31,11.71,47.73,
2020-09-08 01:00:00,6,5.29,11.37,47.13,
2020-09-08 02:00:00,6,5.32,10.86,48.13,
2020-09-08 03:00:00,6,5.31,10.38,47.81,
2020-09-08 04:00:00,6,5.31,10.47,46.89,
2020-09-08 05:00:00,6,5.31,10.77,46.36,
2020-09-08 06:00:00,6,5.3,11.79,45.67,
2020-09-08 07:00:00,6,5.31,14.71,41.93,
2020-09-08 08:00:00,6,5.27,17.12,39.45,
2020-09-08 09:00:00,6,5.29,16.83,35.81,
2020-09-08 10:00:00,6,5.27,14.84,39.9,
2020-09-08 11:00:00,6,5.29,14.28,40.96,
2020-09-08 12:00:00,6,5.26,13.37,45.51,
2020-09-08 13:00:00,6,5.31,13.23,47.82,
2020-09-08 14:00:00,6,5.35,12.77,47.29,
2020-09-08 15:00:00,6,5.43,13.3,47.08,
2020-09-08 16:00:00,6,5.45,13.65,50.08,
2020-09-08 17:00:00,6,5.34,14.07,48.29,
2020-09-08 18:00:00,6,5.28,15.55,44.18,
2020-09-08 19:00:00,6,5.37,18.86,38.62,
2020-09-08 20:00:00,6,5.38,20.77,36.32,
2020-09-08 21:00:00,6,5.37,19.48,38.51,
2020-09-08 22:00:00,6,5.39,19.26,38.27,
2020-09-08 23:00:00,6,5.37,16.65,44.45,
2020-09-09 00:00:00,6,5.34,14.03,44.47,
2020-09-09 02:00:00,6,5.32,13.52,32.95,
2020-09-09 03:00:00,6,5.32,12.73,29.98,
2020-09-09 04:00:00,6,5.3,12.32,28.23,
2020-09-09 05:00:00,6,5.27,11.68,35.17,
2020-09-09 06:00:00,6,5.32,13.5,34.95,
2020-09-09 07:00:00,6,5.28,18.33,33.74,
2020-09-09 08:00:00,6,5.28,24.23,30.25,
2020-09-09 09:00:00,6,5.35,21.41,32.75,
2020-09-09 10:00:00,6,5.47,18.95,36.73,
2020-09-09 11:00:00,6,5.53,16.88,38.59,
2020-09-09 12:00:00,6,5.51,18.19,42.57,
2020-09-09 13:00:00,6,5.51,18.36,43.1,
2020-09-09 14:00:00,6,5.53,18.55,48.13,
2020-09-09 15:00:00,6,5.48,18.16,49.93,
2020-09-09 16:00:00,6,5.44,19.24,48.68,
2020-09-09 17:00:00,6,5.5,22.07,41.72,
2020-09-09 18:00:00,6,5.52,26.54,33.78,
2020-09-09 19:00:00,6,5.48,34.99,19.14,
2020-09-09 20:00:00,16.27,5.49,40.5,10.12,
2020-09-09 21:00:00,14.85,5.47,41.83,4.36,
2020-09-09 22:00:00,21.67,5.55,35.83,5.77,
2020-09-09 23:00:00,24.77,5.5,35.95,0.98,
2020-09-10 00:00:00,29.08,5.49,30.5,8.9,
2020-09-09 01:00:00,6,5.33,13.32,38.04,
2020-09-10 01:00:00,21.22,5.34,15.23,62.73,
2020-09-10 03:00:00,12.96,5.3,23.81,41.44,
2020-09-10 04:00:00,6,5.32,15.54,40.73,
2020-09-10 05:00:00,6,5.29,18.47,35.52,
2020-09-10 07:00:00,6,5.3,29.57,12.7,
2020-09-10 08:00:00,6,5.41,36.18,5.61,
2020-09-10 10:00:00,24.98,5.31,19.26,19.19,
2020-09-10 11:00:00,,5.78,18.34,50.79,
2020-09-10 13:00:00,,5.34,17.62,40.78,
2020-09-10 14:00:00,6,5.29,16.4,52.82,
2020-09-10 15:00:00,6,5.27,15.26,52.18,
2020-09-10 16:00:00,6,5.28,14.89,51.44,
2020-09-10 17:00:00,6,5.3,15.47,46.6,
2020-09-10 18:00:00,6,5.27,18.7,41.11,
2020-09-10 19:00:00,6,5.29,25.54,30.12,
2020-09-10 20:00:00,6,5.29,29.51,22.13,
2020-09-10 21:00:00,6,5.3,22.59,26.12,
2020-09-10 22:00:00,6,5.31,19.51,25.5,
2020-09-10 23:00:00,6,5.3,19.64,24.72,
2020-09-11 00:00:00,6,5.28,18.41,23.24,
2020-09-10 12:00:00,,5.92,16.62,32.48,
2020-09-10 09:00:00,24.95,5.33,34.38,11.43,
2020-09-10 06:00:00,6,5.31,23.22,24.46,
2020-09-10 02:00:00,13.99,5.36,18.45,51.99,
2020-09-11 01:00:00,6,5.28,15.11,27.96,
2020-09-11 02:00:00,6,5.3,12.38,35.46,
2020-09-11 03:00:00,6,5.27,11.61,37.66,
2020-09-11 04:00:00,6,5.31,11.43,37.29,
2020-09-11 05:00:00,6,5.26,11.82,33.56,
2020-09-11 06:00:00,6,5.24,14.47,28.4,
2020-09-11 07:00:00,6,5.29,16.88,22.1,
2020-09-11 08:00:00,6,5.29,19.73,18.3,
2020-09-11 09:00:00,6,5.33,25.56,13.44,
2020-09-11 10:00:00,6,5.28,22.44,22.67,
2020-09-11 11:00:00,6,5.28,26.64,17.15,
2020-09-11 12:00:00,6,5.25,23.35,26.66,
2020-09-11 13:00:00,6,5.27,26.19,32.68,
2020-09-11 14:00:00,12.39,5.29,37.43,41.5,
2020-09-11 15:00:00,15.63,5.24,37.33,48.93,
2020-09-11 16:00:00,23.79,5.25,25.08,44.38,
2020-09-11 17:00:00,,,,,
2020-09-11 18:00:00,,,,,
2020-09-11 19:00:00,,,,,
2020-09-11 20:00:00,,,,,
2020-09-11 21:00:00,,,,,
2020-09-11 22:00:00,,,,,
2020-09-11 23:00:00,,,,,
2020-09-12 00:00:00,,,,,
2020-09-12 01:00:00,25.2,5.23,13.04,37.39,
2020-09-12 02:00:00,21.63,5.29,13.84,34.65,
2020-09-12 03:00:00,21.05,5.25,12.19,37.19,
2020-09-12 04:00:00,12.56,5.21,11.76,38.27,
2020-09-12 05:00:00,6,5.28,12.1,38.92,
2020-09-12 06:00:00,6,5.23,13.59,35.11,
2020-09-12 07:00:00,6,5.29,14.73,28.12,
2020-09-12 08:00:00,6,5.26,18.44,22.49,
2020-09-12 09:00:00,17.66,5.26,20.33,19.12,
2020-09-12 10:00:00,14.89,5.27,29.58,17.07,
2020-09-12 11:00:00,6,5.26,22.64,26.58,
2020-09-12 12:00:00,6,5.28,21.1,24.03,
2020-09-12 13:00:00,6,5.29,22.6,18.97,
2020-09-12 14:00:00,6,5.25,22.8,23.55,
2020-09-12 15:00:00,6,5.3,22.31,30.54,
2020-09-12 16:00:00,6,5.26,29.78,21.93,
2020-09-12 17:00:00,6,5.27,24.04,19.45,
2020-09-12 18:00:00,6,5.37,27.49,11.18,
2020-09-12 19:00:00,6,5.32,28.59,12.76,
2020-09-12 20:00:00,6,5.3,24.19,35.42,
2020-09-12 21:00:00,15.48,5.31,24.73,28.15,
2020-09-12 22:00:00,22.31,5.32,24.27,31.35,
2020-09-12 23:00:00,12.33,5.29,14.83,74.48,
2020-09-13 00:00:00,6,5.28,13.96,79.41,
2020-09-13 01:00:00,13.65,5.26,15.01,65.07,
2020-09-13 02:00:00,6,5.27,20.15,44.8,
2020-09-13 03:00:00,14.36,5.31,20.92,31.84,
2020-09-13 04:00:00,6,5.29,19.57,19.62,
2020-09-13 05:00:00,13.16,5.26,16.62,17.05,
2020-09-13 06:00:00,6,5.27,13.19,26.97,
2020-09-13 07:00:00,6,5.28,13.6,31,
2020-09-13 08:00:00,6,5.29,13.42,38.81,
2020-09-13 09:00:00,20.82,5.28,15.59,41.83,
2020-09-13 10:00:00,21.2,5.85,17.23,37.17,
2020-09-13 11:00:00,39.79,5.28,16.85,43.24,
2020-09-13 12:00:00,22.5,5.29,18.73,56.32,
2020-09-13 13:00:00,12.69,5.27,18.34,52.36,
2020-09-13 14:00:00,6,5.3,17.6,56.6,
2020-09-13 15:00:00,6,5.31,19.01,42.29,
2020-09-13 16:00:00,17.22,5.27,19.86,41.42,
2020-09-13 17:00:00,6,5.28,18.66,46.69,
2020-09-13 18:00:00,13.06,5.27,17.83,41.38,
2020-09-13 19:00:00,17.92,5.19,19.95,33.99,
2020-09-13 20:00:00,13.62,5.09,18.26,37.96,
2020-09-13 21:00:00,14.46,5.28,19.04,32.36,
2020-09-13 22:00:00,13.18,5.2,18.87,36.38,
2020-09-13 23:00:00,22.91,5.22,14.93,40.1,
2020-09-14 00:00:00,15,5.26,16.84,35.6,
2020-09-14 01:00:00,6,5.1,22.16,23.43,
2020-09-14 02:00:00,6,5.09,16.11,27.82,
2020-09-14 03:00:00,6,5.09,15.33,25.4,
2020-09-14 04:00:00,6,5.14,16.21,26.36,
2020-09-14 05:00:00,12.58,5.24,22.6,22.72,
2020-09-14 06:00:00,13.83,5.24,15.72,30.78,
2020-09-14 07:00:00,6,5.21,20.07,31.14,
2020-09-14 08:00:00,13.94,5.24,18.33,31.09,
2020-09-14 09:00:00,12.12,5.29,16.95,38.29,
2020-09-14 10:00:00,12.33,5.11,17.92,35.31,
2020-09-14 11:00:00,6,5.14,17.31,30.69,
2020-09-14 12:00:00,6,5.13,17.28,29.82,
2020-09-14 13:00:00,6,5.12,17.6,32.5,
2020-09-14 14:00:00,6,5.05,14.03,40.62,
2020-09-14 15:00:00,6,5.04,14.75,42.32,
2020-09-14 16:00:00,6,5.05,13.91,44.15,
2020-09-14 17:00:00,6,4.99,15.04,43.17,
2020-09-14 18:00:00,6,5.05,19.35,37.79,
2020-09-14 19:00:00,6,5.04,23.14,32.67,
2020-09-14 20:00:00,6,5.04,28.99,25.79,
2020-09-14 21:00:00,6,5.05,33.41,16.96,
2020-09-14 22:00:00,6,5.11,22.39,26.97,
2020-09-14 23:00:00,6,5.14,23.34,22.25,
2020-09-15 00:00:00,18.33,5.13,20.81,20.82,
2020-09-15 02:00:00,6,5.05,17.17,19.76,
2020-09-15 03:00:00,6,4.96,16.61,12.05,
2020-09-15 05:00:00,6,5.14,15.27,5.64,
2020-09-15 06:00:00,6,5.09,17.7,6.38,
2020-09-15 07:00:00,6,5.3,26.01,3.85,
2020-09-15 08:00:00,6,5.13,25.93,7.43,
2020-09-15 09:00:00,6,5.05,21.66,27.37,
2020-09-15 10:00:00,6,4.98,16.9,39.4,
2020-09-15 11:00:00,6,5,14.67,44.91,
2020-09-15 12:00:00,6,5.04,15.17,48.11,
2020-09-15 13:00:00,6,5.06,14.42,51.63,
2020-09-15 14:00:00,6,5.06,14.59,50.65,
2020-09-15 15:00:00,6,5.56,16.67,53.87,
2020-09-15 16:00:00,,5.1,17.86,52.09,
2020-09-15 17:00:00,,5.05,24.87,34.69,
2020-09-15 18:00:00,6,5.15,32.67,22.92,
2020-09-15 19:00:00,6,5.4,35.85,16.47,
2020-09-15 20:00:00,21.04,5.27,34.97,14.53,
2020-09-15 21:00:00,16.64,5.32,35.59,6.89,
2020-09-15 22:00:00,17.59,5.27,37.99,2.78,
2020-09-15 23:00:00,29.62,5.3,32.43,6.44,
2020-09-16 00:00:00,35.58,5.14,26.64,9.28,
2020-09-15 04:00:00,6,4.92,14.42,14.08,
2020-09-15 01:00:00,6,5.07,17.83,21.7,
2020-09-16 02:00:00,14.87,5.07,19.34,15.74,
2020-09-16 03:00:00,17.9,5.07,24.22,11.97,
2020-09-16 05:00:00,6,5.03,19.91,20.25,
2020-09-16 06:00:00,6,5.05,19.4,24.78,
2020-09-16 07:00:00,6,5.07,20.34,20.52,
2020-09-16 08:00:00,6,5.18,25.1,16.04,
2020-09-16 09:00:00,6,5.22,34.71,7.7,
2020-09-16 10:00:00,6,5.06,32.06,20.49,
2020-09-16 11:00:00,6,5.11,34.01,25.2,
2020-09-16 12:00:00,19.84,5.1,38.67,20.55,
2020-09-16 13:00:00,19.2,5.16,33.5,29.31,
2020-09-16 14:00:00,12.15,5.24,25.76,45.67,
2020-09-16 15:00:00,12.87,5.3,32.81,38.78,
2020-09-16 16:00:00,15.55,5.3,27.56,53.07,
2020-09-16 17:00:00,6,5.27,31.15,51.34,
2020-09-16 18:00:00,6,5.31,34.61,34.31,
2020-09-16 19:00:00,6,5.29,52.89,13.68,
2020-09-16 20:00:00,16.78,5.4,48.23,13.55,
2020-09-16 21:00:00,13.72,5.2,39.69,26.1,
2020-09-16 22:00:00,6,5.48,36.82,21.17,
2020-09-16 23:00:00,6,5.33,28.97,29.78,
2020-09-17 00:00:00,16.61,5.29,29.43,23.76,
2020-09-16 04:00:00,6,5.04,23.84,15.39,
2020-09-16 01:00:00,18.37,5.02,19.32,13.9,
2020-09-17 01:00:00,6,5.32,26.1,25.38,
2020-09-17 03:00:00,6,5.17,19.43,30.53,
2020-09-17 04:00:00,6,5.16,21.03,21.35,
2020-09-17 05:00:00,6,5.08,23.23,6.94,
2020-09-17 06:00:00,6,5.33,23.75,0.98,
2020-09-17 07:00:00,6,6.04,18.28,0.98,
2020-09-17 08:00:00,6,6.51,24.73,0.98,
2020-09-17 09:00:00,6,5.25,43.1,10.47,
2020-09-17 10:00:00,13.72,5.55,48.02,9.66,
2020-09-17 11:00:00,22.22,5.29,34.46,26.03,
2020-09-17 12:00:00,23.15,5.33,28.39,39,
2020-09-17 13:00:00,23.53,5.46,20.48,71.45,
2020-09-17 14:00:00,13.93,5.6,18.17,81.3,
2020-09-17 15:00:00,6,5.48,17.24,76.2,
2020-09-17 16:00:00,6,5.52,18.54,75.26,
2020-09-17 17:00:00,6,5.98,22.42,74.03,
2020-09-17 18:00:00,6,6.04,23.77,63.7,
2020-09-17 19:00:00,6,5.86,39.53,20.77,
2020-09-17 20:00:00,6,5.5,33.78,16.37,
2020-09-17 21:00:00,12.71,5.45,32.63,14.12,
2020-09-17 22:00:00,32.26,5.37,30.98,11.7,
2020-09-17 23:00:00,22.91,5.37,30.95,6.21,
2020-09-18 00:00:00,22.95,5.28,23.23,9.39,
2020-09-17 02:00:00,6,5.42,20.81,31.89,
2020-09-18 01:00:00,19.14,5.15,20.4,8.24,
2020-09-18 02:00:00,6,5.16,20.28,7.73,
2020-09-18 03:00:00,6,5.09,17.34,9.35,
2020-09-18 04:00:00,6,5.14,16.47,7.1,
2020-09-18 05:00:00,6,5.26,22.06,0.98,
2020-09-18 06:00:00,6,5.47,27.89,0.98,
2020-09-18 07:00:00,6,5.76,25.12,0.98,
2020-09-18 08:00:00,13.6,6.17,21.41,0.98,
2020-09-18 09:00:00,,,,,
2020-09-18 10:00:00,,,,,
2020-09-18 11:00:00,16.19,5.33,32.53,33.33,
2020-09-18 12:00:00,6,6.58,31.56,57.56,
2020-09-18 13:00:00,13.37,7.65,19.33,74.85,
2020-09-18 14:00:00,6,6.52,15.66,85.58,
2020-09-18 15:00:00,6,6,18.03,81.69,
2020-09-18 16:00:00,13.38,5.91,16.15,76.33,
2020-09-18 17:00:00,22.03,5.71,19.81,70.28,
2020-09-18 18:00:00,21.98,5.55,19.12,62.22,
2020-09-18 19:00:00,13.05,5.48,32.87,34.88,
2020-09-18 20:00:00,16.77,6.06,50.38,0.98,
2020-09-18 21:00:00,39.48,5.89,41.36,0.98,
2020-09-18 22:00:00,45.64,5.77,36.18,0.98,
2020-09-18 23:00:00,45.9,5.88,24.4,0.98,
2020-09-19 00:00:00,47.47,6.14,15.24,0.98,
2020-09-19 02:00:00,40.85,5.48,35,0.98,
2020-09-19 03:00:00,34.13,5.36,27.82,0.98,
2020-09-19 04:00:00,32.69,5.07,30.76,2.45,
2020-09-19 05:00:00,30.77,5.05,21.59,4.06,
2020-09-19 06:00:00,21.6,5.07,20.06,9.02,
2020-09-19 07:00:00,18.67,5.08,21.57,12.79,
2020-09-19 08:00:00,13.51,5.08,18.19,27.89,
2020-09-19 09:00:00,13.9,5.04,19.09,32.36,
2020-09-19 10:00:00,6,5.06,17.42,40.24,
2020-09-19 11:00:00,12.73,5.06,17.83,43.04,
2020-09-19 12:00:00,16.88,5.07,16.24,40.01,
2020-09-19 13:00:00,20.7,5.06,15.89,44.54,
2020-09-19 14:00:00,16.33,5.06,14.59,42.49,
2020-09-19 15:00:00,19.82,5.09,15.96,40.07,
2020-09-19 16:00:00,20.58,5.06,16.38,41.06,
2020-09-19 17:00:00,20.96,5.07,16.36,41.15,
2020-09-19 18:00:00,18.7,5.06,15.3,44.53,
2020-09-19 19:00:00,25.11,5.03,16.06,41.99,
2020-09-19 20:00:00,24.37,5.03,18.66,38.29,
2020-09-19 21:00:00,16.55,5.07,20.17,34.95,
2020-09-19 22:00:00,18.75,5.02,16.41,41.7,
2020-09-19 23:00:00,14.89,5.03,23.79,27.47,
2020-09-20 00:00:00,18.81,5.02,26.06,17.68,
2020-09-19 01:00:00,40.11,5.89,27.53,0.98,
2020-09-20 01:00:00,23.11,5.01,20.47,21.52,
2020-09-20 02:00:00,18.42,4.98,15.88,21.39,
2020-09-20 03:00:00,21.15,4.92,14.52,21.16,
2020-09-20 04:00:00,12.07,4.89,13.59,26.72,
2020-09-20 05:00:00,6,4.81,12.72,20.21,
2020-09-20 06:00:00,6,4.93,14.01,10.18,
2020-09-20 07:00:00,15.34,4.93,13.92,23.01,
2020-09-20 08:00:00,6,4.98,15.33,32.14,
2020-09-20 09:00:00,6,5,12.68,44.8,
2020-09-20 10:00:00,6,4.98,12.66,48.15,
2020-09-20 11:00:00,6,4.99,12.96,49.65,
2020-09-20 12:00:00,6,4.99,13.1,52.62,
2020-09-20 13:00:00,6,5.15,13.77,54.27,
2020-09-20 14:00:00,6,5.09,14.48,57.61,
2020-09-20 15:00:00,6,5.02,13.82,58,
2020-09-20 16:00:00,6,5.02,13.69,56.05,
2020-09-20 17:00:00,6,4.92,13.36,53.94,
2020-09-20 18:00:00,6,5,16.42,48.93,
2020-09-20 19:00:00,6,5.02,19.07,39.29,
2020-09-20 20:00:00,20.09,5.04,23.08,31.58,
2020-09-20 21:00:00,16.27,4.96,26.16,24.1,
2020-09-20 22:00:00,26.67,5.05,26.73,12.69,
2020-09-20 23:00:00,31.1,5.06,25.62,7.45,
2020-09-21 00:00:00,27.28,5.02,22.76,7.48,
2020-09-21 01:00:00,17.03,4.8,17.71,11.77,
2020-09-21 02:00:00,16.49,4.81,18.43,2.92,
2020-09-21 03:00:00,16.95,4.77,15.15,4.2,
2020-09-21 04:00:00,6,4.78,14.65,2.55,
2020-09-21 05:00:00,6,4.92,16.71,0.98,
2020-09-21 06:00:00,6,4.97,16,0.98,
2020-09-21 07:00:00,12.95,5.42,16.96,0.98,
2020-09-21 08:00:00,21.31,5.87,20.47,2.49,
2020-09-21 09:00:00,26.38,24.87,21.91,12.44,
2020-09-21 10:00:00,23.71,10.78,21.86,19.9,
2020-09-21 11:00:00,27.47,39.19,22.9,28.23,
2020-09-21 12:00:00,26.82,28.61,19.23,44.93,
2020-09-21 13:00:00,17.09,6.04,15.93,56.82,
2020-09-21 14:00:00,6,5.56,15.42,64.75,
2020-09-21 15:00:00,6,5.3,14.4,66.25,
2020-09-21 16:00:00,6,5.16,17.21,65.89,
2020-09-21 17:00:00,6,5,18.83,68.33,
2020-09-21 18:00:00,6,5.52,21.26,59.05,
2020-09-21 19:00:00,6,5.55,23.08,42.06,
2020-09-21 20:00:00,14.14,5.7,22.12,41,
2020-09-21 21:00:00,16.52,5.55,16.28,41.93,
2020-09-21 22:00:00,28.32,5.18,14.06,45.5,
2020-09-21 23:00:00,28.03,5.02,14.29,43.59,
2020-09-22 00:00:00,16.82,5,14.37,42.09,
2020-09-22 01:00:00,18.64,5,13.67,39.1,
2020-09-22 03:00:00,14.01,4.97,14.76,26.3,
2020-09-22 04:00:00,6,4.9,15.53,26,
2020-09-22 06:00:00,6,4.93,20.32,7.66,
2020-09-22 07:00:00,6,5.11,23.91,4.36,
2020-09-22 08:00:00,6,5.05,23.97,22.85,
2020-09-22 09:00:00,13.36,4.89,17.79,40.21,
2020-09-22 10:00:00,19.71,4.85,15.6,45.96,
2020-09-22 11:00:00,17.6,5.29,15.78,50.69,
2020-09-22 12:00:00,20.49,4.79,16.05,54.22,
2020-09-22 13:00:00,13.51,4.91,15.01,55.83,
2020-09-22 14:00:00,6,4.92,13.7,55.89,
2020-09-22 15:00:00,6,5,14.12,56.77,
2020-09-22 16:00:00,15.42,5.06,14.33,56.85,
2020-09-22 17:00:00,17.3,5.02,14.7,57.17,
2020-09-22 18:00:00,,,,,
2020-09-22 19:00:00,,,,,
2020-09-22 20:00:00,,,,,
2020-09-22 21:00:00,,,,,
2020-09-22 22:00:00,,,,,
2020-09-22 23:00:00,,,,,
2020-09-23 00:00:00,,,,,
2020-09-22 05:00:00,12.56,4.88,15.2,17.49,
2020-09-22 02:00:00,24.59,4.98,14.83,30.83,
2020-09-23 01:00:00,30.77,5.01,24.82,8.95,
2020-09-23 02:00:00,35.45,5.06,24.6,7.16,
2020-09-23 03:00:00,23.6,4.99,20.03,5.29,
2020-09-23 04:00:00,19.75,5,15.21,9.21,
2020-09-23 05:00:00,13.7,4.93,16.09,4.6,
2020-09-23 06:00:00,6,5.07,16.34,0.98,
2020-09-23 07:00:00,6,5.08,14.66,0.98,
2020-09-23 08:00:00,6,5.3,18.82,0.98,
2020-09-23 09:00:00,19.41,5.78,25.75,9.01,
2020-09-23 10:00:00,18.14,5.94,27.28,24.46,
2020-09-23 11:00:00,12.37,5.13,19.03,41.57,
2020-09-23 12:00:00,12.28,5.02,18.71,49.86,
2020-09-23 13:00:00,12.28,5.01,19.27,61.47,
2020-09-23 14:00:00,19.22,14.82,23.74,79.2,
2020-09-23 15:00:00,15.7,20.89,23.12,97.57,
2020-09-23 16:00:00,23.94,9.36,24.4,99.98,
2020-09-23 17:00:00,14.7,8.16,26.23,103.4,
2020-09-23 18:00:00,20.21,7.19,35.59,68.17,
2020-09-23 19:00:00,32.39,6.01,26.09,46.98,
2020-09-23 20:00:00,31.59,5.93,33.27,34.34,
2020-09-23 21:00:00,41.99,5.68,38.03,28.03,
2020-09-23 22:00:00,46.49,5.68,42.64,9.98,
2020-09-23 23:00:00,53.75,5.45,45.24,2.32,
2020-09-24 00:00:00,48.72,5.45,32.99,3.36,
2020-09-24 01:00:00,54.67,5.34,29.64,0.98,
2020-09-24 02:00:00,43.21,5.32,25.23,0.98,
2020-09-24 03:00:00,27.06,5.13,24.89,0.98,
2020-09-24 04:00:00,29.09,5.04,22.51,0.98,
2020-09-24 05:00:00,32.97,4.93,22.44,5.2,
2020-09-24 06:00:00,29.44,4.97,31.24,3.71,
2020-09-24 07:00:00,33.73,5.58,24.16,0.98,
2020-09-24 08:00:00,30.73,5.83,45.16,2.66,
2020-09-24 09:00:00,32.77,10.23,38.56,12.44,
2020-09-24 10:00:00,39.69,12.47,25.36,30.91,
2020-09-24 11:00:00,32.19,14.09,22.28,44.97,
2020-09-24 12:00:00,20.5,29.33,25.16,53.17,
2020-09-24 13:00:00,21.34,27.99,23.7,62.79,
2020-09-24 14:00:00,16.07,11.44,17.97,75.6,
2020-09-24 15:00:00,6,8.35,19.13,82.45,
2020-09-24 16:00:00,6,6.74,16.96,87,
2020-09-24 17:00:00,6,6.97,19.38,89.51,
2020-09-24 18:00:00,6,5.96,23.75,77.28,
2020-09-24 19:00:00,15.67,5.33,27.22,72.96,
2020-09-24 20:00:00,19.45,5.18,28.73,54.76,
2020-09-24 21:00:00,28.61,5.33,31.89,38.74,
2020-09-24 22:00:00,47.44,5.34,28.94,40.29,
2020-09-24 23:00:00,38.95,5.2,26.49,33.95,
2020-09-25 00:00:00,26.2,5.07,23.5,31.5,
2020-09-25 01:00:00,25.65,5.19,20.94,31.48,
2020-09-25 02:00:00,24.96,5.24,24.69,17.6,
2020-09-25 03:00:00,22.69,5.17,19.61,17.75,
2020-09-25 04:00:00,27.16,5.05,19.07,16.43,
2020-09-25 05:00:00,19.64,4.98,18.17,13.3,
2020-09-25 06:00:00,14.55,5.22,21.51,2.3,
2020-09-25 07:00:00,19.54,5.14,21.26,0.98,
2020-09-25 08:00:00,18.78,5.07,27.35,10.74,
2020-09-25 09:00:00,18.77,4.93,28.86,34.19,
2020-09-25 10:00:00,20.94,5,32.62,44.58,
2020-09-25 11:00:00,17.97,5.07,29.48,58.07,
2020-09-25 12:00:00,17.84,5.06,25.81,69.48,
2020-09-25 13:00:00,16.53,4.86,21.47,84.92,
2020-09-25 14:00:00,15.03,4.85,16.26,74.98,
2020-09-25 15:00:00,18.02,4.87,16.43,69.72,
2020-09-25 16:00:00,12.89,4.79,15.39,68.67,
2020-09-25 17:00:00,6,4.84,16.34,68.82,
2020-09-25 18:00:00,6,5.45,18.21,64.08,
2020-09-25 19:00:00,6,4.93,20.95,51.06,
2020-09-25 20:00:00,20.78,4.93,21.11,46.14,
2020-09-25 21:00:00,20.41,4.85,21.24,44.8,
2020-09-25 22:00:00,21.46,4.84,22.44,41.19,
2020-09-25 23:00:00,27.55,4.85,23.28,38.2,
2020-09-26 00:00:00,30.97,5,20.54,39.83,
2020-09-26 01:00:00,20.23,5.04,18.19,38.66,
2020-09-26 03:00:00,17.08,5.09,15.21,34.13,
2020-09-26 04:00:00,13.56,5.19,13.77,31.43,
2020-09-26 06:00:00,15.48,4.86,18.2,10.62,
2020-09-26 07:00:00,20.93,4.87,21.88,5.48,
2020-09-26 08:00:00,12.91,5.03,22.42,5.82,
2020-09-26 09:00:00,6,4.83,22.27,17.86,
2020-09-26 10:00:00,16.32,4.81,20.03,31.35,
2020-09-26 11:00:00,19.51,4.91,22.55,37.66,
2020-09-26 12:00:00,20.15,4.89,23.32,47.86,
2020-09-26 13:00:00,14.44,5.13,18.55,59.94,
2020-09-26 14:00:00,12.48,5.51,16.28,66.91,
2020-09-26 15:00:00,12.11,5.54,16.08,62,
2020-09-26 16:00:00,17.02,5.49,15.78,53.42,
2020-09-26 17:00:00,23.51,5.52,16.3,51.39,
2020-09-26 18:00:00,27.72,5.43,17.95,42.79,
2020-09-26 19:00:00,32.66,5.36,16.12,39.33,
2020-09-26 20:00:00,22.36,5.06,15.85,38.14,
2020-09-26 21:00:00,27.83,5,14.65,40.52,
2020-09-26 22:00:00,20.44,4.94,14.95,41.21,
2020-09-26 23:00:00,14.17,4.86,14.51,40.29,
2020-09-27 00:00:00,6,4.91,13.89,39.82,
2020-09-26 05:00:00,18.83,4.97,15.64,19.76,
2020-09-26 02:00:00,16.45,5.02,17.63,36.63,
2020-09-27 01:00:00,6,4.83,14.5,39.55,
2020-09-27 03:00:00,6,4.8,12.98,40.12,
2020-09-27 04:00:00,6,4.66,13.01,40.37,
2020-09-27 06:00:00,6,4.77,11.96,50.57,
2020-09-27 07:00:00,13.37,4.8,12.62,47.94,
2020-09-27 09:00:00,6,4.74,15.03,45.67,
2020-09-27 10:00:00,6,4.78,19.84,30.08,
2020-09-27 12:00:00,22.22,4.82,22.99,18,
2020-09-27 13:00:00,16.11,4.78,19.25,32.19,
2020-09-27 14:00:00,21.63,4.75,14.21,50.57,
2020-09-27 15:00:00,15.65,4.79,15.38,50.2,
2020-09-27 16:00:00,13.9,4.76,17.85,45.52,
2020-09-27 17:00:00,18.1,4.78,26.93,34.47,
2020-09-27 18:00:00,6,5.21,22.25,35.15,
2020-09-27 19:00:00,6,6.1,18.14,45.77,
2020-09-27 20:00:00,12.08,6.25,20.27,51.42,
2020-09-27 21:00:00,6,6.02,21.8,41.33,
2020-09-27 22:00:00,6,5.89,20.88,42.03,
2020-09-27 23:00:00,6,5.59,22.25,37.52,
2020-09-28 00:00:00,6,5.55,24.38,32.73,
2020-09-27 11:00:00,30.39,4.77,20.89,22.91,
2020-09-27 08:00:00,6,4.71,13.43,47.62,
2020-09-27 05:00:00,6,4.66,11.13,49.55,
2020-09-27 02:00:00,6,4.85,13.69,38.8,
2020-09-28 01:00:00,21.94,5.49,14.49,52.17,
2020-09-28 02:00:00,13.63,5.41,14.39,45.85,
2020-09-28 03:00:00,6,5.42,13.67,39.13,
2020-09-28 04:00:00,6,5.22,13.55,38.63,
2020-09-28 05:00:00,6,5.48,14.31,42.54,
2020-09-28 06:00:00,6,5.55,15.53,34.63,
2020-09-28 07:00:00,6,5.72,23.1,27.71,
2020-09-28 08:00:00,6,5.94,22.67,27.87,
2020-09-28 09:00:00,6,6.02,16.03,37.55,
2020-09-28 10:00:00,6,5.67,14.96,38.52,
2020-09-28 11:00:00,6,5.52,15.07,39.98,
2020-09-28 12:00:00,6,5.5,14.72,46.02,
2020-09-28 13:00:00,6,5.5,15.09,47.34,
2020-09-28 14:00:00,6,6.47,17.34,47.21,
2020-09-28 15:00:00,6,6,16.99,52.59,
2020-09-28 16:00:00,6,5.18,16.47,53.75,
2020-09-28 17:00:00,6,5.35,20.17,50.66,
2020-09-28 18:00:00,6,5.22,25.65,45.65,
2020-09-28 19:00:00,6,5.01,44.18,20.93,
2020-09-28 20:00:00,6,4.94,48.21,13.65,
2020-09-28 21:00:00,6,4.99,37.15,24.22,
2020-09-28 22:00:00,6,4.91,38.65,15.66,
2020-09-28 23:00:00,12.33,5,37.92,3.66,
2020-09-29 00:00:00,6,4.73,38.84,0.98,
2020-09-29 01:00:00,15.87,4.57,39.76,4.1,
2020-09-29 02:00:00,6,4.48,37.11,0.98,
2020-09-29 03:00:00,6,4.37,25.91,0.98,
2020-09-29 04:00:00,17.53,4.31,22.22,0.98,
2020-09-29 05:00:00,6,4.26,21.07,0.98,
2020-09-29 06:00:00,6,4.37,19.63,0.98,
2020-09-29 07:00:00,12.71,4.41,19.96,0.98,
2020-09-29 08:00:00,6,4.57,23.35,4.94,
2020-09-29 09:00:00,13.2,4.83,28.47,16.18,
2020-09-29 10:00:00,18.23,4.92,19.12,46.56,
2020-09-29 11:00:00,6,4.7,16.59,54.78,
2020-09-29 12:00:00,6,4.47,17.08,56.69,
2020-09-29 13:00:00,6,4.31,16.49,61.01,
2020-09-29 14:00:00,6,4.74,15.02,61.5,
2020-09-29 15:00:00,6,5.24,15.9,65.85,
2020-09-29 16:00:00,6,4.62,16.32,63.37,
2020-09-29 17:00:00,6,6.1,18.11,60.67,
2020-09-29 18:00:00,6,4.38,20.91,56.13,
2020-09-29 19:00:00,6,4.38,25.68,45.86,
2020-09-29 20:00:00,19.7,4.52,31.49,32.16,
2020-09-29 21:00:00,13.92,4.46,33.1,25.06,
2020-09-29 22:00:00,19.03,4.43,29.05,24.86,
2020-09-29 23:00:00,22.91,4.35,27.52,23.37,
2020-09-30 00:00:00,23.03,4.32,32.36,11.78,
2020-09-30 02:00:00,14.59,4.28,23.66,17.46,
2020-09-30 03:00:00,22.7,4.38,23.93,14.23,
2020-09-30 04:00:00,20.53,4.34,19.61,18.65,
2020-09-30 05:00:00,19.61,4.26,29.44,7.36,
2020-09-30 06:00:00,26.3,4.32,36.65,2.55,
2020-09-30 07:00:00,26.33,4.33,43.93,12.98,
2020-09-30 08:00:00,26.75,4.38,40.32,8.07,
2020-09-30 09:00:00,18.67,4.4,38.39,10.92,
2020-09-30 10:00:00,18.94,4.37,36.02,11.89,
2020-09-30 11:00:00,22.56,4.33,31.7,26.01,
2020-09-30 12:00:00,14.74,4.31,24.92,39.84,
2020-09-30 13:00:00,13.8,3.98,25.51,44.31,
2020-09-30 14:00:00,26.76,4.31,19.25,44.85,
2020-09-30 15:00:00,34.97,4.24,21.6,51.02,
2020-09-30 16:00:00,18.09,4.23,20.76,54.74,
2020-09-30 17:00:00,6,4.01,25.38,55.3,
2020-09-30 18:00:00,6,4.04,22.04,59.36,
2020-09-30 19:00:00,6,4.16,25.06,52.35,
2020-09-30 20:00:00,6,4.24,35.29,29.32,
2020-09-30 21:00:00,6,4.14,42.71,9.89,
2020-09-30 22:00:00,6,4.32,39.17,7.69,
2020-09-30 23:00:00,6,4.2,31.28,2.54,
2020-10-01 00:00:00,6,4.26,30.84,0.98,
2020-09-30 01:00:00,16.25,4.32,22.34,21.92,
2020-10-01 01:00:00,6,3.86,30.71,0.98,
2020-10-01 03:00:00,6,4.16,28.73,13.41,
2020-10-01 04:00:00,6,4.05,16.31,49.79,
2020-10-01 06:00:00,6,4.16,18.89,56.65,
2020-10-01 07:00:00,6,4.21,32.52,38.17,
2020-10-01 09:00:00,6,4.21,38.58,20.27,
2020-10-01 10:00:00,15.9,4.29,45.56,23.64,
2020-10-01 12:00:00,,4.28,29.71,21.32,
2020-10-01 13:00:00,,3.91,21.62,32.08,
2020-10-01 14:00:00,6,4.55,24.29,32.93,
2020-10-01 15:00:00,6,4.62,21.59,40.07,
2020-10-01 16:00:00,6,5.05,26.6,40.39,
2020-10-01 17:00:00,6,5.13,31.18,34.16,
2020-10-01 18:00:00,6,4.58,36.32,28.98,
2020-10-01 19:00:00,6,4.51,38.12,25.7,
2020-10-01 20:00:00,6,4.63,45.75,8.08,
2020-10-01 21:00:00,20.46,4.64,50.65,0.98,
2020-10-01 22:00:00,15.22,4.61,51.03,0.98,
2020-10-01 23:00:00,31.34,4.6,42.53,0.98,
2020-10-02 00:00:00,32.31,4.51,40.47,2.58,
2020-10-01 11:00:00,,4.24,40.33,19.86,
2020-10-01 08:00:00,6,4.24,31.33,24.97,
2020-10-01 05:00:00,16.26,4.14,14.35,58.43,
2020-10-01 02:00:00,6,4.25,23.79,0.98,
2020-10-02 01:00:00,24.82,4.49,31.26,5.53,
2020-10-02 02:00:00,26.33,4.34,29.21,5.08,
2020-10-02 04:00:00,16.19,4.36,17.23,25.07,
2020-10-02 05:00:00,15.67,4.37,13,44.44,
2020-10-02 06:00:00,6,4.44,15.8,36.52,
2020-10-02 07:00:00,6,4.43,19.52,27.39,
2020-10-02 08:00:00,21.44,4.41,23.08,19.88,
2020-10-02 09:00:00,12.4,4.47,28.2,18.12,
2020-10-02 10:00:00,6,5.48,36.71,10.8,
2020-10-02 11:00:00,20.87,4.44,34.37,13.03,
2020-10-02 12:00:00,,4.49,22.46,23.97,
2020-10-02 13:00:00,,4.02,21.42,27.25,
2020-10-02 14:00:00,6,4.09,18.63,29.45,
2020-10-02 15:00:00,6,4.24,19.82,31.2,
2020-10-02 16:00:00,6,4.28,18.93,36.01,
2020-10-02 17:00:00,6,4.3,17.28,41.7,
2020-10-02 18:00:00,6,4.19,17.02,39.81,
2020-10-02 19:00:00,6,4.25,19.2,34.31,
2020-10-02 20:00:00,6,4.24,19,31.77,
2020-10-02 21:00:00,6,4.29,16.62,35.18,
2020-10-02 22:00:00,6,4.25,16.32,36.54,
2020-10-02 23:00:00,6,4.3,13.32,46.07,
2020-10-03 00:00:00,6,4.22,13.27,43.57,
2020-10-02 03:00:00,18.29,4.35,21.35,8.42,
2020-10-03 01:00:00,6,4.13,12.49,44.09,
2020-10-03 02:00:00,6,4.49,12.03,40.4,
2020-10-03 04:00:00,6,4.43,11.53,40.18,
2020-10-03 05:00:00,6,4.51,12.17,37.09,
2020-10-03 07:00:00,6,4.45,13.49,37.59,
2020-10-03 08:00:00,6,4.48,15.38,35.24,
2020-10-03 09:00:00,6,4.47,13.54,39.46,
2020-10-03 10:00:00,6,4.39,14.15,38.74,
2020-10-03 11:00:00,13.99,4.43,15.55,37.32,
2020-10-03 12:00:00,6,4.25,15.21,40.4,
2020-10-03 13:00:00,12.08,4.15,15.4,39.63,
2020-10-03 14:00:00,6,4.45,14.83,41.62,
2020-10-03 15:00:00,6,4.42,15.02,39.4,
2020-10-03 16:00:00,6,4.46,16.35,37.84,
2020-10-03 17:00:00,6,4.47,15.94,39.46,
2020-10-03 18:00:00,6,4.5,16.65,38.76,
2020-10-03 19:00:00,6,4.43,18.14,36.9,
2020-10-03 20:00:00,6,4.47,17.71,39.52,
2020-10-03 21:00:00,6,4.45,16.85,39.5,
2020-10-03 22:00:00,6,4.45,14.71,42.11,
2020-10-03 23:00:00,6,4.37,13.54,43.86,
2020-10-04 00:00:00,6,4.45,12.77,46.53,
2020-10-03 06:00:00,6,4.48,12.8,34.04,
2020-10-03 03:00:00,6,4.45,11.46,42.22,
2020-10-04 01:00:00,6,4.38,12.12,43.13,
2020-10-04 02:00:00,6,4.43,11.42,45.62,
2020-10-04 03:00:00,6,4.38,11.18,42.97,
2020-10-04 04:00:00,6,4.41,10.9,43.82,
2020-10-04 05:00:00,6,4.41,10.43,45.58,
2020-10-04 06:00:00,6,4.47,10.64,46.03,
2020-10-04 07:00:00,6,4.51,11,43.7,
2020-10-04 08:00:00,6,4.43,11.11,44.32,
2020-10-04 09:00:00,6,4.5,11.32,43.56,
2020-10-04 10:00:00,6,4.46,11.73,42.73,
2020-10-04 11:00:00,6,4.48,12.8,41.41,
2020-10-04 12:00:00,6,4.26,14.52,39.28,
2020-10-04 13:00:00,6,4.33,13.56,39.59,
2020-10-04 14:00:00,6,4.48,13.02,39.3,
2020-10-04 15:00:00,6,4.37,13.17,38.46,
2020-10-04 16:00:00,6,4.44,13.78,37.38,
2020-10-04 17:00:00,6,4.51,14.87,34.46,
2020-10-04 18:00:00,6,4.48,15.06,35.3,
2020-10-04 19:00:00,6,4.47,14.56,36.42,
2020-10-04 20:00:00,6,4.52,15.67,36.55,
2020-10-04 21:00:00,6,4.49,16.21,34.28,
2020-10-04 22:00:00,6,4.4,14.36,36.23,
2020-10-04 23:00:00,6,4.47,13.45,35.89,
2020-10-05 00:00:00,6,4.38,13.87,34.58,
2020-10-05 01:00:00,6,4.29,13.42,31.64,
2020-10-05 02:00:00,6,4.42,12.67,31.79,
2020-10-05 03:00:00,6,4.35,12.55,29.49,
2020-10-05 04:00:00,6,4.44,13.05,27.4,
2020-10-05 05:00:00,6,4.47,14.12,26.72,
2020-10-05 06:00:00,6,4.54,16.48,24.13,
2020-10-05 07:00:00,6,4.47,20.86,17.85,
2020-10-05 08:00:00,6,4.46,25.52,12.52,
2020-10-05 09:00:00,6,4.57,23.57,10.37,
2020-10-05 10:00:00,6,4.53,31.83,11.86,
2020-10-05 11:00:00,6,4.53,27.19,18.45,
2020-10-05 12:00:00,6,4.29,22.82,32.17,
2020-10-05 13:00:00,6,4.4,19.27,52.41,
2020-10-05 14:00:00,6,4.57,16.4,36.14,
2020-10-05 15:00:00,6,4.53,17.81,27.24,
2020-10-05 16:00:00,6,4.54,15.18,34.35,
2020-10-05 17:00:00,6,4.94,18.18,33.67,
2020-10-05 18:00:00,6,4.51,20.73,33.98,
2020-10-05 19:00:00,13.59,4.59,24.74,29.23,
2020-10-05 20:00:00,6,4.54,28.59,24.38,
2020-10-05 21:00:00,16.5,4.6,24.59,25.93,
2020-10-05 22:00:00,20.17,4.51,22.66,21.29,
2020-10-05 23:00:00,6,4.69,19.48,18.03,
2020-10-06 00:00:00,6,4.93,14.23,20.39,
2020-10-06 01:00:00,6,4.7,16.53,16.89,
2020-10-06 02:00:00,6,5.13,18.65,18.02,
2020-10-06 03:00:00,6,5.77,25.32,11.91,
2020-10-06 04:00:00,6,7.05,25.09,10.04,
2020-10-06 05:00:00,6,6.44,21.26,10.71,
2020-10-06 06:00:00,6,5.58,19.37,12.41,
2020-10-06 07:00:00,6,5.34,21.81,13.79,
2020-10-06 08:00:00,6,5.28,22.26,13.43,
2020-10-06 09:00:00,6,5,14.98,25.97,
2020-10-06 10:00:00,6,4.84,14.41,30.89,
2020-10-06 11:00:00,6,4.64,14.43,36.75,
2020-10-06 12:00:00,6,4.47,15.74,37.87,
2020-10-06 13:00:00,6,4.31,19.24,44.9,
2020-10-06 14:00:00,6,4.43,21.63,56.78,
2020-10-06 15:00:00,6,4.44,17.31,58.88,
2020-10-06 16:00:00,6,4.33,15.46,51.55,
2020-10-06 17:00:00,6,4.31,15.97,45.82,
2020-10-06 18:00:00,6,4.79,20.49,37.64,
2020-10-06 19:00:00,6,4.32,20.62,37.99,
2020-10-06 20:00:00,6,4.35,20.8,36.42,
2020-10-06 21:00:00,6,4.29,19.77,35.97,
2020-10-06 22:00:00,6,4.35,19.56,35.34,
2020-10-06 23:00:00,14.05,4.39,21.17,28.87,
2020-10-07 00:00:00,6,4.31,17.59,29.65,
2020-10-07 01:00:00,13.42,4.3,15.43,30.49,
2020-10-07 02:00:00,6,4.27,13.22,33.77,
2020-10-07 03:00:00,6,4.39,11.63,39.68,
2020-10-07 04:00:00,6,4.3,11.54,43.55,
2020-10-07 05:00:00,6,4.31,12.29,40.51,
2020-10-07 06:00:00,6,4.25,13.87,35.71,
2020-10-07 07:00:00,6,4.34,19.67,28.46,
2020-10-07 08:00:00,12.08,4.35,23.07,22.77,
2020-10-07 09:00:00,6,4.33,19.33,28.23,
2020-10-07 10:00:00,6,4.27,19.82,27.75,
2020-10-07 11:00:00,6,4.39,21.76,28.3,
2020-10-07 12:00:00,6,4.83,29.4,22.95,
2020-10-07 13:00:00,6,5.86,28.92,28.27,
2020-10-07 14:00:00,6,6.66,27.44,30.73,
2020-10-07 15:00:00,6,5.6,23.69,35.78,
2020-10-07 16:00:00,15.1,5.21,21.66,34.14,
2020-10-07 17:00:00,17.43,4.92,21.35,32.43,
2020-10-07 18:00:00,6,4.8,21.31,31.8,
2020-10-07 19:00:00,18.18,4.67,28.76,23.67,
2020-10-07 20:00:00,15.5,4.49,32.3,16.99,
2020-10-07 21:00:00,6,4.47,31.61,15.08,
2020-10-07 22:00:00,14.92,4.45,30.41,10.02,
2020-10-07 23:00:00,34.11,4.41,30.09,7.22,
2020-10-08 00:00:00,18.9,4.22,27.07,10.7,
2020-10-08 01:00:00,16.4,4.15,21.56,13.74,
2020-10-08 02:00:00,17.47,4.35,16.85,16.95,
2020-10-08 03:00:00,20.59,4.3,12.74,28.73,
2020-10-08 04:00:00,12.2,4.32,12.95,24.96,
2020-10-08 05:00:00,6,4.29,13.18,26.84,
2020-10-08 06:00:00,6,4.3,18.26,19.47,
2020-10-08 07:00:00,6,4.65,26.63,10.69,
2020-10-08 08:00:00,22.3,4.37,23.3,18.4,
2020-10-08 09:00:00,22.62,4.31,18.59,34.35,
2020-10-08 10:00:00,14.4,4.19,16.43,40.68,
2020-10-08 11:00:00,6,4.33,14.64,46.2,
2020-10-08 12:00:00,6,4.33,15.49,49.72,
2020-10-08 13:00:00,6,4.32,15.73,51.02,
2020-10-08 14:00:00,6,4.28,14.17,54.98,
2020-10-08 15:00:00,6,4.3,15.01,50.18,
2020-10-08 16:00:00,6,4.3,14.19,50.97,
2020-10-08 17:00:00,6,4.32,15.37,49.95,
2020-10-08 18:00:00,6,4.34,15.35,47.72,
2020-10-08 19:00:00,15.43,4.29,18.19,44.34,
2020-10-08 20:00:00,6,4.27,18.81,42.73,
2020-10-08 21:00:00,6,4.29,20.38,41.61,
2020-10-08 22:00:00,6,4.32,20.91,42.78,
2020-10-08 23:00:00,13.26,4.32,19.95,42.44,
2020-10-09 00:00:00,6,4.28,19.73,37.54,
2020-10-09 01:00:00,17.95,4.25,20.62,30.68,
2020-10-09 02:00:00,29.29,4.26,19.65,27.71,
2020-10-09 03:00:00,18.34,4.33,18.26,22.5,
2020-10-09 04:00:00,6,4.19,18.44,15.78,
2020-10-09 05:00:00,6,4.15,18.45,14.33,
2020-10-09 06:00:00,6,4.25,21.97,11.24,
2020-10-09 07:00:00,6,4.28,26.69,6.18,
2020-10-09 08:00:00,6,4.25,26.89,7.1,
2020-10-09 09:00:00,6,4.24,22.98,25.02,
2020-10-09 10:00:00,6,4.23,18.59,41.26,
2020-10-09 11:00:00,20.23,4.28,16.98,49.06,
2020-10-09 12:00:00,13.55,4.18,16.31,53.1,
2020-10-09 13:00:00,6,4.06,17.74,55.39,
2020-10-09 14:00:00,6,4.26,15.06,60.66,
2020-10-09 15:00:00,16.41,4.24,17.58,56.75,
2020-10-09 16:00:00,6,4.3,19.34,68.87,
2020-10-09 17:00:00,6,4.28,21.88,64.3,
2020-10-09 18:00:00,6,4.32,28.47,50.6,
2020-10-09 19:00:00,6,4.29,41.63,24.14,
2020-10-09 20:00:00,24.4,4.22,44.26,15.38,
2020-10-09 21:00:00,28.51,4.32,42.11,6.23,
2020-10-09 22:00:00,33.1,4.25,38.27,6.68,
2020-10-09 23:00:00,36.83,4.28,42.93,16.39,
2020-10-10 00:00:00,41.18,4.28,33.02,28.9,
2020-10-10 01:00:00,25.98,4.12,25.61,25.92,
2020-10-10 02:00:00,20.97,4.22,20.06,32.86,
2020-10-10 03:00:00,19.99,4.17,14.26,35.05,
2020-10-10 04:00:00,12.19,4.32,14.74,30.54,
2020-10-10 05:00:00,6,4.31,13.54,39.87,
2020-10-10 06:00:00,6,4.25,13.75,39.74,
2020-10-10 07:00:00,6,4.25,15.26,40.85,
2020-10-10 08:00:00,6,4.26,15.54,43.55,
2020-10-10 09:00:00,6,4.22,15.24,45.88,
2020-10-10 10:00:00,6,4.07,15.33,49.05,
2020-10-10 11:00:00,6,4.05,15.48,53.02,
2020-10-10 12:00:00,6,3.9,15.38,54.21,
2020-10-10 13:00:00,6,3.89,15.82,55.28,
2020-10-10 14:00:00,6,4.03,15.21,59.07,
2020-10-10 15:00:00,6,4.02,14.11,59.46,
2020-10-10 16:00:00,6,4,14.8,54.59,
2020-10-10 17:00:00,6,3.89,13.65,50.5,
2020-10-10 18:00:00,6,3.96,15.24,48.15,
2020-10-10 19:00:00,15.22,4.01,18.57,40.42,
2020-10-10 20:00:00,12.17,4.06,20.85,34.45,
2020-10-10 21:00:00,6,4.02,22.42,30.93,
2020-10-10 22:00:00,19.81,4.09,23.63,26.29,
2020-10-10 23:00:00,26.6,4.14,18.89,26.78,
2020-10-11 00:00:00,17.94,4.03,17.37,27.34,
2020-10-11 01:00:00,13.13,3.8,18.07,23.26,
2020-10-11 02:00:00,23.93,3.96,18.4,20.76,
2020-10-11 03:00:00,14.5,3.95,20.3,10.71,
2020-10-11 04:00:00,6,3.84,20.12,8.91,
2020-10-11 05:00:00,6,3.79,17.89,6.64,
2020-10-11 06:00:00,6,3.77,16.92,2.47,
2020-10-11 07:00:00,12.93,3.65,15.37,4.67,
2020-10-11 08:00:00,6,4.12,16.33,15.31,
2020-10-11 09:00:00,6,4.2,14.89,30.03,
2020-10-11 10:00:00,6,4.41,14.28,38.23,
2020-10-11 11:00:00,6,4.14,14.36,45.24,
2020-10-11 12:00:00,6,4.02,15.49,56.69,
2020-10-11 13:00:00,6,3.96,15.53,62.65,
2020-10-11 14:00:00,6,4.19,15.14,65.33,
2020-10-11 15:00:00,6,4.31,14.08,65.84,
2020-10-11 16:00:00,6,5,15.57,73.96,
2020-10-11 17:00:00,6,5.03,14.84,65.59,
2020-10-11 18:00:00,6,5.27,16.72,61.26,
2020-10-11 19:00:00,6,5.62,20.73,51.56,
2020-10-11 20:00:00,27.12,5.22,22.77,37.32,
2020-10-11 21:00:00,24.32,4.87,25.5,23.34,
2020-10-11 22:00:00,23.59,4.49,23.94,20.57,
2020-10-11 23:00:00,30.38,4.51,23.39,15.31,
2020-10-12 00:00:00,24.39,4.11,23.37,8.54,
2020-10-12 01:00:00,17.43,4.11,20.89,5.37,
2020-10-12 03:00:00,20.93,4.09,22.3,0.98,
2020-10-12 04:00:00,25.34,4.06,20.09,0.98,
2020-10-12 06:00:00,15.81,4.06,17.27,0.98,
2020-10-12 07:00:00,22.51,4.07,15.58,0.98,
2020-10-12 08:00:00,25.74,4.03,22.35,8.72,
2020-10-12 09:00:00,15.21,4.07,20.25,24.84,
2020-10-12 10:00:00,20.96,4.46,20.62,40.19,
2020-10-12 11:00:00,15.57,4.62,16.11,49.07,
2020-10-12 12:00:00,6,4.3,16.45,63.41,
2020-10-12 13:00:00,6,4.53,15.68,73.94,
2020-10-12 14:00:00,6,5.15,16.02,75.19,
2020-10-12 15:00:00,6,5.11,14.54,66.46,
2020-10-12 16:00:00,6,4.65,15.21,63.13,
2020-10-12 17:00:00,6,4.37,16.46,66.05,
2020-10-12 18:00:00,6,4.13,18.58,63.22,
2020-10-12 19:00:00,6,4.04,26.67,52.37,
2020-10-12 20:00:00,21.95,4.06,21.28,44.11,
2020-10-12 21:00:00,34.07,4.09,20.2,35.91,
2020-10-12 22:00:00,19.93,4.08,18.32,39.19,
2020-10-12 23:00:00,30.16,4.09,15.76,46.99,
2020-10-13 00:00:00,27.73,3.91,14.82,47.35,
2020-10-12 05:00:00,12.93,4.07,18.04,0.98,
2020-10-12 02:00:00,22.43,4.12,21.71,0.98,
2020-10-13 01:00:00,,3.91,15.67,38.4,
2020-10-13 02:00:00,,4.03,14.36,33.3,
2020-10-13 04:00:00,,3.91,15.44,12.14,
2020-10-13 05:00:00,,3.82,19.01,7.52,
2020-10-13 06:00:00,,4.05,18.44,3.36,
2020-10-13 07:00:00,,4.09,21.02,2.79,
2020-10-13 08:00:00,,4.14,27.87,11.4,
2020-10-13 09:00:00,,3.95,21.5,35.96,
2020-10-13 10:00:00,,4.49,20.74,38.84,
2020-10-13 11:00:00,,4.07,22.59,41.41,
2020-10-13 12:00:00,,3.98,20.82,47.87,
2020-10-13 13:00:00,,3.87,17.22,60.34,
2020-10-13 14:00:00,,4.03,16.37,65.88,
2020-10-13 15:00:00,6,3.57,17.96,73.78,
2020-10-13 16:00:00,6,5.32,19.53,76.07,
2020-10-13 17:00:00,6,3.96,20.82,75.15,
2020-10-13 18:00:00,6,3.97,18.55,56.31,
2020-10-13 19:00:00,13.84,4.02,20.2,41.67,
2020-10-13 20:00:00,6,4.06,20.11,40.74,
2020-10-13 21:00:00,22.9,4.08,19.46,39.89,
2020-10-13 22:00:00,14.05,4.06,17.57,35.82,
2020-10-13 23:00:00,23.27,4.02,15.82,38.3,
2020-10-14 00:00:00,17.24,4.02,16.21,35.05,
2020-10-13 03:00:00,,4.05,13.87,24.81,
2020-10-14 01:00:00,14.22,4.04,17.63,24.35,
2020-10-14 02:00:00,6,3.95,16.75,22.34,
2020-10-14 03:00:00,6,4.02,16.15,16.11,
2020-10-14 04:00:00,6,3.93,15.24,20.66,
2020-10-14 05:00:00,6,3.93,15.54,20.1,
2020-10-14 06:00:00,12.09,4.02,17.65,13.94,
2020-10-14 07:00:00,6,4.05,20.57,12.31,
2020-10-14 08:00:00,6,4.01,25.95,15.68,
2020-10-14 09:00:00,21.55,4.06,23.35,28.68,
2020-10-14 10:00:00,12.97,4.06,20.25,44.99,
2020-10-14 11:00:00,16.5,4.07,19.38,54.99,
2020-10-14 12:00:00,12.73,4.16,19.32,67.02,
2020-10-14 13:00:00,12.75,4.34,17.66,83.99,
2020-10-14 14:00:00,6,6.71,23.47,97.73,
2020-10-14 15:00:00,6,4.49,23.89,111.1,
2020-10-14 16:00:00,6,4.04,22.53,92.56,
2020-10-14 17:00:00,14.73,4.06,20.02,57.26,
2020-10-14 18:00:00,17.81,4.09,18.6,43.66,
2020-10-14 19:00:00,19.69,4.1,21.93,40.35,
2020-10-14 20:00:00,27.4,4.05,24.26,41.23,
2020-10-14 21:00:00,28.57,4.08,24.25,36.72,
2020-10-14 22:00:00,20.25,4.05,25.11,28.74,
2020-10-14 23:00:00,12.64,4.01,20.06,30,
2020-10-15 00:00:00,29.17,3.93,18.52,30.44,
2020-10-15 01:00:00,16.56,3.87,17.8,28.42,
2020-10-15 02:00:00,18.77,3.99,19.45,21.42,
2020-10-15 03:00:00,6,4.01,19.39,14.96,
2020-10-15 04:00:00,6,4.02,19.26,9.37,
2020-10-15 05:00:00,6,3.88,17.23,14.28,
2020-10-15 06:00:00,12.83,4.01,17.37,16.65,
2020-10-15 07:00:00,6,3.94,21.02,13.38,
2020-10-15 08:00:00,6,3.97,21.42,18.76,
2020-10-15 09:00:00,6,3.96,19.28,35.44,
2020-10-15 10:00:00,6,3.86,15.7,40.1,
2020-10-15 11:00:00,21.81,4,14.27,44.63,
2020-10-15 12:00:00,12.65,3.89,15.18,50.55,
2020-10-15 13:00:00,12.77,3.71,14.32,50.98,
2020-10-15 14:00:00,6,3.89,13.81,51.78,
2020-10-15 15:00:00,6,3.76,,50.25,
2020-10-15 16:00:00,6,3.93,6.59,49.96,
2020-10-15 17:00:00,6,4.18,6.94,48.31,
2020-10-15 18:00:00,6,3.89,14.54,47.75,
2020-10-15 19:00:00,6,4.09,19.44,41.93,
2020-10-15 20:00:00,20.29,4.01,21.25,38.4,
2020-10-15 21:00:00,14.39,3.96,21.67,32.73,
2020-10-15 22:00:00,30.17,4.03,20.05,30.92,
2020-10-15 23:00:00,15.82,4.01,18.41,31.18,
2020-10-16 00:00:00,12.45,3.85,20.48,25.49,
2020-10-16 01:00:00,16.37,3.69,14.47,24.88,
2020-10-16 02:00:00,6,3.93,10.45,30.36,
2020-10-16 04:00:00,6,3.98,10.2,29.12,
2020-10-16 05:00:00,6,3.87,10.63,25.57,
2020-10-16 07:00:00,6,3.83,21.88,20.41,
2020-10-16 08:00:00,6,3.9,20.43,30.01,
2020-10-16 10:00:00,6,3.9,18.63,44.65,
2020-10-16 11:00:00,6,3.93,14.79,53.06,
2020-10-16 13:00:00,12.94,3.59,13.73,60.09,
2020-10-16 14:00:00,12.08,4.2,13.02,59.85,
2020-10-16 15:00:00,6,3.75,12.78,58.82,
2020-10-16 16:00:00,13.29,3.78,12.02,56.18,
2020-10-16 17:00:00,14.98,3.77,12.79,50.94,
2020-10-16 18:00:00,20.25,3.68,16.24,46.72,
2020-10-16 19:00:00,22.43,3.84,18.34,44.45,
2020-10-16 20:00:00,24.3,3.98,22.28,40.12,
2020-10-16 21:00:00,25.72,4.02,26.31,37.84,
2020-10-16 22:00:00,14.14,3.93,24.3,36.71,
2020-10-16 23:00:00,19.29,3.93,24.83,32.5,
2020-10-17 00:00:00,24.92,3.98,20.97,31.27,
2020-10-16 12:00:00,22.1,3.85,14.15,59.02,
2020-10-16 09:00:00,6,3.93,20.34,36.3,
2020-10-16 06:00:00,6,3.76,18.67,19.44,
2020-10-16 03:00:00,12.04,3.86,10.38,30.22,
2020-10-17 01:00:00,14.23,3.9,25.48,22.22,
2020-10-17 02:00:00,6,4.08,17.42,28.24,
2020-10-17 03:00:00,6,4.01,11.25,36.79,
2020-10-17 04:00:00,6,4,10.96,30.08,
2020-10-17 05:00:00,12.65,3.95,18.84,19.98,
2020-10-17 06:00:00,6,4.05,21.85,11.03,
2020-10-17 07:00:00,6,4.16,29.55,11.15,
2020-10-17 08:00:00,13.9,4.48,22.56,29.74,
2020-10-17 09:00:00,6,5.34,21.14,35.06,
2020-10-17 10:00:00,14.22,5.06,16.98,47.03,
2020-10-17 11:00:00,20.99,5.58,13.57,53.32,
2020-10-17 12:00:00,16.76,5.4,16.04,56,
2020-10-17 13:00:00,6,4.59,16.78,58.4,
2020-10-17 14:00:00,6,4.69,15.93,62.51,
2020-10-17 15:00:00,6,4.72,17.51,63.82,
2020-10-17 16:00:00,23.34,4.06,14.07,59.18,
2020-10-17 17:00:00,14.23,4.42,16.35,57.56,
2020-10-17 18:00:00,30.26,4.74,20.02,52.72,
2020-10-17 19:00:00,19.69,4.79,23.18,47.46,
2020-10-17 20:00:00,25.74,4.79,29.21,39.02,
2020-10-17 21:00:00,22.69,4.79,36.19,29.36,
2020-10-17 22:00:00,30.35,4.77,34.64,25.43,
2020-10-17 23:00:00,40.27,4.73,26.56,25.77,
2020-10-18 00:00:00,42.61,4.42,37.75,14.24,
2020-10-18 01:00:00,31.69,4.02,40.13,4.92,
2020-10-18 02:00:00,32.63,4.17,34.82,6.63,
2020-10-18 03:00:00,28.84,4.06,28.06,6.8,
2020-10-18 04:00:00,24.17,4.07,21.96,7.48,
2020-10-18 05:00:00,27.9,4.05,21.24,7.2,
2020-10-18 06:00:00,21.36,3.96,20.82,13.96,
2020-10-18 07:00:00,20.57,3.97,19.01,14.52,
2020-10-18 08:00:00,12.25,3.95,14.75,33.43,
2020-10-18 09:00:00,6,4.07,11.4,45,
2020-10-18 10:00:00,14.19,4.02,11.13,48.6,
2020-10-18 11:00:00,6,4.02,13.3,50.01,
2020-10-18 12:00:00,6,3.7,12.05,53.97,
2020-10-18 13:00:00,6,3.9,13.31,59.14,
2020-10-18 14:00:00,6,3.85,16.38,71.65,
2020-10-18 15:00:00,6,3.8,12.64,72.66,
2020-10-18 16:00:00,6,3.9,11.52,71.22,
2020-10-18 17:00:00,6,3.98,13.26,72.46,
2020-10-18 18:00:00,6,3.77,13.25,65.29,
2020-10-18 19:00:00,6,3.76,19.18,51.43,
2020-10-18 20:00:00,27.57,4,26.43,38.11,
2020-10-18 21:00:00,31.38,3.98,37.69,23.09,
2020-10-18 22:00:00,39.93,4,33.2,17.87,
2020-10-18 23:00:00,30.19,3.98,40.22,10.23,
2020-10-19 00:00:00,29.44,3.86,31.53,8.35,
2020-10-19 01:00:00,26.06,3.78,27.41,4.61,
2020-10-19 02:00:00,24.37,3.92,26.01,2.33,
2020-10-19 03:00:00,17.74,3.84,26.19,0.98,
2020-10-19 04:00:00,38.64,3.82,25.73,0.98,
2020-10-19 05:00:00,20.77,3.95,24.17,0.98,
2020-10-19 06:00:00,17.01,4.07,19.09,0.98,
2020-10-19 07:00:00,14.44,4.13,24.3,0.98,
2020-10-19 08:00:00,30.56,4.12,41.88,6.59,
2020-10-19 09:00:00,32.1,4.82,43.54,24.8,
2020-10-19 10:00:00,17.23,6.66,38.48,44.82,
2020-10-19 11:00:00,6,29.35,38.38,55.26,
2020-10-19 12:00:00,18.05,50.76,29.42,61.86,
2020-10-19 13:00:00,6,37.81,32.42,72.97,
2020-10-19 14:00:00,12.01,39.37,37.89,87.32,
2020-10-19 15:00:00,6,27.38,33.54,100.8,
2020-10-19 16:00:00,17.21,21.91,29.92,118.1,
2020-10-19 17:00:00,35.83,11.77,24.32,93.07,
2020-10-19 18:00:00,44.59,8.03,42.83,63.16,
2020-10-19 19:00:00,34.21,5.7,46.39,45.42,
2020-10-19 20:00:00,38.9,4.51,42.01,36.76,
2020-10-19 21:00:00,44.1,4.32,40.13,28.99,
2020-10-19 22:00:00,46.14,4.2,46.18,16.49,
2020-10-19 23:00:00,47.42,4.19,50.96,8.37,
2020-10-20 00:00:00,51.1,4.13,43.96,4.31,
2020-10-20 01:00:00,51.41,3.86,28.18,9.25,
2020-10-20 02:00:00,46.6,4.11,28.5,3.48,
2020-10-20 03:00:00,33.46,4.12,29.44,0.98,
2020-10-20 04:00:00,29.44,4.05,26.82,0.98,
2020-10-20 05:00:00,35.3,4.13,23.62,0.98,
2020-10-20 06:00:00,20.83,4.18,22.58,0.98,
2020-10-20 07:00:00,40.07,4.19,26.66,0.98,
2020-10-20 08:00:00,30.3,7.16,66.25,5.49,
2020-10-20 09:00:00,44.05,22.43,51.94,27.47,
2020-10-20 10:00:00,58.91,11.95,23.84,45.83,
2020-10-20 11:00:00,32.21,6.67,23.95,63.41,
2020-10-20 12:00:00,25.56,5.7,18.92,55.12,
2020-10-20 13:00:00,24.16,5.05,15.15,54.43,
2020-10-20 14:00:00,14.48,4.91,13.64,53.67,
2020-10-20 15:00:00,6,4.64,12.65,51.23,
2020-10-20 16:00:00,6,4.36,12.08,48.53,
2020-10-20 17:00:00,,4.8,11.61,42.2,
2020-10-20 18:00:00,,4.38,16.09,38.52,
2020-10-20 19:00:00,23.75,4.32,20.13,34.06,
2020-10-20 20:00:00,21.79,4.36,18.7,35.13,
2020-10-20 21:00:00,27.79,4.12,19.75,28.79,
2020-10-20 22:00:00,26.63,4.08,18.25,21.39,
2020-10-20 23:00:00,20.62,4.05,16.67,18.8,
2020-10-21 00:00:00,12.54,3.97,16.21,18.73,
2020-10-21 01:00:00,19.92,3.82,14.46,17.77,
2020-10-21 02:00:00,6,4.08,11.71,18.94,
2020-10-21 03:00:00,6,4.04,10.4,21.1,
2020-10-21 04:00:00,18.52,3.98,10.33,22.68,
2020-10-21 05:00:00,6,3.9,9.65,23.32,
2020-10-21 06:00:00,6,3.98,12.13,23.87,
2020-10-21 07:00:00,15.77,3.92,18.9,21.45,
2020-10-21 08:00:00,16.4,3.87,16.94,29.16,
2020-10-21 09:00:00,29.3,3.8,18.45,27.5,
2020-10-21 10:00:00,16.55,3.71,16.17,30.14,
2020-10-21 11:00:00,6,3.64,12.08,35.7,
2020-10-21 12:00:00,6,3.58,10.99,39.09,
2020-10-21 13:00:00,6,3.61,10.78,38.43,
2020-10-21 14:00:00,6,3.69,10.51,40.02,
2020-10-21 15:00:00,6,3.49,11.32,36.19,
2020-10-21 16:00:00,6,3.63,12.45,37,
2020-10-21 17:00:00,12.81,3.37,12.27,34.78,
2020-10-21 18:00:00,27.75,3.44,14.58,33.43,
2020-10-21 19:00:00,25.37,3.63,17.11,32.06,
2020-10-21 20:00:00,26.17,3.47,14.51,33.77,
2020-10-21 21:00:00,27.41,3.32,13.56,32.43,
2020-10-21 22:00:00,18.68,3.59,11.35,36.16,
2020-10-21 23:00:00,20.22,3.41,11.13,35.48,
2020-10-22 00:00:00,6,3.28,9.21,37.26,
2020-10-22 01:00:00,6,3.37,8.45,36.9,
2020-10-22 02:00:00,6,3.34,7.82,36.23,
2020-10-22 03:00:00,6,3.14,7.99,33.96,
2020-10-22 04:00:00,16.32,3.19,7.58,33.04,
2020-10-22 05:00:00,6,3.16,7.89,32.38,
2020-10-22 06:00:00,6,3.14,10.57,32.53,
2020-10-22 07:00:00,6,3.41,17.12,29.39,
2020-10-22 08:00:00,6,3.4,14.94,32.63,
2020-10-22 09:00:00,6,3.29,14.05,36.23,
2020-10-22 10:00:00,15.94,3.6,11.14,40.05,
2020-10-22 11:00:00,35.15,3.53,11.67,42.42,
2020-10-22 12:00:00,32.94,3.39,11.44,42.44,
2020-10-22 13:00:00,29.39,3.41,9.98,42.63,
2020-10-22 14:00:00,16.9,3.41,8.77,39.77,
2020-10-22 15:00:00,,3.38,9.66,38.68,
2020-10-22 16:00:00,,3.92,10.94,38.03,
2020-10-22 17:00:00,,3.61,13.8,36.53,
2020-10-22 18:00:00,6,3.56,14.35,33.58,
2020-10-22 19:00:00,6,3.4,19.18,30.1,
2020-10-22 20:00:00,6,3.21,23.18,26.19,
2020-10-22 21:00:00,6,3.33,21.1,24.76,
2020-10-22 22:00:00,6,3.24,22.63,23.93,
2020-10-22 23:00:00,6,3.32,17.21,26.27,
2020-10-23 00:00:00,6,3.36,15.58,26.18,
2020-10-23 01:00:00,14.43,3.26,14.31,23.7,
2020-10-23 02:00:00,6,3.34,16.81,21.01,
2020-10-23 03:00:00,6,3.43,17.67,15.36,
2020-10-23 04:00:00,6,3.27,15.68,15.04,
2020-10-23 05:00:00,6,3.19,13.85,16.78,
2020-10-23 06:00:00,6,3.41,21.58,7.3,
2020-10-23 07:00:00,6,3.4,23.36,9.73,
2020-10-23 08:00:00,6,3.5,30.4,9.27,
2020-10-23 09:00:00,15.64,3.46,24.39,15.21,
2020-10-23 10:00:00,16.64,3.45,23.55,17.52,
2020-10-23 11:00:00,6,3.54,25.88,17.52,
2020-10-23 12:00:00,14.06,3.55,27.31,23.37,
2020-10-23 13:00:00,6,3.44,43.84,20.56,
2020-10-23 14:00:00,6,3.6,37.63,25.57,
2020-10-23 15:00:00,21.28,3.58,45.92,27.04,
2020-10-23 16:00:00,19.47,3.45,40.07,35.3,
2020-10-23 17:00:00,23.48,3.63,39.2,40.35,
2020-10-23 18:00:00,14.1,3.82,47.59,27.06,
2020-10-23 19:00:00,6,3.78,38.62,15.82,
2020-10-23 20:00:00,6,3.71,52.66,7.47,
2020-10-23 21:00:00,6,3.71,44.31,6.18,
2020-10-23 22:00:00,24.49,3.79,41.27,3.96,
2020-10-23 23:00:00,21.33,3.69,31.05,4.67,
2020-10-24 00:00:00,21.3,3.61,26.91,4.45,
2020-10-24 01:00:00,22.62,3.52,21.77,8.05,
2020-10-24 02:00:00,13.03,3.59,18.76,9.82,
2020-10-24 03:00:00,6,3.59,16.05,8.85,
2020-10-24 04:00:00,6,3.68,18.62,7.66,
2020-10-24 05:00:00,6,3.65,28.46,2.24,
2020-10-24 06:00:00,6,3.74,34.14,0.98,
2020-10-24 07:00:00,6,3.74,23.41,5.9,
2020-10-24 08:00:00,15.52,3.8,25.29,7.4,
2020-10-24 09:00:00,14.15,3.84,30.26,17.3,
2020-10-24 10:00:00,6,14.58,39.11,27.22,
2020-10-24 11:00:00,34.31,28.46,27.29,46.74,
2020-10-24 12:00:00,19.52,12.75,23.46,73.57,
2020-10-24 13:00:00,6,8.37,19.46,96.04,
2020-10-24 14:00:00,6,6.89,18.08,92.41,
2020-10-24 15:00:00,14.67,6.38,21.09,92.09,
2020-10-24 16:00:00,6,5.12,15.41,72.29,
2020-10-24 17:00:00,12.73,4.38,12.77,45.48,
2020-10-24 18:00:00,19.34,4.5,13.42,46.02,
2020-10-24 19:00:00,6,4.37,19.05,42.63,
2020-10-24 20:00:00,6,4.37,24.47,37.66,
2020-10-24 21:00:00,23.12,4.35,36.71,26.64,
2020-10-24 22:00:00,20.25,4.22,30.71,24.7,
2020-10-24 23:00:00,27.84,4.07,18.49,25.24,
2020-10-25 00:00:00,19.49,3.84,18.04,24.3,
2020-10-26 01:00:00,16.42,3.47,17.76,28.65,
2020-10-26 03:00:00,6,3.55,15.64,23.38,
2020-10-26 04:00:00,6,3.55,15.18,20.16,
2020-10-26 05:00:00,6,3.44,14.59,22.9,
2020-10-26 07:00:00,19.79,3.56,29.1,10.42,
2020-10-26 08:00:00,6,3.75,39.09,9.45,
2020-10-26 10:00:00,18.57,3.78,21.82,41.78,
2020-10-26 11:00:00,27.13,4.44,27.96,44.78,
2020-10-26 12:00:00,16.42,17.18,36.18,39.15,
2020-10-26 13:00:00,13.65,17.27,19.21,52.25,
2020-10-26 14:00:00,6,7.31,15.15,54.45,
2020-10-26 15:00:00,6,5.51,15.2,45.58,
2020-10-26 16:00:00,18.44,5.46,23.32,38.76,
2020-10-26 17:00:00,6,4.49,29.55,32.61,
2020-10-26 18:00:00,,,,,
2020-10-26 19:00:00,6,4.5,34.81,10.76,
2020-10-26 20:00:00,23.29,4.15,35.75,20.68,
2020-10-26 21:00:00,12.48,4.05,20.9,41.47,
2020-10-26 22:00:00,6,4.06,18.38,54.08,
2020-10-26 23:00:00,6,3.98,29.86,45.69,
2020-10-27 00:00:00,6,3.98,48.44,29.42,
2020-10-26 09:00:00,21.01,4.04,55.76,28.45,
2020-10-26 06:00:00,6,3.41,21.12,15.18,
2020-10-26 02:00:00,6,3.56,15.75,29.9,
2020-10-27 01:00:00,6,4.92,28.25,33.79,
2020-10-27 03:00:00,6,6.1,12.04,39.13,
2020-10-27 04:00:00,6,5.74,9.42,37.57,
2020-10-27 06:00:00,6,5.13,22.42,21.78,
2020-10-27 07:00:00,6,5,28.58,19.48,
2020-10-27 09:00:00,6,4.36,29.61,22.27,
2020-10-27 10:00:00,6,4.29,24.55,25.94,
2020-10-27 11:00:00,6,4.36,23.04,25.17,
2020-10-27 12:00:00,6,4.12,19.27,26.72,
2020-10-27 13:00:00,6,4.13,12.54,40.05,
2020-10-27 14:00:00,6,4.23,16.55,45.1,
2020-10-27 15:00:00,6,3.95,17.53,39.63,
2020-10-27 16:00:00,6,4.97,23.71,36.69,
2020-10-27 17:00:00,6,4.9,36.02,29.55,
2020-10-27 18:00:00,6,5.28,35.46,21.64,
2020-10-27 19:00:00,6,4.68,45.74,14.1,
2020-10-27 20:00:00,6,4.45,27.45,28.73,
2020-10-27 21:00:00,6,4.34,30.57,30.07,
2020-10-27 22:00:00,6,4.65,24.77,38.51,
2020-10-27 23:00:00,6,4.44,20.28,37.75,
2020-10-28 00:00:00,6,4.18,19.84,29.36,
2020-10-27 08:00:00,6,4.68,31.07,21.39,
2020-10-27 05:00:00,6,5.35,14.14,28.88,
2020-10-27 02:00:00,6,6.39,14.05,40.07,
2020-10-28 01:00:00,6,3.93,20.31,21.47,
2020-10-28 02:00:00,6,4.37,25.66,16.74,
2020-10-28 03:00:00,6,8.24,46.59,5.41,
2020-10-28 04:00:00,6,10.28,33.5,13.66,
2020-10-28 05:00:00,6,8.08,13.47,26.16,
2020-10-28 06:00:00,6,6.31,21.24,26.31,
2020-10-28 07:00:00,6,5.76,31.29,23.86,
2020-10-28 08:00:00,6,5.29,28.68,25.84,
2020-10-28 09:00:00,13.01,5.12,23.95,29.01,
2020-10-28 10:00:00,6,5.36,17.18,35.31,
2020-10-28 11:00:00,6,4.99,13.43,39.05,
2020-10-28 12:00:00,6,4.31,16.99,37.77,
2020-10-28 13:00:00,6,4.09,13.16,42.6,
2020-10-28 14:00:00,6,4.06,19.27,44.89,
2020-10-28 15:00:00,6,4.45,20.09,48.78,
2020-10-28 16:00:00,6,4.19,11.68,47.31,
2020-10-28 17:00:00,6,4.25,13.13,46.95,
2020-10-28 18:00:00,6,3.91,19.2,44.02,
2020-10-28 19:00:00,6,3.91,50.92,24.62,
2020-10-28 20:00:00,6,3.97,59.7,12.68,
2020-10-28 21:00:00,13.74,3.76,32.12,20.99,
2020-10-28 22:00:00,6,3.78,29.8,20.77,
2020-10-28 23:00:00,19.23,3.75,36.06,13.17,
2020-10-29 00:00:00,6,3.67,25.14,15.44,
2020-10-29 01:00:00,6,3.53,20.77,11.54,
2020-10-29 02:00:00,6,3.56,24.69,8.19,
2020-10-29 03:00:00,6,3.68,21.22,3.55,
2020-10-29 04:00:00,6,3.69,26.5,0.98,
2020-10-29 05:00:00,6,3.63,30.31,0.98,
2020-10-29 06:00:00,6,3.54,27.31,3.23,
2020-10-29 07:00:00,6,3.62,13.89,23.15,
2020-10-29 08:00:00,6,3.66,18.22,21.91,
2020-10-29 09:00:00,6,3.93,17.93,24.18,
2020-10-29 10:00:00,6,4.21,15.74,37.72,
2020-10-29 11:00:00,6,3.76,13.88,31.41,
2020-10-29 12:00:00,6,3.68,15.54,36.07,
2020-10-29 13:00:00,6,3.48,15.45,39.32,
2020-10-29 14:00:00,13.77,3.64,13.69,41.73,
2020-10-29 15:00:00,6,3.64,14.62,46.11,
2020-10-29 16:00:00,6,3.52,17.22,45.93,
2020-10-29 17:00:00,6,3.4,21.04,45.41,
2020-10-29 18:00:00,6,3.39,24.36,34.88,
2020-10-29 19:00:00,6,3.32,28.26,29.54,
2020-10-29 20:00:00,6,3.28,26.97,28.07,
2020-10-29 21:00:00,6,3.36,36.02,19.92,
2020-10-29 22:00:00,13.4,3.25,33.78,17.6,
2020-10-29 23:00:00,18.56,3.35,29.13,20.08,
2020-10-30 00:00:00,17.83,3.22,24.27,22.02,
2020-10-30 01:00:00,18.77,3.24,23.11,20.84,
2020-10-30 02:00:00,15.36,3.11,22.76,12.1,
2020-10-30 03:00:00,6,2.99,17.68,9.45,
2020-10-30 04:00:00,6,2.97,20.05,3.28,
2020-10-30 05:00:00,14.74,3.05,20,5.03,
2020-10-30 06:00:00,6,2.95,23.53,5.74,
2020-10-30 07:00:00,6,3.25,31.08,5.72,
2020-10-30 08:00:00,6,3.18,21.7,27.05,
2020-10-30 09:00:00,6,3.25,15.26,34.82,
2020-10-30 10:00:00,6,3.12,12.79,38.19,
2020-10-30 11:00:00,6,3.2,12.52,39.78,
2020-10-30 12:00:00,19.18,2.89,12.52,42,
2020-10-30 13:00:00,12.12,2.93,10.42,40.06,
2020-10-30 14:00:00,6,3.34,9.93,43.27,
2020-10-30 15:00:00,6,3.49,11.44,42.57,
2020-10-30 16:00:00,6,3.76,11.83,41.03,
2020-10-30 17:00:00,6,3.45,12.9,40.93,
2020-10-30 18:00:00,6,3.42,15.22,41.45,
2020-10-30 19:00:00,6,3.53,20.39,37.71,
2020-10-30 20:00:00,6,3.77,29.99,29.18,
2020-10-30 21:00:00,15.61,3.47,23.63,29.45,
2020-10-30 22:00:00,32.09,3.67,28.66,24.25,
2020-10-30 23:00:00,26.17,3.69,31.26,19.29,
2020-10-31 00:00:00,19.84,3.53,29.8,17.27,
2020-10-31 01:00:00,6,3.53,28.91,13.85,
2020-10-31 03:00:00,16.38,3.63,24.35,12.77,
2020-10-31 04:00:00,6,3.69,21.47,10.26,
2020-10-31 06:00:00,6,3.59,24.09,7.27,
2020-10-31 07:00:00,6,3.47,22.89,9.64,
2020-10-31 09:00:00,6,3.48,16.69,35.78,
2020-10-31 10:00:00,6,3.49,13.33,42.35,
2020-10-31 12:00:00,6,3.2,11.95,46.93,
2020-10-31 13:00:00,12.57,3.2,11.86,45.95,
2020-10-31 14:00:00,6,3.38,11.6,46,
2020-10-31 15:00:00,6,3.37,11.61,45.13,
2020-10-31 16:00:00,6,3.47,9.87,44.92,
2020-10-31 17:00:00,6,3.38,10.3,42.96,
2020-10-31 18:00:00,6,3.36,11.02,39.37,
2020-10-31 19:00:00,6,3.43,15.51,35.31,
2020-10-31 20:00:00,6,3.62,20.49,31.11,
2020-10-31 21:00:00,6,3.72,27.6,24.54,
2020-10-31 22:00:00,17.6,3.53,23,23.51,
2020-10-31 23:00:00,16.67,3.53,26.02,18.47,
2020-11-01 00:00:00,13.39,3.59,23.04,19.23,
2020-10-31 11:00:00,6,3.46,12.52,46.2,
2020-10-31 08:00:00,6,3.58,21.54,21.9,
2020-10-31 05:00:00,6,3.54,21.41,7.52,
2020-10-31 02:00:00,13.88,3.6,22.44,17.24,
2020-11-01 01:00:00,25.8,3.5,21.43,18.79,
2020-11-01 03:00:00,6,3.61,16.39,12.69,
2020-11-01 04:00:00,6,3.57,16.39,8.66,
2020-11-01 06:00:00,6,3.4,13.5,9.01,
2020-11-01 07:00:00,6,3.46,12.85,13.09,
2020-11-01 08:00:00,6,3.44,10.53,26.92,
2020-11-01 09:00:00,6,3.6,10.61,31.61,
2020-11-01 10:00:00,6,3.55,10.63,36.06,
2020-11-01 11:00:00,6,3.28,10.26,37.86,
2020-11-01 12:00:00,6,3.52,13.28,38.55,
2020-11-01 13:00:00,6,3.31,14.25,38.23,
2020-11-01 14:00:00,6,3.59,10.64,37.69,
2020-11-01 15:00:00,6,3.67,9.36,39.28,
2020-11-01 16:00:00,6,3.55,8.62,40.01,
2020-11-01 17:00:00,6,3.59,9.13,40.77,
2020-11-01 18:00:00,18.21,3.33,9.35,41.02,
2020-11-01 19:00:00,6,3.37,11.77,39.37,
2020-11-01 20:00:00,6,3.32,17.17,34.42,
2020-11-01 21:00:00,6,5.37,49.27,22.16,
2020-11-01 22:00:00,15.93,4.71,30.67,23.69,
2020-11-01 23:00:00,21.39,3.86,27.01,17.3,
2020-11-02 00:00:00,16.25,3.74,25.12,17.9,
2020-11-01 05:00:00,6,3.38,13.68,10.44,
2020-11-01 02:00:00,15.02,3.65,17.28,18.26,
2020-11-02 02:00:00,23.78,3.76,24.08,5.18,
2020-11-02 03:00:00,14.14,3.64,21.48,4.53,
2020-11-02 05:00:00,6,3.55,16.66,4.01,
2020-11-02 06:00:00,6,3.66,17.91,3.1,
2020-11-02 07:00:00,6,3.64,20.49,6.56,
2020-11-02 09:00:00,6,3.79,12.83,38.3,
2020-11-02 10:00:00,6,3.75,9.98,44.84,
2020-11-02 11:00:00,6,3.62,10.28,45.71,
2020-11-02 12:00:00,6,3.56,12.74,49.2,
2020-11-02 13:00:00,6,3.7,10.39,50.42,
2020-11-02 14:00:00,6,3.68,9.8,53.39,
2020-11-02 15:00:00,6,3.64,10.68,52,
2020-11-02 16:00:00,6,3.67,11.12,51.64,
2020-11-02 17:00:00,6,3.6,10.11,46.18,
2020-11-02 18:00:00,6,3.73,10.47,42.5,
2020-11-02 19:00:00,14.56,3.6,12.39,41.72,
2020-11-02 20:00:00,6,3.76,18.2,36.8,
2020-11-02 21:00:00,6,3.76,24.99,29.49,
2020-11-02 22:00:00,16.28,3.76,22.18,29.64,
2020-11-02 23:00:00,15.09,3.64,26.58,24.11,
2020-11-03 00:00:00,12.59,3.61,27.11,16.73,
2020-11-02 08:00:00,6,3.81,19.58,23.78,
2020-11-02 04:00:00,6,3.48,16.79,6.38,
2020-11-02 01:00:00,25.94,3.6,29.68,9.31,
2020-11-03 01:00:00,23.51,3.47,21.87,17.38,
2020-11-03 02:00:00,12.84,3.79,20.22,15.03,
2020-11-03 03:00:00,6,3.45,20.97,7.82,
2020-11-03 04:00:00,6,3.51,19.56,5.16,
2020-11-03 05:00:00,6,3.7,20.05,3.64,
2020-11-03 06:00:00,6,3.67,22.37,3.24,
2020-11-03 07:00:00,6,3.81,32.22,5.8,
2020-11-03 08:00:00,12.09,3.82,23.52,22.33,
2020-11-03 09:00:00,6,3.8,19.45,35.33,
2020-11-03 10:00:00,18.59,4.35,17.23,39.14,
2020-11-03 11:00:00,6,3.99,14.65,44.54,
2020-11-03 12:00:00,6,3.71,13.56,42.44,
2020-11-03 13:00:00,6,3.73,11.59,37.86,
2020-11-03 14:00:00,6,4.77,10.49,38.51,
2020-11-03 15:00:00,6,3.48,,40.4,
2020-11-03 16:00:00,6,3.39,,39.46,
2020-11-03 17:00:00,,,,42.43,
2020-11-03 18:00:00,,,,39.82,
2020-11-03 19:00:00,6,,,36.32,
2020-11-03 20:00:00,6,,,32.4,
2020-11-03 21:00:00,6,,,27.92,
2020-11-03 22:00:00,6,,,31.63,
2020-11-03 23:00:00,6,,,28.33,
2020-11-04 00:00:00,20.16,,,26.25,
2020-11-04 01:00:00,12.04,,,25.62,
2020-11-04 02:00:00,6,,,23.75,
2020-11-04 03:00:00,6,,,23.27,
2020-11-04 04:00:00,6,,,15.23,
2020-11-04 05:00:00,6,,,7.44,
2020-11-04 06:00:00,6,,,15.8,
2020-11-04 07:00:00,6,,,23.16,
2020-11-04 08:00:00,6,,,34.21,
2020-11-04 09:00:00,6,,,43.64,
2020-11-04 10:00:00,6,,,45.1,
2020-11-04 11:00:00,6,,,44.53,
2020-11-04 12:00:00,6,,,45.29,
2020-11-04 13:00:00,6,,,44.37,
2020-11-04 14:00:00,6,,,42.92,
2020-11-04 15:00:00,6,,,45.28,
2020-11-04 16:00:00,6,41.46,2.35,46.46,
2020-11-04 17:00:00,,49.27,2.78,63.76,
2020-11-04 18:00:00,6,,4.73,43.92,
2020-11-04 19:00:00,6,45.58,13.3,36.92,
2020-11-04 20:00:00,6,45.54,23.65,28.61,
2020-11-04 21:00:00,6,45.5,21.81,25.96,
2020-11-04 22:00:00,6,45.39,19.24,25.7,
2020-11-04 23:00:00,6,45.5,24.28,13.66,
2020-11-05 00:00:00,21.56,45.19,28.06,5.8,
2020-11-05 01:00:00,16.68,44.86,21.98,4.53,
2020-11-05 02:00:00,23.65,45.05,15.27,5.92,
2020-11-05 04:00:00,6,45.1,12.77,0.98,
2020-11-05 05:00:00,12.9,45.29,18.78,0.98,
2020-11-05 06:00:00,15.93,45.4,32.19,0.98,
2020-11-05 07:00:00,6,48.87,30.88,4.28,
2020-11-05 08:00:00,6,47.6,40.68,13.2,
2020-11-05 09:00:00,24.66,46.69,40.84,23.71,
2020-11-05 10:00:00,16.98,45.91,27.24,23.6,
2020-11-05 11:00:00,6,45.67,15.98,27.77,
2020-11-05 12:00:00,6,44.33,11.93,30.1,
2020-11-05 13:00:00,6,45.53,4.26,33.37,
2020-11-05 14:00:00,6,45.37,3.11,32.78,
2020-11-05 15:00:00,6,45.62,4.12,37.96,
2020-11-05 16:00:00,6,45.64,4.96,42.39,
2020-11-05 17:00:00,6,45.36,5.62,45.3,
2020-11-05 18:00:00,6,12.36,12.03,41.89,
2020-11-05 19:00:00,6,4.76,18.34,35.98,
2020-11-05 20:00:00,6,5,30.49,25.32,
2020-11-05 21:00:00,6,4.98,36.49,18.6,
2020-11-05 22:00:00,25.42,4.89,30.9,15.12,
2020-11-05 23:00:00,16.29,4.83,29.42,11.49,
2020-11-06 00:00:00,15.83,4.87,32.61,2.56,
2020-11-05 03:00:00,15.92,45.13,13.95,4.13,
2020-11-06 01:00:00,6,4.9,26,0.98,
2020-11-06 02:00:00,6,4.72,21.56,4.35,
2020-11-06 03:00:00,17.67,4.71,12.88,6.07,
2020-11-06 04:00:00,6,4.8,12.67,0.98,
2020-11-06 05:00:00,6,4.68,10.65,0.98,
2020-11-06 06:00:00,6,4.82,12.11,0.98,
2020-11-06 07:00:00,6,5.06,20.6,0.98,
2020-11-06 08:00:00,15.06,5.3,39.86,7.1,
2020-11-06 09:00:00,13.56,4.98,18.66,31.47,
2020-11-06 10:00:00,6,4.64,6.42,41.54,
2020-11-06 11:00:00,6,4.34,4.64,48.04,
2020-11-06 12:00:00,6,4.68,6.49,50.16,
2020-11-06 13:00:00,6,4.68,3.46,50.37,
2020-11-06 14:00:00,6,4.72,3.53,47.35,
2020-11-06 15:00:00,6,4.74,4.46,45,
2020-11-06 16:00:00,20.49,4.8,2.5,41.38,
2020-11-06 17:00:00,6,4.76,4.28,37.95,
2020-11-06 18:00:00,6,4.91,3.74,36.75,
2020-11-06 19:00:00,6,4.77,7.96,32.71,
2020-11-06 20:00:00,6,4.69,9.76,29.82,
2020-11-06 21:00:00,6,4.53,11.07,29.34,
2020-11-06 22:00:00,6,4.65,11.02,27.22,
2020-11-06 23:00:00,6,4.7,15.02,23.58,
2020-11-07 00:00:00,6,4.54,9.33,25.83,
2020-11-07 02:00:00,15.19,4.47,5.05,23.99,
2020-11-07 03:00:00,6,4.58,5.24,18.61,
2020-11-07 05:00:00,6,4.68,9.01,6.71,
2020-11-07 06:00:00,6,4.56,11.03,6.03,
2020-11-07 08:00:00,6,4.68,8.27,23.39,
2020-11-07 09:00:00,6,4.45,6.3,32.27,
2020-11-07 11:00:00,6,4.73,4.71,42.76,
2020-11-07 12:00:00,6,4.81,8.01,43.75,
2020-11-07 13:00:00,6,4.78,6.42,51.7,
2020-11-07 14:00:00,6,5,4.3,54.03,
2020-11-07 15:00:00,6,5.18,4.14,49.74,
2020-11-07 16:00:00,6,5.26,2.82,47.12,
2020-11-07 17:00:00,15.54,5.14,4.96,43.42,
2020-11-07 18:00:00,22.24,5.07,3.74,45.04,
2020-11-07 19:00:00,14.77,5.04,4.91,37.69,
2020-11-07 20:00:00,17.23,4.99,6.01,33.58,
2020-11-07 21:00:00,6,4.85,6.18,32.8,
2020-11-07 22:00:00,19.27,4.77,3.44,32.97,
2020-11-07 23:00:00,16.13,4.7,4.51,32.41,
2020-11-08 00:00:00,15.03,4.7,4.48,30.21,
2020-11-07 10:00:00,6,4.77,7.22,38.17,
2020-11-07 07:00:00,6,4.83,13.27,12.77,
2020-11-07 04:00:00,6,4.58,4.48,12.87,
2020-11-07 01:00:00,6,4.44,6.7,24.72,
2020-11-08 01:00:00,13.32,4.7,3.94,29.24,
2020-11-08 02:00:00,6,4.58,3.49,27.15,
2020-11-08 03:00:00,6,4.61,2.37,27.09,
2020-11-08 04:00:00,6,4.64,2.13,27.12,
2020-11-08 05:00:00,6,4.53,1.45,28.25,
2020-11-08 06:00:00,6,4.59,1.46,28.96,
2020-11-08 07:00:00,6,4.49,1.14,29.43,
2020-11-08 08:00:00,6,4.63,1.05,31.39,
2020-11-08 09:00:00,6,4.67,2.19,34.07,
2020-11-08 10:00:00,14,4.78,1.94,38.16,
2020-11-08 11:00:00,6,4.84,4.93,43.75,
2020-11-08 12:00:00,6,4.96,4.92,44.13,
2020-11-08 13:00:00,6,4.97,5.99,45.22,
2020-11-08 14:00:00,6,5.06,4.93,43.51,
2020-11-08 15:00:00,6,4.97,1.98,42.72,
2020-11-08 16:00:00,14.22,4.89,1.32,41.19,
2020-11-08 17:00:00,13.61,4.23,1.67,39.66,
2020-11-08 18:00:00,6,4.75,1.55,35.5,
2020-11-08 19:00:00,6,4.82,2.19,34.3,
2020-11-08 20:00:00,6,4.81,3.66,29.97,
2020-11-08 21:00:00,6,4.57,4.12,29.86,
2020-11-08 22:00:00,6,4.7,3.13,29.45,
2020-11-08 23:00:00,6,4.69,2.38,31.01,
2020-11-09 00:00:00,6,4.57,1.69,31.49,
2020-11-09 01:00:00,6,4.54,0.47,33.25,
2020-11-09 02:00:00,6,4.45,0.47,31.82,
2020-11-09 04:00:00,6,4.6,0.47,30.1,
2020-11-09 05:00:00,6,4.46,0.47,30.72,
2020-11-09 06:00:00,6,4.57,2.01,28.92,
2020-11-09 08:00:00,6,4.55,6.01,26.49,
2020-11-09 09:00:00,6,4.48,3.86,29.48,
2020-11-09 10:00:00,6,4.63,4.88,30.84,
2020-11-09 11:00:00,6,4.57,6.08,30.46,
2020-11-09 12:00:00,6,4.61,8.34,29.83,
2020-11-09 13:00:00,6,4.46,7.04,31.09,
2020-11-09 14:00:00,6,4.66,7.83,28.42,
2020-11-09 15:00:00,13.43,4.7,10.1,24.78,
2020-11-09 16:00:00,13.85,4.62,9.51,25.59,
2020-11-09 17:00:00,12.49,4.55,8.77,25.31,
2020-11-09 18:00:00,6,4.67,11.25,25.12,
2020-11-09 19:00:00,6,4.6,16.94,20.24,
2020-11-09 20:00:00,6,4.63,19.41,17.64,
2020-11-09 21:00:00,6,4.48,17.87,17.79,
2020-11-09 22:00:00,6,4.53,14.69,16.16,
2020-11-09 23:00:00,6,4.43,14.95,12.18,
2020-11-10 00:00:00,6,4.47,18.42,7.9,
2020-11-09 07:00:00,6,4.49,4.37,27.82,
2020-11-09 03:00:00,6,4.58,0.47,29.19,
2020-11-10 01:00:00,6,4.44,15.56,6.57,
2020-11-10 02:00:00,6,4.46,14.89,2.92,
2020-11-10 03:00:00,6,4.51,13.43,0.98,
2020-11-10 04:00:00,6,4.46,11.79,2.29,
2020-11-10 05:00:00,6,4.5,11.81,0.98,
2020-11-10 06:00:00,6,4.51,11.09,0.98,
2020-11-10 07:00:00,6,4.82,13.92,0.98,
2020-11-10 08:00:00,6,4.58,25.5,5.1,
2020-11-10 09:00:00,6,5.21,40.6,12.83,
2020-11-10 10:00:00,6,13.1,27.58,30.75,
2020-11-10 11:00:00,18.89,24.71,25.35,49.64,
2020-11-10 12:00:00,17.1,13.89,10.96,72.24,
2020-11-10 13:00:00,15.18,8.89,6.43,72.11,
2020-11-10 14:00:00,6,7.36,5.33,73.21,
2020-11-10 15:00:00,6,6.46,5.45,69.05,
2020-11-10 16:00:00,6,5.99,6.27,73.68,
2020-11-10 17:00:00,6,5.61,6.22,71.78,
2020-11-10 18:00:00,21.62,5.34,14.9,66.98,
2020-11-10 19:00:00,15.56,5.16,37.44,53.68,
2020-11-10 20:00:00,22.8,5.02,16.94,42.39,
2020-11-10 21:00:00,36.88,4.93,20.24,31.69,
2020-11-10 22:00:00,19.33,4.89,19.67,26.22,
2020-11-10 23:00:00,18.04,4.87,19.43,22.26,
2020-11-11 00:00:00,6,4.82,16.61,16.92,
2020-11-11 01:00:00,6,4.81,16.58,12.58,
2020-11-11 02:00:00,16.36,4.74,11.79,15.07,
2020-11-11 03:00:00,6,4.75,7.28,16.01,
2020-11-11 04:00:00,6,4.77,9.07,13.24,
2020-11-11 05:00:00,6,4.67,5.14,17.87,
2020-11-11 06:00:00,6,4.74,6.83,17.26,
2020-11-11 07:00:00,16.45,4.63,11.26,13.83,
2020-11-11 08:00:00,6,4.62,15.91,15.38,
2020-11-11 09:00:00,6,4.75,19.09,18.41,
2020-11-11 10:00:00,6,4.65,16.37,23.03,
2020-11-11 11:00:00,6,4.78,16.54,26.28,
2020-11-11 12:00:00,6,4.81,25.31,37.4,
2020-11-11 13:00:00,6,4.84,18.3,50.7,
2020-11-11 14:00:00,15.23,4.98,8.95,66.06,
2020-11-11 15:00:00,18.22,5.05,8.31,64.3,
2020-11-11 16:00:00,6,5.06,8.47,63.15,
2020-11-11 17:00:00,6,5.04,13.18,65.66,
2020-11-11 18:00:00,15.09,4.99,14.74,47.28,
2020-11-11 19:00:00,6,4.99,12.07,36.04,
2020-11-11 20:00:00,6,4.94,18.66,29.51,
2020-11-11 21:00:00,15.81,4.82,24.66,23.31,
2020-11-11 22:00:00,14.66,4.76,17.4,25.76,
2020-11-11 23:00:00,18.13,4.72,15.15,23.65,
2020-11-12 00:00:00,25.21,4.91,16.81,18.58,
2020-11-12 01:00:00,13.94,4.6,,22.49,
2020-11-12 02:00:00,6,4.53,,22.95,
2020-11-12 03:00:00,6,4.59,,18.24,
2020-11-12 04:00:00,6,4.65,,13.75,
2020-11-12 05:00:00,6,4.52,,15.64,
2020-11-12 06:00:00,6,4.58,,14.02,
2020-11-12 07:00:00,6,4.61,,9.16,
2020-11-12 08:00:00,6,4.56,,16.35,
2020-11-12 09:00:00,6,4.5,,17.64,
2020-11-12 10:00:00,6,4.53,,28.69,
2020-11-12 11:00:00,6,4.45,,29.89,
2020-11-12 12:00:00,6,4.67,,37.51,
2020-11-12 13:00:00,19.43,4.5,,48.52,
2020-11-12 14:00:00,12.14,4.67,,54.22,
2020-11-12 15:00:00,6,,,55.38,
2020-11-12 16:00:00,6,,,57.81,
2020-11-12 17:00:00,6,5.91,,56.31,
2020-11-12 18:00:00,6,4.71,,44.34,
2020-11-12 19:00:00,6,4.44,,39.54,
2020-11-12 20:00:00,6,4.33,,35.37,
2020-11-12 21:00:00,13.45,4.38,,35,
2020-11-12 22:00:00,19.69,4.47,,28.57,
2020-11-12 23:00:00,21.21,4.42,,30.11,
2020-11-13 00:00:00,12.5,4.36,,33.78,
2020-11-13 01:00:00,12.84,4.38,,32.63,
2020-11-13 02:00:00,14.62,4.38,,29.24,
2020-11-13 04:00:00,13.43,4.36,,28.88,
2020-11-13 05:00:00,21,4.43,,28.67,
2020-11-13 07:00:00,6,4.52,,22.97,
2020-11-13 08:00:00,6,4.48,,29.2,
2020-11-13 09:00:00,6,5.16,,38.72,
2020-11-13 10:00:00,6,4.52,,45.35,
2020-11-13 11:00:00,6,4.6,,55,
2020-11-13 12:00:00,6,4.43,,65.75,
2020-11-13 13:00:00,6,4.51,,74.36,
2020-11-13 14:00:00,6,5.17,,80.57,
2020-11-13 15:00:00,15.24,4.11,,56.25,
2020-11-13 16:00:00,6,5.17,,51.14,
2020-11-13 17:00:00,6,4.51,,51.09,
2020-11-13 18:00:00,17.3,4.9,,45.19,
2020-11-13 19:00:00,6,5.01,,38.6,
2020-11-13 20:00:00,6,4.81,,30.62,
2020-11-13 21:00:00,12.67,4.4,,27.57,
2020-11-13 22:00:00,6,5.02,,25.98,
2020-11-13 23:00:00,19.57,4.94,,21.42,
2020-11-14 00:00:00,6,4.9,,19.66,
2020-11-13 06:00:00,12.61,4.47,,28.12,
2020-11-13 03:00:00,12.44,4.42,,33.83,
2020-11-14 01:00:00,15.42,4.85,,18.14,
2020-11-14 02:00:00,6,5.01,,12.06,
2020-11-14 03:00:00,6,5.1,,7.72,
2020-11-14 04:00:00,6,5.06,,9.73,
2020-11-14 05:00:00,6,5.09,,17.19,
2020-11-14 06:00:00,6,5.28,,19.08,
2020-11-14 07:00:00,6,5.34,,16.25,
2020-11-14 08:00:00,6,5.39,,17.34,
2020-11-14 09:00:00,6,5.34,,27.28,
2020-11-14 10:00:00,6,5.42,,39.19,
2020-11-14 11:00:00,6,5.16,,49.56,
2020-11-14 12:00:00,12.02,5.06,,59.7,
2020-11-14 13:00:00,6,5.05,,68.63,
2020-11-14 14:00:00,6,4.97,,68.65,
2020-11-14 15:00:00,6,4.97,,69.08,
2020-11-14 16:00:00,6,5.14,,60.52,
2020-11-14 17:00:00,6,5.06,,56.94,
2020-11-14 18:00:00,18.23,5.06,,45.73,
2020-11-14 19:00:00,43.12,5.07,,34.87,
2020-11-14 20:00:00,24.22,5.32,,24.33,
2020-11-14 21:00:00,24.73,5.38,,21.66,
2020-11-14 22:00:00,21.56,5.14,,18.5,
2020-11-14 23:00:00,18.07,5.14,,17.27,
2020-11-15 00:00:00,27.92,5.54,,13.92,
2020-11-15 01:00:00,27.19,5.15,,9.31,
2020-11-15 02:00:00,15.6,5.15,,8.4,
2020-11-15 03:00:00,6,5.3,,7.23,
2020-11-15 04:00:00,6,5.03,,3.72,
2020-11-15 05:00:00,6,5.21,,5.86,
2020-11-15 06:00:00,13.77,5.12,,9.76,
2020-11-15 07:00:00,6,5.06,,9.72,
2020-11-15 08:00:00,6,5.11,,12.32,
2020-11-15 09:00:00,6,5.14,,17.2,
2020-11-15 10:00:00,14.62,4.97,,29.96,
2020-11-15 11:00:00,6,4.92,,40.87,
2020-11-15 12:00:00,6,5.15,,54.8,
2020-11-15 13:00:00,16.89,5.3,,60.15,
2020-11-15 14:00:00,20.73,5.09,,59.65,
2020-11-15 15:00:00,28.14,5.05,,55.94,
2020-11-15 16:00:00,16.27,5.07,,49.29,
2020-11-15 17:00:00,23.84,5.02,,57.15,
2020-11-15 18:00:00,14.28,5.04,,60.87,
2020-11-15 19:00:00,6,4.96,,36.48,
2020-11-15 20:00:00,25.61,4.97,,33.75,
2020-11-15 21:00:00,15.71,5.05,,35.9,
2020-11-15 22:00:00,18.14,5.08,,33.59,
2020-11-15 23:00:00,6,5.06,,28.45,
2020-11-16 00:00:00,6,5.05,,23.09,
2020-11-16 02:00:00,6,5,,11.22,
2020-11-16 03:00:00,6,5.04,,11.12,
2020-11-16 04:00:00,14.92,5.18,,9.15,
2020-11-16 06:00:00,6,5.24,,13.67,
2020-11-16 07:00:00,6,5.43,,8.25,
2020-11-16 09:00:00,6,5.21,,11.27,
2020-11-16 10:00:00,13.04,5.25,,17.88,
2020-11-16 11:00:00,6,5.25,,20.64,
2020-11-16 12:00:00,6,4.38,,29.77,
2020-11-16 13:00:00,6,5.25,,29.12,
2020-11-16 14:00:00,6,5.6,,30.34,
2020-11-16 15:00:00,6,5.52,,22.13,
2020-11-16 16:00:00,6,4.74,,21.28,
2020-11-16 17:00:00,6,5.27,,18.83,
2020-11-16 18:00:00,6,5.21,,17.71,
2020-11-16 19:00:00,6,5.07,,18.17,
2020-11-16 20:00:00,15.59,5.09,,20.14,
2020-11-16 21:00:00,16.52,5.08,,19.64,
2020-11-16 22:00:00,6,5.07,,13.33,
2020-11-16 23:00:00,6,5.13,,7.96,
2020-11-17 00:00:00,6,5.39,,2.41,
2020-11-16 08:00:00,6,5.21,,9.89,
2020-11-16 05:00:00,6,5.29,,14.86,
2020-11-16 01:00:00,6,5.12,,15.49,
2020-11-17 01:00:00,6,5.11,18.02,0.98,
2020-11-17 03:00:00,6,5.3,13.95,0.98,
2020-11-17 04:00:00,6,5.38,15.02,0.98,
2020-11-17 06:00:00,6,5.38,22.8,0.98,
2020-11-17 07:00:00,18.76,5.18,26.72,4.74,
2020-11-17 09:00:00,6,5.1,5.06,26.93,
2020-11-17 10:00:00,6,5.1,6.05,35.09,
2020-11-17 12:00:00,6,4.97,4.02,49.91,
2020-11-17 13:00:00,6,4.9,5.33,48.81,
2020-11-17 14:00:00,6,5.08,4.29,47.75,
2020-11-17 15:00:00,6,5.15,2.84,45.96,
2020-11-17 16:00:00,6,5.1,1.59,46.22,
2020-11-17 17:00:00,6,5.06,4.73,43.94,
2020-11-17 18:00:00,6,5.08,6.74,39.87,
2020-11-17 19:00:00,6,5.14,9.98,34.13,
2020-11-17 20:00:00,6,5.07,14.53,28.32,
2020-11-17 21:00:00,15.84,5.2,20.67,20.55,
2020-11-17 22:00:00,6,5.16,24.49,13.03,
2020-11-17 23:00:00,26.94,5.08,22.93,11.3,
2020-11-18 00:00:00,26.46,5.08,17.32,11.89,
2020-11-17 11:00:00,6,5.14,0.47,45.44,
2020-11-17 08:00:00,6,5.07,15.37,12.84,
2020-11-17 05:00:00,14.91,5.17,19.2,0.98,
2020-11-17 02:00:00,6,5.19,17.44,0.98,
2020-11-18 01:00:00,14.76,5.12,13.13,8.72,
2020-11-18 02:00:00,17.03,5.11,12.31,5.71,
2020-11-18 03:00:00,6,5.08,8.11,5.16,
2020-11-18 04:00:00,6,5.14,9.16,4.77,
2020-11-18 05:00:00,6,5.12,10.72,0.98,
2020-11-18 06:00:00,6,5.22,9.38,0.98,
2020-11-18 07:00:00,14.53,5.26,13.19,0.98,
2020-11-18 08:00:00,16.7,5.13,14.19,16.76,
2020-11-18 09:00:00,6,5.29,17.72,20.35,
2020-11-18 10:00:00,6,5.09,3.27,31.5,
2020-11-18 11:00:00,6,5.12,3.45,38.1,
2020-11-18 12:00:00,6,5.24,5.67,46.58,
2020-11-18 13:00:00,6,5.16,5.93,48.9,
2020-11-18 14:00:00,6,5.11,3.42,44.14,
2020-11-18 15:00:00,6,5.74,7.05,43.64,
2020-11-18 16:00:00,6,5.13,2.61,43.57,
2020-11-18 17:00:00,6,5.11,1.27,39.72,
2020-11-18 18:00:00,6,5.03,4.43,33.15,
2020-11-18 19:00:00,6,5.09,9.46,28.73,
2020-11-18 20:00:00,6,5.07,9.91,26.58,
2020-11-18 21:00:00,14.68,5.08,13.03,22.99,
2020-11-18 22:00:00,6,5.06,12.76,20.71,
2020-11-18 23:00:00,14.33,5.11,9.06,22.5,
2020-11-19 00:00:00,6,4.99,12.72,16.13,
2020-11-19 01:00:00,6,4.9,10.42,10.93,
2020-11-19 02:00:00,6,5.1,9.01,8.78,
2020-11-19 03:00:00,6,5.1,9.9,5.18,
2020-11-19 04:00:00,6,5.11,11.09,2.04,
2020-11-19 05:00:00,6,5.1,13.04,0.98,
2020-11-19 06:00:00,16.24,5.14,11.78,0.98,
2020-11-19 07:00:00,6,5.26,15.54,3.96,
2020-11-19 08:00:00,6,5.09,14.12,19.23,
2020-11-19 09:00:00,6,5.87,7.36,27.46,
2020-11-19 10:00:00,6,5.28,3.66,32.87,
2020-11-19 11:00:00,6,5.76,3.39,35.99,
2020-11-19 12:00:00,15.65,4.96,3.08,39.17,
2020-11-19 13:00:00,6,4.89,2.02,41.17,
2020-11-19 14:00:00,6,5.07,0.47,41.1,
2020-11-19 15:00:00,6,5.09,2.08,39.93,
2020-11-19 16:00:00,6,5.07,0.47,40.07,
2020-11-19 17:00:00,6,5.11,1.17,38.22,
2020-11-19 18:00:00,6,5,2.3,36.93,
2020-11-19 19:00:00,6,5.04,5.48,32.24,
2020-11-19 20:00:00,6,5.06,9.24,28.91,
2020-11-19 21:00:00,23.54,5.11,16.69,21.37,
2020-11-19 22:00:00,15.62,5.1,20.64,17.28,
2020-11-19 23:00:00,14.09,5.16,24.77,9.98,
2020-11-20 00:00:00,16.12,4.96,17.59,9.18,
2020-11-20 02:00:00,17.45,5.1,15.67,4.34,
2020-11-20 03:00:00,6,5.07,13.9,2.9,
2020-11-20 05:00:00,6,4.89,9.13,0.98,
2020-11-20 06:00:00,6,5.24,9.18,0.98,
2020-11-20 08:00:00,6,7.32,29.1,10.64,
2020-11-20 09:00:00,6,12.33,28.29,29.94,
2020-11-20 11:00:00,6,7.5,6.71,41.03,
2020-11-20 12:00:00,6,6.16,5.45,40.09,
2020-11-20 13:00:00,6,5.72,4.29,38.58,
2020-11-20 14:00:00,6,5.61,2.11,37.9,
2020-11-20 15:00:00,6,5.49,3.38,33.38,
2020-11-20 16:00:00,6,5.41,5.79,26.47,
2020-11-20 17:00:00,6,5.3,6.6,22.53,
2020-11-20 18:00:00,15.05,5.36,1.99,29.77,
2020-11-20 19:00:00,6,5.33,4.75,27.82,
2020-11-20 20:00:00,6,5.32,10.38,22.75,
2020-11-20 21:00:00,6,5.19,13.12,19.71,
2020-11-20 22:00:00,6,5.15,18.22,15.13,
2020-11-20 23:00:00,6,5.24,19.4,12.52,
2020-11-21 00:00:00,6,5.05,18.25,12.67,
2020-11-20 10:00:00,6,9.59,7.87,34.83,
2020-11-20 07:00:00,6,5.23,19.1,3.09,
2020-11-20 04:00:00,6,5.17,7.86,3.28,
2020-11-20 01:00:00,20.45,4.88,15.34,5.45,
2020-11-21 01:00:00,13.35,4.6,21.04,6.31,
2020-11-21 02:00:00,6,5.12,16.14,6.74,
2020-11-21 03:00:00,6,5.18,10.77,9.74,
2020-11-21 04:00:00,6,5.08,9.64,10.41,
2020-11-21 05:00:00,6,5.16,12.03,5.22,
2020-11-21 06:00:00,6,5.2,10.19,5.79,
2020-11-21 07:00:00,6,5.14,7.62,15.46,
2020-11-21 08:00:00,6,5.16,8.55,25.42,
2020-11-21 09:00:00,14.26,5.16,3.67,33.5,
2020-11-21 10:00:00,15.11,5.22,1.63,36.79,
2020-11-21 11:00:00,6,5.13,2.22,38.64,
2020-11-21 12:00:00,6,5.26,1.62,38.47,
2020-11-21 13:00:00,6,5.07,1.92,38.83,
2020-11-21 14:00:00,6,5.11,1.32,38.57,
2020-11-21 15:00:00,6,5.2,1.58,40.96,
2020-11-21 16:00:00,6,5.19,0.47,40.79,
2020-11-21 17:00:00,6,5.13,0.47,39.82,
2020-11-21 18:00:00,6,5.12,1.22,38.84,
2020-11-21 19:00:00,6,5.11,3.04,34.35,
2020-11-21 20:00:00,6,5.07,4.05,31.6,
2020-11-21 21:00:00,18.61,5.07,6.5,28.03,
2020-11-21 22:00:00,13.28,5.09,6.96,26.8,
2020-11-21 23:00:00,12.87,5.1,9.56,22.71,
2020-11-22 00:00:00,22.08,5.13,15.49,16.26,
2020-11-22 01:00:00,13.86,5.11,13.16,13.12,
2020-11-22 02:00:00,18.69,5.05,7.92,15.08,
2020-11-22 03:00:00,6,5.06,8.24,13.35,
2020-11-22 04:00:00,6,5.11,11.1,7.82,
2020-11-22 05:00:00,6,5.03,8.22,10.14,
2020-11-22 06:00:00,6,5.11,5,9.98,
2020-11-22 07:00:00,6,5.14,3.36,18.75,
2020-11-22 08:00:00,6,5.14,1.25,28.15,
2020-11-22 09:00:00,6,5.11,0.47,34.39,
2020-11-22 10:00:00,6,5.08,0.47,36.93,
2020-11-22 11:00:00,6,5.06,1.07,39.88,
2020-11-22 12:00:00,6,5.25,2.62,41.93,
2020-11-22 13:00:00,6,5.33,2.99,40.94,
2020-11-22 14:00:00,6,5.27,0.47,41.72,
2020-11-22 15:00:00,6,5.28,0.47,44.8,
2020-11-22 16:00:00,6,5.24,0.47,44.46,
2020-11-22 17:00:00,6,5.28,0.47,43.31,
2020-11-22 18:00:00,6,5.3,0.47,39.05,
2020-11-22 19:00:00,6,5.25,1.53,36.11,
2020-11-22 20:00:00,14.27,5.36,4,32.48,
2020-11-22 21:00:00,12.76,5.3,4.69,28.74,
2020-11-22 22:00:00,17.83,5.32,4.85,27.62,
2020-11-22 23:00:00,19.91,5.31,5.4,25.25,
2020-11-23 00:00:00,14.1,5.37,8.2,20.65,
2020-11-23 01:00:00,16.55,5.36,7.88,16.79,
2020-11-23 02:00:00,6,5.12,4.45,17.5,
2020-11-23 03:00:00,12.14,5.23,5.91,11.94,
2020-11-23 04:00:00,6,5.32,6.64,10.5,
2020-11-23 05:00:00,6,5.22,7.94,6.54,
2020-11-23 06:00:00,6,5.23,11.74,4.59,
2020-11-23 07:00:00,20.85,5.13,17.91,8.6,
2020-11-23 08:00:00,17.82,5.22,14.98,17.42,
2020-11-23 09:00:00,6,5.15,7.18,27.36,
2020-11-23 10:00:00,6,5.18,2.85,35.17,
2020-11-23 11:00:00,6,6.16,3.09,43.03,
2020-11-23 12:00:00,6,6.24,2.43,50.88,
2020-11-23 13:00:00,6,6.53,3.39,56.47,
2020-11-23 14:00:00,6,7,4.36,60.42,
2020-11-23 15:00:00,6,5.56,3.27,56.47,
2020-11-23 16:00:00,6,5.68,2.19,49.95,
2020-11-23 17:00:00,13.75,5.4,2.49,47.39,
2020-11-23 18:00:00,6,5.34,4,39.82,
2020-11-23 19:00:00,24.52,5.33,,30.36,
2020-11-23 20:00:00,17.88,5.36,,22.26,
2020-11-23 21:00:00,21.13,5.35,,19.76,
2020-11-23 22:00:00,22.92,5.3,,18.97,
2020-11-23 23:00:00,14.08,5.34,,16.71,
2020-11-24 00:00:00,17.47,5.34,,15.13,
2020-11-24 01:00:00,12.1,5.33,,14.66,
2020-11-24 02:00:00,14.91,5.36,,14.31,
2020-11-24 03:00:00,6,5.32,,10.38,
2020-11-24 04:00:00,14.8,5.32,,9.04,
2020-11-24 05:00:00,6,5.36,,9.29,
2020-11-24 06:00:00,13.24,5.33,,6.76,
2020-11-24 07:00:00,16.09,5.41,,5.4,
2020-11-24 08:00:00,20.79,5.35,,12.73,
2020-11-24 09:00:00,16.56,6,,30.06,
2020-11-24 10:00:00,6,5.9,,46.84,
2020-11-24 11:00:00,6,6.51,,65.3,
2020-11-24 12:00:00,6,6.29,,73.66,
2020-11-24 13:00:00,6,7.16,,85.91,
2020-11-24 14:00:00,6,6.54,,90.56,
2020-11-24 15:00:00,17.73,5.88,,90.16,
2020-11-24 16:00:00,16.43,5.56,,83.21,
2020-11-24 17:00:00,23.59,5.57,,67.9,
2020-11-24 18:00:00,20.52,5.45,,56.8,
2020-11-24 19:00:00,13.19,5.45,,38.63,
2020-11-24 20:00:00,38.42,5.45,,26.1,
2020-11-24 21:00:00,36,5.43,,19.9,
2020-11-24 22:00:00,30.68,5.4,,18.24,
2020-11-24 23:00:00,19.67,5.28,,16.75,
2020-11-25 00:00:00,26.31,5.19,,16.03,
2020-11-25 01:00:00,32.28,5.03,,8.98,
2020-11-25 02:00:00,24.12,5.05,,6.22,
2020-11-25 03:00:00,16.24,5.2,,0.98,
2020-11-25 04:00:00,26.67,5,,0.98,
2020-11-25 05:00:00,15.33,5.37,,2.43,
2020-11-25 06:00:00,6,5.33,,0.98,
2020-11-25 07:00:00,6,5.5,,2.7,
2020-11-25 08:00:00,12,7.1,,23.19,
2020-11-25 09:00:00,6,8.42,,42.52,
2020-11-25 10:00:00,13.93,7.59,,57.96,
2020-11-25 11:00:00,6,7.37,,69.86,
2020-11-25 12:00:00,24.58,15.18,,81.02,
2020-11-25 13:00:00,15.54,48.35,,84.37,
2020-11-25 14:00:00,6,37.21,,77.28,
2020-11-25 15:00:00,25.95,20.83,,80.69,
2020-11-25 16:00:00,14.25,10.84,,81.31,
2020-11-25 17:00:00,6,7.56,,88.13,
2020-11-25 18:00:00,19.12,6.09,,78.88,
2020-11-25 19:00:00,18.75,5.41,,67.86,
2020-11-25 20:00:00,62.39,5.07,,57.77,
2020-11-25 21:00:00,56.84,5.35,,60.01,
2020-11-25 22:00:00,67.83,5.6,,57.58,
2020-11-25 23:00:00,98.52,5.76,,27.61,
2020-11-26 00:00:00,70.18,5.55,,23.14,
2020-11-26 01:00:00,38.19,5.38,,29.31,
2020-11-26 02:00:00,22.23,5.52,,27.2,
2020-11-26 04:00:00,6,5.38,,26.03,
2020-11-26 05:00:00,6,5.51,,31.68,
2020-11-26 06:00:00,6,5.55,,27.53,
2020-11-26 08:00:00,6,5.71,,25.05,
2020-11-26 09:00:00,19.71,5.42,,26.73,
2020-11-26 11:00:00,14.63,5.66,,46.48,
2020-11-26 12:00:00,6,5.51,,54.06,
2020-11-26 13:00:00,6,5.41,,61.76,
2020-11-26 14:00:00,6,5.6,,61.5,
2020-11-26 15:00:00,6,5.61,,62.77,
2020-11-26 16:00:00,6,5.53,,60.25,
2020-11-26 17:00:00,6,5,,46.49,
2020-11-26 18:00:00,6,4.79,,44.05,
2020-11-26 19:00:00,6,4.77,,28.91,
2020-11-26 20:00:00,6,5,,16.77,
2020-11-26 21:00:00,6,4.62,,18.26,
2020-11-26 22:00:00,6,4.61,,19.52,
2020-11-26 23:00:00,6,4.61,,15.09,
2020-11-27 00:00:00,6,4.52,,16.65,
2020-11-26 10:00:00,29.29,5.66,,39.72,
2020-11-26 07:00:00,6,5.69,,12.53,
2020-11-26 03:00:00,6,5.49,,29.56,
2020-11-27 01:00:00,16.19,4.49,,26.91,
2020-11-27 02:00:00,6,4.63,,34.67,
2020-11-27 03:00:00,6,4.72,,42.25,
2020-11-27 04:00:00,17.25,4.68,,37.63,
2020-11-27 05:00:00,27.87,4.91,,33.28,
2020-11-27 06:00:00,19.1,4.67,,26.66,
2020-11-27 07:00:00,6,4.85,,29.04,
2020-11-27 08:00:00,19.04,5.03,,47.01,
2020-11-27 09:00:00,13,4.94,,46.79,
2020-11-27 10:00:00,6,4.86,,53.22,
2020-11-27 11:00:00,6,4.85,,59.81,
2020-11-27 12:00:00,6,4.9,,62.74,
2020-11-27 13:00:00,6,4.79,,59.95,
2020-11-27 14:00:00,6,4.94,,63.49,
2020-11-27 15:00:00,6,5.09,,62.91,
2020-11-27 16:00:00,6,4.85,,61.73,
2020-11-27 17:00:00,6,4.85,,59.32,
2020-11-27 18:00:00,6,4.74,,56.41,
2020-11-27 19:00:00,6,4.7,,57.92,
2020-11-27 20:00:00,6,4.96,,55.33,
2020-11-27 21:00:00,6,4.78,,53.75,
2020-11-27 22:00:00,,4.77,,54.9,
2020-11-27 23:00:00,,4.79,,52.14,
2020-11-28 00:00:00,19.62,4.61,,47.16,
2020-11-28 01:00:00,6,4.56,,44.41,
2020-11-28 02:00:00,6,4.61,,44.42,
2020-11-28 03:00:00,6,4.67,,39.76,
2020-11-28 04:00:00,6,4.6,,35.54,
2020-11-28 05:00:00,6,4.65,,28.5,
2020-11-28 06:00:00,6,4.66,,26.68,
2020-11-28 07:00:00,6,4.66,,30.45,
2020-11-28 08:00:00,6,4.72,,36.58,
2020-11-28 09:00:00,6,4.72,,40.01,
2020-11-28 10:00:00,6,4.59,,46.52,
2020-11-28 11:00:00,6,4.69,,46.49,
2020-11-28 12:00:00,6,4.47,,51.49,
2020-11-28 13:00:00,6,4.38,,63.1,
2020-11-28 14:00:00,6,5.06,,73.2,
2020-11-28 15:00:00,6,5.28,,75.22,
2020-11-28 16:00:00,6,5.01,,59.53,
2020-11-28 17:00:00,6,5.55,,59.83,
2020-11-28 18:00:00,6,5.55,,63.08,
2020-11-28 19:00:00,6,5.53,,55.83,
2020-11-28 20:00:00,21.57,5.77,,47.66,
2020-11-28 21:00:00,13.93,4.62,,33.87,
2020-11-28 22:00:00,6,5.48,,22.26,
2020-11-28 23:00:00,6,5.23,,6.76,
2020-11-29 00:00:00,19.45,5.01,,5.76,
2020-11-29 01:00:00,25.76,4.97,38.04,8.29,
2020-11-29 02:00:00,16.51,4.79,38.35,7.69,
2020-11-29 03:00:00,22.05,4.71,,40.21,
2020-11-29 04:00:00,40.65,4.64,6.07,46.2,
2020-11-29 05:00:00,22.99,4.72,0.47,59.42,
2020-11-29 06:00:00,12.58,4.7,4.65,52.46,
2020-11-29 07:00:00,6,4.68,3.92,50.97,
2020-11-29 08:00:00,6,4.67,9.81,43.49,
2020-11-29 09:00:00,6,5.09,19.55,37.46,
2020-11-29 10:00:00,6,19.11,8.96,42.24,
2020-11-29 11:00:00,6,25.26,6.34,50.83,
2020-11-29 12:00:00,6,23.08,14.33,51.47,
2020-11-29 13:00:00,6,24.81,23.05,49.38,
2020-11-29 14:00:00,6,20.08,24.25,52.87,
2020-11-29 15:00:00,6,25.34,11.66,58.08,
2020-11-29 16:00:00,6,64.26,13.76,56.66,
2020-11-29 17:00:00,6,57.66,7.11,62.12,
2020-11-29 18:00:00,6,44.24,11.49,56.39,
2020-11-29 19:00:00,19.82,37.16,15.44,48.49,
2020-11-29 20:00:00,6,26.8,27.17,42.28,
2020-11-29 21:00:00,13.94,16.42,26.17,38.27,
2020-11-29 22:00:00,6,12.45,24.43,40.88,
2020-11-29 23:00:00,6,10.27,30.05,33.2,
2020-11-30 00:00:00,6,9.56,30.81,30.19,
2020-11-30 01:00:00,6,9.04,,19.24,
2020-11-30 02:00:00,6,6.37,,13.22,
2020-11-30 03:00:00,6,7.1,,8.58,
2020-11-30 04:00:00,6,6.71,,11.83,
2020-11-30 05:00:00,6,6.48,,11.89,
2020-11-30 06:00:00,16.68,6.1,,11.65,
2020-11-30 07:00:00,12.2,6.06,,14.77,
2020-11-30 08:00:00,6,7.22,,15.17,
2020-11-30 09:00:00,6,8.66,,25.07,
2020-11-30 10:00:00,6,7.34,,36.8,
2020-11-30 11:00:00,30.64,6.55,,40.54,
2020-11-30 12:00:00,16.21,6.3,,51.86,
2020-11-30 13:00:00,22.67,6.14,,49.87,
2020-11-30 14:00:00,14.02,6.7,,47.11,
2020-11-30 15:00:00,6,6.01,,46.49,
2020-11-30 16:00:00,6,5.73,,46.74,
2020-11-30 17:00:00,6,5.43,,46.09,
2020-11-30 18:00:00,6,5.15,,40.84,
2020-11-30 19:00:00,6,5.07,,37.49,
2020-11-30 20:00:00,6,5.1,,36.72,
2020-11-30 21:00:00,6,5.06,,33.79,
2020-11-30 22:00:00,25.63,5.02,,30.49,
2020-11-30 23:00:00,17.42,5.02,,27.83,
2020-12-01 00:00:00,14.54,4.95,,25.89,
2020-12-01 01:00:00,29.71,5.03,2.45,24.73,
2020-12-01 02:00:00,16.22,5,1.23,26.35,
2020-12-01 03:00:00,6,4.97,0.47,27.66,
2020-12-01 04:00:00,6,5,0.47,29.08,
2020-12-01 05:00:00,6,5,1.35,25.5,
2020-12-01 06:00:00,12.94,4.99,11.57,13.72,
2020-12-01 07:00:00,6,5.06,11.55,16.99,
2020-12-01 08:00:00,6,5.04,6.86,26.71,
2020-12-01 09:00:00,6,4.92,4.53,32.37,
2020-12-01 10:00:00,21.39,5.06,2.56,36.95,
2020-12-01 11:00:00,22.4,4.91,5.59,38.87,
2020-12-01 12:00:00,16.79,5,8.11,38.98,
2020-12-01 13:00:00,48.4,5.12,2.66,41.44,
2020-12-01 14:00:00,37.33,5.27,1.8,40.82,
2020-12-01 15:00:00,21.64,5.11,2.24,39.08,
2020-12-01 16:00:00,22.65,5.1,0.47,38.86,
2020-12-01 17:00:00,16.89,5.16,1.15,36.94,
2020-12-01 18:00:00,6,5.13,2.74,33.71,
2020-12-01 19:00:00,6,5.05,5.75,29.2,
2020-12-01 20:00:00,13.79,5.02,6.41,25.97,
2020-12-01 21:00:00,13.94,4.98,7.5,24.05,
2020-12-01 22:00:00,20.49,4.91,,22.77,
2020-12-01 23:00:00,15.81,4.94,,20.02,
2020-12-02 00:00:00,6,4.62,,17.81,
2020-12-02 01:00:00,21.78,4.53,,18.66,
2020-12-02 02:00:00,14.78,4.89,,18.57,
2020-12-02 03:00:00,17.83,4.66,,18.28,
2020-12-02 04:00:00,12.87,4.86,,15.7,
2020-12-02 05:00:00,13.13,4.75,,12.74,
2020-12-02 06:00:00,6,4.81,,8.21,
2020-12-02 07:00:00,6,5.09,,8.5,
2020-12-02 08:00:00,23.97,5.17,,16.13,
2020-12-02 09:00:00,15.62,5.09,,23.46,
2020-12-02 10:00:00,6,5.31,,40.39,
2020-12-02 11:00:00,6,5.35,,52.74,
2020-12-02 12:00:00,6,5.25,,66.93,
2020-12-02 13:00:00,6,5.23,,71.76,
2020-12-02 14:00:00,6,5.4,,65.33,
2020-12-02 15:00:00,6,5.25,,58.7,
2020-12-02 16:00:00,21.3,4.99,,55.47,
2020-12-02 17:00:00,13.37,5.26,,48.59,
2020-12-02 18:00:00,20.56,5.25,,39.04,
2020-12-02 19:00:00,6,5.2,,28.01,
2020-12-02 20:00:00,6,5.13,,22.84,
2020-12-02 21:00:00,6,5.03,,32.74,
2020-12-02 22:00:00,22.38,5.08,,36.06,
2020-12-02 23:00:00,36.43,5,,37.68,
2020-12-03 00:00:00,21.24,6.23,,43.25,
2020-12-03 01:00:00,6,5.08,6.29,49.11,
2020-12-03 02:00:00,6,5.01,0.47,50.13,
2020-12-03 03:00:00,6,5.09,1.35,39.86,
2020-12-03 04:00:00,6,5.02,14.6,19.25,
2020-12-03 05:00:00,6,4.99,14.31,11.47,
2020-12-03 06:00:00,6,5.05,15.8,28.8,
2020-12-03 07:00:00,6,5.15,21.89,31.44,
2020-12-03 08:00:00,6,10.88,26.96,25.77,
2020-12-03 09:00:00,6,21.8,25.03,29.09,
2020-12-03 10:00:00,6,13.61,17.35,41.91,
2020-12-03 11:00:00,6,10.74,16.9,46.4,
2020-12-03 12:00:00,6,10.05,13.67,52.11,
2020-12-03 13:00:00,6,8.36,8.92,53.52,
2020-12-03 14:00:00,6,7.19,7.91,49.58,
2020-12-03 15:00:00,6,6.73,2.42,50.28,
2020-12-03 16:00:00,6,6.17,1.81,47.82,
2020-12-03 17:00:00,6,6.02,5.08,42.24,
2020-12-03 18:00:00,6,5.88,9.91,38.26,
2020-12-03 19:00:00,6,5.57,12.64,36.38,
2020-12-03 20:00:00,6,5.39,22.04,31.59,
2020-12-03 21:00:00,6,5.34,27.29,24.32,
2020-12-03 22:00:00,6,5.43,27.02,17.01,
2020-12-03 23:00:00,25.52,5.25,20.91,18.46,
2020-12-04 00:00:00,14.11,5.18,27.03,6.3,
2020-12-04 02:00:00,6,4.9,,16.12,
2020-12-04 03:00:00,6,4.9,,14.92,
2020-12-04 04:00:00,6,5.02,24.93,4.16,
2020-12-04 05:00:00,14.77,5.03,,5.28,
2020-12-04 06:00:00,19.39,5.2,17.46,0.98,
2020-12-04 07:00:00,18.68,5.22,26.47,3.45,
2020-12-04 08:00:00,6,5.23,19.59,17.52,
2020-12-04 09:00:00,6,5.15,13.54,30.53,
2020-12-04 10:00:00,6,5.57,13.62,40.25,
2020-12-04 11:00:00,23.85,5.68,7.51,47.24,
2020-12-04 12:00:00,13.9,5.13,10.53,51.11,
2020-12-04 13:00:00,6,4.96,6.28,61.67,
2020-12-04 14:00:00,6,5.15,6.24,68.24,
2020-12-04 15:00:00,6,5.41,7.37,67.87,
2020-12-04 16:00:00,,7.38,12.22,56.53,
2020-12-04 17:00:00,15.76,6.48,5.32,,
2020-12-04 18:00:00,6,5.44,7.34,38.47,
2020-12-04 19:00:00,6,5.36,7.18,35.07,
2020-12-04 20:00:00,36.12,5.52,6.7,29.89,
2020-12-04 21:00:00,,5.57,9.18,25.25,
2020-12-04 22:00:00,,5.66,10.21,23.44,
2020-12-04 23:00:00,35.24,5.56,5.16,26.15,
2020-12-05 00:00:00,,5.39,3.55,30.53,
2020-12-04 01:00:00,6,4.87,20.38,4.33,
2020-12-05 01:00:00,16.49,5.3,1.69,30.55,
2020-12-05 02:00:00,6,5.31,1.07,29.76,
2020-12-05 03:00:00,6,5.63,0.47,29.28,
2020-12-05 04:00:00,6,5.55,0.47,28.04,
2020-12-05 05:00:00,,5.59,0.47,28.9,
2020-12-05 06:00:00,,5.6,0.47,28.68,
2020-12-05 07:00:00,6,4.88,1.53,27.02,
2020-12-05 08:00:00,15.09,5.58,2.64,26.53,
2020-12-05 09:00:00,6,5.55,4.55,26.56,
2020-12-05 10:00:00,,5.59,2.64,28.45,
2020-12-05 11:00:00,6,5.54,1.76,31.33,
2020-12-05 12:00:00,6,5.15,2.64,33.64,
2020-12-05 13:00:00,,5.28,2.81,32.51,
2020-12-05 14:00:00,,5.49,0.47,32.06,
2020-12-05 15:00:00,,5.25,1.89,33.23,
2020-12-05 16:00:00,12.38,5.52,1.92,29.98,
2020-12-05 17:00:00,,5.24,3.99,28.75,
2020-12-05 18:00:00,,5.62,6.93,25.13,
2020-12-05 19:00:00,,5.61,5.46,25.44,
2020-12-05 20:00:00,6,5.57,4.28,26.68,
2020-12-05 21:00:00,21.18,5.34,10.52,22.07,
2020-12-05 22:00:00,12.76,5.6,8.29,22.99,
2020-12-05 23:00:00,15.98,5.62,6.6,24.6,
2020-12-06 00:00:00,,5.52,6.22,24.88,
2020-12-06 01:00:00,,5.2,3.25,25.39,
2020-12-06 02:00:00,,5.57,2.92,23.76,
2020-12-06 03:00:00,,5.33,1.04,24.42,
2020-12-06 04:00:00,6,5.58,0.47,24.92,
2020-12-06 05:00:00,,5.58,0.47,25.1,
2020-12-06 06:00:00,,5.57,0.47,27.1,
2020-12-06 07:00:00,,5.59,0.47,24.89,
2020-12-06 08:00:00,22.42,5.56,0.47,22.24,
2020-12-06 09:00:00,6,5.91,0.96,21.15,
2020-12-06 10:00:00,6,5.57,0.47,22.63,
2020-12-06 11:00:00,6,5.57,1.8,25.48,
2020-12-06 12:00:00,6,5.57,2.35,28.71,
2020-12-06 13:00:00,16.26,5.54,2.67,28.91,
2020-12-06 14:00:00,29.26,5.55,2.45,25.65,
2020-12-06 15:00:00,26.39,5.57,1.35,24.71,
2020-12-06 16:00:00,15.8,5.55,0.95,22.78,
2020-12-06 17:00:00,12.23,5.5,0.47,21.83,
2020-12-06 18:00:00,6,5.5,1.35,21.65,
2020-12-06 19:00:00,6,5.57,3.46,18.29,
2020-12-06 20:00:00,6,5.55,3.75,18.42,
2020-12-06 21:00:00,,5.55,2.97,16.92,
2020-12-06 22:00:00,6,5.56,4.11,17.34,
2020-12-06 23:00:00,6,5.56,1.36,18.3,
2020-12-07 00:00:00,6,5.53,1.13,18,
2020-12-07 01:00:00,6,5.49,0.47,17.85,
2020-12-07 02:00:00,6,5.52,0.47,18.44,
2020-12-07 03:00:00,6,5.46,0.47,18.18,
2020-12-07 04:00:00,6,5.49,0.47,16.29,
2020-12-07 05:00:00,6,5.48,1.33,12.51,
2020-12-07 06:00:00,6,5.57,6.41,10.85,
2020-12-07 07:00:00,6,5.51,14.24,7.43,
2020-12-07 08:00:00,6,5.63,14.72,9.45,
2020-12-07 09:00:00,6,5.66,11.95,17.21,
2020-12-07 10:00:00,6,6.37,5.2,22.87,
2020-12-07 11:00:00,6,6.03,5.68,25.46,
2020-12-07 12:00:00,6,6.21,8.11,25.81,
2020-12-07 13:00:00,6,6.03,7.88,25.38,
2020-12-07 14:00:00,6,6.05,8.27,31.4,
2020-12-07 15:00:00,6,6,8.31,37.15,
2020-12-07 16:00:00,6,6.07,10.37,45.17,
2020-12-07 17:00:00,6,6.01,5.09,46.37,
2020-12-07 18:00:00,6,6.17,15.87,43.43,
2020-12-07 19:00:00,6,5.96,20.61,35,
2020-12-07 20:00:00,6,6.13,46.15,15.34,
2020-12-07 21:00:00,6,6.16,43.93,12.48,
2020-12-07 22:00:00,6,6.13,48.59,1.97,
2020-12-07 23:00:00,6,6.1,46.46,0.98,
2020-12-08 00:00:00,16.91,5.7,10.27,11.72,
2020-12-08 01:00:00,6,5.87,21.65,5.65,
2020-12-08 02:00:00,6,5.71,17.93,4.03,
2020-12-08 03:00:00,6,5.6,,8.14,
2020-12-08 04:00:00,6,5.65,,14.08,
2020-12-08 05:00:00,16.65,5.71,,9.62,
2020-12-08 06:00:00,6,5.99,19.06,5.33,
2020-12-08 07:00:00,6,6.11,18.84,7.09,
2020-12-08 08:00:00,6,6.51,22.58,9.87,
2020-12-08 09:00:00,6,37.81,30.99,15.81,
2020-12-08 10:00:00,6,59.96,19.52,28.96,
2020-12-08 11:00:00,6,50.83,16.65,36.19,
2020-12-08 12:00:00,6,26.16,8.42,46.48,
2020-12-08 13:00:00,6,13.81,7.3,59.13,
2020-12-08 14:00:00,6,11.75,13.1,57.37,
2020-12-08 15:00:00,6,10.58,7.43,53.72,
2020-12-08 16:00:00,6,8.54,6.61,47.31,
2020-12-08 17:00:00,6,7.73,7.8,50.14,
2020-12-08 18:00:00,6,6.47,9.92,43.63,
2020-12-08 19:00:00,6,6.69,9.17,35.23,
2020-12-08 20:00:00,6,6.36,12.8,31.2,
2020-12-08 21:00:00,28.62,6.2,,27.11,
2020-12-08 22:00:00,15.51,6.07,,22.89,
2020-12-08 23:00:00,12.98,6.02,,18.18,
2020-12-09 00:00:00,18.86,5.83,19.02,9.93,
2020-12-09 01:00:00,22.15,5.57,,12.78,
2020-12-09 02:00:00,13.51,5.56,,13.32,
2020-12-09 03:00:00,13.01,5.86,,13.98,
2020-12-09 04:00:00,6,5.92,,11.15,
2020-12-09 05:00:00,15.99,5.9,,9.64,
2020-12-09 06:00:00,6,5.87,15.5,8.6,
2020-12-09 07:00:00,6,6.07,16.75,6.67,
2020-12-09 08:00:00,6,6.31,29.53,2.74,
2020-12-09 09:00:00,20,6.8,19.5,13.24,
2020-12-09 10:00:00,,12.55,18.46,21.7,
2020-12-09 11:00:00,,,9.17,31.3,
2020-12-09 12:00:00,,35.12,5.73,24.13,
2020-12-09 13:00:00,,8.52,5.02,22,
2020-12-09 14:00:00,,8.33,3.85,26.56,
2020-12-09 15:00:00,,8.08,1.77,22.33,
2020-12-09 16:00:00,6,7.51,1,17.33,
2020-12-09 17:00:00,6,7.49,0.47,17.43,
2020-12-09 18:00:00,6,7.63,3.28,18.76,
2020-12-09 19:00:00,6,7.31,6.34,19.86,
2020-12-09 20:00:00,6,7.02,8.9,15.13,
2020-12-09 21:00:00,6,6.49,11.55,14.38,
2020-12-09 22:00:00,6,6.55,11.44,15.96,
2020-12-09 23:00:00,6,6.54,,14.96,
2020-12-10 00:00:00,6,6.31,6.04,16.4,
2020-12-12 02:00:00,37.17,6.17,23.56,7.04,
2020-12-12 04:00:00,25.93,6.45,17.97,0.98,
2020-12-12 05:00:00,25.03,6.32,19.27,0.98,
2020-12-12 06:00:00,13.65,6.19,21.88,0.98,
2020-12-12 07:00:00,6,6.33,26.01,3.06,
2020-12-12 08:00:00,19.2,5.89,12.5,8.18,
2020-12-12 09:00:00,26.15,6,3.1,17.49,
2020-12-12 10:00:00,15.12,6.33,5.5,24.2,
2020-12-12 11:00:00,12,6.45,7.6,24.78,
2020-12-12 12:00:00,6,6.33,15.5,21.97,
2020-12-12 13:00:00,6,6.12,8,25.89,
2020-12-12 14:00:00,6,6.24,8.79,27.8,
2020-12-12 15:00:00,6,6.46,8.14,29.41,
2020-12-12 16:00:00,6,6.65,6.91,26.66,
2020-12-12 17:00:00,6,6.39,3.45,29.08,
2020-12-10 01:00:00,6,6.13,,8.35,
2020-12-10 02:00:00,6,6.48,8.79,6.92,
2020-12-10 03:00:00,6,6.42,10.34,3.19,
2020-12-10 04:00:00,6,6.37,9.13,0.98,
2020-12-10 05:00:00,6,6.39,6.73,2.7,
2020-12-10 06:00:00,6,6.42,9.95,0.98,
2020-12-10 07:00:00,6,6.49,7.75,2.54,
2020-12-10 08:00:00,16.9,6.51,8.75,6.31,
2020-12-10 09:00:00,6,7.5,12.85,12.41,
2020-12-10 10:00:00,,6.98,9.56,,
2020-12-10 11:00:00,,15.88,9.95,,
2020-12-10 12:00:00,6,7.75,8.55,,
2020-12-10 13:00:00,6,7.48,9.51,,
2020-12-10 14:00:00,6,6.43,5.65,27.52,
2020-12-10 15:00:00,6,6.18,6.52,25.1,
2020-12-10 16:00:00,6,6.03,4.65,21.1,
2020-12-10 17:00:00,6,6.02,2.61,16.09,
2020-12-10 18:00:00,6,6.04,4.81,13.56,
2020-12-10 19:00:00,6,5.98,6.48,12.42,
2020-12-10 20:00:00,26.97,6.06,11.19,10.01,
2020-12-10 21:00:00,17.66,6.06,12.12,8.1,
2020-12-10 22:00:00,27.42,6.05,11.58,6.43,
2020-12-10 23:00:00,19.63,6.04,11.19,5.33,
2020-12-11 00:00:00,16.02,5.92,12.12,4.57,
2020-12-11 01:00:00,15.05,5.87,12.6,3.27,
2020-12-11 02:00:00,6,6.05,11.28,3.08,
2020-12-11 03:00:00,6,6.05,,2.94,
2020-12-11 04:00:00,12.35,6.06,,2.42,
2020-12-11 05:00:00,6,6.09,8.81,0.98,
2020-12-11 06:00:00,6,6.05,9.31,0.98,
2020-12-11 07:00:00,6,6.35,13.92,0.98,
2020-12-11 08:00:00,13.86,6.31,20.15,4.16,
2020-12-11 09:00:00,6,7.91,34.2,10.94,
2020-12-11 10:00:00,6,8.4,13.96,19.39,
2020-12-11 11:00:00,6,10.39,13.27,21.86,
2020-12-11 12:00:00,6,16.04,15.24,24.27,
2020-12-11 13:00:00,6,17.61,11.82,26.32,
2020-12-11 14:00:00,6,24.46,12.57,25.76,
2020-12-11 15:00:00,6,17.86,14.39,26.19,
2020-12-11 16:00:00,6,10.76,9.32,28.09,
2020-12-11 17:00:00,6,9.04,9.31,28.59,
2020-12-11 18:00:00,6,7.67,11.78,30.01,
2020-12-11 19:00:00,6,7.79,28.14,26.49,
2020-12-11 20:00:00,18.55,6.82,38.27,19.3,
2020-12-11 21:00:00,39.98,6.83,29.15,19.2,
2020-12-11 22:00:00,31.33,6.89,18.4,23.17,
2020-12-11 23:00:00,38.23,6.77,25.33,19.32,
2020-12-12 00:00:00,41.98,6.4,39.85,14.2,
2020-12-12 18:00:00,6,6.46,9.54,28.73,
2020-12-12 19:00:00,6,6.37,19.47,24.76,
2020-12-12 20:00:00,6,6.62,48.62,15.23,
2020-12-12 21:00:00,6,6.78,61.83,6.73,
2020-12-12 22:00:00,6,6.72,53.25,6.75,
2020-12-12 23:00:00,6,6.64,36.65,6.02,
2020-12-13 00:00:00,6,6.5,34.71,5.66,
2020-12-12 03:00:00,26.62,6.02,18.3,3.53,
2020-12-12 01:00:00,39.81,5.76,,10.42,
2020-12-13 01:00:00,28.47,6.44,31.17,3.65,
2020-12-13 02:00:00,38.01,6.37,24.32,3.88,
2020-12-13 03:00:00,27.49,6.15,16.18,4.82,
2020-12-13 04:00:00,19.44,6.1,12.81,4.57,
2020-12-13 05:00:00,15.66,6.21,14.03,0.98,
2020-12-13 06:00:00,21.38,6.03,17.27,0.98,
2020-12-13 07:00:00,12.46,6.33,24.85,0.98,
2020-12-13 08:00:00,17.95,6.26,28.85,8.84,
2020-12-13 09:00:00,6,7.8,16.57,13.34,
2020-12-13 10:00:00,6,11.61,15.3,21.35,
2020-12-13 11:00:00,6,12.69,11.86,24.75,
2020-12-13 12:00:00,6,13.44,10.99,22.23,
2020-12-13 13:00:00,6,14.15,8,24.16,
2020-12-13 14:00:00,6,10.82,5.55,26.94,
2020-12-13 15:00:00,13.64,7.89,7.21,20.37,
2020-12-13 16:00:00,34.51,6.73,7.55,17.73,
2020-12-13 17:00:00,21.9,6.85,15.51,14.49,
2020-12-13 18:00:00,26.32,6.82,17.72,13.13,
2020-12-13 19:00:00,25.46,6.78,15.55,12.6,
2020-12-13 20:00:00,17.06,6.69,16.36,11.28,
2020-12-13 21:00:00,17.78,6.47,16.35,10.49,
2020-12-13 22:00:00,12.79,6.4,14.1,12.51,
2020-12-13 23:00:00,6,6.21,18.36,9.28,
2020-12-14 00:00:00,6,6.21,16.96,10.86,
2020-12-14 01:00:00,6,6.18,,9.13,
2020-12-14 02:00:00,6,6.31,,9.38,
2020-12-14 03:00:00,6,6.25,,16.42,
2020-12-14 04:00:00,6,6.19,,15.58,
2020-12-14 05:00:00,6,6.3,,13.58,
2020-12-14 06:00:00,6,6.39,,13.4,
2020-12-14 07:00:00,6,7.23,,9.14,
2020-12-14 08:00:00,6,6.86,,6.02,
2020-12-14 09:00:00,6,7.16,,4.88,
2020-12-14 10:00:00,6,6.3,,6.12,
2020-12-14 11:00:00,6,10.1,,8.79,
2020-12-14 12:00:00,6,12.55,,13.55,
2020-12-14 13:00:00,6,10.63,,16.8,
2020-12-14 14:00:00,6,9.35,,15.01,
2020-12-14 15:00:00,6,8.59,,10.64,
2020-12-14 16:00:00,6,7.73,,11.26,
2020-12-14 17:00:00,6,7.25,,13.72,
2020-12-14 18:00:00,6,7.06,,14.42,
2020-12-14 19:00:00,6,6.93,,12.07,
2020-12-14 20:00:00,6,6.47,,10.17,
2020-12-14 21:00:00,6,6.27,,9.68,
2020-12-14 22:00:00,6,6.24,,9.71,
2020-12-14 23:00:00,6,6.25,,9.53,
2020-12-15 00:00:00,6,6.29,,9.62,
2020-12-15 01:00:00,6,6.17,,7.16,
2020-12-15 02:00:00,6,6.08,,4.92,
2020-12-15 03:00:00,6,6.01,,2.35,
2020-12-15 04:00:00,6,5.71,,0.98,
2020-12-15 05:00:00,6,6.12,,0.98,
2020-12-15 06:00:00,6,6.11,,0.98,
2020-12-15 07:00:00,6,6.04,,0.98,
2020-12-15 08:00:00,14.91,7.12,,4.17,
2020-12-15 09:00:00,6,30.43,,21.37,
2020-12-15 10:00:00,,,,10.54,
2020-12-15 11:00:00,,20.84,,18.19,
2020-12-15 12:00:00,,13.83,,,
2020-12-15 13:00:00,,8.95,,30.37,
2020-12-15 14:00:00,,7.6,,27.15,
2020-12-15 15:00:00,,5.32,,23.64,
2020-12-15 16:00:00,,4.26,,22.06,
2020-12-15 17:00:00,6,4.48,,25.85,
2020-12-15 18:00:00,6,4.36,,21.71,
2020-12-15 19:00:00,6,4.06,,21.17,
2020-12-15 20:00:00,6,4.14,,16.4,
2020-12-15 21:00:00,6,4.13,,13.27,
2020-12-15 22:00:00,14.64,4.14,,12.39,
2020-12-15 23:00:00,22.92,3.27,,10.91,
2020-12-16 00:00:00,26.26,4.08,,10.67,
2020-12-16 01:00:00,13.84,3.68,,12.51,
2020-12-16 02:00:00,6,3.32,,10.68,
2020-12-16 03:00:00,15.2,3.59,,8.38,
2020-12-16 04:00:00,6,3.51,,6.66,
2020-12-16 05:00:00,6,3.45,,5.29,
2020-12-16 06:00:00,6,2.9,,4.31,
2020-12-16 07:00:00,6,3.66,,3.22,
2020-12-16 08:00:00,6,4,,5.62,
2020-12-16 09:00:00,6,9.57,,11.13,
2020-12-16 10:00:00,6,7.58,,16.15,
2020-12-16 11:00:00,6,6.56,,22.66,
2020-12-16 12:00:00,6,4.56,,29.85,
2020-12-16 13:00:00,6,4.53,,29.08,
2020-12-16 14:00:00,6,3.69,,23.62,
2020-12-16 15:00:00,13.68,3.69,,18.91,
2020-12-16 16:00:00,13.1,1.62,,18.45,
2020-12-16 17:00:00,14.48,3.84,,16.27,
2020-12-16 18:00:00,6,3.47,,14.25,
2020-12-16 19:00:00,6,3.35,,13.72,
2020-12-16 20:00:00,15.81,3.74,,15.28,
2020-12-16 21:00:00,6,3.68,,15.97,
2020-12-16 22:00:00,6,3.38,,15.39,
2020-12-16 23:00:00,22,2.2,,14.84,
2020-12-17 00:00:00,6,3.02,,12.85,
2020-12-17 01:00:00,6,3.56,2.2,12.02,
2020-12-17 02:00:00,6,2.91,1.76,12.26,
2020-12-17 03:00:00,6,2.88,1.75,10.09,
2020-12-17 04:00:00,6,3.33,1.55,10.58,
2020-12-17 05:00:00,6,2.46,1.96,7.92,
2020-12-17 06:00:00,6,1.7,2.71,7.94,
2020-12-17 07:00:00,6,2.65,3.24,9.88,
2020-12-17 08:00:00,6,2.72,,8.26,
2020-12-17 09:00:00,6,2.44,,10.13,
2020-12-17 10:00:00,6,2.5,4.21,12.96,
2020-12-17 11:00:00,6,4.24,2.76,18.7,
2020-12-17 12:00:00,6,3.92,6.07,18.97,
2020-12-17 13:00:00,6,3.59,0.47,18.58,
2020-12-17 14:00:00,6,3.73,1.55,19.57,
2020-12-17 15:00:00,6,4.98,4.23,21.36,
2020-12-17 16:00:00,6,4.56,1.37,22.24,
2020-12-17 17:00:00,6,3.53,1.24,21.41,
2020-12-17 18:00:00,6,3.98,1.41,21.2,
2020-12-17 19:00:00,6,3.25,2.81,19.2,
2020-12-17 20:00:00,6,3.33,,16.65,
2020-12-17 21:00:00,6,3.72,2.71,15.17,
2020-12-17 22:00:00,6,3.08,,13.28,
2020-12-17 23:00:00,6,2.87,2.34,13.57,
2020-12-18 00:00:00,6,3.03,2.52,12.18,
2020-12-18 02:00:00,6,3.98,1.4,11.88,
2020-12-18 03:00:00,6,4.25,1.55,9.65,
2020-12-18 05:00:00,6,3.93,2.47,6.01,
2020-12-18 06:00:00,6,3.63,4.46,3.68,
2020-12-18 07:00:00,13.29,4.04,5.82,3.38,
2020-12-18 08:00:00,6,4.02,8.24,9.23,
2020-12-18 09:00:00,6,3.81,6.02,12.6,
2020-12-18 10:00:00,6,3.9,2.91,14.38,
2020-12-18 11:00:00,6,3.87,3.51,15.38,
2020-12-18 12:00:00,6,2.15,3.1,16.64,
2020-12-18 13:00:00,6,4.89,2.32,19.49,
2020-12-18 14:00:00,6,5.26,2.37,20.58,
2020-12-18 15:00:00,6,5.35,1.57,25.53,
2020-12-18 16:00:00,6,4.42,1.88,24.58,
2020-12-18 17:00:00,6,3.59,1.92,18.26,
2020-12-18 18:00:00,6,3.57,1.83,14.66,
2020-12-18 19:00:00,6,3.75,1.99,11.73,
2020-12-18 20:00:00,6,4.25,2.19,8.98,
2020-12-18 21:00:00,22.19,4.27,2.53,7.56,
2020-12-18 22:00:00,25.39,3.47,2.42,7.14,
2020-12-18 23:00:00,14.5,4.03,2.39,6.47,
2020-12-19 00:00:00,20.7,4.22,2.38,5.86,
2020-12-18 04:00:00,12.76,3.78,2.81,5.1,
2020-12-18 01:00:00,6,3.87,2.28,12.23,
2020-12-19 01:00:00,6,4.16,2.45,5.41,
2020-12-19 02:00:00,6,4.32,2.26,4.88,
2020-12-19 03:00:00,6,4.3,1.96,5.33,
2020-12-19 04:00:00,6,4.07,2.06,4.88,
2020-12-19 05:00:00,6,4.11,2.1,4.73,
2020-12-19 06:00:00,6,4.21,2.86,2.71,
2020-12-19 07:00:00,6,4.27,3.2,3.82,
2020-12-19 08:00:00,6,4.37,3.33,7.32,
2020-12-19 09:00:00,6,4.43,4.38,9.68,
2020-12-19 10:00:00,6,4.32,,16.77,
2020-12-19 11:00:00,18.41,4.5,5.71,16.73,
2020-12-19 12:00:00,6,4.76,5.27,14.56,
2020-12-19 13:00:00,6,5,7.16,14.17,
2020-12-19 14:00:00,14.91,5.53,,13.41,
2020-12-19 15:00:00,6,20.06,,11.77,
2020-12-19 16:00:00,16.73,29.65,8.82,13.39,
2020-12-19 17:00:00,6,14.42,7.58,13.91,
2020-12-19 18:00:00,6,10.81,6.99,14.44,
2020-12-19 19:00:00,6,9.51,10.41,11.07,
2020-12-19 20:00:00,6,10.03,,9.29,
2020-12-19 21:00:00,6,8.08,6.77,8.6,
2020-12-19 22:00:00,6,6.41,8.51,3.6,
2020-12-19 23:00:00,6,5.59,9.29,2.58,
2020-12-20 00:00:00,23.29,5.11,8.81,3.47,
2020-12-20 01:00:00,14.12,4.72,8.05,5.25,
2020-12-20 02:00:00,6,5.8,6.62,6.69,
2020-12-20 03:00:00,6,7.93,,7.22,
2020-12-20 04:00:00,15.4,8.34,5.57,6.21,
2020-12-20 05:00:00,6,7.41,1.57,9.07,
2020-12-20 06:00:00,6,5.87,1.98,7.43,
2020-12-20 07:00:00,6,5.72,3.66,8.17,
2020-12-20 08:00:00,6,5.5,1.73,13.56,
2020-12-20 09:00:00,13.35,5.41,0.97,16.63,
2020-12-20 10:00:00,6,6.02,1.47,18.41,
2020-12-20 11:00:00,6,6.35,1.75,19.54,
2020-12-20 12:00:00,6,7.17,2.2,20.88,
2020-12-20 13:00:00,6,6.62,1.77,21.05,
2020-12-20 14:00:00,6,7.13,1.91,20.25,
2020-12-20 15:00:00,6,6.49,0.47,20.36,
2020-12-20 16:00:00,6,6.36,0.47,19.43,
2020-12-20 17:00:00,6,4.88,0.47,16.52,
2020-12-20 18:00:00,6,4.33,0.47,15.59,
2020-12-20 19:00:00,6,4.43,1.39,14.63,
2020-12-20 20:00:00,6,4.49,3.29,12.36,
2020-12-20 21:00:00,6,5.14,6.12,9.51,
2020-12-20 22:00:00,6,4.73,5.97,9.13,
2020-12-20 23:00:00,6,4.7,4.69,9.02,
2020-12-21 00:00:00,6,4.73,3.76,8.37,
2020-12-21 02:00:00,6,4.49,2.3,8.17,
2020-12-21 03:00:00,6,4.65,3.14,5.8,
2020-12-21 04:00:00,6,4.72,3.91,3.58,
2020-12-21 05:00:00,6,4.34,3.2,4.26,
2020-12-21 06:00:00,6,4.41,3.1,3.59,
2020-12-21 07:00:00,6,4.41,5.83,2.72,
2020-12-21 08:00:00,6,4.02,5.6,6.19,
2020-12-21 09:00:00,6,3.89,2.37,10.64,
2020-12-21 10:00:00,6,4.15,2.31,11.7,
2020-12-21 11:00:00,6,3.91,1.69,14.14,
2020-12-21 12:00:00,6,4.14,1.02,15.13,
2020-12-21 13:00:00,6,3.82,1.77,17.66,
2020-12-21 14:00:00,6,5.41,2.48,18.71,
2020-12-21 15:00:00,6,5.09,1.93,19.66,
2020-12-21 16:00:00,6,3.95,0.96,18.97,
2020-12-21 17:00:00,6,3.18,1.29,18.49,
2020-12-21 18:00:00,6,3.72,2.88,18.07,
2020-12-21 19:00:00,6,4.1,3.33,15.24,
2020-12-21 20:00:00,6,4.27,3.32,13.52,
2020-12-21 21:00:00,15.54,4.16,,11.62,
2020-12-21 22:00:00,23.57,4.22,2.97,10.94,
2020-12-21 23:00:00,15.55,3.73,2.45,9.34,
2020-12-22 00:00:00,19.47,3.84,2.72,8.17,
2020-12-21 01:00:00,18.55,4.71,3.21,7.24,
2020-12-22 01:00:00,6,3.78,1.91,8.33,
2020-12-22 02:00:00,16.22,3.66,1.98,6.16,
2020-12-22 03:00:00,6,3.91,1.58,5.38,
2020-12-22 04:00:00,6,3.23,2.02,2.99,
2020-12-22 05:00:00,6,4.05,1.99,0.98,
2020-12-22 06:00:00,12.62,4.34,2.11,0.98,
2020-12-22 07:00:00,12.65,4.52,3.47,0.98,
2020-12-22 08:00:00,6,4.93,8.99,4.4,
2020-12-22 09:00:00,12.24,5.24,7.9,11.12,
2020-12-22 10:00:00,13.11,4.69,,15.38,
2020-12-22 11:00:00,6,3.49,,19.34,
2020-12-22 12:00:00,6,0.65,6.82,22.99,
2020-12-22 13:00:00,13.39,4.38,7.98,22.88,
2020-12-22 14:00:00,14.37,4.29,10.51,22.39,
2020-12-22 15:00:00,12.33,3.38,5.42,17.72,
2020-12-22 16:00:00,13.52,2.94,3.63,16.82,
2020-12-22 17:00:00,20.03,3.96,6.65,15.95,
2020-12-22 18:00:00,15.6,4.33,3.79,15.73,
2020-12-22 19:00:00,14.81,3.84,4.81,14.22,
2020-12-22 20:00:00,13.46,3.52,5.91,13.65,
2020-12-22 21:00:00,20.53,4.45,11.19,11.84,
2020-12-22 22:00:00,17.73,3.67,8.24,11.76,
2020-12-22 23:00:00,19.15,3.61,5.68,11.95,
2020-12-23 00:00:00,18.06,3.73,4.88,10.97,
2020-12-23 01:00:00,12.04,4.24,5.15,9.81,
2020-12-23 02:00:00,6,4.26,8.05,6.92,
2020-12-23 03:00:00,13.2,4.32,7.68,6.15,
2020-12-23 04:00:00,13.8,4.24,10.22,2.37,
2020-12-23 05:00:00,6,3.67,9.84,2.25,
2020-12-23 06:00:00,6,2.71,10.06,0.98,
2020-12-23 07:00:00,13.6,4.31,11.51,0.98,
2020-12-23 08:00:00,20.96,1.58,19.27,5.41,
2020-12-23 09:00:00,12.38,3.94,15.1,11.41,
2020-12-23 10:00:00,6,4.57,9.96,15.53,
2020-12-23 11:00:00,6,4.18,8.63,19.2,
2020-12-23 12:00:00,6,4.3,4.91,20.96,
2020-12-23 13:00:00,6,4.67,7.69,21.21,
2020-12-23 14:00:00,6,5.11,4.38,20.7,
2020-12-23 15:00:00,12.11,6.9,2.54,20.11,
2020-12-23 16:00:00,6,5.78,1.9,16.36,
2020-12-23 17:00:00,6,5.14,3.53,16.55,
2020-12-23 18:00:00,14.83,5.47,3.44,16.8,
2020-12-23 19:00:00,21.31,5.19,3.5,13.53,
2020-12-23 20:00:00,20.31,4.93,5.23,10.16,
2020-12-23 21:00:00,20.66,5.05,5.38,8.8,
2020-12-23 22:00:00,13.8,5.1,9.01,7.13,
2020-12-23 23:00:00,30.75,4.98,10.02,5.6,
2020-12-24 00:00:00,19.94,4.75,10.12,5.04,
2020-12-24 01:00:00,21.38,4.56,12.51,3.03,
2020-12-24 02:00:00,22.8,4.43,9.42,4.54,
2020-12-24 03:00:00,21.74,4.4,8.33,2.86,
2020-12-24 04:00:00,17.92,4.25,7.91,0.98,
2020-12-24 05:00:00,6,4.2,6.51,2.36,
2020-12-24 06:00:00,17.14,4.16,7.93,2.1,
2020-12-24 07:00:00,6,4.38,9.84,2.23,
2020-12-24 08:00:00,6,4.37,9.88,6.82,
2020-12-24 09:00:00,20.49,4.34,5.52,9.8,
2020-12-24 10:00:00,6,4.6,7.11,13.12,
2020-12-24 11:00:00,6,4.93,8.05,16.24,
2020-12-24 12:00:00,6,4.82,5.7,17,
2020-12-24 13:00:00,6,4.86,6.75,19.2,
2020-12-24 14:00:00,6,5.31,3.84,20.07,
2020-12-24 15:00:00,6,5.38,3.33,19.34,
2020-12-24 16:00:00,6,5.95,2.07,18.55,
2020-12-24 17:00:00,6,5.6,1.92,16.99,
2020-12-24 18:00:00,19.81,5.38,2.83,15.56,
2020-12-24 19:00:00,15.4,5.13,3.05,13.52,
2020-12-24 20:00:00,15.98,4.5,5.29,10.85,
2020-12-24 21:00:00,15.47,4.49,7.81,8.9,
2020-12-24 22:00:00,29.48,4.58,10.86,7.93,
2020-12-24 23:00:00,27.83,4.71,9.5,7.43,
2020-12-25 00:00:00,37.52,4.45,6.24,7.11,
2020-12-25 01:00:00,29.7,4.47,6.67,6.22,
2020-12-25 03:00:00,22.38,4.48,11.21,3.39,
2020-12-25 04:00:00,14.94,4.37,7.24,3.67,
2020-12-25 05:00:00,6,4.32,4.5,3.66,
2020-12-25 06:00:00,17.73,4.37,3.87,3.9,
2020-12-25 07:00:00,6,4.3,3.21,4.97,
2020-12-25 08:00:00,14.42,4.33,2.38,7.4,
2020-12-25 09:00:00,6,4.45,0.47,9.52,
2020-12-25 10:00:00,6,4.82,0.47,11.17,
2020-12-25 11:00:00,6,4.67,1.14,12.35,
2020-12-25 12:00:00,6,4.67,2.19,12.79,
2020-12-25 13:00:00,6,4.66,1.41,13.2,
2020-12-25 14:00:00,6,4.37,0.47,14.74,
2020-12-25 15:00:00,6,4.57,0.47,14.39,
2020-12-25 16:00:00,6,4.85,0.47,13.02,
2020-12-25 17:00:00,6,4.7,0.47,12.18,
2020-12-25 18:00:00,6,4.35,0.47,12.02,
2020-12-25 19:00:00,13.4,4.3,0.47,10.45,
2020-12-25 20:00:00,6,4.28,1.46,8.94,
2020-12-25 21:00:00,14.24,4.34,2.8,7.78,
2020-12-25 22:00:00,20.68,4.26,2.85,7.39,
2020-12-25 23:00:00,18.98,4.32,2.86,7.23,
2020-12-26 00:00:00,12.75,4.31,2.81,6.83,
2020-12-25 02:00:00,30.35,4.78,9.41,4.6,
2020-12-26 01:00:00,6,4.32,1.73,6.7,
2020-12-26 02:00:00,12.06,4.39,2.28,6.39,
2020-12-26 03:00:00,6,4.35,2.71,5.25,
2020-12-26 04:00:00,12.42,4.37,3.41,4.25,
2020-12-26 05:00:00,14.09,4.35,2.53,4.37,
2020-12-26 06:00:00,14.99,4.41,3.84,4.18,
2020-12-26 07:00:00,6,4.49,6.99,3.1,
2020-12-26 08:00:00,6,4.57,7.07,5.29,
2020-12-26 09:00:00,6,4.49,3.75,9.14,
2020-12-26 10:00:00,6,4.92,2.16,11.64,
2020-12-26 11:00:00,6,4.92,2.55,12.78,
2020-12-26 12:00:00,6,5.07,2.89,14.29,
2020-12-26 13:00:00,6,4.88,2.91,14.77,
2020-12-26 14:00:00,6,5.04,1.07,13.26,
2020-12-26 15:00:00,6,4.85,0.47,12.3,
2020-12-26 16:00:00,6,4.77,0.47,11.38,
2020-12-26 17:00:00,6,4.9,0.47,10.8,
2020-12-26 18:00:00,14.97,4.32,0.47,9.96,
2020-12-26 19:00:00,6,4.36,0.47,8.75,
2020-12-26 20:00:00,6,4.33,1.59,7.58,
2020-12-26 21:00:00,6,4.35,2.45,6.19,
2020-12-26 22:00:00,22.42,4.35,3.88,5.46,
2020-12-26 23:00:00,12.29,4.36,3.97,5.07,
2020-12-27 00:00:00,12.11,4.39,3.73,4.61,
2020-12-27 01:00:00,16.36,4.46,6.12,4.24,
2020-12-27 02:00:00,6,4.42,5.41,4.18,
2020-12-27 03:00:00,12.21,4.39,2.75,4.17,
2020-12-27 04:00:00,6,4.38,3.24,2.72,
2020-12-27 05:00:00,6,4.47,2.63,2.69,
2020-12-27 06:00:00,6,4.43,1.63,2.96,
2020-12-27 07:00:00,6,4.38,2.26,2.84,
2020-12-27 08:00:00,6,4.4,3.24,3.93,
2020-12-27 09:00:00,6,5.17,3.45,6.81,
2020-12-27 10:00:00,6,5.58,1.42,9.53,
2020-12-27 11:00:00,6,5.65,1.31,11.55,
2020-12-27 12:00:00,6,5.51,3.41,13.37,
2020-12-27 13:00:00,6,5.94,2.9,13.42,
2020-12-27 14:00:00,6,5.77,0.47,13.29,
2020-12-27 15:00:00,6,5.53,0.47,13.94,
2020-12-27 16:00:00,6,5.67,3.76,12.59,
2020-12-27 17:00:00,6,5.74,6.15,10.64,
2020-12-27 18:00:00,17.2,4.89,3.62,9.91,
2020-12-27 19:00:00,27.07,4.7,5.19,9.7,
2020-12-27 20:00:00,14.46,4.74,3.92,9.9,
2020-12-27 21:00:00,6,4.72,4.36,10.11,
2020-12-27 22:00:00,6,4.5,3.08,10.02,
2020-12-27 23:00:00,6,4.54,1.45,10.18,
2020-12-28 00:00:00,6,4.51,0.47,8.82,
2020-12-28 01:00:00,6,4.45,0.47,8.81,
2020-12-28 03:00:00,6,4.32,0.47,7.47,
2020-12-28 04:00:00,6,4.35,1.02,6.28,
2020-12-28 06:00:00,6,4.32,2.97,3.6,
2020-12-28 07:00:00,6,4.36,4.19,5.87,
2020-12-28 08:00:00,6,4.39,6.67,7.34,
2020-12-28 09:00:00,6,4.8,5.07,10.04,
2020-12-28 10:00:00,6,4.76,3.69,13.11,
2020-12-28 11:00:00,6,4.57,1.98,14.46,
2020-12-28 12:00:00,6,4.67,3.16,15.29,
2020-12-28 13:00:00,6,4.33,2.73,16.64,
2020-12-28 14:00:00,6,4.37,1.3,15.43,
2020-12-28 15:00:00,6,4.44,0.47,13.74,
2020-12-28 16:00:00,6,4.31,0.47,12.87,
2020-12-28 17:00:00,6,4.6,1.71,12.7,
2020-12-28 18:00:00,6,4.4,1.87,11.1,
2020-12-28 19:00:00,6,4.51,2.77,9.98,
2020-12-28 20:00:00,6,4.48,2.56,9.56,
2020-12-28 21:00:00,6,4.42,3.51,8.32,
2020-12-28 22:00:00,6,4.4,4.84,7.72,
2020-12-28 23:00:00,12.53,4.37,4.11,7.5,
2020-12-29 00:00:00,6,4.26,4.67,7,
2020-12-28 05:00:00,6,4.33,2.41,4.8,
2020-12-28 02:00:00,6,4.35,0.47,8.25,
2020-12-29 01:00:00,6,4.43,4.34,5.62,
2020-12-29 02:00:00,6,4.41,3.48,4.85,
2020-12-29 04:00:00,6,4.2,5.14,0.98,
2020-12-29 05:00:00,6,4.24,5.8,0.98,
2020-12-29 06:00:00,6,4.36,5.47,0.98,
2020-12-29 08:00:00,6,4.72,12.44,3.65,
2020-12-29 09:00:00,6,9.82,18.57,7.22,
2020-12-29 10:00:00,6,8.25,10.57,12.24,
2020-12-29 11:00:00,6,20.08,11.47,15.03,
2020-12-29 12:00:00,6,16.28,10.09,18.9,
2020-12-29 13:00:00,6,10.32,5.78,22.63,
2020-12-29 14:00:00,6,8.37,6.6,31.66,
2020-12-29 15:00:00,6,7.61,4.62,36.54,
2020-12-29 16:00:00,6,6.76,4.42,31.21,
2020-12-29 17:00:00,6,4.67,2.57,19.57,
2020-12-29 18:00:00,6,5.16,2.9,16.25,
2020-12-29 19:00:00,19.22,5.06,3.11,15.3,
2020-12-29 20:00:00,12.09,4.74,4.01,14.04,
2020-12-29 21:00:00,23.68,4.7,6.62,10.5,
2020-12-29 22:00:00,24.66,4.62,10.31,7.95,
2020-12-29 23:00:00,20.43,4.63,10.36,6.58,
2020-12-30 00:00:00,29.8,4.5,11.2,4.72,
2020-12-29 07:00:00,6,4.42,7.82,0.98,
2020-12-29 03:00:00,6,4.42,6.29,2.84,
2020-12-30 01:00:00,15.96,4.55,11.56,2.78,
2020-12-30 02:00:00,15.48,4.56,11.64,0.98,
2020-12-30 03:00:00,6,4.53,10.42,0.98,
2020-12-30 04:00:00,6,4.56,8.02,0.98,
2020-12-30 05:00:00,6,4.5,7.19,0.98,
2020-12-30 06:00:00,6,4.47,7.08,0.98,
2020-12-30 07:00:00,14.42,4.5,16.14,2.22,
2020-12-30 08:00:00,14.24,4.54,29.4,4.42,
2020-12-30 09:00:00,16.43,4.55,18.2,11.85,
2020-12-30 10:00:00,6,5.15,13.46,17.48,
2020-12-30 11:00:00,6,3.93,12.93,20.45,
2020-12-30 12:00:00,6,4.38,9.06,23.09,
2020-12-30 13:00:00,13.98,9.89,4.27,25.16,
2020-12-30 14:00:00,6,7.1,5.23,26,
2020-12-30 15:00:00,6,6.03,10.53,19.15,
2020-12-30 16:00:00,6,5.49,8,23.19,
2020-12-30 17:00:00,6,5.38,7.96,20.96,
2020-12-30 18:00:00,6,4.79,8.07,22.01,
2020-12-30 19:00:00,6,4.66,16.75,17.99,
2020-12-30 20:00:00,6,6.31,34.72,10.82,
2020-12-30 21:00:00,6,9.18,30.3,9.72,
2020-12-30 22:00:00,6,13.7,25.69,8.46,
2020-12-30 23:00:00,15.63,11.15,25.04,11.93,
2020-12-31 00:00:00,13,8.66,3.22,18.8,
2020-12-31 01:00:00,6,6.4,1.86,15.55,
2020-12-31 02:00:00,15.26,5.56,1.79,14.03,
2020-12-31 04:00:00,6,4.64,6.06,8.03,
2020-12-31 05:00:00,6,4.59,5.43,6.6,
2020-12-31 07:00:00,6,4.53,12.34,6.06,
2020-12-31 08:00:00,6,4.52,7.45,7.42,
2020-12-31 09:00:00,6,4.46,10.76,8.19,
2020-12-31 10:00:00,16.45,4.86,7.34,12.43,
2020-12-31 11:00:00,6,4.67,3.47,16.86,
2020-12-31 12:00:00,6,4.69,3.9,18.47,
2020-12-31 13:00:00,6,4.57,11.34,18.87,
2020-12-31 14:00:00,6,4.55,4.16,20.31,
2020-12-31 15:00:00,6,4.7,3.09,20.62,
2020-12-31 16:00:00,6,4.67,4.01,21.42,
2020-12-31 17:00:00,6,4.54,4.91,22.61,
2020-12-31 18:00:00,6,4.68,6.4,21.29,
2020-12-31 19:00:00,6,4.67,3.36,19.08,
2020-12-31 20:00:00,6,4.65,4.45,16.89,
2020-12-31 21:00:00,12.62,4.57,5.65,12.57,
2020-12-31 22:00:00,27.94,4.87,13.66,10.03,
2020-12-31 23:00:00,21.61,4.7,8.12,9.18,
2020-12-31 06:00:00,6,4.55,8.72,6.18,
2020-12-31 03:00:00,12.09,5.05,2.6,12.28,
